event_id,episode_id,year,begin_time_local,end_time_local,timezone,duration_hours,state_fips,county_fips,area_type,area_code,area_name,injuries_direct,injuries_indirect,deaths_direct,deaths_indirect,damage_property_usd,damage_crops_usd,flood_cause,fatality_records,location_points,year_is_partial,core_fields_valid,quality_flags
5327390,1164680,2003,2003-12-24T10:41:00,2003-12-31T23:59:00,EST,181.3,18,,Z,029,TIPPECANOE,0,0,0,0,,,,0,,0,1,begin_coordinates_missing_or_invalid|damage_crops_missing|damage_property_missing|end_coordinates_missing_or_invalid|no_valid_location_points|requires_crosswalk_or_marine_review|timezone_not_normalized_to_utc
5327391,1164680,2003,2003-12-25T05:36:00,2003-12-31T23:59:00,EST,162.38333333333333,18,,Z,028,WARREN,0,0,0,0,,,,0,,0,1,begin_coordinates_missing_or_invalid|damage_crops_missing|damage_property_missing|end_coordinates_missing_or_invalid|no_valid_location_points|requires_crosswalk_or_marine_review|timezone_not_normalized_to_utc
5327392,1164680,2003,2003-12-25T05:36:00,2003-12-31T23:59:00,EST,162.38333333333333,18,,Z,035,FOUNTAIN,0,0,0,0,,,,0,,0,1,begin_coordinates_missing_or_invalid|damage_crops_missing|damage_property_missing|end_coordinates_missing_or_invalid|no_valid_location_points|requires_crosswalk_or_marine_review|timezone_not_normalized_to_utc
5327393,1164680,2003,2003-12-24T01:11:00,2003-12-31T23:59:00,EST,190.8,18,,Z,044,PARKE,0,0,0,0,,,,0,,0,1,begin_coordinates_missing_or_invalid|damage_crops_missing|damage_property_missing|end_coordinates_missing_or_invalid|no_valid_location_points|requires_crosswalk_or_marine_review|timezone_not_normalized_to_utc
5327394,1164680,2003,2003-12-24T01:11:00,2003-12-31T23:59:00,EST,190.8,18,,Z,043,VERMILLION,0,0,0,0,,,,0,,0,1,begin_coordinates_missing_or_invalid|damage_crops_missing|damage_property_missing|end_coordinates_missing_or_invalid|no_valid_location_points|requires_crosswalk_or_marine_review|timezone_not_normalized_to_utc
5327395,1164680,2003,2003-12-24T17:00:00,2003-12-31T23:59:00,EST,174.98333333333332,18,,Z,051,VIGO,0,0,0,0,,,,0,,0,1,begin_coordinates_missing_or_invalid|damage_crops_missing|damage_property_missing|end_coordinates_missing_or_invalid|no_valid_location_points|requires_crosswalk_or_marine_review|timezone_not_normalized_to_utc
5327441,1165227,2003,2003-12-06T16:00:00,2003-12-06T22:00:00,AST,6.0,99,,Z,006,CENTRAL INTERIOR,0,0,0,0,,,,0,,0,1,begin_coordinates_missing_or_invalid|damage_crops_missing|damage_property_missing|end_coordinates_missing_or_invalid|no_valid_location_points|requires_crosswalk_or_marine_review|timezone_not_normalized_to_utc
5327442,1165228,2003,2003-12-06T16:10:00,2003-12-06T22:00:00,AST,5.833333333333333,99,,Z,002,NORTHEAST,0,0,0,0,,,,0,,0,1,begin_coordinates_missing_or_invalid|damage_crops_missing|damage_property_missing|end_coordinates_missing_or_invalid|no_valid_location_points|requires_crosswalk_or_marine_review|timezone_not_normalized_to_utc
5327443,1165229,2003,2003-12-06T16:10:00,2003-12-06T19:00:00,AST,2.8333333333333335,99,,Z,003,SOUTHEAST,0,0,0,0,,,,0,,0,1,begin_coordinates_missing_or_invalid|damage_crops_missing|damage_property_missing|end_coordinates_missing_or_invalid|no_valid_location_points|requires_crosswalk_or_marine_review|timezone_not_normalized_to_utc
5327444,1165230,2003,2003-12-06T12:20:00,2003-12-06T12:20:00,AST,0.0,99,,Z,003,SOUTHEAST,0,0,0,0,10000,,,0,,0,1,begin_coordinates_missing_or_invalid|damage_crops_missing|end_coordinates_missing_or_invalid|no_valid_location_points|requires_crosswalk_or_marine_review|timezone_not_normalized_to_utc
5327445,1165231,2003,2003-12-06T12:45:00,2003-12-06T22:00:00,AST,9.25,99,,Z,006,CENTRAL INTERIOR,0,0,0,0,,,,0,,0,1,begin_coordinates_missing_or_invalid|damage_crops_missing|damage_property_missing|end_coordinates_missing_or_invalid|no_valid_location_points|requires_crosswalk_or_marine_review|timezone_not_normalized_to_utc
5327446,1165232,2003,2003-12-06T12:45:00,2003-12-06T12:45:00,AST,0.0,99,,Z,004,EASTERN INTERIOR,0,0,0,0,5000,,,0,,0,1,begin_coordinates_missing_or_invalid|damage_crops_missing|end_coordinates_missing_or_invalid|no_valid_location_points|requires_crosswalk_or_marine_review|timezone_not_normalized_to_utc
5327447,1165233,2003,2003-12-06T12:06:00,2003-12-06T16:00:00,AST,3.9,99,,Z,003,SOUTHEAST,0,0,0,0,,,,0,,0,1,begin_coordinates_missing_or_invalid|damage_crops_missing|damage_property_missing|end_coordinates_missing_or_invalid|no_valid_location_points|requires_crosswalk_or_marine_review|timezone_not_normalized_to_utc
5327448,1165234,2003,2003-12-06T08:30:00,2003-12-06T08:30:00,AST,0.0,99,,Z,002,NORTHEAST,0,0,0,0,,,,0,,0,1,begin_coordinates_missing_or_invalid|damage_crops_missing|damage_property_missing|end_coordinates_missing_or_invalid|no_valid_location_points|requires_crosswalk_or_marine_review|timezone_not_normalized_to_utc
5327449,1165235,2003,2003-12-06T16:20:00,2003-12-06T16:20:00,AST,0.0,99,,Z,003,SOUTHEAST,0,0,0,0,5000,,,0,,0,1,begin_coordinates_missing_or_invalid|damage_crops_missing|end_coordinates_missing_or_invalid|no_valid_location_points|requires_crosswalk_or_marine_review|timezone_not_normalized_to_utc
5327450,1165236,2003,2003-12-06T15:15:00,2003-12-06T23:00:00,AST,7.75,99,,Z,003,SOUTHEAST,0,0,0,0,,,,0,,0,1,begin_coordinates_missing_or_invalid|damage_crops_missing|damage_property_missing|end_coordinates_missing_or_invalid|no_valid_location_points|requires_crosswalk_or_marine_review|timezone_not_normalized_to_utc
5327547,1165637,2003,2003-12-24T09:25:00,2003-12-24T15:45:00,EST,6.333333333333333,42,,Z,071,PHILADELPHIA,0,0,0,0,,,,0,,0,1,begin_coordinates_missing_or_invalid|damage_crops_missing|damage_property_missing|end_coordinates_missing_or_invalid|no_valid_location_points|requires_crosswalk_or_marine_review|timezone_not_normalized_to_utc
5327548,1165638,2003,2003-12-24T10:14:00,2003-12-24T16:30:00,EST,6.266666666666667,34,,Z,018,CAMDEN,0,0,0,0,,,,0,,0,1,begin_coordinates_missing_or_invalid|damage_crops_missing|damage_property_missing|end_coordinates_missing_or_invalid|no_valid_location_points|requires_crosswalk_or_marine_review|timezone_not_normalized_to_utc
5327549,1165639,2003,2003-12-24T15:00:00,2003-12-24T15:45:00,EST,0.75,34,,Z,015,MERCER,0,0,0,0,,,,0,,0,1,begin_coordinates_missing_or_invalid|damage_crops_missing|damage_property_missing|end_coordinates_missing_or_invalid|no_valid_location_points|requires_crosswalk_or_marine_review|timezone_not_normalized_to_utc
5327550,1165640,2003,2003-12-24T11:32:00,2003-12-26T11:38:00,EST,48.1,34,,Z,010,SOMERSET,0,0,0,0,,,,0,,0,1,begin_coordinates_missing_or_invalid|damage_crops_missing|damage_property_missing|end_coordinates_missing_or_invalid|no_valid_location_points|requires_crosswalk_or_marine_review|timezone_not_normalized_to_utc
5327551,1165641,2003,2003-12-24T23:00:00,2003-12-28T06:15:00,EST,79.25,34,,Z,008,MORRIS,0,0,0,0,,,,0,,0,1,begin_coordinates_missing_or_invalid|damage_crops_missing|damage_property_missing|end_coordinates_missing_or_invalid|no_valid_location_points|requires_crosswalk_or_marine_review|timezone_not_normalized_to_utc
5327615,1164948,2003,2003-09-19T18:00:00,2003-09-30T12:00:00,CST,258.0,48,,Z,255,CAMERON,0,0,0,0,1400000.0,,,0,,0,1,begin_coordinates_missing_or_invalid|damage_crops_missing|end_coordinates_missing_or_invalid|no_valid_location_points|requires_crosswalk_or_marine_review|timezone_not_normalized_to_utc
5327616,1164948,2003,2003-09-19T18:00:00,2003-09-30T12:00:00,CST,258.0,48,,Z,253,HIDALGO,0,0,0,0,400000,,,0,,0,1,begin_coordinates_missing_or_invalid|damage_crops_missing|end_coordinates_missing_or_invalid|no_valid_location_points|requires_crosswalk_or_marine_review|timezone_not_normalized_to_utc
5327735,1164948,2003,2003-09-19T18:00:00,2003-09-30T12:00:00,CST,258.0,48,,Z,254,WILLACY,0,0,0,0,100000,,,0,,0,1,begin_coordinates_missing_or_invalid|damage_crops_missing|end_coordinates_missing_or_invalid|no_valid_location_points|requires_crosswalk_or_marine_review|timezone_not_normalized_to_utc
5327836,1164954,2003,2003-10-13T09:00:00,2003-10-27T12:00:00,CST,339.0,48,,Z,250,BROOKS,0,0,0,0,1200000.0,,,0,,0,1,begin_coordinates_missing_or_invalid|damage_crops_missing|end_coordinates_missing_or_invalid|no_valid_location_points|requires_crosswalk_or_marine_review|timezone_not_normalized_to_utc
5327837,1164954,2003,2003-10-13T09:00:00,2003-10-27T12:00:00,CST,339.0,48,,Z,255,CAMERON,0,0,0,0,4500000.0,,,0,,0,1,begin_coordinates_missing_or_invalid|damage_crops_missing|end_coordinates_missing_or_invalid|no_valid_location_points|requires_crosswalk_or_marine_review|timezone_not_normalized_to_utc
5327873,1171468,2003,2003-05-31T19:27:00,2004-05-31T23:59:00,EST,8788.533333333333,18,,Z,029,TIPPECANOE,0,0,0,0,,,,0,,0,1,begin_coordinates_missing_or_invalid|damage_crops_missing|damage_property_missing|end_coordinates_missing_or_invalid|no_valid_location_points|requires_crosswalk_or_marine_review|timezone_not_normalized_to_utc
5327927,1164954,2003,2003-10-13T09:00:00,2003-10-27T12:00:00,CST,339.0,48,,Z,253,HIDALGO,0,0,0,0,9000000,,,0,,0,1,begin_coordinates_missing_or_invalid|damage_crops_missing|end_coordinates_missing_or_invalid|no_valid_location_points|requires_crosswalk_or_marine_review|timezone_not_normalized_to_utc
5327928,1164954,2003,2003-10-13T09:00:00,2003-10-27T12:00:00,CST,339.0,48,,Z,252,STARR,0,0,0,0,7000000,,,0,,0,1,begin_coordinates_missing_or_invalid|damage_crops_missing|end_coordinates_missing_or_invalid|no_valid_location_points|requires_crosswalk_or_marine_review|timezone_not_normalized_to_utc
5328023,1164300,2003,2003-11-19T04:30:00,2003-11-19T10:00:00,EST,5.5,37,,Z,051,SWAIN,0,0,0,0,,,,0,,0,1,begin_coordinates_missing_or_invalid|damage_crops_missing|damage_property_missing|end_coordinates_missing_or_invalid|no_valid_location_points|requires_crosswalk_or_marine_review|timezone_not_normalized_to_utc
5328024,1164301,2003,2003-11-19T04:30:00,2003-11-19T07:00:00,EST,2.5,37,,Z,063,SOUTHERN JACKSON,0,0,0,0,,,,0,,0,1,begin_coordinates_missing_or_invalid|damage_crops_missing|damage_property_missing|end_coordinates_missing_or_invalid|no_valid_location_points|requires_crosswalk_or_marine_review|timezone_not_normalized_to_utc
5328025,1164302,2003,2003-11-19T04:30:00,2003-11-19T08:00:00,EST,3.5,37,,Z,064,TRANSYLVANIA,0,0,0,0,,,,0,,0,1,begin_coordinates_missing_or_invalid|damage_crops_missing|damage_property_missing|end_coordinates_missing_or_invalid|no_valid_location_points|requires_crosswalk_or_marine_review|timezone_not_normalized_to_utc
5328026,1164303,2003,2003-11-19T05:30:00,2003-11-19T10:00:00,EST,4.5,37,,Z,055,BURKE,0,0,0,0,,,,0,,0,1,begin_coordinates_missing_or_invalid|damage_crops_missing|damage_property_missing|end_coordinates_missing_or_invalid|no_valid_location_points|requires_crosswalk_or_marine_review|timezone_not_normalized_to_utc
5328027,1164304,2003,2003-11-19T07:00:00,2003-11-19T16:00:00,EST,9.0,37,,Z,034,CALDWELL,0,0,0,0,5000,,,0,,0,1,begin_coordinates_missing_or_invalid|damage_crops_missing|end_coordinates_missing_or_invalid|no_valid_location_points|requires_crosswalk_or_marine_review|timezone_not_normalized_to_utc
5328168,1164610,2003,2003-12-11T00:55:00,2003-12-11T06:00:00,EST,5.083333333333333,36,,Z,063,WESTERN ULSTER,0,0,0,0,,,,0,,0,1,begin_coordinates_missing_or_invalid|damage_crops_missing|damage_property_missing|end_coordinates_missing_or_invalid|no_valid_location_points|requires_crosswalk_or_marine_review|timezone_not_normalized_to_utc
5328169,1164610,2003,2003-12-12T07:51:00,2003-12-12T11:00:00,EST,3.15,36,,Z,047,SCHOHARIE,0,0,0,0,,,,0,,0,1,begin_coordinates_missing_or_invalid|damage_crops_missing|damage_property_missing|end_coordinates_missing_or_invalid|no_valid_location_points|requires_crosswalk_or_marine_review|timezone_not_normalized_to_utc
5328170,1164610,2003,2003-12-12T05:00:00,2003-12-12T07:00:00,EST,2.0,36,,Z,038,SOUTHERN HERKIMER,0,0,0,0,,,,0,,0,1,begin_coordinates_missing_or_invalid|damage_crops_missing|damage_property_missing|end_coordinates_missing_or_invalid|no_valid_location_points|requires_crosswalk_or_marine_review|timezone_not_normalized_to_utc
5328171,1164611,2003,2003-12-11T05:36:00,2003-12-11T07:30:00,EST,1.9,09,,Z,001,NORTHERN LITCHFIELD,0,0,0,0,,,,0,,0,1,begin_coordinates_missing_or_invalid|damage_crops_missing|damage_property_missing|end_coordinates_missing_or_invalid|no_valid_location_points|requires_crosswalk_or_marine_review|timezone_not_normalized_to_utc
5328172,1164611,2003,2003-12-12T07:36:00,2003-12-12T19:00:00,EST,11.4,09,,Z,013,SOUTHERN LITCHFIELD,0,0,0,0,,,,0,,0,1,begin_coordinates_missing_or_invalid|damage_crops_missing|damage_property_missing|end_coordinates_missing_or_invalid|no_valid_location_points|requires_crosswalk_or_marine_review|timezone_not_normalized_to_utc
5328173,1164612,2003,2003-12-18T11:45:00,2003-12-19T07:00:00,EST,19.25,09,,Z,001,NORTHERN LITCHFIELD,0,0,0,0,,,,0,,0,1,begin_coordinates_missing_or_invalid|damage_crops_missing|damage_property_missing|end_coordinates_missing_or_invalid|no_valid_location_points|requires_crosswalk_or_marine_review|timezone_not_normalized_to_utc
5328174,1164612,2003,2003-12-18T11:45:00,2003-12-18T23:59:00,EST,12.233333333333333,09,,Z,013,SOUTHERN LITCHFIELD,0,0,0,0,,,,0,,0,1,begin_coordinates_missing_or_invalid|damage_crops_missing|damage_property_missing|end_coordinates_missing_or_invalid|no_valid_location_points|requires_crosswalk_or_marine_review|timezone_not_normalized_to_utc
5328175,1164612,2003,2003-12-18T03:30:00,2003-12-18T13:30:00,EST,10.0,09,,Z,013,SOUTHERN LITCHFIELD,0,0,0,0,,,,0,,0,1,begin_coordinates_missing_or_invalid|damage_crops_missing|damage_property_missing|end_coordinates_missing_or_invalid|no_valid_location_points|requires_crosswalk_or_marine_review|timezone_not_normalized_to_utc
5328176,1164613,2003,2003-12-24T14:31:00,2003-12-25T07:00:00,EST,16.483333333333334,36,,Z,063,WESTERN ULSTER,0,0,0,0,,,,0,,0,1,begin_coordinates_missing_or_invalid|damage_crops_missing|damage_property_missing|end_coordinates_missing_or_invalid|no_valid_location_points|requires_crosswalk_or_marine_review|timezone_not_normalized_to_utc
5328177,1164613,2003,2003-12-24T14:15:00,2003-12-25T08:00:00,EST,17.75,36,,Z,063,WESTERN ULSTER,0,0,0,0,,,,0,,0,1,begin_coordinates_missing_or_invalid|damage_crops_missing|damage_property_missing|end_coordinates_missing_or_invalid|no_valid_location_points|requires_crosswalk_or_marine_review|timezone_not_normalized_to_utc
5328178,1164613,2003,2003-12-25T07:45:00,2003-12-25T23:00:00,EST,15.25,36,,Z,043,NORTHERN WASHINGTON,0,0,0,0,,,,0,,0,1,begin_coordinates_missing_or_invalid|damage_crops_missing|damage_property_missing|end_coordinates_missing_or_invalid|no_valid_location_points|requires_crosswalk_or_marine_review|timezone_not_normalized_to_utc
5328179,1164613,2003,2003-12-24T21:53:00,2003-12-25T11:00:00,EST,13.116666666666667,36,,Z,054,EASTERN RENSSELAER,0,0,0,0,,,,0,,0,1,begin_coordinates_missing_or_invalid|damage_crops_missing|damage_property_missing|end_coordinates_missing_or_invalid|no_valid_location_points|requires_crosswalk_or_marine_review|timezone_not_normalized_to_utc
5328180,1164613,2003,2003-12-25T05:18:00,2003-12-25T09:45:00,EST,4.45,36,,Z,065,WESTERN DUTCHESS,0,0,0,0,,,,0,,0,1,begin_coordinates_missing_or_invalid|damage_crops_missing|damage_property_missing|end_coordinates_missing_or_invalid|no_valid_location_points|requires_crosswalk_or_marine_review|timezone_not_normalized_to_utc
5328181,1164614,2003,2003-12-24T22:45:00,2003-12-26T09:45:00,EST,35.0,09,,Z,001,NORTHERN LITCHFIELD,0,0,0,0,,,,0,,0,1,begin_coordinates_missing_or_invalid|damage_crops_missing|damage_property_missing|end_coordinates_missing_or_invalid|no_valid_location_points|requires_crosswalk_or_marine_review|timezone_not_normalized_to_utc
5328182,1164614,2003,2003-12-25T20:24:00,2003-12-26T05:00:00,EST,8.6,09,,Z,001,NORTHERN LITCHFIELD,0,0,0,0,,,,0,,0,1,begin_coordinates_missing_or_invalid|damage_crops_missing|damage_property_missing|end_coordinates_missing_or_invalid|no_valid_location_points|requires_crosswalk_or_marine_review|timezone_not_normalized_to_utc
5328183,1164614,2003,2003-12-25T22:40:00,2003-12-26T05:26:00,EST,6.766666666666667,09,,Z,001,NORTHERN LITCHFIELD,0,0,0,0,,,,0,,0,1,begin_coordinates_missing_or_invalid|damage_crops_missing|damage_property_missing|end_coordinates_missing_or_invalid|no_valid_location_points|requires_crosswalk_or_marine_review|timezone_not_normalized_to_utc
5328204,1164349,2003,2003-11-19T12:00:00,2003-11-19T22:00:00,EST,10.0,37,,Z,001,ASHE,0,0,0,0,,,,0,,0,1,begin_coordinates_missing_or_invalid|damage_crops_missing|damage_property_missing|end_coordinates_missing_or_invalid|no_valid_location_points|requires_crosswalk_or_marine_review|timezone_not_normalized_to_utc
5328205,1164349,2003,2003-11-19T10:00:00,2003-11-19T22:00:00,EST,12.0,37,,Z,018,WATAUGA,0,0,0,0,,,,0,,0,1,begin_coordinates_missing_or_invalid|damage_crops_missing|damage_property_missing|end_coordinates_missing_or_invalid|no_valid_location_points|requires_crosswalk_or_marine_review|timezone_not_normalized_to_utc
5328206,1164349,2003,2003-11-19T12:00:00,2003-11-20T02:00:00,EST,14.0,37,,Z,002,ALLEGHANY,0,0,0,0,,,,0,,0,1,begin_coordinates_missing_or_invalid|damage_crops_missing|damage_property_missing|end_coordinates_missing_or_invalid|no_valid_location_points|requires_crosswalk_or_marine_review|timezone_not_normalized_to_utc
5328260,1165037,2003,2003-09-23T05:00:00,2003-09-23T10:00:00,EST,5.0,24,,Z,008,CECIL,0,0,0,0,,,,0,,0,1,begin_coordinates_missing_or_invalid|damage_crops_missing|damage_property_missing|end_coordinates_missing_or_invalid|no_valid_location_points|requires_crosswalk_or_marine_review|timezone_not_normalized_to_utc
5328265,1165042,2003,2003-12-11T06:55:00,2003-12-13T22:42:00,EST,63.78333333333333,34,,Z,010,SOMERSET,0,0,0,0,,,,0,,0,1,begin_coordinates_missing_or_invalid|damage_crops_missing|damage_property_missing|end_coordinates_missing_or_invalid|no_valid_location_points|requires_crosswalk_or_marine_review|timezone_not_normalized_to_utc
5328266,1165043,2003,2003-12-11T10:33:00,2003-12-12T00:09:00,EST,13.6,34,,Z,009,HUNTERDON,0,0,0,0,,,,0,,0,1,begin_coordinates_missing_or_invalid|damage_crops_missing|damage_property_missing|end_coordinates_missing_or_invalid|no_valid_location_points|requires_crosswalk_or_marine_review|timezone_not_normalized_to_utc
5328267,1165044,2003,2003-12-11T13:55:00,2003-12-16T07:15:00,EST,113.33333333333333,34,,Z,008,MORRIS,0,0,0,0,,,,0,,0,1,begin_coordinates_missing_or_invalid|damage_crops_missing|damage_property_missing|end_coordinates_missing_or_invalid|no_valid_location_points|requires_crosswalk_or_marine_review|timezone_not_normalized_to_utc
5328359,1164680,2003,2003-12-24T15:00:00,2003-12-31T23:59:00,EST,176.98333333333332,18,,Z,060,SULLIVAN,0,0,0,0,,,,0,,0,1,begin_coordinates_missing_or_invalid|damage_crops_missing|damage_property_missing|end_coordinates_missing_or_invalid|no_valid_location_points|requires_crosswalk_or_marine_review|timezone_not_normalized_to_utc
5328360,1164681,2003,2003-12-24T17:27:00,2003-12-27T12:20:00,EST,66.88333333333334,18,,Z,053,OWEN,0,0,0,0,,,,0,,0,1,begin_coordinates_missing_or_invalid|damage_crops_missing|damage_property_missing|end_coordinates_missing_or_invalid|no_valid_location_points|requires_crosswalk_or_marine_review|timezone_not_normalized_to_utc
5328361,1164681,2003,2003-12-24T13:00:00,2003-12-28T09:27:00,EST,92.45,18,,Z,061,GREENE,0,0,0,0,,,,0,,0,1,begin_coordinates_missing_or_invalid|damage_crops_missing|damage_property_missing|end_coordinates_missing_or_invalid|no_valid_location_points|requires_crosswalk_or_marine_review|timezone_not_normalized_to_utc
5328362,1164681,2003,2003-12-25T10:07:00,2003-12-28T15:41:00,EST,77.56666666666666,18,,Z,068,DAVIESS,0,0,0,0,,,,0,,0,1,begin_coordinates_missing_or_invalid|damage_crops_missing|damage_property_missing|end_coordinates_missing_or_invalid|no_valid_location_points|requires_crosswalk_or_marine_review|timezone_not_normalized_to_utc
5328477,1164305,2003,2003-11-19T07:00:00,2003-11-19T12:00:00,EST,5.0,37,,Z,050,MITCHELL,0,0,0,0,10000,,,0,,0,1,begin_coordinates_missing_or_invalid|damage_crops_missing|end_coordinates_missing_or_invalid|no_valid_location_points|requires_crosswalk_or_marine_review|timezone_not_normalized_to_utc
5328478,1164306,2003,2003-11-19T07:00:00,2003-11-19T10:00:00,EST,3.0,37,,Z,033,AVERY,0,0,0,0,10000,,,0,,0,1,begin_coordinates_missing_or_invalid|damage_crops_missing|end_coordinates_missing_or_invalid|no_valid_location_points|requires_crosswalk_or_marine_review|timezone_not_normalized_to_utc
5328479,1164307,2003,2003-11-19T07:30:00,2003-11-19T10:00:00,EST,2.5,37,,Z,054,MCDOWELL,0,0,0,0,5000,,,0,,0,1,begin_coordinates_missing_or_invalid|damage_crops_missing|end_coordinates_missing_or_invalid|no_valid_location_points|requires_crosswalk_or_marine_review|timezone_not_normalized_to_utc
5328480,1164308,2003,2003-11-19T08:00:00,2003-11-19T14:00:00,EST,6.0,37,,Z,048,MADISON,0,0,0,0,,,,0,,0,1,begin_coordinates_missing_or_invalid|damage_crops_missing|damage_property_missing|end_coordinates_missing_or_invalid|no_valid_location_points|requires_crosswalk_or_marine_review|timezone_not_normalized_to_utc
5328481,1164309,2003,2003-11-19T10:00:00,2003-11-19T14:00:00,EST,4.0,37,,Z,049,YANCEY,0,0,0,0,,,,0,,0,1,begin_coordinates_missing_or_invalid|damage_crops_missing|damage_property_missing|end_coordinates_missing_or_invalid|no_valid_location_points|requires_crosswalk_or_marine_review|timezone_not_normalized_to_utc
5328517,1164828,2003,2003-12-18T17:00:00,2003-12-18T19:00:00,EST,2.0,23,,Z,010,CENTRAL PISCATAQUIS,0,0,0,0,,,,0,,0,1,begin_coordinates_missing_or_invalid|damage_crops_missing|damage_property_missing|end_coordinates_missing_or_invalid|no_valid_location_points|requires_crosswalk_or_marine_review|timezone_not_normalized_to_utc
5328529,1164559,2003,2003-12-13T21:35:00,2003-12-14T05:18:00,PST,7.716666666666667,41,,Z,023,CENTRAL DOUGLAS COUNTY,0,0,0,0,,,,0,,0,1,begin_coordinates_missing_or_invalid|damage_crops_missing|damage_property_missing|end_coordinates_missing_or_invalid|no_valid_location_points|requires_crosswalk_or_marine_review|timezone_not_normalized_to_utc
5328530,1164560,2003,2003-12-14T02:00:00,2003-12-14T05:18:00,PST,3.3,41,,Z,023,CENTRAL DOUGLAS COUNTY,0,0,0,0,,,,0,,0,1,begin_coordinates_missing_or_invalid|damage_crops_missing|damage_property_missing|end_coordinates_missing_or_invalid|no_valid_location_points|requires_crosswalk_or_marine_review|timezone_not_normalized_to_utc
5328531,1164561,2003,2003-12-13T09:40:00,2003-12-13T16:10:00,PST,6.5,41,,Z,022,CURRY COUNTY COAST,0,0,0,0,,,,0,,0,1,begin_coordinates_missing_or_invalid|damage_crops_missing|damage_property_missing|end_coordinates_missing_or_invalid|no_valid_location_points|requires_crosswalk_or_marine_review|timezone_not_normalized_to_utc
5328532,1164561,2003,2003-12-13T09:40:00,2003-12-13T16:10:00,PST,6.5,41,,Z,024,EASTERN CURRY COUNTY & JOSEPHINE COUNTY,0,0,0,0,,,,0,,0,1,begin_coordinates_missing_or_invalid|damage_crops_missing|damage_property_missing|end_coordinates_missing_or_invalid|no_valid_location_points|requires_crosswalk_or_marine_review|timezone_not_normalized_to_utc
5328533,1164562,2003,2003-12-13T07:41:00,2003-12-13T07:41:00,PST,0.0,41,,Z,021,SOUTH CENTRAL OREGON COAST,0,0,0,0,,,,0,,0,1,begin_coordinates_missing_or_invalid|damage_crops_missing|damage_property_missing|end_coordinates_missing_or_invalid|no_valid_location_points|requires_crosswalk_or_marine_review|timezone_not_normalized_to_utc
5328534,1164562,2003,2003-12-13T08:00:00,2003-12-13T08:00:00,PST,0.0,41,,Z,022,CURRY COUNTY COAST,0,0,0,0,,,,0,,0,1,begin_coordinates_missing_or_invalid|damage_crops_missing|damage_property_missing|end_coordinates_missing_or_invalid|no_valid_location_points|requires_crosswalk_or_marine_review|timezone_not_normalized_to_utc
5328535,1164562,2003,2003-12-13T09:00:00,2003-12-13T09:00:00,PST,0.0,41,,Z,021,SOUTH CENTRAL OREGON COAST,0,0,0,0,,,,0,,0,1,begin_coordinates_missing_or_invalid|damage_crops_missing|damage_property_missing|end_coordinates_missing_or_invalid|no_valid_location_points|requires_crosswalk_or_marine_review|timezone_not_normalized_to_utc
5328536,1164562,2003,2003-12-13T16:00:00,2003-12-13T16:00:00,PST,0.0,41,,Z,022,CURRY COUNTY COAST,0,0,0,0,,,,0,,0,1,begin_coordinates_missing_or_invalid|damage_crops_missing|damage_property_missing|end_coordinates_missing_or_invalid|no_valid_location_points|requires_crosswalk_or_marine_review|timezone_not_normalized_to_utc
5328537,1164563,2003,2003-12-13T09:40:00,2003-12-15T02:30:00,PST,40.833333333333336,41,,Z,021,SOUTH CENTRAL OREGON COAST,0,0,0,0,,,,0,,0,1,begin_coordinates_missing_or_invalid|damage_crops_missing|damage_property_missing|end_coordinates_missing_or_invalid|no_valid_location_points|requires_crosswalk_or_marine_review|timezone_not_normalized_to_utc
5328538,1164564,2003,2003-12-13T23:27:00,2003-12-14T15:45:00,PST,16.3,41,,Z,021,SOUTH CENTRAL OREGON COAST,0,0,0,0,,,,0,,0,1,begin_coordinates_missing_or_invalid|damage_crops_missing|damage_property_missing|end_coordinates_missing_or_invalid|no_valid_location_points|requires_crosswalk_or_marine_review|timezone_not_normalized_to_utc
5328539,1164565,2003,2003-12-13T23:27:00,2003-12-16T04:08:00,PST,52.68333333333333,41,,Z,021,SOUTH CENTRAL OREGON COAST,0,0,0,0,,,,0,,0,1,begin_coordinates_missing_or_invalid|damage_crops_missing|damage_property_missing|end_coordinates_missing_or_invalid|no_valid_location_points|requires_crosswalk_or_marine_review|timezone_not_normalized_to_utc
5328566,1165049,2003,2003-12-11T05:27:00,2003-12-12T02:18:00,EST,20.85,42,,Z,070,DELAWARE,0,0,0,0,,,,0,,0,1,begin_coordinates_missing_or_invalid|damage_crops_missing|damage_property_missing|end_coordinates_missing_or_invalid|no_valid_location_points|requires_crosswalk_or_marine_review|timezone_not_normalized_to_utc
5328567,1165050,2003,2003-12-10T21:22:00,2003-12-11T15:09:00,EST,17.783333333333335,10,,Z,001,NEW CASTLE,0,0,0,0,,,,0,,0,1,begin_coordinates_missing_or_invalid|damage_crops_missing|damage_property_missing|end_coordinates_missing_or_invalid|no_valid_location_points|requires_crosswalk_or_marine_review|timezone_not_normalized_to_utc
5328568,1165051,2003,2003-12-11T07:51:00,2003-12-11T23:00:00,EST,15.15,42,,Z,069,BUCKS,0,0,0,0,,,,0,,0,1,begin_coordinates_missing_or_invalid|damage_crops_missing|damage_property_missing|end_coordinates_missing_or_invalid|no_valid_location_points|requires_crosswalk_or_marine_review|timezone_not_normalized_to_utc
5328569,1165052,2003,2003-12-11T04:54:00,2003-12-12T02:18:00,EST,21.4,42,,Z,067,CHESTER,0,0,0,0,,,,0,,0,1,begin_coordinates_missing_or_invalid|damage_crops_missing|damage_property_missing|end_coordinates_missing_or_invalid|no_valid_location_points|requires_crosswalk_or_marine_review|timezone_not_normalized_to_utc
5328570,1165053,2003,2003-12-11T07:02:00,2003-12-11T19:11:00,EST,12.15,42,,Z,071,PHILADELPHIA,0,0,0,0,,0,,0,,0,1,begin_coordinates_missing_or_invalid|damage_property_missing|end_coordinates_missing_or_invalid|no_valid_location_points|requires_crosswalk_or_marine_review|timezone_not_normalized_to_utc
5328571,1165054,2003,2003-12-11T07:59:00,2003-12-11T19:15:00,EST,11.266666666666667,34,,Z,018,CAMDEN,0,0,0,0,,,,0,,0,1,begin_coordinates_missing_or_invalid|damage_crops_missing|damage_property_missing|end_coordinates_missing_or_invalid|no_valid_location_points|requires_crosswalk_or_marine_review|timezone_not_normalized_to_utc
5328572,1165055,2003,2003-12-13T02:30:00,2003-12-14T01:00:00,EST,22.5,34,,Z,021,CUMBERLAND,0,0,0,0,,,,0,,0,1,begin_coordinates_missing_or_invalid|damage_crops_missing|damage_property_missing|end_coordinates_missing_or_invalid|no_valid_location_points|requires_crosswalk_or_marine_review|timezone_not_normalized_to_utc
5328573,1165056,2003,2003-12-11T10:00:00,2003-12-11T18:54:00,EST,8.9,42,,Z,060,BERKS,0,0,0,0,,,,0,,0,1,begin_coordinates_missing_or_invalid|damage_crops_missing|damage_property_missing|end_coordinates_missing_or_invalid|no_valid_location_points|requires_crosswalk_or_marine_review|timezone_not_normalized_to_utc
5328574,1165057,2003,2003-12-11T13:01:00,2003-12-11T20:15:00,EST,7.233333333333333,34,,Z,017,GLOUCESTER,0,0,0,0,,,,0,,0,1,begin_coordinates_missing_or_invalid|damage_crops_missing|damage_property_missing|end_coordinates_missing_or_invalid|no_valid_location_points|requires_crosswalk_or_marine_review|timezone_not_normalized_to_utc
5328575,1165058,2003,2003-12-11T08:50:00,2003-12-11T18:20:00,EST,9.5,42,,Z,068,MONTGOMERY,0,0,0,0,,,,0,,0,1,begin_coordinates_missing_or_invalid|damage_crops_missing|damage_property_missing|end_coordinates_missing_or_invalid|no_valid_location_points|requires_crosswalk_or_marine_review|timezone_not_normalized_to_utc
5328576,1165059,2003,2003-12-11T09:03:00,2003-12-11T22:00:00,EST,12.95,34,,Z,015,MERCER,0,0,0,0,,,,0,,0,1,begin_coordinates_missing_or_invalid|damage_crops_missing|damage_property_missing|end_coordinates_missing_or_invalid|no_valid_location_points|requires_crosswalk_or_marine_review|timezone_not_normalized_to_utc
5328580,1165061,2003,2003-12-11T10:00:00,2003-12-11T16:00:00,EST,6.0,42,,Z,055,MONROE,0,0,0,0,,,,0,,0,1,begin_coordinates_missing_or_invalid|damage_crops_missing|damage_property_missing|end_coordinates_missing_or_invalid|no_valid_location_points|requires_crosswalk_or_marine_review|timezone_not_normalized_to_utc
5328581,1165062,2003,2003-12-14T22:06:00,2003-12-15T05:32:00,EST,7.433333333333334,34,,Z,015,MERCER,0,0,0,0,,,,0,,0,1,begin_coordinates_missing_or_invalid|damage_crops_missing|damage_property_missing|end_coordinates_missing_or_invalid|no_valid_location_points|requires_crosswalk_or_marine_review|timezone_not_normalized_to_utc
5328582,1165063,2003,2003-12-14T20:00:00,2003-12-14T22:00:00,EST,2.0,34,,Z,021,CUMBERLAND,0,0,0,0,,,,0,,0,1,begin_coordinates_missing_or_invalid|damage_crops_missing|damage_property_missing|end_coordinates_missing_or_invalid|no_valid_location_points|requires_crosswalk_or_marine_review|timezone_not_normalized_to_utc
5328583,1165064,2003,2003-12-14T21:36:00,2003-12-17T01:54:00,EST,52.3,34,,Z,010,SOMERSET,0,0,0,0,,,,0,,0,1,begin_coordinates_missing_or_invalid|damage_crops_missing|damage_property_missing|end_coordinates_missing_or_invalid|no_valid_location_points|requires_crosswalk_or_marine_review|timezone_not_normalized_to_utc
5328586,1164310,2003,2003-11-19T10:00:00,2003-11-19T16:00:00,EST,6.0,37,,Z,055,BURKE,0,0,0,0,,,,0,,0,1,begin_coordinates_missing_or_invalid|damage_crops_missing|damage_property_missing|end_coordinates_missing_or_invalid|no_valid_location_points|requires_crosswalk_or_marine_review|timezone_not_normalized_to_utc
5328587,1164311,2003,2003-11-19T14:00:00,2003-11-19T18:00:00,EST,4.0,37,,Z,050,MITCHELL,0,0,0,0,,,,0,,0,1,begin_coordinates_missing_or_invalid|damage_crops_missing|damage_property_missing|end_coordinates_missing_or_invalid|no_valid_location_points|requires_crosswalk_or_marine_review|timezone_not_normalized_to_utc
5328588,1164312,2003,2003-11-19T14:00:00,2003-11-19T18:00:00,EST,4.0,37,,Z,052,HAYWOOD,0,0,0,0,,,,0,,0,1,begin_coordinates_missing_or_invalid|damage_crops_missing|damage_property_missing|end_coordinates_missing_or_invalid|no_valid_location_points|requires_crosswalk_or_marine_review|timezone_not_normalized_to_utc
5328617,1164828,2003,2003-12-18T17:00:00,2003-12-18T19:00:00,EST,2.0,23,,Z,031,SOUTHERN PISCATAQUIS,0,0,0,0,,,,0,,0,1,begin_coordinates_missing_or_invalid|damage_crops_missing|damage_property_missing|end_coordinates_missing_or_invalid|no_valid_location_points|requires_crosswalk_or_marine_review|timezone_not_normalized_to_utc
5328637,1164350,2003,2003-11-19T14:00:00,2003-11-20T04:00:00,EST,14.0,51,,Z,010,BLAND,0,0,0,0,150000,,,0,,0,1,begin_coordinates_missing_or_invalid|damage_crops_missing|end_coordinates_missing_or_invalid|no_valid_location_points|requires_crosswalk_or_marine_review|timezone_not_normalized_to_utc
5328638,1164350,2003,2003-11-19T09:00:00,2003-11-20T04:00:00,EST,19.0,51,,Z,015,GRAYSON,0,0,0,0,25000,,,0,,0,1,begin_coordinates_missing_or_invalid|damage_crops_missing|end_coordinates_missing_or_invalid|no_valid_location_points|requires_crosswalk_or_marine_review|timezone_not_normalized_to_utc
5328686,1164993,2003,2003-12-11T00:47:00,2003-12-13T06:00:00,EST,53.21666666666667,24,,Z,009,MONTGOMERY,0,0,0,0,,,,0,,0,1,begin_coordinates_missing_or_invalid|damage_crops_missing|damage_property_missing|end_coordinates_missing_or_invalid|no_valid_location_points|requires_crosswalk_or_marine_review|timezone_not_normalized_to_utc
5328687,1164993,2003,2003-12-11T05:00:00,2003-12-11T12:00:00,EST,7.0,24,,Z,010,HOWARD,0,0,0,0,,,,0,,0,1,begin_coordinates_missing_or_invalid|damage_crops_missing|damage_property_missing|end_coordinates_missing_or_invalid|no_valid_location_points|requires_crosswalk_or_marine_review|timezone_not_normalized_to_utc
5328688,1164993,2003,2003-12-11T05:00:00,2003-12-11T12:00:00,EST,7.0,24,,Z,014,ANNE ARUNDEL,0,0,0,0,,,,0,,0,1,begin_coordinates_missing_or_invalid|damage_crops_missing|damage_property_missing|end_coordinates_missing_or_invalid|no_valid_location_points|requires_crosswalk_or_marine_review|timezone_not_normalized_to_utc
5328689,1164993,2003,2003-12-11T05:00:00,2003-12-11T12:00:00,EST,7.0,24,,Z,005,CARROLL,0,0,0,0,,,,0,,0,1,begin_coordinates_missing_or_invalid|damage_crops_missing|damage_property_missing|end_coordinates_missing_or_invalid|no_valid_location_points|requires_crosswalk_or_marine_review|timezone_not_normalized_to_utc
5328690,1164993,2003,2003-12-11T05:00:00,2003-12-11T12:00:00,EST,7.0,24,,Z,011,SOUTHERN BALTIMORE,0,0,0,0,,,,0,,0,1,begin_coordinates_missing_or_invalid|damage_crops_missing|damage_property_missing|end_coordinates_missing_or_invalid|no_valid_location_points|requires_crosswalk_or_marine_review|timezone_not_normalized_to_utc
5328691,1164993,2003,2003-12-11T05:00:00,2003-12-11T12:00:00,EST,7.0,24,,Z,006,NORTHERN BALTIMORE,0,0,0,0,,,,0,,0,1,begin_coordinates_missing_or_invalid|damage_crops_missing|damage_property_missing|end_coordinates_missing_or_invalid|no_valid_location_points|requires_crosswalk_or_marine_review|timezone_not_normalized_to_utc
5328692,1164993,2003,2003-12-11T05:00:00,2003-12-12T23:15:00,EST,42.25,24,,Z,003,WASHINGTON,0,0,0,0,,,,0,,0,1,begin_coordinates_missing_or_invalid|damage_crops_missing|damage_property_missing|end_coordinates_missing_or_invalid|no_valid_location_points|requires_crosswalk_or_marine_review|timezone_not_normalized_to_utc
5328693,1164993,2003,2003-12-11T07:00:00,2003-12-11T15:00:00,EST,8.0,24,,Z,013,PRINCE GEORGES,0,0,0,0,,,,0,,0,1,begin_coordinates_missing_or_invalid|damage_crops_missing|damage_property_missing|end_coordinates_missing_or_invalid|no_valid_location_points|requires_crosswalk_or_marine_review|timezone_not_normalized_to_utc
5328694,1164993,2003,2003-12-11T07:00:00,2003-12-13T15:00:00,EST,56.0,24,,Z,004,FREDERICK,0,0,0,0,,,,0,,0,1,begin_coordinates_missing_or_invalid|damage_crops_missing|damage_property_missing|end_coordinates_missing_or_invalid|no_valid_location_points|requires_crosswalk_or_marine_review|timezone_not_normalized_to_utc
5328707,1165068,2003,2003-12-17T10:43:00,2003-12-17T13:11:00,EST,2.466666666666667,10,,Z,001,NEW CASTLE,0,0,0,0,,,,0,,0,1,begin_coordinates_missing_or_invalid|damage_crops_missing|damage_property_missing|end_coordinates_missing_or_invalid|no_valid_location_points|requires_crosswalk_or_marine_review|timezone_not_normalized_to_utc
5328708,1165069,2003,2003-12-17T13:08:00,2003-12-18T18:55:00,EST,29.783333333333335,34,,Z,010,SOMERSET,0,0,0,0,,,,0,,0,1,begin_coordinates_missing_or_invalid|damage_crops_missing|damage_property_missing|end_coordinates_missing_or_invalid|no_valid_location_points|requires_crosswalk_or_marine_review|timezone_not_normalized_to_utc
5328792,1164354,2003,2003-11-13T10:00:00,2003-11-13T18:30:00,EST,8.5,54,,Z,045,GREENBRIER,0,0,0,0,,,,0,,0,1,begin_coordinates_missing_or_invalid|damage_crops_missing|damage_property_missing|end_coordinates_missing_or_invalid|no_valid_location_points|requires_crosswalk_or_marine_review|timezone_not_normalized_to_utc
5328793,1164355,2003,2003-11-19T22:30:00,2003-11-20T16:00:00,EST,17.5,54,,Z,045,GREENBRIER,0,0,0,0,,,,0,,0,1,begin_coordinates_missing_or_invalid|damage_crops_missing|damage_property_missing|end_coordinates_missing_or_invalid|no_valid_location_points|requires_crosswalk_or_marine_review|timezone_not_normalized_to_utc
5328794,1164356,2003,2003-11-20T14:30:00,2003-11-21T18:00:00,EST,27.5,51,,Z,047,BUCKINGHAM,0,0,0,0,,,,0,,0,1,begin_coordinates_missing_or_invalid|damage_crops_missing|damage_property_missing|end_coordinates_missing_or_invalid|no_valid_location_points|requires_crosswalk_or_marine_review|timezone_not_normalized_to_utc
5328833,1165193,2003,2003-12-11T18:23:00,2003-12-11T18:38:00,EST,0.25,36,,Z,057,DELAWARE,0,0,0,0,0,,,0,,0,1,begin_coordinates_missing_or_invalid|damage_crops_missing|end_coordinates_missing_or_invalid|no_valid_location_points|requires_crosswalk_or_marine_review|timezone_not_normalized_to_utc
5328834,1165194,2003,2003-12-11T19:38:00,2003-12-11T19:53:00,EST,0.25,36,,Z,045,CHENANGO,0,0,0,0,0,,,0,,0,1,begin_coordinates_missing_or_invalid|damage_crops_missing|end_coordinates_missing_or_invalid|no_valid_location_points|requires_crosswalk_or_marine_review|timezone_not_normalized_to_utc
5328835,1165195,2003,2003-12-12T04:30:00,2003-12-12T17:46:00,EST,13.266666666666667,36,,Z,055,TIOGA,0,0,0,0,0,,,0,,0,1,begin_coordinates_missing_or_invalid|damage_crops_missing|end_coordinates_missing_or_invalid|no_valid_location_points|requires_crosswalk_or_marine_review|timezone_not_normalized_to_utc
5328836,1165196,2003,2003-12-12T04:30:00,2003-12-12T17:46:00,EST,13.266666666666667,42,,Z,038,BRADFORD,0,0,0,0,0,,,0,,0,1,begin_coordinates_missing_or_invalid|damage_crops_missing|end_coordinates_missing_or_invalid|no_valid_location_points|requires_crosswalk_or_marine_review|timezone_not_normalized_to_utc
5328837,1165197,2003,2003-12-12T07:13:00,2003-12-12T18:43:00,EST,11.5,36,,Z,044,CORTLAND,0,0,0,0,0,,,0,,0,1,begin_coordinates_missing_or_invalid|damage_crops_missing|end_coordinates_missing_or_invalid|no_valid_location_points|requires_crosswalk_or_marine_review|timezone_not_normalized_to_utc
5328840,1165200,2003,2003-12-24T15:15:00,2003-12-24T22:45:00,EST,7.5,36,,Z,057,DELAWARE,0,0,0,0,20000,,,0,,0,1,begin_coordinates_missing_or_invalid|damage_crops_missing|end_coordinates_missing_or_invalid|no_valid_location_points|requires_crosswalk_or_marine_review|timezone_not_normalized_to_utc
5329117,1164999,2003,2003-12-11T05:00:00,2003-12-12T23:00:00,EST,42.0,54,,Z,052,BERKELEY,0,0,0,0,,,,0,,0,1,begin_coordinates_missing_or_invalid|damage_crops_missing|damage_property_missing|end_coordinates_missing_or_invalid|no_valid_location_points|requires_crosswalk_or_marine_review|timezone_not_normalized_to_utc
5329118,1164999,2003,2003-12-11T05:00:00,2003-12-12T23:00:00,EST,42.0,54,,Z,051,MORGAN,0,0,0,0,,,,0,,0,1,begin_coordinates_missing_or_invalid|damage_crops_missing|damage_property_missing|end_coordinates_missing_or_invalid|no_valid_location_points|requires_crosswalk_or_marine_review|timezone_not_normalized_to_utc
5329119,1164999,2003,2003-12-11T05:00:00,2003-12-12T23:00:00,EST,42.0,54,,Z,050,HAMPSHIRE,0,0,0,0,,,,0,,0,1,begin_coordinates_missing_or_invalid|damage_crops_missing|damage_property_missing|end_coordinates_missing_or_invalid|no_valid_location_points|requires_crosswalk_or_marine_review|timezone_not_normalized_to_utc
5329176,1165256,2003,2003-12-17T17:30:00,2003-12-18T15:45:00,EST,22.25,09,,Z,006,NORTHERN NEW HAVEN,0,0,0,0,,,,0,,0,1,begin_coordinates_missing_or_invalid|damage_crops_missing|damage_property_missing|end_coordinates_missing_or_invalid|no_valid_location_points|requires_crosswalk_or_marine_review|timezone_not_normalized_to_utc
5329178,1165258,2003,2003-12-24T12:25:00,2003-12-24T13:25:00,EST,1.0,34,,Z,003,BERGEN,0,0,0,0,,,,0,,0,1,begin_coordinates_missing_or_invalid|damage_crops_missing|damage_property_missing|end_coordinates_missing_or_invalid|no_valid_location_points|requires_crosswalk_or_marine_review|timezone_not_normalized_to_utc
5329179,1165258,2003,2003-12-24T17:30:00,2003-12-25T05:00:00,EST,11.5,34,,Z,003,BERGEN,0,0,0,0,,,,0,,0,1,begin_coordinates_missing_or_invalid|damage_crops_missing|damage_property_missing|end_coordinates_missing_or_invalid|no_valid_location_points|requires_crosswalk_or_marine_review|timezone_not_normalized_to_utc
5329224,1164356,2003,2003-11-19T19:00:00,2003-11-20T18:00:00,EST,23.0,51,,Z,023,BOTETOURT,0,0,0,0,,,,0,,0,1,begin_coordinates_missing_or_invalid|damage_crops_missing|damage_property_missing|end_coordinates_missing_or_invalid|no_valid_location_points|requires_crosswalk_or_marine_review|timezone_not_normalized_to_utc
5329225,1164357,2003,2003-11-19T16:00:00,2003-11-20T04:00:00,EST,12.0,51,,Z,016,CARROLL,0,0,0,0,,,,0,,0,1,begin_coordinates_missing_or_invalid|damage_crops_missing|damage_property_missing|end_coordinates_missing_or_invalid|no_valid_location_points|requires_crosswalk_or_marine_review|timezone_not_normalized_to_utc
5329226,1164357,2003,2003-11-19T19:45:00,2003-11-20T11:45:00,EST,16.0,51,,Z,014,MONTGOMERY,0,0,0,0,63000,,,0,,0,1,begin_coordinates_missing_or_invalid|damage_crops_missing|end_coordinates_missing_or_invalid|no_valid_location_points|requires_crosswalk_or_marine_review|timezone_not_normalized_to_utc
5329227,1164357,2003,2003-11-20T03:15:00,2003-11-20T16:15:00,EST,13.0,51,,Z,011,GILES,0,0,0,0,1000000,,,0,,0,1,begin_coordinates_missing_or_invalid|damage_crops_missing|end_coordinates_missing_or_invalid|no_valid_location_points|requires_crosswalk_or_marine_review|timezone_not_normalized_to_utc
5329228,1164358,2003,2003-11-19T10:30:00,2003-11-20T02:45:00,EST,16.25,51,,Z,007,TAZEWELL,0,0,0,0,6100000.0,,,0,,0,1,begin_coordinates_missing_or_invalid|damage_crops_missing|end_coordinates_missing_or_invalid|no_valid_location_points|requires_crosswalk_or_marine_review|timezone_not_normalized_to_utc
5329229,1164359,2003,2003-11-19T12:15:00,2003-11-20T02:15:00,EST,14.0,51,,Z,009,SMYTH,0,0,0,0,500000,,,0,,0,1,begin_coordinates_missing_or_invalid|damage_crops_missing|end_coordinates_missing_or_invalid|no_valid_location_points|requires_crosswalk_or_marine_review|timezone_not_normalized_to_utc
5329242,1164372,2003,2003-11-19T18:33:00,2003-11-20T05:00:00,EST,10.45,10,,Z,001,NEW CASTLE,0,0,0,0,,,,0,,0,1,begin_coordinates_missing_or_invalid|damage_crops_missing|damage_property_missing|end_coordinates_missing_or_invalid|no_valid_location_points|requires_crosswalk_or_marine_review|timezone_not_normalized_to_utc
5329243,1164373,2003,2003-11-19T23:04:00,2003-11-20T09:19:00,EST,10.25,34,,Z,015,MERCER,0,0,0,0,,,,0,,0,1,begin_coordinates_missing_or_invalid|damage_crops_missing|damage_property_missing|end_coordinates_missing_or_invalid|no_valid_location_points|requires_crosswalk_or_marine_review|timezone_not_normalized_to_utc
5329244,1164374,2003,2003-11-19T19:00:00,2003-11-20T02:39:00,EST,7.65,42,,Z,068,MONTGOMERY,0,0,0,0,,,,0,,0,1,begin_coordinates_missing_or_invalid|damage_crops_missing|damage_property_missing|end_coordinates_missing_or_invalid|no_valid_location_points|requires_crosswalk_or_marine_review|timezone_not_normalized_to_utc
5329245,1164375,2003,2003-11-19T22:20:00,2003-11-20T03:36:00,EST,5.266666666666667,42,,Z,071,PHILADELPHIA,0,0,0,0,,,,0,,0,1,begin_coordinates_missing_or_invalid|damage_crops_missing|damage_property_missing|end_coordinates_missing_or_invalid|no_valid_location_points|requires_crosswalk_or_marine_review|timezone_not_normalized_to_utc
5329246,1164376,2003,2003-11-20T04:30:00,2003-11-20T04:30:00,EST,0.0,42,,Z,069,BUCKS,0,0,0,0,,,,0,,0,1,begin_coordinates_missing_or_invalid|damage_crops_missing|damage_property_missing|end_coordinates_missing_or_invalid|no_valid_location_points|requires_crosswalk_or_marine_review|timezone_not_normalized_to_utc
5329254,1164378,2003,2003-11-19T22:10:00,2003-11-22T09:30:00,EST,59.333333333333336,34,,Z,010,SOMERSET,0,0,0,0,,,,0,,0,1,begin_coordinates_missing_or_invalid|damage_crops_missing|damage_property_missing|end_coordinates_missing_or_invalid|no_valid_location_points|requires_crosswalk_or_marine_review|timezone_not_normalized_to_utc
5329255,1164379,2003,2003-11-20T16:52:00,2003-11-21T03:45:00,EST,10.883333333333333,34,,Z,008,MORRIS,0,0,0,0,,,,0,,0,1,begin_coordinates_missing_or_invalid|damage_crops_missing|damage_property_missing|end_coordinates_missing_or_invalid|no_valid_location_points|requires_crosswalk_or_marine_review|timezone_not_normalized_to_utc
5329416,1159195,2003,2003-07-07T00:02:00,2003-07-07T01:25:00,EST,1.3833333333333333,39,,Z,042,DARKE,0,0,0,0,20000,,,0,"[[39.96667,-84.33333]]",0,1,damage_crops_missing|requires_crosswalk_or_marine_review|timezone_not_normalized_to_utc
5329417,1159195,2003,2003-07-07T00:12:00,2003-07-07T01:30:00,EST,1.3,39,,Z,043,SHELBY,0,0,0,0,50000,,,0,"[[39.68333,-83.93333]]",0,1,damage_crops_missing|requires_crosswalk_or_marine_review|timezone_not_normalized_to_utc
5329421,1159196,2003,2003-07-07T01:23:00,2003-07-07T02:10:00,EST,0.7833333333333333,18,,Z,050,WAYNE,0,0,0,0,,,,0,,0,1,begin_coordinates_missing_or_invalid|damage_crops_missing|damage_property_missing|end_coordinates_missing_or_invalid|no_valid_location_points|requires_crosswalk_or_marine_review|timezone_not_normalized_to_utc
5329422,1159196,2003,2003-07-07T01:30:00,2003-07-07T02:30:00,EST,1.0,18,,Z,059,UNION,0,0,0,0,,,,0,,0,1,begin_coordinates_missing_or_invalid|damage_crops_missing|damage_property_missing|end_coordinates_missing_or_invalid|no_valid_location_points|requires_crosswalk_or_marine_review|timezone_not_normalized_to_utc
5329423,1159196,2003,2003-07-07T01:15:00,2003-07-07T02:30:00,EST,1.25,18,,Z,066,FRANKLIN,0,0,0,0,,,,0,,0,1,begin_coordinates_missing_or_invalid|damage_crops_missing|damage_property_missing|end_coordinates_missing_or_invalid|no_valid_location_points|requires_crosswalk_or_marine_review|timezone_not_normalized_to_utc
5329424,1159196,2003,2003-07-07T03:59:00,2003-07-07T05:40:00,EST,1.6833333333333333,18,,Z,050,WAYNE,0,0,0,0,,,,0,,0,1,begin_coordinates_missing_or_invalid|damage_crops_missing|damage_property_missing|end_coordinates_missing_or_invalid|no_valid_location_points|requires_crosswalk_or_marine_review|timezone_not_normalized_to_utc
5329493,1159196,2003,2003-07-07T05:35:00,2003-07-07T06:45:00,EST,1.1666666666666667,18,,Z,059,UNION,0,0,0,0,,,,0,,0,1,begin_coordinates_missing_or_invalid|damage_crops_missing|damage_property_missing|end_coordinates_missing_or_invalid|no_valid_location_points|requires_crosswalk_or_marine_review|timezone_not_normalized_to_utc
5329497,1159197,2003,2003-07-09T19:20:00,2003-07-09T20:45:00,EST,1.4166666666666667,21,,Z,099,MASON,0,0,0,0,,,,0,,0,1,begin_coordinates_missing_or_invalid|damage_crops_missing|damage_property_missing|end_coordinates_missing_or_invalid|no_valid_location_points|requires_crosswalk_or_marine_review|timezone_not_normalized_to_utc
5329503,1159198,2003,2003-07-09T03:30:00,2003-07-09T04:30:00,EST,1.0,18,,Z,050,WAYNE,0,0,0,0,,,,0,,0,1,begin_coordinates_missing_or_invalid|damage_crops_missing|damage_property_missing|end_coordinates_missing_or_invalid|no_valid_location_points|requires_crosswalk_or_marine_review|timezone_not_normalized_to_utc
5329587,1159199,2003,2003-07-09T02:00:00,2003-07-09T03:00:00,EST,1.0,39,,Z,044,LOGAN,0,0,0,0,100000,,,0,,0,1,begin_coordinates_missing_or_invalid|damage_crops_missing|end_coordinates_missing_or_invalid|no_valid_location_points|requires_crosswalk_or_marine_review|timezone_not_normalized_to_utc
5329588,1159199,2003,2003-07-09T02:30:00,2003-07-09T03:10:00,EST,0.6666666666666666,39,,Z,043,SHELBY,0,0,0,0,80000,,,0,,0,1,begin_coordinates_missing_or_invalid|damage_crops_missing|end_coordinates_missing_or_invalid|no_valid_location_points|requires_crosswalk_or_marine_review|timezone_not_normalized_to_utc
5329589,1159199,2003,2003-07-09T02:00:00,2003-07-09T03:00:00,EST,1.0,39,,Z,042,DARKE,0,0,0,0,40000,,,0,,0,1,begin_coordinates_missing_or_invalid|damage_crops_missing|end_coordinates_missing_or_invalid|no_valid_location_points|requires_crosswalk_or_marine_review|timezone_not_normalized_to_utc
5329590,1159199,2003,2003-07-09T03:45:00,2003-07-09T04:30:00,EST,0.75,39,,Z,042,DARKE,0,0,0,0,40000,,,0,,0,1,begin_coordinates_missing_or_invalid|damage_crops_missing|end_coordinates_missing_or_invalid|no_valid_location_points|requires_crosswalk_or_marine_review|timezone_not_normalized_to_utc
5329639,1159199,2003,2003-07-09T04:00:00,2003-07-09T06:15:00,EST,2.25,39,,Z,044,LOGAN,0,0,0,0,100000,,,0,,0,1,begin_coordinates_missing_or_invalid|damage_crops_missing|end_coordinates_missing_or_invalid|no_valid_location_points|requires_crosswalk_or_marine_review|timezone_not_normalized_to_utc
5329640,1159199,2003,2003-07-09T05:00:00,2003-07-09T06:15:00,EST,1.25,39,,Z,043,SHELBY,0,0,0,0,100000,,,0,,0,1,begin_coordinates_missing_or_invalid|damage_crops_missing|end_coordinates_missing_or_invalid|no_valid_location_points|requires_crosswalk_or_marine_review|timezone_not_normalized_to_utc
5329641,1159199,2003,2003-07-09T04:45:00,2003-07-09T06:45:00,EST,2.0,39,,Z,060,PREBLE,0,0,0,0,10000,,,0,,0,1,begin_coordinates_missing_or_invalid|damage_crops_missing|end_coordinates_missing_or_invalid|no_valid_location_points|requires_crosswalk_or_marine_review|timezone_not_normalized_to_utc
5329642,1159199,2003,2003-07-09T05:00:00,2003-07-09T07:00:00,EST,2.0,39,,Z,061,MONTGOMERY,0,0,0,0,20000,,,0,,0,1,begin_coordinates_missing_or_invalid|damage_crops_missing|end_coordinates_missing_or_invalid|no_valid_location_points|requires_crosswalk_or_marine_review|timezone_not_normalized_to_utc
5329719,1159199,2003,2003-07-09T05:00:00,2003-07-09T07:00:00,EST,2.0,39,,Z,070,BUTLER,0,0,0,0,10000,,,0,,0,1,begin_coordinates_missing_or_invalid|damage_crops_missing|end_coordinates_missing_or_invalid|no_valid_location_points|requires_crosswalk_or_marine_review|timezone_not_normalized_to_utc
5329722,1159200,2003,2003-07-10T13:00:00,2003-07-10T13:50:00,EST,0.8333333333333334,21,,Z,090,GALLATIN,0,0,0,0,,,,0,,0,1,begin_coordinates_missing_or_invalid|damage_crops_missing|damage_property_missing|end_coordinates_missing_or_invalid|no_valid_location_points|requires_crosswalk_or_marine_review|timezone_not_normalized_to_utc
5329723,1159200,2003,2003-07-10T13:00:00,2003-07-10T13:50:00,EST,0.8333333333333334,21,,Z,095,GRANT,0,0,0,0,,,,0,,0,1,begin_coordinates_missing_or_invalid|damage_crops_missing|damage_property_missing|end_coordinates_missing_or_invalid|no_valid_location_points|requires_crosswalk_or_marine_review|timezone_not_normalized_to_utc
5329724,1159200,2003,2003-07-10T13:12:00,2003-07-10T13:50:00,EST,0.6333333333333333,21,,Z,089,CARROLL,0,0,0,0,,,,0,,0,1,begin_coordinates_missing_or_invalid|damage_crops_missing|damage_property_missing|end_coordinates_missing_or_invalid|no_valid_location_points|requires_crosswalk_or_marine_review|timezone_not_normalized_to_utc
5329725,1159200,2003,2003-07-10T13:17:00,2003-07-10T13:50:00,EST,0.55,21,,Z,094,OWEN,0,0,0,0,,,,0,,0,1,begin_coordinates_missing_or_invalid|damage_crops_missing|damage_property_missing|end_coordinates_missing_or_invalid|no_valid_location_points|requires_crosswalk_or_marine_review|timezone_not_normalized_to_utc
5329726,1159200,2003,2003-07-10T13:15:00,2003-07-10T14:20:00,EST,1.0833333333333333,21,,Z,092,KENTON,0,0,0,0,,,,0,,0,1,begin_coordinates_missing_or_invalid|damage_crops_missing|damage_property_missing|end_coordinates_missing_or_invalid|no_valid_location_points|requires_crosswalk_or_marine_review|timezone_not_normalized_to_utc
5329727,1159200,2003,2003-07-10T13:15:00,2003-07-10T14:20:00,EST,1.0833333333333333,21,,Z,093,CAMPBELL,0,0,0,0,,,,0,,0,1,begin_coordinates_missing_or_invalid|damage_crops_missing|damage_property_missing|end_coordinates_missing_or_invalid|no_valid_location_points|requires_crosswalk_or_marine_review|timezone_not_normalized_to_utc
5329728,1159200,2003,2003-07-10T14:00:00,2003-07-10T14:50:00,EST,0.8333333333333334,21,,Z,096,PENDLETON,0,0,0,0,,,,0,,0,1,begin_coordinates_missing_or_invalid|damage_crops_missing|damage_property_missing|end_coordinates_missing_or_invalid|no_valid_location_points|requires_crosswalk_or_marine_review|timezone_not_normalized_to_utc
5329770,1159174,2003,2003-07-01T00:41:00,2003-07-01T01:40:00,EST,0.9833333333333333,39,,Z,064,PICKAWAY,0,0,0,0,,,,0,,0,1,begin_coordinates_missing_or_invalid|damage_crops_missing|damage_property_missing|end_coordinates_missing_or_invalid|no_valid_location_points|requires_crosswalk_or_marine_review|timezone_not_normalized_to_utc
5329771,1159174,2003,2003-07-01T12:45:00,2003-07-01T14:00:00,EST,1.25,39,,Z,061,MONTGOMERY,0,0,0,0,,,,0,,0,1,begin_coordinates_missing_or_invalid|damage_crops_missing|damage_property_missing|end_coordinates_missing_or_invalid|no_valid_location_points|requires_crosswalk_or_marine_review|timezone_not_normalized_to_utc
5329772,1159174,2003,2003-07-01T15:30:00,2003-07-01T16:30:00,EST,1.0,39,,Z,063,FAYETTE,0,0,0,0,,,,0,,0,1,begin_coordinates_missing_or_invalid|damage_crops_missing|damage_property_missing|end_coordinates_missing_or_invalid|no_valid_location_points|requires_crosswalk_or_marine_review|timezone_not_normalized_to_utc
5329773,1159174,2003,2003-07-01T19:35:00,2003-07-01T21:00:00,EST,1.4166666666666667,39,,Z,026,HARDIN,0,0,0,0,,,,0,,0,1,begin_coordinates_missing_or_invalid|damage_crops_missing|damage_property_missing|end_coordinates_missing_or_invalid|no_valid_location_points|requires_crosswalk_or_marine_review|timezone_not_normalized_to_utc
5329775,1159175,2003,2003-07-18T23:30:00,2003-07-19T00:20:00,EST,0.8333333333333334,39,,Z,077,HAMILTON,0,0,0,0,,,,0,,0,1,begin_coordinates_missing_or_invalid|damage_crops_missing|damage_property_missing|end_coordinates_missing_or_invalid|no_valid_location_points|requires_crosswalk_or_marine_review|timezone_not_normalized_to_utc
5329776,1159175,2003,2003-07-19T01:30:00,2003-07-19T02:20:00,EST,0.8333333333333334,39,,Z,088,SCIOTO,0,0,0,0,,,,0,,0,1,begin_coordinates_missing_or_invalid|damage_crops_missing|damage_property_missing|end_coordinates_missing_or_invalid|no_valid_location_points|requires_crosswalk_or_marine_review|timezone_not_normalized_to_utc
5329777,1159176,2003,2003-07-18T23:30:00,2003-07-19T00:20:00,EST,0.8333333333333334,21,,Z,092,KENTON,0,0,0,0,,,,0,,0,1,begin_coordinates_missing_or_invalid|damage_crops_missing|damage_property_missing|end_coordinates_missing_or_invalid|no_valid_location_points|requires_crosswalk_or_marine_review|timezone_not_normalized_to_utc
5329778,1159176,2003,2003-07-18T23:30:00,2003-07-19T00:20:00,EST,0.8333333333333334,21,,Z,093,CAMPBELL,0,0,0,0,,,,0,,0,1,begin_coordinates_missing_or_invalid|damage_crops_missing|damage_property_missing|end_coordinates_missing_or_invalid|no_valid_location_points|requires_crosswalk_or_marine_review|timezone_not_normalized_to_utc
5329830,1159427,2003,2003-07-13T01:00:00,2003-07-13T04:00:00,EST,3.0,37,,Z,069,LINCOLN,0,0,0,0,,,,0,,0,1,begin_coordinates_missing_or_invalid|damage_crops_missing|damage_property_missing|end_coordinates_missing_or_invalid|no_valid_location_points|requires_crosswalk_or_marine_review|timezone_not_normalized_to_utc
5329831,1159428,2003,2003-07-13T01:00:00,2003-07-13T03:00:00,EST,2.0,37,,Z,067,RUTHERFORD,0,0,0,0,,,,0,,0,1,begin_coordinates_missing_or_invalid|damage_crops_missing|damage_property_missing|end_coordinates_missing_or_invalid|no_valid_location_points|requires_crosswalk_or_marine_review|timezone_not_normalized_to_utc
5329832,1159429,2003,2003-07-13T03:00:00,2003-07-13T05:00:00,EST,2.0,37,,Z,069,LINCOLN,0,0,0,0,,,,0,,0,1,begin_coordinates_missing_or_invalid|damage_crops_missing|damage_property_missing|end_coordinates_missing_or_invalid|no_valid_location_points|requires_crosswalk_or_marine_review|timezone_not_normalized_to_utc
5329852,1159194,2003,2003-07-06T15:25:00,2003-07-06T16:30:00,EST,1.0833333333333333,39,,Z,042,DARKE,0,0,0,0,,,,0,,0,1,begin_coordinates_missing_or_invalid|damage_crops_missing|damage_property_missing|end_coordinates_missing_or_invalid|no_valid_location_points|requires_crosswalk_or_marine_review|timezone_not_normalized_to_utc
5329915,1159403,2003,2003-07-01T19:15:00,2003-07-01T21:00:00,EST,1.75,37,,Z,058,GRAHAM,0,0,0,0,,,,0,,0,1,begin_coordinates_missing_or_invalid|damage_crops_missing|damage_property_missing|end_coordinates_missing_or_invalid|no_valid_location_points|requires_crosswalk_or_marine_review|timezone_not_normalized_to_utc
5329916,1159404,2003,2003-07-01T21:00:00,2003-07-02T02:00:00,EST,5.0,45,,Z,019,GREENWOOD,0,0,0,0,,,,0,,0,1,begin_coordinates_missing_or_invalid|damage_crops_missing|damage_property_missing|end_coordinates_missing_or_invalid|no_valid_location_points|requires_crosswalk_or_marine_review|timezone_not_normalized_to_utc
5329917,1159405,2003,2003-07-01T21:00:00,2003-07-01T23:00:00,EST,2.0,37,,Z,062,MACON,0,0,0,0,,,,0,,0,1,begin_coordinates_missing_or_invalid|damage_crops_missing|damage_property_missing|end_coordinates_missing_or_invalid|no_valid_location_points|requires_crosswalk_or_marine_review|timezone_not_normalized_to_utc
5329918,1159406,2003,2003-07-01T21:30:00,2003-07-02T01:00:00,EST,3.5,13,,Z,017,HABERSHAM,0,0,0,0,,,,0,,0,1,begin_coordinates_missing_or_invalid|damage_crops_missing|damage_property_missing|end_coordinates_missing_or_invalid|no_valid_location_points|requires_crosswalk_or_marine_review|timezone_not_normalized_to_utc
5329919,1159407,2003,2003-07-01T21:30:00,2003-07-02T01:00:00,EST,3.5,13,,Z,018,STEPHENS,0,0,0,0,,,,0,,0,1,begin_coordinates_missing_or_invalid|damage_crops_missing|damage_property_missing|end_coordinates_missing_or_invalid|no_valid_location_points|requires_crosswalk_or_marine_review|timezone_not_normalized_to_utc
5329920,1159408,2003,2003-07-01T21:30:00,2003-07-02T01:00:00,EST,3.5,13,,Z,010,RABUN,0,0,0,0,,,,0,,0,1,begin_coordinates_missing_or_invalid|damage_crops_missing|damage_property_missing|end_coordinates_missing_or_invalid|no_valid_location_points|requires_crosswalk_or_marine_review|timezone_not_normalized_to_utc
5329941,1159195,2003,2003-07-07T03:47:00,2003-07-07T06:30:00,EST,2.716666666666667,39,,Z,043,SHELBY,0,0,0,0,60000,,,0,"[[40.36667,-83.76667],[40.33333,-83.58333]]",0,1,damage_crops_missing|requires_crosswalk_or_marine_review|timezone_not_normalized_to_utc
5329942,1159195,2003,2003-07-07T04:15:00,2003-07-07T06:30:00,EST,2.25,39,,Z,044,LOGAN,0,0,0,0,150000,,,0,"[[40.28333,-84.15]]",0,1,damage_crops_missing|requires_crosswalk_or_marine_review|timezone_not_normalized_to_utc
5329943,1159195,2003,2003-07-07T06:30:00,2003-07-07T07:30:00,EST,1.0,39,,Z,060,PREBLE,0,0,0,0,,,,0,"[[40.1,-83.11667],[40.11667,-82.91667]]",0,1,damage_crops_missing|damage_property_missing|requires_crosswalk_or_marine_review|timezone_not_normalized_to_utc
5329974,1159409,2003,2003-07-02T00:00:00,2003-07-02T05:00:00,EST,5.0,45,,Z,006,GREATER GREENVILLE,0,0,0,0,,,,0,,0,1,begin_coordinates_missing_or_invalid|damage_crops_missing|damage_property_missing|end_coordinates_missing_or_invalid|no_valid_location_points|requires_crosswalk_or_marine_review|timezone_not_normalized_to_utc
5329975,1159410,2003,2003-07-02T00:00:00,2003-07-02T05:00:00,EST,5.0,45,,Z,010,ANDERSON,0,0,0,0,,,,0,,0,1,begin_coordinates_missing_or_invalid|damage_crops_missing|damage_property_missing|end_coordinates_missing_or_invalid|no_valid_location_points|requires_crosswalk_or_marine_review|timezone_not_normalized_to_utc
5330000,1159195,2003,2003-07-07T14:00:00,2003-07-07T15:00:00,EST,1.0,39,,Z,042,DARKE,0,0,0,0,20000,,,0,"[[40.16667,-83.08333],[40.23333,-82.85]]",0,1,damage_crops_missing|requires_crosswalk_or_marine_review|timezone_not_normalized_to_utc
5330001,1159195,2003,2003-07-07T14:00:00,2003-07-07T15:20:00,EST,1.3333333333333333,39,,Z,043,SHELBY,0,0,0,0,20000,,,0,"[[40.06667,-82.41667]]",0,1,damage_crops_missing|requires_crosswalk_or_marine_review|timezone_not_normalized_to_utc
5330060,1159194,2003,2003-07-06T15:19:00,2003-07-06T16:45:00,EST,1.4333333333333333,39,,Z,043,SHELBY,0,0,0,0,,,,0,,0,1,begin_coordinates_missing_or_invalid|damage_crops_missing|damage_property_missing|end_coordinates_missing_or_invalid|no_valid_location_points|requires_crosswalk_or_marine_review|timezone_not_normalized_to_utc
5330072,1159056,2003,2003-07-03T10:03:00,2003-07-05T00:58:00,EST,38.916666666666664,51,,Z,059,CHARLOTTE,0,0,0,0,0,,,0,,0,1,begin_coordinates_missing_or_invalid|damage_crops_missing|end_coordinates_missing_or_invalid|no_valid_location_points|requires_crosswalk_or_marine_review|timezone_not_normalized_to_utc
5330073,1159056,2003,2003-07-03T19:00:00,2003-07-04T00:00:00,EST,5.0,51,,Z,047,BUCKINGHAM,0,0,0,0,0,,,0,,0,1,begin_coordinates_missing_or_invalid|damage_crops_missing|end_coordinates_missing_or_invalid|no_valid_location_points|requires_crosswalk_or_marine_review|timezone_not_normalized_to_utc
5330112,1159448,2003,2003-07-31T00:30:00,2003-07-31T04:00:00,EST,3.5,37,,Z,066,POLK,0,0,0,0,,,,0,,0,1,begin_coordinates_missing_or_invalid|damage_crops_missing|damage_property_missing|end_coordinates_missing_or_invalid|no_valid_location_points|requires_crosswalk_or_marine_review|timezone_not_normalized_to_utc
5330118,1159194,2003,2003-07-06T16:40:00,2003-07-06T17:20:00,EST,0.6666666666666666,39,,Z,051,MIAMI,0,0,0,0,,,,0,,0,1,begin_coordinates_missing_or_invalid|damage_crops_missing|damage_property_missing|end_coordinates_missing_or_invalid|no_valid_location_points|requires_crosswalk_or_marine_review|timezone_not_normalized_to_utc
5330119,1159194,2003,2003-07-06T20:02:00,2003-07-06T20:50:00,EST,0.8,39,,Z,035,AUGLAIZE,0,0,0,0,,,,0,,0,1,begin_coordinates_missing_or_invalid|damage_crops_missing|damage_property_missing|end_coordinates_missing_or_invalid|no_valid_location_points|requires_crosswalk_or_marine_review|timezone_not_normalized_to_utc
5330158,1158991,2003,2003-07-21T01:00:00,2003-07-21T06:00:00,MST,5.0,04,,Z,032,C PIMA,0,0,0,0,40000,0,,0,,0,1,begin_coordinates_missing_or_invalid|end_coordinates_missing_or_invalid|no_valid_location_points|requires_crosswalk_or_marine_review|timezone_not_normalized_to_utc
5330183,1159411,2003,2003-07-02T01:00:00,2003-07-02T05:00:00,EST,4.0,37,,Z,066,POLK,0,0,0,0,,,,0,,0,1,begin_coordinates_missing_or_invalid|damage_crops_missing|damage_property_missing|end_coordinates_missing_or_invalid|no_valid_location_points|requires_crosswalk_or_marine_review|timezone_not_normalized_to_utc
5330184,1159412,2003,2003-07-02T05:00:00,2003-07-02T14:00:00,EST,9.0,45,,Z,006,GREATER GREENVILLE,0,0,0,0,,,,0,,0,1,begin_coordinates_missing_or_invalid|damage_crops_missing|damage_property_missing|end_coordinates_missing_or_invalid|no_valid_location_points|requires_crosswalk_or_marine_review|timezone_not_normalized_to_utc
5330210,1159195,2003,2003-07-07T14:00:00,2003-07-07T15:20:00,EST,1.3333333333333333,39,,Z,035,AUGLAIZE,0,0,0,0,100000,,,0,"[[40.55,-84.56667]]",0,1,damage_crops_missing|requires_crosswalk_or_marine_review|timezone_not_normalized_to_utc
5330242,1159187,2003,2003-07-04T19:00:00,2003-07-04T20:15:00,EST,1.25,39,,Z,034,MERCER,0,0,0,0,,,,0,"[[40.13333,-83.76667]]",0,1,damage_crops_missing|damage_property_missing|requires_crosswalk_or_marine_review|timezone_not_normalized_to_utc
5330243,1159187,2003,2003-07-04T20:30:00,2003-07-04T21:00:00,EST,0.5,39,,Z,035,AUGLAIZE,0,0,0,0,,,,0,"[[39.91667,-83.8]]",0,1,damage_crops_missing|damage_property_missing|requires_crosswalk_or_marine_review|timezone_not_normalized_to_utc
5330244,1159187,2003,2003-07-04T20:30:00,2003-07-04T21:00:00,EST,0.5,39,,Z,061,MONTGOMERY,0,0,0,0,,,,0,"[[39.81667,-84.01667]]",0,1,damage_crops_missing|damage_property_missing|requires_crosswalk_or_marine_review|timezone_not_normalized_to_utc
5330251,1159189,2003,2003-07-04T21:00:00,2003-07-04T21:45:00,EST,0.75,18,,Z,059,UNION,0,0,0,0,,,,0,,0,1,begin_coordinates_missing_or_invalid|damage_crops_missing|damage_property_missing|end_coordinates_missing_or_invalid|no_valid_location_points|requires_crosswalk_or_marine_review|timezone_not_normalized_to_utc
5330263,1159195,2003,2003-07-07T14:25:00,2003-07-07T17:00:00,EST,2.5833333333333335,39,,Z,044,LOGAN,0,0,0,0,150000,,,0,"[[40.15,-83.75]]",0,1,damage_crops_missing|requires_crosswalk_or_marine_review|timezone_not_normalized_to_utc
5330264,1159195,2003,2003-07-07T14:15:00,2003-07-07T15:20:00,EST,1.0833333333333333,39,,Z,051,MIAMI,0,0,0,0,30000,,,0,"[[40.08333,-83.06667]]",0,1,damage_crops_missing|requires_crosswalk_or_marine_review|timezone_not_normalized_to_utc
5330265,1159195,2003,2003-07-07T15:00:00,2003-07-07T17:00:00,EST,2.0,39,,Z,052,CHAMPAIGN,0,0,0,0,,,,0,,0,1,begin_coordinates_missing_or_invalid|damage_crops_missing|damage_property_missing|end_coordinates_missing_or_invalid|no_valid_location_points|requires_crosswalk_or_marine_review|timezone_not_normalized_to_utc
5330266,1159195,2003,2003-07-07T09:00:00,2003-07-07T10:00:00,EST,1.0,39,,Z,070,BUTLER,0,0,0,0,,,,0,,0,1,begin_coordinates_missing_or_invalid|damage_crops_missing|damage_property_missing|end_coordinates_missing_or_invalid|no_valid_location_points|requires_crosswalk_or_marine_review|timezone_not_normalized_to_utc
5330304,1159204,2003,2003-07-08T15:00:00,2003-07-08T17:00:00,EST,2.0,39,,Z,053,CLARK,0,0,0,0,,,,0,,0,1,begin_coordinates_missing_or_invalid|damage_crops_missing|damage_property_missing|end_coordinates_missing_or_invalid|no_valid_location_points|requires_crosswalk_or_marine_review|timezone_not_normalized_to_utc
5330429,1159008,2003,2003-07-28T09:00:00,2003-07-31T23:30:00,MST,86.5,04,,Z,032,C PIMA,0,0,0,0,40000,0,,0,,0,1,begin_coordinates_missing_or_invalid|end_coordinates_missing_or_invalid|no_valid_location_points|requires_crosswalk_or_marine_review|timezone_not_normalized_to_utc
5330536,1163883,2003,2003-11-12T13:00:00,2003-11-12T19:00:00,EST,6.0,54,,Z,005,WAYNE,0,0,0,0,400000,,,0,,0,1,begin_coordinates_missing_or_invalid|damage_crops_missing|end_coordinates_missing_or_invalid|no_valid_location_points|requires_crosswalk_or_marine_review|timezone_not_normalized_to_utc
5330537,1163883,2003,2003-11-12T13:30:00,2003-11-12T19:00:00,EST,5.5,54,,Z,027,CLAY,0,0,0,0,100000,,,0,"[[37.83333,-81.43333]]",0,1,damage_crops_missing|requires_crosswalk_or_marine_review|timezone_not_normalized_to_utc
5330538,1163883,2003,2003-11-12T13:00:00,2003-11-12T21:00:00,EST,8.0,54,,Z,015,KANAWHA,0,0,,0,6600000.0,,,0,"[[37.56667,-81.48333]]",0,1,damage_crops_missing|deaths_direct_detail_mismatch|requires_crosswalk_or_marine_review|timezone_not_normalized_to_utc
5330539,1163883,2003,2003-11-12T13:00:00,2003-11-12T19:00:00,EST,6.0,54,,Z,014,PUTNAM,0,0,0,0,250000,,,0,"[[37.35,-81.8]]",0,1,damage_crops_missing|requires_crosswalk_or_marine_review|timezone_not_normalized_to_utc
5330540,1163883,2003,2003-11-12T14:00:00,2003-11-12T19:00:00,EST,5.0,54,,Z,037,NICHOLAS,0,0,0,0,150000,,,0,,0,1,begin_coordinates_missing_or_invalid|damage_crops_missing|end_coordinates_missing_or_invalid|no_valid_location_points|requires_crosswalk_or_marine_review|timezone_not_normalized_to_utc
5330541,1163883,2003,2003-11-12T16:00:00,2003-11-12T19:00:00,EST,3.0,54,,Z,026,BOONE,0,0,0,0,100000,,,0,,0,1,begin_coordinates_missing_or_invalid|damage_crops_missing|end_coordinates_missing_or_invalid|no_valid_location_points|requires_crosswalk_or_marine_review|timezone_not_normalized_to_utc
5330542,1163883,2003,2003-11-12T14:00:00,2003-11-12T19:00:00,EST,5.0,54,,Z,038,WEBSTER,0,0,0,0,80000,,,0,,0,1,begin_coordinates_missing_or_invalid|damage_crops_missing|end_coordinates_missing_or_invalid|no_valid_location_points|requires_crosswalk_or_marine_review|timezone_not_normalized_to_utc
5330544,1163887,2003,2003-11-12T12:00:00,2003-11-12T19:00:00,EST,7.0,21,,Z,103,BOYD,0,0,0,0,15000,,,0,,0,1,begin_coordinates_missing_or_invalid|damage_crops_missing|end_coordinates_missing_or_invalid|no_valid_location_points|requires_crosswalk_or_marine_review|timezone_not_normalized_to_utc
5330545,1163887,2003,2003-11-12T12:00:00,2003-11-12T19:00:00,EST,7.0,21,,Z,105,LAWRENCE,0,0,0,0,15000,,,0,,0,1,begin_coordinates_missing_or_invalid|damage_crops_missing|end_coordinates_missing_or_invalid|no_valid_location_points|requires_crosswalk_or_marine_review|timezone_not_normalized_to_utc
5330546,1163888,2003,2003-11-19T06:00:00,2003-11-20T05:00:00,EST,23.0,54,,Z,006,CABELL,0,0,0,0,500000,,,0,,0,1,begin_coordinates_missing_or_invalid|damage_crops_missing|end_coordinates_missing_or_invalid|no_valid_location_points|requires_crosswalk_or_marine_review|timezone_not_normalized_to_utc
5330547,1163888,2003,2003-11-19T06:00:00,2003-11-20T02:00:00,EST,20.0,54,,Z,005,WAYNE,0,0,1,0,300000,,,1,,0,1,begin_coordinates_missing_or_invalid|damage_crops_missing|end_coordinates_missing_or_invalid|no_valid_location_points|requires_crosswalk_or_marine_review|timezone_not_normalized_to_utc
5330548,1163888,2003,2003-11-19T06:00:00,2003-11-20T06:00:00,EST,24.0,54,,Z,014,PUTNAM,0,0,0,0,500000,,,0,,0,1,begin_coordinates_missing_or_invalid|damage_crops_missing|end_coordinates_missing_or_invalid|no_valid_location_points|requires_crosswalk_or_marine_review|timezone_not_normalized_to_utc
5330549,1163888,2003,2003-11-19T06:00:00,2003-11-19T10:00:00,EST,4.0,54,,Z,008,JACKSON,0,0,0,0,10000,,,0,,0,1,begin_coordinates_missing_or_invalid|damage_crops_missing|end_coordinates_missing_or_invalid|no_valid_location_points|requires_crosswalk_or_marine_review|timezone_not_normalized_to_utc
5330550,1163888,2003,2003-11-19T06:00:00,2003-11-20T06:00:00,EST,24.0,54,,Z,015,KANAWHA,0,0,0,0,2000000,,,0,,0,1,begin_coordinates_missing_or_invalid|damage_crops_missing|end_coordinates_missing_or_invalid|no_valid_location_points|requires_crosswalk_or_marine_review|timezone_not_normalized_to_utc
5330551,1163888,2003,2003-11-19T06:00:00,2003-11-19T22:00:00,EST,16.0,54,,Z,013,LINCOLN,0,0,0,0,200000,,,0,,0,1,begin_coordinates_missing_or_invalid|damage_crops_missing|end_coordinates_missing_or_invalid|no_valid_location_points|requires_crosswalk_or_marine_review|timezone_not_normalized_to_utc
5330552,1163888,2003,2003-11-19T06:30:00,2003-11-19T20:00:00,EST,13.5,54,,Z,019,RITCHIE,0,0,0,0,100000,,,0,,0,1,begin_coordinates_missing_or_invalid|damage_crops_missing|end_coordinates_missing_or_invalid|no_valid_location_points|requires_crosswalk_or_marine_review|timezone_not_normalized_to_utc
5330619,1164465,2003,2003-11-12T04:00:00,2003-11-12T07:00:00,EST,3.0,39,,Z,074,HOCKING,0,0,0,0,,,,0,,0,1,begin_coordinates_missing_or_invalid|damage_crops_missing|damage_property_missing|end_coordinates_missing_or_invalid|no_valid_location_points|requires_crosswalk_or_marine_review|timezone_not_normalized_to_utc
5330626,1164469,2003,2003-11-20T09:30:00,2003-11-20T13:30:00,EST,4.0,33,,Z,003,NORTHERN GRAFTON,0,0,0,0,,,,0,,0,1,begin_coordinates_missing_or_invalid|damage_crops_missing|damage_property_missing|end_coordinates_missing_or_invalid|no_valid_location_points|requires_crosswalk_or_marine_review|timezone_not_normalized_to_utc
5330651,1164749,2003,2003-05-18T23:00:00,2003-05-19T13:30:00,EST,14.5,51,,Z,023,BOTETOURT,0,0,0,0,,,,0,,0,1,begin_coordinates_missing_or_invalid|damage_crops_missing|damage_property_missing|end_coordinates_missing_or_invalid|no_valid_location_points|requires_crosswalk_or_marine_review|timezone_not_normalized_to_utc
5330652,1164749,2003,2003-05-19T06:30:00,2003-05-20T19:00:00,EST,36.5,51,,Z,047,BUCKINGHAM,0,0,0,0,,,,0,,0,1,begin_coordinates_missing_or_invalid|damage_crops_missing|damage_property_missing|end_coordinates_missing_or_invalid|no_valid_location_points|requires_crosswalk_or_marine_review|timezone_not_normalized_to_utc
5330653,1164749,2003,2003-05-19T06:30:00,2003-05-21T08:30:00,EST,50.0,51,,Z,059,CHARLOTTE,0,0,0,0,,,,0,,0,1,begin_coordinates_missing_or_invalid|damage_crops_missing|damage_property_missing|end_coordinates_missing_or_invalid|no_valid_location_points|requires_crosswalk_or_marine_review|timezone_not_normalized_to_utc
5330654,1164749,2003,2003-05-19T06:30:00,2003-05-21T08:30:00,EST,50.0,51,,Z,058,HALIFAX,0,0,0,0,,,,0,,0,1,begin_coordinates_missing_or_invalid|damage_crops_missing|damage_property_missing|end_coordinates_missing_or_invalid|no_valid_location_points|requires_crosswalk_or_marine_review|timezone_not_normalized_to_utc
5330655,1164750,2003,2003-05-26T02:00:00,2003-05-28T19:00:00,EST,65.0,51,,Z,058,HALIFAX,0,0,0,0,,,,0,,0,1,begin_coordinates_missing_or_invalid|damage_crops_missing|damage_property_missing|end_coordinates_missing_or_invalid|no_valid_location_points|requires_crosswalk_or_marine_review|timezone_not_normalized_to_utc
5330656,1164751,2003,2003-05-06T11:25:00,2003-05-06T12:34:00,EST,1.15,51,,Z,024,ROCKBRIDGE / BUENA VISTA / LEXINGTON,0,0,0,0,,,,0,,0,1,begin_coordinates_missing_or_invalid|damage_crops_missing|damage_property_missing|end_coordinates_missing_or_invalid|no_valid_location_points|requires_crosswalk_or_marine_review|timezone_not_normalized_to_utc
5330657,1164752,2003,2003-06-05T01:01:00,2003-06-06T17:01:00,EST,40.0,51,,Z,058,HALIFAX,0,0,0,0,,,,0,,0,1,begin_coordinates_missing_or_invalid|damage_crops_missing|damage_property_missing|end_coordinates_missing_or_invalid|no_valid_location_points|requires_crosswalk_or_marine_review|timezone_not_normalized_to_utc
5330658,1164753,2003,2003-06-06T17:27:00,2003-06-06T18:32:00,EST,1.0833333333333333,51,,Z,024,ROCKBRIDGE / BUENA VISTA / LEXINGTON,0,0,0,0,,,,0,,0,1,begin_coordinates_missing_or_invalid|damage_crops_missing|damage_property_missing|end_coordinates_missing_or_invalid|no_valid_location_points|requires_crosswalk_or_marine_review|timezone_not_normalized_to_utc
5330659,1164754,2003,2003-06-08T02:43:00,2003-06-11T09:45:00,EST,79.03333333333333,51,,Z,058,HALIFAX,0,0,0,0,,,,0,,0,1,begin_coordinates_missing_or_invalid|damage_crops_missing|damage_property_missing|end_coordinates_missing_or_invalid|no_valid_location_points|requires_crosswalk_or_marine_review|timezone_not_normalized_to_utc
5330660,1164754,2003,2003-06-08T09:27:00,2003-06-09T15:45:00,EST,30.3,51,,Z,059,CHARLOTTE,0,0,0,0,,,,0,,0,1,begin_coordinates_missing_or_invalid|damage_crops_missing|damage_property_missing|end_coordinates_missing_or_invalid|no_valid_location_points|requires_crosswalk_or_marine_review|timezone_not_normalized_to_utc
5330661,1164754,2003,2003-06-09T19:22:00,2003-06-10T06:25:00,EST,11.05,51,,Z,059,CHARLOTTE,0,0,0,0,,,,0,,0,1,begin_coordinates_missing_or_invalid|damage_crops_missing|damage_property_missing|end_coordinates_missing_or_invalid|no_valid_location_points|requires_crosswalk_or_marine_review|timezone_not_normalized_to_utc
5330662,1164755,2003,2003-06-13T09:12:00,2003-06-14T05:40:00,EST,20.466666666666665,51,,Z,058,HALIFAX,0,0,0,0,,,,0,,0,1,begin_coordinates_missing_or_invalid|damage_crops_missing|damage_property_missing|end_coordinates_missing_or_invalid|no_valid_location_points|requires_crosswalk_or_marine_review|timezone_not_normalized_to_utc
5330663,1164756,2003,2003-06-16T12:34:00,2003-06-21T01:20:00,EST,108.76666666666667,51,,Z,058,HALIFAX,0,0,0,0,,,,0,,0,1,begin_coordinates_missing_or_invalid|damage_crops_missing|damage_property_missing|end_coordinates_missing_or_invalid|no_valid_location_points|requires_crosswalk_or_marine_review|timezone_not_normalized_to_utc
5330664,1164756,2003,2003-06-18T05:52:00,2003-06-20T14:15:00,EST,56.38333333333333,51,,Z,059,CHARLOTTE,0,0,0,0,,,,0,,0,1,begin_coordinates_missing_or_invalid|damage_crops_missing|damage_property_missing|end_coordinates_missing_or_invalid|no_valid_location_points|requires_crosswalk_or_marine_review|timezone_not_normalized_to_utc
5330665,1164757,2003,2003-08-08T22:21:00,2003-08-09T11:32:00,EST,13.183333333333334,51,,Z,058,HALIFAX,0,0,0,0,,,,0,,0,1,begin_coordinates_missing_or_invalid|damage_crops_missing|damage_property_missing|end_coordinates_missing_or_invalid|no_valid_location_points|requires_crosswalk_or_marine_review|timezone_not_normalized_to_utc
5330666,1164758,2003,2003-08-11T18:00:00,2003-08-13T04:28:00,EST,34.46666666666667,51,,Z,058,HALIFAX,0,0,0,0,,,,0,,0,1,begin_coordinates_missing_or_invalid|damage_crops_missing|damage_property_missing|end_coordinates_missing_or_invalid|no_valid_location_points|requires_crosswalk_or_marine_review|timezone_not_normalized_to_utc
5330667,1164758,2003,2003-08-11T19:41:00,2003-08-12T10:12:00,EST,14.516666666666667,51,,Z,059,CHARLOTTE,0,0,0,0,,,,0,,0,1,begin_coordinates_missing_or_invalid|damage_crops_missing|damage_property_missing|end_coordinates_missing_or_invalid|no_valid_location_points|requires_crosswalk_or_marine_review|timezone_not_normalized_to_utc
5330775,1164582,2003,2003-12-11T10:05:00,2003-12-11T14:00:00,EST,3.9166666666666665,42,,Z,034,BEDFORD,0,0,0,0,,,,0,,0,1,begin_coordinates_missing_or_invalid|damage_crops_missing|damage_property_missing|end_coordinates_missing_or_invalid|no_valid_location_points|requires_crosswalk_or_marine_review|timezone_not_normalized_to_utc
5330776,1164583,2003,2003-12-11T08:31:00,2003-12-11T17:30:00,EST,8.983333333333333,42,,Z,065,YORK,0,0,0,0,,,,0,,0,1,begin_coordinates_missing_or_invalid|damage_crops_missing|damage_property_missing|end_coordinates_missing_or_invalid|no_valid_location_points|requires_crosswalk_or_marine_review|timezone_not_normalized_to_utc
5330777,1164584,2003,2003-12-11T05:41:00,2003-12-11T14:30:00,EST,8.816666666666666,42,,Z,036,FRANKLIN,0,0,0,0,,,,0,,0,1,begin_coordinates_missing_or_invalid|damage_crops_missing|damage_property_missing|end_coordinates_missing_or_invalid|no_valid_location_points|requires_crosswalk_or_marine_review|timezone_not_normalized_to_utc
5330778,1164585,2003,2003-12-11T08:31:00,2003-12-11T17:30:00,EST,8.983333333333333,42,,Z,066,LANCASTER,0,0,0,0,,,,0,,0,1,begin_coordinates_missing_or_invalid|damage_crops_missing|damage_property_missing|end_coordinates_missing_or_invalid|no_valid_location_points|requires_crosswalk_or_marine_review|timezone_not_normalized_to_utc
5330779,1164586,2003,2003-12-11T08:31:00,2003-12-11T17:30:00,EST,8.983333333333333,42,,Z,059,LEBANON,0,0,0,0,,,,0,,0,1,begin_coordinates_missing_or_invalid|damage_crops_missing|damage_property_missing|end_coordinates_missing_or_invalid|no_valid_location_points|requires_crosswalk_or_marine_review|timezone_not_normalized_to_utc
5330780,1164587,2003,2003-12-11T08:31:00,2003-12-11T14:30:00,EST,5.983333333333333,42,,Z,058,SCHUYLKILL,0,0,0,0,,,,0,,0,1,begin_coordinates_missing_or_invalid|damage_crops_missing|damage_property_missing|end_coordinates_missing_or_invalid|no_valid_location_points|requires_crosswalk_or_marine_review|timezone_not_normalized_to_utc
5330781,1164588,2003,2003-12-11T08:31:00,2003-12-11T14:30:00,EST,5.983333333333333,42,,Z,064,ADAMS,0,0,0,0,,,,0,,0,1,begin_coordinates_missing_or_invalid|damage_crops_missing|damage_property_missing|end_coordinates_missing_or_invalid|no_valid_location_points|requires_crosswalk_or_marine_review|timezone_not_normalized_to_utc
5330782,1164589,2003,2003-12-11T08:45:00,2003-12-11T11:00:00,EST,2.25,42,,Z,037,TIOGA,0,0,0,0,,,,0,,0,1,begin_coordinates_missing_or_invalid|damage_crops_missing|damage_property_missing|end_coordinates_missing_or_invalid|no_valid_location_points|requires_crosswalk_or_marine_review|timezone_not_normalized_to_utc
5330783,1164590,2003,2003-12-11T17:45:00,2003-12-13T01:00:00,EST,31.25,42,,Z,063,CUMBERLAND,0,0,0,0,,,,0,,0,1,begin_coordinates_missing_or_invalid|damage_crops_missing|damage_property_missing|end_coordinates_missing_or_invalid|no_valid_location_points|requires_crosswalk_or_marine_review|timezone_not_normalized_to_utc
5330784,1164591,2003,2003-12-11T08:00:00,2003-12-12T16:00:00,EST,32.0,42,,Z,063,CUMBERLAND,0,0,0,0,,,,0,,0,1,begin_coordinates_missing_or_invalid|damage_crops_missing|damage_property_missing|end_coordinates_missing_or_invalid|no_valid_location_points|requires_crosswalk_or_marine_review|timezone_not_normalized_to_utc
5330804,1164767,2003,2003-12-12T01:30:00,2003-12-12T06:30:00,EST,5.0,51,,Z,058,HALIFAX,0,0,0,0,0,,,0,,0,1,begin_coordinates_missing_or_invalid|damage_crops_missing|end_coordinates_missing_or_invalid|no_valid_location_points|requires_crosswalk_or_marine_review|timezone_not_normalized_to_utc
5330805,1164767,2003,2003-12-12T04:30:00,2003-12-12T04:30:00,EST,0.0,51,,Z,059,CHARLOTTE,0,0,0,0,0,,,0,,0,1,begin_coordinates_missing_or_invalid|damage_crops_missing|end_coordinates_missing_or_invalid|no_valid_location_points|requires_crosswalk_or_marine_review|timezone_not_normalized_to_utc
5330884,1164483,2003,2003-11-20T08:40:00,2003-11-20T12:00:00,EST,3.3333333333333335,50,,Z,017,EASTERN CHITTENDEN,0,0,0,0,1000,,,0,,0,1,begin_coordinates_missing_or_invalid|damage_crops_missing|end_coordinates_missing_or_invalid|no_valid_location_points|requires_crosswalk_or_marine_review|timezone_not_normalized_to_utc
5330885,1164483,2003,2003-11-20T08:40:00,2003-11-20T12:00:00,EST,3.3333333333333335,50,,Z,005,WESTERN CHITTENDEN,0,0,0,0,1000,,,0,,0,1,begin_coordinates_missing_or_invalid|damage_crops_missing|end_coordinates_missing_or_invalid|no_valid_location_points|requires_crosswalk_or_marine_review|timezone_not_normalized_to_utc
5330886,1164484,2003,2003-11-20T09:50:00,2003-11-20T23:50:00,EST,14.0,50,,Z,002,WESTERN FRANKLIN,0,0,0,0,5000,,,0,,0,1,begin_coordinates_missing_or_invalid|damage_crops_missing|end_coordinates_missing_or_invalid|no_valid_location_points|requires_crosswalk_or_marine_review|timezone_not_normalized_to_utc
5330887,1164484,2003,2003-11-20T09:50:00,2003-11-20T23:50:00,EST,14.0,50,,Z,016,EASTERN FRANKLIN,0,0,0,0,5000,,,0,,0,1,begin_coordinates_missing_or_invalid|damage_crops_missing|end_coordinates_missing_or_invalid|no_valid_location_points|requires_crosswalk_or_marine_review|timezone_not_normalized_to_utc
5330888,1164485,2003,2003-11-20T15:00:00,2003-11-20T22:00:00,EST,7.0,50,,Z,006,LAMOILLE,0,0,0,0,1000,,,0,,0,1,begin_coordinates_missing_or_invalid|damage_crops_missing|end_coordinates_missing_or_invalid|no_valid_location_points|requires_crosswalk_or_marine_review|timezone_not_normalized_to_utc
5330889,1164486,2003,2003-11-20T15:00:00,2003-11-20T23:00:00,EST,8.0,50,,Z,003,ORLEANS,0,0,0,0,1000,,,0,,0,1,begin_coordinates_missing_or_invalid|damage_crops_missing|end_coordinates_missing_or_invalid|no_valid_location_points|requires_crosswalk_or_marine_review|timezone_not_normalized_to_utc
5330890,1164487,2003,2003-11-20T13:00:00,2003-11-20T15:30:00,EST,2.5,50,,Z,008,WASHINGTON,0,0,0,0,1000,,,0,,0,1,begin_coordinates_missing_or_invalid|damage_crops_missing|end_coordinates_missing_or_invalid|no_valid_location_points|requires_crosswalk_or_marine_review|timezone_not_normalized_to_utc
5330904,1164592,2003,2003-12-11T09:00:00,2003-12-11T22:15:00,EST,13.25,42,,Z,012,NORTHERN CLINTON,0,0,0,0,,,,0,,0,1,begin_coordinates_missing_or_invalid|damage_crops_missing|damage_property_missing|end_coordinates_missing_or_invalid|no_valid_location_points|requires_crosswalk_or_marine_review|timezone_not_normalized_to_utc
5330905,1164592,2003,2003-12-11T09:00:00,2003-12-11T22:15:00,EST,13.25,42,,Z,045,SOUTHERN CLINTON,0,0,0,0,,,,0,,0,1,begin_coordinates_missing_or_invalid|damage_crops_missing|damage_property_missing|end_coordinates_missing_or_invalid|no_valid_location_points|requires_crosswalk_or_marine_review|timezone_not_normalized_to_utc
5330906,1164593,2003,2003-12-11T06:30:00,2003-12-12T00:01:00,EST,17.516666666666666,42,,Z,056,PERRY,0,0,0,0,,,,0,,0,1,begin_coordinates_missing_or_invalid|damage_crops_missing|damage_property_missing|end_coordinates_missing_or_invalid|no_valid_location_points|requires_crosswalk_or_marine_review|timezone_not_normalized_to_utc
5330907,1164594,2003,2003-12-11T06:45:00,2003-12-12T06:45:00,EST,24.0,42,,Z,026,HUNTINGDON,0,0,0,0,,,,0,,0,1,begin_coordinates_missing_or_invalid|damage_crops_missing|damage_property_missing|end_coordinates_missing_or_invalid|no_valid_location_points|requires_crosswalk_or_marine_review|timezone_not_normalized_to_utc
5330908,1164595,2003,2003-12-11T12:30:00,2003-12-12T10:30:00,EST,22.0,42,,Z,059,LEBANON,0,0,0,0,,,,0,,0,1,begin_coordinates_missing_or_invalid|damage_crops_missing|damage_property_missing|end_coordinates_missing_or_invalid|no_valid_location_points|requires_crosswalk_or_marine_review|timezone_not_normalized_to_utc
5330909,1164596,2003,2003-12-11T12:46:00,2003-12-11T22:00:00,EST,9.233333333333333,42,,Z,049,UNION,0,0,0,0,,,,0,,0,1,begin_coordinates_missing_or_invalid|damage_crops_missing|damage_property_missing|end_coordinates_missing_or_invalid|no_valid_location_points|requires_crosswalk_or_marine_review|timezone_not_normalized_to_utc
5330910,1164596,2003,2003-12-11T12:46:00,2003-12-11T22:00:00,EST,9.233333333333333,42,,Z,050,SNYDER,0,0,0,0,,,,0,,0,1,begin_coordinates_missing_or_invalid|damage_crops_missing|damage_property_missing|end_coordinates_missing_or_invalid|no_valid_location_points|requires_crosswalk_or_marine_review|timezone_not_normalized_to_utc
5330911,1164597,2003,2003-12-11T19:45:00,2003-12-12T16:00:00,EST,20.25,42,,Z,057,DAUPHIN,0,0,0,0,,,,0,,0,1,begin_coordinates_missing_or_invalid|damage_crops_missing|damage_property_missing|end_coordinates_missing_or_invalid|no_valid_location_points|requires_crosswalk_or_marine_review|timezone_not_normalized_to_utc
5330912,1164598,2003,2003-12-12T09:00:00,2003-12-12T15:00:00,EST,6.0,42,,Z,057,DAUPHIN,0,0,0,0,,,,0,,0,1,begin_coordinates_missing_or_invalid|damage_crops_missing|damage_property_missing|end_coordinates_missing_or_invalid|no_valid_location_points|requires_crosswalk_or_marine_review|timezone_not_normalized_to_utc
5331191,1164806,2003,2003-12-19T18:15:00,2003-12-20T19:00:00,EST,24.75,09,,Z,002,HARTFORD,0,0,0,0,,,,0,,0,1,begin_coordinates_missing_or_invalid|damage_crops_missing|damage_property_missing|end_coordinates_missing_or_invalid|no_valid_location_points|requires_crosswalk_or_marine_review|timezone_not_normalized_to_utc
5331192,1164806,2003,2003-12-20T19:00:00,2003-12-21T18:00:00,EST,23.0,09,,Z,002,HARTFORD,0,0,0,0,,,,0,,0,1,begin_coordinates_missing_or_invalid|damage_crops_missing|damage_property_missing|end_coordinates_missing_or_invalid|no_valid_location_points|requires_crosswalk_or_marine_review|timezone_not_normalized_to_utc
5331193,1164807,2003,2003-12-26T10:00:00,2003-12-28T17:00:00,EST,55.0,09,,Z,002,HARTFORD,0,0,0,0,,,,0,,0,1,begin_coordinates_missing_or_invalid|damage_crops_missing|damage_property_missing|end_coordinates_missing_or_invalid|no_valid_location_points|requires_crosswalk_or_marine_review|timezone_not_normalized_to_utc
5331194,1164807,2003,2003-12-26T15:10:00,2003-12-29T10:00:00,EST,66.83333333333333,09,,Z,002,HARTFORD,0,0,0,0,,,,0,,0,1,begin_coordinates_missing_or_invalid|damage_crops_missing|damage_property_missing|end_coordinates_missing_or_invalid|no_valid_location_points|requires_crosswalk_or_marine_review|timezone_not_normalized_to_utc
5331218,1164299,2003,2003-11-19T04:30:00,2003-11-19T09:00:00,EST,4.5,37,,Z,062,MACON,0,0,0,0,10000,,,0,,0,1,begin_coordinates_missing_or_invalid|damage_crops_missing|end_coordinates_missing_or_invalid|no_valid_location_points|requires_crosswalk_or_marine_review|timezone_not_normalized_to_utc
5331232,1163744,2003,2003-10-27T13:00:00,2003-10-27T19:15:00,EST,6.25,24,,Z,009,MONTGOMERY,0,0,0,0,,,,0,,0,1,begin_coordinates_missing_or_invalid|damage_crops_missing|damage_property_missing|end_coordinates_missing_or_invalid|no_valid_location_points|requires_crosswalk_or_marine_review|timezone_not_normalized_to_utc
5331272,1163902,2003,2003-11-12T14:20:00,2003-11-12T18:20:00,AST,4.0,99,,Z,011,SOUTHWEST,0,0,0,0,,,,0,,0,1,begin_coordinates_missing_or_invalid|damage_crops_missing|damage_property_missing|end_coordinates_missing_or_invalid|no_valid_location_points|requires_crosswalk_or_marine_review|timezone_not_normalized_to_utc
5331273,1163902,2003,2003-11-12T14:38:00,2003-11-12T18:38:00,AST,4.0,99,,Z,011,SOUTHWEST,0,0,0,0,,,,0,,0,1,begin_coordinates_missing_or_invalid|damage_crops_missing|damage_property_missing|end_coordinates_missing_or_invalid|no_valid_location_points|requires_crosswalk_or_marine_review|timezone_not_normalized_to_utc
5331369,1163885,2003,2003-11-12T05:00:00,2003-11-12T07:45:00,EST,2.75,39,,Z,083,JACKSON,0,0,0,0,3000,,,0,,0,1,begin_coordinates_missing_or_invalid|damage_crops_missing|end_coordinates_missing_or_invalid|no_valid_location_points|requires_crosswalk_or_marine_review|timezone_not_normalized_to_utc
5331370,1163885,2003,2003-11-12T05:00:00,2003-11-12T07:45:00,EST,2.75,39,,Z,084,VINTON,0,0,0,0,3000,,,0,,0,1,begin_coordinates_missing_or_invalid|damage_crops_missing|end_coordinates_missing_or_invalid|no_valid_location_points|requires_crosswalk_or_marine_review|timezone_not_normalized_to_utc
5331371,1163885,2003,2003-11-12T05:00:00,2003-11-12T08:00:00,EST,3.0,39,,Z,075,ATHENS,0,0,0,0,4000,,,0,,0,1,begin_coordinates_missing_or_invalid|damage_crops_missing|end_coordinates_missing_or_invalid|no_valid_location_points|requires_crosswalk_or_marine_review|timezone_not_normalized_to_utc
5331372,1163885,2003,2003-11-12T05:30:00,2003-11-12T08:00:00,EST,2.5,39,,Z,076,WASHINGTON,0,0,0,0,5000,,,0,,0,1,begin_coordinates_missing_or_invalid|damage_crops_missing|end_coordinates_missing_or_invalid|no_valid_location_points|requires_crosswalk_or_marine_review|timezone_not_normalized_to_utc
5331520,1163888,2003,2003-11-19T07:00:00,2003-11-19T19:00:00,EST,12.0,54,,Z,034,WYOMING,0,0,0,0,750000,,,0,,0,1,begin_coordinates_missing_or_invalid|damage_crops_missing|end_coordinates_missing_or_invalid|no_valid_location_points|requires_crosswalk_or_marine_review|timezone_not_normalized_to_utc
5331521,1163888,2003,2003-11-19T07:00:00,2003-11-19T18:00:00,EST,11.0,54,,Z,035,RALEIGH,0,0,0,0,800000,,,0,,0,1,begin_coordinates_missing_or_invalid|damage_crops_missing|end_coordinates_missing_or_invalid|no_valid_location_points|requires_crosswalk_or_marine_review|timezone_not_normalized_to_utc
5331522,1163888,2003,2003-11-19T07:00:00,2003-11-19T12:00:00,EST,5.0,54,,Z,011,TYLER,0,0,0,0,15000,,,0,,0,1,begin_coordinates_missing_or_invalid|damage_crops_missing|end_coordinates_missing_or_invalid|no_valid_location_points|requires_crosswalk_or_marine_review|timezone_not_normalized_to_utc
5331523,1163888,2003,2003-11-19T07:30:00,2003-11-19T22:00:00,EST,14.5,54,,Z,036,FAYETTE,0,0,0,0,400000,,,0,,0,1,begin_coordinates_missing_or_invalid|damage_crops_missing|end_coordinates_missing_or_invalid|no_valid_location_points|requires_crosswalk_or_marine_review|timezone_not_normalized_to_utc
5331524,1163888,2003,2003-11-19T07:30:00,2003-11-19T18:00:00,EST,10.5,54,,Z,037,NICHOLAS,0,0,0,0,3800000.0,,,0,,0,1,begin_coordinates_missing_or_invalid|damage_crops_missing|end_coordinates_missing_or_invalid|no_valid_location_points|requires_crosswalk_or_marine_review|timezone_not_normalized_to_utc
5331525,1163888,2003,2003-11-19T07:45:00,2003-11-19T18:00:00,EST,10.25,54,,Z,033,MCDOWELL,0,0,0,0,500000,,,0,,0,1,begin_coordinates_missing_or_invalid|damage_crops_missing|end_coordinates_missing_or_invalid|no_valid_location_points|requires_crosswalk_or_marine_review|timezone_not_normalized_to_utc
5331526,1163888,2003,2003-11-19T07:45:00,2003-11-19T23:00:00,EST,15.25,54,,Z,027,CLAY,0,0,0,0,150000,,,0,,0,1,begin_coordinates_missing_or_invalid|damage_crops_missing|end_coordinates_missing_or_invalid|no_valid_location_points|requires_crosswalk_or_marine_review|timezone_not_normalized_to_utc
5331527,1163888,2003,2003-11-19T08:00:00,2003-11-19T16:00:00,EST,8.0,54,,Z,028,BRAXTON,0,0,0,0,100000,,,0,,0,1,begin_coordinates_missing_or_invalid|damage_crops_missing|end_coordinates_missing_or_invalid|no_valid_location_points|requires_crosswalk_or_marine_review|timezone_not_normalized_to_utc
5331528,1163888,2003,2003-11-19T08:30:00,2003-11-19T14:00:00,EST,5.5,54,,Z,031,HARRISON,0,0,0,0,300000,,,0,,0,1,begin_coordinates_missing_or_invalid|damage_crops_missing|end_coordinates_missing_or_invalid|no_valid_location_points|requires_crosswalk_or_marine_review|timezone_not_normalized_to_utc
5331529,1163888,2003,2003-11-19T08:30:00,2003-11-20T02:00:00,EST,17.5,54,,Z,025,LOGAN,0,0,1,0,200000,,,1,,0,1,begin_coordinates_missing_or_invalid|damage_crops_missing|end_coordinates_missing_or_invalid|no_valid_location_points|requires_crosswalk_or_marine_review|timezone_not_normalized_to_utc
5331530,1163888,2003,2003-11-19T08:30:00,2003-11-19T20:00:00,EST,11.5,54,,Z,026,BOONE,0,0,0,0,225000,,,0,,0,1,begin_coordinates_missing_or_invalid|damage_crops_missing|end_coordinates_missing_or_invalid|no_valid_location_points|requires_crosswalk_or_marine_review|timezone_not_normalized_to_utc
5331531,1163888,2003,2003-11-19T08:00:00,2003-11-19T14:00:00,EST,6.0,54,,Z,030,LEWIS,0,0,0,0,75000,,,0,,0,1,begin_coordinates_missing_or_invalid|damage_crops_missing|end_coordinates_missing_or_invalid|no_valid_location_points|requires_crosswalk_or_marine_review|timezone_not_normalized_to_utc
5331532,1163888,2003,2003-11-19T08:30:00,2003-11-19T14:00:00,EST,5.5,54,,Z,020,DODDRIDGE,0,0,0,0,20000,,,0,,0,1,begin_coordinates_missing_or_invalid|damage_crops_missing|end_coordinates_missing_or_invalid|no_valid_location_points|requires_crosswalk_or_marine_review|timezone_not_normalized_to_utc
5331533,1163888,2003,2003-11-19T09:00:00,2003-11-19T14:00:00,EST,5.0,54,,Z,040,BARBOUR,0,0,0,0,20000,,,0,,0,1,begin_coordinates_missing_or_invalid|damage_crops_missing|end_coordinates_missing_or_invalid|no_valid_location_points|requires_crosswalk_or_marine_review|timezone_not_normalized_to_utc
5331534,1163888,2003,2003-11-19T09:00:00,2003-11-19T14:00:00,EST,5.0,54,,Z,046,POCAHONTAS,0,0,0,0,20000,,,0,,0,1,begin_coordinates_missing_or_invalid|damage_crops_missing|end_coordinates_missing_or_invalid|no_valid_location_points|requires_crosswalk_or_marine_review|timezone_not_normalized_to_utc
5331535,1163888,2003,2003-11-19T09:00:00,2003-11-19T14:00:00,EST,5.0,54,,Z,032,TAYLOR,0,0,0,0,200000,,,0,,0,1,begin_coordinates_missing_or_invalid|damage_crops_missing|end_coordinates_missing_or_invalid|no_valid_location_points|requires_crosswalk_or_marine_review|timezone_not_normalized_to_utc
5331536,1163888,2003,2003-11-19T09:00:00,2003-11-19T14:00:00,EST,5.0,54,,Z,039,UPSHUR,0,0,0,0,50000,,,0,,0,1,begin_coordinates_missing_or_invalid|damage_crops_missing|end_coordinates_missing_or_invalid|no_valid_location_points|requires_crosswalk_or_marine_review|timezone_not_normalized_to_utc
5331537,1163888,2003,2003-11-19T09:00:00,2003-11-19T22:00:00,EST,13.0,54,,Z,038,WEBSTER,0,0,0,0,300000,,,0,,0,1,begin_coordinates_missing_or_invalid|damage_crops_missing|end_coordinates_missing_or_invalid|no_valid_location_points|requires_crosswalk_or_marine_review|timezone_not_normalized_to_utc
5331538,1163888,2003,2003-11-19T09:00:00,2003-11-20T08:00:00,EST,23.0,54,,Z,018,CALHOUN,0,0,0,0,100000,,,0,,0,1,begin_coordinates_missing_or_invalid|damage_crops_missing|end_coordinates_missing_or_invalid|no_valid_location_points|requires_crosswalk_or_marine_review|timezone_not_normalized_to_utc
5331539,1163888,2003,2003-11-19T09:00:00,2003-11-20T03:00:00,EST,18.0,54,,Z,029,GILMER,0,0,0,0,400000,,,0,,0,1,begin_coordinates_missing_or_invalid|damage_crops_missing|end_coordinates_missing_or_invalid|no_valid_location_points|requires_crosswalk_or_marine_review|timezone_not_normalized_to_utc
5331540,1163888,2003,2003-11-19T09:00:00,2003-11-19T20:00:00,EST,11.0,54,,Z,016,ROANE,0,0,0,0,10000,,,0,,0,1,begin_coordinates_missing_or_invalid|damage_crops_missing|end_coordinates_missing_or_invalid|no_valid_location_points|requires_crosswalk_or_marine_review|timezone_not_normalized_to_utc
5332019,1164053,2003,2003-11-20T03:30:00,2003-11-20T06:15:00,EST,2.75,36,,Z,057,DELAWARE,0,0,0,0,0,,,0,,0,1,begin_coordinates_missing_or_invalid|damage_crops_missing|end_coordinates_missing_or_invalid|no_valid_location_points|requires_crosswalk_or_marine_review|timezone_not_normalized_to_utc
5332226,1164728,2003,2003-12-12T16:00:00,2003-12-14T22:00:00,PST,54.0,41,,Z,002,CENTRAL OREGON COAST,0,0,0,0,,,,0,,0,1,begin_coordinates_missing_or_invalid|damage_crops_missing|damage_property_missing|end_coordinates_missing_or_invalid|no_valid_location_points|requires_crosswalk_or_marine_review|timezone_not_normalized_to_utc
5332227,1164728,2003,2003-12-12T16:00:00,2003-12-14T22:00:00,PST,54.0,41,,Z,006,GREATER PORTLAND METRO AREA,0,0,0,0,,,,0,,0,1,begin_coordinates_missing_or_invalid|damage_crops_missing|damage_property_missing|end_coordinates_missing_or_invalid|no_valid_location_points|requires_crosswalk_or_marine_review|timezone_not_normalized_to_utc
5332228,1164728,2003,2003-12-12T16:00:00,2003-12-14T22:00:00,PST,54.0,41,,Z,010,NORTH OREGON CASCADES FOOTHILLS,0,0,0,0,,,,0,,0,1,begin_coordinates_missing_or_invalid|damage_crops_missing|damage_property_missing|end_coordinates_missing_or_invalid|no_valid_location_points|requires_crosswalk_or_marine_review|timezone_not_normalized_to_utc
5332357,1164921,2003,2003-12-25T17:07:00,2003-12-25T21:00:00,PST,3.8833333333333333,06,,Z,092,SE S.J. VALLEY,0,0,0,0,30000,,,0,,0,1,begin_coordinates_missing_or_invalid|damage_crops_missing|end_coordinates_missing_or_invalid|no_valid_location_points|requires_crosswalk_or_marine_review|timezone_not_normalized_to_utc
5332379,1163793,2003,2003-11-13T11:00:00,2003-11-13T20:00:00,EST,9.0,21,,Z,042,BOURBON,0,0,0,0,,,,0,,0,1,begin_coordinates_missing_or_invalid|damage_crops_missing|damage_property_missing|end_coordinates_missing_or_invalid|no_valid_location_points|requires_crosswalk_or_marine_review|timezone_not_normalized_to_utc
5332380,1163794,2003,2003-07-01T00:00:00,2003-07-04T23:59:00,CST,95.98333333333333,22,,Z,040,ST. TAMMANY,0,0,0,0,2000000,,,0,,0,1,begin_coordinates_missing_or_invalid|damage_crops_missing|end_coordinates_missing_or_invalid|no_valid_location_points|requires_crosswalk_or_marine_review|timezone_not_normalized_to_utc
5332381,1163794,2003,2003-07-01T00:00:00,2003-07-04T23:59:00,CST,95.98333333333333,22,,Z,038,TANGIPAHOA,0,0,0,0,750000,,,0,,0,1,begin_coordinates_missing_or_invalid|damage_crops_missing|end_coordinates_missing_or_invalid|no_valid_location_points|requires_crosswalk_or_marine_review|timezone_not_normalized_to_utc
5332382,1163794,2003,2003-07-01T00:00:00,2003-07-04T23:59:00,CST,95.98333333333333,22,,Z,050,LIVINGSTON,0,0,0,0,250000,,,0,,0,1,begin_coordinates_missing_or_invalid|damage_crops_missing|end_coordinates_missing_or_invalid|no_valid_location_points|requires_crosswalk_or_marine_review|timezone_not_normalized_to_utc
5332384,1163884,2003,2003-11-19T08:00:00,2003-11-20T13:00:00,EST,29.0,51,,Z,004,BUCHANAN,0,0,2,0,500000,,,2,,0,1,begin_coordinates_missing_or_invalid|damage_crops_missing|end_coordinates_missing_or_invalid|no_valid_location_points|requires_crosswalk_or_marine_review|timezone_not_normalized_to_utc
5332385,1163884,2003,2003-11-19T08:00:00,2003-11-19T22:00:00,EST,14.0,51,,Z,003,DICKENSON,0,0,0,0,25000,,,0,,0,1,begin_coordinates_missing_or_invalid|damage_crops_missing|end_coordinates_missing_or_invalid|no_valid_location_points|requires_crosswalk_or_marine_review|timezone_not_normalized_to_utc
5332386,1163885,2003,2003-11-12T06:30:00,2003-11-12T08:30:00,EST,2.0,39,,Z,085,MEIGS,0,0,0,0,5000,,,0,,0,1,begin_coordinates_missing_or_invalid|damage_crops_missing|end_coordinates_missing_or_invalid|no_valid_location_points|requires_crosswalk_or_marine_review|timezone_not_normalized_to_utc
5332394,1163881,2003,2003-11-19T07:00:00,2003-11-19T11:00:00,EST,4.0,39,,Z,076,WASHINGTON,0,0,0,0,5000,,,0,,0,1,begin_coordinates_missing_or_invalid|damage_crops_missing|end_coordinates_missing_or_invalid|no_valid_location_points|requires_crosswalk_or_marine_review|timezone_not_normalized_to_utc
5332395,1163882,2003,2003-11-12T05:30:00,2003-11-12T08:00:00,EST,2.5,54,,Z,009,WOOD,0,0,0,0,5000,,,0,,0,1,begin_coordinates_missing_or_invalid|damage_crops_missing|end_coordinates_missing_or_invalid|no_valid_location_points|requires_crosswalk_or_marine_review|timezone_not_normalized_to_utc
5332396,1163882,2003,2003-11-12T05:30:00,2003-11-12T08:00:00,EST,2.5,54,,Z,011,TYLER,0,0,0,0,5000,,,0,,0,1,begin_coordinates_missing_or_invalid|damage_crops_missing|end_coordinates_missing_or_invalid|no_valid_location_points|requires_crosswalk_or_marine_review|timezone_not_normalized_to_utc
5332397,1163882,2003,2003-11-12T05:30:00,2003-11-12T08:00:00,EST,2.5,54,,Z,020,DODDRIDGE,0,0,0,0,5000,,,0,,0,1,begin_coordinates_missing_or_invalid|damage_crops_missing|end_coordinates_missing_or_invalid|no_valid_location_points|requires_crosswalk_or_marine_review|timezone_not_normalized_to_utc
5332398,1163882,2003,2003-11-12T05:30:00,2003-11-12T08:00:00,EST,2.5,54,,Z,010,PLEASANTS,0,0,0,0,5000,,,0,,0,1,begin_coordinates_missing_or_invalid|damage_crops_missing|end_coordinates_missing_or_invalid|no_valid_location_points|requires_crosswalk_or_marine_review|timezone_not_normalized_to_utc
5332399,1163882,2003,2003-11-12T06:00:00,2003-11-12T08:30:00,EST,2.5,54,,Z,031,HARRISON,0,0,0,0,10000,,,0,,0,1,begin_coordinates_missing_or_invalid|damage_crops_missing|end_coordinates_missing_or_invalid|no_valid_location_points|requires_crosswalk_or_marine_review|timezone_not_normalized_to_utc
5332400,1163882,2003,2003-11-12T06:15:00,2003-11-12T08:30:00,EST,2.25,54,,Z,032,TAYLOR,0,0,0,0,5000,,,0,,0,1,begin_coordinates_missing_or_invalid|damage_crops_missing|end_coordinates_missing_or_invalid|no_valid_location_points|requires_crosswalk_or_marine_review|timezone_not_normalized_to_utc
5332401,1163882,2003,2003-11-12T06:00:00,2003-11-12T08:00:00,EST,2.0,54,,Z,040,BARBOUR,0,0,0,0,10000,,,0,,0,1,begin_coordinates_missing_or_invalid|damage_crops_missing|end_coordinates_missing_or_invalid|no_valid_location_points|requires_crosswalk_or_marine_review|timezone_not_normalized_to_utc
5332405,1163883,2003,2003-11-12T12:00:00,2003-11-13T14:00:00,EST,26.0,54,,Z,006,CABELL,0,0,0,0,850000,,,0,,0,1,begin_coordinates_missing_or_invalid|damage_crops_missing|end_coordinates_missing_or_invalid|no_valid_location_points|requires_crosswalk_or_marine_review|timezone_not_normalized_to_utc
5332406,1163883,2003,2003-11-12T13:00:00,2003-11-13T02:00:00,EST,13.0,54,,Z,013,LINCOLN,0,0,0,0,5000000,,,0,,0,1,begin_coordinates_missing_or_invalid|damage_crops_missing|end_coordinates_missing_or_invalid|no_valid_location_points|requires_crosswalk_or_marine_review|timezone_not_normalized_to_utc
5332510,1161601,2003,2003-08-05T12:30:00,2003-08-05T16:00:00,EST,3.5,42,,Z,001,NORTHERN ERIE,0,0,0,0,100000,,,0,"[[42.0,-80.31667]]",0,1,damage_crops_missing|requires_crosswalk_or_marine_review|timezone_not_normalized_to_utc
5332512,1161603,2003,2003-08-06T12:20:00,2003-08-06T15:30:00,EST,3.1666666666666665,39,,Z,023,TRUMBULL,0,0,0,0,100000,,,0,,0,1,begin_coordinates_missing_or_invalid|damage_crops_missing|end_coordinates_missing_or_invalid|no_valid_location_points|requires_crosswalk_or_marine_review|timezone_not_normalized_to_utc
5332513,1161604,2003,2003-08-08T13:15:00,2003-08-08T16:00:00,EST,2.75,39,,Z,020,MEDINA,0,0,0,0,50000,,,0,,0,1,begin_coordinates_missing_or_invalid|damage_crops_missing|end_coordinates_missing_or_invalid|no_valid_location_points|requires_crosswalk_or_marine_review|timezone_not_normalized_to_utc
5332724,1161621,2003,2003-08-27T01:30:00,2003-08-27T05:30:00,EST,4.0,39,,Z,021,SUMMIT,0,0,0,0,150000,,,0,,0,1,begin_coordinates_missing_or_invalid|damage_crops_missing|end_coordinates_missing_or_invalid|no_valid_location_points|requires_crosswalk_or_marine_review|timezone_not_normalized_to_utc
5332813,1161627,2003,2003-08-27T02:05:00,2003-08-27T06:00:00,EST,3.9166666666666665,39,,Z,022,PORTAGE,0,0,0,0,75000,,,0,,0,1,begin_coordinates_missing_or_invalid|damage_crops_missing|end_coordinates_missing_or_invalid|no_valid_location_points|requires_crosswalk_or_marine_review|timezone_not_normalized_to_utc
5332814,1161628,2003,2003-08-04T18:00:00,2003-08-04T21:00:00,EST,3.0,39,,Z,018,SENECA,0,0,0,0,100000,,,0,,0,1,begin_coordinates_missing_or_invalid|damage_crops_missing|end_coordinates_missing_or_invalid|no_valid_location_points|requires_crosswalk_or_marine_review|timezone_not_normalized_to_utc
5332896,1161629,2003,2003-08-04T18:00:00,2003-08-04T20:00:00,EST,2.0,39,,Z,017,HANCOCK,0,0,0,0,100000,,,0,,0,1,begin_coordinates_missing_or_invalid|damage_crops_missing|end_coordinates_missing_or_invalid|no_valid_location_points|requires_crosswalk_or_marine_review|timezone_not_normalized_to_utc
5332897,1161630,2003,2003-08-05T15:40:00,2003-08-05T20:00:00,EST,4.333333333333333,39,,Z,020,MEDINA,0,0,0,0,50000,,,0,,0,1,begin_coordinates_missing_or_invalid|damage_crops_missing|end_coordinates_missing_or_invalid|no_valid_location_points|requires_crosswalk_or_marine_review|timezone_not_normalized_to_utc
5332898,1161631,2003,2003-08-05T17:50:00,2003-08-05T20:30:00,EST,2.6666666666666665,39,,Z,032,STARK,0,0,0,0,100000,,,0,,0,1,begin_coordinates_missing_or_invalid|damage_crops_missing|end_coordinates_missing_or_invalid|no_valid_location_points|requires_crosswalk_or_marine_review|timezone_not_normalized_to_utc
5332899,1161632,2003,2003-08-05T19:00:00,2003-08-05T21:00:00,EST,2.0,42,,Z,002,SOUTHERN ERIE,0,0,0,0,50000,,,0,,0,1,begin_coordinates_missing_or_invalid|damage_crops_missing|end_coordinates_missing_or_invalid|no_valid_location_points|requires_crosswalk_or_marine_review|timezone_not_normalized_to_utc
5333057,1160881,2003,2003-08-10T20:29:00,2003-08-10T20:55:00,EST,0.43333333333333335,21,,Z,089,CARROLL,0,0,0,0,,,,0,,0,1,begin_coordinates_missing_or_invalid|damage_crops_missing|damage_property_missing|end_coordinates_missing_or_invalid|no_valid_location_points|requires_crosswalk_or_marine_review|timezone_not_normalized_to_utc
5333064,1160884,2003,2003-08-12T19:15:00,2003-08-12T19:20:00,EST,0.08333333333333333,39,,Z,055,FRANKLIN,0,0,0,0,,,,0,,0,1,begin_coordinates_missing_or_invalid|damage_crops_missing|damage_property_missing|end_coordinates_missing_or_invalid|no_valid_location_points|requires_crosswalk_or_marine_review|timezone_not_normalized_to_utc
5333065,1160884,2003,2003-08-12T19:36:00,2003-08-12T20:15:00,EST,0.65,39,,Z,055,FRANKLIN,0,0,0,0,,,,0,,0,1,begin_coordinates_missing_or_invalid|damage_crops_missing|damage_property_missing|end_coordinates_missing_or_invalid|no_valid_location_points|requires_crosswalk_or_marine_review|timezone_not_normalized_to_utc
5333066,1160884,2003,2003-08-12T19:32:00,2003-08-12T21:15:00,EST,1.7166666666666666,39,,Z,046,DELAWARE,0,0,0,0,,,,0,,0,1,begin_coordinates_missing_or_invalid|damage_crops_missing|damage_property_missing|end_coordinates_missing_or_invalid|no_valid_location_points|requires_crosswalk_or_marine_review|timezone_not_normalized_to_utc
5333152,1160885,2003,2003-08-15T14:45:00,2003-08-15T15:30:00,EST,0.75,39,,Z,077,HAMILTON,0,0,0,0,,,,0,,0,1,begin_coordinates_missing_or_invalid|damage_crops_missing|damage_property_missing|end_coordinates_missing_or_invalid|no_valid_location_points|requires_crosswalk_or_marine_review|timezone_not_normalized_to_utc
5333153,1160885,2003,2003-08-15T15:00:00,2003-08-15T16:00:00,EST,1.0,39,,Z,071,WARREN,0,0,0,0,,,,0,,0,1,begin_coordinates_missing_or_invalid|damage_crops_missing|damage_property_missing|end_coordinates_missing_or_invalid|no_valid_location_points|requires_crosswalk_or_marine_review|timezone_not_normalized_to_utc
5333154,1160885,2003,2003-08-15T15:30:00,2003-08-15T16:15:00,EST,0.75,39,,Z,056,LICKING,0,0,0,0,,,,0,,0,1,begin_coordinates_missing_or_invalid|damage_crops_missing|damage_property_missing|end_coordinates_missing_or_invalid|no_valid_location_points|requires_crosswalk_or_marine_review|timezone_not_normalized_to_utc
5333155,1160885,2003,2003-08-15T16:45:00,2003-08-15T17:45:00,EST,1.0,39,,Z,055,FRANKLIN,0,0,0,0,,,,0,,0,1,begin_coordinates_missing_or_invalid|damage_crops_missing|damage_property_missing|end_coordinates_missing_or_invalid|no_valid_location_points|requires_crosswalk_or_marine_review|timezone_not_normalized_to_utc
5333156,1160885,2003,2003-08-15T18:55:00,2003-08-15T19:30:00,EST,0.5833333333333334,39,,Z,055,FRANKLIN,0,0,0,0,,,,0,,0,1,begin_coordinates_missing_or_invalid|damage_crops_missing|damage_property_missing|end_coordinates_missing_or_invalid|no_valid_location_points|requires_crosswalk_or_marine_review|timezone_not_normalized_to_utc
5333184,1160890,2003,2003-08-27T06:45:00,2003-08-27T06:55:00,EST,0.16666666666666666,39,,Z,055,FRANKLIN,0,0,0,0,,,,0,"[[39.23333,-83.26667]]",0,1,damage_crops_missing|damage_property_missing|requires_crosswalk_or_marine_review|timezone_not_normalized_to_utc
5333185,1160890,2003,2003-08-27T07:20:00,2003-08-27T08:15:00,EST,0.9166666666666666,39,,Z,055,FRANKLIN,0,0,0,0,,,,0,"[[39.33333,-82.98333]]",0,1,damage_crops_missing|damage_property_missing|requires_crosswalk_or_marine_review|timezone_not_normalized_to_utc
5333186,1160891,2003,2003-08-30T03:45:00,2003-08-30T05:00:00,EST,1.25,39,,Z,055,FRANKLIN,0,0,0,0,,,,0,,0,1,begin_coordinates_missing_or_invalid|damage_crops_missing|damage_property_missing|end_coordinates_missing_or_invalid|no_valid_location_points|requires_crosswalk_or_marine_review|timezone_not_normalized_to_utc
5333194,1161596,2003,2003-08-04T15:00:00,2003-08-04T16:30:00,EST,1.5,39,,Z,032,STARK,0,0,0,0,50000,,,0,"[[41.31667,-83.65]]",0,1,damage_crops_missing|requires_crosswalk_or_marine_review|timezone_not_normalized_to_utc
5333443,1161737,2003,2003-08-25T16:00:00,2003-08-25T18:00:00,PST,2.0,06,,Z,096,S SIERRA MTNS,0,0,0,0,,,,0,,0,1,begin_coordinates_missing_or_invalid|damage_crops_missing|damage_property_missing|end_coordinates_missing_or_invalid|no_valid_location_points|requires_crosswalk_or_marine_review|timezone_not_normalized_to_utc
5333463,1161750,2003,2003-08-10T04:15:00,2003-08-10T09:15:00,EST,5.0,33,,Z,003,NORTHERN GRAFTON,0,0,0,0,,,,0,,0,1,begin_coordinates_missing_or_invalid|damage_crops_missing|damage_property_missing|end_coordinates_missing_or_invalid|no_valid_location_points|requires_crosswalk_or_marine_review|timezone_not_normalized_to_utc
5333483,1160887,2003,2003-08-22T15:30:00,2003-08-22T16:45:00,EST,1.25,21,,Z,094,OWEN,0,0,0,0,,,,0,,0,1,begin_coordinates_missing_or_invalid|damage_crops_missing|damage_property_missing|end_coordinates_missing_or_invalid|no_valid_location_points|requires_crosswalk_or_marine_review|timezone_not_normalized_to_utc
5333539,1161750,2003,2003-08-10T12:30:00,2003-08-10T17:30:00,EST,5.0,33,,Z,005,SOUTHERN GRAFTON,0,0,0,0,,,,0,,0,1,begin_coordinates_missing_or_invalid|damage_crops_missing|damage_property_missing|end_coordinates_missing_or_invalid|no_valid_location_points|requires_crosswalk_or_marine_review|timezone_not_normalized_to_utc
5333560,1160888,2003,2003-08-22T09:45:00,2003-08-22T10:10:00,EST,0.4166666666666667,39,,Z,081,ADAMS,0,0,0,0,,,,0,,0,1,begin_coordinates_missing_or_invalid|damage_crops_missing|damage_property_missing|end_coordinates_missing_or_invalid|no_valid_location_points|requires_crosswalk_or_marine_review|timezone_not_normalized_to_utc
5333561,1160888,2003,2003-08-22T10:35:00,2003-08-22T11:30:00,EST,0.9166666666666666,39,,Z,080,HIGHLAND,0,0,0,0,,,,0,,0,1,begin_coordinates_missing_or_invalid|damage_crops_missing|damage_property_missing|end_coordinates_missing_or_invalid|no_valid_location_points|requires_crosswalk_or_marine_review|timezone_not_normalized_to_utc
5333562,1160888,2003,2003-08-22T12:10:00,2003-08-22T12:45:00,EST,0.5833333333333334,39,,Z,073,ROSS,0,0,0,0,,,,0,,0,1,begin_coordinates_missing_or_invalid|damage_crops_missing|damage_property_missing|end_coordinates_missing_or_invalid|no_valid_location_points|requires_crosswalk_or_marine_review|timezone_not_normalized_to_utc
5333628,1161600,2003,2003-08-05T15:30:00,2003-08-05T18:00:00,EST,2.5,39,,Z,003,LUCAS,0,0,0,0,50000,,,0,,0,1,begin_coordinates_missing_or_invalid|damage_crops_missing|end_coordinates_missing_or_invalid|no_valid_location_points|requires_crosswalk_or_marine_review|timezone_not_normalized_to_utc
5333776,1161504,2003,2003-08-31T11:00:00,2003-08-31T18:00:00,CST,7.0,29,,Z,037,JACKSON,0,0,0,0,,,,0,,0,1,begin_coordinates_missing_or_invalid|damage_crops_missing|damage_property_missing|end_coordinates_missing_or_invalid|no_valid_location_points|requires_crosswalk_or_marine_review|timezone_not_normalized_to_utc
5333868,1160888,2003,2003-08-22T12:30:00,2003-08-22T13:45:00,EST,1.25,39,,Z,088,SCIOTO,0,0,0,0,,,,0,,0,1,begin_coordinates_missing_or_invalid|damage_crops_missing|damage_property_missing|end_coordinates_missing_or_invalid|no_valid_location_points|requires_crosswalk_or_marine_review|timezone_not_normalized_to_utc
5334058,1159805,2003,2003-08-30T07:00:00,2003-08-30T16:20:00,CST,9.333333333333334,40,,Z,014,ROGER MILLS,0,0,0,0,,,,0,,0,1,begin_coordinates_missing_or_invalid|damage_crops_missing|damage_property_missing|end_coordinates_missing_or_invalid|no_valid_location_points|requires_crosswalk_or_marine_review|timezone_not_normalized_to_utc
5334344,1159200,2003,2003-07-10T14:15:00,2003-07-10T15:00:00,EST,0.75,21,,Z,097,BRACKEN,0,0,0,0,,,,0,,0,1,begin_coordinates_missing_or_invalid|damage_crops_missing|damage_property_missing|end_coordinates_missing_or_invalid|no_valid_location_points|requires_crosswalk_or_marine_review|timezone_not_normalized_to_utc
5334345,1159200,2003,2003-07-10T15:00:00,2003-07-10T16:00:00,EST,1.0,21,,Z,099,MASON,0,0,0,0,,,,0,,0,1,begin_coordinates_missing_or_invalid|damage_crops_missing|damage_property_missing|end_coordinates_missing_or_invalid|no_valid_location_points|requires_crosswalk_or_marine_review|timezone_not_normalized_to_utc
5334346,1159201,2003,2003-07-10T13:00:00,2003-07-10T13:45:00,EST,0.75,18,,Z,080,SWITZERLAND,0,0,0,0,20000,,,0,,0,1,begin_coordinates_missing_or_invalid|damage_crops_missing|end_coordinates_missing_or_invalid|no_valid_location_points|requires_crosswalk_or_marine_review|timezone_not_normalized_to_utc
5334354,1159202,2003,2003-07-10T13:00:00,2003-07-10T18:30:00,EST,5.5,39,,Z,071,WARREN,0,0,0,0,,,,0,,0,1,begin_coordinates_missing_or_invalid|damage_crops_missing|damage_property_missing|end_coordinates_missing_or_invalid|no_valid_location_points|requires_crosswalk_or_marine_review|timezone_not_normalized_to_utc
5334355,1159202,2003,2003-07-10T14:15:00,2003-07-10T15:00:00,EST,0.75,39,,Z,078,CLERMONT,0,0,0,0,,,,0,,0,1,begin_coordinates_missing_or_invalid|damage_crops_missing|damage_property_missing|end_coordinates_missing_or_invalid|no_valid_location_points|requires_crosswalk_or_marine_review|timezone_not_normalized_to_utc
5334357,1159183,2003,2003-07-15T21:25:00,2003-07-15T22:15:00,EST,0.8333333333333334,39,,Z,064,PICKAWAY,0,0,0,0,,,,0,"[[39.26667,-84.25]]",0,1,damage_crops_missing|damage_property_missing|requires_crosswalk_or_marine_review|timezone_not_normalized_to_utc
5334358,1159183,2003,2003-07-15T21:35:00,2003-07-15T22:30:00,EST,0.9166666666666666,39,,Z,078,CLERMONT,0,0,0,0,,,,0,"[[39.06667,-84.16667]]",0,1,damage_crops_missing|damage_property_missing|requires_crosswalk_or_marine_review|timezone_not_normalized_to_utc
5334359,1159183,2003,2003-07-15T22:30:00,2003-07-15T23:00:00,EST,0.5,39,,Z,081,ADAMS,0,0,0,0,,,,0,"[[38.88333,-83.98333]]",0,1,damage_crops_missing|damage_property_missing|requires_crosswalk_or_marine_review|timezone_not_normalized_to_utc
5334523,1159423,2003,2003-07-12T22:00:00,2003-07-13T03:00:00,EST,5.0,37,,Z,054,MCDOWELL,0,0,0,0,,,,0,,0,1,begin_coordinates_missing_or_invalid|damage_crops_missing|damage_property_missing|end_coordinates_missing_or_invalid|no_valid_location_points|requires_crosswalk_or_marine_review|timezone_not_normalized_to_utc
5334538,1159578,2003,2003-07-23T04:45:00,2003-07-23T05:45:00,EST,1.0,36,,Z,024,CHEMUNG,0,0,0,0,0,,,0,,0,1,begin_coordinates_missing_or_invalid|damage_crops_missing|end_coordinates_missing_or_invalid|no_valid_location_points|requires_crosswalk_or_marine_review|timezone_not_normalized_to_utc
5334552,1159179,2003,2003-07-23T05:45:00,2003-07-23T06:15:00,EST,0.5,39,,Z,082,PIKE,0,0,0,0,,,,0,,0,1,begin_coordinates_missing_or_invalid|damage_crops_missing|damage_property_missing|end_coordinates_missing_or_invalid|no_valid_location_points|requires_crosswalk_or_marine_review|timezone_not_normalized_to_utc
5334553,1159179,2003,2003-07-23T06:00:00,2003-07-23T07:00:00,EST,1.0,39,,Z,073,ROSS,0,0,0,0,,,,0,,0,1,begin_coordinates_missing_or_invalid|damage_crops_missing|damage_property_missing|end_coordinates_missing_or_invalid|no_valid_location_points|requires_crosswalk_or_marine_review|timezone_not_normalized_to_utc
5334554,1159179,2003,2003-07-23T08:00:00,2003-07-23T09:00:00,EST,1.0,39,,Z,073,ROSS,0,0,0,0,,,,0,,0,1,begin_coordinates_missing_or_invalid|damage_crops_missing|damage_property_missing|end_coordinates_missing_or_invalid|no_valid_location_points|requires_crosswalk_or_marine_review|timezone_not_normalized_to_utc
5334555,1159179,2003,2003-07-23T14:15:00,2003-07-23T15:15:00,EST,1.0,39,,Z,046,DELAWARE,0,0,0,0,,,,0,,0,1,begin_coordinates_missing_or_invalid|damage_crops_missing|damage_property_missing|end_coordinates_missing_or_invalid|no_valid_location_points|requires_crosswalk_or_marine_review|timezone_not_normalized_to_utc
5334561,1159181,2003,2003-07-31T16:05:00,2003-07-31T17:30:00,EST,1.4166666666666667,39,,Z,053,CLARK,0,0,0,0,,,,0,,0,1,begin_coordinates_missing_or_invalid|damage_crops_missing|damage_property_missing|end_coordinates_missing_or_invalid|no_valid_location_points|requires_crosswalk_or_marine_review|timezone_not_normalized_to_utc
5334562,1159181,2003,2003-07-31T15:55:00,2003-07-31T17:45:00,EST,1.8333333333333333,39,,Z,062,GREENE,0,0,0,0,,,,0,,0,1,begin_coordinates_missing_or_invalid|damage_crops_missing|damage_property_missing|end_coordinates_missing_or_invalid|no_valid_location_points|requires_crosswalk_or_marine_review|timezone_not_normalized_to_utc
5334563,1159181,2003,2003-07-31T17:36:00,2003-07-31T18:30:00,EST,0.9,39,,Z,079,BROWN,0,0,0,0,,,,0,,0,1,begin_coordinates_missing_or_invalid|damage_crops_missing|damage_property_missing|end_coordinates_missing_or_invalid|no_valid_location_points|requires_crosswalk_or_marine_review|timezone_not_normalized_to_utc
5334619,1159202,2003,2003-07-10T13:47:00,2003-07-10T15:00:00,EST,1.2166666666666666,39,,Z,079,BROWN,0,0,0,0,,,,0,,0,1,begin_coordinates_missing_or_invalid|damage_crops_missing|damage_property_missing|end_coordinates_missing_or_invalid|no_valid_location_points|requires_crosswalk_or_marine_review|timezone_not_normalized_to_utc
5334620,1159202,2003,2003-07-10T14:09:00,2003-07-10T15:00:00,EST,0.85,39,,Z,082,PIKE,0,0,0,0,,,,0,,0,1,begin_coordinates_missing_or_invalid|damage_crops_missing|damage_property_missing|end_coordinates_missing_or_invalid|no_valid_location_points|requires_crosswalk_or_marine_review|timezone_not_normalized_to_utc
5334621,1159202,2003,2003-07-10T15:07:00,2003-07-10T15:50:00,EST,0.7166666666666667,39,,Z,081,ADAMS,0,0,0,0,100000,,,0,,0,1,begin_coordinates_missing_or_invalid|damage_crops_missing|end_coordinates_missing_or_invalid|no_valid_location_points|requires_crosswalk_or_marine_review|timezone_not_normalized_to_utc
5334622,1159202,2003,2003-07-10T16:00:00,2003-07-10T18:00:00,EST,2.0,39,,Z,061,MONTGOMERY,0,0,0,0,50000,,,0,,0,1,begin_coordinates_missing_or_invalid|damage_crops_missing|end_coordinates_missing_or_invalid|no_valid_location_points|requires_crosswalk_or_marine_review|timezone_not_normalized_to_utc
5334623,1159202,2003,2003-07-10T18:00:00,2003-07-10T23:00:00,EST,5.0,39,,Z,071,WARREN,0,0,0,0,,,,0,,0,1,begin_coordinates_missing_or_invalid|damage_crops_missing|damage_property_missing|end_coordinates_missing_or_invalid|no_valid_location_points|requires_crosswalk_or_marine_review|timezone_not_normalized_to_utc
5334830,1159181,2003,2003-07-31T18:00:00,2003-07-31T19:30:00,EST,1.5,39,,Z,080,HIGHLAND,0,0,0,0,,,,0,,0,1,begin_coordinates_missing_or_invalid|damage_crops_missing|damage_property_missing|end_coordinates_missing_or_invalid|no_valid_location_points|requires_crosswalk_or_marine_review|timezone_not_normalized_to_utc
5334831,1159181,2003,2003-07-31T19:00:00,2003-07-31T20:00:00,EST,1.0,39,,Z,077,HAMILTON,0,0,0,0,,,,0,,0,1,begin_coordinates_missing_or_invalid|damage_crops_missing|damage_property_missing|end_coordinates_missing_or_invalid|no_valid_location_points|requires_crosswalk_or_marine_review|timezone_not_normalized_to_utc
5334832,1159181,2003,2003-07-31T15:12:00,2003-07-31T15:35:00,EST,0.38333333333333336,39,,Z,073,ROSS,0,0,0,0,,,,0,,0,1,begin_coordinates_missing_or_invalid|damage_crops_missing|damage_property_missing|end_coordinates_missing_or_invalid|no_valid_location_points|requires_crosswalk_or_marine_review|timezone_not_normalized_to_utc
5334833,1159181,2003,2003-07-31T15:51:00,2003-07-31T15:54:00,EST,0.05,39,,Z,062,GREENE,0,0,0,0,,,,0,,0,1,begin_coordinates_missing_or_invalid|damage_crops_missing|damage_property_missing|end_coordinates_missing_or_invalid|no_valid_location_points|requires_crosswalk_or_marine_review|timezone_not_normalized_to_utc
5334835,1159182,2003,2003-07-13T17:10:00,2003-07-13T17:50:00,EST,0.6666666666666666,39,,Z,078,CLERMONT,0,0,0,0,,,,0,,0,1,begin_coordinates_missing_or_invalid|damage_crops_missing|damage_property_missing|end_coordinates_missing_or_invalid|no_valid_location_points|requires_crosswalk_or_marine_review|timezone_not_normalized_to_utc
5334841,1159183,2003,2003-07-15T20:23:00,2003-07-15T20:40:00,EST,0.2833333333333333,39,,Z,071,WARREN,0,0,0,0,,,,0,,0,1,begin_coordinates_missing_or_invalid|damage_crops_missing|damage_property_missing|end_coordinates_missing_or_invalid|no_valid_location_points|requires_crosswalk_or_marine_review|timezone_not_normalized_to_utc
5334914,1159183,2003,2003-07-15T20:15:00,2003-07-15T20:40:00,EST,0.4166666666666667,39,,Z,077,HAMILTON,0,0,0,0,,,,0,,0,1,begin_coordinates_missing_or_invalid|damage_crops_missing|damage_property_missing|end_coordinates_missing_or_invalid|no_valid_location_points|requires_crosswalk_or_marine_review|timezone_not_normalized_to_utc
5334946,1159785,2003,2003-07-02T04:00:00,2003-07-02T21:00:00,EST,17.0,12,,Z,012,BAY,0,0,0,0,1000000,,,0,,0,1,begin_coordinates_missing_or_invalid|damage_crops_missing|end_coordinates_missing_or_invalid|no_valid_location_points|requires_crosswalk_or_marine_review|timezone_not_normalized_to_utc
5335027,1159494,2003,2003-07-01T17:00:00,2003-07-01T23:00:00,EST,6.0,13,,Z,032,COBB,0,0,0,0,,,,0,,0,1,begin_coordinates_missing_or_invalid|damage_crops_missing|damage_property_missing|end_coordinates_missing_or_invalid|no_valid_location_points|requires_crosswalk_or_marine_review|timezone_not_normalized_to_utc
5335028,1159495,2003,2003-07-01T12:00:00,2003-07-02T23:00:00,EST,35.0,13,,Z,016,WHITE,0,0,0,0,,,,0,,0,1,begin_coordinates_missing_or_invalid|damage_crops_missing|damage_property_missing|end_coordinates_missing_or_invalid|no_valid_location_points|requires_crosswalk_or_marine_review|timezone_not_normalized_to_utc
5335034,1163265,2003,2003-10-29T19:30:00,2003-10-29T19:30:00,AST,0.0,99,,Z,005,NORTH CENTRAL,0,0,0,0,,,,0,,0,1,begin_coordinates_missing_or_invalid|damage_crops_missing|damage_property_missing|end_coordinates_missing_or_invalid|no_valid_location_points|requires_crosswalk_or_marine_review|timezone_not_normalized_to_utc
5335036,1163267,2003,2003-10-31T14:45:00,2003-10-31T14:45:00,AST,0.0,99,,Z,001,SAN JUAN AND VICINITY,0,0,0,0,,,,0,,0,1,begin_coordinates_missing_or_invalid|damage_crops_missing|damage_property_missing|end_coordinates_missing_or_invalid|no_valid_location_points|requires_crosswalk_or_marine_review|timezone_not_normalized_to_utc
5335071,1163305,2003,2003-09-23T07:10:00,2003-09-23T15:03:00,EST,7.883333333333334,10,,Z,001,NEW CASTLE,0,0,0,0,,,,0,,0,1,begin_coordinates_missing_or_invalid|damage_crops_missing|damage_property_missing|end_coordinates_missing_or_invalid|no_valid_location_points|requires_crosswalk_or_marine_review|timezone_not_normalized_to_utc
5335074,1163307,2003,2003-09-23T05:40:00,2003-09-23T10:00:00,EST,4.333333333333333,42,,Z,055,MONROE,0,0,0,0,,,,0,,0,1,begin_coordinates_missing_or_invalid|damage_crops_missing|damage_property_missing|end_coordinates_missing_or_invalid|no_valid_location_points|requires_crosswalk_or_marine_review|timezone_not_normalized_to_utc
5335075,1163308,2003,2003-09-23T05:00:00,2003-09-23T15:51:00,EST,10.85,42,,Z,054,CARBON,0,0,0,0,,,,0,,0,1,begin_coordinates_missing_or_invalid|damage_crops_missing|damage_property_missing|end_coordinates_missing_or_invalid|no_valid_location_points|requires_crosswalk_or_marine_review|timezone_not_normalized_to_utc
5335076,1163309,2003,2003-09-23T06:00:00,2003-09-23T16:25:00,EST,10.416666666666666,42,,Z,061,LEHIGH,0,0,0,0,,,,0,,0,1,begin_coordinates_missing_or_invalid|damage_crops_missing|damage_property_missing|end_coordinates_missing_or_invalid|no_valid_location_points|requires_crosswalk_or_marine_review|timezone_not_normalized_to_utc
5335077,1163309,2003,2003-09-23T06:00:00,2003-09-23T16:25:00,EST,10.416666666666666,42,,Z,062,NORTHAMPTON,0,0,0,0,,,,0,,0,1,begin_coordinates_missing_or_invalid|damage_crops_missing|damage_property_missing|end_coordinates_missing_or_invalid|no_valid_location_points|requires_crosswalk_or_marine_review|timezone_not_normalized_to_utc
5335078,1163310,2003,2003-09-23T05:00:00,2003-09-23T16:36:00,EST,11.6,42,,Z,060,BERKS,0,0,0,0,,,,0,,0,1,begin_coordinates_missing_or_invalid|damage_crops_missing|damage_property_missing|end_coordinates_missing_or_invalid|no_valid_location_points|requires_crosswalk_or_marine_review|timezone_not_normalized_to_utc
5335079,1163311,2003,2003-09-23T07:00:00,2003-09-23T19:46:00,EST,12.766666666666667,42,,Z,067,CHESTER,0,0,0,0,,,,0,,0,1,begin_coordinates_missing_or_invalid|damage_crops_missing|damage_property_missing|end_coordinates_missing_or_invalid|no_valid_location_points|requires_crosswalk_or_marine_review|timezone_not_normalized_to_utc
5335080,1163312,2003,2003-09-23T08:00:00,2003-09-23T19:46:00,EST,11.766666666666667,42,,Z,070,DELAWARE,0,0,0,0,,,,0,,0,1,begin_coordinates_missing_or_invalid|damage_crops_missing|damage_property_missing|end_coordinates_missing_or_invalid|no_valid_location_points|requires_crosswalk_or_marine_review|timezone_not_normalized_to_utc
5335082,1163314,2003,2003-09-23T07:26:00,2003-09-23T17:32:00,EST,10.1,42,,Z,068,MONTGOMERY,0,0,0,0,,,,0,,0,1,begin_coordinates_missing_or_invalid|damage_crops_missing|damage_property_missing|end_coordinates_missing_or_invalid|no_valid_location_points|requires_crosswalk_or_marine_review|timezone_not_normalized_to_utc
5335083,1163315,2003,2003-09-23T07:02:00,2003-09-23T09:15:00,EST,2.216666666666667,42,,Z,069,BUCKS,0,0,0,0,,,,0,,0,1,begin_coordinates_missing_or_invalid|damage_crops_missing|damage_property_missing|end_coordinates_missing_or_invalid|no_valid_location_points|requires_crosswalk_or_marine_review|timezone_not_normalized_to_utc
5335098,1163903,2003,2003-11-13T17:31:00,2003-11-13T21:31:00,AST,4.0,99,,Z,007,PONCE AND VICINITY,0,0,0,0,,,,0,,0,1,begin_coordinates_missing_or_invalid|damage_crops_missing|damage_property_missing|end_coordinates_missing_or_invalid|no_valid_location_points|requires_crosswalk_or_marine_review|timezone_not_normalized_to_utc
5335099,1163903,2003,2003-11-13T17:36:00,2003-11-13T21:36:00,AST,4.0,99,,Z,008,NORTHWEST,0,0,0,0,,,,0,,0,1,begin_coordinates_missing_or_invalid|damage_crops_missing|damage_property_missing|end_coordinates_missing_or_invalid|no_valid_location_points|requires_crosswalk_or_marine_review|timezone_not_normalized_to_utc
5335100,1163903,2003,2003-11-13T18:47:00,2003-11-13T22:47:00,AST,4.0,99,,Z,011,SOUTHWEST,0,0,0,0,,,,0,,0,1,begin_coordinates_missing_or_invalid|damage_crops_missing|damage_property_missing|end_coordinates_missing_or_invalid|no_valid_location_points|requires_crosswalk_or_marine_review|timezone_not_normalized_to_utc
5335101,1163903,2003,2003-11-13T19:11:00,2003-11-13T23:11:00,AST,4.0,99,,Z,009,WESTERN INTERIOR,0,0,0,0,,,,0,,0,1,begin_coordinates_missing_or_invalid|damage_crops_missing|damage_property_missing|end_coordinates_missing_or_invalid|no_valid_location_points|requires_crosswalk_or_marine_review|timezone_not_normalized_to_utc
5335117,1164248,2003,2003-12-10T06:00:00,2003-12-10T08:00:00,CST,2.0,29,,Z,044,JOHNSON,0,0,0,0,,,,0,,0,1,begin_coordinates_missing_or_invalid|damage_crops_missing|damage_property_missing|end_coordinates_missing_or_invalid|no_valid_location_points|requires_crosswalk_or_marine_review|timezone_not_normalized_to_utc
5335118,1164248,2003,2003-12-10T16:00:00,2003-12-12T06:00:00,CST,38.0,29,,Z,039,SALINE,0,0,0,0,,,,0,,0,1,begin_coordinates_missing_or_invalid|damage_crops_missing|damage_property_missing|end_coordinates_missing_or_invalid|no_valid_location_points|requires_crosswalk_or_marine_review|timezone_not_normalized_to_utc
5335119,1164248,2003,2003-12-10T07:00:00,2003-12-10T21:00:00,CST,14.0,29,,Z,040,HOWARD,0,0,0,0,,,,0,,0,1,begin_coordinates_missing_or_invalid|damage_crops_missing|damage_property_missing|end_coordinates_missing_or_invalid|no_valid_location_points|requires_crosswalk_or_marine_review|timezone_not_normalized_to_utc
5335120,1164249,2003,2003-12-23T11:00:00,2003-12-23T16:00:00,CST,5.0,29,,Z,046,COOPER,0,0,0,0,,,,0,,0,1,begin_coordinates_missing_or_invalid|damage_crops_missing|damage_property_missing|end_coordinates_missing_or_invalid|no_valid_location_points|requires_crosswalk_or_marine_review|timezone_not_normalized_to_utc
5335121,1164249,2003,2003-12-23T14:00:00,2003-12-23T22:00:00,CST,8.0,29,,Z,046,COOPER,0,0,0,0,,,,0,,0,1,begin_coordinates_missing_or_invalid|damage_crops_missing|damage_property_missing|end_coordinates_missing_or_invalid|no_valid_location_points|requires_crosswalk_or_marine_review|timezone_not_normalized_to_utc
5335128,1163864,2003,2003-11-20T10:20:00,2003-11-20T21:00:00,EST,10.666666666666666,21,,Z,119,MARTIN,0,0,0,0,0,0,,0,,0,1,begin_coordinates_missing_or_invalid|end_coordinates_missing_or_invalid|no_valid_location_points|requires_crosswalk_or_marine_review|timezone_not_normalized_to_utc
5335196,1163722,2003,2003-09-23T04:45:00,2003-09-24T04:45:00,EST,24.0,51,,Z,042,LOUDOUN,0,0,0,0,,,,0,,0,1,begin_coordinates_missing_or_invalid|damage_crops_missing|damage_property_missing|end_coordinates_missing_or_invalid|no_valid_location_points|requires_crosswalk_or_marine_review|timezone_not_normalized_to_utc
5335197,1163722,2003,2003-09-23T17:15:00,2003-09-24T05:45:00,EST,12.5,51,,Z,030,WARREN,0,0,0,0,,,,0,,0,1,begin_coordinates_missing_or_invalid|damage_crops_missing|damage_property_missing|end_coordinates_missing_or_invalid|no_valid_location_points|requires_crosswalk_or_marine_review|timezone_not_normalized_to_utc
5335198,1163722,2003,2003-09-23T16:45:00,2003-09-24T13:15:00,EST,20.5,51,,Z,051,CULPEPER,0,0,0,0,,,,0,,0,1,begin_coordinates_missing_or_invalid|damage_crops_missing|damage_property_missing|end_coordinates_missing_or_invalid|no_valid_location_points|requires_crosswalk_or_marine_review|timezone_not_normalized_to_utc
5335221,1163724,2003,2003-09-04T01:30:00,2003-09-04T11:00:00,EST,9.5,24,,Z,003,WASHINGTON,0,0,0,0,,,,0,,0,1,begin_coordinates_missing_or_invalid|damage_crops_missing|damage_property_missing|end_coordinates_missing_or_invalid|no_valid_location_points|requires_crosswalk_or_marine_review|timezone_not_normalized_to_utc
5335261,1163984,2003,2003-11-18T02:30:00,2003-11-20T03:30:00,PST,49.0,53,,Z,010,MASON T SW & NW/KITSAP T X SE/EC&SE JEFFERSON,0,0,0,0,,,,0,,0,1,begin_coordinates_missing_or_invalid|damage_crops_missing|damage_property_missing|end_coordinates_missing_or_invalid|no_valid_location_points|requires_crosswalk_or_marine_review|timezone_not_normalized_to_utc
5335262,1163984,2003,2003-11-18T02:30:00,2003-11-20T03:30:00,PST,49.0,53,,Z,004,C KING/C PIERCE/X NE THURSTON/C LEWIS,0,0,0,0,,,,0,,0,1,begin_coordinates_missing_or_invalid|damage_crops_missing|damage_property_missing|end_coordinates_missing_or_invalid|no_valid_location_points|requires_crosswalk_or_marine_review|timezone_not_normalized_to_utc
5335263,1163984,2003,2003-11-18T02:30:00,2003-11-20T03:30:00,PST,49.0,53,,Z,003,C SKAGIT/C SNOHOMISH,0,0,0,0,,,,0,,0,1,begin_coordinates_missing_or_invalid|damage_crops_missing|damage_property_missing|end_coordinates_missing_or_invalid|no_valid_location_points|requires_crosswalk_or_marine_review|timezone_not_normalized_to_utc
5335264,1163984,2003,2003-11-18T02:30:00,2003-11-20T03:30:00,PST,49.0,53,,Z,013,NE CLALLAM,0,0,0,0,,,,0,,0,1,begin_coordinates_missing_or_invalid|damage_crops_missing|damage_property_missing|end_coordinates_missing_or_invalid|no_valid_location_points|requires_crosswalk_or_marine_review|timezone_not_normalized_to_utc
5335292,1163727,2003,2003-09-23T06:45:00,2003-09-24T12:30:00,EST,29.75,24,,Z,004,FREDERICK,0,0,0,0,,,,0,,0,1,begin_coordinates_missing_or_invalid|damage_crops_missing|damage_property_missing|end_coordinates_missing_or_invalid|no_valid_location_points|requires_crosswalk_or_marine_review|timezone_not_normalized_to_utc
5335293,1163727,2003,2003-09-23T04:00:00,2003-09-23T21:00:00,EST,17.0,24,,Z,009,MONTGOMERY,0,0,0,0,,,,0,,0,1,begin_coordinates_missing_or_invalid|damage_crops_missing|damage_property_missing|end_coordinates_missing_or_invalid|no_valid_location_points|requires_crosswalk_or_marine_review|timezone_not_normalized_to_utc
5335295,1163727,2003,2003-09-23T06:30:00,2003-09-23T13:00:00,EST,6.5,24,,Z,004,FREDERICK,0,0,0,0,,,,0,,0,1,begin_coordinates_missing_or_invalid|damage_crops_missing|damage_property_missing|end_coordinates_missing_or_invalid|no_valid_location_points|requires_crosswalk_or_marine_review|timezone_not_normalized_to_utc
5335299,1163727,2003,2003-09-23T07:15:00,2003-09-23T16:10:00,EST,8.916666666666666,24,,Z,005,CARROLL,0,0,0,0,,,,0,,0,1,begin_coordinates_missing_or_invalid|damage_crops_missing|damage_property_missing|end_coordinates_missing_or_invalid|no_valid_location_points|requires_crosswalk_or_marine_review|timezone_not_normalized_to_utc
5335301,1163727,2003,2003-09-23T04:45:00,2003-09-23T16:40:00,EST,11.916666666666666,24,,Z,009,MONTGOMERY,0,0,0,0,,,,0,,0,1,begin_coordinates_missing_or_invalid|damage_crops_missing|damage_property_missing|end_coordinates_missing_or_invalid|no_valid_location_points|requires_crosswalk_or_marine_review|timezone_not_normalized_to_utc
5335322,1163984,2003,2003-11-18T02:30:00,2003-11-20T03:30:00,PST,49.0,53,,Z,006,SW SNOHOMISH,0,0,0,0,,,,0,,0,1,begin_coordinates_missing_or_invalid|damage_crops_missing|damage_property_missing|end_coordinates_missing_or_invalid|no_valid_location_points|requires_crosswalk_or_marine_review|timezone_not_normalized_to_utc
5335323,1163984,2003,2003-11-18T02:30:00,2003-11-20T03:30:00,PST,49.0,53,,Z,011,THURSTON T X SE/SW MASON/C&SE GRAYS HARBOR/W LEWIS,0,0,0,0,,,,0,,0,1,begin_coordinates_missing_or_invalid|damage_crops_missing|damage_property_missing|end_coordinates_missing_or_invalid|no_valid_location_points|requires_crosswalk_or_marine_review|timezone_not_normalized_to_utc
5335324,1163984,2003,2003-11-18T02:30:00,2003-11-20T03:30:00,PST,49.0,53,,Z,007,W KING/X SE KITSAP,0,0,0,0,,,,0,,0,1,begin_coordinates_missing_or_invalid|damage_crops_missing|damage_property_missing|end_coordinates_missing_or_invalid|no_valid_location_points|requires_crosswalk_or_marine_review|timezone_not_normalized_to_utc
5335325,1163984,2003,2003-11-18T02:30:00,2003-11-20T03:30:00,PST,49.0,53,,Z,005,W SKAGIT/NW SNOHOMISH,0,0,0,0,,,,0,,0,1,begin_coordinates_missing_or_invalid|damage_crops_missing|damage_property_missing|end_coordinates_missing_or_invalid|no_valid_location_points|requires_crosswalk_or_marine_review|timezone_not_normalized_to_utc
5335326,1163984,2003,2003-11-18T02:30:00,2003-11-20T03:30:00,PST,49.0,53,,Z,002,WESTERN WHATCOM,0,0,0,0,,,,0,,0,1,begin_coordinates_missing_or_invalid|damage_crops_missing|damage_property_missing|end_coordinates_missing_or_invalid|no_valid_location_points|requires_crosswalk_or_marine_review|timezone_not_normalized_to_utc
5335327,1163985,2003,2003-11-28T17:20:00,2003-11-29T07:40:00,PST,14.333333333333334,53,,Z,010,MASON T SW & NW/KITSAP T X SE/EC&SE JEFFERSON,0,0,0,0,,,,0,,0,1,begin_coordinates_missing_or_invalid|damage_crops_missing|damage_property_missing|end_coordinates_missing_or_invalid|no_valid_location_points|requires_crosswalk_or_marine_review|timezone_not_normalized_to_utc
5335328,1163985,2003,2003-11-28T17:20:00,2003-11-29T07:40:00,PST,14.333333333333334,53,,Z,004,C KING/C PIERCE/X NE THURSTON/C LEWIS,0,0,0,0,,,,0,,0,1,begin_coordinates_missing_or_invalid|damage_crops_missing|damage_property_missing|end_coordinates_missing_or_invalid|no_valid_location_points|requires_crosswalk_or_marine_review|timezone_not_normalized_to_utc
5335329,1163985,2003,2003-11-28T17:20:00,2003-11-29T07:40:00,PST,14.333333333333334,53,,Z,011,THURSTON T X SE/SW MASON/C&SE GRAYS HARBOR/W LEWIS,0,0,0,0,,,,0,,0,1,begin_coordinates_missing_or_invalid|damage_crops_missing|damage_property_missing|end_coordinates_missing_or_invalid|no_valid_location_points|requires_crosswalk_or_marine_review|timezone_not_normalized_to_utc
5335330,1163985,2003,2003-11-28T17:20:00,2003-11-29T07:40:00,PST,14.333333333333334,53,,Z,015,W CLALLAM/W JEFFERSON,0,0,0,0,,,,0,,0,1,begin_coordinates_missing_or_invalid|damage_crops_missing|damage_property_missing|end_coordinates_missing_or_invalid|no_valid_location_points|requires_crosswalk_or_marine_review|timezone_not_normalized_to_utc
5335331,1163985,2003,2003-11-28T17:20:00,2003-11-29T07:40:00,PST,14.333333333333334,53,,Z,007,W KING/X SE KITSAP,0,0,0,0,,,,0,,0,1,begin_coordinates_missing_or_invalid|damage_crops_missing|damage_property_missing|end_coordinates_missing_or_invalid|no_valid_location_points|requires_crosswalk_or_marine_review|timezone_not_normalized_to_utc
5335384,1164151,2003,2003-11-20T05:00:00,2003-11-20T08:30:00,EST,3.5,36,,Z,047,SCHOHARIE,0,0,0,0,,,,0,,0,1,begin_coordinates_missing_or_invalid|damage_crops_missing|damage_property_missing|end_coordinates_missing_or_invalid|no_valid_location_points|requires_crosswalk_or_marine_review|timezone_not_normalized_to_utc
5335385,1164151,2003,2003-11-20T13:15:00,2003-11-22T00:28:00,EST,35.21666666666667,36,,Z,038,SOUTHERN HERKIMER,0,0,0,0,,,,0,,0,1,begin_coordinates_missing_or_invalid|damage_crops_missing|damage_property_missing|end_coordinates_missing_or_invalid|no_valid_location_points|requires_crosswalk_or_marine_review|timezone_not_normalized_to_utc
5335399,1163731,2003,2003-09-04T05:30:00,2003-09-04T08:45:00,EST,3.25,54,,Z,049,MINERAL,0,0,0,0,,,,0,,0,1,begin_coordinates_missing_or_invalid|damage_crops_missing|damage_property_missing|end_coordinates_missing_or_invalid|no_valid_location_points|requires_crosswalk_or_marine_review|timezone_not_normalized_to_utc
5335400,1163732,2003,2003-09-23T16:45:00,2003-09-24T18:45:00,EST,26.0,11,,Z,001,DISTRICT OF COLUMBIA,0,0,0,0,,,,0,,0,1,begin_coordinates_missing_or_invalid|damage_crops_missing|damage_property_missing|end_coordinates_missing_or_invalid|no_valid_location_points|requires_crosswalk_or_marine_review|timezone_not_normalized_to_utc
5335401,1163732,2003,2003-09-23T03:00:00,2003-09-23T13:00:00,EST,10.0,11,,Z,001,DISTRICT OF COLUMBIA,0,0,0,0,,,,0,,0,1,begin_coordinates_missing_or_invalid|damage_crops_missing|damage_property_missing|end_coordinates_missing_or_invalid|no_valid_location_points|requires_crosswalk_or_marine_review|timezone_not_normalized_to_utc
5335417,1163735,2003,2003-09-20T12:00:00,2003-09-20T15:00:00,EST,3.0,24,,Z,002,ALLEGANY,0,0,0,0,20000,,,0,,0,1,begin_coordinates_missing_or_invalid|damage_crops_missing|end_coordinates_missing_or_invalid|no_valid_location_points|requires_crosswalk_or_marine_review|timezone_not_normalized_to_utc
5335418,1163735,2003,2003-09-20T07:00:00,2003-09-20T18:00:00,EST,11.0,24,,Z,004,FREDERICK,0,0,0,0,100000,,,0,,0,1,begin_coordinates_missing_or_invalid|damage_crops_missing|end_coordinates_missing_or_invalid|no_valid_location_points|requires_crosswalk_or_marine_review|timezone_not_normalized_to_utc
5335419,1163735,2003,2003-09-19T08:00:00,2003-09-21T20:00:00,EST,60.0,24,,Z,009,MONTGOMERY,0,0,0,0,10000,,,0,,0,1,begin_coordinates_missing_or_invalid|damage_crops_missing|end_coordinates_missing_or_invalid|no_valid_location_points|requires_crosswalk_or_marine_review|timezone_not_normalized_to_utc
5335515,1163738,2003,2003-09-18T21:30:00,2003-09-19T20:00:00,EST,22.5,51,,Z,025,AUGUSTA,0,0,0,0,1500000.0,,,0,,0,1,begin_coordinates_missing_or_invalid|damage_crops_missing|end_coordinates_missing_or_invalid|no_valid_location_points|requires_crosswalk_or_marine_review|timezone_not_normalized_to_utc
5335516,1163738,2003,2003-09-19T10:00:00,2003-09-21T01:00:00,EST,39.0,51,,Z,031,CLARKE,0,0,0,0,5000,,,0,,0,1,begin_coordinates_missing_or_invalid|damage_crops_missing|end_coordinates_missing_or_invalid|no_valid_location_points|requires_crosswalk_or_marine_review|timezone_not_normalized_to_utc
5335517,1163738,2003,2003-09-19T04:30:00,2003-09-20T05:15:00,EST,24.75,51,,Z,051,CULPEPER,0,0,0,0,50000,,,0,,0,1,begin_coordinates_missing_or_invalid|damage_crops_missing|end_coordinates_missing_or_invalid|no_valid_location_points|requires_crosswalk_or_marine_review|timezone_not_normalized_to_utc
5335518,1163738,2003,2003-09-19T13:00:00,2003-09-20T08:00:00,EST,19.0,51,,Z,041,FAUQUIER,0,0,0,0,150000,10000,,0,,0,1,begin_coordinates_missing_or_invalid|end_coordinates_missing_or_invalid|no_valid_location_points|requires_crosswalk_or_marine_review|timezone_not_normalized_to_utc
5335519,1163738,2003,2003-09-18T18:00:00,2003-09-19T02:00:00,EST,8.0,51,,Z,029,PAGE,0,0,0,0,2000000,,,0,,0,1,begin_coordinates_missing_or_invalid|damage_crops_missing|end_coordinates_missing_or_invalid|no_valid_location_points|requires_crosswalk_or_marine_review|timezone_not_normalized_to_utc
5335520,1163738,2003,2003-09-18T18:00:00,2003-09-19T02:00:00,EST,8.0,51,,Z,026,ROCKINGHAM,0,0,0,0,500000,,,0,,0,1,begin_coordinates_missing_or_invalid|damage_crops_missing|end_coordinates_missing_or_invalid|no_valid_location_points|requires_crosswalk_or_marine_review|timezone_not_normalized_to_utc
5335521,1163738,2003,2003-09-18T18:00:00,2003-09-19T02:00:00,EST,8.0,51,,Z,027,SHENANDOAH,0,0,0,0,500000,,,0,,0,1,begin_coordinates_missing_or_invalid|damage_crops_missing|end_coordinates_missing_or_invalid|no_valid_location_points|requires_crosswalk_or_marine_review|timezone_not_normalized_to_utc
5335522,1163738,2003,2003-09-19T09:30:00,2003-09-20T22:30:00,EST,37.0,51,,Z,030,WARREN,0,0,0,0,150000,,,0,,0,1,begin_coordinates_missing_or_invalid|damage_crops_missing|end_coordinates_missing_or_invalid|no_valid_location_points|requires_crosswalk_or_marine_review|timezone_not_normalized_to_utc
5335535,1163739,2003,2003-09-18T15:00:00,2003-09-19T09:00:00,EST,18.0,54,,Z,052,BERKELEY,0,0,0,0,5000,,,0,,0,1,begin_coordinates_missing_or_invalid|damage_crops_missing|end_coordinates_missing_or_invalid|no_valid_location_points|requires_crosswalk_or_marine_review|timezone_not_normalized_to_utc
5335536,1163739,2003,2003-09-19T03:00:00,2003-09-19T15:00:00,EST,12.0,54,,Z,048,GRANT,0,0,0,0,10000,,,0,,0,1,begin_coordinates_missing_or_invalid|damage_crops_missing|end_coordinates_missing_or_invalid|no_valid_location_points|requires_crosswalk_or_marine_review|timezone_not_normalized_to_utc
5335537,1163739,2003,2003-09-19T07:00:00,2003-09-19T17:00:00,EST,10.0,54,,Z,055,HARDY,0,0,0,0,20000,,,0,,0,1,begin_coordinates_missing_or_invalid|damage_crops_missing|end_coordinates_missing_or_invalid|no_valid_location_points|requires_crosswalk_or_marine_review|timezone_not_normalized_to_utc
5335538,1163739,2003,2003-09-19T09:00:00,2003-09-20T13:00:00,EST,28.0,54,,Z,050,HAMPSHIRE,0,0,0,0,20000,,,0,,0,1,begin_coordinates_missing_or_invalid|damage_crops_missing|end_coordinates_missing_or_invalid|no_valid_location_points|requires_crosswalk_or_marine_review|timezone_not_normalized_to_utc
5335539,1163739,2003,2003-09-19T18:30:00,2003-09-21T17:00:00,EST,46.5,54,,Z,053,JEFFERSON,0,0,0,0,100000,,,0,,0,1,begin_coordinates_missing_or_invalid|damage_crops_missing|end_coordinates_missing_or_invalid|no_valid_location_points|requires_crosswalk_or_marine_review|timezone_not_normalized_to_utc
5335540,1163739,2003,2003-09-19T00:00:00,2003-09-19T11:00:00,EST,11.0,54,,Z,049,MINERAL,0,0,0,0,140000,,,0,,0,1,begin_coordinates_missing_or_invalid|damage_crops_missing|end_coordinates_missing_or_invalid|no_valid_location_points|requires_crosswalk_or_marine_review|timezone_not_normalized_to_utc
5335541,1163739,2003,2003-09-19T18:00:00,2003-09-20T15:00:00,EST,21.0,54,,Z,051,MORGAN,0,0,0,0,100000,,,0,,0,1,begin_coordinates_missing_or_invalid|damage_crops_missing|end_coordinates_missing_or_invalid|no_valid_location_points|requires_crosswalk_or_marine_review|timezone_not_normalized_to_utc
5335542,1163739,2003,2003-09-19T00:00:00,2003-09-19T09:00:00,EST,9.0,54,,Z,054,PENDLETON,0,0,0,0,250000,,,0,,0,1,begin_coordinates_missing_or_invalid|damage_crops_missing|end_coordinates_missing_or_invalid|no_valid_location_points|requires_crosswalk_or_marine_review|timezone_not_normalized_to_utc
5335560,1163870,2003,2003-11-19T19:30:00,2003-11-23T03:36:00,EST,80.1,18,,Z,043,VERMILLION,0,0,0,0,,,,0,,0,1,begin_coordinates_missing_or_invalid|damage_crops_missing|damage_property_missing|end_coordinates_missing_or_invalid|no_valid_location_points|requires_crosswalk_or_marine_review|timezone_not_normalized_to_utc
5335561,1163870,2003,2003-11-19T19:30:00,2003-11-23T03:36:00,EST,80.1,18,,Z,044,PARKE,0,0,0,0,,,,0,,0,1,begin_coordinates_missing_or_invalid|damage_crops_missing|damage_property_missing|end_coordinates_missing_or_invalid|no_valid_location_points|requires_crosswalk_or_marine_review|timezone_not_normalized_to_utc
5335562,1163870,2003,2003-11-21T05:00:00,2003-11-22T06:00:00,EST,25.0,18,,Z,051,VIGO,0,0,0,0,,,,0,,0,1,begin_coordinates_missing_or_invalid|damage_crops_missing|damage_property_missing|end_coordinates_missing_or_invalid|no_valid_location_points|requires_crosswalk_or_marine_review|timezone_not_normalized_to_utc
5335563,1163870,2003,2003-11-22T08:00:00,2003-11-23T16:00:00,EST,32.0,18,,Z,060,SULLIVAN,0,0,0,0,,,,0,,0,1,begin_coordinates_missing_or_invalid|damage_crops_missing|damage_property_missing|end_coordinates_missing_or_invalid|no_valid_location_points|requires_crosswalk_or_marine_review|timezone_not_normalized_to_utc
5335564,1163871,2003,2003-11-24T08:33:00,2003-11-28T07:13:00,EST,94.66666666666667,18,,Z,043,VERMILLION,0,0,0,0,,,,0,,0,1,begin_coordinates_missing_or_invalid|damage_crops_missing|damage_property_missing|end_coordinates_missing_or_invalid|no_valid_location_points|requires_crosswalk_or_marine_review|timezone_not_normalized_to_utc
5335565,1163871,2003,2003-11-24T08:33:00,2003-11-28T07:13:00,EST,94.66666666666667,18,,Z,044,PARKE,0,0,0,0,,,,0,,0,1,begin_coordinates_missing_or_invalid|damage_crops_missing|damage_property_missing|end_coordinates_missing_or_invalid|no_valid_location_points|requires_crosswalk_or_marine_review|timezone_not_normalized_to_utc
5335566,1163871,2003,2003-11-24T19:20:00,2003-11-27T14:30:00,EST,67.16666666666667,18,,Z,051,VIGO,0,0,0,0,,,,0,,0,1,begin_coordinates_missing_or_invalid|damage_crops_missing|damage_property_missing|end_coordinates_missing_or_invalid|no_valid_location_points|requires_crosswalk_or_marine_review|timezone_not_normalized_to_utc
5335567,1163871,2003,2003-11-24T02:40:00,2003-11-29T13:00:00,EST,130.33333333333334,18,,Z,060,SULLIVAN,0,0,0,0,,,,0,,0,1,begin_coordinates_missing_or_invalid|damage_crops_missing|damage_property_missing|end_coordinates_missing_or_invalid|no_valid_location_points|requires_crosswalk_or_marine_review|timezone_not_normalized_to_utc
5335568,1163872,2003,2003-11-28T20:00:00,2003-11-30T23:59:00,EST,51.983333333333334,18,,Z,068,DAVIESS,0,0,0,0,,,,0,,0,1,begin_coordinates_missing_or_invalid|damage_crops_missing|damage_property_missing|end_coordinates_missing_or_invalid|no_valid_location_points|requires_crosswalk_or_marine_review|timezone_not_normalized_to_utc
5335569,1163872,2003,2003-11-28T20:00:00,2003-11-30T20:00:00,EST,48.0,18,,Z,067,KNOX,0,0,0,0,,,,0,,0,1,begin_coordinates_missing_or_invalid|damage_crops_missing|damage_property_missing|end_coordinates_missing_or_invalid|no_valid_location_points|requires_crosswalk_or_marine_review|timezone_not_normalized_to_utc
5335570,1163873,2003,2003-11-19T17:55:00,2003-11-20T13:26:00,EST,19.516666666666666,18,,Z,071,JACKSON,0,0,0,0,,,,0,,0,1,begin_coordinates_missing_or_invalid|damage_crops_missing|damage_property_missing|end_coordinates_missing_or_invalid|no_valid_location_points|requires_crosswalk_or_marine_review|timezone_not_normalized_to_utc
5335571,1163874,2003,2003-11-28T00:12:00,2003-11-30T23:59:00,EST,71.78333333333333,18,,Z,071,JACKSON,0,0,0,0,,,,0,,0,1,begin_coordinates_missing_or_invalid|damage_crops_missing|damage_property_missing|end_coordinates_missing_or_invalid|no_valid_location_points|requires_crosswalk_or_marine_review|timezone_not_normalized_to_utc
5335687,1163640,2003,2003-11-20T01:00:00,2003-11-20T17:00:00,CST,16.0,29,,Z,108,RIPLEY,0,0,0,0,,,,0,,0,1,begin_coordinates_missing_or_invalid|damage_crops_missing|damage_property_missing|end_coordinates_missing_or_invalid|no_valid_location_points|requires_crosswalk_or_marine_review|timezone_not_normalized_to_utc
5335688,1163641,2003,2003-11-18T10:00:00,2003-11-20T18:00:00,CST,56.0,29,,Z,100,WAYNE,0,0,0,0,,,,0,,0,1,begin_coordinates_missing_or_invalid|damage_crops_missing|damage_property_missing|end_coordinates_missing_or_invalid|no_valid_location_points|requires_crosswalk_or_marine_review|timezone_not_normalized_to_utc
5335736,1163903,2003,2003-11-13T19:34:00,2003-11-13T23:34:00,AST,4.0,99,,Z,007,PONCE AND VICINITY,0,0,0,0,,,,0,,0,1,begin_coordinates_missing_or_invalid|damage_crops_missing|damage_property_missing|end_coordinates_missing_or_invalid|no_valid_location_points|requires_crosswalk_or_marine_review|timezone_not_normalized_to_utc
5335738,1163903,2003,2003-11-13T19:59:00,2003-11-13T19:59:00,AST,0.0,99,,Z,010,MAYAGUEZ AND VICINITY,0,0,0,0,,,,0,,0,1,begin_coordinates_missing_or_invalid|damage_crops_missing|damage_property_missing|end_coordinates_missing_or_invalid|no_valid_location_points|requires_crosswalk_or_marine_review|timezone_not_normalized_to_utc
5335739,1163903,2003,2003-11-13T20:00:00,2003-11-13T23:59:00,AST,3.9833333333333334,99,,Z,011,SOUTHWEST,0,0,0,0,,,,0,,0,1,begin_coordinates_missing_or_invalid|damage_crops_missing|damage_property_missing|end_coordinates_missing_or_invalid|no_valid_location_points|requires_crosswalk_or_marine_review|timezone_not_normalized_to_utc
5335740,1163904,2003,2003-11-14T06:11:00,2003-11-14T12:11:00,AST,6.0,99,,Z,011,SOUTHWEST,0,0,0,0,,,,0,,0,1,begin_coordinates_missing_or_invalid|damage_crops_missing|damage_property_missing|end_coordinates_missing_or_invalid|no_valid_location_points|requires_crosswalk_or_marine_review|timezone_not_normalized_to_utc
5335741,1163904,2003,2003-11-14T08:55:00,2003-11-14T12:55:00,AST,4.0,99,,Z,011,SOUTHWEST,0,0,0,0,,,,0,,0,1,begin_coordinates_missing_or_invalid|damage_crops_missing|damage_property_missing|end_coordinates_missing_or_invalid|no_valid_location_points|requires_crosswalk_or_marine_review|timezone_not_normalized_to_utc
5335743,1163904,2003,2003-11-14T10:40:00,2003-11-14T14:40:00,AST,4.0,99,,Z,007,PONCE AND VICINITY,0,0,0,0,,,,0,,0,1,begin_coordinates_missing_or_invalid|damage_crops_missing|damage_property_missing|end_coordinates_missing_or_invalid|no_valid_location_points|requires_crosswalk_or_marine_review|timezone_not_normalized_to_utc
5335744,1163904,2003,2003-11-14T11:05:00,2003-11-14T15:05:00,AST,4.0,99,,Z,011,SOUTHWEST,0,0,0,0,,,,0,,0,1,begin_coordinates_missing_or_invalid|damage_crops_missing|damage_property_missing|end_coordinates_missing_or_invalid|no_valid_location_points|requires_crosswalk_or_marine_review|timezone_not_normalized_to_utc
5335745,1163905,2003,2003-11-15T17:37:00,2003-11-15T21:37:00,AST,4.0,99,,Z,007,PONCE AND VICINITY,0,0,0,0,,,,0,,0,1,begin_coordinates_missing_or_invalid|damage_crops_missing|damage_property_missing|end_coordinates_missing_or_invalid|no_valid_location_points|requires_crosswalk_or_marine_review|timezone_not_normalized_to_utc
5335746,1163905,2003,2003-11-15T21:20:00,2003-11-15T23:20:00,AST,2.0,99,,Z,006,CENTRAL INTERIOR,0,0,0,0,,,,0,,0,1,begin_coordinates_missing_or_invalid|damage_crops_missing|damage_property_missing|end_coordinates_missing_or_invalid|no_valid_location_points|requires_crosswalk_or_marine_review|timezone_not_normalized_to_utc
5336060,1163909,2003,2003-11-10T00:00:00,2003-11-15T23:59:00,AST,143.98333333333332,99,,Z,006,CENTRAL INTERIOR,0,0,1,0,,,,1,,0,1,begin_coordinates_missing_or_invalid|damage_crops_missing|damage_property_missing|end_coordinates_missing_or_invalid|no_valid_location_points|requires_crosswalk_or_marine_review|timezone_not_normalized_to_utc
5336061,1163909,2003,2003-11-10T00:00:00,2003-11-15T23:59:00,AST,143.98333333333332,99,,Z,012,CULEBRA,0,0,0,0,,,,0,,0,1,begin_coordinates_missing_or_invalid|damage_crops_missing|damage_property_missing|end_coordinates_missing_or_invalid|no_valid_location_points|requires_crosswalk_or_marine_review|timezone_not_normalized_to_utc
5336062,1163909,2003,2003-11-10T00:00:00,2003-11-15T23:59:00,AST,143.98333333333332,99,,Z,004,EASTERN INTERIOR,0,0,1,0,1000000,1000000,,1,,0,1,begin_coordinates_missing_or_invalid|end_coordinates_missing_or_invalid|no_valid_location_points|requires_crosswalk_or_marine_review|timezone_not_normalized_to_utc
5336063,1163909,2003,2003-11-10T00:00:00,2003-11-15T23:59:00,AST,143.98333333333332,99,,Z,010,MAYAGUEZ AND VICINITY,0,0,0,0,1000000,3000000,,0,,0,1,begin_coordinates_missing_or_invalid|end_coordinates_missing_or_invalid|no_valid_location_points|requires_crosswalk_or_marine_review|timezone_not_normalized_to_utc
5336064,1163909,2003,2003-11-10T00:00:00,2003-11-15T23:59:00,AST,143.98333333333332,99,,Z,005,NORTH CENTRAL,0,0,0,0,1000000,3000000,,0,,0,1,begin_coordinates_missing_or_invalid|end_coordinates_missing_or_invalid|no_valid_location_points|requires_crosswalk_or_marine_review|timezone_not_normalized_to_utc
5336065,1163909,2003,2003-11-10T00:00:00,2003-11-15T23:59:00,AST,143.98333333333332,99,,Z,002,NORTHEAST,0,0,0,0,1000000,3000000,,0,,0,1,begin_coordinates_missing_or_invalid|end_coordinates_missing_or_invalid|no_valid_location_points|requires_crosswalk_or_marine_review|timezone_not_normalized_to_utc
5336066,1163909,2003,2003-11-10T00:00:00,2003-11-15T23:59:00,AST,143.98333333333332,99,,Z,008,NORTHWEST,0,0,0,0,1000000,3000000,,0,,0,1,begin_coordinates_missing_or_invalid|end_coordinates_missing_or_invalid|no_valid_location_points|requires_crosswalk_or_marine_review|timezone_not_normalized_to_utc
5336067,1163909,2003,2003-11-10T00:00:00,2003-11-15T23:59:00,AST,143.98333333333332,99,,Z,007,PONCE AND VICINITY,0,0,0,0,1000000,3000000,,0,,0,1,begin_coordinates_missing_or_invalid|end_coordinates_missing_or_invalid|no_valid_location_points|requires_crosswalk_or_marine_review|timezone_not_normalized_to_utc
5336068,1163909,2003,2003-11-10T00:00:00,2003-11-15T23:59:00,AST,143.98333333333332,99,,Z,001,SAN JUAN AND VICINITY,0,0,0,0,1000000,3000000,,0,,0,1,begin_coordinates_missing_or_invalid|end_coordinates_missing_or_invalid|no_valid_location_points|requires_crosswalk_or_marine_review|timezone_not_normalized_to_utc
5336069,1163909,2003,2003-11-10T00:00:00,2003-11-15T23:59:00,AST,143.98333333333332,99,,Z,003,SOUTHEAST,0,0,0,0,1000000,3000000,,0,,0,1,begin_coordinates_missing_or_invalid|end_coordinates_missing_or_invalid|no_valid_location_points|requires_crosswalk_or_marine_review|timezone_not_normalized_to_utc
5336070,1163909,2003,2003-11-10T00:00:00,2003-11-15T23:59:00,AST,143.98333333333332,99,,Z,011,SOUTHWEST,0,0,0,0,1000000,3000000,,0,,0,1,begin_coordinates_missing_or_invalid|end_coordinates_missing_or_invalid|no_valid_location_points|requires_crosswalk_or_marine_review|timezone_not_normalized_to_utc
5336071,1163909,2003,2003-11-10T00:00:00,2003-11-15T23:59:00,AST,143.98333333333332,99,,Z,013,VIEQUES,0,0,0,0,,3000000,,0,,0,1,begin_coordinates_missing_or_invalid|damage_property_missing|end_coordinates_missing_or_invalid|no_valid_location_points|requires_crosswalk_or_marine_review|timezone_not_normalized_to_utc
5336083,1163468,2003,2003-10-27T16:58:00,2003-10-27T21:31:00,EST,4.55,36,,Z,063,WESTERN ULSTER,0,0,0,0,,,,0,,0,1,begin_coordinates_missing_or_invalid|damage_crops_missing|damage_property_missing|end_coordinates_missing_or_invalid|no_valid_location_points|requires_crosswalk_or_marine_review|timezone_not_normalized_to_utc
5336084,1163468,2003,2003-10-27T13:58:00,2003-10-28T04:41:00,EST,14.716666666666667,36,,Z,063,WESTERN ULSTER,0,0,0,0,,,,0,,0,1,begin_coordinates_missing_or_invalid|damage_crops_missing|damage_property_missing|end_coordinates_missing_or_invalid|no_valid_location_points|requires_crosswalk_or_marine_review|timezone_not_normalized_to_utc
5336085,1163469,2003,2003-10-30T08:42:00,2003-10-31T10:50:00,EST,26.133333333333333,09,,Z,001,NORTHERN LITCHFIELD,0,0,0,0,,,,0,,0,1,begin_coordinates_missing_or_invalid|damage_crops_missing|damage_property_missing|end_coordinates_missing_or_invalid|no_valid_location_points|requires_crosswalk_or_marine_review|timezone_not_normalized_to_utc
5336086,1163469,2003,2003-10-30T16:30:00,2003-10-30T20:15:00,EST,3.75,09,,Z,001,NORTHERN LITCHFIELD,0,0,0,0,,,,0,,0,1,begin_coordinates_missing_or_invalid|damage_crops_missing|damage_property_missing|end_coordinates_missing_or_invalid|no_valid_location_points|requires_crosswalk_or_marine_review|timezone_not_normalized_to_utc
5336087,1163469,2003,2003-10-29T15:07:00,2003-10-29T17:37:00,EST,2.5,09,,Z,001,NORTHERN LITCHFIELD,0,0,0,0,,,,0,,0,1,begin_coordinates_missing_or_invalid|damage_crops_missing|damage_property_missing|end_coordinates_missing_or_invalid|no_valid_location_points|requires_crosswalk_or_marine_review|timezone_not_normalized_to_utc
5336088,1163470,2003,2003-10-29T15:57:00,2003-10-29T22:01:00,EST,6.066666666666666,36,,Z,043,NORTHERN WASHINGTON,0,0,0,0,,,,0,,0,1,begin_coordinates_missing_or_invalid|damage_crops_missing|damage_property_missing|end_coordinates_missing_or_invalid|no_valid_location_points|requires_crosswalk_or_marine_review|timezone_not_normalized_to_utc
5336089,1163470,2003,2003-10-29T07:40:00,2003-10-29T17:22:00,EST,9.7,36,,Z,063,WESTERN ULSTER,0,0,0,0,,,,0,,0,1,begin_coordinates_missing_or_invalid|damage_crops_missing|damage_property_missing|end_coordinates_missing_or_invalid|no_valid_location_points|requires_crosswalk_or_marine_review|timezone_not_normalized_to_utc
5336090,1163470,2003,2003-10-29T15:21:00,2003-10-30T00:07:00,EST,8.766666666666667,36,,Z,054,EASTERN RENSSELAER,0,0,0,0,,,,0,,0,1,begin_coordinates_missing_or_invalid|damage_crops_missing|damage_property_missing|end_coordinates_missing_or_invalid|no_valid_location_points|requires_crosswalk_or_marine_review|timezone_not_normalized_to_utc
5336091,1163470,2003,2003-10-29T09:48:00,2003-10-30T21:47:00,EST,35.983333333333334,36,,Z,050,SOUTHERN SARATOGA,0,0,0,0,,,,0,,0,1,begin_coordinates_missing_or_invalid|damage_crops_missing|damage_property_missing|end_coordinates_missing_or_invalid|no_valid_location_points|requires_crosswalk_or_marine_review|timezone_not_normalized_to_utc
5336092,1163470,2003,2003-10-29T14:40:00,2003-10-29T18:12:00,EST,3.533333333333333,36,,Z,050,SOUTHERN SARATOGA,0,0,0,0,,,,0,,0,1,begin_coordinates_missing_or_invalid|damage_crops_missing|damage_property_missing|end_coordinates_missing_or_invalid|no_valid_location_points|requires_crosswalk_or_marine_review|timezone_not_normalized_to_utc
5336093,1163470,2003,2003-10-29T15:10:00,2003-10-30T09:24:00,EST,18.233333333333334,36,,Z,040,MONTGOMERY,0,0,0,0,,,,0,,0,1,begin_coordinates_missing_or_invalid|damage_crops_missing|damage_property_missing|end_coordinates_missing_or_invalid|no_valid_location_points|requires_crosswalk_or_marine_review|timezone_not_normalized_to_utc
5336094,1163470,2003,2003-10-29T15:10:00,2003-10-30T10:49:00,EST,19.65,36,,Z,040,MONTGOMERY,0,0,0,0,,,,0,,0,1,begin_coordinates_missing_or_invalid|damage_crops_missing|damage_property_missing|end_coordinates_missing_or_invalid|no_valid_location_points|requires_crosswalk_or_marine_review|timezone_not_normalized_to_utc
5336172,1163909,2003,2003-11-10T00:00:00,2003-11-15T23:59:00,AST,143.98333333333332,99,,Z,009,WESTERN INTERIOR,0,0,0,0,1000000,3000000,,0,,0,1,begin_coordinates_missing_or_invalid|end_coordinates_missing_or_invalid|no_valid_location_points|requires_crosswalk_or_marine_review|timezone_not_normalized_to_utc
5336176,1163912,2003,2003-11-10T18:30:00,2003-11-15T23:59:00,AST,125.48333333333333,96,,Z,002,ST. CROIX,0,0,0,0,1000000,,,0,,0,1,begin_coordinates_missing_or_invalid|damage_crops_missing|end_coordinates_missing_or_invalid|no_valid_location_points|requires_crosswalk_or_marine_review|timezone_not_normalized_to_utc
5336177,1163912,2003,2003-11-11T00:00:00,2003-11-15T23:59:00,AST,119.98333333333333,96,,Z,001,ST. THOMAS / ST. JOHN AND ADJACENT ISLANDS,0,0,0,0,500000.0,,,0,,0,1,begin_coordinates_missing_or_invalid|damage_crops_missing|end_coordinates_missing_or_invalid|no_valid_location_points|requires_crosswalk_or_marine_review|timezone_not_normalized_to_utc
5336265,1163794,2003,2003-07-01T00:00:00,2003-07-04T23:59:00,CST,95.98333333333333,22,,Z,039,WASHINGTON,0,0,0,0,250000,,,0,,0,1,begin_coordinates_missing_or_invalid|damage_crops_missing|end_coordinates_missing_or_invalid|no_valid_location_points|requires_crosswalk_or_marine_review|timezone_not_normalized_to_utc
5336266,1163795,2003,2003-07-01T00:00:00,2003-07-03T23:59:00,CST,71.98333333333333,28,,Z,077,PEARL RIVER,0,0,0,0,500000,,,0,,0,1,begin_coordinates_missing_or_invalid|damage_crops_missing|end_coordinates_missing_or_invalid|no_valid_location_points|requires_crosswalk_or_marine_review|timezone_not_normalized_to_utc
5336267,1163795,2003,2003-07-01T00:00:00,2003-07-03T23:59:00,CST,71.98333333333333,28,,Z,080,HANCOCK,0,0,0,0,250000,,,0,,0,1,begin_coordinates_missing_or_invalid|damage_crops_missing|end_coordinates_missing_or_invalid|no_valid_location_points|requires_crosswalk_or_marine_review|timezone_not_normalized_to_utc
5336268,1163795,2003,2003-07-01T00:00:00,2003-07-03T23:59:00,CST,71.98333333333333,28,,Z,081,HARRISON,0,0,0,0,150000,,,0,,0,1,begin_coordinates_missing_or_invalid|damage_crops_missing|end_coordinates_missing_or_invalid|no_valid_location_points|requires_crosswalk_or_marine_review|timezone_not_normalized_to_utc
5336339,1163795,2003,2003-07-01T00:00:00,2003-07-03T23:59:00,CST,71.98333333333333,28,,Z,082,JACKSON,0,0,0,0,100000,,,0,,0,1,begin_coordinates_missing_or_invalid|damage_crops_missing|end_coordinates_missing_or_invalid|no_valid_location_points|requires_crosswalk_or_marine_review|timezone_not_normalized_to_utc
5336401,1163470,2003,2003-10-29T18:53:00,2003-10-30T02:33:00,EST,7.666666666666667,36,,Z,047,SCHOHARIE,0,0,0,0,,,,0,,0,1,begin_coordinates_missing_or_invalid|damage_crops_missing|damage_property_missing|end_coordinates_missing_or_invalid|no_valid_location_points|requires_crosswalk_or_marine_review|timezone_not_normalized_to_utc
5336402,1163470,2003,2003-10-29T11:07:00,2003-10-29T17:44:00,EST,6.616666666666666,36,,Z,047,SCHOHARIE,0,0,0,0,,,,0,,0,1,begin_coordinates_missing_or_invalid|damage_crops_missing|damage_property_missing|end_coordinates_missing_or_invalid|no_valid_location_points|requires_crosswalk_or_marine_review|timezone_not_normalized_to_utc
5336404,1163471,2003,2003-10-29T12:45:00,2003-10-29T16:11:00,EST,3.433333333333333,50,,Z,015,EASTERN WINDHAM,0,0,0,0,,,,0,,0,1,begin_coordinates_missing_or_invalid|damage_crops_missing|damage_property_missing|end_coordinates_missing_or_invalid|no_valid_location_points|requires_crosswalk_or_marine_review|timezone_not_normalized_to_utc
5336439,1163902,2003,2003-11-12T16:00:00,2003-11-12T20:00:00,AST,4.0,99,,Z,011,SOUTHWEST,0,0,0,0,,,,0,,0,1,begin_coordinates_missing_or_invalid|damage_crops_missing|damage_property_missing|end_coordinates_missing_or_invalid|no_valid_location_points|requires_crosswalk_or_marine_review|timezone_not_normalized_to_utc
5336440,1163902,2003,2003-11-12T15:00:00,2003-11-12T19:00:00,AST,4.0,99,,Z,010,MAYAGUEZ AND VICINITY,0,0,0,0,,,,0,,0,1,begin_coordinates_missing_or_invalid|damage_crops_missing|damage_property_missing|end_coordinates_missing_or_invalid|no_valid_location_points|requires_crosswalk_or_marine_review|timezone_not_normalized_to_utc
5336441,1163903,2003,2003-11-13T09:00:00,2003-11-13T15:00:00,AST,6.0,99,,Z,009,WESTERN INTERIOR,0,0,0,0,,,,0,,0,1,begin_coordinates_missing_or_invalid|damage_crops_missing|damage_property_missing|end_coordinates_missing_or_invalid|no_valid_location_points|requires_crosswalk_or_marine_review|timezone_not_normalized_to_utc
5336444,1163903,2003,2003-11-13T09:01:00,2003-11-13T09:01:00,AST,0.0,99,,Z,010,MAYAGUEZ AND VICINITY,0,0,0,0,,,,0,,0,1,begin_coordinates_missing_or_invalid|damage_crops_missing|damage_property_missing|end_coordinates_missing_or_invalid|no_valid_location_points|requires_crosswalk_or_marine_review|timezone_not_normalized_to_utc
5336445,1163903,2003,2003-11-13T10:25:00,2003-11-13T16:25:00,AST,6.0,99,,Z,010,MAYAGUEZ AND VICINITY,0,0,0,0,,,,0,,0,1,begin_coordinates_missing_or_invalid|damage_crops_missing|damage_property_missing|end_coordinates_missing_or_invalid|no_valid_location_points|requires_crosswalk_or_marine_review|timezone_not_normalized_to_utc
5336446,1163903,2003,2003-11-13T17:35:00,2003-11-13T21:35:00,AST,4.0,99,,Z,006,CENTRAL INTERIOR,0,0,0,0,,,,0,,0,1,begin_coordinates_missing_or_invalid|damage_crops_missing|damage_property_missing|end_coordinates_missing_or_invalid|no_valid_location_points|requires_crosswalk_or_marine_review|timezone_not_normalized_to_utc
5336469,1163914,2003,2003-11-01T14:00:00,2003-11-01T18:00:00,AST,4.0,99,,Z,001,SAN JUAN AND VICINITY,0,0,0,0,,,,0,,0,1,begin_coordinates_missing_or_invalid|damage_crops_missing|damage_property_missing|end_coordinates_missing_or_invalid|no_valid_location_points|requires_crosswalk_or_marine_review|timezone_not_normalized_to_utc
5336487,1163630,2003,2003-11-19T15:15:00,2003-11-19T17:00:00,EST,1.75,42,,Z,030,WESTMORELAND,0,0,0,0,,,,0,,0,1,begin_coordinates_missing_or_invalid|damage_crops_missing|damage_property_missing|end_coordinates_missing_or_invalid|no_valid_location_points|requires_crosswalk_or_marine_review|timezone_not_normalized_to_utc
5336489,1163632,2003,2003-11-19T19:15:00,2003-11-20T01:00:00,EST,5.75,42,,Z,032,FAYETTE,0,0,0,0,68000,,,0,,0,1,begin_coordinates_missing_or_invalid|damage_crops_missing|end_coordinates_missing_or_invalid|no_valid_location_points|requires_crosswalk_or_marine_review|timezone_not_normalized_to_utc
5336490,1163632,2003,2003-11-19T21:00:00,2003-11-21T02:00:00,EST,29.0,42,,Z,029,WASHINGTON,0,0,0,0,,,,0,,0,1,begin_coordinates_missing_or_invalid|damage_crops_missing|damage_property_missing|end_coordinates_missing_or_invalid|no_valid_location_points|requires_crosswalk_or_marine_review|timezone_not_normalized_to_utc
5336491,1163632,2003,2003-11-19T21:15:00,2003-11-21T03:00:00,EST,29.75,42,,Z,021,ALLEGHENY,0,0,0,0,,,,0,,0,1,begin_coordinates_missing_or_invalid|damage_crops_missing|damage_property_missing|end_coordinates_missing_or_invalid|no_valid_location_points|requires_crosswalk_or_marine_review|timezone_not_normalized_to_utc
5336574,1163636,2003,2003-11-28T20:00:00,2003-11-30T23:59:00,CST,51.983333333333334,18,,Z,081,GIBSON,0,0,0,0,,,,0,,0,1,begin_coordinates_missing_or_invalid|damage_crops_missing|damage_property_missing|end_coordinates_missing_or_invalid|no_valid_location_points|requires_crosswalk_or_marine_review|timezone_not_normalized_to_utc
5336575,1163636,2003,2003-11-28T20:00:00,2003-11-30T23:59:00,CST,51.983333333333334,18,,Z,082,PIKE,0,0,0,0,,,,0,,0,1,begin_coordinates_missing_or_invalid|damage_crops_missing|damage_property_missing|end_coordinates_missing_or_invalid|no_valid_location_points|requires_crosswalk_or_marine_review|timezone_not_normalized_to_utc
5336576,1163637,2003,2003-11-25T09:00:00,2003-11-29T12:00:00,CST,99.0,18,,Z,085,POSEY,0,0,0,0,,,,0,,0,1,begin_coordinates_missing_or_invalid|damage_crops_missing|damage_property_missing|end_coordinates_missing_or_invalid|no_valid_location_points|requires_crosswalk_or_marine_review|timezone_not_normalized_to_utc
5336577,1163637,2003,2003-11-25T09:00:00,2003-11-29T12:00:00,CST,99.0,18,,Z,088,SPENCER,0,0,0,0,,,,0,,0,1,begin_coordinates_missing_or_invalid|damage_crops_missing|damage_property_missing|end_coordinates_missing_or_invalid|no_valid_location_points|requires_crosswalk_or_marine_review|timezone_not_normalized_to_utc
5336578,1163637,2003,2003-11-25T09:00:00,2003-11-29T12:00:00,CST,99.0,18,,Z,087,WARRICK,0,0,0,0,,,,0,,0,1,begin_coordinates_missing_or_invalid|damage_crops_missing|damage_property_missing|end_coordinates_missing_or_invalid|no_valid_location_points|requires_crosswalk_or_marine_review|timezone_not_normalized_to_utc
5336579,1163637,2003,2003-11-25T09:00:00,2003-11-29T12:00:00,CST,99.0,18,,Z,086,VANDERBURGH,0,0,0,0,,,,0,,0,1,begin_coordinates_missing_or_invalid|damage_crops_missing|damage_property_missing|end_coordinates_missing_or_invalid|no_valid_location_points|requires_crosswalk_or_marine_review|timezone_not_normalized_to_utc
5336580,1163638,2003,2003-11-26T08:00:00,2003-11-29T19:00:00,CST,83.0,21,,Z,018,HENDERSON,0,0,0,0,,,,0,,0,1,begin_coordinates_missing_or_invalid|damage_crops_missing|damage_property_missing|end_coordinates_missing_or_invalid|no_valid_location_points|requires_crosswalk_or_marine_review|timezone_not_normalized_to_utc
5336581,1163638,2003,2003-11-26T08:00:00,2003-11-29T19:00:00,CST,83.0,21,,Z,014,UNION,0,0,0,0,,,,0,,0,1,begin_coordinates_missing_or_invalid|damage_crops_missing|damage_property_missing|end_coordinates_missing_or_invalid|no_valid_location_points|requires_crosswalk_or_marine_review|timezone_not_normalized_to_utc
5336582,1163639,2003,2003-11-24T09:00:00,2003-11-30T23:59:00,CST,158.98333333333332,17,,Z,087,GALLATIN,0,0,0,0,,,,0,,0,1,begin_coordinates_missing_or_invalid|damage_crops_missing|damage_property_missing|end_coordinates_missing_or_invalid|no_valid_location_points|requires_crosswalk_or_marine_review|timezone_not_normalized_to_utc
5336662,1164204,2003,2003-12-01T00:00:00,2003-12-05T17:00:00,CST,113.0,17,,Z,087,GALLATIN,0,0,0,0,,,,0,,0,1,begin_coordinates_missing_or_invalid|damage_crops_missing|damage_property_missing|end_coordinates_missing_or_invalid|no_valid_location_points|requires_crosswalk_or_marine_review|timezone_not_normalized_to_utc
5336690,1163261,2003,2003-10-26T20:00:00,2003-10-26T20:00:00,AST,0.0,99,,Z,010,MAYAGUEZ AND VICINITY,0,0,0,0,,,,0,,0,1,begin_coordinates_missing_or_invalid|damage_crops_missing|damage_property_missing|end_coordinates_missing_or_invalid|no_valid_location_points|requires_crosswalk_or_marine_review|timezone_not_normalized_to_utc
5336692,1162083,2003,2003-09-02T15:08:00,2003-09-02T16:45:00,EST,1.6166666666666667,39,,Z,071,WARREN,0,0,0,0,,,,0,,0,1,begin_coordinates_missing_or_invalid|damage_crops_missing|damage_property_missing|end_coordinates_missing_or_invalid|no_valid_location_points|requires_crosswalk_or_marine_review|timezone_not_normalized_to_utc
5336693,1162083,2003,2003-09-02T18:45:00,2003-09-02T20:00:00,EST,1.25,39,,Z,071,WARREN,0,0,0,0,,,,0,,0,1,begin_coordinates_missing_or_invalid|damage_crops_missing|damage_property_missing|end_coordinates_missing_or_invalid|no_valid_location_points|requires_crosswalk_or_marine_review|timezone_not_normalized_to_utc
5336694,1162083,2003,2003-09-02T14:30:00,2003-09-02T16:00:00,EST,1.5,39,,Z,062,GREENE,0,0,0,0,,,,0,,0,1,begin_coordinates_missing_or_invalid|damage_crops_missing|damage_property_missing|end_coordinates_missing_or_invalid|no_valid_location_points|requires_crosswalk_or_marine_review|timezone_not_normalized_to_utc
5336695,1162083,2003,2003-09-02T16:00:00,2003-09-02T18:00:00,EST,2.0,39,,Z,070,BUTLER,0,0,0,0,10000,,,0,,0,1,begin_coordinates_missing_or_invalid|damage_crops_missing|end_coordinates_missing_or_invalid|no_valid_location_points|requires_crosswalk_or_marine_review|timezone_not_normalized_to_utc
5336696,1162084,2003,2003-09-03T09:30:00,2003-09-03T11:00:00,EST,1.5,39,,Z,063,FAYETTE,0,0,0,0,,,,0,,0,1,begin_coordinates_missing_or_invalid|damage_crops_missing|damage_property_missing|end_coordinates_missing_or_invalid|no_valid_location_points|requires_crosswalk_or_marine_review|timezone_not_normalized_to_utc
5336798,1162825,2003,2003-09-01T17:00:00,2003-09-08T11:00:00,AST,162.0,02,,Z,222,MIDDLE TANANA VALLEY,0,0,0,0,,,,0,,0,1,begin_coordinates_missing_or_invalid|damage_crops_missing|damage_property_missing|end_coordinates_missing_or_invalid|no_valid_location_points|requires_crosswalk_or_marine_review|timezone_not_normalized_to_utc
5336799,1162825,2003,2003-09-03T05:00:00,2003-09-04T11:00:00,AST,30.0,02,,Z,223,DELTANA AND TANANA,0,0,0,0,,,,0,,0,1,begin_coordinates_missing_or_invalid|damage_crops_missing|damage_property_missing|end_coordinates_missing_or_invalid|no_valid_location_points|requires_crosswalk_or_marine_review|timezone_not_normalized_to_utc
5336800,1162825,2003,2003-09-01T16:15:00,2003-09-04T09:00:00,AST,64.75,02,,Z,224,UPR TANANA VLY FORTYMILE,0,0,0,0,,,,0,,0,1,begin_coordinates_missing_or_invalid|damage_crops_missing|damage_property_missing|end_coordinates_missing_or_invalid|no_valid_location_points|requires_crosswalk_or_marine_review|timezone_not_normalized_to_utc
5336838,1162484,2003,2003-09-11T08:00:00,2003-09-12T16:00:00,CST,32.0,31,,Z,088,JEFFERSON,0,0,0,0,,,,0,,0,1,begin_coordinates_missing_or_invalid|damage_crops_missing|damage_property_missing|end_coordinates_missing_or_invalid|no_valid_location_points|requires_crosswalk_or_marine_review|timezone_not_normalized_to_utc
5336839,1162485,2003,2003-09-12T08:00:00,2003-09-15T09:00:00,CST,73.0,31,,Z,078,SALINE,0,0,0,0,,,,0,,0,1,begin_coordinates_missing_or_invalid|damage_crops_missing|damage_property_missing|end_coordinates_missing_or_invalid|no_valid_location_points|requires_crosswalk_or_marine_review|timezone_not_normalized_to_utc
5336856,1162825,2003,2003-09-01T16:15:00,2003-09-04T09:00:00,AST,64.75,02,,Z,220,YUKON FLATS NEARBY UPLANDS,0,0,0,0,,,,0,,0,1,begin_coordinates_missing_or_invalid|damage_crops_missing|damage_property_missing|end_coordinates_missing_or_invalid|no_valid_location_points|requires_crosswalk_or_marine_review|timezone_not_normalized_to_utc
5336857,1162826,2003,2003-09-12T05:00:00,2003-09-13T09:00:00,AST,28.0,02,,Z,222,MIDDLE TANANA VALLEY,0,0,0,0,,,,0,,0,1,begin_coordinates_missing_or_invalid|damage_crops_missing|damage_property_missing|end_coordinates_missing_or_invalid|no_valid_location_points|requires_crosswalk_or_marine_review|timezone_not_normalized_to_utc
5336888,1162486,2003,2003-09-01T22:23:00,2003-09-06T12:00:00,EST,109.61666666666666,18,,Z,021,CARROLL,0,0,0,0,,,,0,,0,1,begin_coordinates_missing_or_invalid|damage_crops_missing|damage_property_missing|end_coordinates_missing_or_invalid|no_valid_location_points|requires_crosswalk_or_marine_review|timezone_not_normalized_to_utc
5336889,1162486,2003,2003-09-01T22:23:00,2003-09-06T12:00:00,EST,109.61666666666666,18,,Z,029,TIPPECANOE,0,0,0,0,,,,0,,0,1,begin_coordinates_missing_or_invalid|damage_crops_missing|damage_property_missing|end_coordinates_missing_or_invalid|no_valid_location_points|requires_crosswalk_or_marine_review|timezone_not_normalized_to_utc
5336890,1162486,2003,2003-09-01T19:30:00,2003-09-07T15:51:00,EST,140.35,18,,Z,028,WARREN,0,0,0,0,,,,0,,0,1,begin_coordinates_missing_or_invalid|damage_crops_missing|damage_property_missing|end_coordinates_missing_or_invalid|no_valid_location_points|requires_crosswalk_or_marine_review|timezone_not_normalized_to_utc
5336891,1162486,2003,2003-09-01T19:30:00,2003-09-07T15:51:00,EST,140.35,18,,Z,035,FOUNTAIN,0,0,0,0,,,,0,,0,1,begin_coordinates_missing_or_invalid|damage_crops_missing|damage_property_missing|end_coordinates_missing_or_invalid|no_valid_location_points|requires_crosswalk_or_marine_review|timezone_not_normalized_to_utc
5336892,1162486,2003,2003-09-01T10:42:00,2003-09-09T08:00:00,EST,189.3,18,,Z,043,VERMILLION,0,0,0,0,,,,0,,0,1,begin_coordinates_missing_or_invalid|damage_crops_missing|damage_property_missing|end_coordinates_missing_or_invalid|no_valid_location_points|requires_crosswalk_or_marine_review|timezone_not_normalized_to_utc
5336893,1162486,2003,2003-09-01T10:42:00,2003-09-09T08:00:00,EST,189.3,18,,Z,044,PARKE,0,0,0,0,,,,0,,0,1,begin_coordinates_missing_or_invalid|damage_crops_missing|damage_property_missing|end_coordinates_missing_or_invalid|no_valid_location_points|requires_crosswalk_or_marine_review|timezone_not_normalized_to_utc
5336894,1162486,2003,2003-09-01T16:20:00,2003-09-09T11:00:00,EST,186.66666666666666,18,,Z,051,VIGO,0,0,0,0,,,,0,,0,1,begin_coordinates_missing_or_invalid|damage_crops_missing|damage_property_missing|end_coordinates_missing_or_invalid|no_valid_location_points|requires_crosswalk_or_marine_review|timezone_not_normalized_to_utc
5336895,1162486,2003,2003-09-01T19:43:00,2003-09-12T01:17:00,EST,245.56666666666666,18,,Z,060,SULLIVAN,0,0,0,0,,,,0,,0,1,begin_coordinates_missing_or_invalid|damage_crops_missing|damage_property_missing|end_coordinates_missing_or_invalid|no_valid_location_points|requires_crosswalk_or_marine_review|timezone_not_normalized_to_utc
5336896,1162487,2003,2003-09-06T17:29:00,2003-09-11T01:08:00,EST,103.65,18,,Z,067,KNOX,0,0,0,0,,,,0,,0,1,begin_coordinates_missing_or_invalid|damage_crops_missing|damage_property_missing|end_coordinates_missing_or_invalid|no_valid_location_points|requires_crosswalk_or_marine_review|timezone_not_normalized_to_utc
5336897,1162488,2003,2003-09-27T01:41:00,2003-09-30T17:00:00,EST,87.31666666666666,18,,Z,021,CARROLL,0,0,0,0,,,,0,,0,1,begin_coordinates_missing_or_invalid|damage_crops_missing|damage_property_missing|end_coordinates_missing_or_invalid|no_valid_location_points|requires_crosswalk_or_marine_review|timezone_not_normalized_to_utc
5336898,1162488,2003,2003-09-27T01:41:00,2003-09-30T17:00:00,EST,87.31666666666666,18,,Z,029,TIPPECANOE,0,0,0,0,,,,0,,0,1,begin_coordinates_missing_or_invalid|damage_crops_missing|damage_property_missing|end_coordinates_missing_or_invalid|no_valid_location_points|requires_crosswalk_or_marine_review|timezone_not_normalized_to_utc
5336899,1162488,2003,2003-09-27T05:21:00,2003-09-30T23:59:00,EST,90.63333333333334,18,,Z,028,WARREN,0,0,0,0,,,,0,,0,1,begin_coordinates_missing_or_invalid|damage_crops_missing|damage_property_missing|end_coordinates_missing_or_invalid|no_valid_location_points|requires_crosswalk_or_marine_review|timezone_not_normalized_to_utc
5336900,1162488,2003,2003-09-27T05:21:00,2003-09-30T23:59:00,EST,90.63333333333334,18,,Z,035,FOUNTAIN,0,0,0,0,,,,0,,0,1,begin_coordinates_missing_or_invalid|damage_crops_missing|damage_property_missing|end_coordinates_missing_or_invalid|no_valid_location_points|requires_crosswalk_or_marine_review|timezone_not_normalized_to_utc
5336901,1162488,2003,2003-09-27T10:16:00,2003-09-30T23:59:00,EST,85.71666666666667,18,,Z,043,VERMILLION,0,0,0,0,,,,0,,0,1,begin_coordinates_missing_or_invalid|damage_crops_missing|damage_property_missing|end_coordinates_missing_or_invalid|no_valid_location_points|requires_crosswalk_or_marine_review|timezone_not_normalized_to_utc
5336902,1162488,2003,2003-09-27T10:16:00,2003-09-30T23:59:00,EST,85.71666666666667,18,,Z,044,PARKE,0,0,0,0,,,,0,,0,1,begin_coordinates_missing_or_invalid|damage_crops_missing|damage_property_missing|end_coordinates_missing_or_invalid|no_valid_location_points|requires_crosswalk_or_marine_review|timezone_not_normalized_to_utc
5336903,1162488,2003,2003-09-28T02:48:00,2003-09-30T23:59:00,EST,69.18333333333334,18,,Z,051,VIGO,0,0,0,0,,,,0,,0,1,begin_coordinates_missing_or_invalid|damage_crops_missing|damage_property_missing|end_coordinates_missing_or_invalid|no_valid_location_points|requires_crosswalk_or_marine_review|timezone_not_normalized_to_utc
5336904,1162488,2003,2003-09-28T19:00:00,2003-09-30T23:59:00,EST,52.983333333333334,18,,Z,060,SULLIVAN,0,0,0,0,,,,0,,0,1,begin_coordinates_missing_or_invalid|damage_crops_missing|damage_property_missing|end_coordinates_missing_or_invalid|no_valid_location_points|requires_crosswalk_or_marine_review|timezone_not_normalized_to_utc
5336905,1162489,2003,2003-09-01T13:32:00,2003-09-02T21:06:00,EST,31.566666666666666,18,,Z,054,MORGAN,0,0,0,0,,,,0,,0,1,begin_coordinates_missing_or_invalid|damage_crops_missing|damage_property_missing|end_coordinates_missing_or_invalid|no_valid_location_points|requires_crosswalk_or_marine_review|timezone_not_normalized_to_utc
5336906,1162490,2003,2003-09-01T11:16:00,2003-09-04T14:35:00,EST,75.31666666666666,18,,Z,047,MARION,0,0,1,0,,,,1,,0,1,begin_coordinates_missing_or_invalid|damage_crops_missing|damage_property_missing|end_coordinates_missing_or_invalid|no_valid_location_points|requires_crosswalk_or_marine_review|timezone_not_normalized_to_utc
5336907,1162490,2003,2003-09-01T17:56:00,2003-09-03T15:30:00,EST,45.56666666666667,18,,Z,039,HAMILTON,0,0,0,0,,,,0,,0,1,begin_coordinates_missing_or_invalid|damage_crops_missing|damage_property_missing|end_coordinates_missing_or_invalid|no_valid_location_points|requires_crosswalk_or_marine_review|timezone_not_normalized_to_utc
5336908,1162491,2003,2003-09-01T07:50:00,2003-09-02T14:00:00,EST,30.166666666666668,18,,Z,047,MARION,0,0,0,0,2000000,,,0,,0,1,begin_coordinates_missing_or_invalid|damage_crops_missing|end_coordinates_missing_or_invalid|no_valid_location_points|requires_crosswalk_or_marine_review|timezone_not_normalized_to_utc
5336909,1162491,2003,2003-09-01T07:50:00,2003-09-02T14:00:00,EST,30.166666666666668,18,,Z,037,BOONE,0,0,0,0,,,,0,,0,1,begin_coordinates_missing_or_invalid|damage_crops_missing|damage_property_missing|end_coordinates_missing_or_invalid|no_valid_location_points|requires_crosswalk_or_marine_review|timezone_not_normalized_to_utc
5336910,1162492,2003,2003-09-01T20:50:00,2003-09-04T13:43:00,EST,64.88333333333334,18,,Z,046,HENDRICKS,0,0,0,0,,,,0,,0,1,begin_coordinates_missing_or_invalid|damage_crops_missing|damage_property_missing|end_coordinates_missing_or_invalid|no_valid_location_points|requires_crosswalk_or_marine_review|timezone_not_normalized_to_utc
5336911,1162492,2003,2003-09-01T20:50:00,2003-09-04T13:43:00,EST,64.88333333333334,18,,Z,053,OWEN,0,0,0,0,,,,0,,0,1,begin_coordinates_missing_or_invalid|damage_crops_missing|damage_property_missing|end_coordinates_missing_or_invalid|no_valid_location_points|requires_crosswalk_or_marine_review|timezone_not_normalized_to_utc
5336912,1162492,2003,2003-09-01T20:50:00,2003-09-04T13:43:00,EST,64.88333333333334,18,,Z,045,PUTNAM,0,0,0,0,,,,0,,0,1,begin_coordinates_missing_or_invalid|damage_crops_missing|damage_property_missing|end_coordinates_missing_or_invalid|no_valid_location_points|requires_crosswalk_or_marine_review|timezone_not_normalized_to_utc
5336913,1162493,2003,2003-09-01T15:12:00,2003-09-03T07:06:00,EST,39.9,18,,Z,041,DELAWARE,0,0,0,0,,,,0,,0,1,begin_coordinates_missing_or_invalid|damage_crops_missing|damage_property_missing|end_coordinates_missing_or_invalid|no_valid_location_points|requires_crosswalk_or_marine_review|timezone_not_normalized_to_utc
5336914,1162494,2003,2003-09-02T07:44:00,2003-09-03T02:54:00,EST,19.166666666666668,18,,Z,031,HOWARD,0,0,0,0,,,,0,,0,1,begin_coordinates_missing_or_invalid|damage_crops_missing|damage_property_missing|end_coordinates_missing_or_invalid|no_valid_location_points|requires_crosswalk_or_marine_review|timezone_not_normalized_to_utc
5336915,1162494,2003,2003-09-01T16:03:00,2003-09-04T17:32:00,EST,73.48333333333333,18,,Z,021,CARROLL,0,0,0,0,,,,0,,0,1,begin_coordinates_missing_or_invalid|damage_crops_missing|damage_property_missing|end_coordinates_missing_or_invalid|no_valid_location_points|requires_crosswalk_or_marine_review|timezone_not_normalized_to_utc
5336916,1162494,2003,2003-09-01T16:03:00,2003-09-04T17:32:00,EST,73.48333333333333,18,,Z,029,TIPPECANOE,0,0,0,0,,,,0,,0,1,begin_coordinates_missing_or_invalid|damage_crops_missing|damage_property_missing|end_coordinates_missing_or_invalid|no_valid_location_points|requires_crosswalk_or_marine_review|timezone_not_normalized_to_utc
5336917,1162495,2003,2003-09-01T15:34:00,2003-09-03T07:43:00,EST,40.15,18,,Z,049,HENRY,0,0,0,0,,,,0,,0,1,begin_coordinates_missing_or_invalid|damage_crops_missing|damage_property_missing|end_coordinates_missing_or_invalid|no_valid_location_points|requires_crosswalk_or_marine_review|timezone_not_normalized_to_utc
5336918,1162495,2003,2003-09-01T15:34:00,2003-09-03T07:43:00,EST,40.15,18,,Z,057,RUSH,0,0,0,0,,,,0,,0,1,begin_coordinates_missing_or_invalid|damage_crops_missing|damage_property_missing|end_coordinates_missing_or_invalid|no_valid_location_points|requires_crosswalk_or_marine_review|timezone_not_normalized_to_utc
5336919,1162495,2003,2003-09-01T15:34:00,2003-09-04T08:34:00,EST,65.0,18,,Z,056,SHELBY,0,0,0,0,,,,0,,0,1,begin_coordinates_missing_or_invalid|damage_crops_missing|damage_property_missing|end_coordinates_missing_or_invalid|no_valid_location_points|requires_crosswalk_or_marine_review|timezone_not_normalized_to_utc
5336920,1162496,2003,2003-09-01T07:39:00,2003-09-02T16:42:00,EST,33.05,18,,Z,037,BOONE,0,0,0,0,,,,0,,0,1,begin_coordinates_missing_or_invalid|damage_crops_missing|damage_property_missing|end_coordinates_missing_or_invalid|no_valid_location_points|requires_crosswalk_or_marine_review|timezone_not_normalized_to_utc
5336921,1162496,2003,2003-09-01T07:39:00,2003-09-02T16:42:00,EST,33.05,18,,Z,036,MONTGOMERY,0,0,0,0,,,,0,,0,1,begin_coordinates_missing_or_invalid|damage_crops_missing|damage_property_missing|end_coordinates_missing_or_invalid|no_valid_location_points|requires_crosswalk_or_marine_review|timezone_not_normalized_to_utc
5336922,1162496,2003,2003-09-01T07:39:00,2003-09-02T16:42:00,EST,33.05,18,,Z,045,PUTNAM,0,0,0,0,,,,0,,0,1,begin_coordinates_missing_or_invalid|damage_crops_missing|damage_property_missing|end_coordinates_missing_or_invalid|no_valid_location_points|requires_crosswalk_or_marine_review|timezone_not_normalized_to_utc
5336923,1162496,2003,2003-09-01T15:06:00,2003-09-02T11:05:00,EST,19.983333333333334,18,,Z,044,PARKE,0,0,0,0,,,,0,,0,1,begin_coordinates_missing_or_invalid|damage_crops_missing|damage_property_missing|end_coordinates_missing_or_invalid|no_valid_location_points|requires_crosswalk_or_marine_review|timezone_not_normalized_to_utc
5336924,1162497,2003,2003-09-01T05:42:00,2003-09-03T04:00:00,EST,46.3,18,,Z,045,PUTNAM,0,0,0,0,,,,0,,0,1,begin_coordinates_missing_or_invalid|damage_crops_missing|damage_property_missing|end_coordinates_missing_or_invalid|no_valid_location_points|requires_crosswalk_or_marine_review|timezone_not_normalized_to_utc
5336925,1162498,2003,2003-09-01T17:35:00,2003-09-04T12:35:00,EST,67.0,18,,Z,045,PUTNAM,0,0,0,0,,,,0,,0,1,begin_coordinates_missing_or_invalid|damage_crops_missing|damage_property_missing|end_coordinates_missing_or_invalid|no_valid_location_points|requires_crosswalk_or_marine_review|timezone_not_normalized_to_utc
5336926,1162498,2003,2003-09-01T17:35:00,2003-09-04T12:35:00,EST,67.0,18,,Z,052,CLAY,0,0,0,0,,,,0,,0,1,begin_coordinates_missing_or_invalid|damage_crops_missing|damage_property_missing|end_coordinates_missing_or_invalid|no_valid_location_points|requires_crosswalk_or_marine_review|timezone_not_normalized_to_utc
5336927,1162499,2003,2003-09-01T18:22:00,2003-09-03T13:43:00,EST,43.35,18,,Z,041,DELAWARE,0,0,0,0,5000000,,,0,,0,1,begin_coordinates_missing_or_invalid|damage_crops_missing|end_coordinates_missing_or_invalid|no_valid_location_points|requires_crosswalk_or_marine_review|timezone_not_normalized_to_utc
5336928,1162499,2003,2003-09-01T14:22:00,2003-09-04T08:31:00,EST,66.15,18,,Z,040,MADISON,0,0,0,0,5000000,,,0,,0,1,begin_coordinates_missing_or_invalid|damage_crops_missing|end_coordinates_missing_or_invalid|no_valid_location_points|requires_crosswalk_or_marine_review|timezone_not_normalized_to_utc
5336929,1162499,2003,2003-09-01T19:23:00,2003-09-05T01:51:00,EST,78.46666666666667,18,,Z,039,HAMILTON,0,0,0,0,3000000,,,0,,0,1,begin_coordinates_missing_or_invalid|damage_crops_missing|end_coordinates_missing_or_invalid|no_valid_location_points|requires_crosswalk_or_marine_review|timezone_not_normalized_to_utc
5336930,1162499,2003,2003-09-01T13:26:00,2003-09-05T11:29:00,EST,94.05,18,,Z,047,MARION,0,0,0,0,2000000,,,0,,0,1,begin_coordinates_missing_or_invalid|damage_crops_missing|end_coordinates_missing_or_invalid|no_valid_location_points|requires_crosswalk_or_marine_review|timezone_not_normalized_to_utc
5336931,1162499,2003,2003-09-01T13:57:00,2003-09-06T13:38:00,EST,119.68333333333334,18,,Z,054,MORGAN,0,0,0,0,5000000,,,0,,0,1,begin_coordinates_missing_or_invalid|damage_crops_missing|end_coordinates_missing_or_invalid|no_valid_location_points|requires_crosswalk_or_marine_review|timezone_not_normalized_to_utc
5336932,1162499,2003,2003-09-01T13:57:00,2003-09-06T13:38:00,EST,119.68333333333334,18,,Z,055,JOHNSON,0,0,0,0,,,,0,,0,1,begin_coordinates_missing_or_invalid|damage_crops_missing|damage_property_missing|end_coordinates_missing_or_invalid|no_valid_location_points|requires_crosswalk_or_marine_review|timezone_not_normalized_to_utc
5336933,1162499,2003,2003-09-02T04:53:00,2003-09-08T01:37:00,EST,140.73333333333332,18,,Z,053,OWEN,0,0,0,0,2000000,,,0,,0,1,begin_coordinates_missing_or_invalid|damage_crops_missing|end_coordinates_missing_or_invalid|no_valid_location_points|requires_crosswalk_or_marine_review|timezone_not_normalized_to_utc
5336934,1162499,2003,2003-09-02T04:53:00,2003-09-08T01:37:00,EST,140.73333333333332,18,,Z,062,MONROE,0,0,0,0,,,,0,,0,1,begin_coordinates_missing_or_invalid|damage_crops_missing|damage_property_missing|end_coordinates_missing_or_invalid|no_valid_location_points|requires_crosswalk_or_marine_review|timezone_not_normalized_to_utc
5336975,1162499,2003,2003-09-02T08:00:00,2003-09-09T19:12:00,EST,179.2,18,,Z,061,GREENE,0,0,0,0,,,,0,,0,1,begin_coordinates_missing_or_invalid|damage_crops_missing|damage_property_missing|end_coordinates_missing_or_invalid|no_valid_location_points|requires_crosswalk_or_marine_review|timezone_not_normalized_to_utc
5336976,1162499,2003,2003-09-02T17:18:00,2003-09-09T22:09:00,EST,172.85,18,,Z,068,DAVIESS,0,0,0,0,,,,0,,0,1,begin_coordinates_missing_or_invalid|damage_crops_missing|damage_property_missing|end_coordinates_missing_or_invalid|no_valid_location_points|requires_crosswalk_or_marine_review|timezone_not_normalized_to_utc
5336977,1162499,2003,2003-09-03T15:26:00,2003-09-11T06:51:00,EST,183.41666666666666,18,,Z,067,KNOX,0,0,0,0,,,,0,,0,1,begin_coordinates_missing_or_invalid|damage_crops_missing|damage_property_missing|end_coordinates_missing_or_invalid|no_valid_location_points|requires_crosswalk_or_marine_review|timezone_not_normalized_to_utc
5336978,1162500,2003,2003-09-07T09:00:00,2003-09-13T06:00:00,EST,141.0,18,,Z,067,KNOX,0,0,0,0,,,,0,,0,1,begin_coordinates_missing_or_invalid|damage_crops_missing|damage_property_missing|end_coordinates_missing_or_invalid|no_valid_location_points|requires_crosswalk_or_marine_review|timezone_not_normalized_to_utc
5336984,1162501,2003,2003-09-01T09:00:00,2003-09-03T03:00:00,EST,42.0,18,,Z,039,HAMILTON,0,0,0,0,,,,0,,0,1,begin_coordinates_missing_or_invalid|damage_crops_missing|damage_property_missing|end_coordinates_missing_or_invalid|no_valid_location_points|requires_crosswalk_or_marine_review|timezone_not_normalized_to_utc
5336985,1162501,2003,2003-09-01T09:00:00,2003-09-03T03:00:00,EST,42.0,18,,Z,046,HENDRICKS,0,0,0,0,,,,0,,0,1,begin_coordinates_missing_or_invalid|damage_crops_missing|damage_property_missing|end_coordinates_missing_or_invalid|no_valid_location_points|requires_crosswalk_or_marine_review|timezone_not_normalized_to_utc
5336986,1162501,2003,2003-09-01T09:00:00,2003-09-03T03:00:00,EST,42.0,18,,Z,040,MADISON,0,0,0,0,,,,0,,0,1,begin_coordinates_missing_or_invalid|damage_crops_missing|damage_property_missing|end_coordinates_missing_or_invalid|no_valid_location_points|requires_crosswalk_or_marine_review|timezone_not_normalized_to_utc
5336987,1162501,2003,2003-09-01T09:00:00,2003-09-03T03:00:00,EST,42.0,18,,Z,047,MARION,0,0,0,0,,,,0,,0,1,begin_coordinates_missing_or_invalid|damage_crops_missing|damage_property_missing|end_coordinates_missing_or_invalid|no_valid_location_points|requires_crosswalk_or_marine_review|timezone_not_normalized_to_utc
5336988,1162501,2003,2003-09-01T10:00:00,2003-09-03T03:00:00,EST,41.0,18,,Z,054,MORGAN,0,0,0,0,,,,0,,0,1,begin_coordinates_missing_or_invalid|damage_crops_missing|damage_property_missing|end_coordinates_missing_or_invalid|no_valid_location_points|requires_crosswalk_or_marine_review|timezone_not_normalized_to_utc
5336989,1162501,2003,2003-09-01T10:00:00,2003-09-03T03:00:00,EST,41.0,18,,Z,053,OWEN,0,0,0,0,,,,0,,0,1,begin_coordinates_missing_or_invalid|damage_crops_missing|damage_property_missing|end_coordinates_missing_or_invalid|no_valid_location_points|requires_crosswalk_or_marine_review|timezone_not_normalized_to_utc
5336990,1162501,2003,2003-09-01T10:00:00,2003-09-03T03:00:00,EST,41.0,18,,Z,044,PARKE,0,0,0,0,,,,0,,0,1,begin_coordinates_missing_or_invalid|damage_crops_missing|damage_property_missing|end_coordinates_missing_or_invalid|no_valid_location_points|requires_crosswalk_or_marine_review|timezone_not_normalized_to_utc
5336991,1162501,2003,2003-09-01T10:00:00,2003-09-03T03:00:00,EST,41.0,18,,Z,045,PUTNAM,0,0,0,0,,,,0,,0,1,begin_coordinates_missing_or_invalid|damage_crops_missing|damage_property_missing|end_coordinates_missing_or_invalid|no_valid_location_points|requires_crosswalk_or_marine_review|timezone_not_normalized_to_utc
5336992,1162501,2003,2003-09-01T10:00:00,2003-09-03T03:00:00,EST,41.0,18,,Z,051,VIGO,0,0,0,0,,,,0,,0,1,begin_coordinates_missing_or_invalid|damage_crops_missing|damage_property_missing|end_coordinates_missing_or_invalid|no_valid_location_points|requires_crosswalk_or_marine_review|timezone_not_normalized_to_utc
5336993,1162501,2003,2003-09-01T12:00:00,2003-09-03T03:00:00,EST,39.0,18,,Z,037,BOONE,0,0,0,0,,,,0,,0,1,begin_coordinates_missing_or_invalid|damage_crops_missing|damage_property_missing|end_coordinates_missing_or_invalid|no_valid_location_points|requires_crosswalk_or_marine_review|timezone_not_normalized_to_utc
5336994,1162501,2003,2003-09-01T12:00:00,2003-09-03T03:00:00,EST,39.0,18,,Z,036,MONTGOMERY,0,0,0,0,,,,0,,0,1,begin_coordinates_missing_or_invalid|damage_crops_missing|damage_property_missing|end_coordinates_missing_or_invalid|no_valid_location_points|requires_crosswalk_or_marine_review|timezone_not_normalized_to_utc
5336995,1162501,2003,2003-09-01T12:00:00,2003-09-03T03:00:00,EST,39.0,18,,Z,035,FOUNTAIN,0,0,0,0,,,,0,,0,1,begin_coordinates_missing_or_invalid|damage_crops_missing|damage_property_missing|end_coordinates_missing_or_invalid|no_valid_location_points|requires_crosswalk_or_marine_review|timezone_not_normalized_to_utc
5336996,1162501,2003,2003-09-01T12:00:00,2003-09-03T03:00:00,EST,39.0,18,,Z,043,VERMILLION,0,0,0,0,,,,0,,0,1,begin_coordinates_missing_or_invalid|damage_crops_missing|damage_property_missing|end_coordinates_missing_or_invalid|no_valid_location_points|requires_crosswalk_or_marine_review|timezone_not_normalized_to_utc
5337006,1162501,2003,2003-09-01T09:30:00,2003-09-03T03:00:00,EST,41.5,18,,Z,041,DELAWARE,0,0,0,0,2500000.0,,,0,,0,1,begin_coordinates_missing_or_invalid|damage_crops_missing|end_coordinates_missing_or_invalid|no_valid_location_points|requires_crosswalk_or_marine_review|timezone_not_normalized_to_utc
5337007,1162501,2003,2003-09-01T09:30:00,2003-09-03T03:00:00,EST,41.5,18,,Z,052,CLAY,0,0,0,0,,,,0,,0,1,begin_coordinates_missing_or_invalid|damage_crops_missing|damage_property_missing|end_coordinates_missing_or_invalid|no_valid_location_points|requires_crosswalk_or_marine_review|timezone_not_normalized_to_utc
5337008,1162501,2003,2003-09-01T15:00:00,2003-09-03T03:00:00,EST,36.0,18,,Z,030,CLINTON,0,0,0,0,,,,0,,0,1,begin_coordinates_missing_or_invalid|damage_crops_missing|damage_property_missing|end_coordinates_missing_or_invalid|no_valid_location_points|requires_crosswalk_or_marine_review|timezone_not_normalized_to_utc
5337009,1162501,2003,2003-09-01T15:00:00,2003-09-03T03:00:00,EST,36.0,18,,Z,049,HENRY,0,0,0,0,,,,0,,0,1,begin_coordinates_missing_or_invalid|damage_crops_missing|damage_property_missing|end_coordinates_missing_or_invalid|no_valid_location_points|requires_crosswalk_or_marine_review|timezone_not_normalized_to_utc
5337010,1162501,2003,2003-09-01T15:00:00,2003-09-03T03:00:00,EST,36.0,18,,Z,055,JOHNSON,0,0,0,0,,,,0,,0,1,begin_coordinates_missing_or_invalid|damage_crops_missing|damage_property_missing|end_coordinates_missing_or_invalid|no_valid_location_points|requires_crosswalk_or_marine_review|timezone_not_normalized_to_utc
5337011,1162501,2003,2003-09-01T17:00:00,2003-09-03T03:00:00,EST,34.0,18,,Z,056,SHELBY,0,0,0,0,,,,0,,0,1,begin_coordinates_missing_or_invalid|damage_crops_missing|damage_property_missing|end_coordinates_missing_or_invalid|no_valid_location_points|requires_crosswalk_or_marine_review|timezone_not_normalized_to_utc
5337012,1162501,2003,2003-09-01T17:00:00,2003-09-03T03:00:00,EST,34.0,18,,Z,057,RUSH,0,0,0,0,,,,0,,0,1,begin_coordinates_missing_or_invalid|damage_crops_missing|damage_property_missing|end_coordinates_missing_or_invalid|no_valid_location_points|requires_crosswalk_or_marine_review|timezone_not_normalized_to_utc
5337013,1162501,2003,2003-09-01T15:00:00,2003-09-03T03:00:00,EST,36.0,18,,Z,029,TIPPECANOE,0,0,0,0,,,,0,,0,1,begin_coordinates_missing_or_invalid|damage_crops_missing|damage_property_missing|end_coordinates_missing_or_invalid|no_valid_location_points|requires_crosswalk_or_marine_review|timezone_not_normalized_to_utc
5337014,1162501,2003,2003-09-01T16:55:00,2003-09-03T03:00:00,EST,34.083333333333336,18,,Z,064,BARTHOLOMEW,0,0,0,0,,,,0,,0,1,begin_coordinates_missing_or_invalid|damage_crops_missing|damage_property_missing|end_coordinates_missing_or_invalid|no_valid_location_points|requires_crosswalk_or_marine_review|timezone_not_normalized_to_utc
5337015,1162501,2003,2003-09-01T16:55:00,2003-09-03T03:00:00,EST,34.083333333333336,18,,Z,063,BROWN,0,0,0,0,,,,0,,0,1,begin_coordinates_missing_or_invalid|damage_crops_missing|damage_property_missing|end_coordinates_missing_or_invalid|no_valid_location_points|requires_crosswalk_or_marine_review|timezone_not_normalized_to_utc
5337016,1162501,2003,2003-09-01T16:55:00,2003-09-03T03:00:00,EST,34.083333333333336,18,,Z,068,DAVIESS,0,0,0,0,,,,0,,0,1,begin_coordinates_missing_or_invalid|damage_crops_missing|damage_property_missing|end_coordinates_missing_or_invalid|no_valid_location_points|requires_crosswalk_or_marine_review|timezone_not_normalized_to_utc
5337017,1162501,2003,2003-09-01T16:55:00,2003-09-03T03:00:00,EST,34.083333333333336,18,,Z,065,DECATUR,0,0,0,0,,,,0,,0,1,begin_coordinates_missing_or_invalid|damage_crops_missing|damage_property_missing|end_coordinates_missing_or_invalid|no_valid_location_points|requires_crosswalk_or_marine_review|timezone_not_normalized_to_utc
5337018,1162501,2003,2003-09-01T16:55:00,2003-09-03T03:00:00,EST,34.083333333333336,18,,Z,061,GREENE,0,0,0,0,,,,0,,0,1,begin_coordinates_missing_or_invalid|damage_crops_missing|damage_property_missing|end_coordinates_missing_or_invalid|no_valid_location_points|requires_crosswalk_or_marine_review|timezone_not_normalized_to_utc
5337019,1162501,2003,2003-09-01T16:55:00,2003-09-03T03:00:00,EST,34.083333333333336,18,,Z,071,JACKSON,0,0,0,0,,,,0,,0,1,begin_coordinates_missing_or_invalid|damage_crops_missing|damage_property_missing|end_coordinates_missing_or_invalid|no_valid_location_points|requires_crosswalk_or_marine_review|timezone_not_normalized_to_utc
5337035,1162738,2003,2003-09-05T21:00:00,2003-09-05T22:00:00,EST,1.0,13,,Z,142,EARLY,0,0,0,0,,,,0,,0,1,begin_coordinates_missing_or_invalid|damage_crops_missing|damage_property_missing|end_coordinates_missing_or_invalid|no_valid_location_points|requires_crosswalk_or_marine_review|timezone_not_normalized_to_utc
5337036,1162739,2003,2003-09-05T20:55:00,2003-09-05T22:00:00,EST,1.0833333333333333,01,,Z,067,HENRY,0,0,0,0,,,,0,,0,1,begin_coordinates_missing_or_invalid|damage_crops_missing|damage_property_missing|end_coordinates_missing_or_invalid|no_valid_location_points|requires_crosswalk_or_marine_review|timezone_not_normalized_to_utc
5337037,1162740,2003,2003-09-05T20:50:00,2003-09-05T22:30:00,EST,1.6666666666666667,01,,Z,069,HOUSTON,0,0,0,0,,,,0,,0,1,begin_coordinates_missing_or_invalid|damage_crops_missing|damage_property_missing|end_coordinates_missing_or_invalid|no_valid_location_points|requires_crosswalk_or_marine_review|timezone_not_normalized_to_utc
5337079,1162501,2003,2003-09-01T16:55:00,2003-09-03T03:00:00,EST,34.083333333333336,18,,Z,072,JENNINGS,0,0,0,0,,,,0,,0,1,begin_coordinates_missing_or_invalid|damage_crops_missing|damage_property_missing|end_coordinates_missing_or_invalid|no_valid_location_points|requires_crosswalk_or_marine_review|timezone_not_normalized_to_utc
5337080,1162501,2003,2003-09-01T16:55:00,2003-09-03T03:00:00,EST,34.083333333333336,18,,Z,067,KNOX,0,0,0,0,,,,0,,0,1,begin_coordinates_missing_or_invalid|damage_crops_missing|damage_property_missing|end_coordinates_missing_or_invalid|no_valid_location_points|requires_crosswalk_or_marine_review|timezone_not_normalized_to_utc
5337081,1162501,2003,2003-09-01T16:55:00,2003-09-03T03:00:00,EST,34.083333333333336,18,,Z,070,LAWRENCE,0,0,0,0,,,,0,,0,1,begin_coordinates_missing_or_invalid|damage_crops_missing|damage_property_missing|end_coordinates_missing_or_invalid|no_valid_location_points|requires_crosswalk_or_marine_review|timezone_not_normalized_to_utc
5337082,1162501,2003,2003-09-01T16:55:00,2003-09-03T03:00:00,EST,34.083333333333336,18,,Z,069,MARTIN,0,0,0,0,,,,0,,0,1,begin_coordinates_missing_or_invalid|damage_crops_missing|damage_property_missing|end_coordinates_missing_or_invalid|no_valid_location_points|requires_crosswalk_or_marine_review|timezone_not_normalized_to_utc
5337083,1162501,2003,2003-09-01T16:55:00,2003-09-03T03:00:00,EST,34.083333333333336,18,,Z,060,SULLIVAN,0,0,0,0,,,,0,,0,1,begin_coordinates_missing_or_invalid|damage_crops_missing|damage_property_missing|end_coordinates_missing_or_invalid|no_valid_location_points|requires_crosswalk_or_marine_review|timezone_not_normalized_to_utc
5337084,1162501,2003,2003-09-01T15:00:00,2003-09-03T03:00:00,EST,36.0,18,,Z,048,HANCOCK,0,0,0,0,,,,0,,0,1,begin_coordinates_missing_or_invalid|damage_crops_missing|damage_property_missing|end_coordinates_missing_or_invalid|no_valid_location_points|requires_crosswalk_or_marine_review|timezone_not_normalized_to_utc
5337177,1163024,2003,2003-10-08T20:00:00,2003-10-09T07:00:00,CST,11.0,48,,Z,075,PECOS,0,0,0,0,15000,0,,0,,0,1,begin_coordinates_missing_or_invalid|end_coordinates_missing_or_invalid|no_valid_location_points|requires_crosswalk_or_marine_review|timezone_not_normalized_to_utc
5337324,1162668,2003,2003-09-18T20:00:00,2003-09-19T08:00:00,EST,12.0,51,,Z,024,ROCKBRIDGE,0,0,0,0,650000,,,0,,0,1,begin_coordinates_missing_or_invalid|damage_crops_missing|end_coordinates_missing_or_invalid|no_valid_location_points|requires_crosswalk_or_marine_review|timezone_not_normalized_to_utc
5337325,1162668,2003,2003-09-18T23:00:00,2003-09-19T03:00:00,EST,4.0,51,,Z,035,AMHERST,0,0,0,0,0,,,0,,0,1,begin_coordinates_missing_or_invalid|damage_crops_missing|end_coordinates_missing_or_invalid|no_valid_location_points|requires_crosswalk_or_marine_review|timezone_not_normalized_to_utc
5337326,1162668,2003,2003-09-18T22:30:00,2003-09-19T04:00:00,EST,5.5,51,,Z,014,MONTGOMERY,0,0,0,0,0,,,0,,0,1,begin_coordinates_missing_or_invalid|damage_crops_missing|end_coordinates_missing_or_invalid|no_valid_location_points|requires_crosswalk_or_marine_review|timezone_not_normalized_to_utc
5337330,1162806,2003,2003-09-15T19:00:00,2003-09-15T21:00:00,EST,2.0,42,,Z,066,LANCASTER,0,0,0,0,,,,0,,0,1,begin_coordinates_missing_or_invalid|damage_crops_missing|damage_property_missing|end_coordinates_missing_or_invalid|no_valid_location_points|requires_crosswalk_or_marine_review|timezone_not_normalized_to_utc
5337358,1162207,2003,2003-09-11T02:00:00,2003-09-12T05:00:00,CST,27.0,40,,Z,034,GREER,0,0,0,0,,,,0,,0,1,begin_coordinates_missing_or_invalid|damage_crops_missing|damage_property_missing|end_coordinates_missing_or_invalid|no_valid_location_points|requires_crosswalk_or_marine_review|timezone_not_normalized_to_utc
5337359,1162207,2003,2003-09-11T02:00:00,2003-09-12T05:00:00,CST,27.0,40,,Z,033,HARMON,0,0,0,0,,,,0,,0,1,begin_coordinates_missing_or_invalid|damage_crops_missing|damage_property_missing|end_coordinates_missing_or_invalid|no_valid_location_points|requires_crosswalk_or_marine_review|timezone_not_normalized_to_utc
5337367,1162336,2003,2003-09-11T02:00:00,2003-09-12T00:00:00,CST,22.0,20,,Z,019,MITCHELL,0,0,0,0,500000,1000000,,0,"[[39.43333,-98.71667]]",0,1,requires_crosswalk_or_marine_review|timezone_not_normalized_to_utc
5337420,1162808,2003,2003-09-23T03:15:00,2003-09-23T08:30:00,EST,5.25,42,,Z,049,UNION,0,0,0,0,,,,0,,0,1,begin_coordinates_missing_or_invalid|damage_crops_missing|damage_property_missing|end_coordinates_missing_or_invalid|no_valid_location_points|requires_crosswalk_or_marine_review|timezone_not_normalized_to_utc
5337421,1162808,2003,2003-09-23T03:15:00,2003-09-23T08:30:00,EST,5.25,42,,Z,050,SNYDER,0,0,0,0,,,,0,,0,1,begin_coordinates_missing_or_invalid|damage_crops_missing|damage_property_missing|end_coordinates_missing_or_invalid|no_valid_location_points|requires_crosswalk_or_marine_review|timezone_not_normalized_to_utc
5337422,1162809,2003,2003-09-23T05:45:00,2003-09-23T15:30:00,EST,9.75,42,,Z,063,CUMBERLAND,0,0,0,0,,,,0,,0,1,begin_coordinates_missing_or_invalid|damage_crops_missing|damage_property_missing|end_coordinates_missing_or_invalid|no_valid_location_points|requires_crosswalk_or_marine_review|timezone_not_normalized_to_utc
5337423,1162809,2003,2003-09-23T05:45:00,2003-09-23T15:30:00,EST,9.75,42,,Z,065,YORK,0,0,0,0,,,,0,,0,1,begin_coordinates_missing_or_invalid|damage_crops_missing|damage_property_missing|end_coordinates_missing_or_invalid|no_valid_location_points|requires_crosswalk_or_marine_review|timezone_not_normalized_to_utc
5337424,1162810,2003,2003-09-23T15:45:00,2003-09-24T00:00:00,EST,8.25,42,,Z,066,LANCASTER,0,0,0,0,,,,0,,0,1,begin_coordinates_missing_or_invalid|damage_crops_missing|damage_property_missing|end_coordinates_missing_or_invalid|no_valid_location_points|requires_crosswalk_or_marine_review|timezone_not_normalized_to_utc
5337425,1162811,2003,2003-09-23T04:30:00,2003-09-23T10:30:00,EST,6.0,42,,Z,050,SNYDER,0,0,0,0,,,,0,,0,1,begin_coordinates_missing_or_invalid|damage_crops_missing|damage_property_missing|end_coordinates_missing_or_invalid|no_valid_location_points|requires_crosswalk_or_marine_review|timezone_not_normalized_to_utc
5337426,1162812,2003,2003-09-23T08:07:00,2003-09-23T13:00:00,EST,4.883333333333334,42,,Z,057,DAUPHIN,0,0,0,0,,,,0,,0,1,begin_coordinates_missing_or_invalid|damage_crops_missing|damage_property_missing|end_coordinates_missing_or_invalid|no_valid_location_points|requires_crosswalk_or_marine_review|timezone_not_normalized_to_utc
5337427,1162813,2003,2003-09-23T08:07:00,2003-09-23T13:00:00,EST,4.883333333333334,42,,Z,065,YORK,0,0,0,0,,,,0,,0,1,begin_coordinates_missing_or_invalid|damage_crops_missing|damage_property_missing|end_coordinates_missing_or_invalid|no_valid_location_points|requires_crosswalk_or_marine_review|timezone_not_normalized_to_utc
5337428,1162814,2003,2003-09-23T08:07:00,2003-09-23T13:00:00,EST,4.883333333333334,42,,Z,066,LANCASTER,0,0,0,0,,,,0,,0,1,begin_coordinates_missing_or_invalid|damage_crops_missing|damage_property_missing|end_coordinates_missing_or_invalid|no_valid_location_points|requires_crosswalk_or_marine_review|timezone_not_normalized_to_utc
5337466,1162345,2003,2003-09-01T08:00:00,2003-09-01T23:00:00,CST,15.0,29,,Z,040,HOWARD,0,0,0,0,,,,0,,0,1,begin_coordinates_missing_or_invalid|damage_crops_missing|damage_property_missing|end_coordinates_missing_or_invalid|no_valid_location_points|requires_crosswalk_or_marine_review|timezone_not_normalized_to_utc
5337467,1162345,2003,2003-09-01T01:00:00,2003-09-01T11:00:00,CST,10.0,29,,Z,031,CARROLL,0,0,0,0,,,,0,,0,1,begin_coordinates_missing_or_invalid|damage_crops_missing|damage_property_missing|end_coordinates_missing_or_invalid|no_valid_location_points|requires_crosswalk_or_marine_review|timezone_not_normalized_to_utc
5337468,1162345,2003,2003-09-01T12:00:00,2003-09-02T04:00:00,CST,16.0,29,,Z,046,COOPER,0,0,0,0,,,,0,,0,1,begin_coordinates_missing_or_invalid|damage_crops_missing|damage_property_missing|end_coordinates_missing_or_invalid|no_valid_location_points|requires_crosswalk_or_marine_review|timezone_not_normalized_to_utc
5337584,1162062,2003,2003-09-10T21:00:00,2003-09-13T20:00:00,CST,71.0,18,,Z,081,GIBSON,0,0,0,0,,,,0,,0,1,begin_coordinates_missing_or_invalid|damage_crops_missing|damage_property_missing|end_coordinates_missing_or_invalid|no_valid_location_points|requires_crosswalk_or_marine_review|timezone_not_normalized_to_utc
5337585,1162062,2003,2003-09-10T21:00:00,2003-09-13T20:00:00,CST,71.0,18,,Z,085,POSEY,0,0,0,0,,,,0,,0,1,begin_coordinates_missing_or_invalid|damage_crops_missing|damage_property_missing|end_coordinates_missing_or_invalid|no_valid_location_points|requires_crosswalk_or_marine_review|timezone_not_normalized_to_utc
5337586,1162063,2003,2003-09-10T21:00:00,2003-09-13T20:00:00,CST,71.0,17,,Z,078,WABASH,0,0,0,0,,,,0,,0,1,begin_coordinates_missing_or_invalid|damage_crops_missing|damage_property_missing|end_coordinates_missing_or_invalid|no_valid_location_points|requires_crosswalk_or_marine_review|timezone_not_normalized_to_utc
5337587,1162063,2003,2003-09-10T21:00:00,2003-09-13T20:00:00,CST,71.0,17,,Z,083,WHITE,0,0,0,0,,,,0,,0,1,begin_coordinates_missing_or_invalid|damage_crops_missing|damage_property_missing|end_coordinates_missing_or_invalid|no_valid_location_points|requires_crosswalk_or_marine_review|timezone_not_normalized_to_utc
5337591,1162065,2003,2003-09-07T09:00:00,2003-09-13T18:00:00,CST,153.0,18,,Z,081,GIBSON,0,0,0,0,,,,0,,0,1,begin_coordinates_missing_or_invalid|damage_crops_missing|damage_property_missing|end_coordinates_missing_or_invalid|no_valid_location_points|requires_crosswalk_or_marine_review|timezone_not_normalized_to_utc
5337592,1162065,2003,2003-09-07T09:00:00,2003-09-13T18:00:00,CST,153.0,18,,Z,082,PIKE,0,0,0,0,,,,0,,0,1,begin_coordinates_missing_or_invalid|damage_crops_missing|damage_property_missing|end_coordinates_missing_or_invalid|no_valid_location_points|requires_crosswalk_or_marine_review|timezone_not_normalized_to_utc
5337700,1162078,2003,2003-09-02T20:20:00,2003-09-03T09:10:00,EST,12.833333333333334,18,,Z,079,JEFFERSON,0,0,0,0,,,,0,,0,1,begin_coordinates_missing_or_invalid|damage_crops_missing|damage_property_missing|end_coordinates_missing_or_invalid|no_valid_location_points|requires_crosswalk_or_marine_review|timezone_not_normalized_to_utc
5337701,1162079,2003,2003-09-04T04:10:00,2003-09-06T06:00:00,EST,49.833333333333336,21,,Z,045,NELSON,0,0,0,0,,,,0,,0,1,begin_coordinates_missing_or_invalid|damage_crops_missing|damage_property_missing|end_coordinates_missing_or_invalid|no_valid_location_points|requires_crosswalk_or_marine_review|timezone_not_normalized_to_utc
5337704,1162081,2003,2003-09-01T15:02:00,2003-09-01T17:00:00,EST,1.9666666666666666,18,,Z,050,WAYNE,0,0,0,0,,,,0,,0,1,begin_coordinates_missing_or_invalid|damage_crops_missing|damage_property_missing|end_coordinates_missing_or_invalid|no_valid_location_points|requires_crosswalk_or_marine_review|timezone_not_normalized_to_utc
5337709,1162207,2003,2003-09-11T02:00:00,2003-09-12T05:00:00,CST,27.0,40,,Z,021,BECKHAM,0,0,0,0,,,,0,,0,1,begin_coordinates_missing_or_invalid|damage_crops_missing|damage_property_missing|end_coordinates_missing_or_invalid|no_valid_location_points|requires_crosswalk_or_marine_review|timezone_not_normalized_to_utc
5337739,1162675,2003,2003-09-19T14:00:00,2003-09-20T01:00:00,EST,11.0,51,,Z,020,BATH,0,0,0,0,500.0,,,0,,0,1,begin_coordinates_missing_or_invalid|damage_crops_missing|end_coordinates_missing_or_invalid|no_valid_location_points|requires_crosswalk_or_marine_review|timezone_not_normalized_to_utc
5337740,1162675,2003,2003-09-19T21:30:00,2003-09-20T02:00:00,EST,4.5,51,,Z,019,ALLEGHANY / CLIFTON FORGE / COVINGTON,0,0,0,0,2000,,,0,,0,1,begin_coordinates_missing_or_invalid|damage_crops_missing|end_coordinates_missing_or_invalid|no_valid_location_points|requires_crosswalk_or_marine_review|timezone_not_normalized_to_utc
5337742,1162676,2003,2003-09-23T02:00:00,2003-09-23T04:30:00,EST,2.5,51,,Z,043,HENRY,0,0,0,0,0,,,0,,0,1,begin_coordinates_missing_or_invalid|damage_crops_missing|end_coordinates_missing_or_invalid|no_valid_location_points|requires_crosswalk_or_marine_review|timezone_not_normalized_to_utc
5337748,1162677,2003,2003-09-05T01:38:00,2003-09-06T14:30:00,EST,36.86666666666667,51,,Z,058,HALIFAX,0,0,0,0,,,,0,,0,1,begin_coordinates_missing_or_invalid|damage_crops_missing|damage_property_missing|end_coordinates_missing_or_invalid|no_valid_location_points|requires_crosswalk_or_marine_review|timezone_not_normalized_to_utc
5337749,1162678,2003,2003-09-19T05:30:00,2003-09-20T16:30:00,EST,35.0,51,,Z,047,BUCKINGHAM,0,0,0,0,,,,0,,0,1,begin_coordinates_missing_or_invalid|damage_crops_missing|damage_property_missing|end_coordinates_missing_or_invalid|no_valid_location_points|requires_crosswalk_or_marine_review|timezone_not_normalized_to_utc
5337750,1162678,2003,2003-09-19T13:15:00,2003-09-20T03:15:00,EST,14.0,51,,Z,058,HALIFAX,0,0,0,0,,,,0,,0,1,begin_coordinates_missing_or_invalid|damage_crops_missing|damage_property_missing|end_coordinates_missing_or_invalid|no_valid_location_points|requires_crosswalk_or_marine_review|timezone_not_normalized_to_utc
5337751,1162678,2003,2003-09-19T13:15:00,2003-09-20T03:15:00,EST,14.0,51,,Z,059,CHARLOTTE,0,0,0,0,,,,0,,0,1,begin_coordinates_missing_or_invalid|damage_crops_missing|damage_property_missing|end_coordinates_missing_or_invalid|no_valid_location_points|requires_crosswalk_or_marine_review|timezone_not_normalized_to_utc
5337752,1162679,2003,2003-09-23T14:45:00,2003-09-25T17:30:00,EST,50.75,51,,Z,058,HALIFAX,0,0,0,0,,,,0,,0,1,begin_coordinates_missing_or_invalid|damage_crops_missing|damage_property_missing|end_coordinates_missing_or_invalid|no_valid_location_points|requires_crosswalk_or_marine_review|timezone_not_normalized_to_utc
5337753,1162679,2003,2003-09-23T14:45:00,2003-09-24T15:00:00,EST,24.25,51,,Z,059,CHARLOTTE,0,0,0,0,,,,0,,0,1,begin_coordinates_missing_or_invalid|damage_crops_missing|damage_property_missing|end_coordinates_missing_or_invalid|no_valid_location_points|requires_crosswalk_or_marine_review|timezone_not_normalized_to_utc
5337875,1162082,2003,2003-09-01T17:30:00,2003-09-01T18:30:00,EST,1.0,39,,Z,046,DELAWARE,0,0,0,0,2000,,,0,"[[39.9,-84.08333]]",0,1,damage_crops_missing|requires_crosswalk_or_marine_review|timezone_not_normalized_to_utc
5337876,1162082,2003,2003-09-01T15:00:00,2003-09-01T17:00:00,EST,2.0,39,,Z,035,AUGLAIZE,0,0,0,0,,,,0,"[[40.15,-84.23333]]",0,1,damage_crops_missing|damage_property_missing|requires_crosswalk_or_marine_review|timezone_not_normalized_to_utc
5337979,1162082,2003,2003-09-01T13:49:00,2003-09-01T14:45:00,EST,0.9333333333333333,39,,Z,034,MERCER,0,0,0,0,,,,0,"[[40.3,-83.06667]]",0,1,damage_crops_missing|damage_property_missing|requires_crosswalk_or_marine_review|timezone_not_normalized_to_utc
5338042,1162082,2003,2003-09-01T14:20:00,2003-09-01T14:45:00,EST,0.4166666666666667,39,,Z,042,DARKE,0,0,0,0,,,,0,,0,1,begin_coordinates_missing_or_invalid|damage_crops_missing|damage_property_missing|end_coordinates_missing_or_invalid|no_valid_location_points|requires_crosswalk_or_marine_review|timezone_not_normalized_to_utc
5338043,1162082,2003,2003-09-01T15:20:00,2003-09-01T17:00:00,EST,1.6666666666666667,39,,Z,042,DARKE,0,0,0,0,5000,,,0,,0,1,begin_coordinates_missing_or_invalid|damage_crops_missing|end_coordinates_missing_or_invalid|no_valid_location_points|requires_crosswalk_or_marine_review|timezone_not_normalized_to_utc
5338044,1162082,2003,2003-09-01T16:00:00,2003-09-01T16:30:00,EST,0.5,39,,Z,051,MIAMI,0,0,0,0,,,,0,,0,1,begin_coordinates_missing_or_invalid|damage_crops_missing|damage_property_missing|end_coordinates_missing_or_invalid|no_valid_location_points|requires_crosswalk_or_marine_review|timezone_not_normalized_to_utc
5338045,1162082,2003,2003-09-01T17:05:00,2003-09-01T18:30:00,EST,1.4166666666666667,39,,Z,042,DARKE,0,0,0,0,20000,,,0,,0,1,begin_coordinates_missing_or_invalid|damage_crops_missing|end_coordinates_missing_or_invalid|no_valid_location_points|requires_crosswalk_or_marine_review|timezone_not_normalized_to_utc
5338046,1162082,2003,2003-09-01T17:15:00,2003-09-01T18:30:00,EST,1.25,39,,Z,051,MIAMI,0,0,0,0,5000,,,0,,0,1,begin_coordinates_missing_or_invalid|damage_crops_missing|end_coordinates_missing_or_invalid|no_valid_location_points|requires_crosswalk_or_marine_review|timezone_not_normalized_to_utc
5338055,1162789,2003,2003-09-18T17:00:00,2003-09-19T02:15:00,CST,9.25,48,,Z,232,BEE,0,0,0,0,,,,0,,0,1,begin_coordinates_missing_or_invalid|damage_crops_missing|damage_property_missing|end_coordinates_missing_or_invalid|no_valid_location_points|requires_crosswalk_or_marine_review|timezone_not_normalized_to_utc
5338056,1162790,2003,2003-09-20T00:00:00,2003-09-21T17:00:00,CST,41.0,48,,Z,231,LIVE OAK,0,0,0,0,,,,0,,0,1,begin_coordinates_missing_or_invalid|damage_crops_missing|damage_property_missing|end_coordinates_missing_or_invalid|no_valid_location_points|requires_crosswalk_or_marine_review|timezone_not_normalized_to_utc
5338057,1162791,2003,2003-09-19T03:30:00,2003-09-21T21:15:00,CST,65.75,48,,Z,234,VICTORIA,0,0,0,0,,,,0,,0,1,begin_coordinates_missing_or_invalid|damage_crops_missing|damage_property_missing|end_coordinates_missing_or_invalid|no_valid_location_points|requires_crosswalk_or_marine_review|timezone_not_normalized_to_utc
5338058,1162792,2003,2003-09-19T05:45:00,2003-09-25T09:45:00,CST,148.0,48,,Z,243,NUECES,0,0,0,0,,,,0,,0,1,begin_coordinates_missing_or_invalid|damage_crops_missing|damage_property_missing|end_coordinates_missing_or_invalid|no_valid_location_points|requires_crosswalk_or_marine_review|timezone_not_normalized_to_utc
5338059,1162793,2003,2003-09-23T05:45:00,2003-09-25T20:15:00,CST,62.5,48,,Z,243,NUECES,0,0,0,0,,,,0,,0,1,begin_coordinates_missing_or_invalid|damage_crops_missing|damage_property_missing|end_coordinates_missing_or_invalid|no_valid_location_points|requires_crosswalk_or_marine_review|timezone_not_normalized_to_utc
5338108,1162335,2003,2003-09-11T06:00:00,2003-09-12T00:00:00,CST,18.0,31,,Z,087,THAYER,0,0,0,0,100000,500000,,0,,0,1,begin_coordinates_missing_or_invalid|end_coordinates_missing_or_invalid|no_valid_location_points|requires_crosswalk_or_marine_review|timezone_not_normalized_to_utc
5338113,1162082,2003,2003-09-01T19:00:00,2003-09-01T20:00:00,EST,1.0,39,,Z,062,GREENE,0,0,0,0,,,,0,,0,1,begin_coordinates_missing_or_invalid|damage_crops_missing|damage_property_missing|end_coordinates_missing_or_invalid|no_valid_location_points|requires_crosswalk_or_marine_review|timezone_not_normalized_to_utc
5338114,1162083,2003,2003-09-02T16:15:00,2003-09-02T16:45:00,EST,0.5,39,,Z,072,CLINTON,0,0,0,0,,,,0,,0,1,begin_coordinates_missing_or_invalid|damage_crops_missing|damage_property_missing|end_coordinates_missing_or_invalid|no_valid_location_points|requires_crosswalk_or_marine_review|timezone_not_normalized_to_utc
5338121,1163060,2003,2003-11-17T22:30:00,2003-11-18T10:30:00,CST,12.0,48,,Z,153,SHELBY,0,0,0,0,,,,0,,0,1,begin_coordinates_missing_or_invalid|damage_crops_missing|damage_property_missing|end_coordinates_missing_or_invalid|no_valid_location_points|requires_crosswalk_or_marine_review|timezone_not_normalized_to_utc
5338169,1146627,2003,2003-01-31T13:45:00,2003-01-31T23:59:00,PST,10.233333333333333,53,,Z,025,EAST SLOPES SOUTHERN CASCADES,0,0,0,0,,,,0,,0,1,begin_coordinates_missing_or_invalid|damage_crops_missing|damage_property_missing|end_coordinates_missing_or_invalid|no_valid_location_points|requires_crosswalk_or_marine_review|timezone_not_normalized_to_utc
5338170,1146627,2003,2003-01-31T13:45:00,2003-01-31T23:59:00,PST,10.233333333333333,53,,Z,026,KITTITAS VALLEY,0,0,0,0,3000,,,0,,0,1,begin_coordinates_missing_or_invalid|damage_crops_missing|end_coordinates_missing_or_invalid|no_valid_location_points|requires_crosswalk_or_marine_review|timezone_not_normalized_to_utc
5338171,1146628,2003,2003-01-31T09:15:00,2003-01-31T23:59:00,PST,14.733333333333333,53,,Z,025,W KITTITAS/W YAKIMA/W KLICKITAT T X SW,0,0,0,0,,,,0,,0,1,begin_coordinates_missing_or_invalid|damage_crops_missing|damage_property_missing|end_coordinates_missing_or_invalid|no_valid_location_points|requires_crosswalk_or_marine_review|timezone_not_normalized_to_utc
5338172,1146629,2003,2003-01-31T22:15:00,2003-01-31T23:59:00,PST,1.7333333333333334,53,,Z,027,E YAKIMA,0,0,0,0,,,,0,,0,1,begin_coordinates_missing_or_invalid|damage_crops_missing|damage_property_missing|end_coordinates_missing_or_invalid|no_valid_location_points|requires_crosswalk_or_marine_review|timezone_not_normalized_to_utc
5338173,1146630,2003,2003-01-31T13:45:00,2003-01-31T23:59:00,PST,10.233333333333333,53,,Z,025,W KITTITAS/W YAKIMA/W KLICKITAT T X SW,0,0,0,0,,,,0,,0,1,begin_coordinates_missing_or_invalid|damage_crops_missing|damage_property_missing|end_coordinates_missing_or_invalid|no_valid_location_points|requires_crosswalk_or_marine_review|timezone_not_normalized_to_utc
5338174,1146631,2003,2003-01-01T13:00:00,2003-01-01T16:00:00,EST,3.0,18,,Z,079,JEFFERSON,0,0,0,0,,,,0,,0,1,begin_coordinates_missing_or_invalid|damage_crops_missing|damage_property_missing|end_coordinates_missing_or_invalid|no_valid_location_points|requires_crosswalk_or_marine_review|timezone_not_normalized_to_utc
5338233,1146718,2003,2003-01-03T12:30:00,2003-01-08T16:00:00,AST,123.5,02,,Z,223,DELTANA AND TANANA,0,0,0,0,,,,0,,0,1,begin_coordinates_missing_or_invalid|damage_crops_missing|damage_property_missing|end_coordinates_missing_or_invalid|no_valid_location_points|requires_crosswalk_or_marine_review|timezone_not_normalized_to_utc
5338477,1146729,2003,2003-01-24T11:00:00,2003-01-24T16:00:00,EST,5.0,36,,Z,033,HAMILTON,0,0,0,0,,,,0,,0,1,begin_coordinates_missing_or_invalid|damage_crops_missing|damage_property_missing|end_coordinates_missing_or_invalid|no_valid_location_points|requires_crosswalk_or_marine_review|timezone_not_normalized_to_utc
5338628,1146604,2003,2003-01-31T21:00:00,2003-01-31T21:00:00,MST,0.0,16,,Z,007,OROFINO / GRANGEVILLE REGION,0,0,0,0,,,,0,,0,1,begin_coordinates_missing_or_invalid|damage_crops_missing|damage_property_missing|end_coordinates_missing_or_invalid|no_valid_location_points|requires_crosswalk_or_marine_review|timezone_not_normalized_to_utc
5338859,1146886,2003,2003-01-07T03:00:00,2003-01-09T19:00:00,CST,64.0,17,,Z,087,GALLATIN,0,0,0,0,,,,0,,0,1,begin_coordinates_missing_or_invalid|damage_crops_missing|damage_property_missing|end_coordinates_missing_or_invalid|no_valid_location_points|requires_crosswalk_or_marine_review|timezone_not_normalized_to_utc
5338860,1146887,2003,2003-01-01T16:00:00,2003-01-04T20:00:00,CST,76.0,21,,Z,021,MUHLENBERG,0,0,0,0,,,,0,,0,1,begin_coordinates_missing_or_invalid|damage_crops_missing|damage_property_missing|end_coordinates_missing_or_invalid|no_valid_location_points|requires_crosswalk_or_marine_review|timezone_not_normalized_to_utc
5338861,1146888,2003,2003-01-01T10:00:00,2003-01-05T12:00:00,CST,98.0,17,,Z,084,JACKSON,0,0,0,0,,,,0,,0,1,begin_coordinates_missing_or_invalid|damage_crops_missing|damage_property_missing|end_coordinates_missing_or_invalid|no_valid_location_points|requires_crosswalk_or_marine_review|timezone_not_normalized_to_utc
5338862,1146889,2003,2003-01-02T19:00:00,2003-01-09T10:00:00,CST,159.0,18,,Z,081,GIBSON,0,0,0,0,,,,0,,0,1,begin_coordinates_missing_or_invalid|damage_crops_missing|damage_property_missing|end_coordinates_missing_or_invalid|no_valid_location_points|requires_crosswalk_or_marine_review|timezone_not_normalized_to_utc
5338863,1146889,2003,2003-01-02T19:00:00,2003-01-09T10:00:00,CST,159.0,18,,Z,082,PIKE,0,0,0,0,,,,0,,0,1,begin_coordinates_missing_or_invalid|damage_crops_missing|damage_property_missing|end_coordinates_missing_or_invalid|no_valid_location_points|requires_crosswalk_or_marine_review|timezone_not_normalized_to_utc
5339083,1146660,2003,2003-01-01T15:38:00,2003-01-01T15:38:00,EST,0.0,42,,Z,020,BEAVER,0,0,0,0,,,,0,,0,1,begin_coordinates_missing_or_invalid|damage_crops_missing|damage_property_missing|end_coordinates_missing_or_invalid|no_valid_location_points|requires_crosswalk_or_marine_review|timezone_not_normalized_to_utc
5339214,1146398,2003,2003-01-01T09:15:00,2003-01-04T06:00:00,EST,68.75,18,,Z,071,JACKSON,0,0,0,0,,,,0,,0,1,begin_coordinates_missing_or_invalid|damage_crops_missing|damage_property_missing|end_coordinates_missing_or_invalid|no_valid_location_points|requires_crosswalk_or_marine_review|timezone_not_normalized_to_utc
5339215,1146399,2003,2003-01-04T21:00:00,2003-01-06T08:00:00,EST,35.0,18,,Z,070,LAWRENCE,0,0,0,0,,,,0,,0,1,begin_coordinates_missing_or_invalid|damage_crops_missing|damage_property_missing|end_coordinates_missing_or_invalid|no_valid_location_points|requires_crosswalk_or_marine_review|timezone_not_normalized_to_utc
5339216,1146400,2003,2003-01-02T19:00:00,2003-01-09T06:00:00,EST,155.0,18,,Z,067,KNOX,0,0,0,0,,,,0,,0,1,begin_coordinates_missing_or_invalid|damage_crops_missing|damage_property_missing|end_coordinates_missing_or_invalid|no_valid_location_points|requires_crosswalk_or_marine_review|timezone_not_normalized_to_utc
5339483,1146672,2003,2003-01-31T13:00:00,2003-01-31T23:00:00,PST,10.0,41,,Z,001,NORTHERN OREGON COAST,0,0,0,0,,,,0,,0,1,begin_coordinates_missing_or_invalid|damage_crops_missing|damage_property_missing|end_coordinates_missing_or_invalid|no_valid_location_points|requires_crosswalk_or_marine_review|timezone_not_normalized_to_utc
5339484,1146672,2003,2003-01-31T13:00:00,2003-01-31T23:00:00,PST,10.0,41,,Z,006,GREATER PORTLAND METRO AREA,0,0,0,0,,,,0,,0,1,begin_coordinates_missing_or_invalid|damage_crops_missing|damage_property_missing|end_coordinates_missing_or_invalid|no_valid_location_points|requires_crosswalk_or_marine_review|timezone_not_normalized_to_utc
5339485,1146673,2003,2003-01-31T07:00:00,2003-01-31T22:00:00,PST,15.0,53,,Z,022,LOWER COLUMBIA,0,0,0,0,34000,,,0,,0,1,begin_coordinates_missing_or_invalid|damage_crops_missing|end_coordinates_missing_or_invalid|no_valid_location_points|requires_crosswalk_or_marine_review|timezone_not_normalized_to_utc
5339501,1146496,2003,2003-01-09T08:00:00,2003-01-09T09:30:00,PST,1.5,06,06065,C,065,RIVERSIDE,0,0,0,0,40000,,,0,,0,1,begin_coordinates_missing_or_invalid|county_code_unverified|damage_crops_missing|end_coordinates_missing_or_invalid|no_valid_location_points|timezone_not_normalized_to_utc
5339502,1146497,2003,2003-01-08T14:30:00,2003-01-08T14:36:00,PST,0.1,06,06071,C,071,SAN BERNARDINO,0,0,0,0,,,,0,,0,1,begin_coordinates_missing_or_invalid|county_code_unverified|damage_crops_missing|damage_property_missing|end_coordinates_missing_or_invalid|no_valid_location_points|timezone_not_normalized_to_utc
5339503,1146497,2003,2003-01-08T10:00:00,2003-01-08T10:15:00,PST,0.25,06,06065,C,065,RIVERSIDE,0,0,0,0,,,,0,,0,1,begin_coordinates_missing_or_invalid|county_code_unverified|damage_crops_missing|damage_property_missing|end_coordinates_missing_or_invalid|no_valid_location_points|timezone_not_normalized_to_utc
5339512,1146577,2003,2003-01-01T17:00:00,2003-01-02T01:00:00,EST,8.0,42,,Z,034,BEDFORD,0,0,0,0,,,,0,,0,1,begin_coordinates_missing_or_invalid|damage_crops_missing|damage_property_missing|end_coordinates_missing_or_invalid|no_valid_location_points|requires_crosswalk_or_marine_review|timezone_not_normalized_to_utc
5339513,1146578,2003,2003-01-01T22:30:00,2003-01-02T05:45:00,EST,7.25,42,,Z,026,HUNTINGDON,0,0,0,0,,,,0,,0,1,begin_coordinates_missing_or_invalid|damage_crops_missing|damage_property_missing|end_coordinates_missing_or_invalid|no_valid_location_points|requires_crosswalk_or_marine_review|timezone_not_normalized_to_utc
5339514,1146579,2003,2003-01-02T01:00:00,2003-01-02T16:30:00,EST,15.5,42,,Z,026,HUNTINGDON,0,0,0,0,,,,0,,0,1,begin_coordinates_missing_or_invalid|damage_crops_missing|damage_property_missing|end_coordinates_missing_or_invalid|no_valid_location_points|requires_crosswalk_or_marine_review|timezone_not_normalized_to_utc
5339515,1146580,2003,2003-01-02T02:30:00,2003-01-02T14:00:00,EST,11.5,42,,Z,025,BLAIR,0,0,0,0,,,,0,,0,1,begin_coordinates_missing_or_invalid|damage_crops_missing|damage_property_missing|end_coordinates_missing_or_invalid|no_valid_location_points|requires_crosswalk_or_marine_review|timezone_not_normalized_to_utc
5339516,1146581,2003,2003-01-03T08:00:00,2003-01-03T09:00:00,EST,1.0,42,,Z,063,CUMBERLAND,0,0,0,0,,,,0,,0,1,begin_coordinates_missing_or_invalid|damage_crops_missing|damage_property_missing|end_coordinates_missing_or_invalid|no_valid_location_points|requires_crosswalk_or_marine_review|timezone_not_normalized_to_utc
5339764,1146705,2003,2003-01-31T08:00:00,2003-01-31T22:00:00,PST,14.0,53,,Z,011,SOUTHWEST INTERIOR,0,0,0,0,50000,,,0,,0,1,begin_coordinates_missing_or_invalid|damage_crops_missing|end_coordinates_missing_or_invalid|no_valid_location_points|requires_crosswalk_or_marine_review|timezone_not_normalized_to_utc
5339765,1146705,2003,2003-01-31T08:00:00,2003-01-31T22:00:00,PST,14.0,53,,Z,004,C KING/C PIERCE/X NE THURSTON/C LEWIS,0,0,0,0,,,,0,,0,1,begin_coordinates_missing_or_invalid|damage_crops_missing|damage_property_missing|end_coordinates_missing_or_invalid|no_valid_location_points|requires_crosswalk_or_marine_review|timezone_not_normalized_to_utc
5339766,1146705,2003,2003-01-31T04:00:00,2003-01-31T22:00:00,PST,18.0,53,,Z,018,E KING/E PIERCE/E LEWIS,0,0,0,0,50000,,,0,,0,1,begin_coordinates_missing_or_invalid|damage_crops_missing|end_coordinates_missing_or_invalid|no_valid_location_points|requires_crosswalk_or_marine_review|timezone_not_normalized_to_utc
5339840,1146643,2003,2003-01-01T00:00:00,2003-01-01T00:25:00,PST,0.4166666666666667,41,,Z,021,SOUTH CENTRAL OREGON COAST,0,0,0,0,,,,0,,0,1,begin_coordinates_missing_or_invalid|damage_crops_missing|damage_property_missing|end_coordinates_missing_or_invalid|no_valid_location_points|requires_crosswalk_or_marine_review|timezone_not_normalized_to_utc
5339841,1146644,2003,2003-01-02T15:50:00,2003-01-02T22:42:00,PST,6.866666666666666,41,,Z,023,CENTRAL DOUGLAS COUNTY,0,0,0,0,,,,0,,0,1,begin_coordinates_missing_or_invalid|damage_crops_missing|damage_property_missing|end_coordinates_missing_or_invalid|no_valid_location_points|requires_crosswalk_or_marine_review|timezone_not_normalized_to_utc
5339842,1146645,2003,2003-01-02T16:03:00,2003-01-03T04:40:00,PST,12.616666666666667,41,41011,C,011,COOS,0,0,0,0,,,,0,,0,1,begin_coordinates_missing_or_invalid|county_code_unverified|damage_crops_missing|damage_property_missing|end_coordinates_missing_or_invalid|no_valid_location_points|timezone_not_normalized_to_utc
5339843,1146645,2003,2003-01-02T16:03:00,2003-01-03T04:40:00,PST,12.616666666666667,41,41019,C,019,DOUGLAS,0,0,0,0,,,,0,,0,1,begin_coordinates_missing_or_invalid|county_code_unverified|damage_crops_missing|damage_property_missing|end_coordinates_missing_or_invalid|no_valid_location_points|timezone_not_normalized_to_utc
5340005,1146584,2003,2003-02-22T19:24:00,2003-02-23T04:45:00,EST,9.35,42,,Z,065,YORK,0,0,0,0,,,,0,,0,1,begin_coordinates_missing_or_invalid|damage_crops_missing|damage_property_missing|end_coordinates_missing_or_invalid|no_valid_location_points|requires_crosswalk_or_marine_review|timezone_not_normalized_to_utc
5340006,1146584,2003,2003-02-22T19:24:00,2003-02-23T04:45:00,EST,9.35,42,,Z,066,LANCASTER,0,0,0,0,,,,0,,0,1,begin_coordinates_missing_or_invalid|damage_crops_missing|damage_property_missing|end_coordinates_missing_or_invalid|no_valid_location_points|requires_crosswalk_or_marine_review|timezone_not_normalized_to_utc
5340119,1146710,2003,2003-01-25T12:30:00,2003-01-25T18:30:00,AST,6.0,99,,Z,005,NORTH CENTRAL,0,0,0,0,,,,0,,0,1,begin_coordinates_missing_or_invalid|damage_crops_missing|damage_property_missing|end_coordinates_missing_or_invalid|no_valid_location_points|requires_crosswalk_or_marine_review|timezone_not_normalized_to_utc
5340120,1146711,2003,2003-01-25T16:30:00,2003-01-25T22:30:00,AST,6.0,99,,Z,001,SAN JUAN AND VICINITY,0,0,0,0,,,,0,,0,1,begin_coordinates_missing_or_invalid|damage_crops_missing|damage_property_missing|end_coordinates_missing_or_invalid|no_valid_location_points|requires_crosswalk_or_marine_review|timezone_not_normalized_to_utc
5340135,1145644,2003,2003-01-01T00:00:00,2003-01-04T08:00:00,EST,80.0,12,,Z,051,HILLSBOROUGH,0,0,0,0,,,,0,,0,1,begin_coordinates_missing_or_invalid|damage_crops_missing|damage_property_missing|end_coordinates_missing_or_invalid|no_valid_location_points|requires_crosswalk_or_marine_review|timezone_not_normalized_to_utc
5340136,1145644,2003,2003-01-01T00:00:00,2003-01-04T08:00:00,EST,80.0,12,,Z,055,MANATEE,0,0,0,0,,,,0,,0,1,begin_coordinates_missing_or_invalid|damage_crops_missing|damage_property_missing|end_coordinates_missing_or_invalid|no_valid_location_points|requires_crosswalk_or_marine_review|timezone_not_normalized_to_utc
5340137,1145644,2003,2003-01-01T00:00:00,2003-01-04T08:00:00,EST,80.0,12,,Z,052,POLK,0,0,0,0,,,,0,,0,1,begin_coordinates_missing_or_invalid|damage_crops_missing|damage_property_missing|end_coordinates_missing_or_invalid|no_valid_location_points|requires_crosswalk_or_marine_review|timezone_not_normalized_to_utc
5340222,1147103,2003,2003-02-21T03:29:00,2003-02-22T23:38:00,CST,44.15,48,,Z,209,FAYETTE,0,0,0,0,,,,0,,0,1,begin_coordinates_missing_or_invalid|damage_crops_missing|damage_property_missing|end_coordinates_missing_or_invalid|no_valid_location_points|requires_crosswalk_or_marine_review|timezone_not_normalized_to_utc
5340229,1147105,2003,2003-02-21T11:19:00,2003-02-23T13:58:00,CST,50.65,48,,Z,223,GONZALES,0,0,0,0,,,,0,,0,1,begin_coordinates_missing_or_invalid|damage_crops_missing|damage_property_missing|end_coordinates_missing_or_invalid|no_valid_location_points|requires_crosswalk_or_marine_review|timezone_not_normalized_to_utc
5340261,1147044,2003,2003-02-01T00:00:00,2003-02-01T07:15:00,PST,7.25,53,,Z,025,W KITTITAS/W YAKIMA/W KLICKITAT T X SW,0,0,0,0,,,,0,,0,1,begin_coordinates_missing_or_invalid|damage_crops_missing|damage_property_missing|end_coordinates_missing_or_invalid|no_valid_location_points|requires_crosswalk_or_marine_review|timezone_not_normalized_to_utc
5340262,1147045,2003,2003-02-01T00:00:00,2003-02-01T03:15:00,PST,3.25,53,,Z,025,W KITTITAS/W YAKIMA/W KLICKITAT T X SW,0,0,0,0,3000,,,0,,0,1,begin_coordinates_missing_or_invalid|damage_crops_missing|end_coordinates_missing_or_invalid|no_valid_location_points|requires_crosswalk_or_marine_review|timezone_not_normalized_to_utc
5340263,1147045,2003,2003-02-01T00:00:00,2003-02-01T03:15:00,PST,3.25,53,,Z,026,E KITTITAS,0,0,0,0,,,,0,,0,1,begin_coordinates_missing_or_invalid|damage_crops_missing|damage_property_missing|end_coordinates_missing_or_invalid|no_valid_location_points|requires_crosswalk_or_marine_review|timezone_not_normalized_to_utc
5340264,1147046,2003,2003-02-01T00:00:00,2003-02-02T03:15:00,PST,27.25,53,,Z,025,EAST SLOPES SOUTHERN CASCADES,0,0,0,0,,,,0,,0,1,begin_coordinates_missing_or_invalid|damage_crops_missing|damage_property_missing|end_coordinates_missing_or_invalid|no_valid_location_points|requires_crosswalk_or_marine_review|timezone_not_normalized_to_utc
5340311,1146952,2003,2003-01-01T14:50:00,2003-01-01T20:00:00,EST,5.166666666666667,51,,Z,027,SHENANDOAH,0,0,0,0,,,,0,,0,1,begin_coordinates_missing_or_invalid|damage_crops_missing|damage_property_missing|end_coordinates_missing_or_invalid|no_valid_location_points|requires_crosswalk_or_marine_review|timezone_not_normalized_to_utc
5340312,1146952,2003,2003-01-01T15:32:00,2003-01-01T19:00:00,EST,3.466666666666667,51,,Z,029,PAGE,0,0,0,0,,,,0,,0,1,begin_coordinates_missing_or_invalid|damage_crops_missing|damage_property_missing|end_coordinates_missing_or_invalid|no_valid_location_points|requires_crosswalk_or_marine_review|timezone_not_normalized_to_utc
5340313,1146952,2003,2003-01-01T16:24:00,2003-01-01T20:00:00,EST,3.6,51,,Z,042,LOUDOUN,0,0,0,0,,,,0,,0,1,begin_coordinates_missing_or_invalid|damage_crops_missing|damage_property_missing|end_coordinates_missing_or_invalid|no_valid_location_points|requires_crosswalk_or_marine_review|timezone_not_normalized_to_utc
5340314,1146952,2003,2003-01-01T17:00:00,2003-01-01T20:00:00,EST,3.0,51,,Z,030,WARREN,0,0,0,0,,,,0,,0,1,begin_coordinates_missing_or_invalid|damage_crops_missing|damage_property_missing|end_coordinates_missing_or_invalid|no_valid_location_points|requires_crosswalk_or_marine_review|timezone_not_normalized_to_utc
5340315,1146952,2003,2003-01-01T15:30:00,2003-01-01T20:00:00,EST,4.5,51,,Z,038,GREENE,1,0,0,0,,,,0,,0,1,begin_coordinates_missing_or_invalid|damage_crops_missing|damage_property_missing|end_coordinates_missing_or_invalid|no_valid_location_points|requires_crosswalk_or_marine_review|timezone_not_normalized_to_utc
5340316,1146952,2003,2003-01-01T16:45:00,2003-01-01T20:00:00,EST,3.25,51,,Z,053,FAIRFAX,0,0,0,0,,,,0,,0,1,begin_coordinates_missing_or_invalid|damage_crops_missing|damage_property_missing|end_coordinates_missing_or_invalid|no_valid_location_points|requires_crosswalk_or_marine_review|timezone_not_normalized_to_utc
5340351,1147065,2003,2003-02-22T18:45:00,2003-02-23T20:00:00,EST,25.25,54,,Z,031,HARRISON,0,0,0,0,,,,0,,0,1,begin_coordinates_missing_or_invalid|damage_crops_missing|damage_property_missing|end_coordinates_missing_or_invalid|no_valid_location_points|requires_crosswalk_or_marine_review|timezone_not_normalized_to_utc
5340449,1146955,2003,2003-01-01T15:20:00,2003-01-01T19:00:00,EST,3.6666666666666665,24,,Z,002,ALLEGANY,0,0,0,0,,,,0,,0,1,begin_coordinates_missing_or_invalid|damage_crops_missing|damage_property_missing|end_coordinates_missing_or_invalid|no_valid_location_points|requires_crosswalk_or_marine_review|timezone_not_normalized_to_utc
5340450,1146955,2003,2003-01-01T18:56:00,2003-01-01T22:00:00,EST,3.066666666666667,24,,Z,003,WASHINGTON,0,0,0,0,,,,0,,0,1,begin_coordinates_missing_or_invalid|damage_crops_missing|damage_property_missing|end_coordinates_missing_or_invalid|no_valid_location_points|requires_crosswalk_or_marine_review|timezone_not_normalized_to_utc
5340451,1146955,2003,2003-01-01T19:00:00,2003-01-01T22:00:00,EST,3.0,24,,Z,004,FREDERICK,0,0,0,0,,,,0,,0,1,begin_coordinates_missing_or_invalid|damage_crops_missing|damage_property_missing|end_coordinates_missing_or_invalid|no_valid_location_points|requires_crosswalk_or_marine_review|timezone_not_normalized_to_utc
5340452,1146955,2003,2003-01-01T18:35:00,2003-01-01T22:00:00,EST,3.4166666666666665,24,,Z,009,MONTGOMERY,0,0,0,0,,,,0,,0,1,begin_coordinates_missing_or_invalid|damage_crops_missing|damage_property_missing|end_coordinates_missing_or_invalid|no_valid_location_points|requires_crosswalk_or_marine_review|timezone_not_normalized_to_utc
5340453,1146956,2003,2003-01-01T18:45:00,2003-01-01T21:45:00,EST,3.0,24,,Z,009,MONTGOMERY,0,0,0,0,,,,0,,0,1,begin_coordinates_missing_or_invalid|damage_crops_missing|damage_property_missing|end_coordinates_missing_or_invalid|no_valid_location_points|requires_crosswalk_or_marine_review|timezone_not_normalized_to_utc
5340454,1146956,2003,2003-01-01T23:30:00,2003-01-02T19:45:00,EST,20.25,24,,Z,003,WASHINGTON,0,0,0,0,,,,0,,0,1,begin_coordinates_missing_or_invalid|damage_crops_missing|damage_property_missing|end_coordinates_missing_or_invalid|no_valid_location_points|requires_crosswalk_or_marine_review|timezone_not_normalized_to_utc
5340455,1146956,2003,2003-01-02T10:30:00,2003-01-02T12:30:00,EST,2.0,24,,Z,004,FREDERICK,0,0,0,0,,,,0,,0,1,begin_coordinates_missing_or_invalid|damage_crops_missing|damage_property_missing|end_coordinates_missing_or_invalid|no_valid_location_points|requires_crosswalk_or_marine_review|timezone_not_normalized_to_utc
5340456,1146956,2003,2003-01-03T03:15:00,2003-01-03T06:00:00,EST,2.75,24,,Z,004,FREDERICK,0,0,0,0,,,,0,,0,1,begin_coordinates_missing_or_invalid|damage_crops_missing|damage_property_missing|end_coordinates_missing_or_invalid|no_valid_location_points|requires_crosswalk_or_marine_review|timezone_not_normalized_to_utc
5340475,1146963,2003,2003-01-02T05:00:00,2003-01-02T15:00:00,EST,10.0,54,,Z,052,BERKELEY,0,0,0,0,,,,0,,0,1,begin_coordinates_missing_or_invalid|damage_crops_missing|damage_property_missing|end_coordinates_missing_or_invalid|no_valid_location_points|requires_crosswalk_or_marine_review|timezone_not_normalized_to_utc
5340476,1146963,2003,2003-01-02T18:15:00,2003-01-03T01:30:00,EST,7.25,54,,Z,053,JEFFERSON,0,0,0,0,,,,0,,0,1,begin_coordinates_missing_or_invalid|damage_crops_missing|damage_property_missing|end_coordinates_missing_or_invalid|no_valid_location_points|requires_crosswalk_or_marine_review|timezone_not_normalized_to_utc
5340513,1147074,2003,2003-02-23T00:30:00,2003-02-25T00:00:00,EST,47.5,18,,Z,071,JACKSON,0,0,0,0,,,,0,,0,1,begin_coordinates_missing_or_invalid|damage_crops_missing|damage_property_missing|end_coordinates_missing_or_invalid|no_valid_location_points|requires_crosswalk_or_marine_review|timezone_not_normalized_to_utc
5340514,1147075,2003,2003-02-26T06:00:00,2003-02-28T02:00:00,EST,44.0,18,,Z,070,LAWRENCE,0,0,0,0,,,,0,,0,1,begin_coordinates_missing_or_invalid|damage_crops_missing|damage_property_missing|end_coordinates_missing_or_invalid|no_valid_location_points|requires_crosswalk_or_marine_review|timezone_not_normalized_to_utc
5340515,1147076,2003,2003-02-23T07:30:00,2003-02-24T18:00:00,EST,34.5,18,,Z,061,GREENE,0,0,0,0,,,,0,,0,1,begin_coordinates_missing_or_invalid|damage_crops_missing|damage_property_missing|end_coordinates_missing_or_invalid|no_valid_location_points|requires_crosswalk_or_marine_review|timezone_not_normalized_to_utc
5340516,1147076,2003,2003-02-22T19:00:00,2003-02-26T07:00:00,EST,84.0,18,,Z,068,DAVIESS,0,0,0,0,,,,0,,0,1,begin_coordinates_missing_or_invalid|damage_crops_missing|damage_property_missing|end_coordinates_missing_or_invalid|no_valid_location_points|requires_crosswalk_or_marine_review|timezone_not_normalized_to_utc
5340517,1147076,2003,2003-02-23T07:00:00,2003-02-28T23:59:00,EST,136.98333333333332,18,,Z,067,KNOX,0,0,0,0,,,,0,,0,1,begin_coordinates_missing_or_invalid|damage_crops_missing|damage_property_missing|end_coordinates_missing_or_invalid|no_valid_location_points|requires_crosswalk_or_marine_review|timezone_not_normalized_to_utc
5340534,1147166,2003,2003-02-11T09:15:00,2003-02-14T06:00:00,PST,68.75,06,06071,C,071,SAN BERNARDINO,2,0,0,0,300000,,,0,,0,1,begin_coordinates_missing_or_invalid|county_code_unverified|damage_crops_missing|end_coordinates_missing_or_invalid|no_valid_location_points|timezone_not_normalized_to_utc
5340535,1147166,2003,2003-02-11T10:45:00,2003-02-13T23:00:00,PST,60.25,06,06073,C,073,SAN DIEGO,1,0,0,0,50000,,,0,,0,1,begin_coordinates_missing_or_invalid|county_code_unverified|damage_crops_missing|end_coordinates_missing_or_invalid|no_valid_location_points|timezone_not_normalized_to_utc
5340889,1147161,2003,2003-02-11T08:00:00,2003-02-11T11:19:00,PST,3.316666666666667,06,06073,C,073,SAN DIEGO,1,0,0,0,20000,,,0,,0,1,begin_coordinates_missing_or_invalid|county_code_unverified|damage_crops_missing|end_coordinates_missing_or_invalid|no_valid_location_points|timezone_not_normalized_to_utc
5340890,1147162,2003,2003-02-11T17:49:00,2003-02-11T19:07:00,PST,1.3,06,06059,C,059,ORANGE,0,0,0,0,,,,0,,0,1,begin_coordinates_missing_or_invalid|county_code_unverified|damage_crops_missing|damage_property_missing|end_coordinates_missing_or_invalid|no_valid_location_points|timezone_not_normalized_to_utc
5340911,1147164,2003,2003-02-14T06:00:00,2003-02-14T07:00:00,PST,1.0,06,06073,C,073,SAN DIEGO,0,0,1,0,,,,1,,0,1,begin_coordinates_missing_or_invalid|county_code_unverified|damage_crops_missing|damage_property_missing|end_coordinates_missing_or_invalid|no_valid_location_points|timezone_not_normalized_to_utc
5340914,1147166,2003,2003-02-13T10:17:00,2003-02-13T17:00:00,PST,6.716666666666667,06,06065,C,065,RIVERSIDE,0,0,0,0,100000,,,0,,0,1,begin_coordinates_missing_or_invalid|county_code_unverified|damage_crops_missing|end_coordinates_missing_or_invalid|no_valid_location_points|timezone_not_normalized_to_utc
5341014,1146822,2003,2003-01-04T11:00:00,2003-01-04T13:00:00,EST,2.0,33,,Z,014,COASTAL ROCKINGHAM,0,0,0,0,,,,0,,0,1,begin_coordinates_missing_or_invalid|damage_crops_missing|damage_property_missing|end_coordinates_missing_or_invalid|no_valid_location_points|requires_crosswalk_or_marine_review|timezone_not_normalized_to_utc
5341021,1146916,2003,2003-02-15T14:00:00,2003-02-28T23:59:00,CST,321.98333333333335,21,,Z,018,HENDERSON,0,0,0,0,,,,0,,0,1,begin_coordinates_missing_or_invalid|damage_crops_missing|damage_property_missing|end_coordinates_missing_or_invalid|no_valid_location_points|requires_crosswalk_or_marine_review|timezone_not_normalized_to_utc
5341022,1146916,2003,2003-02-15T14:00:00,2003-02-28T23:59:00,CST,321.98333333333335,21,,Z,020,MCLEAN,0,0,0,0,,,,0,,0,1,begin_coordinates_missing_or_invalid|damage_crops_missing|damage_property_missing|end_coordinates_missing_or_invalid|no_valid_location_points|requires_crosswalk_or_marine_review|timezone_not_normalized_to_utc
5341023,1146916,2003,2003-02-15T14:00:00,2003-02-28T23:59:00,CST,321.98333333333335,21,,Z,021,MUHLENBERG,0,0,0,0,,,,0,,0,1,begin_coordinates_missing_or_invalid|damage_crops_missing|damage_property_missing|end_coordinates_missing_or_invalid|no_valid_location_points|requires_crosswalk_or_marine_review|timezone_not_normalized_to_utc
5341024,1146916,2003,2003-02-15T14:00:00,2003-02-28T23:59:00,CST,321.98333333333335,21,,Z,015,WEBSTER,0,0,0,0,,,,0,,0,1,begin_coordinates_missing_or_invalid|damage_crops_missing|damage_property_missing|end_coordinates_missing_or_invalid|no_valid_location_points|requires_crosswalk_or_marine_review|timezone_not_normalized_to_utc
5341090,1146917,2003,2003-02-22T18:00:00,2003-02-28T23:59:00,CST,149.98333333333332,17,,Z,081,FRANKLIN,0,0,0,0,,,,0,,0,1,begin_coordinates_missing_or_invalid|damage_crops_missing|damage_property_missing|end_coordinates_missing_or_invalid|no_valid_location_points|requires_crosswalk_or_marine_review|timezone_not_normalized_to_utc
5341091,1146917,2003,2003-02-22T18:00:00,2003-02-28T23:59:00,CST,149.98333333333332,17,,Z,084,JACKSON,0,0,0,0,,,,0,,0,1,begin_coordinates_missing_or_invalid|damage_crops_missing|damage_property_missing|end_coordinates_missing_or_invalid|no_valid_location_points|requires_crosswalk_or_marine_review|timezone_not_normalized_to_utc
5341092,1146918,2003,2003-02-23T14:00:00,2003-02-28T23:59:00,CST,129.98333333333332,17,,Z,083,WHITE,0,0,0,0,,,,0,,0,1,begin_coordinates_missing_or_invalid|damage_crops_missing|damage_property_missing|end_coordinates_missing_or_invalid|no_valid_location_points|requires_crosswalk_or_marine_review|timezone_not_normalized_to_utc
5341229,1147012,2003,2003-02-22T15:30:00,2003-02-22T15:50:00,EST,0.3333333333333333,21,,Z,097,BRACKEN,0,0,0,0,,,,0,,0,1,begin_coordinates_missing_or_invalid|damage_crops_missing|damage_property_missing|end_coordinates_missing_or_invalid|no_valid_location_points|requires_crosswalk_or_marine_review|timezone_not_normalized_to_utc
5341230,1147012,2003,2003-02-22T15:00:00,2003-02-22T15:45:00,EST,0.75,21,,Z,095,GRANT,0,0,0,0,,,,0,,0,1,begin_coordinates_missing_or_invalid|damage_crops_missing|damage_property_missing|end_coordinates_missing_or_invalid|no_valid_location_points|requires_crosswalk_or_marine_review|timezone_not_normalized_to_utc
5341231,1147012,2003,2003-02-22T14:30:00,2003-02-22T15:30:00,EST,1.0,21,,Z,098,ROBERTSON,0,0,0,0,,,,0,,0,1,begin_coordinates_missing_or_invalid|damage_crops_missing|damage_property_missing|end_coordinates_missing_or_invalid|no_valid_location_points|requires_crosswalk_or_marine_review|timezone_not_normalized_to_utc
5341232,1147012,2003,2003-02-22T14:30:00,2003-02-22T15:30:00,EST,1.0,21,,Z,092,KENTON,0,0,0,0,,,,0,,0,1,begin_coordinates_missing_or_invalid|damage_crops_missing|damage_property_missing|end_coordinates_missing_or_invalid|no_valid_location_points|requires_crosswalk_or_marine_review|timezone_not_normalized_to_utc
5341346,1147106,2003,2003-02-23T07:12:00,2003-02-25T22:12:00,CST,63.0,48,,Z,224,DE WITT,0,0,0,0,,,,0,,0,1,begin_coordinates_missing_or_invalid|damage_crops_missing|damage_property_missing|end_coordinates_missing_or_invalid|no_valid_location_points|requires_crosswalk_or_marine_review|timezone_not_normalized_to_utc
5341354,1147047,2003,2003-02-01T00:00:00,2003-02-01T21:00:00,PST,21.0,53,,Z,027,E YAKIMA,0,0,0,0,,,,0,,0,1,begin_coordinates_missing_or_invalid|damage_crops_missing|damage_property_missing|end_coordinates_missing_or_invalid|no_valid_location_points|requires_crosswalk_or_marine_review|timezone_not_normalized_to_utc
5341355,1147048,2003,2003-02-02T17:00:00,2003-02-03T02:30:00,PST,9.5,53,,Z,028,BENTON/FRANKLIN/WALLA WALLA T SE/E KLICKITAT,0,0,0,0,,,,0,,0,1,begin_coordinates_missing_or_invalid|damage_crops_missing|damage_property_missing|end_coordinates_missing_or_invalid|no_valid_location_points|requires_crosswalk_or_marine_review|timezone_not_normalized_to_utc
5341356,1147049,2003,2003-02-01T13:30:00,2003-02-02T02:00:00,PST,12.5,53,,Z,029,N COLUMBIA/SE WALLA WALLA T X SE,0,0,0,0,,,,0,,0,1,begin_coordinates_missing_or_invalid|damage_crops_missing|damage_property_missing|end_coordinates_missing_or_invalid|no_valid_location_points|requires_crosswalk_or_marine_review|timezone_not_normalized_to_utc
5341366,1147060,2003,2003-02-15T23:00:00,2003-02-17T15:00:00,EST,40.0,21,,Z,102,CARTER,0,0,0,0,100000,,,0,,0,1,begin_coordinates_missing_or_invalid|damage_crops_missing|end_coordinates_missing_or_invalid|no_valid_location_points|requires_crosswalk_or_marine_review|timezone_not_normalized_to_utc
5341367,1147060,2003,2003-02-15T23:00:00,2003-02-17T15:00:00,EST,40.0,21,,Z,101,GREENUP,0,0,0,0,600000,,,0,,0,1,begin_coordinates_missing_or_invalid|damage_crops_missing|end_coordinates_missing_or_invalid|no_valid_location_points|requires_crosswalk_or_marine_review|timezone_not_normalized_to_utc
5341368,1147060,2003,2003-02-15T23:00:00,2003-02-17T15:00:00,EST,40.0,21,,Z,105,LAWRENCE,0,0,0,0,300000,,,0,,0,1,begin_coordinates_missing_or_invalid|damage_crops_missing|end_coordinates_missing_or_invalid|no_valid_location_points|requires_crosswalk_or_marine_review|timezone_not_normalized_to_utc
5341369,1147061,2003,2003-02-15T18:45:00,2003-02-16T15:00:00,EST,20.25,51,,Z,004,BUCHANAN,0,0,0,0,850000,,,0,,0,1,begin_coordinates_missing_or_invalid|damage_crops_missing|end_coordinates_missing_or_invalid|no_valid_location_points|requires_crosswalk_or_marine_review|timezone_not_normalized_to_utc
5341370,1147061,2003,2003-02-15T18:45:00,2003-02-16T15:00:00,EST,20.25,51,,Z,003,DICKENSON,0,0,0,0,250000,,,0,,0,1,begin_coordinates_missing_or_invalid|damage_crops_missing|end_coordinates_missing_or_invalid|no_valid_location_points|requires_crosswalk_or_marine_review|timezone_not_normalized_to_utc
5341442,1146823,2003,2003-01-04T10:45:00,2003-01-04T12:43:00,EST,1.9666666666666666,23,,Z,024,COASTAL CUMBERLAND,0,0,0,0,,,,0,,0,1,begin_coordinates_missing_or_invalid|damage_crops_missing|damage_property_missing|end_coordinates_missing_or_invalid|no_valid_location_points|requires_crosswalk_or_marine_review|timezone_not_normalized_to_utc
5341443,1146823,2003,2003-01-04T10:45:00,2003-01-04T12:43:00,EST,1.9666666666666666,23,,Z,023,COASTAL YORK,0,0,0,0,,,,0,,0,1,begin_coordinates_missing_or_invalid|damage_crops_missing|damage_property_missing|end_coordinates_missing_or_invalid|no_valid_location_points|requires_crosswalk_or_marine_review|timezone_not_normalized_to_utc
5341659,1147101,2003,2003-02-20T15:32:00,2003-02-21T23:43:00,CST,32.18333333333333,48,,Z,208,CALDWELL,0,0,0,0,,,,0,,0,1,begin_coordinates_missing_or_invalid|damage_crops_missing|damage_property_missing|end_coordinates_missing_or_invalid|no_valid_location_points|requires_crosswalk_or_marine_review|timezone_not_normalized_to_utc
5341660,1147324,2003,2003-03-06T12:00:00,2003-03-06T17:15:00,EST,5.25,42,,Z,066,LANCASTER,0,0,0,0,,,,0,,0,1,begin_coordinates_missing_or_invalid|damage_crops_missing|damage_property_missing|end_coordinates_missing_or_invalid|no_valid_location_points|requires_crosswalk_or_marine_review|timezone_not_normalized_to_utc
5341661,1147325,2003,2003-03-21T14:45:00,2003-03-22T10:45:00,EST,20.0,42,,Z,063,CUMBERLAND,0,0,0,0,,,,0,,0,1,begin_coordinates_missing_or_invalid|damage_crops_missing|damage_property_missing|end_coordinates_missing_or_invalid|no_valid_location_points|requires_crosswalk_or_marine_review|timezone_not_normalized_to_utc
5341662,1147326,2003,2003-03-20T23:15:00,2003-03-21T10:45:00,EST,11.5,42,,Z,063,CUMBERLAND,0,0,0,0,,,,0,,0,1,begin_coordinates_missing_or_invalid|damage_crops_missing|damage_property_missing|end_coordinates_missing_or_invalid|no_valid_location_points|requires_crosswalk_or_marine_review|timezone_not_normalized_to_utc
5341663,1147326,2003,2003-03-20T23:15:00,2003-03-21T10:45:00,EST,11.5,42,,Z,065,YORK,0,0,0,0,,,,0,,0,1,begin_coordinates_missing_or_invalid|damage_crops_missing|damage_property_missing|end_coordinates_missing_or_invalid|no_valid_location_points|requires_crosswalk_or_marine_review|timezone_not_normalized_to_utc
5341664,1147327,2003,2003-03-21T01:00:00,2003-03-21T18:15:00,EST,17.25,42,,Z,059,LEBANON,0,0,0,0,,,,0,,0,1,begin_coordinates_missing_or_invalid|damage_crops_missing|damage_property_missing|end_coordinates_missing_or_invalid|no_valid_location_points|requires_crosswalk_or_marine_review|timezone_not_normalized_to_utc
5341693,1147031,2003,2003-01-26T10:00:00,2003-01-26T22:30:00,PST,12.5,53,,Z,042,W OKANOGAN/C&W CHELAN,0,0,0,0,10000,,,0,,0,1,begin_coordinates_missing_or_invalid|damage_crops_missing|end_coordinates_missing_or_invalid|no_valid_location_points|requires_crosswalk_or_marine_review|timezone_not_normalized_to_utc
5341792,1147328,2003,2003-03-20T20:00:00,2003-03-22T10:00:00,EST,38.0,42,,Z,046,SOUTHERN LYCOMING,0,0,0,0,,,,0,,0,1,begin_coordinates_missing_or_invalid|damage_crops_missing|damage_property_missing|end_coordinates_missing_or_invalid|no_valid_location_points|requires_crosswalk_or_marine_review|timezone_not_normalized_to_utc
5341793,1147328,2003,2003-03-20T20:00:00,2003-03-22T10:00:00,EST,38.0,42,,Z,052,NORTHUMBERLAND,0,0,0,0,,,,0,,0,1,begin_coordinates_missing_or_invalid|damage_crops_missing|damage_property_missing|end_coordinates_missing_or_invalid|no_valid_location_points|requires_crosswalk_or_marine_review|timezone_not_normalized_to_utc
5341802,1147331,2003,2003-04-10T06:00:00,2003-04-10T09:00:00,SST,3.0,97,,Z,002,TUTUILA,0,0,0,0,,,,0,,0,1,begin_coordinates_missing_or_invalid|damage_crops_missing|damage_property_missing|end_coordinates_missing_or_invalid|no_valid_location_points|requires_crosswalk_or_marine_review|timezone_not_normalized_to_utc
5341839,1147064,2003,2003-02-22T10:00:00,2003-02-22T13:00:00,EST,3.0,51,,Z,004,BUCHANAN,0,0,0,0,10000,,,0,,0,1,begin_coordinates_missing_or_invalid|damage_crops_missing|end_coordinates_missing_or_invalid|no_valid_location_points|requires_crosswalk_or_marine_review|timezone_not_normalized_to_utc
5341840,1147064,2003,2003-02-22T10:00:00,2003-02-22T13:00:00,EST,3.0,51,,Z,003,DICKENSON,0,0,0,0,10000,,,0,,0,1,begin_coordinates_missing_or_invalid|damage_crops_missing|end_coordinates_missing_or_invalid|no_valid_location_points|requires_crosswalk_or_marine_review|timezone_not_normalized_to_utc
5341841,1147065,2003,2003-02-22T12:15:00,2003-02-22T15:30:00,EST,3.25,54,,Z,035,RALEIGH,0,0,0,0,,,,0,,0,1,begin_coordinates_missing_or_invalid|damage_crops_missing|damage_property_missing|end_coordinates_missing_or_invalid|no_valid_location_points|requires_crosswalk_or_marine_review|timezone_not_normalized_to_utc
5341842,1147065,2003,2003-02-22T12:15:00,2003-02-22T15:30:00,EST,3.25,54,,Z,033,MCDOWELL,0,0,0,0,,,,0,,0,1,begin_coordinates_missing_or_invalid|damage_crops_missing|damage_property_missing|end_coordinates_missing_or_invalid|no_valid_location_points|requires_crosswalk_or_marine_review|timezone_not_normalized_to_utc
5341843,1147065,2003,2003-02-22T12:15:00,2003-02-22T15:30:00,EST,3.25,54,,Z,034,WYOMING,0,0,0,0,,,,0,,0,1,begin_coordinates_missing_or_invalid|damage_crops_missing|damage_property_missing|end_coordinates_missing_or_invalid|no_valid_location_points|requires_crosswalk_or_marine_review|timezone_not_normalized_to_utc
5341844,1147065,2003,2003-02-22T12:00:00,2003-02-22T15:00:00,EST,3.0,54,,Z,046,POCAHONTAS,0,0,0,0,,,,0,,0,1,begin_coordinates_missing_or_invalid|damage_crops_missing|damage_property_missing|end_coordinates_missing_or_invalid|no_valid_location_points|requires_crosswalk_or_marine_review|timezone_not_normalized_to_utc
5341845,1147065,2003,2003-02-22T18:45:00,2003-02-23T20:00:00,EST,25.25,54,,Z,026,BOONE,0,0,0,0,,,,0,,0,1,begin_coordinates_missing_or_invalid|damage_crops_missing|damage_property_missing|end_coordinates_missing_or_invalid|no_valid_location_points|requires_crosswalk_or_marine_review|timezone_not_normalized_to_utc
5341846,1147065,2003,2003-02-22T18:45:00,2003-02-23T20:00:00,EST,25.25,54,,Z,028,BRAXTON,0,0,0,0,,,,0,,0,1,begin_coordinates_missing_or_invalid|damage_crops_missing|damage_property_missing|end_coordinates_missing_or_invalid|no_valid_location_points|requires_crosswalk_or_marine_review|timezone_not_normalized_to_utc
5341847,1147065,2003,2003-02-22T18:45:00,2003-02-23T20:00:00,EST,25.25,54,,Z,018,CALHOUN,0,0,0,0,,,,0,,0,1,begin_coordinates_missing_or_invalid|damage_crops_missing|damage_property_missing|end_coordinates_missing_or_invalid|no_valid_location_points|requires_crosswalk_or_marine_review|timezone_not_normalized_to_utc
5341848,1147065,2003,2003-02-22T18:45:00,2003-02-23T20:00:00,EST,25.25,54,,Z,027,CLAY,0,0,0,0,,,,0,,0,1,begin_coordinates_missing_or_invalid|damage_crops_missing|damage_property_missing|end_coordinates_missing_or_invalid|no_valid_location_points|requires_crosswalk_or_marine_review|timezone_not_normalized_to_utc
5341849,1147065,2003,2003-02-22T18:45:00,2003-02-23T20:00:00,EST,25.25,54,,Z,020,DODDRIDGE,0,0,0,0,,,,0,,0,1,begin_coordinates_missing_or_invalid|damage_crops_missing|damage_property_missing|end_coordinates_missing_or_invalid|no_valid_location_points|requires_crosswalk_or_marine_review|timezone_not_normalized_to_utc
5341850,1147065,2003,2003-02-22T18:45:00,2003-02-23T20:00:00,EST,25.25,54,,Z,036,FAYETTE,0,0,0,0,,,,0,,0,1,begin_coordinates_missing_or_invalid|damage_crops_missing|damage_property_missing|end_coordinates_missing_or_invalid|no_valid_location_points|requires_crosswalk_or_marine_review|timezone_not_normalized_to_utc
5341851,1147065,2003,2003-02-22T18:45:00,2003-02-23T20:00:00,EST,25.25,54,,Z,029,GILMER,0,0,0,0,75000,,,0,,0,1,begin_coordinates_missing_or_invalid|damage_crops_missing|end_coordinates_missing_or_invalid|no_valid_location_points|requires_crosswalk_or_marine_review|timezone_not_normalized_to_utc
5341852,1147065,2003,2003-02-22T18:45:00,2003-02-23T20:00:00,EST,25.25,54,,Z,008,JACKSON,0,0,0,0,,,,0,,0,1,begin_coordinates_missing_or_invalid|damage_crops_missing|damage_property_missing|end_coordinates_missing_or_invalid|no_valid_location_points|requires_crosswalk_or_marine_review|timezone_not_normalized_to_utc
5341853,1147065,2003,2003-02-22T18:45:00,2003-02-23T20:00:00,EST,25.25,54,,Z,015,KANAWHA,0,0,0,0,250000,,,0,,0,1,begin_coordinates_missing_or_invalid|damage_crops_missing|end_coordinates_missing_or_invalid|no_valid_location_points|requires_crosswalk_or_marine_review|timezone_not_normalized_to_utc
5341854,1147065,2003,2003-02-22T18:45:00,2003-02-23T20:00:00,EST,25.25,54,,Z,030,LEWIS,0,0,0,0,,,,0,,0,1,begin_coordinates_missing_or_invalid|damage_crops_missing|damage_property_missing|end_coordinates_missing_or_invalid|no_valid_location_points|requires_crosswalk_or_marine_review|timezone_not_normalized_to_utc
5341855,1147065,2003,2003-02-22T18:45:00,2003-02-23T20:00:00,EST,25.25,54,,Z,013,LINCOLN,0,0,0,0,,,,0,,0,1,begin_coordinates_missing_or_invalid|damage_crops_missing|damage_property_missing|end_coordinates_missing_or_invalid|no_valid_location_points|requires_crosswalk_or_marine_review|timezone_not_normalized_to_utc
5341856,1147065,2003,2003-02-22T18:45:00,2003-02-23T20:00:00,EST,25.25,54,,Z,025,LOGAN,0,0,0,0,,,,0,,0,1,begin_coordinates_missing_or_invalid|damage_crops_missing|damage_property_missing|end_coordinates_missing_or_invalid|no_valid_location_points|requires_crosswalk_or_marine_review|timezone_not_normalized_to_utc
5341857,1147065,2003,2003-02-22T18:45:00,2003-02-23T20:00:00,EST,25.25,54,,Z,033,MCDOWELL,0,0,0,0,,,,0,,0,1,begin_coordinates_missing_or_invalid|damage_crops_missing|damage_property_missing|end_coordinates_missing_or_invalid|no_valid_location_points|requires_crosswalk_or_marine_review|timezone_not_normalized_to_utc
5341858,1147065,2003,2003-02-22T18:45:00,2003-02-23T20:00:00,EST,25.25,54,,Z,024,MINGO,0,0,0,0,,,,0,,0,1,begin_coordinates_missing_or_invalid|damage_crops_missing|damage_property_missing|end_coordinates_missing_or_invalid|no_valid_location_points|requires_crosswalk_or_marine_review|timezone_not_normalized_to_utc
5341859,1147065,2003,2003-02-22T18:45:00,2003-02-23T20:00:00,EST,25.25,54,,Z,010,PLEASANTS,0,0,0,0,,,,0,,0,1,begin_coordinates_missing_or_invalid|damage_crops_missing|damage_property_missing|end_coordinates_missing_or_invalid|no_valid_location_points|requires_crosswalk_or_marine_review|timezone_not_normalized_to_utc
5341860,1147065,2003,2003-02-22T18:45:00,2003-02-23T20:00:00,EST,25.25,54,,Z,035,RALEIGH,0,0,0,0,,,,0,,0,1,begin_coordinates_missing_or_invalid|damage_crops_missing|damage_property_missing|end_coordinates_missing_or_invalid|no_valid_location_points|requires_crosswalk_or_marine_review|timezone_not_normalized_to_utc
5341861,1147065,2003,2003-02-22T18:45:00,2003-02-23T20:00:00,EST,25.25,54,,Z,019,RITCHIE,0,0,0,0,,,,0,,0,1,begin_coordinates_missing_or_invalid|damage_crops_missing|damage_property_missing|end_coordinates_missing_or_invalid|no_valid_location_points|requires_crosswalk_or_marine_review|timezone_not_normalized_to_utc
5341862,1147065,2003,2003-02-22T18:45:00,2003-02-23T20:00:00,EST,25.25,54,,Z,016,ROANE,0,0,0,0,,,,0,,0,1,begin_coordinates_missing_or_invalid|damage_crops_missing|damage_property_missing|end_coordinates_missing_or_invalid|no_valid_location_points|requires_crosswalk_or_marine_review|timezone_not_normalized_to_utc
5341863,1147065,2003,2003-02-22T18:45:00,2003-02-23T20:00:00,EST,25.25,54,,Z,011,TYLER,0,0,0,0,,,,0,,0,1,begin_coordinates_missing_or_invalid|damage_crops_missing|damage_property_missing|end_coordinates_missing_or_invalid|no_valid_location_points|requires_crosswalk_or_marine_review|timezone_not_normalized_to_utc
5341864,1147065,2003,2003-02-22T18:45:00,2003-02-23T20:00:00,EST,25.25,54,,Z,039,UPSHUR,0,0,0,0,,,,0,,0,1,begin_coordinates_missing_or_invalid|damage_crops_missing|damage_property_missing|end_coordinates_missing_or_invalid|no_valid_location_points|requires_crosswalk_or_marine_review|timezone_not_normalized_to_utc
5341909,1146912,2003,2003-02-23T04:00:00,2003-02-28T23:59:00,CST,139.98333333333332,18,,Z,081,GIBSON,0,0,0,0,,,,0,,0,1,begin_coordinates_missing_or_invalid|damage_crops_missing|damage_property_missing|end_coordinates_missing_or_invalid|no_valid_location_points|requires_crosswalk_or_marine_review|timezone_not_normalized_to_utc
5341910,1146912,2003,2003-02-23T04:00:00,2003-02-28T23:59:00,CST,139.98333333333332,18,,Z,082,PIKE,0,0,0,0,,,,0,,0,1,begin_coordinates_missing_or_invalid|damage_crops_missing|damage_property_missing|end_coordinates_missing_or_invalid|no_valid_location_points|requires_crosswalk_or_marine_review|timezone_not_normalized_to_utc
5341911,1146913,2003,2003-02-19T18:00:00,2003-02-28T23:59:00,CST,221.98333333333332,21,,Z,004,BALLARD,0,0,0,0,,,,0,,0,1,begin_coordinates_missing_or_invalid|damage_crops_missing|damage_property_missing|end_coordinates_missing_or_invalid|no_valid_location_points|requires_crosswalk_or_marine_review|timezone_not_normalized_to_utc
5341912,1146913,2003,2003-02-19T18:00:00,2003-02-28T23:59:00,CST,221.98333333333332,21,,Z,010,CRITTENDEN,0,0,0,0,,,,0,,0,1,begin_coordinates_missing_or_invalid|damage_crops_missing|damage_property_missing|end_coordinates_missing_or_invalid|no_valid_location_points|requires_crosswalk_or_marine_review|timezone_not_normalized_to_utc
5341913,1146913,2003,2003-02-19T18:00:00,2003-02-28T23:59:00,CST,221.98333333333332,21,,Z,018,HENDERSON,0,0,0,0,,,,0,,0,1,begin_coordinates_missing_or_invalid|damage_crops_missing|damage_property_missing|end_coordinates_missing_or_invalid|no_valid_location_points|requires_crosswalk_or_marine_review|timezone_not_normalized_to_utc
5341914,1146913,2003,2003-02-19T18:00:00,2003-02-28T23:59:00,CST,221.98333333333332,21,,Z,007,LIVINGSTON,0,0,0,0,,,,0,,0,1,begin_coordinates_missing_or_invalid|damage_crops_missing|damage_property_missing|end_coordinates_missing_or_invalid|no_valid_location_points|requires_crosswalk_or_marine_review|timezone_not_normalized_to_utc
5341915,1146913,2003,2003-02-19T18:00:00,2003-02-28T23:59:00,CST,221.98333333333332,21,,Z,005,MCCRACKEN,0,0,0,0,,,,0,,0,1,begin_coordinates_missing_or_invalid|damage_crops_missing|damage_property_missing|end_coordinates_missing_or_invalid|no_valid_location_points|requires_crosswalk_or_marine_review|timezone_not_normalized_to_utc
5341916,1146913,2003,2003-02-19T18:00:00,2003-02-28T23:59:00,CST,221.98333333333332,21,,Z,014,UNION,0,0,0,0,,,,0,,0,1,begin_coordinates_missing_or_invalid|damage_crops_missing|damage_property_missing|end_coordinates_missing_or_invalid|no_valid_location_points|requires_crosswalk_or_marine_review|timezone_not_normalized_to_utc
5341917,1146914,2003,2003-02-18T13:00:00,2003-02-28T23:59:00,CST,250.98333333333332,17,,Z,092,ALEXANDER,0,0,0,0,,,,0,,0,1,begin_coordinates_missing_or_invalid|damage_crops_missing|damage_property_missing|end_coordinates_missing_or_invalid|no_valid_location_points|requires_crosswalk_or_marine_review|timezone_not_normalized_to_utc
5341918,1146914,2003,2003-02-18T13:00:00,2003-02-28T23:59:00,CST,250.98333333333332,17,,Z,087,GALLATIN,0,0,0,0,,,,0,,0,1,begin_coordinates_missing_or_invalid|damage_crops_missing|damage_property_missing|end_coordinates_missing_or_invalid|no_valid_location_points|requires_crosswalk_or_marine_review|timezone_not_normalized_to_utc
5341919,1146914,2003,2003-02-18T13:00:00,2003-02-28T23:59:00,CST,250.98333333333332,17,,Z,091,HARDIN,0,0,0,0,,,,0,,0,1,begin_coordinates_missing_or_invalid|damage_crops_missing|damage_property_missing|end_coordinates_missing_or_invalid|no_valid_location_points|requires_crosswalk_or_marine_review|timezone_not_normalized_to_utc
5341920,1146914,2003,2003-02-18T13:00:00,2003-02-28T23:59:00,CST,250.98333333333332,17,,Z,094,MASSAC,0,0,0,0,,,,0,,0,1,begin_coordinates_missing_or_invalid|damage_crops_missing|damage_property_missing|end_coordinates_missing_or_invalid|no_valid_location_points|requires_crosswalk_or_marine_review|timezone_not_normalized_to_utc
5341921,1146914,2003,2003-02-18T13:00:00,2003-02-28T23:59:00,CST,250.98333333333332,17,,Z,090,POPE,0,0,0,0,,,,0,,0,1,begin_coordinates_missing_or_invalid|damage_crops_missing|damage_property_missing|end_coordinates_missing_or_invalid|no_valid_location_points|requires_crosswalk_or_marine_review|timezone_not_normalized_to_utc
5341922,1146914,2003,2003-02-18T13:00:00,2003-02-28T23:59:00,CST,250.98333333333332,17,,Z,093,PULASKI,0,0,0,0,,,,0,,0,1,begin_coordinates_missing_or_invalid|damage_crops_missing|damage_property_missing|end_coordinates_missing_or_invalid|no_valid_location_points|requires_crosswalk_or_marine_review|timezone_not_normalized_to_utc
5341923,1146915,2003,2003-02-19T12:00:00,2003-02-28T23:59:00,CST,227.98333333333332,18,,Z,085,POSEY,0,0,0,0,,,,0,,0,1,begin_coordinates_missing_or_invalid|damage_crops_missing|damage_property_missing|end_coordinates_missing_or_invalid|no_valid_location_points|requires_crosswalk_or_marine_review|timezone_not_normalized_to_utc
5341924,1146915,2003,2003-02-19T12:00:00,2003-02-28T23:59:00,CST,227.98333333333332,18,,Z,088,SPENCER,0,0,0,0,,,,0,,0,1,begin_coordinates_missing_or_invalid|damage_crops_missing|damage_property_missing|end_coordinates_missing_or_invalid|no_valid_location_points|requires_crosswalk_or_marine_review|timezone_not_normalized_to_utc
5341925,1146915,2003,2003-02-19T12:00:00,2003-02-28T23:59:00,CST,227.98333333333332,18,,Z,087,WARRICK,0,0,0,0,,,,0,,0,1,begin_coordinates_missing_or_invalid|damage_crops_missing|damage_property_missing|end_coordinates_missing_or_invalid|no_valid_location_points|requires_crosswalk_or_marine_review|timezone_not_normalized_to_utc
5341926,1146916,2003,2003-02-15T14:00:00,2003-02-28T23:59:00,CST,321.98333333333335,21,,Z,019,DAVIESS,0,0,0,0,,,,0,,0,1,begin_coordinates_missing_or_invalid|damage_crops_missing|damage_property_missing|end_coordinates_missing_or_invalid|no_valid_location_points|requires_crosswalk_or_marine_review|timezone_not_normalized_to_utc
5341928,1147011,2003,2003-02-22T14:40:00,2003-02-22T15:40:00,EST,1.0,39,,Z,081,ADAMS,0,0,0,0,,,,0,,0,1,begin_coordinates_missing_or_invalid|damage_crops_missing|damage_property_missing|end_coordinates_missing_or_invalid|no_valid_location_points|requires_crosswalk_or_marine_review|timezone_not_normalized_to_utc
5341969,1147065,2003,2003-02-22T18:45:00,2003-02-23T20:00:00,EST,25.25,54,,Z,017,WIRT,0,0,0,0,,,,0,,0,1,begin_coordinates_missing_or_invalid|damage_crops_missing|damage_property_missing|end_coordinates_missing_or_invalid|no_valid_location_points|requires_crosswalk_or_marine_review|timezone_not_normalized_to_utc
5341970,1147065,2003,2003-02-22T18:45:00,2003-02-23T20:00:00,EST,25.25,54,,Z,009,WOOD,0,0,0,0,,,,0,,0,1,begin_coordinates_missing_or_invalid|damage_crops_missing|damage_property_missing|end_coordinates_missing_or_invalid|no_valid_location_points|requires_crosswalk_or_marine_review|timezone_not_normalized_to_utc
5341971,1147065,2003,2003-02-22T18:45:00,2003-02-23T20:00:00,EST,25.25,54,,Z,034,WYOMING,0,0,0,0,,,,0,,0,1,begin_coordinates_missing_or_invalid|damage_crops_missing|damage_property_missing|end_coordinates_missing_or_invalid|no_valid_location_points|requires_crosswalk_or_marine_review|timezone_not_normalized_to_utc
5342012,1147011,2003,2003-02-22T14:40:00,2003-02-22T15:40:00,EST,1.0,39,,Z,088,SCIOTO,0,0,0,0,,,,0,,0,1,begin_coordinates_missing_or_invalid|damage_crops_missing|damage_property_missing|end_coordinates_missing_or_invalid|no_valid_location_points|requires_crosswalk_or_marine_review|timezone_not_normalized_to_utc
5342013,1147011,2003,2003-02-22T14:30:00,2003-02-22T15:30:00,EST,1.0,39,,Z,078,CLERMONT,0,0,0,0,,,,0,,0,1,begin_coordinates_missing_or_invalid|damage_crops_missing|damage_property_missing|end_coordinates_missing_or_invalid|no_valid_location_points|requires_crosswalk_or_marine_review|timezone_not_normalized_to_utc
5342014,1147011,2003,2003-02-22T16:30:00,2003-02-22T16:50:00,EST,0.3333333333333333,39,,Z,082,PIKE,0,0,0,0,,,,0,,0,1,begin_coordinates_missing_or_invalid|damage_crops_missing|damage_property_missing|end_coordinates_missing_or_invalid|no_valid_location_points|requires_crosswalk_or_marine_review|timezone_not_normalized_to_utc
5342015,1147012,2003,2003-02-22T14:25:00,2003-02-22T15:30:00,EST,1.0833333333333333,21,,Z,099,MASON,0,0,0,0,,,,0,,0,1,begin_coordinates_missing_or_invalid|damage_crops_missing|damage_property_missing|end_coordinates_missing_or_invalid|no_valid_location_points|requires_crosswalk_or_marine_review|timezone_not_normalized_to_utc
5342016,1147012,2003,2003-02-22T14:25:00,2003-02-22T15:30:00,EST,1.0833333333333333,21,,Z,100,LEWIS,0,0,0,0,,,,0,,0,1,begin_coordinates_missing_or_invalid|damage_crops_missing|damage_property_missing|end_coordinates_missing_or_invalid|no_valid_location_points|requires_crosswalk_or_marine_review|timezone_not_normalized_to_utc
5342017,1147012,2003,2003-02-22T13:40:00,2003-02-22T15:00:00,EST,1.3333333333333333,21,,Z,096,PENDLETON,0,0,0,0,,,,0,,0,1,begin_coordinates_missing_or_invalid|damage_crops_missing|damage_property_missing|end_coordinates_missing_or_invalid|no_valid_location_points|requires_crosswalk_or_marine_review|timezone_not_normalized_to_utc
5342018,1147012,2003,2003-02-22T14:30:00,2003-02-22T15:30:00,EST,1.0,21,,Z,090,GALLATIN,0,0,0,0,,,,0,,0,1,begin_coordinates_missing_or_invalid|damage_crops_missing|damage_property_missing|end_coordinates_missing_or_invalid|no_valid_location_points|requires_crosswalk_or_marine_review|timezone_not_normalized_to_utc
5342020,1147056,2003,2003-02-15T19:00:00,2003-02-17T12:00:00,EST,41.0,54,,Z,026,BOONE,0,0,0,0,500000,,,0,,0,1,begin_coordinates_missing_or_invalid|damage_crops_missing|end_coordinates_missing_or_invalid|no_valid_location_points|requires_crosswalk_or_marine_review|timezone_not_normalized_to_utc
5342021,1147056,2003,2003-02-15T19:00:00,2003-02-17T12:00:00,EST,41.0,54,,Z,006,CABELL,0,0,0,0,1000000,,,0,,0,1,begin_coordinates_missing_or_invalid|damage_crops_missing|end_coordinates_missing_or_invalid|no_valid_location_points|requires_crosswalk_or_marine_review|timezone_not_normalized_to_utc
5342022,1147056,2003,2003-02-15T19:00:00,2003-02-17T12:00:00,EST,41.0,54,,Z,015,KANAWHA,0,0,1,0,500000,,,1,,0,1,begin_coordinates_missing_or_invalid|damage_crops_missing|end_coordinates_missing_or_invalid|no_valid_location_points|requires_crosswalk_or_marine_review|timezone_not_normalized_to_utc
5342023,1147056,2003,2003-02-15T19:00:00,2003-02-17T12:00:00,EST,41.0,54,,Z,013,LINCOLN,0,0,1,0,2500000.0,,,1,,0,1,begin_coordinates_missing_or_invalid|damage_crops_missing|end_coordinates_missing_or_invalid|no_valid_location_points|requires_crosswalk_or_marine_review|timezone_not_normalized_to_utc
5342024,1147056,2003,2003-02-15T19:00:00,2003-02-17T12:00:00,EST,41.0,54,,Z,025,LOGAN,0,0,0,0,400000,,,0,,0,1,begin_coordinates_missing_or_invalid|damage_crops_missing|end_coordinates_missing_or_invalid|no_valid_location_points|requires_crosswalk_or_marine_review|timezone_not_normalized_to_utc
5342025,1147056,2003,2003-02-15T19:00:00,2003-02-17T12:00:00,EST,41.0,54,,Z,033,MCDOWELL,0,0,0,0,200000,,,0,,0,1,begin_coordinates_missing_or_invalid|damage_crops_missing|end_coordinates_missing_or_invalid|no_valid_location_points|requires_crosswalk_or_marine_review|timezone_not_normalized_to_utc
5342026,1147056,2003,2003-02-15T19:00:00,2003-02-17T12:00:00,EST,41.0,54,,Z,024,MINGO,0,0,0,0,300000,,,0,,0,1,begin_coordinates_missing_or_invalid|damage_crops_missing|end_coordinates_missing_or_invalid|no_valid_location_points|requires_crosswalk_or_marine_review|timezone_not_normalized_to_utc
5342027,1147056,2003,2003-02-15T19:00:00,2003-02-17T12:00:00,EST,41.0,54,,Z,014,PUTNAM,0,0,0,0,300000,,,0,,0,1,begin_coordinates_missing_or_invalid|damage_crops_missing|end_coordinates_missing_or_invalid|no_valid_location_points|requires_crosswalk_or_marine_review|timezone_not_normalized_to_utc
5342028,1147056,2003,2003-02-15T19:00:00,2003-02-17T12:00:00,EST,41.0,54,,Z,035,RALEIGH,0,0,0,0,100000,,,0,,0,1,begin_coordinates_missing_or_invalid|damage_crops_missing|end_coordinates_missing_or_invalid|no_valid_location_points|requires_crosswalk_or_marine_review|timezone_not_normalized_to_utc
5342029,1147056,2003,2003-02-15T19:00:00,2003-02-17T12:00:00,EST,41.0,54,,Z,005,WAYNE,0,0,0,0,2500000.0,,,0,,0,1,begin_coordinates_missing_or_invalid|damage_crops_missing|end_coordinates_missing_or_invalid|no_valid_location_points|requires_crosswalk_or_marine_review|timezone_not_normalized_to_utc
5342030,1147056,2003,2003-02-15T19:00:00,2003-02-17T12:00:00,EST,41.0,54,,Z,034,WYOMING,0,0,0,0,300000,,,0,,0,1,begin_coordinates_missing_or_invalid|damage_crops_missing|end_coordinates_missing_or_invalid|no_valid_location_points|requires_crosswalk_or_marine_review|timezone_not_normalized_to_utc
5342044,1147060,2003,2003-02-15T23:00:00,2003-02-17T15:00:00,EST,40.0,21,,Z,103,BOYD,0,0,0,0,150000,,,0,,0,1,begin_coordinates_missing_or_invalid|damage_crops_missing|end_coordinates_missing_or_invalid|no_valid_location_points|requires_crosswalk_or_marine_review|timezone_not_normalized_to_utc
5342047,1146933,2003,2003-01-01T21:26:00,2003-01-04T22:38:00,EST,73.2,34,,Z,010,SOMERSET,0,0,0,0,,,,0,,0,1,begin_coordinates_missing_or_invalid|damage_crops_missing|damage_property_missing|end_coordinates_missing_or_invalid|no_valid_location_points|requires_crosswalk_or_marine_review|timezone_not_normalized_to_utc
5342241,1147464,2003,2003-02-22T08:00:00,2003-02-23T06:00:00,EST,22.0,24,,Z,011,SOUTHERN BALTIMORE,0,0,0,0,,,,0,,0,1,begin_coordinates_missing_or_invalid|damage_crops_missing|damage_property_missing|end_coordinates_missing_or_invalid|no_valid_location_points|requires_crosswalk_or_marine_review|timezone_not_normalized_to_utc
5342242,1147464,2003,2003-02-22T08:00:00,2003-02-23T06:00:00,EST,22.0,24,,Z,007,HARFORD,0,0,0,0,,,,0,,0,1,begin_coordinates_missing_or_invalid|damage_crops_missing|damage_property_missing|end_coordinates_missing_or_invalid|no_valid_location_points|requires_crosswalk_or_marine_review|timezone_not_normalized_to_utc
5342243,1147464,2003,2003-02-22T08:00:00,2003-02-23T06:00:00,EST,22.0,24,,Z,010,HOWARD,0,0,0,0,,,,0,,0,1,begin_coordinates_missing_or_invalid|damage_crops_missing|damage_property_missing|end_coordinates_missing_or_invalid|no_valid_location_points|requires_crosswalk_or_marine_review|timezone_not_normalized_to_utc
5342244,1147464,2003,2003-02-22T08:00:00,2003-02-23T06:00:00,EST,22.0,24,,Z,009,MONTGOMERY,0,0,0,0,,,,0,,0,1,begin_coordinates_missing_or_invalid|damage_crops_missing|damage_property_missing|end_coordinates_missing_or_invalid|no_valid_location_points|requires_crosswalk_or_marine_review|timezone_not_normalized_to_utc
5342245,1147464,2003,2003-02-22T08:00:00,2003-02-23T06:00:00,EST,22.0,24,,Z,013,PRINCE GEORGES,0,0,0,0,,,,0,,0,1,begin_coordinates_missing_or_invalid|damage_crops_missing|damage_property_missing|end_coordinates_missing_or_invalid|no_valid_location_points|requires_crosswalk_or_marine_review|timezone_not_normalized_to_utc
5342246,1147464,2003,2003-02-22T08:00:00,2003-02-23T06:00:00,EST,22.0,24,,Z,014,ANNE ARUNDEL,0,0,0,0,,,,0,,0,1,begin_coordinates_missing_or_invalid|damage_crops_missing|damage_property_missing|end_coordinates_missing_or_invalid|no_valid_location_points|requires_crosswalk_or_marine_review|timezone_not_normalized_to_utc
5342247,1147464,2003,2003-02-22T08:00:00,2003-02-23T06:00:00,EST,22.0,24,,Z,016,CHARLES,0,0,0,0,,,,0,,0,1,begin_coordinates_missing_or_invalid|damage_crops_missing|damage_property_missing|end_coordinates_missing_or_invalid|no_valid_location_points|requires_crosswalk_or_marine_review|timezone_not_normalized_to_utc
5342262,1147466,2003,2003-02-24T11:00:00,2003-02-24T22:00:00,EST,11.0,24,,Z,004,FREDERICK,0,0,0,0,,,,0,,0,1,begin_coordinates_missing_or_invalid|damage_crops_missing|damage_property_missing|end_coordinates_missing_or_invalid|no_valid_location_points|requires_crosswalk_or_marine_review|timezone_not_normalized_to_utc
5342263,1147466,2003,2003-02-24T11:00:00,2003-02-24T22:00:00,EST,11.0,24,,Z,009,MONTGOMERY,0,0,0,0,,,,0,,0,1,begin_coordinates_missing_or_invalid|damage_crops_missing|damage_property_missing|end_coordinates_missing_or_invalid|no_valid_location_points|requires_crosswalk_or_marine_review|timezone_not_normalized_to_utc
5342288,1147603,2003,2003-02-15T15:50:00,2003-02-15T18:00:00,CST,2.1666666666666665,47,,Z,062,RUTHERFORD,0,0,0,0,,,,0,,0,1,begin_coordinates_missing_or_invalid|damage_crops_missing|damage_property_missing|end_coordinates_missing_or_invalid|no_valid_location_points|requires_crosswalk_or_marine_review|timezone_not_normalized_to_utc
5342289,1147603,2003,2003-02-15T10:00:00,2003-02-15T15:00:00,CST,5.0,47,,Z,032,PUTNAM,0,0,0,0,,,,0,,0,1,begin_coordinates_missing_or_invalid|damage_crops_missing|damage_property_missing|end_coordinates_missing_or_invalid|no_valid_location_points|requires_crosswalk_or_marine_review|timezone_not_normalized_to_utc
5342290,1147603,2003,2003-02-15T10:00:00,2003-02-15T15:00:00,CST,5.0,47,,Z,028,WILSON,0,0,0,0,,,,0,,0,1,begin_coordinates_missing_or_invalid|damage_crops_missing|damage_property_missing|end_coordinates_missing_or_invalid|no_valid_location_points|requires_crosswalk_or_marine_review|timezone_not_normalized_to_utc
5342291,1147603,2003,2003-02-16T08:00:00,2003-02-17T08:00:00,CST,24.0,47,,Z,095,GILES,0,0,2,0,,,,2,,0,1,begin_coordinates_missing_or_invalid|damage_crops_missing|damage_property_missing|end_coordinates_missing_or_invalid|no_valid_location_points|requires_crosswalk_or_marine_review|timezone_not_normalized_to_utc
5342292,1147603,2003,2003-02-15T13:00:00,2003-02-15T15:00:00,CST,2.0,47,,Z,033,OVERTON,0,0,0,0,,,,0,,0,1,begin_coordinates_missing_or_invalid|damage_crops_missing|damage_property_missing|end_coordinates_missing_or_invalid|no_valid_location_points|requires_crosswalk_or_marine_review|timezone_not_normalized_to_utc
5342293,1147603,2003,2003-02-15T11:05:00,2003-02-15T15:00:00,CST,3.9166666666666665,47,,Z,032,PUTNAM,0,0,0,0,,,,0,,0,1,begin_coordinates_missing_or_invalid|damage_crops_missing|damage_property_missing|end_coordinates_missing_or_invalid|no_valid_location_points|requires_crosswalk_or_marine_review|timezone_not_normalized_to_utc
5342294,1147603,2003,2003-02-15T11:00:00,2003-02-18T08:00:00,CST,69.0,47,,Z,061,MARSHALL,0,0,0,0,,,,0,,0,1,begin_coordinates_missing_or_invalid|damage_crops_missing|damage_property_missing|end_coordinates_missing_or_invalid|no_valid_location_points|requires_crosswalk_or_marine_review|timezone_not_normalized_to_utc
5342295,1147603,2003,2003-02-15T12:00:00,2003-02-18T08:00:00,CST,68.0,47,,Z,059,WILLIAMSON,0,0,0,0,,,,0,,0,1,begin_coordinates_missing_or_invalid|damage_crops_missing|damage_property_missing|end_coordinates_missing_or_invalid|no_valid_location_points|requires_crosswalk_or_marine_review|timezone_not_normalized_to_utc
5342296,1147603,2003,2003-02-15T12:00:00,2003-02-18T08:00:00,CST,68.0,47,,Z,060,MAURY,0,0,0,0,,,,0,,0,1,begin_coordinates_missing_or_invalid|damage_crops_missing|damage_property_missing|end_coordinates_missing_or_invalid|no_valid_location_points|requires_crosswalk_or_marine_review|timezone_not_normalized_to_utc
5342297,1147603,2003,2003-02-15T12:00:00,2003-02-18T08:00:00,CST,68.0,47,,Z,011,PICKETT,0,0,0,0,,,,0,,0,1,begin_coordinates_missing_or_invalid|damage_crops_missing|damage_property_missing|end_coordinates_missing_or_invalid|no_valid_location_points|requires_crosswalk_or_marine_review|timezone_not_normalized_to_utc
5342298,1147603,2003,2003-02-15T12:00:00,2003-02-18T08:00:00,CST,68.0,47,,Z,065,WHITE,0,0,0,0,,,,0,,0,1,begin_coordinates_missing_or_invalid|damage_crops_missing|damage_property_missing|end_coordinates_missing_or_invalid|no_valid_location_points|requires_crosswalk_or_marine_review|timezone_not_normalized_to_utc
5342299,1147603,2003,2003-02-15T12:00:00,2003-02-18T08:00:00,CST,68.0,47,,Z,075,BEDFORD,0,0,0,0,,,,0,,0,1,begin_coordinates_missing_or_invalid|damage_crops_missing|damage_property_missing|end_coordinates_missing_or_invalid|no_valid_location_points|requires_crosswalk_or_marine_review|timezone_not_normalized_to_utc
5342300,1147603,2003,2003-02-15T12:00:00,2003-02-18T08:00:00,CST,68.0,47,,Z,034,FENTRESS,0,0,0,0,,,,0,,0,1,begin_coordinates_missing_or_invalid|damage_crops_missing|damage_property_missing|end_coordinates_missing_or_invalid|no_valid_location_points|requires_crosswalk_or_marine_review|timezone_not_normalized_to_utc
5342301,1147603,2003,2003-02-15T12:00:00,2003-02-18T08:00:00,CST,68.0,47,,Z,078,WARREN,0,0,0,0,,,,0,,0,1,begin_coordinates_missing_or_invalid|damage_crops_missing|damage_property_missing|end_coordinates_missing_or_invalid|no_valid_location_points|requires_crosswalk_or_marine_review|timezone_not_normalized_to_utc
5342375,1147470,2003,2003-02-22T08:00:00,2003-02-23T06:00:00,EST,22.0,54,,Z,052,BERKELEY,0,0,0,0,,,,0,,0,1,begin_coordinates_missing_or_invalid|damage_crops_missing|damage_property_missing|end_coordinates_missing_or_invalid|no_valid_location_points|requires_crosswalk_or_marine_review|timezone_not_normalized_to_utc
5342376,1147470,2003,2003-02-22T08:00:00,2003-02-23T06:00:00,EST,22.0,54,,Z,050,HAMPSHIRE,0,0,0,0,,,,0,,0,1,begin_coordinates_missing_or_invalid|damage_crops_missing|damage_property_missing|end_coordinates_missing_or_invalid|no_valid_location_points|requires_crosswalk_or_marine_review|timezone_not_normalized_to_utc
5342377,1147470,2003,2003-02-22T08:00:00,2003-02-23T06:00:00,EST,22.0,54,,Z,048,GRANT,0,0,0,0,,,,0,,0,1,begin_coordinates_missing_or_invalid|damage_crops_missing|damage_property_missing|end_coordinates_missing_or_invalid|no_valid_location_points|requires_crosswalk_or_marine_review|timezone_not_normalized_to_utc
5342378,1147470,2003,2003-02-22T08:00:00,2003-02-23T06:00:00,EST,22.0,54,,Z,055,HARDY,0,0,0,0,,,,0,,0,1,begin_coordinates_missing_or_invalid|damage_crops_missing|damage_property_missing|end_coordinates_missing_or_invalid|no_valid_location_points|requires_crosswalk_or_marine_review|timezone_not_normalized_to_utc
5342379,1147470,2003,2003-02-22T08:00:00,2003-02-23T06:00:00,EST,22.0,54,,Z,051,MORGAN,0,0,0,0,,,,0,,0,1,begin_coordinates_missing_or_invalid|damage_crops_missing|damage_property_missing|end_coordinates_missing_or_invalid|no_valid_location_points|requires_crosswalk_or_marine_review|timezone_not_normalized_to_utc
5342380,1147470,2003,2003-02-22T08:00:00,2003-02-23T06:00:00,EST,22.0,54,,Z,053,JEFFERSON,0,0,0,0,,,,0,,0,1,begin_coordinates_missing_or_invalid|damage_crops_missing|damage_property_missing|end_coordinates_missing_or_invalid|no_valid_location_points|requires_crosswalk_or_marine_review|timezone_not_normalized_to_utc
5342391,1147472,2003,2003-02-24T02:00:00,2003-02-24T04:00:00,EST,2.0,54,,Z,050,HAMPSHIRE,0,0,0,0,,,,0,,0,1,begin_coordinates_missing_or_invalid|damage_crops_missing|damage_property_missing|end_coordinates_missing_or_invalid|no_valid_location_points|requires_crosswalk_or_marine_review|timezone_not_normalized_to_utc
5342392,1147472,2003,2003-02-23T03:00:00,2003-02-23T14:00:00,EST,11.0,54,,Z,052,BERKELEY,0,0,0,0,,,,0,,0,1,begin_coordinates_missing_or_invalid|damage_crops_missing|damage_property_missing|end_coordinates_missing_or_invalid|no_valid_location_points|requires_crosswalk_or_marine_review|timezone_not_normalized_to_utc
5342403,1147476,2003,2003-02-22T08:00:00,2003-02-23T06:00:00,EST,22.0,11,,Z,001,DISTRICT OF COLUMBIA,0,0,0,0,,,,0,,0,1,begin_coordinates_missing_or_invalid|damage_crops_missing|damage_property_missing|end_coordinates_missing_or_invalid|no_valid_location_points|requires_crosswalk_or_marine_review|timezone_not_normalized_to_utc
5342410,1147610,2003,2003-02-01T00:00:00,2003-02-01T18:00:00,PST,18.0,16,,Z,004,CENTRAL PANHANDLE MOUNTAINS,0,0,0,0,20000,,,0,,0,1,begin_coordinates_missing_or_invalid|damage_crops_missing|end_coordinates_missing_or_invalid|no_valid_location_points|requires_crosswalk_or_marine_review|timezone_not_normalized_to_utc
5342411,1147610,2003,2003-02-01T00:00:00,2003-02-01T18:00:00,PST,18.0,16,,Z,003,IDAHO PALOUSE,0,0,0,0,10000,,,0,,0,1,begin_coordinates_missing_or_invalid|damage_crops_missing|end_coordinates_missing_or_invalid|no_valid_location_points|requires_crosswalk_or_marine_review|timezone_not_normalized_to_utc
5342412,1147611,2003,2003-02-01T00:00:00,2003-02-01T15:00:00,PST,15.0,53,,Z,033,WASHINGTON PALOUSE,0,0,0,0,10000,,,0,,0,1,begin_coordinates_missing_or_invalid|damage_crops_missing|end_coordinates_missing_or_invalid|no_valid_location_points|requires_crosswalk_or_marine_review|timezone_not_normalized_to_utc
5342658,1147639,2003,2003-02-24T00:00:00,2003-02-24T10:00:00,EST,10.0,42,,Z,029,WASHINGTON,0,0,0,0,,,,0,,0,1,begin_coordinates_missing_or_invalid|damage_crops_missing|damage_property_missing|end_coordinates_missing_or_invalid|no_valid_location_points|requires_crosswalk_or_marine_review|timezone_not_normalized_to_utc
5342709,1147490,2003,2003-02-12T09:43:00,2003-02-12T23:59:00,PST,14.266666666666667,06,,Z,095,KERN CTY MTNS,0,0,0,0,50000,,,0,,0,1,begin_coordinates_missing_or_invalid|damage_crops_missing|end_coordinates_missing_or_invalid|no_valid_location_points|requires_crosswalk_or_marine_review|timezone_not_normalized_to_utc
5342758,1148197,2003,2003-03-09T17:15:00,2003-03-19T05:00:00,EST,227.75,39,,Z,048,COSHOCTON,0,0,0,0,,,,0,,0,1,begin_coordinates_missing_or_invalid|damage_crops_missing|damage_property_missing|end_coordinates_missing_or_invalid|no_valid_location_points|requires_crosswalk_or_marine_review|timezone_not_normalized_to_utc
5342854,1147556,2003,2003-02-14T12:00:00,2003-02-17T18:00:00,EST,78.0,47,,Z,036,ANDERSON,0,0,0,0,58000,,,0,,0,1,begin_coordinates_missing_or_invalid|damage_crops_missing|end_coordinates_missing_or_invalid|no_valid_location_points|requires_crosswalk_or_marine_review|timezone_not_normalized_to_utc
5342855,1147556,2003,2003-02-14T12:00:00,2003-02-17T18:00:00,EST,78.0,47,,Z,082,BLEDSOE,0,0,0,0,0,,,0,,0,1,begin_coordinates_missing_or_invalid|damage_crops_missing|end_coordinates_missing_or_invalid|no_valid_location_points|requires_crosswalk_or_marine_review|timezone_not_normalized_to_utc
5342856,1147556,2003,2003-02-14T12:00:00,2003-02-17T18:00:00,EST,78.0,47,,Z,072,BLOUNT/SMOKY MOUNTAINS,0,0,0,0,0,,,0,,0,1,begin_coordinates_missing_or_invalid|damage_crops_missing|end_coordinates_missing_or_invalid|no_valid_location_points|requires_crosswalk_or_marine_review|timezone_not_normalized_to_utc
5342857,1147556,2003,2003-02-14T12:00:00,2003-02-17T18:00:00,EST,78.0,47,,Z,100,BRADLEY,0,0,0,0,0,,,0,,0,1,begin_coordinates_missing_or_invalid|damage_crops_missing|end_coordinates_missing_or_invalid|no_valid_location_points|requires_crosswalk_or_marine_review|timezone_not_normalized_to_utc
5342858,1147556,2003,2003-02-14T12:00:00,2003-02-17T18:00:00,EST,78.0,47,,Z,013,CAMPBELL,0,0,0,0,479000,,,0,,0,1,begin_coordinates_missing_or_invalid|damage_crops_missing|end_coordinates_missing_or_invalid|no_valid_location_points|requires_crosswalk_or_marine_review|timezone_not_normalized_to_utc
5342859,1147556,2003,2003-02-14T12:00:00,2003-02-17T18:00:00,EST,78.0,47,,Z,014,CLAIBORNE,0,0,0,0,866000,,,0,,0,1,begin_coordinates_missing_or_invalid|damage_crops_missing|end_coordinates_missing_or_invalid|no_valid_location_points|requires_crosswalk_or_marine_review|timezone_not_normalized_to_utc
5342860,1147556,2003,2003-02-14T12:00:00,2003-02-17T18:00:00,EST,78.0,47,,Z,041,COCKE/SMOKY MOUNTAINS,0,0,0,0,0,,,0,,0,1,begin_coordinates_missing_or_invalid|damage_crops_missing|end_coordinates_missing_or_invalid|no_valid_location_points|requires_crosswalk_or_marine_review|timezone_not_normalized_to_utc
5342861,1147556,2003,2003-02-14T12:00:00,2003-02-17T18:00:00,EST,78.0,47,,Z,102,EAST POLK,0,0,0,0,0,,,0,,0,1,begin_coordinates_missing_or_invalid|damage_crops_missing|end_coordinates_missing_or_invalid|no_valid_location_points|requires_crosswalk_or_marine_review|timezone_not_normalized_to_utc
5342862,1147556,2003,2003-02-14T12:00:00,2003-02-17T18:00:00,EST,78.0,47,,Z,038,GRAINGER,0,0,0,0,536000,,,0,,0,1,begin_coordinates_missing_or_invalid|damage_crops_missing|end_coordinates_missing_or_invalid|no_valid_location_points|requires_crosswalk_or_marine_review|timezone_not_normalized_to_utc
5342863,1147556,2003,2003-02-14T12:00:00,2003-02-17T18:00:00,EST,78.0,47,,Z,039,HAMBLEN,0,0,0,0,0,,,0,,0,1,begin_coordinates_missing_or_invalid|damage_crops_missing|end_coordinates_missing_or_invalid|no_valid_location_points|requires_crosswalk_or_marine_review|timezone_not_normalized_to_utc
5342864,1147556,2003,2003-02-14T12:00:00,2003-02-17T18:00:00,EST,78.0,47,,Z,099,HAMILTON,0,0,0,0,413000,,,0,,0,1,begin_coordinates_missing_or_invalid|damage_crops_missing|end_coordinates_missing_or_invalid|no_valid_location_points|requires_crosswalk_or_marine_review|timezone_not_normalized_to_utc
5342865,1147556,2003,2003-02-14T12:00:00,2003-02-17T18:00:00,EST,78.0,47,,Z,015,HANCOCK,0,0,0,0,248000,,,0,,0,1,begin_coordinates_missing_or_invalid|damage_crops_missing|end_coordinates_missing_or_invalid|no_valid_location_points|requires_crosswalk_or_marine_review|timezone_not_normalized_to_utc
5342899,1147458,2003,2003-02-22T08:00:00,2003-02-23T06:00:00,EST,22.0,51,,Z,021,HIGHLAND,0,0,0,0,,,,0,,0,1,begin_coordinates_missing_or_invalid|damage_crops_missing|damage_property_missing|end_coordinates_missing_or_invalid|no_valid_location_points|requires_crosswalk_or_marine_review|timezone_not_normalized_to_utc
5342900,1147458,2003,2003-02-22T08:00:00,2003-02-23T06:00:00,EST,22.0,51,,Z,025,AUGUSTA,0,0,0,0,,,,0,,0,1,begin_coordinates_missing_or_invalid|damage_crops_missing|damage_property_missing|end_coordinates_missing_or_invalid|no_valid_location_points|requires_crosswalk_or_marine_review|timezone_not_normalized_to_utc
5342901,1147458,2003,2003-02-22T08:00:00,2003-02-23T06:00:00,EST,22.0,51,,Z,026,ROCKINGHAM,0,0,0,0,,,,0,,0,1,begin_coordinates_missing_or_invalid|damage_crops_missing|damage_property_missing|end_coordinates_missing_or_invalid|no_valid_location_points|requires_crosswalk_or_marine_review|timezone_not_normalized_to_utc
5342902,1147458,2003,2003-02-22T08:00:00,2003-02-23T06:00:00,EST,22.0,51,,Z,036,NELSON,0,0,0,0,,,,0,,0,1,begin_coordinates_missing_or_invalid|damage_crops_missing|damage_property_missing|end_coordinates_missing_or_invalid|no_valid_location_points|requires_crosswalk_or_marine_review|timezone_not_normalized_to_utc
5342903,1147458,2003,2003-02-22T08:00:00,2003-02-23T06:00:00,EST,22.0,51,,Z,037,ALBEMARLE,0,0,0,0,,,,0,,0,1,begin_coordinates_missing_or_invalid|damage_crops_missing|damage_property_missing|end_coordinates_missing_or_invalid|no_valid_location_points|requires_crosswalk_or_marine_review|timezone_not_normalized_to_utc
5342904,1147458,2003,2003-02-22T08:00:00,2003-02-23T06:00:00,EST,22.0,51,,Z,038,GREENE,0,0,0,0,,,,0,,0,1,begin_coordinates_missing_or_invalid|damage_crops_missing|damage_property_missing|end_coordinates_missing_or_invalid|no_valid_location_points|requires_crosswalk_or_marine_review|timezone_not_normalized_to_utc
5342905,1147458,2003,2003-02-22T08:00:00,2003-02-23T06:00:00,EST,22.0,51,,Z,050,ORANGE,0,0,0,0,,,,0,,0,1,begin_coordinates_missing_or_invalid|damage_crops_missing|damage_property_missing|end_coordinates_missing_or_invalid|no_valid_location_points|requires_crosswalk_or_marine_review|timezone_not_normalized_to_utc
5342906,1147458,2003,2003-02-22T08:00:00,2003-02-23T06:00:00,EST,22.0,51,,Z,039,MADISON,0,0,0,0,,,,0,,0,1,begin_coordinates_missing_or_invalid|damage_crops_missing|damage_property_missing|end_coordinates_missing_or_invalid|no_valid_location_points|requires_crosswalk_or_marine_review|timezone_not_normalized_to_utc
5342907,1147458,2003,2003-02-22T08:00:00,2003-02-23T06:00:00,EST,22.0,51,,Z,056,SPOTSYLVANIA,0,0,0,0,,,,0,,0,1,begin_coordinates_missing_or_invalid|damage_crops_missing|damage_property_missing|end_coordinates_missing_or_invalid|no_valid_location_points|requires_crosswalk_or_marine_review|timezone_not_normalized_to_utc
5342908,1147458,2003,2003-02-22T08:00:00,2003-02-23T06:00:00,EST,22.0,51,,Z,055,STAFFORD,0,0,0,0,,,,0,,0,1,begin_coordinates_missing_or_invalid|damage_crops_missing|damage_property_missing|end_coordinates_missing_or_invalid|no_valid_location_points|requires_crosswalk_or_marine_review|timezone_not_normalized_to_utc
5342909,1147458,2003,2003-02-22T08:00:00,2003-02-23T06:00:00,EST,22.0,51,,Z,051,CULPEPER,0,0,0,0,,,,0,,0,1,begin_coordinates_missing_or_invalid|damage_crops_missing|damage_property_missing|end_coordinates_missing_or_invalid|no_valid_location_points|requires_crosswalk_or_marine_review|timezone_not_normalized_to_utc
5342910,1147458,2003,2003-02-22T08:00:00,2003-02-23T06:00:00,EST,22.0,51,,Z,029,PAGE,0,0,0,0,,,,0,,0,1,begin_coordinates_missing_or_invalid|damage_crops_missing|damage_property_missing|end_coordinates_missing_or_invalid|no_valid_location_points|requires_crosswalk_or_marine_review|timezone_not_normalized_to_utc
5342911,1147458,2003,2003-02-22T08:00:00,2003-02-23T06:00:00,EST,22.0,51,,Z,027,SHENANDOAH,0,0,0,0,,,,0,,0,1,begin_coordinates_missing_or_invalid|damage_crops_missing|damage_property_missing|end_coordinates_missing_or_invalid|no_valid_location_points|requires_crosswalk_or_marine_review|timezone_not_normalized_to_utc
5342912,1147458,2003,2003-02-22T08:00:00,2003-02-23T06:00:00,EST,22.0,51,,Z,028,FREDERICK,0,0,0,0,,,,0,,0,1,begin_coordinates_missing_or_invalid|damage_crops_missing|damage_property_missing|end_coordinates_missing_or_invalid|no_valid_location_points|requires_crosswalk_or_marine_review|timezone_not_normalized_to_utc
5342913,1147458,2003,2003-02-22T08:00:00,2003-02-23T06:00:00,EST,22.0,51,,Z,030,WARREN,0,0,0,0,,,,0,,0,1,begin_coordinates_missing_or_invalid|damage_crops_missing|damage_property_missing|end_coordinates_missing_or_invalid|no_valid_location_points|requires_crosswalk_or_marine_review|timezone_not_normalized_to_utc
5342914,1147458,2003,2003-02-22T08:00:00,2003-02-23T06:00:00,EST,22.0,51,,Z,041,FAUQUIER,0,0,0,0,,,,0,,0,1,begin_coordinates_missing_or_invalid|damage_crops_missing|damage_property_missing|end_coordinates_missing_or_invalid|no_valid_location_points|requires_crosswalk_or_marine_review|timezone_not_normalized_to_utc
5342915,1147458,2003,2003-02-22T08:00:00,2003-02-23T06:00:00,EST,22.0,51,,Z,042,LOUDOUN,0,0,0,0,,,,0,,0,1,begin_coordinates_missing_or_invalid|damage_crops_missing|damage_property_missing|end_coordinates_missing_or_invalid|no_valid_location_points|requires_crosswalk_or_marine_review|timezone_not_normalized_to_utc
5342916,1147458,2003,2003-02-22T08:00:00,2003-02-23T06:00:00,EST,22.0,51,,Z,052,PRINCE WILLIAM,0,0,0,0,,,,0,,0,1,begin_coordinates_missing_or_invalid|damage_crops_missing|damage_property_missing|end_coordinates_missing_or_invalid|no_valid_location_points|requires_crosswalk_or_marine_review|timezone_not_normalized_to_utc
5342917,1147587,2003,2003-02-21T12:00:00,2003-02-23T06:00:00,EST,42.0,47,,Z,086,NORTHWEST MONROE,0,0,0,0,,,,0,,0,1,begin_coordinates_missing_or_invalid|damage_crops_missing|damage_property_missing|end_coordinates_missing_or_invalid|no_valid_location_points|requires_crosswalk_or_marine_review|timezone_not_normalized_to_utc
5342918,1147587,2003,2003-02-21T12:00:00,2003-02-23T06:00:00,EST,42.0,47,,Z,083,RHEA,0,0,0,0,,,,0,,0,1,begin_coordinates_missing_or_invalid|damage_crops_missing|damage_property_missing|end_coordinates_missing_or_invalid|no_valid_location_points|requires_crosswalk_or_marine_review|timezone_not_normalized_to_utc
5342919,1147587,2003,2003-02-21T12:00:00,2003-02-23T06:00:00,EST,42.0,47,,Z,067,ROANE,0,0,0,0,,,,0,,0,1,begin_coordinates_missing_or_invalid|damage_crops_missing|damage_property_missing|end_coordinates_missing_or_invalid|no_valid_location_points|requires_crosswalk_or_marine_review|timezone_not_normalized_to_utc
5342920,1147587,2003,2003-02-21T12:00:00,2003-02-23T06:00:00,EST,42.0,47,,Z,012,SCOTT,0,0,0,0,,,,0,,0,1,begin_coordinates_missing_or_invalid|damage_crops_missing|damage_property_missing|end_coordinates_missing_or_invalid|no_valid_location_points|requires_crosswalk_or_marine_review|timezone_not_normalized_to_utc
5342974,1147410,2003,2003-02-17T09:00:00,2003-02-21T16:30:00,EST,103.5,21,,Z,035,FRANKLIN,0,0,0,0,,,,0,,0,1,begin_coordinates_missing_or_invalid|damage_crops_missing|damage_property_missing|end_coordinates_missing_or_invalid|no_valid_location_points|requires_crosswalk_or_marine_review|timezone_not_normalized_to_utc
5342975,1147411,2003,2003-02-17T13:00:00,2003-02-19T20:00:00,EST,55.0,21,,Z,045,NELSON,0,0,0,0,20000,,,0,,0,1,begin_coordinates_missing_or_invalid|damage_crops_missing|end_coordinates_missing_or_invalid|no_valid_location_points|requires_crosswalk_or_marine_review|timezone_not_normalized_to_utc
5342976,1147412,2003,2003-02-24T00:45:00,2003-02-24T11:30:00,EST,10.75,21,,Z,045,NELSON,0,0,0,0,,,,0,,0,1,begin_coordinates_missing_or_invalid|damage_crops_missing|damage_property_missing|end_coordinates_missing_or_invalid|no_valid_location_points|requires_crosswalk_or_marine_review|timezone_not_normalized_to_utc
5343019,1147587,2003,2003-02-21T11:00:00,2003-02-23T05:00:00,CST,42.0,47,,Z,081,SEQUATCHIE,0,0,0,0,,,,0,,0,1,begin_coordinates_missing_or_invalid|damage_crops_missing|damage_property_missing|end_coordinates_missing_or_invalid|no_valid_location_points|requires_crosswalk_or_marine_review|timezone_not_normalized_to_utc
5343020,1147587,2003,2003-02-21T12:00:00,2003-02-23T06:00:00,EST,42.0,47,,Z,074,SEVIER/SMOKY MOUNTAINS,0,0,0,0,,,,0,,0,1,begin_coordinates_missing_or_invalid|damage_crops_missing|damage_property_missing|end_coordinates_missing_or_invalid|no_valid_location_points|requires_crosswalk_or_marine_review|timezone_not_normalized_to_utc
5343021,1147587,2003,2003-02-21T12:00:00,2003-02-23T06:00:00,EST,42.0,47,,Z,047,SOUTHEAST CARTER,0,0,0,0,,,,0,,0,1,begin_coordinates_missing_or_invalid|damage_crops_missing|damage_property_missing|end_coordinates_missing_or_invalid|no_valid_location_points|requires_crosswalk_or_marine_review|timezone_not_normalized_to_utc
5343022,1147587,2003,2003-02-21T12:00:00,2003-02-23T06:00:00,EST,42.0,47,,Z,043,SOUTHEAST GREENE,0,0,0,0,,,,0,,0,1,begin_coordinates_missing_or_invalid|damage_crops_missing|damage_property_missing|end_coordinates_missing_or_invalid|no_valid_location_points|requires_crosswalk_or_marine_review|timezone_not_normalized_to_utc
5343023,1147587,2003,2003-02-21T12:00:00,2003-02-23T06:00:00,EST,42.0,47,,Z,087,SOUTHEAST MONROE,0,0,0,0,,,,0,,0,1,begin_coordinates_missing_or_invalid|damage_crops_missing|damage_property_missing|end_coordinates_missing_or_invalid|no_valid_location_points|requires_crosswalk_or_marine_review|timezone_not_normalized_to_utc
5343024,1147587,2003,2003-02-21T12:00:00,2003-02-23T06:00:00,EST,42.0,47,,Z,017,SULLIVAN,0,0,0,0,,,,0,,0,1,begin_coordinates_missing_or_invalid|damage_crops_missing|damage_property_missing|end_coordinates_missing_or_invalid|no_valid_location_points|requires_crosswalk_or_marine_review|timezone_not_normalized_to_utc
5343025,1147587,2003,2003-02-21T12:00:00,2003-02-23T06:00:00,EST,42.0,47,,Z,045,UNICOI,0,0,0,0,,,,0,,0,1,begin_coordinates_missing_or_invalid|damage_crops_missing|damage_property_missing|end_coordinates_missing_or_invalid|no_valid_location_points|requires_crosswalk_or_marine_review|timezone_not_normalized_to_utc
5343026,1147587,2003,2003-02-21T12:00:00,2003-02-23T06:00:00,EST,42.0,47,,Z,037,UNION,0,0,0,0,,,,0,,0,1,begin_coordinates_missing_or_invalid|damage_crops_missing|damage_property_missing|end_coordinates_missing_or_invalid|no_valid_location_points|requires_crosswalk_or_marine_review|timezone_not_normalized_to_utc
5343027,1147587,2003,2003-02-21T12:00:00,2003-02-23T06:00:00,EST,42.0,47,,Z,044,WASHINGTON,0,0,0,0,,,,0,,0,1,begin_coordinates_missing_or_invalid|damage_crops_missing|damage_property_missing|end_coordinates_missing_or_invalid|no_valid_location_points|requires_crosswalk_or_marine_review|timezone_not_normalized_to_utc
5343028,1147587,2003,2003-02-21T12:00:00,2003-02-23T06:00:00,EST,42.0,47,,Z,101,WEST POLK,0,0,0,0,,,,0,,0,1,begin_coordinates_missing_or_invalid|damage_crops_missing|damage_property_missing|end_coordinates_missing_or_invalid|no_valid_location_points|requires_crosswalk_or_marine_review|timezone_not_normalized_to_utc
5343029,1147588,2003,2003-02-21T12:00:00,2003-02-23T06:00:00,EST,42.0,51,,Z,001,LEE,0,0,0,0,,,,0,,0,1,begin_coordinates_missing_or_invalid|damage_crops_missing|damage_property_missing|end_coordinates_missing_or_invalid|no_valid_location_points|requires_crosswalk_or_marine_review|timezone_not_normalized_to_utc
5343030,1147588,2003,2003-02-21T12:00:00,2003-02-23T06:00:00,EST,42.0,51,,Z,006,RUSSELL,0,0,0,0,,,,0,,0,1,begin_coordinates_missing_or_invalid|damage_crops_missing|damage_property_missing|end_coordinates_missing_or_invalid|no_valid_location_points|requires_crosswalk_or_marine_review|timezone_not_normalized_to_utc
5343031,1147588,2003,2003-02-21T12:00:00,2003-02-23T06:00:00,EST,42.0,51,,Z,005,SCOTT,0,0,0,0,,,,0,,0,1,begin_coordinates_missing_or_invalid|damage_crops_missing|damage_property_missing|end_coordinates_missing_or_invalid|no_valid_location_points|requires_crosswalk_or_marine_review|timezone_not_normalized_to_utc
5343032,1147588,2003,2003-02-21T12:00:00,2003-02-23T06:00:00,EST,42.0,51,,Z,008,WASHINGTON / BRISTOL,0,0,0,0,,,,0,,0,1,begin_coordinates_missing_or_invalid|damage_crops_missing|damage_property_missing|end_coordinates_missing_or_invalid|no_valid_location_points|requires_crosswalk_or_marine_review|timezone_not_normalized_to_utc
5343033,1147588,2003,2003-02-21T12:00:00,2003-02-23T06:00:00,EST,42.0,51,,Z,002,WISE / NORTON,0,0,0,0,,,,0,,0,1,begin_coordinates_missing_or_invalid|damage_crops_missing|damage_property_missing|end_coordinates_missing_or_invalid|no_valid_location_points|requires_crosswalk_or_marine_review|timezone_not_normalized_to_utc
5343034,1147589,2003,2003-02-01T00:00:00,2003-02-02T00:00:00,MST,24.0,16,,Z,007,OROFINO / GRANGEVILLE REGION,0,0,0,0,,,,0,,0,1,begin_coordinates_missing_or_invalid|damage_crops_missing|damage_property_missing|end_coordinates_missing_or_invalid|no_valid_location_points|requires_crosswalk_or_marine_review|timezone_not_normalized_to_utc
5343035,1147589,2003,2003-02-01T00:00:00,2003-02-02T00:00:00,MST,24.0,16,,Z,005,NORTHERN CLEARWATER MOUNTAINS,0,0,0,0,,,,0,,0,1,begin_coordinates_missing_or_invalid|damage_crops_missing|damage_property_missing|end_coordinates_missing_or_invalid|no_valid_location_points|requires_crosswalk_or_marine_review|timezone_not_normalized_to_utc
5343098,1147413,2003,2003-02-17T01:00:00,2003-02-17T13:30:00,EST,12.5,21,,Z,071,WARREN,0,0,0,0,,,,0,,0,1,begin_coordinates_missing_or_invalid|damage_crops_missing|damage_property_missing|end_coordinates_missing_or_invalid|no_valid_location_points|requires_crosswalk_or_marine_review|timezone_not_normalized_to_utc
5343099,1147414,2003,2003-02-15T12:00:00,2003-02-18T10:00:00,EST,70.0,21,,Z,026,OHIO,0,0,0,0,,,,0,,0,1,begin_coordinates_missing_or_invalid|damage_crops_missing|damage_property_missing|end_coordinates_missing_or_invalid|no_valid_location_points|requires_crosswalk_or_marine_review|timezone_not_normalized_to_utc
5343100,1147415,2003,2003-02-22T20:00:00,2003-02-24T10:30:00,EST,38.5,21,,Z,026,OHIO,0,0,0,0,,,,0,,0,1,begin_coordinates_missing_or_invalid|damage_crops_missing|damage_property_missing|end_coordinates_missing_or_invalid|no_valid_location_points|requires_crosswalk_or_marine_review|timezone_not_normalized_to_utc
5343101,1147416,2003,2003-02-16T14:30:00,2003-02-18T19:30:00,EST,53.0,21,,Z,063,HART,0,0,0,0,,,,0,,0,1,begin_coordinates_missing_or_invalid|damage_crops_missing|damage_property_missing|end_coordinates_missing_or_invalid|no_valid_location_points|requires_crosswalk_or_marine_review|timezone_not_normalized_to_utc
5343102,1147417,2003,2003-02-16T17:00:00,2003-02-19T20:00:00,EST,75.0,21,,Z,062,EDMONSON,0,0,0,0,,,,0,,0,1,begin_coordinates_missing_or_invalid|damage_crops_missing|damage_property_missing|end_coordinates_missing_or_invalid|no_valid_location_points|requires_crosswalk_or_marine_review|timezone_not_normalized_to_utc
5343103,1147418,2003,2003-02-16T07:00:00,2003-02-25T13:00:00,EST,222.0,21,,Z,061,BUTLER,0,0,0,0,,,,0,,0,1,begin_coordinates_missing_or_invalid|damage_crops_missing|damage_property_missing|end_coordinates_missing_or_invalid|no_valid_location_points|requires_crosswalk_or_marine_review|timezone_not_normalized_to_utc
5343104,1147419,2003,2003-02-16T10:30:00,2003-02-28T02:00:00,EST,279.5,21,,Z,061,BUTLER,0,0,0,0,,,,0,,0,1,begin_coordinates_missing_or_invalid|damage_crops_missing|damage_property_missing|end_coordinates_missing_or_invalid|no_valid_location_points|requires_crosswalk_or_marine_review|timezone_not_normalized_to_utc
5343212,1147640,2003,2003-02-24T01:00:00,2003-02-24T11:00:00,EST,10.0,42,,Z,021,ALLEGHENY,0,0,0,0,,,,0,,0,1,begin_coordinates_missing_or_invalid|damage_crops_missing|damage_property_missing|end_coordinates_missing_or_invalid|no_valid_location_points|requires_crosswalk_or_marine_review|timezone_not_normalized_to_utc
5343281,1147437,2003,2003-02-15T22:16:00,2003-02-16T12:06:00,EST,13.833333333333334,51,,Z,007,TAZEWELL,0,0,0,0,100000,,,0,,0,1,begin_coordinates_missing_or_invalid|damage_crops_missing|end_coordinates_missing_or_invalid|no_valid_location_points|requires_crosswalk_or_marine_review|timezone_not_normalized_to_utc
5343282,1147437,2003,2003-02-16T05:48:00,2003-02-16T06:00:00,EST,0.2,51,,Z,009,SMYTH,0,0,0,0,75000,,,0,,0,1,begin_coordinates_missing_or_invalid|damage_crops_missing|end_coordinates_missing_or_invalid|no_valid_location_points|requires_crosswalk_or_marine_review|timezone_not_normalized_to_utc
5343283,1147438,2003,2003-02-22T12:45:00,2003-02-23T07:15:00,EST,18.5,51,,Z,022,ROANOKE,0,0,0,0,0,,,0,,0,1,begin_coordinates_missing_or_invalid|damage_crops_missing|end_coordinates_missing_or_invalid|no_valid_location_points|requires_crosswalk_or_marine_review|timezone_not_normalized_to_utc
5343284,1147438,2003,2003-02-22T15:45:00,2003-02-23T07:45:00,EST,16.0,51,,Z,045,CAMPBELL,0,0,0,0,0,,,0,,0,1,begin_coordinates_missing_or_invalid|damage_crops_missing|end_coordinates_missing_or_invalid|no_valid_location_points|requires_crosswalk_or_marine_review|timezone_not_normalized_to_utc
5343285,1147438,2003,2003-02-23T09:45:00,2003-02-23T20:15:00,EST,10.5,51,,Z,045,CAMPBELL,0,0,0,0,0,,,0,,0,1,begin_coordinates_missing_or_invalid|damage_crops_missing|end_coordinates_missing_or_invalid|no_valid_location_points|requires_crosswalk_or_marine_review|timezone_not_normalized_to_utc
5343286,1147438,2003,2003-02-22T17:30:00,2003-02-24T14:00:00,EST,44.5,51,,Z,045,CAMPBELL,0,0,0,0,0,,,0,,0,1,begin_coordinates_missing_or_invalid|damage_crops_missing|end_coordinates_missing_or_invalid|no_valid_location_points|requires_crosswalk_or_marine_review|timezone_not_normalized_to_utc
5343287,1147438,2003,2003-02-22T17:30:00,2003-02-24T14:00:00,EST,44.5,51,,Z,058,HALIFAX,0,0,0,0,0,,,0,,0,1,begin_coordinates_missing_or_invalid|damage_crops_missing|end_coordinates_missing_or_invalid|no_valid_location_points|requires_crosswalk_or_marine_review|timezone_not_normalized_to_utc
5343288,1147438,2003,2003-02-22T21:00:00,2003-02-26T20:15:00,EST,95.25,51,,Z,059,CHARLOTTE,0,0,0,0,0,,,0,,0,1,begin_coordinates_missing_or_invalid|damage_crops_missing|end_coordinates_missing_or_invalid|no_valid_location_points|requires_crosswalk_or_marine_review|timezone_not_normalized_to_utc
5343289,1147439,2003,2003-02-22T20:00:00,2003-02-24T05:30:00,EST,33.5,51,,Z,044,PITTSYLVANIA,0,0,0,0,0,,,0,,0,1,begin_coordinates_missing_or_invalid|damage_crops_missing|end_coordinates_missing_or_invalid|no_valid_location_points|requires_crosswalk_or_marine_review|timezone_not_normalized_to_utc
5343290,1147439,2003,2003-02-23T02:00:00,2003-02-25T17:30:00,EST,63.5,51,,Z,058,HALIFAX,0,0,0,0,0,,,0,,0,1,begin_coordinates_missing_or_invalid|damage_crops_missing|end_coordinates_missing_or_invalid|no_valid_location_points|requires_crosswalk_or_marine_review|timezone_not_normalized_to_utc
5343291,1147440,2003,2003-02-22T17:00:00,2003-02-22T21:45:00,EST,4.75,51,,Z,007,TAZEWELL,0,0,0,0,0,,,0,,0,1,begin_coordinates_missing_or_invalid|damage_crops_missing|end_coordinates_missing_or_invalid|no_valid_location_points|requires_crosswalk_or_marine_review|timezone_not_normalized_to_utc
5343292,1147441,2003,2003-02-22T17:30:00,2003-02-23T01:30:00,EST,8.0,51,,Z,009,SMYTH,0,0,0,0,0,,,0,,0,1,begin_coordinates_missing_or_invalid|damage_crops_missing|end_coordinates_missing_or_invalid|no_valid_location_points|requires_crosswalk_or_marine_review|timezone_not_normalized_to_utc
5343293,1147442,2003,2003-02-22T15:00:00,2003-02-23T20:00:00,EST,29.0,51,,Z,023,BOTETOURT,0,0,0,0,0,,,0,,0,1,begin_coordinates_missing_or_invalid|damage_crops_missing|end_coordinates_missing_or_invalid|no_valid_location_points|requires_crosswalk_or_marine_review|timezone_not_normalized_to_utc
5343294,1147442,2003,2003-02-22T17:00:00,2003-02-24T07:00:00,EST,38.0,51,,Z,023,BOTETOURT,0,0,0,0,0,,,0,,0,1,begin_coordinates_missing_or_invalid|damage_crops_missing|end_coordinates_missing_or_invalid|no_valid_location_points|requires_crosswalk_or_marine_review|timezone_not_normalized_to_utc
5343295,1147442,2003,2003-02-22T21:00:00,2003-02-24T08:00:00,EST,35.0,51,,Z,035,AMHERST,0,0,0,0,0,,,0,,0,1,begin_coordinates_missing_or_invalid|damage_crops_missing|end_coordinates_missing_or_invalid|no_valid_location_points|requires_crosswalk_or_marine_review|timezone_not_normalized_to_utc
5343296,1147442,2003,2003-02-22T21:00:00,2003-02-24T09:00:00,EST,36.0,51,,Z,045,CAMPBELL,0,0,0,0,0,,,0,,0,1,begin_coordinates_missing_or_invalid|damage_crops_missing|end_coordinates_missing_or_invalid|no_valid_location_points|requires_crosswalk_or_marine_review|timezone_not_normalized_to_utc
5343297,1147442,2003,2003-02-22T21:00:00,2003-02-24T09:00:00,EST,36.0,51,,Z,035,AMHERST,0,0,0,0,0,,,0,,0,1,begin_coordinates_missing_or_invalid|damage_crops_missing|end_coordinates_missing_or_invalid|no_valid_location_points|requires_crosswalk_or_marine_review|timezone_not_normalized_to_utc
5343298,1147442,2003,2003-02-23T00:00:00,2003-02-24T09:30:00,EST,33.5,51,,Z,046,APPOMATTOX,0,0,0,0,0,,,0,,0,1,begin_coordinates_missing_or_invalid|damage_crops_missing|end_coordinates_missing_or_invalid|no_valid_location_points|requires_crosswalk_or_marine_review|timezone_not_normalized_to_utc
5343299,1147442,2003,2003-02-23T02:30:00,2003-02-24T20:30:00,EST,42.0,51,,Z,047,BUCKINGHAM,0,0,0,0,0,,,0,,0,1,begin_coordinates_missing_or_invalid|damage_crops_missing|end_coordinates_missing_or_invalid|no_valid_location_points|requires_crosswalk_or_marine_review|timezone_not_normalized_to_utc
5343300,1147442,2003,2003-02-22T18:00:00,2003-02-24T15:30:00,EST,45.5,51,,Z,047,BUCKINGHAM,0,0,0,0,0,,,0,,0,1,begin_coordinates_missing_or_invalid|damage_crops_missing|end_coordinates_missing_or_invalid|no_valid_location_points|requires_crosswalk_or_marine_review|timezone_not_normalized_to_utc
5343301,1147443,2003,2003-02-22T23:00:00,2003-02-23T12:00:00,EST,13.0,51,,Z,014,MONTGOMERY,0,0,0,0,0,,,0,,0,1,begin_coordinates_missing_or_invalid|damage_crops_missing|end_coordinates_missing_or_invalid|no_valid_location_points|requires_crosswalk_or_marine_review|timezone_not_normalized_to_utc
5343302,1147443,2003,2003-02-22T23:00:00,2003-02-23T12:00:00,EST,13.0,51,,Z,013,PULASKI,0,0,0,0,0,,,0,,0,1,begin_coordinates_missing_or_invalid|damage_crops_missing|end_coordinates_missing_or_invalid|no_valid_location_points|requires_crosswalk_or_marine_review|timezone_not_normalized_to_utc
5343303,1147443,2003,2003-02-23T04:00:00,2003-02-23T22:00:00,EST,18.0,51,,Z,011,GILES,0,0,0,0,0,,,0,,0,1,begin_coordinates_missing_or_invalid|damage_crops_missing|end_coordinates_missing_or_invalid|no_valid_location_points|requires_crosswalk_or_marine_review|timezone_not_normalized_to_utc
5343304,1147444,2003,2003-02-22T19:00:00,2003-02-23T22:00:00,EST,27.0,54,,Z,045,GREENBRIER,0,0,0,0,0,,,0,,0,1,begin_coordinates_missing_or_invalid|damage_crops_missing|end_coordinates_missing_or_invalid|no_valid_location_points|requires_crosswalk_or_marine_review|timezone_not_normalized_to_utc
5343305,1147445,2003,2003-02-15T21:00:00,2003-02-16T05:00:00,EST,8.0,51,,Z,007,TAZEWELL,0,0,0,0,10000,,,0,,0,1,begin_coordinates_missing_or_invalid|damage_crops_missing|end_coordinates_missing_or_invalid|no_valid_location_points|requires_crosswalk_or_marine_review|timezone_not_normalized_to_utc
5343306,1147445,2003,2003-02-15T23:00:00,2003-02-16T06:00:00,EST,7.0,51,,Z,009,SMYTH,0,0,0,0,0,,,0,,0,1,begin_coordinates_missing_or_invalid|damage_crops_missing|end_coordinates_missing_or_invalid|no_valid_location_points|requires_crosswalk_or_marine_review|timezone_not_normalized_to_utc
5343307,1147446,2003,2003-02-15T21:30:00,2003-02-16T05:00:00,EST,7.5,54,,Z,042,MERCER,0,0,0,0,0,,,0,,0,1,begin_coordinates_missing_or_invalid|damage_crops_missing|end_coordinates_missing_or_invalid|no_valid_location_points|requires_crosswalk_or_marine_review|timezone_not_normalized_to_utc
5343308,1147446,2003,2003-02-15T21:30:00,2003-02-16T05:00:00,EST,7.5,54,,Z,044,MONROE,0,0,0,0,0,,,0,,0,1,begin_coordinates_missing_or_invalid|damage_crops_missing|end_coordinates_missing_or_invalid|no_valid_location_points|requires_crosswalk_or_marine_review|timezone_not_normalized_to_utc
5343310,1147448,2003,2003-02-22T10:00:00,2003-02-23T15:00:00,EST,29.0,51,,Z,014,MONTGOMERY,1,0,1,0,6000,,,1,,0,1,begin_coordinates_missing_or_invalid|damage_crops_missing|end_coordinates_missing_or_invalid|no_valid_location_points|requires_crosswalk_or_marine_review|timezone_not_normalized_to_utc
5343311,1147448,2003,2003-02-22T11:00:00,2003-02-23T05:00:00,EST,18.0,51,,Z,023,BOTETOURT,0,0,0,0,0,,,0,,0,1,begin_coordinates_missing_or_invalid|damage_crops_missing|end_coordinates_missing_or_invalid|no_valid_location_points|requires_crosswalk_or_marine_review|timezone_not_normalized_to_utc
5343312,1147448,2003,2003-02-22T11:30:00,2003-02-23T03:00:00,EST,15.5,51,,Z,013,PULASKI,0,0,0,0,0,,,0,,0,1,begin_coordinates_missing_or_invalid|damage_crops_missing|end_coordinates_missing_or_invalid|no_valid_location_points|requires_crosswalk_or_marine_review|timezone_not_normalized_to_utc
5343313,1147448,2003,2003-02-22T11:00:00,2003-02-22T19:00:00,EST,8.0,51,,Z,032,PATRICK,0,0,0,0,0,,,0,,0,1,begin_coordinates_missing_or_invalid|damage_crops_missing|end_coordinates_missing_or_invalid|no_valid_location_points|requires_crosswalk_or_marine_review|timezone_not_normalized_to_utc
5343314,1147448,2003,2003-02-22T11:00:00,2003-02-22T22:00:00,EST,11.0,51,,Z,009,SMYTH,0,0,0,0,,,,0,,0,1,begin_coordinates_missing_or_invalid|damage_crops_missing|damage_property_missing|end_coordinates_missing_or_invalid|no_valid_location_points|requires_crosswalk_or_marine_review|timezone_not_normalized_to_utc
5343315,1147448,2003,2003-02-22T09:00:00,2003-02-23T09:00:00,EST,24.0,51,,Z,024,ROCKBRIDGE,0,0,0,0,0,,,0,,0,1,begin_coordinates_missing_or_invalid|damage_crops_missing|end_coordinates_missing_or_invalid|no_valid_location_points|requires_crosswalk_or_marine_review|timezone_not_normalized_to_utc
5343316,1147448,2003,2003-02-22T10:00:00,2003-02-23T05:00:00,EST,19.0,51,,Z,022,ROANOKE,0,0,0,0,3000000,,,0,,0,1,begin_coordinates_missing_or_invalid|damage_crops_missing|end_coordinates_missing_or_invalid|no_valid_location_points|requires_crosswalk_or_marine_review|timezone_not_normalized_to_utc
5343317,1147448,2003,2003-02-22T12:00:00,2003-02-23T02:00:00,EST,14.0,51,,Z,007,TAZEWELL,0,0,0,0,0,,,0,,0,1,begin_coordinates_missing_or_invalid|damage_crops_missing|end_coordinates_missing_or_invalid|no_valid_location_points|requires_crosswalk_or_marine_review|timezone_not_normalized_to_utc
5343318,1147448,2003,2003-02-22T11:00:00,2003-02-23T03:00:00,EST,16.0,51,,Z,045,CAMPBELL,0,0,0,0,0,,,0,,0,1,begin_coordinates_missing_or_invalid|damage_crops_missing|end_coordinates_missing_or_invalid|no_valid_location_points|requires_crosswalk_or_marine_review|timezone_not_normalized_to_utc
5343319,1147556,2003,2003-02-14T12:00:00,2003-02-17T18:00:00,EST,78.0,47,,Z,016,HAWKINS,0,0,0,0,18000,,,0,,0,1,begin_coordinates_missing_or_invalid|damage_crops_missing|end_coordinates_missing_or_invalid|no_valid_location_points|requires_crosswalk_or_marine_review|timezone_not_normalized_to_utc
5343320,1147556,2003,2003-02-14T12:00:00,2003-02-17T18:00:00,EST,78.0,47,,Z,070,JEFFERSON,0,0,0,0,58000,,,0,,0,1,begin_coordinates_missing_or_invalid|damage_crops_missing|end_coordinates_missing_or_invalid|no_valid_location_points|requires_crosswalk_or_marine_review|timezone_not_normalized_to_utc
5343321,1147556,2003,2003-02-14T12:00:00,2003-02-17T18:00:00,EST,78.0,47,,Z,018,JOHNSON,0,0,0,0,248000,,,0,,0,1,begin_coordinates_missing_or_invalid|damage_crops_missing|end_coordinates_missing_or_invalid|no_valid_location_points|requires_crosswalk_or_marine_review|timezone_not_normalized_to_utc
5343322,1147556,2003,2003-02-14T12:00:00,2003-02-17T18:00:00,EST,78.0,47,,Z,069,KNOX,0,0,0,0,8250000.00,,,0,,0,1,begin_coordinates_missing_or_invalid|damage_crops_missing|end_coordinates_missing_or_invalid|no_valid_location_points|requires_crosswalk_or_marine_review|timezone_not_normalized_to_utc
5343323,1147556,2003,2003-02-14T12:00:00,2003-02-17T18:00:00,EST,78.0,47,,Z,068,LOUDON,0,0,0,0,50000,,,0,,0,1,begin_coordinates_missing_or_invalid|damage_crops_missing|end_coordinates_missing_or_invalid|no_valid_location_points|requires_crosswalk_or_marine_review|timezone_not_normalized_to_utc
5343324,1147556,2003,2003-02-14T12:00:00,2003-02-17T18:00:00,EST,78.0,47,,Z,098,MARION,0,0,0,0,115000,,,0,,0,1,begin_coordinates_missing_or_invalid|damage_crops_missing|end_coordinates_missing_or_invalid|no_valid_location_points|requires_crosswalk_or_marine_review|timezone_not_normalized_to_utc
5343325,1147556,2003,2003-02-14T12:00:00,2003-02-17T18:00:00,EST,78.0,47,,Z,085,MCMINN,0,0,0,0,907000,,,0,,0,1,begin_coordinates_missing_or_invalid|damage_crops_missing|end_coordinates_missing_or_invalid|no_valid_location_points|requires_crosswalk_or_marine_review|timezone_not_normalized_to_utc
5343326,1147556,2003,2003-02-14T12:00:00,2003-02-17T18:00:00,EST,78.0,47,,Z,084,MEIGS,0,0,0,0,276000,,,0,,0,1,begin_coordinates_missing_or_invalid|damage_crops_missing|end_coordinates_missing_or_invalid|no_valid_location_points|requires_crosswalk_or_marine_review|timezone_not_normalized_to_utc
5343327,1147556,2003,2003-02-14T12:00:00,2003-02-17T18:00:00,EST,78.0,47,,Z,035,MORGAN,0,0,0,0,0,,,0,,0,1,begin_coordinates_missing_or_invalid|damage_crops_missing|end_coordinates_missing_or_invalid|no_valid_location_points|requires_crosswalk_or_marine_review|timezone_not_normalized_to_utc
5343365,1147458,2003,2003-02-22T08:00:00,2003-02-23T06:00:00,EST,22.0,51,,Z,053,FAIRFAX,0,0,0,0,,,,0,,0,1,begin_coordinates_missing_or_invalid|damage_crops_missing|damage_property_missing|end_coordinates_missing_or_invalid|no_valid_location_points|requires_crosswalk_or_marine_review|timezone_not_normalized_to_utc
5343366,1147458,2003,2003-02-22T08:00:00,2003-02-23T06:00:00,EST,22.0,51,,Z,054,ARLINGTON,0,0,0,0,100000,,,0,,0,1,begin_coordinates_missing_or_invalid|damage_crops_missing|end_coordinates_missing_or_invalid|no_valid_location_points|requires_crosswalk_or_marine_review|timezone_not_normalized_to_utc
5343442,1147556,2003,2003-02-14T12:00:00,2003-02-17T18:00:00,EST,78.0,47,,Z,073,NORTH SEVIER,0,0,0,0,8000,,,0,,0,1,begin_coordinates_missing_or_invalid|damage_crops_missing|end_coordinates_missing_or_invalid|no_valid_location_points|requires_crosswalk_or_marine_review|timezone_not_normalized_to_utc
5343443,1147556,2003,2003-02-14T12:00:00,2003-02-17T18:00:00,EST,78.0,47,,Z,071,NORTHWEST BLOUNT,0,0,0,0,0,,,0,,0,1,begin_coordinates_missing_or_invalid|damage_crops_missing|end_coordinates_missing_or_invalid|no_valid_location_points|requires_crosswalk_or_marine_review|timezone_not_normalized_to_utc
5343444,1147556,2003,2003-02-14T12:00:00,2003-02-17T18:00:00,EST,78.0,47,,Z,046,NORTHWEST CARTER,0,0,0,0,495000,,,0,,0,1,begin_coordinates_missing_or_invalid|damage_crops_missing|end_coordinates_missing_or_invalid|no_valid_location_points|requires_crosswalk_or_marine_review|timezone_not_normalized_to_utc
5343445,1147556,2003,2003-02-14T12:00:00,2003-02-17T18:00:00,EST,78.0,47,,Z,040,NORTHWEST COCKE,0,0,0,0,0,,,0,,0,1,begin_coordinates_missing_or_invalid|damage_crops_missing|end_coordinates_missing_or_invalid|no_valid_location_points|requires_crosswalk_or_marine_review|timezone_not_normalized_to_utc
5343446,1147556,2003,2003-02-14T12:00:00,2003-02-17T18:00:00,EST,78.0,47,,Z,042,NORTHWEST GREENE,0,0,0,0,0,,,0,,0,1,begin_coordinates_missing_or_invalid|damage_crops_missing|end_coordinates_missing_or_invalid|no_valid_location_points|requires_crosswalk_or_marine_review|timezone_not_normalized_to_utc
5343447,1147556,2003,2003-02-14T12:00:00,2003-02-17T18:00:00,EST,78.0,47,,Z,086,NORTHWEST MONROE,0,0,0,0,248000,,,0,,0,1,begin_coordinates_missing_or_invalid|damage_crops_missing|end_coordinates_missing_or_invalid|no_valid_location_points|requires_crosswalk_or_marine_review|timezone_not_normalized_to_utc
5343448,1147556,2003,2003-02-14T12:00:00,2003-02-17T18:00:00,EST,78.0,47,,Z,083,RHEA,0,0,0,0,3300000.0,,,0,,0,1,begin_coordinates_missing_or_invalid|damage_crops_missing|end_coordinates_missing_or_invalid|no_valid_location_points|requires_crosswalk_or_marine_review|timezone_not_normalized_to_utc
5343449,1147556,2003,2003-02-14T12:00:00,2003-02-17T18:00:00,EST,78.0,47,,Z,067,ROANE,0,0,0,0,248000,,,0,,0,1,begin_coordinates_missing_or_invalid|damage_crops_missing|end_coordinates_missing_or_invalid|no_valid_location_points|requires_crosswalk_or_marine_review|timezone_not_normalized_to_utc
5343450,1147556,2003,2003-02-14T12:00:00,2003-02-17T18:00:00,EST,78.0,47,,Z,012,SCOTT,0,0,0,0,74000,,,0,,0,1,begin_coordinates_missing_or_invalid|damage_crops_missing|end_coordinates_missing_or_invalid|no_valid_location_points|requires_crosswalk_or_marine_review|timezone_not_normalized_to_utc
5343451,1147556,2003,2003-02-14T12:00:00,2003-02-17T18:00:00,EST,78.0,47,,Z,081,SEQUATCHIE,0,0,0,0,190000,,,0,,0,1,begin_coordinates_missing_or_invalid|damage_crops_missing|end_coordinates_missing_or_invalid|no_valid_location_points|requires_crosswalk_or_marine_review|timezone_not_normalized_to_utc
5343452,1147556,2003,2003-02-14T12:00:00,2003-02-17T18:00:00,EST,78.0,47,,Z,074,SEVIER/SMOKY MOUNTAINS,0,0,0,0,8000,,,0,,0,1,begin_coordinates_missing_or_invalid|damage_crops_missing|end_coordinates_missing_or_invalid|no_valid_location_points|requires_crosswalk_or_marine_review|timezone_not_normalized_to_utc
5343453,1147556,2003,2003-02-14T12:00:00,2003-02-17T18:00:00,EST,78.0,47,,Z,047,SOUTHEAST CARTER,0,0,0,0,577000,,,0,,0,1,begin_coordinates_missing_or_invalid|damage_crops_missing|end_coordinates_missing_or_invalid|no_valid_location_points|requires_crosswalk_or_marine_review|timezone_not_normalized_to_utc
5343454,1147556,2003,2003-02-14T12:00:00,2003-02-17T18:00:00,EST,78.0,47,,Z,043,SOUTHEAST GREENE,0,0,0,0,0,,,0,,0,1,begin_coordinates_missing_or_invalid|damage_crops_missing|end_coordinates_missing_or_invalid|no_valid_location_points|requires_crosswalk_or_marine_review|timezone_not_normalized_to_utc
5343455,1147556,2003,2003-02-14T12:00:00,2003-02-17T18:00:00,EST,78.0,47,,Z,087,SOUTHEAST MONROE,0,0,0,0,248000,,,0,,0,1,begin_coordinates_missing_or_invalid|damage_crops_missing|end_coordinates_missing_or_invalid|no_valid_location_points|requires_crosswalk_or_marine_review|timezone_not_normalized_to_utc
5343456,1147556,2003,2003-02-14T12:00:00,2003-02-17T18:00:00,EST,78.0,47,,Z,017,SULLIVAN,0,0,0,0,0,,,0,,0,1,begin_coordinates_missing_or_invalid|damage_crops_missing|end_coordinates_missing_or_invalid|no_valid_location_points|requires_crosswalk_or_marine_review|timezone_not_normalized_to_utc
5343457,1147556,2003,2003-02-14T12:00:00,2003-02-17T18:00:00,EST,78.0,47,,Z,045,UNICOI,0,0,0,0,0,,,0,,0,1,begin_coordinates_missing_or_invalid|damage_crops_missing|end_coordinates_missing_or_invalid|no_valid_location_points|requires_crosswalk_or_marine_review|timezone_not_normalized_to_utc
5343458,1147556,2003,2003-02-14T12:00:00,2003-02-17T18:00:00,EST,78.0,47,,Z,037,UNION,0,0,0,0,132000,,,0,,0,1,begin_coordinates_missing_or_invalid|damage_crops_missing|end_coordinates_missing_or_invalid|no_valid_location_points|requires_crosswalk_or_marine_review|timezone_not_normalized_to_utc
5343459,1147556,2003,2003-02-14T12:00:00,2003-02-17T18:00:00,EST,78.0,47,,Z,044,WASHINGTON,0,0,0,0,0,,,0,,0,1,begin_coordinates_missing_or_invalid|damage_crops_missing|end_coordinates_missing_or_invalid|no_valid_location_points|requires_crosswalk_or_marine_review|timezone_not_normalized_to_utc
5343460,1147556,2003,2003-02-14T12:00:00,2003-02-17T18:00:00,EST,78.0,47,,Z,101,WEST POLK,0,0,0,0,0,,,0,,0,1,begin_coordinates_missing_or_invalid|damage_crops_missing|end_coordinates_missing_or_invalid|no_valid_location_points|requires_crosswalk_or_marine_review|timezone_not_normalized_to_utc
5343461,1147557,2003,2003-02-14T12:00:00,2003-02-17T18:00:00,EST,78.0,51,,Z,001,LEE,0,0,0,0,50000,,,0,,0,1,begin_coordinates_missing_or_invalid|damage_crops_missing|end_coordinates_missing_or_invalid|no_valid_location_points|requires_crosswalk_or_marine_review|timezone_not_normalized_to_utc
5343462,1147557,2003,2003-02-14T12:00:00,2003-02-17T18:00:00,EST,78.0,51,,Z,006,RUSSELL,0,0,0,0,100000,,,0,,0,1,begin_coordinates_missing_or_invalid|damage_crops_missing|end_coordinates_missing_or_invalid|no_valid_location_points|requires_crosswalk_or_marine_review|timezone_not_normalized_to_utc
5343463,1147557,2003,2003-02-14T12:00:00,2003-02-17T18:00:00,EST,78.0,51,,Z,005,SCOTT,0,0,0,0,100000,,,0,,0,1,begin_coordinates_missing_or_invalid|damage_crops_missing|end_coordinates_missing_or_invalid|no_valid_location_points|requires_crosswalk_or_marine_review|timezone_not_normalized_to_utc
5343464,1147557,2003,2003-02-14T12:00:00,2003-02-17T18:00:00,EST,78.0,51,,Z,008,WASHINGTON,0,0,0,0,50000,,,0,,0,1,begin_coordinates_missing_or_invalid|damage_crops_missing|end_coordinates_missing_or_invalid|no_valid_location_points|requires_crosswalk_or_marine_review|timezone_not_normalized_to_utc
5343465,1147557,2003,2003-02-14T12:00:00,2003-02-17T18:00:00,EST,78.0,51,,Z,002,WISE,0,0,0,0,800000,,,0,,0,1,begin_coordinates_missing_or_invalid|damage_crops_missing|end_coordinates_missing_or_invalid|no_valid_location_points|requires_crosswalk_or_marine_review|timezone_not_normalized_to_utc
5343508,1147460,2003,2003-02-22T23:00:00,2003-02-23T07:00:00,EST,8.0,51,,Z,051,CULPEPER,0,0,0,0,,,,0,,0,1,begin_coordinates_missing_or_invalid|damage_crops_missing|damage_property_missing|end_coordinates_missing_or_invalid|no_valid_location_points|requires_crosswalk_or_marine_review|timezone_not_normalized_to_utc
5343509,1147460,2003,2003-02-23T02:00:00,2003-02-23T10:00:00,EST,8.0,51,,Z,040,RAPPAHANNOCK,0,0,0,0,,,,0,,0,1,begin_coordinates_missing_or_invalid|damage_crops_missing|damage_property_missing|end_coordinates_missing_or_invalid|no_valid_location_points|requires_crosswalk_or_marine_review|timezone_not_normalized_to_utc
5343510,1147460,2003,2003-02-23T21:00:00,2003-02-24T11:00:00,EST,14.0,51,,Z,030,WARREN,0,0,0,0,,,,0,,0,1,begin_coordinates_missing_or_invalid|damage_crops_missing|damage_property_missing|end_coordinates_missing_or_invalid|no_valid_location_points|requires_crosswalk_or_marine_review|timezone_not_normalized_to_utc
5343586,1147420,2003,2003-02-25T08:00:00,2003-02-28T23:59:00,EST,87.98333333333333,18,,Z,089,PERRY,0,0,0,0,,,,0,,0,1,begin_coordinates_missing_or_invalid|damage_crops_missing|damage_property_missing|end_coordinates_missing_or_invalid|no_valid_location_points|requires_crosswalk_or_marine_review|timezone_not_normalized_to_utc
5343587,1147421,2003,2003-02-16T10:00:00,2003-02-19T19:00:00,EST,81.0,21,,Z,043,NICHOLAS,0,0,0,0,,,,0,,0,1,begin_coordinates_missing_or_invalid|damage_crops_missing|damage_property_missing|end_coordinates_missing_or_invalid|no_valid_location_points|requires_crosswalk_or_marine_review|timezone_not_normalized_to_utc
5343588,1147422,2003,2003-02-25T07:00:00,2003-02-25T07:00:00,EST,0.0,21,,Z,043,NICHOLAS,0,0,0,0,,,,0,,0,1,begin_coordinates_missing_or_invalid|damage_crops_missing|damage_property_missing|end_coordinates_missing_or_invalid|no_valid_location_points|requires_crosswalk_or_marine_review|timezone_not_normalized_to_utc
5343779,1147448,2003,2003-02-22T10:00:00,2003-02-23T06:00:00,EST,20.0,51,,Z,033,FRANKLIN,0,0,0,0,0,,,0,,0,1,begin_coordinates_missing_or_invalid|damage_crops_missing|end_coordinates_missing_or_invalid|no_valid_location_points|requires_crosswalk_or_marine_review|timezone_not_normalized_to_utc
5343780,1147448,2003,2003-02-22T13:00:00,2003-02-23T03:00:00,EST,14.0,51,,Z,019,ALLEGHANY,0,0,0,0,0,,,0,,0,1,begin_coordinates_missing_or_invalid|damage_crops_missing|end_coordinates_missing_or_invalid|no_valid_location_points|requires_crosswalk_or_marine_review|timezone_not_normalized_to_utc
5343781,1147448,2003,2003-02-22T15:00:00,2003-02-23T05:00:00,EST,14.0,51,,Z,018,CRAIG,0,0,0,0,0,,,0,,0,1,begin_coordinates_missing_or_invalid|damage_crops_missing|end_coordinates_missing_or_invalid|no_valid_location_points|requires_crosswalk_or_marine_review|timezone_not_normalized_to_utc
5343782,1147448,2003,2003-02-22T13:00:00,2003-02-23T05:00:00,EST,16.0,51,,Z,010,BLAND,0,0,0,0,0,,,0,,0,1,begin_coordinates_missing_or_invalid|damage_crops_missing|end_coordinates_missing_or_invalid|no_valid_location_points|requires_crosswalk_or_marine_review|timezone_not_normalized_to_utc
5343783,1147448,2003,2003-02-22T09:00:00,2003-02-23T02:00:00,EST,17.0,51,,Z,017,FLOYD,0,0,0,0,0,,,0,,0,1,begin_coordinates_missing_or_invalid|damage_crops_missing|end_coordinates_missing_or_invalid|no_valid_location_points|requires_crosswalk_or_marine_review|timezone_not_normalized_to_utc
5343784,1147448,2003,2003-02-22T13:00:00,2003-02-22T18:00:00,EST,5.0,51,,Z,035,AMHERST,0,0,1,0,0,,,1,,0,1,begin_coordinates_missing_or_invalid|damage_crops_missing|end_coordinates_missing_or_invalid|no_valid_location_points|requires_crosswalk_or_marine_review|timezone_not_normalized_to_utc
5343785,1147448,2003,2003-02-22T10:00:00,2003-02-23T12:00:00,EST,26.0,51,,Z,012,WYTHE,0,0,0,0,18000,,,0,,0,1,begin_coordinates_missing_or_invalid|damage_crops_missing|end_coordinates_missing_or_invalid|no_valid_location_points|requires_crosswalk_or_marine_review|timezone_not_normalized_to_utc
5343896,1147449,2003,2003-02-22T14:00:00,2003-02-22T23:00:00,EST,9.0,37,,Z,001,ASHE,0,0,0,0,0,,,0,,0,1,begin_coordinates_missing_or_invalid|damage_crops_missing|end_coordinates_missing_or_invalid|no_valid_location_points|requires_crosswalk_or_marine_review|timezone_not_normalized_to_utc
5343897,1147449,2003,2003-02-22T14:00:00,2003-02-22T23:00:00,EST,9.0,37,,Z,002,ALLEGHANY,0,0,0,0,0,,,0,,0,1,begin_coordinates_missing_or_invalid|damage_crops_missing|end_coordinates_missing_or_invalid|no_valid_location_points|requires_crosswalk_or_marine_review|timezone_not_normalized_to_utc
5343898,1147449,2003,2003-02-22T15:00:00,2003-02-22T23:00:00,EST,8.0,37,,Z,005,ROCKINGHAM,0,0,0,0,0,,,0,,0,1,begin_coordinates_missing_or_invalid|damage_crops_missing|end_coordinates_missing_or_invalid|no_valid_location_points|requires_crosswalk_or_marine_review|timezone_not_normalized_to_utc
5343899,1147449,2003,2003-02-22T15:00:00,2003-02-22T23:00:00,EST,8.0,37,,Z,003,SURRY,0,0,0,0,0,,,0,,0,1,begin_coordinates_missing_or_invalid|damage_crops_missing|end_coordinates_missing_or_invalid|no_valid_location_points|requires_crosswalk_or_marine_review|timezone_not_normalized_to_utc
5343900,1147450,2003,2003-02-22T12:00:00,2003-02-23T03:00:00,EST,15.0,54,,Z,042,MERCER,0,0,0,0,0,,,0,,0,1,begin_coordinates_missing_or_invalid|damage_crops_missing|end_coordinates_missing_or_invalid|no_valid_location_points|requires_crosswalk_or_marine_review|timezone_not_normalized_to_utc
5343901,1147450,2003,2003-02-20T11:00:00,2003-02-23T15:00:00,EST,76.0,54,,Z,045,GREENBRIER,0,0,0,0,,,,0,,0,1,begin_coordinates_missing_or_invalid|damage_crops_missing|damage_property_missing|end_coordinates_missing_or_invalid|no_valid_location_points|requires_crosswalk_or_marine_review|timezone_not_normalized_to_utc
5344076,1147587,2003,2003-02-21T12:00:00,2003-02-23T06:00:00,EST,42.0,47,,Z,036,ANDERSON,0,0,0,0,,,,0,,0,1,begin_coordinates_missing_or_invalid|damage_crops_missing|damage_property_missing|end_coordinates_missing_or_invalid|no_valid_location_points|requires_crosswalk_or_marine_review|timezone_not_normalized_to_utc
5344077,1147587,2003,2003-02-21T11:00:00,2003-02-23T05:00:00,CST,42.0,47,,Z,082,BLEDSOE,0,0,0,0,,,,0,,0,1,begin_coordinates_missing_or_invalid|damage_crops_missing|damage_property_missing|end_coordinates_missing_or_invalid|no_valid_location_points|requires_crosswalk_or_marine_review|timezone_not_normalized_to_utc
5344078,1147587,2003,2003-02-21T12:00:00,2003-02-23T06:00:00,EST,42.0,47,,Z,072,BLOUNT/SMOKY MOUNTAINS,0,0,0,0,,,,0,,0,1,begin_coordinates_missing_or_invalid|damage_crops_missing|damage_property_missing|end_coordinates_missing_or_invalid|no_valid_location_points|requires_crosswalk_or_marine_review|timezone_not_normalized_to_utc
5344079,1147587,2003,2003-02-21T12:00:00,2003-02-23T06:00:00,EST,42.0,47,,Z,100,BRADLEY,0,0,0,0,,,,0,,0,1,begin_coordinates_missing_or_invalid|damage_crops_missing|damage_property_missing|end_coordinates_missing_or_invalid|no_valid_location_points|requires_crosswalk_or_marine_review|timezone_not_normalized_to_utc
5344080,1147587,2003,2003-02-21T12:00:00,2003-02-23T06:00:00,EST,42.0,47,,Z,013,CAMPBELL,0,0,0,0,,,,0,,0,1,begin_coordinates_missing_or_invalid|damage_crops_missing|damage_property_missing|end_coordinates_missing_or_invalid|no_valid_location_points|requires_crosswalk_or_marine_review|timezone_not_normalized_to_utc
5344081,1147587,2003,2003-02-21T12:00:00,2003-02-23T06:00:00,EST,42.0,47,,Z,014,CLAIBORNE,0,0,0,0,,,,0,,0,1,begin_coordinates_missing_or_invalid|damage_crops_missing|damage_property_missing|end_coordinates_missing_or_invalid|no_valid_location_points|requires_crosswalk_or_marine_review|timezone_not_normalized_to_utc
5344082,1147587,2003,2003-02-21T12:00:00,2003-02-23T06:00:00,EST,42.0,47,,Z,041,COCKE/SMOKY MOUNTAINS,0,0,0,0,,,,0,,0,1,begin_coordinates_missing_or_invalid|damage_crops_missing|damage_property_missing|end_coordinates_missing_or_invalid|no_valid_location_points|requires_crosswalk_or_marine_review|timezone_not_normalized_to_utc
5344083,1147587,2003,2003-02-21T12:00:00,2003-02-23T06:00:00,EST,42.0,47,,Z,102,EAST POLK,0,0,0,0,,,,0,,0,1,begin_coordinates_missing_or_invalid|damage_crops_missing|damage_property_missing|end_coordinates_missing_or_invalid|no_valid_location_points|requires_crosswalk_or_marine_review|timezone_not_normalized_to_utc
5344084,1147587,2003,2003-02-21T12:00:00,2003-02-23T06:00:00,EST,42.0,47,,Z,038,GRAINGER,0,0,0,0,,,,0,,0,1,begin_coordinates_missing_or_invalid|damage_crops_missing|damage_property_missing|end_coordinates_missing_or_invalid|no_valid_location_points|requires_crosswalk_or_marine_review|timezone_not_normalized_to_utc
5344085,1147587,2003,2003-02-21T12:00:00,2003-02-23T06:00:00,EST,42.0,47,,Z,039,HAMBLEN,0,0,0,0,,,,0,,0,1,begin_coordinates_missing_or_invalid|damage_crops_missing|damage_property_missing|end_coordinates_missing_or_invalid|no_valid_location_points|requires_crosswalk_or_marine_review|timezone_not_normalized_to_utc
5344086,1147587,2003,2003-02-21T12:00:00,2003-02-23T06:00:00,EST,42.0,47,,Z,099,HAMILTON,0,0,0,0,,,,0,,0,1,begin_coordinates_missing_or_invalid|damage_crops_missing|damage_property_missing|end_coordinates_missing_or_invalid|no_valid_location_points|requires_crosswalk_or_marine_review|timezone_not_normalized_to_utc
5344087,1147587,2003,2003-02-21T12:00:00,2003-02-23T06:00:00,EST,42.0,47,,Z,015,HANCOCK,0,0,0,0,,,,0,,0,1,begin_coordinates_missing_or_invalid|damage_crops_missing|damage_property_missing|end_coordinates_missing_or_invalid|no_valid_location_points|requires_crosswalk_or_marine_review|timezone_not_normalized_to_utc
5344088,1147587,2003,2003-02-21T12:00:00,2003-02-23T06:00:00,EST,42.0,47,,Z,016,HAWKINS,0,0,0,0,,,,0,,0,1,begin_coordinates_missing_or_invalid|damage_crops_missing|damage_property_missing|end_coordinates_missing_or_invalid|no_valid_location_points|requires_crosswalk_or_marine_review|timezone_not_normalized_to_utc
5344089,1147587,2003,2003-02-21T12:00:00,2003-02-23T06:00:00,EST,42.0,47,,Z,070,JEFFERSON,0,0,0,0,,,,0,,0,1,begin_coordinates_missing_or_invalid|damage_crops_missing|damage_property_missing|end_coordinates_missing_or_invalid|no_valid_location_points|requires_crosswalk_or_marine_review|timezone_not_normalized_to_utc
5344090,1147587,2003,2003-02-21T12:00:00,2003-02-23T06:00:00,EST,42.0,47,,Z,018,JOHNSON,0,0,0,0,,,,0,,0,1,begin_coordinates_missing_or_invalid|damage_crops_missing|damage_property_missing|end_coordinates_missing_or_invalid|no_valid_location_points|requires_crosswalk_or_marine_review|timezone_not_normalized_to_utc
5344091,1147587,2003,2003-02-21T12:00:00,2003-02-23T06:00:00,EST,42.0,47,,Z,069,KNOX,0,0,0,0,,,,0,,0,1,begin_coordinates_missing_or_invalid|damage_crops_missing|damage_property_missing|end_coordinates_missing_or_invalid|no_valid_location_points|requires_crosswalk_or_marine_review|timezone_not_normalized_to_utc
5344092,1147587,2003,2003-02-21T12:00:00,2003-02-23T06:00:00,EST,42.0,47,,Z,068,LOUDON,0,0,0,0,,,,0,,0,1,begin_coordinates_missing_or_invalid|damage_crops_missing|damage_property_missing|end_coordinates_missing_or_invalid|no_valid_location_points|requires_crosswalk_or_marine_review|timezone_not_normalized_to_utc
5344093,1147587,2003,2003-02-21T11:00:00,2003-02-23T05:00:00,CST,42.0,47,,Z,098,MARION,0,0,0,0,,,,0,,0,1,begin_coordinates_missing_or_invalid|damage_crops_missing|damage_property_missing|end_coordinates_missing_or_invalid|no_valid_location_points|requires_crosswalk_or_marine_review|timezone_not_normalized_to_utc
5344094,1147587,2003,2003-02-21T12:00:00,2003-02-23T06:00:00,EST,42.0,47,,Z,085,MCMINN,0,0,0,0,,,,0,,0,1,begin_coordinates_missing_or_invalid|damage_crops_missing|damage_property_missing|end_coordinates_missing_or_invalid|no_valid_location_points|requires_crosswalk_or_marine_review|timezone_not_normalized_to_utc
5344095,1147587,2003,2003-02-21T12:00:00,2003-02-23T06:00:00,EST,42.0,47,,Z,084,MEIGS,0,0,0,0,,,,0,,0,1,begin_coordinates_missing_or_invalid|damage_crops_missing|damage_property_missing|end_coordinates_missing_or_invalid|no_valid_location_points|requires_crosswalk_or_marine_review|timezone_not_normalized_to_utc
5344096,1147587,2003,2003-02-21T12:00:00,2003-02-23T06:00:00,EST,42.0,47,,Z,035,MORGAN,0,0,0,0,,,,0,,0,1,begin_coordinates_missing_or_invalid|damage_crops_missing|damage_property_missing|end_coordinates_missing_or_invalid|no_valid_location_points|requires_crosswalk_or_marine_review|timezone_not_normalized_to_utc
5344097,1147587,2003,2003-02-21T12:00:00,2003-02-23T06:00:00,EST,42.0,47,,Z,073,NORTH SEVIER,0,0,0,0,,,,0,,0,1,begin_coordinates_missing_or_invalid|damage_crops_missing|damage_property_missing|end_coordinates_missing_or_invalid|no_valid_location_points|requires_crosswalk_or_marine_review|timezone_not_normalized_to_utc
5344098,1147587,2003,2003-02-21T12:00:00,2003-02-23T06:00:00,EST,42.0,47,,Z,071,NORTHWEST BLOUNT,0,0,0,0,,,,0,,0,1,begin_coordinates_missing_or_invalid|damage_crops_missing|damage_property_missing|end_coordinates_missing_or_invalid|no_valid_location_points|requires_crosswalk_or_marine_review|timezone_not_normalized_to_utc
5344099,1147587,2003,2003-02-21T12:00:00,2003-02-23T06:00:00,EST,42.0,47,,Z,046,NORTHWEST CARTER,0,0,0,0,,,,0,,0,1,begin_coordinates_missing_or_invalid|damage_crops_missing|damage_property_missing|end_coordinates_missing_or_invalid|no_valid_location_points|requires_crosswalk_or_marine_review|timezone_not_normalized_to_utc
5344100,1147587,2003,2003-02-21T12:00:00,2003-02-23T06:00:00,EST,42.0,47,,Z,040,NORTHWEST COCKE,0,0,0,0,,,,0,,0,1,begin_coordinates_missing_or_invalid|damage_crops_missing|damage_property_missing|end_coordinates_missing_or_invalid|no_valid_location_points|requires_crosswalk_or_marine_review|timezone_not_normalized_to_utc
5344101,1147587,2003,2003-02-21T12:00:00,2003-02-23T06:00:00,EST,42.0,47,,Z,042,NORTHWEST GREENE,0,0,0,0,,,,0,,0,1,begin_coordinates_missing_or_invalid|damage_crops_missing|damage_property_missing|end_coordinates_missing_or_invalid|no_valid_location_points|requires_crosswalk_or_marine_review|timezone_not_normalized_to_utc
5344146,1147464,2003,2003-02-22T08:00:00,2003-02-23T06:00:00,EST,22.0,24,,Z,004,FREDERICK,0,0,0,0,,,,0,,0,1,begin_coordinates_missing_or_invalid|damage_crops_missing|damage_property_missing|end_coordinates_missing_or_invalid|no_valid_location_points|requires_crosswalk_or_marine_review|timezone_not_normalized_to_utc
5344147,1147464,2003,2003-02-22T08:00:00,2003-02-23T06:00:00,EST,22.0,24,,Z,005,CARROLL,0,0,0,0,,,,0,,0,1,begin_coordinates_missing_or_invalid|damage_crops_missing|damage_property_missing|end_coordinates_missing_or_invalid|no_valid_location_points|requires_crosswalk_or_marine_review|timezone_not_normalized_to_utc
5344148,1147464,2003,2003-02-22T08:00:00,2003-02-23T06:00:00,EST,22.0,24,,Z,006,NORTHERN BALTIMORE,0,0,0,0,,,,0,,0,1,begin_coordinates_missing_or_invalid|damage_crops_missing|damage_property_missing|end_coordinates_missing_or_invalid|no_valid_location_points|requires_crosswalk_or_marine_review|timezone_not_normalized_to_utc
5344183,1147396,2003,2003-02-21T06:00:00,2003-02-21T18:00:00,CST,12.0,22,,Z,030,BEAUREGARD,0,0,0,0,25000,,,0,,0,1,begin_coordinates_missing_or_invalid|damage_crops_missing|end_coordinates_missing_or_invalid|no_valid_location_points|requires_crosswalk_or_marine_review|timezone_not_normalized_to_utc
5344184,1147397,2003,2003-02-21T06:00:00,2003-02-21T18:00:00,CST,12.0,22,,Z,027,VERNON,0,0,0,0,50000,,,0,,0,1,begin_coordinates_missing_or_invalid|damage_crops_missing|end_coordinates_missing_or_invalid|no_valid_location_points|requires_crosswalk_or_marine_review|timezone_not_normalized_to_utc
5344300,1147406,2003,2003-02-22T18:45:00,2003-02-23T07:30:00,EST,12.75,18,,Z,079,JEFFERSON,0,0,0,0,,,,0,,0,1,begin_coordinates_missing_or_invalid|damage_crops_missing|damage_property_missing|end_coordinates_missing_or_invalid|no_valid_location_points|requires_crosswalk_or_marine_review|timezone_not_normalized_to_utc
5344301,1147407,2003,2003-02-15T13:30:00,2003-02-17T22:30:00,EST,57.0,21,,Z,042,BOURBON,0,0,0,0,,,,0,,0,1,begin_coordinates_missing_or_invalid|damage_crops_missing|damage_property_missing|end_coordinates_missing_or_invalid|no_valid_location_points|requires_crosswalk_or_marine_review|timezone_not_normalized_to_utc
5344302,1147408,2003,2003-02-16T15:30:00,2003-02-20T13:00:00,EST,93.5,21,,Z,049,CLARK,0,0,0,0,5000,,,0,,0,1,begin_coordinates_missing_or_invalid|damage_crops_missing|end_coordinates_missing_or_invalid|no_valid_location_points|requires_crosswalk_or_marine_review|timezone_not_normalized_to_utc
5344303,1147409,2003,2003-02-16T18:30:00,2003-02-21T01:30:00,EST,103.0,21,,Z,048,JESSAMINE,0,0,0,0,,,,0,,0,1,begin_coordinates_missing_or_invalid|damage_crops_missing|damage_property_missing|end_coordinates_missing_or_invalid|no_valid_location_points|requires_crosswalk_or_marine_review|timezone_not_normalized_to_utc
5344361,1148066,2003,2003-02-15T22:01:00,2003-02-17T12:00:00,EST,37.983333333333334,21,,Z,108,WOLFE,0,0,0,0,10000,0,,0,,0,1,begin_coordinates_missing_or_invalid|end_coordinates_missing_or_invalid|no_valid_location_points|requires_crosswalk_or_marine_review|timezone_not_normalized_to_utc
5344362,1148066,2003,2003-02-15T22:01:00,2003-02-17T18:00:00,EST,43.983333333333334,21,,Z,109,MAGOFFIN,0,0,0,0,750000,0,,0,,0,1,begin_coordinates_missing_or_invalid|end_coordinates_missing_or_invalid|no_valid_location_points|requires_crosswalk_or_marine_review|timezone_not_normalized_to_utc
5344363,1148066,2003,2003-02-15T22:01:00,2003-02-18T11:40:00,EST,61.65,21,,Z,059,POWELL,0,0,0,0,0,0,,0,,0,1,begin_coordinates_missing_or_invalid|end_coordinates_missing_or_invalid|no_valid_location_points|requires_crosswalk_or_marine_review|timezone_not_normalized_to_utc
5344469,1147861,2003,2003-03-19T18:00:00,2003-03-21T06:00:00,CST,36.0,40,,Z,007,GRANT,0,0,0,0,,,,0,,0,1,begin_coordinates_missing_or_invalid|damage_crops_missing|damage_property_missing|end_coordinates_missing_or_invalid|no_valid_location_points|requires_crosswalk_or_marine_review|timezone_not_normalized_to_utc
5344470,1147861,2003,2003-03-19T18:00:00,2003-03-21T06:00:00,CST,36.0,40,,Z,008,KAY,0,0,0,0,,,,0,,0,1,begin_coordinates_missing_or_invalid|damage_crops_missing|damage_property_missing|end_coordinates_missing_or_invalid|no_valid_location_points|requires_crosswalk_or_marine_review|timezone_not_normalized_to_utc
5344506,1147983,2003,2003-03-13T08:16:00,2003-03-13T08:55:00,EST,0.65,39,,Z,044,LOGAN,0,0,0,0,,,,0,,0,1,begin_coordinates_missing_or_invalid|damage_crops_missing|damage_property_missing|end_coordinates_missing_or_invalid|no_valid_location_points|requires_crosswalk_or_marine_review|timezone_not_normalized_to_utc
5344507,1147983,2003,2003-03-13T10:27:00,2003-03-13T11:00:00,EST,0.55,39,,Z,042,DARKE,0,0,0,0,,,,0,,0,1,begin_coordinates_missing_or_invalid|damage_crops_missing|damage_property_missing|end_coordinates_missing_or_invalid|no_valid_location_points|requires_crosswalk_or_marine_review|timezone_not_normalized_to_utc
5344508,1147984,2003,2003-03-13T11:00:00,2003-03-13T11:30:00,EST,0.5,18,,Z,050,WAYNE,0,0,0,0,,,,0,,0,1,begin_coordinates_missing_or_invalid|damage_crops_missing|damage_property_missing|end_coordinates_missing_or_invalid|no_valid_location_points|requires_crosswalk_or_marine_review|timezone_not_normalized_to_utc
5344512,1147985,2003,2003-03-20T18:00:00,2003-03-20T19:00:00,EST,1.0,39,,Z,088,SCIOTO,0,0,0,0,,,,0,,0,1,begin_coordinates_missing_or_invalid|damage_crops_missing|damage_property_missing|end_coordinates_missing_or_invalid|no_valid_location_points|requires_crosswalk_or_marine_review|timezone_not_normalized_to_utc
5344558,1148165,2003,2003-03-20T11:00:00,2003-03-20T15:00:00,EST,4.0,37,,Z,023,ALAMANCE,0,0,0,0,,,,0,,0,1,begin_coordinates_missing_or_invalid|damage_crops_missing|damage_property_missing|end_coordinates_missing_or_invalid|no_valid_location_points|requires_crosswalk_or_marine_review|timezone_not_normalized_to_utc
5344559,1148165,2003,2003-03-20T07:30:00,2003-03-20T13:00:00,EST,5.5,37,,Z,083,ANSON,0,0,0,0,,,,0,,0,1,begin_coordinates_missing_or_invalid|damage_crops_missing|damage_property_missing|end_coordinates_missing_or_invalid|no_valid_location_points|requires_crosswalk_or_marine_review|timezone_not_normalized_to_utc
5344560,1148165,2003,2003-03-20T06:40:00,2003-03-20T14:00:00,EST,7.333333333333333,37,,Z,038,DAVIDSON,0,0,0,0,,,,0,,0,1,begin_coordinates_missing_or_invalid|damage_crops_missing|damage_property_missing|end_coordinates_missing_or_invalid|no_valid_location_points|requires_crosswalk_or_marine_review|timezone_not_normalized_to_utc
5344561,1148165,2003,2003-03-20T06:30:00,2003-03-20T16:00:00,EST,9.5,37,,Z,021,FORSYTH,0,0,0,0,150000,,,0,,0,1,begin_coordinates_missing_or_invalid|damage_crops_missing|end_coordinates_missing_or_invalid|no_valid_location_points|requires_crosswalk_or_marine_review|timezone_not_normalized_to_utc
5344562,1148165,2003,2003-03-20T06:45:00,2003-03-20T14:00:00,EST,7.25,37,,Z,022,GUILFORD,0,0,0,0,,,,0,,0,1,begin_coordinates_missing_or_invalid|damage_crops_missing|damage_property_missing|end_coordinates_missing_or_invalid|no_valid_location_points|requires_crosswalk_or_marine_review|timezone_not_normalized_to_utc
5344563,1148165,2003,2003-03-20T11:00:00,2003-03-20T14:00:00,EST,3.0,37,,Z,074,MONTGOMERY,0,0,0,0,,,,0,,0,1,begin_coordinates_missing_or_invalid|damage_crops_missing|damage_property_missing|end_coordinates_missing_or_invalid|no_valid_location_points|requires_crosswalk_or_marine_review|timezone_not_normalized_to_utc
5344564,1148165,2003,2003-03-20T06:40:00,2003-03-20T14:00:00,EST,7.333333333333333,37,,Z,039,RANDOLPH,0,0,0,0,,,,0,,0,1,begin_coordinates_missing_or_invalid|damage_crops_missing|damage_property_missing|end_coordinates_missing_or_invalid|no_valid_location_points|requires_crosswalk_or_marine_review|timezone_not_normalized_to_utc
5344565,1148165,2003,2003-03-20T07:30:00,2003-03-20T13:00:00,EST,5.5,37,,Z,073,STANLY,0,0,0,0,,,,0,,0,1,begin_coordinates_missing_or_invalid|damage_crops_missing|damage_property_missing|end_coordinates_missing_or_invalid|no_valid_location_points|requires_crosswalk_or_marine_review|timezone_not_normalized_to_utc
5344566,1148165,2003,2003-03-20T10:00:00,2003-03-20T14:00:00,EST,4.0,37,,Z,040,CHATHAM,0,0,0,0,,,,0,,0,1,begin_coordinates_missing_or_invalid|damage_crops_missing|damage_property_missing|end_coordinates_missing_or_invalid|no_valid_location_points|requires_crosswalk_or_marine_review|timezone_not_normalized_to_utc
5344567,1148165,2003,2003-03-20T10:00:00,2003-03-20T14:00:00,EST,4.0,37,,Z,025,DURHAM,0,0,0,0,,,,0,,0,1,begin_coordinates_missing_or_invalid|damage_crops_missing|damage_property_missing|end_coordinates_missing_or_invalid|no_valid_location_points|requires_crosswalk_or_marine_review|timezone_not_normalized_to_utc
5344568,1148165,2003,2003-03-20T11:00:00,2003-03-20T14:00:00,EST,3.0,37,,Z,008,GRANVILLE,0,0,0,0,,,,0,,0,1,begin_coordinates_missing_or_invalid|damage_crops_missing|damage_property_missing|end_coordinates_missing_or_invalid|no_valid_location_points|requires_crosswalk_or_marine_review|timezone_not_normalized_to_utc
5344569,1148165,2003,2003-03-20T11:00:00,2003-03-20T14:00:00,EST,3.0,37,,Z,086,HOKE,0,0,0,0,,,,0,,0,1,begin_coordinates_missing_or_invalid|damage_crops_missing|damage_property_missing|end_coordinates_missing_or_invalid|no_valid_location_points|requires_crosswalk_or_marine_review|timezone_not_normalized_to_utc
5344570,1148165,2003,2003-03-20T11:00:00,2003-03-20T14:00:00,EST,3.0,37,,Z,075,MOORE,0,0,0,0,,,,0,,0,1,begin_coordinates_missing_or_invalid|damage_crops_missing|damage_property_missing|end_coordinates_missing_or_invalid|no_valid_location_points|requires_crosswalk_or_marine_review|timezone_not_normalized_to_utc
5344571,1148165,2003,2003-03-20T10:00:00,2003-03-20T14:00:00,EST,4.0,37,,Z,024,ORANGE,0,0,0,0,,,,0,,0,1,begin_coordinates_missing_or_invalid|damage_crops_missing|damage_property_missing|end_coordinates_missing_or_invalid|no_valid_location_points|requires_crosswalk_or_marine_review|timezone_not_normalized_to_utc
5344572,1148165,2003,2003-03-20T10:00:00,2003-03-20T14:00:00,EST,4.0,37,,Z,007,PERSON,0,0,0,0,,,,0,,0,1,begin_coordinates_missing_or_invalid|damage_crops_missing|damage_property_missing|end_coordinates_missing_or_invalid|no_valid_location_points|requires_crosswalk_or_marine_review|timezone_not_normalized_to_utc
5344573,1148165,2003,2003-03-20T11:00:00,2003-03-20T14:00:00,EST,3.0,37,,Z,084,RICHMOND,0,0,0,0,,,,0,,0,1,begin_coordinates_missing_or_invalid|damage_crops_missing|damage_property_missing|end_coordinates_missing_or_invalid|no_valid_location_points|requires_crosswalk_or_marine_review|timezone_not_normalized_to_utc
5344574,1148165,2003,2003-03-20T11:30:00,2003-03-20T15:00:00,EST,3.5,37,,Z,009,VANCE,0,0,0,0,,,,0,,0,1,begin_coordinates_missing_or_invalid|damage_crops_missing|damage_property_missing|end_coordinates_missing_or_invalid|no_valid_location_points|requires_crosswalk_or_marine_review|timezone_not_normalized_to_utc
5344575,1148165,2003,2003-03-20T11:30:00,2003-03-20T15:00:00,EST,3.5,37,,Z,088,CUMBERLAND,0,0,0,0,,,,0,,0,1,begin_coordinates_missing_or_invalid|damage_crops_missing|damage_property_missing|end_coordinates_missing_or_invalid|no_valid_location_points|requires_crosswalk_or_marine_review|timezone_not_normalized_to_utc
5344576,1148165,2003,2003-03-20T11:30:00,2003-03-20T15:00:00,EST,3.5,37,,Z,026,FRANKLIN,0,0,0,0,,,,0,,0,1,begin_coordinates_missing_or_invalid|damage_crops_missing|damage_property_missing|end_coordinates_missing_or_invalid|no_valid_location_points|requires_crosswalk_or_marine_review|timezone_not_normalized_to_utc
5344577,1148165,2003,2003-03-20T11:30:00,2003-03-20T15:00:00,EST,3.5,37,,Z,077,HARNETT,0,0,0,0,,,,0,,0,1,begin_coordinates_missing_or_invalid|damage_crops_missing|damage_property_missing|end_coordinates_missing_or_invalid|no_valid_location_points|requires_crosswalk_or_marine_review|timezone_not_normalized_to_utc
5344578,1148165,2003,2003-03-20T11:30:00,2003-03-20T15:00:00,EST,3.5,37,,Z,041,WAKE,0,0,0,0,,,,0,,0,1,begin_coordinates_missing_or_invalid|damage_crops_missing|damage_property_missing|end_coordinates_missing_or_invalid|no_valid_location_points|requires_crosswalk_or_marine_review|timezone_not_normalized_to_utc
5344599,1147986,2003,2003-03-20T17:45:00,2003-03-20T18:30:00,EST,0.75,21,,Z,100,LEWIS,0,0,0,0,,,,0,,0,1,begin_coordinates_missing_or_invalid|damage_crops_missing|damage_property_missing|end_coordinates_missing_or_invalid|no_valid_location_points|requires_crosswalk_or_marine_review|timezone_not_normalized_to_utc
5344673,1147994,2003,2003-02-27T10:30:00,2003-02-27T15:30:00,EST,5.0,45,,Z,012,LAURENS,0,0,0,0,,,,0,,0,1,begin_coordinates_missing_or_invalid|damage_crops_missing|damage_property_missing|end_coordinates_missing_or_invalid|no_valid_location_points|requires_crosswalk_or_marine_review|timezone_not_normalized_to_utc
5345046,1148066,2003,2003-02-15T19:18:00,2003-02-17T19:18:00,EST,48.0,21,,Z,108,WOLFE,0,0,0,0,0,0,,0,,0,1,begin_coordinates_missing_or_invalid|end_coordinates_missing_or_invalid|no_valid_location_points|requires_crosswalk_or_marine_review|timezone_not_normalized_to_utc
5345047,1148066,2003,2003-02-15T15:54:00,2003-02-17T12:00:00,EST,44.1,21,,Z,118,LETCHER,0,0,0,0,100000,0,,0,,0,1,begin_coordinates_missing_or_invalid|end_coordinates_missing_or_invalid|no_valid_location_points|requires_crosswalk_or_marine_review|timezone_not_normalized_to_utc
5345049,1148066,2003,2003-02-15T14:36:00,2003-02-19T22:06:00,EST,103.5,21,,Z,111,LEE,0,0,0,0,0,0,,0,,0,1,begin_coordinates_missing_or_invalid|end_coordinates_missing_or_invalid|no_valid_location_points|requires_crosswalk_or_marine_review|timezone_not_normalized_to_utc
5345156,1148238,2003,2003-03-12T12:00:00,2003-03-13T18:00:00,MST,30.0,30,,Z,014,SOUTHERN LEWIS AND CLARK,0,0,0,0,250000,,,0,,0,1,begin_coordinates_missing_or_invalid|damage_crops_missing|end_coordinates_missing_or_invalid|no_valid_location_points|requires_crosswalk_or_marine_review|timezone_not_normalized_to_utc
5345280,1148063,2003,2003-02-23T17:55:00,2003-02-25T06:03:00,EST,36.13333333333333,21,,Z,119,MARTIN,0,0,0,0,0,0,,0,,0,1,begin_coordinates_missing_or_invalid|end_coordinates_missing_or_invalid|no_valid_location_points|requires_crosswalk_or_marine_review|timezone_not_normalized_to_utc
5345282,1148065,2003,2003-02-16T03:30:00,2003-02-16T13:45:00,EST,10.25,21,,Z,088,HARLAN,0,0,0,0,365550.00,,,0,,0,1,begin_coordinates_missing_or_invalid|damage_crops_missing|end_coordinates_missing_or_invalid|no_valid_location_points|requires_crosswalk_or_marine_review|timezone_not_normalized_to_utc
5345283,1148065,2003,2003-02-16T02:03:00,2003-02-17T09:41:00,EST,31.633333333333333,21,,Z,087,BELL,0,0,0,0,1130000.00,,,0,,0,1,begin_coordinates_missing_or_invalid|damage_crops_missing|end_coordinates_missing_or_invalid|no_valid_location_points|requires_crosswalk_or_marine_review|timezone_not_normalized_to_utc
5345349,1148065,2003,2003-02-16T06:29:00,2003-02-18T22:11:00,EST,63.7,21,,Z,086,KNOX,0,0,0,0,2270000.00,,,0,,0,1,begin_coordinates_missing_or_invalid|damage_crops_missing|end_coordinates_missing_or_invalid|no_valid_location_points|requires_crosswalk_or_marine_review|timezone_not_normalized_to_utc
5345350,1148065,2003,2003-02-16T09:09:00,2003-02-20T09:09:00,EST,96.0,21,,Z,085,WHITLEY,0,0,0,0,3660000.00,,,0,,0,1,begin_coordinates_missing_or_invalid|damage_crops_missing|end_coordinates_missing_or_invalid|no_valid_location_points|requires_crosswalk_or_marine_review|timezone_not_normalized_to_utc
5345351,1148065,2003,2003-02-16T06:00:00,2003-02-16T23:06:00,EST,17.1,21,,Z,115,PERRY,0,0,0,0,609840.00,,,0,,0,1,begin_coordinates_missing_or_invalid|damage_crops_missing|end_coordinates_missing_or_invalid|no_valid_location_points|requires_crosswalk_or_marine_review|timezone_not_normalized_to_utc
5345352,1148065,2003,2003-02-16T11:17:00,2003-02-18T09:33:00,EST,46.266666666666666,21,,Z,112,BREATHITT,0,0,0,0,1650000.00,,,0,,0,1,begin_coordinates_missing_or_invalid|damage_crops_missing|end_coordinates_missing_or_invalid|no_valid_location_points|requires_crosswalk_or_marine_review|timezone_not_normalized_to_utc
5345353,1148065,2003,2003-02-16T03:38:00,2003-02-18T08:20:00,EST,52.7,21,,Z,114,OWSLEY,0,0,0,0,1880000.00,,,0,,0,1,begin_coordinates_missing_or_invalid|damage_crops_missing|end_coordinates_missing_or_invalid|no_valid_location_points|requires_crosswalk_or_marine_review|timezone_not_normalized_to_utc
5345354,1148065,2003,2003-02-16T01:48:00,2003-02-19T03:29:00,EST,73.68333333333334,21,,Z,111,LEE,0,0,0,0,2510000.00,,,0,,0,1,begin_coordinates_missing_or_invalid|damage_crops_missing|end_coordinates_missing_or_invalid|no_valid_location_points|requires_crosswalk_or_marine_review|timezone_not_normalized_to_utc
5345355,1148065,2003,2003-02-16T08:45:00,2003-02-18T09:00:00,EST,48.25,21,,Z,059,POWELL,0,0,0,0,1720000.00,,,0,,0,1,begin_coordinates_missing_or_invalid|damage_crops_missing|end_coordinates_missing_or_invalid|no_valid_location_points|requires_crosswalk_or_marine_review|timezone_not_normalized_to_utc
5345356,1148065,2003,2003-02-16T08:18:00,2003-02-16T23:29:00,EST,15.183333333333334,21,,Z,120,PIKE,0,0,0,0,3310000.00,,,0,,0,1,begin_coordinates_missing_or_invalid|damage_crops_missing|end_coordinates_missing_or_invalid|no_valid_location_points|requires_crosswalk_or_marine_review|timezone_not_normalized_to_utc
5345401,1148066,2003,2003-02-16T01:05:00,2003-02-17T12:00:00,EST,34.916666666666664,21,,Z,115,PERRY,0,0,0,0,0,0,,0,,0,1,begin_coordinates_missing_or_invalid|end_coordinates_missing_or_invalid|no_valid_location_points|requires_crosswalk_or_marine_review|timezone_not_normalized_to_utc
5345402,1148066,2003,2003-02-16T01:05:00,2003-02-17T18:00:00,EST,40.916666666666664,21,,Z,120,PIKE,0,0,0,0,0,0,,0,,0,1,begin_coordinates_missing_or_invalid|end_coordinates_missing_or_invalid|no_valid_location_points|requires_crosswalk_or_marine_review|timezone_not_normalized_to_utc
5345403,1148066,2003,2003-02-16T02:00:00,2003-02-17T12:00:00,EST,34.0,21,,Z,087,BELL,0,0,0,0,0,0,,0,,0,1,begin_coordinates_missing_or_invalid|end_coordinates_missing_or_invalid|no_valid_location_points|requires_crosswalk_or_marine_review|timezone_not_normalized_to_utc
5345404,1148066,2003,2003-02-16T03:45:00,2003-02-19T07:00:00,EST,75.25,21,,Z,117,LESLIE,0,0,0,0,0,0,,0,,0,1,begin_coordinates_missing_or_invalid|end_coordinates_missing_or_invalid|no_valid_location_points|requires_crosswalk_or_marine_review|timezone_not_normalized_to_utc
5345405,1148066,2003,2003-02-16T08:45:00,2003-02-17T18:00:00,EST,33.25,21,,Z,069,JACKSON,0,0,0,0,0,0,,0,,0,1,begin_coordinates_missing_or_invalid|end_coordinates_missing_or_invalid|no_valid_location_points|requires_crosswalk_or_marine_review|timezone_not_normalized_to_utc
5345406,1148066,2003,2003-02-16T09:00:00,2003-02-17T12:00:00,EST,27.0,21,,Z,083,WAYNE,0,0,0,0,0,0,,0,,0,1,begin_coordinates_missing_or_invalid|end_coordinates_missing_or_invalid|no_valid_location_points|requires_crosswalk_or_marine_review|timezone_not_normalized_to_utc
5345486,1148238,2003,2003-03-12T12:00:00,2003-03-13T18:00:00,MST,30.0,30,,Z,055,GALLATIN,0,0,0,0,500000,,,0,,0,1,begin_coordinates_missing_or_invalid|damage_crops_missing|end_coordinates_missing_or_invalid|no_valid_location_points|requires_crosswalk_or_marine_review|timezone_not_normalized_to_utc
5345500,1148066,2003,2003-02-16T09:00:00,2003-02-17T18:00:00,EST,33.0,21,,Z,052,ROWAN,0,0,0,0,0,0,,0,,0,1,begin_coordinates_missing_or_invalid|end_coordinates_missing_or_invalid|no_valid_location_points|requires_crosswalk_or_marine_review|timezone_not_normalized_to_utc
5345501,1148066,2003,2003-02-16T09:00:00,2003-02-18T11:40:00,EST,50.666666666666664,21,,Z,110,FLOYD,0,0,0,0,0,0,,0,,0,1,begin_coordinates_missing_or_invalid|end_coordinates_missing_or_invalid|no_valid_location_points|requires_crosswalk_or_marine_review|timezone_not_normalized_to_utc
5345502,1148066,2003,2003-02-16T09:00:00,2003-02-17T12:00:00,EST,27.0,21,,Z,080,LAUREL,0,0,0,0,0,0,,0,,0,1,begin_coordinates_missing_or_invalid|end_coordinates_missing_or_invalid|no_valid_location_points|requires_crosswalk_or_marine_review|timezone_not_normalized_to_utc
5345503,1148066,2003,2003-02-16T09:30:00,2003-02-18T06:00:00,EST,44.5,21,,Z,119,MARTIN,0,0,0,0,0,0,,0,,0,1,begin_coordinates_missing_or_invalid|end_coordinates_missing_or_invalid|no_valid_location_points|requires_crosswalk_or_marine_review|timezone_not_normalized_to_utc
5345504,1148066,2003,2003-02-16T10:30:00,2003-02-17T12:00:00,EST,25.5,21,,Z,068,ROCKCASTLE,0,0,0,0,0,0,,0,,0,1,begin_coordinates_missing_or_invalid|end_coordinates_missing_or_invalid|no_valid_location_points|requires_crosswalk_or_marine_review|timezone_not_normalized_to_utc
5345505,1148066,2003,2003-02-16T12:33:00,2003-02-17T18:00:00,EST,29.45,21,,Z,060,MENIFEE,0,0,0,0,30000,0,,0,,0,1,begin_coordinates_missing_or_invalid|end_coordinates_missing_or_invalid|no_valid_location_points|requires_crosswalk_or_marine_review|timezone_not_normalized_to_utc
5345506,1148066,2003,2003-02-16T15:39:00,2003-02-17T12:00:00,EST,20.35,21,,Z,116,CLAY,0,0,0,0,100000,0,,0,,0,1,begin_coordinates_missing_or_invalid|end_coordinates_missing_or_invalid|no_valid_location_points|requires_crosswalk_or_marine_review|timezone_not_normalized_to_utc
5345508,1148067,2003,2003-02-18T08:30:00,2003-02-19T22:06:00,EST,37.6,21,,Z,085,WHITLEY,0,0,0,0,0,0,,0,,0,1,begin_coordinates_missing_or_invalid|end_coordinates_missing_or_invalid|no_valid_location_points|requires_crosswalk_or_marine_review|timezone_not_normalized_to_utc
5345509,1148068,2003,2003-02-23T09:51:00,2003-02-23T17:43:00,EST,7.866666666666666,21,,Z,085,WHITLEY,0,0,0,0,0,0,,0,,0,1,begin_coordinates_missing_or_invalid|end_coordinates_missing_or_invalid|no_valid_location_points|requires_crosswalk_or_marine_review|timezone_not_normalized_to_utc
5345510,1148068,2003,2003-02-23T15:40:00,2003-02-23T20:12:00,EST,4.533333333333333,21,,Z,111,LEE,0,0,0,0,0,0,,0,,0,1,begin_coordinates_missing_or_invalid|end_coordinates_missing_or_invalid|no_valid_location_points|requires_crosswalk_or_marine_review|timezone_not_normalized_to_utc
5345583,1148027,2003,2003-02-22T22:00:00,2003-02-23T02:00:00,EST,4.0,37,,Z,065,HENDERSON,0,0,0,0,,,,0,,0,1,begin_coordinates_missing_or_invalid|damage_crops_missing|damage_property_missing|end_coordinates_missing_or_invalid|no_valid_location_points|requires_crosswalk_or_marine_review|timezone_not_normalized_to_utc
5345641,1147850,2003,2003-03-13T22:00:00,2003-03-16T18:00:00,CST,68.0,18,,Z,081,GIBSON,0,0,0,0,,,,0,,0,1,begin_coordinates_missing_or_invalid|damage_crops_missing|damage_property_missing|end_coordinates_missing_or_invalid|no_valid_location_points|requires_crosswalk_or_marine_review|timezone_not_normalized_to_utc
5345642,1147850,2003,2003-03-13T22:00:00,2003-03-16T18:00:00,CST,68.0,18,,Z,082,PIKE,0,0,0,0,,,,0,,0,1,begin_coordinates_missing_or_invalid|damage_crops_missing|damage_property_missing|end_coordinates_missing_or_invalid|no_valid_location_points|requires_crosswalk_or_marine_review|timezone_not_normalized_to_utc
5345643,1147851,2003,2003-03-01T00:01:00,2003-03-07T22:00:00,CST,165.98333333333332,18,,Z,085,POSEY,0,0,0,0,,,,0,,0,1,begin_coordinates_missing_or_invalid|damage_crops_missing|damage_property_missing|end_coordinates_missing_or_invalid|no_valid_location_points|requires_crosswalk_or_marine_review|timezone_not_normalized_to_utc
5345644,1147851,2003,2003-03-01T00:01:00,2003-03-07T22:00:00,CST,165.98333333333332,18,,Z,088,SPENCER,0,0,0,0,,,,0,,0,1,begin_coordinates_missing_or_invalid|damage_crops_missing|damage_property_missing|end_coordinates_missing_or_invalid|no_valid_location_points|requires_crosswalk_or_marine_review|timezone_not_normalized_to_utc
5345645,1147851,2003,2003-03-01T00:01:00,2003-03-07T22:00:00,CST,165.98333333333332,18,,Z,087,WARRICK,0,0,0,0,,,,0,,0,1,begin_coordinates_missing_or_invalid|damage_crops_missing|damage_property_missing|end_coordinates_missing_or_invalid|no_valid_location_points|requires_crosswalk_or_marine_review|timezone_not_normalized_to_utc
5345646,1147852,2003,2003-03-01T00:01:00,2003-03-11T18:00:00,CST,257.98333333333335,17,,Z,092,ALEXANDER,0,0,0,0,,,,0,,0,1,begin_coordinates_missing_or_invalid|damage_crops_missing|damage_property_missing|end_coordinates_missing_or_invalid|no_valid_location_points|requires_crosswalk_or_marine_review|timezone_not_normalized_to_utc
5345647,1147852,2003,2003-03-01T00:01:00,2003-03-11T18:00:00,CST,257.98333333333335,17,,Z,087,GALLATIN,0,0,0,0,,,,0,,0,1,begin_coordinates_missing_or_invalid|damage_crops_missing|damage_property_missing|end_coordinates_missing_or_invalid|no_valid_location_points|requires_crosswalk_or_marine_review|timezone_not_normalized_to_utc
5345648,1147852,2003,2003-03-01T00:01:00,2003-03-11T18:00:00,CST,257.98333333333335,17,,Z,091,HARDIN,0,0,0,0,,,,0,,0,1,begin_coordinates_missing_or_invalid|damage_crops_missing|damage_property_missing|end_coordinates_missing_or_invalid|no_valid_location_points|requires_crosswalk_or_marine_review|timezone_not_normalized_to_utc
5345649,1147852,2003,2003-03-01T00:01:00,2003-03-11T18:00:00,CST,257.98333333333335,17,,Z,094,MASSAC,0,0,0,0,,,,0,,0,1,begin_coordinates_missing_or_invalid|damage_crops_missing|damage_property_missing|end_coordinates_missing_or_invalid|no_valid_location_points|requires_crosswalk_or_marine_review|timezone_not_normalized_to_utc
5345650,1147852,2003,2003-03-01T00:01:00,2003-03-11T18:00:00,CST,257.98333333333335,17,,Z,090,POPE,0,0,0,0,,,,0,,0,1,begin_coordinates_missing_or_invalid|damage_crops_missing|damage_property_missing|end_coordinates_missing_or_invalid|no_valid_location_points|requires_crosswalk_or_marine_review|timezone_not_normalized_to_utc
5345651,1147852,2003,2003-03-01T00:01:00,2003-03-11T18:00:00,CST,257.98333333333335,17,,Z,093,PULASKI,0,0,0,0,,,,0,,0,1,begin_coordinates_missing_or_invalid|damage_crops_missing|damage_property_missing|end_coordinates_missing_or_invalid|no_valid_location_points|requires_crosswalk_or_marine_review|timezone_not_normalized_to_utc
5345665,1148132,2003,2003-03-20T09:00:00,2003-03-20T23:00:00,EST,14.0,51,,Z,059,CHARLOTTE,0,0,0,0,0,,,0,,0,1,begin_coordinates_missing_or_invalid|damage_crops_missing|end_coordinates_missing_or_invalid|no_valid_location_points|requires_crosswalk_or_marine_review|timezone_not_normalized_to_utc
5345666,1148132,2003,2003-03-20T09:00:00,2003-03-20T23:00:00,EST,14.0,51,,Z,045,CAMPBELL,0,0,0,0,0,,,0,,0,1,begin_coordinates_missing_or_invalid|damage_crops_missing|end_coordinates_missing_or_invalid|no_valid_location_points|requires_crosswalk_or_marine_review|timezone_not_normalized_to_utc
5345667,1148132,2003,2003-03-20T09:00:00,2003-03-20T23:00:00,EST,14.0,51,,Z,033,FRANKLIN,0,0,0,0,0,,,0,,0,1,begin_coordinates_missing_or_invalid|damage_crops_missing|end_coordinates_missing_or_invalid|no_valid_location_points|requires_crosswalk_or_marine_review|timezone_not_normalized_to_utc
5345668,1148132,2003,2003-03-20T09:00:00,2003-03-20T23:00:00,EST,14.0,51,,Z,058,HALIFAX,0,0,0,0,0,,,0,,0,1,begin_coordinates_missing_or_invalid|damage_crops_missing|end_coordinates_missing_or_invalid|no_valid_location_points|requires_crosswalk_or_marine_review|timezone_not_normalized_to_utc
5345669,1148132,2003,2003-03-20T09:00:00,2003-03-20T23:00:00,EST,14.0,51,,Z,032,PATRICK,0,0,0,0,0,,,0,,0,1,begin_coordinates_missing_or_invalid|damage_crops_missing|end_coordinates_missing_or_invalid|no_valid_location_points|requires_crosswalk_or_marine_review|timezone_not_normalized_to_utc
5345670,1148132,2003,2003-03-20T09:00:00,2003-03-20T23:00:00,EST,14.0,51,,Z,044,PITTSYLVANIA,0,0,0,0,0,,,0,,0,1,begin_coordinates_missing_or_invalid|damage_crops_missing|end_coordinates_missing_or_invalid|no_valid_location_points|requires_crosswalk_or_marine_review|timezone_not_normalized_to_utc
5345675,1148132,2003,2003-03-20T09:00:00,2003-03-20T23:00:00,EST,14.0,51,,Z,046,APPOMATTOX,0,0,0,0,0,,,0,,0,1,begin_coordinates_missing_or_invalid|damage_crops_missing|end_coordinates_missing_or_invalid|no_valid_location_points|requires_crosswalk_or_marine_review|timezone_not_normalized_to_utc
5345676,1148132,2003,2003-03-20T18:30:00,2003-03-21T11:00:00,EST,16.5,51,,Z,045,CAMPBELL,0,0,0,0,0,,,0,,0,1,begin_coordinates_missing_or_invalid|damage_crops_missing|end_coordinates_missing_or_invalid|no_valid_location_points|requires_crosswalk_or_marine_review|timezone_not_normalized_to_utc
5345677,1148132,2003,2003-03-20T18:30:00,2003-03-23T16:00:00,EST,69.5,51,,Z,059,CHARLOTTE,0,0,0,0,0,,,0,,0,1,begin_coordinates_missing_or_invalid|damage_crops_missing|end_coordinates_missing_or_invalid|no_valid_location_points|requires_crosswalk_or_marine_review|timezone_not_normalized_to_utc
5345678,1148132,2003,2003-03-20T08:00:00,2003-03-22T20:30:00,EST,60.5,51,,Z,044,PITTSYLVANIA,0,0,0,0,0,,,0,,0,1,begin_coordinates_missing_or_invalid|damage_crops_missing|end_coordinates_missing_or_invalid|no_valid_location_points|requires_crosswalk_or_marine_review|timezone_not_normalized_to_utc
5345679,1148132,2003,2003-03-20T13:30:00,2003-03-24T19:15:00,EST,101.75,51,,Z,058,HALIFAX,0,0,0,0,200000,,,0,,0,1,begin_coordinates_missing_or_invalid|damage_crops_missing|end_coordinates_missing_or_invalid|no_valid_location_points|requires_crosswalk_or_marine_review|timezone_not_normalized_to_utc
5345680,1148132,2003,2003-03-20T09:30:00,2003-03-24T16:30:00,EST,103.0,51,,Z,058,HALIFAX,0,0,0,0,0,,,0,,0,1,begin_coordinates_missing_or_invalid|damage_crops_missing|end_coordinates_missing_or_invalid|no_valid_location_points|requires_crosswalk_or_marine_review|timezone_not_normalized_to_utc
5345681,1148133,2003,2003-03-20T09:00:00,2003-03-20T23:00:00,EST,14.0,37,,Z,020,YADKIN,0,0,0,0,0,,,0,,0,1,begin_coordinates_missing_or_invalid|damage_crops_missing|end_coordinates_missing_or_invalid|no_valid_location_points|requires_crosswalk_or_marine_review|timezone_not_normalized_to_utc
5345682,1148133,2003,2003-03-20T09:00:00,2003-03-20T23:00:00,EST,14.0,37,,Z,004,STOKES,0,0,0,0,0,,,0,,0,1,begin_coordinates_missing_or_invalid|damage_crops_missing|end_coordinates_missing_or_invalid|no_valid_location_points|requires_crosswalk_or_marine_review|timezone_not_normalized_to_utc
5345683,1148133,2003,2003-03-20T09:00:00,2003-03-20T23:00:00,EST,14.0,37,,Z,003,SURRY,0,0,0,0,0,,,0,,0,1,begin_coordinates_missing_or_invalid|damage_crops_missing|end_coordinates_missing_or_invalid|no_valid_location_points|requires_crosswalk_or_marine_review|timezone_not_normalized_to_utc
5345684,1148133,2003,2003-03-20T09:00:00,2003-03-20T23:00:00,EST,14.0,37,,Z,019,WILKES,0,0,0,0,0,,,0,,0,1,begin_coordinates_missing_or_invalid|damage_crops_missing|end_coordinates_missing_or_invalid|no_valid_location_points|requires_crosswalk_or_marine_review|timezone_not_normalized_to_utc
5345701,1148137,2003,2003-03-06T06:15:00,2003-03-06T12:00:00,EST,5.75,13,,Z,019,FLOYD,0,0,0,0,,,,0,,0,1,begin_coordinates_missing_or_invalid|damage_crops_missing|damage_property_missing|end_coordinates_missing_or_invalid|no_valid_location_points|requires_crosswalk_or_marine_review|timezone_not_normalized_to_utc
5345728,1148065,2003,2003-02-16T22:51:00,2003-02-18T09:57:00,EST,35.1,21,,Z,107,JOHNSON,0,0,0,0,537000,,,0,,0,1,begin_coordinates_missing_or_invalid|damage_crops_missing|end_coordinates_missing_or_invalid|no_valid_location_points|requires_crosswalk_or_marine_review|timezone_not_normalized_to_utc
5345731,1148066,2003,2003-02-16T18:45:00,2003-02-17T12:00:00,EST,17.25,21,,Z,044,FLEMING,0,0,0,0,50000,0,,0,,0,1,begin_coordinates_missing_or_invalid|end_coordinates_missing_or_invalid|no_valid_location_points|requires_crosswalk_or_marine_review|timezone_not_normalized_to_utc
5345736,1148066,2003,2003-02-16T18:45:00,2003-02-18T23:00:00,EST,52.25,21,,Z,106,MORGAN,0,0,0,0,50000,0,,0,,0,1,begin_coordinates_missing_or_invalid|end_coordinates_missing_or_invalid|no_valid_location_points|requires_crosswalk_or_marine_review|timezone_not_normalized_to_utc
5345737,1148066,2003,2003-02-16T17:55:00,2003-02-18T23:00:00,EST,53.083333333333336,21,,Z,106,MORGAN,0,0,0,0,50000,0,,0,,0,1,begin_coordinates_missing_or_invalid|end_coordinates_missing_or_invalid|no_valid_location_points|requires_crosswalk_or_marine_review|timezone_not_normalized_to_utc
5345738,1147853,2003,2003-03-01T00:01:00,2003-03-08T14:00:00,CST,181.98333333333332,21,,Z,004,BALLARD,0,0,0,0,,,,0,,0,1,begin_coordinates_missing_or_invalid|damage_crops_missing|damage_property_missing|end_coordinates_missing_or_invalid|no_valid_location_points|requires_crosswalk_or_marine_review|timezone_not_normalized_to_utc
5345739,1147853,2003,2003-03-01T00:01:00,2003-03-08T14:00:00,CST,181.98333333333332,21,,Z,010,CRITTENDEN,0,0,0,0,,,,0,,0,1,begin_coordinates_missing_or_invalid|damage_crops_missing|damage_property_missing|end_coordinates_missing_or_invalid|no_valid_location_points|requires_crosswalk_or_marine_review|timezone_not_normalized_to_utc
5345740,1147853,2003,2003-03-01T00:01:00,2003-03-08T14:00:00,CST,181.98333333333332,21,,Z,018,HENDERSON,0,0,0,0,,,,0,,0,1,begin_coordinates_missing_or_invalid|damage_crops_missing|damage_property_missing|end_coordinates_missing_or_invalid|no_valid_location_points|requires_crosswalk_or_marine_review|timezone_not_normalized_to_utc
5345741,1147853,2003,2003-03-01T00:01:00,2003-03-08T14:00:00,CST,181.98333333333332,21,,Z,007,LIVINGSTON,0,0,0,0,,,,0,,0,1,begin_coordinates_missing_or_invalid|damage_crops_missing|damage_property_missing|end_coordinates_missing_or_invalid|no_valid_location_points|requires_crosswalk_or_marine_review|timezone_not_normalized_to_utc
5345742,1147853,2003,2003-03-01T00:01:00,2003-03-08T14:00:00,CST,181.98333333333332,21,,Z,005,MCCRACKEN,0,0,0,0,,,,0,,0,1,begin_coordinates_missing_or_invalid|damage_crops_missing|damage_property_missing|end_coordinates_missing_or_invalid|no_valid_location_points|requires_crosswalk_or_marine_review|timezone_not_normalized_to_utc
5345743,1147853,2003,2003-03-01T00:01:00,2003-03-08T14:00:00,CST,181.98333333333332,21,,Z,014,UNION,0,0,0,0,,,,0,,0,1,begin_coordinates_missing_or_invalid|damage_crops_missing|damage_property_missing|end_coordinates_missing_or_invalid|no_valid_location_points|requires_crosswalk_or_marine_review|timezone_not_normalized_to_utc
5345744,1147854,2003,2003-03-01T00:01:00,2003-03-06T12:00:00,CST,131.98333333333332,21,,Z,019,DAVIESS,0,0,0,0,,,,0,,0,1,begin_coordinates_missing_or_invalid|damage_crops_missing|damage_property_missing|end_coordinates_missing_or_invalid|no_valid_location_points|requires_crosswalk_or_marine_review|timezone_not_normalized_to_utc
5345745,1147854,2003,2003-03-01T00:01:00,2003-03-06T12:00:00,CST,131.98333333333332,21,,Z,018,HENDERSON,0,0,0,0,,,,0,,0,1,begin_coordinates_missing_or_invalid|damage_crops_missing|damage_property_missing|end_coordinates_missing_or_invalid|no_valid_location_points|requires_crosswalk_or_marine_review|timezone_not_normalized_to_utc
5345746,1147854,2003,2003-03-01T00:01:00,2003-03-06T12:00:00,CST,131.98333333333332,21,,Z,020,MCLEAN,0,0,0,0,,,,0,,0,1,begin_coordinates_missing_or_invalid|damage_crops_missing|damage_property_missing|end_coordinates_missing_or_invalid|no_valid_location_points|requires_crosswalk_or_marine_review|timezone_not_normalized_to_utc
5345747,1147854,2003,2003-03-01T00:01:00,2003-03-06T12:00:00,CST,131.98333333333332,21,,Z,021,MUHLENBERG,0,0,0,0,,,,0,,0,1,begin_coordinates_missing_or_invalid|damage_crops_missing|damage_property_missing|end_coordinates_missing_or_invalid|no_valid_location_points|requires_crosswalk_or_marine_review|timezone_not_normalized_to_utc
5345748,1147854,2003,2003-03-01T00:01:00,2003-03-06T12:00:00,CST,131.98333333333332,21,,Z,015,WEBSTER,0,0,0,0,,,,0,,0,1,begin_coordinates_missing_or_invalid|damage_crops_missing|damage_property_missing|end_coordinates_missing_or_invalid|no_valid_location_points|requires_crosswalk_or_marine_review|timezone_not_normalized_to_utc
5345749,1147855,2003,2003-03-01T08:00:00,2003-03-05T19:00:00,CST,107.0,18,,Z,081,GIBSON,0,0,0,0,,,,0,,0,1,begin_coordinates_missing_or_invalid|damage_crops_missing|damage_property_missing|end_coordinates_missing_or_invalid|no_valid_location_points|requires_crosswalk_or_marine_review|timezone_not_normalized_to_utc
5345750,1147856,2003,2003-03-01T00:01:00,2003-03-03T17:00:00,CST,64.98333333333333,17,,Z,084,JACKSON,0,0,0,0,,,,0,,0,1,begin_coordinates_missing_or_invalid|damage_crops_missing|damage_property_missing|end_coordinates_missing_or_invalid|no_valid_location_points|requires_crosswalk_or_marine_review|timezone_not_normalized_to_utc
5345751,1147857,2003,2003-03-01T00:01:00,2003-03-04T13:00:00,CST,84.98333333333333,17,,Z,083,WHITE,0,0,0,0,,,,0,,0,1,begin_coordinates_missing_or_invalid|damage_crops_missing|damage_property_missing|end_coordinates_missing_or_invalid|no_valid_location_points|requires_crosswalk_or_marine_review|timezone_not_normalized_to_utc
5345824,1148066,2003,2003-02-16T17:07:00,2003-02-18T11:40:00,EST,42.55,21,,Z,114,OWSLEY,0,0,0,0,50000,0,,0,,0,1,begin_coordinates_missing_or_invalid|end_coordinates_missing_or_invalid|no_valid_location_points|requires_crosswalk_or_marine_review|timezone_not_normalized_to_utc
5345825,1148066,2003,2003-02-16T11:30:00,2003-02-20T14:40:00,EST,99.16666666666667,21,,Z,058,ESTILL,0,0,0,0,100000,0,,0,,0,1,begin_coordinates_missing_or_invalid|end_coordinates_missing_or_invalid|no_valid_location_points|requires_crosswalk_or_marine_review|timezone_not_normalized_to_utc
5345826,1148066,2003,2003-02-16T16:30:00,2003-02-18T23:00:00,EST,54.5,21,,Z,107,JOHNSON,0,0,0,0,50000,0,,0,,0,1,begin_coordinates_missing_or_invalid|end_coordinates_missing_or_invalid|no_valid_location_points|requires_crosswalk_or_marine_review|timezone_not_normalized_to_utc
5345832,1148066,2003,2003-02-15T16:15:00,2003-02-17T12:00:00,EST,43.75,21,,Z,050,MONTGOMERY,0,0,0,0,0,0,,0,,0,1,begin_coordinates_missing_or_invalid|end_coordinates_missing_or_invalid|no_valid_location_points|requires_crosswalk_or_marine_review|timezone_not_normalized_to_utc
5345833,1148066,2003,2003-02-15T17:51:00,2003-02-15T17:51:00,EST,0.0,21,,Z,058,ESTILL,0,0,0,0,0,0,,0,,0,1,begin_coordinates_missing_or_invalid|end_coordinates_missing_or_invalid|no_valid_location_points|requires_crosswalk_or_marine_review|timezone_not_normalized_to_utc
5345834,1148066,2003,2003-02-15T22:01:00,2003-02-19T07:00:00,EST,80.98333333333333,21,,Z,112,BREATHITT,0,0,0,0,0,0,,0,,0,1,begin_coordinates_missing_or_invalid|end_coordinates_missing_or_invalid|no_valid_location_points|requires_crosswalk_or_marine_review|timezone_not_normalized_to_utc
5345870,1147958,2003,2003-02-12T12:12:00,2003-02-12T12:12:00,PST,0.0,06,,Z,047,LOS ANGELES COUNTY VALLEYS,0,0,0,0,,,,0,,0,1,begin_coordinates_missing_or_invalid|damage_crops_missing|damage_property_missing|end_coordinates_missing_or_invalid|no_valid_location_points|requires_crosswalk_or_marine_review|timezone_not_normalized_to_utc
5345871,1147958,2003,2003-02-12T15:27:00,2003-02-12T15:27:00,PST,0.0,06,,Z,059,ANTELOPE VALLEY,0,0,0,0,,,,0,,0,1,begin_coordinates_missing_or_invalid|damage_crops_missing|damage_property_missing|end_coordinates_missing_or_invalid|no_valid_location_points|requires_crosswalk_or_marine_review|timezone_not_normalized_to_utc
5345872,1147958,2003,2003-02-12T22:15:00,2003-02-12T22:15:00,PST,0.0,06,,Z,059,ANTELOPE VALLEY,0,0,0,0,,,,0,,0,1,begin_coordinates_missing_or_invalid|damage_crops_missing|damage_property_missing|end_coordinates_missing_or_invalid|no_valid_location_points|requires_crosswalk_or_marine_review|timezone_not_normalized_to_utc
5345907,1148218,2003,2003-03-17T02:00:00,2003-03-26T12:00:00,CST,226.0,38,,Z,032,BILLINGS,0,0,0,0,,,,0,,0,1,begin_coordinates_missing_or_invalid|damage_crops_missing|damage_property_missing|end_coordinates_missing_or_invalid|no_valid_location_points|requires_crosswalk_or_marine_review|timezone_not_normalized_to_utc
5345908,1148218,2003,2003-03-17T02:00:00,2003-03-26T12:00:00,CST,226.0,38,,Z,018,DUNN,0,0,0,0,,,,0,,0,1,begin_coordinates_missing_or_invalid|damage_crops_missing|damage_property_missing|end_coordinates_missing_or_invalid|no_valid_location_points|requires_crosswalk_or_marine_review|timezone_not_normalized_to_utc
5345909,1148218,2003,2003-03-17T02:00:00,2003-03-26T12:00:00,CST,226.0,38,,Z,031,GOLDEN VALLEY,0,0,0,0,,,,0,,0,1,begin_coordinates_missing_or_invalid|damage_crops_missing|damage_property_missing|end_coordinates_missing_or_invalid|no_valid_location_points|requires_crosswalk_or_marine_review|timezone_not_normalized_to_utc
5345910,1148218,2003,2003-03-17T02:00:00,2003-03-26T12:00:00,CST,226.0,38,,Z,017,MCKENZIE,0,0,0,0,,,,0,,0,1,begin_coordinates_missing_or_invalid|damage_crops_missing|damage_property_missing|end_coordinates_missing_or_invalid|no_valid_location_points|requires_crosswalk_or_marine_review|timezone_not_normalized_to_utc
5345911,1148218,2003,2003-03-17T02:00:00,2003-03-26T12:00:00,CST,226.0,38,,Z,010,MOUNTRAIL,0,0,0,0,,,,0,,0,1,begin_coordinates_missing_or_invalid|damage_crops_missing|damage_property_missing|end_coordinates_missing_or_invalid|no_valid_location_points|requires_crosswalk_or_marine_review|timezone_not_normalized_to_utc
5345912,1148218,2003,2003-03-17T02:00:00,2003-03-26T12:00:00,CST,226.0,38,,Z,033,STARK,0,0,0,0,,,,0,,0,1,begin_coordinates_missing_or_invalid|damage_crops_missing|damage_property_missing|end_coordinates_missing_or_invalid|no_valid_location_points|requires_crosswalk_or_marine_review|timezone_not_normalized_to_utc
5345913,1148218,2003,2003-03-17T02:00:00,2003-03-26T12:00:00,CST,226.0,38,,Z,009,WILLIAMS,0,0,0,0,300000,,,0,,0,1,begin_coordinates_missing_or_invalid|damage_crops_missing|end_coordinates_missing_or_invalid|no_valid_location_points|requires_crosswalk_or_marine_review|timezone_not_normalized_to_utc
5345944,1148238,2003,2003-03-12T12:00:00,2003-03-13T18:00:00,MST,30.0,30,,Z,011,HILL,0,0,0,0,,,,0,,0,1,begin_coordinates_missing_or_invalid|damage_crops_missing|damage_property_missing|end_coordinates_missing_or_invalid|no_valid_location_points|requires_crosswalk_or_marine_review|timezone_not_normalized_to_utc
5345945,1148238,2003,2003-03-12T12:00:00,2003-03-13T18:00:00,MST,30.0,30,,Z,047,BLAINE,0,0,0,0,,,,0,,0,1,begin_coordinates_missing_or_invalid|damage_crops_missing|damage_property_missing|end_coordinates_missing_or_invalid|no_valid_location_points|requires_crosswalk_or_marine_review|timezone_not_normalized_to_utc
5346075,1148984,2003,2003-03-19T21:00:00,2003-03-20T07:00:00,CST,10.0,40,,Z,060,TULSA,0,0,0,0,,,,0,,0,1,begin_coordinates_missing_or_invalid|damage_crops_missing|damage_property_missing|end_coordinates_missing_or_invalid|no_valid_location_points|requires_crosswalk_or_marine_review|timezone_not_normalized_to_utc
5346134,1148700,2003,2003-03-20T11:30:00,2003-03-20T20:00:00,EST,8.5,51,,Z,026,ROCKINGHAM,0,0,0,0,,,,0,,0,1,begin_coordinates_missing_or_invalid|damage_crops_missing|damage_property_missing|end_coordinates_missing_or_invalid|no_valid_location_points|requires_crosswalk_or_marine_review|timezone_not_normalized_to_utc
5346135,1148700,2003,2003-03-20T11:00:00,2003-03-20T17:00:00,EST,6.0,51,,Z,037,ALBEMARLE,0,0,0,0,,,,0,,0,1,begin_coordinates_missing_or_invalid|damage_crops_missing|damage_property_missing|end_coordinates_missing_or_invalid|no_valid_location_points|requires_crosswalk_or_marine_review|timezone_not_normalized_to_utc
5346136,1148700,2003,2003-03-20T11:30:00,2003-03-20T20:00:00,EST,8.5,51,,Z,039,MADISON,0,0,0,0,,,,0,,0,1,begin_coordinates_missing_or_invalid|damage_crops_missing|damage_property_missing|end_coordinates_missing_or_invalid|no_valid_location_points|requires_crosswalk_or_marine_review|timezone_not_normalized_to_utc
5346137,1148700,2003,2003-03-20T11:30:00,2003-03-20T20:00:00,EST,8.5,51,,Z,050,ORANGE,0,0,0,0,,,,0,,0,1,begin_coordinates_missing_or_invalid|damage_crops_missing|damage_property_missing|end_coordinates_missing_or_invalid|no_valid_location_points|requires_crosswalk_or_marine_review|timezone_not_normalized_to_utc
5346138,1148700,2003,2003-03-20T13:30:00,2003-03-20T20:00:00,EST,6.5,51,,Z,051,CULPEPER,0,0,0,0,,,,0,,0,1,begin_coordinates_missing_or_invalid|damage_crops_missing|damage_property_missing|end_coordinates_missing_or_invalid|no_valid_location_points|requires_crosswalk_or_marine_review|timezone_not_normalized_to_utc
5346139,1148700,2003,2003-03-20T13:40:00,2003-03-20T20:00:00,EST,6.333333333333333,51,,Z,056,SPOTSYLVANIA,0,0,0,0,,,,0,,0,1,begin_coordinates_missing_or_invalid|damage_crops_missing|damage_property_missing|end_coordinates_missing_or_invalid|no_valid_location_points|requires_crosswalk_or_marine_review|timezone_not_normalized_to_utc
5346140,1148700,2003,2003-03-20T13:40:00,2003-03-20T18:00:00,EST,4.333333333333333,51,,Z,057,KING GEORGE,0,0,0,0,,,,0,,0,1,begin_coordinates_missing_or_invalid|damage_crops_missing|damage_property_missing|end_coordinates_missing_or_invalid|no_valid_location_points|requires_crosswalk_or_marine_review|timezone_not_normalized_to_utc
5346141,1148700,2003,2003-03-20T13:40:00,2003-03-20T20:00:00,EST,6.333333333333333,51,,Z,055,STAFFORD,0,0,0,0,,,,0,,0,1,begin_coordinates_missing_or_invalid|damage_crops_missing|damage_property_missing|end_coordinates_missing_or_invalid|no_valid_location_points|requires_crosswalk_or_marine_review|timezone_not_normalized_to_utc
5346142,1148700,2003,2003-03-20T14:15:00,2003-03-20T18:00:00,EST,3.75,51,,Z,052,PRINCE WILLIAM,0,0,0,0,,,,0,,0,1,begin_coordinates_missing_or_invalid|damage_crops_missing|damage_property_missing|end_coordinates_missing_or_invalid|no_valid_location_points|requires_crosswalk_or_marine_review|timezone_not_normalized_to_utc
5346143,1148700,2003,2003-03-20T14:15:00,2003-03-20T18:00:00,EST,3.75,51,,Z,041,FAUQUIER,0,0,0,0,,,,0,,0,1,begin_coordinates_missing_or_invalid|damage_crops_missing|damage_property_missing|end_coordinates_missing_or_invalid|no_valid_location_points|requires_crosswalk_or_marine_review|timezone_not_normalized_to_utc
5346144,1148700,2003,2003-03-20T14:15:00,2003-03-20T18:00:00,EST,3.75,51,,Z,053,FAIRFAX,0,0,0,0,,,,0,,0,1,begin_coordinates_missing_or_invalid|damage_crops_missing|damage_property_missing|end_coordinates_missing_or_invalid|no_valid_location_points|requires_crosswalk_or_marine_review|timezone_not_normalized_to_utc
5346145,1148700,2003,2003-03-20T14:15:00,2003-03-20T18:00:00,EST,3.75,51,,Z,042,LOUDOUN,0,0,0,0,,,,0,,0,1,begin_coordinates_missing_or_invalid|damage_crops_missing|damage_property_missing|end_coordinates_missing_or_invalid|no_valid_location_points|requires_crosswalk_or_marine_review|timezone_not_normalized_to_utc
5346146,1148700,2003,2003-03-20T13:30:00,2003-03-20T20:00:00,EST,6.5,51,,Z,030,WARREN,0,0,0,0,,,,0,,0,1,begin_coordinates_missing_or_invalid|damage_crops_missing|damage_property_missing|end_coordinates_missing_or_invalid|no_valid_location_points|requires_crosswalk_or_marine_review|timezone_not_normalized_to_utc
5346147,1148700,2003,2003-03-20T13:30:00,2003-03-20T20:00:00,EST,6.5,51,,Z,027,SHENANDOAH,0,0,0,0,,,,0,,0,1,begin_coordinates_missing_or_invalid|damage_crops_missing|damage_property_missing|end_coordinates_missing_or_invalid|no_valid_location_points|requires_crosswalk_or_marine_review|timezone_not_normalized_to_utc
5346148,1148700,2003,2003-03-20T13:30:00,2003-03-20T20:00:00,EST,6.5,51,,Z,028,FREDERICK,0,0,0,0,,,,0,,0,1,begin_coordinates_missing_or_invalid|damage_crops_missing|damage_property_missing|end_coordinates_missing_or_invalid|no_valid_location_points|requires_crosswalk_or_marine_review|timezone_not_normalized_to_utc
5346149,1148701,2003,2003-03-21T02:15:00,2003-03-21T13:30:00,EST,11.25,51,,Z,041,FAUQUIER,0,0,0,0,,,,0,,0,1,begin_coordinates_missing_or_invalid|damage_crops_missing|damage_property_missing|end_coordinates_missing_or_invalid|no_valid_location_points|requires_crosswalk_or_marine_review|timezone_not_normalized_to_utc
5346181,1148707,2003,2003-03-20T14:15:00,2003-03-20T18:00:00,EST,3.75,24,,Z,004,FREDERICK,0,0,0,0,,,,0,,0,1,begin_coordinates_missing_or_invalid|damage_crops_missing|damage_property_missing|end_coordinates_missing_or_invalid|no_valid_location_points|requires_crosswalk_or_marine_review|timezone_not_normalized_to_utc
5346182,1148707,2003,2003-03-20T14:15:00,2003-03-20T18:00:00,EST,3.75,24,,Z,013,PRINCE GEORGES,0,0,0,0,,,,0,,0,1,begin_coordinates_missing_or_invalid|damage_crops_missing|damage_property_missing|end_coordinates_missing_or_invalid|no_valid_location_points|requires_crosswalk_or_marine_review|timezone_not_normalized_to_utc
5346183,1148708,2003,2003-03-20T19:45:00,2003-03-22T06:00:00,EST,34.25,24,,Z,003,WASHINGTON,0,0,0,0,,,,0,,0,1,begin_coordinates_missing_or_invalid|damage_crops_missing|damage_property_missing|end_coordinates_missing_or_invalid|no_valid_location_points|requires_crosswalk_or_marine_review|timezone_not_normalized_to_utc
5346809,1148595,2003,2003-03-09T08:00:00,2003-03-10T17:00:00,MST,33.0,16,,Z,007,OROFINO / GRANGEVILLE REGION,0,0,0,0,5000,,,0,,0,1,begin_coordinates_missing_or_invalid|damage_crops_missing|end_coordinates_missing_or_invalid|no_valid_location_points|requires_crosswalk_or_marine_review|timezone_not_normalized_to_utc
5346814,1148598,2003,2003-03-13T12:00:00,2003-03-13T17:00:00,MST,5.0,30,,Z,007,BUTTE / PINTLAR REGION,0,0,0,0,,,,0,,0,1,begin_coordinates_missing_or_invalid|damage_crops_missing|damage_property_missing|end_coordinates_missing_or_invalid|no_valid_location_points|requires_crosswalk_or_marine_review|timezone_not_normalized_to_utc
5346884,1148863,2003,2003-02-22T17:00:00,2003-02-24T07:00:00,EST,38.0,24,,Z,008,CECIL,0,0,0,0,,,,0,,0,1,begin_coordinates_missing_or_invalid|damage_crops_missing|damage_property_missing|end_coordinates_missing_or_invalid|no_valid_location_points|requires_crosswalk_or_marine_review|timezone_not_normalized_to_utc
5346888,1148865,2003,2003-02-22T19:30:00,2003-02-24T09:06:00,EST,37.6,10,,Z,001,NEW CASTLE,0,0,0,0,,,,0,,0,1,begin_coordinates_missing_or_invalid|damage_crops_missing|damage_property_missing|end_coordinates_missing_or_invalid|no_valid_location_points|requires_crosswalk_or_marine_review|timezone_not_normalized_to_utc
5346889,1148866,2003,2003-02-23T13:27:00,2003-02-24T08:57:00,EST,19.5,10,,Z,003,INLAND SUSSEX,0,0,0,0,,,,0,,0,1,begin_coordinates_missing_or_invalid|damage_crops_missing|damage_property_missing|end_coordinates_missing_or_invalid|no_valid_location_points|requires_crosswalk_or_marine_review|timezone_not_normalized_to_utc
5347029,1148977,2003,2003-03-07T06:00:00,2003-03-09T06:00:00,EST,48.0,12,,Z,017,LEON,0,0,0,0,100000,,,0,,0,1,begin_coordinates_missing_or_invalid|damage_crops_missing|end_coordinates_missing_or_invalid|no_valid_location_points|requires_crosswalk_or_marine_review|timezone_not_normalized_to_utc
5347065,1148995,2003,2003-03-17T17:00:00,2003-03-18T10:00:00,EST,17.0,36,,Z,019,CHAUTAUQUA,0,0,0,0,450000,,,0,,0,1,begin_coordinates_missing_or_invalid|damage_crops_missing|end_coordinates_missing_or_invalid|no_valid_location_points|requires_crosswalk_or_marine_review|timezone_not_normalized_to_utc
5347066,1148996,2003,2003-03-16T23:00:00,2003-03-17T16:00:00,EST,17.0,36,,Z,010,ERIE,0,0,0,0,300000,,,0,,0,1,begin_coordinates_missing_or_invalid|damage_crops_missing|end_coordinates_missing_or_invalid|no_valid_location_points|requires_crosswalk_or_marine_review|timezone_not_normalized_to_utc
5347067,1148997,2003,2003-03-18T16:00:00,2003-03-20T08:00:00,EST,40.0,36,,Z,003,MONROE,0,0,0,0,75000,,,0,,0,1,begin_coordinates_missing_or_invalid|damage_crops_missing|end_coordinates_missing_or_invalid|no_valid_location_points|requires_crosswalk_or_marine_review|timezone_not_normalized_to_utc
5347068,1148997,2003,2003-03-18T22:00:00,2003-03-19T10:00:00,EST,12.0,36,,Z,003,MONROE,0,0,0,0,50000,,,0,,0,1,begin_coordinates_missing_or_invalid|damage_crops_missing|end_coordinates_missing_or_invalid|no_valid_location_points|requires_crosswalk_or_marine_review|timezone_not_normalized_to_utc
5347069,1148997,2003,2003-03-19T12:00:00,2003-03-23T11:00:00,EST,95.0,36,,Z,001,NIAGARA,0,0,0,0,75000,,,0,,0,1,begin_coordinates_missing_or_invalid|damage_crops_missing|end_coordinates_missing_or_invalid|no_valid_location_points|requires_crosswalk_or_marine_review|timezone_not_normalized_to_utc
5347070,1148997,2003,2003-03-19T12:00:00,2003-03-23T11:00:00,EST,95.0,36,,Z,010,ERIE,0,0,0,0,75000,,,0,,0,1,begin_coordinates_missing_or_invalid|damage_crops_missing|end_coordinates_missing_or_invalid|no_valid_location_points|requires_crosswalk_or_marine_review|timezone_not_normalized_to_utc
5347071,1148998,2003,2003-03-21T05:00:00,2003-03-24T10:00:00,EST,77.0,36,,Z,020,CATTARAUGUS,0,0,0,0,100000,,,0,,0,1,begin_coordinates_missing_or_invalid|damage_crops_missing|end_coordinates_missing_or_invalid|no_valid_location_points|requires_crosswalk_or_marine_review|timezone_not_normalized_to_utc
5347072,1148998,2003,2003-03-22T14:00:00,2003-03-22T22:00:00,EST,8.0,36,,Z,020,CATTARAUGUS,0,0,0,0,100000,,,0,,0,1,begin_coordinates_missing_or_invalid|damage_crops_missing|end_coordinates_missing_or_invalid|no_valid_location_points|requires_crosswalk_or_marine_review|timezone_not_normalized_to_utc
5347226,1148351,2003,2003-03-29T13:30:00,2003-03-29T14:00:00,AST,0.5,99,,Z,001,SAN JUAN AND VICINITY,0,0,0,0,,,,0,,0,1,begin_coordinates_missing_or_invalid|damage_crops_missing|damage_property_missing|end_coordinates_missing_or_invalid|no_valid_location_points|requires_crosswalk_or_marine_review|timezone_not_normalized_to_utc
5347253,1148708,2003,2003-03-21T21:15:00,2003-03-22T10:00:00,EST,12.75,24,,Z,004,FREDERICK,0,0,0,0,,,,0,,0,1,begin_coordinates_missing_or_invalid|damage_crops_missing|damage_property_missing|end_coordinates_missing_or_invalid|no_valid_location_points|requires_crosswalk_or_marine_review|timezone_not_normalized_to_utc
5347257,1148870,2003,2003-02-22T19:40:00,2003-02-23T09:33:00,EST,13.883333333333333,42,,Z,070,DELAWARE,0,0,0,0,,0,,0,,0,1,begin_coordinates_missing_or_invalid|damage_property_missing|end_coordinates_missing_or_invalid|no_valid_location_points|requires_crosswalk_or_marine_review|timezone_not_normalized_to_utc
5347259,1148871,2003,2003-02-22T17:45:00,2003-02-23T09:33:00,EST,15.8,42,,Z,067,CHESTER,0,0,0,0,,,,0,,0,1,begin_coordinates_missing_or_invalid|damage_crops_missing|damage_property_missing|end_coordinates_missing_or_invalid|no_valid_location_points|requires_crosswalk_or_marine_review|timezone_not_normalized_to_utc
5347262,1148873,2003,2003-02-22T21:00:00,2003-02-23T01:31:00,EST,4.516666666666667,42,,Z,069,BUCKS,0,0,0,0,,,,0,,0,1,begin_coordinates_missing_or_invalid|damage_crops_missing|damage_property_missing|end_coordinates_missing_or_invalid|no_valid_location_points|requires_crosswalk_or_marine_review|timezone_not_normalized_to_utc
5347333,1148357,2003,2003-03-20T11:15:00,2003-03-20T12:30:00,EST,1.25,45,,Z,050,CHARLESTON,0,0,0,0,,,,0,,0,1,begin_coordinates_missing_or_invalid|damage_crops_missing|damage_property_missing|end_coordinates_missing_or_invalid|no_valid_location_points|requires_crosswalk_or_marine_review|timezone_not_normalized_to_utc
5347334,1148357,2003,2003-03-20T11:55:00,2003-03-20T12:00:00,EST,0.08333333333333333,45,,Z,045,BERKELEY,0,0,0,0,,,,0,,0,1,begin_coordinates_missing_or_invalid|damage_crops_missing|damage_property_missing|end_coordinates_missing_or_invalid|no_valid_location_points|requires_crosswalk_or_marine_review|timezone_not_normalized_to_utc
5347335,1148357,2003,2003-03-20T12:30:00,2003-03-20T13:00:00,EST,0.5,45,,Z,044,DORCHESTER,0,0,0,0,,,,0,,0,1,begin_coordinates_missing_or_invalid|damage_crops_missing|damage_property_missing|end_coordinates_missing_or_invalid|no_valid_location_points|requires_crosswalk_or_marine_review|timezone_not_normalized_to_utc
5347369,1148875,2003,2003-02-22T18:00:00,2003-02-23T01:45:00,EST,7.75,34,,Z,018,CAMDEN,0,0,0,0,,,,0,,0,1,begin_coordinates_missing_or_invalid|damage_crops_missing|damage_property_missing|end_coordinates_missing_or_invalid|no_valid_location_points|requires_crosswalk_or_marine_review|timezone_not_normalized_to_utc
5347370,1148875,2003,2003-02-22T18:00:00,2003-02-23T20:00:00,EST,26.0,34,,Z,017,GLOUCESTER,0,0,0,0,,,,0,,0,1,begin_coordinates_missing_or_invalid|damage_crops_missing|damage_property_missing|end_coordinates_missing_or_invalid|no_valid_location_points|requires_crosswalk_or_marine_review|timezone_not_normalized_to_utc
5347371,1148876,2003,2003-02-24T00:15:00,2003-02-25T03:44:00,EST,27.483333333333334,34,,Z,019,NORTHWESTERN BURLINGTON,0,0,0,0,,,,0,,0,1,begin_coordinates_missing_or_invalid|damage_crops_missing|damage_property_missing|end_coordinates_missing_or_invalid|no_valid_location_points|requires_crosswalk_or_marine_review|timezone_not_normalized_to_utc
5347372,1148877,2003,2003-02-23T13:00:00,2003-02-23T18:43:00,EST,5.716666666666667,34,,Z,020,WESTERN OCEAN,0,0,0,0,,,,0,,0,1,begin_coordinates_missing_or_invalid|damage_crops_missing|damage_property_missing|end_coordinates_missing_or_invalid|no_valid_location_points|requires_crosswalk_or_marine_review|timezone_not_normalized_to_utc
5347374,1148878,2003,2003-02-22T19:30:00,2003-02-23T01:22:00,EST,5.866666666666666,34,,Z,015,MERCER,0,0,0,0,,,,0,,0,1,begin_coordinates_missing_or_invalid|damage_crops_missing|damage_property_missing|end_coordinates_missing_or_invalid|no_valid_location_points|requires_crosswalk_or_marine_review|timezone_not_normalized_to_utc
5347375,1148879,2003,2003-02-22T19:37:00,2003-02-26T04:22:00,EST,80.75,34,,Z,010,SOMERSET,0,0,0,0,,,,0,,0,1,begin_coordinates_missing_or_invalid|damage_crops_missing|damage_property_missing|end_coordinates_missing_or_invalid|no_valid_location_points|requires_crosswalk_or_marine_review|timezone_not_normalized_to_utc
5347376,1148880,2003,2003-02-23T20:00:00,2003-02-24T10:21:00,EST,14.35,34,,Z,008,MORRIS,0,0,0,0,,,,0,,0,1,begin_coordinates_missing_or_invalid|damage_crops_missing|damage_property_missing|end_coordinates_missing_or_invalid|no_valid_location_points|requires_crosswalk_or_marine_review|timezone_not_normalized_to_utc
5347507,1148815,2003,2003-03-16T15:00:00,2003-03-17T06:00:00,PST,15.0,53,,Z,037,STEVENS/PEND OREILLE/X N SPOKANE,0,0,0,0,,,,0,,0,1,begin_coordinates_missing_or_invalid|damage_crops_missing|damage_property_missing|end_coordinates_missing_or_invalid|no_valid_location_points|requires_crosswalk_or_marine_review|timezone_not_normalized_to_utc
5347531,1148977,2003,2003-03-07T06:00:00,2003-03-09T06:00:00,EST,48.0,12,,Z,026,LIBERTY,0,0,0,0,100000,,,0,,0,1,begin_coordinates_missing_or_invalid|damage_crops_missing|end_coordinates_missing_or_invalid|no_valid_location_points|requires_crosswalk_or_marine_review|timezone_not_normalized_to_utc
5347532,1148977,2003,2003-03-07T06:00:00,2003-03-09T18:00:00,EST,60.0,12,,Z,029,LAFAYETTE,0,0,0,0,100000,,,0,,0,1,begin_coordinates_missing_or_invalid|damage_crops_missing|end_coordinates_missing_or_invalid|no_valid_location_points|requires_crosswalk_or_marine_review|timezone_not_normalized_to_utc
5347623,1148977,2003,2003-03-07T06:00:00,2003-03-09T12:00:00,EST,54.0,12,,Z,015,FRANKLIN,0,0,0,0,50000,,,0,,0,1,begin_coordinates_missing_or_invalid|damage_crops_missing|end_coordinates_missing_or_invalid|no_valid_location_points|requires_crosswalk_or_marine_review|timezone_not_normalized_to_utc
5347725,1148711,2003,2003-03-07T08:00:00,2003-03-07T21:00:00,EST,13.0,54,,Z,053,JEFFERSON,0,0,0,0,,,,0,,0,1,begin_coordinates_missing_or_invalid|damage_crops_missing|damage_property_missing|end_coordinates_missing_or_invalid|no_valid_location_points|requires_crosswalk_or_marine_review|timezone_not_normalized_to_utc
5347731,1148712,2003,2003-03-20T14:15:00,2003-03-20T20:00:00,EST,5.75,54,,Z,055,HARDY,0,0,0,0,,,,0,,0,1,begin_coordinates_missing_or_invalid|damage_crops_missing|damage_property_missing|end_coordinates_missing_or_invalid|no_valid_location_points|requires_crosswalk_or_marine_review|timezone_not_normalized_to_utc
5347732,1148712,2003,2003-03-20T14:15:00,2003-03-20T18:00:00,EST,3.75,54,,Z,050,HAMPSHIRE,0,0,0,0,,,,0,,0,1,begin_coordinates_missing_or_invalid|damage_crops_missing|damage_property_missing|end_coordinates_missing_or_invalid|no_valid_location_points|requires_crosswalk_or_marine_review|timezone_not_normalized_to_utc
5347733,1148712,2003,2003-03-20T14:15:00,2003-03-20T18:00:00,EST,3.75,54,,Z,051,MORGAN,0,0,0,0,,,,0,,0,1,begin_coordinates_missing_or_invalid|damage_crops_missing|damage_property_missing|end_coordinates_missing_or_invalid|no_valid_location_points|requires_crosswalk_or_marine_review|timezone_not_normalized_to_utc
5347734,1148713,2003,2003-03-21T01:00:00,2003-03-21T17:45:00,EST,16.75,54,,Z,052,BERKELEY,0,0,0,0,,,,0,,0,1,begin_coordinates_missing_or_invalid|damage_crops_missing|damage_property_missing|end_coordinates_missing_or_invalid|no_valid_location_points|requires_crosswalk_or_marine_review|timezone_not_normalized_to_utc
5347735,1148713,2003,2003-03-21T13:00:00,2003-03-22T08:30:00,EST,19.5,54,,Z,053,JEFFERSON,0,0,0,0,,,,0,,0,1,begin_coordinates_missing_or_invalid|damage_crops_missing|damage_property_missing|end_coordinates_missing_or_invalid|no_valid_location_points|requires_crosswalk_or_marine_review|timezone_not_normalized_to_utc
5347744,1148715,2003,2003-03-20T14:15:00,2003-03-20T18:00:00,EST,3.75,11,,Z,001,DISTRICT OF COLUMBIA,0,0,0,0,,,,0,,0,1,begin_coordinates_missing_or_invalid|damage_crops_missing|damage_property_missing|end_coordinates_missing_or_invalid|no_valid_location_points|requires_crosswalk_or_marine_review|timezone_not_normalized_to_utc
5347745,1148716,2003,2003-03-15T09:15:00,2003-03-15T09:15:00,PST,0.0,06,,Z,039,X S SANTA BARBARA,0,0,0,0,,,,0,,0,1,begin_coordinates_missing_or_invalid|damage_crops_missing|damage_property_missing|end_coordinates_missing_or_invalid|no_valid_location_points|requires_crosswalk_or_marine_review|timezone_not_normalized_to_utc
5347746,1148716,2003,2003-03-15T08:42:00,2003-03-15T08:42:00,PST,0.0,06,,Z,040,X S VENTURA,0,0,0,0,,,,0,,0,1,begin_coordinates_missing_or_invalid|damage_crops_missing|damage_property_missing|end_coordinates_missing_or_invalid|no_valid_location_points|requires_crosswalk_or_marine_review|timezone_not_normalized_to_utc
5347820,1148363,2003,2003-03-24T08:30:00,2003-03-24T16:00:00,EST,7.5,45,,Z,043,NORTHERN COLLETON,0,0,0,0,,,,0,,0,1,begin_coordinates_missing_or_invalid|damage_crops_missing|damage_property_missing|end_coordinates_missing_or_invalid|no_valid_location_points|requires_crosswalk_or_marine_review|timezone_not_normalized_to_utc
5347984,1148977,2003,2003-03-07T06:00:00,2003-03-09T15:00:00,EST,57.0,12,,Z,027,WAKULLA,0,0,0,0,150000,,,0,,0,1,begin_coordinates_missing_or_invalid|damage_crops_missing|end_coordinates_missing_or_invalid|no_valid_location_points|requires_crosswalk_or_marine_review|timezone_not_normalized_to_utc
5347985,1148977,2003,2003-03-04T06:00:00,2003-03-09T18:00:00,EST,132.0,12,,Z,028,TAYLOR,0,0,0,0,500000,,,0,,0,1,begin_coordinates_missing_or_invalid|damage_crops_missing|end_coordinates_missing_or_invalid|no_valid_location_points|requires_crosswalk_or_marine_review|timezone_not_normalized_to_utc
5348071,1149537,2003,2003-04-23T18:58:00,2003-04-23T18:58:00,AST,0.0,99,,Z,006,CENTRAL INTERIOR,0,0,0,0,,,,0,,0,1,begin_coordinates_missing_or_invalid|damage_crops_missing|damage_property_missing|end_coordinates_missing_or_invalid|no_valid_location_points|requires_crosswalk_or_marine_review|timezone_not_normalized_to_utc
5348120,1149368,2003,2003-04-10T08:00:00,2003-04-11T03:00:00,EST,19.0,47,,Z,073,NORTH SEVIER,0,0,0,0,,,,0,,0,1,begin_coordinates_missing_or_invalid|damage_crops_missing|damage_property_missing|end_coordinates_missing_or_invalid|no_valid_location_points|requires_crosswalk_or_marine_review|timezone_not_normalized_to_utc
5348121,1149368,2003,2003-04-10T08:00:00,2003-04-11T03:00:00,EST,19.0,47,,Z,071,NORTHWEST BLOUNT,0,0,0,0,,,,0,,0,1,begin_coordinates_missing_or_invalid|damage_crops_missing|damage_property_missing|end_coordinates_missing_or_invalid|no_valid_location_points|requires_crosswalk_or_marine_review|timezone_not_normalized_to_utc
5348122,1149368,2003,2003-04-10T08:00:00,2003-04-11T03:00:00,EST,19.0,47,,Z,046,NORTHWEST CARTER,0,0,0,0,,,,0,,0,1,begin_coordinates_missing_or_invalid|damage_crops_missing|damage_property_missing|end_coordinates_missing_or_invalid|no_valid_location_points|requires_crosswalk_or_marine_review|timezone_not_normalized_to_utc
5348123,1149368,2003,2003-04-10T08:00:00,2003-04-11T03:00:00,EST,19.0,47,,Z,040,NORTHWEST COCKE,0,0,0,0,,,,0,,0,1,begin_coordinates_missing_or_invalid|damage_crops_missing|damage_property_missing|end_coordinates_missing_or_invalid|no_valid_location_points|requires_crosswalk_or_marine_review|timezone_not_normalized_to_utc
5348124,1149368,2003,2003-04-10T08:00:00,2003-04-11T03:00:00,EST,19.0,47,,Z,042,NORTHWEST GREENE,0,0,0,0,,,,0,,0,1,begin_coordinates_missing_or_invalid|damage_crops_missing|damage_property_missing|end_coordinates_missing_or_invalid|no_valid_location_points|requires_crosswalk_or_marine_review|timezone_not_normalized_to_utc
5348125,1149368,2003,2003-04-10T08:00:00,2003-04-11T03:00:00,EST,19.0,47,,Z,086,NORTHWEST MONROE,0,0,0,0,,,,0,,0,1,begin_coordinates_missing_or_invalid|damage_crops_missing|damage_property_missing|end_coordinates_missing_or_invalid|no_valid_location_points|requires_crosswalk_or_marine_review|timezone_not_normalized_to_utc
5348126,1149368,2003,2003-04-10T08:00:00,2003-04-11T03:00:00,EST,19.0,47,,Z,067,ROANE,0,0,0,0,,,,0,,0,1,begin_coordinates_missing_or_invalid|damage_crops_missing|damage_property_missing|end_coordinates_missing_or_invalid|no_valid_location_points|requires_crosswalk_or_marine_review|timezone_not_normalized_to_utc
5348127,1149368,2003,2003-04-10T08:00:00,2003-04-11T03:00:00,EST,19.0,47,,Z,012,SCOTT,0,0,0,0,,,,0,,0,1,begin_coordinates_missing_or_invalid|damage_crops_missing|damage_property_missing|end_coordinates_missing_or_invalid|no_valid_location_points|requires_crosswalk_or_marine_review|timezone_not_normalized_to_utc
5348128,1149368,2003,2003-04-10T08:00:00,2003-04-11T03:00:00,EST,19.0,47,,Z,074,SEVIER/SMOKY MOUNTAINS,0,0,0,0,,,,0,,0,1,begin_coordinates_missing_or_invalid|damage_crops_missing|damage_property_missing|end_coordinates_missing_or_invalid|no_valid_location_points|requires_crosswalk_or_marine_review|timezone_not_normalized_to_utc
5348129,1149368,2003,2003-04-10T08:00:00,2003-04-11T03:00:00,EST,19.0,47,,Z,047,SOUTHEAST CARTER,0,0,0,0,,,,0,,0,1,begin_coordinates_missing_or_invalid|damage_crops_missing|damage_property_missing|end_coordinates_missing_or_invalid|no_valid_location_points|requires_crosswalk_or_marine_review|timezone_not_normalized_to_utc
5348130,1149368,2003,2003-04-10T08:00:00,2003-04-11T03:00:00,EST,19.0,47,,Z,043,SOUTHEAST GREENE,0,0,0,0,,,,0,,0,1,begin_coordinates_missing_or_invalid|damage_crops_missing|damage_property_missing|end_coordinates_missing_or_invalid|no_valid_location_points|requires_crosswalk_or_marine_review|timezone_not_normalized_to_utc
5348131,1149368,2003,2003-04-10T08:00:00,2003-04-11T03:00:00,EST,19.0,47,,Z,087,SOUTHEAST MONROE,0,0,0,0,,,,0,,0,1,begin_coordinates_missing_or_invalid|damage_crops_missing|damage_property_missing|end_coordinates_missing_or_invalid|no_valid_location_points|requires_crosswalk_or_marine_review|timezone_not_normalized_to_utc
5348132,1149368,2003,2003-04-10T08:00:00,2003-04-11T03:00:00,EST,19.0,47,,Z,017,SULLIVAN,0,0,0,0,,,,0,,0,1,begin_coordinates_missing_or_invalid|damage_crops_missing|damage_property_missing|end_coordinates_missing_or_invalid|no_valid_location_points|requires_crosswalk_or_marine_review|timezone_not_normalized_to_utc
5348133,1149368,2003,2003-04-10T08:00:00,2003-04-11T03:00:00,EST,19.0,47,,Z,045,UNICOI,0,0,0,0,,,,0,,0,1,begin_coordinates_missing_or_invalid|damage_crops_missing|damage_property_missing|end_coordinates_missing_or_invalid|no_valid_location_points|requires_crosswalk_or_marine_review|timezone_not_normalized_to_utc
5348134,1149368,2003,2003-04-10T08:00:00,2003-04-11T03:00:00,EST,19.0,47,,Z,037,UNION,0,0,0,0,,,,0,,0,1,begin_coordinates_missing_or_invalid|damage_crops_missing|damage_property_missing|end_coordinates_missing_or_invalid|no_valid_location_points|requires_crosswalk_or_marine_review|timezone_not_normalized_to_utc
5348135,1149368,2003,2003-04-10T08:00:00,2003-04-11T03:00:00,EST,19.0,47,,Z,044,WASHINGTON,0,0,0,0,,,,0,,0,1,begin_coordinates_missing_or_invalid|damage_crops_missing|damage_property_missing|end_coordinates_missing_or_invalid|no_valid_location_points|requires_crosswalk_or_marine_review|timezone_not_normalized_to_utc
5348136,1149369,2003,2003-04-10T08:00:00,2003-04-11T03:00:00,EST,19.0,51,,Z,001,LEE,0,0,0,0,,,,0,,0,1,begin_coordinates_missing_or_invalid|damage_crops_missing|damage_property_missing|end_coordinates_missing_or_invalid|no_valid_location_points|requires_crosswalk_or_marine_review|timezone_not_normalized_to_utc
5348137,1149369,2003,2003-04-10T08:00:00,2003-04-11T03:00:00,EST,19.0,51,,Z,006,RUSSELL,0,0,0,0,,,,0,,0,1,begin_coordinates_missing_or_invalid|damage_crops_missing|damage_property_missing|end_coordinates_missing_or_invalid|no_valid_location_points|requires_crosswalk_or_marine_review|timezone_not_normalized_to_utc
5348138,1149369,2003,2003-04-10T08:00:00,2003-04-11T03:00:00,EST,19.0,51,,Z,005,SCOTT,0,0,0,0,,,,0,,0,1,begin_coordinates_missing_or_invalid|damage_crops_missing|damage_property_missing|end_coordinates_missing_or_invalid|no_valid_location_points|requires_crosswalk_or_marine_review|timezone_not_normalized_to_utc
5348139,1149369,2003,2003-04-10T08:00:00,2003-04-11T03:00:00,EST,19.0,51,,Z,008,WASHINGTON,0,0,0,0,,,,0,,0,1,begin_coordinates_missing_or_invalid|damage_crops_missing|damage_property_missing|end_coordinates_missing_or_invalid|no_valid_location_points|requires_crosswalk_or_marine_review|timezone_not_normalized_to_utc
5348140,1149369,2003,2003-04-10T08:00:00,2003-04-11T03:00:00,EST,19.0,51,,Z,002,WISE,0,0,0,0,,,,0,,0,1,begin_coordinates_missing_or_invalid|damage_crops_missing|damage_property_missing|end_coordinates_missing_or_invalid|no_valid_location_points|requires_crosswalk_or_marine_review|timezone_not_normalized_to_utc
5348269,1149609,2003,2003-04-10T12:30:00,2003-04-10T15:00:00,EST,2.5,37,,Z,075,MOORE,0,0,0,0,,,,0,,0,1,begin_coordinates_missing_or_invalid|damage_crops_missing|damage_property_missing|end_coordinates_missing_or_invalid|no_valid_location_points|requires_crosswalk_or_marine_review|timezone_not_normalized_to_utc
5348270,1149609,2003,2003-04-10T13:30:00,2003-04-10T15:00:00,EST,1.5,37,,Z,039,RANDOLPH,0,0,0,0,,,,0,,0,1,begin_coordinates_missing_or_invalid|damage_crops_missing|damage_property_missing|end_coordinates_missing_or_invalid|no_valid_location_points|requires_crosswalk_or_marine_review|timezone_not_normalized_to_utc
5348271,1149609,2003,2003-04-10T14:55:00,2003-04-10T16:00:00,EST,1.0833333333333333,37,,Z,025,DURHAM,0,0,0,0,,,,0,,0,1,begin_coordinates_missing_or_invalid|damage_crops_missing|damage_property_missing|end_coordinates_missing_or_invalid|no_valid_location_points|requires_crosswalk_or_marine_review|timezone_not_normalized_to_utc
5348272,1149609,2003,2003-04-10T13:15:00,2003-04-10T16:00:00,EST,2.75,37,,Z,041,WAKE,0,0,0,0,,,,0,,0,1,begin_coordinates_missing_or_invalid|damage_crops_missing|damage_property_missing|end_coordinates_missing_or_invalid|no_valid_location_points|requires_crosswalk_or_marine_review|timezone_not_normalized_to_utc
5348273,1149609,2003,2003-04-10T12:30:00,2003-04-10T16:00:00,EST,3.5,37,,Z,083,ANSON,0,0,0,0,,,,0,,0,1,begin_coordinates_missing_or_invalid|damage_crops_missing|damage_property_missing|end_coordinates_missing_or_invalid|no_valid_location_points|requires_crosswalk_or_marine_review|timezone_not_normalized_to_utc
5348274,1149609,2003,2003-04-10T12:50:00,2003-04-10T16:00:00,EST,3.1666666666666665,37,,Z,073,STANLY,0,0,0,0,,,,0,,0,1,begin_coordinates_missing_or_invalid|damage_crops_missing|damage_property_missing|end_coordinates_missing_or_invalid|no_valid_location_points|requires_crosswalk_or_marine_review|timezone_not_normalized_to_utc
5348422,1149176,2003,2003-03-06T05:42:00,2003-03-06T10:00:00,EST,4.3,45,,Z,010,ANDERSON,0,0,0,0,100000,,,0,,0,1,begin_coordinates_missing_or_invalid|damage_crops_missing|end_coordinates_missing_or_invalid|no_valid_location_points|requires_crosswalk_or_marine_review|timezone_not_normalized_to_utc
5348423,1149177,2003,2003-03-06T07:30:00,2003-03-06T12:00:00,EST,4.5,45,,Z,012,LAURENS,0,0,0,0,,,,0,,0,1,begin_coordinates_missing_or_invalid|damage_crops_missing|damage_property_missing|end_coordinates_missing_or_invalid|no_valid_location_points|requires_crosswalk_or_marine_review|timezone_not_normalized_to_utc
5348424,1149178,2003,2003-03-06T08:00:00,2003-03-06T10:00:00,EST,2.0,45,,Z,011,ABBEVILLE,0,0,0,0,,,,0,,0,1,begin_coordinates_missing_or_invalid|damage_crops_missing|damage_property_missing|end_coordinates_missing_or_invalid|no_valid_location_points|requires_crosswalk_or_marine_review|timezone_not_normalized_to_utc
5348425,1149179,2003,2003-03-06T09:00:00,2003-03-06T12:00:00,EST,3.0,37,,Z,082,UNION,0,0,0,0,,,,0,,0,1,begin_coordinates_missing_or_invalid|damage_crops_missing|damage_property_missing|end_coordinates_missing_or_invalid|no_valid_location_points|requires_crosswalk_or_marine_review|timezone_not_normalized_to_utc
5348431,1149185,2003,2003-03-20T00:00:00,2003-03-20T06:00:00,EST,6.0,45,,Z,010,ANDERSON,0,0,0,0,,,,0,,0,1,begin_coordinates_missing_or_invalid|damage_crops_missing|damage_property_missing|end_coordinates_missing_or_invalid|no_valid_location_points|requires_crosswalk_or_marine_review|timezone_not_normalized_to_utc
5348435,1149189,2003,2003-03-20T04:00:00,2003-03-20T12:00:00,EST,8.0,45,,Z,006,GREATER GREENVILLE,0,0,0,0,,,,0,,0,1,begin_coordinates_missing_or_invalid|damage_crops_missing|damage_property_missing|end_coordinates_missing_or_invalid|no_valid_location_points|requires_crosswalk_or_marine_review|timezone_not_normalized_to_utc
5348436,1149190,2003,2003-03-20T04:00:00,2003-03-20T09:00:00,EST,5.0,45,,Z,004,GREATER OCONEE,0,0,0,0,,,,0,,0,1,begin_coordinates_missing_or_invalid|damage_crops_missing|damage_property_missing|end_coordinates_missing_or_invalid|no_valid_location_points|requires_crosswalk_or_marine_review|timezone_not_normalized_to_utc
5348437,1149191,2003,2003-03-20T05:00:00,2003-03-20T15:00:00,EST,10.0,45,,Z,006,GREATER GREENVILLE,0,0,0,0,1000000,,,0,,0,1,begin_coordinates_missing_or_invalid|damage_crops_missing|end_coordinates_missing_or_invalid|no_valid_location_points|requires_crosswalk_or_marine_review|timezone_not_normalized_to_utc
5348440,1149194,2003,2003-03-20T06:00:00,2003-03-21T06:00:00,EST,24.0,45,,Z,007,SPARTANBURG,0,0,0,0,1000000,,,0,,0,1,begin_coordinates_missing_or_invalid|damage_crops_missing|end_coordinates_missing_or_invalid|no_valid_location_points|requires_crosswalk_or_marine_review|timezone_not_normalized_to_utc
5348441,1149195,2003,2003-03-20T06:00:00,2003-03-20T12:00:00,EST,6.0,45,,Z,005,GREATER PICKENS,0,0,0,0,200000,,,0,,0,1,begin_coordinates_missing_or_invalid|damage_crops_missing|end_coordinates_missing_or_invalid|no_valid_location_points|requires_crosswalk_or_marine_review|timezone_not_normalized_to_utc
5348444,1149198,2003,2003-03-20T07:30:00,2003-03-20T18:00:00,EST,10.5,45,,Z,014,CHESTER,0,0,0,0,,,,0,,0,1,begin_coordinates_missing_or_invalid|damage_crops_missing|damage_property_missing|end_coordinates_missing_or_invalid|no_valid_location_points|requires_crosswalk_or_marine_review|timezone_not_normalized_to_utc
5348446,1149200,2003,2003-03-20T08:00:00,2003-03-20T15:00:00,EST,7.0,45,,Z,008,CHEROKEE,0,0,0,0,,,,0,,0,1,begin_coordinates_missing_or_invalid|damage_crops_missing|damage_property_missing|end_coordinates_missing_or_invalid|no_valid_location_points|requires_crosswalk_or_marine_review|timezone_not_normalized_to_utc
5348522,1149203,2003,2003-03-20T08:00:00,2003-03-20T18:00:00,EST,10.0,45,,Z,013,UNION,0,0,0,0,,,,0,,0,1,begin_coordinates_missing_or_invalid|damage_crops_missing|damage_property_missing|end_coordinates_missing_or_invalid|no_valid_location_points|requires_crosswalk_or_marine_review|timezone_not_normalized_to_utc
5348523,1149204,2003,2003-03-20T08:00:00,2003-03-20T20:00:00,EST,12.0,45,,Z,012,LAURENS,0,0,0,0,,,,0,,0,1,begin_coordinates_missing_or_invalid|damage_crops_missing|damage_property_missing|end_coordinates_missing_or_invalid|no_valid_location_points|requires_crosswalk_or_marine_review|timezone_not_normalized_to_utc
5348528,1149209,2003,2003-03-20T09:00:00,2003-03-20T15:00:00,EST,6.0,45,,Z,009,YORK,0,0,0,0,100000,,,0,,0,1,begin_coordinates_missing_or_invalid|damage_crops_missing|end_coordinates_missing_or_invalid|no_valid_location_points|requires_crosswalk_or_marine_review|timezone_not_normalized_to_utc
5348529,1149210,2003,2003-03-20T09:00:00,2003-03-21T15:00:00,EST,30.0,37,,Z,070,GASTON,0,0,0,0,2000000,,,0,,0,1,begin_coordinates_missing_or_invalid|damage_crops_missing|end_coordinates_missing_or_invalid|no_valid_location_points|requires_crosswalk_or_marine_review|timezone_not_normalized_to_utc
5348530,1149211,2003,2003-03-20T12:00:00,2003-03-20T18:00:00,EST,6.0,37,,Z,069,LINCOLN,0,0,0,0,500000,,,0,,0,1,begin_coordinates_missing_or_invalid|damage_crops_missing|end_coordinates_missing_or_invalid|no_valid_location_points|requires_crosswalk_or_marine_review|timezone_not_normalized_to_utc
5348531,1149212,2003,2003-03-20T12:00:00,2003-03-20T18:00:00,EST,6.0,37,,Z,082,UNION,0,0,0,0,100000,,,0,,0,1,begin_coordinates_missing_or_invalid|damage_crops_missing|end_coordinates_missing_or_invalid|no_valid_location_points|requires_crosswalk_or_marine_review|timezone_not_normalized_to_utc
5348532,1149213,2003,2003-03-20T12:00:00,2003-03-20T18:00:00,EST,6.0,37,,Z,071,MECKLENBURG,0,0,0,0,2000000,,,0,,0,1,begin_coordinates_missing_or_invalid|damage_crops_missing|end_coordinates_missing_or_invalid|no_valid_location_points|requires_crosswalk_or_marine_review|timezone_not_normalized_to_utc
5348533,1149214,2003,2003-03-20T12:00:00,2003-03-21T06:00:00,EST,18.0,45,,Z,006,GREATER GREENVILLE,0,0,0,0,,,,0,,0,1,begin_coordinates_missing_or_invalid|damage_crops_missing|damage_property_missing|end_coordinates_missing_or_invalid|no_valid_location_points|requires_crosswalk_or_marine_review|timezone_not_normalized_to_utc
5348534,1149215,2003,2003-03-20T12:00:00,2003-03-20T18:00:00,EST,6.0,37,,Z,057,ROWAN,0,0,0,0,100000,,,0,,0,1,begin_coordinates_missing_or_invalid|damage_crops_missing|end_coordinates_missing_or_invalid|no_valid_location_points|requires_crosswalk_or_marine_review|timezone_not_normalized_to_utc
5348535,1149216,2003,2003-03-20T12:00:00,2003-03-20T18:00:00,EST,6.0,37,,Z,072,CABARRUS,0,0,0,0,1000000,,,0,,0,1,begin_coordinates_missing_or_invalid|damage_crops_missing|end_coordinates_missing_or_invalid|no_valid_location_points|requires_crosswalk_or_marine_review|timezone_not_normalized_to_utc
5348536,1149217,2003,2003-03-20T12:00:00,2003-03-24T08:00:00,EST,92.0,37,,Z,037,DAVIE,0,0,0,0,1000000,,,0,,0,1,begin_coordinates_missing_or_invalid|damage_crops_missing|end_coordinates_missing_or_invalid|no_valid_location_points|requires_crosswalk_or_marine_review|timezone_not_normalized_to_utc
5348537,1149218,2003,2003-03-20T12:00:00,2003-03-20T20:00:00,EST,8.0,37,,Z,036,IREDELL,0,0,0,0,2000000,,,0,,0,1,begin_coordinates_missing_or_invalid|damage_crops_missing|end_coordinates_missing_or_invalid|no_valid_location_points|requires_crosswalk_or_marine_review|timezone_not_normalized_to_utc
5348628,1148557,2003,2003-04-10T07:30:00,2003-04-10T08:15:00,EST,0.75,13,,Z,087,JENKINS,0,0,0,0,,,,0,,0,1,begin_coordinates_missing_or_invalid|damage_crops_missing|damage_property_missing|end_coordinates_missing_or_invalid|no_valid_location_points|requires_crosswalk_or_marine_review|timezone_not_normalized_to_utc
5348713,1149226,2003,2003-03-30T08:45:00,2003-03-31T23:59:00,EST,39.233333333333334,33,,Z,002,SOUTHERN COOS,0,0,0,0,,,,0,,0,1,begin_coordinates_missing_or_invalid|damage_crops_missing|damage_property_missing|end_coordinates_missing_or_invalid|no_valid_location_points|requires_crosswalk_or_marine_review|timezone_not_normalized_to_utc
5348948,1149111,2003,2003-03-21T13:45:00,2003-03-21T23:59:00,EST,10.233333333333333,36,,Z,034,WESTERN ESSEX,0,0,0,0,1000,,,0,,0,1,begin_coordinates_missing_or_invalid|damage_crops_missing|end_coordinates_missing_or_invalid|no_valid_location_points|requires_crosswalk_or_marine_review|timezone_not_normalized_to_utc
5348949,1149112,2003,2003-03-21T20:00:00,2003-03-21T23:59:00,EST,3.9833333333333334,36,,Z,028,NORTHEAST CLINTON,0,0,0,0,1000,,,0,,0,1,begin_coordinates_missing_or_invalid|damage_crops_missing|end_coordinates_missing_or_invalid|no_valid_location_points|requires_crosswalk_or_marine_review|timezone_not_normalized_to_utc
5349251,1149113,2003,2003-03-22T06:00:00,2003-03-22T14:00:00,EST,8.0,36,,Z,026,NORTHERN ST. LAWRENCE,0,0,0,0,1000,,,0,,0,1,begin_coordinates_missing_or_invalid|damage_crops_missing|end_coordinates_missing_or_invalid|no_valid_location_points|requires_crosswalk_or_marine_review|timezone_not_normalized_to_utc
5349252,1149113,2003,2003-03-22T06:00:00,2003-03-22T14:00:00,EST,8.0,36,,Z,029,SOUTHERN ST. LAWRENCE,0,0,0,0,1000,,,0,,0,1,begin_coordinates_missing_or_invalid|damage_crops_missing|end_coordinates_missing_or_invalid|no_valid_location_points|requires_crosswalk_or_marine_review|timezone_not_normalized_to_utc
5349253,1149114,2003,2003-03-22T07:00:00,2003-03-22T12:00:00,EST,5.0,50,,Z,008,WASHINGTON,0,0,0,0,1000,,,0,,0,1,begin_coordinates_missing_or_invalid|damage_crops_missing|end_coordinates_missing_or_invalid|no_valid_location_points|requires_crosswalk_or_marine_review|timezone_not_normalized_to_utc
5349254,1149115,2003,2003-03-26T08:00:00,2003-03-27T02:00:00,EST,18.0,36,,Z,028,NORTHEAST CLINTON,0,0,0,0,1000,,,0,,0,1,begin_coordinates_missing_or_invalid|damage_crops_missing|end_coordinates_missing_or_invalid|no_valid_location_points|requires_crosswalk_or_marine_review|timezone_not_normalized_to_utc
5349255,1149116,2003,2003-03-29T20:00:00,2003-03-30T04:00:00,EST,8.0,50,,Z,007,CALEDONIA,0,0,0,0,,,,0,,0,1,begin_coordinates_missing_or_invalid|damage_crops_missing|damage_property_missing|end_coordinates_missing_or_invalid|no_valid_location_points|requires_crosswalk_or_marine_review|timezone_not_normalized_to_utc
5349256,1149117,2003,2003-03-29T20:00:00,2003-03-30T03:00:00,EST,7.0,50,,Z,011,RUTLAND,0,0,0,0,,,,0,,0,1,begin_coordinates_missing_or_invalid|damage_crops_missing|damage_property_missing|end_coordinates_missing_or_invalid|no_valid_location_points|requires_crosswalk_or_marine_review|timezone_not_normalized_to_utc
5349270,1149121,2003,2003-03-13T16:00:00,2003-03-14T15:00:00,MST,23.0,30,,Z,027,WIBAUX,0,0,0,0,,,,0,,0,1,begin_coordinates_missing_or_invalid|damage_crops_missing|damage_property_missing|end_coordinates_missing_or_invalid|no_valid_location_points|requires_crosswalk_or_marine_review|timezone_not_normalized_to_utc
5349271,1149121,2003,2003-03-13T16:00:00,2003-03-14T15:00:00,MST,23.0,30,,Z,025,DAWSON,0,0,0,0,,,,0,,0,1,begin_coordinates_missing_or_invalid|damage_crops_missing|damage_property_missing|end_coordinates_missing_or_invalid|no_valid_location_points|requires_crosswalk_or_marine_review|timezone_not_normalized_to_utc
5349272,1149121,2003,2003-03-13T16:00:00,2003-03-14T15:00:00,MST,23.0,30,,Z,026,PRAIRIE,0,0,0,0,,,,0,,0,1,begin_coordinates_missing_or_invalid|damage_crops_missing|damage_property_missing|end_coordinates_missing_or_invalid|no_valid_location_points|requires_crosswalk_or_marine_review|timezone_not_normalized_to_utc
5349273,1149122,2003,2003-03-16T09:00:00,2003-03-18T15:00:00,MST,54.0,30,,Z,026,PRAIRIE,0,0,0,0,,,,0,,0,1,begin_coordinates_missing_or_invalid|damage_crops_missing|damage_property_missing|end_coordinates_missing_or_invalid|no_valid_location_points|requires_crosswalk_or_marine_review|timezone_not_normalized_to_utc
5349274,1149122,2003,2003-03-16T09:00:00,2003-03-18T15:00:00,MST,54.0,30,,Z,025,DAWSON,0,0,0,0,,,,0,,0,1,begin_coordinates_missing_or_invalid|damage_crops_missing|damage_property_missing|end_coordinates_missing_or_invalid|no_valid_location_points|requires_crosswalk_or_marine_review|timezone_not_normalized_to_utc
5349275,1149122,2003,2003-03-16T09:00:00,2003-03-18T15:00:00,MST,54.0,30,,Z,024,RICHLAND,0,0,0,0,75000,,,0,,0,1,begin_coordinates_missing_or_invalid|damage_crops_missing|end_coordinates_missing_or_invalid|no_valid_location_points|requires_crosswalk_or_marine_review|timezone_not_normalized_to_utc
5349277,1149124,2003,2003-03-17T13:45:00,2003-03-20T15:00:00,MST,73.25,30,,Z,019,SHERIDAN,0,0,0,0,,,,0,,0,1,begin_coordinates_missing_or_invalid|damage_crops_missing|damage_property_missing|end_coordinates_missing_or_invalid|no_valid_location_points|requires_crosswalk_or_marine_review|timezone_not_normalized_to_utc
5349320,1149609,2003,2003-04-10T12:30:00,2003-04-10T15:00:00,EST,2.5,37,,Z,023,ALAMANCE,0,0,0,0,,,,0,,0,1,begin_coordinates_missing_or_invalid|damage_crops_missing|damage_property_missing|end_coordinates_missing_or_invalid|no_valid_location_points|requires_crosswalk_or_marine_review|timezone_not_normalized_to_utc
5349321,1149609,2003,2003-04-10T12:30:00,2003-04-10T15:00:00,EST,2.5,37,,Z,040,CHATHAM,0,0,0,0,,,,0,,0,1,begin_coordinates_missing_or_invalid|damage_crops_missing|damage_property_missing|end_coordinates_missing_or_invalid|no_valid_location_points|requires_crosswalk_or_marine_review|timezone_not_normalized_to_utc
5349322,1149609,2003,2003-04-10T13:30:00,2003-04-10T15:00:00,EST,1.5,37,,Z,038,DAVIDSON,0,0,0,0,,,,0,,0,1,begin_coordinates_missing_or_invalid|damage_crops_missing|damage_property_missing|end_coordinates_missing_or_invalid|no_valid_location_points|requires_crosswalk_or_marine_review|timezone_not_normalized_to_utc
5349323,1149609,2003,2003-04-10T13:15:00,2003-04-10T15:00:00,EST,1.75,37,,Z,021,FORSYTH,0,0,0,0,,,,0,,0,1,begin_coordinates_missing_or_invalid|damage_crops_missing|damage_property_missing|end_coordinates_missing_or_invalid|no_valid_location_points|requires_crosswalk_or_marine_review|timezone_not_normalized_to_utc
5349324,1149609,2003,2003-04-10T12:15:00,2003-04-10T15:00:00,EST,2.75,37,,Z,022,GUILFORD,0,0,0,0,,,,0,,0,1,begin_coordinates_missing_or_invalid|damage_crops_missing|damage_property_missing|end_coordinates_missing_or_invalid|no_valid_location_points|requires_crosswalk_or_marine_review|timezone_not_normalized_to_utc
5349325,1149609,2003,2003-04-10T13:30:00,2003-04-10T15:00:00,EST,1.5,37,,Z,076,LEE,0,0,0,0,,,,0,,0,1,begin_coordinates_missing_or_invalid|damage_crops_missing|damage_property_missing|end_coordinates_missing_or_invalid|no_valid_location_points|requires_crosswalk_or_marine_review|timezone_not_normalized_to_utc
5349326,1149609,2003,2003-04-10T13:30:00,2003-04-10T15:00:00,EST,1.5,37,,Z,074,MONTGOMERY,0,0,0,0,,,,0,,0,1,begin_coordinates_missing_or_invalid|damage_crops_missing|damage_property_missing|end_coordinates_missing_or_invalid|no_valid_location_points|requires_crosswalk_or_marine_review|timezone_not_normalized_to_utc
5349365,1149336,2003,2003-04-14T03:00:00,2003-04-16T03:00:00,CST,48.0,18,,Z,087,WARRICK,0,0,0,0,,,,0,,0,1,begin_coordinates_missing_or_invalid|damage_crops_missing|damage_property_missing|end_coordinates_missing_or_invalid|no_valid_location_points|requires_crosswalk_or_marine_review|timezone_not_normalized_to_utc
5349366,1149337,2003,2003-04-15T09:00:00,2003-04-17T20:00:00,CST,59.0,17,,Z,087,GALLATIN,0,0,0,0,,,,0,,0,1,begin_coordinates_missing_or_invalid|damage_crops_missing|damage_property_missing|end_coordinates_missing_or_invalid|no_valid_location_points|requires_crosswalk_or_marine_review|timezone_not_normalized_to_utc
5349367,1149338,2003,2003-04-27T19:00:00,2003-04-30T23:59:00,CST,76.98333333333333,17,,Z,084,JACKSON,0,0,0,0,,,,0,,0,1,begin_coordinates_missing_or_invalid|damage_crops_missing|damage_property_missing|end_coordinates_missing_or_invalid|no_valid_location_points|requires_crosswalk_or_marine_review|timezone_not_normalized_to_utc
5349386,1149164,2003,2003-03-20T11:00:00,2003-03-20T13:00:00,EST,2.0,51,,Z,064,CAROLINE,0,0,0,0,,,,0,,0,1,begin_coordinates_missing_or_invalid|damage_crops_missing|damage_property_missing|end_coordinates_missing_or_invalid|no_valid_location_points|requires_crosswalk_or_marine_review|timezone_not_normalized_to_utc
5349387,1149164,2003,2003-03-20T11:00:00,2003-03-20T13:00:00,EST,2.0,51,,Z,069,POWHATAN,0,0,0,0,,,,0,,0,1,begin_coordinates_missing_or_invalid|damage_crops_missing|damage_property_missing|end_coordinates_missing_or_invalid|no_valid_location_points|requires_crosswalk_or_marine_review|timezone_not_normalized_to_utc
5349388,1149164,2003,2003-03-20T11:00:00,2003-03-20T13:00:00,EST,2.0,51,,Z,048,FLUVANNA,0,0,0,0,,,,0,,0,1,begin_coordinates_missing_or_invalid|damage_crops_missing|damage_property_missing|end_coordinates_missing_or_invalid|no_valid_location_points|requires_crosswalk_or_marine_review|timezone_not_normalized_to_utc
5349389,1149164,2003,2003-03-20T11:00:00,2003-03-20T13:00:00,EST,2.0,51,,Z,067,NOTTOWAY,0,0,0,0,,,,0,,0,1,begin_coordinates_missing_or_invalid|damage_crops_missing|damage_property_missing|end_coordinates_missing_or_invalid|no_valid_location_points|requires_crosswalk_or_marine_review|timezone_not_normalized_to_utc
5349390,1149164,2003,2003-03-20T11:00:00,2003-03-20T13:00:00,EST,2.0,51,,Z,066,LUNENBURG,0,0,0,0,,,,0,,0,1,begin_coordinates_missing_or_invalid|damage_crops_missing|damage_property_missing|end_coordinates_missing_or_invalid|no_valid_location_points|requires_crosswalk_or_marine_review|timezone_not_normalized_to_utc
5349391,1149164,2003,2003-03-20T11:00:00,2003-03-20T13:00:00,EST,2.0,51,,Z,065,MECKLENBURG,0,0,0,0,,,,0,,0,1,begin_coordinates_missing_or_invalid|damage_crops_missing|damage_property_missing|end_coordinates_missing_or_invalid|no_valid_location_points|requires_crosswalk_or_marine_review|timezone_not_normalized_to_utc
5349392,1149164,2003,2003-03-20T12:00:00,2003-03-20T14:00:00,EST,2.0,51,,Z,060,PRINCE EDWARD,0,0,0,0,,,,0,,0,1,begin_coordinates_missing_or_invalid|damage_crops_missing|damage_property_missing|end_coordinates_missing_or_invalid|no_valid_location_points|requires_crosswalk_or_marine_review|timezone_not_normalized_to_utc
5349393,1149164,2003,2003-03-20T12:00:00,2003-03-20T14:00:00,EST,2.0,51,,Z,049,LOUISA,0,0,0,0,,,,0,,0,1,begin_coordinates_missing_or_invalid|damage_crops_missing|damage_property_missing|end_coordinates_missing_or_invalid|no_valid_location_points|requires_crosswalk_or_marine_review|timezone_not_normalized_to_utc
5349394,1149164,2003,2003-03-20T12:00:00,2003-03-20T14:00:00,EST,2.0,51,,Z,061,CUMBERLAND,0,0,0,0,,,,0,,0,1,begin_coordinates_missing_or_invalid|damage_crops_missing|damage_property_missing|end_coordinates_missing_or_invalid|no_valid_location_points|requires_crosswalk_or_marine_review|timezone_not_normalized_to_utc
5349395,1149164,2003,2003-03-20T12:00:00,2003-03-20T14:00:00,EST,2.0,51,,Z,062,GOOCHLAND,0,0,0,0,,,,0,,0,1,begin_coordinates_missing_or_invalid|damage_crops_missing|damage_property_missing|end_coordinates_missing_or_invalid|no_valid_location_points|requires_crosswalk_or_marine_review|timezone_not_normalized_to_utc
5349396,1149164,2003,2003-03-20T12:00:00,2003-03-20T14:00:00,EST,2.0,51,,Z,063,HANOVER,0,0,0,0,,,,0,,0,1,begin_coordinates_missing_or_invalid|damage_crops_missing|damage_property_missing|end_coordinates_missing_or_invalid|no_valid_location_points|requires_crosswalk_or_marine_review|timezone_not_normalized_to_utc
5349397,1149164,2003,2003-03-20T12:00:00,2003-03-20T14:00:00,EST,2.0,51,,Z,070,CHESTERFIELD,0,0,0,0,,,,0,,0,1,begin_coordinates_missing_or_invalid|damage_crops_missing|damage_property_missing|end_coordinates_missing_or_invalid|no_valid_location_points|requires_crosswalk_or_marine_review|timezone_not_normalized_to_utc
5349398,1149164,2003,2003-03-20T12:00:00,2003-03-20T14:00:00,EST,2.0,51,,Z,071,HENRICO,0,0,0,0,,,,0,,0,1,begin_coordinates_missing_or_invalid|damage_crops_missing|damage_property_missing|end_coordinates_missing_or_invalid|no_valid_location_points|requires_crosswalk_or_marine_review|timezone_not_normalized_to_utc
5349399,1149164,2003,2003-03-20T13:00:00,2003-03-20T15:00:00,EST,2.0,51,,Z,073,KING AND QUEEN,0,0,0,0,,,,0,,0,1,begin_coordinates_missing_or_invalid|damage_crops_missing|damage_property_missing|end_coordinates_missing_or_invalid|no_valid_location_points|requires_crosswalk_or_marine_review|timezone_not_normalized_to_utc
5349403,1149532,2003,2003-04-25T23:59:00,2003-04-26T03:00:00,AST,3.0166666666666666,99,,Z,005,NORTH CENTRAL,0,0,0,0,,,,0,,0,1,begin_coordinates_missing_or_invalid|damage_crops_missing|damage_property_missing|end_coordinates_missing_or_invalid|no_valid_location_points|requires_crosswalk_or_marine_review|timezone_not_normalized_to_utc
5349406,1149535,2003,2003-04-23T23:32:00,2003-04-24T06:00:00,AST,6.466666666666667,99,,Z,005,NORTH CENTRAL,0,0,0,0,,,,0,,0,1,begin_coordinates_missing_or_invalid|damage_crops_missing|damage_property_missing|end_coordinates_missing_or_invalid|no_valid_location_points|requires_crosswalk_or_marine_review|timezone_not_normalized_to_utc
5349407,1149536,2003,2003-04-23T21:50:00,2003-04-24T00:10:00,AST,2.3333333333333335,99,,Z,004,EASTERN INTERIOR,0,0,0,0,,,,0,,0,1,begin_coordinates_missing_or_invalid|damage_crops_missing|damage_property_missing|end_coordinates_missing_or_invalid|no_valid_location_points|requires_crosswalk_or_marine_review|timezone_not_normalized_to_utc
5349452,1149368,2003,2003-04-10T08:00:00,2003-04-11T03:00:00,EST,19.0,47,,Z,036,ANDERSON,0,0,0,0,,,,0,,0,1,begin_coordinates_missing_or_invalid|damage_crops_missing|damage_property_missing|end_coordinates_missing_or_invalid|no_valid_location_points|requires_crosswalk_or_marine_review|timezone_not_normalized_to_utc
5349453,1149368,2003,2003-04-10T08:00:00,2003-04-11T03:00:00,EST,19.0,47,,Z,072,BLOUNT/SMOKY MOUNTAINS,0,0,0,0,,,,0,,0,1,begin_coordinates_missing_or_invalid|damage_crops_missing|damage_property_missing|end_coordinates_missing_or_invalid|no_valid_location_points|requires_crosswalk_or_marine_review|timezone_not_normalized_to_utc
5349454,1149368,2003,2003-04-10T08:00:00,2003-04-11T03:00:00,EST,19.0,47,,Z,013,CAMPBELL,0,0,0,0,,,,0,,0,1,begin_coordinates_missing_or_invalid|damage_crops_missing|damage_property_missing|end_coordinates_missing_or_invalid|no_valid_location_points|requires_crosswalk_or_marine_review|timezone_not_normalized_to_utc
5349455,1149368,2003,2003-04-10T08:00:00,2003-04-11T03:00:00,EST,19.0,47,,Z,014,CLAIBORNE,0,0,0,0,,,,0,,0,1,begin_coordinates_missing_or_invalid|damage_crops_missing|damage_property_missing|end_coordinates_missing_or_invalid|no_valid_location_points|requires_crosswalk_or_marine_review|timezone_not_normalized_to_utc
5349456,1149368,2003,2003-04-10T08:00:00,2003-04-11T03:00:00,EST,19.0,47,,Z,041,COCKE/SMOKY MOUNTAINS,0,0,0,0,,,,0,,0,1,begin_coordinates_missing_or_invalid|damage_crops_missing|damage_property_missing|end_coordinates_missing_or_invalid|no_valid_location_points|requires_crosswalk_or_marine_review|timezone_not_normalized_to_utc
5349457,1149368,2003,2003-04-10T08:00:00,2003-04-11T03:00:00,EST,19.0,47,,Z,038,GRAINGER,0,0,0,0,,,,0,,0,1,begin_coordinates_missing_or_invalid|damage_crops_missing|damage_property_missing|end_coordinates_missing_or_invalid|no_valid_location_points|requires_crosswalk_or_marine_review|timezone_not_normalized_to_utc
5349458,1149368,2003,2003-04-10T08:00:00,2003-04-11T03:00:00,EST,19.0,47,,Z,039,HAMBLEN,0,0,0,0,,,,0,,0,1,begin_coordinates_missing_or_invalid|damage_crops_missing|damage_property_missing|end_coordinates_missing_or_invalid|no_valid_location_points|requires_crosswalk_or_marine_review|timezone_not_normalized_to_utc
5349459,1149368,2003,2003-04-10T08:00:00,2003-04-11T03:00:00,EST,19.0,47,,Z,015,HANCOCK,0,0,0,0,,,,0,,0,1,begin_coordinates_missing_or_invalid|damage_crops_missing|damage_property_missing|end_coordinates_missing_or_invalid|no_valid_location_points|requires_crosswalk_or_marine_review|timezone_not_normalized_to_utc
5349460,1149368,2003,2003-04-10T08:00:00,2003-04-11T03:00:00,EST,19.0,47,,Z,016,HAWKINS,0,0,0,0,,,,0,,0,1,begin_coordinates_missing_or_invalid|damage_crops_missing|damage_property_missing|end_coordinates_missing_or_invalid|no_valid_location_points|requires_crosswalk_or_marine_review|timezone_not_normalized_to_utc
5349461,1149368,2003,2003-04-10T08:00:00,2003-04-11T03:00:00,EST,19.0,47,,Z,070,JEFFERSON,0,0,0,0,,,,0,,0,1,begin_coordinates_missing_or_invalid|damage_crops_missing|damage_property_missing|end_coordinates_missing_or_invalid|no_valid_location_points|requires_crosswalk_or_marine_review|timezone_not_normalized_to_utc
5349462,1149368,2003,2003-04-10T08:00:00,2003-04-11T03:00:00,EST,19.0,47,,Z,018,JOHNSON,0,0,0,0,,,,0,,0,1,begin_coordinates_missing_or_invalid|damage_crops_missing|damage_property_missing|end_coordinates_missing_or_invalid|no_valid_location_points|requires_crosswalk_or_marine_review|timezone_not_normalized_to_utc
5349463,1149368,2003,2003-04-10T08:00:00,2003-04-11T03:00:00,EST,19.0,47,,Z,069,KNOX,0,0,0,0,,,,0,,0,1,begin_coordinates_missing_or_invalid|damage_crops_missing|damage_property_missing|end_coordinates_missing_or_invalid|no_valid_location_points|requires_crosswalk_or_marine_review|timezone_not_normalized_to_utc
5349464,1149368,2003,2003-04-10T08:00:00,2003-04-11T03:00:00,EST,19.0,47,,Z,068,LOUDON,0,0,0,0,,,,0,,0,1,begin_coordinates_missing_or_invalid|damage_crops_missing|damage_property_missing|end_coordinates_missing_or_invalid|no_valid_location_points|requires_crosswalk_or_marine_review|timezone_not_normalized_to_utc
5349465,1149368,2003,2003-04-10T08:00:00,2003-04-11T03:00:00,EST,19.0,47,,Z,035,MORGAN,0,0,0,0,,,,0,,0,1,begin_coordinates_missing_or_invalid|damage_crops_missing|damage_property_missing|end_coordinates_missing_or_invalid|no_valid_location_points|requires_crosswalk_or_marine_review|timezone_not_normalized_to_utc
5350116,1150132,2003,2003-04-30T10:00:00,2003-04-30T23:45:00,CST,13.75,31,,Z,044,DODGE,0,0,0,0,,,,0,,0,1,begin_coordinates_missing_or_invalid|damage_crops_missing|damage_property_missing|end_coordinates_missing_or_invalid|no_valid_location_points|requires_crosswalk_or_marine_review|timezone_not_normalized_to_utc
5350223,1149088,2003,2003-03-21T01:56:00,2003-03-28T05:00:00,EST,171.06666666666666,36,,Z,056,BROOME,0,0,0,0,50000,,,0,,0,1,begin_coordinates_missing_or_invalid|damage_crops_missing|end_coordinates_missing_or_invalid|no_valid_location_points|requires_crosswalk_or_marine_review|timezone_not_normalized_to_utc
5350224,1149088,2003,2003-03-21T09:28:00,2003-03-28T05:58:00,EST,164.5,36,,Z,045,CHENANGO,0,0,0,0,50000,,,0,,0,1,begin_coordinates_missing_or_invalid|damage_crops_missing|end_coordinates_missing_or_invalid|no_valid_location_points|requires_crosswalk_or_marine_review|timezone_not_normalized_to_utc
5350225,1149088,2003,2003-03-21T18:58:00,2003-03-24T06:13:00,EST,59.25,36,,Z,044,CORTLAND,0,0,0,0,20000,,,0,,0,1,begin_coordinates_missing_or_invalid|damage_crops_missing|end_coordinates_missing_or_invalid|no_valid_location_points|requires_crosswalk_or_marine_review|timezone_not_normalized_to_utc
5350226,1149088,2003,2003-03-22T09:35:00,2003-03-24T06:15:00,EST,44.666666666666664,36,,Z,046,OTSEGO,0,0,0,0,20000,,,0,,0,1,begin_coordinates_missing_or_invalid|damage_crops_missing|end_coordinates_missing_or_invalid|no_valid_location_points|requires_crosswalk_or_marine_review|timezone_not_normalized_to_utc
5350227,1149088,2003,2003-03-21T01:13:00,2003-03-26T19:00:00,EST,137.78333333333333,36,,Z,055,TIOGA,0,0,0,0,50000,,,0,,0,1,begin_coordinates_missing_or_invalid|damage_crops_missing|end_coordinates_missing_or_invalid|no_valid_location_points|requires_crosswalk_or_marine_review|timezone_not_normalized_to_utc
5350228,1149089,2003,2003-03-21T01:13:00,2003-03-26T19:00:00,EST,137.78333333333333,42,,Z,038,BRADFORD,0,0,0,0,50000,,,0,,0,1,begin_coordinates_missing_or_invalid|damage_crops_missing|end_coordinates_missing_or_invalid|no_valid_location_points|requires_crosswalk_or_marine_review|timezone_not_normalized_to_utc
5350229,1149089,2003,2003-03-21T01:13:00,2003-03-23T04:15:00,EST,51.03333333333333,42,,Z,047,LUZERNE,0,0,0,0,50000,,,0,,0,1,begin_coordinates_missing_or_invalid|damage_crops_missing|end_coordinates_missing_or_invalid|no_valid_location_points|requires_crosswalk_or_marine_review|timezone_not_normalized_to_utc
5350235,1149093,2003,2003-03-19T16:00:00,2003-03-19T21:00:00,EST,5.0,36,,Z,049,EASTERN SCHENECTADY,0,0,0,0,,,,0,,0,1,begin_coordinates_missing_or_invalid|damage_crops_missing|damage_property_missing|end_coordinates_missing_or_invalid|no_valid_location_points|requires_crosswalk_or_marine_review|timezone_not_normalized_to_utc
5350236,1149093,2003,2003-03-21T10:00:00,2003-03-24T00:00:00,EST,62.0,36,,Z,038,SOUTHERN HERKIMER,0,0,0,0,,,,0,,0,1,begin_coordinates_missing_or_invalid|damage_crops_missing|damage_property_missing|end_coordinates_missing_or_invalid|no_valid_location_points|requires_crosswalk_or_marine_review|timezone_not_normalized_to_utc
5350237,1149093,2003,2003-03-21T21:00:00,2003-03-21T23:00:00,EST,2.0,36,,Z,047,SCHOHARIE,0,0,0,0,,,,0,,0,1,begin_coordinates_missing_or_invalid|damage_crops_missing|damage_property_missing|end_coordinates_missing_or_invalid|no_valid_location_points|requires_crosswalk_or_marine_review|timezone_not_normalized_to_utc
5350238,1149093,2003,2003-03-22T00:45:00,2003-03-22T05:00:00,EST,4.25,36,,Z,052,EASTERN ALBANY,0,0,0,0,,,,0,,0,1,begin_coordinates_missing_or_invalid|damage_crops_missing|damage_property_missing|end_coordinates_missing_or_invalid|no_valid_location_points|requires_crosswalk_or_marine_review|timezone_not_normalized_to_utc
5350239,1149094,2003,2003-03-21T12:45:00,2003-03-23T10:00:00,EST,45.25,09,,Z,001,LITCHFIELD,0,0,0,0,,,,0,,0,1,begin_coordinates_missing_or_invalid|damage_crops_missing|damage_property_missing|end_coordinates_missing_or_invalid|no_valid_location_points|requires_crosswalk_or_marine_review|timezone_not_normalized_to_utc
5350240,1149094,2003,2003-03-21T07:30:00,2003-03-21T21:00:00,EST,13.5,09,,Z,001,LITCHFIELD,0,0,0,0,25000,,,0,,0,1,begin_coordinates_missing_or_invalid|damage_crops_missing|end_coordinates_missing_or_invalid|no_valid_location_points|requires_crosswalk_or_marine_review|timezone_not_normalized_to_utc
5350241,1149095,2003,2003-03-30T07:45:00,2003-03-30T09:00:00,EST,1.25,36,,Z,042,WARREN,0,0,0,0,,,,0,,0,1,begin_coordinates_missing_or_invalid|damage_crops_missing|damage_property_missing|end_coordinates_missing_or_invalid|no_valid_location_points|requires_crosswalk_or_marine_review|timezone_not_normalized_to_utc
5350242,1149095,2003,2003-03-30T13:00:00,2003-03-31T23:59:00,EST,34.983333333333334,36,,Z,050,SOUTHERN SARATOGA,0,0,0,0,,,,0,,0,1,begin_coordinates_missing_or_invalid|damage_crops_missing|damage_property_missing|end_coordinates_missing_or_invalid|no_valid_location_points|requires_crosswalk_or_marine_review|timezone_not_normalized_to_utc
5350243,1149095,2003,2003-03-30T07:00:00,2003-03-30T23:59:00,EST,16.983333333333334,36,,Z,050,SOUTHERN SARATOGA,0,0,0,0,,,,0,,0,1,begin_coordinates_missing_or_invalid|damage_crops_missing|damage_property_missing|end_coordinates_missing_or_invalid|no_valid_location_points|requires_crosswalk_or_marine_review|timezone_not_normalized_to_utc
5350320,1149096,2003,2003-03-29T20:00:00,2003-03-29T23:30:00,EST,3.5,50,,Z,013,BENNINGTON,0,0,0,0,,,,0,,0,1,begin_coordinates_missing_or_invalid|damage_crops_missing|damage_property_missing|end_coordinates_missing_or_invalid|no_valid_location_points|requires_crosswalk_or_marine_review|timezone_not_normalized_to_utc
5350321,1149096,2003,2003-03-30T17:00:00,2003-03-30T20:00:00,EST,3.0,50,,Z,013,BENNINGTON,0,0,0,0,,,,0,,0,1,begin_coordinates_missing_or_invalid|damage_crops_missing|damage_property_missing|end_coordinates_missing_or_invalid|no_valid_location_points|requires_crosswalk_or_marine_review|timezone_not_normalized_to_utc
5350322,1149097,2003,2003-03-29T20:00:00,2003-03-29T22:00:00,EST,2.0,25,,Z,001,BERKSHIRE,0,0,0,0,,,,0,,0,1,begin_coordinates_missing_or_invalid|damage_crops_missing|damage_property_missing|end_coordinates_missing_or_invalid|no_valid_location_points|requires_crosswalk_or_marine_review|timezone_not_normalized_to_utc
5350323,1149097,2003,2003-03-30T03:15:00,2003-03-30T06:00:00,EST,2.75,25,,Z,001,BERKSHIRE,0,0,0,0,,,,0,,0,1,begin_coordinates_missing_or_invalid|damage_crops_missing|damage_property_missing|end_coordinates_missing_or_invalid|no_valid_location_points|requires_crosswalk_or_marine_review|timezone_not_normalized_to_utc
5350460,1149765,2003,2003-04-28T07:00:00,2003-04-29T09:00:00,AST,26.0,02,,Z,222,MIDDLE TANANA VALLEY,0,0,0,0,,,,0,,0,1,begin_coordinates_missing_or_invalid|damage_crops_missing|damage_property_missing|end_coordinates_missing_or_invalid|no_valid_location_points|requires_crosswalk_or_marine_review|timezone_not_normalized_to_utc
5350461,1149766,2003,2003-04-25T19:15:00,2003-04-30T23:59:00,AST,124.73333333333333,02,,Z,223,DELTANA AND TANANA,0,0,0,0,2000000,,,0,,0,1,begin_coordinates_missing_or_invalid|damage_crops_missing|end_coordinates_missing_or_invalid|no_valid_location_points|requires_crosswalk_or_marine_review|timezone_not_normalized_to_utc
5350989,1149688,2003,2003-04-18T20:00:00,2003-04-19T03:45:00,CST,7.75,55,,Z,033,TREMPEALEAU,0,0,0,0,,,,0,,0,1,begin_coordinates_missing_or_invalid|damage_crops_missing|damage_property_missing|end_coordinates_missing_or_invalid|no_valid_location_points|requires_crosswalk_or_marine_review|timezone_not_normalized_to_utc
5351136,1149838,2003,2003-04-09T10:09:00,2003-04-09T15:07:00,EST,4.966666666666667,21,,Z,087,BELL,0,0,0,0,0,0,,0,,0,1,begin_coordinates_missing_or_invalid|end_coordinates_missing_or_invalid|no_valid_location_points|requires_crosswalk_or_marine_review|timezone_not_normalized_to_utc
5351137,1149838,2003,2003-04-10T18:54:00,2003-04-11T11:57:00,EST,17.05,21,,Z,087,BELL,0,0,0,0,0,0,,0,,0,1,begin_coordinates_missing_or_invalid|end_coordinates_missing_or_invalid|no_valid_location_points|requires_crosswalk_or_marine_review|timezone_not_normalized_to_utc
5351138,1149838,2003,2003-04-09T13:36:00,2003-04-12T20:55:00,EST,79.31666666666666,21,,Z,086,KNOX,0,0,0,0,0,0,,0,,0,1,begin_coordinates_missing_or_invalid|end_coordinates_missing_or_invalid|no_valid_location_points|requires_crosswalk_or_marine_review|timezone_not_normalized_to_utc
5351139,1149838,2003,2003-04-09T07:28:00,2003-04-14T14:04:00,EST,126.6,21,,Z,085,WHITLEY,0,0,0,0,0,0,,0,,0,1,begin_coordinates_missing_or_invalid|end_coordinates_missing_or_invalid|no_valid_location_points|requires_crosswalk_or_marine_review|timezone_not_normalized_to_utc
5351140,1149838,2003,2003-04-10T22:39:00,2003-04-11T04:01:00,EST,5.366666666666666,21,,Z,115,PERRY,0,0,0,0,0,0,,0,,0,1,begin_coordinates_missing_or_invalid|end_coordinates_missing_or_invalid|no_valid_location_points|requires_crosswalk_or_marine_review|timezone_not_normalized_to_utc
5351141,1149838,2003,2003-04-11T04:46:00,2003-04-11T19:56:00,EST,15.166666666666666,21,,Z,114,OWSLEY,0,0,0,0,0,0,,0,,0,1,begin_coordinates_missing_or_invalid|end_coordinates_missing_or_invalid|no_valid_location_points|requires_crosswalk_or_marine_review|timezone_not_normalized_to_utc
5351142,1149838,2003,2003-04-09T22:33:00,2003-04-12T11:27:00,EST,60.9,21,,Z,111,LEE,0,0,0,0,0,0,,0,,0,1,begin_coordinates_missing_or_invalid|end_coordinates_missing_or_invalid|no_valid_location_points|requires_crosswalk_or_marine_review|timezone_not_normalized_to_utc
5351149,1149666,2003,2003-04-16T08:40:00,2003-04-17T01:39:00,CST,16.983333333333334,55,,Z,030,MARATHON,0,0,0,0,,,,0,,0,1,begin_coordinates_missing_or_invalid|damage_crops_missing|damage_property_missing|end_coordinates_missing_or_invalid|no_valid_location_points|requires_crosswalk_or_marine_review|timezone_not_normalized_to_utc
5351150,1149666,2003,2003-04-17T06:20:00,2003-04-17T12:00:00,CST,5.666666666666667,55,,Z,031,SHAWANO,0,0,0,0,,,,0,,0,1,begin_coordinates_missing_or_invalid|damage_crops_missing|damage_property_missing|end_coordinates_missing_or_invalid|no_valid_location_points|requires_crosswalk_or_marine_review|timezone_not_normalized_to_utc
5351151,1149666,2003,2003-04-16T09:11:00,2003-04-17T15:38:00,CST,30.45,55,,Z,074,SOUTHERN OCONTO,0,0,0,0,,,,0,,0,1,begin_coordinates_missing_or_invalid|damage_crops_missing|damage_property_missing|end_coordinates_missing_or_invalid|no_valid_location_points|requires_crosswalk_or_marine_review|timezone_not_normalized_to_utc
5351152,1149667,2003,2003-04-23T10:00:00,2003-04-23T11:34:00,CST,1.5666666666666667,55,,Z,073,SOUTHERN MARINETTE,0,0,0,0,,,,0,,0,1,begin_coordinates_missing_or_invalid|damage_crops_missing|damage_property_missing|end_coordinates_missing_or_invalid|no_valid_location_points|requires_crosswalk_or_marine_review|timezone_not_normalized_to_utc
5351153,1149667,2003,2003-04-21T04:50:00,2003-04-25T16:47:00,CST,107.95,55,,Z,038,OUTAGAMIE,0,0,0,0,,,,0,,0,1,begin_coordinates_missing_or_invalid|damage_crops_missing|damage_property_missing|end_coordinates_missing_or_invalid|no_valid_location_points|requires_crosswalk_or_marine_review|timezone_not_normalized_to_utc
5351432,1150472,2003,2003-05-05T23:00:00,2003-05-06T17:00:00,EST,18.0,21,,Z,101,GREENUP,0,0,0,0,40000,,,0,,0,1,begin_coordinates_missing_or_invalid|damage_crops_missing|end_coordinates_missing_or_invalid|no_valid_location_points|requires_crosswalk_or_marine_review|timezone_not_normalized_to_utc
5351433,1150472,2003,2003-05-05T23:00:00,2003-05-06T16:00:00,EST,17.0,21,,Z,102,CARTER,0,0,0,0,60000,,,0,,0,1,begin_coordinates_missing_or_invalid|damage_crops_missing|end_coordinates_missing_or_invalid|no_valid_location_points|requires_crosswalk_or_marine_review|timezone_not_normalized_to_utc
5351449,1150476,2003,2003-05-10T10:00:00,2003-05-11T07:00:00,EST,21.0,54,,Z,028,BRAXTON,0,0,0,0,250000,,,0,,0,1,begin_coordinates_missing_or_invalid|damage_crops_missing|end_coordinates_missing_or_invalid|no_valid_location_points|requires_crosswalk_or_marine_review|timezone_not_normalized_to_utc
5351450,1150476,2003,2003-05-10T10:00:00,2003-05-11T07:00:00,EST,21.0,54,,Z,018,CALHOUN,0,0,0,0,100000,,,0,,0,1,begin_coordinates_missing_or_invalid|damage_crops_missing|end_coordinates_missing_or_invalid|no_valid_location_points|requires_crosswalk_or_marine_review|timezone_not_normalized_to_utc
5351451,1150476,2003,2003-05-10T10:00:00,2003-05-11T10:00:00,EST,24.0,54,,Z,029,GILMER,0,0,0,0,300000,,,0,,0,1,begin_coordinates_missing_or_invalid|damage_crops_missing|end_coordinates_missing_or_invalid|no_valid_location_points|requires_crosswalk_or_marine_review|timezone_not_normalized_to_utc
5351452,1150476,2003,2003-05-10T10:00:00,2003-05-11T07:00:00,EST,21.0,54,,Z,047,RANDOLPH,0,0,0,0,50000,,,0,,0,1,begin_coordinates_missing_or_invalid|damage_crops_missing|end_coordinates_missing_or_invalid|no_valid_location_points|requires_crosswalk_or_marine_review|timezone_not_normalized_to_utc
5351453,1150476,2003,2003-05-10T10:00:00,2003-05-11T07:00:00,EST,21.0,54,,Z,039,UPSHUR,0,0,0,0,50000,,,0,,0,1,begin_coordinates_missing_or_invalid|damage_crops_missing|end_coordinates_missing_or_invalid|no_valid_location_points|requires_crosswalk_or_marine_review|timezone_not_normalized_to_utc
5351454,1150476,2003,2003-05-10T10:00:00,2003-05-11T07:00:00,EST,21.0,54,,Z,038,WEBSTER,0,0,0,0,400000,,,0,,0,1,begin_coordinates_missing_or_invalid|damage_crops_missing|end_coordinates_missing_or_invalid|no_valid_location_points|requires_crosswalk_or_marine_review|timezone_not_normalized_to_utc
5351566,1150477,2003,2003-05-10T11:00:00,2003-05-10T19:00:00,EST,8.0,39,,Z,083,JACKSON,0,0,0,0,250000,,,0,,0,1,begin_coordinates_missing_or_invalid|damage_crops_missing|end_coordinates_missing_or_invalid|no_valid_location_points|requires_crosswalk_or_marine_review|timezone_not_normalized_to_utc
5351567,1150477,2003,2003-05-10T11:00:00,2003-05-10T19:00:00,EST,8.0,39,,Z,086,GALLIA,0,0,0,0,150000,,,0,,0,1,begin_coordinates_missing_or_invalid|damage_crops_missing|end_coordinates_missing_or_invalid|no_valid_location_points|requires_crosswalk_or_marine_review|timezone_not_normalized_to_utc
5351568,1150477,2003,2003-05-10T11:00:00,2003-05-10T19:00:00,EST,8.0,39,,Z,087,LAWRENCE,0,0,0,0,50000,,,0,,0,1,begin_coordinates_missing_or_invalid|damage_crops_missing|end_coordinates_missing_or_invalid|no_valid_location_points|requires_crosswalk_or_marine_review|timezone_not_normalized_to_utc
5351808,1150543,2003,2003-05-12T08:00:00,2003-05-19T17:00:00,CST,177.0,18,,Z,087,WARRICK,0,0,0,0,,,,0,,0,1,begin_coordinates_missing_or_invalid|damage_crops_missing|damage_property_missing|end_coordinates_missing_or_invalid|no_valid_location_points|requires_crosswalk_or_marine_review|timezone_not_normalized_to_utc
5351809,1150543,2003,2003-05-12T08:00:00,2003-05-19T17:00:00,CST,177.0,18,,Z,085,POSEY,0,0,0,0,,,,0,,0,1,begin_coordinates_missing_or_invalid|damage_crops_missing|damage_property_missing|end_coordinates_missing_or_invalid|no_valid_location_points|requires_crosswalk_or_marine_review|timezone_not_normalized_to_utc
5351810,1150543,2003,2003-05-12T08:00:00,2003-05-19T17:00:00,CST,177.0,18,,Z,088,SPENCER,0,0,0,0,,,,0,,0,1,begin_coordinates_missing_or_invalid|damage_crops_missing|damage_property_missing|end_coordinates_missing_or_invalid|no_valid_location_points|requires_crosswalk_or_marine_review|timezone_not_normalized_to_utc
5351811,1150544,2003,2003-05-07T08:00:00,2003-05-29T16:00:00,CST,536.0,17,,Z,092,ALEXANDER,0,0,0,0,,,,0,,0,1,begin_coordinates_missing_or_invalid|damage_crops_missing|damage_property_missing|end_coordinates_missing_or_invalid|no_valid_location_points|requires_crosswalk_or_marine_review|timezone_not_normalized_to_utc
5351816,1150580,2003,2003-05-13T15:00:00,2003-05-14T07:00:00,EST,16.0,36,,Z,051,WESTERN ALBANY,0,0,0,0,,,,0,,0,1,begin_coordinates_missing_or_invalid|damage_crops_missing|damage_property_missing|end_coordinates_missing_or_invalid|no_valid_location_points|requires_crosswalk_or_marine_review|timezone_not_normalized_to_utc
5351860,1150168,2003,2003-04-08T07:36:00,2003-04-10T03:34:00,EST,43.96666666666667,39,,Z,048,COSHOCTON,0,0,0,0,,,,0,,0,1,begin_coordinates_missing_or_invalid|damage_crops_missing|damage_property_missing|end_coordinates_missing_or_invalid|no_valid_location_points|requires_crosswalk_or_marine_review|timezone_not_normalized_to_utc
5351872,1150479,2003,2003-05-15T15:00:00,2003-05-15T17:00:00,EST,2.0,21,,Z,101,GREENUP,0,0,0,0,5000,,,0,,0,1,begin_coordinates_missing_or_invalid|damage_crops_missing|end_coordinates_missing_or_invalid|no_valid_location_points|requires_crosswalk_or_marine_review|timezone_not_normalized_to_utc
5351873,1150480,2003,2003-05-15T18:45:00,2003-05-15T20:00:00,EST,1.25,54,,Z,015,KANAWHA,0,0,0,0,10000,,,0,,0,1,begin_coordinates_missing_or_invalid|damage_crops_missing|end_coordinates_missing_or_invalid|no_valid_location_points|requires_crosswalk_or_marine_review|timezone_not_normalized_to_utc
5351875,1150481,2003,2003-05-23T20:00:00,2003-05-23T21:30:00,EST,1.5,54,,Z,020,DODDRIDGE,0,0,0,0,20000,,,0,,0,1,begin_coordinates_missing_or_invalid|damage_crops_missing|end_coordinates_missing_or_invalid|no_valid_location_points|requires_crosswalk_or_marine_review|timezone_not_normalized_to_utc
5351876,1150481,2003,2003-05-23T20:00:00,2003-05-23T21:30:00,EST,1.5,54,,Z,031,HARRISON,0,0,0,0,5000,,,0,,0,1,begin_coordinates_missing_or_invalid|damage_crops_missing|end_coordinates_missing_or_invalid|no_valid_location_points|requires_crosswalk_or_marine_review|timezone_not_normalized_to_utc
5351906,1150544,2003,2003-05-07T08:00:00,2003-05-29T16:00:00,CST,536.0,17,,Z,087,GALLATIN,0,0,0,0,,,,0,,0,1,begin_coordinates_missing_or_invalid|damage_crops_missing|damage_property_missing|end_coordinates_missing_or_invalid|no_valid_location_points|requires_crosswalk_or_marine_review|timezone_not_normalized_to_utc
5351907,1150544,2003,2003-05-07T08:00:00,2003-05-29T16:00:00,CST,536.0,17,,Z,091,HARDIN,0,0,0,0,,,,0,,0,1,begin_coordinates_missing_or_invalid|damage_crops_missing|damage_property_missing|end_coordinates_missing_or_invalid|no_valid_location_points|requires_crosswalk_or_marine_review|timezone_not_normalized_to_utc
5351952,1150605,2003,2003-05-04T12:00:00,2003-05-08T12:00:00,CST,96.0,19,,Z,071,ADAIR,0,0,0,0,5000,,,0,,0,1,begin_coordinates_missing_or_invalid|damage_crops_missing|end_coordinates_missing_or_invalid|no_valid_location_points|requires_crosswalk_or_marine_review|timezone_not_normalized_to_utc
5351953,1150605,2003,2003-05-04T12:00:00,2003-05-08T12:00:00,CST,96.0,19,,Z,047,BOONE,0,0,0,0,5000,,,0,,0,1,begin_coordinates_missing_or_invalid|damage_crops_missing|end_coordinates_missing_or_invalid|no_valid_location_points|requires_crosswalk_or_marine_review|timezone_not_normalized_to_utc
5351954,1150605,2003,2003-05-04T12:00:00,2003-05-08T12:00:00,CST,96.0,19,,Z,034,CALHOUN,0,0,0,0,5000,,,0,,0,1,begin_coordinates_missing_or_invalid|damage_crops_missing|end_coordinates_missing_or_invalid|no_valid_location_points|requires_crosswalk_or_marine_review|timezone_not_normalized_to_utc
5351955,1150605,2003,2003-05-04T12:00:00,2003-05-08T12:00:00,CST,96.0,19,,Z,045,CARROLL,0,0,0,0,5000,,,0,,0,1,begin_coordinates_missing_or_invalid|damage_crops_missing|end_coordinates_missing_or_invalid|no_valid_location_points|requires_crosswalk_or_marine_review|timezone_not_normalized_to_utc
5351956,1150605,2003,2003-05-04T12:00:00,2003-05-08T12:00:00,CST,96.0,19,,Z,083,CLARKE,0,0,0,0,5000,,,0,,0,1,begin_coordinates_missing_or_invalid|damage_crops_missing|end_coordinates_missing_or_invalid|no_valid_location_points|requires_crosswalk_or_marine_review|timezone_not_normalized_to_utc
5351957,1150605,2003,2003-05-04T12:00:00,2003-05-08T12:00:00,CST,96.0,19,,Z,059,DALLAS,0,0,0,0,5000,,,0,,0,1,begin_coordinates_missing_or_invalid|damage_crops_missing|end_coordinates_missing_or_invalid|no_valid_location_points|requires_crosswalk_or_marine_review|timezone_not_normalized_to_utc
5351958,1150605,2003,2003-05-04T12:00:00,2003-05-08T12:00:00,CST,96.0,19,,Z,004,EMMET,0,0,0,0,5000,,,0,,0,1,begin_coordinates_missing_or_invalid|damage_crops_missing|end_coordinates_missing_or_invalid|no_valid_location_points|requires_crosswalk_or_marine_review|timezone_not_normalized_to_utc
5351959,1150605,2003,2003-05-04T12:00:00,2003-05-08T12:00:00,CST,96.0,19,,Z,046,GREENE,0,0,0,0,5000,,,0,,0,1,begin_coordinates_missing_or_invalid|damage_crops_missing|end_coordinates_missing_or_invalid|no_valid_location_points|requires_crosswalk_or_marine_review|timezone_not_normalized_to_utc
5351960,1150605,2003,2003-05-04T12:00:00,2003-05-08T12:00:00,CST,96.0,19,,Z,058,GUTHRIE,0,0,0,0,5000,,,0,,0,1,begin_coordinates_missing_or_invalid|damage_crops_missing|end_coordinates_missing_or_invalid|no_valid_location_points|requires_crosswalk_or_marine_review|timezone_not_normalized_to_utc
5351961,1150605,2003,2003-05-04T12:00:00,2003-05-08T12:00:00,CST,96.0,19,,Z,036,HAMILTON,0,0,0,0,5000,,,0,,0,1,begin_coordinates_missing_or_invalid|damage_crops_missing|end_coordinates_missing_or_invalid|no_valid_location_points|requires_crosswalk_or_marine_review|timezone_not_normalized_to_utc
5351962,1150605,2003,2003-05-04T12:00:00,2003-05-08T12:00:00,CST,96.0,19,,Z,016,HANCOCK,0,0,0,0,5000,,,0,,0,1,begin_coordinates_missing_or_invalid|damage_crops_missing|end_coordinates_missing_or_invalid|no_valid_location_points|requires_crosswalk_or_marine_review|timezone_not_normalized_to_utc
5351963,1150605,2003,2003-05-04T12:00:00,2003-05-08T12:00:00,CST,96.0,19,,Z,024,HUMBOLDT,0,0,0,0,5000,,,0,,0,1,begin_coordinates_missing_or_invalid|damage_crops_missing|end_coordinates_missing_or_invalid|no_valid_location_points|requires_crosswalk_or_marine_review|timezone_not_normalized_to_utc
5351964,1150605,2003,2003-05-04T12:00:00,2003-05-08T12:00:00,CST,96.0,19,,Z,061,JASPER,0,0,0,0,5000,,,0,,0,1,begin_coordinates_missing_or_invalid|damage_crops_missing|end_coordinates_missing_or_invalid|no_valid_location_points|requires_crosswalk_or_marine_review|timezone_not_normalized_to_utc
5351965,1150605,2003,2003-05-04T12:00:00,2003-05-08T12:00:00,CST,96.0,19,,Z,005,KOSSUTH,0,0,0,0,5000,,,0,,0,1,begin_coordinates_missing_or_invalid|damage_crops_missing|end_coordinates_missing_or_invalid|no_valid_location_points|requires_crosswalk_or_marine_review|timezone_not_normalized_to_utc
5351966,1150605,2003,2003-05-04T12:00:00,2003-05-08T12:00:00,CST,96.0,19,,Z,084,LUCAS,0,0,0,0,5000,,,0,,0,1,begin_coordinates_missing_or_invalid|damage_crops_missing|end_coordinates_missing_or_invalid|no_valid_location_points|requires_crosswalk_or_marine_review|timezone_not_normalized_to_utc
5351967,1150605,2003,2003-05-04T12:00:00,2003-05-08T12:00:00,CST,96.0,19,,Z,072,MADISON,0,0,0,0,5000,,,0,,0,1,begin_coordinates_missing_or_invalid|damage_crops_missing|end_coordinates_missing_or_invalid|no_valid_location_points|requires_crosswalk_or_marine_review|timezone_not_normalized_to_utc
5351968,1150605,2003,2003-05-04T12:00:00,2003-05-08T12:00:00,CST,96.0,19,,Z,075,MAHASKA,0,0,0,0,5000,,,0,,0,1,begin_coordinates_missing_or_invalid|damage_crops_missing|end_coordinates_missing_or_invalid|no_valid_location_points|requires_crosswalk_or_marine_review|timezone_not_normalized_to_utc
5351969,1150605,2003,2003-05-04T12:00:00,2003-05-08T12:00:00,CST,96.0,19,,Z,074,MARION,0,0,0,0,5000,,,0,,0,1,begin_coordinates_missing_or_invalid|damage_crops_missing|end_coordinates_missing_or_invalid|no_valid_location_points|requires_crosswalk_or_marine_review|timezone_not_normalized_to_utc
5351970,1150605,2003,2003-05-04T12:00:00,2003-05-08T12:00:00,CST,96.0,19,,Z,049,MARSHALL,0,0,0,0,5000,,,0,,0,1,begin_coordinates_missing_or_invalid|damage_crops_missing|end_coordinates_missing_or_invalid|no_valid_location_points|requires_crosswalk_or_marine_review|timezone_not_normalized_to_utc
5351971,1150605,2003,2003-05-04T12:00:00,2003-05-08T12:00:00,CST,96.0,19,,Z,085,MONROE,0,0,0,0,5000,,,0,,0,1,begin_coordinates_missing_or_invalid|damage_crops_missing|end_coordinates_missing_or_invalid|no_valid_location_points|requires_crosswalk_or_marine_review|timezone_not_normalized_to_utc
5351972,1150605,2003,2003-05-04T12:00:00,2003-05-08T12:00:00,CST,96.0,19,,Z,015,PALO ALTO,0,0,0,0,5000,,,0,,0,1,begin_coordinates_missing_or_invalid|damage_crops_missing|end_coordinates_missing_or_invalid|no_valid_location_points|requires_crosswalk_or_marine_review|timezone_not_normalized_to_utc
5351973,1150605,2003,2003-05-04T12:00:00,2003-05-08T12:00:00,CST,96.0,19,,Z,023,POCAHONTAS,0,0,0,0,5000,,,0,,0,1,begin_coordinates_missing_or_invalid|damage_crops_missing|end_coordinates_missing_or_invalid|no_valid_location_points|requires_crosswalk_or_marine_review|timezone_not_normalized_to_utc
5351974,1150605,2003,2003-05-04T12:00:00,2003-05-08T12:00:00,CST,96.0,19,,Z,060,POLK,0,0,0,0,50000,,,0,,0,1,begin_coordinates_missing_or_invalid|damage_crops_missing|end_coordinates_missing_or_invalid|no_valid_location_points|requires_crosswalk_or_marine_review|timezone_not_normalized_to_utc
5351975,1150605,2003,2003-05-04T12:00:00,2003-05-08T12:00:00,CST,96.0,19,,Z,062,POWESHIEK,0,0,0,0,5000,,,0,,0,1,begin_coordinates_missing_or_invalid|damage_crops_missing|end_coordinates_missing_or_invalid|no_valid_location_points|requires_crosswalk_or_marine_review|timezone_not_normalized_to_utc
5351976,1150605,2003,2003-05-04T12:00:00,2003-05-08T12:00:00,CST,96.0,19,,Z,033,SAC,0,0,0,0,5000,,,0,,0,1,begin_coordinates_missing_or_invalid|damage_crops_missing|end_coordinates_missing_or_invalid|no_valid_location_points|requires_crosswalk_or_marine_review|timezone_not_normalized_to_utc
5351977,1150605,2003,2003-05-04T12:00:00,2003-05-08T12:00:00,CST,96.0,19,,Z,048,STORY,0,0,0,0,5000,,,0,,0,1,begin_coordinates_missing_or_invalid|damage_crops_missing|end_coordinates_missing_or_invalid|no_valid_location_points|requires_crosswalk_or_marine_review|timezone_not_normalized_to_utc
5351978,1150605,2003,2003-05-04T12:00:00,2003-05-08T12:00:00,CST,96.0,19,,Z,086,WAPELLO,0,0,0,0,5000,,,0,,0,1,begin_coordinates_missing_or_invalid|damage_crops_missing|end_coordinates_missing_or_invalid|no_valid_location_points|requires_crosswalk_or_marine_review|timezone_not_normalized_to_utc
5351979,1150605,2003,2003-05-04T12:00:00,2003-05-08T12:00:00,CST,96.0,19,,Z,073,WARREN,0,0,0,0,5000,,,0,,0,1,begin_coordinates_missing_or_invalid|damage_crops_missing|end_coordinates_missing_or_invalid|no_valid_location_points|requires_crosswalk_or_marine_review|timezone_not_normalized_to_utc
5351980,1150605,2003,2003-05-04T12:00:00,2003-05-08T12:00:00,CST,96.0,19,,Z,035,WEBSTER,0,0,0,0,5000,,,0,,0,1,begin_coordinates_missing_or_invalid|damage_crops_missing|end_coordinates_missing_or_invalid|no_valid_location_points|requires_crosswalk_or_marine_review|timezone_not_normalized_to_utc
5351981,1150605,2003,2003-05-04T12:00:00,2003-05-08T12:00:00,CST,96.0,19,,Z,006,WINNEBAGO,0,0,0,0,5000,,,0,,0,1,begin_coordinates_missing_or_invalid|damage_crops_missing|end_coordinates_missing_or_invalid|no_valid_location_points|requires_crosswalk_or_marine_review|timezone_not_normalized_to_utc
5351982,1150605,2003,2003-05-04T12:00:00,2003-05-08T12:00:00,CST,96.0,19,,Z,025,WRIGHT,0,0,0,0,5000,,,0,,0,1,begin_coordinates_missing_or_invalid|damage_crops_missing|end_coordinates_missing_or_invalid|no_valid_location_points|requires_crosswalk_or_marine_review|timezone_not_normalized_to_utc
5351983,1150606,2003,2003-05-09T06:00:00,2003-05-14T12:00:00,CST,126.0,19,,Z,071,ADAIR,0,0,0,0,5000,,,0,,0,1,begin_coordinates_missing_or_invalid|damage_crops_missing|end_coordinates_missing_or_invalid|no_valid_location_points|requires_crosswalk_or_marine_review|timezone_not_normalized_to_utc
5352062,1150606,2003,2003-05-09T06:00:00,2003-05-14T12:00:00,CST,126.0,19,,Z,047,BOONE,0,0,0,0,5000,,,0,,0,1,begin_coordinates_missing_or_invalid|damage_crops_missing|end_coordinates_missing_or_invalid|no_valid_location_points|requires_crosswalk_or_marine_review|timezone_not_normalized_to_utc
5352063,1150606,2003,2003-05-09T06:00:00,2003-05-14T12:00:00,CST,126.0,19,,Z,034,CALHOUN,0,0,0,0,5000,,,0,,0,1,begin_coordinates_missing_or_invalid|damage_crops_missing|end_coordinates_missing_or_invalid|no_valid_location_points|requires_crosswalk_or_marine_review|timezone_not_normalized_to_utc
5352064,1150606,2003,2003-05-09T06:00:00,2003-05-14T12:00:00,CST,126.0,19,,Z,045,CARROLL,0,0,0,0,5000,,,0,,0,1,begin_coordinates_missing_or_invalid|damage_crops_missing|end_coordinates_missing_or_invalid|no_valid_location_points|requires_crosswalk_or_marine_review|timezone_not_normalized_to_utc
5352065,1150606,2003,2003-05-09T06:00:00,2003-05-14T12:00:00,CST,126.0,19,,Z,083,CLARKE,0,0,0,0,5000,,,0,,0,1,begin_coordinates_missing_or_invalid|damage_crops_missing|end_coordinates_missing_or_invalid|no_valid_location_points|requires_crosswalk_or_marine_review|timezone_not_normalized_to_utc
5352066,1150606,2003,2003-05-09T06:00:00,2003-05-14T12:00:00,CST,126.0,19,,Z,059,DALLAS,0,0,0,0,5000,,,0,,0,1,begin_coordinates_missing_or_invalid|damage_crops_missing|end_coordinates_missing_or_invalid|no_valid_location_points|requires_crosswalk_or_marine_review|timezone_not_normalized_to_utc
5352067,1150606,2003,2003-05-09T06:00:00,2003-05-14T12:00:00,CST,126.0,19,,Z,004,EMMET,0,0,0,0,5000,,,0,,0,1,begin_coordinates_missing_or_invalid|damage_crops_missing|end_coordinates_missing_or_invalid|no_valid_location_points|requires_crosswalk_or_marine_review|timezone_not_normalized_to_utc
5352068,1150606,2003,2003-05-09T06:00:00,2003-05-14T12:00:00,CST,126.0,19,,Z,046,GREENE,0,0,0,0,5000,,,0,,0,1,begin_coordinates_missing_or_invalid|damage_crops_missing|end_coordinates_missing_or_invalid|no_valid_location_points|requires_crosswalk_or_marine_review|timezone_not_normalized_to_utc
5352069,1150606,2003,2003-05-09T06:00:00,2003-05-14T12:00:00,CST,126.0,19,,Z,058,GUTHRIE,0,0,0,0,5000,,,0,,0,1,begin_coordinates_missing_or_invalid|damage_crops_missing|end_coordinates_missing_or_invalid|no_valid_location_points|requires_crosswalk_or_marine_review|timezone_not_normalized_to_utc
5352105,1150620,2003,2003-05-16T07:00:00,2003-05-16T14:30:00,EST,7.5,42,,Z,064,ADAMS,0,0,0,0,,,,0,,0,1,begin_coordinates_missing_or_invalid|damage_crops_missing|damage_property_missing|end_coordinates_missing_or_invalid|no_valid_location_points|requires_crosswalk_or_marine_review|timezone_not_normalized_to_utc
5352126,1150544,2003,2003-05-07T08:00:00,2003-05-29T16:00:00,CST,536.0,17,,Z,094,MASSAC,0,0,0,0,,,,0,,0,1,begin_coordinates_missing_or_invalid|damage_crops_missing|damage_property_missing|end_coordinates_missing_or_invalid|no_valid_location_points|requires_crosswalk_or_marine_review|timezone_not_normalized_to_utc
5352127,1150544,2003,2003-05-07T08:00:00,2003-05-29T16:00:00,CST,536.0,17,,Z,090,POPE,0,0,0,0,,,,0,,0,1,begin_coordinates_missing_or_invalid|damage_crops_missing|damage_property_missing|end_coordinates_missing_or_invalid|no_valid_location_points|requires_crosswalk_or_marine_review|timezone_not_normalized_to_utc
5352128,1150544,2003,2003-05-07T08:00:00,2003-05-29T16:00:00,CST,536.0,17,,Z,093,PULASKI,0,0,0,0,,,,0,,0,1,begin_coordinates_missing_or_invalid|damage_crops_missing|damage_property_missing|end_coordinates_missing_or_invalid|no_valid_location_points|requires_crosswalk_or_marine_review|timezone_not_normalized_to_utc
5352129,1150545,2003,2003-05-08T18:00:00,2003-05-26T06:00:00,CST,420.0,21,,Z,004,BALLARD,0,0,0,0,,,,0,,0,1,begin_coordinates_missing_or_invalid|damage_crops_missing|damage_property_missing|end_coordinates_missing_or_invalid|no_valid_location_points|requires_crosswalk_or_marine_review|timezone_not_normalized_to_utc
5352130,1150545,2003,2003-05-08T18:00:00,2003-05-26T06:00:00,CST,420.0,21,,Z,010,CRITTENDEN,0,0,0,0,,,,0,,0,1,begin_coordinates_missing_or_invalid|damage_crops_missing|damage_property_missing|end_coordinates_missing_or_invalid|no_valid_location_points|requires_crosswalk_or_marine_review|timezone_not_normalized_to_utc
5352131,1150545,2003,2003-05-08T18:00:00,2003-05-26T06:00:00,CST,420.0,21,,Z,019,DAVIESS,0,0,0,0,,,,0,,0,1,begin_coordinates_missing_or_invalid|damage_crops_missing|damage_property_missing|end_coordinates_missing_or_invalid|no_valid_location_points|requires_crosswalk_or_marine_review|timezone_not_normalized_to_utc
5352132,1150545,2003,2003-05-08T18:00:00,2003-05-26T06:00:00,CST,420.0,21,,Z,018,HENDERSON,0,0,0,0,,,,0,,0,1,begin_coordinates_missing_or_invalid|damage_crops_missing|damage_property_missing|end_coordinates_missing_or_invalid|no_valid_location_points|requires_crosswalk_or_marine_review|timezone_not_normalized_to_utc
5352133,1150545,2003,2003-05-08T18:00:00,2003-05-26T06:00:00,CST,420.0,21,,Z,007,LIVINGSTON,0,0,0,0,,,,0,,0,1,begin_coordinates_missing_or_invalid|damage_crops_missing|damage_property_missing|end_coordinates_missing_or_invalid|no_valid_location_points|requires_crosswalk_or_marine_review|timezone_not_normalized_to_utc
5352134,1150545,2003,2003-05-08T18:00:00,2003-05-26T06:00:00,CST,420.0,21,,Z,005,MCCRACKEN,0,0,0,0,,,,0,,0,1,begin_coordinates_missing_or_invalid|damage_crops_missing|damage_property_missing|end_coordinates_missing_or_invalid|no_valid_location_points|requires_crosswalk_or_marine_review|timezone_not_normalized_to_utc
5352135,1150545,2003,2003-05-08T18:00:00,2003-05-26T06:00:00,CST,420.0,21,,Z,014,UNION,0,0,0,0,,,,0,,0,1,begin_coordinates_missing_or_invalid|damage_crops_missing|damage_property_missing|end_coordinates_missing_or_invalid|no_valid_location_points|requires_crosswalk_or_marine_review|timezone_not_normalized_to_utc
5352136,1150546,2003,2003-05-11T03:00:00,2003-05-27T22:00:00,CST,403.0,29,,Z,087,CAPE GIRARDEAU,0,0,0,0,,,,0,,0,1,begin_coordinates_missing_or_invalid|damage_crops_missing|damage_property_missing|end_coordinates_missing_or_invalid|no_valid_location_points|requires_crosswalk_or_marine_review|timezone_not_normalized_to_utc
5352137,1150546,2003,2003-05-11T03:00:00,2003-05-27T22:00:00,CST,403.0,29,,Z,112,MISSISSIPPI,0,0,0,0,,,,0,,0,1,begin_coordinates_missing_or_invalid|damage_crops_missing|damage_property_missing|end_coordinates_missing_or_invalid|no_valid_location_points|requires_crosswalk_or_marine_review|timezone_not_normalized_to_utc
5352138,1150546,2003,2003-05-11T03:00:00,2003-05-27T22:00:00,CST,403.0,29,,Z,114,NEW MADRID,0,0,0,0,,,,0,,0,1,begin_coordinates_missing_or_invalid|damage_crops_missing|damage_property_missing|end_coordinates_missing_or_invalid|no_valid_location_points|requires_crosswalk_or_marine_review|timezone_not_normalized_to_utc
5352139,1150546,2003,2003-05-11T03:00:00,2003-05-27T22:00:00,CST,403.0,29,,Z,076,PERRY,0,0,0,0,,,,0,,0,1,begin_coordinates_missing_or_invalid|damage_crops_missing|damage_property_missing|end_coordinates_missing_or_invalid|no_valid_location_points|requires_crosswalk_or_marine_review|timezone_not_normalized_to_utc
5352140,1150546,2003,2003-05-11T03:00:00,2003-05-27T22:00:00,CST,403.0,29,,Z,111,SCOTT,0,0,0,0,,,,0,,0,1,begin_coordinates_missing_or_invalid|damage_crops_missing|damage_property_missing|end_coordinates_missing_or_invalid|no_valid_location_points|requires_crosswalk_or_marine_review|timezone_not_normalized_to_utc
5352141,1150547,2003,2003-05-13T08:00:00,2003-05-15T13:00:00,CST,53.0,17,,Z,092,ALEXANDER,0,0,0,0,,,,0,,0,1,begin_coordinates_missing_or_invalid|damage_crops_missing|damage_property_missing|end_coordinates_missing_or_invalid|no_valid_location_points|requires_crosswalk_or_marine_review|timezone_not_normalized_to_utc
5352142,1150547,2003,2003-05-13T08:00:00,2003-05-15T13:00:00,CST,53.0,17,,Z,084,JACKSON,0,0,0,0,,,,0,,0,1,begin_coordinates_missing_or_invalid|damage_crops_missing|damage_property_missing|end_coordinates_missing_or_invalid|no_valid_location_points|requires_crosswalk_or_marine_review|timezone_not_normalized_to_utc
5352143,1150547,2003,2003-05-13T08:00:00,2003-05-15T13:00:00,CST,53.0,17,,Z,088,UNION,0,0,0,0,,,,0,,0,1,begin_coordinates_missing_or_invalid|damage_crops_missing|damage_property_missing|end_coordinates_missing_or_invalid|no_valid_location_points|requires_crosswalk_or_marine_review|timezone_not_normalized_to_utc
5352144,1150548,2003,2003-05-08T10:00:00,2003-05-13T16:00:00,CST,126.0,21,,Z,021,MUHLENBERG,0,0,0,0,,,,0,,0,1,begin_coordinates_missing_or_invalid|damage_crops_missing|damage_property_missing|end_coordinates_missing_or_invalid|no_valid_location_points|requires_crosswalk_or_marine_review|timezone_not_normalized_to_utc
5352182,1150241,2003,2003-04-10T14:00:00,2003-04-10T18:00:00,EST,4.0,37,,Z,006,CASWELL,0,0,0,0,,,,0,,0,1,begin_coordinates_missing_or_invalid|damage_crops_missing|damage_property_missing|end_coordinates_missing_or_invalid|no_valid_location_points|requires_crosswalk_or_marine_review|timezone_not_normalized_to_utc
5352183,1150241,2003,2003-04-10T14:00:00,2003-04-10T17:30:00,EST,3.5,37,,Z,005,ROCKINGHAM,0,0,0,0,,,,0,,0,1,begin_coordinates_missing_or_invalid|damage_crops_missing|damage_property_missing|end_coordinates_missing_or_invalid|no_valid_location_points|requires_crosswalk_or_marine_review|timezone_not_normalized_to_utc
5352184,1150241,2003,2003-04-10T14:00:00,2003-04-10T17:30:00,EST,3.5,37,,Z,004,STOKES,0,0,0,0,,,,0,,0,1,begin_coordinates_missing_or_invalid|damage_crops_missing|damage_property_missing|end_coordinates_missing_or_invalid|no_valid_location_points|requires_crosswalk_or_marine_review|timezone_not_normalized_to_utc
5352186,1150242,2003,2003-04-10T11:00:00,2003-04-10T16:00:00,EST,5.0,51,,Z,016,CARROLL,0,0,0,0,0,,,0,,0,1,begin_coordinates_missing_or_invalid|damage_crops_missing|end_coordinates_missing_or_invalid|no_valid_location_points|requires_crosswalk_or_marine_review|timezone_not_normalized_to_utc
5352187,1150242,2003,2003-04-10T08:00:00,2003-04-10T11:00:00,EST,3.0,51,,Z,032,PATRICK,0,0,0,0,0,,,0,,0,1,begin_coordinates_missing_or_invalid|damage_crops_missing|end_coordinates_missing_or_invalid|no_valid_location_points|requires_crosswalk_or_marine_review|timezone_not_normalized_to_utc
5352188,1150242,2003,2003-04-10T13:00:00,2003-04-10T17:00:00,EST,4.0,51,,Z,022,ROANOKE,0,0,0,0,0,,,0,,0,1,begin_coordinates_missing_or_invalid|damage_crops_missing|end_coordinates_missing_or_invalid|no_valid_location_points|requires_crosswalk_or_marine_review|timezone_not_normalized_to_utc
5352189,1150242,2003,2003-04-10T13:00:00,2003-04-10T20:00:00,EST,7.0,51,,Z,044,PITTSYLVANIA,0,0,0,0,,,,0,,0,1,begin_coordinates_missing_or_invalid|damage_crops_missing|damage_property_missing|end_coordinates_missing_or_invalid|no_valid_location_points|requires_crosswalk_or_marine_review|timezone_not_normalized_to_utc
5352249,1150549,2003,2003-05-10T07:00:00,2003-05-24T11:00:00,CST,340.0,17,,Z,087,GALLATIN,0,0,0,0,,,,0,,0,1,begin_coordinates_missing_or_invalid|damage_crops_missing|damage_property_missing|end_coordinates_missing_or_invalid|no_valid_location_points|requires_crosswalk_or_marine_review|timezone_not_normalized_to_utc
5352250,1150549,2003,2003-05-10T07:00:00,2003-05-24T11:00:00,CST,340.0,17,,Z,078,WABASH,0,0,0,0,,,,0,,0,1,begin_coordinates_missing_or_invalid|damage_crops_missing|damage_property_missing|end_coordinates_missing_or_invalid|no_valid_location_points|requires_crosswalk_or_marine_review|timezone_not_normalized_to_utc
5352251,1150549,2003,2003-05-10T07:00:00,2003-05-24T11:00:00,CST,340.0,17,,Z,083,WHITE,0,0,0,0,,,,0,,0,1,begin_coordinates_missing_or_invalid|damage_crops_missing|damage_property_missing|end_coordinates_missing_or_invalid|no_valid_location_points|requires_crosswalk_or_marine_review|timezone_not_normalized_to_utc
5352252,1150550,2003,2003-05-10T09:00:00,2003-05-24T16:00:00,CST,343.0,18,,Z,081,GIBSON,0,0,0,0,,,,0,,0,1,begin_coordinates_missing_or_invalid|damage_crops_missing|damage_property_missing|end_coordinates_missing_or_invalid|no_valid_location_points|requires_crosswalk_or_marine_review|timezone_not_normalized_to_utc
5352253,1150550,2003,2003-05-10T09:00:00,2003-05-24T16:00:00,CST,343.0,18,,Z,085,POSEY,0,0,0,0,,,,0,,0,1,begin_coordinates_missing_or_invalid|damage_crops_missing|damage_property_missing|end_coordinates_missing_or_invalid|no_valid_location_points|requires_crosswalk_or_marine_review|timezone_not_normalized_to_utc
5352254,1150551,2003,2003-05-05T08:00:00,2003-05-19T08:00:00,CST,336.0,17,,Z,081,FRANKLIN,0,0,0,0,,,,0,,0,1,begin_coordinates_missing_or_invalid|damage_crops_missing|damage_property_missing|end_coordinates_missing_or_invalid|no_valid_location_points|requires_crosswalk_or_marine_review|timezone_not_normalized_to_utc
5352255,1150551,2003,2003-05-05T08:00:00,2003-05-19T08:00:00,CST,336.0,17,,Z,084,JACKSON,0,0,0,0,,,,0,,0,1,begin_coordinates_missing_or_invalid|damage_crops_missing|damage_property_missing|end_coordinates_missing_or_invalid|no_valid_location_points|requires_crosswalk_or_marine_review|timezone_not_normalized_to_utc
5352320,1150419,2003,2003-04-19T19:00:00,2003-04-19T21:00:00,EST,2.0,23,,Z,002,NORTHEAST AROOSTOOK,0,0,0,0,,,,0,,0,1,begin_coordinates_missing_or_invalid|damage_crops_missing|damage_property_missing|end_coordinates_missing_or_invalid|no_valid_location_points|requires_crosswalk_or_marine_review|timezone_not_normalized_to_utc
5352424,1150192,2003,2003-03-06T13:15:00,2003-03-06T15:55:00,EST,2.6666666666666665,10,,Z,001,NEW CASTLE,0,0,0,0,,0,,0,,0,1,begin_coordinates_missing_or_invalid|damage_property_missing|end_coordinates_missing_or_invalid|no_valid_location_points|requires_crosswalk_or_marine_review|timezone_not_normalized_to_utc
5352425,1150193,2003,2003-03-21T12:45:00,2003-03-22T09:45:00,EST,21.0,34,,Z,008,MORRIS,0,0,0,0,,,,0,,0,1,begin_coordinates_missing_or_invalid|damage_crops_missing|damage_property_missing|end_coordinates_missing_or_invalid|no_valid_location_points|requires_crosswalk_or_marine_review|timezone_not_normalized_to_utc
5352426,1150194,2003,2003-03-20T23:26:00,2003-03-21T00:38:00,EST,1.2,42,,Z,067,CHESTER,0,0,0,0,,,,0,,0,1,begin_coordinates_missing_or_invalid|damage_crops_missing|damage_property_missing|end_coordinates_missing_or_invalid|no_valid_location_points|requires_crosswalk_or_marine_review|timezone_not_normalized_to_utc
5352427,1150194,2003,2003-03-20T22:18:00,2003-03-20T23:05:00,EST,0.7833333333333333,42,,Z,070,DELAWARE,0,0,0,0,,,,0,,0,1,begin_coordinates_missing_or_invalid|damage_crops_missing|damage_property_missing|end_coordinates_missing_or_invalid|no_valid_location_points|requires_crosswalk_or_marine_review|timezone_not_normalized_to_utc
5352428,1150195,2003,2003-03-21T01:40:00,2003-03-22T07:44:00,EST,30.066666666666666,34,,Z,010,SOMERSET,0,0,0,0,,,,0,,0,1,begin_coordinates_missing_or_invalid|damage_crops_missing|damage_property_missing|end_coordinates_missing_or_invalid|no_valid_location_points|requires_crosswalk_or_marine_review|timezone_not_normalized_to_utc
5352430,1150606,2003,2003-05-09T06:00:00,2003-05-14T12:00:00,CST,126.0,19,,Z,036,HAMILTON,0,0,0,0,5000,,,0,,0,1,begin_coordinates_missing_or_invalid|damage_crops_missing|end_coordinates_missing_or_invalid|no_valid_location_points|requires_crosswalk_or_marine_review|timezone_not_normalized_to_utc
5352431,1150606,2003,2003-05-09T06:00:00,2003-05-14T12:00:00,CST,126.0,19,,Z,016,HANCOCK,0,0,0,0,5000,,,0,,0,1,begin_coordinates_missing_or_invalid|damage_crops_missing|end_coordinates_missing_or_invalid|no_valid_location_points|requires_crosswalk_or_marine_review|timezone_not_normalized_to_utc
5352432,1150606,2003,2003-05-09T06:00:00,2003-05-14T12:00:00,CST,126.0,19,,Z,024,HUMBOLDT,0,0,0,0,5000,,,0,,0,1,begin_coordinates_missing_or_invalid|damage_crops_missing|end_coordinates_missing_or_invalid|no_valid_location_points|requires_crosswalk_or_marine_review|timezone_not_normalized_to_utc
5352433,1150606,2003,2003-05-09T06:00:00,2003-05-14T12:00:00,CST,126.0,19,,Z,061,JASPER,0,0,0,0,5000,,,0,,0,1,begin_coordinates_missing_or_invalid|damage_crops_missing|end_coordinates_missing_or_invalid|no_valid_location_points|requires_crosswalk_or_marine_review|timezone_not_normalized_to_utc
5352434,1150606,2003,2003-05-09T06:00:00,2003-05-14T12:00:00,CST,126.0,19,,Z,005,KOSSUTH,0,0,0,0,5000,,,0,,0,1,begin_coordinates_missing_or_invalid|damage_crops_missing|end_coordinates_missing_or_invalid|no_valid_location_points|requires_crosswalk_or_marine_review|timezone_not_normalized_to_utc
5352435,1150606,2003,2003-05-09T06:00:00,2003-05-14T12:00:00,CST,126.0,19,,Z,084,LUCAS,0,0,0,0,5000,,,0,,0,1,begin_coordinates_missing_or_invalid|damage_crops_missing|end_coordinates_missing_or_invalid|no_valid_location_points|requires_crosswalk_or_marine_review|timezone_not_normalized_to_utc
5352436,1150606,2003,2003-05-09T06:00:00,2003-05-14T12:00:00,CST,126.0,19,,Z,072,MADISON,0,0,0,0,5000,,,0,,0,1,begin_coordinates_missing_or_invalid|damage_crops_missing|end_coordinates_missing_or_invalid|no_valid_location_points|requires_crosswalk_or_marine_review|timezone_not_normalized_to_utc
5352437,1150606,2003,2003-05-09T06:00:00,2003-05-14T12:00:00,CST,126.0,19,,Z,075,MAHASKA,0,0,0,0,5000,,,0,,0,1,begin_coordinates_missing_or_invalid|damage_crops_missing|end_coordinates_missing_or_invalid|no_valid_location_points|requires_crosswalk_or_marine_review|timezone_not_normalized_to_utc
5352438,1150606,2003,2003-05-09T06:00:00,2003-05-14T12:00:00,CST,126.0,19,,Z,074,MARION,0,0,0,0,5000,,,0,,0,1,begin_coordinates_missing_or_invalid|damage_crops_missing|end_coordinates_missing_or_invalid|no_valid_location_points|requires_crosswalk_or_marine_review|timezone_not_normalized_to_utc
5352439,1150606,2003,2003-05-09T06:00:00,2003-05-14T12:00:00,CST,126.0,19,,Z,049,MARSHALL,0,0,0,0,5000,,,0,,0,1,begin_coordinates_missing_or_invalid|damage_crops_missing|end_coordinates_missing_or_invalid|no_valid_location_points|requires_crosswalk_or_marine_review|timezone_not_normalized_to_utc
5352440,1150606,2003,2003-05-09T06:00:00,2003-05-14T12:00:00,CST,126.0,19,,Z,085,MONROE,0,0,0,0,5000,,,0,,0,1,begin_coordinates_missing_or_invalid|damage_crops_missing|end_coordinates_missing_or_invalid|no_valid_location_points|requires_crosswalk_or_marine_review|timezone_not_normalized_to_utc
5352441,1150606,2003,2003-05-09T06:00:00,2003-05-14T12:00:00,CST,126.0,19,,Z,015,PALO ALTO,0,0,0,0,5000,,,0,,0,1,begin_coordinates_missing_or_invalid|damage_crops_missing|end_coordinates_missing_or_invalid|no_valid_location_points|requires_crosswalk_or_marine_review|timezone_not_normalized_to_utc
5352442,1150606,2003,2003-05-09T06:00:00,2003-05-14T12:00:00,CST,126.0,19,,Z,023,POCAHONTAS,0,0,0,0,5000,,,0,,0,1,begin_coordinates_missing_or_invalid|damage_crops_missing|end_coordinates_missing_or_invalid|no_valid_location_points|requires_crosswalk_or_marine_review|timezone_not_normalized_to_utc
5352443,1150606,2003,2003-05-09T06:00:00,2003-05-14T12:00:00,CST,126.0,19,,Z,060,POLK,0,0,0,0,5000,,,0,,0,1,begin_coordinates_missing_or_invalid|damage_crops_missing|end_coordinates_missing_or_invalid|no_valid_location_points|requires_crosswalk_or_marine_review|timezone_not_normalized_to_utc
5352444,1150606,2003,2003-05-09T06:00:00,2003-05-14T12:00:00,CST,126.0,19,,Z,062,POWESHIEK,0,0,0,0,5000,,,0,,0,1,begin_coordinates_missing_or_invalid|damage_crops_missing|end_coordinates_missing_or_invalid|no_valid_location_points|requires_crosswalk_or_marine_review|timezone_not_normalized_to_utc
5352445,1150606,2003,2003-05-09T06:00:00,2003-05-14T12:00:00,CST,126.0,19,,Z,033,SAC,0,0,0,0,5000,,,0,,0,1,begin_coordinates_missing_or_invalid|damage_crops_missing|end_coordinates_missing_or_invalid|no_valid_location_points|requires_crosswalk_or_marine_review|timezone_not_normalized_to_utc
5352446,1150606,2003,2003-05-09T06:00:00,2003-05-14T12:00:00,CST,126.0,19,,Z,048,STORY,0,0,0,0,5000,,,0,,0,1,begin_coordinates_missing_or_invalid|damage_crops_missing|end_coordinates_missing_or_invalid|no_valid_location_points|requires_crosswalk_or_marine_review|timezone_not_normalized_to_utc
5352447,1150606,2003,2003-05-09T06:00:00,2003-05-14T12:00:00,CST,126.0,19,,Z,086,WAPELLO,0,0,0,0,5000,,,0,,0,1,begin_coordinates_missing_or_invalid|damage_crops_missing|end_coordinates_missing_or_invalid|no_valid_location_points|requires_crosswalk_or_marine_review|timezone_not_normalized_to_utc
5352448,1150606,2003,2003-05-09T06:00:00,2003-05-14T12:00:00,CST,126.0,19,,Z,073,WARREN,0,0,0,0,5000,,,0,,0,1,begin_coordinates_missing_or_invalid|damage_crops_missing|end_coordinates_missing_or_invalid|no_valid_location_points|requires_crosswalk_or_marine_review|timezone_not_normalized_to_utc
5352449,1150606,2003,2003-05-09T06:00:00,2003-05-14T12:00:00,CST,126.0,19,,Z,035,WEBSTER,0,0,0,0,5000,,,0,,0,1,begin_coordinates_missing_or_invalid|damage_crops_missing|end_coordinates_missing_or_invalid|no_valid_location_points|requires_crosswalk_or_marine_review|timezone_not_normalized_to_utc
5352450,1150606,2003,2003-05-09T06:00:00,2003-05-14T12:00:00,CST,126.0,19,,Z,006,WINNEBAGO,0,0,0,0,5000,,,0,,0,1,begin_coordinates_missing_or_invalid|damage_crops_missing|end_coordinates_missing_or_invalid|no_valid_location_points|requires_crosswalk_or_marine_review|timezone_not_normalized_to_utc
5352451,1150606,2003,2003-05-09T06:00:00,2003-05-14T12:00:00,CST,126.0,19,,Z,025,WRIGHT,0,0,0,0,5000,,,0,,0,1,begin_coordinates_missing_or_invalid|damage_crops_missing|end_coordinates_missing_or_invalid|no_valid_location_points|requires_crosswalk_or_marine_review|timezone_not_normalized_to_utc
5352514,1150196,2003,2003-03-25T11:53:00,2003-03-25T12:49:00,EST,0.9333333333333333,34,,Z,008,MORRIS,0,0,0,0,,,,0,,0,1,begin_coordinates_missing_or_invalid|damage_crops_missing|damage_property_missing|end_coordinates_missing_or_invalid|no_valid_location_points|requires_crosswalk_or_marine_review|timezone_not_normalized_to_utc
5352515,1150197,2003,2003-03-02T19:28:00,2003-03-04T04:50:00,EST,33.36666666666667,34,,Z,010,SOMERSET,0,0,0,0,,,,0,,0,1,begin_coordinates_missing_or_invalid|damage_crops_missing|damage_property_missing|end_coordinates_missing_or_invalid|no_valid_location_points|requires_crosswalk_or_marine_review|timezone_not_normalized_to_utc
5352516,1150198,2003,2003-03-06T07:00:00,2003-03-07T12:27:00,EST,29.45,34,,Z,010,SOMERSET,0,0,0,0,,,,0,,0,1,begin_coordinates_missing_or_invalid|damage_crops_missing|damage_property_missing|end_coordinates_missing_or_invalid|no_valid_location_points|requires_crosswalk_or_marine_review|timezone_not_normalized_to_utc
5352517,1150199,2003,2003-03-20T17:31:00,2003-03-21T03:38:00,EST,10.116666666666667,10,,Z,001,NEW CASTLE,0,0,0,0,,,,0,,0,1,begin_coordinates_missing_or_invalid|damage_crops_missing|damage_property_missing|end_coordinates_missing_or_invalid|no_valid_location_points|requires_crosswalk_or_marine_review|timezone_not_normalized_to_utc
5352562,1150245,2003,2003-04-09T09:15:00,2003-04-13T22:43:00,EST,109.46666666666667,51,,Z,058,HALIFAX,0,0,0,0,0,,,0,,0,1,begin_coordinates_missing_or_invalid|damage_crops_missing|end_coordinates_missing_or_invalid|no_valid_location_points|requires_crosswalk_or_marine_review|timezone_not_normalized_to_utc
5352563,1150245,2003,2003-04-09T09:15:00,2003-04-13T22:43:00,EST,109.46666666666667,51,,Z,059,CHARLOTTE,0,0,0,0,0,,,0,,0,1,begin_coordinates_missing_or_invalid|damage_crops_missing|end_coordinates_missing_or_invalid|no_valid_location_points|requires_crosswalk_or_marine_review|timezone_not_normalized_to_utc
5352564,1150245,2003,2003-04-10T23:59:00,2003-04-11T21:15:00,EST,21.266666666666666,51,,Z,045,CAMPBELL,0,0,0,0,0,,,0,,0,1,begin_coordinates_missing_or_invalid|damage_crops_missing|end_coordinates_missing_or_invalid|no_valid_location_points|requires_crosswalk_or_marine_review|timezone_not_normalized_to_utc
5352565,1150245,2003,2003-04-10T14:00:00,2003-04-12T16:00:00,EST,50.0,51,,Z,044,PITTSYLVANIA,0,0,0,0,0,,,0,,0,1,begin_coordinates_missing_or_invalid|damage_crops_missing|end_coordinates_missing_or_invalid|no_valid_location_points|requires_crosswalk_or_marine_review|timezone_not_normalized_to_utc
5352566,1150246,2003,2003-04-10T20:15:00,2003-04-10T23:00:00,EST,2.75,37,,Z,003,SURRY,0,0,0,0,0,,,0,,0,1,begin_coordinates_missing_or_invalid|damage_crops_missing|end_coordinates_missing_or_invalid|no_valid_location_points|requires_crosswalk_or_marine_review|timezone_not_normalized_to_utc
5352567,1150246,2003,2003-04-10T20:15:00,2003-04-10T23:00:00,EST,2.75,37,,Z,020,YADKIN,0,0,0,0,,,,0,,0,1,begin_coordinates_missing_or_invalid|damage_crops_missing|damage_property_missing|end_coordinates_missing_or_invalid|no_valid_location_points|requires_crosswalk_or_marine_review|timezone_not_normalized_to_utc
5352568,1150247,2003,2003-04-12T17:20:00,2003-04-12T17:25:00,EST,0.08333333333333333,51,,Z,047,BUCKINGHAM,0,0,0,0,0,,,0,,0,1,begin_coordinates_missing_or_invalid|damage_crops_missing|end_coordinates_missing_or_invalid|no_valid_location_points|requires_crosswalk_or_marine_review|timezone_not_normalized_to_utc
5352600,1150552,2003,2003-05-11T12:00:00,2003-05-22T17:00:00,CST,269.0,17,,Z,083,WHITE,0,0,0,0,,,,0,,0,1,begin_coordinates_missing_or_invalid|damage_crops_missing|damage_property_missing|end_coordinates_missing_or_invalid|no_valid_location_points|requires_crosswalk_or_marine_review|timezone_not_normalized_to_utc
5352601,1150553,2003,2003-05-06T09:00:00,2003-05-22T16:00:00,CST,391.0,18,,Z,081,GIBSON,0,0,0,0,,,,0,,0,1,begin_coordinates_missing_or_invalid|damage_crops_missing|damage_property_missing|end_coordinates_missing_or_invalid|no_valid_location_points|requires_crosswalk_or_marine_review|timezone_not_normalized_to_utc
5352602,1150553,2003,2003-05-06T09:00:00,2003-05-22T16:00:00,CST,391.0,18,,Z,082,PIKE,0,0,0,0,,,,0,,0,1,begin_coordinates_missing_or_invalid|damage_crops_missing|damage_property_missing|end_coordinates_missing_or_invalid|no_valid_location_points|requires_crosswalk_or_marine_review|timezone_not_normalized_to_utc
5353078,1151160,2003,2003-05-06T07:00:00,2003-05-22T22:00:00,EST,399.0,18,,Z,067,KNOX,0,0,0,0,,,,0,,0,1,begin_coordinates_missing_or_invalid|damage_crops_missing|damage_property_missing|end_coordinates_missing_or_invalid|no_valid_location_points|requires_crosswalk_or_marine_review|timezone_not_normalized_to_utc
5353552,1150829,2003,2003-04-10T03:00:00,2003-04-10T05:00:00,EST,2.0,37,,Z,037,DAVIE,0,0,0,0,,,,0,,0,1,begin_coordinates_missing_or_invalid|damage_crops_missing|damage_property_missing|end_coordinates_missing_or_invalid|no_valid_location_points|requires_crosswalk_or_marine_review|timezone_not_normalized_to_utc
5353553,1150830,2003,2003-04-10T07:00:00,2003-04-11T09:00:00,EST,26.0,37,,Z,072,CABARRUS,0,0,0,0,200000,,,0,,0,1,begin_coordinates_missing_or_invalid|damage_crops_missing|end_coordinates_missing_or_invalid|no_valid_location_points|requires_crosswalk_or_marine_review|timezone_not_normalized_to_utc
5353554,1150831,2003,2003-04-10T07:00:00,2003-04-10T20:00:00,EST,13.0,37,,Z,082,UNION,0,0,0,0,,,,0,,0,1,begin_coordinates_missing_or_invalid|damage_crops_missing|damage_property_missing|end_coordinates_missing_or_invalid|no_valid_location_points|requires_crosswalk_or_marine_review|timezone_not_normalized_to_utc
5353555,1150832,2003,2003-04-10T10:00:00,2003-04-10T23:00:00,EST,13.0,37,,Z,069,LINCOLN,0,0,0,0,,,,0,,0,1,begin_coordinates_missing_or_invalid|damage_crops_missing|damage_property_missing|end_coordinates_missing_or_invalid|no_valid_location_points|requires_crosswalk_or_marine_review|timezone_not_normalized_to_utc
5353556,1150833,2003,2003-04-10T13:00:00,2003-04-10T21:00:00,EST,8.0,37,,Z,054,MCDOWELL,0,0,0,0,100000,,,0,,0,1,begin_coordinates_missing_or_invalid|damage_crops_missing|end_coordinates_missing_or_invalid|no_valid_location_points|requires_crosswalk_or_marine_review|timezone_not_normalized_to_utc
5353557,1150834,2003,2003-04-10T13:00:00,2003-04-10T21:00:00,EST,8.0,37,,Z,034,CALDWELL,0,0,0,0,,,,0,,0,1,begin_coordinates_missing_or_invalid|damage_crops_missing|damage_property_missing|end_coordinates_missing_or_invalid|no_valid_location_points|requires_crosswalk_or_marine_review|timezone_not_normalized_to_utc
5353558,1150835,2003,2003-04-10T13:00:00,2003-04-10T21:00:00,EST,8.0,37,,Z,070,GASTON,0,0,0,0,,,,0,,0,1,begin_coordinates_missing_or_invalid|damage_crops_missing|damage_property_missing|end_coordinates_missing_or_invalid|no_valid_location_points|requires_crosswalk_or_marine_review|timezone_not_normalized_to_utc
5353559,1150836,2003,2003-04-10T14:00:00,2003-04-10T23:00:00,EST,9.0,37,,Z,057,ROWAN,0,0,0,0,200000,,,0,,0,1,begin_coordinates_missing_or_invalid|damage_crops_missing|end_coordinates_missing_or_invalid|no_valid_location_points|requires_crosswalk_or_marine_review|timezone_not_normalized_to_utc
5353560,1150837,2003,2003-04-10T14:00:00,2003-04-10T23:00:00,EST,9.0,37,,Z,036,IREDELL,0,0,0,0,,,,0,,0,1,begin_coordinates_missing_or_invalid|damage_crops_missing|damage_property_missing|end_coordinates_missing_or_invalid|no_valid_location_points|requires_crosswalk_or_marine_review|timezone_not_normalized_to_utc
5353561,1150838,2003,2003-04-10T14:00:00,2003-04-10T23:00:00,EST,9.0,37,,Z,037,DAVIE,0,0,0,0,,,,0,,0,1,begin_coordinates_missing_or_invalid|damage_crops_missing|damage_property_missing|end_coordinates_missing_or_invalid|no_valid_location_points|requires_crosswalk_or_marine_review|timezone_not_normalized_to_utc
5353562,1150839,2003,2003-04-10T14:00:00,2003-04-10T23:00:00,EST,9.0,37,,Z,071,MECKLENBURG,0,0,0,0,,,,0,,0,1,begin_coordinates_missing_or_invalid|damage_crops_missing|damage_property_missing|end_coordinates_missing_or_invalid|no_valid_location_points|requires_crosswalk_or_marine_review|timezone_not_normalized_to_utc
5353563,1150840,2003,2003-04-10T15:00:00,2003-04-10T19:00:00,EST,4.0,37,,Z,055,BURKE,0,0,0,0,,,,0,,0,1,begin_coordinates_missing_or_invalid|damage_crops_missing|damage_property_missing|end_coordinates_missing_or_invalid|no_valid_location_points|requires_crosswalk_or_marine_review|timezone_not_normalized_to_utc
5353564,1150841,2003,2003-04-10T21:00:00,2003-04-11T03:00:00,EST,6.0,37,,Z,065,HENDERSON,0,0,0,0,,,,0,,0,1,begin_coordinates_missing_or_invalid|damage_crops_missing|damage_property_missing|end_coordinates_missing_or_invalid|no_valid_location_points|requires_crosswalk_or_marine_review|timezone_not_normalized_to_utc
5353565,1150842,2003,2003-04-10T23:00:00,2003-04-11T05:00:00,EST,6.0,45,,Z,014,CHESTER,0,0,0,0,,,,0,,0,1,begin_coordinates_missing_or_invalid|damage_crops_missing|damage_property_missing|end_coordinates_missing_or_invalid|no_valid_location_points|requires_crosswalk_or_marine_review|timezone_not_normalized_to_utc
5353566,1150843,2003,2003-04-10T23:00:00,2003-04-11T05:00:00,EST,6.0,45,,Z,008,CHEROKEE,0,0,0,0,,,,0,,0,1,begin_coordinates_missing_or_invalid|damage_crops_missing|damage_property_missing|end_coordinates_missing_or_invalid|no_valid_location_points|requires_crosswalk_or_marine_review|timezone_not_normalized_to_utc
5353567,1150844,2003,2003-04-18T04:30:00,2003-04-18T11:00:00,EST,6.5,37,,Z,072,CABARRUS,0,0,0,0,,,,0,,0,1,begin_coordinates_missing_or_invalid|damage_crops_missing|damage_property_missing|end_coordinates_missing_or_invalid|no_valid_location_points|requires_crosswalk_or_marine_review|timezone_not_normalized_to_utc
5353794,1150726,2003,2003-04-07T00:00:00,2003-04-07T23:59:00,CST,23.983333333333334,01,,Z,030,SUMTER,0,0,0,0,85000,250000,,0,,0,1,begin_coordinates_missing_or_invalid|end_coordinates_missing_or_invalid|no_valid_location_points|requires_crosswalk_or_marine_review|timezone_not_normalized_to_utc
5353795,1150727,2003,2003-04-24T00:00:00,2003-04-25T23:59:00,CST,47.983333333333334,01,,Z,030,SUMTER,0,0,0,0,60000,25000,,0,,0,1,begin_coordinates_missing_or_invalid|end_coordinates_missing_or_invalid|no_valid_location_points|requires_crosswalk_or_marine_review|timezone_not_normalized_to_utc
5353952,1151160,2003,2003-05-06T07:00:00,2003-05-21T18:32:00,EST,371.53333333333336,18,,Z,068,DAVIESS,0,0,0,0,,,,0,,0,1,begin_coordinates_missing_or_invalid|damage_crops_missing|damage_property_missing|end_coordinates_missing_or_invalid|no_valid_location_points|requires_crosswalk_or_marine_review|timezone_not_normalized_to_utc
5353953,1151161,2003,2003-05-05T21:00:00,2003-05-08T01:40:00,EST,52.666666666666664,18,,Z,071,JACKSON,0,0,0,0,,,,0,,0,1,begin_coordinates_missing_or_invalid|damage_crops_missing|damage_property_missing|end_coordinates_missing_or_invalid|no_valid_location_points|requires_crosswalk_or_marine_review|timezone_not_normalized_to_utc
5353954,1151162,2003,2003-05-11T07:39:00,2003-05-14T22:24:00,EST,86.75,18,,Z,071,JACKSON,0,0,0,0,,,,0,,0,1,begin_coordinates_missing_or_invalid|damage_crops_missing|damage_property_missing|end_coordinates_missing_or_invalid|no_valid_location_points|requires_crosswalk_or_marine_review|timezone_not_normalized_to_utc
5353955,1151162,2003,2003-05-10T01:15:00,2003-05-12T17:50:00,EST,64.58333333333333,18,,Z,070,LAWRENCE,0,0,0,0,,,,0,,0,1,begin_coordinates_missing_or_invalid|damage_crops_missing|damage_property_missing|end_coordinates_missing_or_invalid|no_valid_location_points|requires_crosswalk_or_marine_review|timezone_not_normalized_to_utc
5353956,1151163,2003,2003-05-13T16:40:00,2003-05-16T23:39:00,EST,78.98333333333333,18,,Z,070,LAWRENCE,0,0,0,0,,,,0,,0,1,begin_coordinates_missing_or_invalid|damage_crops_missing|damage_property_missing|end_coordinates_missing_or_invalid|no_valid_location_points|requires_crosswalk_or_marine_review|timezone_not_normalized_to_utc
5353973,1151166,2003,2003-05-01T00:00:00,2003-05-04T16:00:00,AST,88.0,02,,Z,223,DELTANA AND TANANA,0,0,0,0,2000000,,,0,,0,1,begin_coordinates_missing_or_invalid|damage_crops_missing|end_coordinates_missing_or_invalid|no_valid_location_points|requires_crosswalk_or_marine_review|timezone_not_normalized_to_utc
5353974,1151167,2003,2003-05-11T20:00:00,2003-05-12T15:00:00,AST,19.0,02,,Z,219,UPPER KOYUKUK VALLEY,0,0,0,0,3500.0,,,0,,0,1,begin_coordinates_missing_or_invalid|damage_crops_missing|end_coordinates_missing_or_invalid|no_valid_location_points|requires_crosswalk_or_marine_review|timezone_not_normalized_to_utc
5354046,1150786,2003,2003-04-01T00:00:00,2003-04-01T04:31:00,EST,4.516666666666667,33,,Z,006,SOUTHERN CARROLL,0,0,0,0,,,,0,,0,1,begin_coordinates_missing_or_invalid|damage_crops_missing|damage_property_missing|end_coordinates_missing_or_invalid|no_valid_location_points|requires_crosswalk_or_marine_review|timezone_not_normalized_to_utc
5354232,1151157,2003,2003-05-08T18:30:00,2003-05-19T23:00:00,EST,268.5,18,,Z,029,TIPPECANOE,0,0,0,0,,,,0,,0,1,begin_coordinates_missing_or_invalid|damage_crops_missing|damage_property_missing|end_coordinates_missing_or_invalid|no_valid_location_points|requires_crosswalk_or_marine_review|timezone_not_normalized_to_utc
5354233,1151157,2003,2003-05-09T17:00:00,2003-05-20T09:00:00,EST,256.0,18,,Z,028,WARREN,0,0,0,0,,,,0,,0,1,begin_coordinates_missing_or_invalid|damage_crops_missing|damage_property_missing|end_coordinates_missing_or_invalid|no_valid_location_points|requires_crosswalk_or_marine_review|timezone_not_normalized_to_utc
5354234,1151157,2003,2003-05-07T06:00:00,2003-05-21T13:00:00,EST,343.0,18,,Z,035,FOUNTAIN,0,0,0,0,,,,0,,0,1,begin_coordinates_missing_or_invalid|damage_crops_missing|damage_property_missing|end_coordinates_missing_or_invalid|no_valid_location_points|requires_crosswalk_or_marine_review|timezone_not_normalized_to_utc
5354235,1151157,2003,2003-05-07T06:00:00,2003-05-21T13:00:00,EST,343.0,18,,Z,044,PARKE,0,0,0,0,,,,0,,0,1,begin_coordinates_missing_or_invalid|damage_crops_missing|damage_property_missing|end_coordinates_missing_or_invalid|no_valid_location_points|requires_crosswalk_or_marine_review|timezone_not_normalized_to_utc
5354236,1151157,2003,2003-05-07T06:00:00,2003-05-21T13:00:00,EST,343.0,18,,Z,043,VERMILLION,0,0,0,0,,,,0,,0,1,begin_coordinates_missing_or_invalid|damage_crops_missing|damage_property_missing|end_coordinates_missing_or_invalid|no_valid_location_points|requires_crosswalk_or_marine_review|timezone_not_normalized_to_utc
5354237,1151157,2003,2003-05-10T16:15:00,2003-05-21T02:15:00,EST,250.0,18,,Z,051,VIGO,0,0,0,0,,,,0,,0,1,begin_coordinates_missing_or_invalid|damage_crops_missing|damage_property_missing|end_coordinates_missing_or_invalid|no_valid_location_points|requires_crosswalk_or_marine_review|timezone_not_normalized_to_utc
5354238,1151157,2003,2003-05-10T18:45:00,2003-05-23T22:10:00,EST,315.4166666666667,18,,Z,060,SULLIVAN,0,0,0,0,,,,0,,0,1,begin_coordinates_missing_or_invalid|damage_crops_missing|damage_property_missing|end_coordinates_missing_or_invalid|no_valid_location_points|requires_crosswalk_or_marine_review|timezone_not_normalized_to_utc
5354239,1151158,2003,2003-05-13T08:08:00,2003-05-22T10:59:00,EST,218.85,18,,Z,067,KNOX,0,0,0,0,,,,0,,0,1,begin_coordinates_missing_or_invalid|damage_crops_missing|damage_property_missing|end_coordinates_missing_or_invalid|no_valid_location_points|requires_crosswalk_or_marine_review|timezone_not_normalized_to_utc
5354240,1151159,2003,2003-05-10T20:20:00,2003-05-12T07:53:00,EST,35.55,18,,Z,040,MADISON,0,0,0,0,,,,0,,0,1,begin_coordinates_missing_or_invalid|damage_crops_missing|damage_property_missing|end_coordinates_missing_or_invalid|no_valid_location_points|requires_crosswalk_or_marine_review|timezone_not_normalized_to_utc
5354241,1151159,2003,2003-05-10T15:44:00,2003-05-13T09:25:00,EST,65.68333333333334,18,,Z,039,HAMILTON,0,0,0,0,,,,0,,0,1,begin_coordinates_missing_or_invalid|damage_crops_missing|damage_property_missing|end_coordinates_missing_or_invalid|no_valid_location_points|requires_crosswalk_or_marine_review|timezone_not_normalized_to_utc
5354242,1151159,2003,2003-05-10T22:20:00,2003-05-13T19:36:00,EST,69.26666666666667,18,,Z,047,MARION,0,0,0,0,,,,0,,0,1,begin_coordinates_missing_or_invalid|damage_crops_missing|damage_property_missing|end_coordinates_missing_or_invalid|no_valid_location_points|requires_crosswalk_or_marine_review|timezone_not_normalized_to_utc
5354243,1151159,2003,2003-05-10T22:20:00,2003-05-13T19:36:00,EST,69.26666666666667,18,,Z,055,JOHNSON,0,0,0,0,,,,0,,0,1,begin_coordinates_missing_or_invalid|damage_crops_missing|damage_property_missing|end_coordinates_missing_or_invalid|no_valid_location_points|requires_crosswalk_or_marine_review|timezone_not_normalized_to_utc
5354244,1151159,2003,2003-05-11T01:08:00,2003-05-14T19:43:00,EST,90.58333333333333,18,,Z,054,MORGAN,0,0,0,0,,,,0,,0,1,begin_coordinates_missing_or_invalid|damage_crops_missing|damage_property_missing|end_coordinates_missing_or_invalid|no_valid_location_points|requires_crosswalk_or_marine_review|timezone_not_normalized_to_utc
5354245,1151159,2003,2003-05-11T09:20:00,2003-05-16T23:55:00,EST,134.58333333333334,18,,Z,053,OWEN,0,0,0,0,,,,0,,0,1,begin_coordinates_missing_or_invalid|damage_crops_missing|damage_property_missing|end_coordinates_missing_or_invalid|no_valid_location_points|requires_crosswalk_or_marine_review|timezone_not_normalized_to_utc
5354246,1151159,2003,2003-05-11T02:00:00,2003-05-18T17:30:00,EST,183.5,18,,Z,061,GREENE,0,0,0,0,,,,0,,0,1,begin_coordinates_missing_or_invalid|damage_crops_missing|damage_property_missing|end_coordinates_missing_or_invalid|no_valid_location_points|requires_crosswalk_or_marine_review|timezone_not_normalized_to_utc
5354247,1151160,2003,2003-05-06T09:00:00,2003-05-08T06:34:00,EST,45.56666666666667,18,,Z,061,GREENE,0,0,0,0,,,,0,,0,1,begin_coordinates_missing_or_invalid|damage_crops_missing|damage_property_missing|end_coordinates_missing_or_invalid|no_valid_location_points|requires_crosswalk_or_marine_review|timezone_not_normalized_to_utc
5355143,1150845,2003,2003-04-18T04:30:00,2003-04-18T11:00:00,EST,6.5,37,,Z,054,MCDOWELL,0,0,0,0,200000,,,0,,0,1,begin_coordinates_missing_or_invalid|damage_crops_missing|end_coordinates_missing_or_invalid|no_valid_location_points|requires_crosswalk_or_marine_review|timezone_not_normalized_to_utc
5355144,1150846,2003,2003-04-18T05:00:00,2003-04-18T11:00:00,EST,6.0,37,,Z,067,RUTHERFORD,0,0,0,0,100000,,,0,,0,1,begin_coordinates_missing_or_invalid|damage_crops_missing|end_coordinates_missing_or_invalid|no_valid_location_points|requires_crosswalk_or_marine_review|timezone_not_normalized_to_utc
5355145,1150847,2003,2003-04-18T06:00:00,2003-04-18T11:00:00,EST,5.0,45,,Z,014,CHESTER,0,0,0,0,,,,0,,0,1,begin_coordinates_missing_or_invalid|damage_crops_missing|damage_property_missing|end_coordinates_missing_or_invalid|no_valid_location_points|requires_crosswalk_or_marine_review|timezone_not_normalized_to_utc
5355146,1150848,2003,2003-04-18T06:00:00,2003-04-18T11:00:00,EST,5.0,45,,Z,013,UNION,0,0,0,0,100000,,,0,,0,1,begin_coordinates_missing_or_invalid|damage_crops_missing|end_coordinates_missing_or_invalid|no_valid_location_points|requires_crosswalk_or_marine_review|timezone_not_normalized_to_utc
5355147,1150849,2003,2003-04-18T06:00:00,2003-04-18T11:00:00,EST,5.0,45,,Z,007,SPARTANBURG,1,0,0,0,25000,,,0,,0,1,begin_coordinates_missing_or_invalid|damage_crops_missing|end_coordinates_missing_or_invalid|no_valid_location_points|requires_crosswalk_or_marine_review|timezone_not_normalized_to_utc
5355148,1150850,2003,2003-04-18T07:00:00,2003-04-18T11:00:00,EST,4.0,45,,Z,012,LAURENS,0,0,0,0,,,,0,,0,1,begin_coordinates_missing_or_invalid|damage_crops_missing|damage_property_missing|end_coordinates_missing_or_invalid|no_valid_location_points|requires_crosswalk_or_marine_review|timezone_not_normalized_to_utc
5355551,1151587,2003,2003-05-05T12:30:00,2003-05-06T03:30:00,EST,15.0,18,,Z,079,JEFFERSON,0,0,0,0,,,,0,,0,1,begin_coordinates_missing_or_invalid|damage_crops_missing|damage_property_missing|end_coordinates_missing_or_invalid|no_valid_location_points|requires_crosswalk_or_marine_review|timezone_not_normalized_to_utc
5355552,1151588,2003,2003-05-10T08:10:00,2003-05-11T01:20:00,EST,17.166666666666668,18,,Z,079,JEFFERSON,0,0,0,0,,,,0,,0,1,begin_coordinates_missing_or_invalid|damage_crops_missing|damage_property_missing|end_coordinates_missing_or_invalid|no_valid_location_points|requires_crosswalk_or_marine_review|timezone_not_normalized_to_utc
5355553,1151589,2003,2003-05-05T18:10:00,2003-05-08T14:20:00,EST,68.16666666666667,21,,Z,043,NICHOLAS,0,0,0,0,,,,0,,0,1,begin_coordinates_missing_or_invalid|damage_crops_missing|damage_property_missing|end_coordinates_missing_or_invalid|no_valid_location_points|requires_crosswalk_or_marine_review|timezone_not_normalized_to_utc
5355554,1151590,2003,2003-05-06T14:40:00,2003-05-08T07:30:00,EST,40.833333333333336,21,,Z,045,NELSON,0,0,0,0,,,,0,,0,1,begin_coordinates_missing_or_invalid|damage_crops_missing|damage_property_missing|end_coordinates_missing_or_invalid|no_valid_location_points|requires_crosswalk_or_marine_review|timezone_not_normalized_to_utc
5355555,1151591,2003,2003-05-09T17:00:00,2003-05-09T21:00:00,EST,4.0,21,,Z,061,BUTLER,0,0,0,0,,,,0,,0,1,begin_coordinates_missing_or_invalid|damage_crops_missing|damage_property_missing|end_coordinates_missing_or_invalid|no_valid_location_points|requires_crosswalk_or_marine_review|timezone_not_normalized_to_utc
5355612,1151228,2003,2003-03-11T10:00:00,2003-03-11T14:00:00,SST,4.0,98,,Z,006,GUAM,0,0,0,0,,,,0,,0,1,begin_coordinates_missing_or_invalid|damage_crops_missing|damage_property_missing|end_coordinates_missing_or_invalid|no_valid_location_points|requires_crosswalk_or_marine_review|timezone_not_normalized_to_utc
5355614,1151230,2003,2003-04-28T15:00:00,2003-04-28T20:00:00,SST,5.0,98,,Z,007,SAIPAN,0,0,0,0,,,,0,,0,1,begin_coordinates_missing_or_invalid|damage_crops_missing|damage_property_missing|end_coordinates_missing_or_invalid|no_valid_location_points|requires_crosswalk_or_marine_review|timezone_not_normalized_to_utc
5355705,1151310,2003,2003-05-09T00:30:00,2003-05-09T11:00:00,EST,10.5,21,,Z,058,ESTILL,0,0,0,0,0,0,,0,,0,1,begin_coordinates_missing_or_invalid|end_coordinates_missing_or_invalid|no_valid_location_points|requires_crosswalk_or_marine_review|timezone_not_normalized_to_utc
5355835,1151553,2003,2003-05-25T21:10:00,2003-05-25T23:50:00,EST,2.6666666666666665,51,,Z,058,HALIFAX,0,0,0,0,,,,0,,0,1,begin_coordinates_missing_or_invalid|damage_crops_missing|damage_property_missing|end_coordinates_missing_or_invalid|no_valid_location_points|requires_crosswalk_or_marine_review|timezone_not_normalized_to_utc
5355836,1151553,2003,2003-05-25T21:30:00,2003-05-25T22:55:00,EST,1.4166666666666667,51,,Z,044,PITTSYLVANIA / DANVILLE,0,0,0,0,,,,0,,0,1,begin_coordinates_missing_or_invalid|damage_crops_missing|damage_property_missing|end_coordinates_missing_or_invalid|no_valid_location_points|requires_crosswalk_or_marine_review|timezone_not_normalized_to_utc
5355837,1151554,2003,2003-05-25T19:30:00,2003-05-25T21:10:00,EST,1.6666666666666667,37,,Z,005,ROCKINGHAM,0,0,0,0,,,,0,,0,1,begin_coordinates_missing_or_invalid|damage_crops_missing|damage_property_missing|end_coordinates_missing_or_invalid|no_valid_location_points|requires_crosswalk_or_marine_review|timezone_not_normalized_to_utc
5356113,1152026,2003,2003-05-26T11:14:00,2003-05-26T14:00:00,EST,2.7666666666666666,34,,Z,018,CAMDEN,0,0,0,0,,,,0,,0,1,begin_coordinates_missing_or_invalid|damage_crops_missing|damage_property_missing|end_coordinates_missing_or_invalid|no_valid_location_points|requires_crosswalk_or_marine_review|timezone_not_normalized_to_utc
5356114,1152027,2003,2003-05-26T09:47:00,2003-05-26T15:03:00,EST,5.266666666666667,34,,Z,015,MERCER,0,0,0,0,,,,0,,0,1,begin_coordinates_missing_or_invalid|damage_crops_missing|damage_property_missing|end_coordinates_missing_or_invalid|no_valid_location_points|requires_crosswalk_or_marine_review|timezone_not_normalized_to_utc
5356115,1152028,2003,2003-05-26T16:00:00,2003-05-27T09:06:00,EST,17.1,34,,Z,010,SOMERSET,0,0,0,0,,,,0,,0,1,begin_coordinates_missing_or_invalid|damage_crops_missing|damage_property_missing|end_coordinates_missing_or_invalid|no_valid_location_points|requires_crosswalk_or_marine_review|timezone_not_normalized_to_utc
5356348,1151881,2003,2003-05-11T17:00:00,2003-05-12T21:00:00,CST,28.0,26,,Z,009,GOGEBIC,0,0,0,0,,,,0,,0,1,begin_coordinates_missing_or_invalid|damage_crops_missing|damage_property_missing|end_coordinates_missing_or_invalid|no_valid_location_points|requires_crosswalk_or_marine_review|timezone_not_normalized_to_utc
5356349,1151881,2003,2003-05-11T15:00:00,2003-05-13T07:00:00,EST,40.0,26,,Z,002,ONTONAGON,0,0,0,0,,,,0,,0,1,begin_coordinates_missing_or_invalid|damage_crops_missing|damage_property_missing|end_coordinates_missing_or_invalid|no_valid_location_points|requires_crosswalk_or_marine_review|timezone_not_normalized_to_utc
5356350,1151881,2003,2003-05-12T17:00:00,2003-05-14T21:00:00,CST,52.0,26,,Z,010,IRON,0,0,0,0,,,,0,,0,1,begin_coordinates_missing_or_invalid|damage_crops_missing|damage_property_missing|end_coordinates_missing_or_invalid|no_valid_location_points|requires_crosswalk_or_marine_review|timezone_not_normalized_to_utc
5356351,1151881,2003,2003-05-11T22:00:00,2003-05-14T06:00:00,EST,56.0,26,,Z,003,HOUGHTON,0,0,0,0,,,,0,,0,1,begin_coordinates_missing_or_invalid|damage_crops_missing|damage_property_missing|end_coordinates_missing_or_invalid|no_valid_location_points|requires_crosswalk_or_marine_review|timezone_not_normalized_to_utc
5356352,1151881,2003,2003-05-11T21:00:00,2003-05-12T21:00:00,EST,24.0,26,,Z,001,KEWEENAW,0,0,0,0,,,,0,,0,1,begin_coordinates_missing_or_invalid|damage_crops_missing|damage_property_missing|end_coordinates_missing_or_invalid|no_valid_location_points|requires_crosswalk_or_marine_review|timezone_not_normalized_to_utc
5356353,1151881,2003,2003-05-12T02:00:00,2003-05-12T22:00:00,EST,20.0,26,,Z,004,BARAGA,0,0,0,0,2000000,,,0,,0,1,begin_coordinates_missing_or_invalid|damage_crops_missing|end_coordinates_missing_or_invalid|no_valid_location_points|requires_crosswalk_or_marine_review|timezone_not_normalized_to_utc
5356362,1151891,2003,2003-05-15T19:00:00,2003-05-20T19:00:00,EST,120.0,26,,Z,005,MARQUETTE,0,0,0,0,14000000,,,0,,0,1,begin_coordinates_missing_or_invalid|damage_crops_missing|end_coordinates_missing_or_invalid|no_valid_location_points|requires_crosswalk_or_marine_review|timezone_not_normalized_to_utc
5356398,1152541,2003,2003-05-09T16:00:00,2003-05-18T11:00:00,EST,211.0,39,,Z,048,COSHOCTON,0,0,0,0,,,,0,,0,1,begin_coordinates_missing_or_invalid|damage_crops_missing|damage_property_missing|end_coordinates_missing_or_invalid|no_valid_location_points|requires_crosswalk_or_marine_review|timezone_not_normalized_to_utc
5356661,1152281,2003,2003-05-07T11:00:00,2003-05-07T16:00:00,EST,5.0,37,,Z,059,NORTHERN JACKSON,0,0,0,0,,,,0,,0,1,begin_coordinates_missing_or_invalid|damage_crops_missing|damage_property_missing|end_coordinates_missing_or_invalid|no_valid_location_points|requires_crosswalk_or_marine_review|timezone_not_normalized_to_utc
5356662,1152281,2003,2003-05-07T11:00:00,2003-05-07T16:00:00,EST,5.0,37,,Z,063,SOUTHERN JACKSON,0,0,0,0,,,,0,,0,1,begin_coordinates_missing_or_invalid|damage_crops_missing|damage_property_missing|end_coordinates_missing_or_invalid|no_valid_location_points|requires_crosswalk_or_marine_review|timezone_not_normalized_to_utc
5356663,1152281,2003,2003-05-07T11:00:00,2003-05-07T16:00:00,EST,5.0,37,,Z,062,MACON,0,0,0,0,,,,0,,0,1,begin_coordinates_missing_or_invalid|damage_crops_missing|damage_property_missing|end_coordinates_missing_or_invalid|no_valid_location_points|requires_crosswalk_or_marine_review|timezone_not_normalized_to_utc
5356664,1152281,2003,2003-05-07T11:00:00,2003-05-07T16:00:00,EST,5.0,37,,Z,058,GRAHAM,0,0,0,0,,,,0,,0,1,begin_coordinates_missing_or_invalid|damage_crops_missing|damage_property_missing|end_coordinates_missing_or_invalid|no_valid_location_points|requires_crosswalk_or_marine_review|timezone_not_normalized_to_utc
5356665,1152281,2003,2003-05-07T11:00:00,2003-05-07T16:00:00,EST,5.0,37,,Z,051,SWAIN,0,0,0,0,,,,0,,0,1,begin_coordinates_missing_or_invalid|damage_crops_missing|damage_property_missing|end_coordinates_missing_or_invalid|no_valid_location_points|requires_crosswalk_or_marine_review|timezone_not_normalized_to_utc
5356689,1152102,2003,2003-05-11T15:58:00,2003-05-13T03:39:00,CST,35.68333333333333,55,,Z,018,LINCOLN,0,0,0,0,,,,0,,0,1,begin_coordinates_missing_or_invalid|damage_crops_missing|damage_property_missing|end_coordinates_missing_or_invalid|no_valid_location_points|requires_crosswalk_or_marine_review|timezone_not_normalized_to_utc
5356690,1152102,2003,2003-05-12T06:40:00,2003-05-12T20:40:00,CST,14.0,55,,Z,030,MARATHON,0,0,0,0,,,,0,,0,1,begin_coordinates_missing_or_invalid|damage_crops_missing|damage_property_missing|end_coordinates_missing_or_invalid|no_valid_location_points|requires_crosswalk_or_marine_review|timezone_not_normalized_to_utc
5356736,1152283,2003,2003-05-22T07:00:00,2003-05-22T23:00:00,EST,16.0,37,,Z,072,CABARRUS,0,0,0,0,,,,0,,0,1,begin_coordinates_missing_or_invalid|damage_crops_missing|damage_property_missing|end_coordinates_missing_or_invalid|no_valid_location_points|requires_crosswalk_or_marine_review|timezone_not_normalized_to_utc
5356737,1152284,2003,2003-05-22T07:30:00,2003-05-22T23:00:00,EST,15.5,45,,Z,006,GREATER GREENVILLE,0,0,0,0,,,,0,,0,1,begin_coordinates_missing_or_invalid|damage_crops_missing|damage_property_missing|end_coordinates_missing_or_invalid|no_valid_location_points|requires_crosswalk_or_marine_review|timezone_not_normalized_to_utc
5357035,1152275,2003,2003-05-06T10:00:00,2003-05-06T23:00:00,EST,13.0,37,,Z,048,MADISON,0,0,0,0,,,,0,,0,1,begin_coordinates_missing_or_invalid|damage_crops_missing|damage_property_missing|end_coordinates_missing_or_invalid|no_valid_location_points|requires_crosswalk_or_marine_review|timezone_not_normalized_to_utc
5357176,1152061,2003,2003-05-12T08:00:00,2003-05-12T22:00:00,CST,14.0,47,,Z,092,HARDIN,0,0,0,0,200000,,,0,,0,1,begin_coordinates_missing_or_invalid|damage_crops_missing|end_coordinates_missing_or_invalid|no_valid_location_points|requires_crosswalk_or_marine_review|timezone_not_normalized_to_utc
5357177,1152061,2003,2003-05-12T08:00:00,2003-05-12T22:00:00,CST,14.0,47,,Z,055,DECATUR,0,0,0,0,10000,,,0,,0,1,begin_coordinates_missing_or_invalid|damage_crops_missing|end_coordinates_missing_or_invalid|no_valid_location_points|requires_crosswalk_or_marine_review|timezone_not_normalized_to_utc
5357281,1152263,2003,2003-05-05T17:00:00,2003-05-06T17:00:00,EST,24.0,37,,Z,058,GRAHAM,0,0,0,0,,,,0,,0,1,begin_coordinates_missing_or_invalid|damage_crops_missing|damage_property_missing|end_coordinates_missing_or_invalid|no_valid_location_points|requires_crosswalk_or_marine_review|timezone_not_normalized_to_utc
5357282,1152264,2003,2003-05-05T23:30:00,2003-05-06T17:00:00,EST,17.5,37,,Z,051,SWAIN,0,0,0,0,,,,0,,0,1,begin_coordinates_missing_or_invalid|damage_crops_missing|damage_property_missing|end_coordinates_missing_or_invalid|no_valid_location_points|requires_crosswalk_or_marine_review|timezone_not_normalized_to_utc
5357344,1152265,2003,2003-05-06T01:00:00,2003-05-06T17:00:00,EST,16.0,37,,Z,052,HAYWOOD,0,0,0,0,,,,0,,0,1,begin_coordinates_missing_or_invalid|damage_crops_missing|damage_property_missing|end_coordinates_missing_or_invalid|no_valid_location_points|requires_crosswalk_or_marine_review|timezone_not_normalized_to_utc
5357345,1152266,2003,2003-05-06T01:00:00,2003-05-06T17:00:00,EST,16.0,37,,Z,063,SOUTHERN JACKSON,0,0,0,0,,,,0,,0,1,begin_coordinates_missing_or_invalid|damage_crops_missing|damage_property_missing|end_coordinates_missing_or_invalid|no_valid_location_points|requires_crosswalk_or_marine_review|timezone_not_normalized_to_utc
5357346,1152266,2003,2003-05-06T04:00:00,2003-05-06T17:00:00,EST,13.0,37,,Z,059,NORTHERN JACKSON,0,0,0,0,,,,0,,0,1,begin_coordinates_missing_or_invalid|damage_crops_missing|damage_property_missing|end_coordinates_missing_or_invalid|no_valid_location_points|requires_crosswalk_or_marine_review|timezone_not_normalized_to_utc
5357348,1152268,2003,2003-05-06T02:30:00,2003-05-06T17:00:00,EST,14.5,37,,Z,062,MACON,0,0,0,0,,,,0,,0,1,begin_coordinates_missing_or_invalid|damage_crops_missing|damage_property_missing|end_coordinates_missing_or_invalid|no_valid_location_points|requires_crosswalk_or_marine_review|timezone_not_normalized_to_utc
5357356,1152098,2003,2003-05-29T23:00:00,2003-05-31T23:59:00,MST,48.983333333333334,08,,Z,005,UPPER YAMPA RIVER BASIN,0,0,0,0,50000,,,0,,0,1,begin_coordinates_missing_or_invalid|damage_crops_missing|end_coordinates_missing_or_invalid|no_valid_location_points|requires_crosswalk_or_marine_review|timezone_not_normalized_to_utc
5357357,1152099,2003,2003-05-29T22:30:00,2003-05-31T23:59:00,MST,49.483333333333334,08,,Z,010,GORE AND ELK MOUNTAINS/CENTRAL MOUNTAIN VALLEYS,0,0,0,0,,,,0,,0,1,begin_coordinates_missing_or_invalid|damage_crops_missing|damage_property_missing|end_coordinates_missing_or_invalid|no_valid_location_points|requires_crosswalk_or_marine_review|timezone_not_normalized_to_utc
5357358,1152099,2003,2003-05-29T22:30:00,2003-05-31T23:59:00,MST,49.483333333333334,08,,Z,008,CENTRAL COLORADO RIVER BASIN,0,0,0,0,,,,0,,0,1,begin_coordinates_missing_or_invalid|damage_crops_missing|damage_property_missing|end_coordinates_missing_or_invalid|no_valid_location_points|requires_crosswalk_or_marine_review|timezone_not_normalized_to_utc
5357442,1152022,2003,2003-05-26T06:28:00,2003-05-26T12:04:00,EST,5.6,10,,Z,001,NEW CASTLE,0,0,0,0,,,,0,,0,1,begin_coordinates_missing_or_invalid|damage_crops_missing|damage_property_missing|end_coordinates_missing_or_invalid|no_valid_location_points|requires_crosswalk_or_marine_review|timezone_not_normalized_to_utc
5357447,1152024,2003,2003-05-26T09:15:00,2003-05-26T10:01:00,EST,0.7666666666666667,42,,Z,071,PHILADELPHIA,0,0,0,0,,0,,0,,0,1,begin_coordinates_missing_or_invalid|damage_property_missing|end_coordinates_missing_or_invalid|no_valid_location_points|requires_crosswalk_or_marine_review|timezone_not_normalized_to_utc
5357456,1151707,2003,2003-05-05T03:00:00,2003-05-05T10:00:00,CST,7.0,31,,Z,044,DODGE,0,0,0,0,,,,0,,0,1,begin_coordinates_missing_or_invalid|damage_crops_missing|damage_property_missing|end_coordinates_missing_or_invalid|no_valid_location_points|requires_crosswalk_or_marine_review|timezone_not_normalized_to_utc
5357457,1151707,2003,2003-05-05T03:00:00,2003-05-05T10:00:00,CST,7.0,31,,Z,043,COLFAX,0,0,0,0,,,,0,,0,1,begin_coordinates_missing_or_invalid|damage_crops_missing|damage_property_missing|end_coordinates_missing_or_invalid|no_valid_location_points|requires_crosswalk_or_marine_review|timezone_not_normalized_to_utc
5357633,1152908,2003,2003-05-18T10:15:00,2003-05-18T12:00:00,AST,1.75,99,,Z,010,MAYAGUEZ AND VICINITY,0,0,0,0,,,,0,,0,1,begin_coordinates_missing_or_invalid|damage_crops_missing|damage_property_missing|end_coordinates_missing_or_invalid|no_valid_location_points|requires_crosswalk_or_marine_review|timezone_not_normalized_to_utc
5357634,1152909,2003,2003-05-18T11:30:00,2003-05-18T12:30:00,AST,1.0,99,,Z,010,MAYAGUEZ AND VICINITY,0,0,0,0,10000,,,0,,0,1,begin_coordinates_missing_or_invalid|damage_crops_missing|end_coordinates_missing_or_invalid|no_valid_location_points|requires_crosswalk_or_marine_review|timezone_not_normalized_to_utc
5357635,1152910,2003,2003-05-21T15:00:00,2003-05-21T17:00:00,AST,2.0,99,,Z,003,SOUTHEAST,0,0,0,0,,,,0,,0,1,begin_coordinates_missing_or_invalid|damage_crops_missing|damage_property_missing|end_coordinates_missing_or_invalid|no_valid_location_points|requires_crosswalk_or_marine_review|timezone_not_normalized_to_utc
5357636,1152911,2003,2003-05-21T16:15:00,2003-05-21T17:15:00,AST,1.0,99,,Z,003,SOUTHEAST,0,0,0,0,,,,0,,0,1,begin_coordinates_missing_or_invalid|damage_crops_missing|damage_property_missing|end_coordinates_missing_or_invalid|no_valid_location_points|requires_crosswalk_or_marine_review|timezone_not_normalized_to_utc
5358289,1152956,2003,2003-05-30T05:00:00,2003-05-31T23:59:00,MST,42.983333333333334,30,,Z,008,BEAVERHEAD,0,0,0,0,,,,0,,0,1,begin_coordinates_missing_or_invalid|damage_crops_missing|damage_property_missing|end_coordinates_missing_or_invalid|no_valid_location_points|requires_crosswalk_or_marine_review|timezone_not_normalized_to_utc
5358290,1152956,2003,2003-05-30T05:00:00,2003-05-31T23:59:00,MST,42.983333333333334,30,,Z,015,MADISON,0,0,0,0,,,,0,,0,1,begin_coordinates_missing_or_invalid|damage_crops_missing|damage_property_missing|end_coordinates_missing_or_invalid|no_valid_location_points|requires_crosswalk_or_marine_review|timezone_not_normalized_to_utc
5358291,1152956,2003,2003-05-30T05:00:00,2003-05-31T23:59:00,MST,42.983333333333334,30,,Z,055,GALLATIN,0,0,0,0,,,,0,,0,1,begin_coordinates_missing_or_invalid|damage_crops_missing|damage_property_missing|end_coordinates_missing_or_invalid|no_valid_location_points|requires_crosswalk_or_marine_review|timezone_not_normalized_to_utc
5358825,1152903,2003,2003-05-21T18:05:00,2003-05-21T19:05:00,AST,1.0,99,,Z,001,SAN JUAN AND VICINITY,0,0,0,0,,,,0,,0,1,begin_coordinates_missing_or_invalid|damage_crops_missing|damage_property_missing|end_coordinates_missing_or_invalid|no_valid_location_points|requires_crosswalk_or_marine_review|timezone_not_normalized_to_utc
5358870,1152285,2003,2003-05-22T08:00:00,2003-05-22T23:00:00,EST,15.0,45,,Z,008,CHEROKEE,0,0,0,0,,,,0,,0,1,begin_coordinates_missing_or_invalid|damage_crops_missing|damage_property_missing|end_coordinates_missing_or_invalid|no_valid_location_points|requires_crosswalk_or_marine_review|timezone_not_normalized_to_utc
5358871,1152286,2003,2003-05-22T08:00:00,2003-05-22T17:00:00,EST,9.0,37,,Z,069,LINCOLN,0,0,0,0,,,,0,,0,1,begin_coordinates_missing_or_invalid|damage_crops_missing|damage_property_missing|end_coordinates_missing_or_invalid|no_valid_location_points|requires_crosswalk_or_marine_review|timezone_not_normalized_to_utc
5358872,1152287,2003,2003-05-22T08:00:00,2003-05-22T23:00:00,EST,15.0,37,,Z,071,MECKLENBURG,0,0,0,0,,,,0,,0,1,begin_coordinates_missing_or_invalid|damage_crops_missing|damage_property_missing|end_coordinates_missing_or_invalid|no_valid_location_points|requires_crosswalk_or_marine_review|timezone_not_normalized_to_utc
5358873,1152288,2003,2003-05-22T08:00:00,2003-05-22T23:00:00,EST,15.0,37,,Z,068,CLEVELAND,0,0,0,0,,,,0,,0,1,begin_coordinates_missing_or_invalid|damage_crops_missing|damage_property_missing|end_coordinates_missing_or_invalid|no_valid_location_points|requires_crosswalk_or_marine_review|timezone_not_normalized_to_utc
5358874,1152289,2003,2003-05-22T08:00:00,2003-05-22T23:00:00,EST,15.0,45,,Z,007,SPARTANBURG,0,0,0,0,,,,0,,0,1,begin_coordinates_missing_or_invalid|damage_crops_missing|damage_property_missing|end_coordinates_missing_or_invalid|no_valid_location_points|requires_crosswalk_or_marine_review|timezone_not_normalized_to_utc
5358875,1152290,2003,2003-05-22T10:30:00,2003-05-22T23:00:00,EST,12.5,37,,Z,070,GASTON,0,0,0,0,,,,0,,0,1,begin_coordinates_missing_or_invalid|damage_crops_missing|damage_property_missing|end_coordinates_missing_or_invalid|no_valid_location_points|requires_crosswalk_or_marine_review|timezone_not_normalized_to_utc
5358876,1152291,2003,2003-05-22T16:00:00,2003-05-22T23:00:00,EST,7.0,45,,Z,009,YORK,0,0,0,0,,,,0,,0,1,begin_coordinates_missing_or_invalid|damage_crops_missing|damage_property_missing|end_coordinates_missing_or_invalid|no_valid_location_points|requires_crosswalk_or_marine_review|timezone_not_normalized_to_utc
5358877,1152292,2003,2003-05-22T20:00:00,2003-05-23T01:00:00,EST,5.0,45,,Z,013,UNION,0,0,0,0,,,,0,,0,1,begin_coordinates_missing_or_invalid|damage_crops_missing|damage_property_missing|end_coordinates_missing_or_invalid|no_valid_location_points|requires_crosswalk_or_marine_review|timezone_not_normalized_to_utc
5358878,1152293,2003,2003-05-25T18:00:00,2003-05-25T20:00:00,EST,2.0,37,,Z,037,DAVIE,0,0,0,0,,,,0,,0,1,begin_coordinates_missing_or_invalid|damage_crops_missing|damage_property_missing|end_coordinates_missing_or_invalid|no_valid_location_points|requires_crosswalk_or_marine_review|timezone_not_normalized_to_utc
5358952,1152294,2003,2003-05-25T18:00:00,2003-05-25T20:00:00,EST,2.0,37,,Z,072,CABARRUS,0,0,0,0,,,,0,,0,1,begin_coordinates_missing_or_invalid|damage_crops_missing|damage_property_missing|end_coordinates_missing_or_invalid|no_valid_location_points|requires_crosswalk_or_marine_review|timezone_not_normalized_to_utc
5358994,1153091,2003,2003-05-09T23:00:00,2003-05-12T05:00:00,EST,54.0,39,,Z,017,HANCOCK,0,0,0,0,100000,,,0,,0,1,begin_coordinates_missing_or_invalid|damage_crops_missing|end_coordinates_missing_or_invalid|no_valid_location_points|requires_crosswalk_or_marine_review|timezone_not_normalized_to_utc
5359130,1153119,2003,2003-05-09T02:07:00,2003-05-19T20:40:00,CST,258.55,19,,Z,063,IOWA,0,0,0,0,500000,,,0,,0,1,begin_coordinates_missing_or_invalid|damage_crops_missing|end_coordinates_missing_or_invalid|no_valid_location_points|requires_crosswalk_or_marine_review|timezone_not_normalized_to_utc
5359131,1153119,2003,2003-05-09T02:07:00,2003-05-19T20:40:00,CST,258.55,19,,Z,064,JOHNSON,0,0,0,0,500000,,,0,,0,1,begin_coordinates_missing_or_invalid|damage_crops_missing|end_coordinates_missing_or_invalid|no_valid_location_points|requires_crosswalk_or_marine_review|timezone_not_normalized_to_utc
5359132,1153119,2003,2003-05-11T15:12:00,2003-05-21T12:30:00,CST,237.3,19,,Z,067,MUSCATINE,0,0,0,0,500000,,,0,,0,1,begin_coordinates_missing_or_invalid|damage_crops_missing|end_coordinates_missing_or_invalid|no_valid_location_points|requires_crosswalk_or_marine_review|timezone_not_normalized_to_utc
5359133,1153119,2003,2003-05-11T15:12:00,2003-05-28T00:00:00,CST,392.8,19,,Z,078,LOUISA,0,0,0,0,500000,,,0,,0,1,begin_coordinates_missing_or_invalid|damage_crops_missing|end_coordinates_missing_or_invalid|no_valid_location_points|requires_crosswalk_or_marine_review|timezone_not_normalized_to_utc
5359134,1153120,2003,2003-05-16T07:30:00,2003-05-23T19:30:00,CST,180.0,19,,Z,066,CLINTON,0,0,0,0,500000,,,0,,0,1,begin_coordinates_missing_or_invalid|damage_crops_missing|end_coordinates_missing_or_invalid|no_valid_location_points|requires_crosswalk_or_marine_review|timezone_not_normalized_to_utc
5359135,1153120,2003,2003-05-16T07:30:00,2003-05-24T19:22:00,CST,203.86666666666667,19,,Z,068,SCOTT,0,0,0,0,500000,,,0,,0,1,begin_coordinates_missing_or_invalid|damage_crops_missing|end_coordinates_missing_or_invalid|no_valid_location_points|requires_crosswalk_or_marine_review|timezone_not_normalized_to_utc
5359136,1153121,2003,2003-05-20T01:54:00,2003-05-22T22:30:00,CST,68.6,19,,Z,042,DUBUQUE,0,0,0,0,1000000,,,0,,0,1,begin_coordinates_missing_or_invalid|damage_crops_missing|end_coordinates_missing_or_invalid|no_valid_location_points|requires_crosswalk_or_marine_review|timezone_not_normalized_to_utc
5359198,1153054,2003,2003-05-08T18:00:00,2003-05-09T06:00:00,CST,12.0,29,,Z,040,HOWARD,0,0,0,0,,,,0,,0,1,begin_coordinates_missing_or_invalid|damage_crops_missing|damage_property_missing|end_coordinates_missing_or_invalid|no_valid_location_points|requires_crosswalk_or_marine_review|timezone_not_normalized_to_utc
5359199,1153055,2003,2003-05-10T12:00:00,2003-05-11T02:00:00,CST,14.0,29,,Z,040,HOWARD,0,0,0,0,,,,0,,0,1,begin_coordinates_missing_or_invalid|damage_crops_missing|damage_property_missing|end_coordinates_missing_or_invalid|no_valid_location_points|requires_crosswalk_or_marine_review|timezone_not_normalized_to_utc
5359200,1153055,2003,2003-05-10T08:00:00,2003-05-11T08:00:00,CST,24.0,29,,Z,044,JOHNSON,0,0,0,0,,,,0,,0,1,begin_coordinates_missing_or_invalid|damage_crops_missing|damage_property_missing|end_coordinates_missing_or_invalid|no_valid_location_points|requires_crosswalk_or_marine_review|timezone_not_normalized_to_utc
5359201,1153055,2003,2003-05-10T10:00:00,2003-05-12T03:00:00,CST,41.0,29,,Z,039,SALINE,0,0,0,0,,,,0,,0,1,begin_coordinates_missing_or_invalid|damage_crops_missing|damage_property_missing|end_coordinates_missing_or_invalid|no_valid_location_points|requires_crosswalk_or_marine_review|timezone_not_normalized_to_utc
5359202,1153055,2003,2003-05-10T17:00:00,2003-05-11T17:00:00,CST,24.0,29,,Z,046,COOPER,0,0,0,0,,,,0,,0,1,begin_coordinates_missing_or_invalid|damage_crops_missing|damage_property_missing|end_coordinates_missing_or_invalid|no_valid_location_points|requires_crosswalk_or_marine_review|timezone_not_normalized_to_utc
5359203,1153055,2003,2003-05-10T08:00:00,2003-05-11T02:00:00,CST,18.0,29,,Z,054,HENRY,0,0,0,0,,,,0,,0,1,begin_coordinates_missing_or_invalid|damage_crops_missing|damage_property_missing|end_coordinates_missing_or_invalid|no_valid_location_points|requires_crosswalk_or_marine_review|timezone_not_normalized_to_utc
5359204,1153055,2003,2003-05-10T14:00:00,2003-05-11T21:00:00,CST,31.0,29,,Z,054,HENRY,0,0,0,0,,,,0,,0,1,begin_coordinates_missing_or_invalid|damage_crops_missing|damage_property_missing|end_coordinates_missing_or_invalid|no_valid_location_points|requires_crosswalk_or_marine_review|timezone_not_normalized_to_utc
5359212,1153121,2003,2003-05-20T01:54:00,2003-05-22T22:30:00,CST,68.6,19,,Z,054,JACKSON,0,0,0,0,1000000,,,0,,0,1,begin_coordinates_missing_or_invalid|damage_crops_missing|end_coordinates_missing_or_invalid|no_valid_location_points|requires_crosswalk_or_marine_review|timezone_not_normalized_to_utc
5359213,1153121,2003,2003-05-21T03:22:00,2003-05-28T12:00:00,CST,176.63333333333333,19,,Z,089,DES MOINES,0,0,0,0,1000000,,,0,,0,1,begin_coordinates_missing_or_invalid|damage_crops_missing|end_coordinates_missing_or_invalid|no_valid_location_points|requires_crosswalk_or_marine_review|timezone_not_normalized_to_utc
5359214,1153121,2003,2003-05-21T12:30:00,2003-05-28T16:00:00,CST,171.5,19,,Z,099,LEE,0,0,0,0,1000000,,,0,,0,1,begin_coordinates_missing_or_invalid|damage_crops_missing|end_coordinates_missing_or_invalid|no_valid_location_points|requires_crosswalk_or_marine_review|timezone_not_normalized_to_utc
5359215,1153122,2003,2003-05-24T05:05:00,2003-05-25T11:05:00,CST,30.0,19,,Z,067,MUSCATINE,0,0,0,0,1000000,,,0,,0,1,begin_coordinates_missing_or_invalid|damage_crops_missing|end_coordinates_missing_or_invalid|no_valid_location_points|requires_crosswalk_or_marine_review|timezone_not_normalized_to_utc
5359216,1153123,2003,2003-05-20T01:54:00,2003-05-22T22:30:00,CST,68.6,17,,Z,001,JO DAVIESS,0,0,0,0,1000000,,,0,,0,1,begin_coordinates_missing_or_invalid|damage_crops_missing|end_coordinates_missing_or_invalid|no_valid_location_points|requires_crosswalk_or_marine_review|timezone_not_normalized_to_utc
5359217,1153123,2003,2003-05-21T23:22:00,2003-05-25T11:05:00,CST,83.71666666666667,17,,Z,015,ROCK ISLAND,0,0,0,0,1000000,,,0,,0,1,begin_coordinates_missing_or_invalid|damage_crops_missing|end_coordinates_missing_or_invalid|no_valid_location_points|requires_crosswalk_or_marine_review|timezone_not_normalized_to_utc
5359218,1153123,2003,2003-05-20T01:03:00,2003-05-28T00:00:00,CST,190.95,17,,Z,024,MERCER,0,0,0,0,1000000,,,0,,0,1,begin_coordinates_missing_or_invalid|damage_crops_missing|end_coordinates_missing_or_invalid|no_valid_location_points|requires_crosswalk_or_marine_review|timezone_not_normalized_to_utc
5359219,1153123,2003,2003-05-21T03:22:00,2003-05-28T16:00:00,CST,180.63333333333333,17,,Z,025,HENDERSON,0,0,0,0,1000000,,,0,,0,1,begin_coordinates_missing_or_invalid|damage_crops_missing|end_coordinates_missing_or_invalid|no_valid_location_points|requires_crosswalk_or_marine_review|timezone_not_normalized_to_utc
5359220,1153123,2003,2003-05-21T12:30:00,2003-05-28T16:00:00,CST,171.5,17,,Z,034,HANCOCK,0,0,0,0,1000000,,,0,,0,1,begin_coordinates_missing_or_invalid|damage_crops_missing|end_coordinates_missing_or_invalid|no_valid_location_points|requires_crosswalk_or_marine_review|timezone_not_normalized_to_utc
5359221,1153123,2003,2003-05-23T00:00:00,2003-05-23T22:30:00,CST,22.5,17,,Z,009,WHITESIDE,0,0,0,0,1000000,,,0,,0,1,begin_coordinates_missing_or_invalid|damage_crops_missing|end_coordinates_missing_or_invalid|no_valid_location_points|requires_crosswalk_or_marine_review|timezone_not_normalized_to_utc
5359635,1153317,2003,2003-06-21T05:00:00,2003-06-22T18:00:00,CST,37.0,18,,Z,087,WARRICK,0,0,0,0,,,,0,,0,1,begin_coordinates_missing_or_invalid|damage_crops_missing|damage_property_missing|end_coordinates_missing_or_invalid|no_valid_location_points|requires_crosswalk_or_marine_review|timezone_not_normalized_to_utc
5359636,1153318,2003,2003-06-19T04:00:00,2003-06-25T18:00:00,CST,158.0,17,,Z,087,GALLATIN,0,0,0,0,,,,0,,0,1,begin_coordinates_missing_or_invalid|damage_crops_missing|damage_property_missing|end_coordinates_missing_or_invalid|no_valid_location_points|requires_crosswalk_or_marine_review|timezone_not_normalized_to_utc
5359637,1153319,2003,2003-06-13T03:00:00,2003-06-14T18:00:00,CST,39.0,21,,Z,021,MUHLENBERG,0,0,0,0,,,,0,,0,1,begin_coordinates_missing_or_invalid|damage_crops_missing|damage_property_missing|end_coordinates_missing_or_invalid|no_valid_location_points|requires_crosswalk_or_marine_review|timezone_not_normalized_to_utc
5359638,1153320,2003,2003-06-12T07:00:00,2003-06-19T18:00:00,CST,179.0,17,,Z,081,FRANKLIN,0,0,0,0,,,,0,,0,1,begin_coordinates_missing_or_invalid|damage_crops_missing|damage_property_missing|end_coordinates_missing_or_invalid|no_valid_location_points|requires_crosswalk_or_marine_review|timezone_not_normalized_to_utc
5359639,1153320,2003,2003-06-12T10:00:00,2003-06-21T19:00:00,CST,225.0,17,,Z,084,JACKSON,0,0,0,0,,,,0,,0,1,begin_coordinates_missing_or_invalid|damage_crops_missing|damage_property_missing|end_coordinates_missing_or_invalid|no_valid_location_points|requires_crosswalk_or_marine_review|timezone_not_normalized_to_utc
5359919,1153303,2003,2003-06-23T13:00:00,2003-06-27T07:00:00,EST,90.0,12,,Z,063,GLADES,0,0,0,0,10000,,,0,,0,1,begin_coordinates_missing_or_invalid|damage_crops_missing|end_coordinates_missing_or_invalid|no_valid_location_points|requires_crosswalk_or_marine_review|timezone_not_normalized_to_utc
5359937,1153406,2003,2003-06-01T06:25:00,2003-06-01T10:30:00,EST,4.083333333333333,42,,Z,058,SCHUYLKILL,0,0,0,0,,,,0,,0,1,begin_coordinates_missing_or_invalid|damage_crops_missing|damage_property_missing|end_coordinates_missing_or_invalid|no_valid_location_points|requires_crosswalk_or_marine_review|timezone_not_normalized_to_utc
5359938,1153407,2003,2003-06-04T01:00:00,2003-06-04T20:15:00,EST,19.25,42,,Z,026,HUNTINGDON,0,0,0,0,,,,0,,0,1,begin_coordinates_missing_or_invalid|damage_crops_missing|damage_property_missing|end_coordinates_missing_or_invalid|no_valid_location_points|requires_crosswalk_or_marine_review|timezone_not_normalized_to_utc
5359939,1153408,2003,2003-06-07T17:15:00,2003-06-08T01:30:00,EST,8.25,42,,Z,063,CUMBERLAND,0,0,0,0,,,,0,,0,1,begin_coordinates_missing_or_invalid|damage_crops_missing|damage_property_missing|end_coordinates_missing_or_invalid|no_valid_location_points|requires_crosswalk_or_marine_review|timezone_not_normalized_to_utc
5359940,1153408,2003,2003-06-07T17:15:00,2003-06-08T01:30:00,EST,8.25,42,,Z,065,YORK,0,0,0,0,,,,0,,0,1,begin_coordinates_missing_or_invalid|damage_crops_missing|damage_property_missing|end_coordinates_missing_or_invalid|no_valid_location_points|requires_crosswalk_or_marine_review|timezone_not_normalized_to_utc
5359941,1153409,2003,2003-06-08T16:45:00,2003-06-08T16:45:00,EST,0.0,42,,Z,063,CUMBERLAND,0,0,0,0,,,,0,,0,1,begin_coordinates_missing_or_invalid|damage_crops_missing|damage_property_missing|end_coordinates_missing_or_invalid|no_valid_location_points|requires_crosswalk_or_marine_review|timezone_not_normalized_to_utc
5359942,1153410,2003,2003-06-21T06:30:00,2003-06-21T23:15:00,EST,16.75,42,,Z,059,LEBANON,0,0,0,0,,,,0,,0,1,begin_coordinates_missing_or_invalid|damage_crops_missing|damage_property_missing|end_coordinates_missing_or_invalid|no_valid_location_points|requires_crosswalk_or_marine_review|timezone_not_normalized_to_utc
5359943,1153411,2003,2003-06-21T09:45:00,2003-06-21T15:15:00,EST,5.5,42,,Z,066,LANCASTER,0,0,0,0,,,,0,,0,1,begin_coordinates_missing_or_invalid|damage_crops_missing|damage_property_missing|end_coordinates_missing_or_invalid|no_valid_location_points|requires_crosswalk_or_marine_review|timezone_not_normalized_to_utc
5359944,1153412,2003,2003-06-20T20:05:00,2003-06-21T14:00:00,EST,17.916666666666668,42,,Z,066,LANCASTER,0,0,1,0,,,,1,,0,1,begin_coordinates_missing_or_invalid|damage_crops_missing|damage_property_missing|end_coordinates_missing_or_invalid|no_valid_location_points|requires_crosswalk_or_marine_review|timezone_not_normalized_to_utc
5360124,1153176,2003,2003-06-14T17:00:00,2003-06-18T09:30:00,EST,88.5,18,,Z,071,JACKSON,0,0,0,0,,,,0,,0,1,begin_coordinates_missing_or_invalid|damage_crops_missing|damage_property_missing|end_coordinates_missing_or_invalid|no_valid_location_points|requires_crosswalk_or_marine_review|timezone_not_normalized_to_utc
5360125,1153177,2003,2003-06-19T06:30:00,2003-06-19T21:40:00,EST,15.166666666666666,18,,Z,070,LAWRENCE,0,0,0,0,,,,0,,0,1,begin_coordinates_missing_or_invalid|damage_crops_missing|damage_property_missing|end_coordinates_missing_or_invalid|no_valid_location_points|requires_crosswalk_or_marine_review|timezone_not_normalized_to_utc
5360126,1153178,2003,2003-06-14T19:57:00,2003-06-15T07:40:00,EST,11.716666666666667,18,,Z,029,TIPPECANOE,0,0,0,0,,,,0,,0,1,begin_coordinates_missing_or_invalid|damage_crops_missing|damage_property_missing|end_coordinates_missing_or_invalid|no_valid_location_points|requires_crosswalk_or_marine_review|timezone_not_normalized_to_utc
5360127,1153179,2003,2003-06-15T11:20:00,2003-06-16T17:30:00,EST,30.166666666666668,18,,Z,043,VERMILLION,0,0,0,0,,,,0,,0,1,begin_coordinates_missing_or_invalid|damage_crops_missing|damage_property_missing|end_coordinates_missing_or_invalid|no_valid_location_points|requires_crosswalk_or_marine_review|timezone_not_normalized_to_utc
5360128,1153179,2003,2003-06-15T11:20:00,2003-06-16T17:30:00,EST,30.166666666666668,18,,Z,044,PARKE,0,0,0,0,,,,0,,0,1,begin_coordinates_missing_or_invalid|damage_crops_missing|damage_property_missing|end_coordinates_missing_or_invalid|no_valid_location_points|requires_crosswalk_or_marine_review|timezone_not_normalized_to_utc
5360170,1153344,2003,2003-06-19T15:27:00,2003-06-19T15:27:00,MST,0.0,08,,Z,092,CHEYENNE COUNTY,0,0,0,0,,,,0,,0,1,begin_coordinates_missing_or_invalid|damage_crops_missing|damage_property_missing|end_coordinates_missing_or_invalid|no_valid_location_points|requires_crosswalk_or_marine_review|timezone_not_normalized_to_utc
5360699,1153507,2003,2003-05-18T06:00:00,2003-05-19T12:00:00,CST,30.0,01,,Z,022,PICKENS,0,0,0,0,,,,0,,0,1,begin_coordinates_missing_or_invalid|damage_crops_missing|damage_property_missing|end_coordinates_missing_or_invalid|no_valid_location_points|requires_crosswalk_or_marine_review|timezone_not_normalized_to_utc
5360700,1153508,2003,2003-05-10T10:00:00,2003-05-13T20:30:00,CST,82.5,01,,Z,039,MARENGO,0,0,0,0,,,,0,,0,1,begin_coordinates_missing_or_invalid|damage_crops_missing|damage_property_missing|end_coordinates_missing_or_invalid|no_valid_location_points|requires_crosswalk_or_marine_review|timezone_not_normalized_to_utc
5360701,1153509,2003,2003-05-20T08:00:00,2003-05-22T08:00:00,CST,48.0,01,,Z,022,PICKENS,0,0,0,0,,,,0,,0,1,begin_coordinates_missing_or_invalid|damage_crops_missing|damage_property_missing|end_coordinates_missing_or_invalid|no_valid_location_points|requires_crosswalk_or_marine_review|timezone_not_normalized_to_utc
5360702,1153510,2003,2003-05-20T18:00:00,2003-05-26T01:30:00,CST,127.5,01,,Z,039,MARENGO,0,0,0,0,,,,0,,0,1,begin_coordinates_missing_or_invalid|damage_crops_missing|damage_property_missing|end_coordinates_missing_or_invalid|no_valid_location_points|requires_crosswalk_or_marine_review|timezone_not_normalized_to_utc
5360703,1153511,2003,2003-05-07T21:00:00,2003-05-09T04:30:00,CST,31.5,01,,Z,024,JEFFERSON,0,0,0,0,,,,0,,0,1,begin_coordinates_missing_or_invalid|damage_crops_missing|damage_property_missing|end_coordinates_missing_or_invalid|no_valid_location_points|requires_crosswalk_or_marine_review|timezone_not_normalized_to_utc
5360704,1153512,2003,2003-05-18T05:45:00,2003-05-19T05:45:00,CST,24.0,01,,Z,024,JEFFERSON,0,0,0,0,,,,0,,0,1,begin_coordinates_missing_or_invalid|damage_crops_missing|damage_property_missing|end_coordinates_missing_or_invalid|no_valid_location_points|requires_crosswalk_or_marine_review|timezone_not_normalized_to_utc
5360705,1153513,2003,2003-05-18T14:30:00,2003-05-20T02:30:00,CST,36.0,01,,Z,034,BIBB,0,0,0,0,,,,0,,0,1,begin_coordinates_missing_or_invalid|damage_crops_missing|damage_property_missing|end_coordinates_missing_or_invalid|no_valid_location_points|requires_crosswalk_or_marine_review|timezone_not_normalized_to_utc
5360706,1153514,2003,2003-05-21T15:00:00,2003-05-22T18:15:00,CST,27.25,01,,Z,030,SUMTER,0,0,0,0,,,,0,,0,1,begin_coordinates_missing_or_invalid|damage_crops_missing|damage_property_missing|end_coordinates_missing_or_invalid|no_valid_location_points|requires_crosswalk_or_marine_review|timezone_not_normalized_to_utc
5360764,1153515,2003,2003-05-07T16:00:00,2003-05-08T04:30:00,CST,12.5,01,,Z,024,JEFFERSON,0,0,0,0,,,,0,,0,1,begin_coordinates_missing_or_invalid|damage_crops_missing|damage_property_missing|end_coordinates_missing_or_invalid|no_valid_location_points|requires_crosswalk_or_marine_review|timezone_not_normalized_to_utc
5360765,1153516,2003,2003-05-06T14:00:00,2003-05-07T03:00:00,CST,13.0,01,,Z,024,JEFFERSON,0,0,0,0,,,,0,,0,1,begin_coordinates_missing_or_invalid|damage_crops_missing|damage_property_missing|end_coordinates_missing_or_invalid|no_valid_location_points|requires_crosswalk_or_marine_review|timezone_not_normalized_to_utc
5360766,1153516,2003,2003-05-07T15:00:00,2003-05-09T17:30:00,CST,50.5,01,,Z,024,JEFFERSON,0,0,0,0,,,,0,,0,1,begin_coordinates_missing_or_invalid|damage_crops_missing|damage_property_missing|end_coordinates_missing_or_invalid|no_valid_location_points|requires_crosswalk_or_marine_review|timezone_not_normalized_to_utc
5360767,1153517,2003,2003-05-08T05:30:00,2003-05-09T08:30:00,CST,27.0,01,,Z,023,TUSCALOOSA,0,0,0,0,,,,0,,0,1,begin_coordinates_missing_or_invalid|damage_crops_missing|damage_property_missing|end_coordinates_missing_or_invalid|no_valid_location_points|requires_crosswalk_or_marine_review|timezone_not_normalized_to_utc
5360768,1153518,2003,2003-05-18T23:00:00,2003-05-19T04:00:00,CST,5.0,01,,Z,023,TUSCALOOSA,0,0,0,0,,,,0,,0,1,begin_coordinates_missing_or_invalid|damage_crops_missing|damage_property_missing|end_coordinates_missing_or_invalid|no_valid_location_points|requires_crosswalk_or_marine_review|timezone_not_normalized_to_utc
5360769,1153519,2003,2003-05-08T08:00:00,2003-05-13T02:00:00,CST,114.0,01,,Z,032,HALE,0,0,0,0,,,,0,,0,1,begin_coordinates_missing_or_invalid|damage_crops_missing|damage_property_missing|end_coordinates_missing_or_invalid|no_valid_location_points|requires_crosswalk_or_marine_review|timezone_not_normalized_to_utc
5360770,1153520,2003,2003-05-18T15:00:00,2003-05-26T07:30:00,CST,184.5,01,,Z,032,HALE,0,0,0,0,,,,0,,0,1,begin_coordinates_missing_or_invalid|damage_crops_missing|damage_property_missing|end_coordinates_missing_or_invalid|no_valid_location_points|requires_crosswalk_or_marine_review|timezone_not_normalized_to_utc
5360771,1153521,2003,2003-05-09T07:30:00,2003-05-13T15:00:00,CST,103.5,01,,Z,044,MONTGOMERY,0,0,0,0,,,,0,,0,1,begin_coordinates_missing_or_invalid|damage_crops_missing|damage_property_missing|end_coordinates_missing_or_invalid|no_valid_location_points|requires_crosswalk_or_marine_review|timezone_not_normalized_to_utc
5360772,1153522,2003,2003-05-22T03:00:00,2003-05-24T12:00:00,CST,57.0,01,,Z,044,MONTGOMERY,0,0,0,0,,,,0,,0,1,begin_coordinates_missing_or_invalid|damage_crops_missing|damage_property_missing|end_coordinates_missing_or_invalid|no_valid_location_points|requires_crosswalk_or_marine_review|timezone_not_normalized_to_utc
5360775,1153525,2003,2003-05-06T10:30:00,2003-05-15T08:00:00,CST,213.5,01,,Z,020,CHEROKEE,0,0,0,0,,,,0,,0,1,begin_coordinates_missing_or_invalid|damage_crops_missing|damage_property_missing|end_coordinates_missing_or_invalid|no_valid_location_points|requires_crosswalk_or_marine_review|timezone_not_normalized_to_utc
5360776,1153526,2003,2003-05-19T01:00:00,2003-05-26T05:00:00,CST,172.0,01,,Z,020,CHEROKEE,0,0,0,0,,,,0,,0,1,begin_coordinates_missing_or_invalid|damage_crops_missing|damage_property_missing|end_coordinates_missing_or_invalid|no_valid_location_points|requires_crosswalk_or_marine_review|timezone_not_normalized_to_utc
5360836,1153527,2003,2003-05-08T18:00:00,2003-05-09T07:15:00,CST,13.25,01,,Z,018,ETOWAH,0,0,0,0,,,,0,,0,1,begin_coordinates_missing_or_invalid|damage_crops_missing|damage_property_missing|end_coordinates_missing_or_invalid|no_valid_location_points|requires_crosswalk_or_marine_review|timezone_not_normalized_to_utc
5360837,1153528,2003,2003-05-18T15:00:00,2003-05-20T16:45:00,CST,49.75,01,,Z,018,ETOWAH,0,0,0,0,,,,0,,0,1,begin_coordinates_missing_or_invalid|damage_crops_missing|damage_property_missing|end_coordinates_missing_or_invalid|no_valid_location_points|requires_crosswalk_or_marine_review|timezone_not_normalized_to_utc
5360838,1153529,2003,2003-05-06T16:00:00,2003-05-12T14:00:00,CST,142.0,01,,Z,026,ST. CLAIR,0,0,0,0,,,,0,,0,1,begin_coordinates_missing_or_invalid|damage_crops_missing|damage_property_missing|end_coordinates_missing_or_invalid|no_valid_location_points|requires_crosswalk_or_marine_review|timezone_not_normalized_to_utc
5360839,1153530,2003,2003-05-18T05:00:00,2003-05-27T04:00:00,CST,215.0,01,,Z,026,ST. CLAIR,0,0,0,0,,,,0,,0,1,begin_coordinates_missing_or_invalid|damage_crops_missing|damage_property_missing|end_coordinates_missing_or_invalid|no_valid_location_points|requires_crosswalk_or_marine_review|timezone_not_normalized_to_utc
5360840,1153531,2003,2003-05-07T23:00:00,2003-05-12T12:15:00,CST,109.25,01,,Z,027,TALLADEGA,0,0,0,0,,,,0,,0,1,begin_coordinates_missing_or_invalid|damage_crops_missing|damage_property_missing|end_coordinates_missing_or_invalid|no_valid_location_points|requires_crosswalk_or_marine_review|timezone_not_normalized_to_utc
5360841,1153532,2003,2003-05-21T02:00:00,2003-05-24T05:00:00,CST,75.0,01,,Z,027,TALLADEGA,0,0,0,0,,,,0,,0,1,begin_coordinates_missing_or_invalid|damage_crops_missing|damage_property_missing|end_coordinates_missing_or_invalid|no_valid_location_points|requires_crosswalk_or_marine_review|timezone_not_normalized_to_utc
5360842,1153533,2003,2003-05-08T20:30:00,2003-05-10T17:00:00,CST,44.5,01,,Z,029,RANDOLPH,0,0,0,0,300000,0,,0,,0,1,begin_coordinates_missing_or_invalid|end_coordinates_missing_or_invalid|no_valid_location_points|requires_crosswalk_or_marine_review|timezone_not_normalized_to_utc
5360843,1153533,2003,2003-05-08T20:30:00,2003-05-10T17:00:00,CST,44.5,01,,Z,038,CHAMBERS,0,0,0,0,25000,0,,0,,0,1,begin_coordinates_missing_or_invalid|end_coordinates_missing_or_invalid|no_valid_location_points|requires_crosswalk_or_marine_review|timezone_not_normalized_to_utc
5360844,1153534,2003,2003-05-18T13:45:00,2003-05-19T14:00:00,CST,24.25,01,,Z,029,RANDOLPH,0,0,0,0,,,,0,,0,1,begin_coordinates_missing_or_invalid|damage_crops_missing|damage_property_missing|end_coordinates_missing_or_invalid|no_valid_location_points|requires_crosswalk_or_marine_review|timezone_not_normalized_to_utc
5360845,1153535,2003,2003-05-07T20:00:00,2003-05-10T15:15:00,CST,67.25,01,,Z,045,MACON,0,0,0,0,,,,0,,0,1,begin_coordinates_missing_or_invalid|damage_crops_missing|damage_property_missing|end_coordinates_missing_or_invalid|no_valid_location_points|requires_crosswalk_or_marine_review|timezone_not_normalized_to_utc
5360846,1153536,2003,2003-05-09T08:30:00,2003-05-12T15:45:00,CST,79.25,01,,Z,044,MONTGOMERY,0,0,0,0,,,,0,,0,1,begin_coordinates_missing_or_invalid|damage_crops_missing|damage_property_missing|end_coordinates_missing_or_invalid|no_valid_location_points|requires_crosswalk_or_marine_review|timezone_not_normalized_to_utc
5361489,1153691,2003,2003-05-07T23:00:00,2003-05-10T21:00:00,CST,70.0,01,,Z,038,CHAMBERS,0,0,0,0,2500000.0,150000,,0,,0,1,begin_coordinates_missing_or_invalid|end_coordinates_missing_or_invalid|no_valid_location_points|requires_crosswalk_or_marine_review|timezone_not_normalized_to_utc
5361490,1153691,2003,2003-05-08T09:00:00,2003-05-10T23:00:00,CST,62.0,01,,Z,047,LEE,0,0,0,0,1750000.00,100000,,0,,0,1,begin_coordinates_missing_or_invalid|end_coordinates_missing_or_invalid|no_valid_location_points|requires_crosswalk_or_marine_review|timezone_not_normalized_to_utc
5361491,1153691,2003,2003-05-08T11:00:00,2003-05-10T23:00:00,CST,60.0,01,,Z,048,RUSSELL,0,0,0,0,200000,25000,,0,,0,1,begin_coordinates_missing_or_invalid|end_coordinates_missing_or_invalid|no_valid_location_points|requires_crosswalk_or_marine_review|timezone_not_normalized_to_utc
5361659,1154093,2003,2003-05-08T06:00:00,2003-05-09T06:00:00,EST,24.0,13,,Z,066,TROUP,0,0,0,0,250000,,,0,"[[33.33333,-85.1],[33.33333,-85.06667]]",0,1,damage_crops_missing|requires_crosswalk_or_marine_review|timezone_not_normalized_to_utc
5361660,1154093,2003,2003-05-07T06:30:00,2003-05-07T08:30:00,EST,2.0,13,,Z,004,WHITFIELD,0,0,0,0,250000,,,0,"[[33.68333,-84.45]]",0,1,damage_crops_missing|requires_crosswalk_or_marine_review|timezone_not_normalized_to_utc
5361661,1154117,2003,2003-05-10T09:06:00,2003-05-10T09:14:00,EST,0.13333333333333333,39,,Z,081,ADAMS,0,0,0,0,,,,0,,0,1,begin_coordinates_missing_or_invalid|damage_crops_missing|damage_property_missing|end_coordinates_missing_or_invalid|no_valid_location_points|requires_crosswalk_or_marine_review|timezone_not_normalized_to_utc
5361662,1154117,2003,2003-05-10T09:00:00,2003-05-10T09:10:00,EST,0.16666666666666666,39,,Z,088,SCIOTO,0,0,0,0,,,,0,,0,1,begin_coordinates_missing_or_invalid|damage_crops_missing|damage_property_missing|end_coordinates_missing_or_invalid|no_valid_location_points|requires_crosswalk_or_marine_review|timezone_not_normalized_to_utc
5361663,1154117,2003,2003-05-10T07:40:00,2003-05-10T09:10:00,EST,1.5,39,,Z,078,CLERMONT,0,0,0,0,,,,0,,0,1,begin_coordinates_missing_or_invalid|damage_crops_missing|damage_property_missing|end_coordinates_missing_or_invalid|no_valid_location_points|requires_crosswalk_or_marine_review|timezone_not_normalized_to_utc
5361664,1154117,2003,2003-05-10T07:55:00,2003-05-10T09:30:00,EST,1.5833333333333333,39,,Z,079,BROWN,0,0,0,0,,,,0,,0,1,begin_coordinates_missing_or_invalid|damage_crops_missing|damage_property_missing|end_coordinates_missing_or_invalid|no_valid_location_points|requires_crosswalk_or_marine_review|timezone_not_normalized_to_utc
5361665,1154117,2003,2003-05-10T09:02:00,2003-05-10T09:55:00,EST,0.8833333333333333,39,,Z,080,HIGHLAND,0,0,0,0,,,,0,,0,1,begin_coordinates_missing_or_invalid|damage_crops_missing|damage_property_missing|end_coordinates_missing_or_invalid|no_valid_location_points|requires_crosswalk_or_marine_review|timezone_not_normalized_to_utc
5361683,1154096,2003,2003-05-17T16:13:00,2003-05-17T18:13:00,EST,2.0,13,,Z,021,CHEROKEE,0,0,0,0,,,,0,,0,1,begin_coordinates_missing_or_invalid|damage_crops_missing|damage_property_missing|end_coordinates_missing_or_invalid|no_valid_location_points|requires_crosswalk_or_marine_review|timezone_not_normalized_to_utc
5361685,1154123,2003,2003-06-14T20:12:00,2003-06-14T22:30:00,EST,2.3,39,,Z,077,HAMILTON,0,0,0,0,,,,0,,0,1,begin_coordinates_missing_or_invalid|damage_crops_missing|damage_property_missing|end_coordinates_missing_or_invalid|no_valid_location_points|requires_crosswalk_or_marine_review|timezone_not_normalized_to_utc
5361686,1154123,2003,2003-06-14T20:19:00,2003-06-14T22:30:00,EST,2.183333333333333,39,,Z,070,BUTLER,0,0,0,0,,,,0,,0,1,begin_coordinates_missing_or_invalid|damage_crops_missing|damage_property_missing|end_coordinates_missing_or_invalid|no_valid_location_points|requires_crosswalk_or_marine_review|timezone_not_normalized_to_utc
5361690,1154124,2003,2003-06-15T13:00:00,2003-06-15T14:30:00,EST,1.5,18,,Z,059,UNION,0,0,0,0,,,,0,,0,1,begin_coordinates_missing_or_invalid|damage_crops_missing|damage_property_missing|end_coordinates_missing_or_invalid|no_valid_location_points|requires_crosswalk_or_marine_review|timezone_not_normalized_to_utc
5361691,1154124,2003,2003-06-15T13:29:00,2003-06-15T15:15:00,EST,1.7666666666666666,18,,Z,066,FRANKLIN,0,0,0,0,,,,0,,0,1,begin_coordinates_missing_or_invalid|damage_crops_missing|damage_property_missing|end_coordinates_missing_or_invalid|no_valid_location_points|requires_crosswalk_or_marine_review|timezone_not_normalized_to_utc
5361698,1154125,2003,2003-06-15T07:30:00,2003-06-15T08:45:00,EST,1.25,39,,Z,060,PREBLE,0,0,0,0,,,,0,,0,1,begin_coordinates_missing_or_invalid|damage_crops_missing|damage_property_missing|end_coordinates_missing_or_invalid|no_valid_location_points|requires_crosswalk_or_marine_review|timezone_not_normalized_to_utc
5361699,1154125,2003,2003-06-15T13:24:00,2003-06-15T15:00:00,EST,1.6,39,,Z,060,PREBLE,0,0,0,0,,,,0,,0,1,begin_coordinates_missing_or_invalid|damage_crops_missing|damage_property_missing|end_coordinates_missing_or_invalid|no_valid_location_points|requires_crosswalk_or_marine_review|timezone_not_normalized_to_utc
5361700,1154125,2003,2003-06-15T15:00:00,2003-06-15T20:00:00,EST,5.0,39,,Z,070,BUTLER,0,0,0,0,,,,0,,0,1,begin_coordinates_missing_or_invalid|damage_crops_missing|damage_property_missing|end_coordinates_missing_or_invalid|no_valid_location_points|requires_crosswalk_or_marine_review|timezone_not_normalized_to_utc
5361740,1154096,2003,2003-05-18T07:45:00,2003-05-18T17:00:00,EST,9.25,13,,Z,020,BARTOW,0,0,0,0,,,,0,,0,1,begin_coordinates_missing_or_invalid|damage_crops_missing|damage_property_missing|end_coordinates_missing_or_invalid|no_valid_location_points|requires_crosswalk_or_marine_review|timezone_not_normalized_to_utc
5361748,1154126,2003,2003-06-16T01:20:00,2003-06-16T01:40:00,EST,0.3333333333333333,18,,Z,073,RIPLEY,0,0,0,0,,,,0,,0,1,begin_coordinates_missing_or_invalid|damage_crops_missing|damage_property_missing|end_coordinates_missing_or_invalid|no_valid_location_points|requires_crosswalk_or_marine_review|timezone_not_normalized_to_utc
5361952,1154102,2003,2003-05-02T17:12:00,2003-05-02T18:00:00,EST,0.8,39,,Z,073,ROSS,0,0,0,0,,,,0,,0,1,begin_coordinates_missing_or_invalid|damage_crops_missing|damage_property_missing|end_coordinates_missing_or_invalid|no_valid_location_points|requires_crosswalk_or_marine_review|timezone_not_normalized_to_utc
5361959,1154108,2003,2003-05-09T07:32:00,2003-05-09T08:10:00,EST,0.6333333333333333,39,,Z,034,MERCER,0,0,0,0,,,,0,"[[39.4,-82.36667]]",0,1,damage_crops_missing|damage_property_missing|requires_crosswalk_or_marine_review|timezone_not_normalized_to_utc
5361960,1154108,2003,2003-05-09T07:40:00,2003-05-09T08:45:00,EST,1.0833333333333333,39,,Z,046,DELAWARE,0,0,0,0,,,,0,"[[39.71667,-83.35]]",0,1,damage_crops_missing|damage_property_missing|requires_crosswalk_or_marine_review|timezone_not_normalized_to_utc
5361961,1154108,2003,2003-05-09T07:14:00,2003-05-09T08:30:00,EST,1.2666666666666666,39,,Z,045,UNION,0,0,0,0,,,,0,"[[39.71667,-82.98333]]",0,1,damage_crops_missing|damage_property_missing|requires_crosswalk_or_marine_review|timezone_not_normalized_to_utc
5362033,1154113,2003,2003-05-11T06:00:00,2003-05-11T06:20:00,EST,0.3333333333333333,39,,Z,034,MERCER,0,0,0,0,,,,0,"[[40.48333,-83.91667],[40.5,-83.75]]",0,1,damage_crops_missing|damage_property_missing|requires_crosswalk_or_marine_review|timezone_not_normalized_to_utc
5362034,1154113,2003,2003-05-11T06:00:00,2003-05-11T07:30:00,EST,1.5,39,,Z,035,AUGLAIZE,0,0,0,0,,,,0,"[[40.28333,-84.05]]",0,1,damage_crops_missing|damage_property_missing|requires_crosswalk_or_marine_review|timezone_not_normalized_to_utc
5362035,1154113,2003,2003-05-11T06:45:00,2003-05-11T07:10:00,EST,0.4166666666666667,39,,Z,074,HOCKING,0,0,0,0,,,,0,"[[40.55,-84.61667]]",0,1,damage_crops_missing|damage_property_missing|requires_crosswalk_or_marine_review|timezone_not_normalized_to_utc
5362038,1154183,2003,2003-06-23T19:00:00,2003-06-26T07:00:00,CST,60.0,27,,Z,041,DOUGLAS,0,0,0,0,,,,0,,0,1,begin_coordinates_missing_or_invalid|damage_crops_missing|damage_property_missing|end_coordinates_missing_or_invalid|no_valid_location_points|requires_crosswalk_or_marine_review|timezone_not_normalized_to_utc
5362049,1154117,2003,2003-05-10T14:00:00,2003-05-10T16:00:00,EST,2.0,39,,Z,053,CLARK,0,0,0,0,,,,0,,0,1,begin_coordinates_missing_or_invalid|damage_crops_missing|damage_property_missing|end_coordinates_missing_or_invalid|no_valid_location_points|requires_crosswalk_or_marine_review|timezone_not_normalized_to_utc
5362050,1154117,2003,2003-05-10T14:30:00,2003-05-10T16:00:00,EST,1.5,39,,Z,061,MONTGOMERY,0,0,0,0,,,,0,,0,1,begin_coordinates_missing_or_invalid|damage_crops_missing|damage_property_missing|end_coordinates_missing_or_invalid|no_valid_location_points|requires_crosswalk_or_marine_review|timezone_not_normalized_to_utc
5362190,1154116,2003,2003-05-10T02:00:00,2003-05-10T03:00:00,EST,1.0,21,,Z,090,GALLATIN,0,0,0,0,,,,0,,0,1,begin_coordinates_missing_or_invalid|damage_crops_missing|damage_property_missing|end_coordinates_missing_or_invalid|no_valid_location_points|requires_crosswalk_or_marine_review|timezone_not_normalized_to_utc
5362191,1154116,2003,2003-05-10T04:00:00,2003-05-10T04:40:00,EST,0.6666666666666666,21,,Z,096,PENDLETON,0,0,0,0,,,,0,,0,1,begin_coordinates_missing_or_invalid|damage_crops_missing|damage_property_missing|end_coordinates_missing_or_invalid|no_valid_location_points|requires_crosswalk_or_marine_review|timezone_not_normalized_to_utc
5362192,1154116,2003,2003-05-10T05:15:00,2003-05-10T05:55:00,EST,0.6666666666666666,21,,Z,093,CAMPBELL,0,0,0,0,,,,0,,0,1,begin_coordinates_missing_or_invalid|damage_crops_missing|damage_property_missing|end_coordinates_missing_or_invalid|no_valid_location_points|requires_crosswalk_or_marine_review|timezone_not_normalized_to_utc
5362193,1154116,2003,2003-05-10T08:00:00,2003-05-10T09:00:00,EST,1.0,21,,Z,100,LEWIS,0,0,0,0,,,,0,,0,1,begin_coordinates_missing_or_invalid|damage_crops_missing|damage_property_missing|end_coordinates_missing_or_invalid|no_valid_location_points|requires_crosswalk_or_marine_review|timezone_not_normalized_to_utc
5362194,1154116,2003,2003-05-10T08:30:00,2003-05-10T09:10:00,EST,0.6666666666666666,21,,Z,098,ROBERTSON,0,0,0,0,,,,0,,0,1,begin_coordinates_missing_or_invalid|damage_crops_missing|damage_property_missing|end_coordinates_missing_or_invalid|no_valid_location_points|requires_crosswalk_or_marine_review|timezone_not_normalized_to_utc
5362195,1154116,2003,2003-05-10T15:33:00,2003-05-10T17:15:00,EST,1.7,21,,Z,096,PENDLETON,0,0,0,0,,,,0,,0,1,begin_coordinates_missing_or_invalid|damage_crops_missing|damage_property_missing|end_coordinates_missing_or_invalid|no_valid_location_points|requires_crosswalk_or_marine_review|timezone_not_normalized_to_utc
5362196,1154116,2003,2003-05-10T16:00:00,2003-05-10T17:15:00,EST,1.25,21,,Z,097,BRACKEN,0,0,0,0,,,,0,,0,1,begin_coordinates_missing_or_invalid|damage_crops_missing|damage_property_missing|end_coordinates_missing_or_invalid|no_valid_location_points|requires_crosswalk_or_marine_review|timezone_not_normalized_to_utc
5362197,1154116,2003,2003-05-10T16:00:00,2003-05-10T17:15:00,EST,1.25,21,,Z,099,MASON,0,0,0,0,,,,0,,0,1,begin_coordinates_missing_or_invalid|damage_crops_missing|damage_property_missing|end_coordinates_missing_or_invalid|no_valid_location_points|requires_crosswalk_or_marine_review|timezone_not_normalized_to_utc
5362198,1154116,2003,2003-05-10T15:00:00,2003-05-10T15:33:00,EST,0.55,21,,Z,096,PENDLETON,0,0,0,0,,,,0,,0,1,begin_coordinates_missing_or_invalid|damage_crops_missing|damage_property_missing|end_coordinates_missing_or_invalid|no_valid_location_points|requires_crosswalk_or_marine_review|timezone_not_normalized_to_utc
5362259,1154183,2003,2003-06-23T19:00:00,2003-06-27T07:00:00,CST,84.0,27,,Z,042,TODD,0,0,0,0,,,,0,,0,1,begin_coordinates_missing_or_invalid|damage_crops_missing|damage_property_missing|end_coordinates_missing_or_invalid|no_valid_location_points|requires_crosswalk_or_marine_review|timezone_not_normalized_to_utc
5362269,1154117,2003,2003-05-10T14:50:00,2003-05-10T16:00:00,EST,1.1666666666666667,39,,Z,077,HAMILTON,0,0,0,0,,,,0,,0,1,begin_coordinates_missing_or_invalid|damage_crops_missing|damage_property_missing|end_coordinates_missing_or_invalid|no_valid_location_points|requires_crosswalk_or_marine_review|timezone_not_normalized_to_utc
5362270,1154117,2003,2003-05-10T15:00:00,2003-05-10T16:00:00,EST,1.0,39,,Z,078,CLERMONT,0,0,0,0,,,,0,,0,1,begin_coordinates_missing_or_invalid|damage_crops_missing|damage_property_missing|end_coordinates_missing_or_invalid|no_valid_location_points|requires_crosswalk_or_marine_review|timezone_not_normalized_to_utc
5362271,1154117,2003,2003-05-10T15:00:00,2003-05-10T16:30:00,EST,1.5,39,,Z,070,BUTLER,0,0,0,0,,,,0,,0,1,begin_coordinates_missing_or_invalid|damage_crops_missing|damage_property_missing|end_coordinates_missing_or_invalid|no_valid_location_points|requires_crosswalk_or_marine_review|timezone_not_normalized_to_utc
5362272,1154117,2003,2003-05-10T14:45:00,2003-05-10T16:30:00,EST,1.75,39,,Z,072,CLINTON,0,0,0,0,,,,0,,0,1,begin_coordinates_missing_or_invalid|damage_crops_missing|damage_property_missing|end_coordinates_missing_or_invalid|no_valid_location_points|requires_crosswalk_or_marine_review|timezone_not_normalized_to_utc
5362273,1154117,2003,2003-05-10T15:07:00,2003-05-10T16:30:00,EST,1.3833333333333333,39,,Z,071,WARREN,0,0,0,0,,,,0,,0,1,begin_coordinates_missing_or_invalid|damage_crops_missing|damage_property_missing|end_coordinates_missing_or_invalid|no_valid_location_points|requires_crosswalk_or_marine_review|timezone_not_normalized_to_utc
5362316,1154117,2003,2003-05-10T15:45:00,2003-05-10T17:00:00,EST,1.25,39,,Z,073,ROSS,0,0,0,0,,,,0,,0,1,begin_coordinates_missing_or_invalid|damage_crops_missing|damage_property_missing|end_coordinates_missing_or_invalid|no_valid_location_points|requires_crosswalk_or_marine_review|timezone_not_normalized_to_utc
5362348,1154103,2003,2003-05-05T19:40:00,2003-05-05T21:00:00,EST,1.3333333333333333,21,,Z,099,MASON,0,0,0,0,,,,0,"[[38.5,-84.56667]]",0,1,damage_crops_missing|damage_property_missing|requires_crosswalk_or_marine_review|timezone_not_normalized_to_utc
5362349,1154103,2003,2003-05-05T20:00:00,2003-05-05T21:00:00,EST,1.0,21,,Z,100,LEWIS,0,0,0,0,,,,0,"[[38.71667,-84.26667]]",0,1,damage_crops_missing|damage_property_missing|requires_crosswalk_or_marine_review|timezone_not_normalized_to_utc
5362355,1154115,2003,2003-05-10T02:00:00,2003-05-10T03:00:00,EST,1.0,18,,Z,074,DEARBORN,0,0,0,0,,,,0,,0,1,begin_coordinates_missing_or_invalid|damage_crops_missing|damage_property_missing|end_coordinates_missing_or_invalid|no_valid_location_points|requires_crosswalk_or_marine_review|timezone_not_normalized_to_utc
5362356,1154115,2003,2003-05-10T02:00:00,2003-05-10T03:00:00,EST,1.0,18,,Z,080,SWITZERLAND,0,0,0,0,,,,0,,0,1,begin_coordinates_missing_or_invalid|damage_crops_missing|damage_property_missing|end_coordinates_missing_or_invalid|no_valid_location_points|requires_crosswalk_or_marine_review|timezone_not_normalized_to_utc
5362357,1154115,2003,2003-05-10T07:30:00,2003-05-10T08:10:00,EST,0.6666666666666666,18,,Z,074,DEARBORN,0,0,0,0,,,,0,,0,1,begin_coordinates_missing_or_invalid|damage_crops_missing|damage_property_missing|end_coordinates_missing_or_invalid|no_valid_location_points|requires_crosswalk_or_marine_review|timezone_not_normalized_to_utc
5362358,1154115,2003,2003-05-10T13:30:00,2003-05-10T15:30:00,EST,2.0,18,,Z,058,FAYETTE,0,0,0,0,,,,0,,0,1,begin_coordinates_missing_or_invalid|damage_crops_missing|damage_property_missing|end_coordinates_missing_or_invalid|no_valid_location_points|requires_crosswalk_or_marine_review|timezone_not_normalized_to_utc
5362359,1154115,2003,2003-05-10T13:30:00,2003-05-10T15:30:00,EST,2.0,18,,Z,059,UNION,0,0,0,0,,,,0,,0,1,begin_coordinates_missing_or_invalid|damage_crops_missing|damage_property_missing|end_coordinates_missing_or_invalid|no_valid_location_points|requires_crosswalk_or_marine_review|timezone_not_normalized_to_utc
5362492,1154117,2003,2003-05-10T06:50:00,2003-05-10T08:20:00,EST,1.5,39,,Z,077,HAMILTON,0,0,0,0,,,,0,,0,1,begin_coordinates_missing_or_invalid|damage_crops_missing|damage_property_missing|end_coordinates_missing_or_invalid|no_valid_location_points|requires_crosswalk_or_marine_review|timezone_not_normalized_to_utc
5362493,1154183,2003,2003-06-23T20:00:00,2003-06-26T07:00:00,CST,59.0,27,,Z,043,MORRISON,0,0,0,0,6000000,2000000,,0,,0,1,begin_coordinates_missing_or_invalid|end_coordinates_missing_or_invalid|no_valid_location_points|requires_crosswalk_or_marine_review|timezone_not_normalized_to_utc
5362511,1154119,2003,2003-06-08T15:00:00,2003-06-08T15:45:00,EST,0.75,39,,Z,063,FAYETTE,0,0,0,0,,,,0,,0,1,begin_coordinates_missing_or_invalid|damage_crops_missing|damage_property_missing|end_coordinates_missing_or_invalid|no_valid_location_points|requires_crosswalk_or_marine_review|timezone_not_normalized_to_utc
5362512,1154119,2003,2003-06-08T16:01:00,2003-06-08T17:00:00,EST,0.9833333333333333,39,,Z,065,FAIRFIELD,0,0,0,0,,,,0,,0,1,begin_coordinates_missing_or_invalid|damage_crops_missing|damage_property_missing|end_coordinates_missing_or_invalid|no_valid_location_points|requires_crosswalk_or_marine_review|timezone_not_normalized_to_utc
5362513,1154119,2003,2003-06-08T16:30:00,2003-06-08T17:15:00,EST,0.75,39,,Z,074,HOCKING,0,0,0,0,,,,0,,0,1,begin_coordinates_missing_or_invalid|damage_crops_missing|damage_property_missing|end_coordinates_missing_or_invalid|no_valid_location_points|requires_crosswalk_or_marine_review|timezone_not_normalized_to_utc
5362516,1154120,2003,2003-06-13T16:45:00,2003-06-13T17:30:00,EST,0.75,39,,Z,045,UNION,0,0,0,0,,,,0,,0,1,begin_coordinates_missing_or_invalid|damage_crops_missing|damage_property_missing|end_coordinates_missing_or_invalid|no_valid_location_points|requires_crosswalk_or_marine_review|timezone_not_normalized_to_utc
5362517,1154120,2003,2003-06-13T21:00:00,2003-06-13T21:25:00,EST,0.4166666666666667,39,,Z,055,FRANKLIN,0,0,0,0,,,,0,,0,1,begin_coordinates_missing_or_invalid|damage_crops_missing|damage_property_missing|end_coordinates_missing_or_invalid|no_valid_location_points|requires_crosswalk_or_marine_review|timezone_not_normalized_to_utc
5362520,1154120,2003,2003-06-13T16:05:00,2003-06-13T17:00:00,EST,0.9166666666666666,39,,Z,035,AUGLAIZE,0,0,0,0,,,,0,,0,1,begin_coordinates_missing_or_invalid|damage_crops_missing|damage_property_missing|end_coordinates_missing_or_invalid|no_valid_location_points|requires_crosswalk_or_marine_review|timezone_not_normalized_to_utc
5362538,1154103,2003,2003-05-05T20:00:00,2003-05-05T21:00:00,EST,1.0,21,,Z,098,ROBERTSON,0,0,0,0,,,,0,"[[38.8,-84.21667]]",0,1,damage_crops_missing|damage_property_missing|requires_crosswalk_or_marine_review|timezone_not_normalized_to_utc
5362542,1154105,2003,2003-05-06T21:05:00,2003-05-06T21:25:00,EST,0.3333333333333333,39,,Z,056,LICKING,0,0,0,0,,,,0,,0,1,begin_coordinates_missing_or_invalid|damage_crops_missing|damage_property_missing|end_coordinates_missing_or_invalid|no_valid_location_points|requires_crosswalk_or_marine_review|timezone_not_normalized_to_utc
5362598,1154128,2003,2003-06-16T04:25:00,2003-06-16T04:55:00,EST,0.5,39,,Z,061,MONTGOMERY,0,0,0,0,100000,,,0,,0,1,begin_coordinates_missing_or_invalid|damage_crops_missing|end_coordinates_missing_or_invalid|no_valid_location_points|requires_crosswalk_or_marine_review|timezone_not_normalized_to_utc
5362599,1154128,2003,2003-06-16T04:56:00,2003-06-16T06:00:00,EST,1.0666666666666667,39,,Z,060,PREBLE,0,0,0,0,,,,0,,0,1,begin_coordinates_missing_or_invalid|damage_crops_missing|damage_property_missing|end_coordinates_missing_or_invalid|no_valid_location_points|requires_crosswalk_or_marine_review|timezone_not_normalized_to_utc
5362600,1154128,2003,2003-06-16T06:15:00,2003-06-16T06:45:00,EST,0.5,39,,Z,061,MONTGOMERY,0,0,0,0,,,,0,,0,1,begin_coordinates_missing_or_invalid|damage_crops_missing|damage_property_missing|end_coordinates_missing_or_invalid|no_valid_location_points|requires_crosswalk_or_marine_review|timezone_not_normalized_to_utc
5362601,1154128,2003,2003-06-16T10:57:00,2003-06-16T12:15:00,EST,1.3,39,,Z,070,BUTLER,0,0,0,0,,,,0,,0,1,begin_coordinates_missing_or_invalid|damage_crops_missing|damage_property_missing|end_coordinates_missing_or_invalid|no_valid_location_points|requires_crosswalk_or_marine_review|timezone_not_normalized_to_utc
5362602,1154128,2003,2003-06-16T13:00:00,2003-06-16T13:30:00,EST,0.5,39,,Z,063,FAYETTE,0,0,0,0,,,,0,,0,1,begin_coordinates_missing_or_invalid|damage_crops_missing|damage_property_missing|end_coordinates_missing_or_invalid|no_valid_location_points|requires_crosswalk_or_marine_review|timezone_not_normalized_to_utc
5362603,1154128,2003,2003-06-16T07:00:00,2003-06-16T08:00:00,EST,1.0,39,,Z,062,GREENE,0,0,0,0,30000,,,0,,0,1,begin_coordinates_missing_or_invalid|damage_crops_missing|end_coordinates_missing_or_invalid|no_valid_location_points|requires_crosswalk_or_marine_review|timezone_not_normalized_to_utc
5362606,1154129,2003,2003-06-17T09:30:00,2003-06-17T11:00:00,EST,1.5,39,,Z,061,MONTGOMERY,0,0,0,0,,,,0,,0,1,begin_coordinates_missing_or_invalid|damage_crops_missing|damage_property_missing|end_coordinates_missing_or_invalid|no_valid_location_points|requires_crosswalk_or_marine_review|timezone_not_normalized_to_utc
5362607,1154129,2003,2003-06-17T09:28:00,2003-06-17T11:00:00,EST,1.5333333333333334,39,,Z,072,CLINTON,0,0,0,0,,,,0,,0,1,begin_coordinates_missing_or_invalid|damage_crops_missing|damage_property_missing|end_coordinates_missing_or_invalid|no_valid_location_points|requires_crosswalk_or_marine_review|timezone_not_normalized_to_utc
5362608,1154129,2003,2003-06-17T10:15:00,2003-06-17T11:45:00,EST,1.5,39,,Z,071,WARREN,0,0,0,0,30000,,,0,,0,1,begin_coordinates_missing_or_invalid|damage_crops_missing|end_coordinates_missing_or_invalid|no_valid_location_points|requires_crosswalk_or_marine_review|timezone_not_normalized_to_utc
5362611,1154115,2003,2003-05-10T14:00:00,2003-05-10T15:00:00,EST,1.0,18,,Z,050,WAYNE,0,0,0,0,,,,0,,0,1,begin_coordinates_missing_or_invalid|damage_crops_missing|damage_property_missing|end_coordinates_missing_or_invalid|no_valid_location_points|requires_crosswalk_or_marine_review|timezone_not_normalized_to_utc
5362612,1154115,2003,2003-05-10T14:20:00,2003-05-10T15:30:00,EST,1.1666666666666667,18,,Z,074,DEARBORN,0,0,0,0,,,,0,,0,1,begin_coordinates_missing_or_invalid|damage_crops_missing|damage_property_missing|end_coordinates_missing_or_invalid|no_valid_location_points|requires_crosswalk_or_marine_review|timezone_not_normalized_to_utc
5362613,1154115,2003,2003-05-10T14:00:00,2003-05-10T15:30:00,EST,1.5,18,,Z,073,RIPLEY,0,0,0,0,,,,0,,0,1,begin_coordinates_missing_or_invalid|damage_crops_missing|damage_property_missing|end_coordinates_missing_or_invalid|no_valid_location_points|requires_crosswalk_or_marine_review|timezone_not_normalized_to_utc
5362631,1154093,2003,2003-05-08T08:00:00,2003-05-11T00:00:00,EST,64.0,13,,Z,089,MUSCOGEE,0,0,0,0,25000,,,0,,0,1,begin_coordinates_missing_or_invalid|damage_crops_missing|end_coordinates_missing_or_invalid|no_valid_location_points|requires_crosswalk_or_marine_review|timezone_not_normalized_to_utc
5362642,1154093,2003,2003-05-06T08:57:00,2003-05-06T13:15:00,EST,4.3,13,,Z,004,WHITFIELD,0,0,0,0,25000,,,0,"[[34.16667,-84.8]]",0,1,damage_crops_missing|requires_crosswalk_or_marine_review|timezone_not_normalized_to_utc
5362745,1154286,2003,2003-06-01T00:00:00,2003-06-03T06:30:00,MST,54.5,30,,Z,005,MISSOULA / BITTERROOT VALLEYS,0,0,0,0,,,,0,,0,1,begin_coordinates_missing_or_invalid|damage_crops_missing|damage_property_missing|end_coordinates_missing_or_invalid|no_valid_location_points|requires_crosswalk_or_marine_review|timezone_not_normalized_to_utc
5362820,1154371,2003,2003-06-27T01:00:00,2003-06-27T07:00:00,CST,6.0,40,,Z,044,COTTON,0,0,0,0,,10000,,0,,0,1,begin_coordinates_missing_or_invalid|damage_property_missing|end_coordinates_missing_or_invalid|no_valid_location_points|requires_crosswalk_or_marine_review|timezone_not_normalized_to_utc
5362939,1154600,2003,2003-06-17T12:45:00,2003-06-18T10:00:00,EST,21.25,39,,Z,015,PAULDING,0,0,0,0,50000,,,0,,0,1,begin_coordinates_missing_or_invalid|damage_crops_missing|end_coordinates_missing_or_invalid|no_valid_location_points|requires_crosswalk_or_marine_review|timezone_not_normalized_to_utc
5363091,1154108,2003,2003-05-09T10:00:00,2003-05-09T10:10:00,EST,0.16666666666666666,39,,Z,056,LICKING,0,0,0,0,,,,0,,0,1,begin_coordinates_missing_or_invalid|damage_crops_missing|damage_property_missing|end_coordinates_missing_or_invalid|no_valid_location_points|requires_crosswalk_or_marine_review|timezone_not_normalized_to_utc
5363092,1154108,2003,2003-05-09T07:45:00,2003-05-09T10:00:00,EST,2.25,39,,Z,055,FRANKLIN,0,0,0,0,,,,0,,0,1,begin_coordinates_missing_or_invalid|damage_crops_missing|damage_property_missing|end_coordinates_missing_or_invalid|no_valid_location_points|requires_crosswalk_or_marine_review|timezone_not_normalized_to_utc
5363149,1154108,2003,2003-05-09T09:00:00,2003-05-09T10:00:00,EST,1.0,39,,Z,054,MADISON,0,0,0,0,,,,0,,0,1,begin_coordinates_missing_or_invalid|damage_crops_missing|damage_property_missing|end_coordinates_missing_or_invalid|no_valid_location_points|requires_crosswalk_or_marine_review|timezone_not_normalized_to_utc
5363150,1154108,2003,2003-05-09T07:19:00,2003-05-09T09:00:00,EST,1.6833333333333333,39,,Z,026,HARDIN,0,0,0,0,,,,0,,0,1,begin_coordinates_missing_or_invalid|damage_crops_missing|damage_property_missing|end_coordinates_missing_or_invalid|no_valid_location_points|requires_crosswalk_or_marine_review|timezone_not_normalized_to_utc
5363151,1154108,2003,2003-05-09T07:30:00,2003-05-09T09:00:00,EST,1.5,39,,Z,035,AUGLAIZE,0,0,0,0,,,,0,,0,1,begin_coordinates_missing_or_invalid|damage_crops_missing|damage_property_missing|end_coordinates_missing_or_invalid|no_valid_location_points|requires_crosswalk_or_marine_review|timezone_not_normalized_to_utc
5363152,1154108,2003,2003-05-09T09:30:00,2003-05-09T10:30:00,EST,1.0,39,,Z,051,MIAMI,0,0,0,0,,,,0,,0,1,begin_coordinates_missing_or_invalid|damage_crops_missing|damage_property_missing|end_coordinates_missing_or_invalid|no_valid_location_points|requires_crosswalk_or_marine_review|timezone_not_normalized_to_utc
5363153,1154108,2003,2003-05-09T06:09:00,2003-05-09T06:45:00,EST,0.6,39,,Z,034,MERCER,0,0,0,0,,,,0,,0,1,begin_coordinates_missing_or_invalid|damage_crops_missing|damage_property_missing|end_coordinates_missing_or_invalid|no_valid_location_points|requires_crosswalk_or_marine_review|timezone_not_normalized_to_utc
5363163,1154110,2003,2003-05-15T18:08:00,2003-05-15T18:30:00,EST,0.36666666666666664,39,,Z,055,FRANKLIN,0,0,0,0,,,,0,,0,1,begin_coordinates_missing_or_invalid|damage_crops_missing|damage_property_missing|end_coordinates_missing_or_invalid|no_valid_location_points|requires_crosswalk_or_marine_review|timezone_not_normalized_to_utc
5363415,1154110,2003,2003-05-15T19:00:00,2003-05-15T19:10:00,EST,0.16666666666666666,39,,Z,056,LICKING,0,0,0,0,,,,0,,0,1,begin_coordinates_missing_or_invalid|damage_crops_missing|damage_property_missing|end_coordinates_missing_or_invalid|no_valid_location_points|requires_crosswalk_or_marine_review|timezone_not_normalized_to_utc
5363416,1154110,2003,2003-05-15T20:25:00,2003-05-15T21:00:00,EST,0.5833333333333334,39,,Z,046,DELAWARE,0,0,0,0,,,,0,,0,1,begin_coordinates_missing_or_invalid|damage_crops_missing|damage_property_missing|end_coordinates_missing_or_invalid|no_valid_location_points|requires_crosswalk_or_marine_review|timezone_not_normalized_to_utc
5363418,1154111,2003,2003-05-15T14:00:00,2003-05-15T15:00:00,EST,1.0,21,,Z,099,MASON,0,0,0,0,100000,,,0,,0,1,begin_coordinates_missing_or_invalid|damage_crops_missing|end_coordinates_missing_or_invalid|no_valid_location_points|requires_crosswalk_or_marine_review|timezone_not_normalized_to_utc
5363474,1154548,2003,2003-06-07T08:34:00,2003-06-07T10:30:00,EST,1.9333333333333333,21,,Z,058,ESTILL,0,0,0,0,0,0,,0,,0,1,begin_coordinates_missing_or_invalid|end_coordinates_missing_or_invalid|no_valid_location_points|requires_crosswalk_or_marine_review|timezone_not_normalized_to_utc
5363475,1154549,2003,2003-06-07T08:25:00,2003-06-07T10:30:00,EST,2.0833333333333335,21,,Z,068,ROCKCASTLE,0,0,0,0,0,0,,0,,0,1,begin_coordinates_missing_or_invalid|end_coordinates_missing_or_invalid|no_valid_location_points|requires_crosswalk_or_marine_review|timezone_not_normalized_to_utc
5363480,1154111,2003,2003-05-15T14:00:00,2003-05-15T15:00:00,EST,1.0,21,,Z,098,ROBERTSON,0,0,0,0,,,,0,,0,1,begin_coordinates_missing_or_invalid|damage_crops_missing|damage_property_missing|end_coordinates_missing_or_invalid|no_valid_location_points|requires_crosswalk_or_marine_review|timezone_not_normalized_to_utc
5363481,1154111,2003,2003-05-15T14:45:00,2003-05-15T15:30:00,EST,0.75,21,,Z,100,LEWIS,0,0,0,0,,,,0,,0,1,begin_coordinates_missing_or_invalid|damage_crops_missing|damage_property_missing|end_coordinates_missing_or_invalid|no_valid_location_points|requires_crosswalk_or_marine_review|timezone_not_normalized_to_utc
5363884,1154882,2003,2003-06-21T22:34:00,2003-06-23T23:00:00,EST,48.43333333333333,12,,Z,055,MANATEE,0,0,0,0,935000,,,0,,0,1,begin_coordinates_missing_or_invalid|damage_crops_missing|end_coordinates_missing_or_invalid|no_valid_location_points|requires_crosswalk_or_marine_review|timezone_not_normalized_to_utc
5363885,1154883,2003,2003-06-21T16:47:00,2003-06-23T15:00:00,EST,46.21666666666667,12,,Z,055,MANATEE,0,0,0,0,,,,0,,0,1,begin_coordinates_missing_or_invalid|damage_crops_missing|damage_property_missing|end_coordinates_missing_or_invalid|no_valid_location_points|requires_crosswalk_or_marine_review|timezone_not_normalized_to_utc
5363888,1154886,2003,2003-06-21T02:45:00,2003-06-30T23:59:00,EST,237.23333333333332,12,,Z,060,SARASOTA,0,0,0,0,9170000.00,,,0,,0,1,begin_coordinates_missing_or_invalid|damage_crops_missing|end_coordinates_missing_or_invalid|no_valid_location_points|requires_crosswalk_or_marine_review|timezone_not_normalized_to_utc
5363982,1154978,2003,2003-06-04T09:34:00,2003-06-04T14:39:00,EST,5.083333333333333,42,,Z,067,CHESTER,0,0,0,0,,,,0,,0,1,begin_coordinates_missing_or_invalid|damage_crops_missing|damage_property_missing|end_coordinates_missing_or_invalid|no_valid_location_points|requires_crosswalk_or_marine_review|timezone_not_normalized_to_utc
5363983,1154979,2003,2003-06-04T07:54:00,2003-06-04T16:40:00,EST,8.766666666666667,42,,Z,068,MONTGOMERY,0,0,0,0,,,,0,,0,1,begin_coordinates_missing_or_invalid|damage_crops_missing|damage_property_missing|end_coordinates_missing_or_invalid|no_valid_location_points|requires_crosswalk_or_marine_review|timezone_not_normalized_to_utc
5363984,1154980,2003,2003-06-04T09:00:00,2003-06-04T15:30:00,EST,6.5,42,,Z,069,BUCKS,0,0,0,0,,,,0,,0,1,begin_coordinates_missing_or_invalid|damage_crops_missing|damage_property_missing|end_coordinates_missing_or_invalid|no_valid_location_points|requires_crosswalk_or_marine_review|timezone_not_normalized_to_utc
5363990,1154982,2003,2003-06-04T05:02:00,2003-06-04T08:45:00,EST,3.716666666666667,34,,Z,015,MERCER,0,0,0,0,,,,0,,0,1,begin_coordinates_missing_or_invalid|damage_crops_missing|damage_property_missing|end_coordinates_missing_or_invalid|no_valid_location_points|requires_crosswalk_or_marine_review|timezone_not_normalized_to_utc
5363991,1154983,2003,2003-06-04T21:00:00,2003-06-10T06:15:00,EST,129.25,34,,Z,008,MORRIS,0,0,0,0,,,,0,,0,1,begin_coordinates_missing_or_invalid|damage_crops_missing|damage_property_missing|end_coordinates_missing_or_invalid|no_valid_location_points|requires_crosswalk_or_marine_review|timezone_not_normalized_to_utc
5363992,1154984,2003,2003-06-04T05:49:00,2003-06-06T18:33:00,EST,60.733333333333334,34,,Z,010,SOMERSET,0,0,0,0,,,,0,,0,1,begin_coordinates_missing_or_invalid|damage_crops_missing|damage_property_missing|end_coordinates_missing_or_invalid|no_valid_location_points|requires_crosswalk_or_marine_review|timezone_not_normalized_to_utc
5363999,1154990,2003,2003-06-07T14:28:00,2003-06-07T21:45:00,EST,7.283333333333333,10,,Z,001,NEW CASTLE,0,0,0,0,,,,0,,0,1,begin_coordinates_missing_or_invalid|damage_crops_missing|damage_property_missing|end_coordinates_missing_or_invalid|no_valid_location_points|requires_crosswalk_or_marine_review|timezone_not_normalized_to_utc
5364110,1155005,2003,2003-06-13T17:30:00,2003-06-14T01:25:00,EST,7.916666666666667,34,,Z,008,MORRIS,0,0,0,0,,,,0,,0,1,begin_coordinates_missing_or_invalid|damage_crops_missing|damage_property_missing|end_coordinates_missing_or_invalid|no_valid_location_points|requires_crosswalk_or_marine_review|timezone_not_normalized_to_utc
5364128,1155017,2003,2003-06-20T19:00:00,2003-06-21T03:00:00,EST,8.0,24,,Z,008,CECIL,0,0,0,0,,,,0,,0,1,begin_coordinates_missing_or_invalid|damage_crops_missing|damage_property_missing|end_coordinates_missing_or_invalid|no_valid_location_points|requires_crosswalk_or_marine_review|timezone_not_normalized_to_utc
5364130,1155019,2003,2003-06-20T13:35:00,2003-06-21T13:02:00,EST,23.45,10,,Z,001,NEW CASTLE,0,0,0,0,,,,0,,0,1,begin_coordinates_missing_or_invalid|damage_crops_missing|damage_property_missing|end_coordinates_missing_or_invalid|no_valid_location_points|requires_crosswalk_or_marine_review|timezone_not_normalized_to_utc
5364294,1155319,2003,2003-06-12T21:00:00,2003-06-13T02:00:00,EST,5.0,42,,Z,002,SOUTHERN ERIE,0,0,0,0,500000,,,0,,0,1,begin_coordinates_missing_or_invalid|damage_crops_missing|end_coordinates_missing_or_invalid|no_valid_location_points|requires_crosswalk_or_marine_review|timezone_not_normalized_to_utc
5364297,1155320,2003,2003-06-12T21:00:00,2003-06-13T02:00:00,EST,5.0,39,,Z,023,TRUMBULL,0,0,0,0,300000,,,0,,0,1,begin_coordinates_missing_or_invalid|damage_crops_missing|end_coordinates_missing_or_invalid|no_valid_location_points|requires_crosswalk_or_marine_review|timezone_not_normalized_to_utc
5364306,1154826,2003,2003-06-01T00:00:00,2003-06-03T18:00:00,MST,66.0,30,,Z,008,BEAVERHEAD,0,0,0,0,,,,0,,0,1,begin_coordinates_missing_or_invalid|damage_crops_missing|damage_property_missing|end_coordinates_missing_or_invalid|no_valid_location_points|requires_crosswalk_or_marine_review|timezone_not_normalized_to_utc
5364307,1154827,2003,2003-06-01T00:00:00,2003-06-02T18:00:00,MST,42.0,30,,Z,055,GALLATIN,0,0,0,0,,,,0,,0,1,begin_coordinates_missing_or_invalid|damage_crops_missing|damage_property_missing|end_coordinates_missing_or_invalid|no_valid_location_points|requires_crosswalk_or_marine_review|timezone_not_normalized_to_utc
5364308,1154828,2003,2003-06-01T00:00:00,2003-06-05T18:00:00,MST,114.0,30,,Z,015,MADISON,0,0,0,0,,,,0,,0,1,begin_coordinates_missing_or_invalid|damage_crops_missing|damage_property_missing|end_coordinates_missing_or_invalid|no_valid_location_points|requires_crosswalk_or_marine_review|timezone_not_normalized_to_utc
5364382,1155263,2003,2003-06-12T19:00:00,2003-06-13T06:00:00,CST,11.0,29,,Z,040,HOWARD,0,0,0,0,,,,0,,0,1,begin_coordinates_missing_or_invalid|damage_crops_missing|damage_property_missing|end_coordinates_missing_or_invalid|no_valid_location_points|requires_crosswalk_or_marine_review|timezone_not_normalized_to_utc
5364389,1155320,2003,2003-06-12T21:00:00,2003-06-13T02:00:00,EST,5.0,39,,Z,014,ASHTABULA,0,0,0,0,600000,,,0,,0,1,begin_coordinates_missing_or_invalid|damage_crops_missing|end_coordinates_missing_or_invalid|no_valid_location_points|requires_crosswalk_or_marine_review|timezone_not_normalized_to_utc
5364390,1155321,2003,2003-06-13T21:45:00,2003-06-14T00:00:00,EST,2.25,39,,Z,033,MAHONING,0,0,0,0,100000,,,0,,0,1,begin_coordinates_missing_or_invalid|damage_crops_missing|end_coordinates_missing_or_invalid|no_valid_location_points|requires_crosswalk_or_marine_review|timezone_not_normalized_to_utc
5364391,1155321,2003,2003-06-13T21:45:00,2003-06-14T00:00:00,EST,2.25,39,,Z,023,TRUMBULL,0,0,0,0,50000,,,0,,0,1,begin_coordinates_missing_or_invalid|damage_crops_missing|end_coordinates_missing_or_invalid|no_valid_location_points|requires_crosswalk_or_marine_review|timezone_not_normalized_to_utc
5364420,1154764,2003,2003-06-23T03:30:00,2003-06-23T10:55:00,CST,7.416666666666667,20,,Z,009,WASHINGTON,0,0,0,0,0,20000,,0,,0,1,begin_coordinates_missing_or_invalid|end_coordinates_missing_or_invalid|no_valid_location_points|requires_crosswalk_or_marine_review|timezone_not_normalized_to_utc
5364421,1154764,2003,2003-06-24T08:00:00,2003-06-24T08:00:00,CST,0.0,20,,Z,020,CLOUD,0,0,0,0,,,,0,,0,1,begin_coordinates_missing_or_invalid|damage_crops_missing|damage_property_missing|end_coordinates_missing_or_invalid|no_valid_location_points|requires_crosswalk_or_marine_review|timezone_not_normalized_to_utc
5364715,1155263,2003,2003-06-13T20:00:00,2003-06-13T23:00:00,CST,3.0,29,,Z,054,HENRY,0,0,0,0,,,,0,,0,1,begin_coordinates_missing_or_invalid|damage_crops_missing|damage_property_missing|end_coordinates_missing_or_invalid|no_valid_location_points|requires_crosswalk_or_marine_review|timezone_not_normalized_to_utc
5364805,1155273,2003,2003-06-13T16:00:00,2003-06-13T19:00:00,SST,3.0,97,,Z,002,TUTUILA,0,0,0,0,50000,,,0,,0,1,begin_coordinates_missing_or_invalid|damage_crops_missing|end_coordinates_missing_or_invalid|no_valid_location_points|requires_crosswalk_or_marine_review|timezone_not_normalized_to_utc
5364807,1154890,2003,2003-06-22T13:30:00,2003-06-30T23:59:00,EST,202.48333333333332,12,,Z,049,PASCO,0,0,0,0,,,,0,,0,1,begin_coordinates_missing_or_invalid|damage_crops_missing|damage_property_missing|end_coordinates_missing_or_invalid|no_valid_location_points|requires_crosswalk_or_marine_review|timezone_not_normalized_to_utc
5364809,1154891,2003,2003-06-22T17:00:00,2003-06-25T17:00:00,EST,72.0,12,,Z,056,HARDEE,0,0,0,0,1500000.0,,,0,,0,1,begin_coordinates_missing_or_invalid|damage_crops_missing|end_coordinates_missing_or_invalid|no_valid_location_points|requires_crosswalk_or_marine_review|timezone_not_normalized_to_utc
5364810,1154892,2003,2003-06-22T13:13:00,2003-06-28T20:48:00,EST,151.58333333333334,12,,Z,056,HARDEE,0,0,0,0,,,,0,,0,1,begin_coordinates_missing_or_invalid|damage_crops_missing|damage_property_missing|end_coordinates_missing_or_invalid|no_valid_location_points|requires_crosswalk_or_marine_review|timezone_not_normalized_to_utc
5364812,1154894,2003,2003-06-22T04:22:00,2003-06-30T23:59:00,EST,211.61666666666667,12,,Z,061,DE SOTO,0,0,0,0,100000,,,0,,0,1,begin_coordinates_missing_or_invalid|damage_crops_missing|end_coordinates_missing_or_invalid|no_valid_location_points|requires_crosswalk_or_marine_review|timezone_not_normalized_to_utc
5364813,1154895,2003,2003-06-22T04:22:00,2003-06-26T23:59:00,EST,115.61666666666666,12,,Z,061,DE SOTO,0,0,0,0,203000,,,0,,0,1,begin_coordinates_missing_or_invalid|damage_crops_missing|end_coordinates_missing_or_invalid|no_valid_location_points|requires_crosswalk_or_marine_review|timezone_not_normalized_to_utc
5364815,1154897,2003,2003-06-16T20:00:00,2003-06-16T21:00:00,EST,1.0,13,,Z,130,BEN HILL,0,0,0,0,15000,,,0,,0,1,begin_coordinates_missing_or_invalid|damage_crops_missing|end_coordinates_missing_or_invalid|no_valid_location_points|requires_crosswalk_or_marine_review|timezone_not_normalized_to_utc
5364817,1154898,2003,2003-06-18T13:00:00,2003-06-21T13:00:00,EST,72.0,12,,Z,017,LEON,0,0,0,0,20000,,,0,,0,1,begin_coordinates_missing_or_invalid|damage_crops_missing|end_coordinates_missing_or_invalid|no_valid_location_points|requires_crosswalk_or_marine_review|timezone_not_normalized_to_utc
5365089,1154873,2003,2003-06-29T00:01:00,2003-06-29T15:00:00,EST,14.983333333333333,12,,Z,042,CITRUS,0,0,0,0,,,,0,,0,1,begin_coordinates_missing_or_invalid|damage_crops_missing|damage_property_missing|end_coordinates_missing_or_invalid|no_valid_location_points|requires_crosswalk_or_marine_review|timezone_not_normalized_to_utc
5365093,1154877,2003,2003-06-21T02:38:00,2003-06-27T12:39:00,EST,154.01666666666668,12,,Z,051,HILLSBOROUGH,0,0,0,0,20000,,,0,,0,1,begin_coordinates_missing_or_invalid|damage_crops_missing|end_coordinates_missing_or_invalid|no_valid_location_points|requires_crosswalk_or_marine_review|timezone_not_normalized_to_utc
5365094,1154878,2003,2003-06-20T02:37:00,2003-06-26T22:07:00,EST,163.5,12,,Z,051,HILLSBOROUGH,0,0,0,0,,,,0,,0,1,begin_coordinates_missing_or_invalid|damage_crops_missing|damage_property_missing|end_coordinates_missing_or_invalid|no_valid_location_points|requires_crosswalk_or_marine_review|timezone_not_normalized_to_utc
5365096,1154880,2003,2003-06-24T00:45:00,2003-06-28T00:15:00,EST,95.5,12,,Z,052,POLK,0,0,0,0,,,,0,,0,1,begin_coordinates_missing_or_invalid|damage_crops_missing|damage_property_missing|end_coordinates_missing_or_invalid|no_valid_location_points|requires_crosswalk_or_marine_review|timezone_not_normalized_to_utc
5365267,1155282,2003,2003-06-27T06:00:00,2003-06-30T12:00:00,CST,78.0,19,,Z,047,BOONE,0,0,0,0,5000,10000,,0,,0,1,begin_coordinates_missing_or_invalid|end_coordinates_missing_or_invalid|no_valid_location_points|requires_crosswalk_or_marine_review|timezone_not_normalized_to_utc
5365268,1155282,2003,2003-06-27T06:00:00,2003-06-30T12:00:00,CST,78.0,19,,Z,034,CALHOUN,0,0,0,0,5000,10000,,0,,0,1,begin_coordinates_missing_or_invalid|end_coordinates_missing_or_invalid|no_valid_location_points|requires_crosswalk_or_marine_review|timezone_not_normalized_to_utc
5365269,1155282,2003,2003-06-27T06:00:00,2003-06-30T12:00:00,CST,78.0,19,,Z,045,CARROLL,0,0,0,0,5000,10000,,0,,0,1,begin_coordinates_missing_or_invalid|end_coordinates_missing_or_invalid|no_valid_location_points|requires_crosswalk_or_marine_review|timezone_not_normalized_to_utc
5365270,1155282,2003,2003-06-27T06:00:00,2003-06-30T12:00:00,CST,78.0,19,,Z,004,EMMET,0,0,0,0,5000,10000,,0,,0,1,begin_coordinates_missing_or_invalid|end_coordinates_missing_or_invalid|no_valid_location_points|requires_crosswalk_or_marine_review|timezone_not_normalized_to_utc
5365271,1155282,2003,2003-06-27T06:00:00,2003-06-30T12:00:00,CST,78.0,19,,Z,046,GREENE,0,0,0,0,5000,10000,,0,,0,1,begin_coordinates_missing_or_invalid|end_coordinates_missing_or_invalid|no_valid_location_points|requires_crosswalk_or_marine_review|timezone_not_normalized_to_utc
5365272,1155282,2003,2003-06-27T06:00:00,2003-06-30T12:00:00,CST,78.0,19,,Z,036,HAMILTON,0,0,0,0,5000,10000,,0,,0,1,begin_coordinates_missing_or_invalid|end_coordinates_missing_or_invalid|no_valid_location_points|requires_crosswalk_or_marine_review|timezone_not_normalized_to_utc
5365273,1155282,2003,2003-06-27T06:00:00,2003-06-30T12:00:00,CST,78.0,19,,Z,016,HANCOCK,0,0,0,0,5000,10000,,0,,0,1,begin_coordinates_missing_or_invalid|end_coordinates_missing_or_invalid|no_valid_location_points|requires_crosswalk_or_marine_review|timezone_not_normalized_to_utc
5365274,1155282,2003,2003-06-27T06:00:00,2003-06-30T12:00:00,CST,78.0,19,,Z,024,HUMBOLDT,0,0,0,0,5000,10000,,0,,0,1,begin_coordinates_missing_or_invalid|end_coordinates_missing_or_invalid|no_valid_location_points|requires_crosswalk_or_marine_review|timezone_not_normalized_to_utc
5365275,1155282,2003,2003-06-27T06:00:00,2003-06-30T12:00:00,CST,78.0,19,,Z,005,KOSSUTH,0,0,0,0,5000,10000,,0,,0,1,begin_coordinates_missing_or_invalid|end_coordinates_missing_or_invalid|no_valid_location_points|requires_crosswalk_or_marine_review|timezone_not_normalized_to_utc
5365276,1155282,2003,2003-06-27T06:00:00,2003-06-30T12:00:00,CST,78.0,19,,Z,015,PALO ALTO,0,0,0,0,5000,10000,,0,,0,1,begin_coordinates_missing_or_invalid|end_coordinates_missing_or_invalid|no_valid_location_points|requires_crosswalk_or_marine_review|timezone_not_normalized_to_utc
5365277,1155282,2003,2003-06-27T06:00:00,2003-06-30T12:00:00,CST,78.0,19,,Z,023,POCAHONTAS,0,0,0,0,5000,10000,,0,,0,1,begin_coordinates_missing_or_invalid|end_coordinates_missing_or_invalid|no_valid_location_points|requires_crosswalk_or_marine_review|timezone_not_normalized_to_utc
5365278,1155282,2003,2003-06-27T06:00:00,2003-06-30T12:00:00,CST,78.0,19,,Z,033,SAC,0,0,0,0,5000,10000,,0,,0,1,begin_coordinates_missing_or_invalid|end_coordinates_missing_or_invalid|no_valid_location_points|requires_crosswalk_or_marine_review|timezone_not_normalized_to_utc
5365279,1155282,2003,2003-06-27T06:00:00,2003-06-30T12:00:00,CST,78.0,19,,Z,035,WEBSTER,0,0,0,0,5000,10000,,0,,0,1,begin_coordinates_missing_or_invalid|end_coordinates_missing_or_invalid|no_valid_location_points|requires_crosswalk_or_marine_review|timezone_not_normalized_to_utc
5365280,1155282,2003,2003-06-27T06:00:00,2003-06-30T12:00:00,CST,78.0,19,,Z,006,WINNEBAGO,0,0,0,0,5000,10000,,0,,0,1,begin_coordinates_missing_or_invalid|end_coordinates_missing_or_invalid|no_valid_location_points|requires_crosswalk_or_marine_review|timezone_not_normalized_to_utc
5365281,1155282,2003,2003-06-27T06:00:00,2003-06-30T12:00:00,CST,78.0,19,,Z,025,WRIGHT,0,0,0,0,5000,10000,,0,,0,1,begin_coordinates_missing_or_invalid|end_coordinates_missing_or_invalid|no_valid_location_points|requires_crosswalk_or_marine_review|timezone_not_normalized_to_utc
5365349,1154969,2003,2003-06-01T07:00:00,2003-06-02T10:37:00,EST,27.616666666666667,34,,Z,008,MORRIS,0,0,0,0,,,,0,,0,1,begin_coordinates_missing_or_invalid|damage_crops_missing|damage_property_missing|end_coordinates_missing_or_invalid|no_valid_location_points|requires_crosswalk_or_marine_review|timezone_not_normalized_to_utc
5365402,1154881,2003,2003-06-21T00:01:00,2003-06-25T05:25:00,EST,101.4,12,,Z,055,MANATEE,0,0,0,0,,,,0,,0,1,begin_coordinates_missing_or_invalid|damage_crops_missing|damage_property_missing|end_coordinates_missing_or_invalid|no_valid_location_points|requires_crosswalk_or_marine_review|timezone_not_normalized_to_utc
5365995,1155327,2003,2003-06-12T21:00:00,2003-06-13T02:00:00,EST,5.0,42,,Z,003,CRAWFORD,0,0,0,0,500000,,,0,,0,1,begin_coordinates_missing_or_invalid|damage_crops_missing|end_coordinates_missing_or_invalid|no_valid_location_points|requires_crosswalk_or_marine_review|timezone_not_normalized_to_utc
5366199,1155712,2003,2003-06-27T08:50:00,2003-06-30T23:59:00,CST,87.15,38,,Z,053,RICHLAND,0,0,0,0,,,,0,,0,1,begin_coordinates_missing_or_invalid|damage_crops_missing|damage_property_missing|end_coordinates_missing_or_invalid|no_valid_location_points|requires_crosswalk_or_marine_review|timezone_not_normalized_to_utc
5366200,1155713,2003,2003-06-27T08:50:00,2003-06-30T23:59:00,CST,87.15,27,,Z,029,WILKIN,0,0,0,0,,,,0,,0,1,begin_coordinates_missing_or_invalid|damage_crops_missing|damage_property_missing|end_coordinates_missing_or_invalid|no_valid_location_points|requires_crosswalk_or_marine_review|timezone_not_normalized_to_utc
5366240,1155404,2003,2003-06-23T06:00:00,2003-06-24T06:00:00,CST,24.0,31,,Z,087,THAYER,0,0,0,0,1000000,5000000,,0,"[[41.08333,-97.71667]]",0,1,requires_crosswalk_or_marine_review|timezone_not_normalized_to_utc
5366759,1155374,2003,2003-06-01T12:00:00,2003-06-02T09:45:00,MST,21.75,08,,Z,010,GORE AND ELK MOUNTAINS/CENTRAL MOUNTAIN VALLEYS,0,0,0,0,3240000.00,,,0,,0,1,begin_coordinates_missing_or_invalid|damage_crops_missing|end_coordinates_missing_or_invalid|no_valid_location_points|requires_crosswalk_or_marine_review|timezone_not_normalized_to_utc
5366761,1155376,2003,2003-06-01T18:30:00,2003-06-02T13:00:00,MST,18.5,08,,Z,005,UPPER YAMPA RIVER BASIN,0,0,0,0,20000,,,0,,0,1,begin_coordinates_missing_or_invalid|damage_crops_missing|end_coordinates_missing_or_invalid|no_valid_location_points|requires_crosswalk_or_marine_review|timezone_not_normalized_to_utc
5366801,1155877,2003,2003-07-01T00:00:00,2003-07-10T00:30:00,EST,216.5,12,,Z,060,SARASOTA,0,0,0,0,,,,0,,0,1,begin_coordinates_missing_or_invalid|damage_crops_missing|damage_property_missing|end_coordinates_missing_or_invalid|no_valid_location_points|requires_crosswalk_or_marine_review|timezone_not_normalized_to_utc
5366802,1155878,2003,2003-07-01T00:00:00,2003-07-01T15:00:00,EST,15.0,12,,Z,061,DE SOTO,0,0,0,0,,,,0,,0,1,begin_coordinates_missing_or_invalid|damage_crops_missing|damage_property_missing|end_coordinates_missing_or_invalid|no_valid_location_points|requires_crosswalk_or_marine_review|timezone_not_normalized_to_utc
5366803,1155879,2003,2003-07-01T00:00:00,2003-07-04T23:30:00,EST,95.5,12,,Z,061,DE SOTO,0,0,0,0,,,,0,,0,1,begin_coordinates_missing_or_invalid|damage_crops_missing|damage_property_missing|end_coordinates_missing_or_invalid|no_valid_location_points|requires_crosswalk_or_marine_review|timezone_not_normalized_to_utc
5366804,1155880,2003,2003-07-01T00:00:00,2003-07-08T16:15:00,EST,184.25,12,,Z,049,PASCO,0,0,0,0,,,,0,,0,1,begin_coordinates_missing_or_invalid|damage_crops_missing|damage_property_missing|end_coordinates_missing_or_invalid|no_valid_location_points|requires_crosswalk_or_marine_review|timezone_not_normalized_to_utc
5367196,1156359,2003,2003-07-05T12:00:00,2003-07-15T06:00:00,CST,234.0,19,,Z,057,AUDUBON,0,0,0,0,10000,25000,,0,,0,1,begin_coordinates_missing_or_invalid|end_coordinates_missing_or_invalid|no_valid_location_points|requires_crosswalk_or_marine_review|timezone_not_normalized_to_utc
5367197,1156359,2003,2003-07-05T12:00:00,2003-07-15T06:00:00,CST,234.0,19,,Z,027,BUTLER,0,0,0,0,10000,25000,,0,,0,1,begin_coordinates_missing_or_invalid|end_coordinates_missing_or_invalid|no_valid_location_points|requires_crosswalk_or_marine_review|timezone_not_normalized_to_utc
5367198,1156359,2003,2003-07-05T12:00:00,2003-07-15T06:00:00,CST,234.0,19,,Z,034,CALHOUN,0,0,0,0,10000,25000,,0,,0,1,begin_coordinates_missing_or_invalid|end_coordinates_missing_or_invalid|no_valid_location_points|requires_crosswalk_or_marine_review|timezone_not_normalized_to_utc
5367199,1156359,2003,2003-07-05T12:00:00,2003-07-15T06:00:00,CST,234.0,19,,Z,045,CARROLL,0,0,0,0,10000,25000,,0,,0,1,begin_coordinates_missing_or_invalid|end_coordinates_missing_or_invalid|no_valid_location_points|requires_crosswalk_or_marine_review|timezone_not_normalized_to_utc
5367200,1156359,2003,2003-07-05T12:00:00,2003-07-15T06:00:00,CST,234.0,19,,Z,059,DALLAS,0,0,0,0,50000,25000,,0,,0,1,begin_coordinates_missing_or_invalid|end_coordinates_missing_or_invalid|no_valid_location_points|requires_crosswalk_or_marine_review|timezone_not_normalized_to_utc
5367201,1156359,2003,2003-07-05T12:00:00,2003-07-15T06:00:00,CST,234.0,19,,Z,026,FRANKLIN,0,0,0,0,10000,25000,,0,,0,1,begin_coordinates_missing_or_invalid|end_coordinates_missing_or_invalid|no_valid_location_points|requires_crosswalk_or_marine_review|timezone_not_normalized_to_utc
5367202,1156359,2003,2003-07-05T12:00:00,2003-07-15T06:00:00,CST,234.0,19,,Z,046,GREENE,0,0,0,0,10000,25000,,0,,0,1,begin_coordinates_missing_or_invalid|end_coordinates_missing_or_invalid|no_valid_location_points|requires_crosswalk_or_marine_review|timezone_not_normalized_to_utc
5367203,1156359,2003,2003-07-05T12:00:00,2003-07-15T06:00:00,CST,234.0,19,,Z,038,GRUNDY,0,0,0,0,10000,25000,,0,,0,1,begin_coordinates_missing_or_invalid|end_coordinates_missing_or_invalid|no_valid_location_points|requires_crosswalk_or_marine_review|timezone_not_normalized_to_utc
5367204,1156359,2003,2003-07-05T12:00:00,2003-07-15T06:00:00,CST,234.0,19,,Z,058,GUTHRIE,0,0,0,0,10000,25000,,0,,0,1,begin_coordinates_missing_or_invalid|end_coordinates_missing_or_invalid|no_valid_location_points|requires_crosswalk_or_marine_review|timezone_not_normalized_to_utc
5367205,1156359,2003,2003-07-05T12:00:00,2003-07-15T06:00:00,CST,234.0,19,,Z,036,HAMILTON,0,0,0,0,10000,25000,,0,,0,1,begin_coordinates_missing_or_invalid|end_coordinates_missing_or_invalid|no_valid_location_points|requires_crosswalk_or_marine_review|timezone_not_normalized_to_utc
5367206,1156359,2003,2003-07-05T12:00:00,2003-07-15T06:00:00,CST,234.0,19,,Z,016,HANCOCK,0,0,0,0,10000,25000,,0,,0,1,begin_coordinates_missing_or_invalid|end_coordinates_missing_or_invalid|no_valid_location_points|requires_crosswalk_or_marine_review|timezone_not_normalized_to_utc
5367207,1156359,2003,2003-07-05T12:00:00,2003-07-15T06:00:00,CST,234.0,19,,Z,037,HARDIN,0,0,0,0,10000,25000,,0,,0,1,begin_coordinates_missing_or_invalid|end_coordinates_missing_or_invalid|no_valid_location_points|requires_crosswalk_or_marine_review|timezone_not_normalized_to_utc
5367208,1156359,2003,2003-07-05T12:00:00,2003-07-15T06:00:00,CST,234.0,19,,Z,024,HUMBOLDT,0,0,0,0,10000,25000,,0,,0,1,begin_coordinates_missing_or_invalid|end_coordinates_missing_or_invalid|no_valid_location_points|requires_crosswalk_or_marine_review|timezone_not_normalized_to_utc
5367209,1156359,2003,2003-07-05T12:00:00,2003-07-15T06:00:00,CST,234.0,19,,Z,005,KOSSUTH,0,0,0,0,10000,25000,,0,,0,1,begin_coordinates_missing_or_invalid|end_coordinates_missing_or_invalid|no_valid_location_points|requires_crosswalk_or_marine_review|timezone_not_normalized_to_utc
5367210,1156359,2003,2003-07-05T12:00:00,2003-07-15T06:00:00,CST,234.0,19,,Z,072,MADISON,0,0,0,0,10000,25000,,0,,0,1,begin_coordinates_missing_or_invalid|end_coordinates_missing_or_invalid|no_valid_location_points|requires_crosswalk_or_marine_review|timezone_not_normalized_to_utc
5367211,1156359,2003,2003-07-05T12:00:00,2003-07-15T06:00:00,CST,234.0,19,,Z,049,MARSHALL,0,0,0,0,10000,25000,,0,,0,1,begin_coordinates_missing_or_invalid|end_coordinates_missing_or_invalid|no_valid_location_points|requires_crosswalk_or_marine_review|timezone_not_normalized_to_utc
5367212,1156359,2003,2003-07-05T12:00:00,2003-07-15T06:00:00,CST,234.0,19,,Z,023,POCAHONTAS,0,0,0,0,10000,25000,,0,,0,1,begin_coordinates_missing_or_invalid|end_coordinates_missing_or_invalid|no_valid_location_points|requires_crosswalk_or_marine_review|timezone_not_normalized_to_utc
5367213,1156359,2003,2003-07-05T12:00:00,2003-07-15T06:00:00,CST,234.0,19,,Z,060,POLK,0,0,0,0,10000,25000,,0,,0,1,begin_coordinates_missing_or_invalid|end_coordinates_missing_or_invalid|no_valid_location_points|requires_crosswalk_or_marine_review|timezone_not_normalized_to_utc
5367214,1156359,2003,2003-07-05T12:00:00,2003-07-15T06:00:00,CST,234.0,19,,Z,033,SAC,0,0,0,0,100000,25000,,0,,0,1,begin_coordinates_missing_or_invalid|end_coordinates_missing_or_invalid|no_valid_location_points|requires_crosswalk_or_marine_review|timezone_not_normalized_to_utc
5367215,1156359,2003,2003-07-05T12:00:00,2003-07-15T06:00:00,CST,234.0,19,,Z,073,WARREN,0,0,0,0,10000,25000,,0,,0,1,begin_coordinates_missing_or_invalid|end_coordinates_missing_or_invalid|no_valid_location_points|requires_crosswalk_or_marine_review|timezone_not_normalized_to_utc
5367216,1156359,2003,2003-07-05T12:00:00,2003-07-15T06:00:00,CST,234.0,19,,Z,035,WEBSTER,0,0,0,0,10000,25000,,0,,0,1,begin_coordinates_missing_or_invalid|end_coordinates_missing_or_invalid|no_valid_location_points|requires_crosswalk_or_marine_review|timezone_not_normalized_to_utc
5367283,1156359,2003,2003-07-05T12:00:00,2003-07-15T06:00:00,CST,234.0,19,,Z,025,WRIGHT,0,0,0,0,10000,25000,,0,,0,1,begin_coordinates_missing_or_invalid|end_coordinates_missing_or_invalid|no_valid_location_points|requires_crosswalk_or_marine_review|timezone_not_normalized_to_utc
5367511,1156456,2003,2003-07-22T15:02:00,2003-07-22T21:00:00,EST,5.966666666666667,42,,Z,005,MCKEAN,0,0,0,0,,,,0,,0,1,begin_coordinates_missing_or_invalid|damage_crops_missing|damage_property_missing|end_coordinates_missing_or_invalid|no_valid_location_points|requires_crosswalk_or_marine_review|timezone_not_normalized_to_utc
5367779,1156231,2003,2003-06-23T05:00:00,2003-06-24T16:00:00,CST,35.0,31,,Z,088,JEFFERSON,0,0,0,0,137900.0,,,0,,0,1,begin_coordinates_missing_or_invalid|damage_crops_missing|end_coordinates_missing_or_invalid|no_valid_location_points|requires_crosswalk_or_marine_review|timezone_not_normalized_to_utc
5368161,1155961,2003,2003-07-15T08:00:00,2003-07-25T12:00:00,CST,244.0,18,,Z,081,GIBSON,0,0,0,0,,,,0,,0,1,begin_coordinates_missing_or_invalid|damage_crops_missing|damage_property_missing|end_coordinates_missing_or_invalid|no_valid_location_points|requires_crosswalk_or_marine_review|timezone_not_normalized_to_utc
5368162,1155961,2003,2003-07-15T08:00:00,2003-07-25T12:00:00,CST,244.0,18,,Z,085,POSEY,0,0,0,0,,,,0,,0,1,begin_coordinates_missing_or_invalid|damage_crops_missing|damage_property_missing|end_coordinates_missing_or_invalid|no_valid_location_points|requires_crosswalk_or_marine_review|timezone_not_normalized_to_utc
5368163,1155962,2003,2003-07-15T08:00:00,2003-07-25T14:00:00,CST,246.0,17,,Z,078,WABASH,0,0,0,0,,,,0,,0,1,begin_coordinates_missing_or_invalid|damage_crops_missing|damage_property_missing|end_coordinates_missing_or_invalid|no_valid_location_points|requires_crosswalk_or_marine_review|timezone_not_normalized_to_utc
5368164,1155962,2003,2003-07-15T08:00:00,2003-07-25T14:00:00,CST,246.0,17,,Z,083,WHITE,0,0,0,0,,,,0,,0,1,begin_coordinates_missing_or_invalid|damage_crops_missing|damage_property_missing|end_coordinates_missing_or_invalid|no_valid_location_points|requires_crosswalk_or_marine_review|timezone_not_normalized_to_utc
5368165,1155963,2003,2003-07-13T11:00:00,2003-07-23T17:00:00,CST,246.0,18,,Z,081,GIBSON,0,0,0,0,,,,0,,0,1,begin_coordinates_missing_or_invalid|damage_crops_missing|damage_property_missing|end_coordinates_missing_or_invalid|no_valid_location_points|requires_crosswalk_or_marine_review|timezone_not_normalized_to_utc
5368166,1155963,2003,2003-07-13T11:00:00,2003-07-23T17:00:00,CST,246.0,18,,Z,082,PIKE,0,0,0,0,,,,0,,0,1,begin_coordinates_missing_or_invalid|damage_crops_missing|damage_property_missing|end_coordinates_missing_or_invalid|no_valid_location_points|requires_crosswalk_or_marine_review|timezone_not_normalized_to_utc
5368339,1160145,2003,2003-08-05T22:45:00,2003-08-31T23:59:00,EST,625.2333333333333,12,,Z,060,SARASOTA,0,0,0,0,,,,0,,0,1,begin_coordinates_missing_or_invalid|damage_crops_missing|damage_property_missing|end_coordinates_missing_or_invalid|no_valid_location_points|requires_crosswalk_or_marine_review|timezone_not_normalized_to_utc
5368340,1160146,2003,2003-08-11T20:00:00,2003-08-31T23:59:00,EST,483.98333333333335,12,,Z,048,HERNANDO,0,0,0,0,,,,0,,0,1,begin_coordinates_missing_or_invalid|damage_crops_missing|damage_property_missing|end_coordinates_missing_or_invalid|no_valid_location_points|requires_crosswalk_or_marine_review|timezone_not_normalized_to_utc
5368341,1160147,2003,2003-08-21T13:45:00,2003-08-31T15:42:00,EST,241.95,12,,Z,051,HILLSBOROUGH,0,0,0,0,,,,0,,0,1,begin_coordinates_missing_or_invalid|damage_crops_missing|damage_property_missing|end_coordinates_missing_or_invalid|no_valid_location_points|requires_crosswalk_or_marine_review|timezone_not_normalized_to_utc
5368465,1160365,2003,2003-09-10T20:53:00,2003-09-10T21:00:00,CST,0.11666666666666667,20,,Z,008,REPUBLIC,0,0,0,0,,,,0,,0,1,begin_coordinates_missing_or_invalid|damage_crops_missing|damage_property_missing|end_coordinates_missing_or_invalid|no_valid_location_points|requires_crosswalk_or_marine_review|timezone_not_normalized_to_utc
5368468,1160366,2003,2003-09-11T00:01:00,2003-09-13T20:00:00,CST,67.98333333333333,20,,Z,020,CLOUD,0,0,0,0,,,,0,,0,1,begin_coordinates_missing_or_invalid|damage_crops_missing|damage_property_missing|end_coordinates_missing_or_invalid|no_valid_location_points|requires_crosswalk_or_marine_review|timezone_not_normalized_to_utc
5368469,1160366,2003,2003-09-11T00:01:00,2003-09-13T20:00:00,CST,67.98333333333333,20,,Z,034,OTTAWA,0,0,0,0,,,,0,,0,1,begin_coordinates_missing_or_invalid|damage_crops_missing|damage_property_missing|end_coordinates_missing_or_invalid|no_valid_location_points|requires_crosswalk_or_marine_review|timezone_not_normalized_to_utc
5368474,1160371,2003,2003-09-01T00:00:00,2003-09-21T10:15:00,EST,490.25,12,,Z,049,PASCO,0,0,0,0,,,,0,,0,1,begin_coordinates_missing_or_invalid|damage_crops_missing|damage_property_missing|end_coordinates_missing_or_invalid|no_valid_location_points|requires_crosswalk_or_marine_review|timezone_not_normalized_to_utc
5368475,1160372,2003,2003-09-01T00:00:00,2003-09-16T23:55:00,EST,383.9166666666667,12,,Z,060,SARASOTA,0,0,0,0,,,,0,,0,1,begin_coordinates_missing_or_invalid|damage_crops_missing|damage_property_missing|end_coordinates_missing_or_invalid|no_valid_location_points|requires_crosswalk_or_marine_review|timezone_not_normalized_to_utc
5368476,1160373,2003,2003-09-01T00:00:00,2003-09-13T12:00:00,EST,300.0,12,,Z,048,HERNANDO,0,0,0,0,,,,0,,0,1,begin_coordinates_missing_or_invalid|damage_crops_missing|damage_property_missing|end_coordinates_missing_or_invalid|no_valid_location_points|requires_crosswalk_or_marine_review|timezone_not_normalized_to_utc
5368547,1160380,2003,2003-09-02T02:00:00,2003-09-02T13:00:00,EST,11.0,39,,Z,086,GALLIA,0,0,0,0,20000,,,0,,0,1,begin_coordinates_missing_or_invalid|damage_crops_missing|end_coordinates_missing_or_invalid|no_valid_location_points|requires_crosswalk_or_marine_review|timezone_not_normalized_to_utc
5368548,1160381,2003,2003-09-02T09:30:00,2003-09-02T15:30:00,EST,6.0,54,,Z,018,CALHOUN,0,0,0,0,50000,,,0,,0,1,begin_coordinates_missing_or_invalid|damage_crops_missing|end_coordinates_missing_or_invalid|no_valid_location_points|requires_crosswalk_or_marine_review|timezone_not_normalized_to_utc
5368549,1160381,2003,2003-09-02T11:45:00,2003-09-02T15:30:00,EST,3.75,54,,Z,028,BRAXTON,0,0,0,0,15000,,,0,,0,1,begin_coordinates_missing_or_invalid|damage_crops_missing|end_coordinates_missing_or_invalid|no_valid_location_points|requires_crosswalk_or_marine_review|timezone_not_normalized_to_utc
5368550,1160381,2003,2003-09-02T09:30:00,2003-09-02T15:30:00,EST,6.0,54,,Z,029,GILMER,0,0,0,0,150000,,,0,,0,1,begin_coordinates_missing_or_invalid|damage_crops_missing|end_coordinates_missing_or_invalid|no_valid_location_points|requires_crosswalk_or_marine_review|timezone_not_normalized_to_utc
5368551,1160381,2003,2003-09-02T09:00:00,2003-09-02T15:00:00,EST,6.0,54,,Z,008,JACKSON,0,0,0,0,20000,,,0,,0,1,begin_coordinates_missing_or_invalid|damage_crops_missing|end_coordinates_missing_or_invalid|no_valid_location_points|requires_crosswalk_or_marine_review|timezone_not_normalized_to_utc
5368552,1160381,2003,2003-09-02T09:00:00,2003-09-02T15:00:00,EST,6.0,54,,Z,007,MASON,0,0,0,0,15000,,,0,,0,1,begin_coordinates_missing_or_invalid|damage_crops_missing|end_coordinates_missing_or_invalid|no_valid_location_points|requires_crosswalk_or_marine_review|timezone_not_normalized_to_utc
5368553,1160381,2003,2003-09-02T09:00:00,2003-09-02T15:00:00,EST,6.0,54,,Z,016,ROANE,0,0,0,0,50000,,,0,,0,1,begin_coordinates_missing_or_invalid|damage_crops_missing|end_coordinates_missing_or_invalid|no_valid_location_points|requires_crosswalk_or_marine_review|timezone_not_normalized_to_utc
5368554,1160382,2003,2003-09-04T06:00:00,2003-09-04T10:00:00,EST,4.0,54,,Z,013,LINCOLN,0,0,0,0,30000,,,0,,0,1,begin_coordinates_missing_or_invalid|damage_crops_missing|end_coordinates_missing_or_invalid|no_valid_location_points|requires_crosswalk_or_marine_review|timezone_not_normalized_to_utc
5368555,1160382,2003,2003-09-04T07:00:00,2003-09-04T10:30:00,EST,3.5,54,,Z,026,BOONE,0,0,0,0,30000,,,0,,0,1,begin_coordinates_missing_or_invalid|damage_crops_missing|end_coordinates_missing_or_invalid|no_valid_location_points|requires_crosswalk_or_marine_review|timezone_not_normalized_to_utc
5368556,1160382,2003,2003-09-04T07:00:00,2003-09-04T10:30:00,EST,3.5,54,,Z,025,LOGAN,0,0,0,0,30000,,,0,,0,1,begin_coordinates_missing_or_invalid|damage_crops_missing|end_coordinates_missing_or_invalid|no_valid_location_points|requires_crosswalk_or_marine_review|timezone_not_normalized_to_utc
5368557,1160382,2003,2003-09-04T07:30:00,2003-09-04T10:30:00,EST,3.0,54,,Z,035,RALEIGH,0,0,0,0,20000,,,0,,0,1,begin_coordinates_missing_or_invalid|damage_crops_missing|end_coordinates_missing_or_invalid|no_valid_location_points|requires_crosswalk_or_marine_review|timezone_not_normalized_to_utc
5368558,1160382,2003,2003-09-04T07:30:00,2003-09-04T11:00:00,EST,3.5,54,,Z,034,WYOMING,0,0,0,0,15000,,,0,,0,1,begin_coordinates_missing_or_invalid|damage_crops_missing|end_coordinates_missing_or_invalid|no_valid_location_points|requires_crosswalk_or_marine_review|timezone_not_normalized_to_utc
5368875,1160195,2003,2003-08-11T16:00:00,2003-08-11T20:15:00,EST,4.25,42,,Z,059,LEBANON,0,0,0,0,,,,0,,0,1,begin_coordinates_missing_or_invalid|damage_crops_missing|damage_property_missing|end_coordinates_missing_or_invalid|no_valid_location_points|requires_crosswalk_or_marine_review|timezone_not_normalized_to_utc
5369184,1159537,2003,2003-07-16T09:15:00,2003-07-16T17:15:00,CST,8.0,48,,Z,232,BEE,0,0,0,0,,,,0,,0,1,begin_coordinates_missing_or_invalid|damage_crops_missing|damage_property_missing|end_coordinates_missing_or_invalid|no_valid_location_points|requires_crosswalk_or_marine_review|timezone_not_normalized_to_utc
5369185,1159537,2003,2003-07-17T08:45:00,2003-07-19T04:45:00,CST,44.0,48,,Z,231,LIVE OAK,0,0,0,0,,,,0,,0,1,begin_coordinates_missing_or_invalid|damage_crops_missing|damage_property_missing|end_coordinates_missing_or_invalid|no_valid_location_points|requires_crosswalk_or_marine_review|timezone_not_normalized_to_utc
5369223,1160457,2003,2003-05-16T07:30:00,2003-05-16T10:00:00,EST,2.5,11,,Z,001,DISTRICT OF COLUMBIA,0,0,0,0,,,,0,,0,1,begin_coordinates_missing_or_invalid|damage_crops_missing|damage_property_missing|end_coordinates_missing_or_invalid|no_valid_location_points|requires_crosswalk_or_marine_review|timezone_not_normalized_to_utc
5369309,1160144,2003,2003-08-02T16:54:00,2003-08-31T23:59:00,EST,703.0833333333334,12,,Z,049,PASCO,0,0,0,0,150000,,,0,,0,1,begin_coordinates_missing_or_invalid|damage_crops_missing|end_coordinates_missing_or_invalid|no_valid_location_points|requires_crosswalk_or_marine_review|timezone_not_normalized_to_utc
5369501,1159537,2003,2003-07-16T19:45:00,2003-07-20T21:45:00,CST,98.0,48,,Z,231,LIVE OAK,0,0,0,0,,,,0,,0,1,begin_coordinates_missing_or_invalid|damage_crops_missing|damage_property_missing|end_coordinates_missing_or_invalid|no_valid_location_points|requires_crosswalk_or_marine_review|timezone_not_normalized_to_utc
5369502,1159537,2003,2003-07-18T16:00:00,2003-07-25T02:15:00,CST,154.25,48,,Z,243,NUECES,0,0,0,0,,,,0,,0,1,begin_coordinates_missing_or_invalid|damage_crops_missing|damage_property_missing|end_coordinates_missing_or_invalid|no_valid_location_points|requires_crosswalk_or_marine_review|timezone_not_normalized_to_utc
5369595,1157206,2003,2003-07-28T14:05:00,2003-07-28T16:00:00,EST,1.9166666666666667,39,,Z,041,COLUMBIANA,0,0,0,0,,,,0,,0,1,begin_coordinates_missing_or_invalid|damage_crops_missing|damage_property_missing|end_coordinates_missing_or_invalid|no_valid_location_points|requires_crosswalk_or_marine_review|timezone_not_normalized_to_utc
5369596,1157207,2003,2003-07-28T14:20:00,2003-07-28T18:00:00,EST,3.6666666666666665,42,,Z,013,LAWRENCE,0,0,0,0,,,,0,,0,1,begin_coordinates_missing_or_invalid|damage_crops_missing|damage_property_missing|end_coordinates_missing_or_invalid|no_valid_location_points|requires_crosswalk_or_marine_review|timezone_not_normalized_to_utc
5370082,1156661,2003,2003-05-16T06:00:00,2003-05-16T18:00:00,EST,12.0,24,,Z,002,ALLEGANY,0,0,0,0,,,,0,,0,1,begin_coordinates_missing_or_invalid|damage_crops_missing|damage_property_missing|end_coordinates_missing_or_invalid|no_valid_location_points|requires_crosswalk_or_marine_review|timezone_not_normalized_to_utc
5370083,1156661,2003,2003-05-16T06:10:00,2003-05-16T23:00:00,EST,16.833333333333332,24,,Z,004,FREDERICK,0,0,0,0,,,,0,,0,1,begin_coordinates_missing_or_invalid|damage_crops_missing|damage_property_missing|end_coordinates_missing_or_invalid|no_valid_location_points|requires_crosswalk_or_marine_review|timezone_not_normalized_to_utc
5370084,1156661,2003,2003-05-16T06:00:00,2003-05-16T18:00:00,EST,12.0,24,,Z,003,WASHINGTON,0,0,0,0,,,,0,,0,1,begin_coordinates_missing_or_invalid|damage_crops_missing|damage_property_missing|end_coordinates_missing_or_invalid|no_valid_location_points|requires_crosswalk_or_marine_review|timezone_not_normalized_to_utc
5370085,1156661,2003,2003-05-16T09:00:00,2003-05-16T12:00:00,EST,3.0,24,,Z,011,SOUTHERN BALTIMORE / BALTIMORE (C),0,0,0,0,,,,0,,0,1,begin_coordinates_missing_or_invalid|damage_crops_missing|damage_property_missing|end_coordinates_missing_or_invalid|no_valid_location_points|requires_crosswalk_or_marine_review|timezone_not_normalized_to_utc
5370091,1156661,2003,2003-05-16T11:00:00,2003-05-17T13:30:00,EST,26.5,24,,Z,003,WASHINGTON,0,0,0,0,,,,0,,0,1,begin_coordinates_missing_or_invalid|damage_crops_missing|damage_property_missing|end_coordinates_missing_or_invalid|no_valid_location_points|requires_crosswalk_or_marine_review|timezone_not_normalized_to_utc
5370092,1156661,2003,2003-05-17T01:15:00,2003-05-17T12:30:00,EST,11.25,24,,Z,004,FREDERICK,0,0,0,0,,,,0,,0,1,begin_coordinates_missing_or_invalid|damage_crops_missing|damage_property_missing|end_coordinates_missing_or_invalid|no_valid_location_points|requires_crosswalk_or_marine_review|timezone_not_normalized_to_utc
5370122,1157131,2003,2003-07-21T13:45:00,2003-07-21T14:15:00,EST,0.5,42,,Z,008,VENANGO,0,0,0,0,5000,,,0,,0,1,begin_coordinates_missing_or_invalid|damage_crops_missing|end_coordinates_missing_or_invalid|no_valid_location_points|requires_crosswalk_or_marine_review|timezone_not_normalized_to_utc
5370164,1157184,2003,2003-07-23T17:17:00,2003-07-24T12:00:00,EST,18.716666666666665,42,,Z,013,LAWRENCE,0,0,0,0,,,,0,,0,1,begin_coordinates_missing_or_invalid|damage_crops_missing|damage_property_missing|end_coordinates_missing_or_invalid|no_valid_location_points|requires_crosswalk_or_marine_review|timezone_not_normalized_to_utc
5370173,1156721,2003,2003-06-21T23:15:00,2003-06-22T21:45:00,EST,22.5,54,,Z,052,BERKELEY,0,0,0,0,,,,0,,0,1,begin_coordinates_missing_or_invalid|damage_crops_missing|damage_property_missing|end_coordinates_missing_or_invalid|no_valid_location_points|requires_crosswalk_or_marine_review|timezone_not_normalized_to_utc
5370180,1156727,2003,2003-06-20T14:10:00,2003-06-20T15:10:00,EST,1.0,11,,Z,001,DISTRICT OF COLUMBIA,0,0,0,0,,,,0,,0,1,begin_coordinates_missing_or_invalid|damage_crops_missing|damage_property_missing|end_coordinates_missing_or_invalid|no_valid_location_points|requires_crosswalk_or_marine_review|timezone_not_normalized_to_utc
5370197,1156696,2003,2003-06-19T06:30:00,2003-06-19T09:30:00,EST,3.0,51,,Z,053,FAIRFAX,0,0,0,0,,,,0,,0,1,begin_coordinates_missing_or_invalid|damage_crops_missing|damage_property_missing|end_coordinates_missing_or_invalid|no_valid_location_points|requires_crosswalk_or_marine_review|timezone_not_normalized_to_utc
5370446,1156670,2003,2003-05-11T07:15:00,2003-05-11T19:45:00,EST,12.5,54,,Z,050,HAMPSHIRE,0,0,0,0,,,,0,,0,1,begin_coordinates_missing_or_invalid|damage_crops_missing|damage_property_missing|end_coordinates_missing_or_invalid|no_valid_location_points|requires_crosswalk_or_marine_review|timezone_not_normalized_to_utc
5370447,1156670,2003,2003-05-11T17:00:00,2003-05-12T13:00:00,EST,20.0,54,,Z,053,JEFFERSON,0,0,0,0,,,,0,,0,1,begin_coordinates_missing_or_invalid|damage_crops_missing|damage_property_missing|end_coordinates_missing_or_invalid|no_valid_location_points|requires_crosswalk_or_marine_review|timezone_not_normalized_to_utc
5370448,1156671,2003,2003-05-16T09:00:00,2003-05-16T14:00:00,EST,5.0,54,,Z,053,JEFFERSON,0,0,0,0,,,,0,,0,1,begin_coordinates_missing_or_invalid|damage_crops_missing|damage_property_missing|end_coordinates_missing_or_invalid|no_valid_location_points|requires_crosswalk_or_marine_review|timezone_not_normalized_to_utc
5370449,1156671,2003,2003-05-16T09:00:00,2003-05-16T14:00:00,EST,5.0,54,,Z,052,BERKELEY,0,0,0,0,,,,0,,0,1,begin_coordinates_missing_or_invalid|damage_crops_missing|damage_property_missing|end_coordinates_missing_or_invalid|no_valid_location_points|requires_crosswalk_or_marine_review|timezone_not_normalized_to_utc
5370451,1156671,2003,2003-05-16T11:15:00,2003-05-17T04:45:00,EST,17.5,54,,Z,052,BERKELEY,0,0,0,0,,,,0,,0,1,begin_coordinates_missing_or_invalid|damage_crops_missing|damage_property_missing|end_coordinates_missing_or_invalid|no_valid_location_points|requires_crosswalk_or_marine_review|timezone_not_normalized_to_utc
5370467,1156696,2003,2003-06-19T06:15:00,2003-06-19T12:30:00,EST,6.25,51,,Z,042,LOUDOUN,0,0,0,0,,,,0,,0,1,begin_coordinates_missing_or_invalid|damage_crops_missing|damage_property_missing|end_coordinates_missing_or_invalid|no_valid_location_points|requires_crosswalk_or_marine_review|timezone_not_normalized_to_utc
5370487,1156700,2003,2003-06-03T22:00:00,2003-06-06T04:00:00,EST,54.0,24,,Z,003,WASHINGTON,0,0,0,0,,,,0,,0,1,begin_coordinates_missing_or_invalid|damage_crops_missing|damage_property_missing|end_coordinates_missing_or_invalid|no_valid_location_points|requires_crosswalk_or_marine_review|timezone_not_normalized_to_utc
5370489,1156700,2003,2003-06-03T21:00:00,2003-06-04T01:00:00,EST,4.0,24,,Z,004,FREDERICK,0,0,0,0,,,,0,,0,1,begin_coordinates_missing_or_invalid|damage_crops_missing|damage_property_missing|end_coordinates_missing_or_invalid|no_valid_location_points|requires_crosswalk_or_marine_review|timezone_not_normalized_to_utc
5370490,1156701,2003,2003-06-07T12:45:00,2003-06-09T07:45:00,EST,43.0,24,,Z,003,WASHINGTON,0,0,0,0,,,,0,,0,1,begin_coordinates_missing_or_invalid|damage_crops_missing|damage_property_missing|end_coordinates_missing_or_invalid|no_valid_location_points|requires_crosswalk_or_marine_review|timezone_not_normalized_to_utc
5370491,1156701,2003,2003-06-08T07:00:00,2003-06-08T09:30:00,EST,2.5,24,,Z,004,FREDERICK,0,0,0,0,,,,0,,0,1,begin_coordinates_missing_or_invalid|damage_crops_missing|damage_property_missing|end_coordinates_missing_or_invalid|no_valid_location_points|requires_crosswalk_or_marine_review|timezone_not_normalized_to_utc
5370511,1156874,2003,2003-07-28T12:15:00,2003-07-28T14:15:00,EST,2.0,18,,Z,079,JEFFERSON,0,0,0,0,,,,0,,0,1,begin_coordinates_missing_or_invalid|damage_crops_missing|damage_property_missing|end_coordinates_missing_or_invalid|no_valid_location_points|requires_crosswalk_or_marine_review|timezone_not_normalized_to_utc
5370687,1156658,2003,2003-05-15T20:56:00,2003-05-16T02:00:00,EST,5.066666666666666,51,,Z,053,FAIRFAX,0,0,0,0,,,,0,,0,1,begin_coordinates_missing_or_invalid|damage_crops_missing|damage_property_missing|end_coordinates_missing_or_invalid|no_valid_location_points|requires_crosswalk_or_marine_review|timezone_not_normalized_to_utc
5370688,1156658,2003,2003-05-15T20:47:00,2003-05-16T00:15:00,EST,3.466666666666667,51,,Z,052,PRINCE WILLIAM / MANASSAS,0,0,0,0,,,,0,,0,1,begin_coordinates_missing_or_invalid|damage_crops_missing|damage_property_missing|end_coordinates_missing_or_invalid|no_valid_location_points|requires_crosswalk_or_marine_review|timezone_not_normalized_to_utc
5370689,1156658,2003,2003-05-15T20:47:00,2003-05-16T23:00:00,EST,26.216666666666665,51,,Z,042,LOUDOUN,0,0,0,0,,,,0,,0,1,begin_coordinates_missing_or_invalid|damage_crops_missing|damage_property_missing|end_coordinates_missing_or_invalid|no_valid_location_points|requires_crosswalk_or_marine_review|timezone_not_normalized_to_utc
5370690,1156658,2003,2003-05-15T20:47:00,2003-05-16T17:00:00,EST,20.216666666666665,51,,Z,041,FAUQUIER,0,0,0,0,,,,0,,0,1,begin_coordinates_missing_or_invalid|damage_crops_missing|damage_property_missing|end_coordinates_missing_or_invalid|no_valid_location_points|requires_crosswalk_or_marine_review|timezone_not_normalized_to_utc
5370691,1156658,2003,2003-05-16T00:00:00,2003-05-16T02:30:00,EST,2.5,51,,Z,055,STAFFORD,0,0,0,0,,,,0,,0,1,begin_coordinates_missing_or_invalid|damage_crops_missing|damage_property_missing|end_coordinates_missing_or_invalid|no_valid_location_points|requires_crosswalk_or_marine_review|timezone_not_normalized_to_utc
5370692,1156658,2003,2003-05-16T09:45:00,2003-05-17T04:45:00,EST,19.0,51,,Z,042,LOUDOUN,0,0,0,0,,,,0,,0,1,begin_coordinates_missing_or_invalid|damage_crops_missing|damage_property_missing|end_coordinates_missing_or_invalid|no_valid_location_points|requires_crosswalk_or_marine_review|timezone_not_normalized_to_utc
5371033,1163680,2003,2003-11-19T16:00:00,2003-11-20T02:00:00,EST,10.0,42,,Z,026,HUNTINGDON,0,0,0,0,,,,0,,0,1,begin_coordinates_missing_or_invalid|damage_crops_missing|damage_property_missing|end_coordinates_missing_or_invalid|no_valid_location_points|requires_crosswalk_or_marine_review|timezone_not_normalized_to_utc
5371034,1163681,2003,2003-11-20T15:00:00,2003-11-21T18:00:00,EST,27.0,42,,Z,046,SOUTHERN LYCOMING,0,0,0,0,,,,0,,0,1,begin_coordinates_missing_or_invalid|damage_crops_missing|damage_property_missing|end_coordinates_missing_or_invalid|no_valid_location_points|requires_crosswalk_or_marine_review|timezone_not_normalized_to_utc
5371035,1163682,2003,2003-11-19T21:00:00,2003-11-20T05:00:00,EST,8.0,42,,Z,012,NORTHERN CLINTON,0,0,0,0,,,,0,,0,1,begin_coordinates_missing_or_invalid|damage_crops_missing|damage_property_missing|end_coordinates_missing_or_invalid|no_valid_location_points|requires_crosswalk_or_marine_review|timezone_not_normalized_to_utc
5371036,1163682,2003,2003-11-19T21:00:00,2003-11-20T05:00:00,EST,8.0,42,,Z,045,SOUTHERN CLINTON,0,0,0,0,,,,0,,0,1,begin_coordinates_missing_or_invalid|damage_crops_missing|damage_property_missing|end_coordinates_missing_or_invalid|no_valid_location_points|requires_crosswalk_or_marine_review|timezone_not_normalized_to_utc
5371037,1163683,2003,2003-11-19T23:00:00,2003-11-20T08:00:00,EST,9.0,42,,Z,025,BLAIR,0,0,0,0,,,,0,,0,1,begin_coordinates_missing_or_invalid|damage_crops_missing|damage_property_missing|end_coordinates_missing_or_invalid|no_valid_location_points|requires_crosswalk_or_marine_review|timezone_not_normalized_to_utc
5371038,1163684,2003,2003-11-20T01:00:00,2003-11-20T11:00:00,EST,10.0,42,,Z,026,HUNTINGDON,0,0,0,0,,,,0,,0,1,begin_coordinates_missing_or_invalid|damage_crops_missing|damage_property_missing|end_coordinates_missing_or_invalid|no_valid_location_points|requires_crosswalk_or_marine_review|timezone_not_normalized_to_utc
5371039,1163685,2003,2003-11-19T14:42:00,2003-11-20T01:30:00,EST,10.8,42,,Z,017,CLEARFIELD,0,0,0,0,,,,0,,0,1,begin_coordinates_missing_or_invalid|damage_crops_missing|damage_property_missing|end_coordinates_missing_or_invalid|no_valid_location_points|requires_crosswalk_or_marine_review|timezone_not_normalized_to_utc
5371040,1163686,2003,2003-11-19T14:42:00,2003-11-19T18:45:00,EST,4.05,42,,Z,024,CAMBRIA,0,0,0,0,,,,0,,0,1,begin_coordinates_missing_or_invalid|damage_crops_missing|damage_property_missing|end_coordinates_missing_or_invalid|no_valid_location_points|requires_crosswalk_or_marine_review|timezone_not_normalized_to_utc
5371041,1163687,2003,2003-11-19T15:22:00,2003-11-19T19:15:00,EST,3.8833333333333333,42,,Z,034,BEDFORD,0,0,0,0,,,,0,,0,1,begin_coordinates_missing_or_invalid|damage_crops_missing|damage_property_missing|end_coordinates_missing_or_invalid|no_valid_location_points|requires_crosswalk_or_marine_review|timezone_not_normalized_to_utc
5371042,1163688,2003,2003-11-19T15:22:00,2003-11-19T23:00:00,EST,7.633333333333334,42,,Z,025,BLAIR,0,0,0,0,,,,0,,0,1,begin_coordinates_missing_or_invalid|damage_crops_missing|damage_property_missing|end_coordinates_missing_or_invalid|no_valid_location_points|requires_crosswalk_or_marine_review|timezone_not_normalized_to_utc
5371043,1163689,2003,2003-11-19T15:18:00,2003-11-20T00:15:00,EST,8.95,42,,Z,026,HUNTINGDON,0,0,0,0,,,,0,,0,1,begin_coordinates_missing_or_invalid|damage_crops_missing|damage_property_missing|end_coordinates_missing_or_invalid|no_valid_location_points|requires_crosswalk_or_marine_review|timezone_not_normalized_to_utc
5371044,1163690,2003,2003-11-19T17:28:00,2003-11-19T21:30:00,EST,4.033333333333333,42,,Z,037,TIOGA,0,0,0,0,,,,0,,0,1,begin_coordinates_missing_or_invalid|damage_crops_missing|damage_property_missing|end_coordinates_missing_or_invalid|no_valid_location_points|requires_crosswalk_or_marine_review|timezone_not_normalized_to_utc
5371045,1163691,2003,2003-11-19T17:28:00,2003-11-19T21:30:00,EST,4.033333333333333,42,,Z,006,POTTER,0,0,0,0,,,,0,,0,1,begin_coordinates_missing_or_invalid|damage_crops_missing|damage_property_missing|end_coordinates_missing_or_invalid|no_valid_location_points|requires_crosswalk_or_marine_review|timezone_not_normalized_to_utc
5371046,1163692,2003,2003-11-19T18:44:00,2003-11-19T21:45:00,EST,3.0166666666666666,42,,Z,011,CAMERON,0,0,0,0,,,,0,,0,1,begin_coordinates_missing_or_invalid|damage_crops_missing|damage_property_missing|end_coordinates_missing_or_invalid|no_valid_location_points|requires_crosswalk_or_marine_review|timezone_not_normalized_to_utc
5371168,1163164,2003,2003-09-28T02:30:00,2003-09-28T21:30:00,EST,19.0,36,,Z,069,ROCKLAND,0,0,0,0,,,,0,,0,1,begin_coordinates_missing_or_invalid|damage_crops_missing|damage_property_missing|end_coordinates_missing_or_invalid|no_valid_location_points|requires_crosswalk_or_marine_review|timezone_not_normalized_to_utc
5371173,1163167,2003,2003-09-28T16:00:00,2003-09-28T23:59:00,EST,7.983333333333333,09,,Z,006,NORTHERN NEW HAVEN,0,0,0,0,,,,0,,0,1,begin_coordinates_missing_or_invalid|damage_crops_missing|damage_property_missing|end_coordinates_missing_or_invalid|no_valid_location_points|requires_crosswalk_or_marine_review|timezone_not_normalized_to_utc
5371197,1163226,2003,2003-10-01T00:00:00,2003-10-02T02:39:00,EST,26.65,18,,Z,028,WARREN,0,0,0,0,,,,0,,0,1,begin_coordinates_missing_or_invalid|damage_crops_missing|damage_property_missing|end_coordinates_missing_or_invalid|no_valid_location_points|requires_crosswalk_or_marine_review|timezone_not_normalized_to_utc
5371198,1163226,2003,2003-10-01T00:00:00,2003-10-02T02:39:00,EST,26.65,18,,Z,035,FOUNTAIN,0,0,0,0,,,,0,,0,1,begin_coordinates_missing_or_invalid|damage_crops_missing|damage_property_missing|end_coordinates_missing_or_invalid|no_valid_location_points|requires_crosswalk_or_marine_review|timezone_not_normalized_to_utc
5371199,1163226,2003,2003-10-01T00:00:00,2003-10-03T06:34:00,EST,54.56666666666667,18,,Z,043,VERMILLION,0,0,0,0,,,,0,,0,1,begin_coordinates_missing_or_invalid|damage_crops_missing|damage_property_missing|end_coordinates_missing_or_invalid|no_valid_location_points|requires_crosswalk_or_marine_review|timezone_not_normalized_to_utc
5371200,1163226,2003,2003-10-01T00:00:00,2003-10-03T06:34:00,EST,54.56666666666667,18,,Z,044,PARKE,0,0,0,0,,,,0,,0,1,begin_coordinates_missing_or_invalid|damage_crops_missing|damage_property_missing|end_coordinates_missing_or_invalid|no_valid_location_points|requires_crosswalk_or_marine_review|timezone_not_normalized_to_utc
5371201,1163226,2003,2003-10-01T00:00:00,2003-10-03T06:45:00,EST,54.75,18,,Z,051,VIGO,0,0,0,0,,,,0,,0,1,begin_coordinates_missing_or_invalid|damage_crops_missing|damage_property_missing|end_coordinates_missing_or_invalid|no_valid_location_points|requires_crosswalk_or_marine_review|timezone_not_normalized_to_utc
5371202,1163226,2003,2003-10-01T00:00:00,2003-10-05T02:37:00,EST,98.61666666666666,18,,Z,060,SULLIVAN,0,0,0,0,,,,0,,0,1,begin_coordinates_missing_or_invalid|damage_crops_missing|damage_property_missing|end_coordinates_missing_or_invalid|no_valid_location_points|requires_crosswalk_or_marine_review|timezone_not_normalized_to_utc
5371205,1163229,2003,2003-10-20T20:00:00,2003-10-20T20:00:00,PST,0.0,53,,Z,042,EAST SLOPES NORTHERN CASCADES,0,0,0,0,1600000.0,,,0,,0,1,begin_coordinates_missing_or_invalid|damage_crops_missing|end_coordinates_missing_or_invalid|no_valid_location_points|requires_crosswalk_or_marine_review|timezone_not_normalized_to_utc
5371245,1163235,2003,2003-10-16T14:00:00,2003-10-18T16:00:00,PST,50.0,53,,Z,005,NORTHWEST INTERIOR,0,0,0,0,3500000.0,,,0,,0,1,begin_coordinates_missing_or_invalid|damage_crops_missing|end_coordinates_missing_or_invalid|no_valid_location_points|requires_crosswalk_or_marine_review|timezone_not_normalized_to_utc
5371246,1163235,2003,2003-10-16T14:00:00,2003-10-18T16:00:00,PST,50.0,53,,Z,003,NORTHERN CASADE FOOTHILLS,0,0,0,0,,,,0,,0,1,begin_coordinates_missing_or_invalid|damage_crops_missing|damage_property_missing|end_coordinates_missing_or_invalid|no_valid_location_points|requires_crosswalk_or_marine_review|timezone_not_normalized_to_utc
5371247,1163235,2003,2003-10-16T14:00:00,2003-10-18T16:00:00,PST,50.0,53,,Z,010,HOOD CANAL/KITSAP PENINSULA,0,0,0,0,,,,0,,0,1,begin_coordinates_missing_or_invalid|damage_crops_missing|damage_property_missing|end_coordinates_missing_or_invalid|no_valid_location_points|requires_crosswalk_or_marine_review|timezone_not_normalized_to_utc
5371248,1163235,2003,2003-10-16T14:00:00,2003-10-18T16:00:00,PST,50.0,53,,Z,013,EASTERN STRAIT OF JUAN DE FUCA,0,0,0,0,,,,0,,0,1,begin_coordinates_missing_or_invalid|damage_crops_missing|damage_property_missing|end_coordinates_missing_or_invalid|no_valid_location_points|requires_crosswalk_or_marine_review|timezone_not_normalized_to_utc
5371249,1163235,2003,2003-10-16T14:00:00,2003-10-18T16:00:00,PST,50.0,53,,Z,006,EVERETT AND VICINITY,0,0,0,0,,,,0,,0,1,begin_coordinates_missing_or_invalid|damage_crops_missing|damage_property_missing|end_coordinates_missing_or_invalid|no_valid_location_points|requires_crosswalk_or_marine_review|timezone_not_normalized_to_utc
5371250,1163235,2003,2003-10-16T14:00:00,2003-10-18T16:00:00,PST,50.0,53,,Z,015,NORTH COAST,0,0,0,0,,,,0,,0,1,begin_coordinates_missing_or_invalid|damage_crops_missing|damage_property_missing|end_coordinates_missing_or_invalid|no_valid_location_points|requires_crosswalk_or_marine_review|timezone_not_normalized_to_utc
5371251,1163235,2003,2003-10-16T14:00:00,2003-10-18T16:00:00,PST,50.0,53,,Z,002,WESTERN WHATCOM,0,0,0,0,,,,0,,0,1,begin_coordinates_missing_or_invalid|damage_crops_missing|damage_property_missing|end_coordinates_missing_or_invalid|no_valid_location_points|requires_crosswalk_or_marine_review|timezone_not_normalized_to_utc
5371252,1163236,2003,2003-10-20T10:30:00,2003-10-23T02:30:00,PST,64.0,53,,Z,005,NORTHWEST INTERIOR,0,0,0,0,9500000.0,,,0,,0,1,begin_coordinates_missing_or_invalid|damage_crops_missing|end_coordinates_missing_or_invalid|no_valid_location_points|requires_crosswalk_or_marine_review|timezone_not_normalized_to_utc
5371253,1163236,2003,2003-10-20T10:30:00,2003-10-23T02:30:00,PST,64.0,53,,Z,003,NORTHERN CASADE FOOTHILLS,0,0,0,0,,,,0,,0,1,begin_coordinates_missing_or_invalid|damage_crops_missing|damage_property_missing|end_coordinates_missing_or_invalid|no_valid_location_points|requires_crosswalk_or_marine_review|timezone_not_normalized_to_utc
5371254,1163236,2003,2003-10-20T10:30:00,2003-10-23T02:30:00,PST,64.0,53,,Z,010,HOOD CANAL/KITSAP PENINSULA,0,0,0,0,,,,0,,0,1,begin_coordinates_missing_or_invalid|damage_crops_missing|damage_property_missing|end_coordinates_missing_or_invalid|no_valid_location_points|requires_crosswalk_or_marine_review|timezone_not_normalized_to_utc
5371255,1163236,2003,2003-10-20T10:30:00,2003-10-23T02:30:00,PST,64.0,53,,Z,013,EASTERN STRAIT OF JUAN DE FUCA,0,0,0,0,,,,0,,0,1,begin_coordinates_missing_or_invalid|damage_crops_missing|damage_property_missing|end_coordinates_missing_or_invalid|no_valid_location_points|requires_crosswalk_or_marine_review|timezone_not_normalized_to_utc
5371256,1163236,2003,2003-10-20T10:30:00,2003-10-23T02:30:00,PST,64.0,53,,Z,006,EVERETT AND VICINITY,0,0,0,0,,,,0,,0,1,begin_coordinates_missing_or_invalid|damage_crops_missing|damage_property_missing|end_coordinates_missing_or_invalid|no_valid_location_points|requires_crosswalk_or_marine_review|timezone_not_normalized_to_utc
5371257,1163236,2003,2003-10-20T10:30:00,2003-10-23T02:30:00,PST,64.0,53,,Z,011,SOUTHWEST INTERIOR,0,0,0,0,,,,0,,0,1,begin_coordinates_missing_or_invalid|damage_crops_missing|damage_property_missing|end_coordinates_missing_or_invalid|no_valid_location_points|requires_crosswalk_or_marine_review|timezone_not_normalized_to_utc
5371258,1163236,2003,2003-10-20T10:30:00,2003-10-23T02:30:00,PST,64.0,53,,Z,015,NORTH COAST,0,0,0,0,,,,0,,0,1,begin_coordinates_missing_or_invalid|damage_crops_missing|damage_property_missing|end_coordinates_missing_or_invalid|no_valid_location_points|requires_crosswalk_or_marine_review|timezone_not_normalized_to_utc
5371259,1163236,2003,2003-10-20T10:30:00,2003-10-23T02:30:00,PST,64.0,53,,Z,007,SEATTLE METROPOLITAN AREA,0,0,0,0,,,,0,,0,1,begin_coordinates_missing_or_invalid|damage_crops_missing|damage_property_missing|end_coordinates_missing_or_invalid|no_valid_location_points|requires_crosswalk_or_marine_review|timezone_not_normalized_to_utc
5371260,1163236,2003,2003-10-20T10:30:00,2003-10-23T02:30:00,PST,64.0,53,,Z,002,WESTERN WHATCOM,0,0,0,0,,,,0,,0,1,begin_coordinates_missing_or_invalid|damage_crops_missing|damage_property_missing|end_coordinates_missing_or_invalid|no_valid_location_points|requires_crosswalk_or_marine_review|timezone_not_normalized_to_utc
5371267,1163242,2003,2003-10-09T20:00:00,2003-10-10T05:00:00,CST,9.0,40,,Z,064,CREEK,0,0,0,0,,,,0,,0,1,begin_coordinates_missing_or_invalid|damage_crops_missing|damage_property_missing|end_coordinates_missing_or_invalid|no_valid_location_points|requires_crosswalk_or_marine_review|timezone_not_normalized_to_utc
5371309,1163446,2003,2003-10-15T04:00:00,2003-10-15T04:00:00,CST,0.0,48,,Z,230,MCMULLEN,0,0,0,0,,,,0,,0,1,begin_coordinates_missing_or_invalid|damage_crops_missing|damage_property_missing|end_coordinates_missing_or_invalid|no_valid_location_points|requires_crosswalk_or_marine_review|timezone_not_normalized_to_utc
5371310,1163447,2003,2003-10-16T04:30:00,2003-10-16T04:30:00,CST,0.0,48,,Z,230,MCMULLEN,0,0,0,0,,,,0,,0,1,begin_coordinates_missing_or_invalid|damage_crops_missing|damage_property_missing|end_coordinates_missing_or_invalid|no_valid_location_points|requires_crosswalk_or_marine_review|timezone_not_normalized_to_utc
5371311,1163448,2003,2003-10-15T16:30:00,2003-10-15T16:30:00,CST,0.0,48,,Z,231,LIVE OAK,0,0,0,0,,,,0,,0,1,begin_coordinates_missing_or_invalid|damage_crops_missing|damage_property_missing|end_coordinates_missing_or_invalid|no_valid_location_points|requires_crosswalk_or_marine_review|timezone_not_normalized_to_utc
5371312,1163449,2003,2003-10-22T23:00:00,2003-10-22T23:00:00,CST,0.0,48,,Z,244,SAN PATRICIO,0,0,0,0,,,,0,,0,1,begin_coordinates_missing_or_invalid|damage_crops_missing|damage_property_missing|end_coordinates_missing_or_invalid|no_valid_location_points|requires_crosswalk_or_marine_review|timezone_not_normalized_to_utc
5371313,1163450,2003,2003-10-23T02:15:00,2003-10-23T02:15:00,CST,0.0,48,,Z,244,SAN PATRICIO,0,0,0,0,,,,0,,0,1,begin_coordinates_missing_or_invalid|damage_crops_missing|damage_property_missing|end_coordinates_missing_or_invalid|no_valid_location_points|requires_crosswalk_or_marine_review|timezone_not_normalized_to_utc
5371314,1163451,2003,2003-10-24T09:15:00,2003-10-24T09:15:00,CST,0.0,48,,Z,243,NUECES,0,0,0,0,,,,0,,0,1,begin_coordinates_missing_or_invalid|damage_crops_missing|damage_property_missing|end_coordinates_missing_or_invalid|no_valid_location_points|requires_crosswalk_or_marine_review|timezone_not_normalized_to_utc
5371365,1163367,2003,2003-10-29T05:00:00,2003-10-29T14:49:00,EST,9.816666666666666,10,,Z,001,NEW CASTLE,0,0,0,0,,,,0,,0,1,begin_coordinates_missing_or_invalid|damage_crops_missing|damage_property_missing|end_coordinates_missing_or_invalid|no_valid_location_points|requires_crosswalk_or_marine_review|timezone_not_normalized_to_utc
5371366,1163368,2003,2003-10-29T06:58:00,2003-10-29T13:36:00,EST,6.633333333333334,42,,Z,068,MONTGOMERY,0,0,0,0,,,,0,,0,1,begin_coordinates_missing_or_invalid|damage_crops_missing|damage_property_missing|end_coordinates_missing_or_invalid|no_valid_location_points|requires_crosswalk_or_marine_review|timezone_not_normalized_to_utc
5371367,1163369,2003,2003-10-29T09:50:00,2003-10-29T14:42:00,EST,4.866666666666666,42,,Z,069,BUCKS,0,0,0,0,,,,0,,0,1,begin_coordinates_missing_or_invalid|damage_crops_missing|damage_property_missing|end_coordinates_missing_or_invalid|no_valid_location_points|requires_crosswalk_or_marine_review|timezone_not_normalized_to_utc
5371368,1163370,2003,2003-10-29T06:24:00,2003-10-30T20:33:00,EST,38.15,34,,Z,010,SOMERSET,0,0,0,0,,,,0,,0,1,begin_coordinates_missing_or_invalid|damage_crops_missing|damage_property_missing|end_coordinates_missing_or_invalid|no_valid_location_points|requires_crosswalk_or_marine_review|timezone_not_normalized_to_utc
5371369,1163371,2003,2003-10-29T17:52:00,2003-10-30T18:15:00,EST,24.383333333333333,34,,Z,008,MORRIS,0,0,0,0,,,,0,,0,1,begin_coordinates_missing_or_invalid|damage_crops_missing|damage_property_missing|end_coordinates_missing_or_invalid|no_valid_location_points|requires_crosswalk_or_marine_review|timezone_not_normalized_to_utc
5371396,1163452,2003,2003-10-12T10:15:00,2003-10-12T10:15:00,CST,0.0,48,,Z,239,WEBB,0,0,0,0,,,,0,,0,1,begin_coordinates_missing_or_invalid|damage_crops_missing|damage_property_missing|end_coordinates_missing_or_invalid|no_valid_location_points|requires_crosswalk_or_marine_review|timezone_not_normalized_to_utc
5371397,1163453,2003,2003-10-12T22:15:00,2003-10-12T22:15:00,CST,0.0,48,,Z,239,WEBB,0,0,0,0,,,,0,,0,1,begin_coordinates_missing_or_invalid|damage_crops_missing|damage_property_missing|end_coordinates_missing_or_invalid|no_valid_location_points|requires_crosswalk_or_marine_review|timezone_not_normalized_to_utc
5371398,1163454,2003,2003-10-27T15:15:00,2003-10-28T01:15:00,EST,10.0,36,,Z,057,DELAWARE,0,0,0,0,10000,,,0,,0,1,begin_coordinates_missing_or_invalid|damage_crops_missing|end_coordinates_missing_or_invalid|no_valid_location_points|requires_crosswalk_or_marine_review|timezone_not_normalized_to_utc
5371399,1163455,2003,2003-10-29T10:45:00,2003-10-30T01:00:00,EST,14.25,36,,Z,057,DELAWARE,0,0,0,0,50000,,,0,,0,1,begin_coordinates_missing_or_invalid|damage_crops_missing|end_coordinates_missing_or_invalid|no_valid_location_points|requires_crosswalk_or_marine_review|timezone_not_normalized_to_utc
5371400,1163456,2003,2003-10-29T13:37:00,2003-10-29T16:37:00,EST,3.0,36,,Z,056,BROOME,0,0,0,0,5000,,,0,,0,1,begin_coordinates_missing_or_invalid|damage_crops_missing|end_coordinates_missing_or_invalid|no_valid_location_points|requires_crosswalk_or_marine_review|timezone_not_normalized_to_utc
5371401,1163457,2003,2003-10-29T21:46:00,2003-10-30T10:46:00,EST,13.0,36,,Z,055,TIOGA,0,0,0,0,5000,,,0,,0,1,begin_coordinates_missing_or_invalid|damage_crops_missing|end_coordinates_missing_or_invalid|no_valid_location_points|requires_crosswalk_or_marine_review|timezone_not_normalized_to_utc
5371402,1163458,2003,2003-10-29T21:46:00,2003-10-30T10:46:00,EST,13.0,42,,Z,038,BRADFORD,0,0,0,0,5000,,,0,,0,1,begin_coordinates_missing_or_invalid|damage_crops_missing|end_coordinates_missing_or_invalid|no_valid_location_points|requires_crosswalk_or_marine_review|timezone_not_normalized_to_utc
5371412,1163575,2003,2003-11-19T13:30:00,2003-11-20T03:00:00,EST,13.5,54,,Z,004,MARSHALL,0,0,0,0,100000,,,0,,0,1,begin_coordinates_missing_or_invalid|damage_crops_missing|end_coordinates_missing_or_invalid|no_valid_location_points|requires_crosswalk_or_marine_review|timezone_not_normalized_to_utc
5371492,1163461,2003,2003-10-29T18:00:00,2003-10-29T20:00:00,EST,2.0,36,,Z,057,DELAWARE,1,0,2,0,50000,,,2,,0,1,begin_coordinates_missing_or_invalid|damage_crops_missing|end_coordinates_missing_or_invalid|no_valid_location_points|requires_crosswalk_or_marine_review|timezone_not_normalized_to_utc
5371704,1163504,2003,2003-10-15T16:00:00,2003-10-15T19:00:00,EST,3.0,33,,Z,004,NORTHERN CARROLL,0,0,0,0,,,,0,,0,1,begin_coordinates_missing_or_invalid|damage_crops_missing|damage_property_missing|end_coordinates_missing_or_invalid|no_valid_location_points|requires_crosswalk_or_marine_review|timezone_not_normalized_to_utc
5371705,1163505,2003,2003-10-29T17:00:00,2003-10-30T00:45:00,EST,7.75,33,,Z,003,NORTHERN GRAFTON,0,0,0,0,,,,0,,0,1,begin_coordinates_missing_or_invalid|damage_crops_missing|damage_property_missing|end_coordinates_missing_or_invalid|no_valid_location_points|requires_crosswalk_or_marine_review|timezone_not_normalized_to_utc
5371706,1163505,2003,2003-10-28T02:30:00,2003-10-28T08:45:00,EST,6.25,33,,Z,004,NORTHERN CARROLL,0,0,0,0,,,,0,,0,1,begin_coordinates_missing_or_invalid|damage_crops_missing|damage_property_missing|end_coordinates_missing_or_invalid|no_valid_location_points|requires_crosswalk_or_marine_review|timezone_not_normalized_to_utc
5371784,1163505,2003,2003-10-29T18:45:00,2003-10-30T00:00:00,EST,5.25,33,,Z,004,NORTHERN CARROLL,0,0,0,0,,,,0,,0,1,begin_coordinates_missing_or_invalid|damage_crops_missing|damage_property_missing|end_coordinates_missing_or_invalid|no_valid_location_points|requires_crosswalk_or_marine_review|timezone_not_normalized_to_utc
5371785,1163505,2003,2003-10-27T21:30:00,2003-10-28T03:15:00,EST,5.75,33,,Z,003,NORTHERN GRAFTON,0,0,0,0,,,,0,,0,1,begin_coordinates_missing_or_invalid|damage_crops_missing|damage_property_missing|end_coordinates_missing_or_invalid|no_valid_location_points|requires_crosswalk_or_marine_review|timezone_not_normalized_to_utc
5371887,1163356,2003,2003-10-27T14:00:00,2003-10-27T23:00:00,EST,9.0,10,,Z,001,NEW CASTLE,0,0,0,0,,,,0,,0,1,begin_coordinates_missing_or_invalid|damage_crops_missing|damage_property_missing|end_coordinates_missing_or_invalid|no_valid_location_points|requires_crosswalk_or_marine_review|timezone_not_normalized_to_utc
5371888,1163357,2003,2003-10-27T12:15:00,2003-10-28T07:37:00,EST,19.366666666666667,42,,Z,067,CHESTER,0,0,0,0,,,,0,,0,1,begin_coordinates_missing_or_invalid|damage_crops_missing|damage_property_missing|end_coordinates_missing_or_invalid|no_valid_location_points|requires_crosswalk_or_marine_review|timezone_not_normalized_to_utc
5371889,1163358,2003,2003-10-27T18:06:00,2003-10-28T07:37:00,EST,13.516666666666667,42,,Z,070,DELAWARE,0,0,0,0,,,,0,,0,1,begin_coordinates_missing_or_invalid|damage_crops_missing|damage_property_missing|end_coordinates_missing_or_invalid|no_valid_location_points|requires_crosswalk_or_marine_review|timezone_not_normalized_to_utc
5371890,1163359,2003,2003-10-27T12:00:00,2003-10-28T00:41:00,EST,12.683333333333334,42,,Z,068,MONTGOMERY,0,0,0,0,,,,0,,0,1,begin_coordinates_missing_or_invalid|damage_crops_missing|damage_property_missing|end_coordinates_missing_or_invalid|no_valid_location_points|requires_crosswalk_or_marine_review|timezone_not_normalized_to_utc
5371891,1163360,2003,2003-10-27T10:00:00,2003-10-27T22:00:00,EST,12.0,42,,Z,069,BUCKS,0,0,0,0,,,,0,,0,1,begin_coordinates_missing_or_invalid|damage_crops_missing|damage_property_missing|end_coordinates_missing_or_invalid|no_valid_location_points|requires_crosswalk_or_marine_review|timezone_not_normalized_to_utc
5371962,1162903,2003,2003-09-02T09:30:00,2003-09-02T12:00:00,EST,2.5,36,,Z,057,DELAWARE,0,0,0,0,,,,0,,0,1,begin_coordinates_missing_or_invalid|damage_crops_missing|damage_property_missing|end_coordinates_missing_or_invalid|no_valid_location_points|requires_crosswalk_or_marine_review|timezone_not_normalized_to_utc
5371963,1162904,2003,2003-09-04T03:30:00,2003-09-04T10:45:00,EST,7.25,36,,Z,057,DELAWARE,0,0,0,0,,,,0,,0,1,begin_coordinates_missing_or_invalid|damage_crops_missing|damage_property_missing|end_coordinates_missing_or_invalid|no_valid_location_points|requires_crosswalk_or_marine_review|timezone_not_normalized_to_utc
5371964,1162905,2003,2003-09-04T06:30:00,2003-09-04T12:44:00,EST,6.233333333333333,36,,Z,057,DELAWARE,0,0,0,0,,,,0,,0,1,begin_coordinates_missing_or_invalid|damage_crops_missing|damage_property_missing|end_coordinates_missing_or_invalid|no_valid_location_points|requires_crosswalk_or_marine_review|timezone_not_normalized_to_utc
5371980,1163363,2003,2003-10-27T20:00:00,2003-10-28T18:14:00,EST,22.233333333333334,34,,Z,010,SOMERSET,0,0,0,0,,,,0,,0,1,begin_coordinates_missing_or_invalid|damage_crops_missing|damage_property_missing|end_coordinates_missing_or_invalid|no_valid_location_points|requires_crosswalk_or_marine_review|timezone_not_normalized_to_utc
5372085,1163506,2003,2003-10-29T22:00:00,2003-10-30T23:30:00,EST,25.5,23,,Z,014,SOUTHERN SOMERSET,0,0,0,0,,,,0,,0,1,begin_coordinates_missing_or_invalid|damage_crops_missing|damage_property_missing|end_coordinates_missing_or_invalid|no_valid_location_points|requires_crosswalk_or_marine_review|timezone_not_normalized_to_utc
5372086,1163506,2003,2003-10-30T09:30:00,2003-10-30T20:15:00,EST,10.75,23,,Z,021,KENNEBEC,0,0,0,0,,,,0,,0,1,begin_coordinates_missing_or_invalid|damage_crops_missing|damage_property_missing|end_coordinates_missing_or_invalid|no_valid_location_points|requires_crosswalk_or_marine_review|timezone_not_normalized_to_utc
5372355,1163417,2003,2003-10-27T23:21:00,2003-10-28T04:00:00,EST,4.65,50,,Z,007,CALEDONIA,0,0,0,0,5000,,,0,,0,1,begin_coordinates_missing_or_invalid|damage_crops_missing|end_coordinates_missing_or_invalid|no_valid_location_points|requires_crosswalk_or_marine_review|timezone_not_normalized_to_utc
5372356,1163418,2003,2003-10-29T12:00:00,2003-10-29T17:00:00,EST,5.0,50,,Z,017,EASTERN CHITTENDEN,0,0,0,0,5000,,,0,,0,1,begin_coordinates_missing_or_invalid|damage_crops_missing|end_coordinates_missing_or_invalid|no_valid_location_points|requires_crosswalk_or_marine_review|timezone_not_normalized_to_utc
5372357,1163418,2003,2003-10-29T12:00:00,2003-10-29T17:00:00,EST,5.0,50,,Z,005,WESTERN CHITTENDEN,0,0,0,0,5000,,,0,,0,1,begin_coordinates_missing_or_invalid|damage_crops_missing|end_coordinates_missing_or_invalid|no_valid_location_points|requires_crosswalk_or_marine_review|timezone_not_normalized_to_utc
5372358,1163419,2003,2003-10-29T10:20:00,2003-10-29T17:30:00,EST,7.166666666666667,50,,Z,018,EASTERN ADDISON,0,0,0,0,1000,,,0,,0,1,begin_coordinates_missing_or_invalid|damage_crops_missing|end_coordinates_missing_or_invalid|no_valid_location_points|requires_crosswalk_or_marine_review|timezone_not_normalized_to_utc
5372359,1163419,2003,2003-10-29T10:20:00,2003-10-29T17:30:00,EST,7.166666666666667,50,,Z,009,WESTERN ADDISON,0,0,0,0,1000,,,0,,0,1,begin_coordinates_missing_or_invalid|damage_crops_missing|end_coordinates_missing_or_invalid|no_valid_location_points|requires_crosswalk_or_marine_review|timezone_not_normalized_to_utc
5372360,1163419,2003,2003-10-29T10:20:00,2003-10-29T17:30:00,EST,7.166666666666667,50,,Z,019,EASTERN RUTLAND,0,0,0,0,1000,,,0,,0,1,begin_coordinates_missing_or_invalid|damage_crops_missing|end_coordinates_missing_or_invalid|no_valid_location_points|requires_crosswalk_or_marine_review|timezone_not_normalized_to_utc
5372361,1163419,2003,2003-10-29T10:20:00,2003-10-29T17:30:00,EST,7.166666666666667,50,,Z,011,WESTERN RUTLAND,0,0,0,0,1000,,,0,,0,1,begin_coordinates_missing_or_invalid|damage_crops_missing|end_coordinates_missing_or_invalid|no_valid_location_points|requires_crosswalk_or_marine_review|timezone_not_normalized_to_utc
5372362,1163420,2003,2003-10-29T15:00:00,2003-10-29T17:45:00,EST,2.75,50,,Z,016,EASTERN FRANKLIN,0,0,0,0,1000,,,0,,0,1,begin_coordinates_missing_or_invalid|damage_crops_missing|end_coordinates_missing_or_invalid|no_valid_location_points|requires_crosswalk_or_marine_review|timezone_not_normalized_to_utc
5372363,1163420,2003,2003-10-29T15:00:00,2003-10-29T17:45:00,EST,2.75,50,,Z,002,WESTERN FRANKLIN,0,0,0,0,,,,0,,0,1,begin_coordinates_missing_or_invalid|damage_crops_missing|damage_property_missing|end_coordinates_missing_or_invalid|no_valid_location_points|requires_crosswalk_or_marine_review|timezone_not_normalized_to_utc
5372364,1163421,2003,2003-10-29T15:00:00,2003-10-29T20:00:00,EST,5.0,50,,Z,008,WASHINGTON,0,0,0,0,5000,,,0,,0,1,begin_coordinates_missing_or_invalid|damage_crops_missing|end_coordinates_missing_or_invalid|no_valid_location_points|requires_crosswalk_or_marine_review|timezone_not_normalized_to_utc
5372365,1163422,2003,2003-10-29T14:00:00,2003-10-29T16:00:00,EST,2.0,50,,Z,003,ORLEANS,0,0,0,0,1000,,,0,,0,1,begin_coordinates_missing_or_invalid|damage_crops_missing|end_coordinates_missing_or_invalid|no_valid_location_points|requires_crosswalk_or_marine_review|timezone_not_normalized_to_utc
5372366,1163423,2003,2003-10-29T15:00:00,2003-10-29T20:00:00,EST,5.0,50,,Z,012,WINDSOR,0,0,0,0,1000,,,0,,0,1,begin_coordinates_missing_or_invalid|damage_crops_missing|end_coordinates_missing_or_invalid|no_valid_location_points|requires_crosswalk_or_marine_review|timezone_not_normalized_to_utc
5372367,1163424,2003,2003-10-29T11:55:00,2003-10-29T17:00:00,EST,5.083333333333333,36,,Z,035,EASTERN ESSEX,0,0,0,0,10000,,,0,,0,1,begin_coordinates_missing_or_invalid|damage_crops_missing|end_coordinates_missing_or_invalid|no_valid_location_points|requires_crosswalk_or_marine_review|timezone_not_normalized_to_utc
5372391,1163030,2003,2003-10-08T21:00:00,2003-10-09T06:00:00,CST,9.0,40,,Z,007,GRANT,0,0,0,0,,,,0,,0,1,begin_coordinates_missing_or_invalid|damage_crops_missing|damage_property_missing|end_coordinates_missing_or_invalid|no_valid_location_points|requires_crosswalk_or_marine_review|timezone_not_normalized_to_utc
5372392,1163030,2003,2003-10-08T21:00:00,2003-10-09T06:00:00,CST,9.0,40,,Z,008,KAY,0,0,0,0,,,,0,,0,1,begin_coordinates_missing_or_invalid|damage_crops_missing|damage_property_missing|end_coordinates_missing_or_invalid|no_valid_location_points|requires_crosswalk_or_marine_review|timezone_not_normalized_to_utc
5373069,1157011,2003,2003-07-08T13:25:00,2003-07-08T13:25:00,EST,0.0,39,,Z,041,COLUMBIANA,0,0,0,0,,,,0,,0,1,begin_coordinates_missing_or_invalid|damage_crops_missing|damage_property_missing|end_coordinates_missing_or_invalid|no_valid_location_points|requires_crosswalk_or_marine_review|timezone_not_normalized_to_utc
5373346,1157545,2003,2003-07-05T23:00:00,2003-07-14T23:00:00,EST,216.0,18,,Z,018,ALLEN,0,0,,0,7000000,,,1,,0,1,begin_coordinates_missing_or_invalid|damage_crops_missing|deaths_direct_detail_mismatch|end_coordinates_missing_or_invalid|no_valid_location_points|requires_crosswalk_or_marine_review|timezone_not_normalized_to_utc
5373347,1157545,2003,2003-07-05T21:00:00,2003-07-14T21:00:00,EST,216.0,18,,Z,027,ADAMS,0,0,0,0,5000000,,,0,,0,1,begin_coordinates_missing_or_invalid|damage_crops_missing|end_coordinates_missing_or_invalid|no_valid_location_points|requires_crosswalk_or_marine_review|timezone_not_normalized_to_utc
5373348,1157546,2003,2003-07-07T12:00:00,2003-07-13T12:00:00,EST,144.0,39,,Z,024,VAN WERT,0,0,0,0,750000,,,0,,0,1,begin_coordinates_missing_or_invalid|damage_crops_missing|end_coordinates_missing_or_invalid|no_valid_location_points|requires_crosswalk_or_marine_review|timezone_not_normalized_to_utc
5373552,1157582,2003,2003-07-05T13:44:00,2003-07-26T05:30:00,EST,495.76666666666665,18,,Z,029,TIPPECANOE,0,0,0,0,2000000,8000000,,0,,0,1,begin_coordinates_missing_or_invalid|end_coordinates_missing_or_invalid|no_valid_location_points|requires_crosswalk_or_marine_review|timezone_not_normalized_to_utc
5373553,1157582,2003,2003-07-06T08:16:00,2003-07-26T17:48:00,EST,489.53333333333336,18,,Z,028,WARREN,0,0,0,0,1000000,7000000,,0,,0,1,begin_coordinates_missing_or_invalid|end_coordinates_missing_or_invalid|no_valid_location_points|requires_crosswalk_or_marine_review|timezone_not_normalized_to_utc
5373554,1157582,2003,2003-07-06T08:16:00,2003-07-26T17:48:00,EST,489.53333333333336,18,,Z,035,FOUNTAIN,0,0,0,0,1000000,7000000,,0,,0,1,begin_coordinates_missing_or_invalid|end_coordinates_missing_or_invalid|no_valid_location_points|requires_crosswalk_or_marine_review|timezone_not_normalized_to_utc
5373555,1157582,2003,2003-07-06T08:16:00,2003-07-28T07:37:00,EST,527.35,18,,Z,043,VERMILLION,0,0,0,0,500000.0,8000000,,0,,0,1,begin_coordinates_missing_or_invalid|end_coordinates_missing_or_invalid|no_valid_location_points|requires_crosswalk_or_marine_review|timezone_not_normalized_to_utc
5373556,1157582,2003,2003-07-06T08:16:00,2003-07-28T07:37:00,EST,527.35,18,,Z,044,PARKE,0,0,0,0,1000000,7000000,,0,,0,1,begin_coordinates_missing_or_invalid|end_coordinates_missing_or_invalid|no_valid_location_points|requires_crosswalk_or_marine_review|timezone_not_normalized_to_utc
5373557,1157582,2003,2003-07-07T13:30:00,2003-07-28T18:00:00,EST,508.5,18,,Z,051,VIGO,0,0,0,0,1000000,6000000,,0,,0,1,begin_coordinates_missing_or_invalid|end_coordinates_missing_or_invalid|no_valid_location_points|requires_crosswalk_or_marine_review|timezone_not_normalized_to_utc
5373558,1157583,2003,2003-07-08T23:48:00,2003-07-31T12:30:00,EST,540.7,18,,Z,060,SULLIVAN,0,0,0,0,500000.0,7000000,,0,,0,1,begin_coordinates_missing_or_invalid|end_coordinates_missing_or_invalid|no_valid_location_points|requires_crosswalk_or_marine_review|timezone_not_normalized_to_utc
5373559,1157584,2003,2003-07-13T08:00:00,2003-07-29T15:59:00,EST,391.98333333333335,18,,Z,067,KNOX,0,0,0,0,500000.0,7000000,,0,,0,1,begin_coordinates_missing_or_invalid|end_coordinates_missing_or_invalid|no_valid_location_points|requires_crosswalk_or_marine_review|timezone_not_normalized_to_utc
5373560,1157585,2003,2003-07-07T10:48:00,2003-07-11T05:50:00,EST,91.03333333333333,18,,Z,041,DELAWARE,0,0,0,0,,,,0,,0,1,begin_coordinates_missing_or_invalid|damage_crops_missing|damage_property_missing|end_coordinates_missing_or_invalid|no_valid_location_points|requires_crosswalk_or_marine_review|timezone_not_normalized_to_utc
5373561,1157585,2003,2003-07-05T15:20:00,2003-07-12T01:31:00,EST,154.18333333333334,18,,Z,040,MADISON,0,0,0,0,,,,0,,0,1,begin_coordinates_missing_or_invalid|damage_crops_missing|damage_property_missing|end_coordinates_missing_or_invalid|no_valid_location_points|requires_crosswalk_or_marine_review|timezone_not_normalized_to_utc
5373562,1157585,2003,2003-07-06T00:30:00,2003-07-12T23:51:00,EST,167.35,18,,Z,039,HAMILTON,0,0,0,0,31000000,2000000,,0,,0,1,begin_coordinates_missing_or_invalid|end_coordinates_missing_or_invalid|no_valid_location_points|requires_crosswalk_or_marine_review|timezone_not_normalized_to_utc
5373563,1157585,2003,2003-07-06T07:57:00,2003-07-13T09:24:00,EST,169.45,18,,Z,047,MARION,0,0,0,0,10600000.0,,,0,,0,1,begin_coordinates_missing_or_invalid|damage_crops_missing|end_coordinates_missing_or_invalid|no_valid_location_points|requires_crosswalk_or_marine_review|timezone_not_normalized_to_utc
5373564,1157585,2003,2003-07-07T09:30:00,2003-07-14T13:08:00,EST,171.63333333333333,18,,Z,054,MORGAN,0,0,0,0,,5000000,,0,,0,1,begin_coordinates_missing_or_invalid|damage_property_missing|end_coordinates_missing_or_invalid|no_valid_location_points|requires_crosswalk_or_marine_review|timezone_not_normalized_to_utc
5373565,1157585,2003,2003-07-07T09:30:00,2003-07-14T13:08:00,EST,171.63333333333333,18,,Z,055,JOHNSON,0,0,0,0,,,,0,,0,1,begin_coordinates_missing_or_invalid|damage_crops_missing|damage_property_missing|end_coordinates_missing_or_invalid|no_valid_location_points|requires_crosswalk_or_marine_review|timezone_not_normalized_to_utc
5373566,1157585,2003,2003-07-07T22:30:00,2003-07-16T16:42:00,EST,210.2,18,,Z,053,OWEN,0,0,0,0,,5000000,,0,,0,1,begin_coordinates_missing_or_invalid|damage_property_missing|end_coordinates_missing_or_invalid|no_valid_location_points|requires_crosswalk_or_marine_review|timezone_not_normalized_to_utc
5373567,1157586,2003,2003-07-09T08:00:00,2003-07-18T17:48:00,EST,225.8,18,,Z,061,GREENE,0,0,0,0,,5000000,,0,,0,1,begin_coordinates_missing_or_invalid|damage_property_missing|end_coordinates_missing_or_invalid|no_valid_location_points|requires_crosswalk_or_marine_review|timezone_not_normalized_to_utc
5373568,1157586,2003,2003-07-10T04:30:00,2003-07-20T05:35:00,EST,241.08333333333334,18,,Z,067,KNOX,0,0,0,0,,5000000,,0,,0,1,begin_coordinates_missing_or_invalid|damage_property_missing|end_coordinates_missing_or_invalid|no_valid_location_points|requires_crosswalk_or_marine_review|timezone_not_normalized_to_utc
5373882,1157586,2003,2003-07-10T04:30:00,2003-07-20T05:35:00,EST,241.08333333333334,18,,Z,068,DAVIESS,0,0,0,0,,5000000,,0,,0,1,begin_coordinates_missing_or_invalid|damage_property_missing|end_coordinates_missing_or_invalid|no_valid_location_points|requires_crosswalk_or_marine_review|timezone_not_normalized_to_utc
5373883,1157587,2003,2003-07-10T07:00:00,2003-07-13T22:03:00,EST,87.05,18,,Z,071,JACKSON,0,0,0,0,,,,0,,0,1,begin_coordinates_missing_or_invalid|damage_crops_missing|damage_property_missing|end_coordinates_missing_or_invalid|no_valid_location_points|requires_crosswalk_or_marine_review|timezone_not_normalized_to_utc
5373884,1157587,2003,2003-07-13T16:23:00,2003-07-15T09:51:00,EST,41.46666666666667,18,,Z,070,LAWRENCE,0,0,0,0,,,,0,,0,1,begin_coordinates_missing_or_invalid|damage_crops_missing|damage_property_missing|end_coordinates_missing_or_invalid|no_valid_location_points|requires_crosswalk_or_marine_review|timezone_not_normalized_to_utc
5373885,1157588,2003,2003-07-05T00:24:00,2003-07-11T13:10:00,EST,156.76666666666668,18,,Z,031,HOWARD,0,0,0,0,18000000,3000000,,0,,0,1,begin_coordinates_missing_or_invalid|end_coordinates_missing_or_invalid|no_valid_location_points|requires_crosswalk_or_marine_review|timezone_not_normalized_to_utc
5373886,1157588,2003,2003-07-05T00:24:00,2003-07-11T13:10:00,EST,156.76666666666668,18,,Z,021,CARROLL,0,0,0,0,1000000,3000000,,0,,0,1,begin_coordinates_missing_or_invalid|end_coordinates_missing_or_invalid|no_valid_location_points|requires_crosswalk_or_marine_review|timezone_not_normalized_to_utc
5373887,1157588,2003,2003-07-05T15:04:00,2003-07-13T11:18:00,EST,188.23333333333332,18,,Z,029,TIPPECANOE,0,0,0,0,5000000,3000000,,0,,0,1,begin_coordinates_missing_or_invalid|end_coordinates_missing_or_invalid|no_valid_location_points|requires_crosswalk_or_marine_review|timezone_not_normalized_to_utc
5373888,1157589,2003,2003-07-05T08:59:00,2003-07-13T06:20:00,EST,189.35,18,,Z,021,CARROLL,0,0,0,0,500000.0,3000000,,0,,0,1,begin_coordinates_missing_or_invalid|end_coordinates_missing_or_invalid|no_valid_location_points|requires_crosswalk_or_marine_review|timezone_not_normalized_to_utc
5373889,1157589,2003,2003-07-05T08:59:00,2003-07-13T06:20:00,EST,189.35,18,,Z,029,TIPPECANOE,0,0,0,0,500000.0,3000000,,0,,0,1,begin_coordinates_missing_or_invalid|end_coordinates_missing_or_invalid|no_valid_location_points|requires_crosswalk_or_marine_review|timezone_not_normalized_to_utc
5373993,1157545,2003,2003-07-05T18:00:00,2003-07-14T21:00:00,EST,219.0,18,,Z,026,WELLS,0,0,,0,4500000.0,,,0,,0,1,begin_coordinates_missing_or_invalid|damage_crops_missing|deaths_direct_detail_mismatch|end_coordinates_missing_or_invalid|no_valid_location_points|requires_crosswalk_or_marine_review|timezone_not_normalized_to_utc
5374074,1162082,2003,2003-09-01T17:30:00,2003-09-01T18:45:00,EST,1.25,39,,Z,055,FRANKLIN,0,0,0,0,5000,,,0,,0,1,begin_coordinates_missing_or_invalid|damage_crops_missing|end_coordinates_missing_or_invalid|no_valid_location_points|requires_crosswalk_or_marine_review|timezone_not_normalized_to_utc
5374075,1162082,2003,2003-09-01T18:30:00,2003-09-01T18:50:00,EST,0.3333333333333333,39,,Z,077,HAMILTON,0,0,0,0,,,,0,,0,1,begin_coordinates_missing_or_invalid|damage_crops_missing|damage_property_missing|end_coordinates_missing_or_invalid|no_valid_location_points|requires_crosswalk_or_marine_review|timezone_not_normalized_to_utc
5374080,1162085,2003,2003-09-27T02:00:00,2003-09-27T02:45:00,EST,0.75,39,,Z,046,DELAWARE,0,0,0,0,,,,0,,0,1,begin_coordinates_missing_or_invalid|damage_crops_missing|damage_property_missing|end_coordinates_missing_or_invalid|no_valid_location_points|requires_crosswalk_or_marine_review|timezone_not_normalized_to_utc
5374125,1162278,2003,2003-09-19T03:45:00,2003-09-19T07:00:00,EST,3.25,24,,Z,001,GARRETT,0,0,0,0,,,,0,,0,1,begin_coordinates_missing_or_invalid|damage_crops_missing|damage_property_missing|end_coordinates_missing_or_invalid|no_valid_location_points|requires_crosswalk_or_marine_review|timezone_not_normalized_to_utc
5374126,1162279,2003,2003-09-19T04:15:00,2003-09-19T07:00:00,EST,2.75,54,,Z,041,TUCKER,0,0,0,0,,,,0,,0,1,begin_coordinates_missing_or_invalid|damage_crops_missing|damage_property_missing|end_coordinates_missing_or_invalid|no_valid_location_points|requires_crosswalk_or_marine_review|timezone_not_normalized_to_utc
5374179,1162008,2003,2003-08-11T13:15:00,2003-08-11T15:45:00,MST,2.5,04,,Z,015,WESTERN MOGOLLON RIM,0,0,0,0,,,,0,,0,1,begin_coordinates_missing_or_invalid|damage_crops_missing|damage_property_missing|end_coordinates_missing_or_invalid|no_valid_location_points|requires_crosswalk_or_marine_review|timezone_not_normalized_to_utc
5374319,1162041,2003,2003-08-24T14:05:00,2003-08-24T16:30:00,MST,2.4166666666666665,04,,Z,015,WESTERN MOGOLLON RIM,0,0,0,0,,,,0,,0,1,begin_coordinates_missing_or_invalid|damage_crops_missing|damage_property_missing|end_coordinates_missing_or_invalid|no_valid_location_points|requires_crosswalk_or_marine_review|timezone_not_normalized_to_utc
5374371,1162048,2003,2003-08-27T12:20:00,2003-08-27T14:00:00,MST,1.6666666666666667,04,,Z,008,YAVAPAI COUNTY MOUNTAINS,0,0,0,0,,,,0,,0,1,begin_coordinates_missing_or_invalid|damage_crops_missing|damage_property_missing|end_coordinates_missing_or_invalid|no_valid_location_points|requires_crosswalk_or_marine_review|timezone_not_normalized_to_utc
5374527,1162085,2003,2003-09-27T02:00:00,2003-09-27T02:45:00,EST,0.75,39,,Z,055,FRANKLIN,0,0,0,0,,,,0,,0,1,begin_coordinates_missing_or_invalid|damage_crops_missing|damage_property_missing|end_coordinates_missing_or_invalid|no_valid_location_points|requires_crosswalk_or_marine_review|timezone_not_normalized_to_utc
5374765,1162086,2003,2003-09-02T06:22:00,2003-09-02T09:15:00,PST,2.8833333333333333,32,,Z,019,WC CLARK/P X SE NYE,0,0,0,0,,,,0,,0,1,begin_coordinates_missing_or_invalid|damage_crops_missing|damage_property_missing|end_coordinates_missing_or_invalid|no_valid_location_points|requires_crosswalk_or_marine_review|timezone_not_normalized_to_utc
5374968,1162426,2003,2003-10-01T05:00:00,2003-10-04T12:00:00,AST,79.0,02,,Z,125,WRN P.W. SND & KENAI MTNS,0,0,0,0,,,,0,,0,1,begin_coordinates_missing_or_invalid|damage_crops_missing|damage_property_missing|end_coordinates_missing_or_invalid|no_valid_location_points|requires_crosswalk_or_marine_review|timezone_not_normalized_to_utc
5374969,1162426,2003,2003-10-02T12:00:00,2003-10-03T12:00:00,AST,24.0,02,,Z,171,KODIAK PENINSULA,0,0,0,0,3200000.0,,,0,,0,1,begin_coordinates_missing_or_invalid|damage_crops_missing|end_coordinates_missing_or_invalid|no_valid_location_points|requires_crosswalk_or_marine_review|timezone_not_normalized_to_utc
5374970,1162427,2003,2003-10-06T12:00:00,2003-10-10T12:00:00,AST,96.0,02,,Z,121,KENAI PENINSULA,0,0,0,0,,,,0,,0,1,begin_coordinates_missing_or_invalid|damage_crops_missing|damage_property_missing|end_coordinates_missing_or_invalid|no_valid_location_points|requires_crosswalk_or_marine_review|timezone_not_normalized_to_utc
5374971,1162427,2003,2003-10-03T23:40:00,2003-10-07T22:00:00,AST,94.33333333333333,02,,Z,125,WRN P.W. SND & KENAI MTNS,0,0,0,0,,,,0,,0,1,begin_coordinates_missing_or_invalid|damage_crops_missing|damage_property_missing|end_coordinates_missing_or_invalid|no_valid_location_points|requires_crosswalk_or_marine_review|timezone_not_normalized_to_utc
5374980,1162249,2003,2003-09-19T11:00:00,2003-09-19T16:00:00,EST,5.0,54,,Z,023,PRESTON,0,0,0,0,,,,0,,0,1,begin_coordinates_missing_or_invalid|damage_crops_missing|damage_property_missing|end_coordinates_missing_or_invalid|no_valid_location_points|requires_crosswalk_or_marine_review|timezone_not_normalized_to_utc
5375045,1161591,2003,2003-08-02T17:30:00,2003-08-02T21:30:00,EST,4.0,39,,Z,029,RICHLAND,0,0,0,0,,,,0,,0,1,begin_coordinates_missing_or_invalid|damage_crops_missing|damage_property_missing|end_coordinates_missing_or_invalid|no_valid_location_points|requires_crosswalk_or_marine_review|timezone_not_normalized_to_utc
5375458,1158276,2003,2003-07-23T14:00:00,2003-07-23T19:00:00,EST,5.0,39,,Z,014,ASHTABULA,0,0,0,0,75000,,,0,,0,1,begin_coordinates_missing_or_invalid|damage_crops_missing|end_coordinates_missing_or_invalid|no_valid_location_points|requires_crosswalk_or_marine_review|timezone_not_normalized_to_utc
5375459,1158276,2003,2003-07-23T14:00:00,2003-07-23T19:00:00,EST,5.0,39,,Z,013,GEAUGA,0,0,0,0,75000,,,0,,0,1,begin_coordinates_missing_or_invalid|damage_crops_missing|end_coordinates_missing_or_invalid|no_valid_location_points|requires_crosswalk_or_marine_review|timezone_not_normalized_to_utc
5375460,1158276,2003,2003-07-23T14:00:00,2003-07-23T19:00:00,EST,5.0,39,,Z,032,STARK,0,0,0,0,100000,,,0,,0,1,begin_coordinates_missing_or_invalid|damage_crops_missing|end_coordinates_missing_or_invalid|no_valid_location_points|requires_crosswalk_or_marine_review|timezone_not_normalized_to_utc
5375461,1158276,2003,2003-07-23T14:00:00,2003-07-23T19:00:00,EST,5.0,39,,Z,023,TRUMBULL,0,0,0,0,100000,,,0,,0,1,begin_coordinates_missing_or_invalid|damage_crops_missing|end_coordinates_missing_or_invalid|no_valid_location_points|requires_crosswalk_or_marine_review|timezone_not_normalized_to_utc
5375462,1158277,2003,2003-07-23T13:00:00,2003-07-23T23:00:00,EST,10.0,42,,Z,003,CRAWFORD,0,0,0,0,100000,,,0,,0,1,begin_coordinates_missing_or_invalid|damage_crops_missing|end_coordinates_missing_or_invalid|no_valid_location_points|requires_crosswalk_or_marine_review|timezone_not_normalized_to_utc
5375607,1158279,2003,2003-07-27T18:10:00,2003-07-27T21:00:00,EST,2.8333333333333335,39,,Z,030,ASHLAND,0,0,0,0,100000,,,0,,0,1,begin_coordinates_missing_or_invalid|damage_crops_missing|end_coordinates_missing_or_invalid|no_valid_location_points|requires_crosswalk_or_marine_review|timezone_not_normalized_to_utc
5375608,1158279,2003,2003-07-27T18:10:00,2003-07-27T21:00:00,EST,2.8333333333333335,39,,Z,020,MEDINA,0,0,0,0,300000,,,0,,0,1,begin_coordinates_missing_or_invalid|damage_crops_missing|end_coordinates_missing_or_invalid|no_valid_location_points|requires_crosswalk_or_marine_review|timezone_not_normalized_to_utc
5375609,1158279,2003,2003-07-27T18:10:00,2003-07-27T21:00:00,EST,2.8333333333333335,39,,Z,029,RICHLAND,0,0,0,0,150000,,,0,,0,1,begin_coordinates_missing_or_invalid|damage_crops_missing|end_coordinates_missing_or_invalid|no_valid_location_points|requires_crosswalk_or_marine_review|timezone_not_normalized_to_utc
5375610,1158279,2003,2003-07-27T18:10:00,2003-07-27T21:00:00,EST,2.8333333333333335,39,,Z,031,WAYNE,0,0,0,0,350000,,,0,,0,1,begin_coordinates_missing_or_invalid|damage_crops_missing|end_coordinates_missing_or_invalid|no_valid_location_points|requires_crosswalk_or_marine_review|timezone_not_normalized_to_utc
5375711,1158286,2003,2003-07-21T22:00:00,2003-07-24T21:00:00,EST,71.0,39,,Z,033,MAHONING,0,0,0,0,10000000,,,0,,0,1,begin_coordinates_missing_or_invalid|damage_crops_missing|end_coordinates_missing_or_invalid|no_valid_location_points|requires_crosswalk_or_marine_review|timezone_not_normalized_to_utc
5375777,1158287,2003,2003-07-27T19:00:00,2003-07-28T16:00:00,EST,21.0,39,,Z,032,STARK,0,0,0,0,,,,0,,0,1,begin_coordinates_missing_or_invalid|damage_crops_missing|damage_property_missing|end_coordinates_missing_or_invalid|no_valid_location_points|requires_crosswalk_or_marine_review|timezone_not_normalized_to_utc
5375778,1158288,2003,2003-07-27T19:00:00,2003-07-28T18:00:00,EST,23.0,39,,Z,033,MAHONING,0,0,0,0,,,,0,,0,1,begin_coordinates_missing_or_invalid|damage_crops_missing|damage_property_missing|end_coordinates_missing_or_invalid|no_valid_location_points|requires_crosswalk_or_marine_review|timezone_not_normalized_to_utc
5376228,1157973,2003,2003-06-20T16:25:00,2003-06-21T21:03:00,EST,28.633333333333333,42,,Z,070,DELAWARE,0,0,0,0,,,,0,,0,1,begin_coordinates_missing_or_invalid|damage_crops_missing|damage_property_missing|end_coordinates_missing_or_invalid|no_valid_location_points|requires_crosswalk_or_marine_review|timezone_not_normalized_to_utc
5376229,1157974,2003,2003-06-20T14:58:00,2003-06-21T21:03:00,EST,30.083333333333332,42,,Z,067,CHESTER,1,0,0,0,,,,0,,0,1,begin_coordinates_missing_or_invalid|damage_crops_missing|damage_property_missing|end_coordinates_missing_or_invalid|no_valid_location_points|requires_crosswalk_or_marine_review|timezone_not_normalized_to_utc
5376230,1157975,2003,2003-06-20T19:07:00,2003-06-21T12:07:00,EST,17.0,42,,Z,071,PHILADELPHIA,0,0,0,0,,,,0,,0,1,begin_coordinates_missing_or_invalid|damage_crops_missing|damage_property_missing|end_coordinates_missing_or_invalid|no_valid_location_points|requires_crosswalk_or_marine_review|timezone_not_normalized_to_utc
5376231,1157976,2003,2003-06-20T16:50:00,2003-06-21T08:24:00,EST,15.566666666666666,42,,Z,068,MONTGOMERY,0,0,0,0,,,,0,,0,1,begin_coordinates_missing_or_invalid|damage_crops_missing|damage_property_missing|end_coordinates_missing_or_invalid|no_valid_location_points|requires_crosswalk_or_marine_review|timezone_not_normalized_to_utc
5376232,1157977,2003,2003-06-20T16:00:00,2003-06-21T06:41:00,EST,14.683333333333334,42,,Z,060,BERKS,0,0,0,0,,,,0,,0,1,begin_coordinates_missing_or_invalid|damage_crops_missing|damage_property_missing|end_coordinates_missing_or_invalid|no_valid_location_points|requires_crosswalk_or_marine_review|timezone_not_normalized_to_utc
5376236,1157979,2003,2003-06-20T19:00:00,2003-06-21T06:30:00,EST,11.5,42,,Z,061,LEHIGH,0,0,0,0,,,,0,,0,1,begin_coordinates_missing_or_invalid|damage_crops_missing|damage_property_missing|end_coordinates_missing_or_invalid|no_valid_location_points|requires_crosswalk_or_marine_review|timezone_not_normalized_to_utc
5376237,1157980,2003,2003-06-20T20:00:00,2003-06-21T06:00:00,EST,10.0,42,,Z,054,CARBON,0,0,0,0,,,,0,,0,1,begin_coordinates_missing_or_invalid|damage_crops_missing|damage_property_missing|end_coordinates_missing_or_invalid|no_valid_location_points|requires_crosswalk_or_marine_review|timezone_not_normalized_to_utc
5376238,1157981,2003,2003-06-22T10:25:00,2003-06-22T13:00:00,EST,2.5833333333333335,42,,Z,054,CARBON,0,0,0,0,,,,0,,0,1,begin_coordinates_missing_or_invalid|damage_crops_missing|damage_property_missing|end_coordinates_missing_or_invalid|no_valid_location_points|requires_crosswalk_or_marine_review|timezone_not_normalized_to_utc
5376239,1157982,2003,2003-06-21T17:00:00,2003-06-22T02:00:00,EST,9.0,42,,Z,055,MONROE,0,0,0,0,,,,0,,0,1,begin_coordinates_missing_or_invalid|damage_crops_missing|damage_property_missing|end_coordinates_missing_or_invalid|no_valid_location_points|requires_crosswalk_or_marine_review|timezone_not_normalized_to_utc
5376268,1158264,2003,2003-07-21T23:30:00,2003-07-24T06:00:00,EST,54.5,39,,Z,023,TRUMBULL,0,0,0,0,32000000,,,0,,0,1,begin_coordinates_missing_or_invalid|damage_crops_missing|end_coordinates_missing_or_invalid|no_valid_location_points|requires_crosswalk_or_marine_review|timezone_not_normalized_to_utc
5376293,1157984,2003,2003-06-21T14:20:00,2003-06-22T19:18:00,EST,28.966666666666665,34,,Z,010,SOMERSET,0,0,0,0,,,,0,,0,1,begin_coordinates_missing_or_invalid|damage_crops_missing|damage_property_missing|end_coordinates_missing_or_invalid|no_valid_location_points|requires_crosswalk_or_marine_review|timezone_not_normalized_to_utc
5376520,1157985,2003,2003-06-21T16:00:00,2003-06-21T22:00:00,EST,6.0,34,,Z,001,SUSSEX,0,0,0,0,,,,0,,0,1,begin_coordinates_missing_or_invalid|damage_crops_missing|damage_property_missing|end_coordinates_missing_or_invalid|no_valid_location_points|requires_crosswalk_or_marine_review|timezone_not_normalized_to_utc
5376521,1157986,2003,2003-06-21T16:00:00,2003-06-24T13:00:00,EST,69.0,34,,Z,008,MORRIS,0,0,0,0,,,,0,,0,1,begin_coordinates_missing_or_invalid|damage_crops_missing|damage_property_missing|end_coordinates_missing_or_invalid|no_valid_location_points|requires_crosswalk_or_marine_review|timezone_not_normalized_to_utc
5376872,1160868,2003,2003-08-01T23:43:00,2003-08-02T00:30:00,EST,0.7833333333333333,39,,Z,034,MERCER,0,0,0,0,,,,0,"[[40.05,-84.63333]]",0,1,damage_crops_missing|damage_property_missing|requires_crosswalk_or_marine_review|timezone_not_normalized_to_utc
5376874,1160869,2003,2003-08-02T00:10:00,2003-08-02T01:30:00,EST,1.3333333333333333,18,,Z,050,WAYNE,0,0,0,0,,,,0,,0,1,begin_coordinates_missing_or_invalid|damage_crops_missing|damage_property_missing|end_coordinates_missing_or_invalid|no_valid_location_points|requires_crosswalk_or_marine_review|timezone_not_normalized_to_utc
5376880,1160871,2003,2003-08-02T02:15:00,2003-08-02T04:00:00,EST,1.75,39,,Z,061,MONTGOMERY,0,0,0,0,,,,0,,0,1,begin_coordinates_missing_or_invalid|damage_crops_missing|damage_property_missing|end_coordinates_missing_or_invalid|no_valid_location_points|requires_crosswalk_or_marine_review|timezone_not_normalized_to_utc
5376881,1160871,2003,2003-08-02T16:30:00,2003-08-02T16:50:00,EST,0.3333333333333333,39,,Z,043,SHELBY,0,0,0,0,,,,0,,0,1,begin_coordinates_missing_or_invalid|damage_crops_missing|damage_property_missing|end_coordinates_missing_or_invalid|no_valid_location_points|requires_crosswalk_or_marine_review|timezone_not_normalized_to_utc
5376940,1160871,2003,2003-08-02T16:00:00,2003-08-02T16:50:00,EST,0.8333333333333334,39,,Z,035,AUGLAIZE,0,0,0,0,,,,0,,0,1,begin_coordinates_missing_or_invalid|damage_crops_missing|damage_property_missing|end_coordinates_missing_or_invalid|no_valid_location_points|requires_crosswalk_or_marine_review|timezone_not_normalized_to_utc
5376941,1160871,2003,2003-08-02T16:30:00,2003-08-02T17:15:00,EST,0.75,39,,Z,052,CHAMPAIGN,0,0,0,0,,,,0,,0,1,begin_coordinates_missing_or_invalid|damage_crops_missing|damage_property_missing|end_coordinates_missing_or_invalid|no_valid_location_points|requires_crosswalk_or_marine_review|timezone_not_normalized_to_utc
5376942,1160871,2003,2003-08-02T18:00:00,2003-08-02T19:00:00,EST,1.0,39,,Z,044,LOGAN,0,0,0,0,,,,0,,0,1,begin_coordinates_missing_or_invalid|damage_crops_missing|damage_property_missing|end_coordinates_missing_or_invalid|no_valid_location_points|requires_crosswalk_or_marine_review|timezone_not_normalized_to_utc
5376943,1160871,2003,2003-08-02T21:45:00,2003-08-02T22:30:00,EST,0.75,39,,Z,034,MERCER,0,0,0,0,,,,0,,0,1,begin_coordinates_missing_or_invalid|damage_crops_missing|damage_property_missing|end_coordinates_missing_or_invalid|no_valid_location_points|requires_crosswalk_or_marine_review|timezone_not_normalized_to_utc
5376944,1160871,2003,2003-08-02T22:30:00,2003-08-02T23:30:00,EST,1.0,39,,Z,035,AUGLAIZE,0,0,0,0,,,,0,,0,1,begin_coordinates_missing_or_invalid|damage_crops_missing|damage_property_missing|end_coordinates_missing_or_invalid|no_valid_location_points|requires_crosswalk_or_marine_review|timezone_not_normalized_to_utc
5376945,1160871,2003,2003-08-02T02:47:00,2003-08-02T04:00:00,EST,1.2166666666666666,39,,Z,053,CLARK,0,0,0,0,,,,0,,0,1,begin_coordinates_missing_or_invalid|damage_crops_missing|damage_property_missing|end_coordinates_missing_or_invalid|no_valid_location_points|requires_crosswalk_or_marine_review|timezone_not_normalized_to_utc
5376946,1160872,2003,2003-08-04T17:00:00,2003-08-04T17:45:00,EST,0.75,18,,Z,050,WAYNE,0,0,0,0,,,,0,,0,1,begin_coordinates_missing_or_invalid|damage_crops_missing|damage_property_missing|end_coordinates_missing_or_invalid|no_valid_location_points|requires_crosswalk_or_marine_review|timezone_not_normalized_to_utc
5377032,1160873,2003,2003-08-04T09:05:00,2003-08-04T10:20:00,EST,1.25,39,,Z,079,BROWN,0,0,0,0,,,,0,,0,1,begin_coordinates_missing_or_invalid|damage_crops_missing|damage_property_missing|end_coordinates_missing_or_invalid|no_valid_location_points|requires_crosswalk_or_marine_review|timezone_not_normalized_to_utc
5377033,1160873,2003,2003-08-04T11:00:00,2003-08-04T12:00:00,EST,1.0,39,,Z,055,FRANKLIN,0,0,0,0,,,,0,,0,1,begin_coordinates_missing_or_invalid|damage_crops_missing|damage_property_missing|end_coordinates_missing_or_invalid|no_valid_location_points|requires_crosswalk_or_marine_review|timezone_not_normalized_to_utc
5377034,1160873,2003,2003-08-04T15:00:00,2003-08-04T17:00:00,EST,2.0,39,,Z,034,MERCER,0,0,0,0,,,,0,,0,1,begin_coordinates_missing_or_invalid|damage_crops_missing|damage_property_missing|end_coordinates_missing_or_invalid|no_valid_location_points|requires_crosswalk_or_marine_review|timezone_not_normalized_to_utc
5377035,1160873,2003,2003-08-04T16:30:00,2003-08-04T17:15:00,EST,0.75,39,,Z,043,SHELBY,0,0,0,0,,,,0,,0,1,begin_coordinates_missing_or_invalid|damage_crops_missing|damage_property_missing|end_coordinates_missing_or_invalid|no_valid_location_points|requires_crosswalk_or_marine_review|timezone_not_normalized_to_utc
5377036,1160873,2003,2003-08-04T15:45:00,2003-08-04T16:30:00,EST,0.75,39,,Z,042,DARKE,0,0,0,0,,,,0,,0,1,begin_coordinates_missing_or_invalid|damage_crops_missing|damage_property_missing|end_coordinates_missing_or_invalid|no_valid_location_points|requires_crosswalk_or_marine_review|timezone_not_normalized_to_utc
5377037,1160873,2003,2003-08-04T17:30:00,2003-08-04T18:00:00,EST,0.5,39,,Z,044,LOGAN,0,0,0,0,,,,0,,0,1,begin_coordinates_missing_or_invalid|damage_crops_missing|damage_property_missing|end_coordinates_missing_or_invalid|no_valid_location_points|requires_crosswalk_or_marine_review|timezone_not_normalized_to_utc
5377113,1160873,2003,2003-08-04T11:05:00,2003-08-04T12:00:00,EST,0.9166666666666666,39,,Z,054,MADISON,0,0,0,0,,,,0,,0,1,begin_coordinates_missing_or_invalid|damage_crops_missing|damage_property_missing|end_coordinates_missing_or_invalid|no_valid_location_points|requires_crosswalk_or_marine_review|timezone_not_normalized_to_utc
5377114,1160873,2003,2003-08-04T14:58:00,2003-08-04T16:00:00,EST,1.0333333333333334,39,,Z,065,FAIRFIELD,0,0,0,0,,,,0,,0,1,begin_coordinates_missing_or_invalid|damage_crops_missing|damage_property_missing|end_coordinates_missing_or_invalid|no_valid_location_points|requires_crosswalk_or_marine_review|timezone_not_normalized_to_utc
5377115,1160873,2003,2003-08-04T14:27:00,2003-08-04T16:00:00,EST,1.55,39,,Z,081,ADAMS,0,0,0,0,,,,0,,0,1,begin_coordinates_missing_or_invalid|damage_crops_missing|damage_property_missing|end_coordinates_missing_or_invalid|no_valid_location_points|requires_crosswalk_or_marine_review|timezone_not_normalized_to_utc
5377122,1160874,2003,2003-08-07T14:40:00,2003-08-07T16:15:00,EST,1.5833333333333333,39,,Z,055,FRANKLIN,0,0,0,0,,,,0,,0,1,begin_coordinates_missing_or_invalid|damage_crops_missing|damage_property_missing|end_coordinates_missing_or_invalid|no_valid_location_points|requires_crosswalk_or_marine_review|timezone_not_normalized_to_utc
5377123,1160874,2003,2003-08-07T18:00:00,2003-08-07T19:15:00,EST,1.25,39,,Z,053,CLARK,0,0,0,0,,,,0,,0,1,begin_coordinates_missing_or_invalid|damage_crops_missing|damage_property_missing|end_coordinates_missing_or_invalid|no_valid_location_points|requires_crosswalk_or_marine_review|timezone_not_normalized_to_utc
5377126,1160876,2003,2003-08-08T17:11:00,2003-08-08T17:20:00,EST,0.15,39,,Z,077,HAMILTON,0,0,0,0,,,,0,,0,1,begin_coordinates_missing_or_invalid|damage_crops_missing|damage_property_missing|end_coordinates_missing_or_invalid|no_valid_location_points|requires_crosswalk_or_marine_review|timezone_not_normalized_to_utc
5377201,1160876,2003,2003-08-08T17:45:00,2003-08-08T19:00:00,EST,1.25,39,,Z,082,PIKE,0,0,0,0,,,,0,,0,1,begin_coordinates_missing_or_invalid|damage_crops_missing|damage_property_missing|end_coordinates_missing_or_invalid|no_valid_location_points|requires_crosswalk_or_marine_review|timezone_not_normalized_to_utc
5377203,1160876,2003,2003-08-08T19:00:00,2003-08-08T20:00:00,EST,1.0,39,,Z,078,CLERMONT,0,0,0,0,,,,0,,0,1,begin_coordinates_missing_or_invalid|damage_crops_missing|damage_property_missing|end_coordinates_missing_or_invalid|no_valid_location_points|requires_crosswalk_or_marine_review|timezone_not_normalized_to_utc
5377205,1160877,2003,2003-08-08T17:00:00,2003-08-08T17:30:00,EST,0.5,21,,Z,093,CAMPBELL,0,0,0,0,,,,0,,0,1,begin_coordinates_missing_or_invalid|damage_crops_missing|damage_property_missing|end_coordinates_missing_or_invalid|no_valid_location_points|requires_crosswalk_or_marine_review|timezone_not_normalized_to_utc
5377206,1160877,2003,2003-08-08T17:30:00,2003-08-08T18:30:00,EST,1.0,21,,Z,092,KENTON,0,0,0,0,,,,0,,0,1,begin_coordinates_missing_or_invalid|damage_crops_missing|damage_property_missing|end_coordinates_missing_or_invalid|no_valid_location_points|requires_crosswalk_or_marine_review|timezone_not_normalized_to_utc
5377209,1160878,2003,2003-08-09T17:00:00,2003-08-09T17:30:00,EST,0.5,18,,Z,050,WAYNE,0,0,0,0,,,,0,,0,1,begin_coordinates_missing_or_invalid|damage_crops_missing|damage_property_missing|end_coordinates_missing_or_invalid|no_valid_location_points|requires_crosswalk_or_marine_review|timezone_not_normalized_to_utc
5377210,1160879,2003,2003-08-09T12:36:00,2003-08-09T13:30:00,EST,0.9,39,,Z,070,BUTLER,0,0,0,0,,,,0,,0,1,begin_coordinates_missing_or_invalid|damage_crops_missing|damage_property_missing|end_coordinates_missing_or_invalid|no_valid_location_points|requires_crosswalk_or_marine_review|timezone_not_normalized_to_utc
5377211,1160879,2003,2003-08-09T13:44:00,2003-08-09T15:15:00,EST,1.5166666666666666,39,,Z,077,HAMILTON,0,0,0,0,,,,0,,0,1,begin_coordinates_missing_or_invalid|damage_crops_missing|damage_property_missing|end_coordinates_missing_or_invalid|no_valid_location_points|requires_crosswalk_or_marine_review|timezone_not_normalized_to_utc
5377212,1160879,2003,2003-08-09T15:30:00,2003-08-09T15:50:00,EST,0.3333333333333333,39,,Z,082,PIKE,0,0,0,0,,,,0,,0,1,begin_coordinates_missing_or_invalid|damage_crops_missing|damage_property_missing|end_coordinates_missing_or_invalid|no_valid_location_points|requires_crosswalk_or_marine_review|timezone_not_normalized_to_utc
5377213,1160879,2003,2003-08-09T16:25:00,2003-08-09T17:45:00,EST,1.3333333333333333,39,,Z,079,BROWN,0,0,0,0,,,,0,,0,1,begin_coordinates_missing_or_invalid|damage_crops_missing|damage_property_missing|end_coordinates_missing_or_invalid|no_valid_location_points|requires_crosswalk_or_marine_review|timezone_not_normalized_to_utc
5377214,1160880,2003,2003-08-10T14:00:00,2003-08-10T14:30:00,EST,0.5,39,,Z,065,FAIRFIELD,0,0,0,0,,,,0,,0,1,begin_coordinates_missing_or_invalid|damage_crops_missing|damage_property_missing|end_coordinates_missing_or_invalid|no_valid_location_points|requires_crosswalk_or_marine_review|timezone_not_normalized_to_utc
5377215,1160880,2003,2003-08-10T14:30:00,2003-08-10T14:40:00,EST,0.16666666666666666,39,,Z,064,PICKAWAY,0,0,0,0,,,,0,,0,1,begin_coordinates_missing_or_invalid|damage_crops_missing|damage_property_missing|end_coordinates_missing_or_invalid|no_valid_location_points|requires_crosswalk_or_marine_review|timezone_not_normalized_to_utc
5377585,1160865,2003,2003-07-21T18:51:00,2003-07-21T19:10:00,EST,0.31666666666666665,18,,Z,050,WAYNE,0,0,0,0,,,,0,,0,1,begin_coordinates_missing_or_invalid|damage_crops_missing|damage_property_missing|end_coordinates_missing_or_invalid|no_valid_location_points|requires_crosswalk_or_marine_review|timezone_not_normalized_to_utc
5377692,1161028,2003,2003-08-22T11:30:00,2003-08-22T14:00:00,AST,2.5,99,,Z,002,NORTHEAST,0,0,0,0,,,,0,,0,1,begin_coordinates_missing_or_invalid|damage_crops_missing|damage_property_missing|end_coordinates_missing_or_invalid|no_valid_location_points|requires_crosswalk_or_marine_review|timezone_not_normalized_to_utc
5377942,1160867,2003,2003-07-21T08:00:00,2003-07-21T08:25:00,EST,0.4166666666666667,39,,Z,034,MERCER,0,0,0,0,,,,0,,0,1,begin_coordinates_missing_or_invalid|damage_crops_missing|damage_property_missing|end_coordinates_missing_or_invalid|no_valid_location_points|requires_crosswalk_or_marine_review|timezone_not_normalized_to_utc
5377943,1160867,2003,2003-07-21T18:55:00,2003-07-21T20:30:00,EST,1.5833333333333333,39,,Z,060,PREBLE,0,0,0,0,,,,0,,0,1,begin_coordinates_missing_or_invalid|damage_crops_missing|damage_property_missing|end_coordinates_missing_or_invalid|no_valid_location_points|requires_crosswalk_or_marine_review|timezone_not_normalized_to_utc
5378663,1158612,2003,2003-07-16T23:00:00,2003-07-17T12:00:00,AST,13.0,02,,Z,145,SUSITNA VALLEY,0,0,0,0,1000000,,,0,,0,1,begin_coordinates_missing_or_invalid|damage_crops_missing|end_coordinates_missing_or_invalid|no_valid_location_points|requires_crosswalk_or_marine_review|timezone_not_normalized_to_utc
5378664,1158613,2003,2003-07-27T04:00:00,2003-07-29T12:00:00,AST,56.0,02,,Z,145,SUSITNA VALLEY,0,0,0,0,50000,,,0,,0,1,begin_coordinates_missing_or_invalid|damage_crops_missing|end_coordinates_missing_or_invalid|no_valid_location_points|requires_crosswalk_or_marine_review|timezone_not_normalized_to_utc
5379072,1158600,2003,2003-07-17T17:00:00,2003-07-19T15:00:00,AST,46.0,02,,Z,223,DELTANA AND TANANA,0,0,0,0,,,,0,,0,1,begin_coordinates_missing_or_invalid|damage_crops_missing|damage_property_missing|end_coordinates_missing_or_invalid|no_valid_location_points|requires_crosswalk_or_marine_review|timezone_not_normalized_to_utc
5379076,1158601,2003,2003-07-27T10:30:00,2003-07-31T11:00:00,AST,96.5,02,,Z,222,MIDDLE TANANA VALLEY,0,0,0,0,400000,,,0,,0,1,begin_coordinates_missing_or_invalid|damage_crops_missing|end_coordinates_missing_or_invalid|no_valid_location_points|requires_crosswalk_or_marine_review|timezone_not_normalized_to_utc
5379077,1158601,2003,2003-07-29T05:00:00,2003-07-29T19:00:00,AST,14.0,02,,Z,223,DELTANA AND TANANA,0,0,0,0,,,,0,,0,1,begin_coordinates_missing_or_invalid|damage_crops_missing|damage_property_missing|end_coordinates_missing_or_invalid|no_valid_location_points|requires_crosswalk_or_marine_review|timezone_not_normalized_to_utc
5379078,1158601,2003,2003-07-29T11:00:00,2003-07-30T01:30:00,AST,14.5,02,,Z,221,WRN TANANA VLY WRN YUKON VLY,0,0,0,0,,,,0,,0,1,begin_coordinates_missing_or_invalid|damage_crops_missing|damage_property_missing|end_coordinates_missing_or_invalid|no_valid_location_points|requires_crosswalk_or_marine_review|timezone_not_normalized_to_utc
5379394,1158262,2003,2003-07-21T19:00:00,2003-07-23T23:45:00,EST,52.75,39,,Z,011,CUYAHOGA,0,0,0,0,5000000,,,0,,0,1,begin_coordinates_missing_or_invalid|damage_crops_missing|end_coordinates_missing_or_invalid|no_valid_location_points|requires_crosswalk_or_marine_review|timezone_not_normalized_to_utc
5379395,1158262,2003,2003-07-21T19:00:00,2003-07-23T23:45:00,EST,52.75,39,,Z,021,SUMMIT,0,0,0,0,10000000,,,0,,0,1,begin_coordinates_missing_or_invalid|damage_crops_missing|end_coordinates_missing_or_invalid|no_valid_location_points|requires_crosswalk_or_marine_review|timezone_not_normalized_to_utc
5379762,1164954,2003,2003-10-13T09:00:00,2003-10-27T12:00:00,CST,339.0,48,,Z,254,WILLACY,0,0,0,0,25000,,,0,,0,1,begin_coordinates_missing_or_invalid|damage_crops_missing|end_coordinates_missing_or_invalid|no_valid_location_points|requires_crosswalk_or_marine_review|timezone_not_normalized_to_utc
5379804,1164954,2003,2003-10-13T09:00:00,2003-10-27T12:00:00,CST,339.0,48,,Z,249,JIM HOGG,0,0,0,0,150000,,,0,,0,1,begin_coordinates_missing_or_invalid|damage_crops_missing|end_coordinates_missing_or_invalid|no_valid_location_points|requires_crosswalk_or_marine_review|timezone_not_normalized_to_utc
5379905,1164971,2003,2003-11-19T20:00:00,2003-11-21T10:00:00,EST,38.0,54,,Z,053,JEFFERSON,0,0,0,0,,,,0,,0,1,begin_coordinates_missing_or_invalid|damage_crops_missing|damage_property_missing|end_coordinates_missing_or_invalid|no_valid_location_points|requires_crosswalk_or_marine_review|timezone_not_normalized_to_utc
5379906,1164971,2003,2003-11-19T20:00:00,2003-11-20T13:45:00,EST,17.75,54,,Z,052,BERKELEY,0,0,0,0,,,,0,,0,1,begin_coordinates_missing_or_invalid|damage_crops_missing|damage_property_missing|end_coordinates_missing_or_invalid|no_valid_location_points|requires_crosswalk_or_marine_review|timezone_not_normalized_to_utc
5379907,1164971,2003,2003-11-19T20:00:00,2003-11-20T18:00:00,EST,22.0,54,,Z,050,HAMPSHIRE,0,0,0,0,,,,0,,0,1,begin_coordinates_missing_or_invalid|damage_crops_missing|damage_property_missing|end_coordinates_missing_or_invalid|no_valid_location_points|requires_crosswalk_or_marine_review|timezone_not_normalized_to_utc
5379908,1164971,2003,2003-11-19T16:00:00,2003-11-20T01:00:00,EST,9.0,54,,Z,048,GRANT,0,0,0,0,,,,0,,0,1,begin_coordinates_missing_or_invalid|damage_crops_missing|damage_property_missing|end_coordinates_missing_or_invalid|no_valid_location_points|requires_crosswalk_or_marine_review|timezone_not_normalized_to_utc
5379909,1164971,2003,2003-11-19T13:00:00,2003-11-20T21:05:00,EST,32.083333333333336,54,,Z,054,PENDLETON,0,0,0,0,,,,0,,0,1,begin_coordinates_missing_or_invalid|damage_crops_missing|damage_property_missing|end_coordinates_missing_or_invalid|no_valid_location_points|requires_crosswalk_or_marine_review|timezone_not_normalized_to_utc
5379953,1165154,2003,2003-12-29T22:30:00,2003-12-30T08:30:00,PST,10.0,06,,Z,001,REDWOOD COAST,0,0,0,0,,,,0,,0,1,begin_coordinates_missing_or_invalid|damage_crops_missing|damage_property_missing|end_coordinates_missing_or_invalid|no_valid_location_points|requires_crosswalk_or_marine_review|timezone_not_normalized_to_utc
5380052,1165128,2003,2003-12-12T04:30:00,2003-12-12T18:00:00,EST,13.5,23,,Z,013,SOUTHERN FRANKLIN,0,0,0,0,100000,,,0,,0,1,begin_coordinates_missing_or_invalid|damage_crops_missing|end_coordinates_missing_or_invalid|no_valid_location_points|requires_crosswalk_or_marine_review|timezone_not_normalized_to_utc
5380053,1165128,2003,2003-12-12T04:30:00,2003-12-12T18:00:00,EST,13.5,23,,Z,012,SOUTHERN OXFORD,0,0,0,0,,,,0,,0,1,begin_coordinates_missing_or_invalid|damage_crops_missing|damage_property_missing|end_coordinates_missing_or_invalid|no_valid_location_points|requires_crosswalk_or_marine_review|timezone_not_normalized_to_utc
5380069,1164985,2003,2003-12-10T23:47:00,2003-12-12T01:00:00,EST,25.216666666666665,51,,Z,042,LOUDOUN,0,0,0,0,,,,0,,0,1,begin_coordinates_missing_or_invalid|damage_crops_missing|damage_property_missing|end_coordinates_missing_or_invalid|no_valid_location_points|requires_crosswalk_or_marine_review|timezone_not_normalized_to_utc
5380070,1164985,2003,2003-12-10T23:47:00,2003-12-12T01:00:00,EST,25.216666666666665,51,,Z,029,PAGE,0,0,0,0,,,,0,,0,1,begin_coordinates_missing_or_invalid|damage_crops_missing|damage_property_missing|end_coordinates_missing_or_invalid|no_valid_location_points|requires_crosswalk_or_marine_review|timezone_not_normalized_to_utc
5380071,1164985,2003,2003-12-10T23:47:00,2003-12-12T09:00:00,EST,33.21666666666667,51,,Z,041,FAUQUIER,0,0,0,0,,,,0,,0,1,begin_coordinates_missing_or_invalid|damage_crops_missing|damage_property_missing|end_coordinates_missing_or_invalid|no_valid_location_points|requires_crosswalk_or_marine_review|timezone_not_normalized_to_utc
5380072,1164985,2003,2003-12-11T00:47:00,2003-12-12T09:00:00,EST,32.21666666666667,51,,Z,053,FAIRFAX,0,0,0,0,,,,0,,0,1,begin_coordinates_missing_or_invalid|damage_crops_missing|damage_property_missing|end_coordinates_missing_or_invalid|no_valid_location_points|requires_crosswalk_or_marine_review|timezone_not_normalized_to_utc
5380073,1164985,2003,2003-12-11T00:47:00,2003-12-12T09:00:00,EST,32.21666666666667,51,,Z,054,ARLINGTON,0,0,0,0,,,,0,,0,1,begin_coordinates_missing_or_invalid|damage_crops_missing|damage_property_missing|end_coordinates_missing_or_invalid|no_valid_location_points|requires_crosswalk_or_marine_review|timezone_not_normalized_to_utc
5380074,1164985,2003,2003-12-11T00:47:00,2003-12-12T09:00:00,EST,32.21666666666667,51,,Z,051,CULPEPER,0,0,0,0,,,,0,,0,1,begin_coordinates_missing_or_invalid|damage_crops_missing|damage_property_missing|end_coordinates_missing_or_invalid|no_valid_location_points|requires_crosswalk_or_marine_review|timezone_not_normalized_to_utc
5380075,1164985,2003,2003-12-11T00:47:00,2003-12-12T09:00:00,EST,32.21666666666667,51,,Z,055,STAFFORD,0,0,0,0,,,,0,,0,1,begin_coordinates_missing_or_invalid|damage_crops_missing|damage_property_missing|end_coordinates_missing_or_invalid|no_valid_location_points|requires_crosswalk_or_marine_review|timezone_not_normalized_to_utc
5380076,1164985,2003,2003-12-11T00:47:00,2003-12-12T01:00:00,EST,24.216666666666665,51,,Z,030,WARREN,0,0,0,0,,,,0,,0,1,begin_coordinates_missing_or_invalid|damage_crops_missing|damage_property_missing|end_coordinates_missing_or_invalid|no_valid_location_points|requires_crosswalk_or_marine_review|timezone_not_normalized_to_utc
5380095,1165129,2003,2003-12-17T23:45:00,2003-12-18T06:45:00,EST,7.0,33,,Z,003,NORTHERN GRAFTON,0,0,0,0,,,,0,,0,1,begin_coordinates_missing_or_invalid|damage_crops_missing|damage_property_missing|end_coordinates_missing_or_invalid|no_valid_location_points|requires_crosswalk_or_marine_review|timezone_not_normalized_to_utc
5380096,1165129,2003,2003-12-18T02:00:00,2003-12-19T02:00:00,EST,24.0,33,,Z,005,SOUTHERN GRAFTON,0,0,0,0,60000,,,0,,0,1,begin_coordinates_missing_or_invalid|damage_crops_missing|end_coordinates_missing_or_invalid|no_valid_location_points|requires_crosswalk_or_marine_review|timezone_not_normalized_to_utc
5380097,1165129,2003,2003-12-18T03:00:00,2003-12-18T18:15:00,EST,15.25,33,,Z,004,NORTHERN CARROLL,0,0,0,0,,,,0,,0,1,begin_coordinates_missing_or_invalid|damage_crops_missing|damage_property_missing|end_coordinates_missing_or_invalid|no_valid_location_points|requires_crosswalk_or_marine_review|timezone_not_normalized_to_utc
5380098,1165129,2003,2003-12-18T03:00:00,2003-12-18T18:15:00,EST,15.25,33,,Z,006,SOUTHERN CARROLL,0,0,0,0,,,,0,,0,1,begin_coordinates_missing_or_invalid|damage_crops_missing|damage_property_missing|end_coordinates_missing_or_invalid|no_valid_location_points|requires_crosswalk_or_marine_review|timezone_not_normalized_to_utc
5380099,1165130,2003,2003-12-18T22:00:00,2003-12-20T01:15:00,EST,27.25,23,,Z,020,ANDROSCOGGIN,0,0,0,0,,,,0,,0,1,begin_coordinates_missing_or_invalid|damage_crops_missing|damage_property_missing|end_coordinates_missing_or_invalid|no_valid_location_points|requires_crosswalk_or_marine_review|timezone_not_normalized_to_utc
5380100,1165130,2003,2003-12-18T20:00:00,2003-12-19T12:00:00,EST,16.0,23,,Z,009,CENTRAL SOMERSET,0,0,0,0,,,,0,,0,1,begin_coordinates_missing_or_invalid|damage_crops_missing|damage_property_missing|end_coordinates_missing_or_invalid|no_valid_location_points|requires_crosswalk_or_marine_review|timezone_not_normalized_to_utc
5380101,1165130,2003,2003-12-18T06:00:00,2003-12-19T00:00:00,EST,18.0,23,,Z,028,COASTAL WALDO,0,0,0,0,,,,0,,0,1,begin_coordinates_missing_or_invalid|damage_crops_missing|damage_property_missing|end_coordinates_missing_or_invalid|no_valid_location_points|requires_crosswalk_or_marine_review|timezone_not_normalized_to_utc
5380102,1165130,2003,2003-12-18T06:00:00,2003-12-19T00:00:00,EST,18.0,23,,Z,022,INTERIOR WALDO,0,0,0,0,,,,0,,0,1,begin_coordinates_missing_or_invalid|damage_crops_missing|damage_property_missing|end_coordinates_missing_or_invalid|no_valid_location_points|requires_crosswalk_or_marine_review|timezone_not_normalized_to_utc
5380103,1165130,2003,2003-12-18T16:30:00,2003-12-20T04:15:00,EST,35.75,23,,Z,021,KENNEBEC,0,0,0,0,,,,0,,0,1,begin_coordinates_missing_or_invalid|damage_crops_missing|damage_property_missing|end_coordinates_missing_or_invalid|no_valid_location_points|requires_crosswalk_or_marine_review|timezone_not_normalized_to_utc
5380104,1165130,2003,2003-12-17T20:00:00,2003-12-19T12:00:00,EST,40.0,23,,Z,008,NORTHERN FRANKLIN,0,0,0,0,,,,0,,0,1,begin_coordinates_missing_or_invalid|damage_crops_missing|damage_property_missing|end_coordinates_missing_or_invalid|no_valid_location_points|requires_crosswalk_or_marine_review|timezone_not_normalized_to_utc
5380105,1165130,2003,2003-12-17T20:00:00,2003-12-19T12:00:00,EST,40.0,23,,Z,007,NORTHERN OXFORD,0,0,0,0,,,,0,,0,1,begin_coordinates_missing_or_invalid|damage_crops_missing|damage_property_missing|end_coordinates_missing_or_invalid|no_valid_location_points|requires_crosswalk_or_marine_review|timezone_not_normalized_to_utc
5380106,1165130,2003,2003-12-17T20:00:00,2003-12-19T12:00:00,EST,40.0,23,,Z,013,SOUTHERN FRANKLIN,0,0,0,0,,,,0,,0,1,begin_coordinates_missing_or_invalid|damage_crops_missing|damage_property_missing|end_coordinates_missing_or_invalid|no_valid_location_points|requires_crosswalk_or_marine_review|timezone_not_normalized_to_utc
5380107,1165130,2003,2003-12-17T20:00:00,2003-12-19T12:00:00,EST,40.0,23,,Z,012,SOUTHERN OXFORD,0,0,0,0,,,,0,,0,1,begin_coordinates_missing_or_invalid|damage_crops_missing|damage_property_missing|end_coordinates_missing_or_invalid|no_valid_location_points|requires_crosswalk_or_marine_review|timezone_not_normalized_to_utc
5380108,1165130,2003,2003-12-17T20:00:00,2003-12-20T01:00:00,EST,53.0,23,,Z,014,SOUTHERN SOMERSET,0,0,0,0,,,,0,,0,1,begin_coordinates_missing_or_invalid|damage_crops_missing|damage_property_missing|end_coordinates_missing_or_invalid|no_valid_location_points|requires_crosswalk_or_marine_review|timezone_not_normalized_to_utc
5380178,1165186,2003,2003-12-25T05:00:00,2003-12-26T12:00:00,EST,31.0,50,,Z,011,WESTERN RUTLAND,0,0,0,0,1000,,,0,,0,1,begin_coordinates_missing_or_invalid|damage_crops_missing|end_coordinates_missing_or_invalid|no_valid_location_points|requires_crosswalk_or_marine_review|timezone_not_normalized_to_utc
5380179,1165186,2003,2003-12-25T05:00:00,2003-12-26T10:00:00,EST,29.0,50,,Z,018,EASTERN ADDISON,0,0,0,0,1000,,,0,,0,1,begin_coordinates_missing_or_invalid|damage_crops_missing|end_coordinates_missing_or_invalid|no_valid_location_points|requires_crosswalk_or_marine_review|timezone_not_normalized_to_utc
5380211,1165186,2003,2003-12-25T05:00:00,2003-12-26T10:00:00,EST,29.0,50,,Z,009,WESTERN ADDISON,0,0,0,0,1000,,,0,,0,1,begin_coordinates_missing_or_invalid|damage_crops_missing|end_coordinates_missing_or_invalid|no_valid_location_points|requires_crosswalk_or_marine_review|timezone_not_normalized_to_utc
5380212,1165187,2003,2003-12-25T10:04:00,2003-12-26T12:00:00,EST,25.933333333333334,36,,Z,028,EASTERN CLINTON,0,0,0,0,1000,,,0,,0,1,begin_coordinates_missing_or_invalid|damage_crops_missing|end_coordinates_missing_or_invalid|no_valid_location_points|requires_crosswalk_or_marine_review|timezone_not_normalized_to_utc
