event_id,episode_id,year,begin_time_local,end_time_local,timezone,duration_hours,state_fips,county_fips,area_type,area_code,area_name,injuries_direct,injuries_indirect,deaths_direct,deaths_indirect,damage_property_usd,damage_crops_usd,flood_cause,fatality_records,location_points,year_is_partial,core_fields_valid,quality_flags
5276488,1130365,2002,2002-01-07T16:00:00,2002-01-10T07:00:00,PST,63.0,53,,Z,012,OLYMPICS,0,0,0,0,200000,,,0,,0,1,begin_coordinates_missing_or_invalid|damage_crops_missing|end_coordinates_missing_or_invalid|no_valid_location_points|requires_crosswalk_or_marine_review|timezone_not_normalized_to_utc
5276489,1130365,2002,2002-01-07T16:00:00,2002-01-10T07:00:00,PST,63.0,53,,Z,010,HOOD CANAL/KITSAP PENINSULA,0,0,0,0,,,,0,,0,1,begin_coordinates_missing_or_invalid|damage_crops_missing|damage_property_missing|end_coordinates_missing_or_invalid|no_valid_location_points|requires_crosswalk_or_marine_review|timezone_not_normalized_to_utc
5276490,1130365,2002,2002-01-07T16:00:00,2002-01-10T07:00:00,PST,63.0,53,,Z,006,EVERETT AND VICINITY,0,0,0,0,,,,0,,0,1,begin_coordinates_missing_or_invalid|damage_crops_missing|damage_property_missing|end_coordinates_missing_or_invalid|no_valid_location_points|requires_crosswalk_or_marine_review|timezone_not_normalized_to_utc
5276491,1130365,2002,2002-01-07T16:00:00,2002-01-10T07:00:00,PST,63.0,53,,Z,011,SOUTHWEST INTERIOR,0,0,0,0,,,,0,,0,1,begin_coordinates_missing_or_invalid|damage_crops_missing|damage_property_missing|end_coordinates_missing_or_invalid|no_valid_location_points|requires_crosswalk_or_marine_review|timezone_not_normalized_to_utc
5276492,1130365,2002,2002-01-07T16:00:00,2002-01-10T07:00:00,PST,63.0,53,,Z,007,SEATTLE METROPOLITAN AREA,0,0,0,0,,,,0,,0,1,begin_coordinates_missing_or_invalid|damage_crops_missing|damage_property_missing|end_coordinates_missing_or_invalid|no_valid_location_points|requires_crosswalk_or_marine_review|timezone_not_normalized_to_utc
5276493,1130365,2002,2002-01-07T16:00:00,2002-01-10T07:00:00,PST,63.0,53,,Z,005,NORTHWEST INTERIOR,0,0,0,0,,,,0,,0,1,begin_coordinates_missing_or_invalid|damage_crops_missing|damage_property_missing|end_coordinates_missing_or_invalid|no_valid_location_points|requires_crosswalk_or_marine_review|timezone_not_normalized_to_utc
5276494,1130365,2002,2002-01-07T16:00:00,2002-01-10T07:00:00,PST,63.0,53,,Z,002,WESTERN WHATCOM,0,0,0,0,,,,0,,0,1,begin_coordinates_missing_or_invalid|damage_crops_missing|damage_property_missing|end_coordinates_missing_or_invalid|no_valid_location_points|requires_crosswalk_or_marine_review|timezone_not_normalized_to_utc
5276510,1130371,2002,2002-01-31T16:00:00,2002-01-31T23:59:00,CST,7.983333333333333,29,,Z,083,DENT,0,0,0,0,0,,,0,,0,1,begin_coordinates_missing_or_invalid|damage_crops_missing|end_coordinates_missing_or_invalid|no_valid_location_points|requires_crosswalk_or_marine_review|timezone_not_normalized_to_utc
5276511,1130371,2002,2002-01-31T13:00:00,2002-01-31T23:59:00,CST,10.983333333333333,29,,Z,096,DOUGLAS,0,0,0,0,0,,,0,,0,1,begin_coordinates_missing_or_invalid|damage_crops_missing|end_coordinates_missing_or_invalid|no_valid_location_points|requires_crosswalk_or_marine_review|timezone_not_normalized_to_utc
5276512,1130371,2002,2002-01-31T16:00:00,2002-01-31T23:59:00,CST,7.983333333333333,29,,Z,097,HOWELL,0,0,0,0,0,,,0,,0,1,begin_coordinates_missing_or_invalid|damage_crops_missing|end_coordinates_missing_or_invalid|no_valid_location_points|requires_crosswalk_or_marine_review|timezone_not_normalized_to_utc
5276513,1130371,2002,2002-01-31T16:00:00,2002-01-31T23:59:00,CST,7.983333333333333,29,,Z,058,MARIES,0,0,0,0,0,,,0,,0,1,begin_coordinates_missing_or_invalid|damage_crops_missing|end_coordinates_missing_or_invalid|no_valid_location_points|requires_crosswalk_or_marine_review|timezone_not_normalized_to_utc
5276514,1130371,2002,2002-01-31T16:00:00,2002-01-31T23:59:00,CST,7.983333333333333,29,,Z,106,OREGON,0,0,0,0,0,,,0,,0,1,begin_coordinates_missing_or_invalid|damage_crops_missing|end_coordinates_missing_or_invalid|no_valid_location_points|requires_crosswalk_or_marine_review|timezone_not_normalized_to_utc
5276515,1130371,2002,2002-01-31T13:00:00,2002-01-31T23:59:00,CST,10.983333333333333,29,,Z,105,OZARK,0,0,0,0,0,,,0,,0,1,begin_coordinates_missing_or_invalid|damage_crops_missing|end_coordinates_missing_or_invalid|no_valid_location_points|requires_crosswalk_or_marine_review|timezone_not_normalized_to_utc
5276516,1130371,2002,2002-01-31T16:00:00,2002-01-31T23:59:00,CST,7.983333333333333,29,,Z,071,PHELPS,0,0,0,0,0,,,0,,0,1,begin_coordinates_missing_or_invalid|damage_crops_missing|end_coordinates_missing_or_invalid|no_valid_location_points|requires_crosswalk_or_marine_review|timezone_not_normalized_to_utc
5276517,1130371,2002,2002-01-31T16:00:00,2002-01-31T23:59:00,CST,7.983333333333333,29,,Z,070,PULASKI,0,0,0,0,0,,,0,,0,1,begin_coordinates_missing_or_invalid|damage_crops_missing|end_coordinates_missing_or_invalid|no_valid_location_points|requires_crosswalk_or_marine_review|timezone_not_normalized_to_utc
5276518,1130087,2002,2002-01-24T03:00:00,2002-01-24T12:00:00,EST,9.0,54,,Z,039,UPSHUR,0,0,0,0,,,,0,,0,1,begin_coordinates_missing_or_invalid|damage_crops_missing|damage_property_missing|end_coordinates_missing_or_invalid|no_valid_location_points|requires_crosswalk_or_marine_review|timezone_not_normalized_to_utc
5276650,1130371,2002,2002-01-31T16:00:00,2002-01-31T23:59:00,CST,7.983333333333333,29,,Z,098,SHANNON,0,0,0,0,0,,,0,,0,1,begin_coordinates_missing_or_invalid|damage_crops_missing|end_coordinates_missing_or_invalid|no_valid_location_points|requires_crosswalk_or_marine_review|timezone_not_normalized_to_utc
5276651,1130371,2002,2002-01-31T16:00:00,2002-01-31T23:59:00,CST,7.983333333333333,29,,Z,082,TEXAS,0,0,0,0,0,,,0,,0,1,begin_coordinates_missing_or_invalid|damage_crops_missing|end_coordinates_missing_or_invalid|no_valid_location_points|requires_crosswalk_or_marine_review|timezone_not_normalized_to_utc
5276808,1130104,2002,2002-01-31T23:37:00,2002-01-31T23:59:00,EST,0.36666666666666664,39,,Z,034,MERCER,0,0,0,0,,,,0,,0,1,begin_coordinates_missing_or_invalid|damage_crops_missing|damage_property_missing|end_coordinates_missing_or_invalid|no_valid_location_points|requires_crosswalk_or_marine_review|timezone_not_normalized_to_utc
5277246,1130287,2002,2002-01-26T16:00:00,2002-01-31T23:59:00,CST,127.98333333333333,17,,Z,092,ALEXANDER,0,0,0,0,,,,0,,0,1,begin_coordinates_missing_or_invalid|damage_crops_missing|damage_property_missing|end_coordinates_missing_or_invalid|no_valid_location_points|requires_crosswalk_or_marine_review|timezone_not_normalized_to_utc
5277247,1130287,2002,2002-01-26T16:00:00,2002-01-31T23:59:00,CST,127.98333333333333,17,,Z,094,MASSAC,0,0,0,0,,,,0,,0,1,begin_coordinates_missing_or_invalid|damage_crops_missing|damage_property_missing|end_coordinates_missing_or_invalid|no_valid_location_points|requires_crosswalk_or_marine_review|timezone_not_normalized_to_utc
5277248,1130287,2002,2002-01-26T16:00:00,2002-01-31T23:59:00,CST,127.98333333333333,17,,Z,093,PULASKI,0,0,0,0,,,,0,,0,1,begin_coordinates_missing_or_invalid|damage_crops_missing|damage_property_missing|end_coordinates_missing_or_invalid|no_valid_location_points|requires_crosswalk_or_marine_review|timezone_not_normalized_to_utc
5277249,1130288,2002,2002-01-25T04:00:00,2002-01-29T12:00:00,CST,104.0,21,,Z,021,MUHLENBERG,0,0,0,0,,,,0,,0,1,begin_coordinates_missing_or_invalid|damage_crops_missing|damage_property_missing|end_coordinates_missing_or_invalid|no_valid_location_points|requires_crosswalk_or_marine_review|timezone_not_normalized_to_utc
5277250,1130289,2002,2002-01-23T20:04:00,2002-01-23T23:45:00,CST,3.683333333333333,29,,Z,109,BUTLER,0,0,0,0,6000,,,0,,0,1,begin_coordinates_missing_or_invalid|damage_crops_missing|end_coordinates_missing_or_invalid|no_valid_location_points|requires_crosswalk_or_marine_review|timezone_not_normalized_to_utc
5277251,1130289,2002,2002-01-23T20:22:00,2002-01-23T23:45:00,CST,3.3833333333333333,29,,Z,108,RIPLEY,0,0,0,0,40000,,,0,,0,1,begin_coordinates_missing_or_invalid|damage_crops_missing|end_coordinates_missing_or_invalid|no_valid_location_points|requires_crosswalk_or_marine_review|timezone_not_normalized_to_utc
5277252,1130289,2002,2002-01-23T21:15:00,2002-01-24T01:00:00,CST,3.75,29,,Z,111,SCOTT,0,0,0,0,,,,0,,0,1,begin_coordinates_missing_or_invalid|damage_crops_missing|damage_property_missing|end_coordinates_missing_or_invalid|no_valid_location_points|requires_crosswalk_or_marine_review|timezone_not_normalized_to_utc
5277253,1130289,2002,2002-01-23T21:15:00,2002-01-24T01:15:00,CST,4.0,29,,Z,110,STODDARD,0,0,0,0,,,,0,,0,1,begin_coordinates_missing_or_invalid|damage_crops_missing|damage_property_missing|end_coordinates_missing_or_invalid|no_valid_location_points|requires_crosswalk_or_marine_review|timezone_not_normalized_to_utc
5277254,1130290,2002,2002-01-23T21:15:00,2002-01-24T02:00:00,CST,4.75,17,,Z,092,ALEXANDER,0,0,0,0,,,,0,,0,1,begin_coordinates_missing_or_invalid|damage_crops_missing|damage_property_missing|end_coordinates_missing_or_invalid|no_valid_location_points|requires_crosswalk_or_marine_review|timezone_not_normalized_to_utc
5277255,1130290,2002,2002-01-23T21:15:00,2002-01-24T02:00:00,CST,4.75,17,,Z,089,JOHNSON,0,0,0,0,5000,,,0,,0,1,begin_coordinates_missing_or_invalid|damage_crops_missing|end_coordinates_missing_or_invalid|no_valid_location_points|requires_crosswalk_or_marine_review|timezone_not_normalized_to_utc
5277256,1130290,2002,2002-01-23T21:15:00,2002-01-24T02:00:00,CST,4.75,17,,Z,093,PULASKI,0,0,0,0,25000,,,0,,0,1,begin_coordinates_missing_or_invalid|damage_crops_missing|end_coordinates_missing_or_invalid|no_valid_location_points|requires_crosswalk_or_marine_review|timezone_not_normalized_to_utc
5277257,1130291,2002,2002-01-23T22:00:00,2002-01-24T03:00:00,CST,5.0,21,,Z,010,CRITTENDEN,0,0,0,0,,,,0,,0,1,begin_coordinates_missing_or_invalid|damage_crops_missing|damage_property_missing|end_coordinates_missing_or_invalid|no_valid_location_points|requires_crosswalk_or_marine_review|timezone_not_normalized_to_utc
5277258,1130291,2002,2002-01-23T23:15:00,2002-01-24T05:00:00,CST,5.75,21,,Z,019,DAVIESS,0,0,0,0,,,,0,,0,1,begin_coordinates_missing_or_invalid|damage_crops_missing|damage_property_missing|end_coordinates_missing_or_invalid|no_valid_location_points|requires_crosswalk_or_marine_review|timezone_not_normalized_to_utc
5277259,1130291,2002,2002-01-23T22:15:00,2002-01-24T04:00:00,CST,5.75,21,,Z,015,WEBSTER,0,0,0,0,,,,0,,0,1,begin_coordinates_missing_or_invalid|damage_crops_missing|damage_property_missing|end_coordinates_missing_or_invalid|no_valid_location_points|requires_crosswalk_or_marine_review|timezone_not_normalized_to_utc
5277260,1130292,2002,2002-01-24T02:00:00,2002-01-24T07:30:00,CST,5.5,21,,Z,022,TODD,0,0,0,0,,,,0,,0,1,begin_coordinates_missing_or_invalid|damage_crops_missing|damage_property_missing|end_coordinates_missing_or_invalid|no_valid_location_points|requires_crosswalk_or_marine_review|timezone_not_normalized_to_utc
5277261,1130293,2002,2002-01-24T16:45:00,2002-01-24T20:00:00,CST,3.25,17,,Z,093,PULASKI,0,0,0,0,,,,0,,0,1,begin_coordinates_missing_or_invalid|damage_crops_missing|damage_property_missing|end_coordinates_missing_or_invalid|no_valid_location_points|requires_crosswalk_or_marine_review|timezone_not_normalized_to_utc
5278374,1130360,2002,2002-01-23T11:00:00,2002-01-23T13:30:00,EST,2.5,51,51185,C,185,TAZEWELL,0,0,0,0,,,,0,,0,1,begin_coordinates_missing_or_invalid|county_code_unverified|damage_crops_missing|damage_property_missing|end_coordinates_missing_or_invalid|no_valid_location_points|timezone_not_normalized_to_utc
5278413,1130086,2002,2002-01-23T04:00:00,2002-01-23T15:00:00,EST,11.0,51,,Z,004,BUCHANAN,0,0,0,0,,,,0,,0,1,begin_coordinates_missing_or_invalid|damage_crops_missing|damage_property_missing|end_coordinates_missing_or_invalid|no_valid_location_points|requires_crosswalk_or_marine_review|timezone_not_normalized_to_utc
5278414,1130086,2002,2002-01-23T04:00:00,2002-01-23T15:00:00,EST,11.0,51,,Z,003,DICKENSON,0,0,0,0,15000,,,0,,0,1,begin_coordinates_missing_or_invalid|damage_crops_missing|end_coordinates_missing_or_invalid|no_valid_location_points|requires_crosswalk_or_marine_review|timezone_not_normalized_to_utc
5278415,1130087,2002,2002-01-24T03:00:00,2002-01-24T12:00:00,EST,9.0,54,,Z,029,GILMER,0,0,0,0,,,,0,,0,1,begin_coordinates_missing_or_invalid|damage_crops_missing|damage_property_missing|end_coordinates_missing_or_invalid|no_valid_location_points|requires_crosswalk_or_marine_review|timezone_not_normalized_to_utc
5278416,1130087,2002,2002-01-24T03:00:00,2002-01-24T12:00:00,EST,9.0,54,,Z,018,CALHOUN,0,0,0,0,,,,0,,0,1,begin_coordinates_missing_or_invalid|damage_crops_missing|damage_property_missing|end_coordinates_missing_or_invalid|no_valid_location_points|requires_crosswalk_or_marine_review|timezone_not_normalized_to_utc
5278417,1130087,2002,2002-01-24T03:00:00,2002-01-24T12:00:00,EST,9.0,54,,Z,008,JACKSON,0,0,0,0,,,,0,,0,1,begin_coordinates_missing_or_invalid|damage_crops_missing|damage_property_missing|end_coordinates_missing_or_invalid|no_valid_location_points|requires_crosswalk_or_marine_review|timezone_not_normalized_to_utc
5278418,1130087,2002,2002-01-24T03:00:00,2002-01-24T12:00:00,EST,9.0,54,,Z,030,LEWIS,0,0,0,0,,,,0,,0,1,begin_coordinates_missing_or_invalid|damage_crops_missing|damage_property_missing|end_coordinates_missing_or_invalid|no_valid_location_points|requires_crosswalk_or_marine_review|timezone_not_normalized_to_utc
5278419,1130087,2002,2002-01-24T03:00:00,2002-01-24T12:00:00,EST,9.0,54,,Z,007,MASON,0,0,0,0,,,,0,,0,1,begin_coordinates_missing_or_invalid|damage_crops_missing|damage_property_missing|end_coordinates_missing_or_invalid|no_valid_location_points|requires_crosswalk_or_marine_review|timezone_not_normalized_to_utc
5278420,1130087,2002,2002-01-24T03:00:00,2002-01-24T12:00:00,EST,9.0,54,,Z,047,RANDOLPH,0,0,0,0,3000,,,0,,0,1,begin_coordinates_missing_or_invalid|damage_crops_missing|end_coordinates_missing_or_invalid|no_valid_location_points|requires_crosswalk_or_marine_review|timezone_not_normalized_to_utc
5278421,1130087,2002,2002-01-24T03:00:00,2002-01-24T12:00:00,EST,9.0,54,,Z,016,ROANE,0,0,0,0,15000,,,0,,0,1,begin_coordinates_missing_or_invalid|damage_crops_missing|end_coordinates_missing_or_invalid|no_valid_location_points|requires_crosswalk_or_marine_review|timezone_not_normalized_to_utc
5278438,1130139,2002,2002-01-24T08:30:00,2002-01-24T08:30:00,EST,0.0,47,47107,C,107,MCMINN,0,0,0,0,,,,0,,0,1,begin_coordinates_missing_or_invalid|county_code_unverified|damage_crops_missing|damage_property_missing|end_coordinates_missing_or_invalid|no_valid_location_points|timezone_not_normalized_to_utc
5278442,1130143,2002,2002-01-24T08:35:00,2002-01-24T08:35:00,EST,0.0,47,47123,C,123,MONROE,0,0,0,0,,,,0,,0,1,begin_coordinates_missing_or_invalid|county_code_unverified|damage_crops_missing|damage_property_missing|end_coordinates_missing_or_invalid|no_valid_location_points|timezone_not_normalized_to_utc
5278608,1130691,2002,2002-01-29T17:45:00,2002-01-29T20:00:00,HST,2.25,15,15009,C,009,MAUI,0,0,0,0,,,,0,,0,1,begin_coordinates_missing_or_invalid|county_code_unverified|damage_crops_missing|damage_property_missing|end_coordinates_missing_or_invalid|no_valid_location_points|timezone_not_normalized_to_utc
5278609,1130692,2002,2002-01-30T12:00:00,2002-01-30T14:30:00,HST,2.5,15,15007,C,007,KAUAI,0,0,0,0,,,,0,,0,1,begin_coordinates_missing_or_invalid|county_code_unverified|damage_crops_missing|damage_property_missing|end_coordinates_missing_or_invalid|no_valid_location_points|timezone_not_normalized_to_utc
5278977,1130853,2002,2002-01-23T13:00:00,2002-01-23T17:00:00,EST,4.0,37,,Z,072,CABARRUS,0,0,0,0,,,,0,,0,1,begin_coordinates_missing_or_invalid|damage_crops_missing|damage_property_missing|end_coordinates_missing_or_invalid|no_valid_location_points|requires_crosswalk_or_marine_review|timezone_not_normalized_to_utc
5279026,1130573,2002,2002-02-22T04:00:00,2002-02-22T16:45:00,EST,12.75,26,,Z,053,SAGINAW,0,0,0,0,,,,0,,0,1,begin_coordinates_missing_or_invalid|damage_crops_missing|damage_property_missing|end_coordinates_missing_or_invalid|no_valid_location_points|requires_crosswalk_or_marine_review|timezone_not_normalized_to_utc
5279555,1130759,2002,2002-01-31T17:00:00,2002-01-31T23:59:00,CST,6.983333333333333,40,,Z,076,LE FLORE,0,0,0,0,,,,0,,0,1,begin_coordinates_missing_or_invalid|damage_crops_missing|damage_property_missing|end_coordinates_missing_or_invalid|no_valid_location_points|requires_crosswalk_or_marine_review|timezone_not_normalized_to_utc
5279556,1130760,2002,2002-01-31T18:00:00,2002-01-31T23:59:00,CST,5.983333333333333,40,,Z,076,LE FLORE,0,0,0,0,,,,0,,0,1,begin_coordinates_missing_or_invalid|damage_crops_missing|damage_property_missing|end_coordinates_missing_or_invalid|no_valid_location_points|requires_crosswalk_or_marine_review|timezone_not_normalized_to_utc
5279619,1130461,2002,2002-01-02T07:00:00,2002-01-02T23:45:00,PST,16.75,06,,Z,002,MENDOCINO COAST,0,0,0,0,,,,0,,0,1,begin_coordinates_missing_or_invalid|damage_crops_missing|damage_property_missing|end_coordinates_missing_or_invalid|no_valid_location_points|requires_crosswalk_or_marine_review|timezone_not_normalized_to_utc
5279620,1130461,2002,2002-01-02T07:00:00,2002-01-02T23:45:00,PST,16.75,06,,Z,076,MENDOCINO INTERIOR,0,0,0,0,,,,0,,0,1,begin_coordinates_missing_or_invalid|damage_crops_missing|damage_property_missing|end_coordinates_missing_or_invalid|no_valid_location_points|requires_crosswalk_or_marine_review|timezone_not_normalized_to_utc
5279642,1130622,2002,2002-01-24T22:00:00,2002-01-25T02:00:00,EST,4.0,21,21195,C,195,PIKE,0,0,0,0,0,0,,0,,0,1,begin_coordinates_missing_or_invalid|county_code_unverified|end_coordinates_missing_or_invalid|no_valid_location_points|timezone_not_normalized_to_utc
5279724,1130627,2002,2002-01-24T23:30:00,2002-01-25T13:45:00,EST,14.25,21,,Z,026,OHIO,0,0,0,0,,,,0,,0,1,begin_coordinates_missing_or_invalid|damage_crops_missing|damage_property_missing|end_coordinates_missing_or_invalid|no_valid_location_points|requires_crosswalk_or_marine_review|timezone_not_normalized_to_utc
5279725,1130628,2002,2002-01-25T01:00:00,2002-01-27T01:00:00,EST,48.0,21,,Z,061,BUTLER,0,0,0,0,,,,0,,0,1,begin_coordinates_missing_or_invalid|damage_crops_missing|damage_property_missing|end_coordinates_missing_or_invalid|no_valid_location_points|requires_crosswalk_or_marine_review|timezone_not_normalized_to_utc
5279726,1130629,2002,2002-01-25T19:40:00,2002-01-27T07:00:00,EST,35.333333333333336,21,,Z,061,BUTLER,0,0,0,0,,,,0,,0,1,begin_coordinates_missing_or_invalid|damage_crops_missing|damage_property_missing|end_coordinates_missing_or_invalid|no_valid_location_points|requires_crosswalk_or_marine_review|timezone_not_normalized_to_utc
5280063,1130658,2002,2002-01-22T23:30:00,2002-01-23T00:10:00,CST,0.6666666666666666,47,47131,C,131,OBION,0,0,0,0,1000,,,0,,0,1,begin_coordinates_missing_or_invalid|county_code_unverified|damage_crops_missing|end_coordinates_missing_or_invalid|no_valid_location_points|timezone_not_normalized_to_utc
5280176,1131500,2002,2002-03-17T08:45:00,2002-03-18T20:00:00,EST,35.25,47,,Z,036,ANDERSON,0,0,0,0,,,,0,,0,1,begin_coordinates_missing_or_invalid|damage_crops_missing|damage_property_missing|end_coordinates_missing_or_invalid|no_valid_location_points|requires_crosswalk_or_marine_review|timezone_not_normalized_to_utc
5280177,1131500,2002,2002-03-17T08:45:00,2002-03-18T20:00:00,EST,35.25,47,,Z,082,BLEDSOE,0,0,0,0,5000000,,,0,,0,1,begin_coordinates_missing_or_invalid|damage_crops_missing|end_coordinates_missing_or_invalid|no_valid_location_points|requires_crosswalk_or_marine_review|timezone_not_normalized_to_utc
5280178,1131500,2002,2002-03-17T08:45:00,2002-03-18T20:00:00,EST,35.25,47,,Z,072,BLOUNT/SMOKY MOUNTAINS,0,0,0,0,,,,0,,0,1,begin_coordinates_missing_or_invalid|damage_crops_missing|damage_property_missing|end_coordinates_missing_or_invalid|no_valid_location_points|requires_crosswalk_or_marine_review|timezone_not_normalized_to_utc
5280179,1131500,2002,2002-03-17T08:45:00,2002-03-18T20:00:00,EST,35.25,47,,Z,013,CAMPBELL,0,0,0,0,,,,0,,0,1,begin_coordinates_missing_or_invalid|damage_crops_missing|damage_property_missing|end_coordinates_missing_or_invalid|no_valid_location_points|requires_crosswalk_or_marine_review|timezone_not_normalized_to_utc
5280180,1131500,2002,2002-03-17T08:45:00,2002-03-18T20:00:00,EST,35.25,47,,Z,014,CLAIBORNE,0,0,0,0,,,,0,,0,1,begin_coordinates_missing_or_invalid|damage_crops_missing|damage_property_missing|end_coordinates_missing_or_invalid|no_valid_location_points|requires_crosswalk_or_marine_review|timezone_not_normalized_to_utc
5280181,1131500,2002,2002-03-17T08:45:00,2002-03-18T20:00:00,EST,35.25,47,,Z,041,COCKE/SMOKY MOUNTAINS,0,0,0,0,,,,0,,0,1,begin_coordinates_missing_or_invalid|damage_crops_missing|damage_property_missing|end_coordinates_missing_or_invalid|no_valid_location_points|requires_crosswalk_or_marine_review|timezone_not_normalized_to_utc
5280182,1131500,2002,2002-03-17T08:45:00,2002-03-18T20:00:00,EST,35.25,47,,Z,038,GRAINGER,0,0,0,0,,,,0,,0,1,begin_coordinates_missing_or_invalid|damage_crops_missing|damage_property_missing|end_coordinates_missing_or_invalid|no_valid_location_points|requires_crosswalk_or_marine_review|timezone_not_normalized_to_utc
5280183,1131500,2002,2002-03-17T08:45:00,2002-03-18T20:00:00,EST,35.25,47,,Z,039,HAMBLEN,0,0,0,0,,,,0,,0,1,begin_coordinates_missing_or_invalid|damage_crops_missing|damage_property_missing|end_coordinates_missing_or_invalid|no_valid_location_points|requires_crosswalk_or_marine_review|timezone_not_normalized_to_utc
5280184,1131500,2002,2002-03-17T08:45:00,2002-03-18T20:00:00,EST,35.25,47,,Z,015,HANCOCK,0,0,0,0,,,,0,,0,1,begin_coordinates_missing_or_invalid|damage_crops_missing|damage_property_missing|end_coordinates_missing_or_invalid|no_valid_location_points|requires_crosswalk_or_marine_review|timezone_not_normalized_to_utc
5280185,1131500,2002,2002-03-17T08:45:00,2002-03-18T20:00:00,EST,35.25,47,,Z,016,HAWKINS,0,0,0,0,,,,0,,0,1,begin_coordinates_missing_or_invalid|damage_crops_missing|damage_property_missing|end_coordinates_missing_or_invalid|no_valid_location_points|requires_crosswalk_or_marine_review|timezone_not_normalized_to_utc
5280186,1131500,2002,2002-03-17T08:45:00,2002-03-18T20:00:00,EST,35.25,47,,Z,070,JEFFERSON,0,0,0,0,,,,0,,0,1,begin_coordinates_missing_or_invalid|damage_crops_missing|damage_property_missing|end_coordinates_missing_or_invalid|no_valid_location_points|requires_crosswalk_or_marine_review|timezone_not_normalized_to_utc
5280187,1131500,2002,2002-03-17T08:45:00,2002-03-18T20:00:00,EST,35.25,47,,Z,018,JOHNSON,0,0,0,0,,,,0,,0,1,begin_coordinates_missing_or_invalid|damage_crops_missing|damage_property_missing|end_coordinates_missing_or_invalid|no_valid_location_points|requires_crosswalk_or_marine_review|timezone_not_normalized_to_utc
5280416,1131367,2002,2002-02-01T00:00:00,2002-02-01T08:00:00,CST,8.0,29,,Z,083,DENT,0,0,0,0,0,,,0,,0,1,begin_coordinates_missing_or_invalid|damage_crops_missing|end_coordinates_missing_or_invalid|no_valid_location_points|requires_crosswalk_or_marine_review|timezone_not_normalized_to_utc
5280417,1131367,2002,2002-02-01T00:00:00,2002-02-01T08:00:00,CST,8.0,29,,Z,096,DOUGLAS,0,0,0,0,0,,,0,,0,1,begin_coordinates_missing_or_invalid|damage_crops_missing|end_coordinates_missing_or_invalid|no_valid_location_points|requires_crosswalk_or_marine_review|timezone_not_normalized_to_utc
5280418,1131367,2002,2002-02-01T00:00:00,2002-02-01T08:00:00,CST,8.0,29,,Z,097,HOWELL,0,0,0,0,0,,,0,,0,1,begin_coordinates_missing_or_invalid|damage_crops_missing|end_coordinates_missing_or_invalid|no_valid_location_points|requires_crosswalk_or_marine_review|timezone_not_normalized_to_utc
5280419,1131367,2002,2002-02-01T00:00:00,2002-02-01T08:00:00,CST,8.0,29,,Z,058,MARIES,0,0,0,0,0,,,0,,0,1,begin_coordinates_missing_or_invalid|damage_crops_missing|end_coordinates_missing_or_invalid|no_valid_location_points|requires_crosswalk_or_marine_review|timezone_not_normalized_to_utc
5280420,1131367,2002,2002-02-01T00:00:00,2002-02-01T08:00:00,CST,8.0,29,,Z,106,OREGON,0,0,0,0,0,,,0,,0,1,begin_coordinates_missing_or_invalid|damage_crops_missing|end_coordinates_missing_or_invalid|no_valid_location_points|requires_crosswalk_or_marine_review|timezone_not_normalized_to_utc
5280421,1131367,2002,2002-02-01T00:00:00,2002-02-01T08:00:00,CST,8.0,29,,Z,105,OZARK,0,0,0,0,0,,,0,,0,1,begin_coordinates_missing_or_invalid|damage_crops_missing|end_coordinates_missing_or_invalid|no_valid_location_points|requires_crosswalk_or_marine_review|timezone_not_normalized_to_utc
5280422,1131367,2002,2002-02-01T00:00:00,2002-02-01T08:00:00,CST,8.0,29,,Z,071,PHELPS,0,0,0,0,0,,,0,,0,1,begin_coordinates_missing_or_invalid|damage_crops_missing|end_coordinates_missing_or_invalid|no_valid_location_points|requires_crosswalk_or_marine_review|timezone_not_normalized_to_utc
5280423,1131367,2002,2002-02-01T00:00:00,2002-02-01T14:00:00,CST,14.0,29,,Z,070,PULASKI,0,0,0,0,0,,,0,,0,1,begin_coordinates_missing_or_invalid|damage_crops_missing|end_coordinates_missing_or_invalid|no_valid_location_points|requires_crosswalk_or_marine_review|timezone_not_normalized_to_utc
5280424,1131367,2002,2002-02-01T00:00:00,2002-02-01T14:00:00,CST,14.0,29,,Z,098,SHANNON,0,0,0,0,0,,,0,,0,1,begin_coordinates_missing_or_invalid|damage_crops_missing|end_coordinates_missing_or_invalid|no_valid_location_points|requires_crosswalk_or_marine_review|timezone_not_normalized_to_utc
5280425,1131367,2002,2002-02-01T00:00:00,2002-02-01T08:00:00,CST,8.0,29,,Z,082,TEXAS,0,0,0,0,0,,,0,,0,1,begin_coordinates_missing_or_invalid|damage_crops_missing|end_coordinates_missing_or_invalid|no_valid_location_points|requires_crosswalk_or_marine_review|timezone_not_normalized_to_utc
5280515,1131589,2002,2002-03-20T13:00:00,2002-03-20T23:59:00,SST,10.983333333333333,97,,C,002,TUTUILA,0,0,0,0,,,,0,,0,1,begin_coordinates_missing_or_invalid|damage_crops_missing|damage_property_missing|end_coordinates_missing_or_invalid|no_valid_location_points|requires_crosswalk_or_marine_review|timezone_not_normalized_to_utc
5280548,1131317,2002,2002-03-21T14:00:00,2002-03-31T23:59:00,CST,249.98333333333332,18,,Z,085,POSEY,0,0,0,0,,,,0,,0,1,begin_coordinates_missing_or_invalid|damage_crops_missing|damage_property_missing|end_coordinates_missing_or_invalid|no_valid_location_points|requires_crosswalk_or_marine_review|timezone_not_normalized_to_utc
5280549,1131317,2002,2002-03-21T14:00:00,2002-03-31T23:59:00,CST,249.98333333333332,18,,Z,088,SPENCER,0,0,0,0,,,,0,,0,1,begin_coordinates_missing_or_invalid|damage_crops_missing|damage_property_missing|end_coordinates_missing_or_invalid|no_valid_location_points|requires_crosswalk_or_marine_review|timezone_not_normalized_to_utc
5280550,1131317,2002,2002-03-21T14:00:00,2002-03-31T23:59:00,CST,249.98333333333332,18,,Z,086,VANDERBURGH,0,0,0,0,,,,0,,0,1,begin_coordinates_missing_or_invalid|damage_crops_missing|damage_property_missing|end_coordinates_missing_or_invalid|no_valid_location_points|requires_crosswalk_or_marine_review|timezone_not_normalized_to_utc
5280551,1131317,2002,2002-03-21T14:00:00,2002-03-31T23:59:00,CST,249.98333333333332,18,,Z,087,WARRICK,0,0,0,0,,,,0,,0,1,begin_coordinates_missing_or_invalid|damage_crops_missing|damage_property_missing|end_coordinates_missing_or_invalid|no_valid_location_points|requires_crosswalk_or_marine_review|timezone_not_normalized_to_utc
5280552,1131318,2002,2002-03-22T19:00:00,2002-03-31T23:59:00,CST,220.98333333333332,21,,Z,004,BALLARD,0,0,0,0,,,,0,,0,1,begin_coordinates_missing_or_invalid|damage_crops_missing|damage_property_missing|end_coordinates_missing_or_invalid|no_valid_location_points|requires_crosswalk_or_marine_review|timezone_not_normalized_to_utc
5280553,1131318,2002,2002-03-22T19:00:00,2002-03-31T23:59:00,CST,220.98333333333332,21,,Z,010,CRITTENDEN,0,0,0,0,,,,0,,0,1,begin_coordinates_missing_or_invalid|damage_crops_missing|damage_property_missing|end_coordinates_missing_or_invalid|no_valid_location_points|requires_crosswalk_or_marine_review|timezone_not_normalized_to_utc
5280554,1131318,2002,2002-03-22T19:00:00,2002-03-31T23:59:00,CST,220.98333333333332,21,,Z,019,DAVIESS,0,0,0,0,,,,0,,0,1,begin_coordinates_missing_or_invalid|damage_crops_missing|damage_property_missing|end_coordinates_missing_or_invalid|no_valid_location_points|requires_crosswalk_or_marine_review|timezone_not_normalized_to_utc
5280555,1131318,2002,2002-03-22T19:00:00,2002-03-31T23:59:00,CST,220.98333333333332,21,,Z,018,HENDERSON,0,0,0,0,,,,0,,0,1,begin_coordinates_missing_or_invalid|damage_crops_missing|damage_property_missing|end_coordinates_missing_or_invalid|no_valid_location_points|requires_crosswalk_or_marine_review|timezone_not_normalized_to_utc
5280556,1131318,2002,2002-03-22T19:00:00,2002-03-31T23:59:00,CST,220.98333333333332,21,,Z,007,LIVINGSTON,0,0,0,0,,,,0,,0,1,begin_coordinates_missing_or_invalid|damage_crops_missing|damage_property_missing|end_coordinates_missing_or_invalid|no_valid_location_points|requires_crosswalk_or_marine_review|timezone_not_normalized_to_utc
5280557,1131318,2002,2002-03-22T19:00:00,2002-03-31T23:59:00,CST,220.98333333333332,21,,Z,005,MCCRACKEN,0,0,0,0,,,,0,,0,1,begin_coordinates_missing_or_invalid|damage_crops_missing|damage_property_missing|end_coordinates_missing_or_invalid|no_valid_location_points|requires_crosswalk_or_marine_review|timezone_not_normalized_to_utc
5280642,1131318,2002,2002-03-22T19:00:00,2002-03-31T23:59:00,CST,220.98333333333332,21,,Z,014,UNION,0,0,0,0,,,,0,,0,1,begin_coordinates_missing_or_invalid|damage_crops_missing|damage_property_missing|end_coordinates_missing_or_invalid|no_valid_location_points|requires_crosswalk_or_marine_review|timezone_not_normalized_to_utc
5280643,1131319,2002,2002-03-20T13:00:00,2002-03-31T23:59:00,CST,274.98333333333335,17,,Z,092,ALEXANDER,0,0,0,0,,,,0,,0,1,begin_coordinates_missing_or_invalid|damage_crops_missing|damage_property_missing|end_coordinates_missing_or_invalid|no_valid_location_points|requires_crosswalk_or_marine_review|timezone_not_normalized_to_utc
5280644,1131319,2002,2002-03-20T13:00:00,2002-03-31T23:59:00,CST,274.98333333333335,17,,Z,087,GALLATIN,0,0,0,0,,,,0,,0,1,begin_coordinates_missing_or_invalid|damage_crops_missing|damage_property_missing|end_coordinates_missing_or_invalid|no_valid_location_points|requires_crosswalk_or_marine_review|timezone_not_normalized_to_utc
5280645,1131319,2002,2002-03-20T13:00:00,2002-03-31T23:59:00,CST,274.98333333333335,17,,Z,091,HARDIN,0,0,0,0,,,,0,,0,1,begin_coordinates_missing_or_invalid|damage_crops_missing|damage_property_missing|end_coordinates_missing_or_invalid|no_valid_location_points|requires_crosswalk_or_marine_review|timezone_not_normalized_to_utc
5280646,1131319,2002,2002-03-20T13:00:00,2002-03-31T23:59:00,CST,274.98333333333335,17,,Z,094,MASSAC,0,0,0,0,,,,0,,0,1,begin_coordinates_missing_or_invalid|damage_crops_missing|damage_property_missing|end_coordinates_missing_or_invalid|no_valid_location_points|requires_crosswalk_or_marine_review|timezone_not_normalized_to_utc
5280647,1131319,2002,2002-03-20T13:00:00,2002-03-31T23:59:00,CST,274.98333333333335,17,,Z,090,POPE,0,0,0,0,,,,0,,0,1,begin_coordinates_missing_or_invalid|damage_crops_missing|damage_property_missing|end_coordinates_missing_or_invalid|no_valid_location_points|requires_crosswalk_or_marine_review|timezone_not_normalized_to_utc
5280648,1131319,2002,2002-03-20T13:00:00,2002-03-31T23:59:00,CST,274.98333333333335,17,,Z,093,PULASKI,0,0,0,0,3000,,,0,,0,1,begin_coordinates_missing_or_invalid|damage_crops_missing|end_coordinates_missing_or_invalid|no_valid_location_points|requires_crosswalk_or_marine_review|timezone_not_normalized_to_utc
5280649,1131320,2002,2002-03-27T09:00:00,2002-03-29T14:00:00,CST,53.0,29,,Z,114,NEW MADRID,0,0,0,0,,,,0,,0,1,begin_coordinates_missing_or_invalid|damage_crops_missing|damage_property_missing|end_coordinates_missing_or_invalid|no_valid_location_points|requires_crosswalk_or_marine_review|timezone_not_normalized_to_utc
5280650,1131321,2002,2002-03-20T04:00:00,2002-03-31T23:59:00,CST,283.98333333333335,21,,Z,020,MCLEAN,0,0,0,0,,,,0,,0,1,begin_coordinates_missing_or_invalid|damage_crops_missing|damage_property_missing|end_coordinates_missing_or_invalid|no_valid_location_points|requires_crosswalk_or_marine_review|timezone_not_normalized_to_utc
5280651,1131321,2002,2002-03-20T04:00:00,2002-03-31T23:59:00,CST,283.98333333333335,21,,Z,021,MUHLENBERG,0,0,0,0,,,,0,,0,1,begin_coordinates_missing_or_invalid|damage_crops_missing|damage_property_missing|end_coordinates_missing_or_invalid|no_valid_location_points|requires_crosswalk_or_marine_review|timezone_not_normalized_to_utc
5280652,1131322,2002,2002-03-10T09:00:00,2002-03-31T23:59:00,CST,518.9833333333333,17,,Z,081,FRANKLIN,0,0,0,0,,,,0,,0,1,begin_coordinates_missing_or_invalid|damage_crops_missing|damage_property_missing|end_coordinates_missing_or_invalid|no_valid_location_points|requires_crosswalk_or_marine_review|timezone_not_normalized_to_utc
5280653,1131322,2002,2002-03-10T09:00:00,2002-03-31T23:59:00,CST,518.9833333333333,17,,Z,084,JACKSON,0,0,0,0,,,,0,,0,1,begin_coordinates_missing_or_invalid|damage_crops_missing|damage_property_missing|end_coordinates_missing_or_invalid|no_valid_location_points|requires_crosswalk_or_marine_review|timezone_not_normalized_to_utc
5280654,1131323,2002,2002-03-20T18:00:00,2002-03-31T23:59:00,CST,269.98333333333335,17,,Z,083,WHITE,0,0,0,0,,,,0,,0,1,begin_coordinates_missing_or_invalid|damage_crops_missing|damage_property_missing|end_coordinates_missing_or_invalid|no_valid_location_points|requires_crosswalk_or_marine_review|timezone_not_normalized_to_utc
5280655,1131324,2002,2002-03-09T18:00:00,2002-03-10T20:00:00,CST,26.0,29,,Z,100,WAYNE,0,0,0,0,,,,0,,0,1,begin_coordinates_missing_or_invalid|damage_crops_missing|damage_property_missing|end_coordinates_missing_or_invalid|no_valid_location_points|requires_crosswalk_or_marine_review|timezone_not_normalized_to_utc
5280656,1131325,2002,2002-03-20T09:00:00,2002-03-20T20:00:00,CST,11.0,29,,Z,100,WAYNE,0,0,0,0,,,,0,,0,1,begin_coordinates_missing_or_invalid|damage_crops_missing|damage_property_missing|end_coordinates_missing_or_invalid|no_valid_location_points|requires_crosswalk_or_marine_review|timezone_not_normalized_to_utc
5281243,1131342,2002,2002-03-30T21:00:00,2002-03-30T21:00:00,EST,0.0,13,13121,C,121,FULTON,0,0,0,0,,,,0,,0,1,begin_coordinates_missing_or_invalid|county_code_unverified|damage_crops_missing|damage_property_missing|end_coordinates_missing_or_invalid|no_valid_location_points|timezone_not_normalized_to_utc
5281256,1131500,2002,2002-03-17T08:45:00,2002-03-18T20:00:00,EST,35.25,47,,Z,069,KNOX,0,0,0,0,,,,0,,0,1,begin_coordinates_missing_or_invalid|damage_crops_missing|damage_property_missing|end_coordinates_missing_or_invalid|no_valid_location_points|requires_crosswalk_or_marine_review|timezone_not_normalized_to_utc
5281257,1131500,2002,2002-03-17T08:45:00,2002-03-18T20:00:00,EST,35.25,47,,Z,068,LOUDON,0,0,0,0,,,,0,,0,1,begin_coordinates_missing_or_invalid|damage_crops_missing|damage_property_missing|end_coordinates_missing_or_invalid|no_valid_location_points|requires_crosswalk_or_marine_review|timezone_not_normalized_to_utc
5281258,1131500,2002,2002-03-17T08:45:00,2002-03-18T20:00:00,EST,35.25,47,,Z,098,MARION,0,0,0,0,,,,0,,0,1,begin_coordinates_missing_or_invalid|damage_crops_missing|damage_property_missing|end_coordinates_missing_or_invalid|no_valid_location_points|requires_crosswalk_or_marine_review|timezone_not_normalized_to_utc
5281259,1131500,2002,2002-03-17T08:45:00,2002-03-18T20:00:00,EST,35.25,47,,Z,085,MCMINN,0,0,0,0,,,,0,,0,1,begin_coordinates_missing_or_invalid|damage_crops_missing|damage_property_missing|end_coordinates_missing_or_invalid|no_valid_location_points|requires_crosswalk_or_marine_review|timezone_not_normalized_to_utc
5281260,1131500,2002,2002-03-17T08:45:00,2002-03-18T20:00:00,EST,35.25,47,,Z,084,MEIGS,0,0,0,0,,,,0,,0,1,begin_coordinates_missing_or_invalid|damage_crops_missing|damage_property_missing|end_coordinates_missing_or_invalid|no_valid_location_points|requires_crosswalk_or_marine_review|timezone_not_normalized_to_utc
5281261,1131500,2002,2002-03-17T08:45:00,2002-03-18T20:00:00,EST,35.25,47,,Z,035,MORGAN,0,0,0,0,,,,0,,0,1,begin_coordinates_missing_or_invalid|damage_crops_missing|damage_property_missing|end_coordinates_missing_or_invalid|no_valid_location_points|requires_crosswalk_or_marine_review|timezone_not_normalized_to_utc
5281262,1131500,2002,2002-03-17T08:45:00,2002-03-18T20:00:00,EST,35.25,47,,Z,073,NORTH SEVIER,0,0,0,0,,,,0,,0,1,begin_coordinates_missing_or_invalid|damage_crops_missing|damage_property_missing|end_coordinates_missing_or_invalid|no_valid_location_points|requires_crosswalk_or_marine_review|timezone_not_normalized_to_utc
5281263,1131500,2002,2002-03-17T08:45:00,2002-03-18T20:00:00,EST,35.25,47,,Z,071,NORTHWEST BLOUNT,0,0,0,0,,,,0,,0,1,begin_coordinates_missing_or_invalid|damage_crops_missing|damage_property_missing|end_coordinates_missing_or_invalid|no_valid_location_points|requires_crosswalk_or_marine_review|timezone_not_normalized_to_utc
5281264,1131500,2002,2002-03-17T08:45:00,2002-03-18T20:00:00,EST,35.25,47,,Z,046,NORTHWEST CARTER,0,0,0,0,,,,0,,0,1,begin_coordinates_missing_or_invalid|damage_crops_missing|damage_property_missing|end_coordinates_missing_or_invalid|no_valid_location_points|requires_crosswalk_or_marine_review|timezone_not_normalized_to_utc
5281265,1131500,2002,2002-03-17T08:45:00,2002-03-18T20:00:00,EST,35.25,47,,Z,040,NORTHWEST COCKE,0,0,0,0,,,,0,,0,1,begin_coordinates_missing_or_invalid|damage_crops_missing|damage_property_missing|end_coordinates_missing_or_invalid|no_valid_location_points|requires_crosswalk_or_marine_review|timezone_not_normalized_to_utc
5281266,1131500,2002,2002-03-17T08:45:00,2002-03-18T20:00:00,EST,35.25,47,,Z,042,NORTHWEST GREENE,0,0,0,0,,,,0,,0,1,begin_coordinates_missing_or_invalid|damage_crops_missing|damage_property_missing|end_coordinates_missing_or_invalid|no_valid_location_points|requires_crosswalk_or_marine_review|timezone_not_normalized_to_utc
5281267,1131500,2002,2002-03-17T08:45:00,2002-03-18T20:00:00,EST,35.25,47,,Z,086,NORTHWEST MONROE,0,0,0,0,,,,0,,0,1,begin_coordinates_missing_or_invalid|damage_crops_missing|damage_property_missing|end_coordinates_missing_or_invalid|no_valid_location_points|requires_crosswalk_or_marine_review|timezone_not_normalized_to_utc
5281316,1131342,2002,2002-03-31T14:10:00,2002-03-31T14:30:00,EST,0.3333333333333333,13,13135,C,135,GWINNETT,0,0,0,0,,,,0,,0,1,begin_coordinates_missing_or_invalid|county_code_unverified|damage_crops_missing|damage_property_missing|end_coordinates_missing_or_invalid|no_valid_location_points|timezone_not_normalized_to_utc
5281324,1131500,2002,2002-03-17T08:45:00,2002-03-18T20:00:00,EST,35.25,47,,Z,083,RHEA,0,0,0,0,,,,0,,0,1,begin_coordinates_missing_or_invalid|damage_crops_missing|damage_property_missing|end_coordinates_missing_or_invalid|no_valid_location_points|requires_crosswalk_or_marine_review|timezone_not_normalized_to_utc
5281325,1131500,2002,2002-03-17T08:45:00,2002-03-18T20:00:00,EST,35.25,47,,Z,067,ROANE,0,0,0,0,,,,0,,0,1,begin_coordinates_missing_or_invalid|damage_crops_missing|damage_property_missing|end_coordinates_missing_or_invalid|no_valid_location_points|requires_crosswalk_or_marine_review|timezone_not_normalized_to_utc
5281326,1131500,2002,2002-03-17T08:45:00,2002-03-18T20:00:00,EST,35.25,47,,Z,012,SCOTT,0,0,0,0,,,,0,,0,1,begin_coordinates_missing_or_invalid|damage_crops_missing|damage_property_missing|end_coordinates_missing_or_invalid|no_valid_location_points|requires_crosswalk_or_marine_review|timezone_not_normalized_to_utc
5281327,1131500,2002,2002-03-17T08:45:00,2002-03-18T20:00:00,EST,35.25,47,,Z,081,SEQUATCHIE,0,0,0,0,,,,0,,0,1,begin_coordinates_missing_or_invalid|damage_crops_missing|damage_property_missing|end_coordinates_missing_or_invalid|no_valid_location_points|requires_crosswalk_or_marine_review|timezone_not_normalized_to_utc
5281328,1131500,2002,2002-03-17T08:45:00,2002-03-18T20:00:00,EST,35.25,47,,Z,074,SEVIER/SMOKY MOUNTAINS,0,0,0,0,,,,0,,0,1,begin_coordinates_missing_or_invalid|damage_crops_missing|damage_property_missing|end_coordinates_missing_or_invalid|no_valid_location_points|requires_crosswalk_or_marine_review|timezone_not_normalized_to_utc
5281329,1131500,2002,2002-03-17T08:45:00,2002-03-18T20:00:00,EST,35.25,47,,Z,047,SOUTHEAST CARTER,0,0,0,0,,,,0,,0,1,begin_coordinates_missing_or_invalid|damage_crops_missing|damage_property_missing|end_coordinates_missing_or_invalid|no_valid_location_points|requires_crosswalk_or_marine_review|timezone_not_normalized_to_utc
5281330,1131500,2002,2002-03-17T08:45:00,2002-03-18T20:00:00,EST,35.25,47,,Z,043,SOUTHEAST GREENE,0,0,0,0,,,,0,,0,1,begin_coordinates_missing_or_invalid|damage_crops_missing|damage_property_missing|end_coordinates_missing_or_invalid|no_valid_location_points|requires_crosswalk_or_marine_review|timezone_not_normalized_to_utc
5281331,1131500,2002,2002-03-17T08:45:00,2002-03-18T20:00:00,EST,35.25,47,,Z,087,SOUTHEAST MONROE,0,0,0,0,,,,0,,0,1,begin_coordinates_missing_or_invalid|damage_crops_missing|damage_property_missing|end_coordinates_missing_or_invalid|no_valid_location_points|requires_crosswalk_or_marine_review|timezone_not_normalized_to_utc
5281332,1131500,2002,2002-03-17T08:45:00,2002-03-18T20:00:00,EST,35.25,47,,Z,017,SULLIVAN,0,0,0,0,,,,0,,0,1,begin_coordinates_missing_or_invalid|damage_crops_missing|damage_property_missing|end_coordinates_missing_or_invalid|no_valid_location_points|requires_crosswalk_or_marine_review|timezone_not_normalized_to_utc
5281333,1131500,2002,2002-03-17T08:45:00,2002-03-18T20:00:00,EST,35.25,47,,Z,045,UNICOI,0,0,0,0,,,,0,,0,1,begin_coordinates_missing_or_invalid|damage_crops_missing|damage_property_missing|end_coordinates_missing_or_invalid|no_valid_location_points|requires_crosswalk_or_marine_review|timezone_not_normalized_to_utc
5281334,1131500,2002,2002-03-17T08:45:00,2002-03-18T20:00:00,EST,35.25,47,,Z,037,UNION,0,0,0,0,,,,0,,0,1,begin_coordinates_missing_or_invalid|damage_crops_missing|damage_property_missing|end_coordinates_missing_or_invalid|no_valid_location_points|requires_crosswalk_or_marine_review|timezone_not_normalized_to_utc
5281335,1131500,2002,2002-03-17T08:45:00,2002-03-18T20:00:00,EST,35.25,47,,Z,044,WASHINGTON,0,0,0,0,,,,0,,0,1,begin_coordinates_missing_or_invalid|damage_crops_missing|damage_property_missing|end_coordinates_missing_or_invalid|no_valid_location_points|requires_crosswalk_or_marine_review|timezone_not_normalized_to_utc
5281336,1131501,2002,2002-03-17T23:30:00,2002-03-18T20:00:00,EST,20.5,51,,Z,001,LEE,0,0,0,0,1000000,,,0,,0,1,begin_coordinates_missing_or_invalid|damage_crops_missing|end_coordinates_missing_or_invalid|no_valid_location_points|requires_crosswalk_or_marine_review|timezone_not_normalized_to_utc
5281337,1131501,2002,2002-03-17T23:30:00,2002-03-18T20:00:00,EST,20.5,51,,Z,006,RUSSELL,0,0,0,0,,,,0,,0,1,begin_coordinates_missing_or_invalid|damage_crops_missing|damage_property_missing|end_coordinates_missing_or_invalid|no_valid_location_points|requires_crosswalk_or_marine_review|timezone_not_normalized_to_utc
5281338,1131501,2002,2002-03-17T23:30:00,2002-03-18T20:00:00,EST,20.5,51,,Z,005,SCOTT,0,0,0,0,,,,0,,0,1,begin_coordinates_missing_or_invalid|damage_crops_missing|damage_property_missing|end_coordinates_missing_or_invalid|no_valid_location_points|requires_crosswalk_or_marine_review|timezone_not_normalized_to_utc
5281339,1131501,2002,2002-03-17T23:30:00,2002-03-18T20:00:00,EST,20.5,51,,Z,008,WASHINGTON,0,0,0,0,,,,0,,0,1,begin_coordinates_missing_or_invalid|damage_crops_missing|damage_property_missing|end_coordinates_missing_or_invalid|no_valid_location_points|requires_crosswalk_or_marine_review|timezone_not_normalized_to_utc
5281340,1131501,2002,2002-03-17T23:30:00,2002-03-18T20:00:00,EST,20.5,51,,Z,002,WISE,0,0,0,0,,,,0,,0,1,begin_coordinates_missing_or_invalid|damage_crops_missing|damage_property_missing|end_coordinates_missing_or_invalid|no_valid_location_points|requires_crosswalk_or_marine_review|timezone_not_normalized_to_utc
5281575,1131465,2002,2002-02-01T00:21:00,2002-02-01T02:00:00,EST,1.65,39,,Z,035,AUGLAIZE,0,0,0,0,,,,0,,0,1,begin_coordinates_missing_or_invalid|damage_crops_missing|damage_property_missing|end_coordinates_missing_or_invalid|no_valid_location_points|requires_crosswalk_or_marine_review|timezone_not_normalized_to_utc
5281576,1131465,2002,2002-02-01T01:30:00,2002-02-01T04:00:00,EST,2.5,39,,Z,034,MERCER,0,0,0,0,,,,0,,0,1,begin_coordinates_missing_or_invalid|damage_crops_missing|damage_property_missing|end_coordinates_missing_or_invalid|no_valid_location_points|requires_crosswalk_or_marine_review|timezone_not_normalized_to_utc
5281577,1131465,2002,2002-02-01T02:35:00,2002-02-01T04:00:00,EST,1.4166666666666667,39,,Z,035,AUGLAIZE,0,0,0,0,,,,0,,0,1,begin_coordinates_missing_or_invalid|damage_crops_missing|damage_property_missing|end_coordinates_missing_or_invalid|no_valid_location_points|requires_crosswalk_or_marine_review|timezone_not_normalized_to_utc
5281726,1131533,2002,2002-03-23T23:37:00,2002-03-23T23:37:00,PST,0.0,06,06059,C,059,ORANGE,0,0,0,0,,,,0,,0,1,begin_coordinates_missing_or_invalid|county_code_unverified|damage_crops_missing|damage_property_missing|end_coordinates_missing_or_invalid|no_valid_location_points|timezone_not_normalized_to_utc
5281875,1131539,2002,2002-03-04T06:45:00,2002-03-06T03:00:00,EST,44.25,18,,Z,029,TIPPECANOE,0,0,0,0,,,,0,,0,1,begin_coordinates_missing_or_invalid|damage_crops_missing|damage_property_missing|end_coordinates_missing_or_invalid|no_valid_location_points|requires_crosswalk_or_marine_review|timezone_not_normalized_to_utc
5281876,1131539,2002,2002-03-05T07:00:00,2002-03-06T07:00:00,EST,24.0,18,,Z,035,FOUNTAIN,0,0,0,0,,,,0,,0,1,begin_coordinates_missing_or_invalid|damage_crops_missing|damage_property_missing|end_coordinates_missing_or_invalid|no_valid_location_points|requires_crosswalk_or_marine_review|timezone_not_normalized_to_utc
5281877,1131539,2002,2002-03-04T13:30:00,2002-03-07T04:00:00,EST,62.5,18,,Z,044,PARKE,0,0,0,0,,,,0,,0,1,begin_coordinates_missing_or_invalid|damage_crops_missing|damage_property_missing|end_coordinates_missing_or_invalid|no_valid_location_points|requires_crosswalk_or_marine_review|timezone_not_normalized_to_utc
5281878,1131539,2002,2002-03-04T13:30:00,2002-03-07T04:00:00,EST,62.5,18,,Z,043,VERMILLION,0,0,0,0,,,,0,,0,1,begin_coordinates_missing_or_invalid|damage_crops_missing|damage_property_missing|end_coordinates_missing_or_invalid|no_valid_location_points|requires_crosswalk_or_marine_review|timezone_not_normalized_to_utc
5281879,1131540,2002,2002-03-09T14:15:00,2002-03-17T06:00:00,EST,183.75,18,,Z,060,SULLIVAN,0,0,0,0,,,,0,,0,1,begin_coordinates_missing_or_invalid|damage_crops_missing|damage_property_missing|end_coordinates_missing_or_invalid|no_valid_location_points|requires_crosswalk_or_marine_review|timezone_not_normalized_to_utc
5281880,1131540,2002,2002-03-10T04:00:00,2002-03-12T06:00:00,EST,50.0,18,,Z,029,TIPPECANOE,0,0,0,0,,,,0,,0,1,begin_coordinates_missing_or_invalid|damage_crops_missing|damage_property_missing|end_coordinates_missing_or_invalid|no_valid_location_points|requires_crosswalk_or_marine_review|timezone_not_normalized_to_utc
5281881,1131540,2002,2002-03-10T15:30:00,2002-03-13T08:00:00,EST,64.5,18,,Z,035,FOUNTAIN,0,0,0,0,,,,0,,0,1,begin_coordinates_missing_or_invalid|damage_crops_missing|damage_property_missing|end_coordinates_missing_or_invalid|no_valid_location_points|requires_crosswalk_or_marine_review|timezone_not_normalized_to_utc
5281882,1131540,2002,2002-03-09T19:15:00,2002-03-14T08:00:00,EST,108.75,18,,Z,044,PARKE,0,0,0,0,,,,0,,0,1,begin_coordinates_missing_or_invalid|damage_crops_missing|damage_property_missing|end_coordinates_missing_or_invalid|no_valid_location_points|requires_crosswalk_or_marine_review|timezone_not_normalized_to_utc
5281883,1131540,2002,2002-03-09T19:15:00,2002-03-14T08:00:00,EST,108.75,18,,Z,043,VERMILLION,0,0,0,0,,,,0,,0,1,begin_coordinates_missing_or_invalid|damage_crops_missing|damage_property_missing|end_coordinates_missing_or_invalid|no_valid_location_points|requires_crosswalk_or_marine_review|timezone_not_normalized_to_utc
5281884,1131540,2002,2002-03-10T06:30:00,2002-03-14T11:00:00,EST,100.5,18,,Z,051,VIGO,0,0,0,0,,,,0,,0,1,begin_coordinates_missing_or_invalid|damage_crops_missing|damage_property_missing|end_coordinates_missing_or_invalid|no_valid_location_points|requires_crosswalk_or_marine_review|timezone_not_normalized_to_utc
5281930,1131288,2002,2002-03-10T05:00:00,2002-03-11T10:45:00,EST,29.75,26,,Z,053,SAGINAW,0,0,0,0,,,,0,,0,1,begin_coordinates_missing_or_invalid|damage_crops_missing|damage_property_missing|end_coordinates_missing_or_invalid|no_valid_location_points|requires_crosswalk_or_marine_review|timezone_not_normalized_to_utc
5282018,1131542,2002,2002-03-30T10:15:00,2002-03-31T23:59:00,EST,37.733333333333334,18,,Z,029,TIPPECANOE,0,0,0,0,,,,0,,0,1,begin_coordinates_missing_or_invalid|damage_crops_missing|damage_property_missing|end_coordinates_missing_or_invalid|no_valid_location_points|requires_crosswalk_or_marine_review|timezone_not_normalized_to_utc
5282019,1131542,2002,2002-03-30T22:30:00,2002-03-31T23:59:00,EST,25.483333333333334,18,,Z,035,FOUNTAIN,0,0,0,0,,,,0,,0,1,begin_coordinates_missing_or_invalid|damage_crops_missing|damage_property_missing|end_coordinates_missing_or_invalid|no_valid_location_points|requires_crosswalk_or_marine_review|timezone_not_normalized_to_utc
5282020,1131542,2002,2002-03-30T22:30:00,2002-03-31T23:59:00,EST,25.483333333333334,18,,Z,043,VERMILLION,0,0,0,0,,,,0,,0,1,begin_coordinates_missing_or_invalid|damage_crops_missing|damage_property_missing|end_coordinates_missing_or_invalid|no_valid_location_points|requires_crosswalk_or_marine_review|timezone_not_normalized_to_utc
5282021,1131542,2002,2002-03-30T19:30:00,2002-03-31T23:59:00,EST,28.483333333333334,18,,Z,044,PARKE,0,0,0,0,,,,0,,0,1,begin_coordinates_missing_or_invalid|damage_crops_missing|damage_property_missing|end_coordinates_missing_or_invalid|no_valid_location_points|requires_crosswalk_or_marine_review|timezone_not_normalized_to_utc
5282022,1131542,2002,2002-03-31T09:45:00,2002-03-31T23:59:00,EST,14.233333333333333,18,,Z,060,SULLIVAN,0,0,0,0,,,,0,,0,1,begin_coordinates_missing_or_invalid|damage_crops_missing|damage_property_missing|end_coordinates_missing_or_invalid|no_valid_location_points|requires_crosswalk_or_marine_review|timezone_not_normalized_to_utc
5282023,1131542,2002,2002-03-30T19:30:00,2002-03-31T23:59:00,EST,28.483333333333334,18,,Z,051,VIGO,0,0,0,0,,,,0,,0,1,begin_coordinates_missing_or_invalid|damage_crops_missing|damage_property_missing|end_coordinates_missing_or_invalid|no_valid_location_points|requires_crosswalk_or_marine_review|timezone_not_normalized_to_utc
5282024,1131543,2002,2002-03-30T06:45:00,2002-03-31T20:00:00,EST,37.25,18,,Z,040,MADISON,0,0,0,0,,,,0,,0,1,begin_coordinates_missing_or_invalid|damage_crops_missing|damage_property_missing|end_coordinates_missing_or_invalid|no_valid_location_points|requires_crosswalk_or_marine_review|timezone_not_normalized_to_utc
5282025,1131543,2002,2002-03-31T05:45:00,2002-03-31T23:59:00,EST,18.233333333333334,18,,Z,047,MARION,0,0,0,0,,,,0,,0,1,begin_coordinates_missing_or_invalid|damage_crops_missing|damage_property_missing|end_coordinates_missing_or_invalid|no_valid_location_points|requires_crosswalk_or_marine_review|timezone_not_normalized_to_utc
5282026,1131543,2002,2002-03-30T21:45:00,2002-03-31T23:59:00,EST,26.233333333333334,18,,Z,053,OWEN,0,0,0,0,,,,0,,0,1,begin_coordinates_missing_or_invalid|damage_crops_missing|damage_property_missing|end_coordinates_missing_or_invalid|no_valid_location_points|requires_crosswalk_or_marine_review|timezone_not_normalized_to_utc
5282027,1131544,2002,2002-03-25T00:01:00,2002-03-31T23:59:00,EST,167.96666666666667,18,,Z,061,GREENE,0,0,0,0,,,,0,,0,1,begin_coordinates_missing_or_invalid|damage_crops_missing|damage_property_missing|end_coordinates_missing_or_invalid|no_valid_location_points|requires_crosswalk_or_marine_review|timezone_not_normalized_to_utc
5282028,1131544,2002,2002-03-26T15:00:00,2002-03-31T23:59:00,EST,128.98333333333332,18,,Z,067,KNOX,0,0,0,0,,,,0,,0,1,begin_coordinates_missing_or_invalid|damage_crops_missing|damage_property_missing|end_coordinates_missing_or_invalid|no_valid_location_points|requires_crosswalk_or_marine_review|timezone_not_normalized_to_utc
5282029,1131545,2002,2002-03-16T14:15:00,2002-03-17T03:00:00,EST,12.75,18,,Z,071,JACKSON,0,0,0,0,,,,0,,0,1,begin_coordinates_missing_or_invalid|damage_crops_missing|damage_property_missing|end_coordinates_missing_or_invalid|no_valid_location_points|requires_crosswalk_or_marine_review|timezone_not_normalized_to_utc
5282030,1131546,2002,2002-03-26T12:15:00,2002-03-30T06:00:00,EST,89.75,18,,Z,071,JACKSON,0,0,0,0,,,,0,,0,1,begin_coordinates_missing_or_invalid|damage_crops_missing|damage_property_missing|end_coordinates_missing_or_invalid|no_valid_location_points|requires_crosswalk_or_marine_review|timezone_not_normalized_to_utc
5282031,1131546,2002,2002-03-29T11:15:00,2002-03-31T07:00:00,EST,43.75,18,,Z,070,LAWRENCE,0,0,0,0,,,,0,,0,1,begin_coordinates_missing_or_invalid|damage_crops_missing|damage_property_missing|end_coordinates_missing_or_invalid|no_valid_location_points|requires_crosswalk_or_marine_review|timezone_not_normalized_to_utc
5282131,1131148,2002,2002-02-01T12:30:00,2002-02-04T23:00:00,EST,82.5,18,,Z,071,JACKSON,0,0,0,0,,,,0,,0,1,begin_coordinates_missing_or_invalid|damage_crops_missing|damage_property_missing|end_coordinates_missing_or_invalid|no_valid_location_points|requires_crosswalk_or_marine_review|timezone_not_normalized_to_utc
5282132,1131149,2002,2002-02-01T19:45:00,2002-02-02T03:00:00,EST,7.25,18,,Z,041,DELAWARE,0,0,0,0,,,,0,,0,1,begin_coordinates_missing_or_invalid|damage_crops_missing|damage_property_missing|end_coordinates_missing_or_invalid|no_valid_location_points|requires_crosswalk_or_marine_review|timezone_not_normalized_to_utc
5282133,1131149,2002,2002-02-01T11:15:00,2002-02-02T06:00:00,EST,18.75,18,,Z,040,MADISON,0,0,0,0,,,,0,,0,1,begin_coordinates_missing_or_invalid|damage_crops_missing|damage_property_missing|end_coordinates_missing_or_invalid|no_valid_location_points|requires_crosswalk_or_marine_review|timezone_not_normalized_to_utc
5282134,1131149,2002,2002-02-02T01:02:00,2002-02-04T01:00:00,EST,47.96666666666667,18,,Z,039,HAMILTON,0,0,0,0,,,,0,,0,1,begin_coordinates_missing_or_invalid|damage_crops_missing|damage_property_missing|end_coordinates_missing_or_invalid|no_valid_location_points|requires_crosswalk_or_marine_review|timezone_not_normalized_to_utc
5282135,1131149,2002,2002-02-01T08:00:00,2002-02-04T03:00:00,EST,67.0,18,,Z,054,MORGAN,0,0,0,0,,,,0,,0,1,begin_coordinates_missing_or_invalid|damage_crops_missing|damage_property_missing|end_coordinates_missing_or_invalid|no_valid_location_points|requires_crosswalk_or_marine_review|timezone_not_normalized_to_utc
5282136,1131149,2002,2002-02-01T15:00:00,2002-02-05T03:00:00,EST,84.0,18,,Z,053,OWEN,0,0,0,0,,,,0,,0,1,begin_coordinates_missing_or_invalid|damage_crops_missing|damage_property_missing|end_coordinates_missing_or_invalid|no_valid_location_points|requires_crosswalk_or_marine_review|timezone_not_normalized_to_utc
5282137,1131149,2002,2002-02-01T07:00:00,2002-02-10T06:00:00,EST,215.0,18,,Z,061,GREENE,0,0,0,0,,,,0,,0,1,begin_coordinates_missing_or_invalid|damage_crops_missing|damage_property_missing|end_coordinates_missing_or_invalid|no_valid_location_points|requires_crosswalk_or_marine_review|timezone_not_normalized_to_utc
5282138,1131149,2002,2002-02-02T07:00:00,2002-02-08T06:00:00,EST,143.0,18,,Z,067,KNOX,0,0,0,0,,,,0,,0,1,begin_coordinates_missing_or_invalid|damage_crops_missing|damage_property_missing|end_coordinates_missing_or_invalid|no_valid_location_points|requires_crosswalk_or_marine_review|timezone_not_normalized_to_utc
5282139,1131150,2002,2002-02-01T00:00:00,2002-02-07T06:00:00,EST,150.0,18,,Z,029,TIPPECANOE,0,0,0,0,,,,0,,0,1,begin_coordinates_missing_or_invalid|damage_crops_missing|damage_property_missing|end_coordinates_missing_or_invalid|no_valid_location_points|requires_crosswalk_or_marine_review|timezone_not_normalized_to_utc
5282140,1131150,2002,2002-02-01T05:15:00,2002-02-08T06:00:00,EST,168.75,18,,Z,035,FOUNTAIN,0,0,0,0,,,,0,,0,1,begin_coordinates_missing_or_invalid|damage_crops_missing|damage_property_missing|end_coordinates_missing_or_invalid|no_valid_location_points|requires_crosswalk_or_marine_review|timezone_not_normalized_to_utc
5282141,1131150,2002,2002-02-01T02:15:00,2002-02-10T06:00:00,EST,219.75,18,,Z,044,PARKE,0,0,0,0,,,,0,,0,1,begin_coordinates_missing_or_invalid|damage_crops_missing|damage_property_missing|end_coordinates_missing_or_invalid|no_valid_location_points|requires_crosswalk_or_marine_review|timezone_not_normalized_to_utc
5282142,1131150,2002,2002-02-01T09:45:00,2002-02-10T12:00:00,EST,218.25,18,,Z,051,VIGO,0,0,0,0,,,,0,,0,1,begin_coordinates_missing_or_invalid|damage_crops_missing|damage_property_missing|end_coordinates_missing_or_invalid|no_valid_location_points|requires_crosswalk_or_marine_review|timezone_not_normalized_to_utc
5282143,1131150,2002,2002-02-01T22:15:00,2002-02-13T12:00:00,EST,277.75,18,,Z,060,SULLIVAN,0,0,0,0,,,,0,,0,1,begin_coordinates_missing_or_invalid|damage_crops_missing|damage_property_missing|end_coordinates_missing_or_invalid|no_valid_location_points|requires_crosswalk_or_marine_review|timezone_not_normalized_to_utc
5282144,1131150,2002,2002-02-01T02:15:00,2002-02-10T06:00:00,EST,219.75,18,,Z,043,VERMILLION,0,0,0,0,,,,0,,0,1,begin_coordinates_missing_or_invalid|damage_crops_missing|damage_property_missing|end_coordinates_missing_or_invalid|no_valid_location_points|requires_crosswalk_or_marine_review|timezone_not_normalized_to_utc
5282145,1131151,2002,2002-02-06T08:00:00,2002-02-12T08:00:00,EST,144.0,18,,Z,067,KNOX,0,0,0,0,,,,0,,0,1,begin_coordinates_missing_or_invalid|damage_crops_missing|damage_property_missing|end_coordinates_missing_or_invalid|no_valid_location_points|requires_crosswalk_or_marine_review|timezone_not_normalized_to_utc
5282230,1131152,2002,2002-02-20T23:30:00,2002-02-22T12:00:00,EST,36.5,18,,Z,029,TIPPECANOE,0,0,0,0,,,,0,,0,1,begin_coordinates_missing_or_invalid|damage_crops_missing|damage_property_missing|end_coordinates_missing_or_invalid|no_valid_location_points|requires_crosswalk_or_marine_review|timezone_not_normalized_to_utc
5282231,1131152,2002,2002-02-21T09:30:00,2002-02-23T06:00:00,EST,44.5,18,,Z,035,FOUNTAIN,0,0,0,0,,,,0,,0,1,begin_coordinates_missing_or_invalid|damage_crops_missing|damage_property_missing|end_coordinates_missing_or_invalid|no_valid_location_points|requires_crosswalk_or_marine_review|timezone_not_normalized_to_utc
5282232,1131152,2002,2002-02-20T17:45:00,2002-02-25T06:00:00,EST,108.25,18,,Z,044,PARKE,0,0,0,0,,,,0,,0,1,begin_coordinates_missing_or_invalid|damage_crops_missing|damage_property_missing|end_coordinates_missing_or_invalid|no_valid_location_points|requires_crosswalk_or_marine_review|timezone_not_normalized_to_utc
5282233,1131152,2002,2002-02-21T10:45:00,2002-02-25T08:00:00,EST,93.25,18,,Z,051,VIGO,0,0,0,0,,,,0,,0,1,begin_coordinates_missing_or_invalid|damage_crops_missing|damage_property_missing|end_coordinates_missing_or_invalid|no_valid_location_points|requires_crosswalk_or_marine_review|timezone_not_normalized_to_utc
5282234,1131152,2002,2002-02-22T07:30:00,2002-02-27T06:00:00,EST,118.5,18,,Z,060,SULLIVAN,0,0,0,0,,,,0,,0,1,begin_coordinates_missing_or_invalid|damage_crops_missing|damage_property_missing|end_coordinates_missing_or_invalid|no_valid_location_points|requires_crosswalk_or_marine_review|timezone_not_normalized_to_utc
5282235,1131152,2002,2002-02-20T17:45:00,2002-02-25T06:00:00,EST,108.25,18,,Z,043,VERMILLION,0,0,0,0,,,,0,,0,1,begin_coordinates_missing_or_invalid|damage_crops_missing|damage_property_missing|end_coordinates_missing_or_invalid|no_valid_location_points|requires_crosswalk_or_marine_review|timezone_not_normalized_to_utc
5282767,1130872,2002,2002-02-01T00:00:00,2002-02-01T07:00:00,CST,7.0,21,,Z,006,GRAVES,0,0,0,0,,,,0,,0,1,begin_coordinates_missing_or_invalid|damage_crops_missing|damage_property_missing|end_coordinates_missing_or_invalid|no_valid_location_points|requires_crosswalk_or_marine_review|timezone_not_normalized_to_utc
5282768,1130872,2002,2002-02-01T00:00:00,2002-02-01T07:00:00,CST,7.0,21,,Z,003,CARLISLE,0,0,0,0,,,,0,,0,1,begin_coordinates_missing_or_invalid|damage_crops_missing|damage_property_missing|end_coordinates_missing_or_invalid|no_valid_location_points|requires_crosswalk_or_marine_review|timezone_not_normalized_to_utc
5282769,1130872,2002,2002-02-01T00:00:00,2002-02-01T07:00:00,CST,7.0,21,,Z,002,HICKMAN,0,0,0,0,,,,0,,0,1,begin_coordinates_missing_or_invalid|damage_crops_missing|damage_property_missing|end_coordinates_missing_or_invalid|no_valid_location_points|requires_crosswalk_or_marine_review|timezone_not_normalized_to_utc
5282807,1130878,2002,2002-02-01T00:00:00,2002-02-05T20:00:00,CST,116.0,17,,Z,092,ALEXANDER,0,0,0,0,,,,0,,0,1,begin_coordinates_missing_or_invalid|damage_crops_missing|damage_property_missing|end_coordinates_missing_or_invalid|no_valid_location_points|requires_crosswalk_or_marine_review|timezone_not_normalized_to_utc
5282808,1130878,2002,2002-02-01T00:00:00,2002-02-04T18:00:00,CST,90.0,17,,Z,094,MASSAC,0,0,0,0,,,,0,,0,1,begin_coordinates_missing_or_invalid|damage_crops_missing|damage_property_missing|end_coordinates_missing_or_invalid|no_valid_location_points|requires_crosswalk_or_marine_review|timezone_not_normalized_to_utc
5282867,1131066,2002,2002-02-22T14:00:00,2002-02-22T22:00:00,PST,8.0,53,,Z,005,W SKAGIT/NW SNOHOMISH,0,0,0,0,2000,,,0,,0,1,begin_coordinates_missing_or_invalid|damage_crops_missing|end_coordinates_missing_or_invalid|no_valid_location_points|requires_crosswalk_or_marine_review|timezone_not_normalized_to_utc
5282886,1130878,2002,2002-02-01T00:00:00,2002-02-06T08:00:00,CST,128.0,17,,Z,093,PULASKI,0,0,0,0,,,,0,,0,1,begin_coordinates_missing_or_invalid|damage_crops_missing|damage_property_missing|end_coordinates_missing_or_invalid|no_valid_location_points|requires_crosswalk_or_marine_review|timezone_not_normalized_to_utc
5282887,1130879,2002,2002-02-06T07:00:00,2002-02-11T13:00:00,CST,126.0,18,,Z,085,POSEY,0,0,0,0,,,,0,,0,1,begin_coordinates_missing_or_invalid|damage_crops_missing|damage_property_missing|end_coordinates_missing_or_invalid|no_valid_location_points|requires_crosswalk_or_marine_review|timezone_not_normalized_to_utc
5282888,1130880,2002,2002-02-06T18:00:00,2002-02-11T13:00:00,CST,115.0,17,,Z,083,WHITE,0,0,0,0,,,,0,,0,1,begin_coordinates_missing_or_invalid|damage_crops_missing|damage_property_missing|end_coordinates_missing_or_invalid|no_valid_location_points|requires_crosswalk_or_marine_review|timezone_not_normalized_to_utc
5282889,1130881,2002,2002-02-02T19:00:00,2002-02-04T08:00:00,CST,37.0,17,,Z,081,FRANKLIN,0,0,0,0,,,,0,,0,1,begin_coordinates_missing_or_invalid|damage_crops_missing|damage_property_missing|end_coordinates_missing_or_invalid|no_valid_location_points|requires_crosswalk_or_marine_review|timezone_not_normalized_to_utc
5282890,1130881,2002,2002-02-01T15:00:00,2002-02-09T19:00:00,CST,196.0,17,,Z,084,JACKSON,0,0,0,0,,,,0,,0,1,begin_coordinates_missing_or_invalid|damage_crops_missing|damage_property_missing|end_coordinates_missing_or_invalid|no_valid_location_points|requires_crosswalk_or_marine_review|timezone_not_normalized_to_utc
5282891,1130882,2002,2002-02-01T03:00:00,2002-02-02T09:00:00,CST,30.0,29,,Z,100,WAYNE,0,0,0,0,,,,0,,0,1,begin_coordinates_missing_or_invalid|damage_crops_missing|damage_property_missing|end_coordinates_missing_or_invalid|no_valid_location_points|requires_crosswalk_or_marine_review|timezone_not_normalized_to_utc
5282939,1130963,2002,2002-03-17T23:00:00,2002-03-18T08:00:00,EST,9.0,51,,Z,003,DICKENSON,0,0,0,0,250000,,,0,,0,1,begin_coordinates_missing_or_invalid|damage_crops_missing|end_coordinates_missing_or_invalid|no_valid_location_points|requires_crosswalk_or_marine_review|timezone_not_normalized_to_utc
5282940,1130964,2002,2002-03-20T01:00:00,2002-03-21T01:00:00,EST,24.0,21,,Z,103,BOYD,0,0,0,0,1000000,,,0,,0,1,begin_coordinates_missing_or_invalid|damage_crops_missing|end_coordinates_missing_or_invalid|no_valid_location_points|requires_crosswalk_or_marine_review|timezone_not_normalized_to_utc
5282941,1130964,2002,2002-03-20T01:00:00,2002-03-21T01:00:00,EST,24.0,21,,Z,102,CARTER,0,0,0,0,1000000,,,0,,0,1,begin_coordinates_missing_or_invalid|damage_crops_missing|end_coordinates_missing_or_invalid|no_valid_location_points|requires_crosswalk_or_marine_review|timezone_not_normalized_to_utc
5282942,1130964,2002,2002-03-20T01:00:00,2002-03-21T01:00:00,EST,24.0,21,,Z,101,GREENUP,0,0,0,0,700000,,,0,,0,1,begin_coordinates_missing_or_invalid|damage_crops_missing|end_coordinates_missing_or_invalid|no_valid_location_points|requires_crosswalk_or_marine_review|timezone_not_normalized_to_utc
5282943,1130964,2002,2002-03-20T01:00:00,2002-03-21T01:00:00,EST,24.0,21,,Z,105,LAWRENCE,0,0,0,0,300000,,,0,,0,1,begin_coordinates_missing_or_invalid|damage_crops_missing|end_coordinates_missing_or_invalid|no_valid_location_points|requires_crosswalk_or_marine_review|timezone_not_normalized_to_utc
5282944,1130965,2002,2002-03-20T02:00:00,2002-03-20T18:00:00,EST,16.0,39,,Z,087,LAWRENCE,0,0,0,0,700000,,,0,,0,1,begin_coordinates_missing_or_invalid|damage_crops_missing|end_coordinates_missing_or_invalid|no_valid_location_points|requires_crosswalk_or_marine_review|timezone_not_normalized_to_utc
5282945,1130965,2002,2002-03-20T02:00:00,2002-03-20T18:00:00,EST,16.0,39,,Z,086,GALLIA,0,0,0,0,35000,,,0,,0,1,begin_coordinates_missing_or_invalid|damage_crops_missing|end_coordinates_missing_or_invalid|no_valid_location_points|requires_crosswalk_or_marine_review|timezone_not_normalized_to_utc
5282946,1130965,2002,2002-03-20T02:00:00,2002-03-20T18:00:00,EST,16.0,39,,Z,085,MEIGS,0,0,0,0,15000,,,0,,0,1,begin_coordinates_missing_or_invalid|damage_crops_missing|end_coordinates_missing_or_invalid|no_valid_location_points|requires_crosswalk_or_marine_review|timezone_not_normalized_to_utc
5282947,1130966,2002,2002-03-20T03:30:00,2002-03-21T01:00:00,EST,21.5,54,,Z,040,BARBOUR,0,0,0,0,5000,,,0,,0,1,begin_coordinates_missing_or_invalid|damage_crops_missing|end_coordinates_missing_or_invalid|no_valid_location_points|requires_crosswalk_or_marine_review|timezone_not_normalized_to_utc
5282948,1130966,2002,2002-03-20T03:30:00,2002-03-21T01:00:00,EST,21.5,54,,Z,028,BRAXTON,0,0,0,0,,,,0,,0,1,begin_coordinates_missing_or_invalid|damage_crops_missing|damage_property_missing|end_coordinates_missing_or_invalid|no_valid_location_points|requires_crosswalk_or_marine_review|timezone_not_normalized_to_utc
5282949,1130966,2002,2002-03-20T03:30:00,2002-03-21T01:00:00,EST,21.5,54,,Z,006,CABELL,0,0,0,0,200000,,,0,,0,1,begin_coordinates_missing_or_invalid|damage_crops_missing|end_coordinates_missing_or_invalid|no_valid_location_points|requires_crosswalk_or_marine_review|timezone_not_normalized_to_utc
5282950,1130966,2002,2002-03-20T03:30:00,2002-03-21T01:00:00,EST,21.5,54,,Z,018,CALHOUN,0,0,0,0,10000,,,0,,0,1,begin_coordinates_missing_or_invalid|damage_crops_missing|end_coordinates_missing_or_invalid|no_valid_location_points|requires_crosswalk_or_marine_review|timezone_not_normalized_to_utc
5282951,1130966,2002,2002-03-20T03:30:00,2002-03-21T01:00:00,EST,21.5,54,,Z,029,GILMER,0,0,0,0,50000,,,0,,0,1,begin_coordinates_missing_or_invalid|damage_crops_missing|end_coordinates_missing_or_invalid|no_valid_location_points|requires_crosswalk_or_marine_review|timezone_not_normalized_to_utc
5282952,1130966,2002,2002-03-20T03:30:00,2002-03-21T01:00:00,EST,21.5,54,,Z,008,JACKSON,0,0,0,0,20000,,,0,,0,1,begin_coordinates_missing_or_invalid|damage_crops_missing|end_coordinates_missing_or_invalid|no_valid_location_points|requires_crosswalk_or_marine_review|timezone_not_normalized_to_utc
5282953,1130966,2002,2002-03-20T03:30:00,2002-03-21T01:00:00,EST,21.5,54,,Z,015,KANAWHA,0,0,0,0,20000,,,0,,0,1,begin_coordinates_missing_or_invalid|damage_crops_missing|end_coordinates_missing_or_invalid|no_valid_location_points|requires_crosswalk_or_marine_review|timezone_not_normalized_to_utc
5282954,1130966,2002,2002-03-20T03:30:00,2002-03-21T01:00:00,EST,21.5,54,,Z,007,MASON,0,0,0,0,15000,,,0,,0,1,begin_coordinates_missing_or_invalid|damage_crops_missing|end_coordinates_missing_or_invalid|no_valid_location_points|requires_crosswalk_or_marine_review|timezone_not_normalized_to_utc
5282955,1130966,2002,2002-03-20T03:30:00,2002-03-21T01:00:00,EST,21.5,54,,Z,014,PUTNAM,0,0,0,0,35000,,,0,,0,1,begin_coordinates_missing_or_invalid|damage_crops_missing|end_coordinates_missing_or_invalid|no_valid_location_points|requires_crosswalk_or_marine_review|timezone_not_normalized_to_utc
5282956,1130966,2002,2002-03-20T03:30:00,2002-03-21T01:00:00,EST,21.5,54,,Z,016,ROANE,1,0,0,0,75000,,,0,,0,1,begin_coordinates_missing_or_invalid|damage_crops_missing|end_coordinates_missing_or_invalid|no_valid_location_points|requires_crosswalk_or_marine_review|timezone_not_normalized_to_utc
5282957,1130966,2002,2002-03-20T03:30:00,2002-03-21T01:00:00,EST,21.5,54,,Z,039,UPSHUR,0,0,0,0,,,,0,,0,1,begin_coordinates_missing_or_invalid|damage_crops_missing|damage_property_missing|end_coordinates_missing_or_invalid|no_valid_location_points|requires_crosswalk_or_marine_review|timezone_not_normalized_to_utc
5282958,1130966,2002,2002-03-20T03:30:00,2002-03-21T01:00:00,EST,21.5,54,,Z,005,WAYNE,0,0,0,0,50000,,,0,,0,1,begin_coordinates_missing_or_invalid|damage_crops_missing|end_coordinates_missing_or_invalid|no_valid_location_points|requires_crosswalk_or_marine_review|timezone_not_normalized_to_utc
5282959,1130966,2002,2002-03-20T03:30:00,2002-03-21T01:00:00,EST,21.5,54,,Z,017,WIRT,0,0,0,0,,,,0,,0,1,begin_coordinates_missing_or_invalid|damage_crops_missing|damage_property_missing|end_coordinates_missing_or_invalid|no_valid_location_points|requires_crosswalk_or_marine_review|timezone_not_normalized_to_utc
5282975,1131079,2002,2002-02-01T00:00:00,2002-02-01T07:00:00,CST,7.0,40,,Z,076,LE FLORE,0,0,0,0,,,,0,,0,1,begin_coordinates_missing_or_invalid|damage_crops_missing|damage_property_missing|end_coordinates_missing_or_invalid|no_valid_location_points|requires_crosswalk_or_marine_review|timezone_not_normalized_to_utc
5282976,1131080,2002,2002-02-01T00:00:00,2002-02-03T01:00:00,CST,49.0,40,,Z,076,LE FLORE,0,0,0,0,,,,0,,0,1,begin_coordinates_missing_or_invalid|damage_crops_missing|damage_property_missing|end_coordinates_missing_or_invalid|no_valid_location_points|requires_crosswalk_or_marine_review|timezone_not_normalized_to_utc
5283267,1131115,2002,2002-02-01T04:00:00,2002-02-01T12:00:00,CST,8.0,29,,Z,046,COOPER,0,0,0,0,,,,0,,0,1,begin_coordinates_missing_or_invalid|damage_crops_missing|damage_property_missing|end_coordinates_missing_or_invalid|no_valid_location_points|requires_crosswalk_or_marine_review|timezone_not_normalized_to_utc
5283332,1131100,2002,2002-02-01T16:35:00,2002-02-01T20:00:00,EST,3.4166666666666665,36,,Z,010,ERIE,0,0,0,0,5000,,,0,,0,1,begin_coordinates_missing_or_invalid|damage_crops_missing|end_coordinates_missing_or_invalid|no_valid_location_points|requires_crosswalk_or_marine_review|timezone_not_normalized_to_utc
5283333,1131100,2002,2002-02-01T10:00:00,2002-02-01T20:00:00,EST,10.0,36,,Z,010,ERIE,0,0,0,0,5000,,,0,,0,1,begin_coordinates_missing_or_invalid|damage_crops_missing|end_coordinates_missing_or_invalid|no_valid_location_points|requires_crosswalk_or_marine_review|timezone_not_normalized_to_utc
5283334,1131100,2002,2002-02-02T06:00:00,2002-02-02T20:00:00,EST,14.0,36,,Z,011,GENESEE,0,0,0,0,15000,,,0,,0,1,begin_coordinates_missing_or_invalid|damage_crops_missing|end_coordinates_missing_or_invalid|no_valid_location_points|requires_crosswalk_or_marine_review|timezone_not_normalized_to_utc
5283335,1131100,2002,2002-02-01T11:00:00,2002-02-01T22:00:00,EST,11.0,36,,Z,010,ERIE,0,0,0,0,8000,,,0,,0,1,begin_coordinates_missing_or_invalid|damage_crops_missing|end_coordinates_missing_or_invalid|no_valid_location_points|requires_crosswalk_or_marine_review|timezone_not_normalized_to_utc
5283336,1131100,2002,2002-02-01T08:00:00,2002-02-01T18:00:00,EST,10.0,36,,Z,010,ERIE,0,0,0,0,5000,,,0,,0,1,begin_coordinates_missing_or_invalid|damage_crops_missing|end_coordinates_missing_or_invalid|no_valid_location_points|requires_crosswalk_or_marine_review|timezone_not_normalized_to_utc
5283372,1130898,2002,2002-01-31T11:00:00,2002-01-31T12:00:00,CST,1.0,29,,Z,046,COOPER,0,0,0,0,,,,0,,0,1,begin_coordinates_missing_or_invalid|damage_crops_missing|damage_property_missing|end_coordinates_missing_or_invalid|no_valid_location_points|requires_crosswalk_or_marine_review|timezone_not_normalized_to_utc
5284007,1132291,2002,2002-03-27T06:30:00,2002-03-28T22:00:00,EST,39.5,36,,Z,056,BROOME,0,0,0,0,,,,0,,0,1,begin_coordinates_missing_or_invalid|damage_crops_missing|damage_property_missing|end_coordinates_missing_or_invalid|no_valid_location_points|requires_crosswalk_or_marine_review|timezone_not_normalized_to_utc
5284008,1132291,2002,2002-03-27T08:30:00,2002-03-28T06:00:00,EST,21.5,36,,Z,045,CHENANGO,0,0,0,0,,,,0,,0,1,begin_coordinates_missing_or_invalid|damage_crops_missing|damage_property_missing|end_coordinates_missing_or_invalid|no_valid_location_points|requires_crosswalk_or_marine_review|timezone_not_normalized_to_utc
5284009,1132291,2002,2002-03-27T08:00:00,2002-03-28T08:00:00,EST,24.0,36,,Z,055,TIOGA,0,0,0,0,,,,0,,0,1,begin_coordinates_missing_or_invalid|damage_crops_missing|damage_property_missing|end_coordinates_missing_or_invalid|no_valid_location_points|requires_crosswalk_or_marine_review|timezone_not_normalized_to_utc
5284010,1132292,2002,2002-03-27T08:00:00,2002-03-28T08:00:00,EST,24.0,42,,Z,038,BRADFORD,0,0,0,0,,,,0,,0,1,begin_coordinates_missing_or_invalid|damage_crops_missing|damage_property_missing|end_coordinates_missing_or_invalid|no_valid_location_points|requires_crosswalk_or_marine_review|timezone_not_normalized_to_utc
5284011,1132292,2002,2002-03-27T06:30:00,2002-03-28T22:00:00,EST,39.5,42,,Z,039,SUSQUEHANNA,0,0,0,0,,,,0,,0,1,begin_coordinates_missing_or_invalid|damage_crops_missing|damage_property_missing|end_coordinates_missing_or_invalid|no_valid_location_points|requires_crosswalk_or_marine_review|timezone_not_normalized_to_utc
5284602,1132407,2002,2002-04-07T00:00:00,2002-04-07T23:59:00,SST,23.983333333333334,98,,Z,006,GUAM,0,0,0,0,50000,,,0,,0,1,begin_coordinates_missing_or_invalid|damage_crops_missing|end_coordinates_missing_or_invalid|no_valid_location_points|requires_crosswalk_or_marine_review|timezone_not_normalized_to_utc
5284604,1132407,2002,2002-04-08T00:00:00,2002-04-08T23:59:00,SST,23.983333333333334,98,,Z,002,MICRONESIA,1,0,0,0,100000,,,0,,0,1,begin_coordinates_missing_or_invalid|damage_crops_missing|end_coordinates_missing_or_invalid|no_valid_location_points|requires_crosswalk_or_marine_review|timezone_not_normalized_to_utc
5285066,1132631,2002,2002-04-28T06:00:00,2002-04-28T10:00:00,EST,4.0,54,,Z,027,CLAY,0,0,0,0,,,,0,,0,1,begin_coordinates_missing_or_invalid|damage_crops_missing|damage_property_missing|end_coordinates_missing_or_invalid|no_valid_location_points|requires_crosswalk_or_marine_review|timezone_not_normalized_to_utc
5285067,1132631,2002,2002-04-28T06:00:00,2002-04-28T10:00:00,EST,4.0,54,,Z,008,JACKSON,0,0,0,0,,,,0,,0,1,begin_coordinates_missing_or_invalid|damage_crops_missing|damage_property_missing|end_coordinates_missing_or_invalid|no_valid_location_points|requires_crosswalk_or_marine_review|timezone_not_normalized_to_utc
5285068,1132631,2002,2002-04-28T06:00:00,2002-04-28T10:00:00,EST,4.0,54,,Z,015,KANAWHA,0,0,0,0,10000,,,0,,0,1,begin_coordinates_missing_or_invalid|damage_crops_missing|end_coordinates_missing_or_invalid|no_valid_location_points|requires_crosswalk_or_marine_review|timezone_not_normalized_to_utc
5285069,1132631,2002,2002-04-28T06:00:00,2002-04-28T10:00:00,EST,4.0,54,,Z,007,MASON,0,0,0,0,,,,0,,0,1,begin_coordinates_missing_or_invalid|damage_crops_missing|damage_property_missing|end_coordinates_missing_or_invalid|no_valid_location_points|requires_crosswalk_or_marine_review|timezone_not_normalized_to_utc
5285070,1132631,2002,2002-04-28T06:00:00,2002-04-28T10:00:00,EST,4.0,54,,Z,037,NICHOLAS,0,0,0,0,10000,,,0,,0,1,begin_coordinates_missing_or_invalid|damage_crops_missing|end_coordinates_missing_or_invalid|no_valid_location_points|requires_crosswalk_or_marine_review|timezone_not_normalized_to_utc
5285071,1132631,2002,2002-04-28T06:00:00,2002-04-28T10:00:00,EST,4.0,54,,Z,010,PLEASANTS,0,0,0,0,,,,0,,0,1,begin_coordinates_missing_or_invalid|damage_crops_missing|damage_property_missing|end_coordinates_missing_or_invalid|no_valid_location_points|requires_crosswalk_or_marine_review|timezone_not_normalized_to_utc
5285072,1132631,2002,2002-04-28T06:00:00,2002-04-28T10:00:00,EST,4.0,54,,Z,046,POCAHONTAS,0,0,0,0,,,,0,,0,1,begin_coordinates_missing_or_invalid|damage_crops_missing|damage_property_missing|end_coordinates_missing_or_invalid|no_valid_location_points|requires_crosswalk_or_marine_review|timezone_not_normalized_to_utc
5285073,1132631,2002,2002-04-28T06:00:00,2002-04-28T10:00:00,EST,4.0,54,,Z,014,PUTNAM,0,0,0,0,,,,0,,0,1,begin_coordinates_missing_or_invalid|damage_crops_missing|damage_property_missing|end_coordinates_missing_or_invalid|no_valid_location_points|requires_crosswalk_or_marine_review|timezone_not_normalized_to_utc
5285074,1132631,2002,2002-04-28T06:00:00,2002-04-28T10:00:00,EST,4.0,54,,Z,047,RANDOLPH,0,0,0,0,10000,,,0,,0,1,begin_coordinates_missing_or_invalid|damage_crops_missing|end_coordinates_missing_or_invalid|no_valid_location_points|requires_crosswalk_or_marine_review|timezone_not_normalized_to_utc
5285075,1132631,2002,2002-04-28T06:00:00,2002-04-28T10:00:00,EST,4.0,54,,Z,038,WEBSTER,0,0,0,0,10000,,,0,,0,1,begin_coordinates_missing_or_invalid|damage_crops_missing|end_coordinates_missing_or_invalid|no_valid_location_points|requires_crosswalk_or_marine_review|timezone_not_normalized_to_utc
5285076,1132631,2002,2002-04-28T06:00:00,2002-04-28T10:00:00,EST,4.0,54,,Z,016,ROANE,0,0,0,0,,,,0,,0,1,begin_coordinates_missing_or_invalid|damage_crops_missing|damage_property_missing|end_coordinates_missing_or_invalid|no_valid_location_points|requires_crosswalk_or_marine_review|timezone_not_normalized_to_utc
5285386,1132381,2002,2002-04-19T08:00:00,2002-04-19T14:00:00,SST,6.0,97,,Z,002,TUTUILA,0,0,0,0,50000,,,0,,0,1,begin_coordinates_missing_or_invalid|damage_crops_missing|end_coordinates_missing_or_invalid|no_valid_location_points|requires_crosswalk_or_marine_review|timezone_not_normalized_to_utc
5285662,1132152,2002,2002-03-18T06:00:00,2002-03-18T07:00:00,CST,1.0,47,,Z,075,BEDFORD,0,0,0,0,,,,0,,0,1,begin_coordinates_missing_or_invalid|damage_crops_missing|damage_property_missing|end_coordinates_missing_or_invalid|no_valid_location_points|requires_crosswalk_or_marine_review|timezone_not_normalized_to_utc
5285663,1132152,2002,2002-03-17T18:00:00,2002-03-20T04:00:00,CST,58.0,47,,Z,060,MAURY,0,0,0,0,,,,0,,0,1,begin_coordinates_missing_or_invalid|damage_crops_missing|damage_property_missing|end_coordinates_missing_or_invalid|no_valid_location_points|requires_crosswalk_or_marine_review|timezone_not_normalized_to_utc
5285674,1131751,2002,2002-03-19T19:00:00,2002-03-21T21:00:00,EST,50.0,21,,Z,042,BOURBON,0,0,0,0,,,,0,,0,1,begin_coordinates_missing_or_invalid|damage_crops_missing|damage_property_missing|end_coordinates_missing_or_invalid|no_valid_location_points|requires_crosswalk_or_marine_review|timezone_not_normalized_to_utc
5285730,1132152,2002,2002-03-17T18:00:00,2002-03-18T21:00:00,CST,27.0,47,,Z,059,WILLIAMSON,0,0,0,0,,,,0,,0,1,begin_coordinates_missing_or_invalid|damage_crops_missing|damage_property_missing|end_coordinates_missing_or_invalid|no_valid_location_points|requires_crosswalk_or_marine_review|timezone_not_normalized_to_utc
5285731,1132152,2002,2002-03-17T21:00:00,2002-03-18T16:00:00,CST,19.0,47,,Z,026,CHEATHAM,0,0,0,0,,,,0,,0,1,begin_coordinates_missing_or_invalid|damage_crops_missing|damage_property_missing|end_coordinates_missing_or_invalid|no_valid_location_points|requires_crosswalk_or_marine_review|timezone_not_normalized_to_utc
5285732,1132152,2002,2002-03-17T09:00:00,2002-03-22T12:00:00,CST,123.0,47,,Z,056,PERRY,0,0,0,0,,,,0,,0,1,begin_coordinates_missing_or_invalid|damage_crops_missing|damage_property_missing|end_coordinates_missing_or_invalid|no_valid_location_points|requires_crosswalk_or_marine_review|timezone_not_normalized_to_utc
5285733,1132152,2002,2002-03-18T11:00:00,2002-03-19T13:00:00,CST,26.0,47,,Z,096,LINCOLN,0,0,0,0,,,,0,,0,1,begin_coordinates_missing_or_invalid|damage_crops_missing|damage_property_missing|end_coordinates_missing_or_invalid|no_valid_location_points|requires_crosswalk_or_marine_review|timezone_not_normalized_to_utc
5285765,1131815,2002,2002-03-20T04:28:00,2002-03-20T09:45:00,EST,5.283333333333333,21,,Z,052,ROWAN,0,0,0,0,,,,0,,0,1,begin_coordinates_missing_or_invalid|damage_crops_missing|damage_property_missing|end_coordinates_missing_or_invalid|no_valid_location_points|requires_crosswalk_or_marine_review|timezone_not_normalized_to_utc
5285766,1131815,2002,2002-03-20T04:28:00,2002-03-20T09:45:00,EST,5.283333333333333,21,,Z,044,FLEMING,0,0,0,0,500000,,,0,,0,1,begin_coordinates_missing_or_invalid|damage_crops_missing|end_coordinates_missing_or_invalid|no_valid_location_points|requires_crosswalk_or_marine_review|timezone_not_normalized_to_utc
5285777,1131952,2002,2002-03-31T14:45:00,2002-03-31T15:30:00,EST,0.75,45,45023,C,023,CHESTER,0,0,0,0,2000,,,0,,0,1,begin_coordinates_missing_or_invalid|county_code_unverified|damage_crops_missing|end_coordinates_missing_or_invalid|no_valid_location_points|timezone_not_normalized_to_utc
5285785,1132049,2002,2002-03-18T09:00:00,2002-03-18T11:00:00,EST,2.0,51,51155,C,155,PULASKI,0,0,0,0,0,,,0,,0,1,begin_coordinates_missing_or_invalid|county_code_unverified|damage_crops_missing|end_coordinates_missing_or_invalid|no_valid_location_points|timezone_not_normalized_to_utc
5285786,1132049,2002,2002-03-18T08:00:00,2002-03-18T16:00:00,EST,8.0,51,51197,C,197,WYTHE,0,0,0,0,,,,0,,0,1,begin_coordinates_missing_or_invalid|county_code_unverified|damage_crops_missing|damage_property_missing|end_coordinates_missing_or_invalid|no_valid_location_points|timezone_not_normalized_to_utc
5285787,1132049,2002,2002-03-18T06:00:00,2002-03-18T16:00:00,EST,10.0,51,51173,C,173,SMYTH,0,0,0,0,,,,0,,0,1,begin_coordinates_missing_or_invalid|county_code_unverified|damage_crops_missing|damage_property_missing|end_coordinates_missing_or_invalid|no_valid_location_points|timezone_not_normalized_to_utc
5285788,1132049,2002,2002-03-18T08:30:00,2002-03-18T16:00:00,EST,7.5,51,51185,C,185,TAZEWELL,0,0,0,0,,,,0,,0,1,begin_coordinates_missing_or_invalid|county_code_unverified|damage_crops_missing|damage_property_missing|end_coordinates_missing_or_invalid|no_valid_location_points|timezone_not_normalized_to_utc
5285979,1131753,2002,2002-03-20T12:00:00,2002-03-21T18:00:00,EST,30.0,21,,Z,037,HARRISON,0,0,0,0,,,,0,,0,1,begin_coordinates_missing_or_invalid|damage_crops_missing|damage_property_missing|end_coordinates_missing_or_invalid|no_valid_location_points|requires_crosswalk_or_marine_review|timezone_not_normalized_to_utc
5285980,1131754,2002,2002-03-19T23:00:00,2002-03-24T09:00:00,EST,106.0,21,,Z,043,NICHOLAS,0,0,0,0,,,,0,,0,1,begin_coordinates_missing_or_invalid|damage_crops_missing|damage_property_missing|end_coordinates_missing_or_invalid|no_valid_location_points|requires_crosswalk_or_marine_review|timezone_not_normalized_to_utc
5285981,1131755,2002,2002-03-20T08:00:00,2002-03-21T23:00:00,EST,39.0,21,,Z,057,MADISON,0,0,0,0,,,,0,,0,1,begin_coordinates_missing_or_invalid|damage_crops_missing|damage_property_missing|end_coordinates_missing_or_invalid|no_valid_location_points|requires_crosswalk_or_marine_review|timezone_not_normalized_to_utc
5285982,1131756,2002,2002-03-20T11:00:00,2002-03-22T15:00:00,EST,52.0,21,,Z,048,JESSAMINE,0,0,0,0,,,,0,,0,1,begin_coordinates_missing_or_invalid|damage_crops_missing|damage_property_missing|end_coordinates_missing_or_invalid|no_valid_location_points|requires_crosswalk_or_marine_review|timezone_not_normalized_to_utc
5285983,1131757,2002,2002-03-20T19:00:00,2002-03-23T13:30:00,EST,66.5,21,,Z,035,FRANKLIN,0,0,0,0,,,,0,,0,1,begin_coordinates_missing_or_invalid|damage_crops_missing|damage_property_missing|end_coordinates_missing_or_invalid|no_valid_location_points|requires_crosswalk_or_marine_review|timezone_not_normalized_to_utc
5285984,1131758,2002,2002-03-20T15:00:00,2002-03-24T07:00:00,EST,88.0,21,,Z,045,NELSON,0,0,0,0,,,,0,,0,1,begin_coordinates_missing_or_invalid|damage_crops_missing|damage_property_missing|end_coordinates_missing_or_invalid|no_valid_location_points|requires_crosswalk_or_marine_review|timezone_not_normalized_to_utc
5285985,1131759,2002,2002-03-20T06:30:00,2002-03-22T10:30:00,EST,52.0,21,,Z,026,OHIO,0,0,0,0,,,,0,,0,1,begin_coordinates_missing_or_invalid|damage_crops_missing|damage_property_missing|end_coordinates_missing_or_invalid|no_valid_location_points|requires_crosswalk_or_marine_review|timezone_not_normalized_to_utc
5286112,1131760,2002,2002-03-26T15:30:00,2002-03-27T22:30:00,EST,31.0,21,,Z,026,OHIO,0,0,0,0,,,,0,,0,1,begin_coordinates_missing_or_invalid|damage_crops_missing|damage_property_missing|end_coordinates_missing_or_invalid|no_valid_location_points|requires_crosswalk_or_marine_review|timezone_not_normalized_to_utc
5286113,1131761,2002,2002-03-21T10:00:00,2002-03-21T19:00:00,EST,9.0,21,,Z,063,HART,0,0,0,0,,,,0,,0,1,begin_coordinates_missing_or_invalid|damage_crops_missing|damage_property_missing|end_coordinates_missing_or_invalid|no_valid_location_points|requires_crosswalk_or_marine_review|timezone_not_normalized_to_utc
5286114,1131762,2002,2002-03-21T10:00:00,2002-03-22T22:00:00,EST,36.0,21,,Z,062,EDMONSON,0,0,0,0,,,,0,,0,1,begin_coordinates_missing_or_invalid|damage_crops_missing|damage_property_missing|end_coordinates_missing_or_invalid|no_valid_location_points|requires_crosswalk_or_marine_review|timezone_not_normalized_to_utc
5286115,1131763,2002,2002-03-20T19:00:00,2002-03-24T05:00:00,EST,82.0,21,,Z,061,BUTLER,0,0,0,0,,,,0,,0,1,begin_coordinates_missing_or_invalid|damage_crops_missing|damage_property_missing|end_coordinates_missing_or_invalid|no_valid_location_points|requires_crosswalk_or_marine_review|timezone_not_normalized_to_utc
5286116,1131764,2002,2002-03-20T16:00:00,2002-03-28T13:00:00,EST,189.0,21,,Z,061,BUTLER,0,0,0,0,,,,0,,0,1,begin_coordinates_missing_or_invalid|damage_crops_missing|damage_property_missing|end_coordinates_missing_or_invalid|no_valid_location_points|requires_crosswalk_or_marine_review|timezone_not_normalized_to_utc
5286117,1131765,2002,2002-03-23T11:00:00,2002-03-25T02:00:00,EST,39.0,21,,Z,030,JEFFERSON,0,0,0,0,,,,0,,0,1,begin_coordinates_missing_or_invalid|damage_crops_missing|damage_property_missing|end_coordinates_missing_or_invalid|no_valid_location_points|requires_crosswalk_or_marine_review|timezone_not_normalized_to_utc
5286118,1131766,2002,2002-03-23T23:00:00,2002-03-26T20:00:00,EST,69.0,18,,Z,089,PERRY,0,0,0,0,,,,0,,0,1,begin_coordinates_missing_or_invalid|damage_crops_missing|damage_property_missing|end_coordinates_missing_or_invalid|no_valid_location_points|requires_crosswalk_or_marine_review|timezone_not_normalized_to_utc
5286119,1131767,2002,2002-03-22T13:00:00,2002-03-28T05:00:00,EST,136.0,18,,Z,089,PERRY,0,0,0,0,,,,0,,0,1,begin_coordinates_missing_or_invalid|damage_crops_missing|damage_property_missing|end_coordinates_missing_or_invalid|no_valid_location_points|requires_crosswalk_or_marine_review|timezone_not_normalized_to_utc
5286174,1132045,2002,2002-03-19T17:00:00,2002-03-20T10:30:00,CST,17.5,29,,Z,096,DOUGLAS,0,0,0,0,10000,,,0,,0,1,begin_coordinates_missing_or_invalid|damage_crops_missing|end_coordinates_missing_or_invalid|no_valid_location_points|requires_crosswalk_or_marine_review|timezone_not_normalized_to_utc
5286175,1132045,2002,2002-03-19T10:30:00,2002-03-20T15:00:00,CST,28.5,29,,Z,097,HOWELL,0,0,0,0,25000,,,0,,0,1,begin_coordinates_missing_or_invalid|damage_crops_missing|end_coordinates_missing_or_invalid|no_valid_location_points|requires_crosswalk_or_marine_review|timezone_not_normalized_to_utc
5286176,1132045,2002,2002-03-19T17:00:00,2002-03-20T15:00:00,CST,22.0,29,,Z,106,OREGON,0,0,0,0,25000,,,0,,0,1,begin_coordinates_missing_or_invalid|damage_crops_missing|end_coordinates_missing_or_invalid|no_valid_location_points|requires_crosswalk_or_marine_review|timezone_not_normalized_to_utc
5286177,1132045,2002,2002-03-19T10:30:00,2002-03-20T15:00:00,CST,28.5,29,,Z,105,OZARK,0,0,0,0,0,,,0,,0,1,begin_coordinates_missing_or_invalid|damage_crops_missing|end_coordinates_missing_or_invalid|no_valid_location_points|requires_crosswalk_or_marine_review|timezone_not_normalized_to_utc
5286178,1132045,2002,2002-03-19T17:00:00,2002-03-20T15:00:00,CST,22.0,29,,Z,098,SHANNON,0,0,0,0,0,,,0,,0,1,begin_coordinates_missing_or_invalid|damage_crops_missing|end_coordinates_missing_or_invalid|no_valid_location_points|requires_crosswalk_or_marine_review|timezone_not_normalized_to_utc
5286179,1132045,2002,2002-03-19T17:00:00,2002-03-20T15:00:00,CST,22.0,29,,Z,082,TEXAS,0,0,0,0,0,,,0,,0,1,begin_coordinates_missing_or_invalid|damage_crops_missing|end_coordinates_missing_or_invalid|no_valid_location_points|requires_crosswalk_or_marine_review|timezone_not_normalized_to_utc
5286180,1132045,2002,2002-03-19T17:00:00,2002-03-20T15:00:00,CST,22.0,29,,Z,092,WRIGHT,0,0,0,0,0,,,0,,0,1,begin_coordinates_missing_or_invalid|damage_crops_missing|end_coordinates_missing_or_invalid|no_valid_location_points|requires_crosswalk_or_marine_review|timezone_not_normalized_to_utc
5286509,1131643,2002,2002-03-25T19:30:00,2002-03-25T21:00:00,CST,1.5,05,,Z,017,LAWRENCE,0,0,0,0,1000,,,0,,0,1,begin_coordinates_missing_or_invalid|damage_crops_missing|end_coordinates_missing_or_invalid|no_valid_location_points|requires_crosswalk_or_marine_review|timezone_not_normalized_to_utc
5286510,1131643,2002,2002-03-25T19:30:00,2002-03-25T21:00:00,CST,1.5,05,,Z,008,RANDOLPH,0,0,0,0,1000,,,0,,0,1,begin_coordinates_missing_or_invalid|damage_crops_missing|end_coordinates_missing_or_invalid|no_valid_location_points|requires_crosswalk_or_marine_review|timezone_not_normalized_to_utc
5286511,1131644,2002,2002-03-25T23:00:00,2002-03-26T01:30:00,CST,2.5,29,,Z,113,DUNKLIN,0,0,0,0,1000,,,0,,0,1,begin_coordinates_missing_or_invalid|damage_crops_missing|end_coordinates_missing_or_invalid|no_valid_location_points|requires_crosswalk_or_marine_review|timezone_not_normalized_to_utc
5286548,1131797,2002,2002-03-17T06:00:00,2002-03-17T09:00:00,EST,3.0,21,21231,C,231,WAYNE,0,0,0,0,,,,0,,0,1,begin_coordinates_missing_or_invalid|county_code_unverified|damage_crops_missing|damage_property_missing|end_coordinates_missing_or_invalid|no_valid_location_points|timezone_not_normalized_to_utc
5286549,1131798,2002,2002-03-17T08:15:00,2002-03-17T10:15:00,EST,2.0,21,21235,C,235,WHITLEY,0,0,0,0,,,,0,,0,1,begin_coordinates_missing_or_invalid|county_code_unverified|damage_crops_missing|damage_property_missing|end_coordinates_missing_or_invalid|no_valid_location_points|timezone_not_normalized_to_utc
5286550,1131799,2002,2002-03-17T23:45:00,2002-03-20T00:42:00,EST,48.95,21,,Z,087,BELL,0,0,0,0,26500000.0,,,0,,0,1,begin_coordinates_missing_or_invalid|damage_crops_missing|end_coordinates_missing_or_invalid|no_valid_location_points|requires_crosswalk_or_marine_review|timezone_not_normalized_to_utc
5286616,1131647,2002,2002-03-29T19:45:00,2002-03-29T21:00:00,CST,1.25,47,47167,C,167,TIPTON,0,0,0,0,1000,,,0,,0,1,begin_coordinates_missing_or_invalid|county_code_unverified|damage_crops_missing|end_coordinates_missing_or_invalid|no_valid_location_points|timezone_not_normalized_to_utc
5286641,1131651,2002,2002-03-29T17:40:00,2002-03-29T17:40:00,CST,0.0,48,48135,C,135,ECTOR,0,0,0,0,0,0,,0,,0,1,begin_coordinates_missing_or_invalid|county_code_unverified|end_coordinates_missing_or_invalid|no_valid_location_points|timezone_not_normalized_to_utc
5286645,1131799,2002,2002-03-18T00:20:00,2002-03-18T08:55:00,EST,8.583333333333334,21,,Z,088,HARLAN,0,0,0,0,,,,0,,0,1,begin_coordinates_missing_or_invalid|damage_crops_missing|damage_property_missing|end_coordinates_missing_or_invalid|no_valid_location_points|requires_crosswalk_or_marine_review|timezone_not_normalized_to_utc
5286646,1131799,2002,2002-03-18T03:12:00,2002-03-21T05:13:00,EST,74.01666666666667,21,,Z,086,KNOX,0,0,0,0,,,,0,,0,1,begin_coordinates_missing_or_invalid|damage_crops_missing|damage_property_missing|end_coordinates_missing_or_invalid|no_valid_location_points|requires_crosswalk_or_marine_review|timezone_not_normalized_to_utc
5286647,1131799,2002,2002-03-18T01:42:00,2002-03-23T01:38:00,EST,119.93333333333334,21,,Z,085,WHITLEY,0,0,0,0,,,,0,,0,1,begin_coordinates_missing_or_invalid|damage_crops_missing|damage_property_missing|end_coordinates_missing_or_invalid|no_valid_location_points|requires_crosswalk_or_marine_review|timezone_not_normalized_to_utc
5286648,1131800,2002,2002-03-18T07:42:00,2002-03-18T20:56:00,EST,13.233333333333333,21,,Z,111,LEE,0,0,0,0,300000,,,0,,0,1,begin_coordinates_missing_or_invalid|damage_crops_missing|end_coordinates_missing_or_invalid|no_valid_location_points|requires_crosswalk_or_marine_review|timezone_not_normalized_to_utc
5286649,1131800,2002,2002-03-18T17:41:00,2002-03-19T16:40:00,EST,22.983333333333334,21,,Z,114,OWSLEY,0,0,0,0,,,,0,,0,1,begin_coordinates_missing_or_invalid|damage_crops_missing|damage_property_missing|end_coordinates_missing_or_invalid|no_valid_location_points|requires_crosswalk_or_marine_review|timezone_not_normalized_to_utc
5286650,1131800,2002,2002-03-18T07:42:00,2002-03-21T00:13:00,EST,64.51666666666667,21,,Z,115,PERRY,0,0,0,0,,,,0,,0,1,begin_coordinates_missing_or_invalid|damage_crops_missing|damage_property_missing|end_coordinates_missing_or_invalid|no_valid_location_points|requires_crosswalk_or_marine_review|timezone_not_normalized_to_utc
5286659,1131826,2002,2002-03-18T05:00:00,2002-03-18T08:00:00,EST,3.0,21,21071,C,071,FLOYD,0,0,0,0,0,0,,0,,0,1,begin_coordinates_missing_or_invalid|county_code_unverified|end_coordinates_missing_or_invalid|no_valid_location_points|timezone_not_normalized_to_utc
5286661,1131828,2002,2002-03-18T07:00:00,2002-03-18T07:00:00,EST,0.0,21,21133,C,133,LETCHER,0,0,0,0,0,0,,0,,0,1,begin_coordinates_missing_or_invalid|county_code_unverified|end_coordinates_missing_or_invalid|no_valid_location_points|timezone_not_normalized_to_utc
5286662,1131829,2002,2002-03-19T16:23:00,2002-03-20T07:00:00,EST,14.616666666666667,21,,Z,107,JOHNSON,0,0,0,0,50000,0,,0,,0,1,begin_coordinates_missing_or_invalid|end_coordinates_missing_or_invalid|no_valid_location_points|requires_crosswalk_or_marine_review|timezone_not_normalized_to_utc
5286663,1131830,2002,2002-03-19T18:00:00,2002-03-20T10:00:00,EST,16.0,21,,Z,106,MORGAN,0,0,0,0,10000,0,,0,,0,1,begin_coordinates_missing_or_invalid|end_coordinates_missing_or_invalid|no_valid_location_points|requires_crosswalk_or_marine_review|timezone_not_normalized_to_utc
5286664,1131831,2002,2002-03-20T01:45:00,2002-03-20T11:00:00,EST,9.25,21,,Z,044,FLEMING,0,0,0,0,10000,0,,0,,0,1,begin_coordinates_missing_or_invalid|end_coordinates_missing_or_invalid|no_valid_location_points|requires_crosswalk_or_marine_review|timezone_not_normalized_to_utc
5286665,1131832,2002,2002-03-20T02:25:00,2002-03-20T10:00:00,EST,7.583333333333333,21,,Z,051,BATH,0,0,0,0,10000,0,,0,,0,1,begin_coordinates_missing_or_invalid|end_coordinates_missing_or_invalid|no_valid_location_points|requires_crosswalk_or_marine_review|timezone_not_normalized_to_utc
5286666,1131833,2002,2002-03-20T02:30:00,2002-03-20T11:00:00,EST,8.5,21,,Z,050,MONTGOMERY,0,0,0,0,10000,0,,0,,0,1,begin_coordinates_missing_or_invalid|end_coordinates_missing_or_invalid|no_valid_location_points|requires_crosswalk_or_marine_review|timezone_not_normalized_to_utc
5286750,1131834,2002,2002-03-20T04:00:00,2002-03-20T11:00:00,EST,7.0,21,,Z,052,ROWAN,0,0,0,0,30000,0,,0,,0,1,begin_coordinates_missing_or_invalid|end_coordinates_missing_or_invalid|no_valid_location_points|requires_crosswalk_or_marine_review|timezone_not_normalized_to_utc
5286751,1131835,2002,2002-03-20T06:45:00,2002-03-20T11:00:00,EST,4.25,21,,Z,104,ELLIOTT,0,0,0,0,7000,0,,0,,0,1,begin_coordinates_missing_or_invalid|end_coordinates_missing_or_invalid|no_valid_location_points|requires_crosswalk_or_marine_review|timezone_not_normalized_to_utc
5286752,1131836,2002,2002-03-20T07:30:00,2002-03-20T11:00:00,EST,3.5,21,,Z,058,ESTILL,0,0,0,0,10000,0,,0,,0,1,begin_coordinates_missing_or_invalid|end_coordinates_missing_or_invalid|no_valid_location_points|requires_crosswalk_or_marine_review|timezone_not_normalized_to_utc
5286753,1131837,2002,2002-03-20T06:21:00,2002-03-20T11:00:00,EST,4.65,21,,Z,059,POWELL,0,0,0,0,10000,0,,0,,0,1,begin_coordinates_missing_or_invalid|end_coordinates_missing_or_invalid|no_valid_location_points|requires_crosswalk_or_marine_review|timezone_not_normalized_to_utc
5286754,1131838,2002,2002-03-20T07:00:00,2002-03-20T11:00:00,EST,4.0,21,,Z,060,MENIFEE,0,0,0,0,5000,0,,0,,0,1,begin_coordinates_missing_or_invalid|end_coordinates_missing_or_invalid|no_valid_location_points|requires_crosswalk_or_marine_review|timezone_not_normalized_to_utc
5286755,1131839,2002,2002-03-03T11:00:00,2002-03-03T11:00:00,EST,0.0,13,13039,C,039,CAMDEN,0,0,0,0,,,,0,,0,1,begin_coordinates_missing_or_invalid|county_code_unverified|damage_crops_missing|damage_property_missing|end_coordinates_missing_or_invalid|no_valid_location_points|timezone_not_normalized_to_utc
5286757,1131841,2002,2002-03-12T21:13:00,2002-03-12T21:13:00,EST,0.0,12,12001,C,001,ALACHUA,0,0,0,0,,,,0,,0,1,begin_coordinates_missing_or_invalid|county_code_unverified|damage_crops_missing|damage_property_missing|end_coordinates_missing_or_invalid|no_valid_location_points|timezone_not_normalized_to_utc
5286876,1131998,2002,2002-03-19T07:00:00,2002-03-21T03:00:00,CST,44.0,40,,Z,076,LE FLORE,0,0,0,0,,,,0,,0,1,begin_coordinates_missing_or_invalid|damage_crops_missing|damage_property_missing|end_coordinates_missing_or_invalid|no_valid_location_points|requires_crosswalk_or_marine_review|timezone_not_normalized_to_utc
5286877,1131999,2002,2002-03-19T08:00:00,2002-03-23T12:00:00,CST,100.0,40,,Z,076,LE FLORE,0,0,0,0,,,,0,,0,1,begin_coordinates_missing_or_invalid|damage_crops_missing|damage_property_missing|end_coordinates_missing_or_invalid|no_valid_location_points|requires_crosswalk_or_marine_review|timezone_not_normalized_to_utc
5286878,1132000,2002,2002-03-19T17:00:00,2002-03-20T10:00:00,CST,17.0,05,,Z,019,CRAWFORD,0,0,0,0,,,,0,,0,1,begin_coordinates_missing_or_invalid|damage_crops_missing|damage_property_missing|end_coordinates_missing_or_invalid|no_valid_location_points|requires_crosswalk_or_marine_review|timezone_not_normalized_to_utc
5286879,1132001,2002,2002-03-20T02:00:00,2002-03-20T16:00:00,CST,14.0,05,,Z,019,CRAWFORD,0,0,0,0,,,,0,,0,1,begin_coordinates_missing_or_invalid|damage_crops_missing|damage_property_missing|end_coordinates_missing_or_invalid|no_valid_location_points|requires_crosswalk_or_marine_review|timezone_not_normalized_to_utc
5286880,1132001,2002,2002-03-20T02:00:00,2002-03-20T16:00:00,CST,14.0,05,,Z,029,SEBASTIAN,0,0,0,0,,,,0,,0,1,begin_coordinates_missing_or_invalid|damage_crops_missing|damage_property_missing|end_coordinates_missing_or_invalid|no_valid_location_points|requires_crosswalk_or_marine_review|timezone_not_normalized_to_utc
5286911,1132124,2002,2002-03-26T12:20:00,2002-03-26T14:30:00,EST,2.1666666666666665,42,,Z,031,GREENE,0,0,0,0,5000,,,0,,0,1,begin_coordinates_missing_or_invalid|damage_crops_missing|end_coordinates_missing_or_invalid|no_valid_location_points|requires_crosswalk_or_marine_review|timezone_not_normalized_to_utc
5286912,1132124,2002,2002-03-26T13:40:00,2002-03-26T18:30:00,EST,4.833333333333333,42,,Z,030,WESTMORELAND,0,0,0,0,5000,,,0,,0,1,begin_coordinates_missing_or_invalid|damage_crops_missing|end_coordinates_missing_or_invalid|no_valid_location_points|requires_crosswalk_or_marine_review|timezone_not_normalized_to_utc
5286913,1132124,2002,2002-03-26T13:40:00,2002-03-26T18:30:00,EST,4.833333333333333,42,,Z,023,INDIANA,0,0,0,0,5000,,,0,,0,1,begin_coordinates_missing_or_invalid|damage_crops_missing|end_coordinates_missing_or_invalid|no_valid_location_points|requires_crosswalk_or_marine_review|timezone_not_normalized_to_utc
5286914,1132124,2002,2002-03-26T14:20:00,2002-03-26T21:00:00,EST,6.666666666666667,42,,Z,029,WASHINGTON,0,0,0,0,50000,,,0,,0,1,begin_coordinates_missing_or_invalid|damage_crops_missing|end_coordinates_missing_or_invalid|no_valid_location_points|requires_crosswalk_or_marine_review|timezone_not_normalized_to_utc
5286915,1132124,2002,2002-03-26T14:30:00,2002-03-26T19:00:00,EST,4.5,42,,Z,014,BUTLER,0,0,0,0,5000,,,0,,0,1,begin_coordinates_missing_or_invalid|damage_crops_missing|end_coordinates_missing_or_invalid|no_valid_location_points|requires_crosswalk_or_marine_review|timezone_not_normalized_to_utc
5286916,1132124,2002,2002-03-26T14:30:00,2002-03-26T19:00:00,EST,4.5,42,,Z,032,FAYETTE,0,0,0,0,5000,,,0,,0,1,begin_coordinates_missing_or_invalid|damage_crops_missing|end_coordinates_missing_or_invalid|no_valid_location_points|requires_crosswalk_or_marine_review|timezone_not_normalized_to_utc
5286917,1132124,2002,2002-03-26T14:30:00,2002-03-26T19:00:00,EST,4.5,42,,Z,022,ARMSTRONG,0,0,0,0,5000,,,0,,0,1,begin_coordinates_missing_or_invalid|damage_crops_missing|end_coordinates_missing_or_invalid|no_valid_location_points|requires_crosswalk_or_marine_review|timezone_not_normalized_to_utc
5286918,1132124,2002,2002-03-26T14:30:00,2002-03-26T19:00:00,EST,4.5,42,,Z,021,ALLEGHENY,0,0,0,0,5000,,,0,,0,1,begin_coordinates_missing_or_invalid|damage_crops_missing|end_coordinates_missing_or_invalid|no_valid_location_points|requires_crosswalk_or_marine_review|timezone_not_normalized_to_utc
5286979,1131857,2002,2002-03-16T00:15:00,2002-03-16T00:15:00,EST,0.0,39,,Z,081,ADAMS,0,0,0,0,,,,0,,0,1,begin_coordinates_missing_or_invalid|damage_crops_missing|damage_property_missing|end_coordinates_missing_or_invalid|no_valid_location_points|requires_crosswalk_or_marine_review|timezone_not_normalized_to_utc
5286983,1131859,2002,2002-03-20T01:00:00,2002-03-20T02:00:00,EST,1.0,21,,Z,100,LEWIS,0,0,0,0,,,,0,,0,1,begin_coordinates_missing_or_invalid|damage_crops_missing|damage_property_missing|end_coordinates_missing_or_invalid|no_valid_location_points|requires_crosswalk_or_marine_review|timezone_not_normalized_to_utc
5286984,1131859,2002,2002-03-20T07:00:00,2002-03-20T08:00:00,EST,1.0,21,,Z,096,PENDLETON,0,0,0,0,,,,0,,0,1,begin_coordinates_missing_or_invalid|damage_crops_missing|damage_property_missing|end_coordinates_missing_or_invalid|no_valid_location_points|requires_crosswalk_or_marine_review|timezone_not_normalized_to_utc
5286985,1131859,2002,2002-03-20T07:00:00,2002-03-20T08:00:00,EST,1.0,21,,Z,099,MASON,0,0,0,0,,,,0,,0,1,begin_coordinates_missing_or_invalid|damage_crops_missing|damage_property_missing|end_coordinates_missing_or_invalid|no_valid_location_points|requires_crosswalk_or_marine_review|timezone_not_normalized_to_utc
5286986,1131859,2002,2002-03-20T07:00:00,2002-03-20T08:00:00,EST,1.0,21,,Z,098,ROBERTSON,0,0,0,0,,,,0,,0,1,begin_coordinates_missing_or_invalid|damage_crops_missing|damage_property_missing|end_coordinates_missing_or_invalid|no_valid_location_points|requires_crosswalk_or_marine_review|timezone_not_normalized_to_utc
5286987,1131859,2002,2002-03-20T07:00:00,2002-03-20T08:00:00,EST,1.0,21,,Z,094,OWEN,0,0,0,0,,,,0,,0,1,begin_coordinates_missing_or_invalid|damage_crops_missing|damage_property_missing|end_coordinates_missing_or_invalid|no_valid_location_points|requires_crosswalk_or_marine_review|timezone_not_normalized_to_utc
5286988,1131859,2002,2002-03-20T07:00:00,2002-03-20T08:00:00,EST,1.0,21,,Z,095,GRANT,0,0,0,0,,,,0,,0,1,begin_coordinates_missing_or_invalid|damage_crops_missing|damage_property_missing|end_coordinates_missing_or_invalid|no_valid_location_points|requires_crosswalk_or_marine_review|timezone_not_normalized_to_utc
5286989,1131860,2002,2002-03-20T01:00:00,2002-03-20T09:00:00,EST,8.0,39,,Z,088,SCIOTO,0,0,0,0,,,,0,,0,1,begin_coordinates_missing_or_invalid|damage_crops_missing|damage_property_missing|end_coordinates_missing_or_invalid|no_valid_location_points|requires_crosswalk_or_marine_review|timezone_not_normalized_to_utc
5287069,1131862,2002,2002-03-26T08:25:00,2002-03-26T09:00:00,EST,0.5833333333333334,39,,Z,081,ADAMS,0,0,0,0,,,,0,,0,1,begin_coordinates_missing_or_invalid|damage_crops_missing|damage_property_missing|end_coordinates_missing_or_invalid|no_valid_location_points|requires_crosswalk_or_marine_review|timezone_not_normalized_to_utc
5287070,1131862,2002,2002-03-26T09:00:00,2002-03-26T09:30:00,EST,0.5,39,,Z,088,SCIOTO,0,0,0,0,,,,0,,0,1,begin_coordinates_missing_or_invalid|damage_crops_missing|damage_property_missing|end_coordinates_missing_or_invalid|no_valid_location_points|requires_crosswalk_or_marine_review|timezone_not_normalized_to_utc
5287071,1131862,2002,2002-03-26T09:36:00,2002-03-26T10:00:00,EST,0.4,39,,Z,088,SCIOTO,0,0,0,0,,,,0,,0,1,begin_coordinates_missing_or_invalid|damage_crops_missing|damage_property_missing|end_coordinates_missing_or_invalid|no_valid_location_points|requires_crosswalk_or_marine_review|timezone_not_normalized_to_utc
5287072,1131863,2002,2002-03-26T09:00:00,2002-03-26T09:30:00,EST,0.5,21,,Z,100,LEWIS,0,0,0,0,,,,0,,0,1,begin_coordinates_missing_or_invalid|damage_crops_missing|damage_property_missing|end_coordinates_missing_or_invalid|no_valid_location_points|requires_crosswalk_or_marine_review|timezone_not_normalized_to_utc
5287073,1131863,2002,2002-03-26T09:00:00,2002-03-26T09:30:00,EST,0.5,21,,Z,099,MASON,0,0,0,0,,,,0,,0,1,begin_coordinates_missing_or_invalid|damage_crops_missing|damage_property_missing|end_coordinates_missing_or_invalid|no_valid_location_points|requires_crosswalk_or_marine_review|timezone_not_normalized_to_utc
5287227,1132127,2002,2002-03-20T10:47:00,2002-03-20T17:00:00,EST,6.216666666666667,54,,Z,041,TUCKER,0,0,0,0,5000,,,0,,0,1,begin_coordinates_missing_or_invalid|damage_crops_missing|end_coordinates_missing_or_invalid|no_valid_location_points|requires_crosswalk_or_marine_review|timezone_not_normalized_to_utc
5287228,1132127,2002,2002-03-20T14:30:00,2002-03-20T23:00:00,EST,8.5,54,,Z,023,PRESTON,0,0,0,0,5000,,,0,,0,1,begin_coordinates_missing_or_invalid|damage_crops_missing|end_coordinates_missing_or_invalid|no_valid_location_points|requires_crosswalk_or_marine_review|timezone_not_normalized_to_utc
5287231,1132129,2002,2002-03-26T13:50:00,2002-03-26T15:30:00,EST,1.6666666666666667,54,,Z,012,WETZEL,0,0,0,0,5000,,,0,,0,1,begin_coordinates_missing_or_invalid|damage_crops_missing|end_coordinates_missing_or_invalid|no_valid_location_points|requires_crosswalk_or_marine_review|timezone_not_normalized_to_utc
5287251,1132139,2002,2002-03-11T12:00:00,2002-03-12T12:00:00,PST,24.0,53,53075,C,075,WHITMAN,0,0,0,0,,,,0,,0,1,begin_coordinates_missing_or_invalid|county_code_unverified|damage_crops_missing|damage_property_missing|end_coordinates_missing_or_invalid|no_valid_location_points|timezone_not_normalized_to_utc
5287367,1132152,2002,2002-03-17T01:45:00,2002-03-17T06:00:00,CST,4.25,47,,Z,062,RUTHERFORD,0,0,0,0,,,,0,,0,1,begin_coordinates_missing_or_invalid|damage_crops_missing|damage_property_missing|end_coordinates_missing_or_invalid|no_valid_location_points|requires_crosswalk_or_marine_review|timezone_not_normalized_to_utc
5287583,1133854,2002,2002-04-14T12:00:00,2002-04-20T12:00:00,CST,144.0,26,,Z,009,GOGEBIC,0,0,0,0,18000000,,,0,,0,1,begin_coordinates_missing_or_invalid|damage_crops_missing|end_coordinates_missing_or_invalid|no_valid_location_points|requires_crosswalk_or_marine_review|timezone_not_normalized_to_utc
5287584,1133854,2002,2002-04-12T09:30:00,2002-04-20T09:30:00,EST,192.0,26,,Z,005,MARQUETTE,0,0,0,0,,,,0,,0,1,begin_coordinates_missing_or_invalid|damage_crops_missing|damage_property_missing|end_coordinates_missing_or_invalid|no_valid_location_points|requires_crosswalk_or_marine_review|timezone_not_normalized_to_utc
5287585,1133854,2002,2002-04-14T13:00:00,2002-04-20T13:00:00,EST,144.0,26,,Z,002,ONTONAGON,0,0,0,0,212000,,,0,,0,1,begin_coordinates_missing_or_invalid|damage_crops_missing|end_coordinates_missing_or_invalid|no_valid_location_points|requires_crosswalk_or_marine_review|timezone_not_normalized_to_utc
5287586,1133854,2002,2002-04-14T01:00:00,2002-04-20T10:00:00,EST,153.0,26,,Z,003,HOUGHTON,0,0,0,0,,,,0,,0,1,begin_coordinates_missing_or_invalid|damage_crops_missing|damage_property_missing|end_coordinates_missing_or_invalid|no_valid_location_points|requires_crosswalk_or_marine_review|timezone_not_normalized_to_utc
5287587,1133854,2002,2002-04-14T01:00:00,2002-04-20T10:00:00,EST,153.0,26,,Z,004,BARAGA,0,0,0,0,,,,0,,0,1,begin_coordinates_missing_or_invalid|damage_crops_missing|damage_property_missing|end_coordinates_missing_or_invalid|no_valid_location_points|requires_crosswalk_or_marine_review|timezone_not_normalized_to_utc
5287588,1133854,2002,2002-04-15T12:00:00,2002-04-20T12:00:00,CST,120.0,26,,Z,010,IRON,0,0,0,0,280000,,,0,,0,1,begin_coordinates_missing_or_invalid|damage_crops_missing|end_coordinates_missing_or_invalid|no_valid_location_points|requires_crosswalk_or_marine_review|timezone_not_normalized_to_utc
5287589,1133854,2002,2002-04-15T12:00:00,2002-04-20T12:00:00,CST,120.0,26,,Z,011,DICKINSON,0,0,0,0,,,,0,,0,1,begin_coordinates_missing_or_invalid|damage_crops_missing|damage_property_missing|end_coordinates_missing_or_invalid|no_valid_location_points|requires_crosswalk_or_marine_review|timezone_not_normalized_to_utc
5287590,1133854,2002,2002-04-15T12:00:00,2002-04-20T12:00:00,CST,120.0,26,,Z,012,MENOMINEE,0,0,0,0,50000,,,0,,0,1,begin_coordinates_missing_or_invalid|damage_crops_missing|end_coordinates_missing_or_invalid|no_valid_location_points|requires_crosswalk_or_marine_review|timezone_not_normalized_to_utc
5287692,1133149,2002,2002-04-14T20:00:00,2002-04-15T06:00:00,EST,10.0,42,,Z,013,LAWRENCE,0,0,0,0,5000,,,0,,0,1,begin_coordinates_missing_or_invalid|damage_crops_missing|end_coordinates_missing_or_invalid|no_valid_location_points|requires_crosswalk_or_marine_review|timezone_not_normalized_to_utc
5287714,1133152,2002,2002-04-14T16:50:00,2002-04-14T21:00:00,EST,4.166666666666667,39,,Z,041,COLUMBIANA,0,0,0,0,5000,,,0,,0,1,begin_coordinates_missing_or_invalid|damage_crops_missing|end_coordinates_missing_or_invalid|no_valid_location_points|requires_crosswalk_or_marine_review|timezone_not_normalized_to_utc
5287715,1133152,2002,2002-04-14T17:00:00,2002-04-19T17:00:00,EST,120.0,39,,Z,048,COSHOCTON,0,0,0,0,5000,,,0,,0,1,begin_coordinates_missing_or_invalid|damage_crops_missing|end_coordinates_missing_or_invalid|no_valid_location_points|requires_crosswalk_or_marine_review|timezone_not_normalized_to_utc
5287812,1133155,2002,2002-04-20T03:00:00,2002-04-22T01:00:00,EST,46.0,39,,Z,048,COSHOCTON,0,0,0,0,,,,0,,0,1,begin_coordinates_missing_or_invalid|damage_crops_missing|damage_property_missing|end_coordinates_missing_or_invalid|no_valid_location_points|requires_crosswalk_or_marine_review|timezone_not_normalized_to_utc
5287816,1133158,2002,2002-04-22T08:30:00,2002-04-22T13:00:00,EST,4.5,54,,Z,041,TUCKER,0,0,0,0,,,,0,,0,1,begin_coordinates_missing_or_invalid|damage_crops_missing|damage_property_missing|end_coordinates_missing_or_invalid|no_valid_location_points|requires_crosswalk_or_marine_review|timezone_not_normalized_to_utc
5288156,1133339,2002,2002-05-17T15:40:00,2002-05-17T15:40:00,CST,0.0,28,28121,C,121,RANKIN,0,0,0,0,,,,0,,0,1,begin_coordinates_missing_or_invalid|county_code_unverified|damage_crops_missing|damage_property_missing|end_coordinates_missing_or_invalid|no_valid_location_points|timezone_not_normalized_to_utc
5288772,1133193,2002,2002-04-30T12:00:00,2002-04-30T23:59:00,AST,11.983333333333333,02,,Z,222,MIDDLE TANANA VALLEY,0,0,0,0,,,,0,,0,1,begin_coordinates_missing_or_invalid|damage_crops_missing|damage_property_missing|end_coordinates_missing_or_invalid|no_valid_location_points|requires_crosswalk_or_marine_review|timezone_not_normalized_to_utc
5288780,1133196,2002,2002-04-14T16:00:00,2002-04-16T08:00:00,EST,40.0,36,,Z,041,NORTHERN SARATOGA,0,0,0,0,,,,0,,0,1,begin_coordinates_missing_or_invalid|damage_crops_missing|damage_property_missing|end_coordinates_missing_or_invalid|no_valid_location_points|requires_crosswalk_or_marine_review|timezone_not_normalized_to_utc
5288781,1133196,2002,2002-04-15T13:00:00,2002-04-16T15:00:00,EST,26.0,36,,Z,050,SOUTHERN SARATOGA,0,0,0,0,,,,0,,0,1,begin_coordinates_missing_or_invalid|damage_crops_missing|damage_property_missing|end_coordinates_missing_or_invalid|no_valid_location_points|requires_crosswalk_or_marine_review|timezone_not_normalized_to_utc
5288782,1133196,2002,2002-04-13T23:00:00,2002-04-14T14:00:00,EST,15.0,36,,Z,039,FULTON,0,0,0,0,,,,0,,0,1,begin_coordinates_missing_or_invalid|damage_crops_missing|damage_property_missing|end_coordinates_missing_or_invalid|no_valid_location_points|requires_crosswalk_or_marine_review|timezone_not_normalized_to_utc
5288783,1133196,2002,2002-04-14T05:30:00,2002-04-14T17:00:00,EST,11.5,36,,Z,033,HAMILTON,0,0,0,0,,,,0,,0,1,begin_coordinates_missing_or_invalid|damage_crops_missing|damage_property_missing|end_coordinates_missing_or_invalid|no_valid_location_points|requires_crosswalk_or_marine_review|timezone_not_normalized_to_utc
5288784,1133196,2002,2002-04-15T08:00:00,2002-04-29T09:00:00,EST,337.0,36,,Z,042,WARREN,0,0,0,0,,,,0,,0,1,begin_coordinates_missing_or_invalid|damage_crops_missing|damage_property_missing|end_coordinates_missing_or_invalid|no_valid_location_points|requires_crosswalk_or_marine_review|timezone_not_normalized_to_utc
5288785,1133196,2002,2002-04-14T11:00:00,2002-04-18T00:01:00,EST,85.01666666666667,36,,Z,032,NORTHERN HERKIMER,0,0,0,0,,,,0,,0,1,begin_coordinates_missing_or_invalid|damage_crops_missing|damage_property_missing|end_coordinates_missing_or_invalid|no_valid_location_points|requires_crosswalk_or_marine_review|timezone_not_normalized_to_utc
5288786,1133196,2002,2002-04-15T11:00:00,2002-04-15T20:00:00,EST,9.0,36,,Z,043,WASHINGTON,0,0,0,0,,,,0,,0,1,begin_coordinates_missing_or_invalid|damage_crops_missing|damage_property_missing|end_coordinates_missing_or_invalid|no_valid_location_points|requires_crosswalk_or_marine_review|timezone_not_normalized_to_utc
5288787,1133196,2002,2002-04-15T04:00:00,2002-04-17T07:00:00,EST,51.0,36,,Z,038,SOUTHERN HERKIMER,0,0,0,0,,,,0,,0,1,begin_coordinates_missing_or_invalid|damage_crops_missing|damage_property_missing|end_coordinates_missing_or_invalid|no_valid_location_points|requires_crosswalk_or_marine_review|timezone_not_normalized_to_utc
5288820,1133309,2002,2002-05-30T18:40:00,2002-05-30T18:40:00,EST,0.0,12,12097,C,097,OSCEOLA,0,0,0,0,0,0,,0,,0,1,begin_coordinates_missing_or_invalid|county_code_unverified|end_coordinates_missing_or_invalid|no_valid_location_points|timezone_not_normalized_to_utc
5288975,1133205,2002,2002-04-15T18:45:00,2002-04-17T15:00:00,EST,44.25,36,,Z,007,JEFFERSON,0,0,0,0,5000,,,0,,0,1,begin_coordinates_missing_or_invalid|damage_crops_missing|end_coordinates_missing_or_invalid|no_valid_location_points|requires_crosswalk_or_marine_review|timezone_not_normalized_to_utc
5288976,1133205,2002,2002-04-15T13:45:00,2002-04-16T21:00:00,EST,31.25,36,,Z,008,LEWIS,0,0,0,0,5000,15000,,0,,0,1,begin_coordinates_missing_or_invalid|end_coordinates_missing_or_invalid|no_valid_location_points|requires_crosswalk_or_marine_review|timezone_not_normalized_to_utc
5289034,1133433,2002,2002-05-26T02:00:00,2002-05-26T04:00:00,SST,2.0,97,,C,002,TUTUILA,0,0,0,0,,,,0,,0,1,begin_coordinates_missing_or_invalid|damage_crops_missing|damage_property_missing|end_coordinates_missing_or_invalid|no_valid_location_points|requires_crosswalk_or_marine_review|timezone_not_normalized_to_utc
5289035,1133433,2002,2002-05-26T02:00:00,2002-05-26T04:00:00,SST,2.0,97,,C,003,MANU'A,0,0,0,0,,,,0,,0,1,begin_coordinates_missing_or_invalid|damage_crops_missing|damage_property_missing|end_coordinates_missing_or_invalid|no_valid_location_points|requires_crosswalk_or_marine_review|timezone_not_normalized_to_utc
5289113,1133002,2002,2002-04-10T15:00:00,2002-04-10T20:00:00,CST,5.0,55,,Z,017,TAYLOR,0,0,0,0,1500.0,,,0,,0,1,begin_coordinates_missing_or_invalid|damage_crops_missing|end_coordinates_missing_or_invalid|no_valid_location_points|requires_crosswalk_or_marine_review|timezone_not_normalized_to_utc
5289271,1132617,2002,2002-04-26T14:30:00,2002-04-26T14:30:00,PST,0.0,06,06071,C,071,SAN BERNARDINO,0,0,0,0,25000,,,0,,0,1,begin_coordinates_missing_or_invalid|county_code_unverified|damage_crops_missing|end_coordinates_missing_or_invalid|no_valid_location_points|timezone_not_normalized_to_utc
5289272,1132618,2002,2002-04-24T12:00:00,2002-04-24T15:00:00,PST,3.0,06,06065,C,065,RIVERSIDE,0,0,0,0,,,,0,,0,1,begin_coordinates_missing_or_invalid|county_code_unverified|damage_crops_missing|damage_property_missing|end_coordinates_missing_or_invalid|no_valid_location_points|timezone_not_normalized_to_utc
5289553,1132627,2002,2002-04-21T19:00:00,2002-04-22T04:00:00,EST,9.0,39,,Z,086,GALLIA,0,0,0,0,,,,0,,0,1,begin_coordinates_missing_or_invalid|damage_crops_missing|damage_property_missing|end_coordinates_missing_or_invalid|no_valid_location_points|requires_crosswalk_or_marine_review|timezone_not_normalized_to_utc
5289554,1132627,2002,2002-04-21T19:00:00,2002-04-22T04:00:00,EST,9.0,39,,Z,083,JACKSON,0,0,0,0,15000,,,0,,0,1,begin_coordinates_missing_or_invalid|damage_crops_missing|end_coordinates_missing_or_invalid|no_valid_location_points|requires_crosswalk_or_marine_review|timezone_not_normalized_to_utc
5289555,1132627,2002,2002-04-21T19:00:00,2002-04-22T04:00:00,EST,9.0,39,,Z,087,LAWRENCE,0,0,1,0,10000,,,1,,0,1,begin_coordinates_missing_or_invalid|damage_crops_missing|end_coordinates_missing_or_invalid|no_valid_location_points|requires_crosswalk_or_marine_review|timezone_not_normalized_to_utc
5289556,1132627,2002,2002-04-21T19:00:00,2002-04-22T04:00:00,EST,9.0,39,,Z,084,VINTON,0,0,0,0,15000,,,0,,0,1,begin_coordinates_missing_or_invalid|damage_crops_missing|end_coordinates_missing_or_invalid|no_valid_location_points|requires_crosswalk_or_marine_review|timezone_not_normalized_to_utc
5289563,1132628,2002,2002-04-21T21:00:00,2002-04-22T06:00:00,EST,9.0,54,,Z,018,CALHOUN,0,0,0,0,,,,0,,0,1,begin_coordinates_missing_or_invalid|damage_crops_missing|damage_property_missing|end_coordinates_missing_or_invalid|no_valid_location_points|requires_crosswalk_or_marine_review|timezone_not_normalized_to_utc
5289564,1132628,2002,2002-04-21T21:00:00,2002-04-22T06:00:00,EST,9.0,54,,Z,028,BRAXTON,0,0,0,0,,,,0,,0,1,begin_coordinates_missing_or_invalid|damage_crops_missing|damage_property_missing|end_coordinates_missing_or_invalid|no_valid_location_points|requires_crosswalk_or_marine_review|timezone_not_normalized_to_utc
5289565,1132628,2002,2002-04-21T21:00:00,2002-04-22T06:00:00,EST,9.0,54,,Z,008,JACKSON,0,0,0,0,,,,0,,0,1,begin_coordinates_missing_or_invalid|damage_crops_missing|damage_property_missing|end_coordinates_missing_or_invalid|no_valid_location_points|requires_crosswalk_or_marine_review|timezone_not_normalized_to_utc
5289566,1132628,2002,2002-04-21T21:00:00,2002-04-22T06:00:00,EST,9.0,54,,Z,007,MASON,0,0,0,0,,,,0,,0,1,begin_coordinates_missing_or_invalid|damage_crops_missing|damage_property_missing|end_coordinates_missing_or_invalid|no_valid_location_points|requires_crosswalk_or_marine_review|timezone_not_normalized_to_utc
5289567,1132628,2002,2002-04-21T21:00:00,2002-04-22T06:00:00,EST,9.0,54,,Z,047,RANDOLPH,0,0,0,0,,,,0,,0,1,begin_coordinates_missing_or_invalid|damage_crops_missing|damage_property_missing|end_coordinates_missing_or_invalid|no_valid_location_points|requires_crosswalk_or_marine_review|timezone_not_normalized_to_utc
5289568,1132628,2002,2002-04-21T21:00:00,2002-04-22T06:00:00,EST,9.0,54,,Z,016,ROANE,0,0,0,0,,,,0,,0,1,begin_coordinates_missing_or_invalid|damage_crops_missing|damage_property_missing|end_coordinates_missing_or_invalid|no_valid_location_points|requires_crosswalk_or_marine_review|timezone_not_normalized_to_utc
5289569,1132628,2002,2002-04-21T21:00:00,2002-04-22T06:00:00,EST,9.0,54,,Z,038,WEBSTER,0,0,0,0,,,,0,,0,1,begin_coordinates_missing_or_invalid|damage_crops_missing|damage_property_missing|end_coordinates_missing_or_invalid|no_valid_location_points|requires_crosswalk_or_marine_review|timezone_not_normalized_to_utc
5289570,1132629,2002,2002-04-28T04:00:00,2002-04-28T08:00:00,EST,4.0,21,,Z,101,GREENUP,0,0,0,0,2500.0,,,0,,0,1,begin_coordinates_missing_or_invalid|damage_crops_missing|end_coordinates_missing_or_invalid|no_valid_location_points|requires_crosswalk_or_marine_review|timezone_not_normalized_to_utc
5289571,1132629,2002,2002-04-28T04:00:00,2002-04-28T08:00:00,EST,4.0,21,,Z,102,CARTER,0,0,0,0,2500.0,,,0,,0,1,begin_coordinates_missing_or_invalid|damage_crops_missing|end_coordinates_missing_or_invalid|no_valid_location_points|requires_crosswalk_or_marine_review|timezone_not_normalized_to_utc
5289572,1132630,2002,2002-04-28T03:30:00,2002-04-28T08:30:00,EST,5.0,39,,Z,086,GALLIA,0,0,0,0,15000,,,0,,0,1,begin_coordinates_missing_or_invalid|damage_crops_missing|end_coordinates_missing_or_invalid|no_valid_location_points|requires_crosswalk_or_marine_review|timezone_not_normalized_to_utc
5289573,1132630,2002,2002-04-28T03:30:00,2002-04-28T08:30:00,EST,5.0,39,,Z,083,JACKSON,0,0,0,0,5000,,,0,,0,1,begin_coordinates_missing_or_invalid|damage_crops_missing|end_coordinates_missing_or_invalid|no_valid_location_points|requires_crosswalk_or_marine_review|timezone_not_normalized_to_utc
5289574,1132630,2002,2002-04-28T03:30:00,2002-04-28T08:30:00,EST,5.0,39,,Z,087,LAWRENCE,0,0,0,0,5000,,,0,,0,1,begin_coordinates_missing_or_invalid|damage_crops_missing|end_coordinates_missing_or_invalid|no_valid_location_points|requires_crosswalk_or_marine_review|timezone_not_normalized_to_utc
5289575,1132630,2002,2002-04-28T03:30:00,2002-04-28T08:30:00,EST,5.0,39,,Z,085,MEIGS,0,0,0,0,15000,,,0,,0,1,begin_coordinates_missing_or_invalid|damage_crops_missing|end_coordinates_missing_or_invalid|no_valid_location_points|requires_crosswalk_or_marine_review|timezone_not_normalized_to_utc
5289576,1132630,2002,2002-04-28T03:30:00,2002-04-28T08:30:00,EST,5.0,39,,Z,084,VINTON,0,0,0,0,5000,,,0,,0,1,begin_coordinates_missing_or_invalid|damage_crops_missing|end_coordinates_missing_or_invalid|no_valid_location_points|requires_crosswalk_or_marine_review|timezone_not_normalized_to_utc
5289692,1132649,2002,2002-04-14T13:15:00,2002-04-14T22:20:00,PST,9.083333333333334,16,,Z,004,CENTRAL PANHANDLE MOUNTAINS,0,0,0,0,,,,0,,0,1,begin_coordinates_missing_or_invalid|damage_crops_missing|damage_property_missing|end_coordinates_missing_or_invalid|no_valid_location_points|requires_crosswalk_or_marine_review|timezone_not_normalized_to_utc
5289693,1132650,2002,2002-04-14T02:45:00,2002-04-16T06:42:00,PST,51.95,16,,Z,004,CENTRAL PANHANDLE MOUNTAINS,0,0,0,0,,,,0,,0,1,begin_coordinates_missing_or_invalid|damage_crops_missing|damage_property_missing|end_coordinates_missing_or_invalid|no_valid_location_points|requires_crosswalk_or_marine_review|timezone_not_normalized_to_utc
5289694,1132651,2002,2002-04-14T16:13:00,2002-04-15T10:52:00,PST,18.65,16,,Z,004,CENTRAL PANHANDLE MOUNTAINS,0,0,0,0,,,,0,,0,1,begin_coordinates_missing_or_invalid|damage_crops_missing|damage_property_missing|end_coordinates_missing_or_invalid|no_valid_location_points|requires_crosswalk_or_marine_review|timezone_not_normalized_to_utc
5289695,1132652,2002,2002-04-14T10:40:00,2002-04-20T09:45:00,PST,143.08333333333334,16,,Z,004,CENTRAL PANHANDLE MOUNTAINS,0,0,0,0,,,,0,,0,1,begin_coordinates_missing_or_invalid|damage_crops_missing|damage_property_missing|end_coordinates_missing_or_invalid|no_valid_location_points|requires_crosswalk_or_marine_review|timezone_not_normalized_to_utc
5289696,1132653,2002,2002-04-14T09:24:00,2002-04-14T23:00:00,PST,13.6,53,,Z,032,N GARFIELD & NE ASOTIN,0,0,0,0,,,,0,,0,1,begin_coordinates_missing_or_invalid|damage_crops_missing|damage_property_missing|end_coordinates_missing_or_invalid|no_valid_location_points|requires_crosswalk_or_marine_review|timezone_not_normalized_to_utc
5289822,1132660,2002,2002-04-14T11:15:00,2002-04-14T13:00:00,MST,1.75,30,30053,C,053,LINCOLN,0,0,0,0,,,,0,,0,1,begin_coordinates_missing_or_invalid|county_code_unverified|damage_crops_missing|damage_property_missing|end_coordinates_missing_or_invalid|no_valid_location_points|timezone_not_normalized_to_utc
5289823,1132660,2002,2002-04-14T11:15:00,2002-04-14T13:00:00,MST,1.75,30,30061,C,061,MINERAL,0,0,0,0,,,,0,,0,1,begin_coordinates_missing_or_invalid|county_code_unverified|damage_crops_missing|damage_property_missing|end_coordinates_missing_or_invalid|no_valid_location_points|timezone_not_normalized_to_utc
5289824,1132661,2002,2002-04-14T12:00:00,2002-04-14T15:00:00,MST,3.0,16,16035,C,035,CLEARWATER,0,0,0,0,,,,0,,0,1,begin_coordinates_missing_or_invalid|county_code_unverified|damage_crops_missing|damage_property_missing|end_coordinates_missing_or_invalid|no_valid_location_points|timezone_not_normalized_to_utc
5290068,1132887,2002,2002-04-27T13:45:00,2002-04-30T23:59:00,CST,82.23333333333333,17,,Z,096,BROWN,0,0,0,0,,,,0,,0,1,begin_coordinates_missing_or_invalid|damage_crops_missing|damage_property_missing|end_coordinates_missing_or_invalid|no_valid_location_points|requires_crosswalk_or_marine_review|timezone_not_normalized_to_utc
5290069,1132887,2002,2002-04-27T13:45:00,2002-04-30T23:59:00,CST,82.23333333333333,17,,Z,098,CALHOUN,0,0,0,0,,,,0,,0,1,begin_coordinates_missing_or_invalid|damage_crops_missing|damage_property_missing|end_coordinates_missing_or_invalid|no_valid_location_points|requires_crosswalk_or_marine_review|timezone_not_normalized_to_utc
5290070,1132887,2002,2002-04-27T13:45:00,2002-04-30T23:59:00,CST,82.23333333333333,17,,Z,058,GREENE,0,0,0,0,,,,0,,0,1,begin_coordinates_missing_or_invalid|damage_crops_missing|damage_property_missing|end_coordinates_missing_or_invalid|no_valid_location_points|requires_crosswalk_or_marine_review|timezone_not_normalized_to_utc
5290071,1132887,2002,2002-04-27T13:45:00,2002-04-30T23:59:00,CST,82.23333333333333,17,,Z,099,JERSEY,0,0,0,0,,,,0,,0,1,begin_coordinates_missing_or_invalid|damage_crops_missing|damage_property_missing|end_coordinates_missing_or_invalid|no_valid_location_points|requires_crosswalk_or_marine_review|timezone_not_normalized_to_utc
5290072,1132887,2002,2002-04-27T13:45:00,2002-04-30T23:59:00,CST,82.23333333333333,17,,Z,097,PIKE,0,0,0,0,,,,0,,0,1,begin_coordinates_missing_or_invalid|damage_crops_missing|damage_property_missing|end_coordinates_missing_or_invalid|no_valid_location_points|requires_crosswalk_or_marine_review|timezone_not_normalized_to_utc
5290073,1132888,2002,2002-04-28T01:18:00,2002-04-30T23:59:00,CST,70.68333333333334,17,,Z,065,FAYETTE,0,0,0,0,,,,0,,0,1,begin_coordinates_missing_or_invalid|damage_crops_missing|damage_property_missing|end_coordinates_missing_or_invalid|no_valid_location_points|requires_crosswalk_or_marine_review|timezone_not_normalized_to_utc
5290074,1132888,2002,2002-04-28T01:18:00,2002-04-30T23:59:00,CST,70.68333333333334,17,,Z,069,CLINTON,0,0,0,0,,,,0,,0,1,begin_coordinates_missing_or_invalid|damage_crops_missing|damage_property_missing|end_coordinates_missing_or_invalid|no_valid_location_points|requires_crosswalk_or_marine_review|timezone_not_normalized_to_utc
5290075,1132888,2002,2002-04-28T01:18:00,2002-04-30T23:59:00,CST,70.68333333333334,17,,Z,102,MONROE,0,0,0,0,,,,0,,0,1,begin_coordinates_missing_or_invalid|damage_crops_missing|damage_property_missing|end_coordinates_missing_or_invalid|no_valid_location_points|requires_crosswalk_or_marine_review|timezone_not_normalized_to_utc
5290076,1132888,2002,2002-04-28T01:18:00,2002-04-30T23:59:00,CST,70.68333333333334,17,,Z,079,RANDOLPH,0,0,0,0,,,,0,,0,1,begin_coordinates_missing_or_invalid|damage_crops_missing|damage_property_missing|end_coordinates_missing_or_invalid|no_valid_location_points|requires_crosswalk_or_marine_review|timezone_not_normalized_to_utc
5290077,1132888,2002,2002-04-28T01:18:00,2002-04-30T23:59:00,CST,70.68333333333334,17,,Z,101,ST. CLAIR,0,0,0,0,,,,0,,0,1,begin_coordinates_missing_or_invalid|damage_crops_missing|damage_property_missing|end_coordinates_missing_or_invalid|no_valid_location_points|requires_crosswalk_or_marine_review|timezone_not_normalized_to_utc
5290078,1132888,2002,2002-04-28T01:18:00,2002-04-30T23:59:00,CST,70.68333333333334,17,,Z,074,WASHINGTON,0,0,0,0,,,,0,,0,1,begin_coordinates_missing_or_invalid|damage_crops_missing|damage_property_missing|end_coordinates_missing_or_invalid|no_valid_location_points|requires_crosswalk_or_marine_review|timezone_not_normalized_to_utc
5290079,1132889,2002,2002-04-28T05:00:00,2002-04-30T23:59:00,CST,66.98333333333333,29,,Z,019,LEWIS,0,0,0,0,,,,0,,0,1,begin_coordinates_missing_or_invalid|damage_crops_missing|damage_property_missing|end_coordinates_missing_or_invalid|no_valid_location_points|requires_crosswalk_or_marine_review|timezone_not_normalized_to_utc
5290080,1132890,2002,2002-04-27T11:00:00,2002-04-30T23:59:00,CST,84.98333333333333,29,,Z,027,MARION,0,0,0,0,,,,0,,0,1,begin_coordinates_missing_or_invalid|damage_crops_missing|damage_property_missing|end_coordinates_missing_or_invalid|no_valid_location_points|requires_crosswalk_or_marine_review|timezone_not_normalized_to_utc
5290081,1132890,2002,2002-04-27T11:00:00,2002-04-30T23:59:00,CST,84.98333333333333,29,,Z,036,PIKE,0,0,0,0,,,,0,,0,1,begin_coordinates_missing_or_invalid|damage_crops_missing|damage_property_missing|end_coordinates_missing_or_invalid|no_valid_location_points|requires_crosswalk_or_marine_review|timezone_not_normalized_to_utc
5290082,1132890,2002,2002-04-28T17:00:00,2002-04-30T23:59:00,CST,54.983333333333334,29,,Z,052,LINCOLN,0,0,0,0,,,,0,,0,1,begin_coordinates_missing_or_invalid|damage_crops_missing|damage_property_missing|end_coordinates_missing_or_invalid|no_valid_location_points|requires_crosswalk_or_marine_review|timezone_not_normalized_to_utc
5290083,1132890,2002,2002-04-27T11:00:00,2002-04-30T23:59:00,CST,84.98333333333333,29,,Z,061,ST. CHARLES,0,0,0,0,,,,0,,0,1,begin_coordinates_missing_or_invalid|damage_crops_missing|damage_property_missing|end_coordinates_missing_or_invalid|no_valid_location_points|requires_crosswalk_or_marine_review|timezone_not_normalized_to_utc
5290084,1132891,2002,2002-04-27T11:00:00,2002-04-30T23:59:00,CST,84.98333333333333,17,,Z,098,CALHOUN,0,0,0,0,,,,0,,0,1,begin_coordinates_missing_or_invalid|damage_crops_missing|damage_property_missing|end_coordinates_missing_or_invalid|no_valid_location_points|requires_crosswalk_or_marine_review|timezone_not_normalized_to_utc
5290085,1132891,2002,2002-04-27T11:00:00,2002-04-30T23:59:00,CST,84.98333333333333,17,,Z,099,JERSEY,0,0,0,0,,,,0,,0,1,begin_coordinates_missing_or_invalid|damage_crops_missing|damage_property_missing|end_coordinates_missing_or_invalid|no_valid_location_points|requires_crosswalk_or_marine_review|timezone_not_normalized_to_utc
5290086,1132891,2002,2002-04-27T11:00:00,2002-04-30T23:59:00,CST,84.98333333333333,17,,Z,097,PIKE,0,0,0,0,,,,0,,0,1,begin_coordinates_missing_or_invalid|damage_crops_missing|damage_property_missing|end_coordinates_missing_or_invalid|no_valid_location_points|requires_crosswalk_or_marine_review|timezone_not_normalized_to_utc
5290087,1132892,2002,2002-04-28T07:00:00,2002-04-30T23:59:00,CST,64.98333333333333,17,,Z,095,ADAMS,0,0,0,0,,,,0,,0,1,begin_coordinates_missing_or_invalid|damage_crops_missing|damage_property_missing|end_coordinates_missing_or_invalid|no_valid_location_points|requires_crosswalk_or_marine_review|timezone_not_normalized_to_utc
5290102,1133067,2002,2002-04-08T17:00:00,2002-04-09T01:00:00,CST,8.0,40,,Z,069,ADAIR,0,0,0,0,,,,0,,0,1,begin_coordinates_missing_or_invalid|damage_crops_missing|damage_property_missing|end_coordinates_missing_or_invalid|no_valid_location_points|requires_crosswalk_or_marine_review|timezone_not_normalized_to_utc
5290103,1133068,2002,2002-04-09T00:00:00,2002-04-09T23:00:00,CST,23.0,40,,Z,068,CHEROKEE,0,0,0,0,,,,0,,0,1,begin_coordinates_missing_or_invalid|damage_crops_missing|damage_property_missing|end_coordinates_missing_or_invalid|no_valid_location_points|requires_crosswalk_or_marine_review|timezone_not_normalized_to_utc
5290104,1133069,2002,2002-04-07T22:00:00,2002-04-09T07:00:00,CST,33.0,40,,Z,076,LE FLORE,0,0,0,0,,,,0,,0,1,begin_coordinates_missing_or_invalid|damage_crops_missing|damage_property_missing|end_coordinates_missing_or_invalid|no_valid_location_points|requires_crosswalk_or_marine_review|timezone_not_normalized_to_utc
5290105,1133070,2002,2002-04-07T22:00:00,2002-04-11T18:00:00,CST,92.0,40,,Z,076,LE FLORE,0,0,0,0,,,,0,,0,1,begin_coordinates_missing_or_invalid|damage_crops_missing|damage_property_missing|end_coordinates_missing_or_invalid|no_valid_location_points|requires_crosswalk_or_marine_review|timezone_not_normalized_to_utc
5290106,1133071,2002,2002-04-07T21:00:00,2002-04-08T14:00:00,CST,17.0,05,,Z,019,CRAWFORD,0,0,0,0,,,,0,,0,1,begin_coordinates_missing_or_invalid|damage_crops_missing|damage_property_missing|end_coordinates_missing_or_invalid|no_valid_location_points|requires_crosswalk_or_marine_review|timezone_not_normalized_to_utc
5290197,1133072,2002,2002-04-08T06:00:00,2002-04-09T05:00:00,CST,23.0,05,,Z,019,CRAWFORD,0,0,0,0,,,,0,,0,1,begin_coordinates_missing_or_invalid|damage_crops_missing|damage_property_missing|end_coordinates_missing_or_invalid|no_valid_location_points|requires_crosswalk_or_marine_review|timezone_not_normalized_to_utc
5290198,1133072,2002,2002-04-08T06:00:00,2002-04-09T05:00:00,CST,23.0,05,,Z,029,SEBASTIAN,0,0,0,0,,,,0,,0,1,begin_coordinates_missing_or_invalid|damage_crops_missing|damage_property_missing|end_coordinates_missing_or_invalid|no_valid_location_points|requires_crosswalk_or_marine_review|timezone_not_normalized_to_utc
5290403,1132791,2002,2002-04-16T16:55:00,2002-04-16T16:55:00,EST,0.0,12,12001,C,001,ALACHUA,0,0,0,0,,,,0,,0,1,begin_coordinates_missing_or_invalid|county_code_unverified|damage_crops_missing|damage_property_missing|end_coordinates_missing_or_invalid|no_valid_location_points|timezone_not_normalized_to_utc
5290587,1133089,2002,2002-04-01T00:00:00,2002-04-06T22:00:00,EST,142.0,18,,Z,029,TIPPECANOE,0,0,0,0,,,,0,,0,1,begin_coordinates_missing_or_invalid|damage_crops_missing|damage_property_missing|end_coordinates_missing_or_invalid|no_valid_location_points|requires_crosswalk_or_marine_review|timezone_not_normalized_to_utc
5290588,1133089,2002,2002-04-01T00:00:00,2002-04-07T03:00:00,EST,147.0,18,,Z,028,WARREN,0,0,0,0,,,,0,,0,1,begin_coordinates_missing_or_invalid|damage_crops_missing|damage_property_missing|end_coordinates_missing_or_invalid|no_valid_location_points|requires_crosswalk_or_marine_review|timezone_not_normalized_to_utc
5290589,1133089,2002,2002-04-01T00:00:00,2002-04-07T03:00:00,EST,147.0,18,,Z,035,FOUNTAIN,0,0,0,0,,,,0,,0,1,begin_coordinates_missing_or_invalid|damage_crops_missing|damage_property_missing|end_coordinates_missing_or_invalid|no_valid_location_points|requires_crosswalk_or_marine_review|timezone_not_normalized_to_utc
5290590,1133089,2002,2002-04-01T00:00:00,2002-04-08T04:00:00,EST,172.0,18,,Z,044,PARKE,0,0,0,0,,,,0,,0,1,begin_coordinates_missing_or_invalid|damage_crops_missing|damage_property_missing|end_coordinates_missing_or_invalid|no_valid_location_points|requires_crosswalk_or_marine_review|timezone_not_normalized_to_utc
5290591,1133089,2002,2002-04-01T00:00:00,2002-04-08T04:00:00,EST,172.0,18,,Z,043,VERMILLION,0,0,0,0,,,,0,,0,1,begin_coordinates_missing_or_invalid|damage_crops_missing|damage_property_missing|end_coordinates_missing_or_invalid|no_valid_location_points|requires_crosswalk_or_marine_review|timezone_not_normalized_to_utc
5290592,1133089,2002,2002-04-01T00:00:00,2002-04-08T08:00:00,EST,176.0,18,,Z,051,VIGO,0,0,0,0,,,,0,,0,1,begin_coordinates_missing_or_invalid|damage_crops_missing|damage_property_missing|end_coordinates_missing_or_invalid|no_valid_location_points|requires_crosswalk_or_marine_review|timezone_not_normalized_to_utc
5290593,1133090,2002,2002-04-01T00:00:00,2002-04-03T12:00:00,EST,60.0,18,,Z,053,OWEN,0,0,0,0,,,,0,,0,1,begin_coordinates_missing_or_invalid|damage_crops_missing|damage_property_missing|end_coordinates_missing_or_invalid|no_valid_location_points|requires_crosswalk_or_marine_review|timezone_not_normalized_to_utc
5290594,1133090,2002,2002-04-01T00:00:00,2002-04-04T11:00:00,EST,83.0,18,,Z,061,GREENE,0,0,0,0,,,,0,,0,1,begin_coordinates_missing_or_invalid|damage_crops_missing|damage_property_missing|end_coordinates_missing_or_invalid|no_valid_location_points|requires_crosswalk_or_marine_review|timezone_not_normalized_to_utc
5290595,1133090,2002,2002-04-01T00:00:00,2002-04-06T05:00:00,EST,125.0,18,,Z,068,DAVIESS,0,0,0,0,,,,0,,0,1,begin_coordinates_missing_or_invalid|damage_crops_missing|damage_property_missing|end_coordinates_missing_or_invalid|no_valid_location_points|requires_crosswalk_or_marine_review|timezone_not_normalized_to_utc
5290596,1133090,2002,2002-04-01T00:00:00,2002-04-06T16:00:00,EST,136.0,18,,Z,067,KNOX,0,0,0,0,,,,0,,0,1,begin_coordinates_missing_or_invalid|damage_crops_missing|damage_property_missing|end_coordinates_missing_or_invalid|no_valid_location_points|requires_crosswalk_or_marine_review|timezone_not_normalized_to_utc
5290597,1133091,2002,2002-04-13T12:30:00,2002-04-18T20:00:00,EST,127.5,18,,Z,070,LAWRENCE,0,0,0,0,,,,0,,0,1,begin_coordinates_missing_or_invalid|damage_crops_missing|damage_property_missing|end_coordinates_missing_or_invalid|no_valid_location_points|requires_crosswalk_or_marine_review|timezone_not_normalized_to_utc
5290598,1133091,2002,2002-04-15T13:00:00,2002-04-21T06:00:00,EST,137.0,18,,Z,071,JACKSON,0,0,0,0,,,,0,,0,1,begin_coordinates_missing_or_invalid|damage_crops_missing|damage_property_missing|end_coordinates_missing_or_invalid|no_valid_location_points|requires_crosswalk_or_marine_review|timezone_not_normalized_to_utc
5290599,1133092,2002,2002-04-21T22:30:00,2002-04-24T04:00:00,EST,53.5,18,,Z,071,JACKSON,0,0,0,0,,,,0,,0,1,begin_coordinates_missing_or_invalid|damage_crops_missing|damage_property_missing|end_coordinates_missing_or_invalid|no_valid_location_points|requires_crosswalk_or_marine_review|timezone_not_normalized_to_utc
5290600,1133093,2002,2002-04-24T10:30:00,2002-04-30T23:59:00,EST,157.48333333333332,18,,Z,070,LAWRENCE,0,0,0,0,,,,0,,0,1,begin_coordinates_missing_or_invalid|damage_crops_missing|damage_property_missing|end_coordinates_missing_or_invalid|no_valid_location_points|requires_crosswalk_or_marine_review|timezone_not_normalized_to_utc
5290601,1133094,2002,2002-04-25T03:45:00,2002-04-26T04:00:00,EST,24.25,18,,Z,071,JACKSON,0,0,0,0,,,,0,,0,1,begin_coordinates_missing_or_invalid|damage_crops_missing|damage_property_missing|end_coordinates_missing_or_invalid|no_valid_location_points|requires_crosswalk_or_marine_review|timezone_not_normalized_to_utc
5290602,1133095,2002,2002-04-28T06:45:00,2002-04-30T23:59:00,EST,65.23333333333333,18,,Z,071,JACKSON,0,0,0,0,,,,0,,0,1,begin_coordinates_missing_or_invalid|damage_crops_missing|damage_property_missing|end_coordinates_missing_or_invalid|no_valid_location_points|requires_crosswalk_or_marine_review|timezone_not_normalized_to_utc
5290603,1133096,2002,2002-04-09T10:30:00,2002-04-17T18:00:00,EST,199.5,18,,Z,029,TIPPECANOE,0,0,0,0,,,,0,,0,1,begin_coordinates_missing_or_invalid|damage_crops_missing|damage_property_missing|end_coordinates_missing_or_invalid|no_valid_location_points|requires_crosswalk_or_marine_review|timezone_not_normalized_to_utc
5290604,1133096,2002,2002-04-10T01:00:00,2002-04-18T03:00:00,EST,194.0,18,,Z,028,WARREN,0,0,0,0,,,,0,,0,1,begin_coordinates_missing_or_invalid|damage_crops_missing|damage_property_missing|end_coordinates_missing_or_invalid|no_valid_location_points|requires_crosswalk_or_marine_review|timezone_not_normalized_to_utc
5290605,1133096,2002,2002-04-10T01:00:00,2002-04-18T03:00:00,EST,194.0,18,,Z,035,FOUNTAIN,0,0,0,0,,,,0,,0,1,begin_coordinates_missing_or_invalid|damage_crops_missing|damage_property_missing|end_coordinates_missing_or_invalid|no_valid_location_points|requires_crosswalk_or_marine_review|timezone_not_normalized_to_utc
5290666,1132990,2002,2002-05-12T06:30:00,2002-05-14T13:20:00,AST,54.833333333333336,02,,Z,151,KUSKOKWIM VALLEY,0,0,0,0,988000,,,0,,0,1,begin_coordinates_missing_or_invalid|damage_crops_missing|end_coordinates_missing_or_invalid|no_valid_location_points|requires_crosswalk_or_marine_review|timezone_not_normalized_to_utc
5290667,1132991,2002,2002-05-10T18:40:00,2002-05-13T11:00:00,AST,64.33333333333333,02,,Z,151,KUSKOKWIM VALLEY,0,0,0,0,110800.0,,,0,,0,1,begin_coordinates_missing_or_invalid|damage_crops_missing|end_coordinates_missing_or_invalid|no_valid_location_points|requires_crosswalk_or_marine_review|timezone_not_normalized_to_utc
5290668,1132991,2002,2002-05-10T19:40:00,2002-05-13T11:00:00,AST,63.333333333333336,02,,Z,151,KUSKOKWIM VALLEY,0,0,0,0,136500.0,,,0,,0,1,begin_coordinates_missing_or_invalid|damage_crops_missing|end_coordinates_missing_or_invalid|no_valid_location_points|requires_crosswalk_or_marine_review|timezone_not_normalized_to_utc
5290669,1132991,2002,2002-05-10T17:40:00,2002-05-13T11:00:00,AST,65.33333333333333,02,,Z,151,KUSKOKWIM VALLEY,0,0,0,0,754400.0,,,0,,0,1,begin_coordinates_missing_or_invalid|damage_crops_missing|end_coordinates_missing_or_invalid|no_valid_location_points|requires_crosswalk_or_marine_review|timezone_not_normalized_to_utc
5290670,1132992,2002,2002-05-13T03:40:00,2002-05-17T11:00:00,AST,103.33333333333333,02,,Z,155,KUSKOKWIM DELTA,0,0,0,0,2160000.00,,,0,,0,1,begin_coordinates_missing_or_invalid|damage_crops_missing|end_coordinates_missing_or_invalid|no_valid_location_points|requires_crosswalk_or_marine_review|timezone_not_normalized_to_utc
5290671,1133096,2002,2002-04-09T06:15:00,2002-04-19T04:00:00,EST,237.75,18,,Z,044,PARKE,0,0,0,0,,,,0,,0,1,begin_coordinates_missing_or_invalid|damage_crops_missing|damage_property_missing|end_coordinates_missing_or_invalid|no_valid_location_points|requires_crosswalk_or_marine_review|timezone_not_normalized_to_utc
5290672,1133096,2002,2002-04-09T06:15:00,2002-04-19T04:00:00,EST,237.75,18,,Z,043,VERMILLION,0,0,0,0,,,,0,,0,1,begin_coordinates_missing_or_invalid|damage_crops_missing|damage_property_missing|end_coordinates_missing_or_invalid|no_valid_location_points|requires_crosswalk_or_marine_review|timezone_not_normalized_to_utc
5290673,1133096,2002,2002-04-10T03:00:00,2002-04-19T06:00:00,EST,219.0,18,,Z,051,VIGO,0,0,0,0,,,,0,,0,1,begin_coordinates_missing_or_invalid|damage_crops_missing|damage_property_missing|end_coordinates_missing_or_invalid|no_valid_location_points|requires_crosswalk_or_marine_review|timezone_not_normalized_to_utc
5290674,1133097,2002,2002-04-28T09:45:00,2002-04-30T23:59:00,EST,62.233333333333334,18,,Z,029,TIPPECANOE,0,0,0,0,,,,0,,0,1,begin_coordinates_missing_or_invalid|damage_crops_missing|damage_property_missing|end_coordinates_missing_or_invalid|no_valid_location_points|requires_crosswalk_or_marine_review|timezone_not_normalized_to_utc
5290675,1133097,2002,2002-04-28T15:30:00,2002-04-30T23:59:00,EST,56.483333333333334,18,,Z,028,WARREN,0,0,0,0,,,,0,,0,1,begin_coordinates_missing_or_invalid|damage_crops_missing|damage_property_missing|end_coordinates_missing_or_invalid|no_valid_location_points|requires_crosswalk_or_marine_review|timezone_not_normalized_to_utc
5290676,1133097,2002,2002-04-28T15:30:00,2002-04-30T23:59:00,EST,56.483333333333334,18,,Z,035,FOUNTAIN,0,0,0,0,,,,0,,0,1,begin_coordinates_missing_or_invalid|damage_crops_missing|damage_property_missing|end_coordinates_missing_or_invalid|no_valid_location_points|requires_crosswalk_or_marine_review|timezone_not_normalized_to_utc
5290677,1133097,2002,2002-04-28T00:45:00,2002-04-30T23:59:00,EST,71.23333333333333,18,,Z,044,PARKE,0,0,0,0,,,,0,,0,1,begin_coordinates_missing_or_invalid|damage_crops_missing|damage_property_missing|end_coordinates_missing_or_invalid|no_valid_location_points|requires_crosswalk_or_marine_review|timezone_not_normalized_to_utc
5290678,1133097,2002,2002-04-28T00:45:00,2002-04-30T23:59:00,EST,71.23333333333333,18,,Z,043,VERMILLION,0,0,0,0,,,,0,,0,1,begin_coordinates_missing_or_invalid|damage_crops_missing|damage_property_missing|end_coordinates_missing_or_invalid|no_valid_location_points|requires_crosswalk_or_marine_review|timezone_not_normalized_to_utc
5290679,1133097,2002,2002-04-28T12:00:00,2002-04-30T23:59:00,EST,59.983333333333334,18,,Z,051,VIGO,0,0,0,0,,,,0,,0,1,begin_coordinates_missing_or_invalid|damage_crops_missing|damage_property_missing|end_coordinates_missing_or_invalid|no_valid_location_points|requires_crosswalk_or_marine_review|timezone_not_normalized_to_utc
5290680,1133097,2002,2002-04-27T20:30:00,2002-04-30T23:59:00,EST,75.48333333333333,18,,Z,060,SULLIVAN,0,0,0,0,,,,0,,0,1,begin_coordinates_missing_or_invalid|damage_crops_missing|damage_property_missing|end_coordinates_missing_or_invalid|no_valid_location_points|requires_crosswalk_or_marine_review|timezone_not_normalized_to_utc
5290681,1133097,2002,2002-04-29T15:00:00,2002-04-30T23:59:00,EST,32.983333333333334,18,,Z,067,KNOX,0,0,0,0,,,,0,,0,1,begin_coordinates_missing_or_invalid|damage_crops_missing|damage_property_missing|end_coordinates_missing_or_invalid|no_valid_location_points|requires_crosswalk_or_marine_review|timezone_not_normalized_to_utc
5290682,1133098,2002,2002-04-13T04:00:00,2002-04-17T12:00:00,EST,104.0,18,,Z,061,GREENE,0,0,0,0,,,,0,,0,1,begin_coordinates_missing_or_invalid|damage_crops_missing|damage_property_missing|end_coordinates_missing_or_invalid|no_valid_location_points|requires_crosswalk_or_marine_review|timezone_not_normalized_to_utc
5290683,1133098,2002,2002-04-13T19:00:00,2002-04-18T06:00:00,EST,107.0,18,,Z,067,KNOX,0,0,0,0,,,,0,,0,1,begin_coordinates_missing_or_invalid|damage_crops_missing|damage_property_missing|end_coordinates_missing_or_invalid|no_valid_location_points|requires_crosswalk_or_marine_review|timezone_not_normalized_to_utc
5290684,1133098,2002,2002-04-13T19:00:00,2002-04-18T06:00:00,EST,107.0,18,,Z,068,DAVIESS,0,0,0,0,,,,0,,0,1,begin_coordinates_missing_or_invalid|damage_crops_missing|damage_property_missing|end_coordinates_missing_or_invalid|no_valid_location_points|requires_crosswalk_or_marine_review|timezone_not_normalized_to_utc
5290685,1133099,2002,2002-04-14T14:15:00,2002-04-30T23:59:00,EST,393.73333333333335,18,,Z,067,KNOX,0,0,0,0,,,,0,,0,1,begin_coordinates_missing_or_invalid|damage_crops_missing|damage_property_missing|end_coordinates_missing_or_invalid|no_valid_location_points|requires_crosswalk_or_marine_review|timezone_not_normalized_to_utc
5290686,1133100,2002,2002-04-22T04:00:00,2002-04-30T23:59:00,EST,211.98333333333332,18,,Z,061,GREENE,0,0,0,0,,,,0,,0,1,begin_coordinates_missing_or_invalid|damage_crops_missing|damage_property_missing|end_coordinates_missing_or_invalid|no_valid_location_points|requires_crosswalk_or_marine_review|timezone_not_normalized_to_utc
5290687,1133101,2002,2002-04-01T00:00:00,2002-04-27T05:00:00,EST,629.0,18,,Z,060,SULLIVAN,0,0,0,0,,,,0,,0,1,begin_coordinates_missing_or_invalid|damage_crops_missing|damage_property_missing|end_coordinates_missing_or_invalid|no_valid_location_points|requires_crosswalk_or_marine_review|timezone_not_normalized_to_utc
5290754,1132992,2002,2002-05-16T14:00:00,2002-05-21T11:00:00,AST,117.0,02,,Z,155,KUSKOKWIM DELTA,0,0,0,0,,,,0,,0,1,begin_coordinates_missing_or_invalid|damage_crops_missing|damage_property_missing|end_coordinates_missing_or_invalid|no_valid_location_points|requires_crosswalk_or_marine_review|timezone_not_normalized_to_utc
5290755,1132993,2002,2002-05-01T09:33:00,2002-05-03T14:00:00,AST,52.45,02,,Z,151,KUSKOKWIM VALLEY,0,0,0,0,1130000.00,,,0,,0,1,begin_coordinates_missing_or_invalid|damage_crops_missing|end_coordinates_missing_or_invalid|no_valid_location_points|requires_crosswalk_or_marine_review|timezone_not_normalized_to_utc
5291052,1134434,2002,2002-05-02T23:00:00,2002-05-04T01:00:00,EST,26.0,54,,Z,024,MINGO,0,0,0,0,4000000,,,0,,0,1,begin_coordinates_missing_or_invalid|damage_crops_missing|end_coordinates_missing_or_invalid|no_valid_location_points|requires_crosswalk_or_marine_review|timezone_not_normalized_to_utc
5291139,1134287,2002,2002-05-12T03:00:00,2002-05-12T12:00:00,CST,9.0,17,17105,C,105,LIVINGSTON,0,0,0,0,,,,0,,0,1,begin_coordinates_missing_or_invalid|county_code_unverified|damage_crops_missing|damage_property_missing|end_coordinates_missing_or_invalid|no_valid_location_points|timezone_not_normalized_to_utc
5291140,1134287,2002,2002-05-12T03:00:00,2002-05-12T12:00:00,CST,9.0,17,17063,C,063,GRUNDY,0,0,0,0,,,,0,,0,1,begin_coordinates_missing_or_invalid|county_code_unverified|damage_crops_missing|damage_property_missing|end_coordinates_missing_or_invalid|no_valid_location_points|timezone_not_normalized_to_utc
5291141,1134287,2002,2002-05-12T03:00:00,2002-05-12T12:00:00,CST,9.0,17,17075,C,075,IROQUOIS,0,0,0,0,,,,0,,0,1,begin_coordinates_missing_or_invalid|county_code_unverified|damage_crops_missing|damage_property_missing|end_coordinates_missing_or_invalid|no_valid_location_points|timezone_not_normalized_to_utc
5291142,1134287,2002,2002-05-12T03:00:00,2002-05-12T12:00:00,CST,9.0,17,17099,C,099,LA SALLE,0,0,0,0,,,,0,,0,1,begin_coordinates_missing_or_invalid|county_code_unverified|damage_crops_missing|damage_property_missing|end_coordinates_missing_or_invalid|no_valid_location_points|timezone_not_normalized_to_utc
5291143,1134287,2002,2002-05-12T03:00:00,2002-05-12T12:00:00,CST,9.0,17,17091,C,091,KANKAKEE,0,0,0,0,,,,0,,0,1,begin_coordinates_missing_or_invalid|county_code_unverified|damage_crops_missing|damage_property_missing|end_coordinates_missing_or_invalid|no_valid_location_points|timezone_not_normalized_to_utc
5291144,1134287,2002,2002-05-12T03:00:00,2002-05-12T12:00:00,CST,9.0,17,17053,C,053,FORD,0,0,0,0,,,,0,,0,1,begin_coordinates_missing_or_invalid|county_code_unverified|damage_crops_missing|damage_property_missing|end_coordinates_missing_or_invalid|no_valid_location_points|timezone_not_normalized_to_utc
5291146,1134289,2002,2002-05-09T03:00:00,2002-05-20T02:30:00,CST,263.5,29,,Z,065,JEFFERSON,0,0,0,0,,,,0,,0,1,begin_coordinates_missing_or_invalid|damage_crops_missing|damage_property_missing|end_coordinates_missing_or_invalid|no_valid_location_points|requires_crosswalk_or_marine_review|timezone_not_normalized_to_utc
5291147,1134290,2002,2002-05-07T06:00:00,2002-05-19T04:30:00,CST,286.5,29,,Z,099,REYNOLDS,0,0,0,0,,,,0,,0,1,begin_coordinates_missing_or_invalid|damage_crops_missing|damage_property_missing|end_coordinates_missing_or_invalid|no_valid_location_points|requires_crosswalk_or_marine_review|timezone_not_normalized_to_utc
5291238,1134291,2002,2002-05-09T13:00:00,2002-05-15T17:00:00,CST,148.0,29,,Z,062,FRANKLIN,0,0,0,0,,,,0,,0,1,begin_coordinates_missing_or_invalid|damage_crops_missing|damage_property_missing|end_coordinates_missing_or_invalid|no_valid_location_points|requires_crosswalk_or_marine_review|timezone_not_normalized_to_utc
5291239,1134292,2002,2002-05-06T11:30:00,2002-05-18T10:00:00,CST,286.5,29,,Z,052,LINCOLN,0,0,0,0,,,,0,,0,1,begin_coordinates_missing_or_invalid|damage_crops_missing|damage_property_missing|end_coordinates_missing_or_invalid|no_valid_location_points|requires_crosswalk_or_marine_review|timezone_not_normalized_to_utc
5291240,1134292,2002,2002-05-06T11:30:00,2002-05-18T10:00:00,CST,286.5,29,,Z,051,MONTGOMERY,0,0,0,0,,,,0,,0,1,begin_coordinates_missing_or_invalid|damage_crops_missing|damage_property_missing|end_coordinates_missing_or_invalid|no_valid_location_points|requires_crosswalk_or_marine_review|timezone_not_normalized_to_utc
5291241,1134292,2002,2002-05-06T11:30:00,2002-05-18T10:00:00,CST,286.5,29,,Z,061,ST. CHARLES,0,0,0,0,,,,0,,0,1,begin_coordinates_missing_or_invalid|damage_crops_missing|damage_property_missing|end_coordinates_missing_or_invalid|no_valid_location_points|requires_crosswalk_or_marine_review|timezone_not_normalized_to_utc
5291242,1134293,2002,2002-05-01T00:00:00,2002-05-31T23:59:00,CST,743.9833333333333,17,,Z,069,CLINTON,0,0,0,0,,,,0,,0,1,begin_coordinates_missing_or_invalid|damage_crops_missing|damage_property_missing|end_coordinates_missing_or_invalid|no_valid_location_points|requires_crosswalk_or_marine_review|timezone_not_normalized_to_utc
5291243,1134293,2002,2002-05-01T00:00:00,2002-05-31T23:59:00,CST,743.9833333333333,17,,Z,058,GREENE,0,0,0,0,,,,0,,0,1,begin_coordinates_missing_or_invalid|damage_crops_missing|damage_property_missing|end_coordinates_missing_or_invalid|no_valid_location_points|requires_crosswalk_or_marine_review|timezone_not_normalized_to_utc
5291244,1134293,2002,2002-05-01T00:00:00,2002-05-31T23:59:00,CST,743.9833333333333,17,,Z,099,JERSEY,0,0,0,0,,,,0,,0,1,begin_coordinates_missing_or_invalid|damage_crops_missing|damage_property_missing|end_coordinates_missing_or_invalid|no_valid_location_points|requires_crosswalk_or_marine_review|timezone_not_normalized_to_utc
5291245,1134293,2002,2002-05-01T00:00:00,2002-05-31T23:59:00,CST,743.9833333333333,17,,Z,097,PIKE,0,0,0,0,,,,0,,0,1,begin_coordinates_missing_or_invalid|damage_crops_missing|damage_property_missing|end_coordinates_missing_or_invalid|no_valid_location_points|requires_crosswalk_or_marine_review|timezone_not_normalized_to_utc
5291246,1134294,2002,2002-05-01T00:00:00,2002-05-31T23:59:00,CST,743.9833333333333,17,,Z,065,FAYETTE,0,0,0,0,,,,0,,0,1,begin_coordinates_missing_or_invalid|damage_crops_missing|damage_property_missing|end_coordinates_missing_or_invalid|no_valid_location_points|requires_crosswalk_or_marine_review|timezone_not_normalized_to_utc
5291247,1134294,2002,2002-05-01T00:00:00,2002-05-31T23:59:00,CST,743.9833333333333,17,,Z,070,MARION,0,0,0,0,,,,0,,0,1,begin_coordinates_missing_or_invalid|damage_crops_missing|damage_property_missing|end_coordinates_missing_or_invalid|no_valid_location_points|requires_crosswalk_or_marine_review|timezone_not_normalized_to_utc
5291248,1134294,2002,2002-05-01T00:00:00,2002-05-31T23:59:00,CST,743.9833333333333,17,,Z,102,MONROE,0,0,0,0,,,,0,,0,1,begin_coordinates_missing_or_invalid|damage_crops_missing|damage_property_missing|end_coordinates_missing_or_invalid|no_valid_location_points|requires_crosswalk_or_marine_review|timezone_not_normalized_to_utc
5291249,1134294,2002,2002-05-01T00:00:00,2002-05-31T23:59:00,CST,743.9833333333333,17,,Z,079,RANDOLPH,0,0,0,0,,,,0,,0,1,begin_coordinates_missing_or_invalid|damage_crops_missing|damage_property_missing|end_coordinates_missing_or_invalid|no_valid_location_points|requires_crosswalk_or_marine_review|timezone_not_normalized_to_utc
5291250,1134294,2002,2002-05-01T00:00:00,2002-05-31T23:59:00,CST,743.9833333333333,17,,Z,101,ST. CLAIR,0,0,0,0,,,,0,,0,1,begin_coordinates_missing_or_invalid|damage_crops_missing|damage_property_missing|end_coordinates_missing_or_invalid|no_valid_location_points|requires_crosswalk_or_marine_review|timezone_not_normalized_to_utc
5291251,1134294,2002,2002-05-01T00:00:00,2002-05-31T23:59:00,CST,743.9833333333333,17,,Z,074,WASHINGTON,0,0,0,0,,,,0,,0,1,begin_coordinates_missing_or_invalid|damage_crops_missing|damage_property_missing|end_coordinates_missing_or_invalid|no_valid_location_points|requires_crosswalk_or_marine_review|timezone_not_normalized_to_utc
5291252,1134295,2002,2002-05-12T02:00:00,2002-05-20T00:30:00,CST,190.5,17,,Z,096,BROWN,0,0,0,0,,,,0,,0,1,begin_coordinates_missing_or_invalid|damage_crops_missing|damage_property_missing|end_coordinates_missing_or_invalid|no_valid_location_points|requires_crosswalk_or_marine_review|timezone_not_normalized_to_utc
5291253,1134296,2002,2002-05-08T14:00:00,2002-05-29T19:00:00,CST,509.0,29,,Z,072,CRAWFORD,0,0,0,0,,,,0,,0,1,begin_coordinates_missing_or_invalid|damage_crops_missing|damage_property_missing|end_coordinates_missing_or_invalid|no_valid_location_points|requires_crosswalk_or_marine_review|timezone_not_normalized_to_utc
5291254,1134296,2002,2002-05-08T14:00:00,2002-05-29T19:00:00,CST,509.0,29,,Z,062,FRANKLIN,0,0,0,0,,,,0,,0,1,begin_coordinates_missing_or_invalid|damage_crops_missing|damage_property_missing|end_coordinates_missing_or_invalid|no_valid_location_points|requires_crosswalk_or_marine_review|timezone_not_normalized_to_utc
5291255,1134296,2002,2002-05-08T14:00:00,2002-05-29T19:00:00,CST,509.0,29,,Z,065,JEFFERSON,0,0,0,0,,,,0,,0,1,begin_coordinates_missing_or_invalid|damage_crops_missing|damage_property_missing|end_coordinates_missing_or_invalid|no_valid_location_points|requires_crosswalk_or_marine_review|timezone_not_normalized_to_utc
5291256,1134296,2002,2002-05-08T14:00:00,2002-05-29T19:00:00,CST,509.0,29,,Z,063,ST. LOUIS,0,0,0,0,,,,0,,0,1,begin_coordinates_missing_or_invalid|damage_crops_missing|damage_property_missing|end_coordinates_missing_or_invalid|no_valid_location_points|requires_crosswalk_or_marine_review|timezone_not_normalized_to_utc
5291257,1134297,2002,2002-05-07T12:30:00,2002-05-25T14:00:00,CST,433.5,29,,Z,018,KNOX,0,0,0,0,,,,0,,0,1,begin_coordinates_missing_or_invalid|damage_crops_missing|damage_property_missing|end_coordinates_missing_or_invalid|no_valid_location_points|requires_crosswalk_or_marine_review|timezone_not_normalized_to_utc
5291258,1134297,2002,2002-05-07T12:30:00,2002-05-25T14:00:00,CST,433.5,29,,Z,019,LEWIS,0,0,0,0,,,,0,,0,1,begin_coordinates_missing_or_invalid|damage_crops_missing|damage_property_missing|end_coordinates_missing_or_invalid|no_valid_location_points|requires_crosswalk_or_marine_review|timezone_not_normalized_to_utc
5291259,1134298,2002,2002-05-01T00:00:00,2002-05-31T21:00:00,CST,741.0,29,,Z,065,JEFFERSON,0,0,0,0,,,,0,,0,1,begin_coordinates_missing_or_invalid|damage_crops_missing|damage_property_missing|end_coordinates_missing_or_invalid|no_valid_location_points|requires_crosswalk_or_marine_review|timezone_not_normalized_to_utc
5291260,1134298,2002,2002-05-01T00:00:00,2002-05-31T21:00:00,CST,741.0,29,,Z,019,LEWIS,0,0,0,0,,,,0,,0,1,begin_coordinates_missing_or_invalid|damage_crops_missing|damage_property_missing|end_coordinates_missing_or_invalid|no_valid_location_points|requires_crosswalk_or_marine_review|timezone_not_normalized_to_utc
5291261,1134298,2002,2002-05-01T00:00:00,2002-05-31T21:00:00,CST,741.0,29,,Z,052,LINCOLN,0,0,0,0,,,,0,,0,1,begin_coordinates_missing_or_invalid|damage_crops_missing|damage_property_missing|end_coordinates_missing_or_invalid|no_valid_location_points|requires_crosswalk_or_marine_review|timezone_not_normalized_to_utc
5291262,1134298,2002,2002-05-01T00:00:00,2002-05-31T21:00:00,CST,741.0,29,,Z,027,MARION,0,0,0,0,,,,0,,0,1,begin_coordinates_missing_or_invalid|damage_crops_missing|damage_property_missing|end_coordinates_missing_or_invalid|no_valid_location_points|requires_crosswalk_or_marine_review|timezone_not_normalized_to_utc
5291263,1134298,2002,2002-05-01T00:00:00,2002-05-31T21:00:00,CST,741.0,29,,Z,036,PIKE,0,0,0,0,,,,0,,0,1,begin_coordinates_missing_or_invalid|damage_crops_missing|damage_property_missing|end_coordinates_missing_or_invalid|no_valid_location_points|requires_crosswalk_or_marine_review|timezone_not_normalized_to_utc
5291264,1134298,2002,2002-05-01T00:00:00,2002-05-31T21:00:00,CST,741.0,29,,Z,035,RALLS,0,0,0,0,,,,0,,0,1,begin_coordinates_missing_or_invalid|damage_crops_missing|damage_property_missing|end_coordinates_missing_or_invalid|no_valid_location_points|requires_crosswalk_or_marine_review|timezone_not_normalized_to_utc
5291265,1134298,2002,2002-05-01T00:00:00,2002-05-31T21:00:00,CST,741.0,29,,Z,061,ST. CHARLES,0,0,0,0,,,,0,,0,1,begin_coordinates_missing_or_invalid|damage_crops_missing|damage_property_missing|end_coordinates_missing_or_invalid|no_valid_location_points|requires_crosswalk_or_marine_review|timezone_not_normalized_to_utc
5291266,1134298,2002,2002-05-01T00:00:00,2002-05-31T21:00:00,CST,741.0,29,,Z,063,ST. LOUIS,0,0,0,0,,,,0,,0,1,begin_coordinates_missing_or_invalid|damage_crops_missing|damage_property_missing|end_coordinates_missing_or_invalid|no_valid_location_points|requires_crosswalk_or_marine_review|timezone_not_normalized_to_utc
5291267,1134298,2002,2002-05-01T00:00:00,2002-05-31T21:00:00,CST,741.0,29,,Z,064,ST. LOUIS (C),0,0,0,0,,,,0,,0,1,begin_coordinates_missing_or_invalid|damage_crops_missing|damage_property_missing|end_coordinates_missing_or_invalid|no_valid_location_points|requires_crosswalk_or_marine_review|timezone_not_normalized_to_utc
5291268,1134299,2002,2002-05-01T00:00:00,2002-05-31T17:00:00,CST,737.0,17,,Z,095,ADAMS,0,0,0,0,,,,0,,0,1,begin_coordinates_missing_or_invalid|damage_crops_missing|damage_property_missing|end_coordinates_missing_or_invalid|no_valid_location_points|requires_crosswalk_or_marine_review|timezone_not_normalized_to_utc
5291269,1134299,2002,2002-05-01T00:00:00,2002-05-31T17:00:00,CST,737.0,17,,Z,098,CALHOUN,0,0,0,0,,,,0,,0,1,begin_coordinates_missing_or_invalid|damage_crops_missing|damage_property_missing|end_coordinates_missing_or_invalid|no_valid_location_points|requires_crosswalk_or_marine_review|timezone_not_normalized_to_utc
5291270,1134299,2002,2002-05-01T00:00:00,2002-05-31T17:00:00,CST,737.0,17,,Z,099,JERSEY,0,0,0,0,,,,0,,0,1,begin_coordinates_missing_or_invalid|damage_crops_missing|damage_property_missing|end_coordinates_missing_or_invalid|no_valid_location_points|requires_crosswalk_or_marine_review|timezone_not_normalized_to_utc
5291271,1134299,2002,2002-05-01T00:00:00,2002-05-31T17:00:00,CST,737.0,17,,Z,100,MADISON,0,0,0,0,,,,0,,0,1,begin_coordinates_missing_or_invalid|damage_crops_missing|damage_property_missing|end_coordinates_missing_or_invalid|no_valid_location_points|requires_crosswalk_or_marine_review|timezone_not_normalized_to_utc
5291272,1134299,2002,2002-05-01T00:00:00,2002-05-31T17:00:00,CST,737.0,17,,Z,102,MONROE,0,0,0,0,,,,0,,0,1,begin_coordinates_missing_or_invalid|damage_crops_missing|damage_property_missing|end_coordinates_missing_or_invalid|no_valid_location_points|requires_crosswalk_or_marine_review|timezone_not_normalized_to_utc
5291273,1134299,2002,2002-05-01T00:00:00,2002-05-31T17:00:00,CST,737.0,17,,Z,097,PIKE,0,0,0,0,,,,0,,0,1,begin_coordinates_missing_or_invalid|damage_crops_missing|damage_property_missing|end_coordinates_missing_or_invalid|no_valid_location_points|requires_crosswalk_or_marine_review|timezone_not_normalized_to_utc
5291274,1134299,2002,2002-05-01T00:00:00,2002-05-31T17:00:00,CST,737.0,17,,Z,079,RANDOLPH,0,0,0,0,,,,0,,0,1,begin_coordinates_missing_or_invalid|damage_crops_missing|damage_property_missing|end_coordinates_missing_or_invalid|no_valid_location_points|requires_crosswalk_or_marine_review|timezone_not_normalized_to_utc
5291275,1134299,2002,2002-05-01T00:00:00,2002-05-31T17:00:00,CST,737.0,17,,Z,101,ST. CLAIR,0,0,0,0,,,,0,,0,1,begin_coordinates_missing_or_invalid|damage_crops_missing|damage_property_missing|end_coordinates_missing_or_invalid|no_valid_location_points|requires_crosswalk_or_marine_review|timezone_not_normalized_to_utc
5291276,1134300,2002,2002-05-08T03:30:00,2002-05-28T22:30:00,CST,499.0,29,,Z,041,BOONE,0,0,0,0,,,,0,,0,1,begin_coordinates_missing_or_invalid|damage_crops_missing|damage_property_missing|end_coordinates_missing_or_invalid|no_valid_location_points|requires_crosswalk_or_marine_review|timezone_not_normalized_to_utc
5291277,1134300,2002,2002-05-08T03:30:00,2002-05-28T22:30:00,CST,499.0,29,,Z,050,CALLAWAY,0,0,0,0,,,,0,,0,1,begin_coordinates_missing_or_invalid|damage_crops_missing|damage_property_missing|end_coordinates_missing_or_invalid|no_valid_location_points|requires_crosswalk_or_marine_review|timezone_not_normalized_to_utc
5291278,1134300,2002,2002-05-08T03:30:00,2002-05-28T22:30:00,CST,499.0,29,,Z,048,COLE,0,0,0,0,,,,0,,0,1,begin_coordinates_missing_or_invalid|damage_crops_missing|damage_property_missing|end_coordinates_missing_or_invalid|no_valid_location_points|requires_crosswalk_or_marine_review|timezone_not_normalized_to_utc
5291279,1134300,2002,2002-05-08T03:30:00,2002-05-28T22:30:00,CST,499.0,29,,Z,062,FRANKLIN,0,0,0,0,,,,0,,0,1,begin_coordinates_missing_or_invalid|damage_crops_missing|damage_property_missing|end_coordinates_missing_or_invalid|no_valid_location_points|requires_crosswalk_or_marine_review|timezone_not_normalized_to_utc
5291280,1134300,2002,2002-05-08T03:30:00,2002-05-28T22:30:00,CST,499.0,29,,Z,059,GASCONADE,0,0,0,0,,,,0,,0,1,begin_coordinates_missing_or_invalid|damage_crops_missing|damage_property_missing|end_coordinates_missing_or_invalid|no_valid_location_points|requires_crosswalk_or_marine_review|timezone_not_normalized_to_utc
5291383,1134300,2002,2002-05-08T03:30:00,2002-05-28T22:30:00,CST,499.0,29,,Z,051,MONTGOMERY,0,0,0,0,,,,0,,0,1,begin_coordinates_missing_or_invalid|damage_crops_missing|damage_property_missing|end_coordinates_missing_or_invalid|no_valid_location_points|requires_crosswalk_or_marine_review|timezone_not_normalized_to_utc
5291384,1134300,2002,2002-05-08T03:30:00,2002-05-28T22:30:00,CST,499.0,29,,Z,049,OSAGE,0,0,0,0,,,,0,,0,1,begin_coordinates_missing_or_invalid|damage_crops_missing|damage_property_missing|end_coordinates_missing_or_invalid|no_valid_location_points|requires_crosswalk_or_marine_review|timezone_not_normalized_to_utc
5291385,1134300,2002,2002-05-08T03:30:00,2002-05-28T22:30:00,CST,499.0,29,,Z,061,ST. CHARLES,0,0,0,0,,,,0,,0,1,begin_coordinates_missing_or_invalid|damage_crops_missing|damage_property_missing|end_coordinates_missing_or_invalid|no_valid_location_points|requires_crosswalk_or_marine_review|timezone_not_normalized_to_utc
5291386,1134300,2002,2002-05-08T03:30:00,2002-05-28T22:30:00,CST,499.0,29,,Z,063,ST. LOUIS,0,0,0,0,,,,0,,0,1,begin_coordinates_missing_or_invalid|damage_crops_missing|damage_property_missing|end_coordinates_missing_or_invalid|no_valid_location_points|requires_crosswalk_or_marine_review|timezone_not_normalized_to_utc
5291387,1134301,2002,2002-05-08T03:30:00,2002-05-18T15:00:00,CST,251.5,29,,Z,048,COLE,0,0,0,0,,,,0,,0,1,begin_coordinates_missing_or_invalid|damage_crops_missing|damage_property_missing|end_coordinates_missing_or_invalid|no_valid_location_points|requires_crosswalk_or_marine_review|timezone_not_normalized_to_utc
5291388,1134302,2002,2002-05-01T00:00:00,2002-05-13T15:30:00,CST,303.5,29,,Z,027,MARION,0,0,0,0,,,,0,,0,1,begin_coordinates_missing_or_invalid|damage_crops_missing|damage_property_missing|end_coordinates_missing_or_invalid|no_valid_location_points|requires_crosswalk_or_marine_review|timezone_not_normalized_to_utc
5291389,1134302,2002,2002-05-01T00:00:00,2002-05-13T15:30:00,CST,303.5,29,,Z,026,SHELBY,0,0,0,0,,,,0,,0,1,begin_coordinates_missing_or_invalid|damage_crops_missing|damage_property_missing|end_coordinates_missing_or_invalid|no_valid_location_points|requires_crosswalk_or_marine_review|timezone_not_normalized_to_utc
5291390,1134303,2002,2002-05-11T10:00:00,2002-05-14T16:00:00,CST,78.0,29,,Z,019,LEWIS,0,0,0,0,,,,0,,0,1,begin_coordinates_missing_or_invalid|damage_crops_missing|damage_property_missing|end_coordinates_missing_or_invalid|no_valid_location_points|requires_crosswalk_or_marine_review|timezone_not_normalized_to_utc
5291391,1134304,2002,2002-05-07T05:30:00,2002-05-16T22:30:00,CST,233.0,29,,Z,018,KNOX,0,0,0,0,,,,0,,0,1,begin_coordinates_missing_or_invalid|damage_crops_missing|damage_property_missing|end_coordinates_missing_or_invalid|no_valid_location_points|requires_crosswalk_or_marine_review|timezone_not_normalized_to_utc
5291392,1134304,2002,2002-05-07T05:30:00,2002-05-16T22:30:00,CST,233.0,29,,Z,027,MARION,0,0,0,0,,,,0,,0,1,begin_coordinates_missing_or_invalid|damage_crops_missing|damage_property_missing|end_coordinates_missing_or_invalid|no_valid_location_points|requires_crosswalk_or_marine_review|timezone_not_normalized_to_utc
5291393,1134304,2002,2002-05-07T05:30:00,2002-05-16T22:30:00,CST,233.0,29,,Z,026,SHELBY,0,0,0,0,,,,0,,0,1,begin_coordinates_missing_or_invalid|damage_crops_missing|damage_property_missing|end_coordinates_missing_or_invalid|no_valid_location_points|requires_crosswalk_or_marine_review|timezone_not_normalized_to_utc
5291394,1134305,2002,2002-05-12T00:00:00,2002-05-16T12:00:00,CST,108.0,29,,Z,034,MONROE,0,0,0,0,,,,0,,0,1,begin_coordinates_missing_or_invalid|damage_crops_missing|damage_property_missing|end_coordinates_missing_or_invalid|no_valid_location_points|requires_crosswalk_or_marine_review|timezone_not_normalized_to_utc
5291395,1134305,2002,2002-05-12T00:00:00,2002-05-16T12:00:00,CST,108.0,29,,Z,035,RALLS,0,0,0,0,,,,0,,0,1,begin_coordinates_missing_or_invalid|damage_crops_missing|damage_property_missing|end_coordinates_missing_or_invalid|no_valid_location_points|requires_crosswalk_or_marine_review|timezone_not_normalized_to_utc
5291396,1134305,2002,2002-05-12T00:00:00,2002-05-16T12:00:00,CST,108.0,29,,Z,026,SHELBY,0,0,0,0,,,,0,,0,1,begin_coordinates_missing_or_invalid|damage_crops_missing|damage_property_missing|end_coordinates_missing_or_invalid|no_valid_location_points|requires_crosswalk_or_marine_review|timezone_not_normalized_to_utc
5291435,1134466,2002,2002-05-20T09:02:00,2002-05-20T09:50:00,PST,0.8,06,06059,C,059,ORANGE,0,0,0,0,,,,0,,0,1,begin_coordinates_missing_or_invalid|county_code_unverified|damage_crops_missing|damage_property_missing|end_coordinates_missing_or_invalid|no_valid_location_points|timezone_not_normalized_to_utc
5291539,1134479,2002,2002-05-30T16:15:00,2002-05-30T17:00:00,EST,0.75,12,12057,C,057,HILLSBOROUGH,0,0,0,0,,,,0,,0,1,begin_coordinates_missing_or_invalid|county_code_unverified|damage_crops_missing|damage_property_missing|end_coordinates_missing_or_invalid|no_valid_location_points|timezone_not_normalized_to_utc
5291545,1134481,2002,2002-05-16T17:45:00,2002-05-16T18:30:00,EST,0.75,12,12057,C,057,HILLSBOROUGH,0,0,0,0,,,,0,,0,1,begin_coordinates_missing_or_invalid|county_code_unverified|damage_crops_missing|damage_property_missing|end_coordinates_missing_or_invalid|no_valid_location_points|timezone_not_normalized_to_utc
5291827,1134133,2002,2002-04-22T01:00:00,2002-04-22T10:15:00,EST,9.25,18,,Z,079,JEFFERSON,0,0,0,0,,,,0,,0,1,begin_coordinates_missing_or_invalid|damage_crops_missing|damage_property_missing|end_coordinates_missing_or_invalid|no_valid_location_points|requires_crosswalk_or_marine_review|timezone_not_normalized_to_utc
5291828,1134134,2002,2002-04-28T07:00:00,2002-04-28T19:30:00,EST,12.5,18,,Z,079,JEFFERSON,0,0,0,0,,,,0,,0,1,begin_coordinates_missing_or_invalid|damage_crops_missing|damage_property_missing|end_coordinates_missing_or_invalid|no_valid_location_points|requires_crosswalk_or_marine_review|timezone_not_normalized_to_utc
5291829,1134135,2002,2002-04-28T15:00:00,2002-04-29T02:50:00,EST,11.833333333333334,21,,Z,042,BOURBON,0,0,0,0,,,,0,,0,1,begin_coordinates_missing_or_invalid|damage_crops_missing|damage_property_missing|end_coordinates_missing_or_invalid|no_valid_location_points|requires_crosswalk_or_marine_review|timezone_not_normalized_to_utc
5291950,1134573,2002,2002-05-03T07:14:00,2002-05-03T07:14:00,EST,0.0,13,13121,C,121,FULTON,0,0,0,0,,,,0,,0,1,begin_coordinates_missing_or_invalid|county_code_unverified|damage_crops_missing|damage_property_missing|end_coordinates_missing_or_invalid|no_valid_location_points|timezone_not_normalized_to_utc
5292057,1134573,2002,2002-05-03T03:00:00,2002-05-03T07:00:00,EST,4.0,13,,Z,012,GORDON,0,0,0,0,,,,0,,0,1,begin_coordinates_missing_or_invalid|damage_crops_missing|damage_property_missing|end_coordinates_missing_or_invalid|no_valid_location_points|requires_crosswalk_or_marine_review|timezone_not_normalized_to_utc
5292134,1134047,2002,2002-04-12T15:28:00,2002-04-12T16:15:00,EST,0.7833333333333333,18,,Z,050,WAYNE,0,0,0,0,,,,0,,0,1,begin_coordinates_missing_or_invalid|damage_crops_missing|damage_property_missing|end_coordinates_missing_or_invalid|no_valid_location_points|requires_crosswalk_or_marine_review|timezone_not_normalized_to_utc
5292135,1134048,2002,2002-04-12T15:45:00,2002-04-12T16:20:00,EST,0.5833333333333334,39,,Z,042,DARKE,0,0,0,0,,,,0,,0,1,begin_coordinates_missing_or_invalid|damage_crops_missing|damage_property_missing|end_coordinates_missing_or_invalid|no_valid_location_points|requires_crosswalk_or_marine_review|timezone_not_normalized_to_utc
5292136,1134048,2002,2002-04-12T16:30:00,2002-04-12T17:15:00,EST,0.75,39,,Z,060,PREBLE,0,0,0,0,,,,0,,0,1,begin_coordinates_missing_or_invalid|damage_crops_missing|damage_property_missing|end_coordinates_missing_or_invalid|no_valid_location_points|requires_crosswalk_or_marine_review|timezone_not_normalized_to_utc
5292137,1134048,2002,2002-04-12T17:50:00,2002-04-12T18:30:00,EST,0.6666666666666666,39,,Z,061,MONTGOMERY,0,0,0,0,,,,0,,0,1,begin_coordinates_missing_or_invalid|damage_crops_missing|damage_property_missing|end_coordinates_missing_or_invalid|no_valid_location_points|requires_crosswalk_or_marine_review|timezone_not_normalized_to_utc
5292164,1134077,2002,2002-04-14T16:21:00,2002-04-23T03:00:00,CST,202.65,55,,Z,012,FLORENCE,0,0,0,0,,,,0,,0,1,begin_coordinates_missing_or_invalid|damage_crops_missing|damage_property_missing|end_coordinates_missing_or_invalid|no_valid_location_points|requires_crosswalk_or_marine_review|timezone_not_normalized_to_utc
5292165,1134077,2002,2002-04-15T09:00:00,2002-04-28T17:00:00,CST,320.0,55,,Z,013,MARINETTE,0,0,0,0,1300.0,,,0,,0,1,begin_coordinates_missing_or_invalid|damage_crops_missing|end_coordinates_missing_or_invalid|no_valid_location_points|requires_crosswalk_or_marine_review|timezone_not_normalized_to_utc
5292175,1134081,2002,2002-04-24T11:59:00,2002-04-24T11:59:00,CST,0.0,19,19045,C,045,CLINTON,0,0,0,0,,,,0,,0,1,begin_coordinates_missing_or_invalid|county_code_unverified|damage_crops_missing|damage_property_missing|end_coordinates_missing_or_invalid|no_valid_location_points|timezone_not_normalized_to_utc
5292238,1134050,2002,2002-04-19T18:15:00,2002-04-19T19:15:00,EST,1.0,39,,Z,078,CLERMONT,0,0,0,0,,,,0,,0,1,begin_coordinates_missing_or_invalid|damage_crops_missing|damage_property_missing|end_coordinates_missing_or_invalid|no_valid_location_points|requires_crosswalk_or_marine_review|timezone_not_normalized_to_utc
5292239,1134050,2002,2002-04-19T18:45:00,2002-04-19T19:45:00,EST,1.0,39,,Z,079,BROWN,0,0,0,0,,,,0,,0,1,begin_coordinates_missing_or_invalid|damage_crops_missing|damage_property_missing|end_coordinates_missing_or_invalid|no_valid_location_points|requires_crosswalk_or_marine_review|timezone_not_normalized_to_utc
5292240,1134050,2002,2002-04-19T19:15:00,2002-04-19T20:00:00,EST,0.75,39,,Z,044,LOGAN,0,0,0,0,,,,0,,0,1,begin_coordinates_missing_or_invalid|damage_crops_missing|damage_property_missing|end_coordinates_missing_or_invalid|no_valid_location_points|requires_crosswalk_or_marine_review|timezone_not_normalized_to_utc
5292283,1134087,2002,2002-04-21T18:27:00,2002-04-30T23:59:00,CST,221.53333333333333,19,,Z,042,DUBUQUE,0,0,0,0,,,,0,,0,1,begin_coordinates_missing_or_invalid|damage_crops_missing|damage_property_missing|end_coordinates_missing_or_invalid|no_valid_location_points|requires_crosswalk_or_marine_review|timezone_not_normalized_to_utc
5292284,1134087,2002,2002-04-21T18:27:00,2002-04-30T23:59:00,CST,221.53333333333333,19,,Z,066,CLINTON,0,0,0,0,,,,0,,0,1,begin_coordinates_missing_or_invalid|damage_crops_missing|damage_property_missing|end_coordinates_missing_or_invalid|no_valid_location_points|requires_crosswalk_or_marine_review|timezone_not_normalized_to_utc
5292285,1134087,2002,2002-04-21T18:27:00,2002-04-30T23:59:00,CST,221.53333333333333,19,,Z,089,DES MOINES,0,0,0,0,,,,0,,0,1,begin_coordinates_missing_or_invalid|damage_crops_missing|damage_property_missing|end_coordinates_missing_or_invalid|no_valid_location_points|requires_crosswalk_or_marine_review|timezone_not_normalized_to_utc
5292286,1134087,2002,2002-04-21T18:27:00,2002-04-30T23:59:00,CST,221.53333333333333,19,,Z,054,JACKSON,0,0,0,0,,,,0,,0,1,begin_coordinates_missing_or_invalid|damage_crops_missing|damage_property_missing|end_coordinates_missing_or_invalid|no_valid_location_points|requires_crosswalk_or_marine_review|timezone_not_normalized_to_utc
5292287,1134087,2002,2002-04-21T18:27:00,2002-04-30T23:59:00,CST,221.53333333333333,19,,Z,078,LOUISA,0,0,0,0,,,,0,,0,1,begin_coordinates_missing_or_invalid|damage_crops_missing|damage_property_missing|end_coordinates_missing_or_invalid|no_valid_location_points|requires_crosswalk_or_marine_review|timezone_not_normalized_to_utc
5292288,1134087,2002,2002-04-21T18:27:00,2002-04-30T23:59:00,CST,221.53333333333333,19,,Z,067,MUSCATINE,0,0,0,0,,,,0,,0,1,begin_coordinates_missing_or_invalid|damage_crops_missing|damage_property_missing|end_coordinates_missing_or_invalid|no_valid_location_points|requires_crosswalk_or_marine_review|timezone_not_normalized_to_utc
5292289,1134087,2002,2002-04-21T18:27:00,2002-04-30T23:59:00,CST,221.53333333333333,19,,Z,068,SCOTT,0,0,0,0,,,,0,,0,1,begin_coordinates_missing_or_invalid|damage_crops_missing|damage_property_missing|end_coordinates_missing_or_invalid|no_valid_location_points|requires_crosswalk_or_marine_review|timezone_not_normalized_to_utc
5292371,1133932,2002,2002-04-22T03:20:00,2002-04-22T11:15:00,EST,7.916666666666667,54,,Z,048,GRANT,0,0,0,0,,,,0,,0,1,begin_coordinates_missing_or_invalid|damage_crops_missing|damage_property_missing|end_coordinates_missing_or_invalid|no_valid_location_points|requires_crosswalk_or_marine_review|timezone_not_normalized_to_utc
5292375,1134093,2002,2002-04-13T22:00:00,2002-04-14T11:00:00,EST,13.0,50,,Z,007,CALEDONIA,0,0,0,0,20000,,,0,,0,1,begin_coordinates_missing_or_invalid|damage_crops_missing|end_coordinates_missing_or_invalid|no_valid_location_points|requires_crosswalk_or_marine_review|timezone_not_normalized_to_utc
5292376,1134094,2002,2002-04-14T01:00:00,2002-04-14T11:00:00,EST,10.0,50,,Z,004,ESSEX,0,0,0,0,20000,,,0,,0,1,begin_coordinates_missing_or_invalid|damage_crops_missing|end_coordinates_missing_or_invalid|no_valid_location_points|requires_crosswalk_or_marine_review|timezone_not_normalized_to_utc
5292377,1134095,2002,2002-04-14T00:05:00,2002-04-14T11:00:00,EST,10.916666666666666,50,,Z,010,ORANGE,0,0,0,0,40000,,,0,,0,1,begin_coordinates_missing_or_invalid|damage_crops_missing|end_coordinates_missing_or_invalid|no_valid_location_points|requires_crosswalk_or_marine_review|timezone_not_normalized_to_utc
5292378,1134096,2002,2002-04-14T03:00:00,2002-04-14T11:00:00,EST,8.0,50,,Z,003,ORLEANS,0,0,0,0,10000,,,0,,0,1,begin_coordinates_missing_or_invalid|damage_crops_missing|end_coordinates_missing_or_invalid|no_valid_location_points|requires_crosswalk_or_marine_review|timezone_not_normalized_to_utc
5292379,1134097,2002,2002-04-13T22:05:00,2002-04-14T11:00:00,EST,12.916666666666666,50,,Z,011,RUTLAND,0,0,0,0,30000,,,0,,0,1,begin_coordinates_missing_or_invalid|damage_crops_missing|end_coordinates_missing_or_invalid|no_valid_location_points|requires_crosswalk_or_marine_review|timezone_not_normalized_to_utc
5292380,1134098,2002,2002-04-14T04:00:00,2002-04-14T11:00:00,EST,7.0,50,,Z,008,WASHINGTON,0,0,0,0,10000,,,0,,0,1,begin_coordinates_missing_or_invalid|damage_crops_missing|end_coordinates_missing_or_invalid|no_valid_location_points|requires_crosswalk_or_marine_review|timezone_not_normalized_to_utc
5292381,1134099,2002,2002-04-13T23:45:00,2002-04-14T11:00:00,EST,11.25,50,,Z,009,ADDISON,0,0,0,0,20000,,,0,,0,1,begin_coordinates_missing_or_invalid|damage_crops_missing|end_coordinates_missing_or_invalid|no_valid_location_points|requires_crosswalk_or_marine_review|timezone_not_normalized_to_utc
5292382,1134100,2002,2002-04-13T23:00:00,2002-04-14T11:00:00,EST,12.0,50,,Z,012,WINDSOR,0,0,0,0,50000,,,0,,0,1,begin_coordinates_missing_or_invalid|damage_crops_missing|end_coordinates_missing_or_invalid|no_valid_location_points|requires_crosswalk_or_marine_review|timezone_not_normalized_to_utc
5292383,1134101,2002,2002-04-14T04:00:00,2002-04-14T11:00:00,EST,7.0,36,,Z,035,EASTERN ESSEX,0,0,0,0,5000,,,0,,0,1,begin_coordinates_missing_or_invalid|damage_crops_missing|end_coordinates_missing_or_invalid|no_valid_location_points|requires_crosswalk_or_marine_review|timezone_not_normalized_to_utc
5292384,1134101,2002,2002-04-14T04:00:00,2002-04-14T11:00:00,EST,7.0,36,,Z,034,WESTERN ESSEX,0,0,0,0,5000,,,0,,0,1,begin_coordinates_missing_or_invalid|damage_crops_missing|end_coordinates_missing_or_invalid|no_valid_location_points|requires_crosswalk_or_marine_review|timezone_not_normalized_to_utc
5292391,1134104,2002,2002-04-14T11:00:00,2002-04-14T18:00:00,MST,7.0,16,,Z,011,WEST CENTRAL MOUNTAINS,0,0,0,0,,,,0,,0,1,begin_coordinates_missing_or_invalid|damage_crops_missing|damage_property_missing|end_coordinates_missing_or_invalid|no_valid_location_points|requires_crosswalk_or_marine_review|timezone_not_normalized_to_utc
5292396,1134105,2002,2002-04-14T17:00:00,2002-04-15T00:00:00,MST,7.0,16,,Z,011,WEST CENTRAL MOUNTAINS,0,0,0,0,,,,0,,0,1,begin_coordinates_missing_or_invalid|damage_crops_missing|damage_property_missing|end_coordinates_missing_or_invalid|no_valid_location_points|requires_crosswalk_or_marine_review|timezone_not_normalized_to_utc
5292435,1133794,2002,2002-04-19T13:05:00,2002-04-19T13:25:00,EST,0.3333333333333333,51,51121,C,121,MONTGOMERY,0,0,0,0,0,,,0,,0,1,begin_coordinates_missing_or_invalid|county_code_unverified|damage_crops_missing|end_coordinates_missing_or_invalid|no_valid_location_points|timezone_not_normalized_to_utc
5292437,1133932,2002,2002-04-22T16:30:00,2002-04-23T06:00:00,EST,13.5,54,,Z,055,HARDY,0,0,0,0,,,,0,,0,1,begin_coordinates_missing_or_invalid|damage_crops_missing|damage_property_missing|end_coordinates_missing_or_invalid|no_valid_location_points|requires_crosswalk_or_marine_review|timezone_not_normalized_to_utc
5292597,1133591,2002,2002-04-01T00:00:00,2002-04-02T22:00:00,CST,46.0,18,,Z,085,POSEY,0,0,0,0,,,,0,,0,1,begin_coordinates_missing_or_invalid|damage_crops_missing|damage_property_missing|end_coordinates_missing_or_invalid|no_valid_location_points|requires_crosswalk_or_marine_review|timezone_not_normalized_to_utc
5292598,1133591,2002,2002-04-01T00:00:00,2002-04-02T22:00:00,CST,46.0,18,,Z,088,SPENCER,0,0,0,0,,,,0,,0,1,begin_coordinates_missing_or_invalid|damage_crops_missing|damage_property_missing|end_coordinates_missing_or_invalid|no_valid_location_points|requires_crosswalk_or_marine_review|timezone_not_normalized_to_utc
5292599,1133591,2002,2002-04-01T00:00:00,2002-04-02T22:00:00,CST,46.0,18,,Z,087,WARRICK,0,0,0,0,,,,0,,0,1,begin_coordinates_missing_or_invalid|damage_crops_missing|damage_property_missing|end_coordinates_missing_or_invalid|no_valid_location_points|requires_crosswalk_or_marine_review|timezone_not_normalized_to_utc
5292600,1133592,2002,2002-04-01T00:00:00,2002-04-07T11:00:00,CST,155.0,21,,Z,004,BALLARD,0,0,0,0,,,,0,,0,1,begin_coordinates_missing_or_invalid|damage_crops_missing|damage_property_missing|end_coordinates_missing_or_invalid|no_valid_location_points|requires_crosswalk_or_marine_review|timezone_not_normalized_to_utc
5292689,1133370,2002,2002-05-11T06:00:00,2002-05-14T18:00:00,CST,84.0,19,,Z,034,CALHOUN,0,0,0,0,10000,,,0,,0,1,begin_coordinates_missing_or_invalid|damage_crops_missing|end_coordinates_missing_or_invalid|no_valid_location_points|requires_crosswalk_or_marine_review|timezone_not_normalized_to_utc
5292690,1133370,2002,2002-05-11T06:00:00,2002-05-14T18:00:00,CST,84.0,19,,Z,045,CARROLL,0,0,0,0,10000,,,0,,0,1,begin_coordinates_missing_or_invalid|damage_crops_missing|end_coordinates_missing_or_invalid|no_valid_location_points|requires_crosswalk_or_marine_review|timezone_not_normalized_to_utc
5292691,1133370,2002,2002-05-11T06:00:00,2002-05-14T18:00:00,CST,84.0,19,,Z,083,CLARKE,0,0,0,0,10000,,,0,,0,1,begin_coordinates_missing_or_invalid|damage_crops_missing|end_coordinates_missing_or_invalid|no_valid_location_points|requires_crosswalk_or_marine_review|timezone_not_normalized_to_utc
5292692,1133370,2002,2002-05-11T06:00:00,2002-05-14T18:00:00,CST,84.0,19,,Z,094,DECATUR,0,0,0,0,10000,,,0,,0,1,begin_coordinates_missing_or_invalid|damage_crops_missing|end_coordinates_missing_or_invalid|no_valid_location_points|requires_crosswalk_or_marine_review|timezone_not_normalized_to_utc
5292693,1133370,2002,2002-05-11T06:00:00,2002-05-14T18:00:00,CST,84.0,19,,Z,046,GREENE,0,0,0,0,10000,,,0,,0,1,begin_coordinates_missing_or_invalid|damage_crops_missing|end_coordinates_missing_or_invalid|no_valid_location_points|requires_crosswalk_or_marine_review|timezone_not_normalized_to_utc
5292694,1133370,2002,2002-05-11T06:00:00,2002-05-14T18:00:00,CST,84.0,19,,Z,084,LUCAS,0,0,0,0,10000,,,0,,0,1,begin_coordinates_missing_or_invalid|damage_crops_missing|end_coordinates_missing_or_invalid|no_valid_location_points|requires_crosswalk_or_marine_review|timezone_not_normalized_to_utc
5292695,1133370,2002,2002-05-11T06:00:00,2002-05-14T18:00:00,CST,84.0,19,,Z,075,MAHASKA,0,0,0,0,10000,,,0,,0,1,begin_coordinates_missing_or_invalid|damage_crops_missing|end_coordinates_missing_or_invalid|no_valid_location_points|requires_crosswalk_or_marine_review|timezone_not_normalized_to_utc
5292696,1133370,2002,2002-05-11T06:00:00,2002-05-14T18:00:00,CST,84.0,19,,Z,074,MARION,0,0,0,0,10000,,,0,,0,1,begin_coordinates_missing_or_invalid|damage_crops_missing|end_coordinates_missing_or_invalid|no_valid_location_points|requires_crosswalk_or_marine_review|timezone_not_normalized_to_utc
5292697,1133370,2002,2002-05-11T06:00:00,2002-05-14T18:00:00,CST,84.0,19,,Z,023,POCAHONTAS,0,0,0,0,10000,,,0,,0,1,begin_coordinates_missing_or_invalid|damage_crops_missing|end_coordinates_missing_or_invalid|no_valid_location_points|requires_crosswalk_or_marine_review|timezone_not_normalized_to_utc
5292698,1133592,2002,2002-04-01T00:00:00,2002-04-07T11:00:00,CST,155.0,21,,Z,010,CRITTENDEN,0,0,0,0,,,,0,,0,1,begin_coordinates_missing_or_invalid|damage_crops_missing|damage_property_missing|end_coordinates_missing_or_invalid|no_valid_location_points|requires_crosswalk_or_marine_review|timezone_not_normalized_to_utc
5292699,1133592,2002,2002-04-01T00:00:00,2002-04-07T11:00:00,CST,155.0,21,,Z,018,HENDERSON,0,0,0,0,,,,0,,0,1,begin_coordinates_missing_or_invalid|damage_crops_missing|damage_property_missing|end_coordinates_missing_or_invalid|no_valid_location_points|requires_crosswalk_or_marine_review|timezone_not_normalized_to_utc
5292700,1133592,2002,2002-04-01T00:00:00,2002-04-07T11:00:00,CST,155.0,21,,Z,007,LIVINGSTON,0,0,0,0,,,,0,,0,1,begin_coordinates_missing_or_invalid|damage_crops_missing|damage_property_missing|end_coordinates_missing_or_invalid|no_valid_location_points|requires_crosswalk_or_marine_review|timezone_not_normalized_to_utc
5292701,1133592,2002,2002-04-01T00:00:00,2002-04-07T11:00:00,CST,155.0,21,,Z,005,MCCRACKEN,0,0,0,0,,,,0,,0,1,begin_coordinates_missing_or_invalid|damage_crops_missing|damage_property_missing|end_coordinates_missing_or_invalid|no_valid_location_points|requires_crosswalk_or_marine_review|timezone_not_normalized_to_utc
5292702,1133592,2002,2002-04-01T00:00:00,2002-04-07T11:00:00,CST,155.0,21,,Z,014,UNION,0,0,0,0,,,,0,,0,1,begin_coordinates_missing_or_invalid|damage_crops_missing|damage_property_missing|end_coordinates_missing_or_invalid|no_valid_location_points|requires_crosswalk_or_marine_review|timezone_not_normalized_to_utc
5292703,1133593,2002,2002-04-01T00:00:00,2002-04-09T17:00:00,CST,209.0,17,,Z,092,ALEXANDER,0,0,0,0,,,,0,,0,1,begin_coordinates_missing_or_invalid|damage_crops_missing|damage_property_missing|end_coordinates_missing_or_invalid|no_valid_location_points|requires_crosswalk_or_marine_review|timezone_not_normalized_to_utc
5292704,1133593,2002,2002-04-01T00:00:00,2002-04-09T17:00:00,CST,209.0,17,,Z,087,GALLATIN,0,0,0,0,,,,0,,0,1,begin_coordinates_missing_or_invalid|damage_crops_missing|damage_property_missing|end_coordinates_missing_or_invalid|no_valid_location_points|requires_crosswalk_or_marine_review|timezone_not_normalized_to_utc
5292705,1133593,2002,2002-04-01T00:00:00,2002-04-09T17:00:00,CST,209.0,17,,Z,091,HARDIN,0,0,0,0,,,,0,,0,1,begin_coordinates_missing_or_invalid|damage_crops_missing|damage_property_missing|end_coordinates_missing_or_invalid|no_valid_location_points|requires_crosswalk_or_marine_review|timezone_not_normalized_to_utc
5292706,1133593,2002,2002-04-01T00:00:00,2002-04-09T17:00:00,CST,209.0,17,,Z,094,MASSAC,0,0,0,0,,,,0,,0,1,begin_coordinates_missing_or_invalid|damage_crops_missing|damage_property_missing|end_coordinates_missing_or_invalid|no_valid_location_points|requires_crosswalk_or_marine_review|timezone_not_normalized_to_utc
5292707,1133593,2002,2002-04-01T00:00:00,2002-04-09T17:00:00,CST,209.0,17,,Z,090,POPE,0,0,0,0,,,,0,,0,1,begin_coordinates_missing_or_invalid|damage_crops_missing|damage_property_missing|end_coordinates_missing_or_invalid|no_valid_location_points|requires_crosswalk_or_marine_review|timezone_not_normalized_to_utc
5292708,1133593,2002,2002-04-01T00:00:00,2002-04-09T17:00:00,CST,209.0,17,,Z,093,PULASKI,0,0,0,0,,,,0,,0,1,begin_coordinates_missing_or_invalid|damage_crops_missing|damage_property_missing|end_coordinates_missing_or_invalid|no_valid_location_points|requires_crosswalk_or_marine_review|timezone_not_normalized_to_utc
5292709,1133594,2002,2002-04-27T08:00:00,2002-04-30T23:59:00,CST,87.98333333333333,18,,Z,085,POSEY,0,0,0,0,,,,0,,0,1,begin_coordinates_missing_or_invalid|damage_crops_missing|damage_property_missing|end_coordinates_missing_or_invalid|no_valid_location_points|requires_crosswalk_or_marine_review|timezone_not_normalized_to_utc
5292710,1133594,2002,2002-04-27T08:00:00,2002-04-30T23:59:00,CST,87.98333333333333,18,,Z,088,SPENCER,0,0,0,0,,,,0,,0,1,begin_coordinates_missing_or_invalid|damage_crops_missing|damage_property_missing|end_coordinates_missing_or_invalid|no_valid_location_points|requires_crosswalk_or_marine_review|timezone_not_normalized_to_utc
5292711,1133594,2002,2002-04-27T08:00:00,2002-04-30T23:59:00,CST,87.98333333333333,18,,Z,087,WARRICK,0,0,0,0,,,,0,,0,1,begin_coordinates_missing_or_invalid|damage_crops_missing|damage_property_missing|end_coordinates_missing_or_invalid|no_valid_location_points|requires_crosswalk_or_marine_review|timezone_not_normalized_to_utc
5292712,1133595,2002,2002-04-26T09:00:00,2002-04-30T23:59:00,CST,110.98333333333333,21,,Z,014,UNION,0,0,0,0,,,,0,,0,1,begin_coordinates_missing_or_invalid|damage_crops_missing|damage_property_missing|end_coordinates_missing_or_invalid|no_valid_location_points|requires_crosswalk_or_marine_review|timezone_not_normalized_to_utc
5292713,1133596,2002,2002-04-24T14:00:00,2002-04-30T23:59:00,CST,153.98333333333332,17,,Z,092,ALEXANDER,0,0,0,0,,,,0,,0,1,begin_coordinates_missing_or_invalid|damage_crops_missing|damage_property_missing|end_coordinates_missing_or_invalid|no_valid_location_points|requires_crosswalk_or_marine_review|timezone_not_normalized_to_utc
5292714,1133596,2002,2002-04-24T14:00:00,2002-04-30T23:59:00,CST,153.98333333333332,17,,Z,087,GALLATIN,0,0,0,0,,,,0,,0,1,begin_coordinates_missing_or_invalid|damage_crops_missing|damage_property_missing|end_coordinates_missing_or_invalid|no_valid_location_points|requires_crosswalk_or_marine_review|timezone_not_normalized_to_utc
5292715,1133596,2002,2002-04-24T14:00:00,2002-04-30T23:59:00,CST,153.98333333333332,17,,Z,093,PULASKI,0,0,0,0,,,,0,,0,1,begin_coordinates_missing_or_invalid|damage_crops_missing|damage_property_missing|end_coordinates_missing_or_invalid|no_valid_location_points|requires_crosswalk_or_marine_review|timezone_not_normalized_to_utc
5292716,1133597,2002,2002-04-02T11:00:00,2002-04-05T18:00:00,CST,79.0,18,,Z,085,POSEY,0,0,0,0,,,,0,,0,1,begin_coordinates_missing_or_invalid|damage_crops_missing|damage_property_missing|end_coordinates_missing_or_invalid|no_valid_location_points|requires_crosswalk_or_marine_review|timezone_not_normalized_to_utc
5292717,1133598,2002,2002-04-18T19:00:00,2002-04-30T23:59:00,CST,292.98333333333335,18,,Z,085,POSEY,0,0,0,0,,,,0,,0,1,begin_coordinates_missing_or_invalid|damage_crops_missing|damage_property_missing|end_coordinates_missing_or_invalid|no_valid_location_points|requires_crosswalk_or_marine_review|timezone_not_normalized_to_utc
5292718,1133599,2002,2002-04-01T00:00:00,2002-04-05T02:00:00,CST,98.0,21,,Z,020,MCLEAN,0,0,0,0,,,,0,,0,1,begin_coordinates_missing_or_invalid|damage_crops_missing|damage_property_missing|end_coordinates_missing_or_invalid|no_valid_location_points|requires_crosswalk_or_marine_review|timezone_not_normalized_to_utc
5292719,1133599,2002,2002-04-01T00:00:00,2002-04-05T02:00:00,CST,98.0,21,,Z,021,MUHLENBERG,0,0,0,0,,,,0,,0,1,begin_coordinates_missing_or_invalid|damage_crops_missing|damage_property_missing|end_coordinates_missing_or_invalid|no_valid_location_points|requires_crosswalk_or_marine_review|timezone_not_normalized_to_utc
5292720,1133600,2002,2002-04-01T00:00:00,2002-04-06T21:00:00,CST,141.0,17,,Z,081,FRANKLIN,0,0,0,0,,,,0,,0,1,begin_coordinates_missing_or_invalid|damage_crops_missing|damage_property_missing|end_coordinates_missing_or_invalid|no_valid_location_points|requires_crosswalk_or_marine_review|timezone_not_normalized_to_utc
5292721,1133600,2002,2002-04-01T00:00:00,2002-04-06T21:00:00,CST,141.0,17,,Z,084,JACKSON,0,0,0,0,,,,0,,0,1,begin_coordinates_missing_or_invalid|damage_crops_missing|damage_property_missing|end_coordinates_missing_or_invalid|no_valid_location_points|requires_crosswalk_or_marine_review|timezone_not_normalized_to_utc
5292722,1133601,2002,2002-04-14T11:00:00,2002-04-30T23:59:00,CST,396.98333333333335,17,,Z,081,FRANKLIN,0,0,0,0,,,,0,,0,1,begin_coordinates_missing_or_invalid|damage_crops_missing|damage_property_missing|end_coordinates_missing_or_invalid|no_valid_location_points|requires_crosswalk_or_marine_review|timezone_not_normalized_to_utc
5292723,1133601,2002,2002-04-14T11:00:00,2002-04-30T23:59:00,CST,396.98333333333335,17,,Z,084,JACKSON,0,0,0,0,,,,0,,0,1,begin_coordinates_missing_or_invalid|damage_crops_missing|damage_property_missing|end_coordinates_missing_or_invalid|no_valid_location_points|requires_crosswalk_or_marine_review|timezone_not_normalized_to_utc
5292724,1133602,2002,2002-04-01T00:00:00,2002-04-04T19:00:00,CST,91.0,17,,Z,083,WHITE,0,0,0,0,,,,0,,0,1,begin_coordinates_missing_or_invalid|damage_crops_missing|damage_property_missing|end_coordinates_missing_or_invalid|no_valid_location_points|requires_crosswalk_or_marine_review|timezone_not_normalized_to_utc
5292725,1133603,2002,2002-04-19T04:00:00,2002-04-26T20:00:00,CST,184.0,18,,Z,081,GIBSON,0,0,0,0,,,,0,,0,1,begin_coordinates_missing_or_invalid|damage_crops_missing|damage_property_missing|end_coordinates_missing_or_invalid|no_valid_location_points|requires_crosswalk_or_marine_review|timezone_not_normalized_to_utc
5292726,1133604,2002,2002-04-28T00:30:00,2002-04-30T05:00:00,CST,52.5,18,,Z,081,GIBSON,0,0,0,0,,,,0,,0,1,begin_coordinates_missing_or_invalid|damage_crops_missing|damage_property_missing|end_coordinates_missing_or_invalid|no_valid_location_points|requires_crosswalk_or_marine_review|timezone_not_normalized_to_utc
5292758,1133849,2002,2002-04-14T03:00:00,2002-04-14T11:47:00,PST,8.783333333333333,53,,Z,025,EAST SLOPES SOUTHERN CASCADES,0,0,0,0,,,,0,,0,1,begin_coordinates_missing_or_invalid|damage_crops_missing|damage_property_missing|end_coordinates_missing_or_invalid|no_valid_location_points|requires_crosswalk_or_marine_review|timezone_not_normalized_to_utc
5292788,1133370,2002,2002-05-11T06:00:00,2002-05-14T18:00:00,CST,84.0,19,,Z,033,SAC,0,0,0,0,10000,,,0,,0,1,begin_coordinates_missing_or_invalid|damage_crops_missing|end_coordinates_missing_or_invalid|no_valid_location_points|requires_crosswalk_or_marine_review|timezone_not_normalized_to_utc
5292789,1133370,2002,2002-05-11T06:00:00,2002-05-14T18:00:00,CST,84.0,19,,Z,095,WAYNE,0,0,0,0,10000,,,0,,0,1,begin_coordinates_missing_or_invalid|damage_crops_missing|end_coordinates_missing_or_invalid|no_valid_location_points|requires_crosswalk_or_marine_review|timezone_not_normalized_to_utc
5292790,1133370,2002,2002-05-11T06:00:00,2002-05-14T18:00:00,CST,84.0,19,,Z,035,WEBSTER,0,0,0,0,10000,,,0,,0,1,begin_coordinates_missing_or_invalid|damage_crops_missing|end_coordinates_missing_or_invalid|no_valid_location_points|requires_crosswalk_or_marine_review|timezone_not_normalized_to_utc
5292826,1133616,2002,2002-04-06T16:00:00,2002-04-06T18:00:00,AST,2.0,99,,C,008,NORTHWEST,0,0,0,0,50000,,,0,,0,1,begin_coordinates_missing_or_invalid|damage_crops_missing|end_coordinates_missing_or_invalid|no_valid_location_points|requires_crosswalk_or_marine_review|timezone_not_normalized_to_utc
5292828,1133618,2002,2002-04-16T07:00:00,2002-04-16T09:00:00,AST,2.0,99,,C,002,NORTHEAST,0,0,0,0,,,,0,,0,1,begin_coordinates_missing_or_invalid|damage_crops_missing|damage_property_missing|end_coordinates_missing_or_invalid|no_valid_location_points|requires_crosswalk_or_marine_review|timezone_not_normalized_to_utc
5292831,1133621,2002,2002-04-25T13:00:00,2002-04-25T15:00:00,AST,2.0,99,,C,009,WESTERN INTERIOR,0,0,0,0,20000,,,0,,0,1,begin_coordinates_missing_or_invalid|damage_crops_missing|end_coordinates_missing_or_invalid|no_valid_location_points|requires_crosswalk_or_marine_review|timezone_not_normalized_to_utc
5292832,1133622,2002,2002-04-30T13:00:00,2002-04-30T13:00:00,AST,0.0,99,,C,001,SAN JUAN AND VICINITY,0,0,0,0,20000,,,0,,0,1,begin_coordinates_missing_or_invalid|damage_crops_missing|end_coordinates_missing_or_invalid|no_valid_location_points|requires_crosswalk_or_marine_review|timezone_not_normalized_to_utc
5293090,1134052,2002,2002-04-21T12:30:00,2002-04-21T14:30:00,EST,2.0,39,,Z,073,ROSS,0,0,0,0,,,,0,,0,1,begin_coordinates_missing_or_invalid|damage_crops_missing|damage_property_missing|end_coordinates_missing_or_invalid|no_valid_location_points|requires_crosswalk_or_marine_review|timezone_not_normalized_to_utc
5293091,1134052,2002,2002-04-21T14:08:00,2002-04-21T15:10:00,EST,1.0333333333333334,39,,Z,077,HAMILTON,0,0,0,0,,,,0,,0,1,begin_coordinates_missing_or_invalid|damage_crops_missing|damage_property_missing|end_coordinates_missing_or_invalid|no_valid_location_points|requires_crosswalk_or_marine_review|timezone_not_normalized_to_utc
5293170,1134052,2002,2002-04-21T14:11:00,2002-04-21T15:45:00,EST,1.5666666666666667,39,,Z,078,CLERMONT,0,0,0,0,,,,0,,0,1,begin_coordinates_missing_or_invalid|damage_crops_missing|damage_property_missing|end_coordinates_missing_or_invalid|no_valid_location_points|requires_crosswalk_or_marine_review|timezone_not_normalized_to_utc
5293171,1134052,2002,2002-04-21T16:45:00,2002-04-21T17:30:00,EST,0.75,39,,Z,081,ADAMS,0,0,0,0,,,,0,,0,1,begin_coordinates_missing_or_invalid|damage_crops_missing|damage_property_missing|end_coordinates_missing_or_invalid|no_valid_location_points|requires_crosswalk_or_marine_review|timezone_not_normalized_to_utc
5293172,1134052,2002,2002-04-21T19:00:00,2002-04-21T20:30:00,EST,1.5,39,,Z,082,PIKE,0,0,0,0,,,,0,,0,1,begin_coordinates_missing_or_invalid|damage_crops_missing|damage_property_missing|end_coordinates_missing_or_invalid|no_valid_location_points|requires_crosswalk_or_marine_review|timezone_not_normalized_to_utc
5293173,1134053,2002,2002-04-21T13:00:00,2002-04-21T15:00:00,EST,2.0,18,,Z,074,DEARBORN,0,0,0,0,,,,0,,0,1,begin_coordinates_missing_or_invalid|damage_crops_missing|damage_property_missing|end_coordinates_missing_or_invalid|no_valid_location_points|requires_crosswalk_or_marine_review|timezone_not_normalized_to_utc
5293174,1134053,2002,2002-04-21T18:00:00,2002-04-21T18:40:00,EST,0.6666666666666666,18,,Z,080,SWITZERLAND,0,0,0,0,,,,0,,0,1,begin_coordinates_missing_or_invalid|damage_crops_missing|damage_property_missing|end_coordinates_missing_or_invalid|no_valid_location_points|requires_crosswalk_or_marine_review|timezone_not_normalized_to_utc
5293175,1134054,2002,2002-04-21T13:15:00,2002-04-21T14:45:00,EST,1.5,21,,Z,092,KENTON,0,0,0,0,,,,0,,0,1,begin_coordinates_missing_or_invalid|damage_crops_missing|damage_property_missing|end_coordinates_missing_or_invalid|no_valid_location_points|requires_crosswalk_or_marine_review|timezone_not_normalized_to_utc
5293176,1134054,2002,2002-04-21T13:30:00,2002-04-21T15:00:00,EST,1.5,21,,Z,093,CAMPBELL,0,0,0,0,,,,0,,0,1,begin_coordinates_missing_or_invalid|damage_crops_missing|damage_property_missing|end_coordinates_missing_or_invalid|no_valid_location_points|requires_crosswalk_or_marine_review|timezone_not_normalized_to_utc
5293177,1134054,2002,2002-04-21T13:30:00,2002-04-21T15:00:00,EST,1.5,21,,Z,091,BOONE,0,0,0,0,,,,0,,0,1,begin_coordinates_missing_or_invalid|damage_crops_missing|damage_property_missing|end_coordinates_missing_or_invalid|no_valid_location_points|requires_crosswalk_or_marine_review|timezone_not_normalized_to_utc
5293191,1134055,2002,2002-04-28T04:00:00,2002-04-28T06:00:00,EST,2.0,39,,Z,080,HIGHLAND,0,0,0,0,,,,0,,0,1,begin_coordinates_missing_or_invalid|damage_crops_missing|damage_property_missing|end_coordinates_missing_or_invalid|no_valid_location_points|requires_crosswalk_or_marine_review|timezone_not_normalized_to_utc
5293192,1134055,2002,2002-04-28T04:15:00,2002-04-28T06:30:00,EST,2.25,39,,Z,082,PIKE,0,0,0,0,,,,0,,0,1,begin_coordinates_missing_or_invalid|damage_crops_missing|damage_property_missing|end_coordinates_missing_or_invalid|no_valid_location_points|requires_crosswalk_or_marine_review|timezone_not_normalized_to_utc
5293193,1134055,2002,2002-04-28T03:55:00,2002-04-28T06:00:00,EST,2.0833333333333335,39,,Z,079,BROWN,0,0,0,0,,,,0,,0,1,begin_coordinates_missing_or_invalid|damage_crops_missing|damage_property_missing|end_coordinates_missing_or_invalid|no_valid_location_points|requires_crosswalk_or_marine_review|timezone_not_normalized_to_utc
5293204,1133443,2002,2002-04-21T06:00:00,2002-04-22T01:00:00,CST,19.0,29,,Z,040,HOWARD,0,0,0,0,,,,0,,0,1,begin_coordinates_missing_or_invalid|damage_crops_missing|damage_property_missing|end_coordinates_missing_or_invalid|no_valid_location_points|requires_crosswalk_or_marine_review|timezone_not_normalized_to_utc
5293205,1133443,2002,2002-04-21T06:00:00,2002-04-22T06:00:00,CST,24.0,29,,Z,031,CARROLL,0,0,0,0,,,,0,,0,1,begin_coordinates_missing_or_invalid|damage_crops_missing|damage_property_missing|end_coordinates_missing_or_invalid|no_valid_location_points|requires_crosswalk_or_marine_review|timezone_not_normalized_to_utc
5293206,1133444,2002,2002-04-28T04:00:00,2002-04-29T02:00:00,CST,22.0,29,,Z,032,CHARITON,0,0,0,0,,,,0,,0,1,begin_coordinates_missing_or_invalid|damage_crops_missing|damage_property_missing|end_coordinates_missing_or_invalid|no_valid_location_points|requires_crosswalk_or_marine_review|timezone_not_normalized_to_utc
5293207,1133444,2002,2002-04-28T04:00:00,2002-04-28T22:00:00,CST,18.0,29,,Z,039,SALINE,0,0,0,0,,,,0,,0,1,begin_coordinates_missing_or_invalid|damage_crops_missing|damage_property_missing|end_coordinates_missing_or_invalid|no_valid_location_points|requires_crosswalk_or_marine_review|timezone_not_normalized_to_utc
5293208,1133444,2002,2002-04-28T02:00:00,2002-04-28T13:00:00,CST,11.0,29,,Z,054,HENRY,0,0,0,0,,,,0,,0,1,begin_coordinates_missing_or_invalid|damage_crops_missing|damage_property_missing|end_coordinates_missing_or_invalid|no_valid_location_points|requires_crosswalk_or_marine_review|timezone_not_normalized_to_utc
5293209,1133444,2002,2002-04-28T02:00:00,2002-04-29T04:00:00,CST,26.0,29,,Z,054,HENRY,0,0,0,0,,,,0,,0,1,begin_coordinates_missing_or_invalid|damage_crops_missing|damage_property_missing|end_coordinates_missing_or_invalid|no_valid_location_points|requires_crosswalk_or_marine_review|timezone_not_normalized_to_utc
5293268,1133920,2002,2002-04-17T12:45:00,2002-04-17T13:45:00,EST,1.0,37,37023,C,023,BURKE,0,0,0,0,2000,,,0,,0,1,begin_coordinates_missing_or_invalid|county_code_unverified|damage_crops_missing|end_coordinates_missing_or_invalid|no_valid_location_points|timezone_not_normalized_to_utc
5293269,1134055,2002,2002-04-28T05:14:00,2002-04-28T06:20:00,EST,1.1,39,,Z,078,CLERMONT,0,0,0,0,,,,0,,0,1,begin_coordinates_missing_or_invalid|damage_crops_missing|damage_property_missing|end_coordinates_missing_or_invalid|no_valid_location_points|requires_crosswalk_or_marine_review|timezone_not_normalized_to_utc
5293270,1134055,2002,2002-04-28T05:00:00,2002-04-28T07:00:00,EST,2.0,39,,Z,081,ADAMS,0,0,0,0,,,,0,,0,1,begin_coordinates_missing_or_invalid|damage_crops_missing|damage_property_missing|end_coordinates_missing_or_invalid|no_valid_location_points|requires_crosswalk_or_marine_review|timezone_not_normalized_to_utc
5293271,1134056,2002,2002-04-28T02:45:00,2002-04-28T05:00:00,EST,2.25,18,,Z,073,RIPLEY,0,0,0,0,,,,0,,0,1,begin_coordinates_missing_or_invalid|damage_crops_missing|damage_property_missing|end_coordinates_missing_or_invalid|no_valid_location_points|requires_crosswalk_or_marine_review|timezone_not_normalized_to_utc
5293272,1134056,2002,2002-04-28T03:18:00,2002-04-28T05:00:00,EST,1.7,18,,Z,080,SWITZERLAND,0,0,0,0,,,,0,,0,1,begin_coordinates_missing_or_invalid|damage_crops_missing|damage_property_missing|end_coordinates_missing_or_invalid|no_valid_location_points|requires_crosswalk_or_marine_review|timezone_not_normalized_to_utc
5293273,1134057,2002,2002-04-28T04:25:00,2002-04-28T06:15:00,EST,1.8333333333333333,21,,Z,091,BOONE,0,0,0,0,,,,0,,0,1,begin_coordinates_missing_or_invalid|damage_crops_missing|damage_property_missing|end_coordinates_missing_or_invalid|no_valid_location_points|requires_crosswalk_or_marine_review|timezone_not_normalized_to_utc
5293274,1134057,2002,2002-04-28T04:30:00,2002-04-28T06:15:00,EST,1.75,21,,Z,092,KENTON,0,0,0,0,,,,0,,0,1,begin_coordinates_missing_or_invalid|damage_crops_missing|damage_property_missing|end_coordinates_missing_or_invalid|no_valid_location_points|requires_crosswalk_or_marine_review|timezone_not_normalized_to_utc
5293308,1133452,2002,2002-04-14T06:00:00,2002-04-20T21:15:00,EST,159.25,33,,Z,002,SOUTHERN COOS,0,0,0,0,,,,0,,0,1,begin_coordinates_missing_or_invalid|damage_crops_missing|damage_property_missing|end_coordinates_missing_or_invalid|no_valid_location_points|requires_crosswalk_or_marine_review|timezone_not_normalized_to_utc
5293309,1133452,2002,2002-04-13T20:30:00,2002-04-18T04:30:00,EST,104.0,33,,Z,003,NORTHERN GRAFTON,0,0,0,0,,,,0,,0,1,begin_coordinates_missing_or_invalid|damage_crops_missing|damage_property_missing|end_coordinates_missing_or_invalid|no_valid_location_points|requires_crosswalk_or_marine_review|timezone_not_normalized_to_utc
5293310,1133452,2002,2002-04-14T03:00:00,2002-04-14T18:45:00,EST,15.75,33,,Z,004,NORTHERN CARROLL,0,0,0,0,,,,0,,0,1,begin_coordinates_missing_or_invalid|damage_crops_missing|damage_property_missing|end_coordinates_missing_or_invalid|no_valid_location_points|requires_crosswalk_or_marine_review|timezone_not_normalized_to_utc
5293311,1133452,2002,2002-04-14T00:00:00,2002-04-16T13:45:00,EST,61.75,33,,Z,005,SOUTHERN GRAFTON,0,0,0,0,,,,0,,0,1,begin_coordinates_missing_or_invalid|damage_crops_missing|damage_property_missing|end_coordinates_missing_or_invalid|no_valid_location_points|requires_crosswalk_or_marine_review|timezone_not_normalized_to_utc
5293533,1134073,2002,2002-04-12T23:00:00,2002-04-13T15:36:00,CST,16.6,55,,Z,030,MARATHON,0,0,0,0,,,,0,,0,1,begin_coordinates_missing_or_invalid|damage_crops_missing|damage_property_missing|end_coordinates_missing_or_invalid|no_valid_location_points|requires_crosswalk_or_marine_review|timezone_not_normalized_to_utc
5293534,1134073,2002,2002-04-12T14:00:00,2002-04-15T10:00:00,CST,68.0,55,,Z,018,LINCOLN,0,0,0,0,,,,0,,0,1,begin_coordinates_missing_or_invalid|damage_crops_missing|damage_property_missing|end_coordinates_missing_or_invalid|no_valid_location_points|requires_crosswalk_or_marine_review|timezone_not_normalized_to_utc
5293535,1134073,2002,2002-04-10T19:31:00,2002-04-11T19:33:00,CST,24.033333333333335,55,,Z,018,LINCOLN,0,0,0,0,,,,0,,0,1,begin_coordinates_missing_or_invalid|damage_crops_missing|damage_property_missing|end_coordinates_missing_or_invalid|no_valid_location_points|requires_crosswalk_or_marine_review|timezone_not_normalized_to_utc
5293583,1133718,2002,2002-04-08T00:30:00,2002-04-08T21:00:00,CST,20.5,29,,Z,096,DOUGLAS,0,0,0,0,0,,,0,,0,1,begin_coordinates_missing_or_invalid|damage_crops_missing|end_coordinates_missing_or_invalid|no_valid_location_points|requires_crosswalk_or_marine_review|timezone_not_normalized_to_utc
5293584,1133718,2002,2002-04-08T00:30:00,2002-04-08T21:00:00,CST,20.5,29,,Z,097,HOWELL,0,0,0,0,0,,,0,,0,1,begin_coordinates_missing_or_invalid|damage_crops_missing|end_coordinates_missing_or_invalid|no_valid_location_points|requires_crosswalk_or_marine_review|timezone_not_normalized_to_utc
5293585,1133718,2002,2002-04-08T00:30:00,2002-04-08T21:00:00,CST,20.5,29,,Z,105,OZARK,0,0,0,0,0,,,0,,0,1,begin_coordinates_missing_or_invalid|damage_crops_missing|end_coordinates_missing_or_invalid|no_valid_location_points|requires_crosswalk_or_marine_review|timezone_not_normalized_to_utc
5293586,1133718,2002,2002-04-08T03:00:00,2002-04-08T09:00:00,CST,6.0,29,,Z,098,SHANNON,0,0,0,0,0,,,0,,0,1,begin_coordinates_missing_or_invalid|damage_crops_missing|end_coordinates_missing_or_invalid|no_valid_location_points|requires_crosswalk_or_marine_review|timezone_not_normalized_to_utc
5293587,1133718,2002,2002-04-08T00:30:00,2002-04-08T12:00:00,CST,11.5,29,,Z,104,TANEY,0,0,0,0,0,,,0,,0,1,begin_coordinates_missing_or_invalid|damage_crops_missing|end_coordinates_missing_or_invalid|no_valid_location_points|requires_crosswalk_or_marine_review|timezone_not_normalized_to_utc
5293639,1134075,2002,2002-04-18T21:00:00,2002-04-19T01:00:00,CST,4.0,55,55075,C,075,MARINETTE,0,0,0,0,,,,0,,0,1,begin_coordinates_missing_or_invalid|county_code_unverified|damage_crops_missing|damage_property_missing|end_coordinates_missing_or_invalid|no_valid_location_points|timezone_not_normalized_to_utc
5293648,1134075,2002,2002-04-18T20:50:00,2002-04-19T00:50:00,CST,4.0,55,55085,C,085,ONEIDA,0,0,0,0,16200.0,,,0,,0,1,begin_coordinates_missing_or_invalid|county_code_unverified|damage_crops_missing|end_coordinates_missing_or_invalid|no_valid_location_points|timezone_not_normalized_to_utc
5293679,1133722,2002,2002-04-14T00:00:00,2002-04-14T08:30:00,CST,8.5,29,,Z,097,HOWELL,0,0,0,0,0,,,0,,0,1,begin_coordinates_missing_or_invalid|damage_crops_missing|end_coordinates_missing_or_invalid|no_valid_location_points|requires_crosswalk_or_marine_review|timezone_not_normalized_to_utc
5293680,1133722,2002,2002-04-14T00:00:00,2002-04-14T21:00:00,CST,21.0,29,,Z,106,OREGON,0,0,0,0,0,,,0,,0,1,begin_coordinates_missing_or_invalid|damage_crops_missing|end_coordinates_missing_or_invalid|no_valid_location_points|requires_crosswalk_or_marine_review|timezone_not_normalized_to_utc
5293709,1133747,2002,2002-04-19T23:00:00,2002-04-21T12:00:00,CST,37.0,29,,Z,069,CAMDEN,0,0,0,0,0,,,0,,0,1,begin_coordinates_missing_or_invalid|damage_crops_missing|end_coordinates_missing_or_invalid|no_valid_location_points|requires_crosswalk_or_marine_review|timezone_not_normalized_to_utc
5293710,1133747,2002,2002-04-19T23:00:00,2002-04-21T00:00:00,CST,25.0,29,,Z,058,MARIES,0,0,0,0,0,,,0,,0,1,begin_coordinates_missing_or_invalid|damage_crops_missing|end_coordinates_missing_or_invalid|no_valid_location_points|requires_crosswalk_or_marine_review|timezone_not_normalized_to_utc
5293711,1133747,2002,2002-04-19T23:00:00,2002-04-21T12:00:00,CST,37.0,29,,Z,057,MILLER,0,0,0,0,0,,,0,,0,1,begin_coordinates_missing_or_invalid|damage_crops_missing|end_coordinates_missing_or_invalid|no_valid_location_points|requires_crosswalk_or_marine_review|timezone_not_normalized_to_utc
5293712,1133747,2002,2002-04-19T23:00:00,2002-04-21T00:00:00,CST,25.0,29,,Z,071,PHELPS,0,0,0,0,100000,,,0,,0,1,begin_coordinates_missing_or_invalid|damage_crops_missing|end_coordinates_missing_or_invalid|no_valid_location_points|requires_crosswalk_or_marine_review|timezone_not_normalized_to_utc
5293713,1133747,2002,2002-04-19T23:00:00,2002-04-21T06:00:00,CST,31.0,29,,Z,070,PULASKI,0,0,0,0,100000,,,0,,0,1,begin_coordinates_missing_or_invalid|damage_crops_missing|end_coordinates_missing_or_invalid|no_valid_location_points|requires_crosswalk_or_marine_review|timezone_not_normalized_to_utc
5293802,1135394,2002,2002-05-08T10:00:00,2002-05-12T07:00:00,CST,93.0,40,,Z,058,OTTAWA,0,0,0,0,,,,0,,0,1,begin_coordinates_missing_or_invalid|damage_crops_missing|damage_property_missing|end_coordinates_missing_or_invalid|no_valid_location_points|requires_crosswalk_or_marine_review|timezone_not_normalized_to_utc
5293803,1135395,2002,2002-05-18T00:00:00,2002-05-18T09:00:00,CST,9.0,40,,Z,058,OTTAWA,0,0,0,0,,,,0,,0,1,begin_coordinates_missing_or_invalid|damage_crops_missing|damage_property_missing|end_coordinates_missing_or_invalid|no_valid_location_points|requires_crosswalk_or_marine_review|timezone_not_normalized_to_utc
5293804,1135396,2002,2002-05-24T21:00:00,2002-05-29T01:00:00,CST,100.0,40,,Z,058,OTTAWA,0,0,0,0,,,,0,,0,1,begin_coordinates_missing_or_invalid|damage_crops_missing|damage_property_missing|end_coordinates_missing_or_invalid|no_valid_location_points|requires_crosswalk_or_marine_review|timezone_not_normalized_to_utc
5293836,1135221,2002,2002-05-08T18:00:00,2002-05-17T18:00:00,CST,216.0,29,,Z,046,COOPER,0,0,0,0,,,,0,,0,1,begin_coordinates_missing_or_invalid|damage_crops_missing|damage_property_missing|end_coordinates_missing_or_invalid|no_valid_location_points|requires_crosswalk_or_marine_review|timezone_not_normalized_to_utc
5293837,1135222,2002,2002-05-11T06:00:00,2002-05-14T06:00:00,CST,72.0,29,,Z,031,CARROLL,0,0,0,0,,,,0,,0,1,begin_coordinates_missing_or_invalid|damage_crops_missing|damage_property_missing|end_coordinates_missing_or_invalid|no_valid_location_points|requires_crosswalk_or_marine_review|timezone_not_normalized_to_utc
5293838,1135222,2002,2002-05-11T04:00:00,2002-05-12T06:00:00,CST,26.0,29,,Z,014,DAVIESS,0,0,0,0,,,,0,,0,1,begin_coordinates_missing_or_invalid|damage_crops_missing|damage_property_missing|end_coordinates_missing_or_invalid|no_valid_location_points|requires_crosswalk_or_marine_review|timezone_not_normalized_to_utc
5293839,1135222,2002,2002-05-11T06:00:00,2002-05-14T06:00:00,CST,72.0,29,,Z,023,LIVINGSTON,0,0,0,0,40000,,,0,,0,1,begin_coordinates_missing_or_invalid|damage_crops_missing|end_coordinates_missing_or_invalid|no_valid_location_points|requires_crosswalk_or_marine_review|timezone_not_normalized_to_utc
5293840,1135222,2002,2002-05-11T08:00:00,2002-05-17T08:00:00,CST,144.0,29,,Z,032,CHARITON,0,0,0,0,,,,0,,0,1,begin_coordinates_missing_or_invalid|damage_crops_missing|damage_property_missing|end_coordinates_missing_or_invalid|no_valid_location_points|requires_crosswalk_or_marine_review|timezone_not_normalized_to_utc
5293841,1135222,2002,2002-05-12T06:00:00,2002-05-17T15:00:00,CST,129.0,29,,Z,032,CHARITON,0,0,0,0,,,,0,,0,1,begin_coordinates_missing_or_invalid|damage_crops_missing|damage_property_missing|end_coordinates_missing_or_invalid|no_valid_location_points|requires_crosswalk_or_marine_review|timezone_not_normalized_to_utc
5293842,1135222,2002,2002-05-12T06:00:00,2002-05-12T10:00:00,CST,4.0,29,,Z,037,JACKSON,0,0,0,0,,,,0,,0,1,begin_coordinates_missing_or_invalid|damage_crops_missing|damage_property_missing|end_coordinates_missing_or_invalid|no_valid_location_points|requires_crosswalk_or_marine_review|timezone_not_normalized_to_utc
5293843,1135222,2002,2002-05-12T12:00:00,2002-05-13T12:00:00,CST,24.0,29,,Z,046,COOPER,0,0,0,0,,,,0,,0,1,begin_coordinates_missing_or_invalid|damage_crops_missing|damage_property_missing|end_coordinates_missing_or_invalid|no_valid_location_points|requires_crosswalk_or_marine_review|timezone_not_normalized_to_utc
5293844,1135222,2002,2002-05-11T18:00:00,2002-05-13T18:00:00,CST,48.0,29,,Z,017,ADAIR,0,0,0,0,,,,0,,0,1,begin_coordinates_missing_or_invalid|damage_crops_missing|damage_property_missing|end_coordinates_missing_or_invalid|no_valid_location_points|requires_crosswalk_or_marine_review|timezone_not_normalized_to_utc
5293845,1135222,2002,2002-05-11T20:00:00,2002-05-15T04:00:00,CST,80.0,29,,Z,032,CHARITON,0,0,0,0,,,,0,,0,1,begin_coordinates_missing_or_invalid|damage_crops_missing|damage_property_missing|end_coordinates_missing_or_invalid|no_valid_location_points|requires_crosswalk_or_marine_review|timezone_not_normalized_to_utc
5293846,1135222,2002,2002-05-12T04:00:00,2002-05-12T09:00:00,CST,5.0,29,,Z,029,CLAY,0,0,0,0,,,,0,,0,1,begin_coordinates_missing_or_invalid|damage_crops_missing|damage_property_missing|end_coordinates_missing_or_invalid|no_valid_location_points|requires_crosswalk_or_marine_review|timezone_not_normalized_to_utc
5293847,1135222,2002,2002-05-12T06:00:00,2002-05-13T06:00:00,CST,24.0,29,,Z,030,RAY,0,0,0,0,,,,0,,0,1,begin_coordinates_missing_or_invalid|damage_crops_missing|damage_property_missing|end_coordinates_missing_or_invalid|no_valid_location_points|requires_crosswalk_or_marine_review|timezone_not_normalized_to_utc
5293848,1135222,2002,2002-05-11T12:00:00,2002-05-13T12:00:00,CST,48.0,29,,Z,020,BUCHANAN,0,0,0,0,,,,0,,0,1,begin_coordinates_missing_or_invalid|damage_crops_missing|damage_property_missing|end_coordinates_missing_or_invalid|no_valid_location_points|requires_crosswalk_or_marine_review|timezone_not_normalized_to_utc
5293849,1135222,2002,2002-05-12T06:00:00,2002-05-14T06:00:00,CST,48.0,29,,Z,028,PLATTE,0,0,0,0,,,,0,,0,1,begin_coordinates_missing_or_invalid|damage_crops_missing|damage_property_missing|end_coordinates_missing_or_invalid|no_valid_location_points|requires_crosswalk_or_marine_review|timezone_not_normalized_to_utc
5293850,1135222,2002,2002-05-12T10:00:00,2002-05-14T13:00:00,CST,51.0,29,,Z,028,PLATTE,0,0,0,0,,,,0,,0,1,begin_coordinates_missing_or_invalid|damage_crops_missing|damage_property_missing|end_coordinates_missing_or_invalid|no_valid_location_points|requires_crosswalk_or_marine_review|timezone_not_normalized_to_utc
5293851,1135222,2002,2002-05-13T06:00:00,2002-05-15T06:00:00,CST,48.0,29,,Z,039,SALINE,0,0,0,0,,,,0,,0,1,begin_coordinates_missing_or_invalid|damage_crops_missing|damage_property_missing|end_coordinates_missing_or_invalid|no_valid_location_points|requires_crosswalk_or_marine_review|timezone_not_normalized_to_utc
5293852,1135222,2002,2002-05-12T12:00:00,2002-05-16T06:00:00,CST,90.0,29,,Z,040,HOWARD,0,0,0,0,,,,0,,0,1,begin_coordinates_missing_or_invalid|damage_crops_missing|damage_property_missing|end_coordinates_missing_or_invalid|no_valid_location_points|requires_crosswalk_or_marine_review|timezone_not_normalized_to_utc
5293853,1135223,2002,2002-05-24T22:00:00,2002-05-27T06:00:00,CST,56.0,29,,Z,054,HENRY,0,0,0,0,,,,0,,0,1,begin_coordinates_missing_or_invalid|damage_crops_missing|damage_property_missing|end_coordinates_missing_or_invalid|no_valid_location_points|requires_crosswalk_or_marine_review|timezone_not_normalized_to_utc
5293854,1135223,2002,2002-05-26T02:00:00,2002-05-28T06:00:00,CST,52.0,29,,Z,039,SALINE,0,0,0,0,,,,0,,0,1,begin_coordinates_missing_or_invalid|damage_crops_missing|damage_property_missing|end_coordinates_missing_or_invalid|no_valid_location_points|requires_crosswalk_or_marine_review|timezone_not_normalized_to_utc
5293855,1135223,2002,2002-05-25T12:00:00,2002-05-26T07:00:00,CST,19.0,29,,Z,044,JOHNSON,0,0,0,0,,,,0,,0,1,begin_coordinates_missing_or_invalid|damage_crops_missing|damage_property_missing|end_coordinates_missing_or_invalid|no_valid_location_points|requires_crosswalk_or_marine_review|timezone_not_normalized_to_utc
5293856,1135223,2002,2002-05-25T15:00:00,2002-05-26T15:00:00,CST,24.0,29,,Z,054,HENRY,0,0,0,0,,,,0,,0,1,begin_coordinates_missing_or_invalid|damage_crops_missing|damage_property_missing|end_coordinates_missing_or_invalid|no_valid_location_points|requires_crosswalk_or_marine_review|timezone_not_normalized_to_utc
5293880,1135397,2002,2002-05-08T14:00:00,2002-05-11T08:00:00,CST,66.0,40,,Z,058,OTTAWA,0,0,0,0,,,,0,,0,1,begin_coordinates_missing_or_invalid|damage_crops_missing|damage_property_missing|end_coordinates_missing_or_invalid|no_valid_location_points|requires_crosswalk_or_marine_review|timezone_not_normalized_to_utc
5293881,1135398,2002,2002-05-29T15:00:00,2002-05-30T14:00:00,CST,23.0,40,,Z,076,LE FLORE,0,0,0,0,,,,0,,0,1,begin_coordinates_missing_or_invalid|damage_crops_missing|damage_property_missing|end_coordinates_missing_or_invalid|no_valid_location_points|requires_crosswalk_or_marine_review|timezone_not_normalized_to_utc
5293882,1135399,2002,2002-05-17T09:00:00,2002-05-18T10:00:00,CST,25.0,40,,Z,064,CREEK,0,0,0,0,,,,0,,0,1,begin_coordinates_missing_or_invalid|damage_crops_missing|damage_property_missing|end_coordinates_missing_or_invalid|no_valid_location_points|requires_crosswalk_or_marine_review|timezone_not_normalized_to_utc
5293888,1135403,2002,2002-05-02T13:30:00,2002-05-02T15:30:00,AST,2.0,99,,C,010,MAYAGUEZ AND VICINITY,0,0,0,0,10000,,,0,,0,1,begin_coordinates_missing_or_invalid|damage_crops_missing|end_coordinates_missing_or_invalid|no_valid_location_points|requires_crosswalk_or_marine_review|timezone_not_normalized_to_utc
5293944,1135223,2002,2002-05-25T01:00:00,2002-05-25T23:00:00,CST,22.0,29,,Z,031,CARROLL,0,0,0,0,,,,0,,0,1,begin_coordinates_missing_or_invalid|damage_crops_missing|damage_property_missing|end_coordinates_missing_or_invalid|no_valid_location_points|requires_crosswalk_or_marine_review|timezone_not_normalized_to_utc
5294216,1135316,2002,2002-06-30T14:00:00,2002-06-30T23:55:00,CST,9.916666666666666,48,,Z,190,BLANCO,0,0,0,0,,,,0,,0,1,begin_coordinates_missing_or_invalid|damage_crops_missing|damage_property_missing|end_coordinates_missing_or_invalid|no_valid_location_points|requires_crosswalk_or_marine_review|timezone_not_normalized_to_utc
5294510,1135276,2002,2002-06-01T00:01:00,2002-06-02T14:00:00,CST,37.983333333333334,17,,Z,092,ALEXANDER,0,0,0,0,,,,0,,0,1,begin_coordinates_missing_or_invalid|damage_crops_missing|damage_property_missing|end_coordinates_missing_or_invalid|no_valid_location_points|requires_crosswalk_or_marine_review|timezone_not_normalized_to_utc
5294511,1135276,2002,2002-06-01T00:01:00,2002-06-02T14:00:00,CST,37.983333333333334,17,,Z,093,PULASKI,0,0,0,0,,,,0,,0,1,begin_coordinates_missing_or_invalid|damage_crops_missing|damage_property_missing|end_coordinates_missing_or_invalid|no_valid_location_points|requires_crosswalk_or_marine_review|timezone_not_normalized_to_utc
5294512,1135277,2002,2002-06-01T00:01:00,2002-06-01T18:00:00,CST,17.983333333333334,29,,Z,087,CAPE GIRARDEAU,0,0,0,0,,,,0,,0,1,begin_coordinates_missing_or_invalid|damage_crops_missing|damage_property_missing|end_coordinates_missing_or_invalid|no_valid_location_points|requires_crosswalk_or_marine_review|timezone_not_normalized_to_utc
5294513,1135277,2002,2002-06-01T00:01:00,2002-06-01T18:00:00,CST,17.983333333333334,29,,Z,112,MISSISSIPPI,0,0,0,0,,,,0,,0,1,begin_coordinates_missing_or_invalid|damage_crops_missing|damage_property_missing|end_coordinates_missing_or_invalid|no_valid_location_points|requires_crosswalk_or_marine_review|timezone_not_normalized_to_utc
5294514,1135277,2002,2002-06-01T00:01:00,2002-06-01T18:00:00,CST,17.983333333333334,29,,Z,114,NEW MADRID,0,0,0,0,,,,0,,0,1,begin_coordinates_missing_or_invalid|damage_crops_missing|damage_property_missing|end_coordinates_missing_or_invalid|no_valid_location_points|requires_crosswalk_or_marine_review|timezone_not_normalized_to_utc
5294515,1135277,2002,2002-06-01T00:01:00,2002-06-01T18:00:00,CST,17.983333333333334,29,,Z,076,PERRY,0,0,0,0,,,,0,,0,1,begin_coordinates_missing_or_invalid|damage_crops_missing|damage_property_missing|end_coordinates_missing_or_invalid|no_valid_location_points|requires_crosswalk_or_marine_review|timezone_not_normalized_to_utc
5294516,1135277,2002,2002-06-01T00:01:00,2002-06-01T18:00:00,CST,17.983333333333334,29,,Z,111,SCOTT,0,0,0,0,,,,0,,0,1,begin_coordinates_missing_or_invalid|damage_crops_missing|damage_property_missing|end_coordinates_missing_or_invalid|no_valid_location_points|requires_crosswalk_or_marine_review|timezone_not_normalized_to_utc
5294517,1135278,2002,2002-06-01T00:01:00,2002-06-03T09:00:00,CST,56.983333333333334,17,,Z,084,JACKSON,0,0,0,0,,,,0,,0,1,begin_coordinates_missing_or_invalid|damage_crops_missing|damage_property_missing|end_coordinates_missing_or_invalid|no_valid_location_points|requires_crosswalk_or_marine_review|timezone_not_normalized_to_utc
5294518,1135279,2002,2002-06-01T00:01:00,2002-06-01T17:00:00,CST,16.983333333333334,17,,Z,083,WHITE,0,0,0,0,,,,0,,0,1,begin_coordinates_missing_or_invalid|damage_crops_missing|damage_property_missing|end_coordinates_missing_or_invalid|no_valid_location_points|requires_crosswalk_or_marine_review|timezone_not_normalized_to_utc
5294519,1135280,2002,2002-06-15T08:00:00,2002-06-18T18:00:00,CST,82.0,29,,Z,087,CAPE GIRARDEAU,0,0,0,0,,5000,,0,,0,1,begin_coordinates_missing_or_invalid|damage_property_missing|end_coordinates_missing_or_invalid|no_valid_location_points|requires_crosswalk_or_marine_review|timezone_not_normalized_to_utc
5294549,1135331,2002,2002-06-13T16:00:00,2002-06-14T06:00:00,CST,14.0,19,,Z,061,JASPER,0,0,0,0,10000,20000,,0,,0,1,begin_coordinates_missing_or_invalid|end_coordinates_missing_or_invalid|no_valid_location_points|requires_crosswalk_or_marine_review|timezone_not_normalized_to_utc
5294550,1135331,2002,2002-06-13T16:00:00,2002-06-14T06:00:00,CST,14.0,19,,Z,075,MAHASKA,0,0,0,0,10000,20000,,0,,0,1,begin_coordinates_missing_or_invalid|end_coordinates_missing_or_invalid|no_valid_location_points|requires_crosswalk_or_marine_review|timezone_not_normalized_to_utc
5294551,1135331,2002,2002-06-13T16:00:00,2002-06-14T06:00:00,CST,14.0,19,,Z,074,MARION,0,0,0,0,10000,20000,,0,,0,1,begin_coordinates_missing_or_invalid|end_coordinates_missing_or_invalid|no_valid_location_points|requires_crosswalk_or_marine_review|timezone_not_normalized_to_utc
5294552,1135331,2002,2002-06-13T16:00:00,2002-06-14T06:00:00,CST,14.0,19,,Z,062,POWESHIEK,0,0,0,0,10000,20000,,0,,0,1,begin_coordinates_missing_or_invalid|end_coordinates_missing_or_invalid|no_valid_location_points|requires_crosswalk_or_marine_review|timezone_not_normalized_to_utc
5294594,1135281,2002,2002-06-15T09:00:00,2002-06-17T15:00:00,CST,54.0,17,,Z,084,JACKSON,0,0,0,0,,,,0,,0,1,begin_coordinates_missing_or_invalid|damage_crops_missing|damage_property_missing|end_coordinates_missing_or_invalid|no_valid_location_points|requires_crosswalk_or_marine_review|timezone_not_normalized_to_utc
5295268,1135218,2002,2002-05-11T08:00:00,2002-05-12T02:00:00,CST,18.0,20,,Z,103,LEAVENWORTH,0,0,0,0,,,,0,,0,1,begin_coordinates_missing_or_invalid|damage_crops_missing|damage_property_missing|end_coordinates_missing_or_invalid|no_valid_location_points|requires_crosswalk_or_marine_review|timezone_not_normalized_to_utc
5295269,1135219,2002,2002-05-27T12:00:00,2002-05-28T12:00:00,CST,24.0,20,,Z,060,LINN,0,0,0,0,,,,0,,0,1,begin_coordinates_missing_or_invalid|damage_crops_missing|damage_property_missing|end_coordinates_missing_or_invalid|no_valid_location_points|requires_crosswalk_or_marine_review|timezone_not_normalized_to_utc
5295270,1135220,2002,2002-05-06T09:00:00,2002-05-07T04:00:00,CST,19.0,29,,Z,040,HOWARD,0,0,0,0,,,,0,,0,1,begin_coordinates_missing_or_invalid|damage_crops_missing|damage_property_missing|end_coordinates_missing_or_invalid|no_valid_location_points|requires_crosswalk_or_marine_review|timezone_not_normalized_to_utc
5295271,1135220,2002,2002-05-06T09:00:00,2002-05-07T09:00:00,CST,24.0,29,,Z,031,CARROLL,0,0,0,0,,,,0,,0,1,begin_coordinates_missing_or_invalid|damage_crops_missing|damage_property_missing|end_coordinates_missing_or_invalid|no_valid_location_points|requires_crosswalk_or_marine_review|timezone_not_normalized_to_utc
5295272,1135220,2002,2002-05-06T09:00:00,2002-05-07T09:00:00,CST,24.0,29,,Z,023,LIVINGSTON,0,0,0,0,,,,0,,0,1,begin_coordinates_missing_or_invalid|damage_crops_missing|damage_property_missing|end_coordinates_missing_or_invalid|no_valid_location_points|requires_crosswalk_or_marine_review|timezone_not_normalized_to_utc
5295273,1135220,2002,2002-05-06T11:00:00,2002-05-08T05:00:00,CST,42.0,29,,Z,032,CHARITON,0,0,0,0,,,,0,,0,1,begin_coordinates_missing_or_invalid|damage_crops_missing|damage_property_missing|end_coordinates_missing_or_invalid|no_valid_location_points|requires_crosswalk_or_marine_review|timezone_not_normalized_to_utc
5295274,1135220,2002,2002-05-07T15:00:00,2002-05-15T12:00:00,CST,189.0,29,,Z,054,HENRY,0,0,0,0,,,,0,,0,1,begin_coordinates_missing_or_invalid|damage_crops_missing|damage_property_missing|end_coordinates_missing_or_invalid|no_valid_location_points|requires_crosswalk_or_marine_review|timezone_not_normalized_to_utc
5295275,1135220,2002,2002-05-07T12:00:00,2002-05-13T06:00:00,CST,138.0,29,,Z,044,JOHNSON,0,0,0,0,,,,0,,0,1,begin_coordinates_missing_or_invalid|damage_crops_missing|damage_property_missing|end_coordinates_missing_or_invalid|no_valid_location_points|requires_crosswalk_or_marine_review|timezone_not_normalized_to_utc
5295276,1135220,2002,2002-05-07T16:00:00,2002-05-17T16:00:00,CST,240.0,29,,Z,039,SALINE,0,0,0,0,,,,0,,0,1,begin_coordinates_missing_or_invalid|damage_crops_missing|damage_property_missing|end_coordinates_missing_or_invalid|no_valid_location_points|requires_crosswalk_or_marine_review|timezone_not_normalized_to_utc
5295277,1135220,2002,2002-05-06T05:00:00,2002-05-06T22:00:00,CST,17.0,29,,Z,029,CLAY,0,0,0,0,,,,0,,0,1,begin_coordinates_missing_or_invalid|damage_crops_missing|damage_property_missing|end_coordinates_missing_or_invalid|no_valid_location_points|requires_crosswalk_or_marine_review|timezone_not_normalized_to_utc
5295278,1135220,2002,2002-05-07T12:00:00,2002-05-14T12:00:00,CST,168.0,29,,Z,054,HENRY,0,0,0,0,,,,0,,0,1,begin_coordinates_missing_or_invalid|damage_crops_missing|damage_property_missing|end_coordinates_missing_or_invalid|no_valid_location_points|requires_crosswalk_or_marine_review|timezone_not_normalized_to_utc
5295279,1135220,2002,2002-05-07T18:00:00,2002-05-10T18:00:00,CST,72.0,29,,Z,046,COOPER,0,0,0,0,,,,0,,0,1,begin_coordinates_missing_or_invalid|damage_crops_missing|damage_property_missing|end_coordinates_missing_or_invalid|no_valid_location_points|requires_crosswalk_or_marine_review|timezone_not_normalized_to_utc
5295280,1135220,2002,2002-05-06T18:00:00,2002-05-07T18:00:00,CST,24.0,29,,Z,032,CHARITON,0,0,0,0,,,,0,,0,1,begin_coordinates_missing_or_invalid|damage_crops_missing|damage_property_missing|end_coordinates_missing_or_invalid|no_valid_location_points|requires_crosswalk_or_marine_review|timezone_not_normalized_to_utc
5295281,1135220,2002,2002-05-06T06:00:00,2002-05-06T22:00:00,CST,16.0,29,,Z,029,CLAY,0,0,0,0,,,,0,,0,1,begin_coordinates_missing_or_invalid|damage_crops_missing|damage_property_missing|end_coordinates_missing_or_invalid|no_valid_location_points|requires_crosswalk_or_marine_review|timezone_not_normalized_to_utc
5295282,1135220,2002,2002-05-06T09:00:00,2002-05-07T01:00:00,CST,16.0,29,,Z,030,RAY,0,0,0,0,,,,0,,0,1,begin_coordinates_missing_or_invalid|damage_crops_missing|damage_property_missing|end_coordinates_missing_or_invalid|no_valid_location_points|requires_crosswalk_or_marine_review|timezone_not_normalized_to_utc
5295283,1135221,2002,2002-05-08T18:00:00,2002-05-10T18:00:00,CST,48.0,29,,Z,031,CARROLL,0,0,0,0,,,,0,,0,1,begin_coordinates_missing_or_invalid|damage_crops_missing|damage_property_missing|end_coordinates_missing_or_invalid|no_valid_location_points|requires_crosswalk_or_marine_review|timezone_not_normalized_to_utc
5295284,1135221,2002,2002-05-09T06:00:00,2002-05-09T23:00:00,CST,17.0,29,,Z,032,CHARITON,0,0,0,0,,,,0,,0,1,begin_coordinates_missing_or_invalid|damage_crops_missing|damage_property_missing|end_coordinates_missing_or_invalid|no_valid_location_points|requires_crosswalk_or_marine_review|timezone_not_normalized_to_utc
5295285,1135221,2002,2002-05-08T19:00:00,2002-05-10T18:00:00,CST,47.0,29,,Z,046,COOPER,0,0,0,0,,,,0,,0,1,begin_coordinates_missing_or_invalid|damage_crops_missing|damage_property_missing|end_coordinates_missing_or_invalid|no_valid_location_points|requires_crosswalk_or_marine_review|timezone_not_normalized_to_utc
5295591,1134942,2002,2002-05-01T00:01:00,2002-05-27T19:00:00,CST,642.9833333333333,18,,Z,085,POSEY,0,0,0,0,,,,0,,0,1,begin_coordinates_missing_or_invalid|damage_crops_missing|damage_property_missing|end_coordinates_missing_or_invalid|no_valid_location_points|requires_crosswalk_or_marine_review|timezone_not_normalized_to_utc
5295592,1134942,2002,2002-05-01T00:01:00,2002-05-27T19:00:00,CST,642.9833333333333,18,,Z,088,SPENCER,0,0,0,0,,,,0,,0,1,begin_coordinates_missing_or_invalid|damage_crops_missing|damage_property_missing|end_coordinates_missing_or_invalid|no_valid_location_points|requires_crosswalk_or_marine_review|timezone_not_normalized_to_utc
5295593,1134942,2002,2002-05-01T00:01:00,2002-05-27T19:00:00,CST,642.9833333333333,18,,Z,087,WARRICK,0,0,0,0,,,,0,,0,1,begin_coordinates_missing_or_invalid|damage_crops_missing|damage_property_missing|end_coordinates_missing_or_invalid|no_valid_location_points|requires_crosswalk_or_marine_review|timezone_not_normalized_to_utc
5295594,1134943,2002,2002-05-01T00:01:00,2002-05-29T09:00:00,CST,680.9833333333333,21,,Z,004,BALLARD,0,0,0,0,2000,,,0,,0,1,begin_coordinates_missing_or_invalid|damage_crops_missing|end_coordinates_missing_or_invalid|no_valid_location_points|requires_crosswalk_or_marine_review|timezone_not_normalized_to_utc
5295595,1134943,2002,2002-05-01T00:01:00,2002-05-29T09:00:00,CST,680.9833333333333,21,,Z,010,CRITTENDEN,0,0,0,0,2000,,,0,,0,1,begin_coordinates_missing_or_invalid|damage_crops_missing|end_coordinates_missing_or_invalid|no_valid_location_points|requires_crosswalk_or_marine_review|timezone_not_normalized_to_utc
5295596,1134943,2002,2002-05-01T00:01:00,2002-05-29T09:00:00,CST,680.9833333333333,21,,Z,019,DAVIESS,0,0,0,0,,,,0,,0,1,begin_coordinates_missing_or_invalid|damage_crops_missing|damage_property_missing|end_coordinates_missing_or_invalid|no_valid_location_points|requires_crosswalk_or_marine_review|timezone_not_normalized_to_utc
5295597,1134943,2002,2002-05-01T00:01:00,2002-05-29T09:00:00,CST,680.9833333333333,21,,Z,018,HENDERSON,0,0,0,0,2000,,,0,,0,1,begin_coordinates_missing_or_invalid|damage_crops_missing|end_coordinates_missing_or_invalid|no_valid_location_points|requires_crosswalk_or_marine_review|timezone_not_normalized_to_utc
5295649,1134878,2002,2002-05-21T16:00:00,2002-05-24T14:00:00,MST,70.0,30,,Z,001,KOOTENAI/CABINET REGION,0,0,0,0,,,,0,,0,1,begin_coordinates_missing_or_invalid|damage_crops_missing|damage_property_missing|end_coordinates_missing_or_invalid|no_valid_location_points|requires_crosswalk_or_marine_review|timezone_not_normalized_to_utc
5295669,1134943,2002,2002-05-01T00:01:00,2002-05-29T09:00:00,CST,680.9833333333333,21,,Z,007,LIVINGSTON,0,0,0,0,,,,0,,0,1,begin_coordinates_missing_or_invalid|damage_crops_missing|damage_property_missing|end_coordinates_missing_or_invalid|no_valid_location_points|requires_crosswalk_or_marine_review|timezone_not_normalized_to_utc
5295670,1134943,2002,2002-05-01T00:01:00,2002-05-29T09:00:00,CST,680.9833333333333,21,,Z,005,MCCRACKEN,0,0,0,0,2000,,,0,,0,1,begin_coordinates_missing_or_invalid|damage_crops_missing|end_coordinates_missing_or_invalid|no_valid_location_points|requires_crosswalk_or_marine_review|timezone_not_normalized_to_utc
5295671,1134943,2002,2002-05-01T00:01:00,2002-05-29T09:00:00,CST,680.9833333333333,21,,Z,014,UNION,0,0,0,0,2000,,,0,,0,1,begin_coordinates_missing_or_invalid|damage_crops_missing|end_coordinates_missing_or_invalid|no_valid_location_points|requires_crosswalk_or_marine_review|timezone_not_normalized_to_utc
5295672,1134944,2002,2002-05-01T00:01:00,2002-05-31T23:59:00,CST,743.9666666666667,17,,Z,092,ALEXANDER,0,0,0,0,700000,,,0,,0,1,begin_coordinates_missing_or_invalid|damage_crops_missing|end_coordinates_missing_or_invalid|no_valid_location_points|requires_crosswalk_or_marine_review|timezone_not_normalized_to_utc
5295673,1134944,2002,2002-05-01T00:01:00,2002-05-31T23:59:00,CST,743.9666666666667,17,,Z,087,GALLATIN,0,0,0,0,25000,,,0,,0,1,begin_coordinates_missing_or_invalid|damage_crops_missing|end_coordinates_missing_or_invalid|no_valid_location_points|requires_crosswalk_or_marine_review|timezone_not_normalized_to_utc
5295674,1134944,2002,2002-05-01T00:01:00,2002-05-31T23:59:00,CST,743.9666666666667,17,,Z,091,HARDIN,0,0,0,0,10000,,,0,,0,1,begin_coordinates_missing_or_invalid|damage_crops_missing|end_coordinates_missing_or_invalid|no_valid_location_points|requires_crosswalk_or_marine_review|timezone_not_normalized_to_utc
5295675,1134944,2002,2002-05-01T00:01:00,2002-05-31T23:59:00,CST,743.9666666666667,17,,Z,094,MASSAC,0,0,0,0,10000,,,0,,0,1,begin_coordinates_missing_or_invalid|damage_crops_missing|end_coordinates_missing_or_invalid|no_valid_location_points|requires_crosswalk_or_marine_review|timezone_not_normalized_to_utc
5295676,1134944,2002,2002-05-01T00:01:00,2002-05-31T23:59:00,CST,743.9666666666667,17,,Z,090,POPE,0,0,0,0,15000,,,0,,0,1,begin_coordinates_missing_or_invalid|damage_crops_missing|end_coordinates_missing_or_invalid|no_valid_location_points|requires_crosswalk_or_marine_review|timezone_not_normalized_to_utc
5295677,1134944,2002,2002-05-01T00:01:00,2002-05-31T23:59:00,CST,743.9666666666667,17,,Z,093,PULASKI,0,0,0,0,2000,,,0,,0,1,begin_coordinates_missing_or_invalid|damage_crops_missing|end_coordinates_missing_or_invalid|no_valid_location_points|requires_crosswalk_or_marine_review|timezone_not_normalized_to_utc
5295678,1134945,2002,2002-05-08T16:00:00,2002-05-31T23:59:00,CST,559.9833333333333,29,,Z,087,CAPE GIRARDEAU,0,0,0,0,100000,,,0,,0,1,begin_coordinates_missing_or_invalid|damage_crops_missing|end_coordinates_missing_or_invalid|no_valid_location_points|requires_crosswalk_or_marine_review|timezone_not_normalized_to_utc
5295679,1134945,2002,2002-05-08T16:00:00,2002-05-31T23:59:00,CST,559.9833333333333,29,,Z,112,MISSISSIPPI,0,0,0,0,10000,,,0,,0,1,begin_coordinates_missing_or_invalid|damage_crops_missing|end_coordinates_missing_or_invalid|no_valid_location_points|requires_crosswalk_or_marine_review|timezone_not_normalized_to_utc
5295680,1134945,2002,2002-05-08T16:00:00,2002-05-31T23:59:00,CST,559.9833333333333,29,,Z,114,NEW MADRID,0,0,0,0,5000,,,0,,0,1,begin_coordinates_missing_or_invalid|damage_crops_missing|end_coordinates_missing_or_invalid|no_valid_location_points|requires_crosswalk_or_marine_review|timezone_not_normalized_to_utc
5295681,1134945,2002,2002-05-08T16:00:00,2002-05-31T23:59:00,CST,559.9833333333333,29,,Z,076,PERRY,0,0,0,0,5000,,,0,,0,1,begin_coordinates_missing_or_invalid|damage_crops_missing|end_coordinates_missing_or_invalid|no_valid_location_points|requires_crosswalk_or_marine_review|timezone_not_normalized_to_utc
5295682,1134945,2002,2002-05-08T16:00:00,2002-05-31T23:59:00,CST,559.9833333333333,29,,Z,111,SCOTT,0,0,0,0,75000,,,0,,0,1,begin_coordinates_missing_or_invalid|damage_crops_missing|end_coordinates_missing_or_invalid|no_valid_location_points|requires_crosswalk_or_marine_review|timezone_not_normalized_to_utc
5295683,1134946,2002,2002-05-08T17:00:00,2002-05-31T19:00:00,CST,554.0,17,,Z,092,ALEXANDER,0,0,0,0,1500000.0,,,0,,0,1,begin_coordinates_missing_or_invalid|damage_crops_missing|end_coordinates_missing_or_invalid|no_valid_location_points|requires_crosswalk_or_marine_review|timezone_not_normalized_to_utc
5295684,1134946,2002,2002-05-08T17:00:00,2002-05-31T19:00:00,CST,554.0,17,,Z,084,JACKSON,0,0,0,0,2000,,,0,,0,1,begin_coordinates_missing_or_invalid|damage_crops_missing|end_coordinates_missing_or_invalid|no_valid_location_points|requires_crosswalk_or_marine_review|timezone_not_normalized_to_utc
5295685,1134946,2002,2002-05-08T17:00:00,2002-05-31T19:00:00,CST,554.0,17,,Z,088,UNION,0,0,0,0,5000,,,0,,0,1,begin_coordinates_missing_or_invalid|damage_crops_missing|end_coordinates_missing_or_invalid|no_valid_location_points|requires_crosswalk_or_marine_review|timezone_not_normalized_to_utc
5295686,1134947,2002,2002-05-08T14:00:00,2002-05-31T23:59:00,CST,561.9833333333333,21,,Z,004,BALLARD,0,0,0,0,,,,0,,0,1,begin_coordinates_missing_or_invalid|damage_crops_missing|damage_property_missing|end_coordinates_missing_or_invalid|no_valid_location_points|requires_crosswalk_or_marine_review|timezone_not_normalized_to_utc
5295687,1134947,2002,2002-05-08T14:00:00,2002-05-31T23:59:00,CST,561.9833333333333,21,,Z,003,CARLISLE,0,0,0,0,,,,0,,0,1,begin_coordinates_missing_or_invalid|damage_crops_missing|damage_property_missing|end_coordinates_missing_or_invalid|no_valid_location_points|requires_crosswalk_or_marine_review|timezone_not_normalized_to_utc
5295688,1134947,2002,2002-05-08T14:00:00,2002-05-31T23:59:00,CST,561.9833333333333,21,,Z,001,FULTON,0,0,0,0,,,,0,,0,1,begin_coordinates_missing_or_invalid|damage_crops_missing|damage_property_missing|end_coordinates_missing_or_invalid|no_valid_location_points|requires_crosswalk_or_marine_review|timezone_not_normalized_to_utc
5295689,1134947,2002,2002-05-08T14:00:00,2002-05-31T23:59:00,CST,561.9833333333333,21,,Z,002,HICKMAN,0,0,0,0,,,,0,,0,1,begin_coordinates_missing_or_invalid|damage_crops_missing|damage_property_missing|end_coordinates_missing_or_invalid|no_valid_location_points|requires_crosswalk_or_marine_review|timezone_not_normalized_to_utc
5295690,1134948,2002,2002-05-18T16:00:00,2002-05-24T11:00:00,CST,139.0,21,,Z,020,MCLEAN,0,0,0,0,,,,0,,0,1,begin_coordinates_missing_or_invalid|damage_crops_missing|damage_property_missing|end_coordinates_missing_or_invalid|no_valid_location_points|requires_crosswalk_or_marine_review|timezone_not_normalized_to_utc
5295691,1134948,2002,2002-05-18T16:00:00,2002-05-24T11:00:00,CST,139.0,21,,Z,021,MUHLENBERG,0,0,0,0,,,,0,,0,1,begin_coordinates_missing_or_invalid|damage_crops_missing|damage_property_missing|end_coordinates_missing_or_invalid|no_valid_location_points|requires_crosswalk_or_marine_review|timezone_not_normalized_to_utc
5295692,1134949,2002,2002-05-01T00:01:00,2002-05-30T18:00:00,CST,713.9833333333333,18,,Z,081,GIBSON,0,0,0,0,25000,,,0,,0,1,begin_coordinates_missing_or_invalid|damage_crops_missing|end_coordinates_missing_or_invalid|no_valid_location_points|requires_crosswalk_or_marine_review|timezone_not_normalized_to_utc
5295693,1134949,2002,2002-05-01T00:01:00,2002-05-30T18:00:00,CST,713.9833333333333,18,,Z,085,POSEY,0,0,0,0,250000,,,0,,0,1,begin_coordinates_missing_or_invalid|damage_crops_missing|end_coordinates_missing_or_invalid|no_valid_location_points|requires_crosswalk_or_marine_review|timezone_not_normalized_to_utc
5295694,1134950,2002,2002-05-01T00:01:00,2002-05-25T08:00:00,CST,583.9833333333333,18,,Z,081,GIBSON,0,0,0,0,,,,0,,0,1,begin_coordinates_missing_or_invalid|damage_crops_missing|damage_property_missing|end_coordinates_missing_or_invalid|no_valid_location_points|requires_crosswalk_or_marine_review|timezone_not_normalized_to_utc
5295695,1134951,2002,2002-05-01T00:01:00,2002-05-31T23:59:00,CST,743.9666666666667,17,,Z,081,FRANKLIN,0,0,0,0,3000,,,0,,0,1,begin_coordinates_missing_or_invalid|damage_crops_missing|end_coordinates_missing_or_invalid|no_valid_location_points|requires_crosswalk_or_marine_review|timezone_not_normalized_to_utc
5295696,1134951,2002,2002-05-01T00:01:00,2002-05-31T23:59:00,CST,743.9666666666667,17,,Z,084,JACKSON,0,0,0,0,15000,,,0,,0,1,begin_coordinates_missing_or_invalid|damage_crops_missing|end_coordinates_missing_or_invalid|no_valid_location_points|requires_crosswalk_or_marine_review|timezone_not_normalized_to_utc
5295697,1134952,2002,2002-05-08T08:00:00,2002-05-31T23:59:00,CST,567.9833333333333,17,,Z,083,WHITE,0,0,0,0,7000,,,0,,0,1,begin_coordinates_missing_or_invalid|damage_crops_missing|end_coordinates_missing_or_invalid|no_valid_location_points|requires_crosswalk_or_marine_review|timezone_not_normalized_to_utc
5295698,1134953,2002,2002-05-09T08:00:00,2002-05-10T18:00:00,CST,34.0,17,,Z,076,WAYNE,0,0,0,0,,,,0,,0,1,begin_coordinates_missing_or_invalid|damage_crops_missing|damage_property_missing|end_coordinates_missing_or_invalid|no_valid_location_points|requires_crosswalk_or_marine_review|timezone_not_normalized_to_utc
5295782,1134954,2002,2002-05-14T13:00:00,2002-05-15T11:00:00,CST,22.0,17,,Z,076,WAYNE,0,0,0,0,,,,0,,0,1,begin_coordinates_missing_or_invalid|damage_crops_missing|damage_property_missing|end_coordinates_missing_or_invalid|no_valid_location_points|requires_crosswalk_or_marine_review|timezone_not_normalized_to_utc
5295783,1134955,2002,2002-05-08T14:00:00,2002-05-10T14:00:00,CST,48.0,29,,Z,109,BUTLER,0,0,0,0,30000,,,0,,0,1,begin_coordinates_missing_or_invalid|damage_crops_missing|end_coordinates_missing_or_invalid|no_valid_location_points|requires_crosswalk_or_marine_review|timezone_not_normalized_to_utc
5295784,1134956,2002,2002-05-14T02:00:00,2002-05-14T11:00:00,CST,9.0,29,,Z,109,BUTLER,0,0,0,0,,,,0,,0,1,begin_coordinates_missing_or_invalid|damage_crops_missing|damage_property_missing|end_coordinates_missing_or_invalid|no_valid_location_points|requires_crosswalk_or_marine_review|timezone_not_normalized_to_utc
5295785,1134957,2002,2002-05-08T12:00:00,2002-05-10T20:00:00,CST,56.0,29,,Z,107,CARTER,0,0,0,0,25000,,,0,,0,1,begin_coordinates_missing_or_invalid|damage_crops_missing|end_coordinates_missing_or_invalid|no_valid_location_points|requires_crosswalk_or_marine_review|timezone_not_normalized_to_utc
5295786,1134957,2002,2002-05-08T12:00:00,2002-05-10T20:00:00,CST,56.0,29,,Z,108,RIPLEY,0,0,0,0,200000,,,0,,0,1,begin_coordinates_missing_or_invalid|damage_crops_missing|end_coordinates_missing_or_invalid|no_valid_location_points|requires_crosswalk_or_marine_review|timezone_not_normalized_to_utc
5295787,1134958,2002,2002-05-14T15:00:00,2002-05-15T08:00:00,CST,17.0,29,,Z,108,RIPLEY,0,0,0,0,,,,0,,0,1,begin_coordinates_missing_or_invalid|damage_crops_missing|damage_property_missing|end_coordinates_missing_or_invalid|no_valid_location_points|requires_crosswalk_or_marine_review|timezone_not_normalized_to_utc
5295788,1134959,2002,2002-05-18T19:00:00,2002-05-19T12:00:00,CST,17.0,29,,Z,108,RIPLEY,0,0,0,0,,,,0,,0,1,begin_coordinates_missing_or_invalid|damage_crops_missing|damage_property_missing|end_coordinates_missing_or_invalid|no_valid_location_points|requires_crosswalk_or_marine_review|timezone_not_normalized_to_utc
5295789,1134960,2002,2002-05-08T09:00:00,2002-05-31T09:00:00,CST,552.0,29,,Z,100,WAYNE,0,0,0,0,10000,,,0,,0,1,begin_coordinates_missing_or_invalid|damage_crops_missing|end_coordinates_missing_or_invalid|no_valid_location_points|requires_crosswalk_or_marine_review|timezone_not_normalized_to_utc
5295790,1134960,2002,2002-05-08T09:00:00,2002-05-31T09:00:00,CST,552.0,29,,Z,110,STODDARD,0,0,0,0,40000,,,0,,0,1,begin_coordinates_missing_or_invalid|damage_crops_missing|end_coordinates_missing_or_invalid|no_valid_location_points|requires_crosswalk_or_marine_review|timezone_not_normalized_to_utc
5295858,1134701,2002,2002-05-10T06:00:00,2002-05-10T10:10:00,CST,4.166666666666667,55,,Z,012,FLORENCE,0,0,0,0,,,,0,,0,1,begin_coordinates_missing_or_invalid|damage_crops_missing|damage_property_missing|end_coordinates_missing_or_invalid|no_valid_location_points|requires_crosswalk_or_marine_review|timezone_not_normalized_to_utc
5295859,1134701,2002,2002-05-11T08:36:00,2002-05-12T22:21:00,CST,37.75,55,,Z,013,MARINETTE,0,0,0,0,,,,0,,0,1,begin_coordinates_missing_or_invalid|damage_crops_missing|damage_property_missing|end_coordinates_missing_or_invalid|no_valid_location_points|requires_crosswalk_or_marine_review|timezone_not_normalized_to_utc
5295919,1134971,2002,2002-05-01T00:01:00,2002-05-30T18:00:00,CST,713.9833333333333,17,,Z,078,WABASH,0,0,0,0,150000,,,0,,0,1,begin_coordinates_missing_or_invalid|damage_crops_missing|end_coordinates_missing_or_invalid|no_valid_location_points|requires_crosswalk_or_marine_review|timezone_not_normalized_to_utc
5295920,1134971,2002,2002-05-01T00:01:00,2002-05-30T18:00:00,CST,713.9833333333333,17,,Z,083,WHITE,0,0,0,0,8000,,,0,,0,1,begin_coordinates_missing_or_invalid|damage_crops_missing|end_coordinates_missing_or_invalid|no_valid_location_points|requires_crosswalk_or_marine_review|timezone_not_normalized_to_utc
5295922,1134973,2002,2002-05-08T01:06:00,2002-05-08T04:00:00,CST,2.9,17,17077,C,077,JACKSON,0,0,0,0,,,,0,,0,1,begin_coordinates_missing_or_invalid|county_code_unverified|damage_crops_missing|damage_property_missing|end_coordinates_missing_or_invalid|no_valid_location_points|timezone_not_normalized_to_utc
5295923,1134973,2002,2002-05-08T01:00:00,2002-05-08T04:00:00,CST,3.0,17,17145,C,145,PERRY,0,0,0,0,7000,,,0,,0,1,begin_coordinates_missing_or_invalid|county_code_unverified|damage_crops_missing|end_coordinates_missing_or_invalid|no_valid_location_points|timezone_not_normalized_to_utc
5295925,1134973,2002,2002-05-08T01:00:00,2002-05-08T04:00:00,CST,3.0,17,17191,C,191,WAYNE,0,0,0,0,,,,0,,0,1,begin_coordinates_missing_or_invalid|county_code_unverified|damage_crops_missing|damage_property_missing|end_coordinates_missing_or_invalid|no_valid_location_points|timezone_not_normalized_to_utc
5295927,1134975,2002,2002-05-01T00:01:00,2002-05-27T18:00:00,CST,641.9833333333333,18,,Z,081,GIBSON,0,0,0,0,20000,,,0,,0,1,begin_coordinates_missing_or_invalid|damage_crops_missing|end_coordinates_missing_or_invalid|no_valid_location_points|requires_crosswalk_or_marine_review|timezone_not_normalized_to_utc
5295928,1134975,2002,2002-05-01T00:01:00,2002-05-27T18:00:00,CST,641.9833333333333,18,,Z,082,PIKE,0,0,0,0,20000,,,0,,0,1,begin_coordinates_missing_or_invalid|damage_crops_missing|end_coordinates_missing_or_invalid|no_valid_location_points|requires_crosswalk_or_marine_review|timezone_not_normalized_to_utc
5296223,1134720,2002,2002-05-01T00:00:00,2002-05-02T02:00:00,EST,26.0,18,,Z,071,JACKSON,0,0,0,0,,,,0,,0,1,begin_coordinates_missing_or_invalid|damage_crops_missing|damage_property_missing|end_coordinates_missing_or_invalid|no_valid_location_points|requires_crosswalk_or_marine_review|timezone_not_normalized_to_utc
5296224,1134720,2002,2002-05-01T00:00:00,2002-05-05T06:00:00,EST,102.0,18,,Z,070,LAWRENCE,0,0,0,0,,,,0,,0,1,begin_coordinates_missing_or_invalid|damage_crops_missing|damage_property_missing|end_coordinates_missing_or_invalid|no_valid_location_points|requires_crosswalk_or_marine_review|timezone_not_normalized_to_utc
5296225,1134721,2002,2002-05-08T11:00:00,2002-05-10T22:00:00,EST,59.0,18,,Z,064,BARTHOLOMEW,0,0,0,0,25000,,,0,,0,1,begin_coordinates_missing_or_invalid|damage_crops_missing|end_coordinates_missing_or_invalid|no_valid_location_points|requires_crosswalk_or_marine_review|timezone_not_normalized_to_utc
5296226,1134721,2002,2002-05-07T17:30:00,2002-05-12T02:00:00,EST,104.5,18,,Z,071,JACKSON,0,0,0,0,25000,,,0,,0,1,begin_coordinates_missing_or_invalid|damage_crops_missing|end_coordinates_missing_or_invalid|no_valid_location_points|requires_crosswalk_or_marine_review|timezone_not_normalized_to_utc
5296227,1134722,2002,2002-05-13T17:30:00,2002-05-16T12:00:00,EST,66.5,18,,Z,064,BARTHOLOMEW,0,0,0,0,,,,0,,0,1,begin_coordinates_missing_or_invalid|damage_crops_missing|damage_property_missing|end_coordinates_missing_or_invalid|no_valid_location_points|requires_crosswalk_or_marine_review|timezone_not_normalized_to_utc
5296228,1134723,2002,2002-05-13T02:00:00,2002-05-19T18:00:00,EST,160.0,18,,Z,071,JACKSON,0,0,0,0,50000,,,0,,0,1,begin_coordinates_missing_or_invalid|damage_crops_missing|end_coordinates_missing_or_invalid|no_valid_location_points|requires_crosswalk_or_marine_review|timezone_not_normalized_to_utc
5296229,1134724,2002,2002-05-08T11:45:00,2002-05-22T18:00:00,EST,342.25,18,,Z,070,LAWRENCE,0,0,0,0,75000,,,0,,0,1,begin_coordinates_missing_or_invalid|damage_crops_missing|end_coordinates_missing_or_invalid|no_valid_location_points|requires_crosswalk_or_marine_review|timezone_not_normalized_to_utc
5296230,1134724,2002,2002-05-10T08:00:00,2002-05-22T20:00:00,EST,300.0,18,,Z,068,DAVIESS,0,0,0,0,75000,,,0,,0,1,begin_coordinates_missing_or_invalid|damage_crops_missing|end_coordinates_missing_or_invalid|no_valid_location_points|requires_crosswalk_or_marine_review|timezone_not_normalized_to_utc
5296231,1134725,2002,2002-05-12T16:45:00,2002-05-14T06:00:00,EST,37.25,18,,Z,036,MONTGOMERY,0,0,0,0,,,,0,,0,1,begin_coordinates_missing_or_invalid|damage_crops_missing|damage_property_missing|end_coordinates_missing_or_invalid|no_valid_location_points|requires_crosswalk_or_marine_review|timezone_not_normalized_to_utc
5296232,1134726,2002,2002-05-01T00:00:00,2002-05-03T06:00:00,EST,54.0,18,,Z,029,TIPPECANOE,0,0,0,0,,,,0,,0,1,begin_coordinates_missing_or_invalid|damage_crops_missing|damage_property_missing|end_coordinates_missing_or_invalid|no_valid_location_points|requires_crosswalk_or_marine_review|timezone_not_normalized_to_utc
5296233,1134726,2002,2002-05-01T00:00:00,2002-05-04T10:00:00,EST,82.0,18,,Z,043,VERMILLION,0,0,0,0,,,,0,,0,1,begin_coordinates_missing_or_invalid|damage_crops_missing|damage_property_missing|end_coordinates_missing_or_invalid|no_valid_location_points|requires_crosswalk_or_marine_review|timezone_not_normalized_to_utc
5296234,1134726,2002,2002-05-01T00:00:00,2002-05-06T06:00:00,EST,126.0,18,,Z,035,FOUNTAIN,0,0,0,0,,,,0,,0,1,begin_coordinates_missing_or_invalid|damage_crops_missing|damage_property_missing|end_coordinates_missing_or_invalid|no_valid_location_points|requires_crosswalk_or_marine_review|timezone_not_normalized_to_utc
5296327,1134726,2002,2002-05-01T00:00:00,2002-05-06T06:00:00,EST,126.0,18,,Z,044,PARKE,0,0,0,0,,,,0,,0,1,begin_coordinates_missing_or_invalid|damage_crops_missing|damage_property_missing|end_coordinates_missing_or_invalid|no_valid_location_points|requires_crosswalk_or_marine_review|timezone_not_normalized_to_utc
5296328,1134727,2002,2002-05-12T14:30:00,2002-05-20T06:00:00,EST,183.5,18,,Z,029,TIPPECANOE,0,0,0,0,,,,0,,0,1,begin_coordinates_missing_or_invalid|damage_crops_missing|damage_property_missing|end_coordinates_missing_or_invalid|no_valid_location_points|requires_crosswalk_or_marine_review|timezone_not_normalized_to_utc
5296329,1134727,2002,2002-05-12T14:30:00,2002-05-21T03:00:00,EST,204.5,18,,Z,043,VERMILLION,0,0,0,0,,,,0,,0,1,begin_coordinates_missing_or_invalid|damage_crops_missing|damage_property_missing|end_coordinates_missing_or_invalid|no_valid_location_points|requires_crosswalk_or_marine_review|timezone_not_normalized_to_utc
5296330,1134727,2002,2002-05-12T14:30:00,2002-05-21T03:00:00,EST,204.5,18,,Z,035,FOUNTAIN,0,0,0,0,,,,0,,0,1,begin_coordinates_missing_or_invalid|damage_crops_missing|damage_property_missing|end_coordinates_missing_or_invalid|no_valid_location_points|requires_crosswalk_or_marine_review|timezone_not_normalized_to_utc
5296331,1134728,2002,2002-05-07T05:00:00,2002-05-24T12:00:00,EST,415.0,18,,Z,044,PARKE,0,0,0,0,50000,,,0,,0,1,begin_coordinates_missing_or_invalid|damage_crops_missing|end_coordinates_missing_or_invalid|no_valid_location_points|requires_crosswalk_or_marine_review|timezone_not_normalized_to_utc
5296332,1134729,2002,2002-05-01T00:00:00,2002-05-25T22:00:00,EST,598.0,18,,Z,051,VIGO,0,0,0,0,,,,0,,0,1,begin_coordinates_missing_or_invalid|damage_crops_missing|damage_property_missing|end_coordinates_missing_or_invalid|no_valid_location_points|requires_crosswalk_or_marine_review|timezone_not_normalized_to_utc
5296333,1134729,2002,2002-05-01T00:00:00,2002-05-29T01:00:00,EST,673.0,18,,Z,060,SULLIVAN,0,0,0,0,,,,0,,0,1,begin_coordinates_missing_or_invalid|damage_crops_missing|damage_property_missing|end_coordinates_missing_or_invalid|no_valid_location_points|requires_crosswalk_or_marine_review|timezone_not_normalized_to_utc
5296334,1134729,2002,2002-05-01T00:00:00,2002-05-28T15:00:00,EST,663.0,18,,Z,067,KNOX,0,0,0,0,,,,0,,0,1,begin_coordinates_missing_or_invalid|damage_crops_missing|damage_property_missing|end_coordinates_missing_or_invalid|no_valid_location_points|requires_crosswalk_or_marine_review|timezone_not_normalized_to_utc
5296335,1134730,2002,2002-05-01T00:00:00,2002-05-02T12:00:00,EST,36.0,18,,Z,053,OWEN,0,0,0,0,63000,,,0,,0,1,begin_coordinates_missing_or_invalid|damage_crops_missing|end_coordinates_missing_or_invalid|no_valid_location_points|requires_crosswalk_or_marine_review|timezone_not_normalized_to_utc
5296336,1134730,2002,2002-05-01T00:00:00,2002-05-04T07:00:00,EST,79.0,18,,Z,061,GREENE,0,0,0,0,63000,,,0,,0,1,begin_coordinates_missing_or_invalid|damage_crops_missing|end_coordinates_missing_or_invalid|no_valid_location_points|requires_crosswalk_or_marine_review|timezone_not_normalized_to_utc
5296337,1134730,2002,2002-05-01T00:00:00,2002-05-06T12:00:00,EST,132.0,18,,Z,068,DAVIESS,0,0,0,0,62000,,,0,,0,1,begin_coordinates_missing_or_invalid|damage_crops_missing|end_coordinates_missing_or_invalid|no_valid_location_points|requires_crosswalk_or_marine_review|timezone_not_normalized_to_utc
5296338,1134730,2002,2002-05-01T00:00:00,2002-05-06T14:00:00,EST,134.0,18,,Z,067,KNOX,0,0,0,0,62000,,,0,,0,1,begin_coordinates_missing_or_invalid|damage_crops_missing|end_coordinates_missing_or_invalid|no_valid_location_points|requires_crosswalk_or_marine_review|timezone_not_normalized_to_utc
5296339,1134731,2002,2002-05-07T10:30:00,2002-05-09T02:00:00,EST,39.5,18,,Z,054,MORGAN,0,0,0,0,25000,,,0,,0,1,begin_coordinates_missing_or_invalid|damage_crops_missing|end_coordinates_missing_or_invalid|no_valid_location_points|requires_crosswalk_or_marine_review|timezone_not_normalized_to_utc
5296340,1134731,2002,2002-05-07T15:15:00,2002-05-12T03:00:00,EST,107.75,18,,Z,053,OWEN,0,0,0,0,25000,,,0,,0,1,begin_coordinates_missing_or_invalid|damage_crops_missing|end_coordinates_missing_or_invalid|no_valid_location_points|requires_crosswalk_or_marine_review|timezone_not_normalized_to_utc
5296341,1134732,2002,2002-05-13T06:15:00,2002-05-14T20:00:00,EST,37.75,18,,Z,041,DELAWARE,0,0,0,0,83000,,,0,,0,1,begin_coordinates_missing_or_invalid|damage_crops_missing|end_coordinates_missing_or_invalid|no_valid_location_points|requires_crosswalk_or_marine_review|timezone_not_normalized_to_utc
5296342,1134732,2002,2002-05-12T23:45:00,2002-05-14T19:00:00,EST,43.25,18,,Z,040,MADISON,0,0,0,0,83000,,,0,,0,1,begin_coordinates_missing_or_invalid|damage_crops_missing|end_coordinates_missing_or_invalid|no_valid_location_points|requires_crosswalk_or_marine_review|timezone_not_normalized_to_utc
5296343,1134732,2002,2002-05-13T00:30:00,2002-05-16T08:00:00,EST,79.5,18,,Z,039,HAMILTON,0,0,0,0,84000,,,0,,0,1,begin_coordinates_missing_or_invalid|damage_crops_missing|end_coordinates_missing_or_invalid|no_valid_location_points|requires_crosswalk_or_marine_review|timezone_not_normalized_to_utc
5296344,1134732,2002,2002-05-13T03:45:00,2002-05-16T08:00:00,EST,76.25,18,,Z,047,MARION,0,0,0,0,84000,,,0,,0,1,begin_coordinates_missing_or_invalid|damage_crops_missing|end_coordinates_missing_or_invalid|no_valid_location_points|requires_crosswalk_or_marine_review|timezone_not_normalized_to_utc
5296345,1134732,2002,2002-05-13T01:00:00,2002-05-17T09:00:00,EST,104.0,18,,Z,054,MORGAN,0,0,0,0,83000,,,0,,0,1,begin_coordinates_missing_or_invalid|damage_crops_missing|end_coordinates_missing_or_invalid|no_valid_location_points|requires_crosswalk_or_marine_review|timezone_not_normalized_to_utc
5296346,1134732,2002,2002-05-12T22:00:00,2002-05-19T20:00:00,EST,166.0,18,,Z,053,OWEN,0,0,0,0,83000,,,0,,0,1,begin_coordinates_missing_or_invalid|damage_crops_missing|end_coordinates_missing_or_invalid|no_valid_location_points|requires_crosswalk_or_marine_review|timezone_not_normalized_to_utc
5296347,1134733,2002,2002-05-07T07:00:00,2002-05-21T19:00:00,EST,348.0,18,,Z,061,GREENE,0,0,0,0,34000,,,0,,0,1,begin_coordinates_missing_or_invalid|damage_crops_missing|end_coordinates_missing_or_invalid|no_valid_location_points|requires_crosswalk_or_marine_review|timezone_not_normalized_to_utc
5296348,1134733,2002,2002-05-06T10:00:00,2002-05-23T12:00:00,EST,410.0,18,,Z,068,DAVIESS,0,0,0,0,33000,,,0,,0,1,begin_coordinates_missing_or_invalid|damage_crops_missing|end_coordinates_missing_or_invalid|no_valid_location_points|requires_crosswalk_or_marine_review|timezone_not_normalized_to_utc
5296349,1134733,2002,2002-05-06T10:00:00,2002-05-23T12:00:00,EST,410.0,18,,Z,067,KNOX,0,0,0,0,33000,,,0,,0,1,begin_coordinates_missing_or_invalid|damage_crops_missing|end_coordinates_missing_or_invalid|no_valid_location_points|requires_crosswalk_or_marine_review|timezone_not_normalized_to_utc
5296350,1134734,2002,2002-05-01T00:00:00,2002-05-27T12:00:00,EST,636.0,18,,Z,067,KNOX,0,0,0,0,250000,,,0,,0,1,begin_coordinates_missing_or_invalid|damage_crops_missing|end_coordinates_missing_or_invalid|no_valid_location_points|requires_crosswalk_or_marine_review|timezone_not_normalized_to_utc
5296481,1134863,2002,2002-05-08T21:00:00,2002-05-08T23:59:00,CST,2.9833333333333334,55,55111,C,111,SAUK,0,0,0,0,,,,0,,0,1,begin_coordinates_missing_or_invalid|county_code_unverified|damage_crops_missing|damage_property_missing|end_coordinates_missing_or_invalid|no_valid_location_points|timezone_not_normalized_to_utc
5296502,1134993,2002,2002-05-01T00:00:00,2002-05-03T16:30:00,AST,64.5,02,,Z,222,MIDDLE TANANA VALLEY,0,0,0,0,,,,0,,0,1,begin_coordinates_missing_or_invalid|damage_crops_missing|damage_property_missing|end_coordinates_missing_or_invalid|no_valid_location_points|requires_crosswalk_or_marine_review|timezone_not_normalized_to_utc
5296503,1134993,2002,2002-05-01T11:30:00,2002-05-03T10:00:00,AST,46.5,02,,Z,221,WRN TANANA VLY WRN YUKON VLY,0,0,0,0,,,,0,,0,1,begin_coordinates_missing_or_invalid|damage_crops_missing|damage_property_missing|end_coordinates_missing_or_invalid|no_valid_location_points|requires_crosswalk_or_marine_review|timezone_not_normalized_to_utc
5296509,1134996,2002,2002-05-09T20:00:00,2002-05-13T15:00:00,AST,91.0,02,,Z,222,MIDDLE TANANA VALLEY,0,0,0,0,2000000,,,0,,0,1,begin_coordinates_missing_or_invalid|damage_crops_missing|end_coordinates_missing_or_invalid|no_valid_location_points|requires_crosswalk_or_marine_review|timezone_not_normalized_to_utc
5296510,1134996,2002,2002-05-09T20:00:00,2002-05-12T21:00:00,AST,73.0,02,,Z,223,DELTANA AND TANANA,0,0,0,0,,,,0,,0,1,begin_coordinates_missing_or_invalid|damage_crops_missing|damage_property_missing|end_coordinates_missing_or_invalid|no_valid_location_points|requires_crosswalk_or_marine_review|timezone_not_normalized_to_utc
5296578,1134997,2002,2002-05-04T06:45:00,2002-05-06T13:00:00,AST,54.25,02,,Z,222,MIDDLE TANANA VALLEY,0,0,0,0,,,,0,,0,1,begin_coordinates_missing_or_invalid|damage_crops_missing|damage_property_missing|end_coordinates_missing_or_invalid|no_valid_location_points|requires_crosswalk_or_marine_review|timezone_not_normalized_to_utc
5296580,1134999,2002,2002-05-21T10:00:00,2002-05-24T10:00:00,AST,72.0,02,,Z,211,SRN SEWARD PENINSULA COAST,0,0,0,0,1000000,,,0,,0,1,begin_coordinates_missing_or_invalid|damage_crops_missing|end_coordinates_missing_or_invalid|no_valid_location_points|requires_crosswalk_or_marine_review|timezone_not_normalized_to_utc
5296581,1134999,2002,2002-05-21T12:00:00,2002-05-31T12:00:00,AST,240.0,02,,Z,210,NRN & INTR. SEWARD PENINSULA,0,0,0,0,,,,0,,0,1,begin_coordinates_missing_or_invalid|damage_crops_missing|damage_property_missing|end_coordinates_missing_or_invalid|no_valid_location_points|requires_crosswalk_or_marine_review|timezone_not_normalized_to_utc
5296613,1134635,2002,2002-05-15T13:00:00,2002-05-16T14:00:00,AST,25.0,02,,Z,145,SUSITNA VALLEY,0,0,0,0,300000,,,0,,0,1,begin_coordinates_missing_or_invalid|damage_crops_missing|end_coordinates_missing_or_invalid|no_valid_location_points|requires_crosswalk_or_marine_review|timezone_not_normalized_to_utc
5296679,1134639,2002,2002-04-29T00:00:00,2002-04-29T23:59:00,AST,23.983333333333334,02,,Z,125,WRN P.W. SND & KENAI MTNS,0,0,0,0,10000,,,0,,0,1,begin_coordinates_missing_or_invalid|damage_crops_missing|end_coordinates_missing_or_invalid|no_valid_location_points|requires_crosswalk_or_marine_review|timezone_not_normalized_to_utc
5297086,1136542,2002,2002-05-04T17:49:00,2002-05-04T17:49:00,EST,0.0,13,13293,C,293,UPSON,0,0,0,0,,,,0,,0,1,begin_coordinates_missing_or_invalid|county_code_unverified|damage_crops_missing|damage_property_missing|end_coordinates_missing_or_invalid|no_valid_location_points|timezone_not_normalized_to_utc
5297100,1136186,2002,2002-05-02T00:05:00,2002-05-02T01:30:00,EST,1.4166666666666667,21,21173,C,173,MONTGOMERY,0,0,0,0,0,0,,0,,0,1,begin_coordinates_missing_or_invalid|county_code_unverified|end_coordinates_missing_or_invalid|no_valid_location_points|timezone_not_normalized_to_utc
5297275,1136544,2002,2002-06-04T19:05:00,2002-06-04T19:05:00,EST,0.0,13,13067,C,067,COBB,0,0,0,0,,,,0,,0,1,begin_coordinates_missing_or_invalid|county_code_unverified|damage_crops_missing|damage_property_missing|end_coordinates_missing_or_invalid|no_valid_location_points|timezone_not_normalized_to_utc
5297288,1136231,2002,2002-05-02T22:00:00,2002-05-04T07:00:00,EST,33.0,21,,Z,110,FLOYD,0,0,0,0,750000,250000,,0,,0,1,begin_coordinates_missing_or_invalid|end_coordinates_missing_or_invalid|no_valid_location_points|requires_crosswalk_or_marine_review|timezone_not_normalized_to_utc
5297289,1136231,2002,2002-05-03T07:00:00,2002-05-04T07:00:00,EST,24.0,21,,Z,119,MARTIN,0,0,0,0,10000,10000,,0,,0,1,begin_coordinates_missing_or_invalid|end_coordinates_missing_or_invalid|no_valid_location_points|requires_crosswalk_or_marine_review|timezone_not_normalized_to_utc
5297290,1136231,2002,2002-05-03T04:00:00,2002-05-04T12:00:00,EST,32.0,21,,Z,114,OWSLEY,0,0,0,0,0,0,,0,,0,1,begin_coordinates_missing_or_invalid|end_coordinates_missing_or_invalid|no_valid_location_points|requires_crosswalk_or_marine_review|timezone_not_normalized_to_utc
5297291,1136231,2002,2002-05-02T22:00:00,2002-05-04T07:00:00,EST,33.0,21,,Z,120,PIKE,0,0,1,0,5000000,250000,,1,,0,1,begin_coordinates_missing_or_invalid|end_coordinates_missing_or_invalid|no_valid_location_points|requires_crosswalk_or_marine_review|timezone_not_normalized_to_utc
5297464,1136545,2002,2002-06-05T18:00:00,2002-06-05T18:00:00,EST,0.0,13,13115,C,115,FLOYD,0,0,0,0,,,,0,,0,1,begin_coordinates_missing_or_invalid|county_code_unverified|damage_crops_missing|damage_property_missing|end_coordinates_missing_or_invalid|no_valid_location_points|timezone_not_normalized_to_utc
5297466,1136545,2002,2002-06-05T18:35:00,2002-06-05T18:35:00,EST,0.0,13,13015,C,015,BARTOW,0,0,0,0,,,,0,,0,1,begin_coordinates_missing_or_invalid|county_code_unverified|damage_crops_missing|damage_property_missing|end_coordinates_missing_or_invalid|no_valid_location_points|timezone_not_normalized_to_utc
5297667,1136149,2002,2002-05-07T00:30:00,2002-05-07T02:00:00,EST,1.5,21,21203,C,203,ROCKCASTLE,0,0,0,0,0,0,,0,,0,1,begin_coordinates_missing_or_invalid|county_code_unverified|end_coordinates_missing_or_invalid|no_valid_location_points|timezone_not_normalized_to_utc
5297853,1136033,2002,2002-05-29T14:00:00,2002-05-29T16:00:00,CST,2.0,19,19107,C,107,KEOKUK,0,0,0,0,,,,0,,0,1,begin_coordinates_missing_or_invalid|county_code_unverified|damage_crops_missing|damage_property_missing|end_coordinates_missing_or_invalid|no_valid_location_points|timezone_not_normalized_to_utc
5297854,1136034,2002,2002-05-29T01:45:00,2002-05-29T01:45:00,CST,0.0,19,19105,C,105,JONES,0,0,0,0,,,,0,,0,1,begin_coordinates_missing_or_invalid|county_code_unverified|damage_crops_missing|damage_property_missing|end_coordinates_missing_or_invalid|no_valid_location_points|timezone_not_normalized_to_utc
5297855,1136035,2002,2002-05-01T00:00:00,2002-05-03T07:15:00,CST,55.25,19,,Z,078,LOUISA,0,0,0,0,,,,0,,0,1,begin_coordinates_missing_or_invalid|damage_crops_missing|damage_property_missing|end_coordinates_missing_or_invalid|no_valid_location_points|requires_crosswalk_or_marine_review|timezone_not_normalized_to_utc
5297856,1136035,2002,2002-05-01T00:00:00,2002-05-03T07:15:00,CST,55.25,19,,Z,089,DES MOINES,0,0,0,0,,,,0,,0,1,begin_coordinates_missing_or_invalid|damage_crops_missing|damage_property_missing|end_coordinates_missing_or_invalid|no_valid_location_points|requires_crosswalk_or_marine_review|timezone_not_normalized_to_utc
5297857,1136036,2002,2002-05-12T02:21:00,2002-05-14T20:37:00,CST,66.26666666666667,29,,Z,010,CLARK,0,0,0,0,,,,0,,0,1,begin_coordinates_missing_or_invalid|damage_crops_missing|damage_property_missing|end_coordinates_missing_or_invalid|no_valid_location_points|requires_crosswalk_or_marine_review|timezone_not_normalized_to_utc
5297858,1136037,2002,2002-05-12T03:33:00,2002-05-14T00:27:00,CST,44.9,19,,Z,099,LEE,0,0,0,0,,,,0,,0,1,begin_coordinates_missing_or_invalid|damage_crops_missing|damage_property_missing|end_coordinates_missing_or_invalid|no_valid_location_points|requires_crosswalk_or_marine_review|timezone_not_normalized_to_utc
5297859,1136037,2002,2002-05-12T03:33:00,2002-05-14T00:27:00,CST,44.9,19,,Z,089,DES MOINES,0,0,0,0,,,,0,,0,1,begin_coordinates_missing_or_invalid|damage_crops_missing|damage_property_missing|end_coordinates_missing_or_invalid|no_valid_location_points|requires_crosswalk_or_marine_review|timezone_not_normalized_to_utc
5297860,1136037,2002,2002-05-12T03:33:00,2002-05-13T04:25:00,CST,24.866666666666667,19,,Z,077,WASHINGTON,0,0,0,0,,,,0,,0,1,begin_coordinates_missing_or_invalid|damage_crops_missing|damage_property_missing|end_coordinates_missing_or_invalid|no_valid_location_points|requires_crosswalk_or_marine_review|timezone_not_normalized_to_utc
5297861,1136038,2002,2002-05-11T15:15:00,2002-05-16T19:30:00,CST,124.25,17,,Z,035,MCDONOUGH,0,0,0,0,,,,0,,0,1,begin_coordinates_missing_or_invalid|damage_crops_missing|damage_property_missing|end_coordinates_missing_or_invalid|no_valid_location_points|requires_crosswalk_or_marine_review|timezone_not_normalized_to_utc
5297959,1136039,2002,2002-05-12T05:00:00,2002-05-12T05:00:00,CST,0.0,17,17131,C,131,MERCER,0,0,0,0,,,,0,,0,1,begin_coordinates_missing_or_invalid|county_code_unverified|damage_crops_missing|damage_property_missing|end_coordinates_missing_or_invalid|no_valid_location_points|timezone_not_normalized_to_utc
5298373,1136133,2002,2002-05-30T16:30:00,2002-05-30T16:30:00,EST,0.0,37,37119,C,119,MECKLENBURG,0,0,0,0,,,,0,,0,1,begin_coordinates_missing_or_invalid|county_code_unverified|damage_crops_missing|damage_property_missing|end_coordinates_missing_or_invalid|no_valid_location_points|timezone_not_normalized_to_utc
5298413,1136447,2002,2002-06-08T14:55:00,2002-06-08T14:55:00,EST,0.0,12,12103,C,103,PINELLAS,1,0,0,0,,,,0,,0,1,begin_coordinates_missing_or_invalid|county_code_unverified|damage_crops_missing|damage_property_missing|end_coordinates_missing_or_invalid|no_valid_location_points|timezone_not_normalized_to_utc
5298529,1136453,2002,2002-06-28T15:10:00,2002-06-28T15:10:00,EST,0.0,12,12071,C,071,LEE,0,0,0,0,,,,0,,0,1,begin_coordinates_missing_or_invalid|county_code_unverified|damage_crops_missing|damage_property_missing|end_coordinates_missing_or_invalid|no_valid_location_points|timezone_not_normalized_to_utc
5298591,1135909,2002,2002-05-14T06:00:00,2002-05-24T06:00:00,CST,240.0,05,,Z,017,LAWRENCE,0,0,0,0,0,5000,,0,,0,1,begin_coordinates_missing_or_invalid|end_coordinates_missing_or_invalid|no_valid_location_points|requires_crosswalk_or_marine_review|timezone_not_normalized_to_utc
5298592,1135909,2002,2002-05-14T06:00:00,2002-05-24T06:00:00,CST,240.0,05,,Z,009,CLAY,0,0,0,0,0,5000,,0,,0,1,begin_coordinates_missing_or_invalid|end_coordinates_missing_or_invalid|no_valid_location_points|requires_crosswalk_or_marine_review|timezone_not_normalized_to_utc
5298593,1135909,2002,2002-05-14T06:00:00,2002-05-24T06:00:00,CST,240.0,05,,Z,018,GREENE,0,0,0,0,0,5000,,0,,0,1,begin_coordinates_missing_or_invalid|end_coordinates_missing_or_invalid|no_valid_location_points|requires_crosswalk_or_marine_review|timezone_not_normalized_to_utc
5298594,1135909,2002,2002-05-14T06:00:00,2002-05-24T06:00:00,CST,240.0,05,,Z,028,MISSISSIPPI,0,0,0,0,0,25000,,0,,0,1,begin_coordinates_missing_or_invalid|end_coordinates_missing_or_invalid|no_valid_location_points|requires_crosswalk_or_marine_review|timezone_not_normalized_to_utc
5298595,1135909,2002,2002-05-14T06:00:00,2002-05-24T06:00:00,CST,240.0,05,,Z,026,CRAIGHEAD,0,0,0,0,0,5000,,0,,0,1,begin_coordinates_missing_or_invalid|end_coordinates_missing_or_invalid|no_valid_location_points|requires_crosswalk_or_marine_review|timezone_not_normalized_to_utc
5298596,1135909,2002,2002-05-14T06:00:00,2002-05-24T06:00:00,CST,240.0,05,,Z,036,CRITTENDEN,0,0,0,0,0,5000,,0,,0,1,begin_coordinates_missing_or_invalid|end_coordinates_missing_or_invalid|no_valid_location_points|requires_crosswalk_or_marine_review|timezone_not_normalized_to_utc
5298597,1135909,2002,2002-05-14T06:00:00,2002-05-24T06:00:00,CST,240.0,05,,Z,008,RANDOLPH,0,0,0,0,0,5000,,0,,0,1,begin_coordinates_missing_or_invalid|end_coordinates_missing_or_invalid|no_valid_location_points|requires_crosswalk_or_marine_review|timezone_not_normalized_to_utc
5298599,1135911,2002,2002-05-14T06:00:00,2002-05-24T06:00:00,CST,240.0,47,,Z,001,LAKE,0,0,0,0,50000,,,0,,0,1,begin_coordinates_missing_or_invalid|damage_crops_missing|end_coordinates_missing_or_invalid|no_valid_location_points|requires_crosswalk_or_marine_review|timezone_not_normalized_to_utc
5298600,1135911,2002,2002-05-14T06:00:00,2002-05-24T06:00:00,CST,240.0,47,,Z,019,DYER,0,0,0,0,5000,,,0,,0,1,begin_coordinates_missing_or_invalid|damage_crops_missing|end_coordinates_missing_or_invalid|no_valid_location_points|requires_crosswalk_or_marine_review|timezone_not_normalized_to_utc
5298601,1135911,2002,2002-05-14T06:00:00,2002-05-24T06:00:00,CST,240.0,47,,Z,048,LAUDERDALE,0,0,0,0,1000,,,0,,0,1,begin_coordinates_missing_or_invalid|damage_crops_missing|end_coordinates_missing_or_invalid|no_valid_location_points|requires_crosswalk_or_marine_review|timezone_not_normalized_to_utc
5298723,1135918,2002,2002-06-03T19:00:00,2002-06-03T21:00:00,CST,2.0,17,17037,C,037,DE KALB,0,0,0,0,,,,0,,0,1,begin_coordinates_missing_or_invalid|county_code_unverified|damage_crops_missing|damage_property_missing|end_coordinates_missing_or_invalid|no_valid_location_points|timezone_not_normalized_to_utc
5298796,1135824,2002,2002-05-07T06:10:00,2002-05-07T07:30:00,EST,1.3333333333333333,18,,Z,058,FAYETTE,0,0,0,0,,,,0,,0,1,begin_coordinates_missing_or_invalid|damage_crops_missing|damage_property_missing|end_coordinates_missing_or_invalid|no_valid_location_points|requires_crosswalk_or_marine_review|timezone_not_normalized_to_utc
5298809,1135920,2002,2002-06-04T07:00:00,2002-06-04T14:00:00,CST,7.0,17,,Z,004,BOONE,0,0,0,0,,,,0,,0,1,begin_coordinates_missing_or_invalid|damage_crops_missing|damage_property_missing|end_coordinates_missing_or_invalid|no_valid_location_points|requires_crosswalk_or_marine_review|timezone_not_normalized_to_utc
5298810,1135920,2002,2002-06-04T07:00:00,2002-06-04T14:00:00,CST,7.0,17,,Z,014,COOK,0,0,0,0,,,,0,,0,1,begin_coordinates_missing_or_invalid|damage_crops_missing|damage_property_missing|end_coordinates_missing_or_invalid|no_valid_location_points|requires_crosswalk_or_marine_review|timezone_not_normalized_to_utc
5298811,1135920,2002,2002-06-04T07:00:00,2002-06-04T14:00:00,CST,7.0,17,,Z,011,DE KALB,0,0,0,0,,,,0,,0,1,begin_coordinates_missing_or_invalid|damage_crops_missing|damage_property_missing|end_coordinates_missing_or_invalid|no_valid_location_points|requires_crosswalk_or_marine_review|timezone_not_normalized_to_utc
5298812,1135920,2002,2002-06-04T07:00:00,2002-06-04T14:00:00,CST,7.0,17,,Z,013,DU PAGE,0,0,0,0,,,,0,,0,1,begin_coordinates_missing_or_invalid|damage_crops_missing|damage_property_missing|end_coordinates_missing_or_invalid|no_valid_location_points|requires_crosswalk_or_marine_review|timezone_not_normalized_to_utc
5298813,1135920,2002,2002-06-04T07:00:00,2002-06-04T14:00:00,CST,7.0,17,,Z,012,KANE,0,0,0,0,,,,0,,0,1,begin_coordinates_missing_or_invalid|damage_crops_missing|damage_property_missing|end_coordinates_missing_or_invalid|no_valid_location_points|requires_crosswalk_or_marine_review|timezone_not_normalized_to_utc
5298814,1135920,2002,2002-06-04T07:00:00,2002-06-04T14:00:00,CST,7.0,17,,Z,019,LA SALLE,0,0,0,0,,,,0,,0,1,begin_coordinates_missing_or_invalid|damage_crops_missing|damage_property_missing|end_coordinates_missing_or_invalid|no_valid_location_points|requires_crosswalk_or_marine_review|timezone_not_normalized_to_utc
5298815,1135920,2002,2002-06-04T07:00:00,2002-06-04T14:00:00,CST,7.0,17,,Z,006,LAKE,0,0,0,0,,,,0,,0,1,begin_coordinates_missing_or_invalid|damage_crops_missing|damage_property_missing|end_coordinates_missing_or_invalid|no_valid_location_points|requires_crosswalk_or_marine_review|timezone_not_normalized_to_utc
5298816,1135920,2002,2002-06-04T07:00:00,2002-06-04T14:00:00,CST,7.0,17,,Z,010,LEE,0,0,0,0,,,,0,,0,1,begin_coordinates_missing_or_invalid|damage_crops_missing|damage_property_missing|end_coordinates_missing_or_invalid|no_valid_location_points|requires_crosswalk_or_marine_review|timezone_not_normalized_to_utc
5298817,1135920,2002,2002-06-04T07:00:00,2002-06-04T14:00:00,CST,7.0,17,,Z,005,MCHENRY,0,0,0,0,,,,0,,0,1,begin_coordinates_missing_or_invalid|damage_crops_missing|damage_property_missing|end_coordinates_missing_or_invalid|no_valid_location_points|requires_crosswalk_or_marine_review|timezone_not_normalized_to_utc
5298818,1135920,2002,2002-06-04T07:00:00,2002-06-04T14:00:00,CST,7.0,17,,Z,008,OGLE,0,0,0,0,,,,0,,0,1,begin_coordinates_missing_or_invalid|damage_crops_missing|damage_property_missing|end_coordinates_missing_or_invalid|no_valid_location_points|requires_crosswalk_or_marine_review|timezone_not_normalized_to_utc
5298819,1135920,2002,2002-06-04T07:00:00,2002-06-04T14:00:00,CST,7.0,17,,Z,003,WINNEBAGO,0,0,0,0,,,,0,,0,1,begin_coordinates_missing_or_invalid|damage_crops_missing|damage_property_missing|end_coordinates_missing_or_invalid|no_valid_location_points|requires_crosswalk_or_marine_review|timezone_not_normalized_to_utc
5298877,1135786,2002,2002-05-13T00:00:00,2002-05-14T13:00:00,EST,37.0,26,,Z,082,LENAWEE,0,0,0,0,,,,0,,0,1,begin_coordinates_missing_or_invalid|damage_crops_missing|damage_property_missing|end_coordinates_missing_or_invalid|no_valid_location_points|requires_crosswalk_or_marine_review|timezone_not_normalized_to_utc
5298878,1135787,2002,2002-05-13T07:00:00,2002-05-31T14:00:00,EST,439.0,26,,Z,068,LIVINGSTON,0,0,0,0,,,,0,,0,1,begin_coordinates_missing_or_invalid|damage_crops_missing|damage_property_missing|end_coordinates_missing_or_invalid|no_valid_location_points|requires_crosswalk_or_marine_review|timezone_not_normalized_to_utc
5298900,1135825,2002,2002-05-07T06:48:00,2002-05-07T08:00:00,EST,1.2,39,,Z,070,BUTLER,0,0,0,0,25000,,,0,,0,1,begin_coordinates_missing_or_invalid|damage_crops_missing|end_coordinates_missing_or_invalid|no_valid_location_points|requires_crosswalk_or_marine_review|timezone_not_normalized_to_utc
5298901,1135825,2002,2002-05-07T06:10:00,2002-05-07T07:30:00,EST,1.3333333333333333,39,,Z,077,HAMILTON,0,0,0,0,,,,0,,0,1,begin_coordinates_missing_or_invalid|damage_crops_missing|damage_property_missing|end_coordinates_missing_or_invalid|no_valid_location_points|requires_crosswalk_or_marine_review|timezone_not_normalized_to_utc
5298902,1135825,2002,2002-05-07T07:15:00,2002-05-07T08:15:00,EST,1.0,39,,Z,071,WARREN,0,0,0,0,,,,0,,0,1,begin_coordinates_missing_or_invalid|damage_crops_missing|damage_property_missing|end_coordinates_missing_or_invalid|no_valid_location_points|requires_crosswalk_or_marine_review|timezone_not_normalized_to_utc
5298903,1135825,2002,2002-05-07T06:50:00,2002-05-07T08:00:00,EST,1.1666666666666667,39,,Z,072,CLINTON,0,0,0,0,,,,0,,0,1,begin_coordinates_missing_or_invalid|damage_crops_missing|damage_property_missing|end_coordinates_missing_or_invalid|no_valid_location_points|requires_crosswalk_or_marine_review|timezone_not_normalized_to_utc
5298907,1135827,2002,2002-05-08T08:19:00,2002-05-08T09:15:00,EST,0.9333333333333333,18,,Z,073,RIPLEY,0,0,0,0,,,,0,,0,1,begin_coordinates_missing_or_invalid|damage_crops_missing|damage_property_missing|end_coordinates_missing_or_invalid|no_valid_location_points|requires_crosswalk_or_marine_review|timezone_not_normalized_to_utc
5299001,1135828,2002,2002-05-08T09:30:00,2002-05-08T09:30:00,EST,0.0,21,,Z,096,PENDLETON,0,0,0,0,,,,0,,0,1,begin_coordinates_missing_or_invalid|damage_crops_missing|damage_property_missing|end_coordinates_missing_or_invalid|no_valid_location_points|requires_crosswalk_or_marine_review|timezone_not_normalized_to_utc
5299095,1135833,2002,2002-05-13T08:00:00,2002-05-13T08:15:00,EST,0.25,18,,Z,058,FAYETTE,0,0,0,0,,,,0,,0,1,begin_coordinates_missing_or_invalid|damage_crops_missing|damage_property_missing|end_coordinates_missing_or_invalid|no_valid_location_points|requires_crosswalk_or_marine_review|timezone_not_normalized_to_utc
5299096,1135833,2002,2002-05-13T07:00:00,2002-05-13T08:15:00,EST,1.25,18,,Z,059,UNION,0,0,0,0,,,,0,,0,1,begin_coordinates_missing_or_invalid|damage_crops_missing|damage_property_missing|end_coordinates_missing_or_invalid|no_valid_location_points|requires_crosswalk_or_marine_review|timezone_not_normalized_to_utc
5299097,1135833,2002,2002-05-13T09:00:00,2002-05-13T09:20:00,EST,0.3333333333333333,18,,Z,074,DEARBORN,0,0,0,0,,,,0,,0,1,begin_coordinates_missing_or_invalid|damage_crops_missing|damage_property_missing|end_coordinates_missing_or_invalid|no_valid_location_points|requires_crosswalk_or_marine_review|timezone_not_normalized_to_utc
5299098,1135833,2002,2002-05-13T08:00:00,2002-05-13T09:00:00,EST,1.0,18,,Z,066,FRANKLIN,0,0,0,0,,,,0,,0,1,begin_coordinates_missing_or_invalid|damage_crops_missing|damage_property_missing|end_coordinates_missing_or_invalid|no_valid_location_points|requires_crosswalk_or_marine_review|timezone_not_normalized_to_utc
5299099,1135833,2002,2002-05-13T08:45:00,2002-05-13T09:15:00,EST,0.5,18,,Z,073,RIPLEY,0,0,0,0,,,,0,,0,1,begin_coordinates_missing_or_invalid|damage_crops_missing|damage_property_missing|end_coordinates_missing_or_invalid|no_valid_location_points|requires_crosswalk_or_marine_review|timezone_not_normalized_to_utc
5299100,1135833,2002,2002-05-13T08:00:00,2002-05-13T09:00:00,EST,1.0,18,,Z,075,OHIO,0,0,0,0,,,,0,,0,1,begin_coordinates_missing_or_invalid|damage_crops_missing|damage_property_missing|end_coordinates_missing_or_invalid|no_valid_location_points|requires_crosswalk_or_marine_review|timezone_not_normalized_to_utc
5299116,1135948,2002,2002-05-14T07:00:00,2002-05-15T23:59:00,EST,40.983333333333334,36,,Z,038,SOUTHERN HERKIMER,0,0,0,0,,,,0,,0,1,begin_coordinates_missing_or_invalid|damage_crops_missing|damage_property_missing|end_coordinates_missing_or_invalid|no_valid_location_points|requires_crosswalk_or_marine_review|timezone_not_normalized_to_utc
5299117,1135948,2002,2002-05-13T19:00:00,2002-05-15T10:00:00,EST,39.0,36,,Z,050,SOUTHERN SARATOGA,0,0,0,0,25000,,,0,,0,1,begin_coordinates_missing_or_invalid|damage_crops_missing|end_coordinates_missing_or_invalid|no_valid_location_points|requires_crosswalk_or_marine_review|timezone_not_normalized_to_utc
5299147,1135511,2002,2002-05-08T01:00:00,2002-05-09T12:00:00,CST,35.0,29,,Z,102,BARRY,0,0,0,0,300000,,,0,,0,1,begin_coordinates_missing_or_invalid|damage_crops_missing|end_coordinates_missing_or_invalid|no_valid_location_points|requires_crosswalk_or_marine_review|timezone_not_normalized_to_utc
5299148,1135511,2002,2002-05-08T00:00:00,2002-05-09T12:00:00,CST,36.0,29,,Z,077,BARTON,0,0,0,0,300000,200000,,0,,0,1,begin_coordinates_missing_or_invalid|end_coordinates_missing_or_invalid|no_valid_location_points|requires_crosswalk_or_marine_review|timezone_not_normalized_to_utc
5299149,1135511,2002,2002-05-08T02:00:00,2002-05-09T12:00:00,CST,34.0,29,,Z,055,BENTON,0,0,0,0,10000,,,0,,0,1,begin_coordinates_missing_or_invalid|damage_crops_missing|end_coordinates_missing_or_invalid|no_valid_location_points|requires_crosswalk_or_marine_review|timezone_not_normalized_to_utc
5299150,1135511,2002,2002-05-08T00:00:00,2002-05-09T12:00:00,CST,36.0,29,,Z,069,CAMDEN,0,0,0,0,200000,,,0,,0,1,begin_coordinates_missing_or_invalid|damage_crops_missing|end_coordinates_missing_or_invalid|no_valid_location_points|requires_crosswalk_or_marine_review|timezone_not_normalized_to_utc
5299151,1135511,2002,2002-05-07T20:00:00,2002-05-09T12:00:00,CST,40.0,29,,Z,078,CEDAR,0,0,0,0,200000,,,0,,0,1,begin_coordinates_missing_or_invalid|damage_crops_missing|end_coordinates_missing_or_invalid|no_valid_location_points|requires_crosswalk_or_marine_review|timezone_not_normalized_to_utc
5299152,1135511,2002,2002-05-08T00:00:00,2002-05-09T12:00:00,CST,36.0,29,,Z,095,CHRISTIAN,0,0,0,0,150000,,,0,,0,1,begin_coordinates_missing_or_invalid|damage_crops_missing|end_coordinates_missing_or_invalid|no_valid_location_points|requires_crosswalk_or_marine_review|timezone_not_normalized_to_utc
5299153,1135511,2002,2002-05-08T01:00:00,2002-05-09T12:00:00,CST,35.0,29,,Z,089,DADE,0,0,0,0,1500000.0,,,0,,0,1,begin_coordinates_missing_or_invalid|damage_crops_missing|end_coordinates_missing_or_invalid|no_valid_location_points|requires_crosswalk_or_marine_review|timezone_not_normalized_to_utc
5299154,1135511,2002,2002-05-08T00:00:00,2002-05-09T12:00:00,CST,36.0,29,,Z,080,DALLAS,0,0,0,0,3500000.0,,,0,,0,1,begin_coordinates_missing_or_invalid|damage_crops_missing|end_coordinates_missing_or_invalid|no_valid_location_points|requires_crosswalk_or_marine_review|timezone_not_normalized_to_utc
5299155,1135511,2002,2002-05-08T00:00:00,2002-05-09T12:00:00,CST,36.0,29,,Z,083,DENT,0,0,0,0,250000,,,0,,0,1,begin_coordinates_missing_or_invalid|damage_crops_missing|end_coordinates_missing_or_invalid|no_valid_location_points|requires_crosswalk_or_marine_review|timezone_not_normalized_to_utc
5299156,1135511,2002,2002-05-08T00:00:00,2002-05-09T12:00:00,CST,36.0,29,,Z,096,DOUGLAS,0,0,0,0,250000,,,0,,0,1,begin_coordinates_missing_or_invalid|damage_crops_missing|end_coordinates_missing_or_invalid|no_valid_location_points|requires_crosswalk_or_marine_review|timezone_not_normalized_to_utc
5299157,1135511,2002,2002-05-08T00:00:00,2002-05-09T12:00:00,CST,36.0,29,,Z,090,GREENE,0,0,0,0,1250000.00,,,0,,0,1,begin_coordinates_missing_or_invalid|damage_crops_missing|end_coordinates_missing_or_invalid|no_valid_location_points|requires_crosswalk_or_marine_review|timezone_not_normalized_to_utc
5299158,1135511,2002,2002-05-07T19:30:00,2002-05-09T12:00:00,CST,40.5,29,,Z,068,HICKORY,0,0,0,0,10000,,,0,,0,1,begin_coordinates_missing_or_invalid|damage_crops_missing|end_coordinates_missing_or_invalid|no_valid_location_points|requires_crosswalk_or_marine_review|timezone_not_normalized_to_utc
5299159,1135511,2002,2002-05-08T00:00:00,2002-05-09T12:00:00,CST,36.0,29,,Z,097,HOWELL,0,0,0,0,2000000,,,0,,0,1,begin_coordinates_missing_or_invalid|damage_crops_missing|end_coordinates_missing_or_invalid|no_valid_location_points|requires_crosswalk_or_marine_review|timezone_not_normalized_to_utc
5299160,1135511,2002,2002-05-08T00:00:00,2002-05-09T12:00:00,CST,36.0,29,,Z,088,JASPER,0,0,1,0,10000,,,1,,0,1,begin_coordinates_missing_or_invalid|damage_crops_missing|end_coordinates_missing_or_invalid|no_valid_location_points|requires_crosswalk_or_marine_review|timezone_not_normalized_to_utc
5299161,1135511,2002,2002-05-08T00:00:00,2002-05-09T12:00:00,CST,36.0,29,,Z,081,LACLEDE,0,0,0,0,150000,,,0,,0,1,begin_coordinates_missing_or_invalid|damage_crops_missing|end_coordinates_missing_or_invalid|no_valid_location_points|requires_crosswalk_or_marine_review|timezone_not_normalized_to_utc
5299162,1135511,2002,2002-05-08T01:00:00,2002-05-09T12:00:00,CST,35.0,29,,Z,094,LAWRENCE,0,0,0,0,150000,,,0,,0,1,begin_coordinates_missing_or_invalid|damage_crops_missing|end_coordinates_missing_or_invalid|no_valid_location_points|requires_crosswalk_or_marine_review|timezone_not_normalized_to_utc
5299163,1135511,2002,2002-05-08T04:00:00,2002-05-09T12:00:00,CST,32.0,29,,Z,058,MARIES,0,0,0,0,10000,,,0,,0,1,begin_coordinates_missing_or_invalid|damage_crops_missing|end_coordinates_missing_or_invalid|no_valid_location_points|requires_crosswalk_or_marine_review|timezone_not_normalized_to_utc
5299164,1135511,2002,2002-05-08T00:00:00,2002-05-09T12:00:00,CST,36.0,29,,Z,101,MCDONALD,0,0,0,0,500000,,,0,,0,1,begin_coordinates_missing_or_invalid|damage_crops_missing|end_coordinates_missing_or_invalid|no_valid_location_points|requires_crosswalk_or_marine_review|timezone_not_normalized_to_utc
5299165,1135511,2002,2002-05-08T00:00:00,2002-05-09T12:00:00,CST,36.0,29,,Z,057,MILLER,0,0,0,0,300000,,,0,,0,1,begin_coordinates_missing_or_invalid|damage_crops_missing|end_coordinates_missing_or_invalid|no_valid_location_points|requires_crosswalk_or_marine_review|timezone_not_normalized_to_utc
5299166,1135511,2002,2002-05-08T00:00:00,2002-05-09T12:00:00,CST,36.0,29,,Z,056,MORGAN,0,0,0,0,10000,,,0,,0,1,begin_coordinates_missing_or_invalid|damage_crops_missing|end_coordinates_missing_or_invalid|no_valid_location_points|requires_crosswalk_or_marine_review|timezone_not_normalized_to_utc
5299167,1135511,2002,2002-05-08T00:00:00,2002-05-09T12:00:00,CST,36.0,29,,Z,093,NEWTON,0,0,1,0,10000,,,1,,0,1,begin_coordinates_missing_or_invalid|damage_crops_missing|end_coordinates_missing_or_invalid|no_valid_location_points|requires_crosswalk_or_marine_review|timezone_not_normalized_to_utc
5299168,1135511,2002,2002-05-08T00:00:00,2002-05-09T12:00:00,CST,36.0,29,,Z,106,OREGON,0,0,0,0,20000,,,0,,0,1,begin_coordinates_missing_or_invalid|damage_crops_missing|end_coordinates_missing_or_invalid|no_valid_location_points|requires_crosswalk_or_marine_review|timezone_not_normalized_to_utc
5299169,1135511,2002,2002-05-08T00:00:00,2002-05-09T12:00:00,CST,36.0,29,,Z,105,OZARK,0,0,0,0,10000,,,0,,0,1,begin_coordinates_missing_or_invalid|damage_crops_missing|end_coordinates_missing_or_invalid|no_valid_location_points|requires_crosswalk_or_marine_review|timezone_not_normalized_to_utc
5299170,1135511,2002,2002-05-08T00:00:00,2002-05-09T12:00:00,CST,36.0,29,,Z,071,PHELPS,0,0,0,0,10000,,,0,,0,1,begin_coordinates_missing_or_invalid|damage_crops_missing|end_coordinates_missing_or_invalid|no_valid_location_points|requires_crosswalk_or_marine_review|timezone_not_normalized_to_utc
5299171,1135511,2002,2002-05-08T00:00:00,2002-05-09T12:00:00,CST,36.0,29,,Z,079,POLK,0,0,0,0,25000,,,0,,0,1,begin_coordinates_missing_or_invalid|damage_crops_missing|end_coordinates_missing_or_invalid|no_valid_location_points|requires_crosswalk_or_marine_review|timezone_not_normalized_to_utc
5299172,1135511,2002,2002-05-08T00:00:00,2002-05-09T12:00:00,CST,36.0,29,,Z,070,PULASKI,0,0,0,0,100000,,,0,,0,1,begin_coordinates_missing_or_invalid|damage_crops_missing|end_coordinates_missing_or_invalid|no_valid_location_points|requires_crosswalk_or_marine_review|timezone_not_normalized_to_utc
5299173,1135511,2002,2002-05-08T00:00:00,2002-05-09T12:00:00,CST,36.0,29,,Z,098,SHANNON,0,0,0,0,10000,,,0,,0,1,begin_coordinates_missing_or_invalid|damage_crops_missing|end_coordinates_missing_or_invalid|no_valid_location_points|requires_crosswalk_or_marine_review|timezone_not_normalized_to_utc
5299174,1135511,2002,2002-05-08T00:00:00,2002-05-09T12:00:00,CST,36.0,29,,Z,067,ST. CLAIR,0,0,0,0,10000,,,0,,0,1,begin_coordinates_missing_or_invalid|damage_crops_missing|end_coordinates_missing_or_invalid|no_valid_location_points|requires_crosswalk_or_marine_review|timezone_not_normalized_to_utc
5299175,1135511,2002,2002-05-08T00:00:00,2002-05-09T12:00:00,CST,36.0,29,,Z,103,STONE,0,0,0,0,350000,,,0,,0,1,begin_coordinates_missing_or_invalid|damage_crops_missing|end_coordinates_missing_or_invalid|no_valid_location_points|requires_crosswalk_or_marine_review|timezone_not_normalized_to_utc
5299176,1135511,2002,2002-05-08T00:00:00,2002-05-09T12:00:00,CST,36.0,29,,Z,104,TANEY,0,0,0,0,400000,,,0,,0,1,begin_coordinates_missing_or_invalid|damage_crops_missing|end_coordinates_missing_or_invalid|no_valid_location_points|requires_crosswalk_or_marine_review|timezone_not_normalized_to_utc
5299177,1135511,2002,2002-05-08T00:00:00,2002-05-09T12:00:00,CST,36.0,29,,Z,082,TEXAS,0,0,0,0,100000,,,0,,0,1,begin_coordinates_missing_or_invalid|damage_crops_missing|end_coordinates_missing_or_invalid|no_valid_location_points|requires_crosswalk_or_marine_review|timezone_not_normalized_to_utc
5299178,1135511,2002,2002-05-07T21:00:00,2002-05-09T12:00:00,CST,39.0,29,,Z,066,VERNON,0,0,0,0,10000,,,0,,0,1,begin_coordinates_missing_or_invalid|damage_crops_missing|end_coordinates_missing_or_invalid|no_valid_location_points|requires_crosswalk_or_marine_review|timezone_not_normalized_to_utc
5299179,1135511,2002,2002-05-08T00:00:00,2002-05-09T12:00:00,CST,36.0,29,,Z,091,WEBSTER,0,0,0,0,2000000,,,0,,0,1,begin_coordinates_missing_or_invalid|damage_crops_missing|end_coordinates_missing_or_invalid|no_valid_location_points|requires_crosswalk_or_marine_review|timezone_not_normalized_to_utc
5299180,1135511,2002,2002-05-08T04:00:00,2002-05-09T12:00:00,CST,32.0,29,,Z,092,WRIGHT,0,0,0,0,150000,,,0,,0,1,begin_coordinates_missing_or_invalid|damage_crops_missing|end_coordinates_missing_or_invalid|no_valid_location_points|requires_crosswalk_or_marine_review|timezone_not_normalized_to_utc
5299212,1135833,2002,2002-05-13T14:00:00,2002-05-13T14:30:00,EST,0.5,18,,Z,050,WAYNE,0,0,0,0,,,,0,,0,1,begin_coordinates_missing_or_invalid|damage_crops_missing|damage_property_missing|end_coordinates_missing_or_invalid|no_valid_location_points|requires_crosswalk_or_marine_review|timezone_not_normalized_to_utc
5299213,1135834,2002,2002-05-13T08:00:00,2002-05-13T08:20:00,EST,0.3333333333333333,39,,Z,060,PREBLE,0,0,0,0,,,,0,,0,1,begin_coordinates_missing_or_invalid|damage_crops_missing|damage_property_missing|end_coordinates_missing_or_invalid|no_valid_location_points|requires_crosswalk_or_marine_review|timezone_not_normalized_to_utc
5299214,1135834,2002,2002-05-13T08:30:00,2002-05-13T09:00:00,EST,0.5,39,,Z,077,HAMILTON,0,0,0,0,,,,0,,0,1,begin_coordinates_missing_or_invalid|damage_crops_missing|damage_property_missing|end_coordinates_missing_or_invalid|no_valid_location_points|requires_crosswalk_or_marine_review|timezone_not_normalized_to_utc
5299215,1135834,2002,2002-05-13T08:30:00,2002-05-13T09:00:00,EST,0.5,39,,Z,070,BUTLER,0,0,0,0,,,,0,,0,1,begin_coordinates_missing_or_invalid|damage_crops_missing|damage_property_missing|end_coordinates_missing_or_invalid|no_valid_location_points|requires_crosswalk_or_marine_review|timezone_not_normalized_to_utc
5299262,1135513,2002,2002-05-12T21:00:00,2002-05-13T11:00:00,CST,14.0,29,,Z,102,BARRY,0,0,0,0,0,,,0,,0,1,begin_coordinates_missing_or_invalid|damage_crops_missing|end_coordinates_missing_or_invalid|no_valid_location_points|requires_crosswalk_or_marine_review|timezone_not_normalized_to_utc
5299263,1135513,2002,2002-05-12T16:00:00,2002-05-13T11:00:00,CST,19.0,29,,Z,077,BARTON,0,0,0,0,0,,,0,,0,1,begin_coordinates_missing_or_invalid|damage_crops_missing|end_coordinates_missing_or_invalid|no_valid_location_points|requires_crosswalk_or_marine_review|timezone_not_normalized_to_utc
5299264,1135513,2002,2002-05-12T18:00:00,2002-05-13T11:00:00,CST,17.0,29,,Z,055,BENTON,0,0,0,0,0,,,0,,0,1,begin_coordinates_missing_or_invalid|damage_crops_missing|end_coordinates_missing_or_invalid|no_valid_location_points|requires_crosswalk_or_marine_review|timezone_not_normalized_to_utc
5299265,1135513,2002,2002-05-12T19:00:00,2002-05-13T11:00:00,CST,16.0,29,,Z,069,CAMDEN,0,0,0,0,0,,,0,,0,1,begin_coordinates_missing_or_invalid|damage_crops_missing|end_coordinates_missing_or_invalid|no_valid_location_points|requires_crosswalk_or_marine_review|timezone_not_normalized_to_utc
5299266,1135513,2002,2002-05-12T18:00:00,2002-05-13T17:00:00,CST,23.0,29,,Z,078,CEDAR,0,0,0,0,0,,,0,,0,1,begin_coordinates_missing_or_invalid|damage_crops_missing|end_coordinates_missing_or_invalid|no_valid_location_points|requires_crosswalk_or_marine_review|timezone_not_normalized_to_utc
5299267,1135513,2002,2002-05-12T21:00:00,2002-05-13T11:00:00,CST,14.0,29,,Z,095,CHRISTIAN,0,0,0,0,0,,,0,,0,1,begin_coordinates_missing_or_invalid|damage_crops_missing|end_coordinates_missing_or_invalid|no_valid_location_points|requires_crosswalk_or_marine_review|timezone_not_normalized_to_utc
5299268,1135513,2002,2002-05-12T19:00:00,2002-05-13T11:00:00,CST,16.0,29,,Z,089,DADE,0,0,0,0,0,,,0,,0,1,begin_coordinates_missing_or_invalid|damage_crops_missing|end_coordinates_missing_or_invalid|no_valid_location_points|requires_crosswalk_or_marine_review|timezone_not_normalized_to_utc
5299269,1135513,2002,2002-05-12T18:45:00,2002-05-13T17:00:00,CST,22.25,29,,Z,080,DALLAS,0,0,0,0,20000,,,0,,0,1,begin_coordinates_missing_or_invalid|damage_crops_missing|end_coordinates_missing_or_invalid|no_valid_location_points|requires_crosswalk_or_marine_review|timezone_not_normalized_to_utc
5299270,1135513,2002,2002-05-12T20:45:00,2002-05-14T08:00:00,CST,35.25,29,,Z,083,DENT,0,0,0,0,100000,,,0,,0,1,begin_coordinates_missing_or_invalid|damage_crops_missing|end_coordinates_missing_or_invalid|no_valid_location_points|requires_crosswalk_or_marine_review|timezone_not_normalized_to_utc
5299271,1135513,2002,2002-05-13T00:00:00,2002-05-13T17:00:00,CST,17.0,29,,Z,096,DOUGLAS,0,0,0,0,0,,,0,,0,1,begin_coordinates_missing_or_invalid|damage_crops_missing|end_coordinates_missing_or_invalid|no_valid_location_points|requires_crosswalk_or_marine_review|timezone_not_normalized_to_utc
5299272,1135513,2002,2002-05-12T21:00:00,2002-05-13T17:00:00,CST,20.0,29,,Z,090,GREENE,0,0,0,0,0,,,0,,0,1,begin_coordinates_missing_or_invalid|damage_crops_missing|end_coordinates_missing_or_invalid|no_valid_location_points|requires_crosswalk_or_marine_review|timezone_not_normalized_to_utc
5299273,1135513,2002,2002-05-12T21:00:00,2002-05-13T17:00:00,CST,20.0,29,,Z,068,HICKORY,0,0,0,0,0,,,0,,0,1,begin_coordinates_missing_or_invalid|damage_crops_missing|end_coordinates_missing_or_invalid|no_valid_location_points|requires_crosswalk_or_marine_review|timezone_not_normalized_to_utc
5299274,1135513,2002,2002-05-13T01:15:00,2002-05-13T17:00:00,CST,15.75,29,,Z,097,HOWELL,0,0,0,0,0,,,0,,0,1,begin_coordinates_missing_or_invalid|damage_crops_missing|end_coordinates_missing_or_invalid|no_valid_location_points|requires_crosswalk_or_marine_review|timezone_not_normalized_to_utc
5299275,1135513,2002,2002-05-12T20:30:00,2002-05-13T17:00:00,CST,20.5,29,,Z,088,JASPER,0,0,0,0,0,,,0,,0,1,begin_coordinates_missing_or_invalid|damage_crops_missing|end_coordinates_missing_or_invalid|no_valid_location_points|requires_crosswalk_or_marine_review|timezone_not_normalized_to_utc
5299276,1135513,2002,2002-05-12T18:45:00,2002-05-14T08:00:00,CST,37.25,29,,Z,081,LACLEDE,0,0,0,0,20000,,,0,,0,1,begin_coordinates_missing_or_invalid|damage_crops_missing|end_coordinates_missing_or_invalid|no_valid_location_points|requires_crosswalk_or_marine_review|timezone_not_normalized_to_utc
5299277,1135513,2002,2002-05-12T21:00:00,2002-05-13T17:00:00,CST,20.0,29,,Z,094,LAWRENCE,0,0,0,0,0,,,0,,0,1,begin_coordinates_missing_or_invalid|damage_crops_missing|end_coordinates_missing_or_invalid|no_valid_location_points|requires_crosswalk_or_marine_review|timezone_not_normalized_to_utc
5299278,1135513,2002,2002-05-12T22:00:00,2002-05-13T17:00:00,CST,19.0,29,,Z,058,MARIES,0,0,0,0,0,,,0,,0,1,begin_coordinates_missing_or_invalid|damage_crops_missing|end_coordinates_missing_or_invalid|no_valid_location_points|requires_crosswalk_or_marine_review|timezone_not_normalized_to_utc
5299279,1135513,2002,2002-05-12T21:00:00,2002-05-13T17:00:00,CST,20.0,29,,Z,101,MCDONALD,0,0,0,0,20000,,,0,,0,1,begin_coordinates_missing_or_invalid|damage_crops_missing|end_coordinates_missing_or_invalid|no_valid_location_points|requires_crosswalk_or_marine_review|timezone_not_normalized_to_utc
5299280,1135513,2002,2002-05-12T22:00:00,2002-05-13T17:00:00,CST,19.0,29,,Z,057,MILLER,0,0,0,0,20000,,,0,,0,1,begin_coordinates_missing_or_invalid|damage_crops_missing|end_coordinates_missing_or_invalid|no_valid_location_points|requires_crosswalk_or_marine_review|timezone_not_normalized_to_utc
5299281,1135513,2002,2002-05-12T21:00:00,2002-05-13T17:00:00,CST,20.0,29,,Z,056,MORGAN,0,0,0,0,0,,,0,,0,1,begin_coordinates_missing_or_invalid|damage_crops_missing|end_coordinates_missing_or_invalid|no_valid_location_points|requires_crosswalk_or_marine_review|timezone_not_normalized_to_utc
5299282,1135513,2002,2002-05-12T20:30:00,2002-05-13T17:00:00,CST,20.5,29,,Z,093,NEWTON,0,0,0,0,0,,,0,,0,1,begin_coordinates_missing_or_invalid|damage_crops_missing|end_coordinates_missing_or_invalid|no_valid_location_points|requires_crosswalk_or_marine_review|timezone_not_normalized_to_utc
5299283,1135513,2002,2002-05-12T21:00:00,2002-05-13T17:00:00,CST,20.0,29,,Z,106,OREGON,0,0,0,0,0,,,0,,0,1,begin_coordinates_missing_or_invalid|damage_crops_missing|end_coordinates_missing_or_invalid|no_valid_location_points|requires_crosswalk_or_marine_review|timezone_not_normalized_to_utc
5299284,1135513,2002,2002-05-13T01:00:00,2002-05-13T17:00:00,CST,16.0,29,,Z,105,OZARK,0,0,0,0,0,,,0,,0,1,begin_coordinates_missing_or_invalid|damage_crops_missing|end_coordinates_missing_or_invalid|no_valid_location_points|requires_crosswalk_or_marine_review|timezone_not_normalized_to_utc
5299285,1135513,2002,2002-05-12T19:00:00,2002-05-14T08:00:00,CST,37.0,29,,Z,071,PHELPS,0,0,0,0,0,,,0,,0,1,begin_coordinates_missing_or_invalid|damage_crops_missing|end_coordinates_missing_or_invalid|no_valid_location_points|requires_crosswalk_or_marine_review|timezone_not_normalized_to_utc
5299286,1135513,2002,2002-05-12T18:00:00,2002-05-14T05:00:00,CST,35.0,29,,Z,079,POLK,0,0,0,0,500000,,,0,,0,1,begin_coordinates_missing_or_invalid|damage_crops_missing|end_coordinates_missing_or_invalid|no_valid_location_points|requires_crosswalk_or_marine_review|timezone_not_normalized_to_utc
5299287,1135513,2002,2002-05-12T19:00:00,2002-05-14T08:00:00,CST,37.0,29,,Z,070,PULASKI,0,0,0,0,0,,,0,,0,1,begin_coordinates_missing_or_invalid|damage_crops_missing|end_coordinates_missing_or_invalid|no_valid_location_points|requires_crosswalk_or_marine_review|timezone_not_normalized_to_utc
5299288,1135513,2002,2002-05-13T01:00:00,2002-05-13T17:00:00,CST,16.0,29,,Z,098,SHANNON,0,0,0,0,0,,,0,,0,1,begin_coordinates_missing_or_invalid|damage_crops_missing|end_coordinates_missing_or_invalid|no_valid_location_points|requires_crosswalk_or_marine_review|timezone_not_normalized_to_utc
5299289,1135513,2002,2002-05-12T18:00:00,2002-05-13T17:00:00,CST,23.0,29,,Z,067,ST. CLAIR,0,0,0,0,0,,,0,,0,1,begin_coordinates_missing_or_invalid|damage_crops_missing|end_coordinates_missing_or_invalid|no_valid_location_points|requires_crosswalk_or_marine_review|timezone_not_normalized_to_utc
5299290,1135513,2002,2002-05-12T21:00:00,2002-05-13T17:00:00,CST,20.0,29,,Z,103,STONE,0,0,0,0,0,,,0,,0,1,begin_coordinates_missing_or_invalid|damage_crops_missing|end_coordinates_missing_or_invalid|no_valid_location_points|requires_crosswalk_or_marine_review|timezone_not_normalized_to_utc
5299311,1135839,2002,2002-05-28T06:30:00,2002-05-28T06:40:00,EST,0.16666666666666666,39,,Z,056,LICKING,0,0,0,0,,,,0,,0,1,begin_coordinates_missing_or_invalid|damage_crops_missing|damage_property_missing|end_coordinates_missing_or_invalid|no_valid_location_points|requires_crosswalk_or_marine_review|timezone_not_normalized_to_utc
5299312,1135839,2002,2002-05-28T11:00:00,2002-05-28T11:30:00,EST,0.5,39,,Z,055,FRANKLIN,0,0,0,0,,,,0,,0,1,begin_coordinates_missing_or_invalid|damage_crops_missing|damage_property_missing|end_coordinates_missing_or_invalid|no_valid_location_points|requires_crosswalk_or_marine_review|timezone_not_normalized_to_utc
5299313,1135839,2002,2002-05-28T13:15:00,2002-05-28T14:00:00,EST,0.75,39,,Z,078,CLERMONT,0,0,0,0,,,,0,,0,1,begin_coordinates_missing_or_invalid|damage_crops_missing|damage_property_missing|end_coordinates_missing_or_invalid|no_valid_location_points|requires_crosswalk_or_marine_review|timezone_not_normalized_to_utc
5299314,1135839,2002,2002-05-28T13:45:00,2002-05-28T14:10:00,EST,0.4166666666666667,39,,Z,077,HAMILTON,0,0,0,0,,,,0,,0,1,begin_coordinates_missing_or_invalid|damage_crops_missing|damage_property_missing|end_coordinates_missing_or_invalid|no_valid_location_points|requires_crosswalk_or_marine_review|timezone_not_normalized_to_utc
5299315,1135840,2002,2002-05-29T07:15:00,2002-05-29T07:45:00,EST,0.5,39,,Z,072,CLINTON,0,0,0,0,,,,0,,0,1,begin_coordinates_missing_or_invalid|damage_crops_missing|damage_property_missing|end_coordinates_missing_or_invalid|no_valid_location_points|requires_crosswalk_or_marine_review|timezone_not_normalized_to_utc
5299316,1135840,2002,2002-05-29T04:00:00,2002-05-29T04:25:00,EST,0.4166666666666667,39,,Z,064,PICKAWAY,0,0,0,0,,,,0,,0,1,begin_coordinates_missing_or_invalid|damage_crops_missing|damage_property_missing|end_coordinates_missing_or_invalid|no_valid_location_points|requires_crosswalk_or_marine_review|timezone_not_normalized_to_utc
5299331,1135513,2002,2002-05-13T01:00:00,2002-05-13T17:00:00,CST,16.0,29,,Z,104,TANEY,0,0,0,0,0,,,0,,0,1,begin_coordinates_missing_or_invalid|damage_crops_missing|end_coordinates_missing_or_invalid|no_valid_location_points|requires_crosswalk_or_marine_review|timezone_not_normalized_to_utc
5299332,1135513,2002,2002-05-12T22:00:00,2002-05-13T17:00:00,CST,19.0,29,,Z,082,TEXAS,0,0,0,0,20000,,,0,,0,1,begin_coordinates_missing_or_invalid|damage_crops_missing|end_coordinates_missing_or_invalid|no_valid_location_points|requires_crosswalk_or_marine_review|timezone_not_normalized_to_utc
5299333,1135513,2002,2002-05-12T22:00:00,2002-05-13T17:00:00,CST,19.0,29,,Z,066,VERNON,0,0,0,0,0,,,0,,0,1,begin_coordinates_missing_or_invalid|damage_crops_missing|end_coordinates_missing_or_invalid|no_valid_location_points|requires_crosswalk_or_marine_review|timezone_not_normalized_to_utc
5299334,1135513,2002,2002-05-12T21:00:00,2002-05-14T08:00:00,CST,35.0,29,,Z,091,WEBSTER,0,0,0,0,0,,,0,,0,1,begin_coordinates_missing_or_invalid|damage_crops_missing|end_coordinates_missing_or_invalid|no_valid_location_points|requires_crosswalk_or_marine_review|timezone_not_normalized_to_utc
5299335,1135513,2002,2002-05-12T21:00:00,2002-05-13T17:00:00,CST,20.0,29,,Z,092,WRIGHT,0,0,0,0,0,,,0,,0,1,begin_coordinates_missing_or_invalid|damage_crops_missing|end_coordinates_missing_or_invalid|no_valid_location_points|requires_crosswalk_or_marine_review|timezone_not_normalized_to_utc
5299349,1135515,2002,2002-05-17T10:00:00,2002-05-17T16:00:00,CST,6.0,29,,Z,095,CHRISTIAN,0,0,0,0,0,,,0,,0,1,begin_coordinates_missing_or_invalid|damage_crops_missing|end_coordinates_missing_or_invalid|no_valid_location_points|requires_crosswalk_or_marine_review|timezone_not_normalized_to_utc
5299350,1135515,2002,2002-05-17T02:00:00,2002-05-17T16:00:00,CST,14.0,29,,Z,083,DENT,0,0,0,0,0,,,0,,0,1,begin_coordinates_missing_or_invalid|damage_crops_missing|end_coordinates_missing_or_invalid|no_valid_location_points|requires_crosswalk_or_marine_review|timezone_not_normalized_to_utc
5299351,1135515,2002,2002-05-17T08:00:00,2002-05-17T16:00:00,CST,8.0,29,,Z,096,DOUGLAS,0,0,0,0,0,,,0,,0,1,begin_coordinates_missing_or_invalid|damage_crops_missing|end_coordinates_missing_or_invalid|no_valid_location_points|requires_crosswalk_or_marine_review|timezone_not_normalized_to_utc
5299352,1135515,2002,2002-05-17T09:00:00,2002-05-18T04:00:00,CST,19.0,29,,Z,097,HOWELL,0,0,0,0,0,,,0,,0,1,begin_coordinates_missing_or_invalid|damage_crops_missing|end_coordinates_missing_or_invalid|no_valid_location_points|requires_crosswalk_or_marine_review|timezone_not_normalized_to_utc
5299353,1135515,2002,2002-05-17T04:00:00,2002-05-17T16:00:00,CST,12.0,29,,Z,088,JASPER,0,0,0,0,0,,,0,,0,1,begin_coordinates_missing_or_invalid|damage_crops_missing|end_coordinates_missing_or_invalid|no_valid_location_points|requires_crosswalk_or_marine_review|timezone_not_normalized_to_utc
5299354,1135515,2002,2002-05-17T08:00:00,2002-05-17T16:00:00,CST,8.0,29,,Z,094,LAWRENCE,0,0,0,0,0,,,0,,0,1,begin_coordinates_missing_or_invalid|damage_crops_missing|end_coordinates_missing_or_invalid|no_valid_location_points|requires_crosswalk_or_marine_review|timezone_not_normalized_to_utc
5299355,1135515,2002,2002-05-17T08:00:00,2002-05-17T16:00:00,CST,8.0,29,,Z,058,MARIES,0,0,0,0,0,,,0,,0,1,begin_coordinates_missing_or_invalid|damage_crops_missing|end_coordinates_missing_or_invalid|no_valid_location_points|requires_crosswalk_or_marine_review|timezone_not_normalized_to_utc
5299356,1135515,2002,2002-05-17T08:00:00,2002-05-18T04:00:00,CST,20.0,29,,Z,101,MCDONALD,0,0,0,0,0,,,0,,0,1,begin_coordinates_missing_or_invalid|damage_crops_missing|end_coordinates_missing_or_invalid|no_valid_location_points|requires_crosswalk_or_marine_review|timezone_not_normalized_to_utc
5299357,1135515,2002,2002-05-17T08:00:00,2002-05-17T16:00:00,CST,8.0,29,,Z,093,NEWTON,0,0,0,0,0,,,0,,0,1,begin_coordinates_missing_or_invalid|damage_crops_missing|end_coordinates_missing_or_invalid|no_valid_location_points|requires_crosswalk_or_marine_review|timezone_not_normalized_to_utc
5299358,1135515,2002,2002-05-17T09:00:00,2002-05-18T04:00:00,CST,19.0,29,,Z,106,OREGON,0,0,0,0,0,,,0,,0,1,begin_coordinates_missing_or_invalid|damage_crops_missing|end_coordinates_missing_or_invalid|no_valid_location_points|requires_crosswalk_or_marine_review|timezone_not_normalized_to_utc
5299359,1135515,2002,2002-05-17T08:00:00,2002-05-17T16:00:00,CST,8.0,29,,Z,105,OZARK,0,0,0,0,0,,,0,,0,1,begin_coordinates_missing_or_invalid|damage_crops_missing|end_coordinates_missing_or_invalid|no_valid_location_points|requires_crosswalk_or_marine_review|timezone_not_normalized_to_utc
5299360,1135515,2002,2002-05-17T01:00:00,2002-05-17T16:00:00,CST,15.0,29,,Z,071,PHELPS,0,0,0,0,0,,,0,,0,1,begin_coordinates_missing_or_invalid|damage_crops_missing|end_coordinates_missing_or_invalid|no_valid_location_points|requires_crosswalk_or_marine_review|timezone_not_normalized_to_utc
5299361,1135515,2002,2002-05-17T06:00:00,2002-05-17T16:00:00,CST,10.0,29,,Z,070,PULASKI,0,0,0,0,0,,,0,,0,1,begin_coordinates_missing_or_invalid|damage_crops_missing|end_coordinates_missing_or_invalid|no_valid_location_points|requires_crosswalk_or_marine_review|timezone_not_normalized_to_utc
5299362,1135515,2002,2002-05-17T09:00:00,2002-05-18T04:00:00,CST,19.0,29,,Z,098,SHANNON,0,0,0,0,0,,,0,,0,1,begin_coordinates_missing_or_invalid|damage_crops_missing|end_coordinates_missing_or_invalid|no_valid_location_points|requires_crosswalk_or_marine_review|timezone_not_normalized_to_utc
5299363,1135515,2002,2002-05-17T09:00:00,2002-05-17T16:00:00,CST,7.0,29,,Z,103,STONE,0,0,0,0,0,,,0,,0,1,begin_coordinates_missing_or_invalid|damage_crops_missing|end_coordinates_missing_or_invalid|no_valid_location_points|requires_crosswalk_or_marine_review|timezone_not_normalized_to_utc
5299364,1135515,2002,2002-05-17T09:00:00,2002-05-17T16:00:00,CST,7.0,29,,Z,104,TANEY,0,0,0,0,0,,,0,,0,1,begin_coordinates_missing_or_invalid|damage_crops_missing|end_coordinates_missing_or_invalid|no_valid_location_points|requires_crosswalk_or_marine_review|timezone_not_normalized_to_utc
5299365,1135515,2002,2002-05-17T06:00:00,2002-05-18T04:00:00,CST,22.0,29,,Z,082,TEXAS,0,0,0,0,0,,,0,,0,1,begin_coordinates_missing_or_invalid|damage_crops_missing|end_coordinates_missing_or_invalid|no_valid_location_points|requires_crosswalk_or_marine_review|timezone_not_normalized_to_utc
5299366,1135515,2002,2002-05-17T06:00:00,2002-05-17T16:00:00,CST,10.0,29,,Z,091,WEBSTER,0,0,0,0,0,,,0,,0,1,begin_coordinates_missing_or_invalid|damage_crops_missing|end_coordinates_missing_or_invalid|no_valid_location_points|requires_crosswalk_or_marine_review|timezone_not_normalized_to_utc
5299367,1135515,2002,2002-05-17T06:00:00,2002-05-17T16:00:00,CST,10.0,29,,Z,092,WRIGHT,0,0,0,0,0,,,0,,0,1,begin_coordinates_missing_or_invalid|damage_crops_missing|end_coordinates_missing_or_invalid|no_valid_location_points|requires_crosswalk_or_marine_review|timezone_not_normalized_to_utc
5299368,1135516,2002,2002-05-08T00:00:00,2002-05-09T12:00:00,CST,36.0,20,,Z,073,BOURBON,0,0,0,0,0,200000,,0,,0,1,begin_coordinates_missing_or_invalid|end_coordinates_missing_or_invalid|no_valid_location_points|requires_crosswalk_or_marine_review|timezone_not_normalized_to_utc
5299369,1135516,2002,2002-05-08T00:00:00,2002-05-09T12:00:00,CST,36.0,20,,Z,101,CHEROKEE,0,0,0,0,0,200000,,0,,0,1,begin_coordinates_missing_or_invalid|end_coordinates_missing_or_invalid|no_valid_location_points|requires_crosswalk_or_marine_review|timezone_not_normalized_to_utc
5299370,1135516,2002,2002-05-08T00:00:00,2002-05-09T12:00:00,CST,36.0,20,,Z,097,CRAWFORD,0,0,0,0,65000,250000,,0,,0,1,begin_coordinates_missing_or_invalid|end_coordinates_missing_or_invalid|no_valid_location_points|requires_crosswalk_or_marine_review|timezone_not_normalized_to_utc
5299487,1135695,2002,2002-05-22T13:45:00,2002-05-31T23:59:00,PST,226.23333333333332,16,,Z,004,SHOSHONE/E KOOTENAI/E BENEWAH/E LATAH,0,0,0,0,,,,0,,0,1,begin_coordinates_missing_or_invalid|damage_crops_missing|damage_property_missing|end_coordinates_missing_or_invalid|no_valid_location_points|requires_crosswalk_or_marine_review|timezone_not_normalized_to_utc
5299596,1135994,2002,2002-05-13T14:00:00,2002-05-13T17:00:00,EST,3.0,36,36109,C,109,TOMPKINS,0,0,0,0,10000,,,0,,0,1,begin_coordinates_missing_or_invalid|county_code_unverified|damage_crops_missing|end_coordinates_missing_or_invalid|no_valid_location_points|timezone_not_normalized_to_utc
5299597,1135995,2002,2002-05-13T11:00:00,2002-05-13T20:00:00,EST,9.0,42,42069,C,069,LACKAWANNA,0,0,0,0,,,,0,,0,1,begin_coordinates_missing_or_invalid|county_code_unverified|damage_crops_missing|damage_property_missing|end_coordinates_missing_or_invalid|no_valid_location_points|timezone_not_normalized_to_utc
5299598,1135996,2002,2002-05-13T12:00:00,2002-05-14T06:00:00,EST,18.0,42,42079,C,079,LUZERNE,2,0,0,0,500000.0,,,0,,0,1,begin_coordinates_missing_or_invalid|county_code_unverified|damage_crops_missing|end_coordinates_missing_or_invalid|no_valid_location_points|timezone_not_normalized_to_utc
5299714,1135997,2002,2002-05-14T06:50:00,2002-05-14T09:00:00,EST,2.1666666666666665,36,36065,C,065,ONEIDA,0,0,0,0,,,,0,,0,1,begin_coordinates_missing_or_invalid|county_code_unverified|damage_crops_missing|damage_property_missing|end_coordinates_missing_or_invalid|no_valid_location_points|timezone_not_normalized_to_utc
5299771,1135746,2002,2002-05-28T05:00:00,2002-05-28T14:00:00,CST,9.0,31,,Z,088,JEFFERSON,0,0,0,0,,,,0,,0,1,begin_coordinates_missing_or_invalid|damage_crops_missing|damage_property_missing|end_coordinates_missing_or_invalid|no_valid_location_points|requires_crosswalk_or_marine_review|timezone_not_normalized_to_utc
5299772,1135747,2002,2002-05-11T19:00:00,2002-05-12T03:00:00,CST,8.0,31,,Z,051,SAUNDERS,0,0,0,0,,,,0,,0,1,begin_coordinates_missing_or_invalid|damage_crops_missing|damage_property_missing|end_coordinates_missing_or_invalid|no_valid_location_points|requires_crosswalk_or_marine_review|timezone_not_normalized_to_utc
5299853,1135561,2002,2002-05-02T16:30:00,2002-05-02T16:30:00,EST,0.0,42,,Z,071,PHILADELPHIA,0,0,1,0,0,0,,1,,0,1,begin_coordinates_missing_or_invalid|end_coordinates_missing_or_invalid|no_valid_location_points|requires_crosswalk_or_marine_review|timezone_not_normalized_to_utc
5299890,1135759,2002,2002-05-13T22:50:00,2002-05-14T02:00:00,EST,3.1666666666666665,36,,Z,035,EASTERN ESSEX,0,0,0,0,2000,,,0,,0,1,begin_coordinates_missing_or_invalid|damage_crops_missing|end_coordinates_missing_or_invalid|no_valid_location_points|requires_crosswalk_or_marine_review|timezone_not_normalized_to_utc
5299891,1135759,2002,2002-05-13T22:50:00,2002-05-14T02:00:00,EST,3.1666666666666665,36,,Z,034,WESTERN ESSEX,0,0,0,0,2000,,,0,,0,1,begin_coordinates_missing_or_invalid|damage_crops_missing|end_coordinates_missing_or_invalid|no_valid_location_points|requires_crosswalk_or_marine_review|timezone_not_normalized_to_utc
5300047,1135890,2002,2002-05-13T04:45:00,2002-05-13T15:00:00,EST,10.25,18,,Z,084,CRAWFORD,0,0,0,0,,,,0,,0,1,begin_coordinates_missing_or_invalid|damage_crops_missing|damage_property_missing|end_coordinates_missing_or_invalid|no_valid_location_points|requires_crosswalk_or_marine_review|timezone_not_normalized_to_utc
5300048,1135890,2002,2002-05-13T09:30:00,2002-05-13T15:30:00,EST,6.0,18,,Z,076,ORANGE,0,0,0,0,,,,0,,0,1,begin_coordinates_missing_or_invalid|damage_crops_missing|damage_property_missing|end_coordinates_missing_or_invalid|no_valid_location_points|requires_crosswalk_or_marine_review|timezone_not_normalized_to_utc
5300050,1135890,2002,2002-05-13T04:45:00,2002-05-13T15:00:00,EST,10.25,18,,Z,083,DUBOIS,0,0,0,0,,,,0,,0,1,begin_coordinates_missing_or_invalid|damage_crops_missing|damage_property_missing|end_coordinates_missing_or_invalid|no_valid_location_points|requires_crosswalk_or_marine_review|timezone_not_normalized_to_utc
5300157,1135890,2002,2002-05-13T09:00:00,2002-05-13T15:30:00,EST,6.5,18,,Z,089,PERRY,0,0,0,0,,,,0,,0,1,begin_coordinates_missing_or_invalid|damage_crops_missing|damage_property_missing|end_coordinates_missing_or_invalid|no_valid_location_points|requires_crosswalk_or_marine_review|timezone_not_normalized_to_utc
5300159,1135890,2002,2002-05-13T05:40:00,2002-05-13T15:00:00,EST,9.333333333333334,18,,Z,090,HARRISON,0,0,0,0,,,,0,,0,1,begin_coordinates_missing_or_invalid|damage_crops_missing|damage_property_missing|end_coordinates_missing_or_invalid|no_valid_location_points|requires_crosswalk_or_marine_review|timezone_not_normalized_to_utc
5300338,1137561,2002,2002-06-03T18:05:00,2002-06-03T18:05:00,CST,0.0,17,17161,C,161,ROCK ISLAND,0,0,0,0,,,,0,,0,1,begin_coordinates_missing_or_invalid|county_code_unverified|damage_crops_missing|damage_property_missing|end_coordinates_missing_or_invalid|no_valid_location_points|timezone_not_normalized_to_utc
5300339,1137561,2002,2002-06-03T18:10:00,2002-06-03T18:10:00,CST,0.0,17,17177,C,177,STEPHENSON,0,0,0,0,,,,0,,0,1,begin_coordinates_missing_or_invalid|county_code_unverified|damage_crops_missing|damage_property_missing|end_coordinates_missing_or_invalid|no_valid_location_points|timezone_not_normalized_to_utc
5300340,1137561,2002,2002-06-03T21:00:00,2002-06-03T21:00:00,CST,0.0,17,17195,C,195,WHITESIDE,0,0,0,0,,,,0,,0,1,begin_coordinates_missing_or_invalid|county_code_unverified|damage_crops_missing|damage_property_missing|end_coordinates_missing_or_invalid|no_valid_location_points|timezone_not_normalized_to_utc
5300343,1137561,2002,2002-06-04T00:30:00,2002-06-04T00:30:00,CST,0.0,17,17177,C,177,STEPHENSON,0,0,0,0,,,,0,,0,1,begin_coordinates_missing_or_invalid|county_code_unverified|damage_crops_missing|damage_property_missing|end_coordinates_missing_or_invalid|no_valid_location_points|timezone_not_normalized_to_utc
5300372,1137112,2002,2002-06-13T17:00:00,2002-06-15T20:00:00,CST,51.0,40,,Z,058,OTTAWA,0,0,0,0,,,,0,,0,1,begin_coordinates_missing_or_invalid|damage_crops_missing|damage_property_missing|end_coordinates_missing_or_invalid|no_valid_location_points|requires_crosswalk_or_marine_review|timezone_not_normalized_to_utc
5300373,1137113,2002,2002-06-06T02:00:00,2002-06-06T21:00:00,CST,19.0,40,,Z,076,LE FLORE,0,0,0,0,,,,0,,0,1,begin_coordinates_missing_or_invalid|damage_crops_missing|damage_property_missing|end_coordinates_missing_or_invalid|no_valid_location_points|requires_crosswalk_or_marine_review|timezone_not_normalized_to_utc
5300430,1137562,2002,2002-06-03T17:43:00,2002-06-03T17:43:00,CST,0.0,19,19163,C,163,SCOTT,0,0,0,0,,,,0,,0,1,begin_coordinates_missing_or_invalid|county_code_unverified|damage_crops_missing|damage_property_missing|end_coordinates_missing_or_invalid|no_valid_location_points|timezone_not_normalized_to_utc
5300432,1137562,2002,2002-06-03T21:54:00,2002-06-03T21:54:00,CST,0.0,19,19019,C,019,BUCHANAN,0,0,0,0,,,,0,,0,1,begin_coordinates_missing_or_invalid|county_code_unverified|damage_crops_missing|damage_property_missing|end_coordinates_missing_or_invalid|no_valid_location_points|timezone_not_normalized_to_utc
5300439,1137562,2002,2002-06-04T06:07:00,2002-06-04T07:30:00,CST,1.3833333333333333,19,19045,C,045,CLINTON,0,0,0,0,,,,0,,0,1,begin_coordinates_missing_or_invalid|county_code_unverified|damage_crops_missing|damage_property_missing|end_coordinates_missing_or_invalid|no_valid_location_points|timezone_not_normalized_to_utc
5300448,1137562,2002,2002-06-04T07:40:00,2002-06-04T10:40:00,CST,3.0,19,19163,C,163,SCOTT,0,0,0,0,,,,0,,0,1,begin_coordinates_missing_or_invalid|county_code_unverified|damage_crops_missing|damage_property_missing|end_coordinates_missing_or_invalid|no_valid_location_points|timezone_not_normalized_to_utc
5300686,1137575,2002,2002-06-07T04:00:00,2002-06-07T15:00:00,EST,11.0,36,,Z,056,BROOME,0,0,0,0,,,,0,,0,1,begin_coordinates_missing_or_invalid|damage_crops_missing|damage_property_missing|end_coordinates_missing_or_invalid|no_valid_location_points|requires_crosswalk_or_marine_review|timezone_not_normalized_to_utc
5300688,1137577,2002,2002-06-05T18:30:00,2002-06-05T18:30:00,EST,0.0,36,36023,C,023,CORTLAND,0,0,0,0,,,,0,,0,1,begin_coordinates_missing_or_invalid|county_code_unverified|damage_crops_missing|damage_property_missing|end_coordinates_missing_or_invalid|no_valid_location_points|timezone_not_normalized_to_utc
5300689,1137578,2002,2002-06-05T18:30:00,2002-06-05T18:30:00,EST,0.0,36,36109,C,109,TOMPKINS,0,0,0,0,5000,,,0,,0,1,begin_coordinates_missing_or_invalid|county_code_unverified|damage_crops_missing|end_coordinates_missing_or_invalid|no_valid_location_points|timezone_not_normalized_to_utc
5300691,1137580,2002,2002-06-05T18:30:00,2002-06-05T18:30:00,EST,0.0,36,36007,C,007,BROOME,0,0,0,0,5000,,,0,,0,1,begin_coordinates_missing_or_invalid|county_code_unverified|damage_crops_missing|end_coordinates_missing_or_invalid|no_valid_location_points|timezone_not_normalized_to_utc
5300694,1137583,2002,2002-06-05T18:35:00,2002-06-05T18:35:00,EST,0.0,36,36017,C,017,CHENANGO,0,0,0,0,5000,,,0,,0,1,begin_coordinates_missing_or_invalid|county_code_unverified|damage_crops_missing|end_coordinates_missing_or_invalid|no_valid_location_points|timezone_not_normalized_to_utc
5300696,1137585,2002,2002-06-05T19:00:00,2002-06-05T19:00:00,EST,0.0,36,36017,C,017,CHENANGO,0,0,0,0,10000,,,0,,0,1,begin_coordinates_missing_or_invalid|county_code_unverified|damage_crops_missing|end_coordinates_missing_or_invalid|no_valid_location_points|timezone_not_normalized_to_utc
5300855,1136998,2002,2002-06-25T15:22:00,2002-06-25T17:30:00,EST,2.1333333333333333,21,21025,C,025,BREATHITT,0,0,0,0,0,0,,0,,0,1,begin_coordinates_missing_or_invalid|county_code_unverified|end_coordinates_missing_or_invalid|no_valid_location_points|timezone_not_normalized_to_utc
5300945,1137023,2002,2002-06-13T11:55:00,2002-06-13T11:55:00,EST,0.0,12,12031,C,031,DUVAL,0,0,0,0,,,,0,,0,1,begin_coordinates_missing_or_invalid|county_code_unverified|damage_crops_missing|damage_property_missing|end_coordinates_missing_or_invalid|no_valid_location_points|timezone_not_normalized_to_utc
5300953,1137031,2002,2002-06-21T07:30:00,2002-06-21T16:00:00,EST,8.5,12,12109,C,109,ST. JOHNS,0,0,0,0,,,,0,,0,1,begin_coordinates_missing_or_invalid|county_code_unverified|damage_crops_missing|damage_property_missing|end_coordinates_missing_or_invalid|no_valid_location_points|timezone_not_normalized_to_utc
5300954,1137032,2002,2002-06-21T07:30:00,2002-06-21T11:29:00,EST,3.9833333333333334,12,12031,C,031,DUVAL,0,0,0,0,,,,0,,0,1,begin_coordinates_missing_or_invalid|county_code_unverified|damage_crops_missing|damage_property_missing|end_coordinates_missing_or_invalid|no_valid_location_points|timezone_not_normalized_to_utc
5301222,1137512,2002,2002-06-23T07:00:00,2002-06-24T23:59:00,CST,40.983333333333334,27,,Z,024,HUBBARD,0,0,0,0,,,,0,,0,1,begin_coordinates_missing_or_invalid|damage_crops_missing|damage_property_missing|end_coordinates_missing_or_invalid|no_valid_location_points|requires_crosswalk_or_marine_review|timezone_not_normalized_to_utc
5301223,1137512,2002,2002-06-23T14:00:00,2002-06-24T23:59:00,CST,33.983333333333334,27,,Z,002,NORMAN,0,0,0,0,,,,0,,0,1,begin_coordinates_missing_or_invalid|damage_crops_missing|damage_property_missing|end_coordinates_missing_or_invalid|no_valid_location_points|requires_crosswalk_or_marine_review|timezone_not_normalized_to_utc
5301271,1137175,2002,2002-06-13T00:00:00,2002-06-13T02:00:00,CST,2.0,29,,Z,088,JASPER,0,0,0,0,0,,,0,,0,1,begin_coordinates_missing_or_invalid|damage_crops_missing|end_coordinates_missing_or_invalid|no_valid_location_points|requires_crosswalk_or_marine_review|timezone_not_normalized_to_utc
5301339,1137080,2002,2002-06-13T02:30:00,2002-06-13T08:30:00,CST,6.0,17,,Z,027,KNOX,0,0,0,0,,,,0,,0,1,begin_coordinates_missing_or_invalid|damage_crops_missing|damage_property_missing|end_coordinates_missing_or_invalid|no_valid_location_points|requires_crosswalk_or_marine_review|timezone_not_normalized_to_utc
5301396,1137399,2002,2002-06-01T00:00:00,2002-06-07T19:45:00,PST,163.75,16,,Z,004,SHOSHONE/E KOOTENAI/E BENEWAH/E LATAH,0,0,0,0,,,,0,,0,1,begin_coordinates_missing_or_invalid|damage_crops_missing|damage_property_missing|end_coordinates_missing_or_invalid|no_valid_location_points|requires_crosswalk_or_marine_review|timezone_not_normalized_to_utc
5301410,1137519,2002,2002-06-10T18:00:00,2002-06-21T15:00:00,CST,261.0,38,,Z,007,CAVALIER,0,0,0,0,,,,0,,0,1,begin_coordinates_missing_or_invalid|damage_crops_missing|damage_property_missing|end_coordinates_missing_or_invalid|no_valid_location_points|requires_crosswalk_or_marine_review|timezone_not_normalized_to_utc
5301411,1137520,2002,2002-06-10T19:00:00,2002-06-30T23:59:00,CST,484.98333333333335,38,,Z,008,PEMBINA,0,0,0,0,,,,0,,0,1,begin_coordinates_missing_or_invalid|damage_crops_missing|damage_property_missing|end_coordinates_missing_or_invalid|no_valid_location_points|requires_crosswalk_or_marine_review|timezone_not_normalized_to_utc
5301412,1137521,2002,2002-06-12T06:00:00,2002-06-30T23:59:00,CST,449.98333333333335,38,,Z,016,EASTERN WALSH,0,0,0,0,,,,0,,0,1,begin_coordinates_missing_or_invalid|damage_crops_missing|damage_property_missing|end_coordinates_missing_or_invalid|no_valid_location_points|requires_crosswalk_or_marine_review|timezone_not_normalized_to_utc
5301413,1137522,2002,2002-06-10T19:00:00,2002-06-30T23:59:00,CST,484.98333333333335,27,,Z,004,KITTSON,0,0,0,0,85000,,,0,,0,1,begin_coordinates_missing_or_invalid|damage_crops_missing|end_coordinates_missing_or_invalid|no_valid_location_points|requires_crosswalk_or_marine_review|timezone_not_normalized_to_utc
5301414,1137523,2002,2002-06-10T21:00:00,2002-06-25T01:00:00,CST,340.0,27,,Z,005,ROSEAU,0,0,0,0,200000000,,,0,,0,1,begin_coordinates_missing_or_invalid|damage_crops_missing|end_coordinates_missing_or_invalid|no_valid_location_points|requires_crosswalk_or_marine_review|timezone_not_normalized_to_utc
5301415,1137524,2002,2002-06-10T22:00:00,2002-06-25T01:00:00,CST,339.0,27,,Z,006,LAKE OF THE WOODS,2,0,0,0,500000,,,0,,0,1,begin_coordinates_missing_or_invalid|damage_crops_missing|end_coordinates_missing_or_invalid|no_valid_location_points|requires_crosswalk_or_marine_review|timezone_not_normalized_to_utc
5301416,1137525,2002,2002-06-12T06:00:00,2002-06-30T23:59:00,CST,449.98333333333335,27,,Z,007,WEST MARSHALL,0,0,0,0,,,,0,,0,1,begin_coordinates_missing_or_invalid|damage_crops_missing|damage_property_missing|end_coordinates_missing_or_invalid|no_valid_location_points|requires_crosswalk_or_marine_review|timezone_not_normalized_to_utc
5301417,1137525,2002,2002-06-12T06:00:00,2002-06-30T23:59:00,CST,449.98333333333335,27,,Z,008,EAST MARSHALL,0,0,0,0,,,,0,,0,1,begin_coordinates_missing_or_invalid|damage_crops_missing|damage_property_missing|end_coordinates_missing_or_invalid|no_valid_location_points|requires_crosswalk_or_marine_review|timezone_not_normalized_to_utc
5301418,1137526,2002,2002-06-11T00:00:00,2002-06-25T23:59:00,CST,359.98333333333335,27,,Z,009,NORTH BELTRAMI,0,0,0,0,,,,0,,0,1,begin_coordinates_missing_or_invalid|damage_crops_missing|damage_property_missing|end_coordinates_missing_or_invalid|no_valid_location_points|requires_crosswalk_or_marine_review|timezone_not_normalized_to_utc
5301419,1137526,2002,2002-06-11T00:00:00,2002-06-25T23:59:00,CST,359.98333333333335,27,,Z,017,SOUTH BELTRAMI,0,0,0,0,,,,0,,0,1,begin_coordinates_missing_or_invalid|damage_crops_missing|damage_property_missing|end_coordinates_missing_or_invalid|no_valid_location_points|requires_crosswalk_or_marine_review|timezone_not_normalized_to_utc
5301420,1137527,2002,2002-06-11T00:00:00,2002-06-25T23:59:00,CST,359.98333333333335,27,,Z,015,EAST POLK,0,0,0,0,,,,0,,0,1,begin_coordinates_missing_or_invalid|damage_crops_missing|damage_property_missing|end_coordinates_missing_or_invalid|no_valid_location_points|requires_crosswalk_or_marine_review|timezone_not_normalized_to_utc
5301421,1137527,2002,2002-06-11T00:00:00,2002-06-25T23:59:00,CST,359.98333333333335,27,,Z,001,WEST POLK,0,0,0,0,,,,0,,0,1,begin_coordinates_missing_or_invalid|damage_crops_missing|damage_property_missing|end_coordinates_missing_or_invalid|no_valid_location_points|requires_crosswalk_or_marine_review|timezone_not_normalized_to_utc
5301422,1137528,2002,2002-06-12T00:00:00,2002-06-30T23:59:00,CST,455.98333333333335,27,,Z,013,PENNINGTON,0,0,0,0,,,,0,,0,1,begin_coordinates_missing_or_invalid|damage_crops_missing|damage_property_missing|end_coordinates_missing_or_invalid|no_valid_location_points|requires_crosswalk_or_marine_review|timezone_not_normalized_to_utc
5301423,1137529,2002,2002-06-12T00:00:00,2002-06-30T23:59:00,CST,455.98333333333335,27,,Z,014,RED LAKE,0,0,0,0,,,,0,,0,1,begin_coordinates_missing_or_invalid|damage_crops_missing|damage_property_missing|end_coordinates_missing_or_invalid|no_valid_location_points|requires_crosswalk_or_marine_review|timezone_not_normalized_to_utc
5301424,1137530,2002,2002-06-09T07:00:00,2002-06-30T23:59:00,CST,520.9833333333333,27,,Z,002,NORMAN,0,0,0,0,3000000,36000000,,0,,0,1,begin_coordinates_missing_or_invalid|end_coordinates_missing_or_invalid|no_valid_location_points|requires_crosswalk_or_marine_review|timezone_not_normalized_to_utc
5301425,1137531,2002,2002-06-09T08:00:00,2002-06-30T23:59:00,CST,519.9833333333333,27,,Z,022,MAHNOMEN,0,0,0,0,,,,0,,0,1,begin_coordinates_missing_or_invalid|damage_crops_missing|damage_property_missing|end_coordinates_missing_or_invalid|no_valid_location_points|requires_crosswalk_or_marine_review|timezone_not_normalized_to_utc
5301426,1137532,2002,2002-06-09T09:00:00,2002-06-30T23:59:00,CST,518.9833333333333,27,,Z,003,CLAY,0,0,0,0,,,,0,,0,1,begin_coordinates_missing_or_invalid|damage_crops_missing|damage_property_missing|end_coordinates_missing_or_invalid|no_valid_location_points|requires_crosswalk_or_marine_review|timezone_not_normalized_to_utc
5301427,1137533,2002,2002-06-09T10:00:00,2002-06-30T23:59:00,CST,517.9833333333333,27,,Z,027,WEST BECKER,0,0,0,0,,,,0,,0,1,begin_coordinates_missing_or_invalid|damage_crops_missing|damage_property_missing|end_coordinates_missing_or_invalid|no_valid_location_points|requires_crosswalk_or_marine_review|timezone_not_normalized_to_utc
5301428,1137533,2002,2002-06-09T10:00:00,2002-06-30T23:59:00,CST,517.9833333333333,27,,Z,028,EAST BECKER,0,0,0,0,100000,,,0,,0,1,begin_coordinates_missing_or_invalid|damage_crops_missing|end_coordinates_missing_or_invalid|no_valid_location_points|requires_crosswalk_or_marine_review|timezone_not_normalized_to_utc
5301448,1137085,2002,2002-05-13T06:00:00,2002-05-30T03:00:00,CST,405.0,17,,Z,030,MARSHALL,0,0,0,0,,,,0,,0,1,begin_coordinates_missing_or_invalid|damage_crops_missing|damage_property_missing|end_coordinates_missing_or_invalid|no_valid_location_points|requires_crosswalk_or_marine_review|timezone_not_normalized_to_utc
5301449,1137085,2002,2002-05-14T23:00:00,2002-05-27T00:30:00,CST,289.5,17,,Z,029,PEORIA,0,0,0,0,,,,0,,0,1,begin_coordinates_missing_or_invalid|damage_crops_missing|damage_property_missing|end_coordinates_missing_or_invalid|no_valid_location_points|requires_crosswalk_or_marine_review|timezone_not_normalized_to_utc
5301450,1137085,2002,2002-05-14T23:00:00,2002-05-27T00:30:00,CST,289.5,17,,Z,037,TAZEWELL,0,0,0,0,,,,0,,0,1,begin_coordinates_missing_or_invalid|damage_crops_missing|damage_property_missing|end_coordinates_missing_or_invalid|no_valid_location_points|requires_crosswalk_or_marine_review|timezone_not_normalized_to_utc
5301451,1137085,2002,2002-05-13T17:00:00,2002-05-31T23:59:00,CST,438.98333333333335,17,,Z,036,FULTON,0,0,0,0,,,,0,,0,1,begin_coordinates_missing_or_invalid|damage_crops_missing|damage_property_missing|end_coordinates_missing_or_invalid|no_valid_location_points|requires_crosswalk_or_marine_review|timezone_not_normalized_to_utc
5301452,1137085,2002,2002-05-12T20:30:00,2002-05-31T23:59:00,CST,459.48333333333335,17,,Z,041,MASON,0,0,1,0,,,,1,,0,1,begin_coordinates_missing_or_invalid|damage_crops_missing|damage_property_missing|end_coordinates_missing_or_invalid|no_valid_location_points|requires_crosswalk_or_marine_review|timezone_not_normalized_to_utc
5301453,1137085,2002,2002-05-13T11:00:00,2002-05-31T23:59:00,CST,444.98333333333335,17,,Z,040,SCHUYLER,0,0,0,0,,,,0,,0,1,begin_coordinates_missing_or_invalid|damage_crops_missing|damage_property_missing|end_coordinates_missing_or_invalid|no_valid_location_points|requires_crosswalk_or_marine_review|timezone_not_normalized_to_utc
5301454,1137085,2002,2002-05-12T20:30:00,2002-05-31T23:59:00,CST,459.48333333333335,17,,Z,047,CASS,0,0,0,0,,,,0,,0,1,begin_coordinates_missing_or_invalid|damage_crops_missing|damage_property_missing|end_coordinates_missing_or_invalid|no_valid_location_points|requires_crosswalk_or_marine_review|timezone_not_normalized_to_utc
5301528,1137085,2002,2002-05-13T17:00:00,2002-05-21T11:15:00,CST,186.25,17,,Z,051,SANGAMON,0,0,0,0,,,,0,,0,1,begin_coordinates_missing_or_invalid|damage_crops_missing|damage_property_missing|end_coordinates_missing_or_invalid|no_valid_location_points|requires_crosswalk_or_marine_review|timezone_not_normalized_to_utc
5301529,1137085,2002,2002-05-12T20:30:00,2002-05-22T22:30:00,CST,242.0,17,,Z,048,MENARD,0,0,0,0,,,,0,,0,1,begin_coordinates_missing_or_invalid|damage_crops_missing|damage_property_missing|end_coordinates_missing_or_invalid|no_valid_location_points|requires_crosswalk_or_marine_review|timezone_not_normalized_to_utc
5301530,1137085,2002,2002-05-13T11:00:00,2002-05-19T17:55:00,CST,150.91666666666666,17,,Z,067,JASPER,0,0,0,0,,,,0,,0,1,begin_coordinates_missing_or_invalid|damage_crops_missing|damage_property_missing|end_coordinates_missing_or_invalid|no_valid_location_points|requires_crosswalk_or_marine_review|timezone_not_normalized_to_utc
5301531,1137085,2002,2002-05-13T11:00:00,2002-05-20T02:30:00,CST,159.5,17,,Z,073,LAWRENCE,0,0,0,0,,,,0,,0,1,begin_coordinates_missing_or_invalid|damage_crops_missing|damage_property_missing|end_coordinates_missing_or_invalid|no_valid_location_points|requires_crosswalk_or_marine_review|timezone_not_normalized_to_utc
5301532,1137085,2002,2002-05-14T23:00:00,2002-05-27T00:30:00,CST,289.5,17,,Z,031,WOODFORD,0,0,0,0,,,,0,,0,1,begin_coordinates_missing_or_invalid|damage_crops_missing|damage_property_missing|end_coordinates_missing_or_invalid|no_valid_location_points|requires_crosswalk_or_marine_review|timezone_not_normalized_to_utc
5301533,1137085,2002,2002-05-13T16:00:00,2002-05-31T23:59:00,CST,439.98333333333335,17,,Z,050,MORGAN,0,0,0,0,,,,0,,0,1,begin_coordinates_missing_or_invalid|damage_crops_missing|damage_property_missing|end_coordinates_missing_or_invalid|no_valid_location_points|requires_crosswalk_or_marine_review|timezone_not_normalized_to_utc
5301534,1137085,2002,2002-05-13T16:00:00,2002-05-31T23:59:00,CST,439.98333333333335,17,,Z,049,SCOTT,0,0,0,0,,,,0,,0,1,begin_coordinates_missing_or_invalid|damage_crops_missing|damage_property_missing|end_coordinates_missing_or_invalid|no_valid_location_points|requires_crosswalk_or_marine_review|timezone_not_normalized_to_utc
5301535,1137085,2002,2002-05-13T11:00:00,2002-05-20T00:30:00,CST,157.5,17,,Z,068,CRAWFORD,0,0,0,0,,,,0,,0,1,begin_coordinates_missing_or_invalid|damage_crops_missing|damage_property_missing|end_coordinates_missing_or_invalid|no_valid_location_points|requires_crosswalk_or_marine_review|timezone_not_normalized_to_utc
5301536,1137086,2002,2002-06-01T00:00:00,2002-06-08T07:00:00,CST,175.0,17,,Z,036,FULTON,0,0,0,0,,,,0,,0,1,begin_coordinates_missing_or_invalid|damage_crops_missing|damage_property_missing|end_coordinates_missing_or_invalid|no_valid_location_points|requires_crosswalk_or_marine_review|timezone_not_normalized_to_utc
5301537,1137086,2002,2002-06-01T00:00:00,2002-06-08T07:00:00,CST,175.0,17,,Z,041,MASON,0,0,0,0,,,,0,,0,1,begin_coordinates_missing_or_invalid|damage_crops_missing|damage_property_missing|end_coordinates_missing_or_invalid|no_valid_location_points|requires_crosswalk_or_marine_review|timezone_not_normalized_to_utc
5301538,1137086,2002,2002-06-01T00:00:00,2002-06-08T07:00:00,CST,175.0,17,,Z,040,SCHUYLER,0,0,0,0,,,,0,,0,1,begin_coordinates_missing_or_invalid|damage_crops_missing|damage_property_missing|end_coordinates_missing_or_invalid|no_valid_location_points|requires_crosswalk_or_marine_review|timezone_not_normalized_to_utc
5301539,1137086,2002,2002-06-01T00:00:00,2002-06-08T07:00:00,CST,175.0,17,,Z,047,CASS,0,0,0,0,,,,0,,0,1,begin_coordinates_missing_or_invalid|damage_crops_missing|damage_property_missing|end_coordinates_missing_or_invalid|no_valid_location_points|requires_crosswalk_or_marine_review|timezone_not_normalized_to_utc
5301540,1137086,2002,2002-06-01T00:00:00,2002-06-08T07:00:00,CST,175.0,17,,Z,050,MORGAN,0,0,0,0,,,,0,,0,1,begin_coordinates_missing_or_invalid|damage_crops_missing|damage_property_missing|end_coordinates_missing_or_invalid|no_valid_location_points|requires_crosswalk_or_marine_review|timezone_not_normalized_to_utc
5301541,1137086,2002,2002-06-01T00:00:00,2002-06-08T07:00:00,CST,175.0,17,,Z,049,SCOTT,0,0,0,0,,,,0,,0,1,begin_coordinates_missing_or_invalid|damage_crops_missing|damage_property_missing|end_coordinates_missing_or_invalid|no_valid_location_points|requires_crosswalk_or_marine_review|timezone_not_normalized_to_utc
5301563,1137199,2002,2002-06-06T09:00:00,2002-06-06T11:00:00,EST,2.0,39,,Z,066,PERRY,0,0,0,0,2000,,,0,,0,1,begin_coordinates_missing_or_invalid|damage_crops_missing|end_coordinates_missing_or_invalid|no_valid_location_points|requires_crosswalk_or_marine_review|timezone_not_normalized_to_utc
5301570,1137202,2002,2002-06-13T08:30:00,2002-06-13T11:30:00,EST,3.0,54,,Z,032,TAYLOR,0,0,0,0,50000,,,0,,0,1,begin_coordinates_missing_or_invalid|damage_crops_missing|end_coordinates_missing_or_invalid|no_valid_location_points|requires_crosswalk_or_marine_review|timezone_not_normalized_to_utc
5301575,1137409,2002,2002-07-19T16:31:00,2002-07-19T16:45:00,EST,0.23333333333333334,34,34003,C,003,BERGEN,0,0,0,0,,,,0,,0,1,begin_coordinates_missing_or_invalid|county_code_unverified|damage_crops_missing|damage_property_missing|end_coordinates_missing_or_invalid|no_valid_location_points|timezone_not_normalized_to_utc
5301579,1137410,2002,2002-07-19T18:30:00,2002-07-19T18:30:00,EST,0.0,09,09001,C,001,FAIRFIELD,0,0,0,0,,,,0,,0,1,begin_coordinates_missing_or_invalid|county_code_unverified|damage_crops_missing|damage_property_missing|end_coordinates_missing_or_invalid|no_valid_location_points|timezone_not_normalized_to_utc
5301612,1137545,2002,2002-06-12T01:00:00,2002-06-12T19:00:00,CST,18.0,29,,Z,040,HOWARD,0,0,0,0,,,,0,,0,1,begin_coordinates_missing_or_invalid|damage_crops_missing|damage_property_missing|end_coordinates_missing_or_invalid|no_valid_location_points|requires_crosswalk_or_marine_review|timezone_not_normalized_to_utc
5301613,1137545,2002,2002-06-12T01:00:00,2002-06-14T04:00:00,CST,51.0,29,,Z,031,CARROLL,0,0,0,0,,,,0,,0,1,begin_coordinates_missing_or_invalid|damage_crops_missing|damage_property_missing|end_coordinates_missing_or_invalid|no_valid_location_points|requires_crosswalk_or_marine_review|timezone_not_normalized_to_utc
5301614,1137545,2002,2002-06-12T01:00:00,2002-06-13T22:00:00,CST,45.0,29,,Z,039,SALINE,0,0,0,0,,,,0,,0,1,begin_coordinates_missing_or_invalid|damage_crops_missing|damage_property_missing|end_coordinates_missing_or_invalid|no_valid_location_points|requires_crosswalk_or_marine_review|timezone_not_normalized_to_utc
5301615,1137545,2002,2002-06-12T03:00:00,2002-06-12T23:00:00,CST,20.0,29,,Z,046,COOPER,0,0,0,0,,,,0,,0,1,begin_coordinates_missing_or_invalid|damage_crops_missing|damage_property_missing|end_coordinates_missing_or_invalid|no_valid_location_points|requires_crosswalk_or_marine_review|timezone_not_normalized_to_utc
5301796,1136931,2002,2002-06-25T17:55:00,2002-06-26T02:30:00,EST,8.583333333333334,18,,Z,076,ORANGE,0,0,0,0,,,,0,,0,1,begin_coordinates_missing_or_invalid|damage_crops_missing|damage_property_missing|end_coordinates_missing_or_invalid|no_valid_location_points|requires_crosswalk_or_marine_review|timezone_not_normalized_to_utc
5301835,1136761,2002,2002-05-12T09:00:00,2002-05-13T16:00:00,CST,31.0,17,,Z,050,MORGAN,1,0,0,0,,,,0,,0,1,begin_coordinates_missing_or_invalid|damage_crops_missing|damage_property_missing|end_coordinates_missing_or_invalid|no_valid_location_points|requires_crosswalk_or_marine_review|timezone_not_normalized_to_utc
5301836,1136761,2002,2002-05-12T16:00:00,2002-05-13T11:00:00,CST,19.0,17,,Z,045,CHAMPAIGN,0,0,0,0,,,,0,,0,1,begin_coordinates_missing_or_invalid|damage_crops_missing|damage_property_missing|end_coordinates_missing_or_invalid|no_valid_location_points|requires_crosswalk_or_marine_review|timezone_not_normalized_to_utc
5301837,1136761,2002,2002-05-12T09:00:00,2002-05-13T11:00:00,CST,26.0,17,,Z,052,CHRISTIAN,0,0,0,0,,,,0,,0,1,begin_coordinates_missing_or_invalid|damage_crops_missing|damage_property_missing|end_coordinates_missing_or_invalid|no_valid_location_points|requires_crosswalk_or_marine_review|timezone_not_normalized_to_utc
5301838,1136761,2002,2002-05-12T13:00:00,2002-05-13T11:00:00,CST,22.0,17,,Z,063,CLARK,0,0,0,0,,,,0,,0,1,begin_coordinates_missing_or_invalid|damage_crops_missing|damage_property_missing|end_coordinates_missing_or_invalid|no_valid_location_points|requires_crosswalk_or_marine_review|timezone_not_normalized_to_utc
5301839,1136761,2002,2002-05-12T19:00:00,2002-05-13T11:00:00,CST,16.0,17,,Z,071,CLAY,0,0,0,0,,,,0,,0,1,begin_coordinates_missing_or_invalid|damage_crops_missing|damage_property_missing|end_coordinates_missing_or_invalid|no_valid_location_points|requires_crosswalk_or_marine_review|timezone_not_normalized_to_utc
5301840,1136761,2002,2002-05-12T10:30:00,2002-05-13T15:00:00,CST,28.5,17,,Z,056,COLES,0,0,0,0,,,,0,,0,1,begin_coordinates_missing_or_invalid|damage_crops_missing|damage_property_missing|end_coordinates_missing_or_invalid|no_valid_location_points|requires_crosswalk_or_marine_review|timezone_not_normalized_to_utc
5301841,1136761,2002,2002-05-12T17:00:00,2002-05-13T11:00:00,CST,18.0,17,,Z,068,CRAWFORD,0,0,0,0,,,,0,,0,1,begin_coordinates_missing_or_invalid|damage_crops_missing|damage_property_missing|end_coordinates_missing_or_invalid|no_valid_location_points|requires_crosswalk_or_marine_review|timezone_not_normalized_to_utc
5301842,1136761,2002,2002-05-12T13:00:00,2002-05-12T23:00:00,CST,10.0,17,,Z,062,CUMBERLAND,0,0,0,0,,,,0,,0,1,begin_coordinates_missing_or_invalid|damage_crops_missing|damage_property_missing|end_coordinates_missing_or_invalid|no_valid_location_points|requires_crosswalk_or_marine_review|timezone_not_normalized_to_utc
5301843,1136761,2002,2002-05-12T10:30:00,2002-05-13T11:00:00,CST,24.5,17,,Z,055,DOUGLAS,0,0,0,0,,,,0,,0,1,begin_coordinates_missing_or_invalid|damage_crops_missing|damage_property_missing|end_coordinates_missing_or_invalid|no_valid_location_points|requires_crosswalk_or_marine_review|timezone_not_normalized_to_utc
5301844,1136761,2002,2002-05-12T17:00:00,2002-05-13T11:00:00,CST,18.0,17,,Z,066,EFFINGHAM,0,0,0,0,,,,0,,0,1,begin_coordinates_missing_or_invalid|damage_crops_missing|damage_property_missing|end_coordinates_missing_or_invalid|no_valid_location_points|requires_crosswalk_or_marine_review|timezone_not_normalized_to_utc
5301845,1136761,2002,2002-05-12T17:00:00,2002-05-13T11:00:00,CST,18.0,17,,Z,067,JASPER,0,0,0,0,,,,0,,0,1,begin_coordinates_missing_or_invalid|damage_crops_missing|damage_property_missing|end_coordinates_missing_or_invalid|no_valid_location_points|requires_crosswalk_or_marine_review|timezone_not_normalized_to_utc
5301846,1136761,2002,2002-05-12T19:00:00,2002-05-13T11:00:00,CST,16.0,17,,Z,073,LAWRENCE,0,0,0,0,,,,0,,0,1,begin_coordinates_missing_or_invalid|damage_crops_missing|damage_property_missing|end_coordinates_missing_or_invalid|no_valid_location_points|requires_crosswalk_or_marine_review|timezone_not_normalized_to_utc
5301847,1136761,2002,2002-05-12T09:00:00,2002-05-13T17:00:00,CST,32.0,17,,Z,053,MACON,0,0,0,0,,,,0,,0,1,begin_coordinates_missing_or_invalid|damage_crops_missing|damage_property_missing|end_coordinates_missing_or_invalid|no_valid_location_points|requires_crosswalk_or_marine_review|timezone_not_normalized_to_utc
5301848,1136761,2002,2002-05-12T10:30:00,2002-05-13T05:00:00,CST,18.5,17,,Z,054,MOULTRIE,0,0,0,0,,,,0,,0,1,begin_coordinates_missing_or_invalid|damage_crops_missing|damage_property_missing|end_coordinates_missing_or_invalid|no_valid_location_points|requires_crosswalk_or_marine_review|timezone_not_normalized_to_utc
5301849,1136761,2002,2002-05-12T10:30:00,2002-05-13T05:00:00,CST,18.5,17,,Z,044,PIATT,0,0,0,0,,,,0,,0,1,begin_coordinates_missing_or_invalid|damage_crops_missing|damage_property_missing|end_coordinates_missing_or_invalid|no_valid_location_points|requires_crosswalk_or_marine_review|timezone_not_normalized_to_utc
5301850,1136761,2002,2002-05-12T19:00:00,2002-05-13T11:00:00,CST,16.0,17,,Z,072,RICHLAND,0,0,0,0,,,,0,,0,1,begin_coordinates_missing_or_invalid|damage_crops_missing|damage_property_missing|end_coordinates_missing_or_invalid|no_valid_location_points|requires_crosswalk_or_marine_review|timezone_not_normalized_to_utc
5301851,1136761,2002,2002-05-12T09:00:00,2002-05-13T17:00:00,CST,32.0,17,,Z,051,SANGAMON,0,0,0,0,,,,0,,0,1,begin_coordinates_missing_or_invalid|damage_crops_missing|damage_property_missing|end_coordinates_missing_or_invalid|no_valid_location_points|requires_crosswalk_or_marine_review|timezone_not_normalized_to_utc
5301852,1136761,2002,2002-05-12T10:30:00,2002-05-13T11:00:00,CST,24.5,17,,Z,061,SHELBY,0,0,0,0,,,,0,,0,1,begin_coordinates_missing_or_invalid|damage_crops_missing|damage_property_missing|end_coordinates_missing_or_invalid|no_valid_location_points|requires_crosswalk_or_marine_review|timezone_not_normalized_to_utc
5301853,1136761,2002,2002-05-12T16:00:00,2002-05-13T11:00:00,CST,19.0,17,,Z,046,VERMILION,0,0,0,0,,,,0,,0,1,begin_coordinates_missing_or_invalid|damage_crops_missing|damage_property_missing|end_coordinates_missing_or_invalid|no_valid_location_points|requires_crosswalk_or_marine_review|timezone_not_normalized_to_utc
5302014,1136691,2002,2002-06-10T02:42:00,2002-06-10T02:42:00,CST,0.0,38,,Z,018,DUNN,0,0,0,0,,,,0,,0,1,begin_coordinates_missing_or_invalid|damage_crops_missing|damage_property_missing|end_coordinates_missing_or_invalid|no_valid_location_points|requires_crosswalk_or_marine_review|timezone_not_normalized_to_utc
5302085,1136945,2002,2002-06-20T13:00:00,2002-06-20T16:00:00,CST,3.0,28,28059,C,059,JACKSON,0,0,0,0,,,,0,,0,1,begin_coordinates_missing_or_invalid|county_code_unverified|damage_crops_missing|damage_property_missing|end_coordinates_missing_or_invalid|no_valid_location_points|timezone_not_normalized_to_utc
5302101,1136721,2002,2002-07-10T16:00:00,2002-07-10T16:15:00,CST,0.25,29,29157,C,157,PERRY,0,0,0,0,,,,0,,0,1,begin_coordinates_missing_or_invalid|county_code_unverified|damage_crops_missing|damage_property_missing|end_coordinates_missing_or_invalid|no_valid_location_points|timezone_not_normalized_to_utc
5302151,1136949,2002,2002-06-27T03:00:00,2002-06-27T10:00:00,CST,7.0,48,48245,C,245,JEFFERSON,0,0,0,0,5000,,,0,,0,1,begin_coordinates_missing_or_invalid|county_code_unverified|damage_crops_missing|end_coordinates_missing_or_invalid|no_valid_location_points|timezone_not_normalized_to_utc
5302152,1136949,2002,2002-06-27T03:00:00,2002-06-27T10:00:00,CST,7.0,48,48361,C,361,ORANGE,0,0,0,0,5000,,,0,,0,1,begin_coordinates_missing_or_invalid|county_code_unverified|damage_crops_missing|end_coordinates_missing_or_invalid|no_valid_location_points|timezone_not_normalized_to_utc
5302187,1136732,2002,2002-07-12T14:00:00,2002-07-12T14:30:00,CST,0.5,29,29017,C,017,BOLLINGER,0,0,0,0,,,,0,,0,1,begin_coordinates_missing_or_invalid|county_code_unverified|damage_crops_missing|damage_property_missing|end_coordinates_missing_or_invalid|no_valid_location_points|timezone_not_normalized_to_utc
5302242,1136546,2002,2002-06-06T18:35:00,2002-06-06T18:35:00,EST,0.0,13,13089,C,089,DE KALB,0,0,0,0,,,,0,,0,1,begin_coordinates_missing_or_invalid|county_code_unverified|damage_crops_missing|damage_property_missing|end_coordinates_missing_or_invalid|no_valid_location_points|timezone_not_normalized_to_utc
5302338,1136552,2002,2002-06-25T16:25:00,2002-06-25T16:25:00,EST,0.0,13,13215,C,215,MUSCOGEE,0,0,0,0,,,,0,,0,1,begin_coordinates_missing_or_invalid|county_code_unverified|damage_crops_missing|damage_property_missing|end_coordinates_missing_or_invalid|no_valid_location_points|timezone_not_normalized_to_utc
5302568,1136780,2002,2002-06-21T12:00:00,2002-06-22T14:00:00,CST,26.0,27,,Z,078,GOODHUE,0,0,0,0,100000,,,0,,0,1,begin_coordinates_missing_or_invalid|damage_crops_missing|end_coordinates_missing_or_invalid|no_valid_location_points|requires_crosswalk_or_marine_review|timezone_not_normalized_to_utc
5302622,1136750,2002,2002-05-06T14:40:00,2002-05-06T18:30:00,CST,3.8333333333333335,17,,Z,052,CHRISTIAN,0,0,0,0,,,,0,,0,1,begin_coordinates_missing_or_invalid|damage_crops_missing|damage_property_missing|end_coordinates_missing_or_invalid|no_valid_location_points|requires_crosswalk_or_marine_review|timezone_not_normalized_to_utc
5302624,1136750,2002,2002-05-06T15:50:00,2002-05-06T19:00:00,CST,3.1666666666666665,17,,Z,068,CRAWFORD,0,0,0,0,,,,0,,0,1,begin_coordinates_missing_or_invalid|damage_crops_missing|damage_property_missing|end_coordinates_missing_or_invalid|no_valid_location_points|requires_crosswalk_or_marine_review|timezone_not_normalized_to_utc
5302698,1136751,2002,2002-05-07T09:00:00,2002-05-07T14:30:00,CST,5.5,17,,Z,062,CUMBERLAND,0,0,0,0,,,,0,,0,1,begin_coordinates_missing_or_invalid|damage_crops_missing|damage_property_missing|end_coordinates_missing_or_invalid|no_valid_location_points|requires_crosswalk_or_marine_review|timezone_not_normalized_to_utc
5302700,1136751,2002,2002-05-07T09:00:00,2002-05-07T14:30:00,CST,5.5,17,,Z,063,CLARK,0,0,0,0,,,,0,,0,1,begin_coordinates_missing_or_invalid|damage_crops_missing|damage_property_missing|end_coordinates_missing_or_invalid|no_valid_location_points|requires_crosswalk_or_marine_review|timezone_not_normalized_to_utc
5302742,1136578,2002,2002-06-02T15:30:00,2002-06-02T15:30:00,MST,0.0,30,,Z,036,POWDER RIVER,0,0,0,0,,,,0,,0,1,begin_coordinates_missing_or_invalid|damage_crops_missing|damage_property_missing|end_coordinates_missing_or_invalid|no_valid_location_points|requires_crosswalk_or_marine_review|timezone_not_normalized_to_utc
5302770,1136751,2002,2002-05-07T10:00:00,2002-05-07T16:00:00,CST,6.0,17,,Z,066,EFFINGHAM,0,0,0,0,,,,0,,0,1,begin_coordinates_missing_or_invalid|damage_crops_missing|damage_property_missing|end_coordinates_missing_or_invalid|no_valid_location_points|requires_crosswalk_or_marine_review|timezone_not_normalized_to_utc
5302908,1136819,2002,2002-06-03T05:00:00,2002-06-03T07:00:00,CST,2.0,55,55025,C,025,DANE,0,0,0,0,,,,0,,0,1,begin_coordinates_missing_or_invalid|county_code_unverified|damage_crops_missing|damage_property_missing|end_coordinates_missing_or_invalid|no_valid_location_points|timezone_not_normalized_to_utc
5302909,1136819,2002,2002-06-03T06:00:00,2002-06-03T06:00:00,CST,0.0,55,55133,C,133,WAUKESHA,0,0,0,0,,,,0,,0,1,begin_coordinates_missing_or_invalid|county_code_unverified|damage_crops_missing|damage_property_missing|end_coordinates_missing_or_invalid|no_valid_location_points|timezone_not_normalized_to_utc
5302910,1136819,2002,2002-06-03T06:00:00,2002-06-03T08:00:00,CST,2.0,55,55079,C,079,MILWAUKEE,0,0,0,0,,,,0,,0,1,begin_coordinates_missing_or_invalid|county_code_unverified|damage_crops_missing|damage_property_missing|end_coordinates_missing_or_invalid|no_valid_location_points|timezone_not_normalized_to_utc
5302972,1136759,2002,2002-05-11T21:00:00,2002-05-12T06:00:00,CST,9.0,17,,Z,027,KNOX,0,0,0,0,,,,0,,0,1,begin_coordinates_missing_or_invalid|damage_crops_missing|damage_property_missing|end_coordinates_missing_or_invalid|no_valid_location_points|requires_crosswalk_or_marine_review|timezone_not_normalized_to_utc
5302974,1136759,2002,2002-05-11T21:00:00,2002-05-13T17:00:00,CST,44.0,17,,Z,036,FULTON,0,0,0,0,,,,0,,0,1,begin_coordinates_missing_or_invalid|damage_crops_missing|damage_property_missing|end_coordinates_missing_or_invalid|no_valid_location_points|requires_crosswalk_or_marine_review|timezone_not_normalized_to_utc
5302988,1136821,2002,2002-06-10T19:30:00,2002-06-10T21:00:00,CST,1.5,55,55079,C,079,MILWAUKEE,0,0,0,0,,,,0,,0,1,begin_coordinates_missing_or_invalid|county_code_unverified|damage_crops_missing|damage_property_missing|end_coordinates_missing_or_invalid|no_valid_location_points|timezone_not_normalized_to_utc
5303070,1136759,2002,2002-05-11T21:00:00,2002-05-12T16:00:00,CST,19.0,17,,Z,031,WOODFORD,0,0,0,0,,,,0,,0,1,begin_coordinates_missing_or_invalid|damage_crops_missing|damage_property_missing|end_coordinates_missing_or_invalid|no_valid_location_points|requires_crosswalk_or_marine_review|timezone_not_normalized_to_utc
5303121,1136922,2002,2002-06-02T20:30:00,2002-06-03T00:30:00,EST,4.0,21,,Z,057,MADISON,0,0,0,0,,,,0,,0,1,begin_coordinates_missing_or_invalid|damage_crops_missing|damage_property_missing|end_coordinates_missing_or_invalid|no_valid_location_points|requires_crosswalk_or_marine_review|timezone_not_normalized_to_utc
5303562,1138767,2002,2002-06-05T16:44:00,2002-06-05T17:44:00,EST,1.0,39,,Z,055,FRANKLIN,0,0,0,0,,,,0,,0,1,begin_coordinates_missing_or_invalid|damage_crops_missing|damage_property_missing|end_coordinates_missing_or_invalid|no_valid_location_points|requires_crosswalk_or_marine_review|timezone_not_normalized_to_utc
5303575,1138841,2002,2002-07-10T01:08:00,2002-07-20T23:59:00,CST,262.85,38,,Z,030,TRAILL,0,0,0,0,,,,0,,0,1,begin_coordinates_missing_or_invalid|damage_crops_missing|damage_property_missing|end_coordinates_missing_or_invalid|no_valid_location_points|requires_crosswalk_or_marine_review|timezone_not_normalized_to_utc
5303625,1138767,2002,2002-06-05T16:45:00,2002-06-05T17:45:00,EST,1.0,39,,Z,056,LICKING,0,0,0,0,,,,0,,0,1,begin_coordinates_missing_or_invalid|damage_crops_missing|damage_property_missing|end_coordinates_missing_or_invalid|no_valid_location_points|requires_crosswalk_or_marine_review|timezone_not_normalized_to_utc
5303626,1138767,2002,2002-06-05T17:30:00,2002-06-05T18:15:00,EST,0.75,39,,Z,072,CLINTON,0,0,0,0,,,,0,,0,1,begin_coordinates_missing_or_invalid|damage_crops_missing|damage_property_missing|end_coordinates_missing_or_invalid|no_valid_location_points|requires_crosswalk_or_marine_review|timezone_not_normalized_to_utc
5303627,1138767,2002,2002-06-05T17:35:00,2002-06-05T17:55:00,EST,0.3333333333333333,39,,Z,077,HAMILTON,0,0,0,0,,,,0,,0,1,begin_coordinates_missing_or_invalid|damage_crops_missing|damage_property_missing|end_coordinates_missing_or_invalid|no_valid_location_points|requires_crosswalk_or_marine_review|timezone_not_normalized_to_utc
5303652,1138842,2002,2002-07-10T01:08:00,2002-07-20T23:59:00,CST,262.85,27,,Z,001,WEST POLK,0,0,0,0,,,,0,,0,1,begin_coordinates_missing_or_invalid|damage_crops_missing|damage_property_missing|end_coordinates_missing_or_invalid|no_valid_location_points|requires_crosswalk_or_marine_review|timezone_not_normalized_to_utc
5304109,1138240,2002,2002-07-09T18:55:00,2002-07-09T19:30:00,EST,0.5833333333333334,18,18035,C,035,DELAWARE,0,0,0,0,,,,0,,0,1,begin_coordinates_missing_or_invalid|county_code_unverified|damage_crops_missing|damage_property_missing|end_coordinates_missing_or_invalid|no_valid_location_points|timezone_not_normalized_to_utc
5304375,1138767,2002,2002-06-05T16:05:00,2002-06-05T17:00:00,EST,0.9166666666666666,39,,Z,062,GREENE,0,0,0,0,,,,0,,0,1,begin_coordinates_missing_or_invalid|damage_crops_missing|damage_property_missing|end_coordinates_missing_or_invalid|no_valid_location_points|requires_crosswalk_or_marine_review|timezone_not_normalized_to_utc
5304376,1138767,2002,2002-06-05T15:25:00,2002-06-05T16:30:00,EST,1.0833333333333333,39,,Z,053,CLARK,0,0,0,0,,,,0,,0,1,begin_coordinates_missing_or_invalid|damage_crops_missing|damage_property_missing|end_coordinates_missing_or_invalid|no_valid_location_points|requires_crosswalk_or_marine_review|timezone_not_normalized_to_utc
5304377,1138767,2002,2002-06-05T14:55:00,2002-06-05T15:10:00,EST,0.25,39,,Z,052,CHAMPAIGN,0,0,0,0,,,,0,,0,1,begin_coordinates_missing_or_invalid|damage_crops_missing|damage_property_missing|end_coordinates_missing_or_invalid|no_valid_location_points|requires_crosswalk_or_marine_review|timezone_not_normalized_to_utc
5304380,1138768,2002,2002-06-06T06:50:00,2002-06-06T08:00:00,EST,1.1666666666666667,39,,Z,072,CLINTON,0,0,0,0,,,,0,,0,1,begin_coordinates_missing_or_invalid|damage_crops_missing|damage_property_missing|end_coordinates_missing_or_invalid|no_valid_location_points|requires_crosswalk_or_marine_review|timezone_not_normalized_to_utc
5304381,1138768,2002,2002-06-06T07:10:00,2002-06-06T08:30:00,EST,1.3333333333333333,39,,Z,078,CLERMONT,0,0,0,0,,,,0,,0,1,begin_coordinates_missing_or_invalid|damage_crops_missing|damage_property_missing|end_coordinates_missing_or_invalid|no_valid_location_points|requires_crosswalk_or_marine_review|timezone_not_normalized_to_utc
5304382,1138768,2002,2002-06-06T07:02:00,2002-06-06T08:30:00,EST,1.4666666666666666,39,,Z,077,HAMILTON,0,0,0,0,,,,0,,0,1,begin_coordinates_missing_or_invalid|damage_crops_missing|damage_property_missing|end_coordinates_missing_or_invalid|no_valid_location_points|requires_crosswalk_or_marine_review|timezone_not_normalized_to_utc
5304383,1138768,2002,2002-06-06T09:00:00,2002-06-06T09:30:00,EST,0.5,39,,Z,056,LICKING,0,0,0,0,,,,0,,0,1,begin_coordinates_missing_or_invalid|damage_crops_missing|damage_property_missing|end_coordinates_missing_or_invalid|no_valid_location_points|requires_crosswalk_or_marine_review|timezone_not_normalized_to_utc
5304384,1138768,2002,2002-06-06T10:15:00,2002-06-06T11:30:00,EST,1.25,39,,Z,088,SCIOTO,0,0,0,0,,,,0,,0,1,begin_coordinates_missing_or_invalid|damage_crops_missing|damage_property_missing|end_coordinates_missing_or_invalid|no_valid_location_points|requires_crosswalk_or_marine_review|timezone_not_normalized_to_utc
5304385,1138768,2002,2002-06-06T10:25:00,2002-06-06T11:30:00,EST,1.0833333333333333,39,,Z,081,ADAMS,0,0,0,0,,,,0,,0,1,begin_coordinates_missing_or_invalid|damage_crops_missing|damage_property_missing|end_coordinates_missing_or_invalid|no_valid_location_points|requires_crosswalk_or_marine_review|timezone_not_normalized_to_utc
5304478,1138769,2002,2002-06-06T07:30:00,2002-06-06T07:40:00,EST,0.16666666666666666,21,,Z,092,KENTON,0,0,0,0,,,,0,,0,1,begin_coordinates_missing_or_invalid|damage_crops_missing|damage_property_missing|end_coordinates_missing_or_invalid|no_valid_location_points|requires_crosswalk_or_marine_review|timezone_not_normalized_to_utc
5304479,1138769,2002,2002-06-06T07:05:00,2002-06-06T07:40:00,EST,0.5833333333333334,21,,Z,091,BOONE,0,0,0,0,,,,0,,0,1,begin_coordinates_missing_or_invalid|damage_crops_missing|damage_property_missing|end_coordinates_missing_or_invalid|no_valid_location_points|requires_crosswalk_or_marine_review|timezone_not_normalized_to_utc
5304480,1138769,2002,2002-06-06T07:40:00,2002-06-06T08:20:00,EST,0.6666666666666666,21,,Z,093,CAMPBELL,0,0,0,0,,,,0,,0,1,begin_coordinates_missing_or_invalid|damage_crops_missing|damage_property_missing|end_coordinates_missing_or_invalid|no_valid_location_points|requires_crosswalk_or_marine_review|timezone_not_normalized_to_utc
5304481,1138770,2002,2002-06-06T07:00:00,2002-06-06T07:40:00,EST,0.6666666666666666,18,,Z,080,SWITZERLAND,0,0,0,0,,,,0,,0,1,begin_coordinates_missing_or_invalid|damage_crops_missing|damage_property_missing|end_coordinates_missing_or_invalid|no_valid_location_points|requires_crosswalk_or_marine_review|timezone_not_normalized_to_utc
5304482,1138771,2002,2002-06-13T13:30:00,2002-06-13T14:15:00,EST,0.75,39,,Z,073,ROSS,0,0,0,0,,,,0,,0,1,begin_coordinates_missing_or_invalid|damage_crops_missing|damage_property_missing|end_coordinates_missing_or_invalid|no_valid_location_points|requires_crosswalk_or_marine_review|timezone_not_normalized_to_utc
5304483,1138771,2002,2002-06-13T18:10:00,2002-06-13T19:00:00,EST,0.8333333333333334,39,,Z,073,ROSS,0,0,0,0,,,,0,,0,1,begin_coordinates_missing_or_invalid|damage_crops_missing|damage_property_missing|end_coordinates_missing_or_invalid|no_valid_location_points|requires_crosswalk_or_marine_review|timezone_not_normalized_to_utc
5304484,1138771,2002,2002-06-13T18:44:00,2002-06-13T20:00:00,EST,1.2666666666666666,39,,Z,060,PREBLE,0,0,0,0,,,,0,,0,1,begin_coordinates_missing_or_invalid|damage_crops_missing|damage_property_missing|end_coordinates_missing_or_invalid|no_valid_location_points|requires_crosswalk_or_marine_review|timezone_not_normalized_to_utc
5304485,1138771,2002,2002-06-13T20:00:00,2002-06-13T20:45:00,EST,0.75,39,,Z,061,MONTGOMERY,0,0,0,0,,,,0,,0,1,begin_coordinates_missing_or_invalid|damage_crops_missing|damage_property_missing|end_coordinates_missing_or_invalid|no_valid_location_points|requires_crosswalk_or_marine_review|timezone_not_normalized_to_utc
5304486,1138771,2002,2002-06-13T21:30:00,2002-06-13T22:30:00,EST,1.0,39,,Z,062,GREENE,0,0,0,0,,,,0,,0,1,begin_coordinates_missing_or_invalid|damage_crops_missing|damage_property_missing|end_coordinates_missing_or_invalid|no_valid_location_points|requires_crosswalk_or_marine_review|timezone_not_normalized_to_utc
5304487,1138771,2002,2002-06-13T21:30:00,2002-06-13T22:30:00,EST,1.0,39,,Z,053,CLARK,0,0,0,0,,,,0,,0,1,begin_coordinates_missing_or_invalid|damage_crops_missing|damage_property_missing|end_coordinates_missing_or_invalid|no_valid_location_points|requires_crosswalk_or_marine_review|timezone_not_normalized_to_utc
5304574,1138772,2002,2002-06-25T14:50:00,2002-06-25T15:10:00,EST,0.3333333333333333,39,,Z,080,HIGHLAND,0,0,0,0,,,,0,,0,1,begin_coordinates_missing_or_invalid|damage_crops_missing|damage_property_missing|end_coordinates_missing_or_invalid|no_valid_location_points|requires_crosswalk_or_marine_review|timezone_not_normalized_to_utc
5304575,1138772,2002,2002-06-25T15:00:00,2002-06-25T15:45:00,EST,0.75,39,,Z,077,HAMILTON,0,0,0,0,,,,0,,0,1,begin_coordinates_missing_or_invalid|damage_crops_missing|damage_property_missing|end_coordinates_missing_or_invalid|no_valid_location_points|requires_crosswalk_or_marine_review|timezone_not_normalized_to_utc
5304578,1138773,2002,2002-06-25T15:45:00,2002-06-25T16:45:00,EST,1.0,21,,Z,089,CARROLL,0,0,0,0,,,,0,,0,1,begin_coordinates_missing_or_invalid|damage_crops_missing|damage_property_missing|end_coordinates_missing_or_invalid|no_valid_location_points|requires_crosswalk_or_marine_review|timezone_not_normalized_to_utc
5304579,1138773,2002,2002-06-25T17:05:00,2002-06-25T17:45:00,EST,0.6666666666666666,21,,Z,094,OWEN,0,0,0,0,,,,0,,0,1,begin_coordinates_missing_or_invalid|damage_crops_missing|damage_property_missing|end_coordinates_missing_or_invalid|no_valid_location_points|requires_crosswalk_or_marine_review|timezone_not_normalized_to_utc
5304580,1138773,2002,2002-06-25T18:30:00,2002-06-25T19:15:00,EST,0.75,21,,Z,095,GRANT,0,0,0,0,,,,0,,0,1,begin_coordinates_missing_or_invalid|damage_crops_missing|damage_property_missing|end_coordinates_missing_or_invalid|no_valid_location_points|requires_crosswalk_or_marine_review|timezone_not_normalized_to_utc
5304581,1138773,2002,2002-06-25T18:30:00,2002-06-25T19:15:00,EST,0.75,21,,Z,094,OWEN,0,0,0,0,,,,0,,0,1,begin_coordinates_missing_or_invalid|damage_crops_missing|damage_property_missing|end_coordinates_missing_or_invalid|no_valid_location_points|requires_crosswalk_or_marine_review|timezone_not_normalized_to_utc
5304587,1138774,2002,2002-06-26T17:12:00,2002-06-26T18:12:00,EST,1.0,39,,Z,070,BUTLER,0,0,0,0,,,,0,,0,1,begin_coordinates_missing_or_invalid|damage_crops_missing|damage_property_missing|end_coordinates_missing_or_invalid|no_valid_location_points|requires_crosswalk_or_marine_review|timezone_not_normalized_to_utc
5304637,1138441,2002,2002-06-30T14:20:00,2002-06-30T14:40:00,EST,0.3333333333333333,12,12105,C,105,POLK,0,0,0,0,,,,0,,0,1,begin_coordinates_missing_or_invalid|county_code_unverified|damage_crops_missing|damage_property_missing|end_coordinates_missing_or_invalid|no_valid_location_points|timezone_not_normalized_to_utc
5304848,1137853,2002,2002-06-12T03:00:00,2002-06-13T16:00:00,EST,37.0,50,,Z,007,CALEDONIA,0,0,0,0,50000,,,0,,0,1,begin_coordinates_missing_or_invalid|damage_crops_missing|end_coordinates_missing_or_invalid|no_valid_location_points|requires_crosswalk_or_marine_review|timezone_not_normalized_to_utc
5304849,1137853,2002,2002-06-12T03:00:00,2002-06-13T16:00:00,EST,37.0,50,,Z,002,FRANKLIN,0,0,0,0,25000,,,0,,0,1,begin_coordinates_missing_or_invalid|damage_crops_missing|end_coordinates_missing_or_invalid|no_valid_location_points|requires_crosswalk_or_marine_review|timezone_not_normalized_to_utc
5304850,1137853,2002,2002-06-12T03:00:00,2002-06-13T16:00:00,EST,37.0,50,,Z,006,LAMOILLE,0,0,0,0,10000,,,0,,0,1,begin_coordinates_missing_or_invalid|damage_crops_missing|end_coordinates_missing_or_invalid|no_valid_location_points|requires_crosswalk_or_marine_review|timezone_not_normalized_to_utc
5304851,1137853,2002,2002-06-12T03:00:00,2002-06-13T16:00:00,EST,37.0,50,,Z,003,ORLEANS,0,0,0,0,10000,,,0,,0,1,begin_coordinates_missing_or_invalid|damage_crops_missing|end_coordinates_missing_or_invalid|no_valid_location_points|requires_crosswalk_or_marine_review|timezone_not_normalized_to_utc
5304852,1137854,2002,2002-06-12T04:00:00,2002-06-13T18:00:00,EST,38.0,36,,Z,028,NORTHEAST CLINTON,0,0,0,0,10000,,,0,,0,1,begin_coordinates_missing_or_invalid|damage_crops_missing|end_coordinates_missing_or_invalid|no_valid_location_points|requires_crosswalk_or_marine_review|timezone_not_normalized_to_utc
5304928,1137854,2002,2002-06-12T04:00:00,2002-06-13T18:00:00,EST,38.0,36,,Z,031,SOUTHWEST CLINTON,0,0,0,0,10000,,,0,,0,1,begin_coordinates_missing_or_invalid|damage_crops_missing|end_coordinates_missing_or_invalid|no_valid_location_points|requires_crosswalk_or_marine_review|timezone_not_normalized_to_utc
5304929,1137855,2002,2002-06-12T08:30:00,2002-06-12T15:30:00,EST,7.0,50,,Z,004,ESSEX,0,0,0,0,10000,,,0,,0,1,begin_coordinates_missing_or_invalid|damage_crops_missing|end_coordinates_missing_or_invalid|no_valid_location_points|requires_crosswalk_or_marine_review|timezone_not_normalized_to_utc
5304930,1137856,2002,2002-06-12T11:00:00,2002-06-12T15:30:00,EST,4.5,50,,Z,005,CHITTENDEN,0,0,0,0,5000,,,0,,0,1,begin_coordinates_missing_or_invalid|damage_crops_missing|end_coordinates_missing_or_invalid|no_valid_location_points|requires_crosswalk_or_marine_review|timezone_not_normalized_to_utc
5305311,1137590,2002,2002-06-15T17:30:00,2002-06-15T17:30:00,EST,0.0,36,36109,C,109,TOMPKINS,0,0,0,0,2000,,,0,,0,1,begin_coordinates_missing_or_invalid|county_code_unverified|damage_crops_missing|end_coordinates_missing_or_invalid|no_valid_location_points|timezone_not_normalized_to_utc
5305479,1137916,2002,2002-06-12T20:00:00,2002-06-13T22:00:00,EST,26.0,33,,Z,003,NORTHERN GRAFTON,0,0,0,0,,,,0,,0,1,begin_coordinates_missing_or_invalid|damage_crops_missing|damage_property_missing|end_coordinates_missing_or_invalid|no_valid_location_points|requires_crosswalk_or_marine_review|timezone_not_normalized_to_utc
5305480,1137916,2002,2002-06-12T13:00:00,2002-06-14T22:00:00,EST,57.0,33,,Z,002,SOUTHERN COOS,0,0,0,0,,,,0,,0,1,begin_coordinates_missing_or_invalid|damage_crops_missing|damage_property_missing|end_coordinates_missing_or_invalid|no_valid_location_points|requires_crosswalk_or_marine_review|timezone_not_normalized_to_utc
5305531,1137623,2002,2002-06-27T15:45:00,2002-06-27T17:00:00,EST,1.25,36,36067,C,067,ONONDAGA,0,0,0,0,20000,,,0,,0,1,begin_coordinates_missing_or_invalid|county_code_unverified|damage_crops_missing|end_coordinates_missing_or_invalid|no_valid_location_points|timezone_not_normalized_to_utc
5305532,1137624,2002,2002-06-27T16:00:00,2002-06-27T17:30:00,EST,1.5,36,36053,C,053,MADISON,0,0,0,0,10000,,,0,,0,1,begin_coordinates_missing_or_invalid|county_code_unverified|damage_crops_missing|end_coordinates_missing_or_invalid|no_valid_location_points|timezone_not_normalized_to_utc
5305628,1137634,2002,2002-06-27T15:45:00,2002-06-27T18:00:00,EST,2.25,36,36065,C,065,ONEIDA,0,0,0,0,,,,0,,0,1,begin_coordinates_missing_or_invalid|county_code_unverified|damage_crops_missing|damage_property_missing|end_coordinates_missing_or_invalid|no_valid_location_points|timezone_not_normalized_to_utc
5305675,1137967,2002,2002-06-05T16:25:00,2002-06-05T16:25:00,EST,0.0,37,37021,C,021,BUNCOMBE,0,0,0,0,10000,,,0,,0,1,begin_coordinates_missing_or_invalid|county_code_unverified|damage_crops_missing|end_coordinates_missing_or_invalid|no_valid_location_points|timezone_not_normalized_to_utc
5305784,1138088,2002,2002-06-04T04:00:00,2002-06-04T14:30:00,CST,10.5,55,,Z,061,GRANT,0,0,0,0,45000,75000,,0,,0,1,begin_coordinates_missing_or_invalid|end_coordinates_missing_or_invalid|no_valid_location_points|requires_crosswalk_or_marine_review|timezone_not_normalized_to_utc
5305785,1138089,2002,2002-06-04T05:30:00,2002-06-04T14:30:00,CST,9.0,19,,Z,030,CLAYTON,0,0,0,0,50000,80000,,0,,0,1,begin_coordinates_missing_or_invalid|end_coordinates_missing_or_invalid|no_valid_location_points|requires_crosswalk_or_marine_review|timezone_not_normalized_to_utc
5305789,1138091,2002,2002-06-22T09:30:00,2002-06-22T14:00:00,CST,4.5,55,,Z,044,ADAMS,0,0,0,0,150000,4500.0,,0,,0,1,begin_coordinates_missing_or_invalid|end_coordinates_missing_or_invalid|no_valid_location_points|requires_crosswalk_or_marine_review|timezone_not_normalized_to_utc
5305790,1138091,2002,2002-06-22T09:30:00,2002-06-22T13:00:00,CST,3.5,55,,Z,029,CLARK,0,0,0,0,75000,12000,,0,,0,1,begin_coordinates_missing_or_invalid|end_coordinates_missing_or_invalid|no_valid_location_points|requires_crosswalk_or_marine_review|timezone_not_normalized_to_utc
5305791,1138091,2002,2002-06-22T09:00:00,2002-06-22T13:00:00,CST,4.0,55,,Z,017,TAYLOR,0,0,0,0,35000,8000,,0,,0,1,begin_coordinates_missing_or_invalid|end_coordinates_missing_or_invalid|no_valid_location_points|requires_crosswalk_or_marine_review|timezone_not_normalized_to_utc
5305962,1137811,2002,2002-06-22T09:00:00,2002-06-22T11:00:00,EST,2.0,45,,Z,050,CHARLESTON,0,0,0,0,,,,0,,0,1,begin_coordinates_missing_or_invalid|damage_crops_missing|damage_property_missing|end_coordinates_missing_or_invalid|no_valid_location_points|requires_crosswalk_or_marine_review|timezone_not_normalized_to_utc
5305963,1137811,2002,2002-06-22T08:45:00,2002-06-22T10:45:00,EST,2.0,45,,Z,049,SOUTHERN COLLETON,0,0,0,0,,,,0,,0,1,begin_coordinates_missing_or_invalid|damage_crops_missing|damage_property_missing|end_coordinates_missing_or_invalid|no_valid_location_points|requires_crosswalk_or_marine_review|timezone_not_normalized_to_utc
5305964,1137811,2002,2002-06-22T08:11:00,2002-06-22T10:45:00,EST,2.566666666666667,45,,Z,048,BEAUFORT,0,0,0,0,,,,0,,0,1,begin_coordinates_missing_or_invalid|damage_crops_missing|damage_property_missing|end_coordinates_missing_or_invalid|no_valid_location_points|requires_crosswalk_or_marine_review|timezone_not_normalized_to_utc
5306172,1137727,2002,2002-04-12T08:00:00,2002-04-19T08:00:00,CST,168.0,55,,Z,004,IRON,0,0,0,0,1280000.00,,,0,,0,1,begin_coordinates_missing_or_invalid|damage_crops_missing|end_coordinates_missing_or_invalid|no_valid_location_points|requires_crosswalk_or_marine_review|timezone_not_normalized_to_utc
5306173,1137728,2002,2002-04-14T18:00:00,2002-04-18T18:00:00,CST,96.0,55,,Z,003,ASHLAND,0,0,0,0,189000,,,0,,0,1,begin_coordinates_missing_or_invalid|damage_crops_missing|end_coordinates_missing_or_invalid|no_valid_location_points|requires_crosswalk_or_marine_review|timezone_not_normalized_to_utc
5306174,1137729,2002,2002-04-14T08:00:00,2002-04-19T08:00:00,CST,120.0,55,,Z,008,SAWYER,0,0,0,0,50000,,,0,,0,1,begin_coordinates_missing_or_invalid|damage_crops_missing|end_coordinates_missing_or_invalid|no_valid_location_points|requires_crosswalk_or_marine_review|timezone_not_normalized_to_utc
5306295,1137760,2002,2002-06-23T12:00:00,2002-06-28T11:30:00,CST,119.5,27,,Z,037,SOUTHERN ST. LOUIS / CARLTON,0,0,0,0,,,,0,,0,1,begin_coordinates_missing_or_invalid|damage_crops_missing|damage_property_missing|end_coordinates_missing_or_invalid|no_valid_location_points|requires_crosswalk_or_marine_review|timezone_not_normalized_to_utc
5306296,1137761,2002,2002-06-24T05:00:00,2002-06-27T11:45:00,CST,78.75,27,,Z,037,SOUTHERN ST. LOUIS / CARLTON,0,0,0,0,,,,0,,0,1,begin_coordinates_missing_or_invalid|damage_crops_missing|damage_property_missing|end_coordinates_missing_or_invalid|no_valid_location_points|requires_crosswalk_or_marine_review|timezone_not_normalized_to_utc
5306297,1137762,2002,2002-06-25T11:03:00,2002-06-27T09:30:00,CST,46.45,27,,Z,037,SOUTHERN ST. LOUIS / CARLTON,0,0,0,0,,,,0,,0,1,begin_coordinates_missing_or_invalid|damage_crops_missing|damage_property_missing|end_coordinates_missing_or_invalid|no_valid_location_points|requires_crosswalk_or_marine_review|timezone_not_normalized_to_utc
5306377,1138026,2002,2002-06-23T03:33:00,2002-06-24T16:00:00,CST,36.45,55,,Z,035,WOOD,0,0,0,0,,,,0,,0,1,begin_coordinates_missing_or_invalid|damage_crops_missing|damage_property_missing|end_coordinates_missing_or_invalid|no_valid_location_points|requires_crosswalk_or_marine_review|timezone_not_normalized_to_utc
5306378,1138027,2002,2002-06-22T05:48:00,2002-06-22T21:24:00,CST,15.6,55,,Z,030,MARATHON,0,0,0,0,,,,0,,0,1,begin_coordinates_missing_or_invalid|damage_crops_missing|damage_property_missing|end_coordinates_missing_or_invalid|no_valid_location_points|requires_crosswalk_or_marine_review|timezone_not_normalized_to_utc
5306379,1138028,2002,2002-06-25T02:00:00,2002-06-25T08:28:00,CST,6.466666666666667,55,,Z,013,MARINETTE,0,0,0,0,,,,0,,0,1,begin_coordinates_missing_or_invalid|damage_crops_missing|damage_property_missing|end_coordinates_missing_or_invalid|no_valid_location_points|requires_crosswalk_or_marine_review|timezone_not_normalized_to_utc
5306602,1139609,2002,2002-07-03T17:30:00,2002-07-03T17:30:00,EST,0.0,12,12125,C,125,UNION,0,0,0,0,,,,0,,0,1,begin_coordinates_missing_or_invalid|county_code_unverified|damage_crops_missing|damage_property_missing|end_coordinates_missing_or_invalid|no_valid_location_points|timezone_not_normalized_to_utc
5306603,1139610,2002,2002-07-03T19:30:00,2002-07-03T20:30:00,EST,1.0,13,13065,C,065,CLINCH,0,0,0,0,,,,0,,0,1,begin_coordinates_missing_or_invalid|county_code_unverified|damage_crops_missing|damage_property_missing|end_coordinates_missing_or_invalid|no_valid_location_points|timezone_not_normalized_to_utc
5306635,1139888,2002,2002-07-04T02:29:00,2002-07-05T10:55:00,AST,32.43333333333333,02,,Z,222,MIDDLE TANANA VALLEY,0,0,0,0,,,,0,,0,1,begin_coordinates_missing_or_invalid|damage_crops_missing|damage_property_missing|end_coordinates_missing_or_invalid|no_valid_location_points|requires_crosswalk_or_marine_review|timezone_not_normalized_to_utc
5306636,1139889,2002,2002-07-30T12:07:00,2002-07-31T10:45:00,AST,22.633333333333333,02,,Z,224,UPR TANANA VLY FORTYMILE,0,0,0,0,,,,0,,0,1,begin_coordinates_missing_or_invalid|damage_crops_missing|damage_property_missing|end_coordinates_missing_or_invalid|no_valid_location_points|requires_crosswalk_or_marine_review|timezone_not_normalized_to_utc
5306709,1139626,2002,2002-07-19T16:45:00,2002-07-19T16:45:00,EST,0.0,12,12019,C,019,CLAY,0,0,0,0,,,,0,,0,1,begin_coordinates_missing_or_invalid|county_code_unverified|damage_crops_missing|damage_property_missing|end_coordinates_missing_or_invalid|no_valid_location_points|timezone_not_normalized_to_utc
5306712,1139629,2002,2002-07-20T14:30:00,2002-07-20T16:30:00,EST,2.0,12,12031,C,031,DUVAL,0,0,0,0,,,,0,,0,1,begin_coordinates_missing_or_invalid|county_code_unverified|damage_crops_missing|damage_property_missing|end_coordinates_missing_or_invalid|no_valid_location_points|timezone_not_normalized_to_utc
5306765,1139904,2002,2002-07-01T00:00:00,2002-07-08T13:05:00,CST,181.08333333333334,48,,Z,191,HAYS,0,0,0,0,,,,0,,0,1,begin_coordinates_missing_or_invalid|damage_crops_missing|damage_property_missing|end_coordinates_missing_or_invalid|no_valid_location_points|requires_crosswalk_or_marine_review|timezone_not_normalized_to_utc
5306842,1139929,2002,2002-07-05T05:45:00,2002-07-09T09:51:00,CST,100.1,48,,Z,206,COMAL,0,0,0,0,,,,0,,0,1,begin_coordinates_missing_or_invalid|damage_crops_missing|damage_property_missing|end_coordinates_missing_or_invalid|no_valid_location_points|requires_crosswalk_or_marine_review|timezone_not_normalized_to_utc
5306843,1139930,2002,2002-07-05T09:57:00,2002-07-05T15:52:00,CST,5.916666666666667,48,,Z,188,GILLESPIE,0,0,0,0,,,,0,,0,1,begin_coordinates_missing_or_invalid|damage_crops_missing|damage_property_missing|end_coordinates_missing_or_invalid|no_valid_location_points|requires_crosswalk_or_marine_review|timezone_not_normalized_to_utc
5306844,1139931,2002,2002-07-05T12:51:00,2002-07-08T01:42:00,CST,60.85,48,,Z,207,GUADALUPE,0,0,0,0,,,,0,,0,1,begin_coordinates_missing_or_invalid|damage_crops_missing|damage_property_missing|end_coordinates_missing_or_invalid|no_valid_location_points|requires_crosswalk_or_marine_review|timezone_not_normalized_to_utc
5307057,1139682,2002,2002-07-11T00:44:00,2002-07-11T00:44:00,CST,0.0,19,19103,C,103,JOHNSON,0,0,0,0,,,,0,,0,1,begin_coordinates_missing_or_invalid|county_code_unverified|damage_crops_missing|damage_property_missing|end_coordinates_missing_or_invalid|no_valid_location_points|timezone_not_normalized_to_utc
5307058,1139682,2002,2002-07-11T00:44:00,2002-07-11T00:44:00,CST,0.0,19,19103,C,103,JOHNSON,0,0,0,0,,,,0,,0,1,begin_coordinates_missing_or_invalid|county_code_unverified|damage_crops_missing|damage_property_missing|end_coordinates_missing_or_invalid|no_valid_location_points|timezone_not_normalized_to_utc
5307120,1139682,2002,2002-07-11T04:10:00,2002-07-11T04:10:00,CST,0.0,19,19113,C,113,LINN,0,0,0,0,,,,0,,0,1,begin_coordinates_missing_or_invalid|county_code_unverified|damage_crops_missing|damage_property_missing|end_coordinates_missing_or_invalid|no_valid_location_points|timezone_not_normalized_to_utc
5307123,1139685,2002,2002-07-27T04:05:00,2002-07-27T04:05:00,CST,0.0,19,19163,C,163,SCOTT,0,0,0,0,,,,0,,0,1,begin_coordinates_missing_or_invalid|county_code_unverified|damage_crops_missing|damage_property_missing|end_coordinates_missing_or_invalid|no_valid_location_points|timezone_not_normalized_to_utc
5307124,1139685,2002,2002-07-27T04:10:00,2002-07-27T04:10:00,CST,0.0,19,19163,C,163,SCOTT,0,0,0,0,,,,0,,0,1,begin_coordinates_missing_or_invalid|county_code_unverified|damage_crops_missing|damage_property_missing|end_coordinates_missing_or_invalid|no_valid_location_points|timezone_not_normalized_to_utc
5307125,1139685,2002,2002-07-27T06:19:00,2002-07-27T06:19:00,CST,0.0,19,19163,C,163,SCOTT,0,0,0,0,,,,0,,0,1,begin_coordinates_missing_or_invalid|county_code_unverified|damage_crops_missing|damage_property_missing|end_coordinates_missing_or_invalid|no_valid_location_points|timezone_not_normalized_to_utc
5307219,1139692,2002,2002-07-19T06:00:00,2002-07-19T08:00:00,CST,2.0,19,19031,C,031,CEDAR,0,0,0,0,,,,0,,0,1,begin_coordinates_missing_or_invalid|county_code_unverified|damage_crops_missing|damage_property_missing|end_coordinates_missing_or_invalid|no_valid_location_points|timezone_not_normalized_to_utc
5307220,1139692,2002,2002-07-19T06:00:00,2002-07-19T08:00:00,CST,2.0,19,19105,C,105,JONES,0,0,0,0,,,,0,,0,1,begin_coordinates_missing_or_invalid|county_code_unverified|damage_crops_missing|damage_property_missing|end_coordinates_missing_or_invalid|no_valid_location_points|timezone_not_normalized_to_utc
5307221,1139692,2002,2002-07-19T06:00:00,2002-07-19T08:00:00,CST,2.0,19,19105,C,105,JONES,0,0,0,0,,,,0,,0,1,begin_coordinates_missing_or_invalid|county_code_unverified|damage_crops_missing|damage_property_missing|end_coordinates_missing_or_invalid|no_valid_location_points|timezone_not_normalized_to_utc
5307222,1139692,2002,2002-07-19T06:00:00,2002-07-19T08:30:00,CST,2.5,19,19105,C,105,JONES,0,0,0,0,,,,0,,0,1,begin_coordinates_missing_or_invalid|county_code_unverified|damage_crops_missing|damage_property_missing|end_coordinates_missing_or_invalid|no_valid_location_points|timezone_not_normalized_to_utc
5307223,1139692,2002,2002-07-19T06:00:00,2002-07-19T09:00:00,CST,3.0,19,19031,C,031,CEDAR,0,0,0,0,,,,0,,0,1,begin_coordinates_missing_or_invalid|county_code_unverified|damage_crops_missing|damage_property_missing|end_coordinates_missing_or_invalid|no_valid_location_points|timezone_not_normalized_to_utc
5307282,1139692,2002,2002-07-19T06:00:00,2002-07-19T08:00:00,CST,2.0,19,19031,C,031,CEDAR,0,0,0,0,,,,0,,0,1,begin_coordinates_missing_or_invalid|county_code_unverified|damage_crops_missing|damage_property_missing|end_coordinates_missing_or_invalid|no_valid_location_points|timezone_not_normalized_to_utc
5307284,1139692,2002,2002-07-19T06:00:00,2002-07-19T08:30:00,CST,2.5,19,19105,C,105,JONES,0,0,0,0,,,,0,,0,1,begin_coordinates_missing_or_invalid|county_code_unverified|damage_crops_missing|damage_property_missing|end_coordinates_missing_or_invalid|no_valid_location_points|timezone_not_normalized_to_utc
5307979,1139116,2002,2002-07-09T00:00:00,2002-07-09T02:00:00,CST,2.0,55,55059,C,059,KENOSHA,0,0,0,0,,,,0,,0,1,begin_coordinates_missing_or_invalid|county_code_unverified|damage_crops_missing|damage_property_missing|end_coordinates_missing_or_invalid|no_valid_location_points|timezone_not_normalized_to_utc
5307980,1139116,2002,2002-07-08T18:00:00,2002-07-08T21:00:00,CST,3.0,55,55117,C,117,SHEBOYGAN,0,0,0,0,,,,0,,0,1,begin_coordinates_missing_or_invalid|county_code_unverified|damage_crops_missing|damage_property_missing|end_coordinates_missing_or_invalid|no_valid_location_points|timezone_not_normalized_to_utc
5307998,1138860,2002,2002-07-03T16:00:00,2002-07-03T16:00:00,EST,0.0,13,13067,C,067,COBB,0,0,0,0,,,,0,,0,1,begin_coordinates_missing_or_invalid|county_code_unverified|damage_crops_missing|damage_property_missing|end_coordinates_missing_or_invalid|no_valid_location_points|timezone_not_normalized_to_utc
5307999,1138860,2002,2002-07-03T16:22:00,2002-07-03T16:22:00,EST,0.0,13,13089,C,089,DE KALB,0,0,0,0,,,,0,,0,1,begin_coordinates_missing_or_invalid|county_code_unverified|damage_crops_missing|damage_property_missing|end_coordinates_missing_or_invalid|no_valid_location_points|timezone_not_normalized_to_utc
5308000,1138860,2002,2002-07-03T18:47:00,2002-07-03T18:47:00,EST,0.0,13,13169,C,169,JONES,0,0,0,0,,,,0,,0,1,begin_coordinates_missing_or_invalid|county_code_unverified|damage_crops_missing|damage_property_missing|end_coordinates_missing_or_invalid|no_valid_location_points|timezone_not_normalized_to_utc
5308035,1139118,2002,2002-07-27T00:00:00,2002-07-27T03:00:00,CST,3.0,55,55133,C,133,WAUKESHA,0,0,0,0,,,,0,,0,1,begin_coordinates_missing_or_invalid|county_code_unverified|damage_crops_missing|damage_property_missing|end_coordinates_missing_or_invalid|no_valid_location_points|timezone_not_normalized_to_utc
5308064,1139088,2002,2002-07-23T18:00:00,2002-07-23T18:15:00,CST,0.25,28,28049,C,049,HINDS,0,0,0,0,15000,,,0,,0,1,begin_coordinates_missing_or_invalid|county_code_unverified|damage_crops_missing|end_coordinates_missing_or_invalid|no_valid_location_points|timezone_not_normalized_to_utc
5308202,1138954,2002,2002-06-27T16:00:00,2002-06-27T17:00:00,EST,1.0,34,34019,C,019,HUNTERDON,0,0,0,0,,,,0,,0,1,begin_coordinates_missing_or_invalid|county_code_unverified|damage_crops_missing|damage_property_missing|end_coordinates_missing_or_invalid|no_valid_location_points|timezone_not_normalized_to_utc
5308205,1138956,2002,2002-06-27T20:06:00,2002-06-27T20:22:00,EST,0.26666666666666666,42,42101,C,101,PHILADELPHIA,0,0,0,0,,0,,0,,0,1,begin_coordinates_missing_or_invalid|county_code_unverified|damage_property_missing|end_coordinates_missing_or_invalid|no_valid_location_points|timezone_not_normalized_to_utc
5308212,1138963,2002,2002-06-19T16:30:00,2002-06-19T18:30:00,EST,2.0,42,42101,C,101,PHILADELPHIA,0,0,0,0,,,,0,,0,1,begin_coordinates_missing_or_invalid|county_code_unverified|damage_crops_missing|damage_property_missing|end_coordinates_missing_or_invalid|no_valid_location_points|timezone_not_normalized_to_utc
5308214,1138965,2002,2002-06-06T17:00:00,2002-06-06T19:00:00,EST,2.0,34,34001,C,001,ATLANTIC,0,0,0,0,,,,0,,0,1,begin_coordinates_missing_or_invalid|county_code_unverified|damage_crops_missing|damage_property_missing|end_coordinates_missing_or_invalid|no_valid_location_points|timezone_not_normalized_to_utc
5308215,1138965,2002,2002-06-06T17:00:00,2002-06-06T19:00:00,EST,2.0,34,34009,C,009,CAPE MAY,0,0,0,0,,,,0,,0,1,begin_coordinates_missing_or_invalid|county_code_unverified|damage_crops_missing|damage_property_missing|end_coordinates_missing_or_invalid|no_valid_location_points|timezone_not_normalized_to_utc
5308216,1138965,2002,2002-06-06T17:00:00,2002-06-06T19:00:00,EST,2.0,34,34011,C,011,CUMBERLAND,0,0,0,0,,,,0,,0,1,begin_coordinates_missing_or_invalid|county_code_unverified|damage_crops_missing|damage_property_missing|end_coordinates_missing_or_invalid|no_valid_location_points|timezone_not_normalized_to_utc
5308221,1138970,2002,2002-06-07T00:45:00,2002-06-07T01:07:00,EST,0.36666666666666664,42,42101,C,101,PHILADELPHIA,0,0,0,0,0,0,,0,,0,1,begin_coordinates_missing_or_invalid|county_code_unverified|end_coordinates_missing_or_invalid|no_valid_location_points|timezone_not_normalized_to_utc
5308222,1138971,2002,2002-06-14T21:30:00,2002-06-15T00:00:00,EST,2.5,34,,Z,025,EASTERN ATLANTIC,0,0,0,0,,,,0,,0,1,begin_coordinates_missing_or_invalid|damage_crops_missing|damage_property_missing|end_coordinates_missing_or_invalid|no_valid_location_points|requires_crosswalk_or_marine_review|timezone_not_normalized_to_utc
5308223,1138971,2002,2002-06-14T21:30:00,2002-06-15T00:00:00,EST,2.5,34,,Z,024,EASTERN CAPE MAY,0,0,0,0,,,,0,,0,1,begin_coordinates_missing_or_invalid|damage_crops_missing|damage_property_missing|end_coordinates_missing_or_invalid|no_valid_location_points|requires_crosswalk_or_marine_review|timezone_not_normalized_to_utc
5308291,1138865,2002,2002-07-21T17:00:00,2002-07-21T17:00:00,EST,0.0,13,13077,C,077,COWETA,0,0,0,0,,,,0,,0,1,begin_coordinates_missing_or_invalid|county_code_unverified|damage_crops_missing|damage_property_missing|end_coordinates_missing_or_invalid|no_valid_location_points|timezone_not_normalized_to_utc
5308292,1138971,2002,2002-06-14T21:30:00,2002-06-15T00:00:00,EST,2.5,34,,Z,014,EASTERN MONMOUTH,0,0,0,0,,,,0,,0,1,begin_coordinates_missing_or_invalid|damage_crops_missing|damage_property_missing|end_coordinates_missing_or_invalid|no_valid_location_points|requires_crosswalk_or_marine_review|timezone_not_normalized_to_utc
5308293,1138971,2002,2002-06-14T21:30:00,2002-06-15T00:00:00,EST,2.5,34,,Z,026,EASTERN OCEAN,0,0,0,0,,,,0,,0,1,begin_coordinates_missing_or_invalid|damage_crops_missing|damage_property_missing|end_coordinates_missing_or_invalid|no_valid_location_points|requires_crosswalk_or_marine_review|timezone_not_normalized_to_utc
5308294,1138971,2002,2002-06-14T21:30:00,2002-06-15T00:00:00,EST,2.5,34,,Z,023,WESTERN CAPE MAY,0,0,0,0,,,,0,,0,1,begin_coordinates_missing_or_invalid|damage_crops_missing|damage_property_missing|end_coordinates_missing_or_invalid|no_valid_location_points|requires_crosswalk_or_marine_review|timezone_not_normalized_to_utc
5308529,1138867,2002,2002-07-23T17:30:00,2002-07-23T17:30:00,EST,0.0,13,13067,C,067,COBB,0,0,0,0,,,,0,,0,1,begin_coordinates_missing_or_invalid|county_code_unverified|damage_crops_missing|damage_property_missing|end_coordinates_missing_or_invalid|no_valid_location_points|timezone_not_normalized_to_utc
5308530,1138867,2002,2002-07-23T17:30:00,2002-07-23T17:30:00,EST,0.0,13,,Z,020,BARTOW,0,0,0,0,,,,0,,0,1,begin_coordinates_missing_or_invalid|damage_crops_missing|damage_property_missing|end_coordinates_missing_or_invalid|no_valid_location_points|requires_crosswalk_or_marine_review|timezone_not_normalized_to_utc
5308632,1138869,2002,2002-07-28T18:48:00,2002-07-28T18:48:00,EST,0.0,13,13271,C,271,TELFAIR,0,0,0,0,,,,0,,0,1,begin_coordinates_missing_or_invalid|county_code_unverified|damage_crops_missing|damage_property_missing|end_coordinates_missing_or_invalid|no_valid_location_points|timezone_not_normalized_to_utc
5308639,1138870,2002,2002-07-30T20:25:00,2002-07-30T20:25:00,EST,0.0,13,13115,C,115,FLOYD,0,0,0,0,,,,0,,0,1,begin_coordinates_missing_or_invalid|county_code_unverified|damage_crops_missing|damage_property_missing|end_coordinates_missing_or_invalid|no_valid_location_points|timezone_not_normalized_to_utc
5308666,1139021,2002,2002-07-19T17:30:00,2002-07-19T19:30:00,EST,2.0,34,34007,C,007,CAMDEN,0,0,0,0,,,,0,,0,1,begin_coordinates_missing_or_invalid|county_code_unverified|damage_crops_missing|damage_property_missing|end_coordinates_missing_or_invalid|no_valid_location_points|timezone_not_normalized_to_utc
5308667,1139022,2002,2002-07-19T16:45:00,2002-07-19T18:45:00,EST,2.0,34,34035,C,035,SOMERSET,0,0,0,0,,,,0,,0,1,begin_coordinates_missing_or_invalid|county_code_unverified|damage_crops_missing|damage_property_missing|end_coordinates_missing_or_invalid|no_valid_location_points|timezone_not_normalized_to_utc
5308668,1139023,2002,2002-07-19T17:30:00,2002-07-19T19:30:00,EST,2.0,34,34023,C,023,MIDDLESEX,0,0,0,0,,,,0,,0,1,begin_coordinates_missing_or_invalid|county_code_unverified|damage_crops_missing|damage_property_missing|end_coordinates_missing_or_invalid|no_valid_location_points|timezone_not_normalized_to_utc
5308726,1138864,2002,2002-07-11T21:35:00,2002-07-11T21:35:00,EST,0.0,13,13291,C,291,UNION,0,0,0,0,,,,0,,0,1,begin_coordinates_missing_or_invalid|county_code_unverified|damage_crops_missing|damage_property_missing|end_coordinates_missing_or_invalid|no_valid_location_points|timezone_not_normalized_to_utc
5308746,1138871,2002,2002-07-31T17:25:00,2002-07-31T17:25:00,EST,0.0,13,13107,C,107,EMANUEL,0,0,0,0,,,,0,,0,1,begin_coordinates_missing_or_invalid|county_code_unverified|damage_crops_missing|damage_property_missing|end_coordinates_missing_or_invalid|no_valid_location_points|timezone_not_normalized_to_utc
5309043,1138859,2002,2002-07-02T16:23:00,2002-07-02T16:23:00,EST,0.0,13,13135,C,135,GWINNETT,0,0,0,0,,,,0,,0,1,begin_coordinates_missing_or_invalid|county_code_unverified|damage_crops_missing|damage_property_missing|end_coordinates_missing_or_invalid|no_valid_location_points|timezone_not_normalized_to_utc
5309297,1138859,2002,2002-07-02T19:25:00,2002-07-02T19:25:00,EST,0.0,13,13293,C,293,UPSON,0,0,0,0,,,,0,,0,1,begin_coordinates_missing_or_invalid|county_code_unverified|damage_crops_missing|damage_property_missing|end_coordinates_missing_or_invalid|no_valid_location_points|timezone_not_normalized_to_utc
5309385,1138859,2002,2002-07-02T15:30:00,2002-07-02T15:30:00,EST,0.0,13,13139,C,139,HALL,0,0,0,0,,,,0,,0,1,begin_coordinates_missing_or_invalid|county_code_unverified|damage_crops_missing|damage_property_missing|end_coordinates_missing_or_invalid|no_valid_location_points|timezone_not_normalized_to_utc
5309443,1140958,2002,2002-07-22T15:45:00,2002-07-22T15:50:00,EST,0.08333333333333333,37,37025,C,025,CABARRUS,0,0,0,0,,,,0,,0,1,begin_coordinates_missing_or_invalid|county_code_unverified|damage_crops_missing|damage_property_missing|end_coordinates_missing_or_invalid|no_valid_location_points|timezone_not_normalized_to_utc
5309539,1140975,2002,2002-07-14T08:30:00,2002-07-14T08:30:00,EST,0.0,37,37119,C,119,MECKLENBURG,0,0,0,0,,,,0,,0,1,begin_coordinates_missing_or_invalid|county_code_unverified|damage_crops_missing|damage_property_missing|end_coordinates_missing_or_invalid|no_valid_location_points|timezone_not_normalized_to_utc
5309647,1141253,2002,2002-09-04T17:15:00,2002-09-04T17:15:00,EST,0.0,12,12105,C,105,POLK,0,0,0,0,,,,0,,0,1,begin_coordinates_missing_or_invalid|county_code_unverified|damage_crops_missing|damage_property_missing|end_coordinates_missing_or_invalid|no_valid_location_points|timezone_not_normalized_to_utc
5309649,1141255,2002,2002-09-06T19:00:00,2002-09-06T19:00:00,EST,0.0,12,12103,C,103,PINELLAS,0,0,0,0,,,,0,,0,1,begin_coordinates_missing_or_invalid|county_code_unverified|damage_crops_missing|damage_property_missing|end_coordinates_missing_or_invalid|no_valid_location_points|timezone_not_normalized_to_utc
5309663,1141269,2002,2002-09-24T10:00:00,2002-09-24T12:00:00,EST,2.0,12,12109,C,109,ST. JOHNS,0,0,0,0,,,,0,,0,1,begin_coordinates_missing_or_invalid|county_code_unverified|damage_crops_missing|damage_property_missing|end_coordinates_missing_or_invalid|no_valid_location_points|timezone_not_normalized_to_utc
5309682,1140597,2002,2002-07-30T17:20:00,2002-07-30T17:40:00,MST,0.3333333333333333,35,35013,C,013,DONA ANA,0,0,0,0,,,,0,,0,1,begin_coordinates_missing_or_invalid|county_code_unverified|damage_crops_missing|damage_property_missing|end_coordinates_missing_or_invalid|no_valid_location_points|timezone_not_normalized_to_utc
5309744,1141276,2002,2002-06-19T17:55:00,2002-06-19T17:55:00,EST,0.0,34,34039,C,039,UNION,0,0,0,0,,,,0,,0,1,begin_coordinates_missing_or_invalid|county_code_unverified|damage_crops_missing|damage_property_missing|end_coordinates_missing_or_invalid|no_valid_location_points|timezone_not_normalized_to_utc
5309910,1140515,2002,2002-07-08T19:00:00,2002-07-09T09:00:00,CST,14.0,27,,Z,045,KANABEC,0,0,0,0,15000,,,0,,0,1,begin_coordinates_missing_or_invalid|damage_crops_missing|end_coordinates_missing_or_invalid|no_valid_location_points|requires_crosswalk_or_marine_review|timezone_not_normalized_to_utc
5310276,1141021,2002,2002-08-24T02:00:00,2002-08-24T22:00:00,EST,20.0,18,,Z,044,PARKE,0,0,0,0,,,,0,,0,1,begin_coordinates_missing_or_invalid|damage_crops_missing|damage_property_missing|end_coordinates_missing_or_invalid|no_valid_location_points|requires_crosswalk_or_marine_review|timezone_not_normalized_to_utc
5310326,1141126,2002,2002-08-31T19:05:00,2002-08-31T19:25:00,CST,0.3333333333333333,38,38015,C,015,BURLEIGH,0,0,0,0,,,,0,,0,1,begin_coordinates_missing_or_invalid|county_code_unverified|damage_crops_missing|damage_property_missing|end_coordinates_missing_or_invalid|no_valid_location_points|timezone_not_normalized_to_utc
5310554,1140534,2002,2002-07-21T18:15:00,2002-07-21T19:30:00,EST,1.25,26,26103,C,103,MARQUETTE,0,0,0,0,,,,0,,0,1,begin_coordinates_missing_or_invalid|county_code_unverified|damage_crops_missing|damage_property_missing|end_coordinates_missing_or_invalid|no_valid_location_points|timezone_not_normalized_to_utc
5311182,1139940,2002,2002-07-02T03:00:00,2002-07-05T19:30:00,CST,88.5,48,,Z,189,KENDALL,0,0,0,0,,,,0,,0,1,begin_coordinates_missing_or_invalid|damage_crops_missing|damage_property_missing|end_coordinates_missing_or_invalid|no_valid_location_points|requires_crosswalk_or_marine_review|timezone_not_normalized_to_utc
5311183,1139941,2002,2002-07-02T00:15:00,2002-07-12T15:00:00,CST,254.75,48,,Z,205,BEXAR,0,0,0,0,,,,0,,0,1,begin_coordinates_missing_or_invalid|damage_crops_missing|damage_property_missing|end_coordinates_missing_or_invalid|no_valid_location_points|requires_crosswalk_or_marine_review|timezone_not_normalized_to_utc
5311184,1139942,2002,2002-07-02T07:00:00,2002-07-05T15:02:00,CST,80.03333333333333,48,,Z,187,BANDERA,0,0,0,0,,,,0,,0,1,begin_coordinates_missing_or_invalid|damage_crops_missing|damage_property_missing|end_coordinates_missing_or_invalid|no_valid_location_points|requires_crosswalk_or_marine_review|timezone_not_normalized_to_utc
5311185,1139943,2002,2002-07-02T07:30:00,2002-07-06T03:08:00,CST,91.63333333333334,48,,Z,188,GILLESPIE,0,0,0,0,,,,0,,0,1,begin_coordinates_missing_or_invalid|damage_crops_missing|damage_property_missing|end_coordinates_missing_or_invalid|no_valid_location_points|requires_crosswalk_or_marine_review|timezone_not_normalized_to_utc
5311186,1139944,2002,2002-07-02T13:19:00,2002-07-02T19:04:00,CST,5.75,48,,Z,205,BEXAR,0,0,0,0,,,,0,,0,1,begin_coordinates_missing_or_invalid|damage_crops_missing|damage_property_missing|end_coordinates_missing_or_invalid|no_valid_location_points|requires_crosswalk_or_marine_review|timezone_not_normalized_to_utc
5311187,1139945,2002,2002-07-03T14:37:00,2002-07-11T16:38:00,CST,194.01666666666668,48,,Z,219,FRIO,0,0,0,0,,,,0,,0,1,begin_coordinates_missing_or_invalid|damage_crops_missing|damage_property_missing|end_coordinates_missing_or_invalid|no_valid_location_points|requires_crosswalk_or_marine_review|timezone_not_normalized_to_utc
5311188,1139946,2002,2002-07-03T14:20:00,2002-07-12T00:00:00,CST,201.66666666666666,48,,Z,222,KARNES,0,0,0,0,,,,0,,0,1,begin_coordinates_missing_or_invalid|damage_crops_missing|damage_property_missing|end_coordinates_missing_or_invalid|no_valid_location_points|requires_crosswalk_or_marine_review|timezone_not_normalized_to_utc
5311195,1140115,2002,2002-08-19T08:00:00,2002-08-19T14:00:00,CST,6.0,17,,Z,039,FORD,0,0,0,0,,,,0,,0,1,begin_coordinates_missing_or_invalid|damage_crops_missing|damage_property_missing|end_coordinates_missing_or_invalid|no_valid_location_points|requires_crosswalk_or_marine_review|timezone_not_normalized_to_utc
5311196,1140115,2002,2002-08-19T08:00:00,2002-08-19T14:00:00,CST,6.0,17,,Z,033,IROQUOIS,0,0,0,0,,,,0,,0,1,begin_coordinates_missing_or_invalid|damage_crops_missing|damage_property_missing|end_coordinates_missing_or_invalid|no_valid_location_points|requires_crosswalk_or_marine_review|timezone_not_normalized_to_utc
5311208,1140117,2002,2002-08-22T06:00:00,2002-08-22T11:00:00,CST,5.0,17,,Z,004,BOONE,0,0,0,0,,,,0,,0,1,begin_coordinates_missing_or_invalid|damage_crops_missing|damage_property_missing|end_coordinates_missing_or_invalid|no_valid_location_points|requires_crosswalk_or_marine_review|timezone_not_normalized_to_utc
5311209,1140117,2002,2002-08-22T06:00:00,2002-08-22T11:00:00,CST,5.0,17,,Z,003,WINNEBAGO,0,0,0,0,,,,0,,0,1,begin_coordinates_missing_or_invalid|damage_crops_missing|damage_property_missing|end_coordinates_missing_or_invalid|no_valid_location_points|requires_crosswalk_or_marine_review|timezone_not_normalized_to_utc
5311210,1140117,2002,2002-08-22T06:00:00,2002-08-22T11:00:00,CST,5.0,17,,Z,006,LAKE,0,0,0,0,,,,0,,0,1,begin_coordinates_missing_or_invalid|damage_crops_missing|damage_property_missing|end_coordinates_missing_or_invalid|no_valid_location_points|requires_crosswalk_or_marine_review|timezone_not_normalized_to_utc
5311211,1140117,2002,2002-08-22T06:00:00,2002-08-22T11:00:00,CST,5.0,17,,Z,005,MCHENRY,0,0,0,0,,,,0,,0,1,begin_coordinates_missing_or_invalid|damage_crops_missing|damage_property_missing|end_coordinates_missing_or_invalid|no_valid_location_points|requires_crosswalk_or_marine_review|timezone_not_normalized_to_utc
5311212,1140117,2002,2002-08-22T06:00:00,2002-08-22T11:00:00,CST,5.0,17,,Z,011,DE KALB,0,0,0,0,,,,0,,0,1,begin_coordinates_missing_or_invalid|damage_crops_missing|damage_property_missing|end_coordinates_missing_or_invalid|no_valid_location_points|requires_crosswalk_or_marine_review|timezone_not_normalized_to_utc
5311213,1140117,2002,2002-08-22T06:00:00,2002-08-22T11:00:00,CST,5.0,17,,Z,008,OGLE,0,0,0,0,,,,0,,0,1,begin_coordinates_missing_or_invalid|damage_crops_missing|damage_property_missing|end_coordinates_missing_or_invalid|no_valid_location_points|requires_crosswalk_or_marine_review|timezone_not_normalized_to_utc
5311214,1140117,2002,2002-08-22T06:00:00,2002-08-22T11:00:00,CST,5.0,17,,Z,014,COOK,0,0,0,0,,,,0,,0,1,begin_coordinates_missing_or_invalid|damage_crops_missing|damage_property_missing|end_coordinates_missing_or_invalid|no_valid_location_points|requires_crosswalk_or_marine_review|timezone_not_normalized_to_utc
5311215,1140117,2002,2002-08-22T06:00:00,2002-08-22T11:00:00,CST,5.0,17,,Z,013,DU PAGE,0,0,0,0,,,,0,,0,1,begin_coordinates_missing_or_invalid|damage_crops_missing|damage_property_missing|end_coordinates_missing_or_invalid|no_valid_location_points|requires_crosswalk_or_marine_review|timezone_not_normalized_to_utc
5311216,1140117,2002,2002-08-22T06:00:00,2002-08-22T11:00:00,CST,5.0,17,,Z,012,KANE,0,0,0,0,,,,0,,0,1,begin_coordinates_missing_or_invalid|damage_crops_missing|damage_property_missing|end_coordinates_missing_or_invalid|no_valid_location_points|requires_crosswalk_or_marine_review|timezone_not_normalized_to_utc
5311273,1139947,2002,2002-07-03T18:07:00,2002-07-14T04:03:00,CST,249.93333333333334,48,,Z,224,DE WITT,0,0,0,0,,,,0,,0,1,begin_coordinates_missing_or_invalid|damage_crops_missing|damage_property_missing|end_coordinates_missing_or_invalid|no_valid_location_points|requires_crosswalk_or_marine_review|timezone_not_normalized_to_utc
5311285,1139959,2002,2002-07-15T23:45:00,2002-07-16T01:45:00,MST,2.0,04,04007,C,007,GILA,0,0,0,0,,,,0,,0,1,begin_coordinates_missing_or_invalid|county_code_unverified|damage_crops_missing|damage_property_missing|end_coordinates_missing_or_invalid|no_valid_location_points|timezone_not_normalized_to_utc
5311286,1139960,2002,2002-07-16T00:40:00,2002-07-16T01:30:00,MST,0.8333333333333334,04,04017,C,017,NAVAJO,0,0,0,0,,,,0,,0,1,begin_coordinates_missing_or_invalid|county_code_unverified|damage_crops_missing|damage_property_missing|end_coordinates_missing_or_invalid|no_valid_location_points|timezone_not_normalized_to_utc
5311287,1139961,2002,2002-07-18T14:46:00,2002-07-18T15:15:00,MST,0.48333333333333334,04,04001,C,001,APACHE,0,0,0,0,,,,0,,0,1,begin_coordinates_missing_or_invalid|county_code_unverified|damage_crops_missing|damage_property_missing|end_coordinates_missing_or_invalid|no_valid_location_points|timezone_not_normalized_to_utc
5311289,1139963,2002,2002-07-19T16:15:00,2002-07-19T17:00:00,MST,0.75,04,04005,C,005,COCONINO,0,0,0,0,,,,0,,0,1,begin_coordinates_missing_or_invalid|county_code_unverified|damage_crops_missing|damage_property_missing|end_coordinates_missing_or_invalid|no_valid_location_points|timezone_not_normalized_to_utc
5311291,1139965,2002,2002-07-22T16:30:00,2002-07-22T17:30:00,MST,1.0,04,04017,C,017,NAVAJO,0,0,0,0,,,,0,,0,1,begin_coordinates_missing_or_invalid|county_code_unverified|damage_crops_missing|damage_property_missing|end_coordinates_missing_or_invalid|no_valid_location_points|timezone_not_normalized_to_utc
5311292,1139966,2002,2002-07-24T15:50:00,2002-07-24T18:50:00,MST,3.0,04,04005,C,005,COCONINO,0,0,0,0,,,,0,,0,1,begin_coordinates_missing_or_invalid|county_code_unverified|damage_crops_missing|damage_property_missing|end_coordinates_missing_or_invalid|no_valid_location_points|timezone_not_normalized_to_utc
5311293,1139967,2002,2002-07-25T15:15:00,2002-07-25T17:00:00,MST,1.75,04,04005,C,005,COCONINO,0,0,0,0,,,,0,,0,1,begin_coordinates_missing_or_invalid|county_code_unverified|damage_crops_missing|damage_property_missing|end_coordinates_missing_or_invalid|no_valid_location_points|timezone_not_normalized_to_utc
5311294,1139968,2002,2002-07-25T14:23:00,2002-07-25T14:23:00,MST,0.0,04,04017,C,017,NAVAJO,0,0,0,0,,,,0,,0,1,begin_coordinates_missing_or_invalid|county_code_unverified|damage_crops_missing|damage_property_missing|end_coordinates_missing_or_invalid|no_valid_location_points|timezone_not_normalized_to_utc
5311464,1139906,2002,2002-07-01T12:43:00,2002-07-11T00:52:00,CST,228.15,48,,Z,205,BEXAR,0,0,0,0,,,,0,,0,1,begin_coordinates_missing_or_invalid|damage_crops_missing|damage_property_missing|end_coordinates_missing_or_invalid|no_valid_location_points|requires_crosswalk_or_marine_review|timezone_not_normalized_to_utc
5311489,1139988,2002,2002-07-09T13:30:00,2002-07-09T14:30:00,MST,1.0,08,08067,C,067,LA PLATA,0,0,0,0,,,,0,,0,1,begin_coordinates_missing_or_invalid|county_code_unverified|damage_crops_missing|damage_property_missing|end_coordinates_missing_or_invalid|no_valid_location_points|timezone_not_normalized_to_utc
5311491,1139990,2002,2002-07-22T16:00:00,2002-07-22T18:00:00,MST,2.0,08,08067,C,067,LA PLATA,0,0,0,0,2000,2000,,0,,0,1,begin_coordinates_missing_or_invalid|county_code_unverified|end_coordinates_missing_or_invalid|no_valid_location_points|timezone_not_normalized_to_utc
5311496,1139995,2002,2002-07-19T18:15:00,2002-07-19T20:00:00,MST,1.75,08,08045,C,045,GARFIELD,0,0,0,0,,,,0,,0,1,begin_coordinates_missing_or_invalid|county_code_unverified|damage_crops_missing|damage_property_missing|end_coordinates_missing_or_invalid|no_valid_location_points|timezone_not_normalized_to_utc
5311497,1139996,2002,2002-07-16T16:40:00,2002-07-16T18:40:00,MST,2.0,08,08045,C,045,GARFIELD,0,0,0,0,,,,0,,0,1,begin_coordinates_missing_or_invalid|county_code_unverified|damage_crops_missing|damage_property_missing|end_coordinates_missing_or_invalid|no_valid_location_points|timezone_not_normalized_to_utc
5311545,1139907,2002,2002-07-01T19:53:00,2002-07-06T08:52:00,CST,108.98333333333333,48,,Z,205,BEXAR,0,0,0,0,,,,0,,0,1,begin_coordinates_missing_or_invalid|damage_crops_missing|damage_property_missing|end_coordinates_missing_or_invalid|no_valid_location_points|requires_crosswalk_or_marine_review|timezone_not_normalized_to_utc
5311766,1139911,2002,2002-07-02T08:49:00,2002-07-02T09:40:00,CST,0.85,48,,Z,203,UVALDE,0,0,0,0,,,,0,,0,1,begin_coordinates_missing_or_invalid|damage_crops_missing|damage_property_missing|end_coordinates_missing_or_invalid|no_valid_location_points|requires_crosswalk_or_marine_review|timezone_not_normalized_to_utc
5311767,1139912,2002,2002-07-02T10:09:00,2002-07-05T16:26:00,CST,78.28333333333333,48,,Z,190,BLANCO,0,0,0,0,,,,0,,0,1,begin_coordinates_missing_or_invalid|damage_crops_missing|damage_property_missing|end_coordinates_missing_or_invalid|no_valid_location_points|requires_crosswalk_or_marine_review|timezone_not_normalized_to_utc
5311768,1139913,2002,2002-07-02T15:05:00,2002-07-08T05:07:00,CST,134.03333333333333,48,,Z,222,KARNES,0,0,0,0,,,,0,,0,1,begin_coordinates_missing_or_invalid|damage_crops_missing|damage_property_missing|end_coordinates_missing_or_invalid|no_valid_location_points|requires_crosswalk_or_marine_review|timezone_not_normalized_to_utc
5311769,1139914,2002,2002-07-02T15:33:00,2002-07-03T17:30:00,CST,25.95,48,,Z,192,TRAVIS,0,0,1,0,,,,1,,0,1,begin_coordinates_missing_or_invalid|damage_crops_missing|damage_property_missing|end_coordinates_missing_or_invalid|no_valid_location_points|requires_crosswalk_or_marine_review|timezone_not_normalized_to_utc
5311771,1139916,2002,2002-07-02T15:57:00,2002-07-03T03:29:00,CST,11.533333333333333,48,,Z,192,TRAVIS,0,0,0,0,,,,0,,0,1,begin_coordinates_missing_or_invalid|damage_crops_missing|damage_property_missing|end_coordinates_missing_or_invalid|no_valid_location_points|requires_crosswalk_or_marine_review|timezone_not_normalized_to_utc
5311772,1139917,2002,2002-07-02T18:06:00,2002-07-06T09:36:00,CST,87.5,48,,Z,203,UVALDE,0,0,1,0,,,,1,,0,1,begin_coordinates_missing_or_invalid|damage_crops_missing|damage_property_missing|end_coordinates_missing_or_invalid|no_valid_location_points|requires_crosswalk_or_marine_review|timezone_not_normalized_to_utc
5311774,1139918,2002,2002-07-02T18:42:00,2002-07-12T01:40:00,CST,222.96666666666667,48,,Z,223,GONZALES,0,0,0,0,,,,0,,0,1,begin_coordinates_missing_or_invalid|damage_crops_missing|damage_property_missing|end_coordinates_missing_or_invalid|no_valid_location_points|requires_crosswalk_or_marine_review|timezone_not_normalized_to_utc
5311787,1140068,2002,2002-08-01T17:00:00,2002-08-01T18:00:00,EST,1.0,12,12001,C,001,ALACHUA,0,0,0,0,,,,0,,0,1,begin_coordinates_missing_or_invalid|county_code_unverified|damage_crops_missing|damage_property_missing|end_coordinates_missing_or_invalid|no_valid_location_points|timezone_not_normalized_to_utc
5311788,1140069,2002,2002-08-01T17:00:00,2002-08-01T20:30:00,EST,3.5,12,12003,C,003,BAKER,0,0,0,0,,,,0,,0,1,begin_coordinates_missing_or_invalid|county_code_unverified|damage_crops_missing|damage_property_missing|end_coordinates_missing_or_invalid|no_valid_location_points|timezone_not_normalized_to_utc
5311845,1140437,2002,2002-07-09T21:00:00,2002-07-09T22:00:00,EST,1.0,39,,Z,064,PICKAWAY,0,0,0,0,,,,0,,0,1,begin_coordinates_missing_or_invalid|damage_crops_missing|damage_property_missing|end_coordinates_missing_or_invalid|no_valid_location_points|requires_crosswalk_or_marine_review|timezone_not_normalized_to_utc
5311846,1140437,2002,2002-07-09T22:15:00,2002-07-09T22:40:00,EST,0.4166666666666667,39,,Z,074,HOCKING,0,0,0,0,,,,0,,0,1,begin_coordinates_missing_or_invalid|damage_crops_missing|damage_property_missing|end_coordinates_missing_or_invalid|no_valid_location_points|requires_crosswalk_or_marine_review|timezone_not_normalized_to_utc
5311854,1140438,2002,2002-07-19T19:30:00,2002-07-19T20:15:00,EST,0.75,39,,Z,045,UNION,0,0,0,0,,,,0,,0,1,begin_coordinates_missing_or_invalid|damage_crops_missing|damage_property_missing|end_coordinates_missing_or_invalid|no_valid_location_points|requires_crosswalk_or_marine_review|timezone_not_normalized_to_utc
5311855,1140438,2002,2002-07-19T21:00:00,2002-07-19T22:30:00,EST,1.5,39,,Z,045,UNION,0,0,0,0,,,,0,,0,1,begin_coordinates_missing_or_invalid|damage_crops_missing|damage_property_missing|end_coordinates_missing_or_invalid|no_valid_location_points|requires_crosswalk_or_marine_review|timezone_not_normalized_to_utc
5311860,1140441,2002,2002-07-23T13:30:00,2002-07-23T13:45:00,EST,0.25,39,,Z,071,WARREN,0,0,0,0,2000,,,0,,0,1,begin_coordinates_missing_or_invalid|damage_crops_missing|end_coordinates_missing_or_invalid|no_valid_location_points|requires_crosswalk_or_marine_review|timezone_not_normalized_to_utc
5311872,1140081,2002,2002-08-27T15:20:00,2002-08-27T16:00:00,EST,0.6666666666666666,13,13005,C,005,BACON,0,0,0,0,,,,0,,0,1,begin_coordinates_missing_or_invalid|county_code_unverified|damage_crops_missing|damage_property_missing|end_coordinates_missing_or_invalid|no_valid_location_points|timezone_not_normalized_to_utc
5311927,1140441,2002,2002-07-23T13:00:00,2002-07-23T13:30:00,EST,0.5,39,,Z,054,MADISON,0,0,0,0,2000,,,0,,0,1,begin_coordinates_missing_or_invalid|damage_crops_missing|end_coordinates_missing_or_invalid|no_valid_location_points|requires_crosswalk_or_marine_review|timezone_not_normalized_to_utc
5311928,1140441,2002,2002-07-23T13:02:00,2002-07-23T13:30:00,EST,0.4666666666666667,39,,Z,061,MONTGOMERY,0,0,0,0,2000,,,0,,0,1,begin_coordinates_missing_or_invalid|damage_crops_missing|end_coordinates_missing_or_invalid|no_valid_location_points|requires_crosswalk_or_marine_review|timezone_not_normalized_to_utc
5311929,1140441,2002,2002-07-23T13:05:00,2002-07-23T13:35:00,EST,0.5,39,,Z,055,FRANKLIN,0,0,0,0,2000,,,0,,0,1,begin_coordinates_missing_or_invalid|damage_crops_missing|end_coordinates_missing_or_invalid|no_valid_location_points|requires_crosswalk_or_marine_review|timezone_not_normalized_to_utc
5311930,1140441,2002,2002-07-23T10:30:00,2002-07-23T10:50:00,EST,0.3333333333333333,39,,Z,061,MONTGOMERY,0,0,0,0,2000,,,0,,0,1,begin_coordinates_missing_or_invalid|damage_crops_missing|end_coordinates_missing_or_invalid|no_valid_location_points|requires_crosswalk_or_marine_review|timezone_not_normalized_to_utc
5311931,1140441,2002,2002-07-23T14:15:00,2002-07-23T14:35:00,EST,0.3333333333333333,39,,Z,056,LICKING,0,0,0,0,2000,,,0,,0,1,begin_coordinates_missing_or_invalid|damage_crops_missing|end_coordinates_missing_or_invalid|no_valid_location_points|requires_crosswalk_or_marine_review|timezone_not_normalized_to_utc
5311934,1140442,2002,2002-07-27T06:15:00,2002-07-27T06:45:00,EST,0.5,39,,Z,071,WARREN,0,0,0,0,2000,,,0,,0,1,begin_coordinates_missing_or_invalid|damage_crops_missing|end_coordinates_missing_or_invalid|no_valid_location_points|requires_crosswalk_or_marine_review|timezone_not_normalized_to_utc
5311935,1140442,2002,2002-07-27T06:15:00,2002-07-27T06:45:00,EST,0.5,39,,Z,072,CLINTON,0,0,0,0,2000,,,0,,0,1,begin_coordinates_missing_or_invalid|damage_crops_missing|end_coordinates_missing_or_invalid|no_valid_location_points|requires_crosswalk_or_marine_review|timezone_not_normalized_to_utc
5311936,1140442,2002,2002-07-27T07:10:00,2002-07-27T07:30:00,EST,0.3333333333333333,39,,Z,061,MONTGOMERY,0,0,0,0,8000,,,0,,0,1,begin_coordinates_missing_or_invalid|damage_crops_missing|end_coordinates_missing_or_invalid|no_valid_location_points|requires_crosswalk_or_marine_review|timezone_not_normalized_to_utc
5311937,1140442,2002,2002-07-27T07:30:00,2002-07-27T07:50:00,EST,0.3333333333333333,39,,Z,062,GREENE,0,0,0,0,8000,,,0,,0,1,begin_coordinates_missing_or_invalid|damage_crops_missing|end_coordinates_missing_or_invalid|no_valid_location_points|requires_crosswalk_or_marine_review|timezone_not_normalized_to_utc
5311946,1139919,2002,2002-07-03T08:24:00,2002-07-06T09:32:00,CST,73.13333333333334,48,,Z,205,BEXAR,0,0,0,0,,,,0,,0,1,begin_coordinates_missing_or_invalid|damage_crops_missing|damage_property_missing|end_coordinates_missing_or_invalid|no_valid_location_points|requires_crosswalk_or_marine_review|timezone_not_normalized_to_utc
5311987,1140183,2002,2002-07-21T16:00:00,2002-07-21T16:00:00,EST,0.0,12,12095,C,095,ORANGE,0,0,0,0,0,0,,0,,0,1,begin_coordinates_missing_or_invalid|county_code_unverified|end_coordinates_missing_or_invalid|no_valid_location_points|timezone_not_normalized_to_utc
5311988,1140183,2002,2002-07-21T16:30:00,2002-07-21T16:30:00,EST,0.0,12,12097,C,097,OSCEOLA,0,0,0,0,0,0,,0,,0,1,begin_coordinates_missing_or_invalid|county_code_unverified|end_coordinates_missing_or_invalid|no_valid_location_points|timezone_not_normalized_to_utc
5312002,1140442,2002,2002-07-27T07:24:00,2002-07-27T07:45:00,EST,0.35,39,,Z,063,FAYETTE,0,0,0,0,3000,,,0,,0,1,begin_coordinates_missing_or_invalid|damage_crops_missing|end_coordinates_missing_or_invalid|no_valid_location_points|requires_crosswalk_or_marine_review|timezone_not_normalized_to_utc
5312022,1139920,2002,2002-07-03T05:43:00,2002-07-09T06:25:00,CST,144.7,48,,Z,228,DIMMIT,0,0,0,0,,,,0,,0,1,begin_coordinates_missing_or_invalid|damage_crops_missing|damage_property_missing|end_coordinates_missing_or_invalid|no_valid_location_points|requires_crosswalk_or_marine_review|timezone_not_normalized_to_utc
5312173,1139922,2002,2002-07-04T04:53:00,2002-07-05T16:33:00,CST,35.666666666666664,48,,Z,186,KERR,0,0,0,0,,,,0,,0,1,begin_coordinates_missing_or_invalid|damage_crops_missing|damage_property_missing|end_coordinates_missing_or_invalid|no_valid_location_points|requires_crosswalk_or_marine_review|timezone_not_normalized_to_utc
5312178,1139925,2002,2002-07-04T19:45:00,2002-07-12T02:15:00,CST,174.5,48,,Z,206,COMAL,0,0,0,0,,,,0,,0,1,begin_coordinates_missing_or_invalid|damage_crops_missing|damage_property_missing|end_coordinates_missing_or_invalid|no_valid_location_points|requires_crosswalk_or_marine_review|timezone_not_normalized_to_utc
5312594,1142292,2002,2002-08-15T19:15:00,2002-08-15T19:45:00,EST,0.5,42,42069,C,069,LACKAWANNA,0,0,0,0,5000,,,0,,0,1,begin_coordinates_missing_or_invalid|county_code_unverified|damage_crops_missing|end_coordinates_missing_or_invalid|no_valid_location_points|timezone_not_normalized_to_utc
5312746,1142153,2002,2002-08-12T18:10:00,2002-08-12T21:00:00,CST,2.8333333333333335,19,19113,C,113,LINN,0,0,0,0,,,,0,,0,1,begin_coordinates_missing_or_invalid|county_code_unverified|damage_crops_missing|damage_property_missing|end_coordinates_missing_or_invalid|no_valid_location_points|timezone_not_normalized_to_utc
5312747,1142153,2002,2002-08-12T18:00:00,2002-08-12T22:00:00,CST,4.0,19,19105,C,105,JONES,0,0,0,0,,,,0,,0,1,begin_coordinates_missing_or_invalid|county_code_unverified|damage_crops_missing|damage_property_missing|end_coordinates_missing_or_invalid|no_valid_location_points|timezone_not_normalized_to_utc
5312849,1142157,2002,2002-08-21T22:05:00,2002-08-21T23:00:00,CST,0.9166666666666666,19,19019,C,019,BUCHANAN,0,0,0,0,,,,0,,0,1,begin_coordinates_missing_or_invalid|county_code_unverified|damage_crops_missing|damage_property_missing|end_coordinates_missing_or_invalid|no_valid_location_points|timezone_not_normalized_to_utc
5313094,1142034,2002,2002-08-16T14:55:00,2002-08-16T15:13:00,EST,0.3,36,36087,C,087,ROCKLAND,0,0,0,0,,,,0,,0,1,begin_coordinates_missing_or_invalid|county_code_unverified|damage_crops_missing|damage_property_missing|end_coordinates_missing_or_invalid|no_valid_location_points|timezone_not_normalized_to_utc
5313139,1142329,2002,2002-08-16T08:30:00,2002-08-20T07:30:00,AST,95.0,02,,Z,206,N. BROOKS RNG E OF COLVILLE R,0,0,0,0,,,,0,,0,1,begin_coordinates_missing_or_invalid|damage_crops_missing|damage_property_missing|end_coordinates_missing_or_invalid|no_valid_location_points|requires_crosswalk_or_marine_review|timezone_not_normalized_to_utc
5313140,1142330,2002,2002-08-17T21:00:00,2002-08-18T11:00:00,AST,14.0,02,,Z,222,MIDDLE TANANA VALLEY,0,0,0,0,,,,0,,0,1,begin_coordinates_missing_or_invalid|damage_crops_missing|damage_property_missing|end_coordinates_missing_or_invalid|no_valid_location_points|requires_crosswalk_or_marine_review|timezone_not_normalized_to_utc
5313141,1142330,2002,2002-08-18T10:00:00,2002-08-20T08:00:00,AST,46.0,02,,Z,223,DELTANA AND TANANA,0,0,0,0,,,,0,,0,1,begin_coordinates_missing_or_invalid|damage_crops_missing|damage_property_missing|end_coordinates_missing_or_invalid|no_valid_location_points|requires_crosswalk_or_marine_review|timezone_not_normalized_to_utc
5313153,1141898,2002,2002-08-10T13:00:00,2002-08-10T15:00:00,AST,2.0,99,,C,009,WESTERN INTERIOR,0,0,0,0,,,,0,,0,1,begin_coordinates_missing_or_invalid|damage_crops_missing|damage_property_missing|end_coordinates_missing_or_invalid|no_valid_location_points|requires_crosswalk_or_marine_review|timezone_not_normalized_to_utc
5313155,1141900,2002,2002-08-24T13:00:00,2002-08-24T14:30:00,AST,1.5,99,,C,001,SAN JUAN AND VICINITY,0,0,0,0,,,,0,,0,1,begin_coordinates_missing_or_invalid|damage_crops_missing|damage_property_missing|end_coordinates_missing_or_invalid|no_valid_location_points|requires_crosswalk_or_marine_review|timezone_not_normalized_to_utc
5313165,1141904,2002,2002-08-13T19:50:00,2002-08-13T20:30:00,CST,0.6666666666666666,48,48441,C,441,TAYLOR,0,0,0,0,,,,0,,0,1,begin_coordinates_missing_or_invalid|county_code_unverified|damage_crops_missing|damage_property_missing|end_coordinates_missing_or_invalid|no_valid_location_points|timezone_not_normalized_to_utc
5313371,1141945,2002,2002-08-13T17:00:00,2002-08-14T09:00:00,CST,16.0,29,,Z,105,OZARK,0,0,0,0,0,,,0,,0,1,begin_coordinates_missing_or_invalid|damage_crops_missing|end_coordinates_missing_or_invalid|no_valid_location_points|requires_crosswalk_or_marine_review|timezone_not_normalized_to_utc
5313374,1141947,2002,2002-08-20T03:00:00,2002-08-20T08:00:00,CST,5.0,29,,Z,083,DENT,0,0,0,0,0,,,0,,0,1,begin_coordinates_missing_or_invalid|damage_crops_missing|end_coordinates_missing_or_invalid|no_valid_location_points|requires_crosswalk_or_marine_review|timezone_not_normalized_to_utc
5313395,1142340,2002,2002-08-12T03:40:00,2002-08-12T14:22:00,CST,10.7,55,,Z,030,MARATHON,0,0,0,0,,,,0,,0,1,begin_coordinates_missing_or_invalid|damage_crops_missing|damage_property_missing|end_coordinates_missing_or_invalid|no_valid_location_points|requires_crosswalk_or_marine_review|timezone_not_normalized_to_utc
5313396,1142341,2002,2002-08-21T21:21:00,2002-08-22T08:06:00,CST,10.75,55,,Z,030,MARATHON,0,0,0,0,,,,0,,0,1,begin_coordinates_missing_or_invalid|damage_crops_missing|damage_property_missing|end_coordinates_missing_or_invalid|no_valid_location_points|requires_crosswalk_or_marine_review|timezone_not_normalized_to_utc
5313707,1142357,2002,2002-08-26T17:00:00,2002-08-27T17:00:00,MST,24.0,20,,Z,002,RAWLINS,0,0,0,0,,,,0,,0,1,begin_coordinates_missing_or_invalid|damage_crops_missing|damage_property_missing|end_coordinates_missing_or_invalid|no_valid_location_points|requires_crosswalk_or_marine_review|timezone_not_normalized_to_utc
5313735,1141991,2002,2002-08-02T15:30:00,2002-08-02T17:00:00,PST,1.5,32,32031,C,031,WASHOE,0,0,0,0,,,,0,,0,1,begin_coordinates_missing_or_invalid|county_code_unverified|damage_crops_missing|damage_property_missing|end_coordinates_missing_or_invalid|no_valid_location_points|timezone_not_normalized_to_utc
5313766,1141691,2002,2002-08-21T22:45:00,2002-08-21T23:15:00,CST,0.5,48,48227,C,227,HOWARD,0,0,0,0,0,0,,0,,0,1,begin_coordinates_missing_or_invalid|county_code_unverified|end_coordinates_missing_or_invalid|no_valid_location_points|timezone_not_normalized_to_utc
5313767,1141691,2002,2002-08-21T16:35:00,2002-08-21T17:30:00,CST,0.9166666666666666,48,48165,C,165,GAINES,0,0,0,0,0,0,,0,,0,1,begin_coordinates_missing_or_invalid|county_code_unverified|end_coordinates_missing_or_invalid|no_valid_location_points|timezone_not_normalized_to_utc
5313829,1141618,2002,2002-08-24T10:30:00,2002-08-24T11:00:00,CST,0.5,31,31159,C,159,SEWARD,0,0,0,0,,,,0,,0,1,begin_coordinates_missing_or_invalid|county_code_unverified|damage_crops_missing|damage_property_missing|end_coordinates_missing_or_invalid|no_valid_location_points|timezone_not_normalized_to_utc
5313847,1141692,2002,2002-08-21T14:55:00,2002-08-21T15:15:00,MST,0.3333333333333333,35,35025,C,025,LEA,0,0,0,0,0,0,,0,,0,1,begin_coordinates_missing_or_invalid|county_code_unverified|end_coordinates_missing_or_invalid|no_valid_location_points|timezone_not_normalized_to_utc
5314094,1141832,2002,2002-08-26T14:12:00,2002-08-26T15:00:00,EST,0.8,13,13241,C,241,RABUN,0,0,0,0,5000,,,0,,0,1,begin_coordinates_missing_or_invalid|county_code_unverified|damage_crops_missing|end_coordinates_missing_or_invalid|no_valid_location_points|timezone_not_normalized_to_utc
5314102,1141837,2002,2002-08-26T16:50:00,2002-08-26T17:20:00,EST,0.5,45,45007,C,007,ANDERSON,0,0,0,0,,,,0,,0,1,begin_coordinates_missing_or_invalid|county_code_unverified|damage_crops_missing|damage_property_missing|end_coordinates_missing_or_invalid|no_valid_location_points|timezone_not_normalized_to_utc
5314188,1141844,2002,2002-08-31T12:30:00,2002-08-31T17:00:00,EST,4.5,37,,Z,082,UNION,0,0,0,0,,,,0,,0,1,begin_coordinates_missing_or_invalid|damage_crops_missing|damage_property_missing|end_coordinates_missing_or_invalid|no_valid_location_points|requires_crosswalk_or_marine_review|timezone_not_normalized_to_utc
5314494,1141302,2002,2002-07-16T08:00:00,2002-07-18T12:00:00,CST,52.0,48,,Z,248,ZAPATA,0,0,0,0,,,,0,,0,1,begin_coordinates_missing_or_invalid|damage_crops_missing|damage_property_missing|end_coordinates_missing_or_invalid|no_valid_location_points|requires_crosswalk_or_marine_review|timezone_not_normalized_to_utc
5314708,1141533,2002,2002-07-18T12:00:00,2002-07-18T15:00:00,PST,3.0,06,06057,C,057,NEVADA,0,0,0,0,,,,0,,0,1,begin_coordinates_missing_or_invalid|county_code_unverified|damage_crops_missing|damage_property_missing|end_coordinates_missing_or_invalid|no_valid_location_points|timezone_not_normalized_to_utc
5314709,1141534,2002,2002-07-18T12:30:00,2002-07-18T13:30:00,PST,1.0,06,06017,C,017,EL DORADO,0,0,0,0,,,,0,,0,1,begin_coordinates_missing_or_invalid|county_code_unverified|damage_crops_missing|damage_property_missing|end_coordinates_missing_or_invalid|no_valid_location_points|timezone_not_normalized_to_utc
5314906,1141679,2002,2002-08-13T14:00:00,2002-08-13T16:00:00,CST,2.0,55,55089,C,089,OZAUKEE,1,0,0,0,,,,0,,0,1,begin_coordinates_missing_or_invalid|county_code_unverified|damage_crops_missing|damage_property_missing|end_coordinates_missing_or_invalid|no_valid_location_points|timezone_not_normalized_to_utc
5314907,1141679,2002,2002-08-13T13:30:00,2002-08-13T22:00:00,CST,8.5,55,55133,C,133,WAUKESHA,0,0,0,0,,,,0,,0,1,begin_coordinates_missing_or_invalid|county_code_unverified|damage_crops_missing|damage_property_missing|end_coordinates_missing_or_invalid|no_valid_location_points|timezone_not_normalized_to_utc
5314908,1141679,2002,2002-08-13T13:30:00,2002-08-13T22:00:00,CST,8.5,55,55079,C,079,MILWAUKEE,0,0,0,0,,,,0,,0,1,begin_coordinates_missing_or_invalid|county_code_unverified|damage_crops_missing|damage_property_missing|end_coordinates_missing_or_invalid|no_valid_location_points|timezone_not_normalized_to_utc
5314925,1141681,2002,2002-08-21T17:45:00,2002-08-21T19:00:00,CST,1.25,55,55025,C,025,DANE,0,0,0,0,,,,0,,0,1,begin_coordinates_missing_or_invalid|county_code_unverified|damage_crops_missing|damage_property_missing|end_coordinates_missing_or_invalid|no_valid_location_points|timezone_not_normalized_to_utc
5315014,1141681,2002,2002-08-21T17:30:00,2002-08-21T20:00:00,CST,2.5,55,55039,C,039,FOND DU LAC,0,0,0,0,,,,0,,0,1,begin_coordinates_missing_or_invalid|county_code_unverified|damage_crops_missing|damage_property_missing|end_coordinates_missing_or_invalid|no_valid_location_points|timezone_not_normalized_to_utc
5315018,1141681,2002,2002-08-21T18:25:00,2002-08-21T20:00:00,CST,1.5833333333333333,55,55105,C,105,ROCK,0,0,0,0,,,,0,,0,1,begin_coordinates_missing_or_invalid|county_code_unverified|damage_crops_missing|damage_property_missing|end_coordinates_missing_or_invalid|no_valid_location_points|timezone_not_normalized_to_utc
5315019,1141681,2002,2002-08-21T18:30:00,2002-08-21T20:00:00,CST,1.5,55,55105,C,105,ROCK,0,0,0,0,,,,0,,0,1,begin_coordinates_missing_or_invalid|county_code_unverified|damage_crops_missing|damage_property_missing|end_coordinates_missing_or_invalid|no_valid_location_points|timezone_not_normalized_to_utc
5315029,1141681,2002,2002-08-21T18:45:00,2002-08-21T20:00:00,CST,1.25,55,55133,C,133,WAUKESHA,0,0,0,0,,,,0,,0,1,begin_coordinates_missing_or_invalid|county_code_unverified|damage_crops_missing|damage_property_missing|end_coordinates_missing_or_invalid|no_valid_location_points|timezone_not_normalized_to_utc
5315033,1141681,2002,2002-08-21T19:00:00,2002-08-21T21:00:00,CST,2.0,55,55089,C,089,OZAUKEE,0,0,0,0,,,,0,,0,1,begin_coordinates_missing_or_invalid|county_code_unverified|damage_crops_missing|damage_property_missing|end_coordinates_missing_or_invalid|no_valid_location_points|timezone_not_normalized_to_utc
5315043,1141681,2002,2002-08-22T03:20:00,2002-08-22T06:00:00,CST,2.6666666666666665,55,55065,C,065,LAFAYETTE,0,0,0,0,,,,0,,0,1,begin_coordinates_missing_or_invalid|county_code_unverified|damage_crops_missing|damage_property_missing|end_coordinates_missing_or_invalid|no_valid_location_points|timezone_not_normalized_to_utc
5315056,1141769,2002,2002-08-11T17:30:00,2002-08-11T17:55:00,EST,0.4166666666666667,39,,Z,043,SHELBY,0,0,0,0,,,,0,,0,1,begin_coordinates_missing_or_invalid|damage_crops_missing|damage_property_missing|end_coordinates_missing_or_invalid|no_valid_location_points|requires_crosswalk_or_marine_review|timezone_not_normalized_to_utc
5315057,1141769,2002,2002-08-11T17:00:00,2002-08-11T17:55:00,EST,0.9166666666666666,39,,Z,051,MIAMI,0,0,0,0,,,,0,,0,1,begin_coordinates_missing_or_invalid|damage_crops_missing|damage_property_missing|end_coordinates_missing_or_invalid|no_valid_location_points|requires_crosswalk_or_marine_review|timezone_not_normalized_to_utc
5315116,1141681,2002,2002-08-21T19:30:00,2002-08-21T21:30:00,CST,2.0,55,55117,C,117,SHEBOYGAN,0,0,0,0,,,,0,,0,1,begin_coordinates_missing_or_invalid|county_code_unverified|damage_crops_missing|damage_property_missing|end_coordinates_missing_or_invalid|no_valid_location_points|timezone_not_normalized_to_utc
5315124,1141681,2002,2002-08-21T18:00:00,2002-08-21T19:00:00,CST,1.0,55,55055,C,055,JEFFERSON,0,0,0,0,,,,0,,0,1,begin_coordinates_missing_or_invalid|county_code_unverified|damage_crops_missing|damage_property_missing|end_coordinates_missing_or_invalid|no_valid_location_points|timezone_not_normalized_to_utc
5315139,1141773,2002,2002-08-18T13:45:00,2002-08-18T14:40:00,EST,0.9166666666666666,39,,Z,072,CLINTON,0,0,0,0,,,,0,,0,1,begin_coordinates_missing_or_invalid|damage_crops_missing|damage_property_missing|end_coordinates_missing_or_invalid|no_valid_location_points|requires_crosswalk_or_marine_review|timezone_not_normalized_to_utc
5315140,1141773,2002,2002-08-18T14:30:00,2002-08-18T15:30:00,EST,1.0,39,,Z,077,HAMILTON,0,0,0,0,,,,0,,0,1,begin_coordinates_missing_or_invalid|damage_crops_missing|damage_property_missing|end_coordinates_missing_or_invalid|no_valid_location_points|requires_crosswalk_or_marine_review|timezone_not_normalized_to_utc
5315141,1141773,2002,2002-08-18T14:30:00,2002-08-18T16:00:00,EST,1.5,39,,Z,080,HIGHLAND,0,0,0,0,,,,0,,0,1,begin_coordinates_missing_or_invalid|damage_crops_missing|damage_property_missing|end_coordinates_missing_or_invalid|no_valid_location_points|requires_crosswalk_or_marine_review|timezone_not_normalized_to_utc
5315213,1141683,2002,2002-08-01T19:45:00,2002-08-01T20:25:00,CST,0.6666666666666666,48,48109,C,109,CULBERSON,0,0,0,0,0,0,,0,,0,1,begin_coordinates_missing_or_invalid|county_code_unverified|end_coordinates_missing_or_invalid|no_valid_location_points|timezone_not_normalized_to_utc
5315219,1141686,2002,2002-08-02T06:50:00,2002-08-02T07:10:00,MST,0.3333333333333333,35,35025,C,025,LEA,0,0,0,0,0,0,,0,,0,1,begin_coordinates_missing_or_invalid|county_code_unverified|end_coordinates_missing_or_invalid|no_valid_location_points|timezone_not_normalized_to_utc
5315221,1141686,2002,2002-08-02T07:20:00,2002-08-02T14:30:00,MST,7.166666666666667,35,,Z,028,EDDY COUNTY PLAINS,0,0,0,0,0,0,,0,,0,1,begin_coordinates_missing_or_invalid|end_coordinates_missing_or_invalid|no_valid_location_points|requires_crosswalk_or_marine_review|timezone_not_normalized_to_utc
5315299,1141687,2002,2002-08-10T11:55:00,2002-08-10T13:00:00,MST,1.0833333333333333,35,35015,C,015,EDDY,0,0,0,0,0,0,,0,,0,1,begin_coordinates_missing_or_invalid|county_code_unverified|end_coordinates_missing_or_invalid|no_valid_location_points|timezone_not_normalized_to_utc
5315401,1143153,2002,2002-08-16T07:00:00,2002-08-16T08:00:00,CST,1.0,28,28033,C,033,DE SOTO,0,0,0,0,1000,,,0,,0,1,begin_coordinates_missing_or_invalid|county_code_unverified|damage_crops_missing|end_coordinates_missing_or_invalid|no_valid_location_points|timezone_not_normalized_to_utc
5315458,1143452,2002,2002-09-01T15:00:00,2002-09-01T17:00:00,EST,2.0,37,37129,C,129,NEW HANOVER,0,0,0,0,,,,0,,0,1,begin_coordinates_missing_or_invalid|county_code_unverified|damage_crops_missing|damage_property_missing|end_coordinates_missing_or_invalid|no_valid_location_points|timezone_not_normalized_to_utc
5315459,1143453,2002,2002-09-14T10:42:00,2002-09-14T12:00:00,EST,1.3,45,45067,C,067,MARION,0,0,0,0,,,,0,,0,1,begin_coordinates_missing_or_invalid|county_code_unverified|damage_crops_missing|damage_property_missing|end_coordinates_missing_or_invalid|no_valid_location_points|timezone_not_normalized_to_utc
5315461,1143455,2002,2002-09-15T15:45:00,2002-09-15T18:00:00,EST,2.25,37,37129,C,129,NEW HANOVER,0,0,0,0,,,,0,,0,1,begin_coordinates_missing_or_invalid|county_code_unverified|damage_crops_missing|damage_property_missing|end_coordinates_missing_or_invalid|no_valid_location_points|timezone_not_normalized_to_utc
5315512,1143298,2002,2002-09-13T18:40:00,2002-09-13T19:20:00,CST,0.6666666666666666,48,48135,C,135,ECTOR,0,0,0,0,5000,0,,0,,0,1,begin_coordinates_missing_or_invalid|county_code_unverified|end_coordinates_missing_or_invalid|no_valid_location_points|timezone_not_normalized_to_utc
5315514,1143298,2002,2002-09-13T17:40:00,2002-09-13T18:00:00,CST,0.3333333333333333,48,48377,C,377,PRESIDIO,0,0,0,0,0,0,,0,,0,1,begin_coordinates_missing_or_invalid|county_code_unverified|end_coordinates_missing_or_invalid|no_valid_location_points|timezone_not_normalized_to_utc
5315586,1143301,2002,2002-09-15T07:45:00,2002-09-15T08:45:00,MST,1.0,35,35015,C,015,EDDY,0,0,0,0,0,0,,0,,0,1,begin_coordinates_missing_or_invalid|county_code_unverified|end_coordinates_missing_or_invalid|no_valid_location_points|timezone_not_normalized_to_utc
5315830,1143177,2002,2002-08-21T18:00:00,2002-08-21T19:00:00,PST,1.0,16,16079,C,079,SHOSHONE,0,0,0,0,15000,,,0,,0,1,begin_coordinates_missing_or_invalid|county_code_unverified|damage_crops_missing|end_coordinates_missing_or_invalid|no_valid_location_points|timezone_not_normalized_to_utc
5315833,1143180,2002,2002-08-14T10:30:00,2002-08-15T03:00:00,AST,16.5,02,,Z,022,CAPE FAIRWEATHER TO CAPE SUCKLING-COASTAL AREA,0,0,0,0,0,0,,0,,0,1,begin_coordinates_missing_or_invalid|end_coordinates_missing_or_invalid|no_valid_location_points|requires_crosswalk_or_marine_review|timezone_not_normalized_to_utc
5316086,1143359,2002,2002-09-13T18:58:00,2002-09-13T18:58:00,EST,0.0,13,13297,C,297,WALTON,0,0,0,0,,,,0,,0,1,begin_coordinates_missing_or_invalid|county_code_unverified|damage_crops_missing|damage_property_missing|end_coordinates_missing_or_invalid|no_valid_location_points|timezone_not_normalized_to_utc
5316087,1143359,2002,2002-09-13T21:05:00,2002-09-13T21:05:00,EST,0.0,13,13045,C,045,CARROLL,0,0,0,0,,,,0,,0,1,begin_coordinates_missing_or_invalid|county_code_unverified|damage_crops_missing|damage_property_missing|end_coordinates_missing_or_invalid|no_valid_location_points|timezone_not_normalized_to_utc
5316186,1143360,2002,2002-09-14T15:30:00,2002-09-14T15:30:00,EST,0.0,13,13059,C,059,CLARKE,0,0,0,0,,,,0,,0,1,begin_coordinates_missing_or_invalid|county_code_unverified|damage_crops_missing|damage_property_missing|end_coordinates_missing_or_invalid|no_valid_location_points|timezone_not_normalized_to_utc
5316191,1143361,2002,2002-09-18T18:30:00,2002-09-18T18:30:00,EST,0.0,13,13225,C,225,PEACH,0,0,0,0,,,,0,,0,1,begin_coordinates_missing_or_invalid|county_code_unverified|damage_crops_missing|damage_property_missing|end_coordinates_missing_or_invalid|no_valid_location_points|timezone_not_normalized_to_utc
5316272,1143361,2002,2002-09-18T16:00:00,2002-09-18T16:00:00,EST,0.0,13,13211,C,211,MORGAN,0,0,0,0,5000,,,0,,0,1,begin_coordinates_missing_or_invalid|county_code_unverified|damage_crops_missing|end_coordinates_missing_or_invalid|no_valid_location_points|timezone_not_normalized_to_utc
5316274,1143362,2002,2002-09-21T17:15:00,2002-09-21T17:15:00,EST,0.0,13,13135,C,135,GWINNETT,0,0,0,0,,,,0,,0,1,begin_coordinates_missing_or_invalid|county_code_unverified|damage_crops_missing|damage_property_missing|end_coordinates_missing_or_invalid|no_valid_location_points|timezone_not_normalized_to_utc
5316276,1143362,2002,2002-09-21T19:30:00,2002-09-21T19:30:00,EST,0.0,13,13121,C,121,FULTON,0,0,0,0,,,,0,,0,1,begin_coordinates_missing_or_invalid|county_code_unverified|damage_crops_missing|damage_property_missing|end_coordinates_missing_or_invalid|no_valid_location_points|timezone_not_normalized_to_utc
5316310,1143407,2002,2002-10-04T22:15:00,2002-10-06T14:30:00,CST,40.25,40,,Z,008,KAY,0,0,0,0,25000,,,0,,0,1,begin_coordinates_missing_or_invalid|damage_crops_missing|end_coordinates_missing_or_invalid|no_valid_location_points|requires_crosswalk_or_marine_review|timezone_not_normalized_to_utc
5316311,1143407,2002,2002-10-04T22:15:00,2002-10-06T14:30:00,CST,40.25,40,,Z,007,GRANT,0,0,0,0,,,,0,,0,1,begin_coordinates_missing_or_invalid|damage_crops_missing|damage_property_missing|end_coordinates_missing_or_invalid|no_valid_location_points|requires_crosswalk_or_marine_review|timezone_not_normalized_to_utc
5316312,1143407,2002,2002-10-03T07:00:00,2002-10-05T23:00:00,CST,64.0,40,,Z,005,WOODS,0,0,0,0,,,,0,,0,1,begin_coordinates_missing_or_invalid|damage_crops_missing|damage_property_missing|end_coordinates_missing_or_invalid|no_valid_location_points|requires_crosswalk_or_marine_review|timezone_not_normalized_to_utc
5316313,1143407,2002,2002-10-03T07:00:00,2002-10-05T23:00:00,CST,64.0,40,,Z,017,BLAINE,0,0,0,0,,,,0,,0,1,begin_coordinates_missing_or_invalid|damage_crops_missing|damage_property_missing|end_coordinates_missing_or_invalid|no_valid_location_points|requires_crosswalk_or_marine_review|timezone_not_normalized_to_utc
5316314,1143407,2002,2002-10-03T07:00:00,2002-10-05T23:00:00,CST,64.0,40,,Z,015,DEWEY,0,0,0,0,,,,0,,0,1,begin_coordinates_missing_or_invalid|damage_crops_missing|damage_property_missing|end_coordinates_missing_or_invalid|no_valid_location_points|requires_crosswalk_or_marine_review|timezone_not_normalized_to_utc
5316315,1143407,2002,2002-10-03T07:00:00,2002-10-05T23:00:00,CST,64.0,40,,Z,018,KINGFISHER,0,0,0,0,,,,0,,0,1,begin_coordinates_missing_or_invalid|damage_crops_missing|damage_property_missing|end_coordinates_missing_or_invalid|no_valid_location_points|requires_crosswalk_or_marine_review|timezone_not_normalized_to_utc
5316316,1143407,2002,2002-10-03T07:00:00,2002-10-05T23:00:00,CST,64.0,40,,Z,011,MAJOR,0,0,0,0,,,,0,,0,1,begin_coordinates_missing_or_invalid|damage_crops_missing|damage_property_missing|end_coordinates_missing_or_invalid|no_valid_location_points|requires_crosswalk_or_marine_review|timezone_not_normalized_to_utc
5316317,1143407,2002,2002-10-03T07:00:00,2002-10-05T23:00:00,CST,64.0,40,,Z,010,WOODWARD,0,0,0,0,,,,0,,0,1,begin_coordinates_missing_or_invalid|damage_crops_missing|damage_property_missing|end_coordinates_missing_or_invalid|no_valid_location_points|requires_crosswalk_or_marine_review|timezone_not_normalized_to_utc
5316337,1143208,2002,2002-08-22T11:48:00,2002-08-22T11:48:00,CST,0.0,22,22071,C,071,ORLEANS,0,0,0,0,,,,0,,0,1,begin_coordinates_missing_or_invalid|county_code_unverified|damage_crops_missing|damage_property_missing|end_coordinates_missing_or_invalid|no_valid_location_points|timezone_not_normalized_to_utc
5316339,1143210,2002,2002-08-25T14:27:00,2002-08-25T14:27:00,CST,0.0,28,28047,C,047,HARRISON,0,0,0,0,,,,0,,0,1,begin_coordinates_missing_or_invalid|county_code_unverified|damage_crops_missing|damage_property_missing|end_coordinates_missing_or_invalid|no_valid_location_points|timezone_not_normalized_to_utc
5316342,1143213,2002,2002-08-17T12:25:00,2002-08-17T12:25:00,CST,0.0,22,22071,C,071,ORLEANS,0,0,0,0,,,,0,,0,1,begin_coordinates_missing_or_invalid|county_code_unverified|damage_crops_missing|damage_property_missing|end_coordinates_missing_or_invalid|no_valid_location_points|timezone_not_normalized_to_utc
5316464,1143257,2002,2002-09-10T12:08:00,2002-09-10T13:30:00,PST,1.3666666666666667,06,06073,C,073,SAN DIEGO,0,0,0,0,,,,0,,0,1,begin_coordinates_missing_or_invalid|county_code_unverified|damage_crops_missing|damage_property_missing|end_coordinates_missing_or_invalid|no_valid_location_points|timezone_not_normalized_to_utc
5316555,1143433,2002,2002-09-15T13:00:00,2002-09-15T15:00:00,CST,2.0,21,21059,C,059,DAVIESS,0,0,0,0,,,,0,,0,1,begin_coordinates_missing_or_invalid|county_code_unverified|damage_crops_missing|damage_property_missing|end_coordinates_missing_or_invalid|no_valid_location_points|timezone_not_normalized_to_utc
5316556,1143434,2002,2002-09-27T00:30:00,2002-09-27T04:00:00,CST,3.5,18,18173,C,173,WARRICK,0,0,0,0,,,,0,,0,1,begin_coordinates_missing_or_invalid|county_code_unverified|damage_crops_missing|damage_property_missing|end_coordinates_missing_or_invalid|no_valid_location_points|timezone_not_normalized_to_utc
5316643,1143435,2002,2002-09-27T03:00:00,2002-09-30T18:00:00,CST,87.0,21,,Z,021,MUHLENBERG,0,0,0,0,,,,0,,0,1,begin_coordinates_missing_or_invalid|damage_crops_missing|damage_property_missing|end_coordinates_missing_or_invalid|no_valid_location_points|requires_crosswalk_or_marine_review|timezone_not_normalized_to_utc
5316717,1143367,2002,2002-09-27T00:30:00,2002-09-27T00:30:00,EST,0.0,13,13013,C,013,BARROW,0,0,0,0,,,,0,,0,1,begin_coordinates_missing_or_invalid|county_code_unverified|damage_crops_missing|damage_property_missing|end_coordinates_missing_or_invalid|no_valid_location_points|timezone_not_normalized_to_utc
5316780,1142742,2002,2002-09-19T12:00:00,2002-09-19T13:00:00,CST,1.0,17,17111,C,111,MCHENRY,0,0,0,0,,,,0,,0,1,begin_coordinates_missing_or_invalid|county_code_unverified|damage_crops_missing|damage_property_missing|end_coordinates_missing_or_invalid|no_valid_location_points|timezone_not_normalized_to_utc
5316899,1142754,2002,2002-10-08T19:00:00,2002-10-08T19:30:00,EST,0.5,12,12003,C,003,BAKER,0,0,0,0,,,,0,,0,1,begin_coordinates_missing_or_invalid|county_code_unverified|damage_crops_missing|damage_property_missing|end_coordinates_missing_or_invalid|no_valid_location_points|timezone_not_normalized_to_utc
5316900,1142755,2002,2002-10-12T19:10:00,2002-10-12T20:00:00,EST,0.8333333333333334,12,12083,C,083,MARION,0,0,0,0,,,,0,,0,1,begin_coordinates_missing_or_invalid|county_code_unverified|damage_crops_missing|damage_property_missing|end_coordinates_missing_or_invalid|no_valid_location_points|timezone_not_normalized_to_utc
5316913,1143015,2002,2002-08-19T16:35:00,2002-08-19T18:00:00,EST,1.4166666666666667,12,12127,C,127,VOLUSIA,0,0,0,0,0,0,,0,,0,1,begin_coordinates_missing_or_invalid|county_code_unverified|end_coordinates_missing_or_invalid|no_valid_location_points|timezone_not_normalized_to_utc
5317196,1142695,2002,2002-09-27T07:20:00,2002-09-27T09:00:00,EST,1.6666666666666667,18,,Z,074,DEARBORN,0,0,0,0,,,,0,,0,1,begin_coordinates_missing_or_invalid|damage_crops_missing|damage_property_missing|end_coordinates_missing_or_invalid|no_valid_location_points|requires_crosswalk_or_marine_review|timezone_not_normalized_to_utc
5317197,1142695,2002,2002-09-27T05:19:00,2002-09-27T08:00:00,EST,2.683333333333333,18,,Z,073,RIPLEY,0,0,0,0,,,,0,,0,1,begin_coordinates_missing_or_invalid|damage_crops_missing|damage_property_missing|end_coordinates_missing_or_invalid|no_valid_location_points|requires_crosswalk_or_marine_review|timezone_not_normalized_to_utc
5317198,1142695,2002,2002-09-27T05:33:00,2002-09-27T08:00:00,EST,2.45,18,,Z,075,OHIO,0,0,0,0,,,,0,,0,1,begin_coordinates_missing_or_invalid|damage_crops_missing|damage_property_missing|end_coordinates_missing_or_invalid|no_valid_location_points|requires_crosswalk_or_marine_review|timezone_not_normalized_to_utc
5317199,1142695,2002,2002-09-27T07:30:00,2002-09-27T09:00:00,EST,1.5,18,,Z,080,SWITZERLAND,0,0,0,0,,,,0,,0,1,begin_coordinates_missing_or_invalid|damage_crops_missing|damage_property_missing|end_coordinates_missing_or_invalid|no_valid_location_points|requires_crosswalk_or_marine_review|timezone_not_normalized_to_utc
5317200,1142696,2002,2002-09-27T07:25:00,2002-09-27T09:00:00,EST,1.5833333333333333,21,,Z,089,CARROLL,0,0,0,0,,,,0,,0,1,begin_coordinates_missing_or_invalid|damage_crops_missing|damage_property_missing|end_coordinates_missing_or_invalid|no_valid_location_points|requires_crosswalk_or_marine_review|timezone_not_normalized_to_utc
5317201,1142697,2002,2002-09-27T05:11:00,2002-09-27T09:00:00,EST,3.816666666666667,39,,Z,070,BUTLER,0,0,0,0,,,,0,,0,1,begin_coordinates_missing_or_invalid|damage_crops_missing|damage_property_missing|end_coordinates_missing_or_invalid|no_valid_location_points|requires_crosswalk_or_marine_review|timezone_not_normalized_to_utc
5317284,1142697,2002,2002-09-27T05:30:00,2002-09-27T09:00:00,EST,3.5,39,,Z,077,HAMILTON,0,0,0,0,25000,,,0,,0,1,begin_coordinates_missing_or_invalid|damage_crops_missing|end_coordinates_missing_or_invalid|no_valid_location_points|requires_crosswalk_or_marine_review|timezone_not_normalized_to_utc
5317285,1142697,2002,2002-09-27T05:00:00,2002-09-27T09:30:00,EST,4.5,39,,Z,061,MONTGOMERY,0,0,0,0,,,,0,,0,1,begin_coordinates_missing_or_invalid|damage_crops_missing|damage_property_missing|end_coordinates_missing_or_invalid|no_valid_location_points|requires_crosswalk_or_marine_review|timezone_not_normalized_to_utc
5317286,1142697,2002,2002-09-27T08:30:00,2002-09-27T10:30:00,EST,2.0,39,,Z,052,CHAMPAIGN,0,0,0,0,,,,0,,0,1,begin_coordinates_missing_or_invalid|damage_crops_missing|damage_property_missing|end_coordinates_missing_or_invalid|no_valid_location_points|requires_crosswalk_or_marine_review|timezone_not_normalized_to_utc
5317310,1142851,2002,2002-08-15T04:00:00,2002-08-15T12:00:00,CST,8.0,48,,Z,216,ORANGE,0,0,0,0,20000,,,0,,0,1,begin_coordinates_missing_or_invalid|damage_crops_missing|end_coordinates_missing_or_invalid|no_valid_location_points|requires_crosswalk_or_marine_review|timezone_not_normalized_to_utc
5317311,1142852,2002,2002-08-15T04:00:00,2002-08-15T12:00:00,CST,8.0,48,,Z,215,JEFFERSON,0,0,0,0,20000,,,0,,0,1,begin_coordinates_missing_or_invalid|damage_crops_missing|end_coordinates_missing_or_invalid|no_valid_location_points|requires_crosswalk_or_marine_review|timezone_not_normalized_to_utc
5317312,1142853,2002,2002-08-15T08:00:00,2002-08-15T16:00:00,CST,8.0,22,,Z,051,CAMERON,0,0,0,0,20000,,,0,,0,1,begin_coordinates_missing_or_invalid|damage_crops_missing|end_coordinates_missing_or_invalid|no_valid_location_points|requires_crosswalk_or_marine_review|timezone_not_normalized_to_utc
5317314,1142855,2002,2002-08-23T14:00:00,2002-08-23T16:00:00,CST,2.0,22,22019,C,019,CALCASIEU,0,0,0,0,25000,,,0,,0,1,begin_coordinates_missing_or_invalid|county_code_unverified|damage_crops_missing|end_coordinates_missing_or_invalid|no_valid_location_points|timezone_not_normalized_to_utc
5317380,1142697,2002,2002-09-27T09:00:00,2002-09-27T10:30:00,EST,1.5,39,,Z,053,CLARK,0,0,0,0,,,,0,,0,1,begin_coordinates_missing_or_invalid|damage_crops_missing|damage_property_missing|end_coordinates_missing_or_invalid|no_valid_location_points|requires_crosswalk_or_marine_review|timezone_not_normalized_to_utc
5317381,1142697,2002,2002-09-27T09:00:00,2002-09-27T09:45:00,EST,0.75,39,,Z,062,GREENE,0,0,0,0,,,,0,,0,1,begin_coordinates_missing_or_invalid|damage_crops_missing|damage_property_missing|end_coordinates_missing_or_invalid|no_valid_location_points|requires_crosswalk_or_marine_review|timezone_not_normalized_to_utc
5317382,1142697,2002,2002-09-27T08:00:00,2002-09-27T09:30:00,EST,1.5,39,,Z,071,WARREN,0,0,0,0,,,,0,,0,1,begin_coordinates_missing_or_invalid|damage_crops_missing|damage_property_missing|end_coordinates_missing_or_invalid|no_valid_location_points|requires_crosswalk_or_marine_review|timezone_not_normalized_to_utc
5317476,1142697,2002,2002-09-27T10:00:00,2002-09-27T10:10:00,EST,0.16666666666666666,39,,Z,044,LOGAN,0,0,0,0,,,,0,,0,1,begin_coordinates_missing_or_invalid|damage_crops_missing|damage_property_missing|end_coordinates_missing_or_invalid|no_valid_location_points|requires_crosswalk_or_marine_review|timezone_not_normalized_to_utc
5317477,1142697,2002,2002-09-27T09:30:00,2002-09-27T10:10:00,EST,0.6666666666666666,39,,Z,045,UNION,0,0,0,0,,,,0,,0,1,begin_coordinates_missing_or_invalid|damage_crops_missing|damage_property_missing|end_coordinates_missing_or_invalid|no_valid_location_points|requires_crosswalk_or_marine_review|timezone_not_normalized_to_utc
5317478,1142697,2002,2002-09-27T05:50:00,2002-09-27T06:00:00,EST,0.16666666666666666,39,,Z,071,WARREN,0,0,0,0,,,,0,,0,1,begin_coordinates_missing_or_invalid|damage_crops_missing|damage_property_missing|end_coordinates_missing_or_invalid|no_valid_location_points|requires_crosswalk_or_marine_review|timezone_not_normalized_to_utc
5317591,1142911,2002,2002-08-21T17:50:00,2002-08-21T17:50:00,MST,0.0,30,30027,C,027,FERGUS,0,0,0,0,,,,0,,0,1,begin_coordinates_missing_or_invalid|county_code_unverified|damage_crops_missing|damage_property_missing|end_coordinates_missing_or_invalid|no_valid_location_points|timezone_not_normalized_to_utc
5317785,1142568,2002,2002-08-19T15:00:00,2002-08-19T16:15:00,MST,1.25,04,04005,C,005,COCONINO,0,0,0,0,,,,0,,0,1,begin_coordinates_missing_or_invalid|county_code_unverified|damage_crops_missing|damage_property_missing|end_coordinates_missing_or_invalid|no_valid_location_points|timezone_not_normalized_to_utc
5317862,1142572,2002,2002-08-08T17:30:00,2002-08-08T18:30:00,MST,1.0,35,35013,C,013,DONA ANA,0,0,0,0,30000,,,0,,0,1,begin_coordinates_missing_or_invalid|county_code_unverified|damage_crops_missing|end_coordinates_missing_or_invalid|no_valid_location_points|timezone_not_normalized_to_utc
5317866,1142573,2002,2002-08-10T15:15:00,2002-08-10T17:15:00,MST,2.0,35,35029,C,029,LUNA,0,0,0,0,,,,0,,0,1,begin_coordinates_missing_or_invalid|county_code_unverified|damage_crops_missing|damage_property_missing|end_coordinates_missing_or_invalid|no_valid_location_points|timezone_not_normalized_to_utc
5317978,1142603,2002,2002-08-05T18:00:00,2002-08-05T18:30:00,MST,0.5,08,08085,C,085,MONTROSE,0,0,0,0,10000,,,0,,0,1,begin_coordinates_missing_or_invalid|county_code_unverified|damage_crops_missing|end_coordinates_missing_or_invalid|no_valid_location_points|timezone_not_normalized_to_utc
5317979,1142604,2002,2002-08-05T15:30:00,2002-08-05T16:00:00,MST,0.5,08,08077,C,077,MESA,0,0,0,0,10000,,,0,,0,1,begin_coordinates_missing_or_invalid|county_code_unverified|damage_crops_missing|end_coordinates_missing_or_invalid|no_valid_location_points|timezone_not_normalized_to_utc
5317982,1142607,2002,2002-08-05T13:45:00,2002-08-05T14:15:00,MST,0.5,08,08037,C,037,EAGLE,0,0,0,0,,,,0,,0,1,begin_coordinates_missing_or_invalid|county_code_unverified|damage_crops_missing|damage_property_missing|end_coordinates_missing_or_invalid|no_valid_location_points|timezone_not_normalized_to_utc
5317985,1142610,2002,2002-08-06T17:30:00,2002-08-06T19:00:00,MST,1.5,08,08103,C,103,RIO BLANCO,0,0,0,0,,,,0,,0,1,begin_coordinates_missing_or_invalid|county_code_unverified|damage_crops_missing|damage_property_missing|end_coordinates_missing_or_invalid|no_valid_location_points|timezone_not_normalized_to_utc
5318060,1142951,2002,2002-08-02T19:30:00,2002-08-02T21:30:00,EST,2.0,34,34023,C,023,MIDDLESEX,0,0,0,0,,,,0,,0,1,begin_coordinates_missing_or_invalid|county_code_unverified|damage_crops_missing|damage_property_missing|end_coordinates_missing_or_invalid|no_valid_location_points|timezone_not_normalized_to_utc
5318468,1144097,2002,2002-10-06T22:45:00,2002-10-06T23:30:00,EST,0.75,13,13113,C,113,FAYETTE,0,0,0,0,15000,,,0,,0,1,begin_coordinates_missing_or_invalid|county_code_unverified|damage_crops_missing|end_coordinates_missing_or_invalid|no_valid_location_points|timezone_not_normalized_to_utc
5318471,1144097,2002,2002-10-06T20:25:00,2002-10-06T21:40:00,EST,1.25,13,13055,C,055,CHATTOOGA,0,0,0,0,,,,0,,0,1,begin_coordinates_missing_or_invalid|county_code_unverified|damage_crops_missing|damage_property_missing|end_coordinates_missing_or_invalid|no_valid_location_points|timezone_not_normalized_to_utc
5318545,1144469,2002,2002-10-07T07:00:00,2002-10-07T10:00:00,EST,3.0,37,,Z,057,ROWAN,0,0,0,0,,,,0,,0,1,begin_coordinates_missing_or_invalid|damage_crops_missing|damage_property_missing|end_coordinates_missing_or_invalid|no_valid_location_points|requires_crosswalk_or_marine_review|timezone_not_normalized_to_utc
5318547,1144471,2002,2002-10-13T11:00:00,2002-10-13T13:00:00,EST,2.0,37,,Z,082,UNION,0,0,0,0,,,,0,,0,1,begin_coordinates_missing_or_invalid|damage_crops_missing|damage_property_missing|end_coordinates_missing_or_invalid|no_valid_location_points|requires_crosswalk_or_marine_review|timezone_not_normalized_to_utc
5318566,1144485,2002,2002-09-13T13:30:00,2002-09-13T16:00:00,MST,2.5,08,08067,C,067,LA PLATA,0,0,0,0,,,,0,,0,1,begin_coordinates_missing_or_invalid|county_code_unverified|damage_crops_missing|damage_property_missing|end_coordinates_missing_or_invalid|no_valid_location_points|timezone_not_normalized_to_utc
5318573,1144098,2002,2002-10-12T23:00:00,2002-10-13T02:00:00,EST,3.0,13,13171,C,171,LAMAR,0,0,0,0,,,,0,,0,1,begin_coordinates_missing_or_invalid|county_code_unverified|damage_crops_missing|damage_property_missing|end_coordinates_missing_or_invalid|no_valid_location_points|timezone_not_normalized_to_utc
5318574,1144098,2002,2002-10-12T23:00:00,2002-10-13T02:00:00,EST,3.0,13,13255,C,255,SPALDING,0,0,0,0,,,,0,,0,1,begin_coordinates_missing_or_invalid|county_code_unverified|damage_crops_missing|damage_property_missing|end_coordinates_missing_or_invalid|no_valid_location_points|timezone_not_normalized_to_utc
5318600,1144187,2002,2002-10-06T22:15:00,2002-10-06T22:30:00,CST,0.25,48,48475,C,475,WARD,0,0,0,0,0,0,,0,,0,1,begin_coordinates_missing_or_invalid|county_code_unverified|end_coordinates_missing_or_invalid|no_valid_location_points|timezone_not_normalized_to_utc
5318644,1144100,2002,2002-10-28T13:00:00,2002-10-28T13:00:00,EST,0.0,13,13115,C,115,FLOYD,0,0,0,0,,,,0,,0,1,begin_coordinates_missing_or_invalid|county_code_unverified|damage_crops_missing|damage_property_missing|end_coordinates_missing_or_invalid|no_valid_location_points|timezone_not_normalized_to_utc
5318688,1144637,2002,2002-11-10T17:30:00,2002-11-10T19:00:00,EST,1.5,18,,Z,050,WAYNE,0,0,0,0,,,,0,,0,1,begin_coordinates_missing_or_invalid|damage_crops_missing|damage_property_missing|end_coordinates_missing_or_invalid|no_valid_location_points|requires_crosswalk_or_marine_review|timezone_not_normalized_to_utc
5318689,1144637,2002,2002-11-10T19:00:00,2002-11-10T19:55:00,EST,0.9166666666666666,18,,Z,058,FAYETTE,0,0,0,0,,,,0,,0,1,begin_coordinates_missing_or_invalid|damage_crops_missing|damage_property_missing|end_coordinates_missing_or_invalid|no_valid_location_points|requires_crosswalk_or_marine_review|timezone_not_normalized_to_utc
5318690,1144637,2002,2002-11-10T19:00:00,2002-11-10T19:55:00,EST,0.9166666666666666,18,,Z,066,FRANKLIN,0,0,0,0,,,,0,,0,1,begin_coordinates_missing_or_invalid|damage_crops_missing|damage_property_missing|end_coordinates_missing_or_invalid|no_valid_location_points|requires_crosswalk_or_marine_review|timezone_not_normalized_to_utc
5318864,1144352,2002,2002-10-04T17:00:00,2002-10-04T20:00:00,EST,3.0,34,,Z,025,EASTERN ATLANTIC,0,0,0,0,,0,,0,,0,1,begin_coordinates_missing_or_invalid|damage_property_missing|end_coordinates_missing_or_invalid|no_valid_location_points|requires_crosswalk_or_marine_review|timezone_not_normalized_to_utc
5318865,1144352,2002,2002-10-04T17:00:00,2002-10-04T20:00:00,EST,3.0,34,,Z,024,EASTERN CAPE MAY,0,0,0,0,,0,,0,,0,1,begin_coordinates_missing_or_invalid|damage_property_missing|end_coordinates_missing_or_invalid|no_valid_location_points|requires_crosswalk_or_marine_review|timezone_not_normalized_to_utc
5318866,1144352,2002,2002-10-04T17:00:00,2002-10-04T20:00:00,EST,3.0,34,,Z,014,EASTERN MONMOUTH,0,0,0,0,,0,,0,,0,1,begin_coordinates_missing_or_invalid|damage_property_missing|end_coordinates_missing_or_invalid|no_valid_location_points|requires_crosswalk_or_marine_review|timezone_not_normalized_to_utc
5318867,1144352,2002,2002-10-04T17:00:00,2002-10-04T20:00:00,EST,3.0,34,,Z,026,EASTERN OCEAN,0,0,0,0,,0,,0,,0,1,begin_coordinates_missing_or_invalid|damage_property_missing|end_coordinates_missing_or_invalid|no_valid_location_points|requires_crosswalk_or_marine_review|timezone_not_normalized_to_utc
5318868,1144352,2002,2002-10-04T17:00:00,2002-10-04T20:00:00,EST,3.0,34,,Z,023,WESTERN CAPE MAY,0,0,0,0,,0,,0,,0,1,begin_coordinates_missing_or_invalid|damage_property_missing|end_coordinates_missing_or_invalid|no_valid_location_points|requires_crosswalk_or_marine_review|timezone_not_normalized_to_utc
5318869,1144353,2002,2002-10-07T06:00:00,2002-10-07T08:00:00,EST,2.0,10,,Z,004,DELAWARE BEACHES / X E SUSSEX,0,0,0,0,,0,,0,,0,1,begin_coordinates_missing_or_invalid|damage_property_missing|end_coordinates_missing_or_invalid|no_valid_location_points|requires_crosswalk_or_marine_review|timezone_not_normalized_to_utc
5318870,1144353,2002,2002-10-07T06:00:00,2002-10-07T08:00:00,EST,2.0,10,,Z,003,INLAND SUSSEX,0,0,0,0,,0,,0,,0,1,begin_coordinates_missing_or_invalid|damage_property_missing|end_coordinates_missing_or_invalid|no_valid_location_points|requires_crosswalk_or_marine_review|timezone_not_normalized_to_utc
5318871,1144354,2002,2002-10-07T06:30:00,2002-10-09T11:00:00,EST,52.5,34,,Z,025,EASTERN ATLANTIC,0,0,0,0,,0,,0,,0,1,begin_coordinates_missing_or_invalid|damage_property_missing|end_coordinates_missing_or_invalid|no_valid_location_points|requires_crosswalk_or_marine_review|timezone_not_normalized_to_utc
5318872,1144354,2002,2002-10-07T06:30:00,2002-10-09T11:00:00,EST,52.5,34,,Z,024,EASTERN CAPE MAY,0,0,0,0,,0,,0,,0,1,begin_coordinates_missing_or_invalid|damage_property_missing|end_coordinates_missing_or_invalid|no_valid_location_points|requires_crosswalk_or_marine_review|timezone_not_normalized_to_utc
5318873,1144354,2002,2002-10-07T06:30:00,2002-10-09T11:00:00,EST,52.5,34,,Z,014,EASTERN MONMOUTH,0,0,0,0,,0,,0,,0,1,begin_coordinates_missing_or_invalid|damage_property_missing|end_coordinates_missing_or_invalid|no_valid_location_points|requires_crosswalk_or_marine_review|timezone_not_normalized_to_utc
5318874,1144354,2002,2002-10-07T06:30:00,2002-10-09T11:00:00,EST,52.5,34,,Z,026,EASTERN OCEAN,0,0,0,0,,0,,0,,0,1,begin_coordinates_missing_or_invalid|damage_property_missing|end_coordinates_missing_or_invalid|no_valid_location_points|requires_crosswalk_or_marine_review|timezone_not_normalized_to_utc
5318875,1144354,2002,2002-10-07T06:30:00,2002-10-09T11:00:00,EST,52.5,34,,Z,023,WESTERN CAPE MAY,0,0,0,0,,0,,0,,0,1,begin_coordinates_missing_or_invalid|damage_property_missing|end_coordinates_missing_or_invalid|no_valid_location_points|requires_crosswalk_or_marine_review|timezone_not_normalized_to_utc
5318893,1144054,2002,2002-10-23T18:00:00,2002-10-23T23:59:00,EST,5.983333333333333,12,12105,C,105,POLK,0,0,0,0,,,,0,,0,1,begin_coordinates_missing_or_invalid|county_code_unverified|damage_crops_missing|damage_property_missing|end_coordinates_missing_or_invalid|no_valid_location_points|timezone_not_normalized_to_utc
5319142,1144474,2002,2002-10-15T07:00:00,2002-10-15T07:00:00,EST,0.0,45,45083,C,083,SPARTANBURG,0,0,0,0,,,,0,,0,1,begin_coordinates_missing_or_invalid|county_code_unverified|damage_crops_missing|damage_property_missing|end_coordinates_missing_or_invalid|no_valid_location_points|timezone_not_normalized_to_utc
5319149,1144070,2002,2002-10-08T11:30:00,2002-10-09T22:29:00,CST,34.983333333333334,48,,Z,208,CALDWELL,0,0,0,0,,,,0,,0,1,begin_coordinates_missing_or_invalid|damage_crops_missing|damage_property_missing|end_coordinates_missing_or_invalid|no_valid_location_points|requires_crosswalk_or_marine_review|timezone_not_normalized_to_utc
5319168,1144126,2002,2002-11-23T10:00:00,2002-11-25T10:00:00,AST,48.0,02,,Z,121,KENAI PENINSULA,0,0,0,0,100000,,,0,,0,1,begin_coordinates_missing_or_invalid|damage_crops_missing|end_coordinates_missing_or_invalid|no_valid_location_points|requires_crosswalk_or_marine_review|timezone_not_normalized_to_utc
5319169,1144127,2002,2002-11-23T12:00:00,2002-11-24T05:00:00,AST,17.0,02,,Z,125,WRN P.W. SND & KENAI MTNS,0,0,0,0,5000,,,0,,0,1,begin_coordinates_missing_or_invalid|damage_crops_missing|end_coordinates_missing_or_invalid|no_valid_location_points|requires_crosswalk_or_marine_review|timezone_not_normalized_to_utc
5319181,1144253,2002,2002-10-02T03:00:00,2002-10-03T13:00:00,CST,34.0,12,,Z,002,COASTAL ESCAMBIA,0,0,0,0,50000,,,0,,0,1,begin_coordinates_missing_or_invalid|damage_crops_missing|end_coordinates_missing_or_invalid|no_valid_location_points|requires_crosswalk_or_marine_review|timezone_not_normalized_to_utc
5319182,1144253,2002,2002-10-02T03:00:00,2002-10-03T13:00:00,CST,34.0,12,,Z,006,COASTAL OKALOOSA,0,0,0,0,40000,,,0,,0,1,begin_coordinates_missing_or_invalid|damage_crops_missing|end_coordinates_missing_or_invalid|no_valid_location_points|requires_crosswalk_or_marine_review|timezone_not_normalized_to_utc
5319183,1144253,2002,2002-10-02T03:00:00,2002-10-03T13:00:00,CST,34.0,12,,Z,004,COASTAL SANTA ROSA,0,0,0,0,10000,,,0,,0,1,begin_coordinates_missing_or_invalid|damage_crops_missing|end_coordinates_missing_or_invalid|no_valid_location_points|requires_crosswalk_or_marine_review|timezone_not_normalized_to_utc
5319286,1144262,2002,2002-10-10T18:00:00,2002-10-10T20:00:00,CST,2.0,28,,Z,001,DE SOTO,0,0,0,0,10000,,,0,,0,1,begin_coordinates_missing_or_invalid|damage_crops_missing|end_coordinates_missing_or_invalid|no_valid_location_points|requires_crosswalk_or_marine_review|timezone_not_normalized_to_utc
5319298,1144384,2002,2002-10-22T21:00:00,2002-10-22T22:00:00,CST,1.0,48,,Z,071,IRION,0,0,0,0,8000,,,0,,0,1,begin_coordinates_missing_or_invalid|damage_crops_missing|end_coordinates_missing_or_invalid|no_valid_location_points|requires_crosswalk_or_marine_review|timezone_not_normalized_to_utc
5319299,1144384,2002,2002-10-23T06:00:00,2002-10-23T08:00:00,CST,2.0,48,,Z,076,CROCKETT,0,0,0,0,,,,0,,0,1,begin_coordinates_missing_or_invalid|damage_crops_missing|damage_property_missing|end_coordinates_missing_or_invalid|no_valid_location_points|requires_crosswalk_or_marine_review|timezone_not_normalized_to_utc
5319313,1144074,2002,2002-10-09T01:15:00,2002-10-09T18:12:00,CST,16.95,48,,Z,217,MAVERICK,0,0,0,0,,,,0,,0,1,begin_coordinates_missing_or_invalid|damage_crops_missing|damage_property_missing|end_coordinates_missing_or_invalid|no_valid_location_points|requires_crosswalk_or_marine_review|timezone_not_normalized_to_utc
5319314,1144075,2002,2002-10-09T07:01:00,2002-10-10T10:31:00,CST,27.5,48,,Z,205,BEXAR,0,0,0,0,,,,0,,0,1,begin_coordinates_missing_or_invalid|damage_crops_missing|damage_property_missing|end_coordinates_missing_or_invalid|no_valid_location_points|requires_crosswalk_or_marine_review|timezone_not_normalized_to_utc
5319315,1144076,2002,2002-10-09T07:48:00,2002-10-10T16:30:00,CST,32.7,48,,Z,205,BEXAR,0,0,0,0,,,,0,,0,1,begin_coordinates_missing_or_invalid|damage_crops_missing|damage_property_missing|end_coordinates_missing_or_invalid|no_valid_location_points|requires_crosswalk_or_marine_review|timezone_not_normalized_to_utc
5319318,1144079,2002,2002-10-10T04:00:00,2002-10-11T11:07:00,CST,31.116666666666667,48,,Z,223,GONZALES,0,0,0,0,,,,0,,0,1,begin_coordinates_missing_or_invalid|damage_crops_missing|damage_property_missing|end_coordinates_missing_or_invalid|no_valid_location_points|requires_crosswalk_or_marine_review|timezone_not_normalized_to_utc
5319319,1144080,2002,2002-10-10T05:07:00,2002-10-11T05:34:00,CST,24.45,48,,Z,222,KARNES,0,0,0,0,,,,0,,0,1,begin_coordinates_missing_or_invalid|damage_crops_missing|damage_property_missing|end_coordinates_missing_or_invalid|no_valid_location_points|requires_crosswalk_or_marine_review|timezone_not_normalized_to_utc
5319335,1144134,2002,2002-11-08T16:00:00,2002-11-09T16:00:00,PST,24.0,06,06019,C,019,FRESNO,0,0,0,0,,,,0,,0,1,begin_coordinates_missing_or_invalid|county_code_unverified|damage_crops_missing|damage_property_missing|end_coordinates_missing_or_invalid|no_valid_location_points|timezone_not_normalized_to_utc
5319336,1144134,2002,2002-11-08T16:00:00,2002-11-09T16:00:00,PST,24.0,06,06029,C,029,KERN,0,0,0,0,23000,,,0,,0,1,begin_coordinates_missing_or_invalid|county_code_unverified|damage_crops_missing|end_coordinates_missing_or_invalid|no_valid_location_points|timezone_not_normalized_to_utc
5319350,1144139,2002,2002-11-08T10:00:00,2002-11-08T16:00:00,PST,6.0,06,,Z,097,TULARE CTY MTNS,0,0,0,0,,,,0,,0,1,begin_coordinates_missing_or_invalid|damage_crops_missing|damage_property_missing|end_coordinates_missing_or_invalid|no_valid_location_points|requires_crosswalk_or_marine_review|timezone_not_normalized_to_utc
5319351,1144139,2002,2002-11-08T15:00:00,2002-11-09T18:00:00,PST,27.0,06,,Z,096,S SIERRA MTNS,0,0,0,0,100000,,,0,,0,1,begin_coordinates_missing_or_invalid|damage_crops_missing|end_coordinates_missing_or_invalid|no_valid_location_points|requires_crosswalk_or_marine_review|timezone_not_normalized_to_utc
5319352,1144139,2002,2002-11-08T10:00:00,2002-11-09T16:00:00,PST,30.0,06,,Z,095,KERN CTY MTNS,0,0,0,0,25000,,,0,,0,1,begin_coordinates_missing_or_invalid|damage_crops_missing|end_coordinates_missing_or_invalid|no_valid_location_points|requires_crosswalk_or_marine_review|timezone_not_normalized_to_utc
5319377,1144392,2002,2002-10-08T18:00:00,2002-10-08T20:00:00,AST,2.0,99,,C,005,NORTH CENTRAL,0,0,0,0,10000,,,0,,0,1,begin_coordinates_missing_or_invalid|damage_crops_missing|end_coordinates_missing_or_invalid|no_valid_location_points|requires_crosswalk_or_marine_review|timezone_not_normalized_to_utc
5319378,1144393,2002,2002-10-11T13:00:00,2002-10-11T15:00:00,AST,2.0,99,,C,005,NORTH CENTRAL,0,0,0,0,,,,0,,0,1,begin_coordinates_missing_or_invalid|damage_crops_missing|damage_property_missing|end_coordinates_missing_or_invalid|no_valid_location_points|requires_crosswalk_or_marine_review|timezone_not_normalized_to_utc
5319379,1144394,2002,2002-10-14T12:00:00,2002-10-14T14:00:00,AST,2.0,99,,C,001,SAN JUAN AND VICINITY,0,0,0,0,,,,0,,0,1,begin_coordinates_missing_or_invalid|damage_crops_missing|damage_property_missing|end_coordinates_missing_or_invalid|no_valid_location_points|requires_crosswalk_or_marine_review|timezone_not_normalized_to_utc
5319382,1144397,2002,2002-10-23T14:00:00,2002-10-23T16:00:00,AST,2.0,99,,C,006,CENTRAL INTERIOR,0,0,0,0,,,,0,,0,1,begin_coordinates_missing_or_invalid|damage_crops_missing|damage_property_missing|end_coordinates_missing_or_invalid|no_valid_location_points|requires_crosswalk_or_marine_review|timezone_not_normalized_to_utc
5319383,1144398,2002,2002-10-24T17:00:00,2002-10-24T19:00:00,AST,2.0,99,,C,001,SAN JUAN AND VICINITY,0,0,0,0,,,,0,,0,1,begin_coordinates_missing_or_invalid|damage_crops_missing|damage_property_missing|end_coordinates_missing_or_invalid|no_valid_location_points|requires_crosswalk_or_marine_review|timezone_not_normalized_to_utc
5319384,1144399,2002,2002-10-28T16:00:00,2002-10-28T18:00:00,AST,2.0,99,,C,010,MAYAGUEZ AND VICINITY,0,0,0,0,,,,0,,0,1,begin_coordinates_missing_or_invalid|damage_crops_missing|damage_property_missing|end_coordinates_missing_or_invalid|no_valid_location_points|requires_crosswalk_or_marine_review|timezone_not_normalized_to_utc
5319403,1144085,2002,2002-10-23T08:31:00,2002-10-26T06:35:00,CST,70.06666666666666,48,,Z,205,BEXAR,0,0,0,0,,,,0,,0,1,begin_coordinates_missing_or_invalid|damage_crops_missing|damage_property_missing|end_coordinates_missing_or_invalid|no_valid_location_points|requires_crosswalk_or_marine_review|timezone_not_normalized_to_utc
5319404,1144086,2002,2002-10-23T09:01:00,2002-10-25T22:56:00,CST,61.916666666666664,48,,Z,205,BEXAR,0,0,0,0,,,,0,,0,1,begin_coordinates_missing_or_invalid|damage_crops_missing|damage_property_missing|end_coordinates_missing_or_invalid|no_valid_location_points|requires_crosswalk_or_marine_review|timezone_not_normalized_to_utc
5319405,1144087,2002,2002-10-24T00:52:00,2002-10-27T07:24:00,CST,78.53333333333333,48,,Z,223,GONZALES,0,0,0,0,,,,0,,0,1,begin_coordinates_missing_or_invalid|damage_crops_missing|damage_property_missing|end_coordinates_missing_or_invalid|no_valid_location_points|requires_crosswalk_or_marine_review|timezone_not_normalized_to_utc
5319407,1144139,2002,2002-11-08T15:00:00,2002-11-09T18:00:00,PST,27.0,06,,Z,093,S SIERRA FOOTHILLS,0,0,0,0,25000,,,0,,0,1,begin_coordinates_missing_or_invalid|damage_crops_missing|end_coordinates_missing_or_invalid|no_valid_location_points|requires_crosswalk_or_marine_review|timezone_not_normalized_to_utc
5319408,1144139,2002,2002-11-08T12:30:00,2002-11-09T18:00:00,PST,29.5,06,,Z,094,TULARE CTY FOOTHILLS,0,0,0,0,50000,,,0,,0,1,begin_coordinates_missing_or_invalid|damage_crops_missing|end_coordinates_missing_or_invalid|no_valid_location_points|requires_crosswalk_or_marine_review|timezone_not_normalized_to_utc
5319433,1144278,2002,2002-10-12T08:00:00,2002-10-13T10:00:00,EST,26.0,21,,Z,045,NELSON,0,0,0,0,,,,0,,0,1,begin_coordinates_missing_or_invalid|damage_crops_missing|damage_property_missing|end_coordinates_missing_or_invalid|no_valid_location_points|requires_crosswalk_or_marine_review|timezone_not_normalized_to_utc
5319434,1144279,2002,2002-10-12T01:00:00,2002-10-13T03:00:00,EST,26.0,21,,Z,061,BUTLER,0,0,0,0,,,,0,,0,1,begin_coordinates_missing_or_invalid|damage_crops_missing|damage_property_missing|end_coordinates_missing_or_invalid|no_valid_location_points|requires_crosswalk_or_marine_review|timezone_not_normalized_to_utc
5319435,1144280,2002,2002-10-12T03:00:00,2002-10-14T07:00:00,EST,52.0,21,,Z,061,BUTLER,0,0,0,0,,,,0,,0,1,begin_coordinates_missing_or_invalid|damage_crops_missing|damage_property_missing|end_coordinates_missing_or_invalid|no_valid_location_points|requires_crosswalk_or_marine_review|timezone_not_normalized_to_utc
5319501,1144147,2002,2002-11-05T23:00:00,2002-11-05T23:30:00,EST,0.5,13,13069,C,069,COFFEE,0,0,0,0,,,,0,,0,1,begin_coordinates_missing_or_invalid|county_code_unverified|damage_crops_missing|damage_property_missing|end_coordinates_missing_or_invalid|no_valid_location_points|timezone_not_normalized_to_utc
5319702,1144089,2002,2002-10-24T09:57:00,2002-10-26T12:36:00,CST,50.65,48,,Z,222,KARNES,0,0,0,0,,,,0,,0,1,begin_coordinates_missing_or_invalid|damage_crops_missing|damage_property_missing|end_coordinates_missing_or_invalid|no_valid_location_points|requires_crosswalk_or_marine_review|timezone_not_normalized_to_utc
5319703,1144090,2002,2002-10-24T14:02:00,2002-10-25T22:08:00,CST,32.1,48,,Z,208,CALDWELL,0,0,0,0,,,,0,,0,1,begin_coordinates_missing_or_invalid|damage_crops_missing|damage_property_missing|end_coordinates_missing_or_invalid|no_valid_location_points|requires_crosswalk_or_marine_review|timezone_not_normalized_to_utc
5319704,1144091,2002,2002-10-24T16:52:00,2002-10-25T08:45:00,CST,15.883333333333333,48,,Z,205,BEXAR,0,0,0,0,,,,0,,0,1,begin_coordinates_missing_or_invalid|damage_crops_missing|damage_property_missing|end_coordinates_missing_or_invalid|no_valid_location_points|requires_crosswalk_or_marine_review|timezone_not_normalized_to_utc
5319705,1144092,2002,2002-10-24T17:12:00,2002-10-27T16:25:00,CST,71.21666666666667,48,,Z,222,KARNES,0,0,0,0,,,,0,,0,1,begin_coordinates_missing_or_invalid|damage_crops_missing|damage_property_missing|end_coordinates_missing_or_invalid|no_valid_location_points|requires_crosswalk_or_marine_review|timezone_not_normalized_to_utc
5319706,1144093,2002,2002-10-25T12:25:00,2002-10-28T13:15:00,CST,72.83333333333333,48,,Z,219,FRIO,0,0,0,0,,,,0,,0,1,begin_coordinates_missing_or_invalid|damage_crops_missing|damage_property_missing|end_coordinates_missing_or_invalid|no_valid_location_points|requires_crosswalk_or_marine_review|timezone_not_normalized_to_utc
5319707,1144094,2002,2002-10-26T11:55:00,2002-10-29T14:54:00,CST,74.98333333333333,48,,Z,224,DE WITT,0,0,0,0,,,,0,,0,1,begin_coordinates_missing_or_invalid|damage_crops_missing|damage_property_missing|end_coordinates_missing_or_invalid|no_valid_location_points|requires_crosswalk_or_marine_review|timezone_not_normalized_to_utc
5319708,1144095,2002,2002-10-27T22:45:00,2002-10-30T19:15:00,CST,68.5,48,,Z,228,DIMMIT,0,0,0,0,,,,0,,0,1,begin_coordinates_missing_or_invalid|damage_crops_missing|damage_property_missing|end_coordinates_missing_or_invalid|no_valid_location_points|requires_crosswalk_or_marine_review|timezone_not_normalized_to_utc
5319729,1144004,2002,2002-09-15T18:30:00,2002-09-15T20:00:00,EST,1.5,45,,Z,013,UNION,0,0,0,0,,,,0,,0,1,begin_coordinates_missing_or_invalid|damage_crops_missing|damage_property_missing|end_coordinates_missing_or_invalid|no_valid_location_points|requires_crosswalk_or_marine_review|timezone_not_normalized_to_utc
5319731,1144006,2002,2002-09-27T08:00:00,2002-09-27T11:00:00,EST,3.0,37,,Z,062,MACON,0,0,0,0,,,,0,,0,1,begin_coordinates_missing_or_invalid|damage_crops_missing|damage_property_missing|end_coordinates_missing_or_invalid|no_valid_location_points|requires_crosswalk_or_marine_review|timezone_not_normalized_to_utc
5319737,1144010,2002,2002-09-19T12:00:00,2002-09-19T15:00:00,CST,3.0,05,05075,C,075,LAWRENCE,0,0,0,0,1000,,,0,,0,1,begin_coordinates_missing_or_invalid|county_code_unverified|damage_crops_missing|end_coordinates_missing_or_invalid|no_valid_location_points|timezone_not_normalized_to_utc
5319828,1143760,2002,2002-09-22T15:30:00,2002-09-23T15:30:00,CST,24.0,48,,Z,255,CAMERON,0,0,0,0,,,,0,,0,1,begin_coordinates_missing_or_invalid|damage_crops_missing|damage_property_missing|end_coordinates_missing_or_invalid|no_valid_location_points|requires_crosswalk_or_marine_review|timezone_not_normalized_to_utc
5319830,1143761,2002,2002-09-10T01:00:00,2002-09-10T12:00:00,CST,11.0,48,,Z,249,JIM HOGG,0,0,0,0,,,,0,,0,1,begin_coordinates_missing_or_invalid|damage_crops_missing|damage_property_missing|end_coordinates_missing_or_invalid|no_valid_location_points|requires_crosswalk_or_marine_review|timezone_not_normalized_to_utc
5319833,1143763,2002,2002-09-23T09:00:00,2002-09-23T17:00:00,CST,8.0,48,48061,C,061,CAMERON,0,0,0,0,,,,0,,0,1,begin_coordinates_missing_or_invalid|county_code_unverified|damage_crops_missing|damage_property_missing|end_coordinates_missing_or_invalid|no_valid_location_points|timezone_not_normalized_to_utc
5319933,1143865,2002,2002-10-23T01:45:00,2002-10-31T10:00:00,AST,200.25,02,,Z,121,KENAI PENINSULA,0,0,0,0,10000000,,,0,,0,1,begin_coordinates_missing_or_invalid|damage_crops_missing|end_coordinates_missing_or_invalid|no_valid_location_points|requires_crosswalk_or_marine_review|timezone_not_normalized_to_utc
5319934,1143865,2002,2002-10-23T01:45:00,2002-10-25T10:00:00,AST,56.25,02,,Z,125,WRN P.W. SND & KENAI MTNS,0,0,0,0,10000000,,,0,,0,1,begin_coordinates_missing_or_invalid|damage_crops_missing|end_coordinates_missing_or_invalid|no_valid_location_points|requires_crosswalk_or_marine_review|timezone_not_normalized_to_utc
5319994,1143874,2002,2002-10-11T08:00:00,2002-10-14T08:00:00,CST,72.0,21,,Z,021,MUHLENBERG,0,0,0,0,,,,0,,0,1,begin_coordinates_missing_or_invalid|damage_crops_missing|damage_property_missing|end_coordinates_missing_or_invalid|no_valid_location_points|requires_crosswalk_or_marine_review|timezone_not_normalized_to_utc
5320001,1143876,2002,2002-10-20T19:18:00,2002-10-20T19:45:00,CST,0.45,48,48215,C,215,HIDALGO,0,0,0,0,,,,0,,0,1,begin_coordinates_missing_or_invalid|county_code_unverified|damage_crops_missing|damage_property_missing|end_coordinates_missing_or_invalid|no_valid_location_points|timezone_not_normalized_to_utc
5320002,1143877,2002,2002-10-20T19:31:00,2002-10-20T20:00:00,CST,0.48333333333333334,48,48061,C,061,CAMERON,0,0,0,0,,,,0,,0,1,begin_coordinates_missing_or_invalid|county_code_unverified|damage_crops_missing|damage_property_missing|end_coordinates_missing_or_invalid|no_valid_location_points|timezone_not_normalized_to_utc
5320063,1143877,2002,2002-10-20T19:43:00,2002-10-20T19:43:00,CST,0.0,48,48061,C,061,CAMERON,0,0,0,0,,,,0,,0,1,begin_coordinates_missing_or_invalid|county_code_unverified|damage_crops_missing|damage_property_missing|end_coordinates_missing_or_invalid|no_valid_location_points|timezone_not_normalized_to_utc
5320065,1143878,2002,2002-10-20T20:58:00,2002-10-20T20:58:00,CST,0.0,48,48489,C,489,WILLACY,0,0,0,0,,,,0,,0,1,begin_coordinates_missing_or_invalid|county_code_unverified|damage_crops_missing|damage_property_missing|end_coordinates_missing_or_invalid|no_valid_location_points|timezone_not_normalized_to_utc
5320066,1143879,2002,2002-10-31T08:00:00,2002-10-31T09:00:00,CST,1.0,48,48061,C,061,CAMERON,0,0,0,0,,,,0,,0,1,begin_coordinates_missing_or_invalid|county_code_unverified|damage_crops_missing|damage_property_missing|end_coordinates_missing_or_invalid|no_valid_location_points|timezone_not_normalized_to_utc
5320068,1143880,2002,2002-10-03T00:00:00,2002-10-03T12:00:00,CST,12.0,48,,Z,255,CAMERON,0,0,0,0,,,,0,,0,1,begin_coordinates_missing_or_invalid|damage_crops_missing|damage_property_missing|end_coordinates_missing_or_invalid|no_valid_location_points|requires_crosswalk_or_marine_review|timezone_not_normalized_to_utc
5320071,1143882,2002,2002-10-10T16:00:00,2002-10-11T09:00:00,CST,17.0,48,,Z,248,ZAPATA,0,0,0,0,,,,0,,0,1,begin_coordinates_missing_or_invalid|damage_crops_missing|damage_property_missing|end_coordinates_missing_or_invalid|no_valid_location_points|requires_crosswalk_or_marine_review|timezone_not_normalized_to_utc
5320072,1143883,2002,2002-10-29T08:00:00,2002-10-30T23:59:00,CST,39.983333333333334,48,,Z,255,CAMERON,0,0,0,0,,,,0,,0,1,begin_coordinates_missing_or_invalid|damage_crops_missing|damage_property_missing|end_coordinates_missing_or_invalid|no_valid_location_points|requires_crosswalk_or_marine_review|timezone_not_normalized_to_utc
5320105,1143479,2002,2002-09-27T01:15:00,2002-09-27T05:05:00,EST,3.8333333333333335,21,,Z,070,LOGAN,0,0,0,0,,,,0,,0,1,begin_coordinates_missing_or_invalid|damage_crops_missing|damage_property_missing|end_coordinates_missing_or_invalid|no_valid_location_points|requires_crosswalk_or_marine_review|timezone_not_normalized_to_utc
5320148,1143785,2002,2002-09-16T01:00:00,2002-09-16T04:00:00,AST,3.0,99,,C,002,NORTHEAST,0,0,0,0,,,,0,,0,1,begin_coordinates_missing_or_invalid|damage_crops_missing|damage_property_missing|end_coordinates_missing_or_invalid|no_valid_location_points|requires_crosswalk_or_marine_review|timezone_not_normalized_to_utc
5320149,1143785,2002,2002-09-16T01:00:00,2002-09-16T04:00:00,AST,3.0,99,,C,013,VIEQUES,0,0,0,0,,,,0,,0,1,begin_coordinates_missing_or_invalid|damage_crops_missing|damage_property_missing|end_coordinates_missing_or_invalid|no_valid_location_points|requires_crosswalk_or_marine_review|timezone_not_normalized_to_utc
5320150,1143786,2002,2002-09-18T12:00:00,2002-09-18T14:00:00,AST,2.0,99,,C,010,MAYAGUEZ AND VICINITY,0,0,0,0,,,,0,,0,1,begin_coordinates_missing_or_invalid|damage_crops_missing|damage_property_missing|end_coordinates_missing_or_invalid|no_valid_location_points|requires_crosswalk_or_marine_review|timezone_not_normalized_to_utc
5320154,1143789,2002,2002-09-24T13:00:00,2002-09-24T15:00:00,AST,2.0,99,,C,001,SAN JUAN AND VICINITY,0,0,0,0,,,,0,,0,1,begin_coordinates_missing_or_invalid|damage_crops_missing|damage_property_missing|end_coordinates_missing_or_invalid|no_valid_location_points|requires_crosswalk_or_marine_review|timezone_not_normalized_to_utc
5320158,1143793,2002,2002-09-28T16:00:00,2002-09-28T18:00:00,AST,2.0,99,,C,001,SAN JUAN AND VICINITY,0,0,0,0,,,,0,,0,1,begin_coordinates_missing_or_invalid|damage_crops_missing|damage_property_missing|end_coordinates_missing_or_invalid|no_valid_location_points|requires_crosswalk_or_marine_review|timezone_not_normalized_to_utc
5320186,1143481,2002,2002-09-27T10:15:00,2002-09-27T21:15:00,EST,11.0,18,,Z,079,JEFFERSON,0,0,0,0,,,,0,,0,1,begin_coordinates_missing_or_invalid|damage_crops_missing|damage_property_missing|end_coordinates_missing_or_invalid|no_valid_location_points|requires_crosswalk_or_marine_review|timezone_not_normalized_to_utc
5320187,1143482,2002,2002-09-28T01:00:00,2002-09-28T17:00:00,EST,16.0,21,,Z,061,BUTLER,0,0,0,0,,,,0,,0,1,begin_coordinates_missing_or_invalid|damage_crops_missing|damage_property_missing|end_coordinates_missing_or_invalid|no_valid_location_points|requires_crosswalk_or_marine_review|timezone_not_normalized_to_utc
5320188,1143483,2002,2002-09-28T07:00:00,2002-09-29T14:00:00,EST,31.0,21,,Z,061,BUTLER,0,0,0,0,,,,0,,0,1,begin_coordinates_missing_or_invalid|damage_crops_missing|damage_property_missing|end_coordinates_missing_or_invalid|no_valid_location_points|requires_crosswalk_or_marine_review|timezone_not_normalized_to_utc
5320308,1143588,2002,2002-09-07T15:40:00,2002-09-07T16:15:00,MST,0.5833333333333334,49,49037,C,037,SAN JUAN,0,0,0,0,2000,,,0,,0,1,begin_coordinates_missing_or_invalid|county_code_unverified|damage_crops_missing|end_coordinates_missing_or_invalid|no_valid_location_points|timezone_not_normalized_to_utc
5320311,1143591,2002,2002-09-07T16:40:00,2002-09-07T17:00:00,MST,0.3333333333333333,49,49037,C,037,SAN JUAN,0,0,0,0,,10000,,0,,0,1,begin_coordinates_missing_or_invalid|county_code_unverified|damage_property_missing|end_coordinates_missing_or_invalid|no_valid_location_points|timezone_not_normalized_to_utc
5320312,1143592,2002,2002-09-07T16:15:00,2002-09-07T17:00:00,MST,0.75,08,08077,C,077,MESA,0,0,0,0,,,,0,,0,1,begin_coordinates_missing_or_invalid|county_code_unverified|damage_crops_missing|damage_property_missing|end_coordinates_missing_or_invalid|no_valid_location_points|timezone_not_normalized_to_utc
5320314,1143594,2002,2002-09-12T14:30:00,2002-09-12T15:30:00,MST,1.0,08,08103,C,103,RIO BLANCO,0,0,0,0,,,,0,,0,1,begin_coordinates_missing_or_invalid|county_code_unverified|damage_crops_missing|damage_property_missing|end_coordinates_missing_or_invalid|no_valid_location_points|timezone_not_normalized_to_utc
5320338,1143687,2002,2002-09-18T13:30:00,2002-09-18T13:30:00,CST,0.0,19,19105,C,105,JONES,0,0,0,0,,,,0,,0,1,begin_coordinates_missing_or_invalid|county_code_unverified|damage_crops_missing|damage_property_missing|end_coordinates_missing_or_invalid|no_valid_location_points|timezone_not_normalized_to_utc
5320649,1143704,2002,2002-09-08T09:29:00,2002-09-11T15:01:00,CST,77.53333333333333,48,,Z,205,BEXAR,0,0,0,0,,,,0,,0,1,begin_coordinates_missing_or_invalid|damage_crops_missing|damage_property_missing|end_coordinates_missing_or_invalid|no_valid_location_points|requires_crosswalk_or_marine_review|timezone_not_normalized_to_utc
5320692,1143939,2002,2002-09-27T00:12:00,2002-09-27T04:00:00,CST,3.8,47,47125,C,125,MONTGOMERY,0,0,1,0,,,,1,,0,1,begin_coordinates_missing_or_invalid|county_code_unverified|damage_crops_missing|damage_property_missing|end_coordinates_missing_or_invalid|no_valid_location_points|timezone_not_normalized_to_utc
5320694,1143944,2002,2002-10-06T22:00:00,2002-10-07T18:00:00,SST,20.0,97,,C,002,TUTUILA,0,0,0,0,,,,0,,0,1,begin_coordinates_missing_or_invalid|damage_crops_missing|damage_property_missing|end_coordinates_missing_or_invalid|no_valid_location_points|requires_crosswalk_or_marine_review|timezone_not_normalized_to_utc
5320728,1143522,2002,2002-08-29T17:10:00,2002-08-29T17:50:00,MST,0.6666666666666666,08,08077,C,077,MESA,0,0,0,0,,,,0,,0,1,begin_coordinates_missing_or_invalid|county_code_unverified|damage_crops_missing|damage_property_missing|end_coordinates_missing_or_invalid|no_valid_location_points|timezone_not_normalized_to_utc
5320747,1143708,2002,2002-09-08T21:07:00,2002-09-11T01:58:00,CST,52.85,48,,Z,205,BEXAR,0,0,0,0,,,,0,,0,1,begin_coordinates_missing_or_invalid|damage_crops_missing|damage_property_missing|end_coordinates_missing_or_invalid|no_valid_location_points|requires_crosswalk_or_marine_review|timezone_not_normalized_to_utc
5320748,1143709,2002,2002-09-09T01:58:00,2002-09-12T07:39:00,CST,77.68333333333334,48,,Z,219,FRIO,0,0,0,0,,,,0,,0,1,begin_coordinates_missing_or_invalid|damage_crops_missing|damage_property_missing|end_coordinates_missing_or_invalid|no_valid_location_points|requires_crosswalk_or_marine_review|timezone_not_normalized_to_utc
5320749,1143710,2002,2002-09-09T06:37:00,2002-09-10T07:48:00,CST,25.183333333333334,48,,Z,205,BEXAR,0,0,0,0,,,,0,,0,1,begin_coordinates_missing_or_invalid|damage_crops_missing|damage_property_missing|end_coordinates_missing_or_invalid|no_valid_location_points|requires_crosswalk_or_marine_review|timezone_not_normalized_to_utc
5320844,1143534,2002,2002-09-07T17:00:00,2002-09-07T17:40:00,MST,0.6666666666666666,49,49037,C,037,SAN JUAN,0,0,0,0,,,,0,,0,1,begin_coordinates_missing_or_invalid|county_code_unverified|damage_crops_missing|damage_property_missing|end_coordinates_missing_or_invalid|no_valid_location_points|timezone_not_normalized_to_utc
5320846,1143536,2002,2002-09-07T21:50:00,2002-09-07T22:45:00,MST,0.9166666666666666,08,08051,C,051,GUNNISON,0,0,0,0,,,,0,,0,1,begin_coordinates_missing_or_invalid|county_code_unverified|damage_crops_missing|damage_property_missing|end_coordinates_missing_or_invalid|no_valid_location_points|timezone_not_normalized_to_utc
5320848,1143538,2002,2002-09-07T18:45:00,2002-09-07T19:45:00,MST,1.0,08,08077,C,077,MESA,0,0,0,0,,,,0,,0,1,begin_coordinates_missing_or_invalid|county_code_unverified|damage_crops_missing|damage_property_missing|end_coordinates_missing_or_invalid|no_valid_location_points|timezone_not_normalized_to_utc
5320855,1143712,2002,2002-09-10T18:05:00,2002-09-12T13:36:00,CST,43.516666666666666,48,,Z,221,WILSON,0,0,0,0,,,,0,,0,1,begin_coordinates_missing_or_invalid|damage_crops_missing|damage_property_missing|end_coordinates_missing_or_invalid|no_valid_location_points|requires_crosswalk_or_marine_review|timezone_not_normalized_to_utc
5320864,1143715,2002,2002-09-06T16:15:00,2002-09-06T16:15:00,MST,0.0,04,04017,C,017,NAVAJO,0,0,0,0,,,,0,,0,1,begin_coordinates_missing_or_invalid|county_code_unverified|damage_crops_missing|damage_property_missing|end_coordinates_missing_or_invalid|no_valid_location_points|timezone_not_normalized_to_utc
5320865,1143716,2002,2002-09-07T18:44:00,2002-09-07T18:44:00,MST,0.0,04,04005,C,005,COCONINO,0,0,0,0,,,,0,,0,1,begin_coordinates_missing_or_invalid|county_code_unverified|damage_crops_missing|damage_property_missing|end_coordinates_missing_or_invalid|no_valid_location_points|timezone_not_normalized_to_utc
5320866,1143716,2002,2002-09-07T18:44:00,2002-09-07T18:44:00,MST,0.0,04,04025,C,025,YAVAPAI,0,0,0,0,,,,0,,0,1,begin_coordinates_missing_or_invalid|county_code_unverified|damage_crops_missing|damage_property_missing|end_coordinates_missing_or_invalid|no_valid_location_points|timezone_not_normalized_to_utc
5320870,1143720,2002,2002-09-07T23:00:00,2002-09-08T01:00:00,MST,2.0,04,04025,C,025,YAVAPAI,0,0,0,0,,,,0,,0,1,begin_coordinates_missing_or_invalid|county_code_unverified|damage_crops_missing|damage_property_missing|end_coordinates_missing_or_invalid|no_valid_location_points|timezone_not_normalized_to_utc
5320872,1143834,2002,2002-09-13T15:30:00,2002-09-13T16:30:00,MST,1.0,08,08031,C,031,DENVER,0,0,0,0,,0,,0,,0,1,begin_coordinates_missing_or_invalid|county_code_unverified|damage_property_missing|end_coordinates_missing_or_invalid|no_valid_location_points|timezone_not_normalized_to_utc
5320873,1143835,2002,2002-09-13T14:30:00,2002-09-13T17:30:00,MST,3.0,08,08031,C,031,DENVER,0,0,0,0,,0,,0,,0,1,begin_coordinates_missing_or_invalid|county_code_unverified|damage_property_missing|end_coordinates_missing_or_invalid|no_valid_location_points|timezone_not_normalized_to_utc
5320913,1143545,2002,2002-09-10T15:00:00,2002-09-10T15:45:00,MST,0.75,08,08085,C,085,MONTROSE,0,0,0,0,,,,0,,0,1,begin_coordinates_missing_or_invalid|county_code_unverified|damage_crops_missing|damage_property_missing|end_coordinates_missing_or_invalid|no_valid_location_points|timezone_not_normalized_to_utc
5320914,1143546,2002,2002-09-10T16:40:00,2002-09-10T17:30:00,MST,0.8333333333333334,08,08113,C,113,SAN MIGUEL,0,0,0,0,2000,,,0,,0,1,begin_coordinates_missing_or_invalid|county_code_unverified|damage_crops_missing|end_coordinates_missing_or_invalid|no_valid_location_points|timezone_not_normalized_to_utc
5320915,1143547,2002,2002-09-10T16:00:00,2002-09-10T17:00:00,MST,1.0,08,08033,C,033,DOLORES,0,0,0,0,,,,0,,0,1,begin_coordinates_missing_or_invalid|county_code_unverified|damage_crops_missing|damage_property_missing|end_coordinates_missing_or_invalid|no_valid_location_points|timezone_not_normalized_to_utc
5320919,1143551,2002,2002-09-11T18:50:00,2002-09-11T19:30:00,MST,0.6666666666666666,08,08083,C,083,MONTEZUMA,0,0,0,0,,,,0,,0,1,begin_coordinates_missing_or_invalid|county_code_unverified|damage_crops_missing|damage_property_missing|end_coordinates_missing_or_invalid|no_valid_location_points|timezone_not_normalized_to_utc
5320922,1143554,2002,2002-09-11T18:35:00,2002-09-11T19:10:00,MST,0.5833333333333334,08,08045,C,045,GARFIELD,0,0,0,0,,,,0,,0,1,begin_coordinates_missing_or_invalid|county_code_unverified|damage_crops_missing|damage_property_missing|end_coordinates_missing_or_invalid|no_valid_location_points|timezone_not_normalized_to_utc
5320934,1143566,2002,2002-09-12T13:00:00,2002-09-12T14:00:00,MST,1.0,49,49037,C,037,SAN JUAN,0,0,0,0,,,,0,,0,1,begin_coordinates_missing_or_invalid|county_code_unverified|damage_crops_missing|damage_property_missing|end_coordinates_missing_or_invalid|no_valid_location_points|timezone_not_normalized_to_utc
5320935,1143567,2002,2002-09-12T17:45:00,2002-09-12T18:45:00,MST,1.0,49,49037,C,037,SAN JUAN,0,0,0,0,,,,0,,0,1,begin_coordinates_missing_or_invalid|county_code_unverified|damage_crops_missing|damage_property_missing|end_coordinates_missing_or_invalid|no_valid_location_points|timezone_not_normalized_to_utc
5320936,1143568,2002,2002-09-12T14:00:00,2002-09-12T15:30:00,MST,1.5,08,08103,C,103,RIO BLANCO,0,0,0,0,,,,0,,0,1,begin_coordinates_missing_or_invalid|county_code_unverified|damage_crops_missing|damage_property_missing|end_coordinates_missing_or_invalid|no_valid_location_points|timezone_not_normalized_to_utc
5320960,1143731,2002,2002-09-10T19:45:00,2002-09-10T20:15:00,MST,0.5,04,04007,C,007,GILA,0,0,0,0,,,,0,,0,1,begin_coordinates_missing_or_invalid|county_code_unverified|damage_crops_missing|damage_property_missing|end_coordinates_missing_or_invalid|no_valid_location_points|timezone_not_normalized_to_utc
5321115,1144366,2002,2002-10-16T14:00:00,2002-10-16T18:00:00,EST,4.0,34,,Z,014,EASTERN MONMOUTH,0,0,0,0,,,,0,,0,1,begin_coordinates_missing_or_invalid|damage_crops_missing|damage_property_missing|end_coordinates_missing_or_invalid|no_valid_location_points|requires_crosswalk_or_marine_review|timezone_not_normalized_to_utc
5321116,1144366,2002,2002-10-16T14:00:00,2002-10-16T18:00:00,EST,4.0,34,,Z,026,EASTERN OCEAN,0,0,0,0,,,,0,,0,1,begin_coordinates_missing_or_invalid|damage_crops_missing|damage_property_missing|end_coordinates_missing_or_invalid|no_valid_location_points|requires_crosswalk_or_marine_review|timezone_not_normalized_to_utc
5321117,1144366,2002,2002-10-16T14:00:00,2002-10-16T18:00:00,EST,4.0,34,,Z,013,WESTERN MONMOUTH,0,0,0,0,,,,0,,0,1,begin_coordinates_missing_or_invalid|damage_crops_missing|damage_property_missing|end_coordinates_missing_or_invalid|no_valid_location_points|requires_crosswalk_or_marine_review|timezone_not_normalized_to_utc
5321118,1144366,2002,2002-10-16T14:00:00,2002-10-16T18:00:00,EST,4.0,34,,Z,020,WESTERN OCEAN,0,0,0,0,,,,0,,0,1,begin_coordinates_missing_or_invalid|damage_crops_missing|damage_property_missing|end_coordinates_missing_or_invalid|no_valid_location_points|requires_crosswalk_or_marine_review|timezone_not_normalized_to_utc
5321143,1143993,2002,2002-09-15T11:15:00,2002-09-15T14:00:00,EST,2.75,13,,Z,017,HABERSHAM,0,0,0,0,,,,0,,0,1,begin_coordinates_missing_or_invalid|damage_crops_missing|damage_property_missing|end_coordinates_missing_or_invalid|no_valid_location_points|requires_crosswalk_or_marine_review|timezone_not_normalized_to_utc
5321144,1143994,2002,2002-09-15T11:15:00,2002-09-15T15:00:00,EST,3.75,45,,Z,004,GREATER OCONEE,0,0,0,0,,,,0,,0,1,begin_coordinates_missing_or_invalid|damage_crops_missing|damage_property_missing|end_coordinates_missing_or_invalid|no_valid_location_points|requires_crosswalk_or_marine_review|timezone_not_normalized_to_utc
5321145,1143995,2002,2002-09-15T13:45:00,2002-09-15T17:00:00,EST,3.25,45,,Z,010,ANDERSON,0,0,0,0,,,,0,,0,1,begin_coordinates_missing_or_invalid|damage_crops_missing|damage_property_missing|end_coordinates_missing_or_invalid|no_valid_location_points|requires_crosswalk_or_marine_review|timezone_not_normalized_to_utc
5321147,1143997,2002,2002-09-15T14:00:00,2002-09-15T14:30:00,EST,0.5,13,,Z,028,HART,0,0,0,0,,,,0,,0,1,begin_coordinates_missing_or_invalid|damage_crops_missing|damage_property_missing|end_coordinates_missing_or_invalid|no_valid_location_points|requires_crosswalk_or_marine_review|timezone_not_normalized_to_utc
5321149,1143999,2002,2002-09-15T14:30:00,2002-09-15T17:00:00,EST,2.5,45,,Z,005,GREATER PICKENS,0,0,0,0,,,,0,,0,1,begin_coordinates_missing_or_invalid|damage_crops_missing|damage_property_missing|end_coordinates_missing_or_invalid|no_valid_location_points|requires_crosswalk_or_marine_review|timezone_not_normalized_to_utc
5321150,1144000,2002,2002-09-15T14:45:00,2002-09-15T17:00:00,EST,2.25,45,,Z,006,GREATER GREENVILLE,0,0,0,0,,,,0,,0,1,begin_coordinates_missing_or_invalid|damage_crops_missing|damage_property_missing|end_coordinates_missing_or_invalid|no_valid_location_points|requires_crosswalk_or_marine_review|timezone_not_normalized_to_utc
5321168,1143605,2002,2002-09-19T14:45:00,2002-09-19T16:30:00,CST,1.75,55,55059,C,059,KENOSHA,0,0,0,0,,,,0,,0,1,begin_coordinates_missing_or_invalid|county_code_unverified|damage_crops_missing|damage_property_missing|end_coordinates_missing_or_invalid|no_valid_location_points|timezone_not_normalized_to_utc
5321169,1143605,2002,2002-09-19T14:00:00,2002-09-19T16:00:00,CST,2.0,55,55127,C,127,WALWORTH,0,0,0,0,,,,0,,0,1,begin_coordinates_missing_or_invalid|county_code_unverified|damage_crops_missing|damage_property_missing|end_coordinates_missing_or_invalid|no_valid_location_points|timezone_not_normalized_to_utc
5321402,1145492,2002,2002-11-11T03:00:00,2002-11-11T06:00:00,EST,3.0,45,45007,C,007,ANDERSON,0,0,0,0,,,,0,,0,1,begin_coordinates_missing_or_invalid|county_code_unverified|damage_crops_missing|damage_property_missing|end_coordinates_missing_or_invalid|no_valid_location_points|timezone_not_normalized_to_utc
5321424,1145496,2002,2002-11-12T12:00:00,2002-11-12T16:00:00,EST,4.0,37,37045,C,045,CLEVELAND,0,0,0,0,,,,0,,0,1,begin_coordinates_missing_or_invalid|county_code_unverified|damage_crops_missing|damage_property_missing|end_coordinates_missing_or_invalid|no_valid_location_points|timezone_not_normalized_to_utc
5321455,1145197,2002,2002-12-17T10:00:00,2002-12-17T10:00:00,PST,0.0,06,,Z,039,X S SANTA BARBARA,0,0,0,0,,,,0,,0,1,begin_coordinates_missing_or_invalid|damage_crops_missing|damage_property_missing|end_coordinates_missing_or_invalid|no_valid_location_points|requires_crosswalk_or_marine_review|timezone_not_normalized_to_utc
5321456,1145197,2002,2002-12-17T09:45:00,2002-12-17T09:45:00,PST,0.0,06,,Z,040,X S VENTURA,0,0,0,0,,,,0,,0,1,begin_coordinates_missing_or_invalid|damage_crops_missing|damage_property_missing|end_coordinates_missing_or_invalid|no_valid_location_points|requires_crosswalk_or_marine_review|timezone_not_normalized_to_utc
5321663,1145144,2002,2002-11-11T04:10:00,2002-11-11T04:10:00,EST,0.0,13,13011,C,011,BANKS,0,0,0,0,,,,0,,0,1,begin_coordinates_missing_or_invalid|county_code_unverified|damage_crops_missing|damage_property_missing|end_coordinates_missing_or_invalid|no_valid_location_points|timezone_not_normalized_to_utc
5321665,1145144,2002,2002-11-11T04:46:00,2002-11-11T04:46:00,EST,0.0,13,13135,C,135,GWINNETT,0,0,0,0,,,,0,,0,1,begin_coordinates_missing_or_invalid|county_code_unverified|damage_crops_missing|damage_property_missing|end_coordinates_missing_or_invalid|no_valid_location_points|timezone_not_normalized_to_utc
5321700,1145363,2002,2002-11-03T16:00:00,2002-11-03T18:00:00,AST,2.0,99,,C,007,PONCE AND VICINITY,0,0,0,0,,,,0,,0,1,begin_coordinates_missing_or_invalid|damage_crops_missing|damage_property_missing|end_coordinates_missing_or_invalid|no_valid_location_points|requires_crosswalk_or_marine_review|timezone_not_normalized_to_utc
5321701,1145363,2002,2002-11-03T16:00:00,2002-11-03T18:00:00,AST,2.0,99,,C,010,MAYAGUEZ AND VICINITY,0,0,0,0,,,,0,,0,1,begin_coordinates_missing_or_invalid|damage_crops_missing|damage_property_missing|end_coordinates_missing_or_invalid|no_valid_location_points|requires_crosswalk_or_marine_review|timezone_not_normalized_to_utc
5321703,1145365,2002,2002-11-13T17:00:00,2002-11-13T18:30:00,AST,1.5,99,,C,008,NORTHWEST,0,0,0,0,,,,0,,0,1,begin_coordinates_missing_or_invalid|damage_crops_missing|damage_property_missing|end_coordinates_missing_or_invalid|no_valid_location_points|requires_crosswalk_or_marine_review|timezone_not_normalized_to_utc
5321704,1145365,2002,2002-11-13T17:00:00,2002-11-13T18:30:00,AST,1.5,99,,C,009,WESTERN INTERIOR,0,0,0,0,,,,0,,0,1,begin_coordinates_missing_or_invalid|damage_crops_missing|damage_property_missing|end_coordinates_missing_or_invalid|no_valid_location_points|requires_crosswalk_or_marine_review|timezone_not_normalized_to_utc
5321706,1145367,2002,2002-11-13T23:00:00,2002-11-14T16:00:00,AST,17.0,99,,Z,010,MAYAGUEZ AND VICINITY,0,0,0,0,65000,,,0,,0,1,begin_coordinates_missing_or_invalid|damage_crops_missing|end_coordinates_missing_or_invalid|no_valid_location_points|requires_crosswalk_or_marine_review|timezone_not_normalized_to_utc
5321707,1145367,2002,2002-11-13T23:00:00,2002-11-14T16:00:00,AST,17.0,99,,Z,008,NORTHWEST,0,0,0,0,35000,,,0,,0,1,begin_coordinates_missing_or_invalid|damage_crops_missing|end_coordinates_missing_or_invalid|no_valid_location_points|requires_crosswalk_or_marine_review|timezone_not_normalized_to_utc
5321708,1145367,2002,2002-11-13T23:00:00,2002-11-14T16:00:00,AST,17.0,99,,Z,009,WESTERN INTERIOR,0,0,0,0,25000,,,0,,0,1,begin_coordinates_missing_or_invalid|damage_crops_missing|end_coordinates_missing_or_invalid|no_valid_location_points|requires_crosswalk_or_marine_review|timezone_not_normalized_to_utc
5321888,1145289,2002,2002-12-20T07:07:00,2002-12-20T10:00:00,PST,2.8833333333333333,06,06073,C,073,SAN DIEGO,0,0,0,0,,,,0,,0,1,begin_coordinates_missing_or_invalid|county_code_unverified|damage_crops_missing|damage_property_missing|end_coordinates_missing_or_invalid|no_valid_location_points|timezone_not_normalized_to_utc
5321889,1145289,2002,2002-12-20T05:47:00,2002-12-20T10:20:00,PST,4.55,06,06071,C,071,SAN BERNARDINO,0,0,0,0,,,,0,,0,1,begin_coordinates_missing_or_invalid|county_code_unverified|damage_crops_missing|damage_property_missing|end_coordinates_missing_or_invalid|no_valid_location_points|timezone_not_normalized_to_utc
5321890,1145289,2002,2002-12-20T06:00:00,2002-12-20T10:30:00,PST,4.5,06,06065,C,065,RIVERSIDE,0,0,0,0,,,,0,,0,1,begin_coordinates_missing_or_invalid|county_code_unverified|damage_crops_missing|damage_property_missing|end_coordinates_missing_or_invalid|no_valid_location_points|timezone_not_normalized_to_utc
5321892,1145290,2002,2002-12-16T15:06:00,2002-12-16T17:08:00,PST,2.033333333333333,06,06059,C,059,ORANGE,0,0,0,0,150000,,,0,,0,1,begin_coordinates_missing_or_invalid|county_code_unverified|damage_crops_missing|end_coordinates_missing_or_invalid|no_valid_location_points|timezone_not_normalized_to_utc
5321893,1145290,2002,2002-12-16T17:30:00,2002-12-16T22:30:00,PST,5.0,06,06073,C,073,SAN DIEGO,2,0,3,0,60000,,,3,,0,1,begin_coordinates_missing_or_invalid|county_code_unverified|damage_crops_missing|end_coordinates_missing_or_invalid|no_valid_location_points|timezone_not_normalized_to_utc
5321894,1145290,2002,2002-12-16T13:30:00,2002-12-16T19:00:00,PST,5.5,06,06071,C,071,SAN BERNARDINO,0,0,0,0,500000,,,0,,0,1,begin_coordinates_missing_or_invalid|county_code_unverified|damage_crops_missing|end_coordinates_missing_or_invalid|no_valid_location_points|timezone_not_normalized_to_utc
5321895,1145290,2002,2002-12-16T15:30:00,2002-12-16T19:00:00,PST,3.5,06,06065,C,065,RIVERSIDE,0,0,0,0,150000,,,0,,0,1,begin_coordinates_missing_or_invalid|county_code_unverified|damage_crops_missing|end_coordinates_missing_or_invalid|no_valid_location_points|timezone_not_normalized_to_utc
5322152,1145144,2002,2002-11-11T05:45:00,2002-11-11T05:45:00,EST,0.0,13,13217,C,217,NEWTON,0,0,0,0,,,,0,,0,1,begin_coordinates_missing_or_invalid|county_code_unverified|damage_crops_missing|damage_property_missing|end_coordinates_missing_or_invalid|no_valid_location_points|timezone_not_normalized_to_utc
5322170,1145148,2002,2002-11-09T16:00:00,2002-11-09T17:30:00,MST,1.5,08,08083,C,083,MONTEZUMA,0,0,0,0,,,,0,,0,1,begin_coordinates_missing_or_invalid|county_code_unverified|damage_crops_missing|damage_property_missing|end_coordinates_missing_or_invalid|no_valid_location_points|timezone_not_normalized_to_utc
5322434,1145175,2002,2002-11-19T14:05:00,2002-11-20T06:00:00,AST,15.916666666666666,02,,Z,223,DELTANA AND TANANA,0,0,0,0,,,,0,,0,1,begin_coordinates_missing_or_invalid|damage_crops_missing|damage_property_missing|end_coordinates_missing_or_invalid|no_valid_location_points|requires_crosswalk_or_marine_review|timezone_not_normalized_to_utc
5322764,1144613,2002,2002-11-08T12:00:00,2002-11-10T16:30:00,PST,52.5,06,06071,C,071,SAN BERNARDINO,3,0,0,0,200000,,,0,,0,1,begin_coordinates_missing_or_invalid|county_code_unverified|damage_crops_missing|end_coordinates_missing_or_invalid|no_valid_location_points|timezone_not_normalized_to_utc
5322769,1144735,2002,2002-12-24T13:35:00,2002-12-24T16:00:00,EST,2.4166666666666665,12,12019,C,019,CLAY,0,0,0,0,,,,0,,0,1,begin_coordinates_missing_or_invalid|county_code_unverified|damage_crops_missing|damage_property_missing|end_coordinates_missing_or_invalid|no_valid_location_points|timezone_not_normalized_to_utc
5322807,1144613,2002,2002-11-08T09:00:00,2002-11-09T20:01:00,PST,35.016666666666666,06,06059,C,059,ORANGE,0,0,0,0,150000,,,0,,0,1,begin_coordinates_missing_or_invalid|county_code_unverified|damage_crops_missing|end_coordinates_missing_or_invalid|no_valid_location_points|timezone_not_normalized_to_utc
5322829,1144620,2002,2002-11-29T16:13:00,2002-11-29T16:22:00,PST,0.15,06,06073,C,073,SAN DIEGO,0,0,0,0,,,,0,,0,1,begin_coordinates_missing_or_invalid|county_code_unverified|damage_crops_missing|damage_property_missing|end_coordinates_missing_or_invalid|no_valid_location_points|timezone_not_normalized_to_utc
5322830,1144620,2002,2002-11-29T18:09:00,2002-11-29T19:53:00,PST,1.7333333333333334,06,06073,C,073,SAN DIEGO,0,0,0,0,300000,,,0,,0,1,begin_coordinates_missing_or_invalid|county_code_unverified|damage_crops_missing|end_coordinates_missing_or_invalid|no_valid_location_points|timezone_not_normalized_to_utc
5322832,1144620,2002,2002-11-29T18:32:00,2002-11-29T19:26:00,PST,0.9,06,06073,C,073,SAN DIEGO,0,0,0,0,150000,,,0,,0,1,begin_coordinates_missing_or_invalid|county_code_unverified|damage_crops_missing|end_coordinates_missing_or_invalid|no_valid_location_points|timezone_not_normalized_to_utc
5322833,1144620,2002,2002-11-29T20:06:00,2002-11-29T20:46:00,PST,0.6666666666666666,06,06065,C,065,RIVERSIDE,0,0,0,0,,,,0,,0,1,begin_coordinates_missing_or_invalid|county_code_unverified|damage_crops_missing|damage_property_missing|end_coordinates_missing_or_invalid|no_valid_location_points|timezone_not_normalized_to_utc
5322834,1144621,2002,2002-11-30T16:13:00,2002-11-30T16:22:00,PST,0.15,06,06071,C,071,SAN BERNARDINO,0,0,0,0,,,,0,,0,1,begin_coordinates_missing_or_invalid|county_code_unverified|damage_crops_missing|damage_property_missing|end_coordinates_missing_or_invalid|no_valid_location_points|timezone_not_normalized_to_utc
5322836,1144622,2002,2002-11-29T15:55:00,2002-11-29T16:12:00,PST,0.2833333333333333,06,06073,C,073,SAN DIEGO,0,0,0,0,,,,0,,0,1,begin_coordinates_missing_or_invalid|county_code_unverified|damage_crops_missing|damage_property_missing|end_coordinates_missing_or_invalid|no_valid_location_points|timezone_not_normalized_to_utc
5322974,1144637,2002,2002-11-10T18:21:00,2002-11-10T20:00:00,EST,1.65,18,,Z,074,DEARBORN,0,0,0,0,,,,0,,0,1,begin_coordinates_missing_or_invalid|damage_crops_missing|damage_property_missing|end_coordinates_missing_or_invalid|no_valid_location_points|requires_crosswalk_or_marine_review|timezone_not_normalized_to_utc
5322975,1144637,2002,2002-11-10T20:00:00,2002-11-10T20:25:00,EST,0.4166666666666667,18,,Z,075,OHIO,0,0,0,0,,,,0,,0,1,begin_coordinates_missing_or_invalid|damage_crops_missing|damage_property_missing|end_coordinates_missing_or_invalid|no_valid_location_points|requires_crosswalk_or_marine_review|timezone_not_normalized_to_utc
5322976,1144637,2002,2002-11-10T19:30:00,2002-11-10T20:25:00,EST,0.9166666666666666,18,,Z,080,SWITZERLAND,0,0,0,0,,,,0,,0,1,begin_coordinates_missing_or_invalid|damage_crops_missing|damage_property_missing|end_coordinates_missing_or_invalid|no_valid_location_points|requires_crosswalk_or_marine_review|timezone_not_normalized_to_utc
5322989,1144638,2002,2002-11-10T20:00:00,2002-11-10T20:25:00,EST,0.4166666666666667,21,,Z,093,CAMPBELL,0,0,0,0,,,,0,,0,1,begin_coordinates_missing_or_invalid|damage_crops_missing|damage_property_missing|end_coordinates_missing_or_invalid|no_valid_location_points|requires_crosswalk_or_marine_review|timezone_not_normalized_to_utc
5323033,1144638,2002,2002-11-10T19:10:00,2002-11-10T20:15:00,EST,1.0833333333333333,21,,Z,092,KENTON,0,0,0,0,,,,0,,0,1,begin_coordinates_missing_or_invalid|damage_crops_missing|damage_property_missing|end_coordinates_missing_or_invalid|no_valid_location_points|requires_crosswalk_or_marine_review|timezone_not_normalized_to_utc
5323089,1145001,2002,2002-11-12T13:00:00,2002-11-13T11:00:00,CST,22.0,21,,Z,021,MUHLENBERG,0,0,0,0,,,,0,,0,1,begin_coordinates_missing_or_invalid|damage_crops_missing|damage_property_missing|end_coordinates_missing_or_invalid|no_valid_location_points|requires_crosswalk_or_marine_review|timezone_not_normalized_to_utc
5323128,1144639,2002,2002-11-10T19:00:00,2002-11-10T19:50:00,EST,0.8333333333333334,39,,Z,060,PREBLE,0,0,0,0,,,,0,,0,1,begin_coordinates_missing_or_invalid|damage_crops_missing|damage_property_missing|end_coordinates_missing_or_invalid|no_valid_location_points|requires_crosswalk_or_marine_review|timezone_not_normalized_to_utc
5323129,1144639,2002,2002-11-10T19:00:00,2002-11-10T20:00:00,EST,1.0,39,,Z,051,MIAMI,0,0,0,0,,,,0,,0,1,begin_coordinates_missing_or_invalid|damage_crops_missing|damage_property_missing|end_coordinates_missing_or_invalid|no_valid_location_points|requires_crosswalk_or_marine_review|timezone_not_normalized_to_utc
5323195,1144639,2002,2002-11-10T18:00:00,2002-11-10T19:30:00,EST,1.5,39,,Z,061,MONTGOMERY,0,0,0,0,,,,0,,0,1,begin_coordinates_missing_or_invalid|damage_crops_missing|damage_property_missing|end_coordinates_missing_or_invalid|no_valid_location_points|requires_crosswalk_or_marine_review|timezone_not_normalized_to_utc
5323196,1144639,2002,2002-11-10T19:15:00,2002-11-10T20:00:00,EST,0.75,39,,Z,070,BUTLER,0,0,0,0,,,,0,,0,1,begin_coordinates_missing_or_invalid|damage_crops_missing|damage_property_missing|end_coordinates_missing_or_invalid|no_valid_location_points|requires_crosswalk_or_marine_review|timezone_not_normalized_to_utc
5323197,1144639,2002,2002-11-10T20:00:00,2002-11-10T20:30:00,EST,0.5,39,,Z,055,FRANKLIN,0,0,0,0,,,,0,,0,1,begin_coordinates_missing_or_invalid|damage_crops_missing|damage_property_missing|end_coordinates_missing_or_invalid|no_valid_location_points|requires_crosswalk_or_marine_review|timezone_not_normalized_to_utc
5323198,1144639,2002,2002-11-10T20:00:00,2002-11-10T20:30:00,EST,0.5,39,,Z,052,CHAMPAIGN,0,0,0,0,,,,0,,0,1,begin_coordinates_missing_or_invalid|damage_crops_missing|damage_property_missing|end_coordinates_missing_or_invalid|no_valid_location_points|requires_crosswalk_or_marine_review|timezone_not_normalized_to_utc
5323199,1144639,2002,2002-11-10T20:00:00,2002-11-10T20:30:00,EST,0.5,39,,Z,053,CLARK,0,0,0,0,,,,0,,0,1,begin_coordinates_missing_or_invalid|damage_crops_missing|damage_property_missing|end_coordinates_missing_or_invalid|no_valid_location_points|requires_crosswalk_or_marine_review|timezone_not_normalized_to_utc
5323200,1144639,2002,2002-11-10T20:15:00,2002-11-10T20:40:00,EST,0.4166666666666667,39,,Z,062,GREENE,0,0,0,0,,,,0,,0,1,begin_coordinates_missing_or_invalid|damage_crops_missing|damage_property_missing|end_coordinates_missing_or_invalid|no_valid_location_points|requires_crosswalk_or_marine_review|timezone_not_normalized_to_utc
5323201,1144639,2002,2002-11-10T20:00:00,2002-11-10T20:30:00,EST,0.5,39,,Z,071,WARREN,0,0,0,0,,,,0,,0,1,begin_coordinates_missing_or_invalid|damage_crops_missing|damage_property_missing|end_coordinates_missing_or_invalid|no_valid_location_points|requires_crosswalk_or_marine_review|timezone_not_normalized_to_utc
5323202,1144639,2002,2002-11-10T20:15:00,2002-11-10T20:45:00,EST,0.5,39,,Z,078,CLERMONT,0,0,0,0,,,,0,,0,1,begin_coordinates_missing_or_invalid|damage_crops_missing|damage_property_missing|end_coordinates_missing_or_invalid|no_valid_location_points|requires_crosswalk_or_marine_review|timezone_not_normalized_to_utc
5323203,1144639,2002,2002-11-10T19:30:00,2002-11-10T20:30:00,EST,1.0,39,,Z,072,CLINTON,0,0,0,0,,,,0,,0,1,begin_coordinates_missing_or_invalid|damage_crops_missing|damage_property_missing|end_coordinates_missing_or_invalid|no_valid_location_points|requires_crosswalk_or_marine_review|timezone_not_normalized_to_utc
5323257,1144639,2002,2002-11-10T19:15:00,2002-11-10T20:15:00,EST,1.0,39,,Z,077,HAMILTON,0,0,0,0,,,,0,,0,1,begin_coordinates_missing_or_invalid|damage_crops_missing|damage_property_missing|end_coordinates_missing_or_invalid|no_valid_location_points|requires_crosswalk_or_marine_review|timezone_not_normalized_to_utc
5323259,1144641,2002,2002-11-04T04:57:00,2002-11-06T16:00:00,CST,59.05,48,,Z,225,LAVACA,0,0,0,0,,,,0,,0,1,begin_coordinates_missing_or_invalid|damage_crops_missing|damage_property_missing|end_coordinates_missing_or_invalid|no_valid_location_points|requires_crosswalk_or_marine_review|timezone_not_normalized_to_utc
5323336,1144644,2002,2002-11-04T18:01:00,2002-11-06T00:25:00,CST,30.4,48,,Z,208,CALDWELL,0,0,0,0,,,,0,,0,1,begin_coordinates_missing_or_invalid|damage_crops_missing|damage_property_missing|end_coordinates_missing_or_invalid|no_valid_location_points|requires_crosswalk_or_marine_review|timezone_not_normalized_to_utc
5323337,1144645,2002,2002-11-04T19:40:00,2002-11-06T17:11:00,CST,45.516666666666666,48,,Z,223,GONZALES,0,0,0,0,,,,0,,0,1,begin_coordinates_missing_or_invalid|damage_crops_missing|damage_property_missing|end_coordinates_missing_or_invalid|no_valid_location_points|requires_crosswalk_or_marine_review|timezone_not_normalized_to_utc
5323338,1144646,2002,2002-11-04T21:48:00,2002-11-06T17:01:00,CST,43.21666666666667,48,,Z,222,KARNES,0,0,0,0,,,,0,,0,1,begin_coordinates_missing_or_invalid|damage_crops_missing|damage_property_missing|end_coordinates_missing_or_invalid|no_valid_location_points|requires_crosswalk_or_marine_review|timezone_not_normalized_to_utc
5323339,1144647,2002,2002-11-04T21:57:00,2002-11-09T05:45:00,CST,103.8,48,,Z,225,LAVACA,0,0,0,0,,,,0,,0,1,begin_coordinates_missing_or_invalid|damage_crops_missing|damage_property_missing|end_coordinates_missing_or_invalid|no_valid_location_points|requires_crosswalk_or_marine_review|timezone_not_normalized_to_utc
5323340,1144648,2002,2002-11-05T06:02:00,2002-11-06T18:15:00,CST,36.21666666666667,48,,Z,209,FAYETTE,0,0,0,0,,,,0,,0,1,begin_coordinates_missing_or_invalid|damage_crops_missing|damage_property_missing|end_coordinates_missing_or_invalid|no_valid_location_points|requires_crosswalk_or_marine_review|timezone_not_normalized_to_utc
5323341,1144649,2002,2002-11-05T06:36:00,2002-11-07T06:00:00,CST,47.4,48,,Z,225,LAVACA,0,0,0,0,,,,0,,0,1,begin_coordinates_missing_or_invalid|damage_crops_missing|damage_property_missing|end_coordinates_missing_or_invalid|no_valid_location_points|requires_crosswalk_or_marine_review|timezone_not_normalized_to_utc
5323342,1144650,2002,2002-11-05T07:05:00,2002-11-10T06:09:00,CST,119.06666666666666,48,,Z,223,GONZALES,0,0,0,0,,,,0,,0,1,begin_coordinates_missing_or_invalid|damage_crops_missing|damage_property_missing|end_coordinates_missing_or_invalid|no_valid_location_points|requires_crosswalk_or_marine_review|timezone_not_normalized_to_utc
5323343,1144651,2002,2002-11-05T11:10:00,2002-11-07T22:24:00,CST,59.233333333333334,48,,Z,224,DE WITT,0,0,0,0,,,,0,,0,1,begin_coordinates_missing_or_invalid|damage_crops_missing|damage_property_missing|end_coordinates_missing_or_invalid|no_valid_location_points|requires_crosswalk_or_marine_review|timezone_not_normalized_to_utc
5323344,1144652,2002,2002-11-05T12:00:00,2002-11-07T12:00:00,CST,48.0,48,,Z,225,LAVACA,0,0,0,0,,,,0,,0,1,begin_coordinates_missing_or_invalid|damage_crops_missing|damage_property_missing|end_coordinates_missing_or_invalid|no_valid_location_points|requires_crosswalk_or_marine_review|timezone_not_normalized_to_utc
5323395,1144551,2002,2002-11-15T10:00:00,2002-11-15T13:00:00,SST,3.0,97,,C,002,TUTUILA,0,0,0,0,,,,0,,0,1,begin_coordinates_missing_or_invalid|damage_crops_missing|damage_property_missing|end_coordinates_missing_or_invalid|no_valid_location_points|requires_crosswalk_or_marine_review|timezone_not_normalized_to_utc
5323486,1145023,2002,2002-11-05T07:00:00,2002-11-05T10:00:00,EST,3.0,34,,Z,024,EASTERN CAPE MAY,0,0,0,0,,0,,0,,0,1,begin_coordinates_missing_or_invalid|damage_property_missing|end_coordinates_missing_or_invalid|no_valid_location_points|requires_crosswalk_or_marine_review|timezone_not_normalized_to_utc
5323487,1145023,2002,2002-11-05T07:00:00,2002-11-05T10:00:00,EST,3.0,34,,Z,014,EASTERN MONMOUTH,0,0,0,0,,0,,0,,0,1,begin_coordinates_missing_or_invalid|damage_property_missing|end_coordinates_missing_or_invalid|no_valid_location_points|requires_crosswalk_or_marine_review|timezone_not_normalized_to_utc
5323488,1145023,2002,2002-11-06T07:00:00,2002-11-06T11:00:00,EST,4.0,34,,Z,025,EASTERN ATLANTIC,0,0,0,0,,0,,0,,0,1,begin_coordinates_missing_or_invalid|damage_property_missing|end_coordinates_missing_or_invalid|no_valid_location_points|requires_crosswalk_or_marine_review|timezone_not_normalized_to_utc
5323489,1145023,2002,2002-11-06T07:00:00,2002-11-06T11:00:00,EST,4.0,34,,Z,024,EASTERN CAPE MAY,0,0,0,0,,0,,0,,0,1,begin_coordinates_missing_or_invalid|damage_property_missing|end_coordinates_missing_or_invalid|no_valid_location_points|requires_crosswalk_or_marine_review|timezone_not_normalized_to_utc
5323490,1145023,2002,2002-11-06T07:00:00,2002-11-06T11:00:00,EST,4.0,34,,Z,014,EASTERN MONMOUTH,0,0,0,0,,0,,0,,0,1,begin_coordinates_missing_or_invalid|damage_property_missing|end_coordinates_missing_or_invalid|no_valid_location_points|requires_crosswalk_or_marine_review|timezone_not_normalized_to_utc
5323491,1145023,2002,2002-11-06T07:00:00,2002-11-06T11:00:00,EST,4.0,34,,Z,026,EASTERN OCEAN,0,0,0,0,,0,,0,,0,1,begin_coordinates_missing_or_invalid|damage_property_missing|end_coordinates_missing_or_invalid|no_valid_location_points|requires_crosswalk_or_marine_review|timezone_not_normalized_to_utc
5323492,1145023,2002,2002-11-06T07:00:00,2002-11-06T11:00:00,EST,4.0,34,,Z,012,MIDDLESEX,0,0,0,0,,0,,0,,0,1,begin_coordinates_missing_or_invalid|damage_property_missing|end_coordinates_missing_or_invalid|no_valid_location_points|requires_crosswalk_or_marine_review|timezone_not_normalized_to_utc
5323493,1145023,2002,2002-11-06T07:00:00,2002-11-06T11:00:00,EST,4.0,34,,Z,023,WESTERN CAPE MAY,0,0,0,0,,0,,0,,0,1,begin_coordinates_missing_or_invalid|damage_property_missing|end_coordinates_missing_or_invalid|no_valid_location_points|requires_crosswalk_or_marine_review|timezone_not_normalized_to_utc
5323494,1145023,2002,2002-11-06T07:00:00,2002-11-06T11:00:00,EST,4.0,34,,Z,013,WESTERN MONMOUTH,0,0,0,0,,0,,0,,0,1,begin_coordinates_missing_or_invalid|damage_property_missing|end_coordinates_missing_or_invalid|no_valid_location_points|requires_crosswalk_or_marine_review|timezone_not_normalized_to_utc
5323587,1145027,2002,2002-11-17T04:00:00,2002-11-17T08:00:00,EST,4.0,34,,Z,025,EASTERN ATLANTIC,0,0,0,0,,0,,0,,0,1,begin_coordinates_missing_or_invalid|damage_property_missing|end_coordinates_missing_or_invalid|no_valid_location_points|requires_crosswalk_or_marine_review|timezone_not_normalized_to_utc
5323588,1145027,2002,2002-11-17T04:00:00,2002-11-17T08:00:00,EST,4.0,34,,Z,024,EASTERN CAPE MAY,0,0,0,0,,0,,0,,0,1,begin_coordinates_missing_or_invalid|damage_property_missing|end_coordinates_missing_or_invalid|no_valid_location_points|requires_crosswalk_or_marine_review|timezone_not_normalized_to_utc
5323589,1145027,2002,2002-11-17T04:00:00,2002-11-17T08:00:00,EST,4.0,34,,Z,014,EASTERN MONMOUTH,0,0,0,0,,0,,0,,0,1,begin_coordinates_missing_or_invalid|damage_property_missing|end_coordinates_missing_or_invalid|no_valid_location_points|requires_crosswalk_or_marine_review|timezone_not_normalized_to_utc
5323590,1145027,2002,2002-11-17T04:00:00,2002-11-17T08:00:00,EST,4.0,34,,Z,026,EASTERN OCEAN,0,0,0,0,,0,,0,,0,1,begin_coordinates_missing_or_invalid|damage_property_missing|end_coordinates_missing_or_invalid|no_valid_location_points|requires_crosswalk_or_marine_review|timezone_not_normalized_to_utc
5323591,1145027,2002,2002-11-17T04:00:00,2002-11-17T08:00:00,EST,4.0,34,,Z,023,WESTERN CAPE MAY,0,0,0,0,,0,,0,,0,1,begin_coordinates_missing_or_invalid|damage_property_missing|end_coordinates_missing_or_invalid|no_valid_location_points|requires_crosswalk_or_marine_review|timezone_not_normalized_to_utc
5323592,1145027,2002,2002-11-17T04:00:00,2002-11-17T08:00:00,EST,4.0,34,,Z,020,WESTERN OCEAN,0,0,0,0,,0,,0,,0,1,begin_coordinates_missing_or_invalid|damage_property_missing|end_coordinates_missing_or_invalid|no_valid_location_points|requires_crosswalk_or_marine_review|timezone_not_normalized_to_utc
5323858,1145058,2002,2002-11-16T07:00:00,2002-11-16T18:00:00,EST,11.0,12,12081,C,081,MANATEE,0,0,0,0,,,,0,,0,1,begin_coordinates_missing_or_invalid|county_code_unverified|damage_crops_missing|damage_property_missing|end_coordinates_missing_or_invalid|no_valid_location_points|timezone_not_normalized_to_utc
5323859,1145059,2002,2002-11-16T11:00:00,2002-11-16T15:00:00,EST,4.0,12,12049,C,049,HARDEE,0,0,0,0,,,,0,,0,1,begin_coordinates_missing_or_invalid|county_code_unverified|damage_crops_missing|damage_property_missing|end_coordinates_missing_or_invalid|no_valid_location_points|timezone_not_normalized_to_utc
5323860,1145059,2002,2002-11-16T11:00:00,2002-11-16T15:00:00,EST,4.0,12,12055,C,055,HIGHLANDS,0,0,0,0,,,,0,,0,1,begin_coordinates_missing_or_invalid|county_code_unverified|damage_crops_missing|damage_property_missing|end_coordinates_missing_or_invalid|no_valid_location_points|timezone_not_normalized_to_utc
5323948,1146575,2002,2002-03-26T17:52:00,2002-03-27T00:45:00,EST,6.883333333333334,42,,Z,012,NORTHERN CLINTON,0,0,0,0,,,,0,,0,1,begin_coordinates_missing_or_invalid|damage_crops_missing|damage_property_missing|end_coordinates_missing_or_invalid|no_valid_location_points|requires_crosswalk_or_marine_review|timezone_not_normalized_to_utc
5323949,1146575,2002,2002-03-26T17:52:00,2002-03-27T00:45:00,EST,6.883333333333334,42,,Z,041,NORTHERN LYCOMING,0,0,0,0,,,,0,,0,1,begin_coordinates_missing_or_invalid|damage_crops_missing|damage_property_missing|end_coordinates_missing_or_invalid|no_valid_location_points|requires_crosswalk_or_marine_review|timezone_not_normalized_to_utc
5323950,1146575,2002,2002-03-26T17:52:00,2002-03-27T00:45:00,EST,6.883333333333334,42,,Z,045,SOUTHERN CLINTON,0,0,0,0,,,,0,,0,1,begin_coordinates_missing_or_invalid|damage_crops_missing|damage_property_missing|end_coordinates_missing_or_invalid|no_valid_location_points|requires_crosswalk_or_marine_review|timezone_not_normalized_to_utc
5323951,1146575,2002,2002-03-26T17:52:00,2002-03-27T00:45:00,EST,6.883333333333334,42,,Z,046,SOUTHERN LYCOMING,0,0,0,0,,,,0,,0,1,begin_coordinates_missing_or_invalid|damage_crops_missing|damage_property_missing|end_coordinates_missing_or_invalid|no_valid_location_points|requires_crosswalk_or_marine_review|timezone_not_normalized_to_utc
5323952,1146576,2002,2002-05-13T21:00:00,2002-05-13T22:00:00,EST,1.0,42,,Z,012,NORTHERN CLINTON,0,0,0,0,,,,0,,0,1,begin_coordinates_missing_or_invalid|damage_crops_missing|damage_property_missing|end_coordinates_missing_or_invalid|no_valid_location_points|requires_crosswalk_or_marine_review|timezone_not_normalized_to_utc
5323953,1146576,2002,2002-05-13T21:00:00,2002-05-13T22:00:00,EST,1.0,42,,Z,045,SOUTHERN CLINTON,0,0,0,0,,,,0,,0,1,begin_coordinates_missing_or_invalid|damage_crops_missing|damage_property_missing|end_coordinates_missing_or_invalid|no_valid_location_points|requires_crosswalk_or_marine_review|timezone_not_normalized_to_utc
5323965,1146167,2002,2002-12-18T22:00:00,2002-12-19T17:00:00,CST,19.0,21,21039,C,039,CARLISLE,0,0,0,0,,,,0,,0,1,begin_coordinates_missing_or_invalid|county_code_unverified|damage_crops_missing|damage_property_missing|end_coordinates_missing_or_invalid|no_valid_location_points|timezone_not_normalized_to_utc
5323966,1146167,2002,2002-12-18T22:00:00,2002-12-19T17:00:00,CST,19.0,21,21059,C,059,DAVIESS,0,0,0,0,,,,0,,0,1,begin_coordinates_missing_or_invalid|county_code_unverified|damage_crops_missing|damage_property_missing|end_coordinates_missing_or_invalid|no_valid_location_points|timezone_not_normalized_to_utc
5323967,1146167,2002,2002-12-18T22:00:00,2002-12-19T17:00:00,CST,19.0,21,21075,C,075,FULTON,0,0,0,0,,,,0,,0,1,begin_coordinates_missing_or_invalid|county_code_unverified|damage_crops_missing|damage_property_missing|end_coordinates_missing_or_invalid|no_valid_location_points|timezone_not_normalized_to_utc
5323968,1146167,2002,2002-12-18T22:00:00,2002-12-19T17:00:00,CST,19.0,21,21083,C,083,GRAVES,0,0,0,0,,,,0,,0,1,begin_coordinates_missing_or_invalid|county_code_unverified|damage_crops_missing|damage_property_missing|end_coordinates_missing_or_invalid|no_valid_location_points|timezone_not_normalized_to_utc
5323969,1146167,2002,2002-12-18T22:00:00,2002-12-19T17:00:00,CST,19.0,21,21105,C,105,HICKMAN,0,0,0,0,,,,0,,0,1,begin_coordinates_missing_or_invalid|county_code_unverified|damage_crops_missing|damage_property_missing|end_coordinates_missing_or_invalid|no_valid_location_points|timezone_not_normalized_to_utc
5323970,1146167,2002,2002-12-18T22:00:00,2002-12-19T17:00:00,CST,19.0,21,21145,C,145,MCCRACKEN,0,0,0,0,,,,0,,0,1,begin_coordinates_missing_or_invalid|county_code_unverified|damage_crops_missing|damage_property_missing|end_coordinates_missing_or_invalid|no_valid_location_points|timezone_not_normalized_to_utc
5323971,1146168,2002,2002-12-18T19:45:00,2002-12-19T08:00:00,CST,12.25,29,29017,C,017,BOLLINGER,0,0,0,0,,,,0,,0,1,begin_coordinates_missing_or_invalid|county_code_unverified|damage_crops_missing|damage_property_missing|end_coordinates_missing_or_invalid|no_valid_location_points|timezone_not_normalized_to_utc
5323972,1146168,2002,2002-12-18T19:45:00,2002-12-19T08:00:00,CST,12.25,29,29031,C,031,CAPE GIRARDEAU,0,0,0,0,6000,,,0,,0,1,begin_coordinates_missing_or_invalid|county_code_unverified|damage_crops_missing|end_coordinates_missing_or_invalid|no_valid_location_points|timezone_not_normalized_to_utc
5323973,1146168,2002,2002-12-18T19:45:00,2002-12-19T08:00:00,CST,12.25,29,29133,C,133,MISSISSIPPI,0,0,0,0,,,,0,,0,1,begin_coordinates_missing_or_invalid|county_code_unverified|damage_crops_missing|damage_property_missing|end_coordinates_missing_or_invalid|no_valid_location_points|timezone_not_normalized_to_utc
5323974,1146168,2002,2002-12-18T19:45:00,2002-12-19T08:00:00,CST,12.25,29,29143,C,143,NEW MADRID,0,0,0,0,,,,0,,0,1,begin_coordinates_missing_or_invalid|county_code_unverified|damage_crops_missing|damage_property_missing|end_coordinates_missing_or_invalid|no_valid_location_points|timezone_not_normalized_to_utc
5323975,1146168,2002,2002-12-18T19:45:00,2002-12-19T08:00:00,CST,12.25,29,29157,C,157,PERRY,0,0,0,0,,,,0,,0,1,begin_coordinates_missing_or_invalid|county_code_unverified|damage_crops_missing|damage_property_missing|end_coordinates_missing_or_invalid|no_valid_location_points|timezone_not_normalized_to_utc
5323976,1146168,2002,2002-12-18T19:45:00,2002-12-19T08:00:00,CST,12.25,29,29201,C,201,SCOTT,0,0,0,0,,,,0,,0,1,begin_coordinates_missing_or_invalid|county_code_unverified|damage_crops_missing|damage_property_missing|end_coordinates_missing_or_invalid|no_valid_location_points|timezone_not_normalized_to_utc
5323977,1146168,2002,2002-12-18T19:45:00,2002-12-19T08:00:00,CST,12.25,29,29207,C,207,STODDARD,0,0,0,0,,,,0,,0,1,begin_coordinates_missing_or_invalid|county_code_unverified|damage_crops_missing|damage_property_missing|end_coordinates_missing_or_invalid|no_valid_location_points|timezone_not_normalized_to_utc
5323978,1146169,2002,2002-12-18T20:00:00,2002-12-19T02:00:00,CST,6.0,17,17003,C,003,ALEXANDER,0,0,0,0,,,,0,,0,1,begin_coordinates_missing_or_invalid|county_code_unverified|damage_crops_missing|damage_property_missing|end_coordinates_missing_or_invalid|no_valid_location_points|timezone_not_normalized_to_utc
5323979,1146169,2002,2002-12-18T20:00:00,2002-12-19T02:00:00,CST,6.0,17,17145,C,145,PERRY,0,0,0,0,,,,0,,0,1,begin_coordinates_missing_or_invalid|county_code_unverified|damage_crops_missing|damage_property_missing|end_coordinates_missing_or_invalid|no_valid_location_points|timezone_not_normalized_to_utc
5323980,1146169,2002,2002-12-18T20:00:00,2002-12-19T03:00:00,CST,7.0,17,17165,C,165,SALINE,0,0,0,0,,,,0,,0,1,begin_coordinates_missing_or_invalid|county_code_unverified|damage_crops_missing|damage_property_missing|end_coordinates_missing_or_invalid|no_valid_location_points|timezone_not_normalized_to_utc
5324009,1146294,2002,2002-12-20T04:30:00,2002-12-20T07:30:00,EST,3.0,18,,Z,079,JEFFERSON,0,0,0,0,,,,0,,0,1,begin_coordinates_missing_or_invalid|damage_crops_missing|damage_property_missing|end_coordinates_missing_or_invalid|no_valid_location_points|requires_crosswalk_or_marine_review|timezone_not_normalized_to_utc
5324010,1146295,2002,2002-12-20T01:10:00,2002-12-21T15:30:00,EST,38.333333333333336,21,,Z,026,OHIO,0,0,0,0,,,,0,,0,1,begin_coordinates_missing_or_invalid|damage_crops_missing|damage_property_missing|end_coordinates_missing_or_invalid|no_valid_location_points|requires_crosswalk_or_marine_review|timezone_not_normalized_to_utc
5324011,1146296,2002,2002-12-21T07:00:00,2002-12-21T07:00:00,EST,0.0,21,,Z,061,BUTLER,0,0,0,0,,,,0,,0,1,begin_coordinates_missing_or_invalid|damage_crops_missing|damage_property_missing|end_coordinates_missing_or_invalid|no_valid_location_points|requires_crosswalk_or_marine_review|timezone_not_normalized_to_utc
5324529,1146292,2002,2002-12-19T21:40:00,2002-12-20T03:00:00,EST,5.333333333333333,18,,Z,090,HARRISON,0,0,0,0,,,,0,,0,1,begin_coordinates_missing_or_invalid|damage_crops_missing|damage_property_missing|end_coordinates_missing_or_invalid|no_valid_location_points|requires_crosswalk_or_marine_review|timezone_not_normalized_to_utc
5324530,1146292,2002,2002-12-19T21:40:00,2002-12-20T03:00:00,EST,5.333333333333333,18,,Z,091,FLOYD,0,0,0,0,,,,0,,0,1,begin_coordinates_missing_or_invalid|damage_crops_missing|damage_property_missing|end_coordinates_missing_or_invalid|no_valid_location_points|requires_crosswalk_or_marine_review|timezone_not_normalized_to_utc
5324532,1146293,2002,2002-12-19T21:40:00,2002-12-20T03:00:00,EST,5.333333333333333,21,,Z,026,OHIO,0,0,0,0,,,,0,,0,1,begin_coordinates_missing_or_invalid|damage_crops_missing|damage_property_missing|end_coordinates_missing_or_invalid|no_valid_location_points|requires_crosswalk_or_marine_review|timezone_not_normalized_to_utc
5324672,1146372,2002,2002-12-19T20:00:00,2002-12-20T00:00:00,PST,4.0,06,,Z,090,E CENTRAL S.J. VALLEY,0,0,0,0,,,,0,,0,1,begin_coordinates_missing_or_invalid|damage_crops_missing|damage_property_missing|end_coordinates_missing_or_invalid|no_valid_location_points|requires_crosswalk_or_marine_review|timezone_not_normalized_to_utc
5324673,1146372,2002,2002-12-19T20:00:00,2002-12-20T00:00:00,PST,4.0,06,,Z,089,W CENTRAL S.J. VALLEY,0,0,0,0,,,,0,,0,1,begin_coordinates_missing_or_invalid|damage_crops_missing|damage_property_missing|end_coordinates_missing_or_invalid|no_valid_location_points|requires_crosswalk_or_marine_review|timezone_not_normalized_to_utc
5324800,1146105,2002,2002-12-27T09:00:00,2002-12-27T15:00:00,EST,6.0,36,,Z,053,WESTERN RENSSELAER,0,0,0,0,1000,,,0,,0,1,begin_coordinates_missing_or_invalid|damage_crops_missing|end_coordinates_missing_or_invalid|no_valid_location_points|requires_crosswalk_or_marine_review|timezone_not_normalized_to_utc
5325142,1146293,2002,2002-12-19T21:40:00,2002-12-20T03:00:00,EST,5.333333333333333,21,,Z,024,BRECKINRIDGE,0,0,0,0,,,,0,,0,1,begin_coordinates_missing_or_invalid|damage_crops_missing|damage_property_missing|end_coordinates_missing_or_invalid|no_valid_location_points|requires_crosswalk_or_marine_review|timezone_not_normalized_to_utc
5325145,1146293,2002,2002-12-19T21:40:00,2002-12-20T03:00:00,EST,5.333333333333333,21,,Z,030,JEFFERSON,0,0,0,0,,,,0,,0,1,begin_coordinates_missing_or_invalid|damage_crops_missing|damage_property_missing|end_coordinates_missing_or_invalid|no_valid_location_points|requires_crosswalk_or_marine_review|timezone_not_normalized_to_utc
5325147,1146293,2002,2002-12-19T21:40:00,2002-12-20T03:00:00,EST,5.333333333333333,21,,Z,031,OLDHAM,0,0,0,0,,,,0,,0,1,begin_coordinates_missing_or_invalid|damage_crops_missing|damage_property_missing|end_coordinates_missing_or_invalid|no_valid_location_points|requires_crosswalk_or_marine_review|timezone_not_normalized_to_utc
5325266,1146444,2002,2002-09-20T04:00:00,2002-09-20T16:00:00,SST,12.0,98,,Z,007,SAIPAN,0,0,0,0,40000,,,0,,0,1,begin_coordinates_missing_or_invalid|damage_crops_missing|end_coordinates_missing_or_invalid|no_valid_location_points|requires_crosswalk_or_marine_review|timezone_not_normalized_to_utc
5325267,1146445,2002,2002-09-26T10:00:00,2002-09-26T16:00:00,SST,6.0,98,,Z,006,GUAM,0,0,0,0,40000,,,0,,0,1,begin_coordinates_missing_or_invalid|damage_crops_missing|end_coordinates_missing_or_invalid|no_valid_location_points|requires_crosswalk_or_marine_review|timezone_not_normalized_to_utc
5325521,1146165,2002,2002-12-20T04:00:00,2002-12-26T10:00:00,CST,150.0,21,,Z,021,MUHLENBERG,0,0,0,0,,,,0,,0,1,begin_coordinates_missing_or_invalid|damage_crops_missing|damage_property_missing|end_coordinates_missing_or_invalid|no_valid_location_points|requires_crosswalk_or_marine_review|timezone_not_normalized_to_utc
5325523,1146167,2002,2002-12-18T22:00:00,2002-12-19T17:00:00,CST,19.0,21,21007,C,007,BALLARD,0,0,0,0,,,,0,,0,1,begin_coordinates_missing_or_invalid|county_code_unverified|damage_crops_missing|damage_property_missing|end_coordinates_missing_or_invalid|no_valid_location_points|timezone_not_normalized_to_utc
5325557,1145894,2002,2002-12-13T12:55:00,2002-12-13T13:52:00,EST,0.95,34,,Z,010,SOMERSET,0,0,0,0,,0,,0,,0,1,begin_coordinates_missing_or_invalid|damage_property_missing|end_coordinates_missing_or_invalid|no_valid_location_points|requires_crosswalk_or_marine_review|timezone_not_normalized_to_utc
5325558,1145895,2002,2002-12-13T23:04:00,2002-12-15T15:06:00,EST,40.03333333333333,34,,Z,010,SOMERSET,0,0,0,0,,0,,0,,0,1,begin_coordinates_missing_or_invalid|damage_property_missing|end_coordinates_missing_or_invalid|no_valid_location_points|requires_crosswalk_or_marine_review|timezone_not_normalized_to_utc
5325559,1145896,2002,2002-12-25T17:54:00,2002-12-26T16:27:00,EST,22.55,34,,Z,010,SOMERSET,0,0,0,0,,0,,0,,0,1,begin_coordinates_missing_or_invalid|damage_property_missing|end_coordinates_missing_or_invalid|no_valid_location_points|requires_crosswalk_or_marine_review|timezone_not_normalized_to_utc
5325625,1145580,2002,2002-12-13T08:00:00,2002-12-13T13:00:00,EST,5.0,12,12053,C,053,HERNANDO,0,0,0,0,,,,0,,0,1,begin_coordinates_missing_or_invalid|county_code_unverified|damage_crops_missing|damage_property_missing|end_coordinates_missing_or_invalid|no_valid_location_points|timezone_not_normalized_to_utc
5325626,1145580,2002,2002-12-13T08:00:00,2002-12-13T13:00:00,EST,5.0,12,12101,C,101,PASCO,0,0,0,0,,,,0,,0,1,begin_coordinates_missing_or_invalid|county_code_unverified|damage_crops_missing|damage_property_missing|end_coordinates_missing_or_invalid|no_valid_location_points|timezone_not_normalized_to_utc
5325627,1145580,2002,2002-12-13T08:00:00,2002-12-13T13:00:00,EST,5.0,12,12103,C,103,PINELLAS,0,0,0,0,,,,0,,0,1,begin_coordinates_missing_or_invalid|county_code_unverified|damage_crops_missing|damage_property_missing|end_coordinates_missing_or_invalid|no_valid_location_points|timezone_not_normalized_to_utc
5325628,1145580,2002,2002-12-13T08:00:00,2002-12-13T13:00:00,EST,5.0,12,12057,C,057,HILLSBOROUGH,0,0,0,0,,,,0,,0,1,begin_coordinates_missing_or_invalid|county_code_unverified|damage_crops_missing|damage_property_missing|end_coordinates_missing_or_invalid|no_valid_location_points|timezone_not_normalized_to_utc
5325629,1145580,2002,2002-12-13T08:00:00,2002-12-13T13:00:00,EST,5.0,12,12081,C,081,MANATEE,0,0,0,0,,,,0,,0,1,begin_coordinates_missing_or_invalid|county_code_unverified|damage_crops_missing|damage_property_missing|end_coordinates_missing_or_invalid|no_valid_location_points|timezone_not_normalized_to_utc
5325630,1145580,2002,2002-12-13T08:00:00,2002-12-13T13:00:00,EST,5.0,12,12105,C,105,POLK,0,0,0,0,,,,0,,0,1,begin_coordinates_missing_or_invalid|county_code_unverified|damage_crops_missing|damage_property_missing|end_coordinates_missing_or_invalid|no_valid_location_points|timezone_not_normalized_to_utc
5325631,1145581,2002,2002-12-14T03:00:00,2002-12-16T10:00:00,EST,55.0,12,,Z,051,HILLSBOROUGH,0,0,0,0,,,,0,,0,1,begin_coordinates_missing_or_invalid|damage_crops_missing|damage_property_missing|end_coordinates_missing_or_invalid|no_valid_location_points|requires_crosswalk_or_marine_review|timezone_not_normalized_to_utc
5325632,1145581,2002,2002-12-14T03:00:00,2002-12-15T22:00:00,EST,43.0,12,,Z,049,PASCO,0,0,0,0,,,,0,,0,1,begin_coordinates_missing_or_invalid|damage_crops_missing|damage_property_missing|end_coordinates_missing_or_invalid|no_valid_location_points|requires_crosswalk_or_marine_review|timezone_not_normalized_to_utc
5325635,1145584,2002,2002-12-24T21:00:00,2002-12-25T02:00:00,EST,5.0,12,12103,C,103,PINELLAS,0,0,0,0,25000,,,0,,0,1,begin_coordinates_missing_or_invalid|county_code_unverified|damage_crops_missing|end_coordinates_missing_or_invalid|no_valid_location_points|timezone_not_normalized_to_utc
5325636,1145584,2002,2002-12-24T21:00:00,2002-12-25T02:00:00,EST,5.0,12,12057,C,057,HILLSBOROUGH,0,0,0,0,,,,0,,0,1,begin_coordinates_missing_or_invalid|county_code_unverified|damage_crops_missing|damage_property_missing|end_coordinates_missing_or_invalid|no_valid_location_points|timezone_not_normalized_to_utc
5325724,1146048,2002,2002-12-31T07:00:00,2002-12-31T11:00:00,PST,4.0,06,,Z,002,MENDOCINO COAST,0,0,0,0,,,,0,,0,1,begin_coordinates_missing_or_invalid|damage_crops_missing|damage_property_missing|end_coordinates_missing_or_invalid|no_valid_location_points|requires_crosswalk_or_marine_review|timezone_not_normalized_to_utc
5325738,1145585,2002,2002-12-31T19:00:00,2002-12-31T22:00:00,EST,3.0,12,12101,C,101,PASCO,0,0,0,0,,,,0,,0,1,begin_coordinates_missing_or_invalid|county_code_unverified|damage_crops_missing|damage_property_missing|end_coordinates_missing_or_invalid|no_valid_location_points|timezone_not_normalized_to_utc
5325739,1145585,2002,2002-12-31T19:00:00,2002-12-31T22:00:00,EST,3.0,12,12053,C,053,HERNANDO,0,0,0,0,,,,0,,0,1,begin_coordinates_missing_or_invalid|county_code_unverified|damage_crops_missing|damage_property_missing|end_coordinates_missing_or_invalid|no_valid_location_points|timezone_not_normalized_to_utc
5325740,1145585,2002,2002-12-31T19:00:00,2002-12-31T22:00:00,EST,3.0,12,12103,C,103,PINELLAS,0,0,0,0,,,,0,,0,1,begin_coordinates_missing_or_invalid|county_code_unverified|damage_crops_missing|damage_property_missing|end_coordinates_missing_or_invalid|no_valid_location_points|timezone_not_normalized_to_utc
5325918,1145734,2002,2002-12-18T18:25:00,2002-12-18T19:00:00,CST,0.5833333333333334,05,05021,C,021,CLAY,0,0,0,0,500.0,,,0,,0,1,begin_coordinates_missing_or_invalid|county_code_unverified|damage_crops_missing|end_coordinates_missing_or_invalid|no_valid_location_points|timezone_not_normalized_to_utc
5325919,1145734,2002,2002-12-18T18:35:00,2002-12-18T19:00:00,CST,0.4166666666666667,05,05055,C,055,GREENE,0,0,0,0,500.0,,,0,,0,1,begin_coordinates_missing_or_invalid|county_code_unverified|damage_crops_missing|end_coordinates_missing_or_invalid|no_valid_location_points|timezone_not_normalized_to_utc
5325921,1145734,2002,2002-12-18T19:10:00,2002-12-18T19:30:00,CST,0.3333333333333333,05,05107,C,107,PHILLIPS,0,0,0,0,500.0,,,0,,0,1,begin_coordinates_missing_or_invalid|county_code_unverified|damage_crops_missing|end_coordinates_missing_or_invalid|no_valid_location_points|timezone_not_normalized_to_utc
5325969,1145597,2002,2002-12-04T11:41:00,2002-12-04T22:29:00,CST,10.8,48,,Z,208,CALDWELL,0,0,0,0,,,,0,,0,1,begin_coordinates_missing_or_invalid|damage_crops_missing|damage_property_missing|end_coordinates_missing_or_invalid|no_valid_location_points|requires_crosswalk_or_marine_review|timezone_not_normalized_to_utc
5325971,1145599,2002,2002-12-13T03:30:00,2002-12-14T01:45:00,CST,22.25,48,,Z,225,LAVACA,0,0,0,0,,,,0,,0,1,begin_coordinates_missing_or_invalid|damage_crops_missing|damage_property_missing|end_coordinates_missing_or_invalid|no_valid_location_points|requires_crosswalk_or_marine_review|timezone_not_normalized_to_utc
5325972,1145600,2002,2002-12-14T02:42:00,2002-12-14T17:40:00,CST,14.966666666666667,48,,Z,225,LAVACA,0,0,0,0,,,,0,,0,1,begin_coordinates_missing_or_invalid|damage_crops_missing|damage_property_missing|end_coordinates_missing_or_invalid|no_valid_location_points|requires_crosswalk_or_marine_review|timezone_not_normalized_to_utc
5325973,1145601,2002,2002-12-15T03:30:00,2002-12-16T03:45:00,CST,24.25,48,,Z,225,LAVACA,0,0,0,0,,,,0,,0,1,begin_coordinates_missing_or_invalid|damage_crops_missing|damage_property_missing|end_coordinates_missing_or_invalid|no_valid_location_points|requires_crosswalk_or_marine_review|timezone_not_normalized_to_utc
5325994,1145737,2002,2002-12-19T11:00:00,2002-12-19T11:30:00,CST,0.5,28,28107,C,107,PANOLA,0,0,0,0,500.0,,,0,,0,1,begin_coordinates_missing_or_invalid|county_code_unverified|damage_crops_missing|end_coordinates_missing_or_invalid|no_valid_location_points|timezone_not_normalized_to_utc
5325999,1145738,2002,2002-12-19T10:10:00,2002-12-19T10:30:00,CST,0.3333333333333333,47,47053,C,053,GIBSON,0,0,0,0,500.0,,,0,,0,1,begin_coordinates_missing_or_invalid|county_code_unverified|damage_crops_missing|end_coordinates_missing_or_invalid|no_valid_location_points|timezone_not_normalized_to_utc
5326000,1145738,2002,2002-12-19T09:30:00,2002-12-19T10:00:00,CST,0.5,47,47157,C,157,SHELBY,0,0,0,0,500.0,,,0,,0,1,begin_coordinates_missing_or_invalid|county_code_unverified|damage_crops_missing|end_coordinates_missing_or_invalid|no_valid_location_points|timezone_not_normalized_to_utc
5326001,1145738,2002,2002-12-19T12:00:00,2002-12-19T12:30:00,CST,0.5,47,47167,C,167,TIPTON,0,0,0,0,500.0,,,0,,0,1,begin_coordinates_missing_or_invalid|county_code_unverified|damage_crops_missing|end_coordinates_missing_or_invalid|no_valid_location_points|timezone_not_normalized_to_utc
5326002,1145738,2002,2002-12-19T15:40:00,2002-12-19T16:00:00,CST,0.3333333333333333,47,47167,C,167,TIPTON,0,0,0,0,500.0,,,0,,0,1,begin_coordinates_missing_or_invalid|county_code_unverified|damage_crops_missing|end_coordinates_missing_or_invalid|no_valid_location_points|timezone_not_normalized_to_utc
5326135,1145763,2002,2002-12-27T17:32:00,2002-12-28T15:49:00,PST,22.283333333333335,41,41015,C,015,CURRY,0,0,0,0,,,,0,,0,1,begin_coordinates_missing_or_invalid|county_code_unverified|damage_crops_missing|damage_property_missing|end_coordinates_missing_or_invalid|no_valid_location_points|timezone_not_normalized_to_utc
5326136,1145764,2002,2002-12-27T23:30:00,2002-12-28T15:49:00,PST,16.316666666666666,06,06093,C,093,SISKIYOU,0,0,0,0,,,,0,,0,1,begin_coordinates_missing_or_invalid|county_code_unverified|damage_crops_missing|damage_property_missing|end_coordinates_missing_or_invalid|no_valid_location_points|timezone_not_normalized_to_utc
5326152,1145756,2002,2002-12-14T17:10:00,2002-12-15T03:42:00,PST,10.533333333333333,41,,Z,021,SOUTH CENTRAL OREGON COAST,0,0,0,0,,,,0,,0,1,begin_coordinates_missing_or_invalid|damage_crops_missing|damage_property_missing|end_coordinates_missing_or_invalid|no_valid_location_points|requires_crosswalk_or_marine_review|timezone_not_normalized_to_utc
5326153,1145757,2002,2002-12-16T01:36:00,2002-12-17T00:05:00,PST,22.483333333333334,41,,Z,021,SOUTH CENTRAL OREGON COAST,0,0,0,0,,,,0,,0,1,begin_coordinates_missing_or_invalid|damage_crops_missing|damage_property_missing|end_coordinates_missing_or_invalid|no_valid_location_points|requires_crosswalk_or_marine_review|timezone_not_normalized_to_utc
5326154,1145758,2002,2002-12-16T08:13:00,2002-12-16T12:30:00,PST,4.283333333333333,41,,Z,021,SOUTH CENTRAL OREGON COAST,0,0,0,0,,,,0,,0,1,begin_coordinates_missing_or_invalid|damage_crops_missing|damage_property_missing|end_coordinates_missing_or_invalid|no_valid_location_points|requires_crosswalk_or_marine_review|timezone_not_normalized_to_utc
5326155,1145759,2002,2002-12-16T08:13:00,2002-12-17T10:50:00,PST,26.616666666666667,41,,Z,021,SOUTH CENTRAL OREGON COAST,0,0,0,0,,,,0,,0,1,begin_coordinates_missing_or_invalid|damage_crops_missing|damage_property_missing|end_coordinates_missing_or_invalid|no_valid_location_points|requires_crosswalk_or_marine_review|timezone_not_normalized_to_utc
5326156,1145760,2002,2002-12-28T09:47:00,2002-12-29T10:55:00,PST,25.133333333333333,41,,Z,024,EASTERN CURRY COUNTY & JOSEPHINE COUNTY,0,0,0,0,,,,0,,0,1,begin_coordinates_missing_or_invalid|damage_crops_missing|damage_property_missing|end_coordinates_missing_or_invalid|no_valid_location_points|requires_crosswalk_or_marine_review|timezone_not_normalized_to_utc
5326157,1145761,2002,2002-12-30T11:01:00,2002-12-31T23:59:00,PST,36.96666666666667,41,,Z,021,SOUTH CENTRAL OREGON COAST,0,0,0,0,,,,0,,0,1,begin_coordinates_missing_or_invalid|damage_crops_missing|damage_property_missing|end_coordinates_missing_or_invalid|no_valid_location_points|requires_crosswalk_or_marine_review|timezone_not_normalized_to_utc
5326158,1145762,2002,2002-12-30T18:30:00,2002-12-31T23:59:00,PST,29.483333333333334,41,,Z,024,EASTERN CURRY COUNTY & JOSEPHINE COUNTY,0,0,0,0,,,,0,,0,1,begin_coordinates_missing_or_invalid|damage_crops_missing|damage_property_missing|end_coordinates_missing_or_invalid|no_valid_location_points|requires_crosswalk_or_marine_review|timezone_not_normalized_to_utc
5326159,1145762,2002,2002-12-30T18:30:00,2002-12-31T23:59:00,PST,29.483333333333334,41,,Z,026,JACKSON COUNTY,0,0,0,0,,,,0,,0,1,begin_coordinates_missing_or_invalid|damage_crops_missing|damage_property_missing|end_coordinates_missing_or_invalid|no_valid_location_points|requires_crosswalk_or_marine_review|timezone_not_normalized_to_utc
5326160,1145762,2002,2002-12-30T18:30:00,2002-12-31T23:59:00,PST,29.483333333333334,41,,Z,023,CENTRAL DOUGLAS COUNTY,0,0,0,0,,,,0,,0,1,begin_coordinates_missing_or_invalid|damage_crops_missing|damage_property_missing|end_coordinates_missing_or_invalid|no_valid_location_points|requires_crosswalk_or_marine_review|timezone_not_normalized_to_utc
5326161,1145763,2002,2002-12-27T17:32:00,2002-12-28T15:49:00,PST,22.283333333333335,41,41029,C,029,JACKSON,0,0,0,0,,,,0,,0,1,begin_coordinates_missing_or_invalid|county_code_unverified|damage_crops_missing|damage_property_missing|end_coordinates_missing_or_invalid|no_valid_location_points|timezone_not_normalized_to_utc
5326162,1145763,2002,2002-12-27T17:32:00,2002-12-28T15:49:00,PST,22.283333333333335,41,41033,C,033,JOSEPHINE,0,0,0,0,,,,0,,0,1,begin_coordinates_missing_or_invalid|county_code_unverified|damage_crops_missing|damage_property_missing|end_coordinates_missing_or_invalid|no_valid_location_points|timezone_not_normalized_to_utc
5326431,1145503,2002,2002-11-02T08:00:00,2002-11-02T16:00:00,CST,8.0,48,48061,C,061,CAMERON,0,0,0,0,,,,0,,0,1,begin_coordinates_missing_or_invalid|county_code_unverified|damage_crops_missing|damage_property_missing|end_coordinates_missing_or_invalid|no_valid_location_points|timezone_not_normalized_to_utc
5326454,1145642,2002,2002-12-24T09:39:00,2002-12-24T10:22:00,EST,0.7166666666666667,13,13081,C,081,CRISP,0,0,0,0,,,,0,,0,1,begin_coordinates_missing_or_invalid|county_code_unverified|damage_crops_missing|damage_property_missing|end_coordinates_missing_or_invalid|no_valid_location_points|timezone_not_normalized_to_utc
5326456,1145642,2002,2002-12-24T07:10:00,2002-12-24T07:10:00,EST,0.0,13,13129,C,129,GORDON,0,0,0,0,,,,0,,0,1,begin_coordinates_missing_or_invalid|county_code_unverified|damage_crops_missing|damage_property_missing|end_coordinates_missing_or_invalid|no_valid_location_points|timezone_not_normalized_to_utc
5326457,1145642,2002,2002-12-24T07:12:00,2002-12-24T07:12:00,EST,0.0,13,13227,C,227,PICKENS,0,0,0,0,,,,0,,0,1,begin_coordinates_missing_or_invalid|county_code_unverified|damage_crops_missing|damage_property_missing|end_coordinates_missing_or_invalid|no_valid_location_points|timezone_not_normalized_to_utc
5326659,1145517,2002,2002-12-13T09:00:00,2002-12-13T12:00:00,PST,3.0,06,06041,C,041,MARIN,0,0,0,0,,,,0,,0,1,begin_coordinates_missing_or_invalid|county_code_unverified|damage_crops_missing|damage_property_missing|end_coordinates_missing_or_invalid|no_valid_location_points|timezone_not_normalized_to_utc
5326660,1145517,2002,2002-12-14T09:00:00,2002-12-14T12:00:00,PST,3.0,06,06013,C,013,CONTRA COSTA,0,0,0,0,,,,0,,0,1,begin_coordinates_missing_or_invalid|county_code_unverified|damage_crops_missing|damage_property_missing|end_coordinates_missing_or_invalid|no_valid_location_points|timezone_not_normalized_to_utc
5326661,1145517,2002,2002-12-15T14:00:00,2002-12-15T17:00:00,PST,3.0,06,06041,C,041,MARIN,0,0,0,0,,,,0,,0,1,begin_coordinates_missing_or_invalid|county_code_unverified|damage_crops_missing|damage_property_missing|end_coordinates_missing_or_invalid|no_valid_location_points|timezone_not_normalized_to_utc
5326662,1145517,2002,2002-12-13T10:00:00,2002-12-13T13:00:00,PST,3.0,06,06001,C,001,ALAMEDA,0,0,0,0,,,,0,,0,1,begin_coordinates_missing_or_invalid|county_code_unverified|damage_crops_missing|damage_property_missing|end_coordinates_missing_or_invalid|no_valid_location_points|timezone_not_normalized_to_utc
5326663,1145517,2002,2002-12-13T10:00:00,2002-12-13T14:00:00,PST,4.0,06,06075,C,075,SAN FRANCISCO,0,0,0,0,,,,0,,0,1,begin_coordinates_missing_or_invalid|county_code_unverified|damage_crops_missing|damage_property_missing|end_coordinates_missing_or_invalid|no_valid_location_points|timezone_not_normalized_to_utc
5326664,1145517,2002,2002-12-16T05:00:00,2002-12-16T13:00:00,PST,8.0,06,,Z,005,SONOMA / MARIN COUNTIES,0,0,0,0,,,,0,,0,1,begin_coordinates_missing_or_invalid|damage_crops_missing|damage_property_missing|end_coordinates_missing_or_invalid|no_valid_location_points|requires_crosswalk_or_marine_review|timezone_not_normalized_to_utc
5326665,1145517,2002,2002-12-16T02:00:00,2002-12-16T16:00:00,PST,14.0,06,,Z,005,SONOMA / MARIN COUNTIES,0,0,0,0,,,,0,,0,1,begin_coordinates_missing_or_invalid|damage_crops_missing|damage_property_missing|end_coordinates_missing_or_invalid|no_valid_location_points|requires_crosswalk_or_marine_review|timezone_not_normalized_to_utc
5326697,1145653,2002,2002-12-19T12:00:00,2002-12-19T16:00:00,CST,4.0,47,,Z,024,HUMPHREYS,0,0,0,0,,,,0,,0,1,begin_coordinates_missing_or_invalid|damage_crops_missing|damage_property_missing|end_coordinates_missing_or_invalid|no_valid_location_points|requires_crosswalk_or_marine_review|timezone_not_normalized_to_utc
5326698,1145653,2002,2002-12-19T09:00:00,2002-12-19T16:00:00,CST,7.0,47,,Z,022,BENTON,0,0,0,0,,,,0,,0,1,begin_coordinates_missing_or_invalid|damage_crops_missing|damage_property_missing|end_coordinates_missing_or_invalid|no_valid_location_points|requires_crosswalk_or_marine_review|timezone_not_normalized_to_utc
5326699,1145653,2002,2002-12-19T12:00:00,2002-12-19T16:00:00,CST,4.0,47,,Z,023,HOUSTON,0,0,0,0,,,,0,,0,1,begin_coordinates_missing_or_invalid|damage_crops_missing|damage_property_missing|end_coordinates_missing_or_invalid|no_valid_location_points|requires_crosswalk_or_marine_review|timezone_not_normalized_to_utc
5326700,1145653,2002,2002-12-19T11:00:00,2002-12-19T15:00:00,CST,4.0,47,,Z,005,STEWART,0,0,0,0,,,,0,,0,1,begin_coordinates_missing_or_invalid|damage_crops_missing|damage_property_missing|end_coordinates_missing_or_invalid|no_valid_location_points|requires_crosswalk_or_marine_review|timezone_not_normalized_to_utc
5326741,1146020,2002,2002-12-24T19:00:00,2002-12-24T23:00:00,EST,4.0,13,,Z,028,HART,0,0,0,0,,,,0,,0,1,begin_coordinates_missing_or_invalid|damage_crops_missing|damage_property_missing|end_coordinates_missing_or_invalid|no_valid_location_points|requires_crosswalk_or_marine_review|timezone_not_normalized_to_utc
5326742,1146021,2002,2002-12-24T19:00:00,2002-12-24T23:00:00,EST,4.0,45,,Z,010,ANDERSON,0,0,0,0,,,,0,,0,1,begin_coordinates_missing_or_invalid|damage_crops_missing|damage_property_missing|end_coordinates_missing_or_invalid|no_valid_location_points|requires_crosswalk_or_marine_review|timezone_not_normalized_to_utc
5326870,1146039,2002,2002-12-14T01:00:00,2002-12-15T00:30:00,PST,23.5,06,,Z,076,MENDOCINO INTERIOR,0,0,0,0,,,,0,,0,1,begin_coordinates_missing_or_invalid|damage_crops_missing|damage_property_missing|end_coordinates_missing_or_invalid|no_valid_location_points|requires_crosswalk_or_marine_review|timezone_not_normalized_to_utc
5326871,1146039,2002,2002-12-14T11:00:00,2002-12-15T02:00:00,PST,15.0,06,06023,C,023,HUMBOLDT,0,0,0,0,,,,0,,0,1,begin_coordinates_missing_or_invalid|county_code_unverified|damage_crops_missing|damage_property_missing|end_coordinates_missing_or_invalid|no_valid_location_points|timezone_not_normalized_to_utc
5326875,1146039,2002,2002-12-14T20:00:00,2002-12-14T23:45:00,PST,3.75,06,,Z,002,MENDOCINO COAST,0,0,0,0,,,,0,,0,1,begin_coordinates_missing_or_invalid|damage_crops_missing|damage_property_missing|end_coordinates_missing_or_invalid|no_valid_location_points|requires_crosswalk_or_marine_review|timezone_not_normalized_to_utc
5326879,1146041,2002,2002-12-16T02:30:00,2002-12-16T15:15:00,PST,12.75,06,,Z,002,MENDOCINO COAST,0,0,0,0,,,,0,,0,1,begin_coordinates_missing_or_invalid|damage_crops_missing|damage_property_missing|end_coordinates_missing_or_invalid|no_valid_location_points|requires_crosswalk_or_marine_review|timezone_not_normalized_to_utc
5326880,1146041,2002,2002-12-16T00:30:00,2002-12-16T13:30:00,PST,13.0,06,,Z,076,MENDOCINO INTERIOR,0,0,0,0,,,,0,,0,1,begin_coordinates_missing_or_invalid|damage_crops_missing|damage_property_missing|end_coordinates_missing_or_invalid|no_valid_location_points|requires_crosswalk_or_marine_review|timezone_not_normalized_to_utc
5326881,1146041,2002,2002-12-16T09:00:00,2002-12-17T00:30:00,PST,15.5,06,,Z,001,REDWOOD COAST,0,0,0,0,,,,0,,0,1,begin_coordinates_missing_or_invalid|damage_crops_missing|damage_property_missing|end_coordinates_missing_or_invalid|no_valid_location_points|requires_crosswalk_or_marine_review|timezone_not_normalized_to_utc
5326882,1146042,2002,2002-12-16T07:00:00,2002-12-16T11:00:00,PST,4.0,06,,Z,002,MENDOCINO COAST,0,0,0,0,,,,0,,0,1,begin_coordinates_missing_or_invalid|damage_crops_missing|damage_property_missing|end_coordinates_missing_or_invalid|no_valid_location_points|requires_crosswalk_or_marine_review|timezone_not_normalized_to_utc
5326883,1146042,2002,2002-12-16T07:00:00,2002-12-16T11:00:00,PST,4.0,06,,Z,001,REDWOOD COAST,0,0,0,0,,,,0,,0,1,begin_coordinates_missing_or_invalid|damage_crops_missing|damage_property_missing|end_coordinates_missing_or_invalid|no_valid_location_points|requires_crosswalk_or_marine_review|timezone_not_normalized_to_utc
5326900,1145542,2002,2002-12-20T15:45:00,2002-12-21T06:00:00,EST,14.25,18,,Z,071,JACKSON,0,0,0,0,,,,0,,0,1,begin_coordinates_missing_or_invalid|damage_crops_missing|damage_property_missing|end_coordinates_missing_or_invalid|no_valid_location_points|requires_crosswalk_or_marine_review|timezone_not_normalized_to_utc
5327221,1146044,2002,2002-12-20T21:30:00,2002-12-21T07:30:00,PST,10.0,06,,Z,076,MENDOCINO INTERIOR,0,0,0,0,,,,0,,0,1,begin_coordinates_missing_or_invalid|damage_crops_missing|damage_property_missing|end_coordinates_missing_or_invalid|no_valid_location_points|requires_crosswalk_or_marine_review|timezone_not_normalized_to_utc
5327223,1146045,2002,2002-12-27T12:30:00,2002-12-28T20:00:00,PST,31.5,06,06023,C,023,HUMBOLDT,0,0,0,0,,,,0,,0,1,begin_coordinates_missing_or_invalid|county_code_unverified|damage_crops_missing|damage_property_missing|end_coordinates_missing_or_invalid|no_valid_location_points|timezone_not_normalized_to_utc
5327227,1146046,2002,2002-12-28T18:30:00,2002-12-29T01:30:00,PST,7.0,06,,Z,076,MENDOCINO INTERIOR,0,0,0,0,,,,0,,0,1,begin_coordinates_missing_or_invalid|damage_crops_missing|damage_property_missing|end_coordinates_missing_or_invalid|no_valid_location_points|requires_crosswalk_or_marine_review|timezone_not_normalized_to_utc
5327228,1146046,2002,2002-12-28T01:30:00,2002-12-28T05:00:00,PST,3.5,06,,Z,001,REDWOOD COAST,0,0,0,0,,,,0,,0,1,begin_coordinates_missing_or_invalid|damage_crops_missing|damage_property_missing|end_coordinates_missing_or_invalid|no_valid_location_points|requires_crosswalk_or_marine_review|timezone_not_normalized_to_utc
5327229,1146046,2002,2002-12-28T11:00:00,2002-12-29T03:30:00,PST,16.5,06,,Z,001,REDWOOD COAST,0,0,0,0,,,,0,,0,1,begin_coordinates_missing_or_invalid|damage_crops_missing|damage_property_missing|end_coordinates_missing_or_invalid|no_valid_location_points|requires_crosswalk_or_marine_review|timezone_not_normalized_to_utc
5327230,1146046,2002,2002-12-28T18:00:00,2002-12-29T04:00:00,PST,10.0,06,,Z,002,MENDOCINO COAST,0,0,0,0,,,,0,,0,1,begin_coordinates_missing_or_invalid|damage_crops_missing|damage_property_missing|end_coordinates_missing_or_invalid|no_valid_location_points|requires_crosswalk_or_marine_review|timezone_not_normalized_to_utc
5327233,1146048,2002,2002-12-31T01:30:00,2002-12-31T14:30:00,PST,13.0,06,,Z,076,MENDOCINO INTERIOR,0,0,0,0,,,,0,,0,1,begin_coordinates_missing_or_invalid|damage_crops_missing|damage_property_missing|end_coordinates_missing_or_invalid|no_valid_location_points|requires_crosswalk_or_marine_review|timezone_not_normalized_to_utc
5327234,1146048,2002,2002-12-31T14:00:00,2002-12-31T20:30:00,PST,6.5,06,,Z,001,REDWOOD COAST,0,0,0,0,,,,0,,0,1,begin_coordinates_missing_or_invalid|damage_crops_missing|damage_property_missing|end_coordinates_missing_or_invalid|no_valid_location_points|requires_crosswalk_or_marine_review|timezone_not_normalized_to_utc
5327235,1146048,2002,2002-12-31T04:45:00,2002-12-31T10:45:00,PST,6.0,06,,Z,002,MENDOCINO COAST,0,0,0,0,,,,0,,0,1,begin_coordinates_missing_or_invalid|damage_crops_missing|damage_property_missing|end_coordinates_missing_or_invalid|no_valid_location_points|requires_crosswalk_or_marine_review|timezone_not_normalized_to_utc
5327236,1146048,2002,2002-12-31T07:00:00,2002-12-31T11:00:00,PST,4.0,06,,Z,001,REDWOOD COAST,0,0,0,0,,,,0,,0,1,begin_coordinates_missing_or_invalid|damage_crops_missing|damage_property_missing|end_coordinates_missing_or_invalid|no_valid_location_points|requires_crosswalk_or_marine_review|timezone_not_normalized_to_utc
