event_id,episode_id,year,begin_time_local,end_time_local,timezone,duration_hours,state_fips,county_fips,area_type,area_code,area_name,injuries_direct,injuries_indirect,deaths_direct,deaths_indirect,damage_property_usd,damage_crops_usd,flood_cause,fatality_records,location_points,year_is_partial,core_fields_valid,quality_flags
65651,11911,2008,2008-01-10T14:53:00,2008-01-10T18:00:00,CST-6,3.1166666666666667,47,47189,C,189,WILSON,0,0,0,0,1000.00,0.00,Heavy Rain,0,"[[36.23,-86.53],[36.2333,-86.535],[36.239,-86.55],[36.232,-86.551]]",0,1,county_code_unverified|timezone_not_normalized_to_utc
65654,11911,2008,2008-01-10T14:53:00,2008-01-10T18:00:00,CST-6,3.1166666666666667,47,47189,C,189,WILSON,0,0,0,0,1000.00,0.00,Heavy Rain,0,"[[36.1711,-86.5625],[36.1703,-86.5601],[36.1739,-86.5592],[36.174,-86.564]]",0,1,county_code_unverified|timezone_not_normalized_to_utc
65663,11911,2008,2008-01-10T15:50:00,2008-01-10T18:00:00,CST-6,2.1666666666666665,47,47003,C,003,BEDFORD,0,0,0,0,1000.00,0.00,Heavy Rain,0,"[[35.928,-86.769],[35.93,-86.759],[35.923,-86.761],[35.923,-86.769]]",0,1,county_code_unverified|timezone_not_normalized_to_utc
67859,12349,2008,2008-01-09T23:45:00,2008-01-10T04:30:00,PST-8,4.75,41,41011,C,011,COOS,0,0,0,0,0.00,0.00,Heavy Rain,0,"[[43.18,-124.1999],[43.18,-124.2197],[43.1595,-124.2081],[43.1698,-124.166]]",0,1,county_code_unverified|timezone_not_normalized_to_utc
67979,12423,2008,2008-01-27T17:00:00,2008-01-28T06:00:00,MST-7,13.0,04,04019,C,019,PIMA,0,0,0,0,0.00,0.00,Heavy Rain,0,"[[32.3164,-110.8104],[32.3232,-110.8062],[32.3235,-110.8111],[32.317,-110.8119]]",0,1,county_code_unverified|timezone_not_normalized_to_utc
67981,12423,2008,2008-01-27T19:00:00,2008-01-28T04:00:00,MST-7,9.0,04,04019,C,019,PIMA,0,0,0,0,777000.00,0.00,Heavy Rain,0,"[[32.45,-110.77],[32.4276,-110.7188],[32.2047,-110.7024],[32.2686,-110.9317]]",0,1,county_code_unverified|timezone_not_normalized_to_utc
67992,12423,2008,2008-01-28T08:00:00,2008-01-28T12:00:00,MST-7,4.0,04,04011,C,011,GREENLEE,0,0,0,0,0.00,0.00,Heavy Rain,0,"[[33.25,-109.18],[33.2515,-109.1839],[33.2455,-109.1845],[33.2457,-109.1805]]",0,1,county_code_unverified|timezone_not_normalized_to_utc
68004,12423,2008,2008-01-28T06:00:00,2008-01-28T08:00:00,MST-7,2.0,04,04019,C,019,PIMA,0,0,0,0,0.00,0.00,Heavy Rain,0,"[[32.2412,-110.719],[32.2387,-110.719],[32.239,-110.7226],[32.2417,-110.722]]",0,1,county_code_unverified|timezone_not_normalized_to_utc
68005,12423,2008,2008-01-28T03:00:00,2008-01-28T05:00:00,MST-7,2.0,04,04019,C,019,PIMA,0,0,0,0,0.00,0.00,Heavy Rain,0,"[[32.375,-111.0101],[32.3746,-111.0057],[32.3661,-111.0131],[32.3691,-111.0156]]",0,1,county_code_unverified|timezone_not_normalized_to_utc
69010,12462,2008,2008-01-05T09:00:00,2008-01-06T14:00:00,PST-8,29.0,32,32019,C,019,LYON,0,0,0,0,0.00,0.00,Dam / Levee Break,0,"[[39.6044,-119.2484],[39.5941,-119.2477],[39.5824,-119.2333],[39.58,-119.2278],[39.5792,-119.2164],[39.5978,-119.2144]]",0,1,county_code_unverified|timezone_not_normalized_to_utc
69058,12226,2008,2008-01-27T18:00:00,2008-01-28T18:00:00,MST-7,24.0,35,35003,C,003,CATRON,0,0,0,0,25000.00,0.00,Heavy Rain,0,"[[33.23,-108.2629],[33.2309,-108.257],[33.2284,-108.2522],[33.2267,-108.2546]]",0,1,county_code_unverified|timezone_not_normalized_to_utc
71940,12999,2008,2008-01-11T10:25:00,2008-01-11T14:35:00,EST-5,4.166666666666667,21,21017,C,017,BOURBON,0,0,0,0,0.00,0.00,Heavy Rain,0,"[[38.203,-84.2444],[38.2159,-84.2289],[38.2424,-84.2555],[38.2347,-84.2885]]",0,1,county_code_unverified|timezone_not_normalized_to_utc
72492,13121,2008,2008-01-16T00:00:00,2008-01-18T06:00:00,CST-6,54.0,17,17059,C,059,GALLATIN,0,0,0,0,0.00,0.00,Heavy Rain,0,"[[37.7,-88.13],[37.6844,-88.1522],[37.6817,-88.1458],[37.6982,-88.1289]]",0,1,county_code_unverified|timezone_not_normalized_to_utc
72493,13123,2008,2008-01-15T04:00:00,2008-01-15T04:00:00,CST-6,0.0,18,18129,C,129,POSEY,0,0,0,0,0.00,0.00,Heavy Rain,0,"[[38.13,-87.93],[38.1261,-87.945],[38.1332,-87.9408],[38.136,-87.9346]]",0,1,county_code_unverified|timezone_not_normalized_to_utc
72496,13124,2008,2008-01-11T18:00:00,2008-01-14T14:00:00,CST-6,68.0,21,21177,C,177,MUHLENBERG,0,0,0,0,0.00,0.00,Heavy Rain,0,"[[37.27,-86.98],[37.2686,-86.9849],[37.26,-86.9764],[37.265,-86.9776]]",0,1,county_code_unverified|timezone_not_normalized_to_utc
72497,12716,2008,2008-01-08T15:30:00,2008-01-08T19:30:00,CST-6,4.0,29,29023,C,023,BUTLER,0,0,0,0,0.00,0.00,Heavy Rain,0,"[[36.75,-90.4],[36.6976,-90.4202],[36.7009,-90.4065],[36.7469,-90.3941]]",0,1,county_code_unverified|timezone_not_normalized_to_utc
72499,13126,2008,2008-01-10T13:05:00,2008-01-10T16:00:00,CST-6,2.9166666666666665,21,21219,C,219,TODD,0,0,0,0,0.00,0.00,Heavy Rain,0,"[[36.82,-87.15],[36.8211,-87.1531],[36.8207,-87.1532],[36.8198,-87.1504]]",0,1,county_code_unverified|timezone_not_normalized_to_utc
72872,13181,2008,2008-01-12T10:00:00,2008-01-20T17:00:00,CST-6,199.0,17,17185,C,185,WABASH,0,0,0,0,0.00,0.00,Heavy Rain,0,"[[38.42,-87.77],[38.4176,-87.7461],[38.4358,-87.7418],[38.4348,-87.755]]",0,1,county_code_unverified|timezone_not_normalized_to_utc
72876,13182,2008,2008-01-10T03:00:00,2008-01-18T18:00:00,EST-5,207.0,18,18125,C,125,PIKE,0,0,0,0,0.00,0.00,Heavy Rain,0,"[[38.5267,-87.2658],[38.5165,-87.263],[38.506,-87.296],[38.5112,-87.2957]]",0,1,county_code_unverified|timezone_not_normalized_to_utc
72879,13182,2008,2008-01-11T07:00:00,2008-01-19T07:00:00,CST-6,192.0,18,18051,C,051,GIBSON,0,0,0,0,0.00,0.00,Heavy Rain,0,"[[38.494,-87.5439],[38.4934,-87.5614],[38.4871,-87.5611],[38.4883,-87.5491]]",0,1,county_code_unverified|timezone_not_normalized_to_utc
73484,13231,2008,2008-03-02T17:24:00,2008-03-03T04:00:00,CST-6,10.6,19,19083,C,083,HARDIN,0,0,0,0,20000.00,0.00,Heavy Rain / Snow Melt,0,"[[42.5149,-93.3845],[42.4235,-93.3398],[42.464,-93.2492],[42.5253,-93.2973]]",0,1,county_code_unverified|timezone_not_normalized_to_utc
73487,13231,2008,2008-03-02T18:50:00,2008-03-03T01:00:00,CST-6,6.166666666666667,19,19023,C,023,BUTLER,0,0,0,0,10000.00,0.00,Heavy Rain / Snow Melt,0,"[[42.69,-92.97],[42.7031,-92.9148],[42.6744,-92.9121],[42.6746,-92.9715]]",0,1,county_code_unverified|timezone_not_normalized_to_utc
73490,13231,2008,2008-03-02T19:50:00,2008-03-03T03:00:00,CST-6,7.166666666666667,19,19079,C,079,HAMILTON,0,0,0,0,50000.00,0.00,Heavy Rain / Snow Melt,0,"[[42.3707,-93.4731],[42.3606,-93.653],[42.2102,-93.6255],[42.2128,-93.4844]]",0,1,county_code_unverified|timezone_not_normalized_to_utc
73491,13231,2008,2008-03-02T21:47:00,2008-03-03T07:00:00,CST-6,9.216666666666667,19,19181,C,181,WARREN,0,0,0,0,30000.00,0.00,Heavy Rain / Snow Melt,0,"[[41.37,-93.47],[41.3438,-93.4937],[41.3474,-93.4679],[41.3745,-93.4531]]",0,1,county_code_unverified|timezone_not_normalized_to_utc
73492,13231,2008,2008-03-02T23:11:00,2008-03-03T07:00:00,CST-6,7.816666666666666,19,19181,C,181,WARREN,0,0,0,0,30000.00,0.00,Heavy Rain / Snow Melt,0,"[[41.3315,-93.5046],[41.35,-93.46],[41.3382,-93.4374],[41.3273,-93.4792]]",0,1,county_code_unverified|timezone_not_normalized_to_utc
73494,13231,2008,2008-03-02T17:57:00,2008-03-03T02:00:00,CST-6,8.05,19,19075,C,075,GRUNDY,0,0,0,0,25000.00,0.00,Heavy Rain / Snow Melt,0,"[[42.4442,-92.8276],[42.3783,-92.6539],[42.3398,-92.6971],[42.4072,-92.829]]",0,1,county_code_unverified|timezone_not_normalized_to_utc
73507,13231,2008,2008-03-03T01:00:00,2008-03-03T10:15:00,CST-6,9.25,19,19179,C,179,WAPELLO,0,0,0,0,100000.00,0.00,Heavy Rain / Snow Melt,0,"[[41.15,-92.64],[41.16,-92.19],[40.9,-92.19],[40.9096,-92.6367]]",0,1,county_code_unverified|timezone_not_normalized_to_utc
73642,13231,2008,2008-03-03T09:00:00,2008-03-04T10:00:00,CST-6,25.0,19,19125,C,125,MARION,0,0,0,0,100000.00,0.00,Heavy Rain / Snow Melt,0,"[[41.51,-93.32],[41.51,-92.87],[41.17,-92.87],[41.17,-93.32]]",0,1,county_code_unverified|timezone_not_normalized_to_utc
73962,13320,2008,2008-01-08T09:25:00,2008-01-08T14:00:00,CST-6,4.583333333333333,17,17197,C,197,WILL,0,0,0,0,0.00,0.00,Heavy Rain,0,"[[41.5443,-87.8991],[41.5443,-87.8609],[41.5177,-87.8636],[41.5177,-87.8964]]",0,1,county_code_unverified|timezone_not_normalized_to_utc
73981,13320,2008,2008-01-08T06:10:00,2008-01-08T09:00:00,CST-6,2.8333333333333335,17,17197,C,197,WILL,0,0,0,0,0.00,0.00,Heavy Rain,0,"[[41.6113,-88.0804],[41.6083,-88.07],[41.5938,-88.07],[41.597,-88.0793]]",0,1,county_code_unverified|timezone_not_normalized_to_utc
74011,13320,2008,2008-01-08T06:30:00,2008-01-11T18:00:00,CST-6,83.5,17,17091,C,091,KANKAKEE,0,0,0,0,500000.00,0.00,Heavy Rain,0,"[[41.2038,-88.0118],[41.292,-88.0134],[41.2977,-87.5277],[41.0115,-87.5274],[40.9956,-88.2468],[41.2017,-88.2434]]",0,1,county_code_unverified|timezone_not_normalized_to_utc
74019,13320,2008,2008-01-08T06:40:00,2008-01-08T13:00:00,CST-6,6.333333333333333,17,17031,C,031,COOK,0,0,0,0,0.00,0.00,Heavy Rain,0,"[[41.6006,-87.8463],[41.6006,-87.8213],[41.5718,-87.8213],[41.5718,-87.8463]]",0,1,county_code_unverified|timezone_not_normalized_to_utc
74365,13366,2008,2008-03-02T11:00:00,2008-03-04T06:45:00,CST-6,43.75,31,31139,C,139,PIERCE,0,0,0,0,0.00,0.00,Heavy Rain / Snow Melt,0,"[[42.2205,-97.5116],[42.267,-97.5686],[42.2951,-97.5869],[42.2873,-97.5928],[42.2714,-97.5825],[42.2516,-97.5771],[42.2401,-97.5617]]",0,1,county_code_unverified|timezone_not_normalized_to_utc
74366,13367,2008,2008-03-01T00:00:00,2008-03-09T16:36:00,CST-6,208.6,31,31039,C,039,CUMING,0,0,0,0,0.00,0.00,Ice Jam,0,"[[41.83,-96.72],[41.7385,-96.6982],[41.7396,-96.7539],[41.8348,-96.7415]]",0,1,county_code_unverified|timezone_not_normalized_to_utc
74367,13367,2008,2008-03-01T00:00:00,2008-03-09T00:00:00,CST-6,192.0,31,31053,C,053,DODGE,0,0,0,0,0.00,0.00,Ice Jam,0,"[[41.7402,-96.7337],[41.686,-96.6969],[41.6475,-96.646],[41.6142,-96.5417],[41.6273,-96.506],[41.7416,-96.702]]",0,1,county_code_unverified|timezone_not_normalized_to_utc
76340,13635,2008,2008-01-28T07:00:00,2008-01-28T12:00:00,MST-7,5.0,35,35017,C,017,GRANT,0,0,0,0,50000.00,0.00,Heavy Rain / Snow Melt,0,"[[33.1876,-108.2215],[33.1927,-108.1961],[33.1858,-108.1953],[33.1835,-108.2128]]",0,1,county_code_unverified|timezone_not_normalized_to_utc
76606,13679,2008,2008-01-08T19:00:00,2008-01-09T23:00:00,CST-6,28.0,17,17153,C,153,PULASKI,0,0,0,0,0.00,0.00,Heavy Rain,0,"[[37.2429,-89.2536],[37.1384,-89.2625],[37.145,-89.2419],[37.2445,-89.2392]]",0,1,county_code_unverified|timezone_not_normalized_to_utc
76607,13679,2008,2008-01-08T19:00:00,2008-01-09T23:00:00,CST-6,28.0,17,17003,C,003,ALEXANDER,0,0,0,0,0.00,0.00,Heavy Rain,0,"[[37.2385,-89.2739],[37.2456,-89.2529],[37.1491,-89.2602],[37.1609,-89.2756]]",0,1,county_code_unverified|timezone_not_normalized_to_utc
76989,13578,2008,2008-01-08T03:00:00,2008-01-09T07:30:00,EST-5,28.5,18,18049,C,049,FULTON,1,0,2,0,125000.00,0.00,Heavy Rain / Snow Melt,2,"[[41.1026,-86.2501],[41.0296,-86.1493],[41.1429,-86.089],[41.1732,-86.15]]",0,1,county_code_unverified|timezone_not_normalized_to_utc
76990,13578,2008,2008-01-08T03:56:00,2008-01-10T19:00:00,EST-5,63.06666666666667,18,18181,C,181,WHITE,0,0,0,0,250000.00,0.00,Heavy Rain / Snow Melt,0,"[[40.7473,-87.0529],[40.9107,-86.9139],[40.91,-86.6049],[40.7275,-87.0268]]",0,1,county_code_unverified|timezone_not_normalized_to_utc
77232,13783,2008,2008-01-01T00:00:00,2008-01-03T18:40:00,EST-5,66.66666666666667,18,18153,C,153,SULLIVAN,0,0,0,0,1000.00,0.00,Heavy Rain / Snow Melt,0,"[[39.0608,-87.5878],[39.0842,-87.6311],[39.1098,-87.6627],[39.1173,-87.6325],[39.0901,-87.5885],[39.0565,-87.5617],[39.0021,-87.5604],[39.008,-87.5816]]",0,1,county_code_unverified|timezone_not_normalized_to_utc
77234,13783,2008,2008-01-01T00:00:00,2008-01-02T15:45:00,EST-5,39.75,18,18121,C,121,PARKE,0,0,0,0,1000.00,0.00,Heavy Rain / Snow Melt,0,"[[39.8,-87.37],[39.8576,-87.3482],[39.8644,-87.3822],[39.8117,-87.3976],[39.7473,-87.3859],[39.7516,-87.3667]]",0,1,county_code_unverified|timezone_not_normalized_to_utc
77237,13783,2008,2008-01-01T00:00:00,2008-01-02T15:45:00,EST-5,39.75,18,18165,C,165,VERMILLION,0,0,0,0,1000.00,0.00,Heavy Rain / Snow Melt,0,"[[39.8896,-87.3932],[39.9003,-87.3592],[39.8602,-87.3434],[39.8267,-87.3712],[39.7758,-87.364],[39.7753,-87.3811],[39.8323,-87.3942],[39.8676,-87.3805]]",0,1,county_code_unverified|timezone_not_normalized_to_utc
77240,13783,2008,2008-01-01T00:00:00,2008-01-01T09:45:00,EST-5,9.75,18,18167,C,167,VIGO,0,0,0,0,1000.00,0.00,Heavy Rain / Snow Melt,0,"[[39.47,-87.4],[39.5581,-87.4072],[39.5634,-87.4306],[39.4829,-87.4436],[39.424,-87.478],[39.416,-87.4251]]",0,1,county_code_unverified|timezone_not_normalized_to_utc
77243,13783,2008,2008-01-01T00:00:00,2008-01-01T03:08:00,EST-5,3.1333333333333333,18,18157,C,157,TIPPECANOE,0,0,0,0,1000.00,0.00,Heavy Rain,0,"[[40.4783,-86.8868],[40.5055,-86.825],[40.4979,-86.8064],[40.4689,-86.8373],[40.4702,-86.8737],[40.3978,-86.9053],[40.4093,-86.9183],[40.4537,-86.9019]]",0,1,county_code_unverified|timezone_not_normalized_to_utc
77250,13783,2008,2008-01-01T00:00:00,2008-01-01T11:27:00,EST-5,11.45,18,18171,C,171,WARREN,0,0,0,0,1000.00,0.00,Heavy Rain,0,"[[40.1316,-87.3976],[40.1348,-87.4539],[40.1967,-87.4347],[40.2187,-87.3715],[40.2565,-87.3152],[40.2463,-87.2977],[40.2119,-87.3461],[40.1671,-87.4203]]",0,1,county_code_unverified|timezone_not_normalized_to_utc
77257,13783,2008,2008-01-01T00:00:00,2008-01-01T11:27:00,EST-5,11.45,18,18045,C,045,FOUNTAIN,0,0,0,0,1000.00,0.00,Heavy Rain,0,"[[40.13,-87.4],[40.097,-87.4045],[40.1015,-87.4189],[40.1393,-87.4148],[40.1519,-87.4426],[40.1555,-87.4271],[40.1445,-87.4021]]",0,1,county_code_unverified|timezone_not_normalized_to_utc
77278,13786,2008,2008-01-08T07:30:00,2008-01-18T17:30:00,EST-5,250.0,18,18157,C,157,TIPPECANOE,0,0,0,0,500000.00,0.00,Heavy Rain / Snow Melt,0,"[[40.4762,-86.8943],[40.4692,-86.8672],[40.4505,-86.8878],[40.425,-86.8912],[40.4036,-86.9032],[40.4072,-86.9159],[40.422,-86.9007],[40.449,-86.9029]]",0,1,county_code_unverified|timezone_not_normalized_to_utc
77284,13786,2008,2008-01-08T15:00:00,2008-01-19T08:00:00,EST-5,257.0,18,18045,C,045,FOUNTAIN,0,0,0,0,20000.00,0.00,Heavy Rain / Snow Melt,0,"[[40.118,-87.4004],[40.1202,-87.4134],[40.1402,-87.4148],[40.1542,-87.4412],[40.1831,-87.4395],[40.1854,-87.4107],[40.1568,-87.4289],[40.1445,-87.4]]",0,1,county_code_unverified|timezone_not_normalized_to_utc
77285,13786,2008,2008-01-08T15:00:00,2008-01-19T08:00:00,EST-5,257.0,18,18171,C,171,WARREN,0,0,0,0,20000.00,0.00,Heavy Rain / Snow Melt,0,"[[40.1579,-87.4526],[40.1353,-87.4168],[40.1176,-87.4108],[40.1177,-87.4],[40.1429,-87.399],[40.1603,-87.4299],[40.1891,-87.4144],[40.192,-87.432]]",0,1,county_code_unverified|timezone_not_normalized_to_utc
77286,13786,2008,2008-01-08T17:30:00,2008-01-20T15:53:00,EST-5,286.3833333333333,18,18121,C,121,PARKE,0,0,0,0,20000.00,0.00,Heavy Rain / Snow Melt,0,"[[39.8328,-87.3928],[39.7975,-87.3887],[39.775,-87.3815],[39.7209,-87.3921],[39.7236,-87.3729],[39.8,-87.37],[39.8312,-87.375]]",0,1,county_code_unverified|timezone_not_normalized_to_utc
77287,13786,2008,2008-01-08T17:30:00,2008-01-20T15:53:00,EST-5,286.3833333333333,18,18165,C,165,VERMILLION,0,0,0,0,20000.00,0.00,Heavy Rain / Snow Melt,0,"[[40.1012,-87.4347],[40.0991,-87.3921],[40.1421,-87.3986],[40.1734,-87.4247],[40.182,-87.4333],[40.1705,-87.4484],[40.1534,-87.4395],[40.1403,-87.4189]]",0,1,county_code_unverified|timezone_not_normalized_to_utc
77288,13786,2008,2008-01-09T07:00:00,2008-01-20T16:00:00,EST-5,273.0,18,18165,C,165,VERMILLION,0,0,0,0,20000.00,0.00,Heavy Rain / Snow Melt,0,"[[39.67,-87.4],[39.6419,-87.3983],[39.6442,-87.3853],[39.671,-87.3825]]",0,1,county_code_unverified|timezone_not_normalized_to_utc
77289,13786,2008,2008-01-09T07:00:00,2008-01-20T16:00:00,EST-5,273.0,18,18121,C,121,PARKE,0,0,0,0,20000.00,0.00,Heavy Rain / Snow Melt,0,"[[39.6401,-87.4011],[39.6427,-87.3832],[39.657,-87.3897],[39.6673,-87.3851],[39.668,-87.393],[39.6566,-87.3995]]",0,1,county_code_unverified|timezone_not_normalized_to_utc
77294,13786,2008,2008-01-09T01:30:00,2008-01-20T22:15:00,EST-5,284.75,18,18167,C,167,VIGO,0,0,0,0,20000.00,0.00,Heavy Rain / Snow Melt,0,"[[39.5591,-87.4333],[39.4707,-87.4416],[39.4288,-87.4718],[39.4176,-87.4237],[39.4723,-87.4017],[39.5581,-87.4017]]",0,1,county_code_unverified|timezone_not_normalized_to_utc
77301,13786,2008,2008-01-08T22:00:00,2008-01-23T11:30:00,EST-5,349.5,18,18153,C,153,SULLIVAN,0,0,0,0,15000.00,0.00,Heavy Rain / Snow Melt,0,"[[39.1221,-87.6484],[39.1109,-87.6613],[39.1026,-87.6487],[39.1194,-87.6409]]",0,1,county_code_unverified|timezone_not_normalized_to_utc
77330,13790,2008,2008-01-14T21:00:00,2008-01-23T06:22:00,EST-5,201.36666666666667,18,18083,C,083,KNOX,0,0,0,0,10000.00,0.00,Heavy Rain / Snow Melt,0,"[[38.6906,-87.5305],[38.7594,-87.5102],[38.7605,-87.4828],[38.6903,-87.5116]]",0,1,county_code_unverified|timezone_not_normalized_to_utc
77331,13790,2008,2008-01-14T17:00:00,2008-01-23T07:17:00,EST-5,206.28333333333333,18,18083,C,083,KNOX,0,0,0,0,10000.00,0.00,Heavy Rain / Snow Melt,0,"[[38.68,-87.52],[38.6909,-87.5319],[38.6815,-87.543],[38.6753,-87.5902],[38.6682,-87.5816]]",0,1,county_code_unverified|timezone_not_normalized_to_utc
77333,13790,2008,2008-01-12T15:30:00,2008-01-16T00:40:00,EST-5,81.16666666666667,18,18093,C,093,LAWRENCE,0,0,0,0,10000.00,0.00,Heavy Rain / Snow Melt,0,"[[38.77,-86.4],[38.7659,-86.4126],[38.7708,-86.4147],[38.7762,-86.4028],[38.7758,-86.3899],[38.7728,-86.3858],[38.7699,-86.3907]]",0,1,county_code_unverified|timezone_not_normalized_to_utc
77334,13786,2008,2008-01-09T14:30:00,2008-01-10T14:48:00,EST-5,24.3,18,18035,C,035,DELAWARE,0,0,0,0,10000.00,0.00,Heavy Rain / Snow Melt,0,"[[40.2151,-85.3995],[40.1961,-85.4014],[40.197,-85.3636],[40.2145,-85.3638],[40.2147,-85.3806]]",0,1,county_code_unverified|timezone_not_normalized_to_utc
77335,13786,2008,2008-01-09T18:15:00,2008-01-11T05:15:00,EST-5,35.0,18,18095,C,095,MADISON,0,0,0,0,10000.00,0.00,Heavy Rain / Snow Melt,0,"[[40.1,-85.68],[40.1029,-85.7208],[40.1201,-85.7325],[40.1162,-85.7102],[40.1222,-85.6925],[40.1235,-85.6707],[40.1184,-85.6494],[40.11,-85.6599]]",0,1,county_code_unverified|timezone_not_normalized_to_utc
77340,13786,2008,2008-01-09T20:00:00,2008-01-13T16:15:00,EST-5,92.25,18,18119,C,119,OWEN,0,0,0,0,10000.00,0.00,Heavy Rain / Snow Melt,0,"[[39.28,-86.77],[39.2711,-86.7666],[39.2818,-86.741],[39.2878,-86.7499]]",0,1,county_code_unverified|timezone_not_normalized_to_utc
77342,13786,2008,2008-01-09T13:00:00,2008-01-14T17:52:00,EST-5,124.86666666666666,18,18055,C,055,GREENE,0,0,0,0,10000.00,0.00,Heavy Rain / Snow Melt,0,"[[39.03,-86.9859],[39.0496,-86.9884],[39.0528,-86.9602],[39.0308,-86.9544],[39.0183,-86.9614],[39.0189,-86.9774]]",0,1,county_code_unverified|timezone_not_normalized_to_utc
77401,13578,2008,2008-01-08T04:00:00,2008-01-11T07:00:00,EST-5,75.0,18,18017,C,017,CASS,0,0,0,0,150000.00,0.00,Heavy Rain / Snow Melt,0,"[[40.7634,-86.3766],[40.7677,-86.576],[40.9094,-86.5724],[40.8917,-86.3086]]",0,1,county_code_unverified|timezone_not_normalized_to_utc
77418,13578,2008,2008-01-08T11:25:00,2008-01-11T07:00:00,EST-5,67.58333333333333,18,18033,C,033,DE KALB,0,0,0,0,150000.00,0.00,Heavy Rain / Snow Melt,0,"[[41.36,-85.06],[41.5276,-84.9449],[41.5199,-85.1523],[41.3603,-85.1564]]",0,1,county_code_unverified|timezone_not_normalized_to_utc
77419,13524,2008,2008-01-08T18:43:00,2008-01-08T19:58:00,CST-6,1.25,29,29053,C,053,COOPER,0,0,0,0,0.00,0.00,Heavy Rain,0,"[[38.9199,-92.6954],[38.9128,-92.6906],[38.9141,-92.6991],[38.9197,-92.7003]]",0,1,county_code_unverified|timezone_not_normalized_to_utc
77524,13578,2008,2008-01-08T06:05:00,2008-01-11T07:00:00,EST-5,72.91666666666667,18,18169,C,169,WABASH,0,0,0,0,75000.00,0.00,Heavy Rain / Snow Melt,0,"[[40.9927,-85.7879],[40.9929,-85.7696],[40.9999,-85.759],[41.0017,-85.7646],[40.9988,-85.7751],[40.9987,-85.787]]",0,1,county_code_unverified|timezone_not_normalized_to_utc
77534,13786,2008,2008-01-09T15:00:00,2008-01-14T17:04:00,EST-5,122.06666666666666,18,18055,C,055,GREENE,0,0,0,0,10000.00,0.00,Heavy Rain / Snow Melt,0,"[[38.9407,-87.0423],[38.933,-87.0443],[38.9244,-87.0086],[38.9308,-87.0016]]",0,1,county_code_unverified|timezone_not_normalized_to_utc
77539,13786,2008,2008-01-10T04:00:00,2008-01-15T22:07:00,EST-5,138.11666666666667,18,18083,C,083,KNOX,0,0,0,0,10000.00,0.00,Heavy Rain / Snow Melt,0,"[[38.8189,-87.2447],[38.8083,-87.2483],[38.8049,-87.2478],[38.8004,-87.2423],[38.8086,-87.2376],[38.8215,-87.2369]]",0,1,county_code_unverified|timezone_not_normalized_to_utc
77540,13786,2008,2008-01-10T04:00:00,2008-01-15T22:07:00,EST-5,138.11666666666667,18,18027,C,027,DAVIESS,0,0,0,0,10000.00,0.00,Heavy Rain / Snow Melt,0,"[[38.8218,-87.244],[38.8052,-87.2503],[38.8005,-87.245],[38.8072,-87.243],[38.8206,-87.2347]]",0,1,county_code_unverified|timezone_not_normalized_to_utc
77546,13786,2008,2008-01-10T03:00:00,2008-01-18T04:28:00,EST-5,193.46666666666667,18,18083,C,083,KNOX,0,0,0,0,10000.00,0.00,Heavy Rain / Snow Melt,0,"[[38.5492,-87.3554],[38.5355,-87.3581],[38.5162,-87.3169],[38.5055,-87.2936],[38.5165,-87.2507],[38.5272,-87.2637]]",0,1,county_code_unverified|timezone_not_normalized_to_utc
77559,13786,2008,2008-01-09T12:48:00,2008-01-11T06:42:00,EST-5,41.9,18,18081,C,081,JOHNSON,0,0,0,0,5000.00,0.00,Heavy Rain / Snow Melt,0,"[[39.3809,-86.0029],[39.3468,-85.9965],[39.3542,-85.9862],[39.3823,-85.9893]]",0,1,county_code_unverified|timezone_not_normalized_to_utc
77564,13786,2008,2008-01-09T02:03:00,2008-01-10T03:31:00,EST-5,25.466666666666665,18,18139,C,139,RUSH,0,0,0,0,10000.00,0.00,Heavy Rain / Snow Melt,0,"[[39.73,-85.57],[39.7248,-85.5799],[39.7312,-85.5893],[39.7403,-85.5804],[39.7461,-85.5725]]",0,1,county_code_unverified|timezone_not_normalized_to_utc
77565,13786,2008,2008-01-09T03:45:00,2008-01-11T06:42:00,EST-5,50.95,18,18145,C,145,SHELBY,0,0,0,0,10000.00,0.00,Heavy Rain / Snow Melt,0,"[[39.5307,-85.7967],[39.5346,-85.7919],[39.5348,-85.7857],[39.5325,-85.7787],[39.527,-85.7787],[39.5277,-85.7887],[39.5283,-85.7946]]",0,1,county_code_unverified|timezone_not_normalized_to_utc
77567,13786,2008,2008-01-08T21:57:00,2008-01-10T12:33:00,EST-5,38.6,18,18135,C,135,RANDOLPH,0,0,0,0,10000.00,0.00,Heavy Rain / Snow Melt,0,"[[40.2829,-84.9993],[40.2799,-85.0],[40.2792,-84.9893],[40.2832,-84.989]]",0,1,county_code_unverified|timezone_not_normalized_to_utc
77568,13578,2008,2008-01-08T03:00:00,2008-01-11T07:00:00,EST-5,76.0,18,18099,C,099,MARSHALL,0,0,0,0,150000.00,0.00,Heavy Rain / Snow Melt,0,"[[41.2147,-86.1127],[41.2071,-86.1245],[41.358,-86.3556],[41.3778,-86.2578]]",0,1,county_code_unverified|timezone_not_normalized_to_utc
77569,13786,2008,2008-01-10T04:00:00,2008-01-16T08:45:00,EST-5,148.75,18,18071,C,071,JACKSON,0,0,0,0,10000.00,0.00,Heavy Rain / Snow Melt,0,"[[38.775,-86.1558],[38.7696,-86.1617],[38.7596,-86.1378],[38.7635,-86.1007],[38.7703,-86.1054],[38.7671,-86.1334]]",0,1,county_code_unverified|timezone_not_normalized_to_utc
77570,13786,2008,2008-01-08T22:33:00,2008-01-10T04:41:00,EST-5,30.133333333333333,18,18081,C,081,JOHNSON,0,0,0,0,5000.00,0.00,Heavy Rain / Snow Melt,0,"[[39.4256,-86.0185],[39.4148,-86.0144],[39.4164,-86.0002],[39.4266,-86.0052]]",0,1,county_code_unverified|timezone_not_normalized_to_utc
77571,13786,2008,2008-01-10T06:00:00,2008-01-16T15:00:00,EST-5,153.0,18,18071,C,071,JACKSON,0,0,0,0,10000.00,0.00,Heavy Rain / Snow Melt,0,"[[38.778,-86.2322],[38.7748,-86.2245],[38.7687,-86.2338],[38.7693,-86.2391]]",0,1,county_code_unverified|timezone_not_normalized_to_utc
77573,13786,2008,2008-01-09T15:35:00,2008-01-13T23:52:00,EST-5,104.28333333333333,18,18071,C,071,JACKSON,0,0,0,0,10000.00,0.00,Heavy Rain / Snow Melt,0,"[[38.9794,-85.897],[38.9868,-85.905],[38.9996,-85.897],[38.9956,-85.8894]]",0,1,county_code_unverified|timezone_not_normalized_to_utc
77608,13321,2008,2008-01-08T18:00:00,2008-01-10T18:00:00,CST-6,48.0,18,18073,C,073,JASPER,0,0,0,0,0.00,0.00,Heavy Rain,0,"[[40.959,-87.27],[40.959,-87.0542],[40.8408,-87.1041],[40.7477,-87.1041],[40.7477,-87.27]]",0,1,county_code_unverified|timezone_not_normalized_to_utc
77609,13835,2008,2008-02-10T08:00:00,2008-02-24T12:00:00,CST-6,340.0,17,17003,C,003,ALEXANDER,0,0,0,0,0.00,0.00,Heavy Rain,0,"[[37.0,-89.18],[37.0481,-89.1891],[37.0511,-89.1747],[37.0089,-89.1688]]",0,1,county_code_unverified|timezone_not_normalized_to_utc
77610,13835,2008,2008-02-10T08:00:00,2008-02-23T12:00:00,CST-6,316.0,17,17153,C,153,PULASKI,0,0,0,0,0.00,0.00,Heavy Rain,0,"[[37.2402,-88.9824],[37.2199,-89.0311],[37.2157,-89.015],[37.2255,-88.9836]]",0,1,county_code_unverified|timezone_not_normalized_to_utc
77611,13835,2008,2008-02-11T08:00:00,2008-02-23T12:00:00,CST-6,292.0,17,17127,C,127,MASSAC,0,0,0,0,0.00,0.00,Heavy Rain,0,"[[37.12,-88.63],[37.1048,-88.5886],[37.1061,-88.6031],[37.1146,-88.626]]",0,1,county_code_unverified|timezone_not_normalized_to_utc
77613,13835,2008,2008-02-12T08:00:00,2008-02-20T12:00:00,CST-6,196.0,17,17151,C,151,POPE,0,0,0,0,0.00,0.00,Heavy Rain,0,"[[37.37,-88.48],[37.3582,-88.4846],[37.3581,-88.4794],[37.369,-88.4773]]",0,1,county_code_unverified|timezone_not_normalized_to_utc
77615,13835,2008,2008-02-09T08:00:00,2008-02-22T12:00:00,CST-6,316.0,17,17059,C,059,GALLATIN,0,0,0,0,0.00,0.00,Heavy Rain,0,"[[37.7,-88.13],[37.6882,-88.144],[37.6872,-88.1382],[37.6984,-88.1286]]",0,1,county_code_unverified|timezone_not_normalized_to_utc
77620,13837,2008,2008-02-08T14:00:00,2008-02-21T19:00:00,CST-6,317.0,21,21225,C,225,UNION,0,0,0,0,0.00,0.00,Heavy Rain,0,"[[37.77,-87.93],[37.7666,-87.9504],[37.7709,-87.9522],[37.7748,-87.943]]",0,1,county_code_unverified|timezone_not_normalized_to_utc
77626,13839,2008,2008-02-08T15:00:00,2008-02-20T15:00:00,CST-6,288.0,18,18129,C,129,POSEY,0,0,0,0,0.00,0.00,Heavy Rain,0,"[[37.93,-87.9],[37.9277,-87.8748],[37.9235,-87.8784],[37.9265,-87.8984]]",0,1,county_code_unverified|timezone_not_normalized_to_utc
77628,13839,2008,2008-02-07T14:00:00,2008-02-18T11:00:00,CST-6,261.0,18,18173,C,173,WARRICK,0,0,0,0,0.00,0.00,Heavy Rain,0,"[[37.95,-87.42],[37.9461,-87.4402],[37.943,-87.4389],[37.9437,-87.4196]]",0,1,county_code_unverified|timezone_not_normalized_to_utc
77629,13321,2008,2008-01-08T18:00:00,2008-01-10T18:00:00,CST-6,48.0,18,18111,C,111,NEWTON,0,0,0,0,0.00,0.00,Heavy Rain,0,"[[40.9379,-87.5226],[40.9379,-87.2829],[40.7421,-87.2737],[40.7421,-87.5226]]",0,1,county_code_unverified|timezone_not_normalized_to_utc
77630,13841,2008,2008-02-09T03:00:00,2008-02-17T09:00:00,CST-6,198.0,21,21149,C,149,MCLEAN,0,0,0,0,0.00,0.00,Heavy Rain,0,"[[37.53,-87.27],[37.519,-87.2424],[37.524,-87.2379],[37.5307,-87.2484]]",0,1,county_code_unverified|timezone_not_normalized_to_utc
77631,13841,2008,2008-02-06T03:00:00,2008-02-19T09:00:00,CST-6,318.0,21,21177,C,177,MUHLENBERG,0,0,0,0,0.00,0.00,Heavy Rain,0,"[[37.27,-86.98],[37.268,-86.9839],[37.2594,-86.9752],[37.2625,-86.9755]]",0,1,county_code_unverified|timezone_not_normalized_to_utc
77632,13321,2008,2008-01-08T20:00:00,2008-01-10T18:00:00,EST-5,46.0,18,18007,C,007,BENTON,0,0,0,0,0.00,0.00,Heavy Rain,0,"[[40.73,-87.5239],[40.73,-87.1051],[40.4887,-87.1051],[40.4887,-87.5239]]",0,1,county_code_unverified|timezone_not_normalized_to_utc
77633,13321,2008,2008-01-08T06:00:00,2008-01-09T18:00:00,CST-6,36.0,18,18127,C,127,PORTER,0,0,0,0,100000.00,0.00,Heavy Rain,0,"[[41.6283,-87.1013],[41.6283,-87.0134],[41.453,-87.0134],[41.453,-87.1013]]",0,1,county_code_unverified|timezone_not_normalized_to_utc
77634,13321,2008,2008-01-08T06:00:00,2008-01-10T18:00:00,CST-6,60.0,18,18089,C,089,LAKE,0,0,0,0,1000000.00,0.00,Heavy Rain,0,"[[41.18,-87.5173],[41.2,-87.35],[41.2468,-87.2321],[41.6134,-87.2321],[41.6142,-87.35],[41.68,-87.5173]]",0,1,county_code_unverified|timezone_not_normalized_to_utc
77635,13842,2008,2008-02-07T20:00:00,2008-02-22T08:00:00,CST-6,348.0,17,17185,C,185,WABASH,0,0,0,0,0.00,0.00,Heavy Rain,0,"[[38.4305,-87.7482],[38.4079,-87.754],[38.4014,-87.7533],[38.4271,-87.7435]]",0,1,county_code_unverified|timezone_not_normalized_to_utc
77636,13843,2008,2008-02-07T20:00:00,2008-02-22T10:00:00,CST-6,350.0,18,18051,C,051,GIBSON,0,0,0,0,0.00,0.00,Heavy Rain,0,"[[38.4,-87.73],[38.3904,-87.7609],[38.4052,-87.748],[38.4128,-87.7391]]",0,1,county_code_unverified|timezone_not_normalized_to_utc
77637,13843,2008,2008-02-09T20:00:00,2008-02-24T10:00:00,CST-6,350.0,18,18129,C,129,POSEY,0,0,0,0,0.00,0.00,Heavy Rain,0,"[[38.13,-87.93],[38.1413,-87.9224],[38.1429,-87.9261],[38.1343,-87.9406]]",0,1,county_code_unverified|timezone_not_normalized_to_utc
77638,13842,2008,2008-02-07T20:00:00,2008-02-22T08:00:00,CST-6,348.0,17,17193,C,193,WHITE,0,0,0,0,0.00,0.00,Heavy Rain,0,"[[38.03,-88.05],[38.0331,-88.0377],[38.0314,-88.0253],[38.0279,-88.025]]",0,1,county_code_unverified|timezone_not_normalized_to_utc
77639,13844,2008,2008-02-08T04:00:00,2008-02-09T22:00:00,CST-6,42.0,17,17055,C,055,FRANKLIN,0,0,0,0,0.00,0.00,Heavy Rain,0,"[[37.88,-89.0],[37.8862,-89.0164],[37.8738,-89.0162],[37.8749,-89.0033]]",0,1,county_code_unverified|timezone_not_normalized_to_utc
77641,13845,2008,2008-02-17T08:00:00,2008-02-21T08:00:00,CST-6,96.0,17,17193,C,193,WHITE,0,0,0,0,0.00,0.00,Heavy Rain,0,"[[38.08,-88.17],[38.0781,-88.1419],[38.0601,-88.1479],[38.0578,-88.1648]]",0,1,county_code_unverified|timezone_not_normalized_to_utc
77642,13846,2008,2008-02-17T05:00:00,2008-02-19T17:00:00,CST-6,60.0,29,29223,C,223,WAYNE,0,0,0,0,0.00,0.00,Heavy Rain,0,"[[37.1871,-90.5061],[37.189,-90.4906],[37.1758,-90.4997],[37.1817,-90.5053]]",0,1,county_code_unverified|timezone_not_normalized_to_utc
77643,13848,2008,2008-02-06T20:00:00,2008-02-18T20:00:00,CST-6,288.0,18,18051,C,051,GIBSON,0,0,0,0,0.00,0.00,Heavy Rain,0,"[[38.48,-87.53],[38.4979,-87.4989],[38.5021,-87.5258],[38.4919,-87.5291]]",0,1,county_code_unverified|timezone_not_normalized_to_utc
77647,13848,2008,2008-02-06T11:00:00,2008-02-17T20:00:00,EST-5,273.0,18,18125,C,125,PIKE,0,0,0,0,0.00,0.00,Heavy Rain,0,"[[38.5,-87.28],[38.517,-87.2768],[38.5104,-87.292],[38.5041,-87.2922]]",0,1,county_code_unverified|timezone_not_normalized_to_utc
77728,13578,2008,2008-01-09T10:14:00,2008-01-11T07:00:00,EST-5,44.766666666666666,18,18039,C,039,ELKHART,0,0,0,0,250000.00,0.00,Heavy Rain / Snow Melt,0,"[[41.5086,-85.946],[41.7467,-86.1383],[41.7519,-85.703],[41.5456,-85.6989]]",0,1,county_code_unverified|timezone_not_normalized_to_utc
77739,13578,2008,2008-01-08T05:58:00,2008-01-11T07:00:00,EST-5,73.03333333333333,18,18183,C,183,WHITLEY,0,0,0,0,150000.00,0.00,Heavy Rain / Snow Melt,0,"[[41.084,-85.6199],[41.221,-85.313],[41.2623,-85.4613],[41.253,-85.6192]]",0,1,county_code_unverified|timezone_not_normalized_to_utc
77751,13578,2008,2008-01-08T07:52:00,2008-01-11T07:00:00,EST-5,71.13333333333334,18,18085,C,085,KOSCIUSKO,0,0,0,0,200000.00,0.00,Heavy Rain / Snow Melt,0,"[[41.1704,-86.0353],[41.1135,-85.7483],[41.4448,-85.668],[41.4386,-85.8856]]",0,1,county_code_unverified|timezone_not_normalized_to_utc
78406,13786,2008,2008-01-08T01:30:00,2008-01-14T05:00:00,EST-5,147.5,18,18015,C,015,CARROLL,0,0,0,0,12000000.00,0.00,Heavy Rain / Snow Melt,0,"[[40.6562,-86.7741],[40.6551,-86.735],[40.6124,-86.7398],[40.6098,-86.779]]",0,1,county_code_unverified|timezone_not_normalized_to_utc
78410,13959,2008,2008-01-11T07:00:00,2008-01-19T08:10:00,EST-5,193.16666666666666,18,18083,C,083,KNOX,0,0,0,0,10000.00,0.00,Heavy Rain / Snow Melt,0,"[[38.4942,-87.5686],[38.4845,-87.5672],[38.4893,-87.5358],[38.5073,-87.5401],[38.5073,-87.5497],[38.495,-87.5454]]",0,1,county_code_unverified|timezone_not_normalized_to_utc
78462,13320,2008,2008-01-08T15:00:00,2008-01-11T18:00:00,CST-6,75.0,17,17075,C,075,IROQUOIS,0,0,0,0,3000000.00,0.00,Heavy Rain,0,"[[40.9966,-88.1301],[41.0076,-87.5284],[40.494,-87.5281],[40.4899,-88.116]]",0,1,county_code_unverified|timezone_not_normalized_to_utc
78463,13320,2008,2008-01-08T09:00:00,2008-01-11T18:00:00,CST-6,81.0,17,17053,C,053,FORD,0,0,0,0,500000.00,0.00,Heavy Rain,0,"[[40.4872,-88.1191],[40.4856,-87.9365],[40.4007,-87.9332],[40.3998,-88.4592],[40.6167,-88.4588],[40.6179,-88.2346],[40.9939,-88.2463],[40.9973,-88.1327]]",0,1,county_code_unverified|timezone_not_normalized_to_utc
79112,14071,2008,2008-01-09T22:46:00,2008-01-09T23:10:00,EST-5,0.4,33,33019,C,019,SULLIVAN,0,0,0,0,0.00,0.00,Ice Jam,0,"[[43.3867,-72.3544],[43.387,-72.3537],[43.3844,-72.3533],[43.3846,-72.3539]]",0,1,county_code_unverified|timezone_not_normalized_to_utc
79243,12463,2008,2008-02-01T22:16:00,2008-02-02T23:45:00,EST-5,25.483333333333334,34,34035,C,035,SOMERSET,0,0,0,0,0.00,0.00,Heavy Rain,0,"[[40.4866,-74.7],[40.4066,-74.62],[40.45,-74.62],[40.5445,-74.7]]",0,1,county_code_unverified|timezone_not_normalized_to_utc
79374,14133,2008,2008-02-18T10:00:00,2008-02-19T10:00:00,EST-5,24.0,26,26115,C,115,MONROE,0,0,0,0,0.00,0.00,Ice Jam,0,"[[41.9082,-83.3797],[41.9105,-83.383],[41.9119,-83.3805],[41.9071,-83.3778]]",0,1,county_code_unverified|timezone_not_normalized_to_utc
79654,14159,2008,2008-02-05T08:00:00,2008-02-26T18:30:00,EST-5,514.5,18,18157,C,157,TIPPECANOE,0,0,0,0,400000.00,0.00,Heavy Rain / Snow Melt,0,"[[40.45,-86.9],[40.4733,-86.8864],[40.4692,-86.8761],[40.4501,-86.8881],[40.4255,-86.8921],[40.4156,-86.8935],[40.4182,-86.9039]]",0,1,county_code_unverified|timezone_not_normalized_to_utc
79655,14159,2008,2008-02-05T11:30:00,2008-02-25T21:48:00,EST-5,490.3,18,18045,C,045,FOUNTAIN,0,0,0,0,21000.00,0.00,Heavy Rain / Snow Melt,0,"[[40.1238,-87.4011],[40.1248,-87.4175],[40.1395,-87.4115],[40.1525,-87.4357],[40.1665,-87.4421],[40.1673,-87.4323],[40.1558,-87.4278],[40.1435,-87.4023]]",0,1,county_code_unverified|timezone_not_normalized_to_utc
79656,14159,2008,2008-02-05T11:30:00,2008-02-25T21:48:00,EST-5,490.3,18,18171,C,171,WARREN,0,0,0,0,21000.00,0.00,Heavy Rain / Snow Melt,0,"[[40.1679,-87.4436],[40.1542,-87.4409],[40.1393,-87.4153],[40.1285,-87.4127],[40.1274,-87.399],[40.1463,-87.4045],[40.1553,-87.432],[40.1668,-87.4337]]",0,1,county_code_unverified|timezone_not_normalized_to_utc
79698,13320,2008,2008-01-08T09:00:00,2008-01-11T18:00:00,CST-6,81.0,17,17105,C,105,LIVINGSTON,0,0,0,1,2000000.00,0.00,Heavy Rain,1,"[[40.7587,-88.5836],[40.7544,-88.9283],[41.1054,-88.9302],[41.1136,-88.254],[40.6189,-88.2362],[40.6177,-88.5733]]",0,1,county_code_unverified|timezone_not_normalized_to_utc
79699,13320,2008,2008-01-08T09:00:00,2008-01-11T18:00:00,CST-6,81.0,17,17099,C,099,LA SALLE,0,0,0,0,0.00,0.00,Heavy Rain,0,"[[41.1059,-89.0464],[41.1056,-89.1604],[41.3804,-89.163],[41.3798,-88.5965],[41.1094,-88.5877],[41.1073,-88.9324],[40.9287,-88.9326],[40.927,-89.0468]]",0,1,county_code_unverified|timezone_not_normalized_to_utc
79737,14081,2008,2008-01-23T07:33:00,2008-01-24T00:00:00,PST-8,16.45,06,06019,C,019,FRESNO,0,0,0,0,0.00,0.00,Heavy Rain,0,"[[36.43,-120.1],[36.7829,-120.0916],[36.8884,-119.7894],[36.7081,-119.7839]]",0,1,county_code_unverified|timezone_not_normalized_to_utc
79738,14081,2008,2008-01-23T19:10:00,2008-01-24T00:00:00,PST-8,4.833333333333333,06,06039,C,039,MADERA,0,0,0,0,0.00,0.00,Heavy Rain,0,"[[37.0,-120.12],[37.0053,-120.2804],[37.0639,-120.2701],[37.082,-120.2083]]",0,1,county_code_unverified|timezone_not_normalized_to_utc
79739,14081,2008,2008-01-23T19:20:00,2008-01-24T00:00:00,PST-8,4.666666666666667,06,06031,C,031,KINGS,0,0,0,0,5000.00,0.00,Heavy Rain,0,"[[36.31,-119.65],[36.324,-119.5862],[36.3555,-119.6294],[36.3577,-119.6693]]",0,1,county_code_unverified|timezone_not_normalized_to_utc
79777,14145,2008,2008-02-13T12:11:00,2008-02-13T12:26:00,EST-5,0.25,34,34031,C,031,PASSAIC,0,0,0,0,0.00,0.00,Heavy Rain / Snow Melt,0,"[[40.9441,-74.1467],[40.9433,-74.1656],[40.9369,-74.1673],[40.9411,-74.1472]]",0,1,county_code_unverified|timezone_not_normalized_to_utc
79778,14145,2008,2008-02-13T12:29:00,2008-02-13T12:44:00,EST-5,0.25,34,34003,C,003,BERGEN,0,0,0,0,0.00,0.00,Heavy Rain / Snow Melt,0,"[[40.865,-73.9928],[40.8644,-73.9912],[40.8609,-73.9946],[40.8614,-73.9958]]",0,1,county_code_unverified|timezone_not_normalized_to_utc
79779,14145,2008,2008-02-13T14:15:00,2008-02-13T21:45:00,EST-5,7.5,34,34003,C,003,BERGEN,0,0,0,0,0.00,0.00,Heavy Rain / Snow Melt,0,"[[40.88,-74.0809],[40.8924,-74.0772],[40.8947,-74.0801],[40.8882,-74.0842],[40.8817,-74.0863],[40.875,-74.0905],[40.8719,-74.0902],[40.8727,-74.0882]]",0,1,county_code_unverified|timezone_not_normalized_to_utc
79813,14201,2008,2008-01-27T06:08:00,2008-01-27T12:08:00,PST-8,6.0,06,06029,C,029,KERN,0,0,0,0,5000.00,0.00,Heavy Rain,0,"[[35.1022,-119.3043],[35.0581,-119.3019],[35.0573,-119.2072],[35.1028,-119.2044]]",0,1,county_code_unverified|timezone_not_normalized_to_utc
79814,14204,2008,2008-02-13T16:00:00,2008-02-13T19:00:00,EST-5,3.0,09,09011,C,011,NEW LONDON,0,0,0,0,0.00,0.00,Heavy Rain / Snow Melt,0,"[[41.5512,-72.1058],[41.5541,-72.1043],[41.5461,-72.0871],[41.5446,-72.0889],[41.5477,-72.0995]]",0,1,county_code_unverified|timezone_not_normalized_to_utc
79815,14201,2008,2008-01-27T02:53:00,2008-01-27T05:53:00,PST-8,3.0,06,06029,C,029,KERN,0,0,0,0,1000.00,0.00,Heavy Rain,0,"[[35.6444,-117.7021],[35.6447,-117.7036],[35.6484,-117.7029],[35.6483,-117.7015]]",0,1,county_code_unverified|timezone_not_normalized_to_utc
79824,14204,2008,2008-02-13T16:30:00,2008-02-13T19:30:00,EST-5,3.0,09,09009,C,009,NEW HAVEN,0,0,0,0,0.00,0.00,Heavy Rain / Snow Melt,0,"[[41.5364,-72.8083],[41.535,-72.8082],[41.5327,-72.8131],[41.5303,-72.8188],[41.5317,-72.8197],[41.5339,-72.8153]]",0,1,county_code_unverified|timezone_not_normalized_to_utc
79825,14204,2008,2008-02-13T16:30:00,2008-02-13T19:30:00,EST-5,3.0,09,09009,C,009,NEW HAVEN,0,0,0,0,0.00,0.00,Heavy Rain / Snow Melt,0,"[[41.4674,-72.9266],[41.4618,-72.9273],[41.4557,-72.9085],[41.4584,-72.9085]]",0,1,county_code_unverified|timezone_not_normalized_to_utc
79826,14204,2008,2008-02-13T15:30:00,2008-02-13T18:30:00,EST-5,3.0,09,09001,C,001,FAIRFIELD,0,0,0,0,0.00,0.00,Heavy Rain / Snow Melt,0,"[[41.0912,-73.443],[41.0953,-73.4479],[41.0961,-73.4459],[41.0924,-73.4414]]",0,1,county_code_unverified|timezone_not_normalized_to_utc
79837,14159,2008,2008-02-05T06:30:00,2008-02-28T04:40:00,EST-5,550.1666666666666,18,18121,C,121,PARKE,0,0,0,0,15000.00,0.00,Heavy Rain / Snow Melt,0,"[[39.8089,-87.3817],[39.7955,-87.3703],[39.7804,-87.3713],[39.7823,-87.3775],[39.7969,-87.3817],[39.8068,-87.3883]]",0,1,county_code_unverified|timezone_not_normalized_to_utc
79838,14159,2008,2008-02-05T06:30:00,2008-02-28T04:40:00,EST-5,550.1666666666666,18,18165,C,165,VERMILLION,0,0,0,0,21000.00,0.00,Heavy Rain / Snow Melt,0,"[[39.7713,-87.3835],[39.7911,-87.3798],[39.8071,-87.3889],[39.8099,-87.3808],[39.7927,-87.3705],[39.7713,-87.3722]]",0,1,county_code_unverified|timezone_not_normalized_to_utc
79839,14159,2008,2008-02-05T12:30:00,2008-02-27T22:15:00,EST-5,537.75,18,18167,C,167,VIGO,0,0,0,0,25000.00,0.00,Heavy Rain / Snow Melt,0,"[[39.4924,-87.4392],[39.4948,-87.4242],[39.4768,-87.4151],[39.4561,-87.4163],[39.4484,-87.4196],[39.451,-87.4309],[39.4627,-87.4295],[39.473,-87.4309]]",0,1,county_code_unverified|timezone_not_normalized_to_utc
79850,14159,2008,2008-02-05T22:30:00,2008-02-29T23:59:00,EST-5,577.4833333333333,18,18153,C,153,SULLIVAN,0,0,0,0,10000.00,0.00,Heavy Rain / Snow Melt,0,"[[39.02,-87.58],[39.0408,-87.5871],[39.0417,-87.5703],[39.0235,-87.564],[39.0085,-87.5624],[39.0002,-87.5717],[39.0053,-87.583]]",0,1,county_code_unverified|timezone_not_normalized_to_utc
79938,14232,2008,2008-03-04T10:15:00,2008-03-04T13:00:00,EST-5,2.75,39,39127,C,127,PERRY,0,0,0,0,2000.00,0.00,Heavy Rain,0,"[[39.9024,-82.403],[39.8992,-82.2018],[39.6279,-82.2059],[39.6702,-82.359]]",0,1,county_code_unverified|timezone_not_normalized_to_utc
79943,14232,2008,2008-03-04T09:30:00,2008-03-06T08:00:00,EST-5,46.5,39,39009,C,009,ATHENS,0,0,0,0,2000.00,0.00,Heavy Rain,0,"[[39.4479,-82.2093],[39.4298,-81.8715],[39.2248,-81.8948],[39.2354,-82.2093]]",0,1,county_code_unverified|timezone_not_normalized_to_utc
79945,14232,2008,2008-03-04T10:15:00,2008-03-04T13:00:00,EST-5,2.75,39,39115,C,115,MORGAN,0,0,0,0,1000.00,0.00,Heavy Rain,0,"[[39.7684,-81.9772],[39.722,-81.7143],[39.5379,-81.7864],[39.5501,-81.9422]]",0,1,county_code_unverified|timezone_not_normalized_to_utc
79954,14232,2008,2008-03-06T12:00:00,2008-03-08T02:00:00,EST-5,38.0,39,39105,C,105,MEIGS,0,0,0,0,0.00,0.00,Heavy Rain,0,"[[38.9861,-82.0775],[39.0363,-82.0614],[39.0355,-82.0026],[39.0328,-82.0214]]",0,1,county_code_unverified|timezone_not_normalized_to_utc
79955,14232,2008,2008-03-06T12:00:00,2008-03-08T02:00:00,EST-5,38.0,39,39053,C,053,GALLIA,0,0,0,0,1000.00,0.00,Heavy Rain,0,"[[38.813,-82.234],[38.9509,-82.1475],[38.9423,-82.1091],[38.8985,-82.1455],[38.844,-82.1503],[38.8065,-82.1997]]",0,1,county_code_unverified|timezone_not_normalized_to_utc
80202,12779,2008,2008-02-18T19:20:00,2008-02-20T15:45:00,EST-5,44.416666666666664,34,34027,C,027,MORRIS,0,0,0,0,0.00,0.00,Heavy Rain,0,"[[40.8693,-74.4406],[40.8331,-74.4366],[40.87,-74.3226],[40.93,-74.3],[40.9102,-74.4135]]",0,1,county_code_unverified|timezone_not_normalized_to_utc
80227,14159,2008,2008-02-07T17:00:00,2008-02-26T13:30:00,EST-5,452.5,18,18083,C,083,KNOX,0,0,0,0,10000.00,0.00,Heavy Rain / Snow Melt,0,"[[38.6789,-87.5605],[38.684,-87.5349],[38.6978,-87.5225],[38.6953,-87.5157],[38.6818,-87.5284],[38.6725,-87.5576]]",0,1,county_code_unverified|timezone_not_normalized_to_utc
80232,14159,2008,2008-02-07T23:00:00,2008-02-25T12:51:00,EST-5,421.85,18,18083,C,083,KNOX,0,0,0,0,10000.00,0.00,Heavy Rain / Snow Melt,0,"[[38.727,-87.5161],[38.715,-87.5243],[38.7008,-87.5253],[38.6906,-87.5289],[38.689,-87.5198],[38.7005,-87.5154],[38.7153,-87.513],[38.7233,-87.5051]]",0,1,county_code_unverified|timezone_not_normalized_to_utc
80246,14159,2008,2008-02-07T20:00:00,2008-02-22T20:47:00,EST-5,360.78333333333336,18,18083,C,083,KNOX,0,0,0,0,10000.00,0.00,Heavy Rain / Snow Melt,0,"[[38.4181,-87.756],[38.4221,-87.7327],[38.4376,-87.7306],[38.4391,-87.7454]]",0,1,county_code_unverified|timezone_not_normalized_to_utc
80248,14159,2008,2008-02-05T16:00:00,2008-02-22T16:00:00,EST-5,408.0,18,18121,C,121,PARKE,0,0,0,0,15000.00,0.00,Heavy Rain / Snow Melt,0,"[[39.7019,-87.3983],[39.6247,-87.4031],[39.6311,-87.3798],[39.7056,-87.3708]]",0,1,county_code_unverified|timezone_not_normalized_to_utc
80275,14159,2008,2008-02-05T20:00:00,2008-02-29T23:59:00,EST-5,579.9833333333333,18,18153,C,153,SULLIVAN,0,0,0,0,10000.00,0.00,Heavy Rain / Snow Melt,0,"[[39.1221,-87.6474],[39.1138,-87.6579],[39.1024,-87.6539],[39.1024,-87.6371],[39.1073,-87.6328],[39.1068,-87.6477],[39.1124,-87.6494],[39.1187,-87.6417]]",0,1,county_code_unverified|timezone_not_normalized_to_utc
80282,14269,2008,2008-02-06T18:30:00,2008-02-07T01:00:00,EST-5,6.5,42,42105,C,105,POTTER,0,0,0,0,0.00,0.00,Heavy Rain,0,"[[41.78,-78.15],[41.78,-78.053],[41.6,-77.9732],[41.6,-78.07]]",0,1,county_code_unverified|timezone_not_normalized_to_utc
80293,14269,2008,2008-02-06T09:00:00,2008-02-06T14:00:00,EST-5,5.0,42,42105,C,105,POTTER,0,0,0,0,0.00,0.00,Heavy Rain,0,"[[41.9972,-77.879],[41.9972,-77.861],[41.9795,-77.8425],[41.9795,-77.8975]]",0,1,county_code_unverified|timezone_not_normalized_to_utc
80302,14274,2008,2008-02-08T16:00:00,2008-02-13T23:03:00,EST-5,127.05,18,18093,C,093,LAWRENCE,0,0,0,0,10000.00,0.00,Heavy Rain / Snow Melt,0,"[[38.7837,-86.431],[38.762,-86.4205],[38.7684,-86.3925],[38.7764,-86.3937],[38.7706,-86.4149],[38.7851,-86.4228]]",0,1,county_code_unverified|timezone_not_normalized_to_utc
80306,14274,2008,2008-02-09T18:00:00,2008-02-13T07:31:00,EST-5,85.51666666666667,18,18093,C,093,LAWRENCE,0,0,0,0,10000.00,0.00,Heavy Rain / Snow Melt,0,"[[38.8282,-86.518],[38.8342,-86.5129],[38.844,-86.5366],[38.8374,-86.5397]]",0,1,county_code_unverified|timezone_not_normalized_to_utc
80307,13933,2008,2008-02-06T01:24:00,2008-02-06T07:24:00,CST-6,6.0,21,21141,C,141,LOGAN,0,0,0,0,0.00,0.00,Heavy Rain,0,"[[36.9916,-87.0309],[36.6882,-87.0721],[36.6905,-86.7865],[36.9916,-86.7947]]",0,1,county_code_unverified|timezone_not_normalized_to_utc
80309,14274,2008,2008-02-09T20:30:00,2008-02-13T14:30:00,EST-5,90.0,18,18093,C,093,LAWRENCE,0,0,0,0,10000.00,0.00,Heavy Rain / Snow Melt,0,"[[38.7972,-86.653],[38.8067,-86.6427],[38.7979,-86.6312],[38.7969,-86.6423]]",0,1,county_code_unverified|timezone_not_normalized_to_utc
80310,13933,2008,2008-02-06T04:23:00,2008-02-06T10:23:00,EST-5,6.0,21,21045,C,045,CASEY,0,0,0,0,0.00,0.00,Heavy Rain,0,"[[37.3602,-84.9463],[37.3431,-84.9676],[37.3386,-84.9454],[37.358,-84.9302]]",0,1,county_code_unverified|timezone_not_normalized_to_utc
80312,14289,2008,2008-02-12T03:30:00,2008-02-12T20:39:00,EST-5,17.15,18,18101,C,101,MARTIN,0,0,0,0,20000.00,0.00,Heavy Rain / Snow Melt,0,"[[38.6619,-86.804],[38.671,-86.7929],[38.6869,-86.7989],[38.6859,-86.7898],[38.6708,-86.7844],[38.657,-86.7997]]",0,1,county_code_unverified|timezone_not_normalized_to_utc
80317,14159,2008,2008-02-06T00:45:00,2008-02-07T20:30:00,EST-5,43.75,18,18035,C,035,DELAWARE,0,0,0,0,10000.00,0.00,Heavy Rain / Snow Melt,0,"[[40.1923,-85.3991],[40.216,-85.4014],[40.2127,-85.3603],[40.1953,-85.3622]]",0,1,county_code_unverified|timezone_not_normalized_to_utc
80323,14159,2008,2008-02-06T06:00:00,2008-02-08T11:57:00,EST-5,53.95,18,18095,C,095,MADISON,0,0,0,0,10000.00,0.00,Heavy Rain / Snow Melt,0,"[[40.0987,-85.6669],[40.1183,-85.6875],[40.1239,-85.6777],[40.1088,-85.6604]]",0,1,county_code_unverified|timezone_not_normalized_to_utc
80328,14159,2008,2008-02-05T23:03:00,2008-02-09T04:28:00,EST-5,77.41666666666667,18,18057,C,057,HAMILTON,0,0,0,0,10000.00,0.00,Heavy Rain / Snow Melt,0,"[[40.0656,-86.0192],[40.0488,-86.0185],[40.0485,-86.0121],[40.0655,-86.0113]]",0,1,county_code_unverified|timezone_not_normalized_to_utc
80341,14159,2008,2008-02-05T22:30:00,2008-02-09T14:43:00,EST-5,88.21666666666667,18,18097,C,097,MARION,0,0,0,0,10000.00,0.00,Heavy Rain / Snow Melt,0,"[[39.9095,-86.1247],[39.9258,-86.0966],[39.919,-86.0724],[39.9025,-86.1026]]",0,1,county_code_unverified|timezone_not_normalized_to_utc
80344,14159,2008,2008-02-05T23:00:00,2008-02-10T02:00:00,EST-5,99.0,18,18097,C,097,MARION,0,0,0,0,10000.00,0.00,Heavy Rain / Snow Melt,0,"[[39.88,-86.13],[39.8826,-86.1392],[39.8943,-86.1404],[39.8896,-86.1318],[39.898,-86.1205],[39.891,-86.1177]]",0,1,county_code_unverified|timezone_not_normalized_to_utc
80346,14159,2008,2008-02-06T03:00:00,2008-02-10T06:24:00,EST-5,99.4,18,18109,C,109,MORGAN,0,0,0,0,10000.00,0.00,Heavy Rain / Snow Melt,0,"[[39.4923,-86.4385],[39.4881,-86.4198],[39.5054,-86.4085],[39.5074,-86.4216]]",0,1,county_code_unverified|timezone_not_normalized_to_utc
80348,14159,2008,2008-02-06T01:00:00,2008-02-10T13:34:00,EST-5,108.56666666666666,18,18109,C,109,MORGAN,0,0,0,0,10000.00,0.00,Heavy Rain / Snow Melt,0,"[[39.498,-86.4157],[39.4916,-86.3977],[39.496,-86.3922],[39.5052,-86.4149]]",0,1,county_code_unverified|timezone_not_normalized_to_utc
80352,14159,2008,2008-02-06T04:00:00,2008-02-12T01:23:00,EST-5,141.38333333333333,18,18119,C,119,OWEN,0,0,0,0,15000.00,0.00,Heavy Rain / Snow Melt,0,"[[39.274,-86.7695],[39.2779,-86.7448],[39.2818,-86.7495],[39.2808,-86.7699]]",0,1,county_code_unverified|timezone_not_normalized_to_utc
80356,14159,2008,2008-02-06T09:30:00,2008-02-13T15:27:00,EST-5,173.95,18,18055,C,055,GREENE,0,0,0,0,15000.00,0.00,Heavy Rain / Snow Melt,0,"[[39.03,-86.97],[39.0371,-86.9657],[39.0361,-86.9581],[39.0305,-86.9616],[39.0199,-86.9681],[39.0225,-86.9748]]",0,1,county_code_unverified|timezone_not_normalized_to_utc
80358,14159,2008,2008-02-06T06:00:00,2008-02-13T17:48:00,EST-5,179.8,18,18055,C,055,GREENE,0,0,0,0,15000.00,0.00,Heavy Rain / Snow Melt,0,"[[38.92,-87.02],[38.9239,-87.0049],[38.9332,-87.01],[38.9406,-87.0385],[38.9308,-87.0447]]",0,1,county_code_unverified|timezone_not_normalized_to_utc
80359,14159,2008,2008-02-06T15:30:00,2008-02-15T03:24:00,EST-5,203.9,18,18083,C,083,KNOX,0,0,0,0,10000.00,0.00,Heavy Rain / Snow Melt,0,"[[38.8025,-87.2472],[38.8045,-87.2397],[38.8099,-87.2308],[38.8164,-87.2263],[38.8229,-87.2376],[38.8197,-87.2457],[38.8088,-87.2486]]",0,1,county_code_unverified|timezone_not_normalized_to_utc
80360,14159,2008,2008-02-06T15:30:00,2008-02-15T03:24:00,EST-5,203.9,18,18027,C,027,DAVIESS,0,0,0,0,20000.00,0.00,Heavy Rain / Snow Melt,0,"[[38.8012,-87.2486],[38.8223,-87.2459],[38.8217,-87.2248],[38.8008,-87.2289]]",0,1,county_code_unverified|timezone_not_normalized_to_utc
80361,14159,2008,2008-02-06T11:07:00,2008-02-17T02:41:00,EST-5,255.56666666666666,18,18083,C,083,KNOX,0,0,0,0,10000.00,0.00,Heavy Rain / Snow Melt,0,"[[38.5193,-87.2627],[38.5266,-87.2711],[38.5311,-87.2613],[38.5476,-87.252],[38.5402,-87.2426],[38.539,-87.2481],[38.5257,-87.2479]]",0,1,county_code_unverified|timezone_not_normalized_to_utc
80362,14159,2008,2008-02-06T10:50:00,2008-02-17T06:14:00,EST-5,259.4,18,18083,C,083,KNOX,0,0,0,0,10000.00,0.00,Heavy Rain / Snow Melt,0,"[[38.5154,-87.2981],[38.5287,-87.2606],[38.5214,-87.2522],[38.5047,-87.2953],[38.5108,-87.3125]]",0,1,county_code_unverified|timezone_not_normalized_to_utc
80363,14159,2008,2008-02-06T20:00:00,2008-02-18T18:19:00,EST-5,286.31666666666666,18,18083,C,083,KNOX,0,0,0,0,10000.00,0.00,Heavy Rain / Snow Melt,0,"[[38.4949,-87.5725],[38.4944,-87.5456],[38.5201,-87.5537],[38.5223,-87.5248],[38.5055,-87.5253],[38.497,-87.5221],[38.4864,-87.5428],[38.4864,-87.5734]]",0,1,county_code_unverified|timezone_not_normalized_to_utc
80366,14159,2008,2008-02-05T23:00:00,2008-02-08T00:07:00,EST-5,49.11666666666667,18,18021,C,021,CLAY,0,0,0,0,10000.00,0.00,Heavy Rain / Snow Melt,0,"[[39.3786,-87.026],[39.3743,-87.0146],[39.3969,-86.998],[39.4038,-87.0097]]",0,1,county_code_unverified|timezone_not_normalized_to_utc
80369,14159,2008,2008-02-05T07:50:00,2008-02-07T19:52:00,EST-5,60.03333333333333,18,18135,C,135,RANDOLPH,0,0,0,0,10000.00,0.00,Heavy Rain / Snow Melt,0,"[[40.2821,-84.9995],[40.2825,-84.9877],[40.2792,-84.9873],[40.2792,-84.999]]",0,1,county_code_unverified|timezone_not_normalized_to_utc
80370,14159,2008,2008-02-05T10:28:00,2008-02-07T10:18:00,EST-5,47.833333333333336,18,18133,C,133,PUTNAM,0,0,0,0,5000.00,0.00,Heavy Rain / Snow Melt,0,"[[39.5421,-86.9806],[39.5297,-86.9594],[39.523,-86.9767],[39.5382,-86.993]]",0,1,county_code_unverified|timezone_not_normalized_to_utc
80371,14159,2008,2008-02-06T12:41:00,2008-02-07T17:59:00,EST-5,29.3,18,18067,C,067,HOWARD,0,0,0,0,5000.00,0.00,Heavy Rain / Snow Melt,0,"[[40.4727,-86.1636],[40.4739,-86.144],[40.4668,-86.1445],[40.4657,-86.1622]]",0,1,county_code_unverified|timezone_not_normalized_to_utc
80372,14159,2008,2008-02-06T02:15:00,2008-02-08T09:24:00,EST-5,55.15,18,18145,C,145,SHELBY,0,0,0,0,10000.00,0.00,Heavy Rain / Snow Melt,0,"[[39.5353,-85.7934],[39.5365,-85.7608],[39.5284,-85.7631],[39.5244,-85.7624],[39.5232,-85.79],[39.5276,-85.7916]]",0,1,county_code_unverified|timezone_not_normalized_to_utc
80373,14159,2008,2008-02-06T05:01:00,2008-02-07T07:42:00,EST-5,26.683333333333334,18,18139,C,139,RUSH,0,0,0,0,10000.00,0.00,Heavy Rain / Snow Melt,0,"[[39.7405,-85.5791],[39.7395,-85.5723],[39.7477,-85.5684],[39.7489,-85.5756]]",0,1,county_code_unverified|timezone_not_normalized_to_utc
80374,14159,2008,2008-02-06T01:00:00,2008-02-07T09:18:00,EST-5,32.3,18,18081,C,081,JOHNSON,0,0,0,0,5000.00,0.00,Heavy Rain / Snow Melt,0,"[[39.4309,-86.0224],[39.4129,-86.0153],[39.4138,-85.9989],[39.4313,-86.009]]",0,1,county_code_unverified|timezone_not_normalized_to_utc
80494,14159,2008,2008-02-05T12:32:00,2008-02-11T11:08:00,EST-5,142.6,18,18015,C,015,CARROLL,0,0,0,0,500000.00,0.00,Heavy Rain / Snow Melt,0,"[[40.6027,-86.769],[40.5991,-86.7384],[40.5931,-86.7508],[40.5938,-86.7671],[40.5824,-86.7642],[40.5845,-86.7757],[40.5988,-86.7755]]",0,1,county_code_unverified|timezone_not_normalized_to_utc
80495,14159,2008,2008-02-06T10:24:00,2008-02-08T15:11:00,EST-5,52.78333333333333,18,18081,C,081,JOHNSON,0,0,0,0,5000.00,0.00,Heavy Rain / Snow Melt,0,"[[39.3676,-85.997],[39.3668,-85.9902],[39.3545,-85.9874],[39.3536,-85.9975]]",0,1,county_code_unverified|timezone_not_normalized_to_utc
80498,14159,2008,2008-02-05T19:20:00,2008-02-09T08:49:00,EST-5,85.48333333333333,18,18157,C,157,TIPPECANOE,0,0,0,0,7000.00,0.00,Heavy Rain / Snow Melt,0,"[[40.4436,-86.8365],[40.4465,-86.8359],[40.4442,-86.829],[40.4423,-86.8278],[40.4383,-86.8286],[40.4387,-86.8334],[40.4421,-86.8315]]",0,1,county_code_unverified|timezone_not_normalized_to_utc
80504,14159,2008,2008-02-06T12:45:00,2008-02-08T18:22:00,EST-5,53.61666666666667,18,18005,C,005,BARTHOLOMEW,0,0,0,0,7000.00,0.00,Heavy Rain / Snow Melt,0,"[[39.2402,-85.9315],[39.2276,-85.9316],[39.2284,-85.9222],[39.24,-85.9225]]",0,1,county_code_unverified|timezone_not_normalized_to_utc
80505,14276,2008,2008-02-01T16:30:00,2008-02-01T18:00:00,EST-5,1.5,24,24005,C,005,BALTIMORE,0,0,0,0,0.00,0.00,Heavy Rain,0,"[[39.3302,-76.4767],[39.3303,-76.4768],[39.3302,-76.4769],[39.3301,-76.4767]]",0,1,county_code_unverified|timezone_not_normalized_to_utc
80506,14276,2008,2008-02-01T16:00:00,2008-02-01T18:00:00,EST-5,2.0,24,24005,C,005,BALTIMORE,0,0,0,0,0.00,0.00,Heavy Rain,0,"[[39.3987,-76.6486],[39.3988,-76.6484],[39.3987,-76.6483],[39.3986,-76.6485]]",0,1,county_code_unverified|timezone_not_normalized_to_utc
80535,14159,2008,2008-02-06T03:57:00,2008-02-11T05:22:00,EST-5,121.41666666666667,18,18071,C,071,JACKSON,6,0,0,0,15000.00,0.00,Heavy Rain / Snow Melt,0,"[[38.9778,-85.8971],[38.9926,-85.8903],[39.0002,-85.8977],[38.9872,-85.9323],[38.9397,-85.9879],[38.922,-86.0367],[38.898,-86.0099],[38.9327,-85.944]]",0,1,county_code_unverified|timezone_not_normalized_to_utc
80564,14159,2008,2008-02-06T05:25:00,2008-02-16T02:33:00,EST-5,237.13333333333333,18,18071,C,071,JACKSON,0,0,0,0,10000.00,0.00,Heavy Rain / Snow Melt,0,"[[38.7804,-86.2266],[38.7728,-86.2226],[38.7633,-86.2363],[38.7697,-86.2432]]",0,1,county_code_unverified|timezone_not_normalized_to_utc
80566,14159,2008,2008-02-05T14:00:00,2008-02-12T22:00:00,EST-5,176.0,18,18071,C,071,JACKSON,0,0,0,0,10000.00,0.00,Heavy Rain / Snow Melt,0,"[[38.7758,-86.1565],[38.772,-86.1067],[38.7621,-86.0995],[38.7572,-86.1338],[38.7703,-86.1646]]",0,1,county_code_unverified|timezone_not_normalized_to_utc
80567,14159,2008,2008-02-05T05:00:00,2008-02-10T19:51:00,EST-5,134.85,18,18015,C,015,CARROLL,0,0,0,0,750000.00,0.00,Heavy Rain / Snow Melt,0,"[[40.6562,-86.7783],[40.602,-86.7741],[40.6007,-86.7371],[40.6572,-86.7378]]",0,1,county_code_unverified|timezone_not_normalized_to_utc
80610,14344,2008,2008-02-06T11:30:00,2008-02-07T11:30:00,EST-5,24.0,18,18101,C,101,MARTIN,0,0,1,0,10000.00,0.00,Heavy Rain / Snow Melt,1,"[[38.7966,-86.7039],[38.796,-86.7049],[38.7945,-86.7013],[38.7957,-86.7001]]",0,1,county_code_unverified|timezone_not_normalized_to_utc
80742,14358,2008,2008-02-05T22:45:00,2008-02-06T23:35:00,EST-5,24.833333333333332,18,18077,C,077,JEFFERSON,0,0,0,0,0.00,0.00,Heavy Rain,0,"[[38.8047,-85.641],[38.8035,-85.6906],[38.8218,-85.6916],[38.8211,-85.6383]]",0,1,county_code_unverified|timezone_not_normalized_to_utc
80753,14360,2008,2008-02-09T07:00:00,2008-02-13T21:45:00,EST-5,110.75,18,18123,C,123,PERRY,0,0,0,0,0.00,0.00,Heavy Rain,0,"[[37.95,-86.77],[37.929,-86.7584],[37.9288,-86.5235],[38.0346,-86.529],[37.9726,-86.7783]]",0,1,county_code_unverified|timezone_not_normalized_to_utc
80754,14361,2008,2008-02-06T10:00:00,2008-02-07T08:00:00,EST-5,22.0,21,21181,C,181,NICHOLAS,0,0,0,0,0.00,0.00,Heavy Rain,0,"[[38.35,-83.95],[38.3874,-84.0677],[38.4114,-84.0427],[38.382,-83.9513]]",0,1,county_code_unverified|timezone_not_normalized_to_utc
80756,14361,2008,2008-02-08T05:00:00,2008-02-10T06:15:00,CST-6,49.25,21,21031,C,031,BUTLER,0,0,0,0,0.00,0.00,Heavy Rain,0,"[[37.22,-86.9],[37.2052,-86.9036],[37.2228,-86.8727],[37.2369,-86.8902]]",0,1,county_code_unverified|timezone_not_normalized_to_utc
80758,14361,2008,2008-02-07T05:00:00,2008-02-09T10:40:00,CST-6,53.666666666666664,21,21031,C,031,BUTLER,0,0,0,0,0.00,0.00,Heavy Rain,0,"[[37.2325,-86.6248],[37.2437,-86.6667],[37.2322,-86.6972],[37.2137,-86.6749],[37.2142,-86.6447],[37.1832,-86.6415],[37.1953,-86.6097]]",0,1,county_code_unverified|timezone_not_normalized_to_utc
80760,14361,2008,2008-02-07T18:30:00,2008-02-08T18:45:00,CST-6,24.25,21,21061,C,061,EDMONSON,0,0,0,0,0.00,0.00,Heavy Rain,0,"[[37.18,-86.27],[37.133,-86.2969],[37.1617,-86.3477],[37.1847,-86.3357],[37.2008,-86.2928],[37.232,-86.2736],[37.2276,-86.2204],[37.1986,-86.2248]]",0,1,county_code_unverified|timezone_not_normalized_to_utc
80761,14361,2008,2008-02-07T08:30:00,2008-02-07T20:15:00,CST-6,11.75,21,21099,C,099,HART,0,0,0,0,0.00,0.00,Heavy Rain,0,"[[37.2839,-85.9818],[37.2418,-85.966],[37.2888,-85.784],[37.3303,-85.7977]]",0,1,county_code_unverified|timezone_not_normalized_to_utc
80762,14361,2008,2008-02-08T03:45:00,2008-02-08T14:45:00,EST-5,11.0,21,21179,C,179,NELSON,0,0,0,0,0.00,0.00,Heavy Rain,0,"[[37.6499,-85.6038],[37.6751,-85.556],[37.8456,-85.6879],[37.8109,-85.7593]]",0,1,county_code_unverified|timezone_not_normalized_to_utc
80763,14363,2008,2008-03-04T22:00:00,2008-03-05T07:00:00,EST-5,9.0,42,42061,C,061,HUNTINGDON,0,0,0,0,0.00,0.00,Heavy Rain,0,"[[40.5512,-78.0873],[40.5512,-77.9527],[40.4488,-77.9527],[40.4488,-78.0873]]",0,1,county_code_unverified|timezone_not_normalized_to_utc
80764,14363,2008,2008-03-04T23:00:00,2008-03-05T07:00:00,EST-5,8.0,42,42027,C,027,CENTRE,0,0,0,0,0.00,0.00,Heavy Rain,0,"[[40.8,-78.05],[41.1,-78.07],[41.02,-77.67],[40.88,-77.47]]",0,1,county_code_unverified|timezone_not_normalized_to_utc
80766,14363,2008,2008-03-05T01:00:00,2008-03-05T06:30:00,EST-5,5.5,42,42099,C,099,PERRY,0,0,0,0,0.00,0.00,Heavy Rain,0,"[[40.33,-77.5],[40.32,-77.17],[40.47,-77.13],[40.45,-77.38]]",0,1,county_code_unverified|timezone_not_normalized_to_utc
80767,14363,2008,2008-03-05T03:00:00,2008-03-05T06:30:00,EST-5,3.5,42,42113,C,113,SULLIVAN,0,0,0,0,0.00,0.00,Heavy Rain,0,"[[41.55,-76.75],[41.53,-76.28],[41.3353,-76.38],[41.3053,-76.72]]",0,1,county_code_unverified|timezone_not_normalized_to_utc
80768,14363,2008,2008-03-05T03:00:00,2008-03-05T06:30:00,EST-5,3.5,42,42119,C,119,UNION,0,0,0,0,0.00,0.00,Heavy Rain,0,"[[41.0224,-76.88],[40.8776,-76.88],[40.8476,-77.03],[40.9924,-77.03]]",0,1,county_code_unverified|timezone_not_normalized_to_utc
80769,14361,2008,2008-02-06T12:05:00,2008-02-07T03:55:00,EST-5,15.833333333333334,21,21017,C,017,BOURBON,0,0,0,0,0.00,0.00,Heavy Rain,0,"[[38.22,-84.25],[38.1794,-84.3118],[38.1583,-84.2342],[38.2055,-84.1965]]",0,1,county_code_unverified|timezone_not_normalized_to_utc
80770,14363,2008,2008-03-05T03:00:00,2008-03-05T06:30:00,EST-5,3.5,42,42035,C,035,CLINTON,0,0,0,0,0.00,0.00,Heavy Rain,0,"[[41.27,-77.88],[41.33,-77.52],[41.05,-77.22],[41.05,-77.52]]",0,1,county_code_unverified|timezone_not_normalized_to_utc
80771,14363,2008,2008-03-05T03:00:00,2008-03-05T06:30:00,EST-5,3.5,42,42081,C,081,LYCOMING,0,0,0,0,0.00,0.00,Heavy Rain,0,"[[41.52,-77.43],[41.5,-76.97],[41.23,-76.5623],[41.18,-76.8223],[41.15,-77.0923],[41.32,-77.3122]]",0,1,county_code_unverified|timezone_not_normalized_to_utc
80772,14363,2008,2008-03-05T03:00:00,2008-03-05T08:00:00,EST-5,5.0,42,42133,C,133,YORK,0,0,0,0,0.00,0.00,Heavy Rain,0,"[[39.8,-76.98],[39.95,-76.6256],[40.0079,-76.72],[39.9879,-76.87]]",0,1,county_code_unverified|timezone_not_normalized_to_utc
80773,14363,2008,2008-03-05T03:00:00,2008-03-05T08:00:00,EST-5,5.0,42,42075,C,075,LEBANON,0,0,0,0,0.00,0.00,Heavy Rain,0,"[[40.25,-76.52],[40.4203,-76.6454],[40.5224,-76.52],[40.3393,-76.2297]]",0,1,county_code_unverified|timezone_not_normalized_to_utc
80774,14363,2008,2008-03-05T03:00:00,2008-03-05T08:00:00,EST-5,5.0,42,42037,C,037,COLUMBIA,0,0,0,0,0.00,0.00,Heavy Rain,0,"[[41.28,-76.38],[41.07,-76.23],[40.8,-76.35],[40.9193,-76.4906],[41.0493,-76.6207]]",0,1,county_code_unverified|timezone_not_normalized_to_utc
80777,14363,2008,2008-03-05T03:00:00,2008-03-05T08:00:00,EST-5,5.0,42,42001,C,001,ADAMS,0,0,0,0,0.00,0.00,Heavy Rain,0,"[[39.73,-77.42],[39.92,-77.3944],[40.0209,-77.1766],[39.9709,-76.9266],[39.75,-77.0047]]",0,1,county_code_unverified|timezone_not_normalized_to_utc
80819,14342,2008,2008-02-05T21:00:00,2008-02-06T10:00:00,EST-5,13.0,18,18063,C,063,HENDRICKS,0,0,0,0,5000.00,0.00,Heavy Rain,0,"[[39.7943,-86.4267],[39.7938,-86.381],[39.7642,-86.3646],[39.7431,-86.413]]",0,1,county_code_unverified|timezone_not_normalized_to_utc
80834,14342,2008,2008-02-05T21:00:00,2008-02-06T10:00:00,EST-5,13.0,18,18095,C,095,MADISON,0,0,0,0,9000.00,0.00,Heavy Rain,0,"[[40.3256,-85.8087],[40.3371,-85.5732],[40.1873,-85.5766],[40.1799,-85.7881]]",0,1,county_code_unverified|timezone_not_normalized_to_utc
80860,14387,2008,2008-02-13T12:00:00,2008-02-13T18:30:00,EST-5,6.5,09,09003,C,003,HARTFORD,0,0,0,0,20000.00,0.00,Heavy Rain,0,"[[41.8934,-72.65],[41.78,-72.52],[41.67,-72.78],[41.75,-72.88]]",0,1,county_code_unverified|timezone_not_normalized_to_utc
80863,14342,2008,2008-02-05T21:00:00,2008-02-06T10:00:00,EST-5,13.0,18,18097,C,097,MARION,0,0,0,0,10000.00,0.00,Heavy Rain,0,"[[39.7874,-86.3031],[39.6734,-86.3004],[39.6861,-85.9996],[39.7832,-86.0065],[39.9213,-86.0106],[39.9329,-86.1575],[39.9224,-86.2976]]",0,1,county_code_unverified|timezone_not_normalized_to_utc
80866,14342,2008,2008-02-05T21:00:00,2008-02-06T10:00:00,EST-5,13.0,18,18079,C,079,JENNINGS,0,0,0,0,5000.00,0.00,Heavy Rain,0,"[[39.08,-85.6],[39.0149,-85.4764],[38.9455,-85.6068],[38.9925,-85.7112]]",0,1,county_code_unverified|timezone_not_normalized_to_utc
80873,14382,2008,2008-02-13T12:30:00,2008-02-13T22:15:00,EST-5,9.75,25,25027,C,027,WORCESTER,0,0,0,0,10000.00,0.00,Heavy Rain,0,"[[42.27,-71.8],[42.38,-71.95],[42.68,-72.18],[42.35,-71.73],[42.15,-71.52],[42.02,-71.5]]",0,1,county_code_unverified|timezone_not_normalized_to_utc
80879,14342,2008,2008-02-05T21:00:00,2008-02-06T01:00:00,EST-5,4.0,18,18159,C,159,TIPTON,0,0,0,0,5000.00,0.00,Heavy Rain,0,"[[40.28,-86.05],[40.2921,-85.9694],[40.2612,-85.9715],[40.2507,-86.0408]]",0,1,county_code_unverified|timezone_not_normalized_to_utc
80891,14382,2008,2008-02-13T11:00:00,2008-02-13T18:30:00,EST-5,7.5,25,25013,C,013,HAMPDEN,0,0,0,0,10000.00,0.00,Heavy Rain,0,"[[42.05,-72.77],[42.12,-72.58],[42.13,-72.58],[42.12,-72.75]]",0,1,county_code_unverified|timezone_not_normalized_to_utc
80896,14387,2008,2008-02-13T15:05:00,2008-02-13T22:15:00,EST-5,7.166666666666667,09,09013,C,013,TOLLAND,0,0,0,0,0.00,0.00,Heavy Rain,0,"[[41.8711,-72.47],[41.82,-72.48],[41.82,-72.5188],[41.9,-72.5089]]",0,1,county_code_unverified|timezone_not_normalized_to_utc
80899,14382,2008,2008-02-13T15:20:00,2008-02-13T21:00:00,EST-5,5.666666666666667,25,25009,C,009,ESSEX,0,0,0,0,30000.00,0.00,Heavy Rain,0,"[[42.78,-71.08],[42.52,-70.9],[42.55,-70.87],[42.75,-71.03]]",0,1,county_code_unverified|timezone_not_normalized_to_utc
80901,14382,2008,2008-02-13T15:37:00,2008-02-13T21:00:00,EST-5,5.383333333333334,25,25025,C,025,SUFFOLK,0,0,0,0,5000.00,0.00,Heavy Rain,0,"[[42.3645,-71.13],[42.35,-71.1104],[42.3355,-71.13],[42.35,-71.1496]]",0,1,county_code_unverified|timezone_not_normalized_to_utc
80902,14382,2008,2008-02-13T15:40:00,2008-02-13T23:00:00,EST-5,7.333333333333333,25,25011,C,011,FRANKLIN,0,0,0,0,5000.00,0.00,Heavy Rain,0,"[[42.6145,-72.6],[42.6,-72.5803],[42.5855,-72.6],[42.6,-72.6197]]",0,1,county_code_unverified|timezone_not_normalized_to_utc
80904,14382,2008,2008-02-13T15:44:00,2008-02-14T06:00:00,EST-5,14.266666666666667,25,25021,C,021,NORFOLK,0,0,0,0,10000.00,0.00,Heavy Rain,0,"[[42.18,-71.22],[42.13,-71.25],[42.17,-71.05],[42.22,-70.95],[42.27,-71.03]]",0,1,county_code_unverified|timezone_not_normalized_to_utc
80907,14385,2008,2008-02-13T16:15:00,2008-02-13T22:15:00,EST-5,6.0,33,33011,C,011,HILLSBOROUGH,0,0,0,0,10000.00,0.00,Heavy Rain,0,"[[42.87,-71.93],[43.03,-71.95],[43.03,-71.9896],[42.87,-71.9695]]",0,1,county_code_unverified|timezone_not_normalized_to_utc
80910,14382,2008,2008-02-13T16:30:00,2008-02-14T05:30:00,EST-5,13.0,25,25015,C,015,HAMPSHIRE,0,0,0,0,0.00,0.00,Heavy Rain,0,"[[42.3345,-72.63],[42.32,-72.6104],[42.3055,-72.63],[42.32,-72.6496]]",0,1,county_code_unverified|timezone_not_normalized_to_utc
80915,14382,2008,2008-02-13T16:45:00,2008-02-13T21:00:00,EST-5,4.25,25,25005,C,005,BRISTOL,0,0,0,0,0.00,0.00,Heavy Rain,0,"[[41.63,-70.95],[41.75,-71.15],[41.7,-71.15],[41.67,-71.12]]",0,1,county_code_unverified|timezone_not_normalized_to_utc
80919,14387,2008,2008-02-13T16:50:00,2008-02-14T05:15:00,EST-5,12.416666666666666,09,09015,C,015,WINDHAM,0,0,0,0,20000.00,0.00,Heavy Rain,0,"[[41.7,-72.17],[41.9,-71.97],[41.92,-71.9],[41.67,-71.93]]",0,1,county_code_unverified|timezone_not_normalized_to_utc
80928,14391,2008,2008-02-13T17:00:00,2008-02-13T21:00:00,EST-5,4.0,44,44003,C,003,KENT,0,0,0,0,20000.00,0.00,Heavy Rain,0,"[[41.7005,-71.5974],[41.6595,-71.5426],[41.6795,-71.4226],[41.7205,-71.4774]]",0,1,county_code_unverified|timezone_not_normalized_to_utc
80933,14391,2008,2008-02-13T17:00:00,2008-02-13T21:00:00,EST-5,4.0,44,44007,C,007,PROVIDENCE,0,0,0,0,30000.00,0.00,Heavy Rain,0,"[[41.77,-71.45],[41.82,-71.47],[41.8,-71.6],[41.7411,-71.45]]",0,1,county_code_unverified|timezone_not_normalized_to_utc
80936,14382,2008,2008-02-13T17:00:00,2008-02-13T21:00:00,EST-5,4.0,25,25017,C,017,MIDDLESEX,0,0,0,0,0.00,0.00,Heavy Rain,0,"[[42.28,-71.4004],[42.28,-71.42],[42.309,-71.42],[42.3005,-71.3923]]",0,1,county_code_unverified|timezone_not_normalized_to_utc
80945,14382,2008,2008-02-13T17:12:00,2008-02-13T21:00:00,EST-5,3.8,25,25005,C,005,BRISTOL,0,0,0,0,0.00,0.00,Heavy Rain,0,"[[41.9945,-71.33],[41.98,-71.3105],[41.9655,-71.33],[41.98,-71.3495]]",0,1,county_code_unverified|timezone_not_normalized_to_utc
80947,14382,2008,2008-02-13T17:35:00,2008-02-13T21:00:00,EST-5,3.4166666666666665,25,25023,C,023,PLYMOUTH,0,0,0,0,0.00,0.00,Heavy Rain,0,"[[41.97,-70.6995],[41.97,-70.6761],[42.23,-70.8761],[42.23,-70.8996]]",0,1,county_code_unverified|timezone_not_normalized_to_utc
80948,14391,2008,2008-02-13T17:45:00,2008-02-13T21:00:00,EST-5,3.25,44,44001,C,001,BRISTOL,0,0,0,0,0.00,0.00,Heavy Rain,0,"[[41.6845,-71.27],[41.67,-71.2506],[41.6628,-71.27],[41.67,-71.2739]]",0,1,county_code_unverified|timezone_not_normalized_to_utc
80990,14361,2008,2008-02-06T15:20:00,2008-02-07T22:05:00,CST-6,30.75,21,21183,C,183,OHIO,0,0,0,0,0.00,0.00,Heavy Rain,0,"[[37.5883,-86.7621],[37.584,-86.747],[37.5763,-86.7507],[37.5813,-86.7659]]",0,1,county_code_unverified|timezone_not_normalized_to_utc
80993,14401,2008,2008-02-12T17:55:00,2008-02-14T09:35:00,CST-6,39.666666666666664,21,21183,C,183,OHIO,0,0,0,0,0.00,0.00,Heavy Rain,0,"[[37.5921,-86.7587],[37.5888,-86.7455],[37.5818,-86.7507],[37.5858,-86.7611]]",0,1,county_code_unverified|timezone_not_normalized_to_utc
80996,14402,2008,2008-02-22T15:50:00,2008-02-24T03:35:00,CST-6,35.75,21,21183,C,183,OHIO,0,0,0,0,0.00,0.00,Heavy Rain,0,"[[37.5917,-86.7608],[37.5859,-86.745],[37.5809,-86.7491],[37.5855,-86.7624]]",0,1,county_code_unverified|timezone_not_normalized_to_utc
81098,14226,2008,2008-03-04T18:00:00,2008-03-05T03:00:00,EST-5,9.0,54,54083,C,083,RANDOLPH,0,0,0,0,1000.00,0.00,Heavy Rain,0,"[[38.9701,-79.8116],[38.9381,-79.5094],[38.7509,-79.6523],[38.7926,-79.8418]]",0,1,county_code_unverified|timezone_not_normalized_to_utc
81099,14226,2008,2008-03-04T18:00:00,2008-03-05T07:00:00,EST-5,13.0,54,54075,C,075,POCAHONTAS,0,0,0,0,2000.00,0.00,Heavy Rain,0,"[[38.4407,-80.0958],[38.4794,-79.7855],[38.1767,-80.0155],[38.2317,-80.1837]]",0,1,county_code_unverified|timezone_not_normalized_to_utc
81100,14226,2008,2008-03-06T12:00:00,2008-03-08T02:00:00,EST-5,38.0,54,54053,C,053,MASON,0,0,0,0,2000.00,0.00,Heavy Rain,0,"[[39.0223,-82.0323],[38.9872,-81.9951],[38.7991,-82.1132],[38.8247,-82.1462],[38.906,-82.1228],[38.9669,-82.0857]]",0,1,county_code_unverified|timezone_not_normalized_to_utc
81599,14458,2008,2008-02-21T16:15:00,2008-02-21T22:15:00,CST-6,6.0,12,12005,C,005,BAY,0,0,0,0,750000.00,0.00,Heavy Rain,0,"[[30.18,-85.8],[30.27,-85.68],[30.28,-85.63],[30.13,-85.6]]",0,1,county_code_unverified|timezone_not_normalized_to_utc
81600,14458,2008,2008-02-21T17:00:00,2008-02-21T20:00:00,CST-6,3.0,12,12133,C,133,WASHINGTON,0,0,0,0,0.00,0.00,Heavy Rain,0,"[[30.6505,-85.6962],[30.6969,-85.6878],[30.737,-85.6685],[30.7458,-85.72]]",0,1,county_code_unverified|timezone_not_normalized_to_utc
81601,14458,2008,2008-02-21T19:00:00,2008-02-22T01:00:00,CST-6,6.0,12,12063,C,063,JACKSON,0,0,0,0,0.00,0.00,Heavy Rain,0,"[[30.7,-85.38],[30.8,-85.38],[30.87,-85.17],[30.7,-85.02]]",0,1,county_code_unverified|timezone_not_normalized_to_utc
81604,14468,2008,2008-02-24T18:00:00,2008-02-26T18:00:00,CST-6,48.0,12,12063,C,063,JACKSON,0,0,0,0,0.00,0.00,Heavy Rain,0,"[[30.7745,-85.2144],[30.7734,-85.2113],[30.7728,-85.2098],[30.7599,-85.2203]]",0,1,county_code_unverified|timezone_not_normalized_to_utc
81606,14470,2008,2008-02-24T11:00:00,2008-02-24T12:00:00,EST-5,1.0,13,13027,C,027,BROOKS,0,0,0,0,5000.00,0.00,Heavy Rain,0,"[[30.7895,-83.4595],[30.789,-83.4563],[30.7917,-83.4566],[30.7917,-83.4594]]",0,1,county_code_unverified|timezone_not_normalized_to_utc
81636,14186,2008,2008-03-01T00:00:00,2008-03-02T05:40:00,EST-5,29.666666666666668,18,18153,C,153,SULLIVAN,0,0,0,0,10000.00,0.00,Heavy Rain / Snow Melt,0,"[[39.02,-87.58],[39.0376,-87.5858],[39.0404,-87.5722],[39.024,-87.5624],[39.0017,-87.5693],[39.0061,-87.5837]]",0,1,county_code_unverified|timezone_not_normalized_to_utc
81637,14186,2008,2008-03-01T00:00:00,2008-03-01T21:34:00,EST-5,21.566666666666666,18,18153,C,153,SULLIVAN,0,0,0,0,10000.00,0.00,Heavy Rain / Snow Melt,0,"[[39.1077,-87.6448],[39.1247,-87.6321],[39.1263,-87.6531],[39.1105,-87.6608],[39.1006,-87.6539],[39.101,-87.6342],[39.1081,-87.6328]]",0,1,county_code_unverified|timezone_not_normalized_to_utc
81647,14484,2008,2008-03-03T11:00:00,2008-03-18T02:54:00,EST-5,351.9,18,18157,C,157,TIPPECANOE,0,0,0,0,15000.00,0.00,Heavy Rain / Snow Melt,0,"[[40.4788,-86.8902],[40.4537,-86.9003],[40.4213,-86.9039],[40.3983,-86.9396],[40.3905,-86.9238],[40.4183,-86.8888],[40.4579,-86.8847],[40.4715,-86.8727]]",0,1,county_code_unverified|timezone_not_normalized_to_utc
81649,14484,2008,2008-03-03T07:00:00,2008-03-27T00:46:00,EST-5,569.7666666666667,18,18045,C,045,FOUNTAIN,0,0,0,0,15000.00,0.00,Heavy Rain / Snow Melt,0,"[[40.1642,-87.4271],[40.1547,-87.4244],[40.1461,-87.4038],[40.1252,-87.4019],[40.1272,-87.4124],[40.1386,-87.4105],[40.153,-87.44],[40.1671,-87.446]]",0,1,county_code_unverified|timezone_not_normalized_to_utc
81651,14484,2008,2008-03-03T07:00:00,2008-03-27T00:46:00,EST-5,569.7666666666667,18,18171,C,171,WARREN,0,0,0,0,15000.00,0.00,Heavy Rain / Snow Melt,0,"[[40.1584,-87.4285],[40.1505,-87.4484],[40.1389,-87.4124],[40.124,-87.411],[40.1253,-87.3983],[40.1445,-87.3997]]",0,1,county_code_unverified|timezone_not_normalized_to_utc
81652,14484,2008,2008-03-03T11:51:00,2008-03-31T23:59:00,EST-5,684.1333333333333,18,18121,C,121,PARKE,0,0,0,0,15000.00,0.00,Heavy Rain / Snow Melt,0,"[[39.8,-87.37],[39.8017,-87.3873],[39.7917,-87.3811],[39.7801,-87.3791],[39.769,-87.3853],[39.7671,-87.3719]]",0,1,county_code_unverified|timezone_not_normalized_to_utc
81654,14484,2008,2008-03-03T11:51:00,2008-03-31T23:59:00,EST-5,684.1333333333333,18,18165,C,165,VERMILLION,0,0,0,0,15000.00,0.00,Heavy Rain / Snow Melt,0,"[[39.7732,-87.3863],[39.7922,-87.3825],[39.808,-87.3908],[39.8091,-87.3784],[39.7938,-87.3688],[39.7748,-87.3705]]",0,1,county_code_unverified|timezone_not_normalized_to_utc
81655,14484,2008,2008-03-04T01:30:00,2008-03-31T23:59:00,EST-5,670.4833333333333,18,18167,C,167,VIGO,0,0,0,0,15000.00,0.00,Heavy Rain / Snow Melt,0,"[[39.47,-87.4],[39.5326,-87.3942],[39.5263,-87.4395],[39.4346,-87.4642],[39.415,-87.4237]]",0,1,county_code_unverified|timezone_not_normalized_to_utc
81657,14484,2008,2008-03-04T18:30:00,2008-03-09T08:02:00,EST-5,109.53333333333333,18,18119,C,119,OWEN,0,0,0,0,15000.00,0.00,Heavy Rain / Snow Melt,0,"[[39.2841,-86.7529],[39.2798,-86.7717],[39.2696,-86.7731],[39.2785,-86.739]]",0,1,county_code_unverified|timezone_not_normalized_to_utc
81658,14484,2008,2008-03-04T10:00:00,2008-03-10T22:26:00,EST-5,156.43333333333334,18,18055,C,055,GREENE,0,0,0,0,11000.00,0.00,Heavy Rain / Snow Melt,0,"[[39.03,-86.97],[39.0383,-86.9667],[39.0377,-86.9558],[39.0199,-86.9657],[39.0209,-86.9757]]",0,1,county_code_unverified|timezone_not_normalized_to_utc
81659,14484,2008,2008-03-04T12:30:00,2008-03-10T22:19:00,EST-5,153.81666666666666,18,18055,C,055,GREENE,0,0,0,0,11000.00,0.00,Heavy Rain / Snow Melt,0,"[[38.92,-87.02],[38.9322,-87.0406],[38.9399,-87.0361],[38.9307,-87.0112],[38.9407,-87.009],[38.9344,-86.9961],[38.9258,-87.0054]]",0,1,county_code_unverified|timezone_not_normalized_to_utc
81660,14484,2008,2008-03-04T22:00:00,2008-03-12T07:41:00,EST-5,177.68333333333334,18,18027,C,027,DAVIESS,0,0,0,0,15000.00,0.00,Heavy Rain / Snow Melt,0,"[[38.8225,-87.2452],[38.8052,-87.252],[38.7966,-87.2472],[38.7983,-87.2332],[38.8191,-87.2275]]",0,1,county_code_unverified|timezone_not_normalized_to_utc
81662,14484,2008,2008-03-04T22:00:00,2008-03-12T07:41:00,EST-5,177.68333333333334,18,18083,C,083,KNOX,0,0,0,0,10000.00,0.00,Heavy Rain / Snow Melt,0,"[[38.82,-87.25],[38.7884,-87.2555],[38.7909,-87.2351],[38.8219,-87.2325]]",0,1,county_code_unverified|timezone_not_normalized_to_utc
81663,14145,2008,2008-02-13T12:15:00,2008-02-13T15:15:00,EST-5,3.0,34,34039,C,039,UNION,0,0,0,0,0.00,0.00,Heavy Rain / Snow Melt,0,"[[40.7025,-74.3599],[40.6973,-74.3558],[40.712,-74.3122],[40.7151,-74.3131],[40.7129,-74.3316]]",0,1,county_code_unverified|timezone_not_normalized_to_utc
81664,14484,2008,2008-03-04T11:30:00,2008-03-17T05:00:00,EST-5,305.5,18,18083,C,083,KNOX,0,0,0,0,10000.00,0.00,Heavy Rain / Snow Melt,0,"[[38.5326,-87.2651],[38.52,-87.2943],[38.5412,-87.3399],[38.531,-87.3516],[38.5017,-87.2996],[38.5194,-87.2527]]",0,1,county_code_unverified|timezone_not_normalized_to_utc
81666,14484,2008,2008-03-05T06:00:00,2008-03-17T07:44:00,EST-5,289.73333333333335,18,18083,C,083,KNOX,0,0,0,0,10000.00,0.00,Heavy Rain / Snow Melt,0,"[[38.4947,-87.572],[38.4971,-87.548],[38.5173,-87.5571],[38.5224,-87.5418],[38.5134,-87.5231],[38.4962,-87.5255],[38.4885,-87.5434],[38.4872,-87.5737]]",0,1,county_code_unverified|timezone_not_normalized_to_utc
81673,14385,2008,2008-02-13T16:15:00,2008-02-13T22:15:00,EST-5,6.0,33,33005,C,005,CHESHIRE,0,0,0,0,15000.00,0.00,Heavy Rain,0,"[[42.93,-72.28],[42.87,-72.28],[42.78,-72.38],[42.78,-72.15],[42.75,-72.02],[42.82,-72.03]]",0,1,county_code_unverified|timezone_not_normalized_to_utc
81674,14204,2008,2008-02-13T19:30:00,2008-02-14T03:00:00,EST-5,7.5,09,09011,C,011,NEW LONDON,0,0,0,0,0.00,0.00,Heavy Rain / Snow Melt,0,"[[41.5594,-72.124],[41.5597,-72.1222],[41.5584,-72.1203],[41.5581,-72.1212],[41.5586,-72.1224]]",0,1,county_code_unverified|timezone_not_normalized_to_utc
81730,14473,2008,2008-02-05T22:30:00,2008-02-06T06:00:00,EST-5,7.5,39,39149,C,149,SHELBY,0,0,0,0,5000.00,0.00,Heavy Rain,0,"[[40.35,-84.37],[40.3591,-84.2974],[40.391,-84.2521],[40.3811,-84.3177]]",0,1,county_code_unverified|timezone_not_normalized_to_utc
81731,14473,2008,2008-02-05T15:40:00,2008-02-05T18:00:00,EST-5,2.3333333333333335,39,39061,C,061,HAMILTON,0,0,0,0,5000.00,0.00,Heavy Rain,0,"[[39.1202,-84.4464],[39.1266,-84.4279],[39.1213,-84.4257],[39.1154,-84.4405]]",0,1,county_code_unverified|timezone_not_normalized_to_utc
81732,14473,2008,2008-02-06T14:37:00,2008-02-06T18:00:00,EST-5,3.3833333333333333,39,39145,C,145,SCIOTO,0,0,0,0,3000.00,0.00,Heavy Rain,0,"[[38.8643,-83.183],[38.6941,-83.2105],[38.7937,-82.6502],[38.906,-82.7325]]",0,1,county_code_unverified|timezone_not_normalized_to_utc
81844,14513,2008,2008-04-18T08:15:00,2008-04-19T03:15:00,CST-6,19.0,19,19123,C,123,MAHASKA,0,0,0,0,10000.00,0.00,Heavy Rain,0,"[[41.2472,-92.6563],[41.2623,-92.6518],[41.2639,-92.7052],[41.2474,-92.7038]]",0,1,county_code_unverified|timezone_not_normalized_to_utc
81847,14513,2008,2008-04-18T17:00:00,2008-04-19T09:15:00,CST-6,16.25,19,19013,C,013,BLACK HAWK,0,0,0,0,25000.00,0.00,Heavy Rain,0,"[[42.4088,-92.2721],[42.3268,-92.2426],[42.3284,-92.3432],[42.4093,-92.338]]",0,1,county_code_unverified|timezone_not_normalized_to_utc
81848,14513,2008,2008-04-18T17:00:00,2008-04-19T09:15:00,CST-6,16.25,19,19171,C,171,TAMA,0,0,0,0,10000.00,0.00,Heavy Rain,0,"[[42.1904,-92.3806],[42.1975,-92.4582],[42.1811,-92.4587],[42.1722,-92.3797]]",0,1,county_code_unverified|timezone_not_normalized_to_utc
81849,14513,2008,2008-04-18T18:30:00,2008-04-19T03:15:00,CST-6,8.75,19,19179,C,179,WAPELLO,0,0,0,0,5000.00,0.00,Heavy Rain,0,"[[41.0628,-92.5653],[41.0721,-92.4874],[41.1011,-92.53],[41.0866,-92.5698]]",0,1,county_code_unverified|timezone_not_normalized_to_utc
81850,14513,2008,2008-04-18T22:28:00,2008-04-19T09:15:00,CST-6,10.783333333333333,19,19013,C,013,BLACK HAWK,0,0,0,0,10000.00,0.00,Heavy Rain,0,"[[42.3271,-92.3382],[42.3272,-92.2992],[42.346,-92.2989],[42.3475,-92.3384]]",0,1,county_code_unverified|timezone_not_normalized_to_utc
81851,14513,2008,2008-04-18T23:47:00,2008-04-19T09:15:00,CST-6,9.466666666666667,19,19013,C,013,BLACK HAWK,0,0,0,0,10000.00,0.00,Heavy Rain,0,"[[42.4599,-92.3966],[42.4465,-92.4086],[42.4493,-92.4355],[42.4631,-92.4356]]",0,1,county_code_unverified|timezone_not_normalized_to_utc
81852,14513,2008,2008-04-18T23:47:00,2008-04-19T09:15:00,CST-6,9.466666666666667,19,19013,C,013,BLACK HAWK,0,0,0,0,10000.00,0.00,Heavy Rain,0,"[[42.4877,-92.4177],[42.4718,-92.4158],[42.4841,-92.3779],[42.4945,-92.3782]]",0,1,county_code_unverified|timezone_not_normalized_to_utc
81853,14513,2008,2008-04-18T23:47:00,2008-04-19T09:15:00,CST-6,9.466666666666667,19,19013,C,013,BLACK HAWK,0,0,0,0,10000.00,0.00,Heavy Rain,0,"[[42.5765,-92.5531],[42.5573,-92.553],[42.5597,-92.5087],[42.5776,-92.5104]]",0,1,county_code_unverified|timezone_not_normalized_to_utc
81854,14513,2008,2008-04-18T23:47:00,2008-04-19T09:15:00,CST-6,9.466666666666667,19,19013,C,013,BLACK HAWK,0,0,0,0,10000.00,0.00,Heavy Rain,0,"[[42.5988,-92.2401],[42.6025,-92.241],[42.6028,-92.2192],[42.5987,-92.2191]]",0,1,county_code_unverified|timezone_not_normalized_to_utc
81930,14525,2008,2008-03-07T10:00:00,2008-03-31T23:59:00,CST-6,589.9833333333333,17,17003,C,003,ALEXANDER,0,0,0,0,0.00,0.00,Heavy Rain,0,"[[37.0,-89.18],[37.0771,-89.1753],[37.0793,-89.1534],[37.0058,-89.1657]]",0,1,county_code_unverified|timezone_not_normalized_to_utc
81934,14525,2008,2008-03-07T07:00:00,2008-03-31T23:59:00,CST-6,592.9833333333333,17,17153,C,153,PULASKI,0,0,0,0,0.00,0.00,Heavy Rain,0,"[[37.2254,-88.9625],[37.2098,-89.0236],[37.2212,-89.0265],[37.2318,-88.964]]",0,1,county_code_unverified|timezone_not_normalized_to_utc
81938,14525,2008,2008-03-08T11:00:00,2008-03-31T23:59:00,CST-6,564.9833333333333,17,17127,C,127,MASSAC,0,0,0,0,1000.00,0.00,Heavy Rain,0,"[[37.12,-88.63],[37.1414,-88.6892],[37.1375,-88.6913],[37.1176,-88.6312]]",0,1,county_code_unverified|timezone_not_normalized_to_utc
81941,14525,2008,2008-03-10T06:00:00,2008-03-31T23:59:00,CST-6,521.9833333333333,17,17151,C,151,POPE,0,0,0,0,0.00,0.00,Heavy Rain,0,"[[37.37,-88.48],[37.3527,-88.4863],[37.3526,-88.4796],[37.3696,-88.4753]]",0,1,county_code_unverified|timezone_not_normalized_to_utc
81943,14525,2008,2008-03-10T06:00:00,2008-03-31T23:59:00,CST-6,521.9833333333333,17,17069,C,069,HARDIN,0,0,0,0,0.00,0.00,Heavy Rain,0,"[[37.42,-88.35],[37.4111,-88.3678],[37.4037,-88.3738],[37.4149,-88.3419]]",0,1,county_code_unverified|timezone_not_normalized_to_utc
81944,14525,2008,2008-03-07T10:00:00,2008-03-31T23:59:00,CST-6,589.9833333333333,17,17059,C,059,GALLATIN,0,0,0,0,0.00,0.00,Heavy Rain,0,"[[37.7,-88.13],[37.6846,-88.1512],[37.6817,-88.1419],[37.6974,-88.127]]",0,1,county_code_unverified|timezone_not_normalized_to_utc
82008,14540,2008,2008-02-05T22:00:00,2008-02-06T12:00:00,EST-5,14.0,42,42007,C,007,BEAVER,0,0,0,0,10000.00,0.00,Heavy Rain,0,"[[40.8067,-80.2037],[40.8077,-80.2101],[40.81,-80.2055],[40.8109,-80.2]]",0,1,county_code_unverified|timezone_not_normalized_to_utc
82010,14540,2008,2008-02-06T08:00:00,2008-02-06T14:00:00,EST-5,6.0,42,42121,C,121,VENANGO,0,0,0,0,25000.00,0.00,Heavy Rain,0,"[[41.5689,-79.8651],[41.5717,-79.866],[41.5716,-79.8629],[41.5699,-79.8622]]",0,1,county_code_unverified|timezone_not_normalized_to_utc
82011,14540,2008,2008-02-06T08:30:00,2008-02-06T16:00:00,EST-5,7.5,42,42121,C,121,VENANGO,0,0,0,0,25000.00,0.00,Heavy Rain,0,"[[41.4673,-79.8914],[41.4668,-79.8854],[41.4616,-79.8892],[41.4624,-79.8926]]",0,1,county_code_unverified|timezone_not_normalized_to_utc
82163,14527,2008,2008-02-17T22:00:00,2008-02-19T03:40:00,CST-6,29.666666666666668,29,29195,C,195,SALINE,0,0,0,0,0.00,0.00,Heavy Rain,0,"[[39.0203,-93.2307],[39.0147,-93.169],[39.0053,-93.1733],[39.0079,-93.2159]]",0,1,county_code_unverified|timezone_not_normalized_to_utc
82164,14527,2008,2008-02-17T11:42:00,2008-02-18T14:14:00,CST-6,26.533333333333335,29,29053,C,053,COOPER,0,0,0,0,0.00,0.00,Heavy Rain,0,"[[38.9216,-92.6926],[38.9081,-92.5543],[38.8921,-92.5687],[38.9028,-92.6848]]",0,1,county_code_unverified|timezone_not_normalized_to_utc
82165,14527,2008,2008-02-17T20:45:00,2008-02-18T11:00:00,CST-6,14.25,29,29033,C,033,CARROLL,0,0,0,0,0.00,0.00,Heavy Rain,0,"[[39.3327,-93.5053],[39.3375,-93.4758],[39.3321,-93.4755],[39.3304,-93.5032]]",0,1,county_code_unverified|timezone_not_normalized_to_utc
82168,14527,2008,2008-02-17T12:14:00,2008-02-17T19:00:00,CST-6,6.766666666666667,29,29089,C,089,HOWARD,0,0,0,0,0.00,0.00,Heavy Rain,0,"[[39.1298,-92.6367],[39.1045,-92.5928],[39.1022,-92.6285],[39.1206,-92.6475]]",0,1,county_code_unverified|timezone_not_normalized_to_utc
82169,14527,2008,2008-02-17T19:50:00,2008-02-18T01:46:00,CST-6,5.933333333333334,29,29053,C,053,COOPER,0,0,0,0,0.00,0.00,Heavy Rain,0,"[[38.6981,-93.0209],[38.6861,-92.9612],[38.6789,-92.9797],[38.6867,-93.0249]]",0,1,county_code_unverified|timezone_not_normalized_to_utc
82170,14527,2008,2008-02-18T06:50:00,2008-02-18T07:15:00,CST-6,0.4166666666666667,29,29083,C,083,HENRY,0,0,0,0,0.00,0.00,Heavy Rain,0,"[[38.4617,-94.0292],[38.4401,-93.9664],[38.4286,-93.9753],[38.4423,-94.0419]]",0,1,county_code_unverified|timezone_not_normalized_to_utc
82171,14527,2008,2008-02-17T16:44:00,2008-02-18T06:26:00,CST-6,13.7,29,29101,C,101,JOHNSON,0,0,0,0,0.00,0.00,Heavy Rain,0,"[[38.8723,-93.6282],[38.8603,-93.608],[38.8317,-93.631],[38.8427,-93.665]]",0,1,county_code_unverified|timezone_not_normalized_to_utc
82173,14558,2008,2008-02-05T17:36:00,2008-02-06T18:45:00,CST-6,25.15,29,29083,C,083,HENRY,0,0,0,0,0.00,0.00,Heavy Rain,0,"[[38.5589,-93.9743],[38.5256,-93.8974],[38.5189,-93.9427],[38.5468,-94.0059]]",0,1,county_code_unverified|timezone_not_normalized_to_utc
82175,14558,2008,2008-02-05T20:15:00,2008-02-09T04:34:00,CST-6,80.31666666666666,29,29195,C,195,SALINE,0,0,0,0,0.00,0.00,Heavy Rain,0,"[[39.0123,-93.2217],[38.9989,-93.14],[38.9829,-93.1541],[38.9938,-93.2188]]",0,1,county_code_unverified|timezone_not_normalized_to_utc
82176,14558,2008,2008-02-06T01:29:00,2008-02-06T12:44:00,CST-6,11.25,29,29053,C,053,COOPER,0,0,0,0,0.00,0.00,Heavy Rain,0,"[[38.9282,-92.6855],[38.8996,-92.6038],[38.8798,-92.6491],[38.9071,-92.7037]]",0,1,county_code_unverified|timezone_not_normalized_to_utc
82177,14558,2008,2008-02-05T21:40:00,2008-02-06T01:00:00,CST-6,3.3333333333333335,29,29089,C,089,HOWARD,0,0,0,0,0.00,0.00,Heavy Rain,0,"[[39.112,-92.6532],[39.0917,-92.6093],[39.0898,-92.6366],[39.1021,-92.6596]]",0,1,county_code_unverified|timezone_not_normalized_to_utc
82178,14558,2008,2008-02-05T17:25:00,2008-02-06T20:08:00,CST-6,26.716666666666665,29,29101,C,101,JOHNSON,0,0,0,0,0.00,0.00,Heavy Rain,0,"[[38.8638,-93.6372],[38.8461,-93.5829],[38.8124,-93.6227],[38.8352,-93.6643]]",0,1,county_code_unverified|timezone_not_normalized_to_utc
82180,14558,2008,2008-02-06T01:45:00,2008-02-06T23:30:00,CST-6,21.75,29,29083,C,083,HENRY,0,0,0,0,0.00,0.00,Heavy Rain,0,"[[38.4584,-94.0196],[38.4401,-93.9722],[38.4297,-93.9829],[38.443,-94.0282]]",0,1,county_code_unverified|timezone_not_normalized_to_utc
82183,14556,2008,2008-03-06T06:00:00,2008-03-31T23:59:00,CST-6,617.9833333333333,18,18129,C,129,POSEY,0,0,0,0,0.00,0.00,Heavy Rain,0,"[[37.93,-87.9],[37.9234,-87.8704],[37.9203,-87.8758],[37.9234,-87.9051]]",0,1,county_code_unverified|timezone_not_normalized_to_utc
82186,14556,2008,2008-03-07T00:00:00,2008-03-30T23:00:00,CST-6,575.0,18,18163,C,163,VANDERBURGH,0,0,0,0,35000.00,0.00,Heavy Rain,0,"[[37.9523,-87.6167],[37.9458,-87.5758],[37.9244,-87.5686],[37.9361,-87.6287]]",0,1,county_code_unverified|timezone_not_normalized_to_utc
82188,14556,2008,2008-03-06T21:00:00,2008-03-31T23:59:00,CST-6,602.9833333333333,18,18173,C,173,WARRICK,0,0,0,0,0.00,0.00,Heavy Rain,0,"[[37.95,-87.42],[37.9407,-87.4374],[37.9397,-87.4076],[37.9452,-87.4105]]",0,1,county_code_unverified|timezone_not_normalized_to_utc
82190,14556,2008,2008-03-07T02:00:00,2008-03-30T23:00:00,CST-6,573.0,18,18147,C,147,SPENCER,0,0,0,0,20000.00,0.00,Heavy Rain,0,"[[37.8739,-87.0469],[37.8472,-87.0591],[37.8469,-87.0488],[37.8716,-87.0421]]",0,1,county_code_unverified|timezone_not_normalized_to_utc
82191,14559,2008,2008-03-20T05:00:00,2008-03-29T15:00:00,CST-6,226.0,21,21059,C,059,DAVIESS,0,0,0,0,0.00,0.00,Heavy Rain,0,"[[37.7766,-87.129],[37.7922,-87.1437],[37.7894,-87.1436],[37.7777,-87.1346]]",0,1,county_code_unverified|timezone_not_normalized_to_utc
82192,14559,2008,2008-03-19T05:00:00,2008-03-30T05:00:00,CST-6,264.0,21,21101,C,101,HENDERSON,0,0,0,0,0.00,0.00,Heavy Rain,0,"[[37.9039,-87.4817],[37.8965,-87.5459],[37.904,-87.5451],[37.9117,-87.4816]]",0,1,county_code_unverified|timezone_not_normalized_to_utc
82194,14559,2008,2008-03-18T20:00:00,2008-03-31T23:59:00,CST-6,315.98333333333335,21,21225,C,225,UNION,0,0,0,0,0.00,0.00,Heavy Rain,0,"[[37.7827,-87.9315],[37.7664,-87.948],[37.7696,-87.962],[37.7827,-87.9377]]",0,1,county_code_unverified|timezone_not_normalized_to_utc
82195,14559,2008,2008-03-19T00:00:00,2008-03-31T23:59:00,CST-6,311.98333333333335,21,21055,C,055,CRITTENDEN,0,0,0,0,0.00,0.00,Heavy Rain,0,"[[37.43,-88.25],[37.4239,-88.3091],[37.4355,-88.304],[37.4383,-88.2568]]",0,1,county_code_unverified|timezone_not_normalized_to_utc
82196,14559,2008,2008-03-19T20:00:00,2008-03-31T23:59:00,CST-6,291.98333333333335,21,21139,C,139,LIVINGSTON,0,0,0,0,0.00,0.00,Heavy Rain,0,"[[37.2183,-88.4475],[37.1516,-88.407],[37.1505,-88.4187],[37.2199,-88.4619]]",0,1,county_code_unverified|timezone_not_normalized_to_utc
82197,14559,2008,2008-03-19T19:00:00,2008-03-31T23:59:00,CST-6,292.98333333333335,21,21145,C,145,MCCRACKEN,0,0,0,0,0.00,0.00,Heavy Rain,0,"[[37.1015,-88.6267],[37.1172,-88.7175],[37.1354,-88.7125],[37.1086,-88.6202]]",0,1,county_code_unverified|timezone_not_normalized_to_utc
82198,14559,2008,2008-03-19T19:00:00,2008-03-31T23:59:00,CST-6,292.98333333333335,21,21007,C,007,BALLARD,0,0,0,0,0.00,0.00,Heavy Rain,0,"[[37.13,-89.03],[37.1171,-89.095],[37.1724,-89.0723],[37.1642,-89.0291]]",0,1,county_code_unverified|timezone_not_normalized_to_utc
82199,14560,2008,2008-03-19T20:00:00,2008-03-30T08:00:00,CST-6,252.0,17,17003,C,003,ALEXANDER,0,0,0,0,0.00,0.00,Heavy Rain,0,"[[37.22,-89.47],[37.1994,-89.4627],[37.2019,-89.4574],[37.2206,-89.462]]",0,1,county_code_unverified|timezone_not_normalized_to_utc
82200,14560,2008,2008-03-19T08:00:00,2008-03-30T13:00:00,CST-6,269.0,17,17181,C,181,UNION,0,0,0,0,0.00,0.00,Heavy Rain,0,"[[37.5239,-89.5091],[37.476,-89.4773],[37.48,-89.4692],[37.5247,-89.4984]]",0,1,county_code_unverified|timezone_not_normalized_to_utc
82201,14561,2008,2008-03-19T05:00:00,2008-03-31T23:59:00,CST-6,306.98333333333335,29,29031,C,031,CAPE GIRARDEAU,0,0,0,0,0.00,0.00,Heavy Rain,0,"[[37.2825,-89.523],[37.2404,-89.5211],[37.2426,-89.5369],[37.2869,-89.5358]]",0,1,county_code_unverified|timezone_not_normalized_to_utc
82204,14561,2008,2008-03-19T19:00:00,2008-03-31T23:59:00,CST-6,292.98333333333335,29,29143,C,143,NEW MADRID,0,0,0,0,0.00,0.00,Heavy Rain,0,"[[36.5607,-89.575],[36.5571,-89.5592],[36.578,-89.5053],[36.5808,-89.5557]]",0,1,county_code_unverified|timezone_not_normalized_to_utc
82207,14561,2008,2008-03-19T09:00:00,2008-03-31T09:00:00,CST-6,288.0,29,29133,C,133,MISSISSIPPI,0,0,0,0,0.00,0.00,Heavy Rain,0,"[[36.75,-89.2],[36.6513,-89.1987],[36.6596,-89.165],[36.7427,-89.1341]]",0,1,county_code_unverified|timezone_not_normalized_to_utc
82209,14561,2008,2008-03-19T11:00:00,2008-03-31T11:00:00,CST-6,288.0,29,29201,C,201,SCOTT,0,0,0,0,0.00,0.00,Heavy Rain,0,"[[37.15,-89.45],[37.1343,-89.4366],[37.1379,-89.4261],[37.1513,-89.4352]]",0,1,county_code_unverified|timezone_not_normalized_to_utc
82211,14563,2008,2008-03-07T19:00:00,2008-03-10T17:00:00,CST-6,70.0,29,29031,C,031,CAPE GIRARDEAU,0,0,0,0,0.00,0.00,Heavy Rain,0,"[[37.2551,-89.5321],[37.2568,-89.5235],[37.2883,-89.5214],[37.2877,-89.531]]",0,1,county_code_unverified|timezone_not_normalized_to_utc
82212,14564,2008,2008-03-19T06:00:00,2008-03-31T23:59:00,CST-6,305.98333333333335,21,21075,C,075,FULTON,0,0,0,0,0.00,0.00,Heavy Rain,0,"[[36.57,-89.18],[36.5769,-89.2128],[36.5989,-89.202],[36.596,-89.1798]]",0,1,county_code_unverified|timezone_not_normalized_to_utc
82214,14564,2008,2008-03-19T18:00:00,2008-03-31T23:59:00,CST-6,293.98333333333335,21,21007,C,007,BALLARD,0,0,0,0,0.00,0.00,Heavy Rain,0,"[[36.9573,-89.0984],[36.9518,-89.0988],[36.9525,-89.09],[36.9569,-89.0909]]",0,1,county_code_unverified|timezone_not_normalized_to_utc
82218,14566,2008,2008-03-04T09:00:00,2008-03-29T19:00:00,CST-6,610.0,21,21177,C,177,MUHLENBERG,0,0,0,0,0.00,0.00,Heavy Rain,0,"[[37.2585,-86.9729],[37.2581,-86.975],[37.2676,-86.9836],[37.268,-86.9803]]",0,1,county_code_unverified|timezone_not_normalized_to_utc
82219,14566,2008,2008-03-06T19:00:00,2008-03-29T11:00:00,CST-6,544.0,21,21149,C,149,MCLEAN,0,0,0,0,0.00,0.00,Heavy Rain,0,"[[37.53,-87.27],[37.5265,-87.2653],[37.5218,-87.2807],[37.5248,-87.2859]]",0,1,county_code_unverified|timezone_not_normalized_to_utc
82222,14567,2008,2008-03-19T08:00:00,2008-03-31T23:59:00,CST-6,303.98333333333335,18,18051,C,051,GIBSON,0,0,0,0,0.00,0.00,Heavy Rain,0,"[[38.3986,-87.5518],[38.397,-87.5432],[38.3952,-87.5451],[38.3968,-87.5516]]",0,1,county_code_unverified|timezone_not_normalized_to_utc
82924,14644,2008,2008-03-19T05:30:00,2008-03-23T09:21:00,EST-5,99.85,18,18109,C,109,MORGAN,0,0,0,0,15000.00,0.00,Heavy Rain,0,"[[39.5056,-86.4116],[39.4965,-86.3933],[39.492,-86.3963],[39.5009,-86.4173]]",0,1,county_code_unverified|timezone_not_normalized_to_utc
82925,14484,2008,2008-03-04T11:30:00,2008-03-07T04:45:00,EST-5,65.25,18,18109,C,109,MORGAN,0,0,0,0,15000.00,0.00,Heavy Rain / Snow Melt,0,"[[39.5046,-86.4111],[39.496,-86.394],[39.4916,-86.3975],[39.501,-86.4172]]",0,1,county_code_unverified|timezone_not_normalized_to_utc
82926,14644,2008,2008-03-19T03:00:00,2008-03-24T19:38:00,EST-5,136.63333333333333,18,18119,C,119,OWEN,0,0,0,0,15000.00,0.00,Heavy Rain,0,"[[39.2829,-86.7723],[39.2824,-86.7486],[39.2775,-86.7462],[39.2788,-86.7734]]",0,1,county_code_unverified|timezone_not_normalized_to_utc
82928,14644,2008,2008-03-18T19:00:00,2008-03-26T03:41:00,EST-5,176.68333333333334,18,18055,C,055,GREENE,0,0,0,0,15000.00,0.00,Heavy Rain,0,"[[39.03,-86.97],[39.0384,-86.9657],[39.0381,-86.9577],[39.0194,-86.9663],[39.0211,-86.9755]]",0,1,county_code_unverified|timezone_not_normalized_to_utc
82930,14644,2008,2008-03-18T18:30:00,2008-03-26T15:02:00,EST-5,188.53333333333333,18,18055,C,055,GREENE,0,0,0,0,15000.00,0.00,Heavy Rain,0,"[[38.9402,-87.0414],[38.932,-87.0104],[38.927,-87.0046],[38.9262,-87.0234],[38.9349,-87.0395]]",0,1,county_code_unverified|timezone_not_normalized_to_utc
82931,14644,2008,2008-03-18T22:00:00,2008-03-31T23:59:00,EST-5,313.98333333333335,18,18083,C,083,KNOX,0,0,0,0,10000.00,0.00,Heavy Rain,0,"[[38.82,-87.25],[38.802,-87.255],[38.8004,-87.2134],[38.8174,-87.2138],[38.8221,-87.2309]]",0,1,county_code_unverified|timezone_not_normalized_to_utc
82932,14644,2008,2008-03-18T22:00:00,2008-03-31T23:59:00,EST-5,313.98333333333335,18,18027,C,027,DAVIESS,0,0,0,0,15000.00,0.00,Heavy Rain,0,"[[38.8055,-87.2356],[38.7993,-87.227],[38.8027,-87.2102],[38.818,-87.2139],[38.8231,-87.2395],[38.815,-87.2491],[38.8037,-87.2496]]",0,1,county_code_unverified|timezone_not_normalized_to_utc
82933,14644,2008,2008-03-18T11:15:00,2008-03-31T23:59:00,EST-5,324.73333333333335,18,18083,C,083,KNOX,0,0,0,0,10000.00,0.00,Heavy Rain,0,"[[38.5163,-87.3022],[38.531,-87.2623],[38.5209,-87.2491],[38.5032,-87.2979]]",0,1,county_code_unverified|timezone_not_normalized_to_utc
82939,14644,2008,2008-03-18T18:00:00,2008-03-31T23:59:00,EST-5,317.98333333333335,18,18083,C,083,KNOX,0,0,0,0,10000.00,0.00,Heavy Rain,0,"[[38.4853,-87.558],[38.4935,-87.5572],[38.4958,-87.5468],[38.5202,-87.5555],[38.5227,-87.5257],[38.492,-87.5219]]",0,1,county_code_unverified|timezone_not_normalized_to_utc
82944,14644,2008,2008-03-19T04:30:00,2008-03-21T12:46:00,EST-5,56.266666666666666,18,18145,C,145,SHELBY,0,0,0,0,15000.00,0.00,Heavy Rain,0,"[[39.5336,-85.7952],[39.5233,-85.7916],[39.5337,-85.7574],[39.5412,-85.7643]]",0,1,county_code_unverified|timezone_not_normalized_to_utc
82949,14484,2008,2008-03-04T11:00:00,2008-03-06T14:35:00,EST-5,51.583333333333336,18,18145,C,145,SHELBY,0,0,0,0,15000.00,0.00,Heavy Rain / Snow Melt,0,"[[39.5299,-85.7948],[39.5232,-85.7897],[39.5345,-85.7588],[39.5395,-85.7663]]",0,1,county_code_unverified|timezone_not_normalized_to_utc
82959,14644,2008,2008-03-19T03:30:00,2008-03-21T01:24:00,EST-5,45.9,18,18021,C,021,CLAY,0,0,0,0,15000.00,0.00,Heavy Rain,0,"[[39.3993,-87.0263],[39.3865,-87.0282],[39.3831,-87.0165],[39.3963,-87.0134]]",0,1,county_code_unverified|timezone_not_normalized_to_utc
82963,14484,2008,2008-03-05T13:30:00,2008-03-07T03:42:00,EST-5,38.2,18,18005,C,005,BARTHOLOMEW,0,0,0,0,15000.00,0.00,Heavy Rain / Snow Melt,0,"[[39.2015,-85.9368],[39.1788,-85.9218],[39.1837,-85.9079],[39.2098,-85.9291],[39.2136,-85.9481],[39.2022,-85.9498]]",0,1,county_code_unverified|timezone_not_normalized_to_utc
82964,14644,2008,2008-03-19T15:00:00,2008-03-22T06:07:00,EST-5,63.11666666666667,18,18005,C,005,BARTHOLOMEW,0,0,0,0,30000.00,0.00,Heavy Rain,0,"[[39.21,-85.9363],[39.1936,-85.9152],[39.1853,-85.9239],[39.1998,-85.9419],[39.2041,-85.9548],[39.2131,-85.9502]]",0,1,county_code_unverified|timezone_not_normalized_to_utc
82969,14644,2008,2008-03-18T18:30:00,2008-03-24T13:15:00,EST-5,138.75,18,18071,C,071,JACKSON,0,0,0,0,50000.00,0.00,Heavy Rain,0,"[[38.9798,-85.8973],[38.995,-85.8885],[39.0008,-85.8993],[38.9856,-85.9064]]",0,1,county_code_unverified|timezone_not_normalized_to_utc
82972,14484,2008,2008-03-04T12:30:00,2008-03-09T14:54:00,EST-5,122.4,18,18071,C,071,JACKSON,0,0,0,0,10000.00,0.00,Heavy Rain / Snow Melt,0,"[[38.9789,-85.8963],[38.9953,-85.8875],[39.0012,-85.8992],[38.985,-85.9061]]",0,1,county_code_unverified|timezone_not_normalized_to_utc
82975,14648,2008,2008-03-27T13:00:00,2008-03-31T23:59:00,EST-5,106.98333333333333,18,18071,C,071,JACKSON,0,0,0,0,12000.00,0.00,Heavy Rain,0,"[[38.9786,-85.8963],[38.9926,-85.8903],[38.9972,-85.8982],[38.9821,-85.9036]]",0,1,county_code_unverified|timezone_not_normalized_to_utc
82981,14650,2008,2008-03-06T13:00:00,2008-03-12T15:38:00,EST-5,146.63333333333333,18,18093,C,093,LAWRENCE,0,0,0,0,12000.00,0.00,Heavy Rain / Snow Melt,0,"[[38.7762,-86.3896],[38.7782,-86.3673],[38.7519,-86.3735],[38.7514,-86.39],[38.7688,-86.3939],[38.7643,-86.4119],[38.7739,-86.4174]]",0,1,county_code_unverified|timezone_not_normalized_to_utc
82983,14644,2008,2008-03-18T23:30:00,2008-03-31T23:59:00,EST-5,312.48333333333335,18,18093,C,093,LAWRENCE,0,0,0,0,12000.00,0.00,Heavy Rain,0,"[[38.77,-86.4],[38.7648,-86.413],[38.7712,-86.4164],[38.7764,-86.3915],[38.7806,-86.3718],[38.7515,-86.374],[38.753,-86.392]]",0,1,county_code_unverified|timezone_not_normalized_to_utc
83247,14440,2008,2008-02-13T14:00:00,2008-02-15T19:00:00,EST-5,53.0,36,36111,C,111,ULSTER,0,0,0,0,1000.00,0.00,Heavy Rain / Snow Melt,0,"[[41.75,-74.08],[41.75,-74.1188],[41.7807,-74.1212],[41.8079,-74.08],[41.7807,-74.0388]]",0,1,county_code_unverified|timezone_not_normalized_to_utc
83249,14440,2008,2008-02-13T20:30:00,2008-02-14T10:30:00,EST-5,14.0,36,36083,C,083,RENSSELAER,0,0,0,0,1000.00,0.00,Ice Jam,0,"[[42.96,-73.46],[42.96,-73.4],[42.93,-73.4],[42.93,-73.46]]",0,1,county_code_unverified|timezone_not_normalized_to_utc
83266,14540,2008,2008-02-06T09:30:00,2008-02-06T14:00:00,EST-5,4.5,42,42073,C,073,LAWRENCE,0,0,0,0,10000.00,0.00,Heavy Rain,0,"[[40.8611,-80.2828],[40.8789,-80.2682],[40.8606,-80.234],[40.8541,-80.2551]]",0,1,county_code_unverified|timezone_not_normalized_to_utc
83309,14713,2008,2008-02-18T22:54:00,2008-02-20T13:00:00,EST-5,38.1,36,36111,C,111,ULSTER,0,0,0,0,1000.00,0.00,Ice Jam,0,"[[41.81,-74.07],[41.79,-74.03],[41.72,-74.09],[41.75,-74.14]]",0,1,county_code_unverified|timezone_not_normalized_to_utc
83665,14761,2008,2008-02-21T11:00:00,2008-02-21T11:00:00,CST-6,0.0,22,22079,C,079,RAPIDES,0,0,0,0,5000.00,0.00,Heavy Rain,0,"[[31.37,-92.4],[31.3677,-92.4143],[31.3593,-92.4112],[31.3648,-92.3973]]",0,1,county_code_unverified|timezone_not_normalized_to_utc
83881,14740,2008,2008-04-25T09:00:00,2008-04-25T21:00:00,CST-6,12.0,19,19171,C,171,TAMA,0,0,0,0,10000.00,0.00,Heavy Rain,0,"[[42.19,-92.66],[42.1889,-92.6765],[42.1732,-92.6774],[42.1744,-92.6522]]",0,1,county_code_unverified|timezone_not_normalized_to_utc
83882,14740,2008,2008-04-25T09:00:00,2008-04-25T21:00:00,CST-6,12.0,19,19171,C,171,TAMA,0,0,0,0,10000.00,0.00,Heavy Rain,0,"[[42.18,-92.6],[42.166,-92.5996],[42.1665,-92.5845],[42.1806,-92.5841]]",0,1,county_code_unverified|timezone_not_normalized_to_utc
83883,14740,2008,2008-04-25T09:00:00,2008-04-25T21:00:00,CST-6,12.0,19,19171,C,171,TAMA,0,0,0,0,25000.00,0.00,Heavy Rain,0,"[[42.1835,-92.7002],[42.1798,-92.6999],[42.1785,-92.6877],[42.1817,-92.6883]]",0,1,county_code_unverified|timezone_not_normalized_to_utc
83891,14740,2008,2008-04-25T09:58:00,2008-04-25T22:00:00,CST-6,12.033333333333333,19,19091,C,091,HUMBOLDT,0,0,0,0,100000.00,0.00,Heavy Rain,0,"[[42.66,-94.45],[42.66,-94.0],[42.8956,-93.9846],[42.886,-94.4591]]",0,1,county_code_unverified|timezone_not_normalized_to_utc
83920,14740,2008,2008-04-25T10:00:00,2008-04-26T09:45:00,CST-6,23.75,19,19013,C,013,BLACK HAWK,0,0,0,0,20000.00,0.00,Heavy Rain,0,"[[42.52,-92.51],[42.5218,-92.492],[42.465,-92.3909],[42.4052,-92.4397]]",0,1,county_code_unverified|timezone_not_normalized_to_utc
83922,14740,2008,2008-04-25T10:00:00,2008-04-26T09:45:00,CST-6,23.75,19,19023,C,023,BUTLER,0,0,0,0,10000.00,0.00,Heavy Rain,0,"[[42.57,-92.82],[42.5693,-92.7579],[42.58,-92.7572],[42.5805,-92.8211]]",0,1,county_code_unverified|timezone_not_normalized_to_utc
83923,14740,2008,2008-04-25T14:30:00,2008-04-26T09:45:00,CST-6,19.25,19,19013,C,013,BLACK HAWK,0,0,0,0,20000.00,0.00,Heavy Rain,0,"[[42.42,-92.45],[42.4498,-92.4191],[42.4584,-92.4688],[42.4171,-92.4785]]",0,1,county_code_unverified|timezone_not_normalized_to_utc
83926,14740,2008,2008-04-25T16:38:00,2008-04-26T09:45:00,CST-6,17.116666666666667,19,19013,C,013,BLACK HAWK,0,0,0,0,250000.00,0.00,Heavy Rain,0,"[[42.3771,-92.4915],[42.446,-92.51],[42.4468,-92.3882],[42.3885,-92.4225]]",0,1,county_code_unverified|timezone_not_normalized_to_utc
83936,14740,2008,2008-04-25T18:22:00,2008-04-26T09:45:00,CST-6,15.383333333333333,19,19013,C,013,BLACK HAWK,0,0,0,0,25000.00,0.00,Heavy Rain,0,"[[42.5626,-92.1495],[42.5714,-92.1498],[42.5769,-92.1666],[42.5632,-92.1668]]",0,1,county_code_unverified|timezone_not_normalized_to_utc
83946,14740,2008,2008-04-25T10:00:00,2008-04-26T09:45:00,CST-6,23.75,19,19075,C,075,GRUNDY,0,0,0,0,150000.00,0.00,Heavy Rain,0,"[[42.5549,-93.0236],[42.55,-92.57],[42.3,-92.55],[42.3,-92.78],[42.21,-92.78],[42.2117,-92.9984]]",0,1,county_code_unverified|timezone_not_normalized_to_utc
83952,14740,2008,2008-04-25T10:00:00,2008-04-26T09:45:00,CST-6,23.75,19,19083,C,083,HARDIN,0,0,0,0,150000.00,0.00,Heavy Rain,0,"[[42.55,-93.03],[42.21,-93.01],[42.212,-93.4602],[42.5559,-93.4969]]",0,1,county_code_unverified|timezone_not_normalized_to_utc
83955,14740,2008,2008-04-25T10:00:00,2008-04-26T09:45:00,CST-6,23.75,19,19069,C,069,FRANKLIN,0,0,0,0,100000.00,0.00,Heavy Rain,0,"[[42.9,-93.03],[42.56,-93.03],[42.5602,-93.4969],[42.9068,-93.4959]]",0,1,county_code_unverified|timezone_not_normalized_to_utc
83961,14740,2008,2008-04-25T10:00:00,2008-04-26T09:45:00,CST-6,23.75,19,19197,C,197,WRIGHT,0,0,0,0,100000.00,0.00,Heavy Rain,0,"[[42.9,-93.97],[42.9,-93.5],[42.56,-93.5],[42.5686,-93.9602]]",0,1,county_code_unverified|timezone_not_normalized_to_utc
83962,14740,2008,2008-04-25T10:00:00,2008-04-26T09:45:00,CST-6,23.75,19,19017,C,017,BREMER,0,0,0,0,200000.00,0.00,Heavy Rain,0,"[[42.9161,-92.549],[42.6452,-92.5516],[42.6455,-92.0907],[42.9048,-92.0902]]",0,1,county_code_unverified|timezone_not_normalized_to_utc
83998,12674,2008,2008-02-13T08:29:00,2008-02-14T09:10:00,EST-5,24.683333333333334,10,10003,C,003,NEW CASTLE,0,0,0,0,0.00,0.00,Heavy Rain / Snow Melt,0,"[[39.7295,-75.5034],[39.6147,-75.7101],[39.63,-75.7488],[39.75,-75.5488]]",0,1,county_code_unverified|timezone_not_normalized_to_utc
83999,12676,2008,2008-02-13T07:45:00,2008-02-14T00:50:00,EST-5,17.083333333333332,42,42095,C,095,NORTHAMPTON,0,0,0,0,0.00,0.00,Heavy Rain / Snow Melt,0,"[[40.7145,-75.23],[40.6693,-75.1895],[40.5866,-75.38],[40.6445,-75.38]]",0,1,county_code_unverified|timezone_not_normalized_to_utc
84004,12676,2008,2008-02-13T07:45:00,2008-02-13T22:26:00,EST-5,14.683333333333334,42,42011,C,011,BERKS,0,0,0,0,0.00,0.00,Heavy Rain / Snow Melt,0,"[[40.38,-75.73],[40.33,-75.63],[40.27,-75.7631],[40.3,-75.7869]]",0,1,county_code_unverified|timezone_not_normalized_to_utc
84006,12676,2008,2008-02-13T07:45:00,2008-02-14T00:50:00,EST-5,17.083333333333332,42,42077,C,077,LEHIGH,0,0,0,0,0.00,0.00,Heavy Rain / Snow Melt,0,"[[40.6155,-75.38],[40.5055,-75.6],[40.6607,-75.7605],[40.7007,-75.5205]]",0,1,county_code_unverified|timezone_not_normalized_to_utc
84059,12676,2008,2008-02-13T12:52:00,2008-02-13T22:36:00,EST-5,9.733333333333333,42,42101,C,101,PHILADELPHIA,0,0,0,0,0.00,0.00,Heavy Rain / Snow Melt,0,"[[40.02,-75.2],[40.0123,-75.2056],[40.0134,-75.2091],[40.02,-75.2026]]",0,1,county_code_unverified|timezone_not_normalized_to_utc
84064,12676,2008,2008-02-13T12:00:00,2008-02-14T00:46:00,EST-5,12.766666666666667,42,42045,C,045,DELAWARE,0,0,0,0,0.00,0.00,Heavy Rain / Snow Melt,0,"[[39.8688,-75.6],[39.8688,-75.5862],[39.89,-75.6],[39.89,-75.62]]",0,1,county_code_unverified|timezone_not_normalized_to_utc
84067,12676,2008,2008-02-13T11:00:00,2008-02-14T00:46:00,EST-5,13.766666666666667,42,42029,C,029,CHESTER,0,0,0,0,0.00,0.00,Heavy Rain / Snow Melt,0,"[[39.87,-75.57],[40.02,-75.7],[39.9688,-75.7668],[39.8393,-75.61]]",0,1,county_code_unverified|timezone_not_normalized_to_utc
84071,12676,2008,2008-02-13T12:00:00,2008-02-14T00:15:00,EST-5,12.25,42,42017,C,017,BUCKS,0,0,0,0,0.00,0.00,Heavy Rain / Snow Melt,0,"[[40.1547,-74.9701],[40.1555,-74.95],[40.1854,-74.9299],[40.1854,-74.9701]]",0,1,county_code_unverified|timezone_not_normalized_to_utc
84197,14650,2008,2008-03-07T12:00:00,2008-03-11T22:04:00,EST-5,106.06666666666666,18,18093,C,093,LAWRENCE,0,0,0,0,12000.00,0.00,Heavy Rain / Snow Melt,0,"[[38.848,-86.5373],[38.8386,-86.5153],[38.8186,-86.4967],[38.8115,-86.5113],[38.8346,-86.539],[38.8039,-86.5366],[38.8071,-86.5554],[38.8368,-86.5568]]",0,1,county_code_unverified|timezone_not_normalized_to_utc
84200,14644,2008,2008-03-19T06:00:00,2008-03-31T23:59:00,EST-5,305.98333333333335,18,18093,C,093,LAWRENCE,0,0,0,0,12000.00,0.00,Heavy Rain,0,"[[38.8523,-86.5427],[38.8397,-86.5043],[38.8189,-86.4954],[38.81,-86.5105],[38.8344,-86.539],[38.8017,-86.5393],[38.8063,-86.5551],[38.8317,-86.5589]]",0,1,county_code_unverified|timezone_not_normalized_to_utc
84203,14644,2008,2008-03-19T02:30:00,2008-03-31T23:59:00,EST-5,309.48333333333335,18,18093,C,093,LAWRENCE,0,0,0,0,12000.00,0.00,Heavy Rain,0,"[[38.7942,-86.6746],[38.791,-86.6193],[38.7995,-86.6172],[38.8059,-86.6421],[38.8027,-86.6706]]",0,1,county_code_unverified|timezone_not_normalized_to_utc
84204,14650,2008,2008-03-07T13:00:00,2008-03-12T07:05:00,EST-5,114.08333333333333,18,18093,C,093,LAWRENCE,0,0,0,0,12000.00,0.00,Heavy Rain / Snow Melt,0,"[[38.794,-86.6763],[38.7886,-86.6221],[38.7996,-86.619],[38.8068,-86.6428],[38.8043,-86.6725]]",0,1,county_code_unverified|timezone_not_normalized_to_utc
84224,14650,2008,2008-03-09T03:45:00,2008-03-11T23:15:00,EST-5,67.5,18,18101,C,101,MARTIN,0,0,0,0,15000.00,0.00,Heavy Rain / Snow Melt,0,"[[38.67,-86.78],[38.6528,-86.8061],[38.6653,-86.8061],[38.6767,-86.7874]]",0,1,county_code_unverified|timezone_not_normalized_to_utc
84227,14644,2008,2008-03-19T09:30:00,2008-03-31T23:59:00,EST-5,302.48333333333335,18,18101,C,101,MARTIN,0,0,0,0,60000.00,0.00,Heavy Rain,0,"[[38.67,-86.78],[38.6544,-86.8061],[38.6654,-86.8059],[38.6772,-86.7868]]",0,1,county_code_unverified|timezone_not_normalized_to_utc
84235,14644,2008,2008-03-19T07:00:00,2008-03-26T11:00:00,EST-5,172.0,18,18157,C,157,TIPPECANOE,0,0,0,0,12000.00,0.00,Heavy Rain,0,"[[40.4809,-86.8833],[40.4624,-86.9025],[40.4221,-86.9024],[40.3996,-86.9348],[40.39,-86.9252],[40.4187,-86.8857]]",0,1,county_code_unverified|timezone_not_normalized_to_utc
84236,14648,2008,2008-03-28T16:30:00,2008-03-31T23:59:00,EST-5,79.48333333333333,18,18157,C,157,TIPPECANOE,0,0,0,0,12000.00,0.00,Heavy Rain,0,"[[40.4804,-86.8957],[40.4046,-86.9334],[40.3952,-86.9005],[40.4668,-86.8662]]",0,1,county_code_unverified|timezone_not_normalized_to_utc
84239,14648,2008,2008-03-29T07:00:00,2008-03-31T23:59:00,EST-5,64.98333333333333,18,18045,C,045,FOUNTAIN,0,0,0,0,12000.00,0.00,Heavy Rain,0,"[[40.13,-87.4],[40.108,-87.4004],[40.1099,-87.4184],[40.1372,-87.4144],[40.1513,-87.4416],[40.1579,-87.4268],[40.1441,-87.4009]]",0,1,county_code_unverified|timezone_not_normalized_to_utc
84240,14648,2008,2008-03-29T07:00:00,2008-03-31T23:59:00,EST-5,64.98333333333333,18,18171,C,171,WARREN,0,0,0,0,12000.00,0.00,Heavy Rain,0,"[[40.149,-87.4371],[40.1387,-87.4134],[40.1194,-87.411],[40.1193,-87.4024],[40.1425,-87.4007],[40.1554,-87.4254]]",0,1,county_code_unverified|timezone_not_normalized_to_utc
84243,14145,2008,2008-02-13T13:19:00,2008-02-13T17:19:00,EST-5,4.0,34,34017,C,017,HUDSON,0,0,0,0,0.00,0.00,Heavy Rain / Snow Melt,0,"[[40.7385,-74.0423],[40.7369,-74.0332],[40.7487,-74.0338],[40.7508,-74.0382]]",0,1,county_code_unverified|timezone_not_normalized_to_utc
84248,14484,2008,2008-03-04T00:30:00,2008-03-31T23:59:00,EST-5,671.4833333333333,18,18153,C,153,SULLIVAN,0,0,0,0,15000.00,0.00,Heavy Rain / Snow Melt,0,"[[39.02,-87.58],[39.0365,-87.5871],[39.0415,-87.5722],[39.0213,-87.559],[38.9997,-87.5691],[39.0037,-87.5844]]",0,1,county_code_unverified|timezone_not_normalized_to_utc
84257,14644,2008,2008-03-18T19:00:00,2008-03-31T23:59:00,EST-5,316.98333333333335,18,18083,C,083,KNOX,0,0,0,0,10000.00,0.00,Heavy Rain,0,"[[38.727,-87.5154],[38.7159,-87.5234],[38.7003,-87.5228],[38.6885,-87.5315],[38.6855,-87.5219],[38.6981,-87.5143],[38.7252,-87.5027]]",0,1,county_code_unverified|timezone_not_normalized_to_utc
84258,14644,2008,2008-03-18T18:00:00,2008-03-31T23:59:00,EST-5,317.98333333333335,18,18083,C,083,KNOX,0,0,0,0,10000.00,0.00,Heavy Rain,0,"[[38.6974,-87.5258],[38.6934,-87.5155],[38.6769,-87.5343],[38.6668,-87.5775],[38.6795,-87.5794]]",0,1,county_code_unverified|timezone_not_normalized_to_utc
84261,14484,2008,2008-03-05T13:30:00,2008-03-17T19:10:00,EST-5,293.6666666666667,18,18083,C,083,KNOX,0,0,0,0,10000.00,0.00,Heavy Rain / Snow Melt,0,"[[38.4837,-87.6874],[38.4638,-87.7183],[38.4256,-87.721],[38.4224,-87.7581],[38.4455,-87.7499],[38.4504,-87.7715],[38.4813,-87.7564],[38.4907,-87.7159]]",0,1,county_code_unverified|timezone_not_normalized_to_utc
84266,14644,2008,2008-03-18T10:30:00,2008-03-31T23:59:00,EST-5,325.48333333333335,18,18083,C,083,KNOX,0,0,0,0,10000.00,0.00,Heavy Rain,0,"[[38.4224,-87.7334],[38.4517,-87.7159],[38.4665,-87.7327],[38.4944,-87.6682],[38.5025,-87.6963],[38.4799,-87.7615],[38.4246,-87.7581]]",0,1,county_code_unverified|timezone_not_normalized_to_utc
84275,14644,2008,2008-03-19T04:19:00,2008-03-20T15:30:00,EST-5,35.18333333333333,18,18135,C,135,RANDOLPH,0,0,0,0,15000.00,0.00,Heavy Rain,0,"[[40.2833,-85.0029],[40.2828,-84.9853],[40.279,-84.9853],[40.279,-84.9955],[40.2803,-85.002]]",0,1,county_code_unverified|timezone_not_normalized_to_utc
84276,14644,2008,2008-03-18T23:07:00,2008-03-20T17:35:00,EST-5,42.46666666666667,18,18031,C,031,DECATUR,0,0,0,0,10000.00,0.00,Heavy Rain,0,"[[39.4237,-85.6448],[39.4135,-85.6378],[39.4212,-85.6146],[39.428,-85.6198]]",0,1,county_code_unverified|timezone_not_normalized_to_utc
84277,14644,2008,2008-03-18T23:07:00,2008-03-20T17:35:00,EST-5,42.46666666666667,18,18145,C,145,SHELBY,0,0,0,0,10000.00,0.00,Heavy Rain,0,"[[39.4211,-85.6376],[39.4156,-85.6467],[39.4125,-85.6359],[39.4196,-85.6298]]",0,1,county_code_unverified|timezone_not_normalized_to_utc
84284,14648,2008,2008-03-27T13:00:00,2008-03-31T23:59:00,EST-5,106.98333333333333,18,18055,C,055,GREENE,0,0,0,0,12000.00,0.00,Heavy Rain,0,"[[39.0395,-86.9688],[39.0227,-86.9755],[39.0187,-86.9667],[39.0341,-86.9561],[39.0423,-86.9583]]",0,1,county_code_unverified|timezone_not_normalized_to_utc
84286,14648,2008,2008-03-27T07:30:00,2008-03-31T23:59:00,EST-5,112.48333333333333,18,18055,C,055,GREENE,0,0,0,0,12000.00,0.00,Heavy Rain,0,"[[38.926,-87.0042],[38.9254,-87.0196],[38.9282,-87.0304],[38.9361,-87.0434],[38.9383,-87.0364],[38.931,-87.0176],[38.9318,-87.0085]]",0,1,county_code_unverified|timezone_not_normalized_to_utc
84303,14644,2008,2008-03-19T07:00:00,2008-03-21T17:45:00,EST-5,58.75,18,18005,C,005,BARTHOLOMEW,0,0,0,0,10000.00,0.00,Heavy Rain,0,"[[39.2382,-85.9315],[39.2255,-85.9313],[39.2267,-85.9213],[39.2385,-85.9238]]",0,1,county_code_unverified|timezone_not_normalized_to_utc
84304,14644,2008,2008-03-19T05:52:00,2008-03-22T03:40:00,EST-5,69.8,18,18081,C,081,JOHNSON,0,0,0,0,5000.00,0.00,Heavy Rain,0,"[[39.3713,-86.0001],[39.3607,-86.0034],[39.36,-85.9929],[39.3705,-85.9925]]",0,1,county_code_unverified|timezone_not_normalized_to_utc
84305,14484,2008,2008-03-04T15:30:00,2008-03-06T20:56:00,EST-5,53.43333333333333,18,18081,C,081,JOHNSON,0,0,0,0,0.00,0.00,Heavy Rain / Snow Melt,0,"[[39.3713,-86.0],[39.3607,-86.0019],[39.3597,-85.9915],[39.3703,-85.9917]]",0,1,county_code_unverified|timezone_not_normalized_to_utc
84309,14484,2008,2008-03-04T06:00:00,2008-03-31T23:59:00,EST-5,665.9833333333333,18,18071,C,071,JACKSON,0,0,0,0,10000.00,0.00,Heavy Rain / Snow Melt,0,"[[38.7752,-86.1556],[38.7653,-86.1606],[38.7566,-86.1349],[38.7644,-86.0961],[38.7726,-86.104]]",0,1,county_code_unverified|timezone_not_normalized_to_utc
84316,14852,2008,2008-02-17T06:00:00,2008-02-18T13:00:00,CST-6,31.0,17,17063,C,063,GRUNDY,0,0,0,0,50000.00,0.00,Heavy Rain / Snow Melt,0,"[[41.4574,-88.5955],[41.461,-88.2552],[41.1164,-88.2429],[41.1099,-88.5855]]",0,1,county_code_unverified|timezone_not_normalized_to_utc
84318,14853,2008,2008-02-13T17:10:00,2008-02-14T11:00:00,EST-5,17.833333333333332,09,09005,C,005,LITCHFIELD,0,0,0,0,1000.00,0.00,Heavy Rain,0,"[[41.5393,-73.379],[41.5393,-73.461],[41.6212,-73.4884],[41.6858,-73.42],[41.6314,-73.3379]]",0,1,county_code_unverified|timezone_not_normalized_to_utc
84325,14852,2008,2008-02-17T06:00:00,2008-02-18T13:00:00,CST-6,31.0,17,17099,C,099,LA SALLE,0,0,0,0,100000.00,0.00,Heavy Rain / Snow Melt,0,"[[41.628,-89.1661],[41.6308,-88.6041],[41.1094,-88.5877],[41.1073,-88.9324],[40.9287,-88.9326],[40.927,-89.0468],[41.1059,-89.0464],[41.1056,-89.1604]]",0,1,county_code_unverified|timezone_not_normalized_to_utc
84362,14473,2008,2008-02-05T16:00:00,2008-02-06T14:30:00,EST-5,22.5,39,39011,C,011,AUGLAIZE,0,0,0,0,50000.00,0.00,Heavy Rain,0,"[[40.5155,-84.38],[40.6024,-84.38],[40.5905,-84.1731],[40.4976,-84.2]]",0,1,county_code_unverified|timezone_not_normalized_to_utc
84363,14473,2008,2008-02-05T16:00:00,2008-02-06T14:30:00,EST-5,22.5,39,39107,C,107,MERCER,0,0,0,0,30000.00,0.00,Heavy Rain,0,"[[40.709,-84.63],[40.67,-84.4818],[40.55,-84.4557],[40.5193,-84.6104]]",0,1,county_code_unverified|timezone_not_normalized_to_utc
84364,14473,2008,2008-02-05T16:00:00,2008-02-07T12:00:00,EST-5,44.0,39,39065,C,065,HARDIN,0,0,0,0,15000.00,0.00,Heavy Rain,0,"[[40.6366,-83.78],[40.7379,-83.78],[40.7079,-83.6],[40.6193,-83.5595]]",0,1,county_code_unverified|timezone_not_normalized_to_utc
84378,14859,2008,2008-02-07T11:00:00,2008-02-09T06:00:00,EST-5,43.0,39,39091,C,091,LOGAN,0,0,0,0,20000.00,0.00,Heavy Rain,0,"[[40.5005,-83.9469],[40.42,-83.95],[40.43,-83.8761],[40.4905,-83.8731]]",0,1,county_code_unverified|timezone_not_normalized_to_utc
84499,12676,2008,2008-02-13T10:22:00,2008-02-13T22:16:00,EST-5,11.9,42,42091,C,091,MONTGOMERY,0,0,0,0,0.00,0.00,Heavy Rain / Snow Melt,0,"[[40.42,-75.5],[40.13,-75.22],[40.1693,-75.4902],[40.2193,-75.6702]]",0,1,county_code_unverified|timezone_not_normalized_to_utc
84596,14883,2008,2008-03-08T17:20:00,2008-03-08T20:15:00,EST-5,2.9166666666666665,09,09011,C,011,NEW LONDON,0,0,0,0,0.00,0.00,Heavy Rain,0,"[[41.5459,-72.0549],[41.5461,-72.0537],[41.5437,-72.0542],[41.5438,-72.0553]]",0,1,county_code_unverified|timezone_not_normalized_to_utc
84614,14898,2008,2008-03-17T13:45:00,2008-03-17T17:45:00,CST-6,4.0,29,29089,C,089,HOWARD,0,0,0,0,0.00,0.00,Heavy Rain,0,"[[39.01,-92.85],[39.0613,-92.8922],[39.0515,-92.909],[39.0128,-92.874]]",0,1,county_code_unverified|timezone_not_normalized_to_utc
84632,14852,2008,2008-02-17T17:18:00,2008-02-18T13:00:00,CST-6,19.7,17,17037,C,037,DE KALB,0,0,0,0,0.00,0.00,Heavy Rain / Snow Melt,0,"[[41.7803,-88.7386],[41.7803,-88.6669],[41.7539,-88.6669],[41.7539,-88.7386]]",0,1,county_code_unverified|timezone_not_normalized_to_utc
84634,14852,2008,2008-02-17T15:45:00,2008-02-18T13:00:00,CST-6,21.25,17,17197,C,197,WILL,0,0,0,0,0.00,0.00,Heavy Rain / Snow Melt,0,"[[41.5934,-88.1601],[41.5934,-88.0963],[41.5556,-88.0963],[41.5556,-88.1601]]",0,1,county_code_unverified|timezone_not_normalized_to_utc
84638,14852,2008,2008-02-17T16:00:00,2008-02-18T13:00:00,CST-6,21.0,17,17043,C,043,DU PAGE,0,0,0,0,0.00,0.00,Heavy Rain / Snow Melt,0,"[[41.8974,-88.1986],[41.8974,-88.1138],[41.8009,-88.1138],[41.8009,-88.1986]]",0,1,county_code_unverified|timezone_not_normalized_to_utc
84641,14902,2008,2008-04-20T18:00:00,2008-04-20T21:00:00,EST-5,3.0,42,42133,C,133,YORK,0,0,0,0,0.00,0.00,Heavy Rain,0,"[[39.7566,-76.98],[39.8669,-76.9439],[39.87,-76.87],[39.7542,-76.87]]",0,1,county_code_unverified|timezone_not_normalized_to_utc
84661,14906,2008,2008-03-08T22:08:00,2008-03-09T11:08:00,EST-5,13.0,36,36071,C,071,ORANGE,0,0,0,0,0.00,0.00,Heavy Rain,0,"[[41.6801,-74.1866],[41.7242,-74.1646],[41.7096,-74.1412],[41.5476,-74.1962],[41.6401,-74.1951]]",0,1,county_code_unverified|timezone_not_normalized_to_utc
84666,12675,2008,2008-02-13T07:45:00,2008-02-13T15:00:00,EST-5,7.25,34,34037,C,037,SUSSEX,0,0,0,0,0.00,0.00,Heavy Rain / Snow Melt,0,"[[41.3,-74.8],[41.18,-74.48],[40.93,-74.65],[41.17,-74.9]]",0,1,county_code_unverified|timezone_not_normalized_to_utc
84668,12675,2008,2008-02-13T07:45:00,2008-02-13T15:00:00,EST-5,7.25,34,34041,C,041,WARREN,0,0,0,0,0.00,0.00,Heavy Rain / Snow Melt,0,"[[41.07,-74.98],[40.92,-74.8],[40.62,-75.17],[40.7,-75.18]]",0,1,county_code_unverified|timezone_not_normalized_to_utc
84671,12675,2008,2008-02-13T09:45:00,2008-02-13T15:00:00,EST-5,5.25,34,34019,C,019,HUNTERDON,0,0,0,0,0.00,0.00,Heavy Rain / Snow Melt,0,"[[40.62,-75.15],[40.75,-74.88],[40.57,-74.75],[40.4,-74.9]]",0,1,county_code_unverified|timezone_not_normalized_to_utc
84686,14644,2008,2008-03-19T19:15:00,2008-03-22T10:18:00,EST-5,63.05,18,18097,C,097,MARION,0,0,0,0,15000.00,0.00,Heavy Rain,0,"[[39.9163,-86.1047],[39.9141,-86.0968],[39.911,-86.1038],[39.913,-86.1098]]",0,1,county_code_unverified|timezone_not_normalized_to_utc
84687,14644,2008,2008-03-19T17:30:00,2008-03-22T01:26:00,EST-5,55.93333333333333,18,18057,C,057,HAMILTON,0,0,0,0,15000.00,0.00,Heavy Rain,0,"[[40.05,-86.02],[40.0452,-86.0221],[40.044,-86.0155],[40.05,-86.0129]]",0,1,county_code_unverified|timezone_not_normalized_to_utc
84688,14644,2008,2008-03-19T09:50:00,2008-03-21T11:17:00,EST-5,49.45,18,18095,C,095,MADISON,0,0,0,0,15000.00,0.00,Heavy Rain,0,"[[40.1,-85.68],[40.1096,-85.6795],[40.1091,-85.665],[40.1001,-85.6544],[40.094,-85.6632]]",0,1,county_code_unverified|timezone_not_normalized_to_utc
84707,12675,2008,2008-02-13T07:45:00,2008-02-17T13:15:00,EST-5,101.5,34,34027,C,027,MORRIS,0,0,0,0,0.00,0.00,Heavy Rain / Snow Melt,0,"[[41.03,-74.43],[40.98,-74.3],[40.82,-74.37],[40.9,-74.62]]",0,1,county_code_unverified|timezone_not_normalized_to_utc
84708,12675,2008,2008-02-13T09:45:00,2008-02-15T12:30:00,EST-5,50.75,34,34035,C,035,SOMERSET,0,0,0,0,0.00,0.00,Heavy Rain / Snow Melt,0,"[[40.4211,-74.62],[40.57,-74.511],[40.6,-74.5509],[40.67,-74.7009],[40.52,-74.711]]",0,1,county_code_unverified|timezone_not_normalized_to_utc
84764,14924,2008,2008-03-19T05:00:00,2008-03-31T23:59:00,CST-6,306.98333333333335,17,17077,C,077,JACKSON,0,0,0,0,10000.00,0.00,Heavy Rain,0,"[[37.7642,-89.3741],[37.7566,-89.3446],[37.7494,-89.3486],[37.7616,-89.3942]]",0,1,county_code_unverified|timezone_not_normalized_to_utc
84767,14924,2008,2008-03-19T05:00:00,2008-03-31T23:59:00,CST-6,306.98333333333335,17,17055,C,055,FRANKLIN,0,0,0,0,0.00,0.00,Heavy Rain,0,"[[37.88,-89.0],[37.8857,-89.0373],[37.902,-89.036],[37.899,-89.0198]]",0,1,county_code_unverified|timezone_not_normalized_to_utc
84768,14925,2008,2008-03-19T21:00:00,2008-03-31T23:59:00,CST-6,290.98333333333335,17,17193,C,193,WHITE,0,0,0,0,25000.00,0.00,Heavy Rain,0,"[[38.08,-88.17],[38.0895,-88.1471],[38.0732,-88.139],[38.075,-88.1609]]",0,1,county_code_unverified|timezone_not_normalized_to_utc
84769,14925,2008,2008-03-19T09:00:00,2008-03-30T18:00:00,CST-6,273.0,17,17191,C,191,WAYNE,0,0,0,0,0.00,0.00,Heavy Rain,0,"[[38.35,-88.58],[38.3469,-88.5711],[38.3454,-88.573],[38.3499,-88.5823]]",0,1,county_code_unverified|timezone_not_normalized_to_utc
84776,14929,2008,2008-03-18T06:00:00,2008-03-22T20:00:00,CST-6,110.0,29,29023,C,023,BUTLER,0,0,0,0,2500000.00,0.00,Heavy Rain,0,"[[36.75,-90.4],[36.8021,-90.3845],[36.7997,-90.3656],[36.7499,-90.3917],[36.7224,-90.3935],[36.7268,-90.4058]]",0,1,county_code_unverified|timezone_not_normalized_to_utc
84777,14929,2008,2008-03-18T10:00:00,2008-03-20T23:00:00,CST-6,61.0,29,29035,C,035,CARTER,0,0,0,0,700000.00,0.00,Heavy Rain,0,"[[37.0,-91.02],[36.9899,-91.0071],[36.9889,-91.011],[36.9935,-91.0216],[36.9987,-91.0242]]",0,1,county_code_unverified|timezone_not_normalized_to_utc
84779,14929,2008,2008-03-19T03:00:00,2008-03-22T13:00:00,CST-6,82.0,29,29181,C,181,RIPLEY,0,0,0,0,600000.00,0.00,Heavy Rain,0,"[[36.6321,-90.8607],[36.6326,-90.8425],[36.6136,-90.8268],[36.6129,-90.8389]]",0,1,county_code_unverified|timezone_not_normalized_to_utc
84787,14929,2008,2008-03-18T04:00:00,2008-03-23T19:00:00,CST-6,135.0,29,29223,C,223,WAYNE,0,0,0,0,0.00,0.00,Heavy Rain,0,"[[37.203,-90.4985],[37.177,-90.4903],[37.1782,-90.5013],[37.2042,-90.5102]]",0,1,county_code_unverified|timezone_not_normalized_to_utc
84823,14934,2008,2008-03-05T19:00:00,2008-03-31T23:59:00,CST-6,628.9833333333333,18,18051,C,051,GIBSON,0,0,0,0,20000.00,0.00,Heavy Rain,0,"[[38.4,-87.73],[38.346,-87.7918],[38.3559,-87.8099],[38.4159,-87.7382]]",0,1,county_code_unverified|timezone_not_normalized_to_utc
84824,14484,2008,2008-03-03T07:00:00,2008-03-31T23:59:00,EST-5,688.9833333333333,18,18071,C,071,JACKSON,0,0,0,0,10000.00,0.00,Heavy Rain / Snow Melt,0,"[[38.78,-86.23],[38.7749,-86.2226],[38.7634,-86.2347],[38.7688,-86.2437]]",0,1,county_code_unverified|timezone_not_normalized_to_utc
84825,14934,2008,2008-03-06T19:00:00,2008-03-31T23:59:00,CST-6,604.9833333333333,18,18129,C,129,POSEY,0,0,0,0,0.00,0.00,Heavy Rain,0,"[[38.1344,-87.9337],[38.1146,-87.9428],[38.1163,-87.949],[38.1365,-87.9392]]",0,1,county_code_unverified|timezone_not_normalized_to_utc
84827,14936,2008,2008-03-05T08:00:00,2008-03-31T23:59:00,CST-6,639.9833333333333,17,17185,C,185,WABASH,0,0,0,0,10000.00,0.00,Heavy Rain,0,"[[38.4299,-87.7487],[38.4158,-87.7487],[38.4168,-87.7433],[38.4296,-87.7422]]",0,1,county_code_unverified|timezone_not_normalized_to_utc
84832,14937,2008,2008-04-26T21:00:00,2008-04-27T02:00:00,EST-5,5.0,42,42009,C,009,BEDFORD,0,0,0,0,0.00,0.00,Heavy Rain,0,"[[40.0609,-78.4235],[40.0532,-78.2652],[39.9868,-78.2653],[39.9791,-78.4234]]",0,1,county_code_unverified|timezone_not_normalized_to_utc
84834,14936,2008,2008-03-06T20:00:00,2008-03-31T23:59:00,CST-6,603.9833333333333,17,17193,C,193,WHITE,0,0,0,0,0.00,0.00,Heavy Rain,0,"[[38.03,-88.05],[38.0151,-88.0242],[38.0251,-88.0032],[38.0376,-88.0232]]",0,1,county_code_unverified|timezone_not_normalized_to_utc
84838,14937,2008,2008-04-26T22:00:00,2008-04-27T02:00:00,EST-5,4.0,42,42055,C,055,FRANKLIN,0,0,0,0,0.00,0.00,Heavy Rain,0,"[[39.75,-78.03],[40.22,-77.7],[39.75,-77.58],[39.7511,-77.75]]",0,1,county_code_unverified|timezone_not_normalized_to_utc
84846,14934,2008,2008-03-05T04:00:00,2008-03-31T23:59:00,CST-6,643.9833333333333,18,18051,C,051,GIBSON,0,0,0,0,10000.00,0.00,Heavy Rain,0,"[[38.4885,-87.5494],[38.4967,-87.5365],[38.4952,-87.5353],[38.4887,-87.5474]]",0,1,county_code_unverified|timezone_not_normalized_to_utc
84847,14479,2008,2008-03-20T17:00:00,2008-03-31T23:59:00,EST-5,270.98333333333335,18,18101,C,101,MARTIN,0,0,1,0,10000.00,0.00,Heavy Rain,1,"[[38.5949,-86.6845],[38.5967,-86.6852],[38.5967,-86.6869],[38.5952,-86.6879],[38.5946,-86.6855]]",0,1,county_code_unverified|timezone_not_normalized_to_utc
84850,14934,2008,2008-03-04T06:00:00,2008-03-31T23:59:00,EST-5,665.9833333333333,18,18125,C,125,PIKE,0,0,0,0,20000.00,0.00,Heavy Rain,0,"[[38.5,-87.28],[38.5194,-87.33],[38.5241,-87.3247],[38.5086,-87.2797]]",0,1,county_code_unverified|timezone_not_normalized_to_utc
84853,14644,2008,2008-03-19T10:07:00,2008-03-20T20:18:00,EST-5,34.18333333333333,18,18035,C,035,DELAWARE,0,0,0,0,20000.00,0.00,Heavy Rain,0,"[[40.2135,-85.3936],[40.2022,-85.3573],[40.1951,-85.3631],[40.1944,-85.3997]]",0,1,county_code_unverified|timezone_not_normalized_to_utc
84875,14644,2008,2008-03-18T12:00:00,2008-03-20T12:00:00,EST-5,48.0,18,18133,C,133,PUTNAM,0,0,0,0,12000.00,0.00,Heavy Rain,0,"[[39.876,-87.0612],[39.8908,-86.7233],[39.4701,-86.7426],[39.5252,-87.0667]]",0,1,county_code_unverified|timezone_not_normalized_to_utc
84880,14644,2008,2008-03-18T12:00:00,2008-03-20T12:00:00,EST-5,48.0,18,18105,C,105,MONROE,0,0,0,0,50000.00,0.00,Heavy Rain,0,"[[39.3216,-86.6711],[39.0128,-86.7288],[39.0363,-86.4212],[39.3088,-86.4459]]",0,1,county_code_unverified|timezone_not_normalized_to_utc
84908,14942,2008,2008-03-18T07:00:00,2008-03-21T17:00:00,CST-6,82.0,17,17003,C,003,ALEXANDER,0,0,0,0,800000.00,0.00,Heavy Rain,0,"[[37.3036,-89.4919],[37.1072,-89.3408],[37.133,-89.2873],[37.2708,-89.3024]]",0,1,county_code_unverified|timezone_not_normalized_to_utc
84910,14644,2008,2008-03-18T12:00:00,2008-03-20T12:00:00,EST-5,48.0,18,18081,C,081,JOHNSON,0,0,0,0,20000.00,0.00,Heavy Rain,0,"[[39.6734,-85.9296],[39.521,-85.9021],[39.3619,-85.8499],[39.3407,-86.0861],[39.5337,-86.1136],[39.6797,-86.1397]]",0,1,county_code_unverified|timezone_not_normalized_to_utc
84913,14644,2008,2008-03-18T12:00:00,2008-03-20T12:00:00,EST-5,48.0,18,18079,C,079,JENNINGS,0,0,0,0,60000.00,0.00,Heavy Rain,0,"[[39.1727,-85.5066],[39.1759,-85.7044],[38.9017,-85.7455],[38.9509,-85.4736]]",0,1,county_code_unverified|timezone_not_normalized_to_utc
84916,14644,2008,2008-03-18T12:00:00,2008-03-20T12:00:00,EST-5,48.0,18,18139,C,139,RUSH,0,0,0,0,20000.00,0.00,Heavy Rain,0,"[[39.7537,-85.3528],[39.7653,-85.5904],[39.5316,-85.6055],[39.5432,-85.3349]]",0,1,county_code_unverified|timezone_not_normalized_to_utc
84918,14942,2008,2008-03-18T07:00:00,2008-03-21T17:00:00,CST-6,82.0,17,17047,C,047,EDWARDS,0,0,0,0,10000.00,0.00,Heavy Rain,0,"[[38.38,-88.05],[38.3514,-88.1289],[38.3411,-88.0177],[38.3807,-87.9899]]",0,1,county_code_unverified|timezone_not_normalized_to_utc
84919,14644,2008,2008-03-18T12:00:00,2008-03-20T12:00:00,EST-5,48.0,18,18167,C,167,VIGO,0,0,0,0,30000.00,0.00,Heavy Rain,0,"[[39.5729,-87.4979],[39.5808,-87.3447],[39.364,-87.3207],[39.3555,-87.4979]]",0,1,county_code_unverified|timezone_not_normalized_to_utc
84920,14942,2008,2008-03-18T05:00:00,2008-03-21T17:00:00,CST-6,84.0,17,17055,C,055,FRANKLIN,0,0,0,0,1500000.00,0.00,Heavy Rain,0,"[[37.92,-88.77],[37.8879,-88.957],[38.0335,-88.9522],[38.0243,-88.7695]]",0,1,county_code_unverified|timezone_not_normalized_to_utc
84921,14942,2008,2008-03-18T07:00:00,2008-03-21T17:00:00,CST-6,82.0,17,17059,C,059,GALLATIN,0,0,0,0,1200000.00,0.00,Heavy Rain,0,"[[37.78,-88.27],[37.711,-88.3507],[37.7045,-88.1907],[37.8087,-88.2017]]",0,1,county_code_unverified|timezone_not_normalized_to_utc
84923,14942,2008,2008-03-18T07:00:00,2008-03-21T17:00:00,CST-6,82.0,17,17065,C,065,HAMILTON,0,0,0,0,340000.00,0.00,Heavy Rain,0,"[[38.2,-88.68],[38.0221,-88.694],[38.0275,-88.4152],[38.2047,-88.4496]]",0,1,county_code_unverified|timezone_not_normalized_to_utc
84925,14942,2008,2008-03-18T07:00:00,2008-03-20T16:00:00,CST-6,57.0,17,17069,C,069,HARDIN,0,0,0,0,50000.00,0.00,Heavy Rain,0,"[[37.47,-88.17],[37.4465,-88.326],[37.5108,-88.3363],[37.5163,-88.1811]]",0,1,county_code_unverified|timezone_not_normalized_to_utc
84927,14942,2008,2008-03-18T04:00:00,2008-03-21T17:00:00,CST-6,85.0,17,17077,C,077,JACKSON,0,0,0,0,1800000.00,0.00,Heavy Rain,0,"[[37.88,-89.5],[37.8965,-89.2378],[37.6849,-89.1589],[37.699,-89.5001]]",0,1,county_code_unverified|timezone_not_normalized_to_utc
84929,14942,2008,2008-03-18T04:00:00,2008-03-21T02:00:00,CST-6,70.0,17,17081,C,081,JEFFERSON,0,0,2,0,58000.00,0.00,Heavy Rain,2,"[[38.43,-88.93],[38.3933,-88.7517],[38.2252,-88.8039],[38.1929,-89.106]]",0,1,county_code_unverified|timezone_not_normalized_to_utc
84933,14942,2008,2008-03-18T08:00:00,2008-03-21T17:00:00,CST-6,81.0,17,17087,C,087,JOHNSON,0,2,0,0,1600000.00,0.00,Heavy Rain,0,"[[37.55,-88.97],[37.544,-88.8217],[37.3647,-88.8039],[37.3188,-88.981]]",0,1,county_code_unverified|timezone_not_normalized_to_utc
84937,14942,2008,2008-03-18T16:00:00,2008-03-20T16:00:00,CST-6,48.0,17,17127,C,127,MASSAC,0,0,0,0,500000.00,0.00,Heavy Rain,0,"[[37.32,-88.72],[37.321,-88.9027],[37.2391,-88.9213],[37.1302,-88.6068]]",0,1,county_code_unverified|timezone_not_normalized_to_utc
84942,14942,2008,2008-03-18T03:00:00,2008-03-21T17:00:00,CST-6,86.0,17,17145,C,145,PERRY,0,0,0,0,250000.00,0.00,Heavy Rain,0,"[[38.17,-89.53],[37.9994,-89.5496],[37.9864,-89.2104],[38.1518,-89.2227]]",0,1,county_code_unverified|timezone_not_normalized_to_utc
84943,14942,2008,2008-03-18T07:00:00,2008-03-20T16:00:00,CST-6,57.0,17,17151,C,151,POPE,0,0,0,0,750000.00,0.00,Heavy Rain,0,"[[37.55,-88.67],[37.3243,-88.6693],[37.25,-88.5416],[37.5533,-88.4976]]",0,1,county_code_unverified|timezone_not_normalized_to_utc
84944,14942,2008,2008-03-18T07:00:00,2008-03-21T16:00:00,CST-6,81.0,17,17153,C,153,PULASKI,0,0,0,0,2500000.00,0.00,Heavy Rain,0,"[[37.27,-89.18],[37.0924,-89.2117],[37.2216,-89.025],[37.2828,-88.9934]]",0,1,county_code_unverified|timezone_not_normalized_to_utc
84946,14942,2008,2008-03-18T07:00:00,2008-03-23T15:00:00,CST-6,128.0,17,17165,C,165,SALINE,0,0,0,0,16800000.00,0.00,Heavy Rain,0,"[[37.83,-88.62],[37.6653,-88.6583],[37.6501,-88.4221],[37.838,-88.4097]]",0,1,county_code_unverified|timezone_not_normalized_to_utc
84949,14942,2008,2008-03-18T07:00:00,2008-03-21T17:00:00,CST-6,82.0,17,17181,C,181,UNION,0,0,0,0,1300000.00,0.00,Heavy Rain,0,"[[37.45,-89.4],[37.5304,-89.463],[37.5478,-89.2419],[37.332,-89.1451],[37.3527,-89.3875]]",0,1,county_code_unverified|timezone_not_normalized_to_utc
84951,14942,2008,2008-03-18T05:00:00,2008-03-21T16:00:00,CST-6,83.0,17,17185,C,185,WABASH,0,0,0,0,0.00,0.00,Heavy Rain,0,"[[38.55,-87.87],[38.5589,-87.6819],[38.4703,-87.7698],[38.3567,-87.8453]]",0,1,county_code_unverified|timezone_not_normalized_to_utc
84953,14942,2008,2008-03-18T04:00:00,2008-03-21T16:00:00,CST-6,84.0,17,17191,C,191,WAYNE,0,0,0,0,100000.00,0.00,Heavy Rain,0,"[[38.52,-88.53],[38.5192,-88.223],[38.3309,-88.2401],[38.305,-88.6446]]",0,1,county_code_unverified|timezone_not_normalized_to_utc
84954,14942,2008,2008-03-18T07:00:00,2008-03-21T16:00:00,CST-6,81.0,17,17193,C,193,WHITE,0,0,0,0,300000.00,0.00,Heavy Rain,0,"[[38.25,-88.27],[38.2608,-87.9923],[38.1286,-87.9881],[38.0156,-88.2326]]",0,1,county_code_unverified|timezone_not_normalized_to_utc
84955,14942,2008,2008-03-18T07:00:00,2008-03-21T16:00:00,CST-6,81.0,17,17199,C,199,WILLIAMSON,0,0,0,0,375000.00,0.00,Heavy Rain,0,"[[37.78,-89.12],[37.6713,-89.128],[37.6262,-88.8272],[37.7837,-88.8409]]",0,1,county_code_unverified|timezone_not_normalized_to_utc
84956,14945,2008,2008-03-18T03:00:00,2008-03-21T16:00:00,CST-6,85.0,29,29017,C,017,BOLLINGER,0,0,1,0,4800000.00,0.00,Heavy Rain,1,"[[37.5,-90.02],[37.5097,-89.9162],[37.2292,-89.8723],[37.145,-90.1428]]",0,1,county_code_unverified|timezone_not_normalized_to_utc
84957,14941,2008,2008-04-25T09:15:00,2008-04-25T13:15:00,CST-6,4.0,31,31067,C,067,GAGE,0,0,0,0,25000.00,0.00,Heavy Rain,0,"[[40.0463,-96.5884],[40.0363,-96.5906],[40.0368,-96.5871],[40.0465,-96.5846]]",0,1,county_code_unverified|timezone_not_normalized_to_utc
84960,14945,2008,2008-03-18T03:00:00,2008-03-21T16:00:00,CST-6,85.0,29,29023,C,023,BUTLER,0,0,0,0,2000000.00,0.00,Heavy Rain,0,"[[36.75,-90.58],[36.5593,-90.5397],[36.5681,-90.2486],[36.8555,-90.2156],[36.8961,-90.5273]]",0,1,county_code_unverified|timezone_not_normalized_to_utc
84962,14945,2008,2008-03-18T03:00:00,2008-03-21T16:00:00,CST-6,85.0,29,29031,C,031,CAPE GIRARDEAU,0,0,0,0,2800000.00,0.00,Heavy Rain,0,"[[37.52,-89.8],[37.5228,-89.529],[37.2527,-89.5351],[37.2478,-89.794]]",0,1,county_code_unverified|timezone_not_normalized_to_utc
84966,14945,2008,2008-03-18T03:00:00,2008-03-21T16:00:00,CST-6,85.0,29,29035,C,035,CARTER,0,0,0,0,300000.00,0.00,Heavy Rain,0,"[[36.9934,-91.17],[37.0146,-90.7814],[36.8302,-90.743],[36.8478,-91.1769]]",0,1,county_code_unverified|timezone_not_normalized_to_utc
84968,14945,2008,2008-03-18T20:00:00,2008-03-21T16:00:00,CST-6,68.0,29,29133,C,133,MISSISSIPPI,0,0,0,0,900000.00,0.00,Heavy Rain,0,"[[36.92,-89.43],[36.9729,-89.209],[36.7807,-89.1788],[36.6927,-89.437]]",0,1,county_code_unverified|timezone_not_normalized_to_utc
84969,14945,2008,2008-03-18T20:00:00,2008-03-21T16:00:00,CST-6,68.0,29,29143,C,143,NEW MADRID,0,0,0,0,275000.00,0.00,Heavy Rain,0,"[[36.75,-89.68],[36.7537,-89.4754],[36.5979,-89.4507],[36.4887,-89.6745]]",0,1,county_code_unverified|timezone_not_normalized_to_utc
84971,14945,2008,2008-03-18T04:00:00,2008-03-21T16:00:00,CST-6,84.0,29,29157,C,157,PERRY,0,0,0,0,150000.00,0.00,Heavy Rain,0,"[[37.7712,-89.9347],[37.6686,-89.9842],[37.6458,-89.6429],[37.7941,-89.7192]]",0,1,county_code_unverified|timezone_not_normalized_to_utc
84974,14945,2008,2008-03-18T04:00:00,2008-03-21T16:00:00,CST-6,84.0,29,29181,C,181,RIPLEY,0,0,0,0,200000.00,0.00,Heavy Rain,0,"[[36.6909,-91.021],[36.5174,-91.0835],[36.5163,-90.6839],[36.6905,-90.7169]]",0,1,county_code_unverified|timezone_not_normalized_to_utc
84975,14945,2008,2008-03-18T07:00:00,2008-03-21T16:00:00,CST-6,81.0,29,29201,C,201,SCOTT,0,0,0,0,675000.00,0.00,Heavy Rain,0,"[[37.18,-89.67],[37.2369,-89.5194],[37.0091,-89.3607],[37.0201,-89.6896]]",0,1,county_code_unverified|timezone_not_normalized_to_utc
84976,14945,2008,2008-03-18T04:00:00,2008-03-21T16:00:00,CST-6,84.0,29,29207,C,207,STODDARD,0,0,0,0,1800000.00,0.00,Heavy Rain,0,"[[36.95,-90.18],[37.0256,-89.8126],[36.6772,-89.8009],[36.6706,-90.1648]]",0,1,county_code_unverified|timezone_not_normalized_to_utc
84977,14945,2008,2008-03-18T04:00:00,2008-03-21T16:00:00,CST-6,84.0,29,29223,C,223,WAYNE,0,0,0,0,9200000.00,0.00,Heavy Rain,0,"[[37.2134,-90.72],[37.0415,-90.6997],[36.9323,-90.2788],[37.2194,-90.3076]]",0,1,county_code_unverified|timezone_not_normalized_to_utc
84978,14955,2008,2008-02-22T15:45:00,2008-02-22T17:45:00,PST-8,2.0,06,06019,C,019,FRESNO,0,0,0,0,5000.00,0.00,Heavy Rain,0,"[[36.81,-119.83],[36.7565,-119.8224],[36.7735,-119.7513],[36.8324,-119.7585]]",0,1,county_code_unverified|timezone_not_normalized_to_utc
84983,14946,2008,2008-03-18T07:00:00,2008-03-21T16:00:00,CST-6,81.0,18,18051,C,051,GIBSON,0,0,0,0,50000.00,0.00,Heavy Rain,0,"[[38.48,-87.53],[38.2231,-87.4127],[38.236,-87.8357],[38.3966,-87.7341]]",0,1,county_code_unverified|timezone_not_normalized_to_utc
84984,14946,2008,2008-03-18T07:00:00,2008-03-21T16:00:00,EST-5,81.0,18,18125,C,125,PIKE,0,0,0,0,0.00,0.00,Heavy Rain,0,"[[38.5,-87.3725],[38.5133,-87.1745],[38.3826,-87.1614],[38.2576,-87.2562]]",0,1,county_code_unverified|timezone_not_normalized_to_utc
84986,14946,2008,2008-03-18T07:00:00,2008-03-21T16:00:00,CST-6,81.0,18,18129,C,129,POSEY,0,0,0,0,250000.00,0.00,Heavy Rain,0,"[[38.2,-87.92],[37.915,-87.9991],[37.9225,-87.7959],[38.1724,-87.7464]]",0,1,county_code_unverified|timezone_not_normalized_to_utc
84989,14946,2008,2008-03-18T13:00:00,2008-03-21T16:00:00,CST-6,75.0,18,18147,C,147,SPENCER,0,0,0,0,250000.00,0.00,Heavy Rain,0,"[[37.95,-87.15],[37.8662,-87.1614],[37.8646,-87.0543],[37.9453,-87.0282]]",0,1,county_code_unverified|timezone_not_normalized_to_utc
84991,14946,2008,2008-03-18T07:00:00,2008-03-23T18:00:00,CST-6,131.0,18,18163,C,163,VANDERBURGH,0,0,0,0,350000.00,0.00,Heavy Rain,0,"[[37.9579,-87.6179],[37.9507,-87.4539],[38.0962,-87.4677],[38.1227,-87.6393]]",0,1,county_code_unverified|timezone_not_normalized_to_utc
84993,14946,2008,2008-03-18T14:00:00,2008-03-21T16:00:00,CST-6,74.0,18,18173,C,173,WARRICK,0,0,0,0,200000.00,0.00,Heavy Rain,0,"[[38.17,-87.45],[37.9518,-87.4265],[37.8597,-87.1765],[38.1713,-87.1848]]",0,1,county_code_unverified|timezone_not_normalized_to_utc
84997,14948,2008,2008-03-18T13:00:00,2008-03-21T16:00:00,CST-6,75.0,21,21059,C,059,DAVIESS,0,0,0,0,250000.00,0.00,Heavy Rain,0,"[[37.82,-87.25],[37.6556,-87.2644],[37.6512,-87.0035],[37.7457,-86.9252]]",0,1,county_code_unverified|timezone_not_normalized_to_utc
84998,14948,2008,2008-03-18T13:00:00,2008-03-21T08:00:00,CST-6,67.0,21,21101,C,101,HENDERSON,0,0,0,0,300000.00,0.00,Heavy Rain,0,"[[37.8,-87.77],[37.7056,-87.7341],[37.7077,-87.5034],[37.8456,-87.5198]]",0,1,county_code_unverified|timezone_not_normalized_to_utc
84999,14948,2008,2008-03-18T13:00:00,2008-03-21T17:00:00,CST-6,76.0,21,21225,C,225,UNION,0,0,0,0,153000.00,0.00,Heavy Rain,0,"[[37.77,-87.93],[37.6322,-88.133],[37.648,-87.8],[37.7761,-87.8371]]",0,1,county_code_unverified|timezone_not_normalized_to_utc
85000,14948,2008,2008-03-18T20:00:00,2008-03-20T15:00:00,CST-6,43.0,21,21107,C,107,HOPKINS,0,0,0,0,0.00,0.00,Heavy Rain,0,"[[37.38,-87.65],[37.4084,-87.4443],[37.2823,-87.4333],[37.2522,-87.6366]]",0,1,county_code_unverified|timezone_not_normalized_to_utc
85002,14948,2008,2008-03-18T20:00:00,2008-03-21T15:00:00,CST-6,67.0,21,21233,C,233,WEBSTER,0,0,0,0,0.00,0.00,Heavy Rain,0,"[[37.45,-87.95],[37.5315,-87.6936],[37.4133,-87.7121],[37.3887,-87.7986]]",0,1,county_code_unverified|timezone_not_normalized_to_utc
85003,14948,2008,2008-03-18T20:00:00,2008-03-20T15:00:00,CST-6,43.0,21,21007,C,007,BALLARD,0,0,0,0,0.00,0.00,Heavy Rain,0,"[[36.97,-89.08],[37.1439,-89.0497],[37.1713,-88.911],[36.9883,-88.8698]]",0,1,county_code_unverified|timezone_not_normalized_to_utc
85006,14948,2008,2008-03-18T20:00:00,2008-03-19T15:00:00,CST-6,19.0,21,21033,C,033,CALDWELL,0,0,0,0,0.00,0.00,Heavy Rain,0,"[[37.2,-88.07],[37.2281,-87.9202],[37.0409,-87.8316],[37.053,-87.9456]]",0,1,county_code_unverified|timezone_not_normalized_to_utc
85007,14948,2008,2008-03-18T20:00:00,2008-03-20T15:00:00,CST-6,43.0,21,21039,C,039,CARLISLE,0,0,0,0,100000.00,0.00,Heavy Rain,0,"[[36.8905,-89.0456],[36.9093,-88.9055],[36.8423,-88.8997],[36.839,-89.0435]]",0,1,county_code_unverified|timezone_not_normalized_to_utc
85009,14948,2008,2008-03-18T20:00:00,2008-03-21T17:00:00,CST-6,69.0,21,21055,C,055,CRITTENDEN,0,0,0,0,0.00,0.00,Heavy Rain,0,"[[37.43,-88.25],[37.2046,-88.1962],[37.3134,-87.9662],[37.4585,-88.0705]]",0,1,county_code_unverified|timezone_not_normalized_to_utc
85014,14948,2008,2008-03-18T20:00:00,2008-03-19T23:00:00,CST-6,27.0,21,21075,C,075,FULTON,0,0,0,0,0.00,0.00,Heavy Rain,0,"[[36.57,-89.18],[36.5196,-89.2612],[36.513,-89.0267],[36.5626,-89.0208]]",0,1,county_code_unverified|timezone_not_normalized_to_utc
85018,14948,2008,2008-03-18T20:00:00,2008-03-20T01:00:00,CST-6,29.0,21,21105,C,105,HICKMAN,0,0,0,0,0.00,0.00,Heavy Rain,0,"[[36.77,-89.1],[36.773,-88.8973],[36.6453,-88.8787],[36.6376,-89.1115]]",0,1,county_code_unverified|timezone_not_normalized_to_utc
85035,14948,2008,2008-03-18T20:00:00,2008-03-20T15:00:00,CST-6,43.0,21,21139,C,139,LIVINGSTON,0,0,0,0,0.00,0.00,Heavy Rain,0,"[[37.22,-88.45],[37.3057,-88.3026],[37.1685,-88.2436],[37.087,-88.4111]]",0,1,county_code_unverified|timezone_not_normalized_to_utc
85042,14948,2008,2008-03-18T20:00:00,2008-03-19T15:00:00,CST-6,19.0,21,21143,C,143,LYON,0,0,0,0,0.00,0.00,Heavy Rain,0,"[[37.079,-88.07],[37.0387,-88.0156],[37.0407,-88.154],[37.0727,-88.1512]]",0,1,county_code_unverified|timezone_not_normalized_to_utc
85046,14948,2008,2008-03-18T20:00:00,2008-03-19T15:00:00,CST-6,19.0,21,21157,C,157,MARSHALL,0,0,0,0,0.00,0.00,Heavy Rain,0,"[[36.97,-88.45],[36.9905,-88.304],[36.8818,-88.2861],[36.8939,-88.4647]]",0,1,county_code_unverified|timezone_not_normalized_to_utc
85048,14948,2008,2008-03-18T20:00:00,2008-03-19T15:00:00,CST-6,19.0,21,21145,C,145,MCCRACKEN,0,0,0,0,0.00,0.00,Heavy Rain,0,"[[36.97,-88.68],[37.0387,-88.7174],[37.0034,-88.5395],[36.9609,-88.4976]]",0,1,county_code_unverified|timezone_not_normalized_to_utc
85051,14948,2008,2008-03-18T20:00:00,2008-03-19T15:00:00,CST-6,19.0,21,21083,C,083,GRAVES,0,0,0,0,0.00,0.00,Heavy Rain,0,"[[36.8,-88.78],[36.6045,-88.808],[36.6133,-88.5883],[36.7884,-88.5828]]",0,1,county_code_unverified|timezone_not_normalized_to_utc
85272,12502,2008,2008-02-06T10:28:00,2008-02-06T11:30:00,EST-5,1.0333333333333334,21,21063,C,063,ELLIOTT,0,0,0,0,0.00,0.00,Heavy Rain,0,"[[38.1473,-82.9363],[38.141,-82.9327],[38.1446,-82.9249],[38.1512,-82.9307]]",0,1,county_code_unverified|timezone_not_normalized_to_utc
85274,12502,2008,2008-02-07T11:07:00,2008-02-07T13:15:00,EST-5,2.1333333333333333,21,21197,C,197,POWELL,0,0,0,0,0.00,0.00,Heavy Rain,0,"[[37.8646,-83.9156],[37.8532,-83.9301],[37.8329,-83.766],[37.8613,-83.769]]",0,1,county_code_unverified|timezone_not_normalized_to_utc
85275,12502,2008,2008-02-07T13:30:00,2008-02-07T18:00:00,EST-5,4.5,21,21197,C,197,POWELL,0,0,0,0,0.00,0.00,Heavy Rain,0,"[[37.86,-83.93],[37.8467,-83.8817],[37.8652,-83.877],[37.8679,-83.915]]",0,1,county_code_unverified|timezone_not_normalized_to_utc
85622,15045,2008,2008-03-19T09:00:00,2008-03-19T18:00:00,EST-5,9.0,39,39127,C,127,PERRY,0,0,0,0,5000.00,0.00,Heavy Rain,0,"[[39.895,-82.4085],[39.8892,-82.2382],[39.7476,-82.1074],[39.6025,-82.0919],[39.612,-82.3137]]",0,1,county_code_unverified|timezone_not_normalized_to_utc
85623,15045,2008,2008-03-19T09:00:00,2008-03-20T12:00:00,EST-5,27.0,39,39115,C,115,MORGAN,0,0,0,0,5000.00,0.00,Heavy Rain,0,"[[39.7479,-81.993],[39.7547,-81.7458],[39.5999,-81.7163],[39.5962,-81.9635]]",0,1,county_code_unverified|timezone_not_normalized_to_utc
85625,15045,2008,2008-03-19T13:00:00,2008-03-19T18:00:00,EST-5,5.0,39,39163,C,163,VINTON,0,0,0,0,10000.00,0.00,Heavy Rain,0,"[[39.3396,-82.679],[39.3439,-82.348],[39.1327,-82.3721],[39.1588,-82.5156]]",0,1,county_code_unverified|timezone_not_normalized_to_utc
85626,15045,2008,2008-03-19T13:00:00,2008-03-19T22:00:00,EST-5,9.0,39,39079,C,079,JACKSON,0,0,0,0,10000.00,0.00,Heavy Rain,0,"[[39.1426,-82.7573],[39.113,-82.4991],[38.9065,-82.5684],[38.9076,-82.7003]]",0,1,county_code_unverified|timezone_not_normalized_to_utc
85627,15045,2008,2008-03-19T14:00:00,2008-03-21T03:00:00,EST-5,37.0,39,39009,C,009,ATHENS,0,0,0,0,10000.00,0.00,Heavy Rain,0,"[[39.4574,-82.2629],[39.4245,-81.9196],[39.2307,-81.901],[39.2291,-82.2093]]",0,1,county_code_unverified|timezone_not_normalized_to_utc
85628,15045,2008,2008-03-19T14:00:00,2008-03-20T23:00:00,EST-5,33.0,39,39105,C,105,MEIGS,0,0,0,0,5000.00,0.00,Heavy Rain,0,"[[39.1652,-82.2505],[39.1673,-81.8715],[39.097,-81.7932],[39.0533,-81.8468],[39.0437,-82.2684]]",0,1,county_code_unverified|timezone_not_normalized_to_utc
85629,15045,2008,2008-03-19T17:00:00,2008-03-20T15:00:00,EST-5,22.0,39,39167,C,167,WASHINGTON,0,0,0,0,5000.00,0.00,Heavy Rain,0,"[[39.5835,-81.6531],[39.5845,-81.1313],[39.4022,-81.2851],[39.4086,-81.7177]]",0,1,county_code_unverified|timezone_not_normalized_to_utc
85663,14941,2008,2008-04-25T04:00:00,2008-04-25T14:00:00,CST-6,10.0,31,31097,C,097,JOHNSON,0,0,0,0,1000000.00,0.00,Heavy Rain,0,"[[40.2631,-96.2799],[40.2744,-96.2917],[40.2848,-96.3059],[40.2829,-96.3104],[40.2766,-96.3052],[40.2677,-96.29],[40.2628,-96.2839]]",0,1,county_code_unverified|timezone_not_normalized_to_utc
85763,15077,2008,2008-04-01T04:00:00,2008-04-03T11:00:00,EST-5,55.0,26,26011,C,011,ARENAC,0,0,0,0,0.00,0.00,Heavy Rain / Snow Melt,0,"[[44.12,-84.0192],[44.079,-83.85],[44.0398,-83.8642],[44.0607,-84.0627]]",0,1,county_code_unverified|timezone_not_normalized_to_utc
85764,15079,2008,2008-04-09T06:00:00,2008-04-10T02:00:00,EST-5,20.0,26,26033,C,033,CHIPPEWA,0,0,0,0,0.00,0.00,Heavy Rain / Snow Melt,0,"[[46.1498,-84.552],[46.2445,-84.6],[46.2466,-84.658],[46.1698,-84.636]]",0,1,county_code_unverified|timezone_not_normalized_to_utc
85794,15072,2008,2008-02-05T08:00:00,2008-02-07T10:00:00,EST-5,50.0,39,39039,C,039,DEFIANCE,0,0,0,0,20000.00,0.00,Heavy Rain / Snow Melt,0,"[[41.2796,-84.3965],[41.2937,-84.356],[41.298,-84.3012],[41.2897,-84.3002],[41.2755,-84.3891]]",0,1,county_code_unverified|timezone_not_normalized_to_utc
85797,15072,2008,2008-02-05T08:00:00,2008-02-07T10:00:00,EST-5,50.0,39,39069,C,069,HENRY,0,0,0,0,50000.00,0.00,Heavy Rain / Snow Melt,0,"[[41.3813,-84.0872],[41.3702,-84.1733],[41.384,-84.1556],[41.3951,-84.1237],[41.4129,-84.0945],[41.4059,-84.0628]]",0,1,county_code_unverified|timezone_not_normalized_to_utc
85799,15072,2008,2008-02-06T08:41:00,2008-02-07T10:00:00,EST-5,25.316666666666666,39,39161,C,161,VAN WERT,0,0,0,0,50000.00,0.00,Heavy Rain / Snow Melt,0,"[[40.7496,-84.8002],[40.7857,-84.799],[40.8133,-84.6833],[40.8616,-84.5377],[40.7733,-84.5123]]",0,1,county_code_unverified|timezone_not_normalized_to_utc
85800,15072,2008,2008-02-06T15:13:00,2008-02-07T10:00:00,EST-5,18.783333333333335,39,39125,C,125,PAULDING,0,0,0,0,50000.00,0.00,Heavy Rain / Snow Melt,0,"[[41.0982,-84.752],[41.1104,-84.4746],[41.0716,-84.4643],[41.0633,-84.7527]]",0,1,county_code_unverified|timezone_not_normalized_to_utc
85802,15071,2008,2008-02-05T04:15:00,2008-02-07T10:00:00,EST-5,53.75,18,18183,C,183,WHITLEY,0,0,0,0,50000.00,0.00,Heavy Rain / Snow Melt,0,"[[41.2427,-85.5308],[41.2412,-85.3782],[41.1125,-85.3844],[41.0773,-85.6426],[41.2422,-85.6316]]",0,1,county_code_unverified|timezone_not_normalized_to_utc
85803,15071,2008,2008-02-05T06:00:00,2008-02-07T10:00:00,EST-5,52.0,18,18069,C,069,HUNTINGTON,0,1,0,0,10000.00,0.00,Heavy Rain / Snow Melt,0,"[[41.0041,-85.3526],[40.9109,-85.4311],[40.9503,-85.5787],[41.0012,-85.5602]]",0,1,county_code_unverified|timezone_not_normalized_to_utc
85804,15071,2008,2008-02-05T06:23:00,2008-02-07T10:00:00,EST-5,51.61666666666667,18,18085,C,085,KOSCIUSKO,0,0,0,0,15000.00,0.00,Heavy Rain / Snow Melt,0,"[[41.4,-85.85],[41.3711,-85.6886],[41.1396,-85.6934],[41.1559,-85.9955]]",0,1,county_code_unverified|timezone_not_normalized_to_utc
85805,15071,2008,2008-02-06T13:05:00,2008-02-07T10:00:00,EST-5,20.916666666666668,18,18087,C,087,LAGRANGE,0,0,0,0,100000.00,0.00,Heavy Rain / Snow Melt,0,"[[41.7355,-85.5389],[41.7365,-85.3294],[41.6108,-85.3356],[41.6308,-85.556]]",0,1,county_code_unverified|timezone_not_normalized_to_utc
85806,15071,2008,2008-02-06T14:44:00,2008-02-07T10:00:00,EST-5,19.266666666666666,18,18049,C,049,FULTON,0,0,0,0,15000.00,0.00,Heavy Rain / Snow Melt,0,"[[41.06,-86.2],[41.0198,-86.2235],[41.025,-86.0181],[41.0638,-86.0415]]",0,1,county_code_unverified|timezone_not_normalized_to_utc
85807,15071,2008,2008-02-06T17:26:00,2008-02-07T10:00:00,EST-5,16.566666666666666,18,18053,C,053,GRANT,0,0,0,0,15000.00,0.00,Heavy Rain / Snow Melt,0,"[[40.5345,-85.6216],[40.538,-85.6253],[40.5377,-85.6284],[40.5321,-85.6268]]",0,1,county_code_unverified|timezone_not_normalized_to_utc
85808,15071,2008,2008-02-07T01:00:00,2008-02-07T10:00:00,EST-5,9.0,18,18001,C,001,ADAMS,0,0,0,0,0.00,0.00,Heavy Rain / Snow Melt,0,"[[40.8702,-84.8296],[40.8416,-84.9722],[40.8081,-84.9751],[40.6504,-84.9126]]",0,1,county_code_unverified|timezone_not_normalized_to_utc
85826,15071,2008,2008-02-06T07:00:00,2008-02-07T10:00:00,EST-5,27.0,18,18169,C,169,WABASH,0,0,0,0,0.00,0.00,Heavy Rain / Snow Melt,0,"[[40.9961,-85.7701],[40.9956,-85.7647],[40.9974,-85.7643],[40.9977,-85.7692]]",0,1,county_code_unverified|timezone_not_normalized_to_utc
85829,15071,2008,2008-02-06T07:00:00,2008-02-07T10:00:00,EST-5,27.0,18,18075,C,075,JAY,0,0,0,0,0.00,0.00,Heavy Rain / Snow Melt,0,"[[40.5691,-84.8376],[40.4887,-84.8172],[40.4057,-84.9655],[40.4814,-85.0067]]",0,1,county_code_unverified|timezone_not_normalized_to_utc
85833,15071,2008,2008-02-06T07:00:00,2008-02-07T10:00:00,EST-5,27.0,18,18151,C,151,STEUBEN,0,0,0,0,0.00,0.00,Heavy Rain / Snow Melt,0,"[[41.63,-85.0],[41.73,-84.93],[41.7324,-85.1782],[41.635,-85.1557]]",0,1,county_code_unverified|timezone_not_normalized_to_utc
85836,15071,2008,2008-02-06T10:00:00,2008-02-07T10:00:00,EST-5,24.0,18,18113,C,113,NOBLE,0,0,0,0,25000.00,0.00,Heavy Rain / Snow Melt,0,"[[41.4942,-85.2203],[41.5096,-85.4009],[41.3948,-85.3768],[41.418,-85.2113]]",0,1,county_code_unverified|timezone_not_normalized_to_utc
85898,15085,2008,2008-03-19T11:04:00,2008-03-19T17:00:00,CST-6,5.933333333333334,21,21141,C,141,LOGAN,0,0,0,0,100000.00,0.00,Heavy Rain,0,"[[36.8269,-86.954],[36.9642,-86.8318],[36.9203,-86.7316],[36.8159,-86.8195]]",0,1,county_code_unverified|timezone_not_normalized_to_utc
85900,15085,2008,2008-03-19T12:44:00,2008-03-19T17:00:00,EST-5,4.266666666666667,21,21111,C,111,JEFFERSON,0,0,0,0,0.00,0.00,Heavy Rain,0,"[[38.2063,-85.7652],[38.2039,-85.7658],[38.2035,-85.7631],[38.2062,-85.7622]]",0,1,county_code_unverified|timezone_not_normalized_to_utc
85901,15085,2008,2008-03-19T13:08:00,2008-03-19T19:00:00,EST-5,5.866666666666666,21,21211,C,211,SHELBY,0,0,0,0,0.00,0.00,Heavy Rain,0,"[[38.2848,-85.3389],[38.1873,-85.3406],[38.1898,-85.2833],[38.2813,-85.1997]]",0,1,county_code_unverified|timezone_not_normalized_to_utc
85902,15085,2008,2008-03-19T13:58:00,2008-03-19T20:00:00,EST-5,6.033333333333333,21,21005,C,005,ANDERSON,0,0,0,0,0.00,0.00,Heavy Rain,0,"[[38.0422,-84.9535],[38.0501,-84.9146],[37.971,-84.8198],[37.9707,-84.8491],[37.9755,-84.9161],[38.005,-84.9435]]",0,1,county_code_unverified|timezone_not_normalized_to_utc
85903,15085,2008,2008-03-19T14:19:00,2008-03-19T20:00:00,EST-5,5.683333333333334,21,21073,C,073,FRANKLIN,0,0,0,0,0.00,0.00,Heavy Rain,0,"[[38.178,-84.8135],[38.1772,-84.8142],[38.1753,-84.807],[38.1763,-84.8057],[38.1784,-84.81]]",0,1,county_code_unverified|timezone_not_normalized_to_utc
85904,15085,2008,2008-03-19T15:18:00,2008-03-19T21:00:00,EST-5,5.7,21,21017,C,017,BOURBON,0,0,0,0,0.00,0.00,Heavy Rain,0,"[[38.263,-84.375],[38.0843,-84.2851],[38.168,-84.0303],[38.332,-84.1814]]",0,1,county_code_unverified|timezone_not_normalized_to_utc
85943,15099,2008,2008-04-25T14:29:00,2008-04-25T16:20:00,CST-6,1.85,55,55043,C,043,GRANT,0,0,0,0,0.00,0.00,Heavy Rain,0,"[[42.8112,-90.8476],[42.8106,-90.8382],[42.814,-90.8357],[42.815,-90.8423]]",0,1,county_code_unverified|timezone_not_normalized_to_utc
85944,15100,2008,2008-04-04T07:00:00,2008-04-04T10:00:00,EST-5,3.0,21,21019,C,019,BOYD,0,0,0,0,0.00,0.00,Heavy Rain,0,"[[38.48,-82.67],[38.4165,-82.6186],[38.388,-82.7854],[38.4369,-82.7559]]",0,1,county_code_unverified|timezone_not_normalized_to_utc
85945,15100,2008,2008-04-04T07:00:00,2008-04-04T10:00:00,EST-5,3.0,21,21043,C,043,CARTER,0,0,0,0,0.00,0.00,Heavy Rain,0,"[[38.2037,-82.8946],[38.2792,-83.2434],[38.4353,-83.15],[38.3664,-82.8369]]",0,1,county_code_unverified|timezone_not_normalized_to_utc
85946,15100,2008,2008-04-04T07:00:00,2008-04-04T10:00:00,EST-5,3.0,21,21089,C,089,GREENUP,0,0,0,0,0.00,0.00,Heavy Rain,0,"[[38.4235,-82.8726],[38.4853,-83.0903],[38.7043,-82.9791],[38.5686,-82.8603]]",0,1,county_code_unverified|timezone_not_normalized_to_utc
85947,15100,2008,2008-04-04T07:00:00,2008-04-04T10:00:00,EST-5,3.0,21,21127,C,127,LAWRENCE,0,0,0,0,0.00,0.00,Heavy Rain,0,"[[38.0665,-82.598],[38.0064,-82.9282],[38.1788,-82.8692],[38.1637,-82.6488]]",0,1,county_code_unverified|timezone_not_normalized_to_utc
85948,15101,2008,2008-04-04T07:00:00,2008-04-04T10:00:00,EST-5,3.0,39,39087,C,087,LAWRENCE,0,0,0,0,0.00,0.00,Heavy Rain,0,"[[38.5734,-82.3274],[38.4525,-82.3686],[38.5632,-82.7161],[38.7187,-82.6344]]",0,1,county_code_unverified|timezone_not_normalized_to_utc
85950,15101,2008,2008-04-04T07:00:00,2008-04-04T11:00:00,EST-5,4.0,39,39053,C,053,GALLIA,0,0,0,0,0.00,0.00,Heavy Rain,0,"[[38.82,-82.2557],[38.6,-82.3356],[38.8,-82.5486],[38.97,-82.3486]]",0,1,county_code_unverified|timezone_not_normalized_to_utc
85952,15102,2008,2008-04-04T16:00:00,2008-04-04T21:00:00,EST-5,5.0,54,54011,C,011,CABELL,0,0,0,0,0.00,0.00,Heavy Rain,0,"[[38.42,-82.22],[38.4436,-82.222],[38.4415,-82.1973],[38.4089,-82.1978]]",0,1,county_code_unverified|timezone_not_normalized_to_utc
85979,15098,2008,2008-03-03T01:26:00,2008-03-04T11:00:00,CST-6,33.56666666666667,29,29015,C,015,BENTON,0,0,0,0,0.00,0.00,Heavy Rain,0,"[[38.3933,-93.458],[38.4235,-93.2135],[38.2393,-93.3522],[38.2878,-93.4071]]",0,1,county_code_unverified|timezone_not_normalized_to_utc
85980,15098,2008,2008-03-03T01:26:00,2008-03-04T11:00:00,CST-6,33.56666666666667,29,29011,C,011,BARTON,0,0,0,0,0.00,0.00,Heavy Rain,0,"[[37.5685,-94.6088],[37.5653,-94.2558],[37.3931,-94.2641],[37.4051,-94.6101]]",0,1,county_code_unverified|timezone_not_normalized_to_utc
85982,15098,2008,2008-03-03T01:30:00,2008-03-03T09:00:00,CST-6,7.5,29,29119,C,119,MCDONALD,0,0,0,0,0.00,0.00,Heavy Rain,0,"[[36.7103,-94.1858],[36.707,-94.6115],[36.5052,-94.6074],[36.5085,-94.1899]]",0,1,county_code_unverified|timezone_not_normalized_to_utc
85984,15098,2008,2008-03-03T02:38:00,2008-03-03T09:45:00,CST-6,7.116666666666666,29,29145,C,145,NEWTON,0,0,0,0,0.00,0.00,Heavy Rain,0,"[[36.9762,-94.6033],[36.9828,-94.1309],[36.7609,-94.1707],[36.7741,-94.6101]]",0,1,county_code_unverified|timezone_not_normalized_to_utc
85985,15098,2008,2008-03-03T06:40:00,2008-03-04T11:00:00,CST-6,28.333333333333332,29,29167,C,167,POLK,0,0,0,0,0.00,0.00,Heavy Rain,0,"[[37.7664,-93.5651],[37.7761,-93.289],[37.4542,-93.2657],[37.4596,-93.5664]]",0,1,county_code_unverified|timezone_not_normalized_to_utc
85989,15114,2008,2008-03-08T16:00:00,2008-03-08T22:00:00,EST-5,6.0,34,34003,C,003,BERGEN,0,0,0,0,0.00,0.00,Heavy Rain,0,"[[40.9495,-74.0247],[40.8091,-74.0238],[40.7153,-74.1014],[41.0057,-74.1218]]",0,1,county_code_unverified|timezone_not_normalized_to_utc
86065,14941,2008,2008-04-25T10:00:00,2008-04-25T14:00:00,CST-6,4.0,31,31133,C,133,PAWNEE,0,0,0,0,100000.00,0.00,Heavy Rain,0,"[[40.2618,-96.2826],[40.2619,-96.2747],[40.2138,-96.2341],[40.2118,-96.2414]]",0,1,county_code_unverified|timezone_not_normalized_to_utc
86077,15098,2008,2008-03-03T07:18:00,2008-03-05T11:00:00,CST-6,51.7,29,29067,C,067,DOUGLAS,0,0,0,0,0.00,0.00,Heavy Rain,0,"[[37.0311,-92.8317],[37.0289,-92.281],[36.8599,-92.2797],[36.8697,-92.8345]]",0,1,county_code_unverified|timezone_not_normalized_to_utc
86078,15098,2008,2008-03-03T08:30:00,2008-03-05T11:00:00,CST-6,50.5,29,29153,C,153,OZARK,0,0,0,0,0.00,0.00,Heavy Rain,0,"[[36.7521,-92.7329],[36.5074,-92.7274],[36.5052,-92.1451],[36.7884,-92.1547]]",0,1,county_code_unverified|timezone_not_normalized_to_utc
86079,15098,2008,2008-03-03T08:45:00,2008-03-05T11:00:00,CST-6,50.25,29,29229,C,229,WRIGHT,0,0,0,0,0.00,0.00,Heavy Rain,0,"[[37.0859,-92.6148],[37.0946,-92.2687],[37.3407,-92.3346],[37.3418,-92.5983]]",0,1,county_code_unverified|timezone_not_normalized_to_utc
86080,15098,2008,2008-03-03T08:45:00,2008-03-04T11:00:00,CST-6,26.25,29,29029,C,029,CAMDEN,0,0,0,0,0.00,0.00,Heavy Rain,0,"[[37.9334,-92.5172],[37.9139,-92.5159],[37.9178,-92.4948],[37.935,-92.4958]]",0,1,county_code_unverified|timezone_not_normalized_to_utc
86081,15098,2008,2008-03-03T10:13:00,2008-03-04T11:00:00,CST-6,24.783333333333335,29,29213,C,213,TANEY,0,0,0,0,0.00,0.00,Heavy Rain,0,"[[36.7301,-93.241],[36.5141,-93.2575],[36.503,-92.8619],[36.7015,-92.8674]]",0,1,county_code_unverified|timezone_not_normalized_to_utc
86082,15098,2008,2008-03-03T10:39:00,2008-03-04T11:00:00,CST-6,24.35,29,29059,C,059,DALLAS,0,0,0,0,0.00,0.00,Heavy Rain,0,"[[37.7077,-93.1448],[37.649,-93.1476],[37.6566,-93.1019],[37.6985,-93.1122]]",0,1,county_code_unverified|timezone_not_normalized_to_utc
86083,15098,2008,2008-03-03T11:06:00,2008-03-04T11:00:00,CST-6,23.9,29,29109,C,109,LAWRENCE,0,0,0,0,0.00,0.00,Heavy Rain,0,"[[37.2106,-93.9825],[37.1286,-94.0059],[37.093,-93.9297],[37.1877,-93.94]]",0,1,county_code_unverified|timezone_not_normalized_to_utc
86084,15098,2008,2008-03-03T11:00:00,2008-03-04T11:00:00,CST-6,24.0,29,29225,C,225,WEBSTER,0,0,0,0,0.00,0.00,Heavy Rain,0,"[[37.1691,-92.9464],[37.1247,-92.9361],[37.122,-92.8928],[37.1672,-92.8781]]",0,1,county_code_unverified|timezone_not_normalized_to_utc
86085,15098,2008,2008-03-03T13:00:00,2008-03-04T11:00:00,CST-6,22.0,29,29215,C,215,TEXAS,0,0,1,0,10000.00,0.00,Heavy Rain,1,"[[37.5141,-91.8402],[37.5163,-92.1451],[37.2773,-92.13],[37.2784,-91.8594]]",0,1,county_code_unverified|timezone_not_normalized_to_utc
86086,15098,2008,2008-03-03T13:00:00,2008-03-04T11:00:00,CST-6,22.0,29,29009,C,009,BARRY,0,0,0,0,0.00,0.00,Heavy Rain,0,"[[36.906,-93.7408],[36.8928,-94.0045],[36.4997,-93.9716],[36.4986,-93.7683]]",0,1,county_code_unverified|timezone_not_normalized_to_utc
86087,15098,2008,2008-03-03T13:00:00,2008-03-04T11:00:00,CST-6,22.0,29,29091,C,091,HOWELL,0,0,0,0,0.00,0.00,Heavy Rain,0,"[[36.9631,-91.9721],[36.9762,-91.7249],[36.5163,-91.7743],[36.5273,-91.9803]]",0,1,county_code_unverified|timezone_not_normalized_to_utc
86088,15124,2008,2008-03-02T23:26:00,2008-03-04T11:00:00,CST-6,35.56666666666667,20,20037,C,037,CRAWFORD,0,0,0,0,0.00,0.00,Heavy Rain,0,"[[37.6121,-95.0317],[37.3614,-95.0317],[37.3603,-94.628],[37.6164,-94.6362]]",0,1,county_code_unverified|timezone_not_normalized_to_utc
86089,15124,2008,2008-03-03T08:12:00,2008-03-04T11:00:00,CST-6,26.8,20,20021,C,021,CHEROKEE,0,0,0,0,0.00,0.00,Heavy Rain,0,"[[37.3243,-95.0153],[37.3134,-94.6637],[37.008,-94.6349],[37.0026,-95.0125]]",0,1,county_code_unverified|timezone_not_normalized_to_utc
86115,14906,2008,2008-03-08T18:45:00,2008-03-08T21:45:00,EST-5,3.0,36,36119,C,119,WESTCHESTER,0,0,0,0,0.00,0.00,Heavy Rain,0,"[[40.92,-73.85],[40.9226,-73.8333],[41.1404,-73.7885],[41.1398,-73.7979]]",0,1,county_code_unverified|timezone_not_normalized_to_utc
86214,15143,2008,2008-03-03T19:30:00,2008-03-04T20:00:00,CST-6,24.5,21,21047,C,047,CHRISTIAN,0,0,0,0,25000.00,0.00,Heavy Rain,0,"[[36.85,-87.48],[36.8774,-87.6088],[36.8642,-87.6129],[36.8423,-87.4937]]",0,1,county_code_unverified|timezone_not_normalized_to_utc
86216,15143,2008,2008-03-03T20:00:00,2008-03-04T20:00:00,CST-6,24.0,21,21035,C,035,CALLOWAY,1,0,0,0,20000.00,0.00,Heavy Rain,0,"[[36.7,-88.27],[36.7009,-88.2777],[36.6834,-88.2846],[36.6826,-88.2719]]",0,1,county_code_unverified|timezone_not_normalized_to_utc
86219,15143,2008,2008-03-03T20:00:00,2008-03-04T20:00:00,CST-6,24.0,21,21221,C,221,TRIGG,0,0,0,0,0.00,0.00,Heavy Rain,0,"[[36.8607,-87.7375],[36.8562,-87.73],[36.8489,-87.7601],[36.8566,-87.7631]]",0,1,county_code_unverified|timezone_not_normalized_to_utc
86225,15143,2008,2008-03-03T18:00:00,2008-03-04T01:00:00,CST-6,7.0,21,21145,C,145,MCCRACKEN,0,2,0,0,0.00,0.00,Heavy Rain,0,"[[37.08,-88.75],[37.1275,-88.7338],[37.0048,-88.6061],[36.9949,-88.6336]]",0,1,county_code_unverified|timezone_not_normalized_to_utc
86244,15143,2008,2008-03-03T19:30:00,2008-03-04T01:00:00,CST-6,5.5,21,21083,C,083,GRAVES,0,0,0,0,0.00,0.00,Heavy Rain,0,"[[36.82,-88.63],[36.8324,-88.6748],[36.8168,-88.6791],[36.8131,-88.6326]]",0,1,county_code_unverified|timezone_not_normalized_to_utc
86247,15143,2008,2008-03-03T19:30:00,2008-03-04T01:00:00,CST-6,5.5,21,21039,C,039,CARLISLE,0,0,0,0,0.00,0.00,Heavy Rain,0,"[[36.78,-89.02],[36.7925,-89.0195],[36.786,-89.0354],[36.7797,-89.0327]]",0,1,county_code_unverified|timezone_not_normalized_to_utc
86252,15143,2008,2008-03-03T19:30:00,2008-03-04T01:00:00,CST-6,5.5,21,21105,C,105,HICKMAN,0,0,0,0,0.00,0.00,Heavy Rain,0,"[[36.77,-88.85],[36.7757,-88.8773],[36.759,-88.8742],[36.7581,-88.8652]]",0,1,county_code_unverified|timezone_not_normalized_to_utc
86254,15143,2008,2008-03-03T19:30:00,2008-03-04T01:00:00,CST-6,5.5,21,21075,C,075,FULTON,0,0,0,0,0.00,0.00,Heavy Rain,0,"[[36.55,-89.03],[36.5565,-89.0902],[36.5667,-89.0854],[36.5607,-89.0414]]",0,1,county_code_unverified|timezone_not_normalized_to_utc
86267,15148,2008,2008-03-31T20:00:00,2008-03-31T23:59:00,CST-6,3.9833333333333334,29,29181,C,181,RIPLEY,0,0,0,0,0.00,0.00,Heavy Rain,0,"[[36.62,-90.82],[36.5982,-90.8233],[36.5814,-90.7072],[36.6051,-90.7182]]",0,1,county_code_unverified|timezone_not_normalized_to_utc
86282,14948,2008,2008-03-18T20:00:00,2008-03-21T15:00:00,CST-6,67.0,21,21149,C,149,MCLEAN,0,0,0,0,49000.00,0.00,Heavy Rain,0,"[[37.62,-87.4],[37.6273,-87.3832],[37.611,-87.3465],[37.599,-87.3602]]",0,1,county_code_unverified|timezone_not_normalized_to_utc
86286,15154,2008,2008-05-07T01:30:00,2008-05-07T10:17:00,CST-6,8.783333333333333,19,19083,C,083,HARDIN,0,0,0,0,75000.00,0.00,Heavy Rain,0,"[[42.5063,-93.3471],[42.5056,-93.3941],[42.5296,-93.3938],[42.5312,-93.3536]]",0,1,county_code_unverified|timezone_not_normalized_to_utc
86287,15154,2008,2008-05-07T05:28:00,2008-05-07T10:17:00,CST-6,4.816666666666666,19,19083,C,083,HARDIN,0,0,0,0,25000.00,0.00,Heavy Rain,0,"[[42.51,-93.36],[42.5167,-93.2904],[42.5248,-93.2916],[42.5207,-93.3589]]",0,1,county_code_unverified|timezone_not_normalized_to_utc
86288,15154,2008,2008-05-07T05:36:00,2008-05-07T10:17:00,CST-6,4.683333333333334,19,19083,C,083,HARDIN,0,0,0,0,50000.00,0.00,Heavy Rain,0,"[[42.5087,-93.3543],[42.5098,-93.3968],[42.5296,-93.3931],[42.5322,-93.3495]]",0,1,county_code_unverified|timezone_not_normalized_to_utc
86478,15194,2008,2008-03-02T13:15:00,2008-03-07T12:45:00,CST-6,119.5,19,19117,C,117,LUCAS,0,0,0,0,50000.00,0.00,Heavy Rain / Snow Melt,0,"[[40.9691,-93.2575],[40.9308,-93.0998],[40.9008,-93.1006],[40.9009,-93.2108]]",0,1,county_code_unverified|timezone_not_normalized_to_utc
86479,15194,2008,2008-03-03T06:00:00,2008-03-03T16:30:00,CST-6,10.5,19,19117,C,117,LUCAS,0,0,0,0,50000.00,0.00,Heavy Rain / Snow Melt,0,"[[40.5973,-92.6614],[40.5968,-92.818],[40.8175,-92.9064],[40.8445,-92.8575]]",0,1,county_code_unverified|timezone_not_normalized_to_utc
86480,15194,2008,2008-03-02T15:30:00,2008-03-03T15:30:00,CST-6,24.0,19,19185,C,185,WAYNE,0,0,0,0,50000.00,0.00,Heavy Rain / Snow Melt,0,"[[40.8436,-93.1129],[40.8119,-93.2303],[40.7828,-93.2308],[40.769,-93.1038]]",0,1,county_code_unverified|timezone_not_normalized_to_utc
86481,15194,2008,2008-03-02T16:45:00,2008-03-03T18:00:00,CST-6,25.25,19,19181,C,181,WARREN,0,0,0,0,50000.00,0.00,Heavy Rain / Snow Melt,0,"[[41.3199,-93.4869],[41.3507,-93.5028],[41.4142,-93.4202],[41.4832,-93.3625],[41.4795,-93.3302],[41.3791,-93.3723]]",0,1,county_code_unverified|timezone_not_normalized_to_utc
86482,15194,2008,2008-03-02T16:45:00,2008-03-03T07:15:00,CST-6,14.5,19,19181,C,181,WARREN,0,0,0,0,50000.00,0.00,Heavy Rain / Snow Melt,0,"[[41.4853,-93.3827],[41.4872,-93.4154],[41.5034,-93.4784],[41.3888,-93.7088],[41.3724,-93.6943],[41.4191,-93.5425]]",0,1,county_code_unverified|timezone_not_normalized_to_utc
86483,15194,2008,2008-03-03T21:45:00,2008-03-05T10:00:00,CST-6,36.25,19,19181,C,181,WARREN,0,0,0,0,50000.00,0.00,Heavy Rain / Snow Melt,0,"[[41.4286,-93.79],[41.4643,-93.7121],[41.5103,-93.6122],[41.5278,-93.4636],[41.5109,-93.4449],[41.4608,-93.5712],[41.4229,-93.6866],[41.4103,-93.7903]]",0,1,county_code_unverified|timezone_not_normalized_to_utc
86484,15194,2008,2008-03-03T04:15:00,2008-03-06T00:30:00,CST-6,68.25,19,19123,C,123,MAHASKA,0,0,0,0,50000.00,0.00,Heavy Rain / Snow Melt,0,"[[41.4888,-92.8635],[41.439,-92.858],[41.2519,-92.4203],[41.319,-92.417]]",0,1,county_code_unverified|timezone_not_normalized_to_utc
86485,15194,2008,2008-03-02T18:15:00,2008-03-03T23:00:00,CST-6,28.75,19,19049,C,049,DALLAS,0,0,0,0,30000.00,0.00,Heavy Rain / Snow Melt,0,"[[41.5501,-93.9584],[41.5261,-93.9723],[41.5063,-93.883],[41.5304,-93.741],[41.5526,-93.7462],[41.5335,-93.8916]]",0,1,county_code_unverified|timezone_not_normalized_to_utc
86486,15194,2008,2008-03-02T21:45:00,2008-03-03T23:00:00,CST-6,25.25,19,19049,C,049,DALLAS,0,0,0,0,50000.00,0.00,Heavy Rain / Snow Melt,0,"[[41.5658,-93.6716],[41.5345,-93.7337],[41.5537,-93.7391],[41.5742,-93.6953]]",0,1,county_code_unverified|timezone_not_normalized_to_utc
86488,15194,2008,2008-03-02T23:15:00,2008-03-03T11:45:00,CST-6,12.5,19,19153,C,153,POLK,0,0,0,0,50000.00,0.00,Heavy Rain / Snow Melt,0,"[[41.5586,-93.6751],[41.5769,-93.674],[41.5912,-93.6209],[41.5731,-93.6085]]",0,1,county_code_unverified|timezone_not_normalized_to_utc
86490,15195,2008,2008-03-08T14:45:00,2008-03-08T18:45:00,CST-6,4.0,19,19109,C,109,KOSSUTH,0,0,0,0,25000.00,0.00,Heavy Rain / Snow Melt,0,"[[43.2241,-94.1398],[43.213,-94.2621],[42.909,-94.3234],[42.909,-94.1616]]",0,1,county_code_unverified|timezone_not_normalized_to_utc
86491,15196,2008,2008-03-14T04:30:00,2008-03-14T12:30:00,CST-6,8.0,19,19033,C,033,CERRO GORDO,0,0,0,0,25000.00,0.00,Heavy Rain / Snow Melt,0,"[[43.1371,-93.0309],[43.0596,-93.0319],[43.2497,-93.4604],[43.2492,-93.3618]]",0,1,county_code_unverified|timezone_not_normalized_to_utc
86492,15196,2008,2008-03-15T06:30:00,2008-03-18T20:00:00,CST-6,85.5,19,19013,C,013,BLACK HAWK,0,0,0,0,50000.00,0.00,Heavy Rain / Snow Melt,0,"[[42.6407,-92.5518],[42.6407,-92.4587],[42.6106,-92.457],[42.6103,-92.5521]]",0,1,county_code_unverified|timezone_not_normalized_to_utc
86493,15196,2008,2008-03-14T05:15:00,2008-03-16T06:30:00,CST-6,49.25,19,19023,C,023,BUTLER,0,0,0,0,50000.00,0.00,Heavy Rain / Snow Melt,0,"[[42.5589,-92.5583],[42.598,-92.5566],[42.618,-92.7567],[42.5886,-92.7608]]",0,1,county_code_unverified|timezone_not_normalized_to_utc
86494,15196,2008,2008-03-15T11:15:00,2008-03-17T19:15:00,CST-6,56.0,19,19013,C,013,BLACK HAWK,0,0,0,0,50000.00,0.00,Heavy Rain / Snow Melt,0,"[[42.5485,-92.5152],[42.6117,-92.5282],[42.6117,-92.4609],[42.5672,-92.4651]]",0,1,county_code_unverified|timezone_not_normalized_to_utc
86495,15196,2008,2008-03-14T17:00:00,2008-03-16T01:00:00,CST-6,32.0,19,19127,C,127,MARSHALL,0,0,0,0,20000.00,0.00,Heavy Rain / Snow Melt,0,"[[42.1086,-93.0539],[42.0523,-92.9598],[42.0208,-92.842],[42.0489,-92.8037],[42.1365,-93.0038]]",0,1,county_code_unverified|timezone_not_normalized_to_utc
86496,15196,2008,2008-03-12T20:15:00,2008-03-17T12:30:00,CST-6,112.25,19,19123,C,123,MAHASKA,0,0,0,0,50000.00,0.00,Heavy Rain / Snow Melt,0,"[[41.4888,-92.8635],[41.439,-92.858],[41.2519,-92.4203],[41.319,-92.417]]",0,1,county_code_unverified|timezone_not_normalized_to_utc
86497,15196,2008,2008-03-12T23:45:00,2008-03-14T15:45:00,CST-6,40.0,19,19187,C,187,WEBSTER,0,0,0,0,50000.00,0.00,Heavy Rain / Snow Melt,0,"[[42.5208,-94.2222],[42.5246,-94.1626],[42.3768,-94.0169],[42.3504,-94.0969]]",0,1,county_code_unverified|timezone_not_normalized_to_utc
86498,15196,2008,2008-03-15T17:00:00,2008-03-16T06:30:00,CST-6,13.5,19,19079,C,079,HAMILTON,0,0,0,0,0.00,0.00,Heavy Rain / Snow Melt,0,"[[42.3199,-93.9336],[42.3103,-94.0039],[42.0737,-93.9837],[42.0725,-93.9837]]",0,1,county_code_unverified|timezone_not_normalized_to_utc
86731,15247,2008,2008-05-09T09:00:00,2008-05-09T13:15:00,CST-6,4.25,31,31133,C,133,PAWNEE,0,0,0,0,0.00,0.00,Heavy Rain,0,"[[40.0036,-96.1632],[40.0013,-96.1442],[40.0157,-96.125],[40.0237,-96.1552]]",0,1,county_code_unverified|timezone_not_normalized_to_utc
86763,15253,2008,2008-03-05T07:24:00,2008-03-05T10:00:00,EST-5,2.6,09,09003,C,003,HARTFORD,0,0,0,0,0.00,0.00,Heavy Rain,0,"[[41.8645,-72.65],[41.85,-72.6306],[41.8355,-72.65],[41.85,-72.6694]]",0,1,county_code_unverified|timezone_not_normalized_to_utc
86952,15289,2008,2008-03-08T13:23:00,2008-03-09T00:30:00,EST-5,11.116666666666667,44,44007,C,007,PROVIDENCE,0,0,0,0,30000.00,0.00,Heavy Rain,0,"[[42.0,-71.5],[41.98,-71.72],[41.9094,-71.5128],[41.8297,-71.3442],[41.92,-71.43]]",0,1,county_code_unverified|timezone_not_normalized_to_utc
86983,15289,2008,2008-03-08T22:00:00,2008-03-09T02:00:00,EST-5,4.0,44,44005,C,005,NEWPORT,0,0,0,0,10000.00,0.00,Heavy Rain,0,"[[41.57,-71.2807],[41.5495,-71.2727],[41.5411,-71.3],[41.5652,-71.2978]]",0,1,county_code_unverified|timezone_not_normalized_to_utc
87000,15287,2008,2008-03-08T13:08:00,2008-03-09T02:00:00,EST-5,12.866666666666667,25,25005,C,005,BRISTOL,0,0,0,0,50000.00,0.00,Heavy Rain,0,"[[41.6271,-70.9569],[41.5844,-70.9416],[41.6551,-70.9132],[41.9026,-71.0891],[41.9097,-71.1722],[41.7413,-71.1441],[41.7554,-71.2185],[41.6566,-71.15]]",0,1,county_code_unverified|timezone_not_normalized_to_utc
87106,15310,2008,2008-02-05T08:00:00,2008-02-09T20:00:00,EST-5,108.0,18,18007,C,007,BENTON,0,0,0,0,0.00,0.00,Heavy Rain / Snow Melt,0,"[[40.73,-87.5239],[40.73,-87.1051],[40.4887,-87.1051],[40.4887,-87.5239]]",0,1,county_code_unverified|timezone_not_normalized_to_utc
87107,15310,2008,2008-02-05T07:00:00,2008-02-09T20:00:00,CST-6,109.0,18,18111,C,111,NEWTON,0,0,0,3,0.00,0.00,Heavy Rain / Snow Melt,3,"[[40.7387,-87.5248],[40.7379,-87.269],[40.9107,-87.2778],[41.117,-87.2781],[41.064,-87.5267]]",0,1,county_code_unverified|timezone_not_normalized_to_utc
87118,15310,2008,2008-02-04T23:00:00,2008-02-09T20:00:00,CST-6,117.0,18,18073,C,073,JASPER,0,0,0,0,2000000.00,0.00,Heavy Rain / Snow Melt,0,"[[40.8389,-87.1016],[40.7383,-87.1],[40.7384,-87.2663],[41.2172,-87.2749],[41.2792,-87.1219],[41.2058,-86.9312],[40.9138,-86.9321],[40.9136,-86.9885]]",0,1,county_code_unverified|timezone_not_normalized_to_utc
87127,15309,2008,2008-02-05T07:00:00,2008-02-09T20:00:00,CST-6,109.0,17,17053,C,053,FORD,0,0,0,0,0.00,0.00,Heavy Rain / Snow Melt,0,"[[40.4872,-88.1191],[40.4856,-87.9365],[40.4177,-87.9648],[40.4177,-88.4592],[40.6167,-88.4588],[40.6179,-88.2346],[40.8211,-88.2463],[40.8367,-88.1327]]",0,1,county_code_unverified|timezone_not_normalized_to_utc
87130,15309,2008,2008-02-05T07:00:00,2008-02-09T20:00:00,CST-6,109.0,17,17075,C,075,IROQUOIS,0,0,0,0,0.00,0.00,Heavy Rain / Snow Melt,0,"[[40.8367,-88.12],[41.0,-87.7203],[41.0076,-87.5284],[40.494,-87.5281],[40.4872,-88.1191]]",0,1,county_code_unverified|timezone_not_normalized_to_utc
87137,14852,2008,2008-02-17T07:00:00,2008-02-18T13:00:00,CST-6,30.0,17,17031,C,031,COOK,0,0,0,0,2000000.00,0.00,Heavy Rain / Snow Melt,0,"[[42.1504,-87.7598],[42.0233,-87.6687],[41.8731,-87.6208],[41.7626,-87.5739],[41.7626,-87.9205],[42.1504,-87.9205]]",0,1,county_code_unverified|timezone_not_normalized_to_utc
87219,15333,2008,2008-03-03T11:55:00,2008-03-03T21:30:00,CST-6,9.583333333333334,20,20103,C,103,LEAVENWORTH,0,0,0,0,0.00,0.00,Heavy Rain,0,"[[39.3601,-95.1032],[39.3184,-95.1014],[39.3178,-95.1124],[39.3638,-95.1148]]",0,1,county_code_unverified|timezone_not_normalized_to_utc
87548,15420,2008,2008-04-11T02:08:00,2008-04-11T05:00:00,CST-6,2.8666666666666667,17,17201,C,201,WINNEBAGO,0,0,0,0,0.00,0.00,Heavy Rain,0,"[[42.4243,-89.0269],[42.4243,-89.0177],[42.4294,-89.0176],[42.4298,-89.0192],[42.4258,-89.0202],[42.4258,-89.0268]]",0,1,county_code_unverified|timezone_not_normalized_to_utc
87671,15104,2008,2008-04-25T07:00:00,2008-04-25T14:00:00,CST-6,7.0,19,19037,C,037,CHICKASAW,0,0,0,0,50000.00,0.00,Heavy Rain,0,"[[42.9464,-92.623],[42.9243,-92.0984],[43.093,-92.1025],[43.106,-92.6093]]",0,1,county_code_unverified|timezone_not_normalized_to_utc
87672,15104,2008,2008-04-25T02:00:00,2008-04-25T22:00:00,CST-6,20.0,19,19065,C,065,FAYETTE,0,0,0,0,60000.00,0.00,Heavy Rain,0,"[[42.7773,-92.0805],[42.6461,-92.0709],[42.639,-91.5971],[42.7884,-91.6068]]",0,1,county_code_unverified|timezone_not_normalized_to_utc
87674,15104,2008,2008-04-25T02:00:00,2008-04-25T19:30:00,CST-6,17.5,19,19043,C,043,CLAYTON,0,0,0,0,80000.00,0.00,Heavy Rain,0,"[[42.6643,-91.637],[42.6562,-91.0877],[42.8538,-91.1137],[42.8226,-91.6081]]",0,1,county_code_unverified|timezone_not_normalized_to_utc
87680,15443,2008,2008-04-01T00:00:00,2008-04-19T13:00:00,CST-6,445.0,18,18051,C,051,GIBSON,0,0,0,0,0.00,0.00,Heavy Rain,0,"[[38.486,-87.5585],[38.4935,-87.5346],[38.4955,-87.5382],[38.4893,-87.5525]]",0,1,county_code_unverified|timezone_not_normalized_to_utc
87681,15443,2008,2008-04-01T00:00:00,2008-04-18T04:00:00,EST-5,412.0,18,18125,C,125,PIKE,0,0,0,0,0.00,0.00,Heavy Rain,0,"[[38.5052,-87.3039],[38.5141,-87.2713],[38.5188,-87.2756],[38.5094,-87.2994]]",0,1,county_code_unverified|timezone_not_normalized_to_utc
87682,15444,2008,2008-04-01T00:00:00,2008-04-19T08:00:00,CST-6,440.0,17,17185,C,185,WABASH,0,0,0,0,0.00,0.00,Heavy Rain,0,"[[38.4294,-87.7482],[38.4087,-87.7533],[38.4055,-87.7492],[38.4295,-87.7433]]",0,1,county_code_unverified|timezone_not_normalized_to_utc
87790,15452,2008,2008-03-04T13:10:00,2008-03-04T15:15:00,EST-5,2.0833333333333335,39,39059,C,059,GUERNSEY,0,0,0,0,10000.00,0.00,Heavy Rain / Snow Melt,0,"[[39.9513,-81.6133],[39.9522,-81.6133],[39.9522,-81.6116],[39.9517,-81.6113]]",0,1,county_code_unverified|timezone_not_normalized_to_utc
87791,15452,2008,2008-03-04T10:25:00,2008-03-04T13:30:00,EST-5,3.0833333333333335,39,39031,C,031,COSHOCTON,0,0,0,0,5000.00,0.00,Heavy Rain,0,"[[40.39,-81.97],[40.3904,-81.9684],[40.387,-81.9651],[40.3868,-81.9689]]",0,1,county_code_unverified|timezone_not_normalized_to_utc
87792,15452,2008,2008-03-04T10:30:00,2008-03-04T13:30:00,EST-5,3.0,39,39019,C,019,CARROLL,0,0,0,0,10000.00,0.00,Heavy Rain,0,"[[40.5773,-81.1891],[40.5735,-81.0928],[40.5692,-81.0938],[40.5715,-81.1886]]",0,1,county_code_unverified|timezone_not_normalized_to_utc
87793,15452,2008,2008-03-04T10:30:00,2008-03-04T14:30:00,EST-5,4.0,39,39119,C,119,MUSKINGUM,0,0,0,0,5000.00,0.00,Heavy Rain,0,"[[39.8007,-82.0724],[39.7988,-82.0667],[39.7981,-82.0676],[39.8003,-82.0745]]",0,1,county_code_unverified|timezone_not_normalized_to_utc
87794,15452,2008,2008-03-04T20:20:00,2008-03-05T01:00:00,EST-5,4.666666666666667,39,39029,C,029,COLUMBIANA,0,0,0,0,25000.00,0.00,Heavy Rain,0,"[[40.6803,-80.8693],[40.6785,-80.8694],[40.6788,-80.8787],[40.6804,-80.8789]]",0,1,county_code_unverified|timezone_not_normalized_to_utc
87795,15452,2008,2008-03-04T20:58:00,2008-03-05T01:00:00,EST-5,4.033333333333333,39,39013,C,013,BELMONT,0,0,0,0,5000.00,0.00,Heavy Rain,0,"[[40.0788,-80.8978],[40.0753,-80.8921],[40.0752,-80.8935],[40.0782,-80.8986]]",0,1,county_code_unverified|timezone_not_normalized_to_utc
87796,15452,2008,2008-03-04T21:00:00,2008-03-05T02:00:00,EST-5,5.0,39,39029,C,029,COLUMBIANA,0,0,0,0,25000.00,0.00,Heavy Rain,0,"[[40.6295,-80.6642],[40.6317,-80.6558],[40.6166,-80.6413],[40.6142,-80.6454]]",0,1,county_code_unverified|timezone_not_normalized_to_utc
87797,15452,2008,2008-03-04T21:00:00,2008-03-05T01:00:00,EST-5,4.0,39,39157,C,157,TUSCARAWAS,0,0,0,0,5000.00,0.00,Heavy Rain,0,"[[40.53,-81.48],[40.5254,-81.429],[40.5019,-81.4775],[40.5263,-81.488]]",0,1,county_code_unverified|timezone_not_normalized_to_utc
87798,15452,2008,2008-03-04T21:05:00,2008-03-05T01:00:00,EST-5,3.9166666666666665,39,39119,C,119,MUSKINGUM,0,0,0,0,5000.00,0.00,Heavy Rain,0,"[[39.8673,-81.9087],[39.8655,-81.9066],[39.8566,-81.9046],[39.8554,-81.9091]]",0,1,county_code_unverified|timezone_not_normalized_to_utc
87799,15452,2008,2008-03-04T21:05:00,2008-03-04T23:00:00,EST-5,1.9166666666666667,39,39121,C,121,NOBLE,0,0,0,0,5000.00,0.00,Heavy Rain,0,"[[39.75,-81.42],[39.7506,-81.4114],[39.7367,-81.4161],[39.7375,-81.4237]]",0,1,county_code_unverified|timezone_not_normalized_to_utc
87801,15452,2008,2008-03-04T21:10:00,2008-03-05T01:30:00,EST-5,4.333333333333333,39,39029,C,029,COLUMBIANA,0,0,0,0,10000.00,0.00,Heavy Rain,0,"[[40.78,-80.77],[40.7802,-80.7608],[40.774,-80.7604],[40.7747,-80.7711]]",0,1,county_code_unverified|timezone_not_normalized_to_utc
87802,15287,2008,2008-03-08T13:13:00,2008-03-08T20:00:00,EST-5,6.783333333333333,25,25023,C,023,PLYMOUTH,0,0,0,0,5000.00,0.00,Heavy Rain,0,"[[41.77,-70.73],[41.7813,-70.7442],[41.6878,-70.787],[41.6714,-70.7765]]",0,1,county_code_unverified|timezone_not_normalized_to_utc
87803,15452,2008,2008-03-05T01:47:00,2008-03-05T02:30:00,EST-5,0.7166666666666667,39,39029,C,029,COLUMBIANA,0,0,0,0,40000.00,0.00,Heavy Rain,0,"[[40.62,-80.78],[40.6192,-80.7579],[40.6014,-80.7651],[40.6116,-80.8012]]",0,1,county_code_unverified|timezone_not_normalized_to_utc
87804,15452,2008,2008-03-05T01:47:00,2008-03-05T02:15:00,EST-5,0.4666666666666667,39,39029,C,029,COLUMBIANA,0,0,0,0,50000.00,0.00,Heavy Rain,0,"[[40.733,-80.6091],[40.708,-80.5638],[40.6898,-80.5858],[40.7108,-80.6403]]",0,1,county_code_unverified|timezone_not_normalized_to_utc
87807,15452,2008,2008-03-05T02:29:00,2008-03-05T03:30:00,EST-5,1.0166666666666666,39,39081,C,081,JEFFERSON,0,0,0,0,50000.00,0.00,Heavy Rain,0,"[[40.57,-80.73],[40.5743,-80.7231],[40.559,-80.7006],[40.5555,-80.7063]]",0,1,county_code_unverified|timezone_not_normalized_to_utc
87833,15456,2008,2008-03-04T10:50:00,2008-03-04T13:00:00,EST-5,2.1666666666666665,42,42003,C,003,ALLEGHENY,0,0,0,0,100000.00,0.00,Heavy Rain / Snow Melt,0,"[[40.37,-80.13],[40.5472,-79.8953],[40.4846,-79.7292],[40.357,-79.8692]]",0,1,county_code_unverified|timezone_not_normalized_to_utc
87839,15286,2008,2008-03-08T13:50:00,2008-03-08T22:51:00,EST-5,9.016666666666667,09,09015,C,015,WINDHAM,0,0,0,0,0.00,0.00,Heavy Rain,0,"[[41.7145,-72.17],[41.7,-72.1506],[41.6783,-72.17],[41.7,-72.1894]]",0,1,county_code_unverified|timezone_not_normalized_to_utc
87840,15456,2008,2008-03-05T02:00:00,2008-03-05T02:30:00,EST-5,0.5,42,42019,C,019,BUTLER,0,0,0,0,25000.00,0.00,Heavy Rain,0,"[[40.7686,-80.0629],[40.7719,-80.0641],[40.7729,-80.067],[40.7675,-80.0644]]",0,1,county_code_unverified|timezone_not_normalized_to_utc
87845,15286,2008,2008-03-08T14:43:00,2008-03-08T22:00:00,EST-5,7.283333333333333,09,09013,C,013,TOLLAND,0,0,0,0,0.00,0.00,Heavy Rain,0,"[[41.824,-72.501],[41.8304,-72.4983],[41.8304,-72.5004],[41.8243,-72.504]]",0,1,county_code_unverified|timezone_not_normalized_to_utc
87846,15287,2008,2008-03-08T15:58:00,2008-03-08T22:00:00,EST-5,6.033333333333333,25,25011,C,011,FRANKLIN,0,0,0,0,25000.00,0.00,Heavy Rain,0,"[[42.5575,-72.8584],[42.5546,-72.856],[42.5548,-72.8497],[42.5573,-72.8518]]",0,1,county_code_unverified|timezone_not_normalized_to_utc
87847,15287,2008,2008-03-08T16:13:00,2008-03-09T01:47:00,EST-5,9.566666666666666,25,25027,C,027,WORCESTER,0,0,0,0,25000.00,0.00,Heavy Rain,0,"[[42.55,-71.9],[42.6,-72.22],[42.25,-71.9],[42.2458,-71.8454],[42.0684,-71.6218],[42.0705,-71.6035],[42.2697,-71.7551]]",0,1,county_code_unverified|timezone_not_normalized_to_utc
87858,15458,2008,2008-03-19T08:00:00,2008-03-19T15:00:00,EST-5,7.0,39,39119,C,119,MUSKINGUM,0,0,0,0,10000.00,0.00,Heavy Rain,0,"[[39.81,-82.02],[39.7963,-82.0727],[39.7865,-82.0651],[39.8009,-82.0183]]",0,1,county_code_unverified|timezone_not_normalized_to_utc
87861,15458,2008,2008-03-19T08:00:00,2008-03-19T14:00:00,EST-5,6.0,39,39119,C,119,MUSKINGUM,0,0,0,0,5000.00,0.00,Heavy Rain,0,"[[40.1534,-81.9687],[40.1556,-81.969],[40.1559,-81.9573],[40.1544,-81.9569]]",0,1,county_code_unverified|timezone_not_normalized_to_utc
87863,15458,2008,2008-03-19T13:15:00,2008-03-19T21:00:00,EST-5,7.75,39,39019,C,019,CARROLL,0,0,0,0,10000.00,0.00,Heavy Rain,0,"[[40.4793,-81.2235],[40.4799,-81.2221],[40.4775,-81.2191],[40.4771,-81.2209]]",0,1,county_code_unverified|timezone_not_normalized_to_utc
87864,15458,2008,2008-03-19T13:15:00,2008-03-19T21:00:00,EST-5,7.75,39,39019,C,019,CARROLL,0,0,0,0,5000.00,0.00,Heavy Rain,0,"[[40.69,-81.18],[40.6928,-81.1747],[40.6918,-81.1692],[40.6897,-81.17]]",0,1,county_code_unverified|timezone_not_normalized_to_utc
87866,15458,2008,2008-03-19T13:23:00,2008-03-19T23:30:00,EST-5,10.116666666666667,39,39157,C,157,TUSCARAWAS,0,0,0,0,10000.00,0.00,Heavy Rain,0,"[[40.49,-81.44],[40.4972,-81.4325],[40.4917,-81.4281],[40.4865,-81.4348]]",0,1,county_code_unverified|timezone_not_normalized_to_utc
87868,15458,2008,2008-03-19T13:40:00,2008-03-19T22:00:00,EST-5,8.333333333333334,39,39067,C,067,HARRISON,0,0,0,0,5000.00,0.00,Heavy Rain,0,"[[40.2502,-81.3721],[40.2603,-81.3373],[40.2564,-81.3339],[40.2451,-81.3653]]",0,1,county_code_unverified|timezone_not_normalized_to_utc
87869,15458,2008,2008-03-19T13:40:00,2008-03-19T22:00:00,EST-5,8.333333333333334,39,39067,C,067,HARRISON,0,0,0,0,5000.00,0.00,Heavy Rain,0,"[[40.4208,-81.1255],[40.4119,-81.1327],[40.3985,-81.0928],[40.4042,-81.0913]]",0,1,county_code_unverified|timezone_not_normalized_to_utc
87872,15458,2008,2008-03-19T14:30:00,2008-03-19T16:30:00,EST-5,2.0,39,39121,C,121,NOBLE,0,0,0,0,5000.00,0.00,Heavy Rain,0,"[[39.75,-81.51],[39.7814,-81.5285],[39.7859,-81.5004],[39.7595,-81.4966]]",0,1,county_code_unverified|timezone_not_normalized_to_utc
87874,15458,2008,2008-03-19T15:00:00,2008-03-19T17:00:00,EST-5,2.0,39,39119,C,119,MUSKINGUM,0,0,0,0,10000.00,0.00,Heavy Rain,0,"[[40.1284,-81.7817],[40.13,-81.7794],[40.1218,-81.7633],[40.1202,-81.767]]",0,1,county_code_unverified|timezone_not_normalized_to_utc
87875,15458,2008,2008-03-19T15:30:00,2008-03-19T17:30:00,EST-5,2.0,39,39059,C,059,GUERNSEY,0,0,0,0,10000.00,0.00,Heavy Rain,0,"[[39.9,-81.54],[39.909,-81.5467],[39.9036,-81.5623],[39.9007,-81.5515]]",0,1,county_code_unverified|timezone_not_normalized_to_utc
87877,15458,2008,2008-03-19T16:20:00,2008-03-20T01:30:00,EST-5,9.166666666666666,39,39019,C,019,CARROLL,0,0,0,0,10000.00,0.00,Heavy Rain,0,"[[40.7402,-81.0905],[40.7386,-81.0979],[40.733,-81.1011],[40.7405,-81.0826]]",0,1,county_code_unverified|timezone_not_normalized_to_utc
87883,15460,2008,2008-03-19T19:50:00,2008-03-19T23:00:00,EST-5,3.1666666666666665,54,54051,C,051,MARSHALL,0,0,0,0,75000.00,0.00,Heavy Rain,0,"[[39.83,-80.57],[39.8766,-80.593],[39.8634,-80.6393],[39.8312,-80.6146]]",0,1,county_code_unverified|timezone_not_normalized_to_utc
87908,15287,2008,2008-03-08T17:00:00,2008-03-09T00:15:00,EST-5,7.25,25,25015,C,015,HAMPSHIRE,0,0,0,0,20000.00,0.00,Heavy Rain,0,"[[42.28,-72.4],[42.3832,-72.6822],[42.334,-72.6781],[42.23,-72.88],[42.257,-72.402]]",0,1,county_code_unverified|timezone_not_normalized_to_utc
87909,15287,2008,2008-03-08T17:07:00,2008-03-08T21:00:00,EST-5,3.8833333333333333,25,25013,C,013,HAMPDEN,0,0,0,0,20000.00,0.00,Heavy Rain,0,"[[42.1567,-72.4806],[42.1863,-72.6785],[42.2,-72.62],[42.1763,-72.3379],[42.1635,-72.3227]]",0,1,county_code_unverified|timezone_not_normalized_to_utc
87910,15286,2008,2008-03-08T17:07:00,2008-03-08T21:00:00,EST-5,3.8833333333333333,09,09003,C,003,HARTFORD,0,0,0,0,0.00,0.00,Heavy Rain,0,"[[41.6417,-72.4782],[41.6455,-72.4697],[41.6445,-72.4688],[41.6406,-72.4773]]",0,1,county_code_unverified|timezone_not_normalized_to_utc
87911,15286,2008,2008-03-08T17:07:00,2008-03-08T21:00:00,EST-5,3.8833333333333333,09,09003,C,003,HARTFORD,0,0,0,0,0.00,0.00,Heavy Rain,0,"[[41.88,-72.8],[41.8854,-72.7858],[41.878,-72.7808],[41.8687,-72.7891],[41.8687,-72.803]]",0,1,county_code_unverified|timezone_not_normalized_to_utc
87916,15287,2008,2008-03-08T18:00:00,2008-03-08T23:00:00,EST-5,5.0,25,25009,C,009,ESSEX,0,0,0,0,0.00,0.00,Heavy Rain,0,"[[42.4261,-70.9359],[42.4209,-70.9329],[42.5171,-70.8941],[42.5168,-70.897]]",0,1,county_code_unverified|timezone_not_normalized_to_utc
87922,15462,2008,2008-03-08T23:30:00,2008-03-09T04:00:00,EST-5,4.5,33,33005,C,005,CHESHIRE,0,0,0,0,3000.00,0.00,Heavy Rain,0,"[[42.8845,-72.28],[42.87,-72.2603],[42.8445,-72.2748],[42.87,-72.2998]]",0,1,county_code_unverified|timezone_not_normalized_to_utc
87923,15287,2008,2008-03-08T18:00:00,2008-03-09T01:59:00,EST-5,7.983333333333333,25,25023,C,023,PLYMOUTH,0,0,0,0,0.00,0.00,Heavy Rain,0,"[[42.1748,-70.8942],[42.1716,-70.8773],[42.1885,-70.8619],[42.2222,-70.8584],[42.2219,-70.8671]]",0,1,county_code_unverified|timezone_not_normalized_to_utc
87926,15104,2008,2008-04-24T22:00:00,2008-04-27T21:00:00,CST-6,71.0,19,19043,C,043,CLAYTON,0,0,0,0,380000.00,0.00,Heavy Rain,0,"[[42.8528,-91.4142],[42.7359,-91.26],[42.743,-91.2435],[42.8606,-91.3973]]",0,1,county_code_unverified|timezone_not_normalized_to_utc
87940,15106,2008,2008-04-25T03:00:00,2008-04-25T20:00:00,CST-6,17.0,55,55043,C,043,GRANT,0,0,0,0,700000.00,600000.00,Heavy Rain,0,"[[42.83,-91.07],[42.8961,-90.4669],[42.5146,-90.4477],[42.5045,-90.629],[42.6946,-90.9778]]",0,1,county_code_unverified|timezone_not_normalized_to_utc
88010,15475,2008,2008-03-06T00:50:00,2008-03-06T15:00:00,CST-6,14.166666666666666,17,17161,C,161,ROCK ISLAND,0,0,0,0,0.00,0.00,Ice Jam,0,"[[41.45,-90.6086],[41.45,-90.5314],[41.4611,-90.5343],[41.479,-90.57]]",0,1,county_code_unverified|timezone_not_normalized_to_utc
88054,15492,2008,2008-03-18T22:45:00,2008-03-20T09:25:00,CST-6,34.666666666666664,20,20107,C,107,LINN,0,0,0,0,0.00,0.00,Heavy Rain,0,"[[38.3648,-94.801],[38.3481,-94.7684],[38.333,-94.7722],[38.3594,-94.8209]]",0,1,county_code_unverified|timezone_not_normalized_to_utc
88055,15492,2008,2008-03-18T23:15:00,2008-03-19T04:37:00,CST-6,5.366666666666666,20,20121,C,121,MIAMI,0,0,0,0,0.00,0.00,Heavy Rain,0,"[[38.5141,-94.9833],[38.5063,-94.9226],[38.5016,-94.9301],[38.5022,-94.9821]]",0,1,county_code_unverified|timezone_not_normalized_to_utc
88056,14898,2008,2008-03-17T14:12:00,2008-03-19T15:05:00,CST-6,48.88333333333333,29,29083,C,083,HENRY,0,0,0,0,0.00,0.00,Heavy Rain,0,"[[38.5645,-93.9647],[38.5369,-93.9571],[38.5372,-93.9764],[38.564,-93.9808]]",0,1,county_code_unverified|timezone_not_normalized_to_utc
88057,14898,2008,2008-03-17T14:41:00,2008-03-22T20:00:00,CST-6,125.31666666666666,29,29195,C,195,SALINE,0,0,0,0,0.00,0.00,Heavy Rain,0,"[[39.0048,-93.2245],[38.9925,-93.1613],[38.985,-93.1905],[38.9892,-93.2295]]",0,1,county_code_unverified|timezone_not_normalized_to_utc
88065,14898,2008,2008-03-17T19:44:00,2008-03-19T13:44:00,CST-6,42.0,29,29053,C,053,COOPER,0,0,0,0,0.00,0.00,Heavy Rain,0,"[[38.9288,-92.6923],[38.9268,-92.6517],[38.9164,-92.6547],[38.9177,-92.6923]]",0,1,county_code_unverified|timezone_not_normalized_to_utc
88067,14898,2008,2008-03-17T20:53:00,2008-03-18T23:21:00,CST-6,26.466666666666665,29,29033,C,033,CARROLL,0,0,0,0,0.00,0.00,Heavy Rain,0,"[[39.3327,-93.4384],[39.3271,-93.4622],[39.3386,-93.5009],[39.3473,-93.4954]]",0,1,county_code_unverified|timezone_not_normalized_to_utc
88068,14898,2008,2008-03-17T15:47:00,2008-03-18T09:47:00,CST-6,18.0,29,29089,C,089,HOWARD,0,0,0,0,0.00,0.00,Heavy Rain,0,"[[39.0957,-92.5873],[39.0725,-92.5732],[39.0729,-92.5976],[39.0957,-92.6058]]",0,1,county_code_unverified|timezone_not_normalized_to_utc
88070,14898,2008,2008-03-17T17:15:00,2008-03-17T23:50:00,CST-6,6.583333333333333,29,29047,C,047,CLAY,0,0,0,0,0.00,0.00,Heavy Rain,0,"[[39.3335,-94.3266],[39.318,-94.3082],[39.3135,-94.3159],[39.3301,-94.3461]]",0,1,county_code_unverified|timezone_not_normalized_to_utc
88071,14898,2008,2008-03-18T16:49:00,2008-03-19T06:23:00,CST-6,13.566666666666666,29,29053,C,053,COOPER,0,0,0,0,0.00,0.00,Heavy Rain,0,"[[38.7043,-92.9715],[38.6938,-92.9845],[38.727,-92.9948],[38.7246,-92.9625]]",0,1,county_code_unverified|timezone_not_normalized_to_utc
88073,14898,2008,2008-03-18T06:30:00,2008-03-18T20:52:00,CST-6,14.366666666666667,29,29177,C,177,RAY,0,0,0,0,0.00,0.00,Heavy Rain,0,"[[39.3109,-93.9922],[39.304,-93.951],[39.2921,-93.9602],[39.3002,-94.0042]]",0,1,county_code_unverified|timezone_not_normalized_to_utc
88074,14898,2008,2008-03-18T07:00:00,2008-03-19T23:21:00,CST-6,40.35,29,29041,C,041,CHARITON,0,0,0,0,0.00,0.00,Heavy Rain,0,"[[39.6771,-93.2698],[39.5856,-93.2286],[39.5888,-93.2987],[39.6739,-93.3289]]",0,1,county_code_unverified|timezone_not_normalized_to_utc
88075,14898,2008,2008-03-17T14:55:00,2008-03-19T15:04:00,CST-6,48.15,29,29083,C,083,HENRY,0,0,0,0,0.00,0.00,Heavy Rain,0,"[[38.4584,-94.0327],[38.438,-93.9544],[38.4354,-93.9786],[38.4392,-94.0332]]",0,1,county_code_unverified|timezone_not_normalized_to_utc
88076,14898,2008,2008-03-17T13:42:00,2008-03-19T06:59:00,CST-6,41.28333333333333,29,29101,C,101,JOHNSON,0,0,0,0,0.00,0.00,Heavy Rain,0,"[[38.8801,-93.5977],[38.8723,-93.6082],[38.8767,-93.6272],[38.8902,-93.6138]]",0,1,county_code_unverified|timezone_not_normalized_to_utc
88081,15502,2008,2008-03-01T21:37:00,2008-03-05T10:18:00,CST-6,84.68333333333334,29,29021,C,021,BUCHANAN,0,0,0,0,0.00,0.00,Heavy Rain,0,"[[39.7159,-94.709],[39.7067,-94.6788],[39.657,-94.7008],[39.666,-94.7406]]",0,1,county_code_unverified|timezone_not_normalized_to_utc
88084,15502,2008,2008-03-03T06:24:00,2008-03-04T02:24:00,CST-6,20.0,29,29083,C,083,HENRY,0,0,0,0,0.00,0.00,Heavy Rain,0,"[[38.5584,-93.963],[38.5224,-93.942],[38.5232,-93.9716],[38.5648,-93.9898]]",0,1,county_code_unverified|timezone_not_normalized_to_utc
88085,15502,2008,2008-03-04T06:00:00,2008-03-04T13:30:00,CST-6,7.5,29,29195,C,195,SALINE,0,0,0,0,0.00,0.00,Heavy Rain,0,"[[38.9989,-93.206],[38.9888,-93.173],[38.9805,-93.1842],[38.9868,-93.2185]]",0,1,county_code_unverified|timezone_not_normalized_to_utc
88087,15502,2008,2008-03-03T12:15:00,2008-03-04T04:44:00,CST-6,16.483333333333334,29,29053,C,053,COOPER,0,0,0,0,0.00,0.00,Heavy Rain,0,"[[38.9389,-92.7019],[38.9244,-92.6649],[38.9129,-92.6848],[38.926,-92.7217]]",0,1,county_code_unverified|timezone_not_normalized_to_utc
88089,15502,2008,2008-03-04T07:24:00,2008-03-07T17:15:00,CST-6,81.85,29,29041,C,041,CHARITON,0,0,0,0,0.00,0.00,Heavy Rain,0,"[[39.4484,-93.1943],[39.4176,-93.1373],[39.4131,-93.1459],[39.4328,-93.2362]]",0,1,county_code_unverified|timezone_not_normalized_to_utc
88090,15502,2008,2008-03-02T13:07:00,2008-03-05T23:46:00,CST-6,82.65,29,29117,C,117,LIVINGSTON,0,0,0,0,0.00,0.00,Heavy Rain,0,"[[39.7621,-93.5706],[39.732,-93.4504],[39.722,-93.4772],[39.7434,-93.5898]]",0,1,county_code_unverified|timezone_not_normalized_to_utc
88091,15502,2008,2008-03-03T02:35:00,2008-03-03T10:07:00,CST-6,7.533333333333333,29,29005,C,005,ATCHISON,0,0,0,0,0.00,0.00,Heavy Rain,0,"[[40.3643,-95.3977],[40.3094,-95.397],[40.3057,-95.4369],[40.3643,-95.4211]]",0,1,county_code_unverified|timezone_not_normalized_to_utc
88092,15502,2008,2008-03-02T18:03:00,2008-03-04T19:48:00,CST-6,49.75,29,29061,C,061,DAVIESS,0,0,0,0,0.00,0.00,Heavy Rain,0,"[[39.9782,-93.9372],[39.8296,-93.7271],[39.8107,-93.8919],[39.9677,-94.0292]]",0,1,county_code_unverified|timezone_not_normalized_to_utc
88093,15502,2008,2008-03-04T13:05:00,2008-03-05T13:16:00,CST-6,24.183333333333334,29,29195,C,195,SALINE,0,0,0,0,0.00,0.00,Heavy Rain,0,"[[39.372,-93.2073],[39.3662,-93.1709],[39.3141,-93.2163],[39.3314,-93.266]]",0,1,county_code_unverified|timezone_not_normalized_to_utc
88094,15502,2008,2008-03-02T00:02:00,2008-03-02T06:43:00,CST-6,6.683333333333334,29,29147,C,147,NODAWAY,0,0,0,0,0.00,0.00,Heavy Rain,0,"[[40.3732,-94.8182],[40.2884,-94.801],[40.2858,-94.856],[40.3821,-94.8422]]",0,1,county_code_unverified|timezone_not_normalized_to_utc
88095,15502,2008,2008-03-03T03:43:00,2008-03-03T04:55:00,CST-6,1.2,29,29147,C,147,NODAWAY,0,0,0,0,0.00,0.00,Heavy Rain,0,"[[40.3779,-94.7955],[40.2837,-94.7736],[40.3026,-94.8436],[40.3774,-94.8264]]",0,1,county_code_unverified|timezone_not_normalized_to_utc
88096,15502,2008,2008-03-03T04:17:00,2008-03-04T02:33:00,CST-6,22.266666666666666,29,29061,C,061,DAVIESS,0,0,0,0,0.00,0.00,Heavy Rain,0,"[[40.035,-94.1542],[40.0297,-94.0752],[40.0103,-94.0725],[40.0138,-94.1534]]",0,1,county_code_unverified|timezone_not_normalized_to_utc
88097,15502,2008,2008-03-03T00:30:00,2008-03-07T08:20:00,CST-6,103.83333333333333,29,29165,C,165,PLATTE,0,0,0,0,0.00,0.00,Heavy Rain,0,"[[39.3749,-94.7863],[39.3476,-94.7918],[39.351,-94.805],[39.3747,-94.8015]]",0,1,county_code_unverified|timezone_not_normalized_to_utc
88098,15502,2008,2008-03-03T09:51:00,2008-03-03T19:03:00,CST-6,9.2,29,29041,C,041,CHARITON,0,0,0,0,0.00,0.00,Heavy Rain,0,"[[39.5496,-92.7699],[39.4977,-92.7864],[39.5242,-92.842],[39.5509,-92.8063]]",0,1,county_code_unverified|timezone_not_normalized_to_utc
88099,15502,2008,2008-03-02T04:00:00,2008-03-03T07:00:00,CST-6,27.0,29,29003,C,003,ANDREW,0,0,0,0,0.00,0.00,Heavy Rain,0,"[[40.0644,-94.8203],[40.0266,-94.8141],[40.0276,-94.8412],[40.0644,-94.8422]]",0,1,county_code_unverified|timezone_not_normalized_to_utc
88100,15502,2008,2008-03-02T11:11:00,2008-03-07T20:00:00,CST-6,128.81666666666666,29,29041,C,041,CHARITON,0,0,0,0,0.00,0.00,Heavy Rain,0,"[[39.6628,-93.2595],[39.5835,-93.2286],[39.5861,-93.3035],[39.6691,-93.3206]]",0,1,county_code_unverified|timezone_not_normalized_to_utc
88101,15502,2008,2008-03-02T20:45:00,2008-03-07T03:54:00,CST-6,103.15,29,29165,C,165,PLATTE,0,0,0,0,0.00,0.00,Heavy Rain,0,"[[39.4069,-94.7267],[39.3964,-94.7188],[39.3894,-94.7344],[39.3946,-94.7506]]",0,1,county_code_unverified|timezone_not_normalized_to_utc
88102,15502,2008,2008-03-03T07:00:00,2008-03-04T10:25:00,CST-6,27.416666666666668,29,29083,C,083,HENRY,0,0,0,0,0.00,0.00,Heavy Rain,0,"[[38.466,-94.043],[38.445,-93.9716],[38.4315,-93.9839],[38.4426,-94.0643]]",0,1,county_code_unverified|timezone_not_normalized_to_utc
88103,15502,2008,2008-03-03T08:30:00,2008-03-04T01:43:00,CST-6,17.216666666666665,29,29101,C,101,JOHNSON,0,0,0,0,0.00,0.00,Heavy Rain,0,"[[38.8726,-93.6135],[38.8301,-93.6179],[38.8416,-93.6578],[38.8793,-93.6588]]",0,1,county_code_unverified|timezone_not_normalized_to_utc
88138,15509,2008,2008-03-04T23:34:00,2008-03-05T06:00:00,EST-5,6.433333333333334,24,24001,C,001,ALLEGANY,0,0,0,0,5000.00,0.00,Heavy Rain,0,"[[39.7053,-78.5753],[39.7027,-78.5678],[39.7037,-78.5674],[39.7058,-78.5744]]",0,1,county_code_unverified|timezone_not_normalized_to_utc
88203,15518,2008,2008-03-03T06:00:00,2008-03-09T06:20:00,CST-6,144.33333333333334,55,55059,C,059,KENOSHA,0,0,0,0,2000.00,0.00,Heavy Rain / Snow Melt,0,"[[42.6,-88.2098],[42.6,-88.2],[42.55,-88.17],[42.58,-88.23]]",0,1,county_code_unverified|timezone_not_normalized_to_utc
88253,15530,2008,2008-03-18T18:09:00,2008-03-19T17:00:00,EST-5,22.85,21,21037,C,037,CAMPBELL,0,0,0,0,10000.00,0.00,Heavy Rain,0,"[[38.957,-84.3898],[38.8905,-84.2651],[39.0341,-84.3688],[39.024,-84.4818]]",0,1,county_code_unverified|timezone_not_normalized_to_utc
88254,15530,2008,2008-03-18T20:00:00,2008-03-19T17:00:00,EST-5,21.0,21,21117,C,117,KENTON,0,0,0,0,5000.00,0.00,Heavy Rain,0,"[[39.0897,-84.5062],[39.046,-84.5405],[38.9538,-84.5429],[39.0107,-84.4871]]",0,1,county_code_unverified|timezone_not_normalized_to_utc
88256,15530,2008,2008-03-19T01:46:00,2008-03-19T17:00:00,EST-5,15.233333333333333,21,21041,C,041,CARROLL,0,0,0,0,5000.00,0.00,Heavy Rain,0,"[[38.6898,-85.223],[38.6804,-85.1595],[38.6385,-85.1041],[38.6048,-85.1887]]",0,1,county_code_unverified|timezone_not_normalized_to_utc
88257,15530,2008,2008-03-19T01:58:00,2008-03-19T17:00:00,EST-5,15.033333333333333,21,21077,C,077,GALLATIN,0,0,0,0,5000.00,0.00,Heavy Rain,0,"[[38.6826,-84.9085],[38.7664,-84.9607],[38.7851,-84.8955],[38.7594,-84.7897]]",0,1,county_code_unverified|timezone_not_normalized_to_utc
88259,15530,2008,2008-03-18T23:49:00,2008-03-19T17:00:00,EST-5,17.183333333333334,21,21081,C,081,GRANT,0,0,0,0,3000.00,0.00,Heavy Rain,0,"[[38.7337,-84.753],[38.6424,-84.7128],[38.6796,-84.6043],[38.7305,-84.6668]]",0,1,county_code_unverified|timezone_not_normalized_to_utc
88260,15530,2008,2008-03-19T01:46:00,2008-03-19T17:00:00,EST-5,15.233333333333333,21,21187,C,187,OWEN,0,0,0,0,5000.00,0.00,Heavy Rain,0,"[[38.6153,-85.0095],[38.517,-84.9003],[38.4552,-84.649],[38.6405,-84.8557]]",0,1,county_code_unverified|timezone_not_normalized_to_utc
88315,15535,2008,2008-03-19T19:50:00,2008-03-19T23:00:00,EST-5,3.1666666666666665,42,42073,C,073,LAWRENCE,0,0,0,0,5000.00,0.00,Heavy Rain,0,"[[40.9914,-80.4095],[40.991,-80.409],[40.9912,-80.4087],[40.9917,-80.4092]]",0,1,county_code_unverified|timezone_not_normalized_to_utc
88379,13383,2008,2008-03-06T07:41:00,2008-03-07T13:15:00,EST-5,29.566666666666666,24,24015,C,015,CECIL,0,0,0,0,0.00,0.00,Heavy Rain / Snow Melt,0,"[[39.67,-76.17],[39.6577,-76.1541],[39.6566,-76.1628],[39.6663,-76.172]]",0,1,county_code_unverified|timezone_not_normalized_to_utc
88457,15511,2008,2008-03-04T19:00:00,2008-03-04T23:00:00,EST-5,4.0,54,54023,C,023,GRANT,0,0,0,0,2000.00,0.00,Heavy Rain,0,"[[39.0,-79.22],[38.9974,-79.2075],[38.9985,-79.2033],[39.0009,-79.2178]]",0,1,county_code_unverified|timezone_not_normalized_to_utc
88458,15511,2008,2008-03-04T20:08:00,2008-03-05T01:00:00,EST-5,4.866666666666666,54,54057,C,057,MINERAL,0,0,0,0,2000.00,0.00,Heavy Rain,0,"[[39.44,-78.98],[39.4386,-78.9778],[39.4402,-78.9767],[39.441,-78.9784]]",0,1,county_code_unverified|timezone_not_normalized_to_utc
88459,15511,2008,2008-03-04T20:11:00,2008-03-05T01:00:00,EST-5,4.816666666666666,54,54071,C,071,PENDLETON,0,0,0,0,2000.00,0.00,Heavy Rain,0,"[[38.78,-79.28],[38.7905,-79.2763],[38.7919,-79.288],[38.7817,-79.2884]]",0,1,county_code_unverified|timezone_not_normalized_to_utc
88460,15511,2008,2008-03-04T20:13:00,2008-03-05T00:00:00,EST-5,3.783333333333333,54,54027,C,027,HAMPSHIRE,0,0,0,0,3000.00,0.00,Heavy Rain,0,"[[39.3484,-78.7445],[39.3436,-78.749],[39.3405,-78.7879],[39.3582,-78.7749]]",0,1,county_code_unverified|timezone_not_normalized_to_utc
88461,15511,2008,2008-03-04T20:20:00,2008-03-05T01:00:00,EST-5,4.666666666666667,54,54031,C,031,HARDY,0,0,0,0,2000.00,0.00,Heavy Rain,0,"[[39.0703,-78.9659],[39.0645,-78.9694],[39.0654,-78.971],[39.0709,-78.9687]]",0,1,county_code_unverified|timezone_not_normalized_to_utc
88646,15578,2008,2008-03-03T08:15:00,2008-03-06T08:00:00,CST-6,71.75,40,40079,C,079,LE FLORE,0,0,0,0,0.00,0.00,Heavy Rain,0,"[[35.17,-94.67],[35.2212,-94.6074],[35.17,-94.5815],[35.0976,-94.67]]",0,1,county_code_unverified|timezone_not_normalized_to_utc
88647,15579,2008,2008-03-03T13:45:00,2008-03-04T05:30:00,CST-6,15.75,40,40079,C,079,LE FLORE,0,0,0,0,0.00,0.00,Heavy Rain,0,"[[35.05,-94.62],[35.1012,-94.5575],[35.05,-94.5316],[34.9988,-94.5575],[34.9776,-94.62]]",0,1,county_code_unverified|timezone_not_normalized_to_utc
88650,15580,2008,2008-03-03T16:00:00,2008-03-04T14:45:00,CST-6,22.75,40,40127,C,127,PUSHMATAHA,0,0,0,0,0.00,0.00,Heavy Rain,0,"[[34.23,-95.62],[34.3024,-95.62],[34.2812,-95.5581],[34.23,-95.5325]]",0,1,county_code_unverified|timezone_not_normalized_to_utc
88657,15582,2008,2008-03-19T14:00:00,2008-03-20T05:30:00,CST-6,15.5,40,40001,C,001,ADAIR,0,0,0,0,0.00,0.00,Heavy Rain,0,"[[36.12,-94.57],[36.1924,-94.57],[36.1712,-94.6334],[36.12,-94.6596]]",0,1,county_code_unverified|timezone_not_normalized_to_utc
88664,15583,2008,2008-03-18T23:00:00,2008-03-21T03:00:00,CST-6,52.0,40,40021,C,021,CHEROKEE,0,0,0,0,0.00,0.00,Heavy Rain,0,"[[36.0019,-94.8689],[35.92,-94.827],[35.8042,-94.97],[35.92,-94.97]]",0,1,county_code_unverified|timezone_not_normalized_to_utc
88677,15585,2008,2008-03-18T17:00:00,2008-03-24T21:00:00,CST-6,148.0,40,40079,C,079,LE FLORE,0,0,0,0,0.00,0.00,Heavy Rain,0,"[[35.17,-94.67],[35.2212,-94.6074],[35.17,-94.5815],[35.0976,-94.67]]",0,1,county_code_unverified|timezone_not_normalized_to_utc
88697,15587,2008,2008-03-19T00:00:00,2008-03-21T23:45:00,CST-6,71.75,40,40127,C,127,PUSHMATAHA,0,0,0,0,0.00,0.00,Heavy Rain,0,"[[34.23,-95.62],[34.2812,-95.6819],[34.3024,-95.62],[34.23,-95.5325]]",0,1,county_code_unverified|timezone_not_normalized_to_utc
88713,15589,2008,2008-03-18T18:45:00,2008-03-22T21:15:00,CST-6,98.5,40,40079,C,079,LE FLORE,0,0,0,0,0.00,0.00,Heavy Rain,0,"[[35.05,-94.62],[35.1224,-94.62],[35.1012,-94.5575],[35.05,-94.5316],[34.9988,-94.5575]]",0,1,county_code_unverified|timezone_not_normalized_to_utc
88721,15590,2008,2008-03-18T20:45:00,2008-03-21T11:30:00,CST-6,62.75,05,05033,C,033,CRAWFORD,0,0,0,0,0.00,0.00,Heavy Rain,0,"[[35.43,-94.35],[35.3891,-94.2998],[35.3721,-94.35],[35.43,-94.4211],[35.4709,-94.4003]]",0,1,county_code_unverified|timezone_not_normalized_to_utc
88731,15592,2008,2008-03-18T20:00:00,2008-03-21T17:30:00,CST-6,69.5,40,40115,C,115,OTTAWA,0,0,0,0,0.00,0.00,Heavy Rain,0,"[[37.0012,-94.716],[36.95,-94.6351],[36.8681,-94.6776],[36.95,-94.78]]",0,1,county_code_unverified|timezone_not_normalized_to_utc
88854,15600,2008,2008-03-19T11:11:00,2008-03-23T13:34:00,CST-6,98.38333333333334,05,05029,C,029,CONWAY,0,0,0,0,1000.00,10000.00,Heavy Rain,0,"[[35.1578,-92.8781],[35.1039,-92.817],[35.1309,-92.7452],[35.0634,-92.7232],[35.0901,-92.6917],[35.1469,-92.7449],[35.1522,-92.7959],[35.1929,-92.8722]]",0,1,county_code_unverified|timezone_not_normalized_to_utc
88858,15600,2008,2008-03-20T07:00:00,2008-03-23T07:25:00,CST-6,72.41666666666667,05,05045,C,045,FAULKNER,0,0,0,0,500000.00,100000.00,Heavy Rain,0,"[[35.0738,-92.5269],[34.9951,-92.5461],[34.9631,-92.577],[34.9934,-92.6213],[35.0738,-92.5646],[35.0699,-92.6086],[35.1278,-92.6106],[35.1258,-92.5382]]",0,1,county_code_unverified|timezone_not_normalized_to_utc
88859,15600,2008,2008-03-19T04:36:00,2008-03-20T04:49:00,CST-6,24.216666666666665,05,05149,C,149,YELL,0,0,0,0,600000.00,5000.00,Heavy Rain,0,"[[34.9524,-93.3419],[34.9299,-93.3275],[34.891,-93.4964],[34.9051,-93.598],[34.8572,-93.6633],[34.8149,-93.782],[34.8397,-93.8013],[34.9203,-93.6351]]",0,1,county_code_unverified|timezone_not_normalized_to_utc
88861,15600,2008,2008-03-19T09:35:00,2008-03-20T05:23:00,CST-6,19.8,05,05149,C,149,YELL,0,0,0,0,600000.00,50000.00,Heavy Rain,0,"[[35.2781,-93.1922],[35.2333,-93.1407],[35.1884,-93.0686],[35.1901,-92.9114],[35.1502,-92.9073],[35.1154,-93.0604],[35.1797,-93.1373],[35.2681,-93.2039]]",0,1,county_code_unverified|timezone_not_normalized_to_utc
88867,15602,2008,2008-03-05T05:40:00,2008-03-05T18:00:00,EST-5,12.333333333333334,36,36001,C,001,ALBANY,0,0,0,0,100000.00,0.00,Heavy Rain,0,"[[42.7302,-73.8639],[42.7551,-73.743],[42.65,-73.77],[42.6995,-73.9479]]",0,1,county_code_unverified|timezone_not_normalized_to_utc
88868,15600,2008,2008-03-19T14:00:00,2008-03-26T07:00:00,CST-6,161.0,05,05105,C,105,PERRY,0,0,0,0,600000.00,100000.00,Heavy Rain,0,"[[35.0069,-92.7789],[35.0221,-92.7136],[34.9979,-92.6345],[34.9687,-92.6487],[34.9799,-92.7232],[34.9923,-92.7535],[34.9923,-92.7854]]",0,1,county_code_unverified|timezone_not_normalized_to_utc
88869,15602,2008,2008-03-05T06:30:00,2008-03-05T18:00:00,EST-5,11.5,36,36093,C,093,SCHENECTADY,0,0,0,0,10000.00,0.00,Heavy Rain,0,"[[42.82,-73.9],[42.82,-73.91],[42.83,-73.91],[42.83,-73.89]]",0,1,county_code_unverified|timezone_not_normalized_to_utc
88870,15602,2008,2008-03-05T08:00:00,2008-03-05T18:05:00,EST-5,10.083333333333334,36,36083,C,083,RENSSELAER,0,0,0,0,1000.00,0.00,Heavy Rain,0,"[[42.64,-73.74],[42.65,-73.74],[42.65,-73.73],[42.64,-73.73]]",0,1,county_code_unverified|timezone_not_normalized_to_utc
88871,15600,2008,2008-03-19T07:00:00,2008-03-23T04:15:00,CST-6,93.25,05,05149,C,149,YELL,0,0,0,0,1500000.00,25000.00,Heavy Rain,0,"[[35.1132,-93.62],[35.0783,-93.3962],[35.0935,-93.116],[35.0401,-93.1119],[35.0379,-93.3989],[35.0772,-93.6269]]",0,1,county_code_unverified|timezone_not_normalized_to_utc
88876,15600,2008,2008-03-19T12:30:00,2008-03-20T21:32:00,CST-6,33.03333333333333,05,05019,C,019,CLARK,0,0,0,0,150000.00,25000.00,Heavy Rain,0,"[[34.1368,-93.0762],[34.0077,-93.0123],[34.0413,-92.954],[34.1249,-93.0247],[34.1925,-92.9993],[34.2345,-92.991],[34.1965,-93.0422]]",0,1,county_code_unverified|timezone_not_normalized_to_utc
88878,15600,2008,2008-03-20T19:31:00,2008-03-30T21:50:00,CST-6,242.31666666666666,05,05103,C,103,OUACHITA,0,0,0,0,600000.00,10000.00,Heavy Rain,0,"[[33.58,-92.83],[33.4807,-92.7795],[33.3896,-92.645],[33.4761,-92.5708],[33.6055,-92.7905],[33.8567,-92.8565],[33.8545,-92.9608],[33.6798,-92.9334]]",0,1,county_code_unverified|timezone_not_normalized_to_utc
88879,15602,2008,2008-03-05T08:00:00,2008-03-06T10:00:00,EST-5,26.0,36,36113,C,113,WARREN,0,0,0,0,1000.00,0.00,Heavy Rain / Snow Melt,0,"[[43.31,-73.65],[43.3,-73.65],[43.3,-73.62],[43.31,-73.62]]",0,1,county_code_unverified|timezone_not_normalized_to_utc
88880,15600,2008,2008-03-19T20:20:00,2008-03-20T12:11:00,CST-6,15.85,05,05125,C,125,SALINE,0,0,0,0,1500000.00,15000.00,Heavy Rain,0,"[[34.5504,-92.6261],[34.4969,-92.5679],[34.5074,-92.5481],[34.5603,-92.6093],[34.5979,-92.6031],[34.6051,-92.6331],[34.5864,-92.6354]]",0,1,county_code_unverified|timezone_not_normalized_to_utc
88881,15602,2008,2008-03-05T08:30:00,2008-03-05T18:05:00,EST-5,9.583333333333334,36,36027,C,027,DUTCHESS,0,0,0,0,1000.00,0.00,Heavy Rain,0,"[[41.73,-73.83],[41.8024,-73.83],[41.7812,-73.7614],[41.6788,-73.7615]]",0,1,county_code_unverified|timezone_not_normalized_to_utc
88882,15600,2008,2008-03-19T18:18:00,2008-03-28T12:39:00,CST-6,210.35,05,05145,C,145,WHITE,0,0,0,0,2000000.00,250000.00,Heavy Rain,0,"[[35.251,-91.6181],[35.2223,-91.5511],[35.1921,-91.5611],[35.2022,-91.6201],[35.2512,-91.6431],[35.2481,-91.6593],[35.2731,-91.6596],[35.2678,-91.5992]]",0,1,county_code_unverified|timezone_not_normalized_to_utc
88885,15602,2008,2008-03-05T10:33:00,2008-03-05T18:15:00,EST-5,7.7,36,36111,C,111,ULSTER,0,0,0,0,1000.00,0.00,Heavy Rain,0,"[[41.7807,-74.1212],[41.7807,-74.0388],[41.7389,-74.0442],[41.75,-74.1382]]",0,1,county_code_unverified|timezone_not_normalized_to_utc
88886,15602,2008,2008-03-05T11:00:00,2008-03-06T10:00:00,EST-5,23.0,36,36091,C,091,SARATOGA,0,0,0,0,1000.00,0.00,Heavy Rain / Snow Melt,0,"[[42.95,-73.64],[42.9198,-73.664],[42.93,-73.6895],[42.9355,-73.6683]]",0,1,county_code_unverified|timezone_not_normalized_to_utc
88888,15602,2008,2008-03-05T13:00:00,2008-03-05T18:00:00,EST-5,5.0,36,36095,C,095,SCHOHARIE,0,0,0,0,1000.00,0.00,Heavy Rain / Snow Melt,0,"[[42.57,-74.4],[42.57,-74.36],[42.5552,-74.38],[42.5495,-74.4078]]",0,1,county_code_unverified|timezone_not_normalized_to_utc
88889,15600,2008,2008-03-19T16:44:00,2008-03-31T15:15:00,CST-6,286.51666666666665,05,05067,C,067,JACKSON,0,0,0,0,5000000.00,250000.00,Heavy Rain,0,"[[35.6665,-91.3221],[35.6272,-91.2655],[35.6026,-91.2902],[35.5546,-91.2734],[35.554,-91.3644],[35.63,-91.3664]]",0,1,county_code_unverified|timezone_not_normalized_to_utc
88891,15602,2008,2008-03-05T07:00:00,2008-03-06T10:00:00,EST-5,27.0,36,36115,C,115,WASHINGTON,0,0,0,0,1000.00,0.00,Heavy Rain / Snow Melt,0,"[[43.32,-73.32],[43.2893,-73.3622],[43.2995,-73.2919],[43.32,-73.3001]]",0,1,county_code_unverified|timezone_not_normalized_to_utc
88892,15602,2008,2008-03-05T04:00:00,2008-03-05T18:15:00,EST-5,14.25,36,36039,C,039,GREENE,0,0,0,0,9000.00,0.00,Heavy Rain,0,"[[42.4543,-73.8],[42.45,-73.7804],[42.3233,-73.815],[42.3295,-73.8277]]",0,1,county_code_unverified|timezone_not_normalized_to_utc
88893,15603,2008,2008-03-05T06:30:00,2008-03-05T18:10:00,EST-5,11.666666666666666,09,09005,C,005,LITCHFIELD,0,0,0,0,0.00,0.00,Heavy Rain,0,"[[41.5705,-73.2927],[41.5295,-73.3474],[41.5193,-73.279],[41.5666,-73.2664]]",0,1,county_code_unverified|timezone_not_normalized_to_utc
88919,15604,2008,2008-03-08T13:30:00,2008-03-09T10:00:00,EST-5,20.5,36,36111,C,111,ULSTER,0,0,0,0,10000.00,0.00,Heavy Rain,0,"[[41.62,-74.37],[41.75,-74.08],[42.0366,-73.95],[41.92,-74.07]]",0,1,county_code_unverified|timezone_not_normalized_to_utc
88920,15604,2008,2008-03-08T14:12:00,2008-03-09T10:00:00,EST-5,19.8,36,36039,C,039,GREENE,0,0,0,0,10000.00,0.00,Heavy Rain,0,"[[42.35,-73.8],[42.22,-73.87],[42.22,-74.0654],[42.35,-73.9958]]",0,1,county_code_unverified|timezone_not_normalized_to_utc
88921,15604,2008,2008-03-08T14:30:00,2008-03-09T10:00:00,EST-5,19.5,36,36027,C,027,DUTCHESS,0,0,0,0,10000.00,0.00,Heavy Rain,0,"[[41.57,-73.6],[41.58,-73.8587],[42.0,-73.88],[41.95,-73.52]]",0,1,county_code_unverified|timezone_not_normalized_to_utc
88923,15604,2008,2008-03-08T14:30:00,2008-03-09T10:00:00,EST-5,19.5,36,36021,C,021,COLUMBIA,0,0,0,0,10000.00,0.00,Heavy Rain,0,"[[42.02,-73.58],[42.18,-73.52],[42.42,-73.45],[42.35,-73.6]]",0,1,county_code_unverified|timezone_not_normalized_to_utc
88924,15607,2008,2008-04-12T08:00:00,2008-04-12T12:00:00,CST-6,4.0,55,55053,C,053,JACKSON,0,0,0,0,50000.00,0.00,Dam / Levee Break,0,"[[44.2688,-90.4961],[44.2585,-90.494],[44.2585,-90.4815],[44.2658,-90.4829]]",0,1,county_code_unverified|timezone_not_normalized_to_utc
88931,15605,2008,2008-03-08T16:00:00,2008-03-09T10:00:00,EST-5,18.0,09,09005,C,005,LITCHFIELD,0,0,0,0,3000.00,0.00,Heavy Rain,0,"[[41.63,-73.02],[41.98,-73.05],[41.8819,-73.2299],[41.72,-73.48]]",0,1,county_code_unverified|timezone_not_normalized_to_utc
88935,15606,2008,2008-03-08T16:00:00,2008-03-09T10:00:00,EST-5,18.0,25,25003,C,003,BERKSHIRE,0,0,0,0,4000.00,0.00,Heavy Rain,0,"[[42.1,-73.35],[42.18,-73.42],[42.37,-73.53],[42.2,-73.37]]",0,1,county_code_unverified|timezone_not_normalized_to_utc
88953,15136,2008,2008-03-19T11:00:00,2008-03-22T11:00:00,CST-6,72.0,29,29209,C,209,STONE,0,0,0,0,0.00,0.00,Heavy Rain,0,"[[36.9279,-93.5733],[36.9323,-93.3756],[36.5052,-93.3975],[36.5096,-93.5486]]",0,1,county_code_unverified|timezone_not_normalized_to_utc
88963,15444,2008,2008-04-01T00:00:00,2008-04-20T17:00:00,CST-6,473.0,17,17193,C,193,WHITE,0,0,0,0,0.00,0.00,Heavy Rain,0,"[[38.03,-88.05],[38.0724,-87.9991],[38.0784,-88.0177],[38.0411,-88.0644]]",0,1,county_code_unverified|timezone_not_normalized_to_utc
88968,15136,2008,2008-03-19T11:00:00,2008-03-22T11:00:00,CST-6,72.0,29,29043,C,043,CHRISTIAN,0,0,0,0,0.00,0.00,Heavy Rain,0,"[[37.0716,-93.0487],[36.8763,-93.0446],[36.9005,-93.3151],[37.0409,-93.3124],[37.0311,-93.5555],[37.076,-93.5541]]",0,1,county_code_unverified|timezone_not_normalized_to_utc
88972,15611,2008,2008-04-01T00:00:00,2008-04-19T08:00:00,CST-6,440.0,18,18051,C,051,GIBSON,0,0,0,0,0.00,0.00,Heavy Rain,0,"[[38.4,-87.73],[38.3718,-87.7622],[38.3775,-87.7717],[38.4032,-87.749]]",0,1,county_code_unverified|timezone_not_normalized_to_utc
88974,15611,2008,2008-04-01T00:00:00,2008-04-20T17:00:00,CST-6,473.0,18,18129,C,129,POSEY,0,0,0,0,0.00,0.00,Heavy Rain,0,"[[38.13,-87.93],[38.1478,-87.921],[38.1491,-87.9262],[38.1347,-87.9354]]",0,1,county_code_unverified|timezone_not_normalized_to_utc
88979,15136,2008,2008-03-19T11:00:00,2008-03-22T11:00:00,CST-6,72.0,29,29225,C,225,WEBSTER,0,0,0,0,0.00,0.00,Heavy Rain,0,"[[37.3658,-92.9883],[37.368,-92.8702],[37.1483,-92.7555],[37.1209,-93.0556]]",0,1,county_code_unverified|timezone_not_normalized_to_utc
88981,15612,2008,2008-04-01T00:00:00,2008-04-22T12:00:00,CST-6,516.0,17,17003,C,003,ALEXANDER,0,0,0,0,0.00,0.00,Heavy Rain,0,"[[36.985,-89.1353],[36.9997,-89.1566],[36.9964,-89.1601],[36.9838,-89.1416]]",0,1,county_code_unverified|timezone_not_normalized_to_utc
88987,15612,2008,2008-04-01T00:00:00,2008-04-22T13:00:00,CST-6,517.0,17,17153,C,153,PULASKI,0,0,0,0,0.00,0.00,Heavy Rain,0,"[[37.18,-89.08],[37.1393,-89.1091],[37.1387,-89.0964],[37.1735,-89.0754]]",0,1,county_code_unverified|timezone_not_normalized_to_utc
88991,15612,2008,2008-04-01T00:00:00,2008-04-21T14:00:00,CST-6,494.0,17,17127,C,127,MASSAC,0,0,0,0,0.00,0.00,Heavy Rain,0,"[[37.1483,-88.7373],[37.1434,-88.7143],[37.1414,-88.681],[37.1367,-88.6914],[37.1445,-88.7385]]",0,1,county_code_unverified|timezone_not_normalized_to_utc
88994,15612,2008,2008-04-01T00:00:00,2008-04-17T19:00:00,CST-6,403.0,17,17151,C,151,POPE,0,0,0,0,0.00,0.00,Heavy Rain,0,"[[37.37,-88.48],[37.3391,-88.4956],[37.3397,-88.4842],[37.3657,-88.4751]]",0,1,county_code_unverified|timezone_not_normalized_to_utc
88995,15612,2008,2008-04-01T00:00:00,2008-04-17T16:00:00,CST-6,400.0,17,17069,C,069,HARDIN,0,0,0,0,0.00,0.00,Heavy Rain,0,"[[37.42,-88.35],[37.4105,-88.372],[37.403,-88.3658],[37.413,-88.3433]]",0,1,county_code_unverified|timezone_not_normalized_to_utc
88999,15612,2008,2008-04-01T00:00:00,2008-04-18T16:00:00,CST-6,424.0,17,17059,C,059,GALLATIN,0,0,0,0,0.00,0.00,Heavy Rain,0,"[[37.7,-88.13],[37.6784,-88.1598],[37.6766,-88.1474],[37.6975,-88.1272]]",0,1,county_code_unverified|timezone_not_normalized_to_utc
89005,15136,2008,2008-03-19T11:00:00,2008-03-22T11:00:00,CST-6,72.0,29,29229,C,229,WRIGHT,0,0,0,0,0.00,0.00,Heavy Rain,0,"[[37.3003,-92.5543],[37.1078,-92.5928],[37.1406,-92.2728],[37.3003,-92.3264]]",0,1,county_code_unverified|timezone_not_normalized_to_utc
89013,15136,2008,2008-03-19T11:00:00,2008-03-22T11:00:00,CST-6,72.0,29,29067,C,067,DOUGLAS,0,0,0,0,0.00,0.00,Heavy Rain,0,"[[37.0069,-92.7631],[36.8972,-92.7631],[36.9027,-92.3099],[36.9993,-92.3016]]",0,1,county_code_unverified|timezone_not_normalized_to_utc
89016,15136,2008,2008-03-19T11:00:00,2008-03-22T11:00:00,CST-6,72.0,29,29153,C,153,OZARK,0,0,0,0,0.00,0.00,Heavy Rain,0,"[[36.6398,-92.6422],[36.5185,-92.6367],[36.5041,-92.2639],[36.6343,-92.2646]]",0,1,county_code_unverified|timezone_not_normalized_to_utc
89020,15136,2008,2008-03-19T11:00:00,2008-03-22T11:00:00,CST-6,72.0,29,29091,C,091,HOWELL,0,0,0,0,0.00,0.00,Heavy Rain,0,"[[36.9675,-91.9885],[36.9894,-91.6974],[36.5141,-91.7056],[36.5185,-91.9803]]",0,1,county_code_unverified|timezone_not_normalized_to_utc
89022,15136,2008,2008-03-19T11:00:00,2008-03-22T11:00:00,CST-6,72.0,29,29215,C,215,TEXAS,0,0,0,0,0.00,0.00,Heavy Rain,0,"[[37.5054,-92.222],[37.5184,-91.8292],[37.1308,-91.8512],[37.1472,-92.222]]",0,1,county_code_unverified|timezone_not_normalized_to_utc
89025,15617,2008,2008-04-01T00:00:00,2008-04-13T06:00:00,CST-6,294.0,18,18173,C,173,WARRICK,0,0,0,0,0.00,0.00,Heavy Rain,0,"[[37.9443,-87.3978],[37.9393,-87.3851],[37.9382,-87.3902],[37.9412,-87.3994]]",0,1,county_code_unverified|timezone_not_normalized_to_utc
89027,15136,2008,2008-03-19T11:00:00,2008-03-22T11:00:00,CST-6,72.0,29,29149,C,149,OREGON,0,0,0,0,0.00,0.00,Heavy Rain,0,"[[36.8335,-91.6315],[36.8489,-91.2524],[36.5141,-91.247],[36.5074,-91.6122]]",0,1,county_code_unverified|timezone_not_normalized_to_utc
89028,15618,2008,2008-03-20T07:30:00,2008-03-20T23:45:00,EST-5,16.25,34,34035,C,035,SOMERSET,0,0,0,0,0.00,0.00,Heavy Rain,0,"[[40.4383,-74.617],[40.44,-74.617],[40.44,-74.62],[40.437,-74.62]]",0,1,county_code_unverified|timezone_not_normalized_to_utc
89030,15136,2008,2008-03-19T11:00:00,2008-03-22T11:00:00,CST-6,72.0,29,29203,C,203,SHANNON,0,0,0,0,0.00,0.00,Heavy Rain,0,"[[37.2915,-91.5463],[37.2915,-91.4035],[37.0015,-91.3239],[37.0004,-91.4941]]",0,1,county_code_unverified|timezone_not_normalized_to_utc
89033,15617,2008,2008-04-01T00:00:00,2008-04-16T17:00:00,CST-6,377.0,18,18129,C,129,POSEY,0,0,0,0,0.00,0.00,Heavy Rain,0,"[[37.93,-87.9],[37.9166,-87.9171],[37.916,-87.9099],[37.9246,-87.8993]]",0,1,county_code_unverified|timezone_not_normalized_to_utc
89034,15619,2008,2008-04-01T00:00:00,2008-04-17T09:00:00,CST-6,393.0,21,21225,C,225,UNION,0,0,0,0,0.00,0.00,Heavy Rain,0,"[[37.7789,-87.9408],[37.7938,-87.9332],[37.7888,-87.9272],[37.7766,-87.9339]]",0,1,county_code_unverified|timezone_not_normalized_to_utc
89036,15136,2008,2008-03-19T11:00:00,2008-03-22T11:00:00,CST-6,72.0,29,29065,C,065,DENT,0,0,0,0,0.00,0.00,Heavy Rain,0,"[[37.762,-91.6315],[37.762,-91.4667],[37.5816,-91.4735],[37.5925,-91.6191]]",0,1,county_code_unverified|timezone_not_normalized_to_utc
89037,15619,2008,2008-04-01T00:00:00,2008-04-17T09:00:00,CST-6,393.0,21,21139,C,139,LIVINGSTON,0,0,0,0,0.00,0.00,Heavy Rain,0,"[[37.1176,-88.4163],[37.1201,-88.4221],[37.1387,-88.4115],[37.1347,-88.4089]]",0,1,county_code_unverified|timezone_not_normalized_to_utc
89038,15619,2008,2008-04-01T00:00:00,2008-04-19T10:00:00,CST-6,442.0,21,21145,C,145,MCCRACKEN,0,0,0,0,0.00,0.00,Heavy Rain,0,"[[37.1822,-88.8155],[37.1395,-88.7304],[37.1272,-88.7373],[37.1707,-88.8169]]",0,1,county_code_unverified|timezone_not_normalized_to_utc
89039,15619,2008,2008-04-01T00:00:00,2008-04-22T14:00:00,CST-6,518.0,21,21007,C,007,BALLARD,0,0,0,0,0.00,0.00,Heavy Rain,0,"[[37.13,-89.03],[37.2024,-88.9645],[37.2167,-88.9906],[37.1565,-89.0826]]",0,1,county_code_unverified|timezone_not_normalized_to_utc
89041,15136,2008,2008-03-19T11:00:00,2008-03-22T11:00:00,CST-6,72.0,29,29161,C,161,PHELPS,0,0,0,0,0.00,0.00,Heavy Rain,0,"[[37.9832,-91.9034],[38.0092,-91.637],[37.8922,-91.6761],[37.9009,-91.8828]]",0,1,county_code_unverified|timezone_not_normalized_to_utc
89042,15620,2008,2008-04-01T00:00:00,2008-04-30T23:59:00,CST-6,719.9833333333333,17,17003,C,003,ALEXANDER,0,0,0,0,0.00,0.00,Heavy Rain,0,"[[37.22,-89.47],[37.197,-89.4582],[37.2024,-89.4474],[37.2163,-89.4598]]",0,1,county_code_unverified|timezone_not_normalized_to_utc
89043,15621,2008,2008-04-01T00:00:00,2008-04-30T23:59:00,CST-6,719.9833333333333,29,29031,C,031,CAPE GIRARDEAU,0,0,0,0,0.00,0.00,Heavy Rain,0,"[[37.324,-89.4974],[37.3445,-89.4411],[37.3575,-89.4514],[37.3295,-89.5036]]",0,1,county_code_unverified|timezone_not_normalized_to_utc
89045,15621,2008,2008-04-01T00:00:00,2008-04-30T23:59:00,CST-6,719.9833333333333,29,29201,C,201,SCOTT,0,0,0,0,0.00,0.00,Heavy Rain,0,"[[37.15,-89.45],[37.1034,-89.4054],[37.1111,-89.3937],[37.1513,-89.4373]]",0,1,county_code_unverified|timezone_not_normalized_to_utc
89048,15621,2008,2008-04-01T00:00:00,2008-04-22T14:00:00,CST-6,518.0,29,29143,C,143,NEW MADRID,0,0,0,0,0.00,0.00,Heavy Rain,0,"[[36.5791,-89.5173],[36.5703,-89.5726],[36.5411,-89.5789],[36.5339,-89.565]]",0,1,county_code_unverified|timezone_not_normalized_to_utc
89054,15621,2008,2008-04-01T00:00:00,2008-04-22T15:00:00,CST-6,519.0,29,29133,C,133,MISSISSIPPI,0,0,0,0,0.00,0.00,Heavy Rain,0,"[[36.75,-89.2],[36.6508,-89.1637],[36.6199,-89.2076],[36.6232,-89.2213]]",0,1,county_code_unverified|timezone_not_normalized_to_utc
89055,15136,2008,2008-03-19T11:00:00,2008-03-22T11:00:00,CST-6,72.0,29,29125,C,125,MARIES,0,0,0,0,0.00,0.00,Heavy Rain,0,"[[38.2792,-91.7221],[38.2835,-92.1588],[38.1248,-92.1162],[38.1173,-91.7523]]",0,1,county_code_unverified|timezone_not_normalized_to_utc
89061,15627,2008,2008-04-01T00:00:00,2008-04-22T09:00:00,CST-6,513.0,21,21075,C,075,FULTON,0,0,0,0,0.00,0.00,Heavy Rain,0,"[[36.5993,-89.2042],[36.5692,-89.2303],[36.5607,-89.2117],[36.594,-89.1989]]",0,1,county_code_unverified|timezone_not_normalized_to_utc
89066,15628,2008,2008-04-04T06:00:00,2008-04-17T16:00:00,CST-6,322.0,21,21149,C,149,MCLEAN,0,0,0,0,0.00,0.00,Heavy Rain,0,"[[37.53,-87.27],[37.5353,-87.2503],[37.5359,-87.2539],[37.5318,-87.2687]]",0,1,county_code_unverified|timezone_not_normalized_to_utc
89070,15136,2008,2008-03-19T06:00:00,2008-03-22T11:00:00,CST-6,77.0,29,29131,C,131,MILLER,0,0,0,0,0.00,0.00,Heavy Rain,0,"[[38.346,-92.5626],[38.0762,-92.3154],[38.277,-92.2879],[38.3417,-92.4912]]",0,1,county_code_unverified|timezone_not_normalized_to_utc
89071,15628,2008,2008-04-04T09:00:00,2008-04-18T21:00:00,CST-6,348.0,21,21177,C,177,MUHLENBERG,0,0,0,0,0.00,0.00,Heavy Rain,0,"[[37.27,-86.98],[37.2627,-86.9764],[37.2622,-86.9798],[37.269,-86.9845]]",0,1,county_code_unverified|timezone_not_normalized_to_utc
89074,15136,2008,2008-03-19T06:00:00,2008-03-22T11:00:00,CST-6,77.0,29,29169,C,169,PULASKI,0,0,0,0,0.00,0.00,Heavy Rain,0,"[[37.9572,-92.2687],[37.9962,-92.0874],[37.6686,-92.0709],[37.6512,-92.211]]",0,1,county_code_unverified|timezone_not_normalized_to_utc
89078,15633,2008,2008-04-01T00:00:00,2008-04-21T13:00:00,CST-6,493.0,18,18051,C,051,GIBSON,0,0,0,0,0.00,0.00,Heavy Rain,0,"[[38.3976,-87.5686],[38.3659,-87.5349],[38.3713,-87.5221],[38.3907,-87.537]]",0,1,county_code_unverified|timezone_not_normalized_to_utc
89079,15136,2008,2008-03-19T06:00:00,2008-03-22T11:00:00,CST-6,77.0,29,29141,C,141,MORGAN,0,0,0,0,0.00,0.00,Heavy Rain,0,"[[38.5858,-92.9993],[38.3675,-93.0048],[38.3147,-92.8194],[38.4751,-92.8729]]",0,1,county_code_unverified|timezone_not_normalized_to_utc
89093,15136,2008,2008-03-19T06:00:00,2008-03-22T11:00:00,CST-6,77.0,29,29029,C,029,CAMDEN,0,0,0,0,0.00,0.00,Heavy Rain,0,"[[38.1011,-93.0267],[38.0092,-92.7507],[37.9464,-92.7363],[37.9637,-92.9677]]",0,1,county_code_unverified|timezone_not_normalized_to_utc
89094,15635,2008,2008-04-01T00:00:00,2008-04-21T20:00:00,CST-6,500.0,17,17055,C,055,FRANKLIN,0,0,0,0,0.00,0.00,Heavy Rain,0,"[[37.8835,-89.0236],[37.9095,-89.013],[37.9104,-89.0229],[37.8842,-89.0284]]",0,1,county_code_unverified|timezone_not_normalized_to_utc
89101,15635,2008,2008-04-01T00:00:00,2008-04-23T20:00:00,CST-6,548.0,17,17077,C,077,JACKSON,0,0,0,0,0.00,0.00,Heavy Rain,0,"[[37.7558,-89.4143],[37.7475,-89.3489],[37.757,-89.3568],[37.7702,-89.3897]]",0,1,county_code_unverified|timezone_not_normalized_to_utc
89105,15136,2008,2008-03-19T06:00:00,2008-03-22T11:00:00,CST-6,77.0,29,29059,C,059,DALLAS,0,0,0,0,0.00,0.00,Heavy Rain,0,"[[37.8228,-93.1613],[37.5674,-93.1393],[37.5696,-92.9361],[37.8206,-92.9663]]",0,1,county_code_unverified|timezone_not_normalized_to_utc
89106,15636,2008,2008-04-01T00:00:00,2008-04-24T06:00:00,CST-6,558.0,17,17193,C,193,WHITE,0,0,0,0,30000.00,0.00,Heavy Rain,0,"[[38.0849,-88.1433],[38.0813,-88.1526],[38.0632,-88.168],[38.0623,-88.1459]]",0,1,county_code_unverified|timezone_not_normalized_to_utc
89109,15136,2008,2008-03-19T11:00:00,2008-03-22T11:00:00,CST-6,72.0,29,29105,C,105,LACLEDE,0,0,0,0,0.00,0.00,Heavy Rain,0,"[[37.7403,-92.7493],[37.7316,-92.5818],[37.6034,-92.5845],[37.6229,-92.7287]]",0,1,county_code_unverified|timezone_not_normalized_to_utc
89112,15637,2008,2008-04-01T00:00:00,2008-04-05T17:00:00,CST-6,113.0,29,29023,C,023,BUTLER,0,0,0,0,0.00,0.00,Heavy Rain,0,"[[36.7557,-90.3744],[36.7689,-90.3842],[36.7682,-90.3779],[36.7584,-90.3732]]",0,1,county_code_unverified|timezone_not_normalized_to_utc
89113,15637,2008,2008-04-01T00:00:00,2008-04-05T19:00:00,CST-6,115.0,29,29223,C,223,WAYNE,0,0,0,0,0.00,0.00,Heavy Rain,0,"[[37.174,-90.5081],[37.1795,-90.4868],[37.1584,-90.4741],[37.1583,-90.486]]",0,1,county_code_unverified|timezone_not_normalized_to_utc
89114,15638,2008,2008-04-11T06:00:00,2008-04-14T09:00:00,CST-6,75.0,29,29023,C,023,BUTLER,0,0,0,0,30000.00,0.00,Heavy Rain,0,"[[36.7306,-90.3816],[36.7444,-90.3804],[36.6927,-90.3062],[36.6343,-90.2839]]",0,1,county_code_unverified|timezone_not_normalized_to_utc
89115,15638,2008,2008-04-11T06:00:00,2008-04-13T21:00:00,CST-6,63.0,29,29181,C,181,RIPLEY,0,0,0,0,0.00,0.00,Heavy Rain,0,"[[36.604,-90.8363],[36.6155,-90.8295],[36.6241,-90.8411],[36.6108,-90.8408]]",0,1,county_code_unverified|timezone_not_normalized_to_utc
89116,15638,2008,2008-04-10T05:00:00,2008-04-15T05:00:00,CST-6,120.0,29,29223,C,223,WAYNE,0,0,0,0,0.00,0.00,Heavy Rain,0,"[[37.174,-90.5026],[37.18,-90.4868],[37.2014,-90.5006],[37.1979,-90.509]]",0,1,county_code_unverified|timezone_not_normalized_to_utc
89122,15530,2008,2008-03-19T10:00:00,2008-03-19T15:00:00,EST-5,5.0,21,21191,C,191,PENDLETON,0,0,0,0,5000.00,0.00,Heavy Rain,0,"[[38.7546,-84.3984],[38.7375,-84.3132],[38.6458,-84.3026],[38.6726,-84.3949]]",0,1,county_code_unverified|timezone_not_normalized_to_utc
89123,15407,2008,2008-03-18T19:00:00,2008-03-18T22:00:00,EST-5,3.0,18,18029,C,029,DEARBORN,0,0,0,0,5000.00,0.00,Heavy Rain,0,"[[39.0509,-84.9054],[39.0813,-84.8661],[39.1476,-84.8381],[39.1338,-84.9291]]",0,1,county_code_unverified|timezone_not_normalized_to_utc
89124,15407,2008,2008-03-18T20:00:00,2008-03-18T22:00:00,EST-5,2.0,18,18137,C,137,RIPLEY,0,0,0,0,5000.00,0.00,Heavy Rain,0,"[[39.2753,-85.2416],[39.0139,-85.3322],[38.9669,-85.1509],[39.2471,-85.1083]]",0,1,county_code_unverified|timezone_not_normalized_to_utc
89125,15407,2008,2008-03-18T20:30:00,2008-03-19T15:00:00,EST-5,18.5,18,18041,C,041,FAYETTE,0,0,0,0,5000.00,0.00,Heavy Rain,0,"[[39.6977,-85.1907],[39.5562,-85.1808],[39.5898,-85.0685],[39.7156,-85.0809]]",0,1,county_code_unverified|timezone_not_normalized_to_utc
89126,15407,2008,2008-03-18T20:00:00,2008-03-19T15:00:00,EST-5,19.0,18,18161,C,161,UNION,0,0,0,0,5000.00,0.00,Heavy Rain,0,"[[39.5996,-84.9758],[39.6046,-84.8721],[39.6713,-84.8742],[39.6919,-84.995]]",0,1,county_code_unverified|timezone_not_normalized_to_utc
89127,15407,2008,2008-03-18T20:00:00,2008-03-19T15:00:00,EST-5,19.0,18,18047,C,047,FRANKLIN,0,0,0,0,5000.00,0.00,Heavy Rain,0,"[[39.3396,-85.1907],[39.3433,-84.8467],[39.5019,-84.8694],[39.4956,-85.2127]]",0,1,county_code_unverified|timezone_not_normalized_to_utc
89128,15407,2008,2008-03-18T23:00:00,2008-03-19T12:00:00,EST-5,13.0,18,18177,C,177,WAYNE,0,0,0,0,2000.00,0.00,Heavy Rain,0,"[[39.8054,-85.1399],[39.9045,-85.1695],[39.9171,-85.096],[39.817,-85.0857]]",0,1,county_code_unverified|timezone_not_normalized_to_utc
89129,15410,2008,2008-03-18T19:00:00,2008-03-18T22:00:00,EST-5,3.0,39,39061,C,061,HAMILTON,0,0,0,0,5000.00,0.00,Heavy Rain,0,"[[39.1471,-84.695],[39.1024,-84.5082],[39.1269,-84.4622],[39.1711,-84.5522]]",0,1,county_code_unverified|timezone_not_normalized_to_utc
89130,15410,2008,2008-03-18T19:30:00,2008-03-18T22:00:00,EST-5,2.5,39,39017,C,017,BUTLER,0,0,0,0,3000.00,0.00,Heavy Rain,0,"[[39.3534,-84.6552],[39.3853,-84.4354],[39.441,-84.5364],[39.4776,-84.717]]",0,1,county_code_unverified|timezone_not_normalized_to_utc
89131,15410,2008,2008-03-18T18:25:00,2008-03-19T00:00:00,EST-5,5.583333333333333,39,39027,C,027,CLINTON,0,0,0,0,3000.00,0.00,Heavy Rain,0,"[[39.3226,-83.7694],[39.3598,-83.6636],[39.4102,-83.7227],[39.38,-83.8078]]",0,1,county_code_unverified|timezone_not_normalized_to_utc
89132,15410,2008,2008-03-18T19:00:00,2008-03-18T22:00:00,EST-5,3.0,39,39165,C,165,WARREN,0,0,0,0,5000.00,0.00,Heavy Rain,0,"[[39.3316,-84.3063],[39.5268,-84.2528],[39.5379,-84.0839],[39.2982,-84.1278]]",0,1,county_code_unverified|timezone_not_normalized_to_utc
89133,15410,2008,2008-03-19T01:00:00,2008-03-19T12:00:00,EST-5,11.0,39,39057,C,057,GREENE,0,0,0,0,15000.00,0.00,Heavy Rain,0,"[[39.8381,-83.9218],[39.6097,-84.0066],[39.6681,-83.7145],[39.8107,-83.7543]]",0,1,county_code_unverified|timezone_not_normalized_to_utc
89134,15410,2008,2008-03-19T01:00:00,2008-03-19T12:00:00,EST-5,11.0,39,39113,C,113,MONTGOMERY,0,0,0,0,5000.00,0.00,Heavy Rain,0,"[[39.6041,-84.4087],[39.7431,-84.3723],[39.8159,-84.1031],[39.6269,-84.1415]]",0,1,county_code_unverified|timezone_not_normalized_to_utc
89135,15410,2008,2008-03-19T03:25:00,2008-03-19T15:00:00,EST-5,11.583333333333334,39,39027,C,027,CLINTON,0,0,1,0,10000.00,0.00,Heavy Rain,1,"[[39.3056,-83.9987],[39.4277,-83.9932],[39.468,-83.8229],[39.3343,-83.7845]]",0,1,county_code_unverified|timezone_not_normalized_to_utc
89136,15410,2008,2008-03-19T04:00:00,2008-03-19T15:00:00,EST-5,11.0,39,39047,C,047,FAYETTE,0,0,0,0,5000.00,0.00,Heavy Rain,0,"[[39.6644,-83.5785],[39.519,-83.5232],[39.4383,-83.4],[39.6839,-83.3258]]",0,1,county_code_unverified|timezone_not_normalized_to_utc
89137,15410,2008,2008-03-19T12:00:00,2008-03-19T13:00:00,EST-5,1.0,39,39089,C,089,LICKING,0,0,0,0,5000.00,0.00,Heavy Rain,0,"[[39.975,-82.701],[39.9287,-82.4002],[40.0944,-82.3453],[40.098,-82.668]]",0,1,county_code_unverified|timezone_not_normalized_to_utc
89138,15410,2008,2008-03-19T12:00:00,2008-03-19T15:00:00,EST-5,3.0,39,39015,C,015,BROWN,0,0,0,0,10000.00,0.00,Heavy Rain,0,"[[38.9103,-83.9603],[38.7412,-83.8401],[38.6919,-83.7735],[38.9188,-83.7103]]",0,1,county_code_unverified|timezone_not_normalized_to_utc
89139,15410,2008,2008-03-19T10:00:00,2008-03-19T15:00:00,EST-5,5.0,39,39025,C,025,CLERMONT,0,0,0,0,5000.00,0.00,Heavy Rain,0,"[[39.1897,-84.2514],[39.0357,-84.3194],[38.8836,-84.044],[39.1386,-84.0482]]",0,1,county_code_unverified|timezone_not_normalized_to_utc
89140,15410,2008,2008-03-19T14:25:00,2008-03-19T18:00:00,EST-5,3.5833333333333335,39,39141,C,141,ROSS,0,0,0,0,5000.00,0.00,Heavy Rain,0,"[[39.4807,-83.1212],[39.2269,-83.275],[39.2291,-82.8218],[39.4616,-82.9193]]",0,1,county_code_unverified|timezone_not_normalized_to_utc
89141,15410,2008,2008-03-19T11:53:00,2008-03-19T18:00:00,EST-5,6.116666666666666,39,39145,C,145,SCIOTO,0,0,0,0,3000.00,0.00,Heavy Rain,0,"[[38.8638,-83.205],[38.7316,-83.0333],[38.7744,-82.8809],[38.8675,-82.8644]]",0,1,county_code_unverified|timezone_not_normalized_to_utc
89142,15410,2008,2008-03-19T12:00:00,2008-03-19T18:00:00,EST-5,6.0,39,39073,C,073,HOCKING,0,0,0,0,5000.00,0.00,Heavy Rain,0,"[[39.4773,-82.3237],[39.5285,-82.2802],[39.5639,-82.4287],[39.4913,-82.4682]]",0,1,county_code_unverified|timezone_not_normalized_to_utc
89143,15410,2008,2008-03-19T08:30:00,2008-03-19T12:00:00,EST-5,3.5,39,39021,C,021,CHAMPAIGN,0,0,0,0,3000.00,0.00,Heavy Rain,0,"[[40.0517,-83.784],[40.1463,-83.7797],[40.1904,-83.6197],[40.0728,-83.6293]]",0,1,county_code_unverified|timezone_not_normalized_to_utc
89144,15410,2008,2008-03-19T01:30:00,2008-03-19T10:00:00,EST-5,8.5,39,39041,C,041,DELAWARE,0,0,0,0,3000.00,0.00,Heavy Rain,0,"[[40.2667,-83.1212],[40.2968,-82.9887],[40.3392,-83.0608],[40.3219,-83.1315]]",0,1,county_code_unverified|timezone_not_normalized_to_utc
89145,15410,2008,2008-03-19T02:00:00,2008-03-19T12:00:00,EST-5,10.0,39,39073,C,073,HOCKING,0,0,0,0,5000.00,0.00,Heavy Rain,0,"[[39.5782,-82.5334],[39.4171,-82.5623],[39.4733,-82.3055],[39.5644,-82.3178]]",0,1,county_code_unverified|timezone_not_normalized_to_utc
89146,15410,2008,2008-03-18T23:00:00,2008-03-19T15:00:00,EST-5,16.0,39,39129,C,129,PICKAWAY,0,0,0,0,3000.00,0.00,Heavy Rain,0,"[[39.7452,-83.0745],[39.5379,-83.1006],[39.5326,-82.8328],[39.7431,-82.8342]]",0,1,county_code_unverified|timezone_not_normalized_to_utc
89155,15642,2008,2008-03-08T19:30:00,2008-03-09T01:00:00,EST-5,5.5,50,50025,C,025,WINDHAM,0,0,0,0,15000.00,0.00,Ice Jam,0,"[[42.8802,-72.884],[42.8598,-72.884],[42.8598,-72.856],[42.8802,-72.856]]",0,1,county_code_unverified|timezone_not_normalized_to_utc
89179,15136,2008,2008-03-19T06:00:00,2008-03-22T11:00:00,CST-6,77.0,29,29015,C,015,BENTON,0,0,0,0,0.00,0.00,Heavy Rain,0,"[[38.2382,-93.3934],[38.2414,-93.3584],[38.4708,-93.2602],[38.4202,-93.4099]]",0,1,county_code_unverified|timezone_not_normalized_to_utc
89186,15136,2008,2008-03-19T06:00:00,2008-03-22T11:00:00,CST-6,77.0,29,29085,C,085,HICKORY,0,0,0,0,0.00,0.00,Heavy Rain,0,"[[37.8965,-93.5074],[37.8911,-93.2767],[37.9918,-93.3192],[37.9935,-93.4243]]",0,1,county_code_unverified|timezone_not_normalized_to_utc
89192,15136,2008,2008-03-19T06:00:00,2008-03-22T11:00:00,CST-6,77.0,29,29167,C,167,POLK,0,0,0,0,0.00,0.00,Heavy Rain,0,"[[37.7077,-93.5349],[37.7316,-93.3728],[37.5141,-93.3069],[37.5228,-93.5074]]",0,1,county_code_unverified|timezone_not_normalized_to_utc
89211,15136,2008,2008-03-19T06:00:00,2008-03-22T11:00:00,CST-6,77.0,29,29077,C,077,GREENE,0,0,0,0,0.00,0.00,Heavy Rain,0,"[[37.3876,-93.6035],[37.3833,-93.1366],[37.1187,-93.1284],[37.1319,-93.5843]]",0,1,county_code_unverified|timezone_not_normalized_to_utc
89217,15136,2008,2008-03-19T11:00:00,2008-03-22T11:00:00,CST-6,72.0,29,29213,C,213,TANEY,0,0,0,0,0.00,0.00,Heavy Rain,0,"[[36.7235,-93.2547],[36.5229,-93.2684],[36.5152,-92.8578],[36.7059,-92.8784]]",0,1,county_code_unverified|timezone_not_normalized_to_utc
89240,15600,2008,2008-03-18T19:42:00,2008-03-20T06:42:00,CST-6,35.0,05,05129,C,129,SEARCY,0,0,0,0,500000.00,0.00,Heavy Rain,0,"[[35.9783,-92.8458],[35.9369,-92.8413],[35.98,-92.7359],[36.0097,-92.623],[36.0658,-92.5172],[36.1418,-92.5447]]",0,1,county_code_unverified|timezone_not_normalized_to_utc
89242,15600,2008,2008-03-18T00:00:00,2008-03-31T23:59:00,CST-6,335.98333333333335,05,05147,C,147,WOODRUFF,0,0,0,0,500000.00,50000.00,Heavy Rain,0,"[[35.3697,-91.1896],[35.3678,-91.1543],[35.3443,-91.1888],[35.3067,-91.2154],[35.2044,-91.2408],[35.2114,-91.2648],[35.2933,-91.2494],[35.3317,-91.2301]]",0,1,county_code_unverified|timezone_not_normalized_to_utc
89243,15136,2008,2008-03-19T11:00:00,2008-03-22T11:00:00,CST-6,72.0,29,29009,C,009,BARRY,0,0,0,0,0.00,0.00,Heavy Rain,0,"[[36.9082,-93.9249],[36.906,-93.6832],[36.5096,-93.6722],[36.5096,-93.9963]]",0,1,county_code_unverified|timezone_not_normalized_to_utc
89245,15600,2008,2008-03-18T18:05:00,2008-03-20T16:54:00,CST-6,46.81666666666667,05,05135,C,135,SHARP,0,0,0,0,15000000.00,25000.00,Heavy Rain,0,"[[36.3417,-91.4986],[36.3334,-91.525],[36.3202,-91.5103],[36.3131,-91.5264],[36.3066,-91.5197],[36.2977,-91.454],[36.2282,-91.3637],[36.2742,-91.3101]]",0,1,county_code_unverified|timezone_not_normalized_to_utc
89247,15600,2008,2008-03-18T00:00:00,2008-03-31T23:59:00,CST-6,335.98333333333335,05,05147,C,147,WOODRUFF,0,0,0,0,3500000.00,500000.00,Heavy Rain,0,"[[35.3415,-91.317],[35.291,-91.3685],[35.2019,-91.3554],[35.2131,-91.3857],[35.2938,-91.3994],[35.2994,-91.4351],[35.37,-91.4378],[35.3991,-91.3911]]",0,1,county_code_unverified|timezone_not_normalized_to_utc
89263,15136,2008,2008-03-19T06:00:00,2008-03-22T11:00:00,CST-6,77.0,29,29109,C,109,LAWRENCE,0,0,0,0,0.00,0.00,Heavy Rain,0,"[[37.2063,-93.9414],[37.2063,-93.7024],[36.9806,-93.723],[36.9949,-93.9427]]",0,1,county_code_unverified|timezone_not_normalized_to_utc
89289,15136,2008,2008-03-19T06:00:00,2008-03-22T11:00:00,CST-6,77.0,29,29057,C,057,DADE,0,0,0,0,0.00,0.00,Heavy Rain,0,"[[37.4901,-93.8823],[37.489,-93.6942],[37.3418,-93.6997],[37.3527,-93.8672]]",0,1,county_code_unverified|timezone_not_normalized_to_utc
89291,15136,2008,2008-03-19T06:00:00,2008-03-22T11:00:00,CST-6,77.0,29,29039,C,039,CEDAR,0,0,0,0,0.00,0.00,Heavy Rain,0,"[[37.7523,-93.8603],[37.7512,-93.69],[37.6447,-93.6777],[37.655,-93.8528]]",0,1,county_code_unverified|timezone_not_normalized_to_utc
89323,15600,2008,2008-03-18T00:00:00,2008-03-31T23:59:00,CST-6,335.98333333333335,05,05095,C,095,MONROE,0,0,0,0,3000000.00,50000.00,Heavy Rain,0,"[[34.7526,-91.4296],[34.7856,-91.2689],[34.7018,-91.3173],[34.3196,-90.9847],[34.2981,-91.1261],[34.5043,-91.3527],[34.64,-91.4282]]",0,1,county_code_unverified|timezone_not_normalized_to_utc
89324,15600,2008,2008-03-18T21:46:00,2008-03-21T03:31:00,CST-6,53.75,05,05065,C,065,IZARD,0,0,0,0,12000000.00,50000.00,Heavy Rain,0,"[[36.0322,-92.0359],[35.9436,-92.0709],[35.9102,-91.8745],[35.8668,-91.9144],[35.9258,-92.1272],[36.0957,-92.1684],[36.1401,-92.2495],[36.1955,-92.1863]]",0,1,county_code_unverified|timezone_not_normalized_to_utc
89325,13380,2008,2008-03-05T05:00:00,2008-03-05T20:18:00,EST-5,15.3,42,42011,C,011,BERKS,0,0,0,0,0.00,0.00,Heavy Rain / Snow Melt,0,"[[40.37,-76.18],[40.47,-76.3],[40.55,-75.9419],[40.4911,-76.0]]",0,1,county_code_unverified|timezone_not_normalized_to_utc
89326,15600,2008,2008-03-18T00:00:00,2008-03-31T23:59:00,CST-6,335.98333333333335,05,05117,C,117,PRAIRIE,0,0,0,0,10000000.00,150000.00,Heavy Rain,0,"[[35.0311,-91.5381],[35.0547,-91.42],[34.7664,-91.3692],[34.7348,-91.431],[34.8476,-91.5079],[34.8972,-91.5601]]",0,1,county_code_unverified|timezone_not_normalized_to_utc
89327,15600,2008,2008-03-18T00:00:00,2008-03-31T23:59:00,CST-6,335.98333333333335,05,05145,C,145,WHITE,0,0,0,0,5000000.00,250000.00,Heavy Rain,0,"[[35.2114,-91.4832],[35.1862,-91.4111],[35.075,-91.4426],[35.093,-91.501],[35.1547,-91.5312]]",0,1,county_code_unverified|timezone_not_normalized_to_utc
89328,15600,2008,2008-03-18T23:47:00,2008-03-22T00:07:00,CST-6,72.33333333333333,05,05063,C,063,INDEPENDENCE,0,0,0,0,20000000.00,500000.00,Heavy Rain,0,"[[35.7557,-91.6171],[35.6579,-91.4083],[35.606,-91.4117],[35.6428,-91.5161],[35.7354,-91.6246],[35.771,-91.88],[35.8078,-91.8141],[35.7727,-91.6418]]",0,1,county_code_unverified|timezone_not_normalized_to_utc
89331,13380,2008,2008-03-05T09:53:00,2008-03-05T20:02:00,EST-5,10.15,42,42077,C,077,LEHIGH,0,0,0,0,0.00,0.00,Heavy Rain / Snow Melt,0,"[[40.8079,-75.6],[40.7398,-75.6135],[40.67,-75.5],[40.67,-75.4809]]",0,1,county_code_unverified|timezone_not_normalized_to_utc
89332,15600,2008,2008-03-18T00:00:00,2008-03-31T23:59:00,CST-6,335.98333333333335,05,05001,C,001,ARKANSAS,0,0,0,0,1500000.00,50000.00,Heavy Rain,0,"[[34.37,-91.13],[34.4556,-91.0561],[34.2481,-90.9819],[34.0618,-91.0863],[34.1368,-91.236]]",0,1,county_code_unverified|timezone_not_normalized_to_utc
89333,13380,2008,2008-03-05T09:53:00,2008-03-05T20:02:00,EST-5,10.15,42,42095,C,095,NORTHAMPTON,0,0,0,0,0.00,0.00,Heavy Rain / Snow Melt,0,"[[40.7,-75.23],[40.779,-75.58],[40.75,-75.58],[40.6511,-75.25]]",0,1,county_code_unverified|timezone_not_normalized_to_utc
89350,15136,2008,2008-03-19T06:00:00,2008-03-22T11:00:00,CST-6,77.0,29,29185,C,185,ST. CLAIR,0,0,0,0,0.00,0.00,Heavy Rain,0,"[[38.1842,-94.0018],[38.1821,-93.6818],[38.0178,-93.6832],[38.033,-94.0018]]",0,1,county_code_unverified|timezone_not_normalized_to_utc
89358,15136,2008,2008-03-19T06:00:00,2008-03-22T11:00:00,CST-6,77.0,29,29217,C,217,VERNON,0,0,0,0,0.00,0.00,Heavy Rain,0,"[[37.9377,-94.5978],[37.9594,-94.1116],[37.7186,-94.1254],[37.7164,-94.6101]]",0,1,county_code_unverified|timezone_not_normalized_to_utc
89373,15136,2008,2008-03-19T06:00:00,2008-03-22T11:00:00,CST-6,77.0,29,29011,C,011,BARTON,0,0,0,0,0.00,0.00,Heavy Rain,0,"[[37.5533,-94.6005],[37.5533,-94.1171],[37.3942,-94.1254],[37.404,-94.6101]]",0,1,county_code_unverified|timezone_not_normalized_to_utc
89381,15136,2008,2008-03-19T06:00:00,2008-03-22T11:00:00,CST-6,77.0,29,29097,C,097,JASPER,0,0,0,0,0.00,0.00,Heavy Rain,0,"[[37.3221,-94.5758],[37.321,-94.1322],[37.0859,-94.1515],[37.0902,-94.6005]]",0,1,county_code_unverified|timezone_not_normalized_to_utc
89384,15136,2008,2008-03-19T06:00:00,2008-03-22T11:00:00,CST-6,77.0,29,29145,C,145,NEWTON,0,0,0,0,0.00,0.00,Heavy Rain,0,"[[36.9323,-94.606],[36.9499,-94.3066],[36.8093,-94.3176],[36.8159,-94.6088]]",0,1,county_code_unverified|timezone_not_normalized_to_utc
89386,15136,2008,2008-03-19T06:00:00,2008-03-22T11:00:00,CST-6,77.0,29,29119,C,119,MCDONALD,0,0,0,0,0.00,0.00,Heavy Rain,0,"[[36.664,-94.595],[36.6662,-94.1899],[36.5008,-94.1803],[36.5085,-94.606]]",0,1,county_code_unverified|timezone_not_normalized_to_utc
89399,15445,2008,2008-04-10T06:00:00,2008-04-10T18:00:00,CST-6,12.0,29,29017,C,017,BOLLINGER,0,0,0,0,0.00,0.00,Heavy Rain,0,"[[37.3,-89.97],[37.1516,-90.0385],[37.157,-89.9231],[37.2992,-89.9121]]",0,1,county_code_unverified|timezone_not_normalized_to_utc
89400,15445,2008,2008-04-10T06:00:00,2008-04-10T18:00:00,CST-6,12.0,29,29023,C,023,BUTLER,0,0,0,0,0.00,0.00,Heavy Rain,0,"[[36.75,-90.4],[36.6155,-90.2747],[36.5913,-90.4477],[36.7081,-90.5328]]",0,1,county_code_unverified|timezone_not_normalized_to_utc
89402,15445,2008,2008-04-10T06:00:00,2008-04-10T18:00:00,CST-6,12.0,29,29035,C,035,CARTER,0,0,0,0,0.00,0.00,Heavy Rain,0,"[[37.0,-91.02],[36.9806,-90.7526],[36.9236,-90.7608],[36.9537,-91.0176]]",0,1,county_code_unverified|timezone_not_normalized_to_utc
89403,15445,2008,2008-04-10T06:00:00,2008-04-11T04:00:00,CST-6,22.0,29,29157,C,157,PERRY,0,0,0,0,0.00,0.00,Heavy Rain,0,"[[37.72,-89.87],[37.762,-90.0055],[37.6931,-89.9835],[37.6941,-89.8579]]",0,1,county_code_unverified|timezone_not_normalized_to_utc
89406,15445,2008,2008-04-10T05:00:00,2008-04-10T18:00:00,CST-6,13.0,29,29181,C,181,RIPLEY,0,0,0,0,0.00,0.00,Heavy Rain,0,"[[36.62,-90.82],[36.6244,-90.9558],[36.5747,-90.9503],[36.5808,-90.8281]]",0,1,county_code_unverified|timezone_not_normalized_to_utc
89412,15445,2008,2008-04-10T06:00:00,2008-04-10T19:00:00,CST-6,13.0,29,29223,C,223,WAYNE,0,0,0,0,75000.00,0.00,Heavy Rain,0,"[[37.17,-90.72],[37.1953,-90.5328],[37.1373,-90.5253],[37.1193,-90.6983]]",0,1,county_code_unverified|timezone_not_normalized_to_utc
89414,15445,2008,2008-04-10T11:00:00,2008-04-11T04:00:00,CST-6,17.0,29,29031,C,031,CAPE GIRARDEAU,0,0,0,0,0.00,0.00,Heavy Rain,0,"[[37.3,-89.53],[37.4356,-89.6649],[37.3123,-89.68],[37.2741,-89.632],[37.2024,-89.7377]]",0,1,county_code_unverified|timezone_not_normalized_to_utc
89417,15670,2008,2008-04-10T11:00:00,2008-04-10T18:00:00,CST-6,7.0,17,17055,C,055,FRANKLIN,0,0,0,0,0.00,0.00,Heavy Rain,0,"[[37.9789,-89.0483],[37.9826,-89.0284],[37.9782,-89.0285],[37.9776,-89.0463]]",0,1,county_code_unverified|timezone_not_normalized_to_utc
89419,15670,2008,2008-04-10T11:00:00,2008-04-10T18:00:00,CST-6,7.0,17,17145,C,145,PERRY,0,0,0,0,0.00,0.00,Heavy Rain,0,"[[38.0481,-89.3518],[38.0897,-89.3374],[38.0865,-89.2433],[37.9995,-89.204]]",0,1,county_code_unverified|timezone_not_normalized_to_utc
89431,15337,2008,2008-04-04T02:00:00,2008-04-06T02:00:00,CST-6,48.0,21,21055,C,055,CRITTENDEN,0,0,1,0,20000.00,0.00,Heavy Rain,1,"[[37.22,-88.13],[37.2883,-88.1598],[37.2506,-88.1928],[37.2145,-88.1646]]",0,1,county_code_unverified|timezone_not_normalized_to_utc
89432,15674,2008,2008-03-04T15:56:00,2008-03-04T17:00:00,EST-5,1.0666666666666667,18,18029,C,029,DEARBORN,0,0,0,0,5000.00,0.00,Heavy Rain,0,"[[39.0539,-84.9133],[39.1034,-84.8467],[39.3003,-84.8584],[39.2822,-85.0163]]",0,1,county_code_unverified|timezone_not_normalized_to_utc
89433,15674,2008,2008-03-04T16:01:00,2008-03-04T17:00:00,EST-5,0.9833333333333333,18,18047,C,047,FRANKLIN,0,0,0,0,5000.00,0.00,Heavy Rain,0,"[[39.4521,-85.1221],[39.312,-85.1152],[39.3343,-84.8406],[39.4532,-84.8392]]",0,1,county_code_unverified|timezone_not_normalized_to_utc
89434,15674,2008,2008-03-04T16:07:00,2008-03-04T17:00:00,EST-5,0.8833333333333333,18,18137,C,137,RIPLEY,0,0,0,0,5000.00,0.00,Heavy Rain,0,"[[39.192,-85.1336],[39.1785,-85.3274],[39.0341,-85.2786],[39.0448,-85.1482]]",0,1,county_code_unverified|timezone_not_normalized_to_utc
89436,15675,2008,2008-03-04T13:16:00,2008-03-04T14:30:00,EST-5,1.2333333333333334,21,21023,C,023,BRACKEN,0,0,0,0,2000.00,0.00,Heavy Rain,0,"[[38.5746,-84.1603],[38.5772,-84.1295],[38.6238,-84.0739],[38.6298,-84.1498]]",0,1,county_code_unverified|timezone_not_normalized_to_utc
89438,15675,2008,2008-03-04T13:24:00,2008-03-04T14:30:00,EST-5,1.1,21,21161,C,161,MASON,0,0,0,0,3000.00,0.00,Heavy Rain,0,"[[38.5937,-83.9273],[38.5801,-83.7714],[38.6373,-83.7488],[38.6544,-83.8944]]",0,1,county_code_unverified|timezone_not_normalized_to_utc
89439,15675,2008,2008-03-04T12:30:00,2008-03-04T13:30:00,EST-5,1.0,21,21191,C,191,PENDLETON,0,0,0,0,3000.00,0.00,Heavy Rain,0,"[[38.753,-84.3977],[38.6292,-84.3572],[38.6662,-84.2226],[38.7643,-84.2679]]",0,1,county_code_unverified|timezone_not_normalized_to_utc
89440,15337,2008,2008-04-04T02:30:00,2008-04-06T12:00:00,CST-6,57.5,21,21107,C,107,HOPKINS,0,0,0,0,150000.00,0.00,Heavy Rain,0,"[[37.23,-87.48],[37.2413,-87.4326],[37.4073,-87.3908],[37.4171,-87.5322]]",0,1,county_code_unverified|timezone_not_normalized_to_utc
89442,15337,2008,2008-04-04T06:00:00,2008-04-04T12:00:00,CST-6,6.0,21,21047,C,047,CHRISTIAN,0,0,0,0,0.00,0.00,Heavy Rain,0,"[[36.8934,-87.5844],[36.8967,-87.6057],[36.8857,-87.6136],[36.8783,-87.5988]]",0,1,county_code_unverified|timezone_not_normalized_to_utc
89443,15675,2008,2008-03-04T15:30:00,2008-03-04T16:30:00,EST-5,1.0,21,21037,C,037,CAMPBELL,0,0,0,0,3000.00,0.00,Heavy Rain,0,"[[38.9025,-84.2841],[38.929,-84.386],[38.9712,-84.3939],[38.945,-84.3283]]",0,1,county_code_unverified|timezone_not_normalized_to_utc
89444,15675,2008,2008-03-04T15:52:00,2008-03-04T16:30:00,EST-5,0.6333333333333333,21,21117,C,117,KENTON,0,0,0,0,3000.00,0.00,Heavy Rain,0,"[[39.0826,-84.5178],[39.0205,-84.5419],[38.945,-84.5522],[39.0277,-84.4948]]",0,1,county_code_unverified|timezone_not_normalized_to_utc
89446,15676,2008,2008-03-04T13:57:00,2008-03-04T14:30:00,EST-5,0.55,39,39001,C,001,ADAMS,0,0,0,0,5000.00,0.00,Heavy Rain,0,"[[38.9461,-83.3979],[38.7321,-83.4724],[38.7434,-83.6101],[38.9359,-83.5538]]",0,1,county_code_unverified|timezone_not_normalized_to_utc
89447,15676,2008,2008-03-04T13:59:00,2008-03-04T14:30:00,EST-5,0.5166666666666667,39,39015,C,015,BROWN,0,0,0,0,5000.00,0.00,Heavy Rain,0,"[[38.6543,-83.756],[38.7619,-83.7186],[38.8759,-83.9069],[38.7798,-83.8518]]",0,1,county_code_unverified|timezone_not_normalized_to_utc
89448,15676,2008,2008-03-04T13:45:00,2008-03-04T14:30:00,EST-5,0.75,39,39071,C,071,HIGHLAND,0,0,0,0,3000.00,0.00,Heavy Rain,0,"[[39.192,-83.7335],[39.1971,-83.4992],[39.2674,-83.505],[39.2695,-83.7309]]",0,1,county_code_unverified|timezone_not_normalized_to_utc
89449,15676,2008,2008-03-04T13:37:00,2008-03-04T14:30:00,EST-5,0.8833333333333333,39,39131,C,131,PIKE,0,0,0,0,2000.00,0.00,Heavy Rain,0,"[[39.077,-82.959],[39.0878,-83.2942],[39.1721,-83.354],[39.1439,-82.9825]]",0,1,county_code_unverified|timezone_not_normalized_to_utc
89450,15676,2008,2008-03-04T14:00:00,2008-03-04T15:00:00,EST-5,1.0,39,39041,C,041,DELAWARE,0,0,0,0,2000.00,0.00,Heavy Rain,0,"[[40.4308,-83.1953],[40.3178,-83.1746],[40.278,-83.0093],[40.4083,-82.9701]]",0,1,county_code_unverified|timezone_not_normalized_to_utc
89451,15676,2008,2008-03-04T14:03:00,2008-03-04T15:00:00,EST-5,0.95,39,39045,C,045,FAIRFIELD,0,0,0,0,5000.00,0.00,Heavy Rain,0,"[[39.8792,-82.7628],[39.6467,-82.759],[39.6491,-82.44],[39.8887,-82.4661]]",0,1,county_code_unverified|timezone_not_normalized_to_utc
89452,15676,2008,2008-03-04T14:07:00,2008-03-04T15:00:00,EST-5,0.8833333333333333,39,39073,C,073,HOCKING,0,0,0,0,3000.00,0.00,Heavy Rain,0,"[[39.5469,-82.5973],[39.5597,-82.3041],[39.4563,-82.3109],[39.4155,-82.5746]]",0,1,county_code_unverified|timezone_not_normalized_to_utc
89453,15676,2008,2008-03-04T13:00:00,2008-03-04T14:30:00,EST-5,1.5,39,39089,C,089,LICKING,0,0,0,0,2000.00,0.00,Heavy Rain,0,"[[40.0003,-82.6735],[39.9792,-82.3096],[40.1778,-82.2794],[40.2093,-82.6872]]",0,1,county_code_unverified|timezone_not_normalized_to_utc
89454,15676,2008,2008-03-04T14:00:00,2008-03-04T15:00:00,EST-5,1.0,39,39129,C,129,PICKAWAY,0,0,0,0,5000.00,0.00,Heavy Rain,0,"[[39.779,-83.1562],[39.7806,-82.8829],[39.6226,-82.863],[39.6152,-83.1541]]",0,1,county_code_unverified|timezone_not_normalized_to_utc
89455,15676,2008,2008-03-04T13:21:00,2008-03-04T14:30:00,EST-5,1.15,39,39159,C,159,UNION,0,0,0,0,2000.00,0.00,Heavy Rain,0,"[[40.4062,-83.4329],[40.171,-83.4425],[40.1652,-83.2544],[40.4051,-83.2517]]",0,1,county_code_unverified|timezone_not_normalized_to_utc
89456,15676,2008,2008-03-04T13:40:00,2008-03-04T14:30:00,EST-5,0.8333333333333334,39,39141,C,141,ROSS,0,0,0,0,5000.00,0.00,Heavy Rain,0,"[[39.451,-83.2132],[39.2838,-83.1617],[39.3396,-82.7641],[39.4669,-82.8246]]",0,1,county_code_unverified|timezone_not_normalized_to_utc
89457,15676,2008,2008-03-04T16:09:00,2008-03-04T17:00:00,EST-5,0.85,39,39017,C,017,BUTLER,0,0,0,0,3000.00,0.00,Heavy Rain,0,"[[39.3417,-84.8035],[39.4929,-84.809],[39.5093,-84.5027],[39.3598,-84.4807]]",0,1,county_code_unverified|timezone_not_normalized_to_utc
89458,15676,2008,2008-03-04T16:16:00,2008-03-04T17:00:00,EST-5,0.7333333333333333,39,39025,C,025,CLERMONT,0,0,0,0,2000.00,0.00,Heavy Rain,0,"[[39.1354,-84.2322],[39.0021,-84.2569],[38.9658,-84.0894],[39.1226,-84.1443]]",0,1,county_code_unverified|timezone_not_normalized_to_utc
89459,15676,2008,2008-03-04T11:20:00,2008-03-04T16:00:00,EST-5,4.666666666666667,39,39165,C,165,WARREN,0,0,0,0,3000.00,0.00,Heavy Rain,0,"[[39.3407,-84.2363],[39.3749,-84.0447],[39.4505,-84.0509],[39.4542,-84.2377]]",0,1,county_code_unverified|timezone_not_normalized_to_utc
89488,13379,2008,2008-03-05T10:00:00,2008-03-05T18:00:00,EST-5,8.0,34,34041,C,041,WARREN,0,0,0,0,0.00,0.00,Heavy Rain / Snow Melt,0,"[[40.781,-75.1261],[40.8381,-74.9542],[40.8333,-74.95],[40.754,-74.9911]]",0,1,county_code_unverified|timezone_not_normalized_to_utc
89489,13379,2008,2008-03-05T12:08:00,2008-03-06T00:22:00,EST-5,12.233333333333333,34,34037,C,037,SUSSEX,0,0,0,0,0.00,0.00,Heavy Rain / Snow Melt,0,"[[41.1,-74.955],[41.1,-74.9608],[41.1055,-74.9623],[41.1083,-74.9534]]",0,1,county_code_unverified|timezone_not_normalized_to_utc
89491,15600,2008,2008-03-18T21:46:00,2008-03-21T03:31:00,CST-6,53.75,05,05137,C,137,STONE,0,0,0,0,6000000.00,20000.00,Heavy Rain,0,"[[35.9169,-91.8443],[35.8746,-91.9377],[35.9322,-92.1207],[36.073,-92.1698],[36.1412,-92.2481],[36.1933,-92.1945]]",0,1,county_code_unverified|timezone_not_normalized_to_utc
89505,13379,2008,2008-03-05T18:45:00,2008-03-06T12:45:00,EST-5,18.0,34,34027,C,027,MORRIS,0,0,0,0,0.00,0.00,Heavy Rain / Snow Melt,0,"[[40.8711,-74.4],[40.8566,-74.4],[40.8599,-74.422],[40.8733,-74.4147]]",0,1,county_code_unverified|timezone_not_normalized_to_utc
89523,13379,2008,2008-03-05T09:23:00,2008-03-05T14:50:00,EST-5,5.45,34,34035,C,035,SOMERSET,0,0,0,0,0.00,0.00,Heavy Rain / Snow Melt,0,"[[40.5567,-74.6854],[40.5514,-74.6883],[40.56,-74.689],[40.56,-74.686]]",0,1,county_code_unverified|timezone_not_normalized_to_utc
89525,15600,2008,2008-03-18T21:46:00,2008-03-21T03:30:00,CST-6,53.733333333333334,05,05005,C,005,BAXTER,0,0,0,0,4000000.00,30000.00,Heavy Rain,0,"[[36.2421,-92.303],[36.1739,-92.2295],[36.1429,-92.2549],[36.1589,-92.3106],[36.1878,-92.3154],[36.2077,-92.3174],[36.1645,-92.4246],[36.1911,-92.4431]]",0,1,county_code_unverified|timezone_not_normalized_to_utc
89555,15337,2008,2008-04-04T02:30:00,2008-04-06T12:00:00,CST-6,57.5,21,21233,C,233,WEBSTER,0,0,0,0,0.00,0.00,Heavy Rain,0,"[[37.4,-87.77],[37.5021,-87.7972],[37.5108,-87.697],[37.4367,-87.7018]]",0,1,county_code_unverified|timezone_not_normalized_to_utc
89556,15337,2008,2008-04-04T02:30:00,2008-04-06T03:00:00,CST-6,48.5,21,21177,C,177,MUHLENBERG,0,0,0,0,0.00,0.00,Heavy Rain,0,"[[37.2309,-87.1985],[37.2,-87.18],[37.2065,-87.1525],[37.2899,-87.1175],[37.3019,-87.1429]]",0,1,county_code_unverified|timezone_not_normalized_to_utc
89559,15337,2008,2008-04-04T02:00:00,2008-04-04T14:00:00,CST-6,12.0,21,21033,C,033,CALDWELL,0,0,0,0,100000.00,0.00,Heavy Rain,0,"[[37.12,-87.87],[37.2019,-87.8851],[37.1822,-87.9414],[37.1182,-87.9332]]",0,1,county_code_unverified|timezone_not_normalized_to_utc
89561,15337,2008,2008-04-04T02:00:00,2008-04-04T14:00:00,CST-6,12.0,21,21143,C,143,LYON,0,0,0,0,0.00,0.00,Heavy Rain,0,"[[37.05,-88.07],[37.0091,-88.017],[37.0486,-88.0012],[37.0746,-88.0506]]",0,1,county_code_unverified|timezone_not_normalized_to_utc
89575,15337,2008,2008-04-04T02:00:00,2008-04-04T08:00:00,CST-6,6.0,21,21059,C,059,DAVIESS,0,0,0,0,10000.00,0.00,Heavy Rain,0,"[[37.77,-87.12],[37.8054,-87.3084],[37.7398,-87.1889],[37.6963,-87.0735]]",0,1,county_code_unverified|timezone_not_normalized_to_utc
89576,15337,2008,2008-04-04T01:00:00,2008-04-04T07:00:00,CST-6,6.0,21,21225,C,225,UNION,0,0,0,0,0.00,0.00,Heavy Rain,0,"[[37.77,-87.93],[37.6795,-87.9181],[37.6931,-87.9902],[37.7653,-88.0046]]",0,1,county_code_unverified|timezone_not_normalized_to_utc
89578,15337,2008,2008-04-04T01:00:00,2008-04-04T08:00:00,CST-6,7.0,21,21101,C,101,HENDERSON,0,0,0,0,0.00,0.00,Heavy Rain,0,"[[37.83,-87.58],[37.8705,-87.4017],[37.7631,-87.4731],[37.7767,-87.5995]]",0,1,county_code_unverified|timezone_not_normalized_to_utc
89579,15337,2008,2008-04-04T02:30:00,2008-04-04T10:30:00,CST-6,8.0,21,21149,C,149,MCLEAN,0,0,0,0,0.00,0.00,Heavy Rain,0,"[[37.62,-87.4],[37.5141,-87.0886],[37.4531,-87.1353],[37.5163,-87.2919]]",0,1,county_code_unverified|timezone_not_normalized_to_utc
89580,15338,2008,2008-04-04T00:00:00,2008-04-04T07:00:00,CST-6,7.0,29,29133,C,133,MISSISSIPPI,0,0,0,0,80000.00,0.00,Heavy Rain,0,"[[36.92,-89.43],[36.996,-89.231],[36.6552,-89.2804],[36.7411,-89.426]]",0,1,county_code_unverified|timezone_not_normalized_to_utc
89586,15337,2008,2008-04-04T02:00:00,2008-04-04T08:00:00,CST-6,6.0,21,21039,C,039,CARLISLE,0,0,0,0,0.00,0.00,Heavy Rain,0,"[[36.87,-89.02],[36.9126,-88.9041],[36.8903,-88.9024],[36.8689,-88.9906]]",0,1,county_code_unverified|timezone_not_normalized_to_utc
89588,15627,2008,2008-04-01T00:00:00,2008-04-22T08:00:00,CST-6,512.0,21,21105,C,105,HICKMAN,0,0,0,0,0.00,0.00,Heavy Rain,0,"[[36.77,-89.1],[36.7532,-89.1053],[36.7533,-89.1125],[36.7696,-89.1069]]",0,1,county_code_unverified|timezone_not_normalized_to_utc
89589,15337,2008,2008-04-04T05:00:00,2008-04-04T11:00:00,CST-6,6.0,21,21221,C,221,TRIGG,0,0,0,0,0.00,0.00,Heavy Rain,0,"[[36.87,-87.82],[36.892,-87.7904],[36.8505,-87.7087],[36.8307,-87.7911]]",0,1,county_code_unverified|timezone_not_normalized_to_utc
89590,15337,2008,2008-04-04T02:00:00,2008-04-04T08:00:00,CST-6,6.0,21,21157,C,157,MARSHALL,0,0,0,0,0.00,0.00,Heavy Rain,0,"[[36.87,-88.35],[36.8588,-88.3411],[36.8653,-88.3285],[36.8691,-88.335]]",0,1,county_code_unverified|timezone_not_normalized_to_utc
89593,15619,2008,2008-04-01T00:00:00,2008-04-17T09:00:00,CST-6,393.0,21,21055,C,055,CRITTENDEN,0,0,0,0,0.00,0.00,Heavy Rain,0,"[[37.47,-88.08],[37.4269,-88.2394],[37.4498,-88.237],[37.4705,-88.0911]]",0,1,county_code_unverified|timezone_not_normalized_to_utc
89596,15341,2008,2008-04-10T22:00:00,2008-04-10T23:50:00,CST-6,1.8333333333333333,21,21101,C,101,HENDERSON,0,0,0,0,0.00,0.00,Heavy Rain,0,"[[37.83,-87.58],[37.8434,-87.5555],[37.8613,-87.5682],[37.8345,-87.5918]]",0,1,county_code_unverified|timezone_not_normalized_to_utc
89676,15707,2008,2008-03-04T18:00:00,2008-03-04T21:00:00,EST-5,3.0,37,37175,C,175,TRANSYLVANIA,0,0,0,0,0.00,0.00,Heavy Rain,0,"[[35.1705,-82.855],[35.1295,-82.855],[35.1295,-82.805],[35.1705,-82.805]]",0,1,county_code_unverified|timezone_not_normalized_to_utc
89689,15687,2008,2008-03-19T06:00:00,2008-03-22T11:00:00,CST-6,77.0,20,20021,C,021,CHEROKEE,0,0,0,0,0.00,0.00,Heavy Rain,0,"[[37.3352,-95.0098],[37.3341,-94.628],[37.0069,-94.6307],[37.0223,-94.9933]]",0,1,county_code_unverified|timezone_not_normalized_to_utc
89800,15626,2008,2008-03-19T12:44:00,2008-03-19T22:45:00,EST-5,10.016666666666667,18,18025,C,025,CRAWFORD,0,0,0,0,0.00,0.00,Heavy Rain,0,"[[38.34,-86.27],[38.3523,-86.2856],[38.3491,-86.2951],[38.3351,-86.2774]]",0,1,county_code_unverified|timezone_not_normalized_to_utc
89813,15626,2008,2008-03-19T08:35:00,2008-03-19T15:00:00,EST-5,6.416666666666667,18,18061,C,061,HARRISON,0,0,0,0,0.00,0.00,Heavy Rain,0,"[[38.2328,-86.1393],[38.232,-86.0775],[38.41,-86.08],[38.4049,-86.1483]]",0,1,county_code_unverified|timezone_not_normalized_to_utc
89815,15626,2008,2008-03-19T08:30:00,2008-03-19T20:30:00,EST-5,12.0,18,18037,C,037,DUBOIS,0,0,0,0,0.00,0.00,Heavy Rain,0,"[[38.4407,-87.0461],[38.4611,-86.7865],[38.2215,-86.8366],[38.25,-87.0392]]",0,1,county_code_unverified|timezone_not_normalized_to_utc
89816,15626,2008,2008-03-18T22:50:00,2008-03-20T11:40:00,EST-5,36.833333333333336,18,18175,C,175,WASHINGTON,0,0,0,0,3000000.00,0.00,Heavy Rain,0,"[[38.43,-86.18],[38.4232,-86.2053],[38.4315,-86.2026],[38.4395,-86.1933],[38.4407,-86.1819]]",0,1,county_code_unverified|timezone_not_normalized_to_utc
89817,15626,2008,2008-03-18T15:40:00,2008-03-20T10:40:00,EST-5,43.0,18,18077,C,077,JEFFERSON,0,0,0,0,0.00,0.00,Heavy Rain,0,"[[38.8,-85.65],[38.8183,-85.6487],[38.8084,-85.6827],[38.7916,-85.6719]]",0,1,county_code_unverified|timezone_not_normalized_to_utc
89819,15721,2008,2008-03-04T08:15:00,2008-03-05T06:55:00,EST-5,22.666666666666668,18,18077,C,077,JEFFERSON,0,0,0,0,0.00,0.00,Heavy Rain,0,"[[38.8,-85.65],[38.8077,-85.6596],[38.8084,-85.6815],[38.7956,-85.6763]]",0,1,county_code_unverified|timezone_not_normalized_to_utc
89822,15722,2008,2008-03-27T10:20:00,2008-03-28T20:30:00,EST-5,34.166666666666664,18,18077,C,077,JEFFERSON,0,0,0,0,0.00,0.00,Heavy Rain,0,"[[38.8,-85.65],[38.8096,-85.6607],[38.8082,-85.6844],[38.7924,-85.6788]]",0,1,county_code_unverified|timezone_not_normalized_to_utc
89823,15626,2008,2008-03-20T03:50:00,2008-03-26T00:30:00,EST-5,140.66666666666666,18,18123,C,123,PERRY,0,0,0,0,0.00,0.00,Heavy Rain,0,"[[37.95,-86.77],[37.9366,-86.7989],[37.8751,-86.7213],[37.8852,-86.6828],[37.8228,-86.667],[37.845,-86.5805],[37.9323,-86.6519]]",0,1,county_code_unverified|timezone_not_normalized_to_utc
89824,15626,2008,2008-03-19T17:00:00,2008-03-27T07:15:00,EST-5,182.25,18,18123,C,123,PERRY,0,0,0,0,0.00,0.00,Heavy Rain,0,"[[37.9848,-86.7947],[37.9209,-86.7628],[37.9328,-86.7371],[37.9945,-86.7748]]",0,1,county_code_unverified|timezone_not_normalized_to_utc
89825,13385,2008,2008-03-08T19:59:00,2008-03-08T20:46:00,EST-5,0.7833333333333333,10,10003,C,003,NEW CASTLE,0,0,0,0,0.00,0.00,Heavy Rain,0,"[[39.73,-75.52],[39.7411,-75.5184],[39.7374,-75.53],[39.7326,-75.53]]",0,1,county_code_unverified|timezone_not_normalized_to_utc
89826,15723,2008,2008-03-08T07:00:00,2008-03-14T21:00:00,EST-5,158.0,18,18123,C,123,PERRY,0,0,0,0,0.00,0.00,Heavy Rain,0,"[[37.9699,-86.7882],[37.922,-86.7632],[37.9345,-86.7412],[37.9853,-86.7714]]",0,1,county_code_unverified|timezone_not_normalized_to_utc
89877,13381,2008,2008-03-08T18:27:00,2008-03-09T00:49:00,EST-5,6.366666666666666,42,42101,C,101,PHILADELPHIA,0,0,0,0,0.00,0.00,Heavy Rain,0,"[[40.011,-75.21],[40.0139,-75.2106],[40.02,-75.2],[40.016,-75.2]]",0,1,county_code_unverified|timezone_not_normalized_to_utc
89878,13381,2008,2008-03-08T16:00:00,2008-03-09T01:22:00,EST-5,9.366666666666667,42,42017,C,017,BUCKS,0,0,0,0,0.00,0.00,Heavy Rain,0,"[[40.1625,-74.95],[40.1728,-74.9588],[40.1753,-74.957],[40.1631,-74.9462]]",0,1,county_code_unverified|timezone_not_normalized_to_utc
89879,13381,2008,2008-03-08T16:30:00,2008-03-08T22:53:00,EST-5,6.383333333333334,42,42091,C,091,MONTGOMERY,0,0,0,0,0.00,0.00,Heavy Rain,0,"[[40.0993,-75.2602],[40.0993,-75.1799],[40.3007,-75.4298],[40.3101,-75.4482],[40.3101,-75.4918]]",0,1,county_code_unverified|timezone_not_normalized_to_utc
89888,15002,2008,2008-03-31T20:00:00,2008-03-31T23:59:00,CST-6,3.9833333333333334,29,29213,C,213,TANEY,0,0,0,0,0.00,0.00,Heavy Rain,0,"[[36.7499,-93.2272],[36.5096,-93.2629],[36.5163,-92.8592],[36.7422,-92.8578]]",0,1,county_code_unverified|timezone_not_normalized_to_utc
90084,15357,2008,2008-03-05T08:42:00,2008-03-05T14:00:00,EST-5,5.3,42,42079,C,079,LUZERNE,0,0,0,0,40000.00,0.00,Heavy Rain / Snow Melt,0,"[[41.3,-75.88],[41.2924,-75.881],[41.2902,-75.8661],[41.2921,-75.8626]]",0,1,county_code_unverified|timezone_not_normalized_to_utc
90093,15738,2008,2008-03-08T16:01:00,2008-03-08T21:00:00,EST-5,4.983333333333333,36,36105,C,105,SULLIVAN,0,0,0,0,0.00,0.00,Heavy Rain / Snow Melt,0,"[[41.56,-74.44],[41.5705,-74.4355],[41.5706,-74.4233],[41.5595,-74.4289]]",0,1,county_code_unverified|timezone_not_normalized_to_utc
90094,15738,2008,2008-03-08T23:00:00,2008-03-09T03:00:00,EST-5,4.0,36,36025,C,025,DELAWARE,0,0,0,0,0.00,0.00,Heavy Rain / Snow Melt,0,"[[42.1665,-75.131],[42.1667,-75.1291],[42.1677,-75.1294],[42.1679,-75.1303]]",0,1,county_code_unverified|timezone_not_normalized_to_utc
90289,13382,2008,2008-03-08T17:08:00,2008-03-09T07:25:00,EST-5,14.283333333333333,34,34019,C,019,HUNTERDON,0,0,0,0,0.00,0.00,Heavy Rain,0,"[[40.6967,-74.9146],[40.6967,-74.8854],[40.5098,-74.7865],[40.5098,-74.8135],[40.5698,-74.8935],[40.63,-74.9391]]",0,1,county_code_unverified|timezone_not_normalized_to_utc
90297,13382,2008,2008-03-08T17:00:00,2008-03-10T05:45:00,EST-5,36.75,34,34035,C,035,SOMERSET,0,0,0,0,0.00,0.00,Heavy Rain,0,"[[40.67,-74.72],[40.68,-74.55],[40.57,-74.53],[40.38,-74.6],[40.52,-74.73]]",0,1,county_code_unverified|timezone_not_normalized_to_utc
90313,13382,2008,2008-03-08T17:00:00,2008-03-13T11:30:00,EST-5,114.5,34,34027,C,027,MORRIS,0,0,0,0,0.00,0.00,Heavy Rain,0,"[[40.95,-74.3],[40.93,-74.3],[40.7445,-74.4],[40.8795,-74.4271],[40.9205,-74.4271]]",0,1,county_code_unverified|timezone_not_normalized_to_utc
90931,15867,2008,2008-03-22T17:00:00,2008-03-23T04:00:00,CST-6,11.0,05,05041,C,041,DESHA,0,0,0,0,1000000.00,50000.00,Heavy Rain,0,"[[34.0936,-91.4365],[33.9844,-91.4777],[33.9451,-91.3589],[34.0356,-91.295]]",0,1,county_code_unverified|timezone_not_normalized_to_utc
90932,15867,2008,2008-03-21T19:45:00,2008-03-23T20:00:00,CST-6,48.25,05,05069,C,069,JEFFERSON,0,0,0,0,1000000.00,100000.00,Heavy Rain,0,"[[34.3899,-92.0998],[34.2118,-91.983],[34.1607,-91.7853],[34.2209,-91.7413],[34.3128,-91.9103],[34.4012,-92.0338]]",0,1,county_code_unverified|timezone_not_normalized_to_utc
90938,15868,2008,2008-05-04T23:00:00,2008-05-08T08:00:00,AKST-9,81.0,02,02222,C,222,MIDDLE TANANA VALLEY,0,0,0,0,0.00,0.00,Ice Jam,0,"[[64.5334,-147.0215],[64.5476,-147.0296],[64.5559,-147.0449],[64.5371,-147.0331]]",0,1,county_code_unverified|timezone_not_normalized_to_utc
90944,15868,2008,2008-05-05T02:00:00,2008-05-08T09:00:00,AKST-9,79.0,02,02223,C,223,DELTANA AND TANANA,0,0,0,0,0.00,0.00,Ice Jam,0,"[[64.4914,-146.9783],[64.4982,-146.9753],[64.5022,-146.9824],[64.4951,-146.984]]",0,1,county_code_unverified|timezone_not_normalized_to_utc
90962,15871,2008,2008-05-09T02:00:00,2008-05-10T11:00:00,AKST-9,33.0,02,02221,C,221,WRN TANANA VLY WRN YUKON VLY,0,0,0,0,0.00,0.00,Ice Jam,0,"[[64.8489,-149.8453],[64.8546,-149.8197],[64.8698,-149.8072],[64.8682,-149.8329]]",0,1,county_code_unverified|timezone_not_normalized_to_utc
90966,15872,2008,2008-05-13T00:00:00,2008-05-14T09:00:00,AKST-9,33.0,02,02210,C,210,NRN & INTR. SEWARD PENINSULA,0,0,0,0,5000.00,0.00,Ice Jam,0,"[[65.9731,-161.12],[65.9802,-161.113],[65.9833,-161.1285],[65.9732,-161.1259]]",0,1,county_code_unverified|timezone_not_normalized_to_utc
90968,15873,2008,2008-05-13T11:00:00,2008-05-13T19:00:00,AKST-9,8.0,02,02217,C,217,UPPER KOBUK AND NOATAK VLYS,0,0,0,0,5000.00,0.00,Ice Jam,0,"[[66.9109,-156.9059],[66.9056,-156.88],[66.9134,-156.8616],[66.9169,-156.9011]]",0,1,county_code_unverified|timezone_not_normalized_to_utc
90972,15874,2008,2008-05-23T17:00:00,2008-05-25T02:00:00,AKST-9,33.0,02,02214,C,214,YUKON DELTA,0,0,0,0,0.00,0.00,Ice Jam,0,"[[62.769,-164.4981],[62.7767,-164.5731],[62.7863,-164.5611],[62.7814,-164.4976]]",0,1,county_code_unverified|timezone_not_normalized_to_utc
91245,15904,2008,2008-03-18T23:00:00,2008-03-23T08:30:00,CST-6,105.5,05,05021,C,021,CLAY,0,0,0,0,50000.00,0.00,Heavy Rain,0,"[[36.404,-90.7486],[36.2709,-90.7323],[36.2733,-90.7007],[36.2866,-90.7028],[36.3406,-90.6001],[36.4257,-90.5198],[36.4914,-90.4566],[36.4931,-90.7684]]",0,1,county_code_unverified|timezone_not_normalized_to_utc
91247,15904,2008,2008-03-18T23:00:00,2008-03-20T09:00:00,CST-6,34.0,05,05093,C,093,MISSISSIPPI,0,0,0,0,10000.00,0.00,Heavy Rain,0,"[[35.774,-90.1736],[35.78,-90.27],[35.7883,-89.8692],[35.7787,-89.8671],[35.7539,-89.9272],[35.7485,-89.987]]",0,1,county_code_unverified|timezone_not_normalized_to_utc
91248,15904,2008,2008-03-18T23:00:00,2008-03-23T03:00:00,CST-6,100.0,05,05055,C,055,GREENE,0,0,0,0,75000.00,0.00,Heavy Rain,0,"[[36.23,-90.72],[36.18,-90.38],[36.1567,-90.2946],[36.0155,-90.3694],[35.965,-90.4278],[36.1486,-90.7333]]",0,1,county_code_unverified|timezone_not_normalized_to_utc
91266,15084,2008,2008-03-05T00:00:00,2008-03-05T05:00:00,EST-5,5.0,21,21017,C,017,BOURBON,0,0,0,0,0.00,0.00,Heavy Rain,0,"[[38.248,-84.26],[38.2136,-84.2027],[38.1745,-84.2772],[38.2204,-84.3249]]",0,1,county_code_unverified|timezone_not_normalized_to_utc
91269,15085,2008,2008-03-19T23:30:00,2008-03-20T09:55:00,EST-5,10.416666666666666,21,21017,C,017,BOURBON,0,0,0,0,0.00,0.00,Heavy Rain,0,"[[38.2109,-84.3029],[38.1635,-84.2844],[38.205,-84.2078],[38.2414,-84.2466]]",0,1,county_code_unverified|timezone_not_normalized_to_utc
91271,15085,2008,2008-03-20T02:35:00,2008-03-22T22:55:00,EST-5,68.33333333333333,21,21179,C,179,NELSON,0,0,0,0,0.00,0.00,Heavy Rain,0,"[[37.78,-85.67],[37.6773,-85.5602],[37.6572,-85.6014],[37.7772,-85.6989]]",0,1,county_code_unverified|timezone_not_normalized_to_utc
91274,15084,2008,2008-03-05T06:15:00,2008-03-06T23:50:00,EST-5,41.583333333333336,21,21179,C,179,NELSON,0,0,0,0,0.00,0.00,Heavy Rain,0,"[[37.78,-85.67],[37.6882,-85.5505],[37.6496,-85.5917],[37.7751,-85.6989]]",0,1,county_code_unverified|timezone_not_normalized_to_utc
91277,15084,2008,2008-03-04T23:00:00,2008-03-07T08:15:00,CST-6,57.25,21,21031,C,031,BUTLER,0,0,0,0,0.00,0.00,Heavy Rain,0,"[[37.18,-86.65],[37.203,-86.5942],[37.244,-86.6574],[37.2213,-86.7072]]",0,1,county_code_unverified|timezone_not_normalized_to_utc
91280,15085,2008,2008-03-20T00:45:00,2008-03-23T05:15:00,CST-6,76.5,21,21031,C,031,BUTLER,0,0,0,0,0.00,0.00,Heavy Rain,0,"[[37.18,-86.65],[37.2271,-86.7096],[37.2497,-86.6608],[37.2057,-86.599]]",0,1,county_code_unverified|timezone_not_normalized_to_utc
91282,15085,2008,2008-03-20T14:30:00,2008-03-25T02:50:00,CST-6,108.33333333333333,21,21031,C,031,BUTLER,0,0,0,0,0.00,0.00,Heavy Rain,0,"[[37.22,-86.9],[37.228,-86.8715],[37.2139,-86.8591],[37.1985,-86.9055]]",0,1,county_code_unverified|timezone_not_normalized_to_utc
91284,15084,2008,2008-03-04T20:00:00,2008-03-09T01:30:00,CST-6,101.5,21,21031,C,031,BUTLER,0,0,0,0,0.00,0.00,Heavy Rain,0,"[[37.22,-86.9],[37.2079,-86.9132],[37.207,-86.9007],[37.2147,-86.8774],[37.2234,-86.8902]]",0,1,county_code_unverified|timezone_not_normalized_to_utc
91286,15084,2008,2008-03-04T08:00:00,2008-03-06T21:10:00,CST-6,61.166666666666664,21,21183,C,183,OHIO,0,0,0,0,0.00,0.00,Heavy Rain,0,"[[37.55,-86.78],[37.5737,-86.7827],[37.5789,-86.747],[37.5547,-86.7584]]",0,1,county_code_unverified|timezone_not_normalized_to_utc
91289,15909,2008,2008-03-09T04:39:00,2008-03-09T13:33:00,EST-5,8.9,33,33003,C,003,CARROLL,0,0,0,0,0.00,0.00,Ice Jam,0,"[[43.9886,-71.1033],[43.986,-71.1012],[43.9879,-71.0982],[43.9895,-71.1004]]",0,1,county_code_unverified|timezone_not_normalized_to_utc
91292,15085,2008,2008-03-19T13:55:00,2008-03-21T22:10:00,CST-6,56.25,21,21183,C,183,OHIO,0,0,0,0,0.00,0.00,Heavy Rain,0,"[[37.55,-86.78],[37.5737,-86.7793],[37.5737,-86.7558],[37.5529,-86.7656]]",0,1,county_code_unverified|timezone_not_normalized_to_utc
91304,15085,2008,2008-03-20T21:00:00,2008-03-21T15:55:00,CST-6,18.916666666666668,21,21061,C,061,EDMONSON,0,0,0,0,0.00,0.00,Heavy Rain,0,"[[37.18,-86.27],[37.1516,-86.2804],[37.1636,-86.3084],[37.2123,-86.2938],[37.2298,-86.255],[37.1964,-86.2495]]",0,1,county_code_unverified|timezone_not_normalized_to_utc
91318,15085,2008,2008-03-19T23:20:00,2008-03-23T18:25:00,EST-5,91.08333333333333,21,21111,C,111,JEFFERSON,0,0,0,0,0.00,0.00,Heavy Rain,0,"[[38.2231,-85.7387],[38.3115,-85.7373],[38.46,-85.6247],[38.5407,-85.4503],[38.503,-85.3803],[38.2748,-85.611]]",0,1,county_code_unverified|timezone_not_normalized_to_utc
91328,15085,2008,2008-03-20T04:50:00,2008-03-23T11:25:00,EST-5,78.58333333333333,21,21111,C,111,JEFFERSON,0,0,0,0,0.00,0.00,Heavy Rain,0,"[[38.12,-85.87],[37.9983,-85.9186],[38.0248,-85.9481],[38.2042,-85.9083],[38.304,-85.8183],[38.318,-85.7593]]",0,1,county_code_unverified|timezone_not_normalized_to_utc
91330,15909,2008,2008-03-09T06:30:00,2008-03-12T18:00:00,EST-5,83.5,33,33009,C,009,GRAFTON,0,0,0,0,10000.00,0.00,Ice Jam,0,"[[44.1564,-72.0197],[44.1574,-72.0327],[44.1546,-72.0329],[44.1542,-72.0214]]",0,1,county_code_unverified|timezone_not_normalized_to_utc
91353,15913,2008,2008-03-28T17:45:00,2008-03-28T22:05:00,EST-5,4.333333333333333,21,21181,C,181,NICHOLAS,0,0,0,0,0.00,0.00,Heavy Rain,0,"[[38.38,-84.07],[38.3505,-83.9537],[38.4256,-83.9816],[38.4321,-84.0207]]",0,1,county_code_unverified|timezone_not_normalized_to_utc
91381,15602,2008,2008-03-05T04:00:00,2008-03-05T18:05:00,EST-5,14.083333333333334,36,36021,C,021,COLUMBIA,0,0,0,0,5000.00,0.00,Heavy Rain,0,"[[42.4102,-73.6861],[42.4251,-73.6131],[42.35,-73.5902],[42.2098,-73.7438],[42.0655,-73.83],[42.0745,-73.848]]",0,1,county_code_unverified|timezone_not_normalized_to_utc
91445,15600,2008,2008-03-18T00:01:00,2008-03-31T23:59:00,CST-6,335.96666666666664,05,05145,C,145,WHITE,0,0,0,0,500000.00,150000.00,Heavy Rain,0,"[[35.4204,-91.4186],[35.4075,-91.3705],[35.3678,-91.4365],[35.2894,-91.4008],[35.2075,-91.3843],[35.2411,-91.4996],[35.3443,-91.4887],[35.398,-91.4516]]",0,1,county_code_unverified|timezone_not_normalized_to_utc
91460,15923,2008,2008-04-04T10:00:00,2008-04-04T11:00:00,CST-6,1.0,47,47083,C,083,HOUSTON,0,0,0,0,1000.00,0.00,Heavy Rain,0,"[[36.32,-87.7],[36.33,-87.6],[36.2627,-87.6289],[36.2627,-87.6989]]",0,1,county_code_unverified|timezone_not_normalized_to_utc
91462,15924,2008,2008-05-25T19:30:00,2008-05-25T21:55:00,CST-6,2.4166666666666665,19,19043,C,043,CLAYTON,0,0,0,0,20000.00,0.00,Heavy Rain,0,"[[42.6867,-91.6061],[42.6448,-91.6061],[42.6453,-91.4883],[42.6867,-91.4921]]",0,1,county_code_unverified|timezone_not_normalized_to_utc
91464,15924,2008,2008-05-25T20:00:00,2008-05-25T22:00:00,CST-6,2.0,19,19043,C,043,CLAYTON,0,0,0,0,15000.00,0.00,Heavy Rain,0,"[[42.6597,-91.4804],[42.6693,-91.3513],[42.6446,-91.3537],[42.6451,-91.4828]]",0,1,county_code_unverified|timezone_not_normalized_to_utc
91465,15924,2008,2008-05-25T20:30:00,2008-05-25T22:00:00,CST-6,1.5,19,19043,C,043,CLAYTON,0,0,0,0,20000.00,0.00,Heavy Rain,0,"[[42.7067,-91.4317],[42.6451,-91.4447],[42.6461,-91.1179],[42.7117,-91.181]]",0,1,county_code_unverified|timezone_not_normalized_to_utc
91581,15944,2008,2008-05-30T06:11:00,2008-05-30T12:00:00,CST-6,5.816666666666666,19,19013,C,013,BLACK HAWK,0,0,0,0,25000.00,0.00,Heavy Rain,0,"[[42.31,-92.19],[42.3143,-92.1983],[42.3002,-92.2098],[42.2985,-92.1946]]",0,1,county_code_unverified|timezone_not_normalized_to_utc
91582,15944,2008,2008-05-30T06:11:00,2008-05-30T12:00:00,CST-6,5.816666666666666,19,19171,C,171,TAMA,0,0,0,0,100000.00,10000.00,Heavy Rain,0,"[[42.0371,-92.6477],[42.0554,-92.5324],[41.9337,-92.5433],[41.9432,-92.6285]]",0,1,county_code_unverified|timezone_not_normalized_to_utc
91583,15944,2008,2008-05-30T06:15:00,2008-05-30T23:49:00,CST-6,17.566666666666666,19,19169,C,169,STORY,0,0,0,0,250000.00,50000.00,Heavy Rain,0,"[[41.9779,-93.7079],[41.984,-93.4168],[42.1858,-93.4367],[42.1794,-93.6952]]",0,1,county_code_unverified|timezone_not_normalized_to_utc
91584,15944,2008,2008-05-30T16:50:00,2008-05-30T23:49:00,CST-6,6.983333333333333,19,19169,C,169,STORY,0,0,0,0,50000.00,0.00,Heavy Rain,0,"[[42.0044,-93.4964],[41.9901,-93.6859],[42.035,-93.69],[42.0365,-93.4985]]",0,1,county_code_unverified|timezone_not_normalized_to_utc
91585,15904,2008,2008-03-18T23:00:00,2008-03-31T22:59:00,CST-6,311.98333333333335,05,05121,C,121,RANDOLPH,0,0,0,0,2250000.00,0.00,Heavy Rain,0,"[[36.27,-90.97],[36.4964,-90.8542],[36.4975,-90.8048],[36.4785,-90.7766],[36.3798,-90.7793],[36.3085,-90.8666],[36.162,-90.8696],[36.2144,-90.9929]]",0,1,county_code_unverified|timezone_not_normalized_to_utc
91597,15904,2008,2008-03-18T23:00:00,2008-03-31T22:59:00,CST-6,311.98333333333335,05,05075,C,075,LAWRENCE,0,0,0,0,5000000.00,0.00,Heavy Rain,0,"[[36.1523,-91.2119],[36.2234,-91.2964],[36.23,-91.25],[36.1689,-90.9177],[36.0391,-90.9565],[35.9102,-91.1549],[36.0113,-91.2696],[36.1257,-91.2772]]",0,1,county_code_unverified|timezone_not_normalized_to_utc
91598,15904,2008,2008-03-18T23:00:00,2008-03-23T03:00:00,CST-6,100.0,05,05031,C,031,CRAIGHEAD,0,0,0,0,250000.00,0.00,Heavy Rain,0,"[[35.7844,-91.0265],[35.9549,-90.7347],[35.8658,-90.6104],[35.728,-90.8374],[35.7526,-90.9448]]",0,1,county_code_unverified|timezone_not_normalized_to_utc
91647,15104,2008,2008-04-25T09:00:00,2008-04-30T10:00:00,CST-6,121.0,19,19043,C,043,CLAYTON,0,0,0,0,50000.00,0.00,Heavy Rain,0,"[[43.02,-91.18],[42.747,-91.1371],[42.741,-91.0382],[43.0147,-91.1453]]",0,1,county_code_unverified|timezone_not_normalized_to_utc
91895,15949,2008,2008-04-11T18:00:00,2008-04-11T18:00:00,CST-6,0.0,05,05149,C,149,YELL,0,0,2,0,10000.00,0.00,Heavy Rain,2,"[[34.98,-93.3353],[34.9866,-93.3354],[34.9857,-93.3283],[34.9817,-93.3267]]",0,1,county_code_unverified|timezone_not_normalized_to_utc
92172,16009,2008,2008-06-01T06:15:00,2008-06-01T18:15:00,CST-6,12.0,19,19049,C,049,DALLAS,0,0,0,0,50000.00,0.00,Heavy Rain,0,"[[41.61,-94.03],[41.6493,-94.0471],[41.6527,-94.0196],[41.6144,-94.0062]]",0,1,county_code_unverified|timezone_not_normalized_to_utc
92173,16009,2008,2008-06-01T08:44:00,2008-06-01T17:45:00,CST-6,9.016666666666667,19,19171,C,171,TAMA,0,0,0,0,50000.00,0.00,Heavy Rain,0,"[[41.9319,-92.4541],[41.9461,-92.404],[41.9296,-92.3574],[41.8979,-92.3701]]",0,1,county_code_unverified|timezone_not_normalized_to_utc
92220,16011,2008,2008-03-19T16:15:00,2008-03-23T20:45:00,CST-6,100.5,29,29151,C,151,OSAGE,0,0,0,0,0.00,0.00,Heavy Rain,0,"[[38.375,-91.8718],[38.4547,-91.7516],[38.4789,-91.6548],[38.4025,-91.6576],[38.3594,-91.7386]]",0,1,county_code_unverified|timezone_not_normalized_to_utc
92224,16011,2008,2008-03-18T22:30:00,2008-03-21T06:30:00,CST-6,56.0,29,29055,C,055,CRAWFORD,0,0,0,0,0.00,0.00,Heavy Rain,0,"[[37.9829,-91.3977],[37.9485,-91.3472],[38.0075,-91.133],[38.1875,-91.0767],[38.1929,-91.1508]]",0,1,county_code_unverified|timezone_not_normalized_to_utc
92256,16011,2008,2008-03-18T22:45:00,2008-03-21T22:30:00,CST-6,71.75,29,29071,C,071,FRANKLIN,0,0,0,0,0.00,0.00,Heavy Rain,0,"[[38.2198,-91.1879],[38.1853,-90.9915],[38.4439,-90.7141],[38.4893,-90.7402]]",0,1,county_code_unverified|timezone_not_normalized_to_utc
92269,16011,2008,2008-03-19T15:00:00,2008-03-24T07:00:00,CST-6,112.0,29,29189,C,189,ST. LOUIS,0,0,0,0,0.00,0.00,Heavy Rain,0,"[[38.4936,-90.7045],[38.5739,-90.4518],[38.5439,-90.4264],[38.4729,-90.6159]]",0,1,county_code_unverified|timezone_not_normalized_to_utc
92278,16016,2008,2008-03-19T05:00:00,2008-03-23T14:30:00,CST-6,105.5,17,17051,C,051,FAYETTE,0,0,0,0,20000.00,20000.00,Heavy Rain,0,"[[38.97,-89.1],[38.9717,-89.0693],[38.7803,-89.1458],[38.841,-89.2279]]",0,1,county_code_unverified|timezone_not_normalized_to_utc
92375,15271,2008,2008-03-15T13:00:00,2008-03-15T15:00:00,EST-5,2.0,13,13139,C,139,HALL,0,0,0,0,10000.00,0.00,Heavy Rain,0,"[[34.2817,-83.8392],[34.2817,-83.8383],[34.2806,-83.8383],[34.2806,-83.8394]]",0,1,county_code_unverified|timezone_not_normalized_to_utc
92607,16043,2008,2008-06-05T04:30:00,2008-06-05T10:30:00,CST-6,6.0,19,19121,C,121,MADISON,0,0,0,0,100000.00,0.00,Heavy Rain,0,"[[41.2541,-93.9702],[41.2208,-93.9609],[41.2236,-93.9098],[41.2572,-93.9153]]",0,1,county_code_unverified|timezone_not_normalized_to_utc
92608,16043,2008,2008-06-05T07:50:00,2008-06-05T10:50:00,CST-6,3.0,19,19079,C,079,HAMILTON,0,0,0,0,25000.00,0.00,Heavy Rain,0,"[[42.436,-93.751],[42.4368,-93.7619],[42.4256,-93.7624],[42.4261,-93.7531]]",0,1,county_code_unverified|timezone_not_normalized_to_utc
92609,16043,2008,2008-06-05T09:49:00,2008-06-05T17:00:00,CST-6,7.183333333333334,19,19003,C,003,ADAMS,0,0,0,0,200000.00,0.00,Heavy Rain,0,"[[40.99,-94.74],[40.9872,-94.7401],[40.9881,-94.7313],[40.999,-94.7257],[41.0,-94.7423]]",0,1,county_code_unverified|timezone_not_normalized_to_utc
92655,16092,2008,2008-06-05T19:23:00,2008-06-06T08:00:00,CST-6,12.616666666666667,19,19181,C,181,WARREN,0,0,0,0,25000.00,5000.00,Heavy Rain,0,"[[41.44,-93.56],[41.4399,-93.5685],[41.4287,-93.5682],[41.4301,-93.556]]",0,1,county_code_unverified|timezone_not_normalized_to_utc
92656,16092,2008,2008-06-05T22:45:00,2008-06-06T08:00:00,CST-6,9.25,19,19181,C,181,WARREN,0,0,0,0,25000.00,0.00,Heavy Rain,0,"[[41.39,-93.73],[41.3906,-93.7348],[41.396,-93.7356],[41.3963,-93.7314]]",0,1,county_code_unverified|timezone_not_normalized_to_utc
92657,16092,2008,2008-06-06T08:10:00,2008-06-06T08:10:00,CST-6,0.0,19,19169,C,169,STORY,0,0,0,0,20000.00,0.00,Heavy Rain,0,"[[42.03,-93.4646],[42.0137,-93.4641],[42.0144,-93.4435],[42.0323,-93.4432]]",0,1,county_code_unverified|timezone_not_normalized_to_utc
92687,16103,2008,2008-05-12T02:00:00,2008-05-12T12:30:00,EST-5,10.5,42,42055,C,055,FRANKLIN,0,0,0,0,0.00,0.00,Heavy Rain,0,"[[39.75,-78.03],[40.249,-77.7],[39.93,-77.5356],[39.73,-77.47]]",0,1,county_code_unverified|timezone_not_normalized_to_utc
92785,16119,2008,2008-04-01T16:45:00,2008-04-02T11:00:00,CST-6,18.25,19,19023,C,023,BUTLER,0,0,0,0,20000.00,0.00,Heavy Rain,0,"[[42.5589,-92.5583],[42.598,-92.5566],[42.618,-92.7567],[42.5886,-92.7608]]",0,1,county_code_unverified|timezone_not_normalized_to_utc
92786,16120,2008,2008-04-08T19:00:00,2008-04-13T22:00:00,CST-6,123.0,19,19117,C,117,LUCAS,0,0,0,0,25000.00,0.00,Heavy Rain,0,"[[40.9691,-93.2575],[40.9308,-93.0998],[40.9008,-93.1006],[40.9009,-93.2108]]",0,1,county_code_unverified|timezone_not_normalized_to_utc
92787,16121,2008,2008-04-18T02:00:00,2008-04-21T06:15:00,CST-6,76.25,19,19117,C,117,LUCAS,0,0,0,0,25000.00,0.00,Heavy Rain,0,"[[40.9691,-93.2575],[40.9308,-93.0998],[40.9008,-93.1006],[40.9009,-93.2108]]",0,1,county_code_unverified|timezone_not_normalized_to_utc
92788,16121,2008,2008-04-18T03:00:00,2008-04-18T22:30:00,CST-6,19.5,19,19185,C,185,WAYNE,0,0,0,0,10000.00,0.00,Heavy Rain,0,"[[40.8436,-93.1129],[40.8119,-93.2303],[40.7828,-93.2308],[40.769,-93.1038]]",0,1,county_code_unverified|timezone_not_normalized_to_utc
92797,16120,2008,2008-04-11T18:45:00,2008-04-15T06:00:00,CST-6,83.25,19,19013,C,013,BLACK HAWK,0,0,0,0,10000.00,0.00,Heavy Rain,0,"[[42.5485,-92.5152],[42.6117,-92.5282],[42.6117,-92.4609],[42.5672,-92.4651]]",0,1,county_code_unverified|timezone_not_normalized_to_utc
92798,16120,2008,2008-04-11T10:30:00,2008-04-15T16:30:00,CST-6,102.0,19,19123,C,123,MAHASKA,0,0,0,0,0.00,0.00,Heavy Rain,0,"[[41.4888,-92.8635],[41.439,-92.858],[41.2519,-92.4203],[41.319,-92.417]]",0,1,county_code_unverified|timezone_not_normalized_to_utc
92799,16120,2008,2008-04-11T01:30:00,2008-04-11T10:30:00,CST-6,9.0,19,19125,C,125,MARION,0,0,0,0,10000.00,0.00,Heavy Rain,0,"[[41.2112,-92.9318],[41.2062,-92.8741],[41.2393,-92.8663],[41.2536,-92.8097],[41.2693,-92.831],[41.2685,-92.8932]]",0,1,county_code_unverified|timezone_not_normalized_to_utc
92802,16120,2008,2008-04-11T19:00:00,2008-04-16T06:30:00,CST-6,107.5,19,19015,C,015,BOONE,0,0,0,0,10000.00,0.00,Heavy Rain,0,"[[42.3199,-93.9336],[42.3103,-94.0039],[42.0725,-93.9837],[42.0737,-93.9072]]",0,1,county_code_unverified|timezone_not_normalized_to_utc
92804,16121,2008,2008-04-19T23:15:00,2008-04-21T13:15:00,CST-6,38.0,19,19013,C,013,BLACK HAWK,0,0,0,0,10000.00,0.00,Heavy Rain,0,"[[42.5485,-92.5152],[42.6117,-92.5282],[42.6117,-92.4609],[42.5672,-92.4651]]",0,1,county_code_unverified|timezone_not_normalized_to_utc
92805,16121,2008,2008-04-18T12:30:00,2008-04-21T07:30:00,CST-6,67.0,19,19123,C,123,MAHASKA,0,0,0,0,10000.00,0.00,Heavy Rain,0,"[[41.4888,-92.8635],[41.439,-92.858],[41.2519,-92.4203],[41.319,-92.417]]",0,1,county_code_unverified|timezone_not_normalized_to_utc
92806,16121,2008,2008-04-18T06:00:00,2008-04-19T18:00:00,CST-6,36.0,19,19125,C,125,MARION,0,0,0,0,15000.00,0.00,Heavy Rain,0,"[[41.2112,-92.9318],[41.2062,-92.8741],[41.2393,-92.8663],[41.2536,-92.8097],[41.2693,-92.831],[41.2685,-92.8932]]",0,1,county_code_unverified|timezone_not_normalized_to_utc
92807,16128,2008,2008-04-25T13:45:00,2008-04-25T22:00:00,CST-6,8.25,19,19033,C,033,CERRO GORDO,0,0,0,0,0.00,0.00,Heavy Rain,0,"[[43.1371,-93.0309],[43.0596,-93.0319],[43.2497,-93.4604],[43.2492,-93.3618]]",0,1,county_code_unverified|timezone_not_normalized_to_utc
92808,16128,2008,2008-04-25T10:45:00,2008-04-27T18:15:00,CST-6,55.5,19,19023,C,023,BUTLER,0,0,0,0,15000.00,0.00,Heavy Rain,0,"[[42.8194,-92.7455],[42.7031,-92.6187],[42.6449,-92.5238],[42.6446,-92.4804],[42.683,-92.4888],[42.8465,-92.6839]]",0,1,county_code_unverified|timezone_not_normalized_to_utc
92809,16128,2008,2008-04-25T07:15:00,2008-04-30T11:30:00,CST-6,124.25,19,19013,C,013,BLACK HAWK,0,0,0,0,30000.00,0.00,Heavy Rain,0,"[[42.6407,-92.5518],[42.6407,-92.4587],[42.6106,-92.457],[42.6103,-92.5521]]",0,1,county_code_unverified|timezone_not_normalized_to_utc
92810,16128,2008,2008-04-25T08:30:00,2008-04-27T17:15:00,CST-6,56.75,19,19023,C,023,BUTLER,0,0,0,0,30000.00,0.00,Heavy Rain,0,"[[42.5589,-92.5583],[42.598,-92.5566],[42.618,-92.7567],[42.5886,-92.7608]]",0,1,county_code_unverified|timezone_not_normalized_to_utc
92811,16128,2008,2008-04-25T16:45:00,2008-04-26T02:00:00,CST-6,9.25,19,19017,C,017,BREMER,0,0,0,0,10000.00,0.00,Heavy Rain,0,"[[42.8239,-92.5338],[42.6836,-92.4954],[42.6029,-92.4863],[42.6679,-92.3845],[42.7222,-92.4021],[42.8279,-92.4762]]",0,1,county_code_unverified|timezone_not_normalized_to_utc
92812,16128,2008,2008-04-25T05:15:00,2008-04-30T19:00:00,CST-6,133.75,19,19013,C,013,BLACK HAWK,0,0,0,0,150000.00,0.00,Heavy Rain,0,"[[42.5485,-92.5152],[42.6117,-92.5282],[42.6117,-92.4609],[42.5672,-92.4651]]",0,1,county_code_unverified|timezone_not_normalized_to_utc
92813,16128,2008,2008-04-25T14:30:00,2008-04-29T14:30:00,CST-6,96.0,19,19013,C,013,BLACK HAWK,0,0,0,0,200000.00,0.00,Heavy Rain,0,"[[42.5485,-92.5152],[42.3073,-92.2203],[42.3173,-92.1029],[42.5672,-92.4651]]",0,1,county_code_unverified|timezone_not_normalized_to_utc
92814,16128,2008,2008-04-25T17:30:00,2008-04-28T10:30:00,CST-6,65.0,19,19127,C,127,MARSHALL,0,0,0,0,20000.00,0.00,Heavy Rain,0,"[[42.1086,-93.0539],[42.0523,-92.9598],[42.0208,-92.842],[42.0489,-92.8037],[42.1365,-93.0038]]",0,1,county_code_unverified|timezone_not_normalized_to_utc
92815,16128,2008,2008-04-25T06:00:00,2008-04-30T04:30:00,CST-6,118.5,19,19123,C,123,MAHASKA,0,0,0,0,20000.00,0.00,Heavy Rain,0,"[[41.4888,-92.8635],[41.439,-92.858],[41.2519,-92.4203],[41.319,-92.417]]",0,1,county_code_unverified|timezone_not_normalized_to_utc
93224,16198,2008,2008-04-06T21:00:00,2008-04-07T16:00:00,EST-5,19.0,45,45033,C,033,DILLON,0,0,0,0,0.00,0.00,Heavy Rain,0,"[[34.359,-79.43],[34.3676,-79.43],[34.3701,-79.4501],[34.3661,-79.4481]]",0,1,county_code_unverified|timezone_not_normalized_to_utc
93228,15524,2008,2008-04-01T00:00:00,2008-04-02T12:00:00,EST-5,36.0,18,18101,C,101,MARTIN,0,0,0,0,0.00,0.00,Heavy Rain,0,"[[38.5973,-86.7],[38.5926,-86.6838],[38.5958,-86.6842],[38.6011,-86.6915]]",0,1,county_code_unverified|timezone_not_normalized_to_utc
93229,15521,2008,2008-04-01T00:00:00,2008-04-09T05:10:00,EST-5,197.16666666666666,18,18167,C,167,VIGO,0,0,0,0,0.00,0.00,Heavy Rain / Snow Melt,0,"[[39.47,-87.4],[39.4378,-87.4127],[39.4472,-87.4321],[39.4794,-87.4333],[39.5003,-87.4423],[39.495,-87.4148]]",0,1,county_code_unverified|timezone_not_normalized_to_utc
93231,15521,2008,2008-04-01T00:00:00,2008-04-09T00:30:00,EST-5,192.5,18,18165,C,165,VERMILLION,0,0,0,0,0.00,0.00,Heavy Rain / Snow Melt,0,"[[39.813,-87.3952],[39.7914,-87.3839],[39.7704,-87.3859],[39.7719,-87.3671],[39.7951,-87.3653],[39.8138,-87.3791]]",0,1,county_code_unverified|timezone_not_normalized_to_utc
93232,15521,2008,2008-04-01T00:00:00,2008-04-17T16:33:00,EST-5,400.55,18,18071,C,071,JACKSON,0,0,0,0,0.00,0.00,Heavy Rain / Snow Melt,0,"[[38.775,-86.1556],[38.7691,-86.1637],[38.7578,-86.1308],[38.768,-86.1273]]",0,1,county_code_unverified|timezone_not_normalized_to_utc
93233,15521,2008,2008-04-01T00:00:00,2008-04-09T00:30:00,EST-5,192.5,18,18121,C,121,PARKE,0,0,0,0,0.00,0.00,Heavy Rain / Snow Melt,0,"[[39.8043,-87.3774],[39.791,-87.3698],[39.7813,-87.3714],[39.7833,-87.378],[39.7942,-87.3801],[39.8027,-87.387]]",0,1,county_code_unverified|timezone_not_normalized_to_utc
93235,15521,2008,2008-04-01T00:00:00,2008-04-19T04:30:00,EST-5,436.5,18,18153,C,153,SULLIVAN,0,0,0,0,0.00,0.00,Heavy Rain / Snow Melt,0,"[[39.02,-87.58],[39.0104,-87.5803],[39.0096,-87.5638],[39.0278,-87.5634],[39.0383,-87.5712],[39.036,-87.5827]]",0,1,county_code_unverified|timezone_not_normalized_to_utc
93237,15521,2008,2008-04-01T00:00:00,2008-04-17T07:00:00,EST-5,391.0,18,18071,C,071,JACKSON,0,0,0,0,0.00,0.00,Heavy Rain / Snow Melt,0,"[[38.78,-86.23],[38.7705,-86.2433],[38.7643,-86.2372],[38.7718,-86.225],[38.7675,-86.2144],[38.7759,-86.2113],[38.7821,-86.2192]]",0,1,county_code_unverified|timezone_not_normalized_to_utc
93241,15522,2008,2008-04-01T00:00:00,2008-04-05T14:50:00,EST-5,110.83333333333333,18,18093,C,093,LAWRENCE,0,0,0,0,0.00,0.00,Heavy Rain,0,"[[38.8253,-86.4919],[38.8194,-86.4624],[38.787,-86.4703],[38.802,-86.5369],[38.8111,-86.5548],[38.8392,-86.5651],[38.8542,-86.5373]]",0,1,county_code_unverified|timezone_not_normalized_to_utc
93242,15522,2008,2008-04-01T00:00:00,2008-04-19T17:07:00,EST-5,449.1166666666667,18,18083,C,083,KNOX,0,0,0,0,0.00,0.00,Heavy Rain,0,"[[38.503,-87.7588],[38.4923,-87.6132],[38.4385,-87.697],[38.4294,-87.6942],[38.4079,-87.7821],[38.4181,-87.7863]]",0,1,county_code_unverified|timezone_not_normalized_to_utc
93243,15522,2008,2008-04-01T00:00:00,2008-04-09T12:40:00,EST-5,204.66666666666666,18,18093,C,093,LAWRENCE,0,0,0,0,0.00,0.00,Heavy Rain,0,"[[38.77,-86.4],[38.7621,-86.4147],[38.7722,-86.4154],[38.7767,-86.3979],[38.7755,-86.3886],[38.7674,-86.3924]]",0,1,county_code_unverified|timezone_not_normalized_to_utc
93246,15522,2008,2008-04-01T00:00:00,2008-04-08T16:30:00,EST-5,184.5,18,18027,C,027,DAVIESS,0,0,0,0,0.00,0.00,Heavy Rain,0,"[[38.7886,-87.2236],[38.8285,-87.2129],[38.8274,-87.2479],[38.795,-87.2572]]",0,1,county_code_unverified|timezone_not_normalized_to_utc
93249,15522,2008,2008-04-01T00:00:00,2008-04-08T16:30:00,EST-5,184.5,18,18083,C,083,KNOX,0,0,0,0,0.00,0.00,Heavy Rain,0,"[[38.82,-87.25],[38.8218,-87.227],[38.7995,-87.2158],[38.7894,-87.2356],[38.7966,-87.2558]]",0,1,county_code_unverified|timezone_not_normalized_to_utc
93250,15522,2008,2008-04-01T00:00:00,2008-04-16T15:00:00,EST-5,375.0,18,18083,C,083,KNOX,0,0,0,0,0.00,0.00,Heavy Rain,0,"[[38.68,-87.52],[38.7035,-87.5085],[38.7029,-87.5296],[38.6838,-87.5489],[38.6681,-87.5518]]",0,1,county_code_unverified|timezone_not_normalized_to_utc
93256,15522,2008,2008-04-01T00:00:00,2008-04-14T04:36:00,EST-5,316.6,18,18083,C,083,KNOX,0,0,0,0,0.00,0.00,Heavy Rain,0,"[[38.6973,-87.5143],[38.7319,-87.4907],[38.7375,-87.5246],[38.7043,-87.538],[38.6922,-87.5404],[38.6909,-87.5205]]",0,1,county_code_unverified|timezone_not_normalized_to_utc
93259,15522,2008,2008-04-01T00:00:00,2008-04-19T23:51:00,EST-5,455.85,18,18083,C,083,KNOX,0,0,0,0,0.00,0.00,Heavy Rain,0,"[[38.4829,-87.5662],[38.4883,-87.5246],[38.5085,-87.515],[38.5248,-87.5336],[38.5194,-87.5531]]",0,1,county_code_unverified|timezone_not_normalized_to_utc
93260,15522,2008,2008-04-01T00:00:00,2008-04-05T22:37:00,EST-5,118.61666666666666,18,18101,C,101,MARTIN,0,0,0,0,0.00,0.00,Heavy Rain,0,"[[38.67,-86.78],[38.6984,-86.7862],[38.6919,-86.8062],[38.6596,-86.8181],[38.6542,-86.7941]]",0,1,county_code_unverified|timezone_not_normalized_to_utc
93262,15522,2008,2008-04-01T00:00:00,2008-04-06T07:15:00,EST-5,127.25,18,18093,C,093,LAWRENCE,0,0,0,0,0.00,0.00,Heavy Rain,0,"[[38.8,-86.63],[38.7862,-86.6258],[38.787,-86.666],[38.8063,-86.6681],[38.8086,-86.6432]]",0,1,county_code_unverified|timezone_not_normalized_to_utc
93263,15522,2008,2008-04-01T00:00:00,2008-04-18T19:51:00,EST-5,427.85,18,18083,C,083,KNOX,0,0,0,0,0.00,0.00,Heavy Rain,0,"[[38.5449,-87.3365],[38.5492,-87.2699],[38.5122,-87.2239],[38.4974,-87.3011],[38.5149,-87.352]]",0,1,county_code_unverified|timezone_not_normalized_to_utc
93265,15523,2008,2008-04-01T00:00:00,2008-04-03T20:13:00,EST-5,68.21666666666667,18,18071,C,071,JACKSON,0,0,0,0,0.00,0.00,Heavy Rain,0,"[[38.98,-85.9],[38.9928,-85.882],[39.0042,-85.8951],[38.9884,-85.9067]]",0,1,county_code_unverified|timezone_not_normalized_to_utc
93266,15523,2008,2008-04-01T00:00:00,2008-04-05T17:12:00,EST-5,113.2,18,18157,C,157,TIPPECANOE,0,0,0,0,0.00,0.00,Heavy Rain,0,"[[40.4245,-86.8881],[40.4647,-86.8703],[40.4754,-86.8988],[40.4287,-86.9091],[40.4025,-86.9338],[40.391,-86.9094]]",0,1,county_code_unverified|timezone_not_normalized_to_utc
93267,15523,2008,2008-04-01T00:00:00,2008-04-06T14:37:00,EST-5,134.61666666666667,18,18045,C,045,FOUNTAIN,0,0,0,0,0.00,0.00,Heavy Rain,0,"[[40.13,-87.4],[40.1505,-87.4017],[40.1585,-87.4285],[40.1498,-87.4395],[40.1293,-87.4138],[40.1214,-87.4134],[40.1201,-87.3976]]",0,1,county_code_unverified|timezone_not_normalized_to_utc
93272,15523,2008,2008-04-01T00:00:00,2008-04-06T14:37:00,EST-5,134.61666666666667,18,18171,C,171,WARREN,0,0,0,0,0.00,0.00,Heavy Rain,0,"[[40.1579,-87.377],[40.202,-87.4567],[40.1232,-87.4484],[40.1127,-87.3832]]",0,1,county_code_unverified|timezone_not_normalized_to_utc
93275,15523,2008,2008-04-01T00:00:00,2008-04-06T21:11:00,EST-5,141.18333333333334,18,18055,C,055,GREENE,0,0,0,0,0.00,0.00,Heavy Rain,0,"[[39.03,-86.97],[39.0401,-86.9719],[39.038,-86.9544],[39.0185,-86.9646],[39.0181,-86.9808]]",0,1,county_code_unverified|timezone_not_normalized_to_utc
93277,15523,2008,2008-04-01T00:00:00,2008-04-06T19:27:00,EST-5,139.45,18,18055,C,055,GREENE,0,0,0,0,0.00,0.00,Heavy Rain,0,"[[38.92,-87.02],[38.9271,-86.9973],[38.9397,-87.0114],[38.9415,-87.0392],[38.9272,-87.044]]",0,1,county_code_unverified|timezone_not_normalized_to_utc
93283,15528,2008,2008-04-12T08:28:00,2008-04-15T06:17:00,EST-5,69.81666666666666,18,18045,C,045,FOUNTAIN,0,0,0,0,5000.00,0.00,Heavy Rain,0,"[[40.13,-87.4],[40.1553,-87.3969],[40.165,-87.4289],[40.1463,-87.4423],[40.1219,-87.4168],[40.1164,-87.3993]]",0,1,county_code_unverified|timezone_not_normalized_to_utc
93284,15528,2008,2008-04-12T08:28:00,2008-04-15T06:17:00,EST-5,69.81666666666666,18,18171,C,171,WARREN,0,0,0,0,5000.00,0.00,Heavy Rain,0,"[[40.149,-87.4519],[40.1726,-87.4086],[40.1471,-87.3956],[40.118,-87.3983],[40.1164,-87.4127]]",0,1,county_code_unverified|timezone_not_normalized_to_utc
93286,15528,2008,2008-04-11T10:20:00,2008-04-16T17:20:00,EST-5,127.0,18,18167,C,167,VIGO,0,0,0,0,5000.00,0.00,Heavy Rain,0,"[[39.47,-87.4],[39.539,-87.3962],[39.5464,-87.4484],[39.4373,-87.4718],[39.4123,-87.4944],[39.4086,-87.4223]]",0,1,county_code_unverified|timezone_not_normalized_to_utc
93287,15528,2008,2008-04-11T18:40:00,2008-04-14T09:17:00,EST-5,62.61666666666667,18,18157,C,157,TIPPECANOE,0,0,0,0,5000.00,0.00,Heavy Rain,0,"[[40.42,-86.87],[40.4631,-86.8648],[40.4707,-86.9036],[40.4216,-86.9177],[40.4046,-86.9427],[40.3826,-86.917]]",0,1,county_code_unverified|timezone_not_normalized_to_utc
93288,15528,2008,2008-04-11T11:48:00,2008-04-16T13:52:00,EST-5,122.06666666666666,18,18165,C,165,VERMILLION,0,0,0,0,5000.00,0.00,Heavy Rain,0,"[[39.7568,-87.3983],[39.7583,-87.3559],[39.8038,-87.3674],[39.8228,-87.3753],[39.8238,-87.3997]]",0,1,county_code_unverified|timezone_not_normalized_to_utc
93289,15528,2008,2008-04-11T11:48:00,2008-04-16T13:52:00,EST-5,122.06666666666666,18,18121,C,121,PARKE,0,0,0,0,5000.00,0.00,Heavy Rain,0,"[[39.8,-87.37],[39.7658,-87.3667],[39.7698,-87.389],[39.8004,-87.3928]]",0,1,county_code_unverified|timezone_not_normalized_to_utc
93290,15528,2008,2008-04-11T13:56:00,2008-04-14T06:55:00,EST-5,64.98333333333333,18,18071,C,071,JACKSON,0,0,0,0,5000.00,0.00,Heavy Rain,0,"[[38.98,-85.9],[38.9853,-85.9052],[38.9942,-85.8984],[38.9915,-85.892]]",0,1,county_code_unverified|timezone_not_normalized_to_utc
93292,16208,2008,2008-04-04T10:58:00,2008-04-07T08:36:00,EST-5,69.63333333333334,18,18071,C,071,JACKSON,0,0,0,0,5000.00,0.00,Heavy Rain,0,"[[38.98,-85.9],[38.9912,-85.887],[38.9992,-85.9004],[38.9838,-85.9047]]",0,1,county_code_unverified|timezone_not_normalized_to_utc
93427,16064,2008,2008-04-20T19:30:00,2008-04-20T22:30:00,EST-5,3.0,24,24005,C,005,BALTIMORE,0,0,0,0,0.00,0.00,Heavy Rain,0,"[[39.6332,-76.7846],[39.6338,-76.7817],[39.6409,-76.7783],[39.6415,-76.7792]]",0,1,county_code_unverified|timezone_not_normalized_to_utc
93428,16064,2008,2008-04-20T20:10:00,2008-04-20T22:20:00,EST-5,2.1666666666666665,24,24021,C,021,FREDERICK,0,0,0,0,0.00,0.00,Heavy Rain,0,"[[39.54,-77.42],[39.5365,-77.4226],[39.5374,-77.4257],[39.5413,-77.4268]]",0,1,county_code_unverified|timezone_not_normalized_to_utc
93437,16065,2008,2008-04-20T10:18:00,2008-04-20T15:00:00,EST-5,4.7,51,51107,C,107,LOUDOUN,0,0,0,0,0.00,0.00,Heavy Rain,0,"[[39.0983,-77.5471],[39.0987,-77.5471],[39.0987,-77.5467],[39.0985,-77.5467]]",0,1,county_code_unverified|timezone_not_normalized_to_utc
93438,16065,2008,2008-04-20T15:26:00,2008-04-20T21:00:00,EST-5,5.566666666666666,51,51059,C,059,FAIRFAX,0,0,0,0,0.00,0.00,Heavy Rain,0,"[[38.8455,-77.238],[38.8457,-77.2378],[38.846,-77.2381],[38.8457,-77.2383]]",0,1,county_code_unverified|timezone_not_normalized_to_utc
93439,16065,2008,2008-04-20T15:30:00,2008-04-20T20:30:00,EST-5,5.0,51,51013,C,013,ARLINGTON,0,0,0,0,0.00,0.00,Heavy Rain,0,"[[38.8912,-77.0658],[38.8919,-77.0663],[38.8922,-77.066],[38.8917,-77.0656]]",0,1,county_code_unverified|timezone_not_normalized_to_utc
93441,16065,2008,2008-04-21T01:30:00,2008-04-21T04:30:00,EST-5,3.0,51,51107,C,107,LOUDOUN,0,0,0,0,0.00,0.00,Heavy Rain,0,"[[39.0561,-77.6193],[39.054,-77.6196],[39.054,-77.617],[39.0555,-77.6169]]",0,1,county_code_unverified|timezone_not_normalized_to_utc
93442,16066,2008,2008-04-21T05:00:00,2008-04-21T11:00:00,EST-5,6.0,54,54003,C,003,BERKELEY,0,0,0,0,0.00,0.00,Heavy Rain,0,"[[39.4697,-77.9794],[39.4698,-77.979],[39.4702,-77.9791],[39.4701,-77.9795]]",0,1,county_code_unverified|timezone_not_normalized_to_utc
93443,16066,2008,2008-04-21T05:00:00,2008-04-21T11:00:00,EST-5,6.0,54,54065,C,065,MORGAN,0,0,0,0,5000.00,0.00,Heavy Rain,0,"[[39.6269,-78.2278],[39.6273,-78.2278],[39.627,-78.2275],[39.6267,-78.2277]]",0,1,county_code_unverified|timezone_not_normalized_to_utc
93549,16138,2008,2008-04-04T03:30:00,2008-04-04T13:44:00,EST-5,10.233333333333333,21,21211,C,211,SHELBY,0,0,0,0,0.00,0.00,Heavy Rain,0,"[[38.2813,-85.3425],[38.1583,-85.3178],[38.0816,-85.0905],[38.3158,-85.0754]]",0,1,county_code_unverified|timezone_not_normalized_to_utc
93551,16138,2008,2008-04-04T04:00:00,2008-04-04T05:00:00,EST-5,1.0,21,21223,C,223,TRIMBLE,0,0,0,0,0.00,0.00,Heavy Rain,0,"[[38.7134,-85.3308],[38.7161,-85.429],[38.5439,-85.394],[38.5772,-85.2306]]",0,1,county_code_unverified|timezone_not_normalized_to_utc
93552,16129,2008,2008-06-08T06:00:00,2008-06-11T06:00:00,CST-6,72.0,19,19027,C,027,CARROLL,0,0,0,0,25000.00,0.00,Heavy Rain,0,"[[42.07,-94.86],[42.0842,-94.8875],[42.0638,-94.8886],[42.0614,-94.8618]]",0,1,county_code_unverified|timezone_not_normalized_to_utc
93553,16129,2008,2008-06-08T07:00:00,2008-06-08T17:00:00,CST-6,10.0,19,19079,C,079,HAMILTON,0,0,0,0,50000.00,0.00,Heavy Rain,0,"[[42.46,-93.82],[42.4751,-93.8442],[42.4881,-93.7973],[42.4713,-93.7879]]",0,1,county_code_unverified|timezone_not_normalized_to_utc
93554,16129,2008,2008-06-08T10:25:00,2008-06-08T16:25:00,CST-6,6.0,19,19153,C,153,POLK,0,0,0,0,2000.00,0.00,Heavy Rain,0,"[[41.73,-93.5],[41.7288,-93.518],[41.7329,-93.5175],[41.7338,-93.495]]",0,1,county_code_unverified|timezone_not_normalized_to_utc
93555,16129,2008,2008-06-08T10:44:00,2008-06-08T16:44:00,CST-6,6.0,19,19153,C,153,POLK,0,0,0,0,1000.00,0.00,Heavy Rain,0,"[[41.57,-93.45],[41.5683,-93.4498],[41.5686,-93.4474],[41.5705,-93.4475]]",0,1,county_code_unverified|timezone_not_normalized_to_utc
93556,16129,2008,2008-06-08T13:35:00,2008-06-11T06:00:00,CST-6,64.41666666666667,19,19077,C,077,GUTHRIE,0,0,0,0,25000.00,0.00,Heavy Rain,0,"[[41.5074,-94.5449],[41.5063,-94.4443],[41.5554,-94.4347],[41.559,-94.5435]]",0,1,county_code_unverified|timezone_not_normalized_to_utc
93557,16129,2008,2008-06-08T14:28:00,2008-06-11T06:00:00,CST-6,63.53333333333333,19,19023,C,023,BUTLER,0,0,0,0,100000.00,0.00,Dam / Levee Break,0,"[[42.5652,-92.9004],[42.6042,-92.897],[42.5986,-92.6319],[42.5589,-92.6165]]",0,1,county_code_unverified|timezone_not_normalized_to_utc
93558,16129,2008,2008-06-08T15:05:00,2008-06-11T06:00:00,CST-6,62.916666666666664,19,19023,C,023,BUTLER,0,0,0,0,50000.00,0.00,Heavy Rain,0,"[[42.9,-92.8],[42.8873,-92.7868],[42.8869,-92.7997],[42.9,-92.815]]",0,1,county_code_unverified|timezone_not_normalized_to_utc
93559,16129,2008,2008-06-08T15:11:00,2008-06-11T06:00:00,CST-6,62.81666666666667,19,19049,C,049,DALLAS,0,0,0,0,500000.00,0.00,Heavy Rain,0,"[[41.73,-94.11],[41.7361,-94.1103],[41.7358,-94.1035],[41.7305,-94.104]]",0,1,county_code_unverified|timezone_not_normalized_to_utc
93691,16240,2008,2008-06-12T02:34:00,2008-06-13T06:00:00,CST-6,27.433333333333334,19,19077,C,077,GUTHRIE,0,0,0,0,100000.00,10000.00,Heavy Rain,0,"[[41.68,-94.5],[41.6806,-94.514],[41.6673,-94.5133],[41.6718,-94.4884]]",0,1,county_code_unverified|timezone_not_normalized_to_utc
93692,16240,2008,2008-06-12T03:48:00,2008-06-13T06:00:00,CST-6,26.2,19,19153,C,153,POLK,0,0,0,0,200000.00,0.00,Heavy Rain,0,"[[41.58,-93.62],[41.6258,-93.6912],[41.6868,-93.6955],[41.6468,-93.6193]]",0,1,county_code_unverified|timezone_not_normalized_to_utc
93693,16240,2008,2008-06-12T11:05:00,2008-06-13T06:00:00,CST-6,18.916666666666668,19,19109,C,109,KOSSUTH,0,0,0,0,150000.00,10000.00,Heavy Rain,0,"[[43.0308,-94.3204],[43.411,-94.3533],[43.4125,-93.9807],[43.0397,-93.976]]",0,1,county_code_unverified|timezone_not_normalized_to_utc
93694,16240,2008,2008-06-12T12:22:00,2008-06-13T06:00:00,CST-6,17.633333333333333,19,19153,C,153,POLK,0,0,0,0,250000.00,0.00,Heavy Rain,0,"[[41.5414,-93.6602],[41.5664,-93.6835],[41.6022,-93.5692],[41.5749,-93.5307]]",0,1,county_code_unverified|timezone_not_normalized_to_utc
93743,16138,2008,2008-04-03T15:20:00,2008-04-03T21:20:00,CST-6,6.0,21,21003,C,003,ALLEN,0,0,0,0,0.00,0.00,Heavy Rain,0,"[[36.8258,-86.2495],[36.6684,-86.369],[36.6783,-86.082],[36.8555,-86.1397]]",0,1,county_code_unverified|timezone_not_normalized_to_utc
93745,16138,2008,2008-04-04T03:07:00,2008-04-04T13:13:00,CST-6,10.1,21,21003,C,003,ALLEN,0,0,0,0,75000.00,0.00,Heavy Rain,0,"[[36.8269,-86.255],[36.6673,-86.3683],[36.6563,-86.1033],[36.8467,-86.1273]]",0,1,county_code_unverified|timezone_not_normalized_to_utc
93761,16138,2008,2008-04-04T05:42:00,2008-04-04T08:00:00,EST-5,2.3,21,21181,C,181,NICHOLAS,0,0,0,0,0.00,0.00,Heavy Rain,0,"[[38.3139,-84.0264],[38.3175,-84.0179],[38.3072,-83.9991],[38.3033,-84.0134]]",0,1,county_code_unverified|timezone_not_normalized_to_utc
93762,16138,2008,2008-04-04T05:53:00,2008-04-04T08:53:00,EST-5,3.0,21,21239,C,239,WOODFORD,0,0,0,0,0.00,0.00,Heavy Rain,0,"[[38.08,-84.83],[38.0934,-84.8297],[38.0678,-84.7073],[38.0443,-84.7166]]",0,1,county_code_unverified|timezone_not_normalized_to_utc
93765,16138,2008,2008-04-04T05:14:00,2008-04-04T09:15:00,CST-6,4.016666666666667,21,21183,C,183,OHIO,0,0,0,0,0.00,0.00,Heavy Rain,0,"[[37.54,-86.94],[37.4923,-86.803],[37.416,-86.7735],[37.3843,-86.9087],[37.5434,-87.0049]]",0,1,county_code_unverified|timezone_not_normalized_to_utc
93766,16138,2008,2008-04-04T05:41:00,2008-04-04T14:00:00,CST-6,8.316666666666666,21,21085,C,085,GRAYSON,0,0,0,0,0.00,0.00,Heavy Rain,0,"[[37.4792,-86.5393],[37.3843,-86.5215],[37.4203,-86.1713],[37.5195,-86.2152],[37.5533,-86.4693]]",0,1,county_code_unverified|timezone_not_normalized_to_utc
93767,16138,2008,2008-04-04T07:17:00,2008-04-04T11:17:00,CST-6,4.0,21,21061,C,061,EDMONSON,0,0,0,0,0.00,0.00,Heavy Rain,0,"[[37.2325,-86.3326],[37.2257,-86.3299],[37.2204,-86.3517],[37.2046,-86.3769],[37.2137,-86.3891],[37.2276,-86.3752]]",0,1,county_code_unverified|timezone_not_normalized_to_utc
93768,16138,2008,2008-04-04T07:17:00,2008-04-04T11:17:00,CST-6,4.0,21,21171,C,171,MONROE,0,0,0,0,0.00,0.00,Heavy Rain,0,"[[36.7273,-85.9152],[36.71,-85.9285],[36.6882,-85.8585],[36.7221,-85.8379]]",0,1,county_code_unverified|timezone_not_normalized_to_utc
93774,16138,2008,2008-04-04T06:30:00,2008-04-04T10:00:00,CST-6,3.5,21,21031,C,031,BUTLER,0,0,0,0,0.00,0.00,Heavy Rain,0,"[[37.1807,-86.6286],[37.1919,-86.636],[37.1896,-86.6535],[37.1796,-86.6461]]",0,1,county_code_unverified|timezone_not_normalized_to_utc
93777,16065,2008,2008-04-21T01:30:00,2008-04-21T04:30:00,EST-5,3.0,51,51059,C,059,FAIRFAX,0,0,0,0,0.00,0.00,Heavy Rain,0,"[[38.72,-77.08],[38.7188,-77.0808],[38.7192,-77.0824],[38.7203,-77.0815]]",0,1,county_code_unverified|timezone_not_normalized_to_utc
93961,15558,2008,2008-04-09T18:00:00,2008-04-09T23:00:00,CST-6,5.0,48,48231,C,231,HUNT,0,0,0,0,0.00,0.00,Heavy Rain,0,"[[33.13,-96.12],[33.1502,-95.8214],[33.2617,-95.7774],[33.2134,-96.0452]]",0,1,county_code_unverified|timezone_not_normalized_to_utc
93964,15558,2008,2008-04-09T18:00:00,2008-04-09T23:00:00,CST-6,5.0,48,48223,C,223,HOPKINS,0,0,0,0,0.00,0.00,Heavy Rain,0,"[[33.1111,-95.8173],[33.2599,-95.7829],[33.2731,-95.9326],[33.1238,-95.9285]]",0,1,county_code_unverified|timezone_not_normalized_to_utc
94100,16277,2008,2008-05-30T22:45:00,2008-05-31T09:00:00,CST-6,10.25,31,31037,C,037,COLFAX,0,0,0,0,1000000.00,0.00,Heavy Rain,0,"[[41.4542,-97.059],[41.4542,-97.0475],[41.4588,-97.031],[41.4652,-97.0461],[41.4754,-97.0428],[41.4799,-97.0676]]",0,1,county_code_unverified|timezone_not_normalized_to_utc
94238,16326,2008,2008-05-04T12:30:00,2008-05-07T06:06:00,CST-6,65.6,19,19109,C,109,KOSSUTH,0,0,0,0,0.00,20000.00,Heavy Rain,0,"[[43.2241,-94.1398],[43.213,-94.2621],[42.879,-94.3234],[42.879,-94.1547]]",0,1,county_code_unverified|timezone_not_normalized_to_utc
94240,16326,2008,2008-05-07T12:07:00,2008-05-09T00:15:00,CST-6,36.13333333333333,19,19187,C,187,WEBSTER,0,0,0,0,0.00,20000.00,Heavy Rain,0,"[[42.3199,-93.9336],[42.3103,-94.0039],[42.0725,-93.9837],[42.0737,-93.9072]]",0,1,county_code_unverified|timezone_not_normalized_to_utc
94244,16327,2008,2008-05-11T09:45:00,2008-05-11T16:35:00,CST-6,6.833333333333333,19,19117,C,117,LUCAS,0,0,0,0,0.00,0.00,Heavy Rain,0,"[[40.9691,-93.2575],[40.9308,-93.0998],[40.9008,-93.1006],[40.9009,-93.2108]]",0,1,county_code_unverified|timezone_not_normalized_to_utc
94245,16327,2008,2008-05-11T07:55:00,2008-05-11T16:18:00,CST-6,8.383333333333333,19,19179,C,179,WAPELLO,0,0,0,0,0.00,0.00,Heavy Rain,0,"[[41.1254,-92.6374],[41.159,-92.6074],[40.9519,-92.1873],[40.9011,-92.2869]]",0,1,county_code_unverified|timezone_not_normalized_to_utc
94246,16330,2008,2008-05-24T15:22:00,2008-05-25T12:38:00,CST-6,21.266666666666666,19,19117,C,117,LUCAS,0,0,0,0,0.00,20000.00,Heavy Rain,0,"[[40.9691,-93.2575],[40.9308,-93.0998],[40.9008,-93.1006],[40.9009,-93.2108]]",0,1,county_code_unverified|timezone_not_normalized_to_utc
94247,16330,2008,2008-05-24T13:42:00,2008-05-25T04:46:00,CST-6,15.066666666666666,19,19185,C,185,WAYNE,0,0,0,0,0.00,20000.00,Heavy Rain,0,"[[40.8436,-93.1129],[40.8119,-93.2303],[40.7828,-93.2308],[40.769,-93.1038]]",0,1,county_code_unverified|timezone_not_normalized_to_utc
94249,16330,2008,2008-05-26T05:26:00,2008-05-31T18:51:00,CST-6,133.41666666666666,19,19013,C,013,BLACK HAWK,0,0,0,0,25000.00,20000.00,Heavy Rain,0,"[[42.5485,-92.5152],[42.6117,-92.5282],[42.6117,-92.4609],[42.5672,-92.4651]]",0,1,county_code_unverified|timezone_not_normalized_to_utc
94260,16330,2008,2008-05-27T06:07:00,2008-05-31T23:59:00,CST-6,113.86666666666666,19,19013,C,013,BLACK HAWK,0,0,0,0,10000.00,20000.00,Heavy Rain,0,"[[42.6407,-92.5518],[42.6407,-92.4587],[42.6106,-92.457],[42.6103,-92.5521]]",0,1,county_code_unverified|timezone_not_normalized_to_utc
94266,16331,2008,2008-05-30T01:52:00,2008-05-30T17:00:00,CST-6,15.133333333333333,19,19169,C,169,STORY,0,0,0,0,50000.00,5000.00,Heavy Rain,0,"[[42.0429,-93.6451],[42.0326,-93.621],[42.0186,-93.597],[42.0067,-93.5959],[42.0165,-93.6356],[42.0314,-93.6575]]",0,1,county_code_unverified|timezone_not_normalized_to_utc
94270,16331,2008,2008-05-30T06:11:00,2008-05-31T12:53:00,CST-6,30.7,19,19169,C,169,STORY,0,0,0,0,15000.00,25000.00,Heavy Rain,0,"[[42.0665,-93.6109],[42.0408,-93.5887],[42.0114,-93.5866],[42.0146,-93.6047],[42.0376,-93.6095],[42.067,-93.6304]]",0,1,county_code_unverified|timezone_not_normalized_to_utc
94280,16331,2008,2008-05-30T06:50:00,2008-05-31T09:51:00,CST-6,27.016666666666666,19,19169,C,169,STORY,0,0,0,0,15000.00,50000.00,Heavy Rain,0,"[[42.0114,-93.5866],[42.0103,-93.6055],[41.7988,-93.4973],[41.7133,-93.399],[41.7041,-93.3494],[41.7307,-93.3487]]",0,1,county_code_unverified|timezone_not_normalized_to_utc
94281,16331,2008,2008-05-30T10:52:00,2008-05-31T18:30:00,CST-6,31.633333333333333,19,19033,C,033,CERRO GORDO,0,0,0,0,0.00,0.00,Heavy Rain,0,"[[43.1371,-93.0309],[43.0596,-93.0319],[43.2497,-93.4604],[43.2492,-93.3618]]",0,1,county_code_unverified|timezone_not_normalized_to_utc
94282,16331,2008,2008-05-31T03:35:00,2008-05-31T23:59:00,CST-6,20.4,19,19099,C,099,JASPER,0,0,0,0,10000.00,50000.00,Heavy Rain,0,"[[41.7305,-93.3475],[41.7003,-93.3477],[41.6299,-93.1593],[41.5087,-93.0053],[41.5086,-92.9274],[41.6769,-93.1087]]",0,1,county_code_unverified|timezone_not_normalized_to_utc
94283,16331,2008,2008-05-30T06:47:00,2008-05-31T23:59:00,CST-6,41.2,19,19123,C,123,MAHASKA,0,0,0,0,10000.00,50000.00,Heavy Rain,0,"[[41.4888,-92.8635],[41.439,-92.858],[41.2519,-92.4203],[41.319,-92.417]]",0,1,county_code_unverified|timezone_not_normalized_to_utc
94284,16331,2008,2008-05-30T20:00:00,2008-05-31T05:04:00,CST-6,9.066666666666666,19,19117,C,117,LUCAS,0,0,0,0,0.00,10000.00,Heavy Rain,0,"[[40.9691,-93.2575],[40.9308,-93.0998],[40.9008,-93.1006],[40.9009,-93.2108]]",0,1,county_code_unverified|timezone_not_normalized_to_utc
94285,16331,2008,2008-05-31T02:09:00,2008-05-31T23:59:00,CST-6,21.833333333333332,19,19187,C,187,WEBSTER,0,0,0,0,0.00,20000.00,Heavy Rain,0,"[[42.3199,-93.9336],[42.3103,-94.0039],[42.0725,-93.9837],[42.0737,-93.9072]]",0,1,county_code_unverified|timezone_not_normalized_to_utc
94286,16331,2008,2008-05-30T21:10:00,2008-05-31T23:59:00,CST-6,26.816666666666666,19,19153,C,153,POLK,0,0,0,0,15000.00,0.00,Heavy Rain,0,"[[41.5586,-93.6751],[41.5769,-93.674],[41.5912,-93.6209],[41.5731,-93.6085]]",0,1,county_code_unverified|timezone_not_normalized_to_utc
94287,16331,2008,2008-05-30T18:37:00,2008-05-31T23:59:00,CST-6,29.366666666666667,19,19153,C,153,POLK,0,0,0,0,15000.00,0.00,Heavy Rain,0,"[[41.5658,-93.6716],[41.5345,-93.7337],[41.5537,-93.7391],[41.5742,-93.6953]]",0,1,county_code_unverified|timezone_not_normalized_to_utc
94288,16331,2008,2008-05-31T12:56:00,2008-05-31T23:59:00,CST-6,11.05,19,19153,C,153,POLK,0,0,0,0,15000.00,0.00,Heavy Rain,0,"[[41.8498,-93.9994],[41.8092,-93.9996],[41.6955,-93.8002],[41.6336,-93.6656],[41.6796,-93.6727],[41.7549,-93.7758]]",0,1,county_code_unverified|timezone_not_normalized_to_utc
94289,16331,2008,2008-05-30T08:05:00,2008-05-31T23:59:00,CST-6,39.9,19,19127,C,127,MARSHALL,0,0,0,0,5000.00,25000.00,Heavy Rain,0,"[[42.1086,-93.0539],[42.0523,-92.9598],[42.0208,-92.842],[42.0489,-92.8037],[42.1365,-93.0038]]",0,1,county_code_unverified|timezone_not_normalized_to_utc
94290,16331,2008,2008-05-30T21:56:00,2008-05-31T23:59:00,CST-6,26.05,19,19023,C,023,BUTLER,0,0,0,0,0.00,15000.00,Heavy Rain,0,"[[42.5589,-92.5583],[42.598,-92.5566],[42.618,-92.7567],[42.5886,-92.7608]]",0,1,county_code_unverified|timezone_not_normalized_to_utc
94291,16331,2008,2008-05-30T13:08:00,2008-05-31T23:59:00,CST-6,34.85,19,19049,C,049,DALLAS,0,0,0,0,10000.00,25000.00,Heavy Rain,0,"[[41.84,-94.2694],[41.8617,-94.2309],[41.8614,-94.1047],[41.6224,-93.9829],[41.637,-94.0842]]",0,1,county_code_unverified|timezone_not_normalized_to_utc
94292,16137,2008,2008-04-10T07:32:00,2008-04-10T18:30:00,CST-6,10.966666666666667,29,29083,C,083,HENRY,0,0,0,0,0.00,0.00,Heavy Rain,0,"[[38.5589,-93.9644],[38.5213,-93.9407],[38.517,-93.9674],[38.5608,-93.9808]]",0,1,county_code_unverified|timezone_not_normalized_to_utc
94293,16137,2008,2008-04-10T04:29:00,2008-04-11T19:59:00,CST-6,39.5,29,29053,C,053,COOPER,0,0,0,0,0.00,0.00,Heavy Rain,0,"[[38.9276,-92.7243],[38.9287,-92.6666],[38.9171,-92.6733],[38.9103,-92.7243]]",0,1,county_code_unverified|timezone_not_normalized_to_utc
94296,16137,2008,2008-04-10T07:39:00,2008-04-11T00:48:00,CST-6,17.15,29,29089,C,089,HOWARD,0,0,0,0,0.00,0.00,Heavy Rain,0,"[[39.1066,-92.6106],[39.0704,-92.5543],[39.0699,-92.5931],[39.1013,-92.6371]]",0,1,county_code_unverified|timezone_not_normalized_to_utc
94297,16137,2008,2008-04-10T08:06:00,2008-04-11T13:27:00,CST-6,29.35,29,29053,C,053,COOPER,0,0,0,0,0.00,0.00,Heavy Rain,0,"[[38.723,-92.9775],[38.6844,-92.9182],[38.6823,-92.9732],[38.7206,-93.0]]",0,1,county_code_unverified|timezone_not_normalized_to_utc
94298,16137,2008,2008-04-10T17:21:00,2008-04-11T14:18:00,CST-6,20.95,29,29041,C,041,CHARITON,0,0,0,0,0.00,0.00,Heavy Rain,0,"[[39.5432,-92.7603],[39.5125,-92.7631],[39.5296,-92.8261],[39.5562,-92.7905]]",0,1,county_code_unverified|timezone_not_normalized_to_utc
94300,16137,2008,2008-04-10T04:29:00,2008-04-11T17:28:00,CST-6,36.983333333333334,29,29101,C,101,JOHNSON,0,0,0,0,0.00,0.00,Heavy Rain,0,"[[38.9044,-93.6124],[38.8921,-93.5733],[38.8622,-93.6104],[38.8742,-93.6536]]",0,1,county_code_unverified|timezone_not_normalized_to_utc
94431,16352,2008,2008-04-10T05:00:00,2008-04-10T22:05:00,CST-6,17.083333333333332,40,40113,C,113,OSAGE,0,0,0,0,0.00,0.00,Heavy Rain,0,"[[36.5107,-96.1082],[36.4493,-96.1082],[36.4493,-96.0318],[36.48,-96.034]]",0,1,county_code_unverified|timezone_not_normalized_to_utc
94437,16354,2008,2008-04-10T09:22:00,2008-04-12T03:58:00,CST-6,42.6,40,40143,C,143,TULSA,0,0,0,0,0.00,0.00,Heavy Rain,0,"[[36.3434,-96.0],[36.3307,-95.9619],[36.3,-95.9461],[36.2693,-95.9619]]",0,1,county_code_unverified|timezone_not_normalized_to_utc
94440,16355,2008,2008-04-10T10:48:00,2008-04-13T09:50:00,CST-6,71.03333333333333,40,40143,C,143,TULSA,0,0,0,0,0.00,0.00,Heavy Rain,0,"[[36.4134,-95.83],[36.4007,-95.7919],[36.37,-95.7761],[36.3393,-95.7919]]",0,1,county_code_unverified|timezone_not_normalized_to_utc
94447,16357,2008,2008-04-10T10:05:00,2008-04-12T11:45:00,CST-6,49.666666666666664,40,40143,C,143,TULSA,0,0,0,0,0.00,0.00,Heavy Rain,0,"[[36.27,-95.85],[36.2393,-95.8119],[36.2266,-95.85],[36.2393,-95.8881]]",0,1,county_code_unverified|timezone_not_normalized_to_utc
94459,16359,2008,2008-04-12T00:34:00,2008-04-18T14:32:00,CST-6,157.96666666666667,40,40111,C,111,OKMULGEE,0,0,0,0,0.00,0.00,Heavy Rain,0,"[[35.73,-96.07],[35.6576,-96.07],[35.6584,-96.1582],[35.6912,-96.1853]]",0,1,county_code_unverified|timezone_not_normalized_to_utc
94473,16361,2008,2008-04-08T15:56:00,2008-04-09T03:10:00,CST-6,11.233333333333333,40,40037,C,037,CREEK,0,0,0,0,0.00,0.00,Heavy Rain,0,"[[36.0,-96.1],[35.9566,-96.1],[35.9693,-96.0621],[36.0,-96.0463]]",0,1,county_code_unverified|timezone_not_normalized_to_utc
94481,16363,2008,2008-04-10T06:35:00,2008-04-10T22:30:00,CST-6,15.916666666666666,40,40037,C,037,CREEK,0,0,0,0,0.00,0.00,Heavy Rain,0,"[[36.0,-96.1],[35.9566,-96.1],[35.9693,-96.0621],[36.0,-96.0463]]",0,1,county_code_unverified|timezone_not_normalized_to_utc
94485,16364,2008,2008-04-10T08:49:00,2008-04-16T21:00:00,CST-6,156.18333333333334,40,40079,C,079,LE FLORE,0,0,0,0,0.00,0.00,Heavy Rain,0,"[[35.17,-94.67],[35.2007,-94.6324],[35.17,-94.6169],[35.1393,-94.6325]]",0,1,county_code_unverified|timezone_not_normalized_to_utc
94488,16365,2008,2008-04-10T09:20:00,2008-04-15T01:20:00,CST-6,112.0,40,40079,C,079,LE FLORE,0,0,0,0,0.00,0.00,Heavy Rain,0,"[[35.05,-94.62],[34.9776,-94.62],[34.9988,-94.5575],[35.0807,-94.5825]]",0,1,county_code_unverified|timezone_not_normalized_to_utc
94491,16367,2008,2008-04-10T19:57:00,2008-04-12T13:05:00,CST-6,41.13333333333333,40,40021,C,021,CHEROKEE,0,0,0,0,0.00,0.00,Heavy Rain,0,"[[35.92,-94.97],[35.9712,-94.9068],[35.92,-94.8449],[35.8688,-94.9068]]",0,1,county_code_unverified|timezone_not_normalized_to_utc
94492,16369,2008,2008-04-01T03:54:00,2008-04-01T20:00:00,CST-6,16.1,40,40001,C,001,ADAIR,0,0,0,0,0.00,0.00,Heavy Rain,0,"[[36.12,-94.57],[36.149,-94.57],[36.1405,-94.5953],[36.12,-94.6058]]",0,1,county_code_unverified|timezone_not_normalized_to_utc
94496,16370,2008,2008-04-10T11:52:00,2008-04-11T14:42:00,CST-6,26.833333333333332,40,40001,C,001,ADAIR,0,0,0,0,0.00,0.00,Heavy Rain,0,"[[36.12,-94.57],[36.149,-94.57],[36.1405,-94.5953],[36.12,-94.6058]]",0,1,county_code_unverified|timezone_not_normalized_to_utc
94681,16391,2008,2008-04-25T19:51:00,2008-04-26T10:18:00,CST-6,14.45,29,29021,C,021,BUCHANAN,0,0,0,0,0.00,0.00,Heavy Rain,0,"[[39.7098,-94.685],[39.6565,-94.698],[39.671,-94.7461],[39.7125,-94.7272]]",0,1,county_code_unverified|timezone_not_normalized_to_utc
94682,16391,2008,2008-04-24T07:00:00,2008-04-25T00:11:00,CST-6,17.183333333333334,29,29083,C,083,HENRY,0,0,0,0,0.00,0.00,Heavy Rain,0,"[[38.57,-93.97],[38.549,-93.9582],[38.5495,-93.9755],[38.566,-93.9838]]",0,1,county_code_unverified|timezone_not_normalized_to_utc
94684,16391,2008,2008-04-24T01:50:00,2008-04-28T05:38:00,CST-6,99.8,29,29195,C,195,SALINE,0,0,0,0,0.00,0.00,Heavy Rain,0,"[[39.0203,-93.2132],[38.9989,-93.1545],[38.9781,-93.1654],[39.0029,-93.2355]]",0,1,county_code_unverified|timezone_not_normalized_to_utc
94685,16391,2008,2008-04-24T10:59:00,2008-04-25T05:33:00,CST-6,18.566666666666666,29,29053,C,053,COOPER,0,0,0,0,0.00,0.00,Heavy Rain,0,"[[38.9602,-92.7044],[38.9505,-92.6874],[38.9433,-92.7112],[38.9543,-92.7183]]",0,1,county_code_unverified|timezone_not_normalized_to_utc
94686,16391,2008,2008-04-25T21:09:00,2008-04-27T06:50:00,CST-6,33.68333333333333,29,29117,C,117,LIVINGSTON,0,0,0,0,0.00,0.00,Heavy Rain,0,"[[39.7706,-93.5761],[39.7457,-93.4889],[39.7162,-93.5095],[39.7426,-93.6111]]",0,1,county_code_unverified|timezone_not_normalized_to_utc
95083,16426,2008,2008-05-30T23:00:00,2008-05-31T23:59:00,EST-5,24.983333333333334,18,18007,C,007,BENTON,0,0,0,0,0.00,0.00,Heavy Rain,0,"[[40.6276,-87.3877],[40.6276,-87.3099],[40.6056,-87.2883],[40.5616,-87.3171],[40.5616,-87.3877]]",0,1,county_code_unverified|timezone_not_normalized_to_utc
95101,16415,2008,2008-05-30T21:00:00,2008-05-31T23:59:00,CST-6,26.983333333333334,17,17075,C,075,IROQUOIS,0,0,0,0,0.00,0.00,Heavy Rain,0,"[[40.6491,-87.7725],[40.6491,-87.6795],[40.6163,-87.6795],[40.6163,-87.7725]]",0,1,county_code_unverified|timezone_not_normalized_to_utc
95137,16415,2008,2008-05-31T15:15:00,2008-05-31T23:59:00,CST-6,8.733333333333333,17,17075,C,075,IROQUOIS,0,0,0,0,0.00,0.00,Heavy Rain,0,"[[40.6824,-88.0206],[40.6824,-88.0106],[40.6762,-88.0106],[40.6762,-88.0206]]",0,1,county_code_unverified|timezone_not_normalized_to_utc
95141,16415,2008,2008-05-31T15:15:00,2008-05-31T23:59:00,CST-6,8.733333333333333,17,17075,C,075,IROQUOIS,0,0,0,0,0.00,0.00,Heavy Rain,0,"[[40.7349,-87.5401],[40.7349,-87.5262],[40.6889,-87.5262],[40.6889,-87.5401]]",0,1,county_code_unverified|timezone_not_normalized_to_utc
95182,16391,2008,2008-04-24T18:00:00,2008-04-25T02:11:00,CST-6,8.183333333333334,29,29053,C,053,COOPER,0,0,0,0,0.00,0.00,Heavy Rain,0,"[[38.7064,-92.9921],[38.6909,-92.9388],[38.6882,-92.9685],[38.6968,-92.9952]]",0,1,county_code_unverified|timezone_not_normalized_to_utc
95190,16391,2008,2008-04-24T20:23:00,2008-04-28T16:23:00,CST-6,92.0,29,29041,C,041,CHARITON,0,0,0,0,0.00,0.00,Heavy Rain,0,"[[39.6744,-93.2698],[39.6036,-93.2396],[39.5993,-93.3165],[39.6818,-93.3254]]",0,1,county_code_unverified|timezone_not_normalized_to_utc
95202,16391,2008,2008-04-24T05:15:00,2008-04-25T18:14:00,CST-6,36.983333333333334,29,29083,C,083,HENRY,0,0,0,0,0.00,0.00,Heavy Rain,0,"[[38.4633,-94.0395],[38.4294,-93.9462],[38.4197,-93.964],[38.4418,-94.0725]]",0,1,county_code_unverified|timezone_not_normalized_to_utc
95209,16391,2008,2008-04-24T03:00:00,2008-04-25T06:00:00,CST-6,27.0,29,29101,C,101,JOHNSON,0,0,0,0,0.00,0.00,Heavy Rain,0,"[[38.8424,-93.6804],[38.8488,-93.5864],[38.8258,-93.5843],[38.8298,-93.6986]]",0,1,county_code_unverified|timezone_not_normalized_to_utc
95215,16137,2008,2008-04-10T22:06:00,2008-04-13T21:10:00,CST-6,71.06666666666666,29,29117,C,117,LIVINGSTON,0,0,0,0,0.00,0.00,Heavy Rain,0,"[[39.7769,-93.6337],[39.7431,-93.4806],[39.7162,-93.5019],[39.746,-93.6396]]",0,1,county_code_unverified|timezone_not_normalized_to_utc
95223,16137,2008,2008-04-09T19:35:00,2008-04-11T21:56:00,CST-6,50.35,29,29083,C,083,HENRY,0,0,0,0,0.00,0.00,Heavy Rain,0,"[[38.4595,-94.0368],[38.4428,-93.9695],[38.4384,-93.988],[38.4443,-94.0409]]",0,1,county_code_unverified|timezone_not_normalized_to_utc
95232,16383,2008,2008-04-22T16:14:00,2008-04-23T09:16:00,CST-6,17.033333333333335,29,29083,C,083,HENRY,0,0,0,0,0.00,0.00,Heavy Rain,0,"[[38.4622,-94.0437],[38.445,-93.9764],[38.431,-93.9836],[38.4446,-94.0473]]",0,1,county_code_unverified|timezone_not_normalized_to_utc
95245,16497,2008,2008-04-08T13:57:00,2008-04-09T06:25:00,CST-6,16.466666666666665,29,29083,C,083,HENRY,0,0,0,0,0.00,0.00,Heavy Rain,0,"[[38.5533,-93.9626],[38.5296,-93.9475],[38.5313,-93.9716],[38.5522,-93.9822]]",0,1,county_code_unverified|timezone_not_normalized_to_utc
95248,16497,2008,2008-04-09T02:55:00,2008-04-15T03:00:00,CST-6,144.08333333333334,29,29195,C,195,SALINE,0,0,0,0,0.00,0.00,Heavy Rain,0,"[[39.0067,-93.2011],[38.9944,-93.1589],[38.9824,-93.1785],[38.9925,-93.2187]]",0,1,county_code_unverified|timezone_not_normalized_to_utc
95252,16497,2008,2008-04-09T00:56:00,2008-04-10T03:59:00,CST-6,27.05,29,29117,C,117,LIVINGSTON,0,0,0,0,0.00,0.00,Heavy Rain,0,"[[39.7853,-93.6063],[39.7526,-93.5163],[39.7468,-93.5572],[39.7579,-93.6358]]",0,1,county_code_unverified|timezone_not_normalized_to_utc
95253,16497,2008,2008-04-09T01:54:00,2008-04-14T14:26:00,CST-6,132.53333333333333,29,29041,C,041,CHARITON,0,0,0,0,0.00,0.00,Heavy Rain,0,"[[39.6438,-93.2657],[39.5761,-93.2341],[39.5766,-93.2966],[39.6406,-93.311]]",0,1,county_code_unverified|timezone_not_normalized_to_utc
95254,16497,2008,2008-04-08T16:47:00,2008-04-09T16:51:00,CST-6,24.066666666666666,29,29083,C,083,HENRY,0,0,0,0,0.00,0.00,Heavy Rain,0,"[[38.4052,-93.9812],[38.4364,-93.9592],[38.4563,-94.0464],[38.4264,-94.0577]]",0,1,county_code_unverified|timezone_not_normalized_to_utc
95255,16497,2008,2008-04-08T12:44:00,2008-04-09T07:55:00,CST-6,19.183333333333334,29,29101,C,101,JOHNSON,0,0,0,0,0.00,0.00,Heavy Rain,0,"[[38.8595,-93.6083],[38.829,-93.6056],[38.8431,-93.6461],[38.8654,-93.6354]]",0,1,county_code_unverified|timezone_not_normalized_to_utc
95259,16137,2008,2008-04-11T23:00:00,2008-04-14T03:15:00,CST-6,52.25,29,29041,C,041,CHARITON,0,0,0,0,0.00,0.00,Heavy Rain,0,"[[39.4701,-93.2156],[39.4219,-93.1483],[39.424,-93.1926],[39.4603,-93.2461]]",0,1,county_code_unverified|timezone_not_normalized_to_utc
95263,16501,2008,2008-04-18T10:40:00,2008-04-18T18:38:00,CST-6,7.966666666666667,29,29083,C,083,HENRY,0,0,0,0,0.00,0.00,Heavy Rain,0,"[[38.4563,-94.0498],[38.4455,-93.9757],[38.4408,-93.9946],[38.4446,-94.0514]]",0,1,county_code_unverified|timezone_not_normalized_to_utc
95267,16501,2008,2008-04-18T11:02:00,2008-04-22T19:12:00,CST-6,104.16666666666667,29,29041,C,041,CHARITON,0,0,0,0,0.00,0.00,Heavy Rain,0,"[[39.6591,-93.2678],[39.5824,-93.2451],[39.5856,-93.298],[39.6676,-93.3261]]",0,1,county_code_unverified|timezone_not_normalized_to_utc
95268,16501,2008,2008-04-18T21:38:00,2008-04-19T16:15:00,CST-6,18.616666666666667,29,29041,C,041,CHARITON,0,0,0,0,0.00,0.00,Heavy Rain,0,"[[39.5475,-92.7452],[39.5252,-92.7631],[39.5358,-92.8132],[39.5782,-92.7892]]",0,1,county_code_unverified|timezone_not_normalized_to_utc
95272,16501,2008,2008-04-18T21:00:00,2008-04-19T06:00:00,CST-6,9.0,29,29061,C,061,DAVIESS,0,0,0,0,0.00,0.00,Heavy Rain,0,"[[39.9561,-93.9317],[39.8686,-93.7697],[39.8128,-93.8521],[39.9466,-94.032]]",0,1,county_code_unverified|timezone_not_normalized_to_utc
95274,16501,2008,2008-04-20T16:28:00,2008-04-22T12:05:00,CST-6,43.61666666666667,29,29041,C,041,CHARITON,0,0,0,0,0.00,0.00,Heavy Rain,0,"[[39.4442,-93.1895],[39.4219,-93.1462],[39.4198,-93.1644],[39.439,-93.1989]]",0,1,county_code_unverified|timezone_not_normalized_to_utc
95276,16501,2008,2008-04-18T10:18:00,2008-04-20T19:50:00,CST-6,57.53333333333333,29,29117,C,117,LIVINGSTON,0,0,0,0,0.00,0.00,Heavy Rain,0,"[[39.7822,-93.6008],[39.7368,-93.4305],[39.7093,-93.4634],[39.7531,-93.6502]]",0,1,county_code_unverified|timezone_not_normalized_to_utc
95463,16539,2008,2008-05-31T11:40:00,2008-05-31T12:40:00,EST-5,1.0,24,24023,C,023,GARRETT,0,0,0,0,25000.00,0.00,Heavy Rain,0,"[[39.7,-79.16],[39.6985,-79.1665],[39.6972,-79.1656],[39.6974,-79.1604]]",0,1,county_code_unverified|timezone_not_normalized_to_utc
95502,16552,2008,2008-05-31T11:40:00,2008-05-31T12:40:00,EST-5,1.0,42,42073,C,073,LAWRENCE,0,0,0,0,10000.00,0.00,Heavy Rain,0,"[[40.9989,-80.3655],[41.0009,-80.3642],[40.9986,-80.3619],[40.9968,-80.3656]]",0,1,county_code_unverified|timezone_not_normalized_to_utc
95507,16550,2008,2008-06-11T23:11:00,2008-06-12T01:30:00,CST-6,2.316666666666667,27,27099,C,099,MOWER,0,0,0,0,3000.00,0.00,Heavy Rain,0,"[[43.67,-92.97],[43.6637,-92.9268],[43.6802,-92.9303],[43.6849,-93.0044]]",0,1,county_code_unverified|timezone_not_normalized_to_utc
95510,16550,2008,2008-06-12T00:20:00,2008-06-12T01:30:00,CST-6,1.1666666666666667,27,27039,C,039,DODGE,0,0,0,0,5000.00,0.00,Heavy Rain,0,"[[43.89,-92.85],[43.8335,-92.9567],[43.8306,-92.6793],[43.9043,-92.7006]]",0,1,county_code_unverified|timezone_not_normalized_to_utc
95514,16550,2008,2008-06-12T00:20:00,2008-06-12T01:30:00,CST-6,1.1666666666666667,27,27039,C,039,DODGE,0,0,0,0,2500.00,0.00,Heavy Rain,0,"[[44.17,-92.87],[44.1812,-92.9746],[44.1364,-92.9869],[44.1386,-92.8647]]",0,1,county_code_unverified|timezone_not_normalized_to_utc
95515,16550,2008,2008-06-12T01:48:00,2008-06-12T02:55:00,CST-6,1.1166666666666667,27,27099,C,099,MOWER,0,0,0,0,500.00,0.00,Heavy Rain,0,"[[43.71,-92.57],[43.7036,-92.5852],[43.7021,-92.5646],[43.7106,-92.5631]]",0,1,county_code_unverified|timezone_not_normalized_to_utc
95606,16567,2008,2008-04-29T12:00:00,2008-04-30T04:00:00,EST-5,16.0,50,50005,C,005,CALEDONIA,0,0,0,0,25000.00,0.00,Heavy Rain / Snow Melt,0,"[[44.5437,-72.0085],[44.5475,-71.9966],[44.5335,-72.0094],[44.5338,-72.0117]]",0,1,county_code_unverified|timezone_not_normalized_to_utc
95678,16579,2008,2008-04-09T19:11:00,2008-04-09T23:49:00,CST-6,4.633333333333334,20,20125,C,125,MONTGOMERY,0,0,0,0,0.00,0.00,Heavy Rain,0,"[[37.2685,-95.6277],[37.2685,-95.6151],[37.2676,-95.6152],[37.2665,-95.6278]]",0,1,county_code_unverified|timezone_not_normalized_to_utc
95679,16579,2008,2008-04-09T19:11:00,2008-04-09T23:49:00,CST-6,4.633333333333334,20,20205,C,205,WILSON,0,0,0,0,0.00,0.00,Heavy Rain,0,"[[37.59,-95.82],[37.5903,-95.8104],[37.6011,-95.8116],[37.6021,-95.8186]]",0,1,county_code_unverified|timezone_not_normalized_to_utc
95952,16634,2008,2008-06-12T01:30:00,2008-06-12T17:30:00,CST-6,16.0,27,27039,C,039,DODGE,0,0,0,0,20000.00,0.00,Heavy Rain,0,"[[43.88,-92.87],[43.891,-92.7287],[44.1482,-92.8413],[44.1527,-92.9691]]",0,1,county_code_unverified|timezone_not_normalized_to_utc
95953,16634,2008,2008-06-12T01:30:00,2008-06-12T17:30:00,CST-6,16.0,27,27099,C,099,MOWER,0,0,0,0,35000.00,0.00,Heavy Rain,0,"[[43.5107,-93.0212],[43.8226,-92.9842],[43.8127,-92.59],[43.5864,-92.5214]]",0,1,county_code_unverified|timezone_not_normalized_to_utc
95958,16634,2008,2008-06-12T01:30:00,2008-06-12T17:30:00,CST-6,16.0,27,27109,C,109,OLMSTED,0,0,0,0,15000.00,0.00,Heavy Rain,0,"[[43.8484,-92.6559],[43.8603,-92.2103],[44.0007,-92.2083],[43.9997,-92.6463]]",0,1,county_code_unverified|timezone_not_normalized_to_utc
95964,16635,2008,2008-06-12T01:30:00,2008-06-12T17:30:00,CST-6,16.0,19,19067,C,067,FLOYD,0,0,0,0,10000.00,0.00,Heavy Rain,0,"[[43.1651,-92.7658],[42.9906,-92.9443],[42.9926,-92.5969],[43.1862,-92.6051]]",0,1,county_code_unverified|timezone_not_normalized_to_utc
95965,16635,2008,2008-06-12T01:30:00,2008-06-12T16:00:00,CST-6,14.5,19,19131,C,131,MITCHELL,0,0,0,0,10000.00,0.00,Heavy Rain,0,"[[43.28,-92.82],[43.5008,-92.8894],[43.4988,-93.046],[43.2552,-92.9718],[43.1972,-92.851]]",0,1,county_code_unverified|timezone_not_normalized_to_utc
96629,16783,2008,2008-04-19T14:00:00,2008-04-30T23:59:00,EST-5,273.98333333333335,23,23019,C,019,PENOBSCOT,0,0,0,0,481000.00,0.00,Heavy Rain / Snow Melt,0,"[[45.5025,-68.3243],[45.5102,-68.3641],[45.5242,-68.3593],[45.5168,-68.3205]]",0,1,county_code_unverified|timezone_not_normalized_to_utc
96631,16784,2008,2008-04-18T16:15:00,2008-04-18T17:00:00,EST-5,0.75,23,23003,C,003,AROOSTOOK,0,0,0,0,0.00,0.00,Ice Jam,0,"[[46.7841,-68.1681],[46.7653,-68.1612],[46.7741,-68.1429],[46.7831,-68.1487]]",0,1,county_code_unverified|timezone_not_normalized_to_utc
96633,16785,2008,2008-04-19T15:15:00,2008-04-19T17:30:00,EST-5,2.25,23,23003,C,003,AROOSTOOK,0,0,0,0,0.00,0.00,Ice Jam,0,"[[47.1113,-69.0922],[47.1142,-69.088],[47.111,-69.0832],[47.1094,-69.0865]]",0,1,county_code_unverified|timezone_not_normalized_to_utc
96636,16787,2008,2008-04-29T12:30:00,2008-04-30T23:59:00,EST-5,35.483333333333334,23,23003,C,003,AROOSTOOK,0,0,0,0,727000.00,0.00,Heavy Rain / Snow Melt,0,"[[46.85,-69.75],[46.9409,-69.4624],[46.9737,-69.4899],[46.8855,-69.7563]]",0,1,county_code_unverified|timezone_not_normalized_to_utc
96637,16790,2008,2008-04-30T22:00:00,2008-04-30T23:59:00,EST-5,1.9833333333333334,23,23003,C,003,AROOSTOOK,0,0,0,0,727000.00,0.00,Heavy Rain / Snow Melt,0,"[[47.1981,-68.9488],[47.2084,-68.9289],[47.1823,-68.8973],[47.1762,-68.9083]]",0,1,county_code_unverified|timezone_not_normalized_to_utc
96641,16792,2008,2008-04-30T01:00:00,2008-04-30T23:59:00,EST-5,22.983333333333334,23,23003,C,003,AROOSTOOK,0,0,0,0,727000.00,0.00,Heavy Rain / Snow Melt,0,"[[47.259,-68.595],[47.2495,-68.604],[47.2485,-68.5919],[47.2605,-68.5842]]",0,1,county_code_unverified|timezone_not_normalized_to_utc
96652,16793,2008,2008-04-29T20:45:00,2008-04-30T23:59:00,EST-5,27.233333333333334,23,23003,C,003,AROOSTOOK,0,0,0,0,727000.00,0.00,Heavy Rain / Snow Melt,0,"[[47.2501,-68.5992],[47.2566,-68.5923],[47.254,-68.5833],[47.2489,-68.5858]]",0,1,county_code_unverified|timezone_not_normalized_to_utc
96659,16795,2008,2008-04-30T13:15:00,2008-04-30T23:59:00,EST-5,10.733333333333333,23,23003,C,003,AROOSTOOK,0,0,0,0,727000.00,0.00,Heavy Rain / Snow Melt,0,"[[46.514,-68.3676],[46.5166,-68.3487],[46.4989,-68.3607],[46.5027,-68.3724]]",0,1,county_code_unverified|timezone_not_normalized_to_utc
96666,16796,2008,2008-04-30T05:30:00,2008-04-30T15:30:00,EST-5,10.0,23,23019,C,019,PENOBSCOT,0,0,0,0,481000.00,0.00,Heavy Rain / Snow Melt,0,"[[46.0813,-68.6577],[46.048,-68.6316],[46.0575,-68.611],[46.0875,-68.6385]]",0,1,county_code_unverified|timezone_not_normalized_to_utc
96688,16800,2008,2008-04-30T02:00:00,2008-04-30T23:59:00,EST-5,21.983333333333334,23,23019,C,019,PENOBSCOT,0,0,0,0,481000.00,0.00,Heavy Rain / Snow Melt,0,"[[45.7,-68.58],[45.7517,-68.5677],[45.7608,-68.5931],[45.7019,-68.6014]]",0,1,county_code_unverified|timezone_not_normalized_to_utc
96709,16802,2008,2008-04-30T08:15:00,2008-04-30T23:59:00,EST-5,15.733333333333333,23,23019,C,019,PENOBSCOT,0,0,0,0,481000.00,0.00,Heavy Rain / Snow Melt,0,"[[45.2594,-68.6597],[45.2609,-68.6319],[45.2292,-68.6412],[45.2311,-68.6594]]",0,1,county_code_unverified|timezone_not_normalized_to_utc
96720,16803,2008,2008-04-30T12:30:00,2008-04-30T23:59:00,EST-5,11.483333333333333,23,23021,C,021,PISCATAQUIS,0,0,0,0,192000.00,0.00,Heavy Rain / Snow Melt,0,"[[45.2643,-68.8582],[45.2664,-68.8359],[45.2912,-68.8402],[45.2913,-68.8506]]",0,1,county_code_unverified|timezone_not_normalized_to_utc
96737,16807,2008,2008-04-29T20:45:00,2008-04-30T16:00:00,EST-5,19.25,23,23021,C,021,PISCATAQUIS,0,0,0,0,192000.00,0.00,Heavy Rain / Snow Melt,0,"[[45.1801,-69.2472],[45.1868,-69.2491],[45.1864,-69.218],[45.1793,-69.2171]]",0,1,county_code_unverified|timezone_not_normalized_to_utc
96847,16814,2008,2008-04-29T21:00:00,2008-04-30T23:59:00,EST-5,26.983333333333334,23,23003,C,003,AROOSTOOK,0,0,0,0,727000.00,0.00,Heavy Rain / Snow Melt,0,"[[47.0552,-67.8406],[47.227,-69.4226],[46.6608,-69.9829],[46.623,-68.4119],[45.7273,-68.3075],[45.7464,-67.8626]]",0,1,county_code_unverified|timezone_not_normalized_to_utc
96901,16824,2008,2008-04-29T21:00:00,2008-04-30T23:59:00,EST-5,26.983333333333334,23,23019,C,019,PENOBSCOT,0,0,0,0,481000.00,0.00,Heavy Rain / Snow Melt,0,"[[46.2967,-68.5465],[46.2929,-68.7579],[44.8013,-68.7696],[44.8062,-68.668]]",0,1,county_code_unverified|timezone_not_normalized_to_utc
97080,16855,2008,2008-04-10T04:11:00,2008-04-13T00:07:00,CST-6,67.93333333333334,05,05033,C,033,CRAWFORD,0,0,0,0,0.00,0.00,Heavy Rain,0,"[[35.43,-94.35],[35.4607,-94.3877],[35.43,-94.3678],[35.4155,-94.35]]",0,1,county_code_unverified|timezone_not_normalized_to_utc
97081,16856,2008,2008-04-10T08:00:00,2008-04-13T13:30:00,CST-6,77.5,40,40115,C,115,OTTAWA,0,0,0,0,0.00,0.00,Heavy Rain,0,"[[36.93,-94.9786],[36.8686,-94.9468],[36.8432,-94.87],[36.8866,-94.87]]",0,1,county_code_unverified|timezone_not_normalized_to_utc
97084,16857,2008,2008-04-10T09:11:00,2008-04-13T12:40:00,CST-6,75.48333333333333,40,40115,C,115,OTTAWA,0,0,0,0,0.00,0.00,Heavy Rain,0,"[[36.9807,-94.7416],[36.9777,-94.6963],[36.95,-94.6895],[36.9193,-94.7416]]",0,1,county_code_unverified|timezone_not_normalized_to_utc
97085,16471,2008,2008-04-09T23:00:00,2008-04-30T23:59:00,EST-5,504.98333333333335,36,36113,C,113,WARREN,0,0,0,0,0.00,0.00,Heavy Rain / Snow Melt,0,"[[43.77,-73.77],[43.72,-73.98],[43.43,-73.95],[43.43,-73.73],[43.43,-73.6304],[43.75,-73.57]]",0,1,county_code_unverified|timezone_not_normalized_to_utc
97088,16471,2008,2008-04-09T23:00:00,2008-04-30T23:59:00,EST-5,504.98333333333335,36,36091,C,091,SARATOGA,0,0,0,0,225000.00,0.00,Heavy Rain / Snow Melt,0,"[[43.32,-73.9098],[43.32,-74.0495],[43.25,-74.13],[43.15,-74.12],[42.8855,-73.68],[43.1145,-73.6],[43.25,-73.65]]",0,1,county_code_unverified|timezone_not_normalized_to_utc
97095,16471,2008,2008-04-09T23:00:00,2008-04-30T23:59:00,EST-5,504.98333333333335,36,36035,C,035,FULTON,0,0,0,0,0.00,0.00,Heavy Rain / Snow Melt,0,"[[43.2229,-74.18],[43.0898,-74.284],[43.05,-74.2],[43.1267,-74.1548],[43.2567,-74.1648]]",0,1,county_code_unverified|timezone_not_normalized_to_utc
97099,16471,2008,2008-04-09T23:00:00,2008-04-30T23:59:00,EST-5,504.98333333333335,36,36115,C,115,WASHINGTON,0,0,0,0,0.00,0.00,Heavy Rain / Snow Melt,0,"[[43.55,-73.42],[43.27,-73.58],[42.95,-73.6096],[43.1,-73.52]]",0,1,county_code_unverified|timezone_not_normalized_to_utc
97131,16651,2008,2008-06-05T00:45:00,2008-06-06T06:15:00,CST-6,29.5,19,19071,C,071,FREMONT,0,0,0,0,0.00,0.00,Heavy Rain,0,"[[40.8977,-95.5866],[40.7937,-95.5957],[40.6882,-95.6092],[40.6403,-95.6422],[40.6718,-95.5934],[40.8588,-95.5735]]",0,1,county_code_unverified|timezone_not_normalized_to_utc
97133,16651,2008,2008-06-05T01:45:00,2008-06-06T20:30:00,CST-6,42.75,19,19145,C,145,PAGE,0,0,0,0,550000.00,0.00,Heavy Rain,0,"[[40.7838,-95.0057],[40.7449,-95.0201],[40.5827,-95.0365],[40.591,-95.007],[40.7613,-94.9809]]",0,1,county_code_unverified|timezone_not_normalized_to_utc
97135,16651,2008,2008-06-05T00:15:00,2008-06-05T15:30:00,CST-6,15.25,19,19137,C,137,MONTGOMERY,0,0,0,0,0.00,0.00,Heavy Rain,0,"[[41.0949,-95.2127],[41.0299,-95.258],[40.8964,-95.3002],[40.9,-95.2638],[41.0845,-95.1952]]",0,1,county_code_unverified|timezone_not_normalized_to_utc
97228,16805,2008,2008-04-01T00:00:00,2008-04-30T23:59:00,CST-6,719.9833333333333,05,05001,C,001,ARKANSAS,0,0,0,0,500000.00,0.00,Heavy Rain,0,"[[34.0322,-91.2607],[34.357,-91.181],[34.5744,-91.3348],[34.5948,-91.2936],[34.3843,-91.1179],[34.1505,-91.0629],[33.9684,-91.1453]]",0,1,county_code_unverified|timezone_not_normalized_to_utc
97233,16874,2008,2008-06-08T04:45:00,2008-06-09T06:15:00,CST-6,25.5,19,19085,C,085,HARRISON,0,0,0,0,0.00,0.00,Heavy Rain,0,"[[41.8609,-95.6216],[41.6149,-95.8351],[41.6011,-95.7898],[41.8448,-95.6068]]",0,1,county_code_unverified|timezone_not_normalized_to_utc
97243,16805,2008,2008-04-01T00:00:00,2008-04-30T23:59:00,CST-6,719.9833333333333,05,05095,C,095,MONROE,0,0,0,0,250000.00,0.00,Heavy Rain,0,"[[34.7049,-91.3712],[34.5869,-91.3486],[34.6174,-91.2573],[34.6852,-91.3129],[34.7664,-91.2813],[34.7642,-91.3239],[34.7363,-91.3493]]",0,1,county_code_unverified|timezone_not_normalized_to_utc
97244,16876,2008,2008-04-01T00:00:00,2008-04-30T23:59:00,CST-6,719.9833333333333,19,19011,C,011,BENTON,0,0,0,0,0.00,0.00,Heavy Rain,0,"[[42.1845,-92.03],[42.17,-92.0105],[42.1555,-92.03],[42.17,-92.0495]]",0,1,county_code_unverified|timezone_not_normalized_to_utc
97245,16876,2008,2008-04-01T00:00:00,2008-04-30T23:59:00,CST-6,719.9833333333333,19,19019,C,019,BUCHANAN,0,0,0,0,0.00,0.00,Heavy Rain,0,"[[42.4845,-91.88],[42.47,-91.8604],[42.4555,-91.88],[42.47,-91.8996]]",0,1,county_code_unverified|timezone_not_normalized_to_utc
97246,16876,2008,2008-04-01T00:00:00,2008-04-30T23:59:00,CST-6,719.9833333333333,19,19031,C,031,CEDAR,0,0,0,0,0.00,0.00,Heavy Rain,0,"[[41.6845,-91.17],[41.67,-91.1506],[41.6555,-91.17],[41.67,-91.1894]]",0,1,county_code_unverified|timezone_not_normalized_to_utc
97247,16875,2008,2008-06-08T16:45:00,2008-06-09T04:30:00,CST-6,11.75,19,19145,C,145,PAGE,0,0,0,0,0.00,0.00,Heavy Rain,0,"[[40.852,-95.0105],[40.7803,-95.0115],[40.6838,-95.042],[40.5941,-95.0455],[40.6223,-94.9493],[40.8143,-94.9861]]",0,1,county_code_unverified|timezone_not_normalized_to_utc
97248,16876,2008,2008-04-01T00:00:00,2008-04-30T23:59:00,CST-6,719.9833333333333,19,19045,C,045,CLINTON,0,0,0,0,0.00,0.00,Heavy Rain,0,"[[41.8345,-90.55],[41.82,-90.5306],[41.8055,-90.55],[41.82,-90.5694]]",0,1,county_code_unverified|timezone_not_normalized_to_utc
97249,16876,2008,2008-04-01T00:00:00,2008-04-30T23:59:00,CST-6,719.9833333333333,19,19055,C,055,DELAWARE,0,0,0,0,0.00,0.00,Heavy Rain,0,"[[42.4945,-91.45],[42.48,-91.4304],[42.4655,-91.45],[42.48,-91.4696]]",0,1,county_code_unverified|timezone_not_normalized_to_utc
97252,16876,2008,2008-04-01T00:00:00,2008-04-30T23:59:00,CST-6,719.9833333333333,19,19057,C,057,DES MOINES,0,0,0,0,0.00,0.00,Heavy Rain,0,"[[40.8345,-91.08],[40.82,-91.0609],[40.8055,-91.08],[40.82,-91.0991]]",0,1,county_code_unverified|timezone_not_normalized_to_utc
97253,16876,2008,2008-04-01T00:00:00,2008-04-30T23:59:00,CST-6,719.9833333333333,19,19061,C,061,DUBUQUE,0,0,0,0,0.00,0.00,Heavy Rain,0,"[[42.5145,-90.67],[42.5,-90.6504],[42.4855,-90.67],[42.5,-90.6896]]",0,1,county_code_unverified|timezone_not_normalized_to_utc
97255,16875,2008,2008-06-08T12:45:00,2008-06-09T14:15:00,CST-6,25.5,19,19137,C,137,MONTGOMERY,0,0,0,0,0.00,0.00,Heavy Rain,0,"[[41.1554,-95.1842],[41.0651,-95.236],[40.9244,-95.2975],[40.9384,-95.2597],[41.0724,-95.1948],[41.1538,-95.1509]]",0,1,county_code_unverified|timezone_not_normalized_to_utc
97256,16876,2008,2008-04-01T00:00:00,2008-04-30T23:59:00,CST-6,719.9833333333333,19,19095,C,095,IOWA,0,0,0,0,0.00,0.00,Heavy Rain,0,"[[41.8145,-91.88],[41.8,-91.8606],[41.7855,-91.88],[41.8,-91.8994]]",0,1,county_code_unverified|timezone_not_normalized_to_utc
97257,16876,2008,2008-04-01T00:00:00,2008-04-30T23:59:00,CST-6,719.9833333333333,19,19097,C,097,JACKSON,0,0,0,0,0.00,0.00,Heavy Rain,0,"[[42.0845,-90.68],[42.07,-90.6605],[42.0555,-90.68],[42.07,-90.6995]]",0,1,county_code_unverified|timezone_not_normalized_to_utc
97258,16876,2008,2008-04-01T00:00:00,2008-04-30T23:59:00,CST-6,719.9833333333333,19,19103,C,103,JOHNSON,0,0,0,0,0.00,0.00,Heavy Rain,0,"[[41.6845,-91.55],[41.67,-91.5306],[41.6555,-91.55],[41.67,-91.5694]]",0,1,county_code_unverified|timezone_not_normalized_to_utc
97260,16876,2008,2008-04-01T00:00:00,2008-04-30T23:59:00,CST-6,719.9833333333333,19,19105,C,105,JONES,0,0,0,0,0.00,0.00,Heavy Rain,0,"[[42.1345,-91.28],[42.12,-91.2605],[42.1055,-91.28],[42.12,-91.2995]]",0,1,county_code_unverified|timezone_not_normalized_to_utc
97261,16875,2008,2008-06-08T13:30:00,2008-06-09T05:15:00,CST-6,15.75,19,19155,C,155,POTTAWATTAMIE,0,0,0,0,0.00,0.00,Heavy Rain,0,"[[41.4829,-95.36],[41.375,-95.4005],[41.2809,-95.4403],[41.283,-95.3751],[41.4196,-95.3325],[41.478,-95.3119]]",0,1,county_code_unverified|timezone_not_normalized_to_utc
97262,16876,2008,2008-04-01T00:00:00,2008-04-30T23:59:00,CST-6,719.9833333333333,19,19111,C,111,LEE,0,0,0,0,0.00,0.00,Heavy Rain,0,"[[40.4145,-91.38],[40.4,-91.361],[40.3855,-91.38],[40.4,-91.399]]",0,1,county_code_unverified|timezone_not_normalized_to_utc
97263,16805,2008,2008-04-01T00:00:00,2008-04-30T23:59:00,CST-6,719.9833333333333,05,05117,C,117,PRAIRIE,0,0,0,0,250000.00,0.00,Heavy Rain,0,"[[35.0901,-91.5154],[35.0075,-91.534],[34.9777,-91.5003],[34.7788,-91.4543],[34.7258,-91.4035],[34.7913,-91.3184],[35.0041,-91.4468],[35.1199,-91.409]]",0,1,county_code_unverified|timezone_not_normalized_to_utc
97265,16876,2008,2008-04-01T00:00:00,2008-04-30T23:59:00,CST-6,719.9833333333333,19,19113,C,113,LINN,0,0,0,0,0.00,0.00,Heavy Rain,0,"[[42.0145,-91.65],[42.0,-91.6305],[41.9855,-91.65],[42.0,-91.6695]]",0,1,county_code_unverified|timezone_not_normalized_to_utc
97266,16876,2008,2008-04-01T00:00:00,2008-04-30T23:59:00,CST-6,719.9833333333333,19,19115,C,115,LOUISA,0,0,0,0,0.00,0.00,Heavy Rain,0,"[[41.2845,-91.35],[41.27,-91.3307],[41.2555,-91.35],[41.27,-91.3693]]",0,1,county_code_unverified|timezone_not_normalized_to_utc
97267,16876,2008,2008-04-01T00:00:00,2008-04-30T23:59:00,CST-6,719.9833333333333,19,19139,C,139,MUSCATINE,0,0,0,0,0.00,0.00,Heavy Rain,0,"[[41.4345,-91.05],[41.42,-91.0307],[41.4055,-91.05],[41.42,-91.0693]]",0,1,county_code_unverified|timezone_not_normalized_to_utc
97268,16876,2008,2008-04-01T00:00:00,2008-04-30T23:59:00,CST-6,719.9833333333333,19,19163,C,163,SCOTT,0,0,0,0,0.00,0.00,Heavy Rain,0,"[[41.5445,-90.58],[41.53,-90.5607],[41.5155,-90.58],[41.53,-90.5993]]",0,1,county_code_unverified|timezone_not_normalized_to_utc
97269,16874,2008,2008-06-08T10:00:00,2008-06-09T20:30:00,CST-6,34.5,19,19071,C,071,FREMONT,0,0,0,0,0.00,0.00,Heavy Rain,0,"[[40.8907,-95.5948],[40.6603,-95.6346],[40.6793,-95.591],[40.8465,-95.5694],[40.9011,-95.557]]",0,1,county_code_unverified|timezone_not_normalized_to_utc
97274,16877,2008,2008-04-01T00:00:00,2008-04-30T23:59:00,CST-6,719.9833333333333,17,17015,C,015,CARROLL,0,0,0,0,0.00,0.00,Heavy Rain,0,"[[42.0945,-90.15],[42.08,-90.1305],[42.0655,-90.15],[42.08,-90.1695]]",0,1,county_code_unverified|timezone_not_normalized_to_utc
97276,16877,2008,2008-04-01T00:00:00,2008-04-30T23:59:00,CST-6,719.9833333333333,17,17067,C,067,HANCOCK,0,0,0,0,0.00,0.00,Heavy Rain,0,"[[40.3645,-91.43],[40.35,-91.411],[40.3355,-91.43],[40.35,-91.449]]",0,1,county_code_unverified|timezone_not_normalized_to_utc
97279,16877,2008,2008-04-01T00:00:00,2008-04-30T23:59:00,CST-6,719.9833333333333,17,17071,C,071,HENDERSON,0,0,0,0,0.00,0.00,Heavy Rain,0,"[[40.9445,-90.95],[40.93,-90.9308],[40.9155,-90.95],[40.93,-90.9692]]",0,1,county_code_unverified|timezone_not_normalized_to_utc
97280,16877,2008,2008-04-01T00:00:00,2008-04-30T23:59:00,CST-6,719.9833333333333,17,17073,C,073,HENRY,0,0,0,0,0.00,0.00,Heavy Rain,0,"[[41.4945,-90.35],[41.48,-90.3307],[41.4655,-90.35],[41.48,-90.3693]]",0,1,county_code_unverified|timezone_not_normalized_to_utc
97281,16877,2008,2008-04-01T00:00:00,2008-04-30T23:59:00,CST-6,719.9833333333333,17,17085,C,085,JO DAVIESS,0,0,0,0,0.00,0.00,Heavy Rain,0,"[[42.4945,-90.63],[42.48,-90.6104],[42.4655,-90.63],[42.48,-90.6496]]",0,1,county_code_unverified|timezone_not_normalized_to_utc
97283,16877,2008,2008-04-01T00:00:00,2008-04-30T23:59:00,CST-6,719.9833333333333,17,17131,C,131,MERCER,0,0,0,0,0.00,0.00,Heavy Rain,0,"[[41.1845,-91.0],[41.17,-90.9808],[41.1555,-91.0],[41.17,-91.0192]]",0,1,county_code_unverified|timezone_not_normalized_to_utc
97285,16877,2008,2008-04-01T00:00:00,2008-04-30T23:59:00,CST-6,719.9833333333333,17,17161,C,161,ROCK ISLAND,0,0,0,0,0.00,0.00,Heavy Rain,0,"[[41.5145,-90.52],[41.5,-90.5007],[41.4855,-90.52],[41.5,-90.5393]]",0,1,county_code_unverified|timezone_not_normalized_to_utc
97286,16651,2008,2008-06-05T02:15:00,2008-06-18T19:15:00,CST-6,329.0,19,19071,C,071,FREMONT,0,0,0,0,0.00,0.00,Heavy Rain,0,"[[40.6525,-95.6332],[40.6358,-95.6425],[40.6011,-95.6542],[40.5871,-95.6453],[40.5895,-95.6243],[40.6431,-95.612]]",0,1,county_code_unverified|timezone_not_normalized_to_utc
97290,16877,2008,2008-04-01T00:00:00,2008-04-30T23:59:00,CST-6,719.9833333333333,17,17177,C,177,STEPHENSON,0,0,0,0,0.00,0.00,Heavy Rain,0,"[[42.2945,-89.62],[42.28,-89.6004],[42.2655,-89.62],[42.28,-89.6396]]",0,1,county_code_unverified|timezone_not_normalized_to_utc
97292,16877,2008,2008-04-01T00:00:00,2008-04-30T23:59:00,CST-6,719.9833333333333,17,17195,C,195,WHITESIDE,0,0,0,0,0.00,0.00,Heavy Rain,0,"[[41.8845,-90.17],[41.87,-90.1506],[41.8555,-90.17],[41.87,-90.1894]]",0,1,county_code_unverified|timezone_not_normalized_to_utc
97294,16879,2008,2008-04-01T00:00:00,2008-04-30T23:59:00,CST-6,719.9833333333333,29,29045,C,045,CLARK,0,0,0,0,0.00,0.00,Heavy Rain,0,"[[40.2945,-91.5],[40.28,-91.481],[40.2655,-91.5],[40.28,-91.519]]",0,1,county_code_unverified|timezone_not_normalized_to_utc
97328,16826,2008,2008-04-29T21:00:00,2008-04-30T23:59:00,EST-5,26.983333333333334,23,23021,C,021,PISCATAQUIS,0,0,0,0,192000.00,0.00,Heavy Rain / Snow Melt,0,"[[45.0667,-69.6066],[45.2536,-68.9804],[46.3792,-69.0491],[46.3583,-69.5654]]",0,1,county_code_unverified|timezone_not_normalized_to_utc
97421,16897,2008,2008-04-20T15:00:00,2008-04-26T16:30:00,EST-5,145.5,26,26061,C,061,HOUGHTON,0,0,0,0,0.00,0.00,Heavy Rain / Snow Melt,0,"[[46.9969,-88.5088],[46.9973,-88.5083],[46.9971,-88.5104],[46.9968,-88.5105]]",0,1,county_code_unverified|timezone_not_normalized_to_utc
97467,16897,2008,2008-04-22T12:45:00,2008-04-25T10:00:00,EST-5,69.25,26,26061,C,061,HOUGHTON,0,0,0,0,0.00,0.00,Heavy Rain / Snow Melt,0,"[[46.8278,-88.597],[46.8468,-88.5659],[46.828,-88.6053],[46.8226,-88.6099]]",0,1,county_code_unverified|timezone_not_normalized_to_utc
97474,16905,2008,2008-04-23T10:15:00,2008-04-30T13:30:00,EST-5,171.25,26,26103,C,103,MARQUETTE,0,0,0,0,0.00,0.00,Heavy Rain / Snow Melt,0,"[[46.413,-87.996],[46.415,-88.0055],[46.4191,-88.011],[46.4151,-87.9979]]",0,1,county_code_unverified|timezone_not_normalized_to_utc
97581,16907,2008,2008-04-12T18:48:00,2008-04-13T06:10:00,EST-5,11.366666666666667,33,33009,C,009,GRAFTON,0,0,0,0,0.00,0.00,Heavy Rain / Snow Melt,0,"[[43.641,-72.3167],[43.6361,-72.3288],[43.6353,-72.3253],[43.6394,-72.3156]]",0,1,county_code_unverified|timezone_not_normalized_to_utc
97594,16908,2008,2008-04-19T06:15:00,2008-04-21T10:15:00,EST-5,52.0,23,23025,C,025,SOMERSET,0,0,0,0,0.00,0.00,Heavy Rain / Snow Melt,0,"[[44.7712,-69.7086],[44.7654,-69.7168],[44.7656,-69.7147],[44.7697,-69.7073]]",0,1,county_code_unverified|timezone_not_normalized_to_utc
97601,16909,2008,2008-04-20T19:30:00,2008-04-23T09:22:00,EST-5,61.86666666666667,33,33007,C,007,COOS,0,0,0,0,0.00,0.00,Heavy Rain / Snow Melt,0,"[[44.4139,-71.7009],[44.4153,-71.6968],[44.4173,-71.6949],[44.4163,-71.6972]]",0,1,county_code_unverified|timezone_not_normalized_to_utc
97604,16910,2008,2008-04-29T05:35:00,2008-04-30T01:30:00,EST-5,19.916666666666668,33,33003,C,003,CARROLL,0,0,0,0,0.00,0.00,Heavy Rain,0,"[[43.9851,-71.1076],[43.982,-71.1048],[43.9883,-71.0975],[43.9898,-71.1],[43.9886,-71.1037]]",0,1,county_code_unverified|timezone_not_normalized_to_utc
97623,16910,2008,2008-04-29T04:38:00,2008-04-29T06:37:00,EST-5,1.9833333333333334,33,33009,C,009,GRAFTON,0,0,0,0,0.00,0.00,Heavy Rain,0,"[[43.9897,-71.6795],[43.9902,-71.6761],[43.9847,-71.6789],[43.9849,-71.6801]]",0,1,county_code_unverified|timezone_not_normalized_to_utc
97638,16910,2008,2008-04-29T18:30:00,2008-04-30T03:18:00,EST-5,8.8,33,33009,C,009,GRAFTON,0,0,0,0,0.00,0.00,Heavy Rain,0,"[[43.7568,-71.686],[43.7576,-71.6827],[43.7478,-71.6748],[43.7438,-71.6774],[43.7517,-71.6854]]",0,1,county_code_unverified|timezone_not_normalized_to_utc
97639,16911,2008,2008-04-29T20:50:00,2008-04-30T04:00:00,EST-5,7.166666666666667,23,23017,C,017,OXFORD,0,0,0,0,0.00,0.00,Heavy Rain,0,"[[44.5922,-70.7349],[44.5892,-70.7262],[44.585,-70.7282],[44.5902,-70.736]]",0,1,county_code_unverified|timezone_not_normalized_to_utc
97641,16911,2008,2008-04-29T16:15:00,2008-04-29T20:52:00,EST-5,4.616666666666666,23,23017,C,017,OXFORD,0,0,0,0,0.00,0.00,Heavy Rain,0,"[[44.6704,-70.5966],[44.6689,-70.5938],[44.6686,-70.5942],[44.67,-70.5969]]",0,1,county_code_unverified|timezone_not_normalized_to_utc
97645,16911,2008,2008-04-30T03:10:00,2008-04-30T23:07:00,EST-5,19.95,23,23001,C,001,ANDROSCOGGIN,0,0,0,0,0.00,0.00,Heavy Rain,0,"[[44.1329,-70.2066],[44.1309,-70.2007],[44.1183,-70.21],[44.1217,-70.2133]]",0,1,county_code_unverified|timezone_not_normalized_to_utc
97647,16911,2008,2008-04-29T21:16:00,2008-04-30T23:59:00,EST-5,26.716666666666665,23,23011,C,011,KENNEBEC,0,0,0,0,0.00,0.00,Heavy Rain,0,"[[44.475,-69.6866],[44.4749,-69.6805],[44.4482,-69.6873],[44.4511,-69.695]]",0,1,county_code_unverified|timezone_not_normalized_to_utc
97648,16911,2008,2008-04-29T20:20:00,2008-04-30T23:59:00,EST-5,27.65,23,23011,C,011,KENNEBEC,0,0,0,0,0.00,0.00,Heavy Rain,0,"[[44.3266,-69.7718],[44.3276,-69.7669],[44.3171,-69.7706],[44.3189,-69.773]]",0,1,county_code_unverified|timezone_not_normalized_to_utc
97651,16911,2008,2008-04-29T15:15:00,2008-04-30T23:59:00,EST-5,32.733333333333334,23,23025,C,025,SOMERSET,0,0,0,0,0.00,0.00,Heavy Rain,0,"[[44.7699,-69.711],[44.7685,-69.71],[44.7642,-69.7163],[44.7648,-69.7186]]",0,1,county_code_unverified|timezone_not_normalized_to_utc
97693,16805,2008,2008-04-01T00:00:00,2008-04-30T23:59:00,CST-6,719.9833333333333,05,05145,C,145,WHITE,0,0,0,0,150000.00,0.00,Heavy Rain,0,"[[35.4316,-91.4248],[35.3734,-91.4763],[35.1923,-91.525],[35.1811,-91.4255],[35.2849,-91.3843],[35.4461,-91.3513]]",0,1,county_code_unverified|timezone_not_normalized_to_utc
97697,16805,2008,2008-04-01T00:00:00,2008-04-30T23:59:00,CST-6,719.9833333333333,05,05147,C,147,WOODRUFF,0,0,0,0,150000.00,0.00,Heavy Rain,0,"[[35.5043,-91.3335],[35.5065,-91.2772],[35.3619,-91.3239],[34.9344,-91.3582],[34.9287,-91.4612],[34.9996,-91.4928],[35.295,-91.4104],[35.3711,-91.4461]]",0,1,county_code_unverified|timezone_not_normalized_to_utc
97703,16805,2008,2008-04-01T00:00:00,2008-04-30T23:59:00,CST-6,719.9833333333333,05,05147,C,147,WOODRUFF,0,0,0,0,0.00,0.00,Heavy Rain,0,"[[35.347,-91.2161],[35.3125,-91.2394],[35.2725,-91.2531],[34.9062,-91.3898],[34.9107,-91.2909],[35.3275,-91.1979],[35.3689,-91.157],[35.3709,-91.1872]]",0,1,county_code_unverified|timezone_not_normalized_to_utc
97705,16805,2008,2008-04-01T00:00:00,2008-04-30T23:59:00,CST-6,719.9833333333333,05,05145,C,145,WHITE,0,0,0,0,100000.00,0.00,Heavy Rain,0,"[[35.1935,-91.523],[35.1008,-91.5553],[35.0637,-91.479],[35.0671,-91.4475],[35.185,-91.4255]]",0,1,county_code_unverified|timezone_not_normalized_to_utc
97716,16805,2008,2008-04-01T15:00:00,2008-04-22T01:00:00,CST-6,490.0,05,05067,C,067,JACKSON,0,0,0,0,150000.00,0.00,Heavy Rain,0,"[[35.6383,-91.3321],[35.645,-91.2909],[35.6381,-91.2713],[35.5638,-91.2624],[35.4428,-91.2991],[35.4411,-91.3911],[35.4903,-91.398]]",0,1,county_code_unverified|timezone_not_normalized_to_utc
97722,16933,2008,2008-04-10T11:00:00,2008-04-13T15:00:00,CST-6,76.0,05,05063,C,063,INDEPENDENCE,0,0,0,0,1500000.00,0.00,Heavy Rain,0,"[[35.7777,-91.924],[35.8534,-91.8182],[35.7744,-91.8004],[35.7733,-91.637],[35.6584,-91.3623],[35.5981,-91.3623],[35.6194,-91.4735],[35.7354,-91.8787]]",0,1,county_code_unverified|timezone_not_normalized_to_utc
97724,16933,2008,2008-04-10T11:00:00,2008-04-12T12:01:00,CST-6,49.016666666666666,05,05065,C,065,IZARD,0,0,0,0,250000.00,0.00,Planned Dam Release,0,"[[36.1578,-92.1616],[36.1301,-92.2234],[36.0213,-92.1176],[35.9369,-92.1108],[35.8379,-91.8759],[35.8957,-91.8333]]",0,1,county_code_unverified|timezone_not_normalized_to_utc
97740,16933,2008,2008-04-10T11:00:00,2008-04-12T12:01:00,CST-6,49.016666666666666,05,05137,C,137,STONE,0,0,0,0,250000.00,0.00,Planned Dam Release,0,"[[36.1179,-92.1423],[36.0311,-92.0562],[35.938,-92.097],[35.8802,-91.8787],[35.8534,-91.9171],[35.8941,-91.9837],[35.9324,-92.1533],[36.0979,-92.1973]]",0,1,county_code_unverified|timezone_not_normalized_to_utc
97750,16933,2008,2008-04-10T11:00:00,2008-04-11T21:00:00,CST-6,34.0,05,05005,C,005,BAXTER,0,0,0,0,250000.00,0.00,Planned Dam Release,0,"[[36.1883,-92.4321],[36.2387,-92.3016],[36.1257,-92.1592],[36.0857,-92.1863]]",0,1,county_code_unverified|timezone_not_normalized_to_utc
97754,16933,2008,2008-04-10T11:00:00,2008-04-11T15:00:00,CST-6,28.0,05,05135,C,135,SHARP,0,0,0,0,500000.00,0.00,Heavy Rain,0,"[[36.3173,-91.5093],[36.3461,-91.49],[36.2537,-91.2909],[36.2332,-91.295],[36.2365,-91.3637],[36.2382,-91.4131]]",0,1,county_code_unverified|timezone_not_normalized_to_utc
97755,16933,2008,2008-04-10T11:00:00,2008-04-11T15:00:00,CST-6,28.0,05,05049,C,049,FULTON,0,0,0,0,1500000.00,0.00,Heavy Rain,0,"[[36.4978,-91.5498],[36.3494,-91.5408],[36.355,-91.49],[36.4964,-91.5134]]",0,1,county_code_unverified|timezone_not_normalized_to_utc
97756,16933,2008,2008-04-10T13:00:00,2008-04-11T10:00:00,CST-6,21.0,05,05129,C,129,SEARCY,0,0,0,0,150000.00,0.00,Heavy Rain,0,"[[35.9883,-92.8946],[35.9825,-92.8317],[36.0824,-92.6051],[36.0463,-92.5502],[36.0158,-92.5811],[35.978,-92.7164],[35.9452,-92.8468],[35.9638,-92.8949]]",0,1,county_code_unverified|timezone_not_normalized_to_utc
97757,16933,2008,2008-04-13T11:00:00,2008-04-19T18:30:00,CST-6,151.5,05,05145,C,145,WHITE,0,0,0,0,0.00,0.00,Heavy Rain,0,"[[35.2737,-91.6404],[35.2638,-91.6069],[35.2114,-91.5292],[35.1772,-91.5669],[35.2041,-91.6267],[35.2456,-91.6404],[35.2456,-91.6713],[35.2675,-91.6679]]",0,1,county_code_unverified|timezone_not_normalized_to_utc
97759,16933,2008,2008-04-10T12:00:00,2008-04-12T18:00:00,CST-6,54.0,05,05149,C,149,YELL,0,0,0,0,150000.00,100000.00,Heavy Rain,0,"[[35.1716,-92.921],[35.105,-93.0405],[35.1446,-93.1133],[35.2204,-93.1654],[35.2622,-93.2169],[35.2762,-93.196],[35.226,-93.1498]]",0,1,county_code_unverified|timezone_not_normalized_to_utc
97761,16933,2008,2008-04-10T12:00:00,2008-04-12T18:00:00,CST-6,54.0,05,05115,C,115,POPE,0,0,0,0,50000.00,100000.00,Heavy Rain,0,"[[35.2798,-93.1871],[35.1761,-93.0487],[35.1935,-92.9182],[35.1727,-92.9224],[35.1587,-93.0654],[35.1811,-93.1304],[35.2725,-93.2039]]",0,1,county_code_unverified|timezone_not_normalized_to_utc
97762,16933,2008,2008-04-11T12:00:00,2008-04-12T08:00:00,CST-6,20.0,05,05105,C,105,PERRY,0,0,0,0,250000.00,50000.00,Heavy Rain,0,"[[35.1031,-92.5839],[35.1137,-92.5572],[35.0767,-92.5382],[35.0033,-92.5976],[34.9501,-92.52],[34.94,-92.5488],[34.9895,-92.6189]]",0,1,county_code_unverified|timezone_not_normalized_to_utc
97766,16933,2008,2008-04-11T12:00:00,2008-04-12T08:00:00,CST-6,20.0,05,05045,C,045,FAULKNER,0,0,0,0,50000.00,50000.00,Heavy Rain,0,"[[35.0637,-92.6202],[34.985,-92.6354],[34.9051,-92.4712],[34.9546,-92.4417],[35.0334,-92.5461],[35.1165,-92.5296],[35.1424,-92.5845],[35.121,-92.6271]]",0,1,county_code_unverified|timezone_not_normalized_to_utc
97767,16933,2008,2008-04-12T12:00:00,2008-04-15T15:00:00,CST-6,75.0,05,05069,C,069,JEFFERSON,0,0,0,0,300000.00,75000.00,Heavy Rain,0,"[[34.5179,-92.1739],[34.5371,-92.1108],[34.4794,-92.0812],[34.3843,-92.0483],[34.0948,-91.4186],[34.0754,-91.442],[34.2073,-92.0325]]",0,1,county_code_unverified|timezone_not_normalized_to_utc
97768,16933,2008,2008-04-13T00:00:00,2008-04-16T12:30:00,CST-6,84.5,05,05041,C,041,DESHA,0,0,0,0,1500000.00,25000.00,Heavy Rain,0,"[[34.0379,-91.4392],[33.9815,-91.3877],[34.0006,-91.3218],[33.9462,-91.1591],[33.9183,-91.1838],[33.9565,-91.3596],[33.969,-91.4186],[34.0333,-91.4694]]",0,1,county_code_unverified|timezone_not_normalized_to_utc
97769,16933,2008,2008-04-13T00:00:00,2008-04-16T12:30:00,CST-6,84.5,05,05041,C,041,DESHA,0,0,0,0,1500000.00,25000.00,Heavy Rain,0,"[[34.0379,-91.4392],[33.9815,-91.3877],[34.0006,-91.3218],[33.9462,-91.1591],[33.9183,-91.1838],[33.9565,-91.3596],[33.969,-91.4186],[34.0333,-91.4694]]",0,1,county_code_unverified|timezone_not_normalized_to_utc
97770,16933,2008,2008-04-13T00:00:00,2008-04-16T12:30:00,CST-6,84.5,05,05001,C,001,ARKANSAS,0,0,0,0,500000.00,0.00,Heavy Rain,0,"[[34.0766,-91.4433],[33.9901,-91.3966],[33.9479,-91.1549],[34.0145,-91.1687],[34.0493,-91.2401]]",0,1,county_code_unverified|timezone_not_normalized_to_utc
97771,16942,2008,2008-04-04T00:30:00,2008-04-04T15:00:00,CST-6,14.5,05,05059,C,059,HOT SPRING,0,0,0,0,100000.00,25000.00,Heavy Rain,0,"[[34.4219,-92.8812],[34.3843,-92.8674],[34.344,-92.9031],[34.2044,-93.0439],[34.1959,-92.9965],[34.2555,-92.9182],[34.3684,-92.8338],[34.4423,-92.8619]]",0,1,county_code_unverified|timezone_not_normalized_to_utc
97772,16942,2008,2008-04-04T09:00:00,2008-04-06T03:00:00,CST-6,42.0,05,05019,C,019,CLARK,0,0,0,0,250000.00,0.00,Heavy Rain,0,"[[34.2073,-93.0789],[34.1209,-93.083],[33.8382,-92.9158],[33.855,-92.886],[33.9855,-92.9512],[33.9906,-92.9261],[34.1419,-93.0247],[34.1828,-93.0182]]",0,1,county_code_unverified|timezone_not_normalized_to_utc
97776,16942,2008,2008-04-03T07:00:00,2008-04-25T05:30:00,CST-6,526.5,05,05103,C,103,OUACHITA,0,0,0,0,150000.00,0.00,Heavy Rain,0,"[[33.7369,-92.9361],[33.7609,-92.8496],[33.5895,-92.737],[33.5689,-92.7658],[33.4314,-92.6814],[33.4246,-92.7329]]",0,1,county_code_unverified|timezone_not_normalized_to_utc
97920,16966,2008,2008-04-29T11:00:00,2008-04-30T07:00:00,EST-5,20.0,23,23027,C,027,WALDO,0,0,0,0,242800.00,0.00,Heavy Rain,0,"[[44.7545,-69.3842],[44.341,-69.4913],[44.37,-69.3004],[44.2511,-69.0299],[44.567,-68.8019],[44.6921,-68.8403]]",0,1,county_code_unverified|timezone_not_normalized_to_utc
97928,16966,2008,2008-04-29T13:00:00,2008-04-30T07:00:00,EST-5,18.0,23,23025,C,025,SOMERSET,0,0,0,0,370400.00,0.00,Heavy Rain,0,"[[44.5846,-69.6121],[44.6862,-69.6224],[44.777,-69.3773],[45.0134,-69.3416],[45.0357,-69.6025],[44.8856,-70.1017],[44.6091,-69.9445]]",0,1,county_code_unverified|timezone_not_normalized_to_utc
97932,16966,2008,2008-04-29T13:00:00,2008-04-30T07:00:00,EST-5,18.0,23,23013,C,013,KNOX,0,0,0,0,366500.00,0.00,Heavy Rain,0,"[[44.2295,-69.0463],[44.3734,-69.2784],[44.2796,-69.435],[44.2285,-69.4254],[44.1861,-69.3196],[44.0531,-69.2317],[44.0279,-69.1088],[44.0661,-69.0271]]",0,1,county_code_unverified|timezone_not_normalized_to_utc
97935,16966,2008,2008-04-29T13:00:00,2008-04-30T07:00:00,EST-5,18.0,23,23015,C,015,LINCOLN,0,0,0,0,128000.00,0.00,Heavy Rain,0,"[[43.8226,-69.6973],[44.1625,-69.8016],[44.2777,-69.5338],[44.3366,-69.5091],[44.0284,-69.2249],[43.8504,-69.3732]]",0,1,county_code_unverified|timezone_not_normalized_to_utc
98077,16990,2008,2008-05-15T23:30:00,2008-05-16T00:30:00,EST-5,1.0,39,39047,C,047,FAYETTE,0,0,0,0,2000.00,0.00,Heavy Rain,0,"[[39.4248,-83.5196],[39.4305,-83.4635],[39.4915,-83.4683],[39.4924,-83.5249]]",0,1,county_code_unverified|timezone_not_normalized_to_utc
98078,16990,2008,2008-05-15T21:27:00,2008-05-16T00:00:00,EST-5,2.55,39,39061,C,061,HAMILTON,0,0,0,0,2000.00,0.00,Heavy Rain,0,"[[39.1151,-84.4945],[39.1231,-84.6273],[39.2368,-84.6153],[39.2312,-84.4691]]",0,1,county_code_unverified|timezone_not_normalized_to_utc
98079,16990,2008,2008-05-15T23:00:00,2008-05-16T00:00:00,EST-5,1.0,39,39071,C,071,HIGHLAND,0,0,0,0,2000.00,0.00,Heavy Rain,0,"[[39.1407,-83.7062],[39.3224,-83.574],[39.3513,-83.4],[39.1556,-83.4769]]",0,1,county_code_unverified|timezone_not_normalized_to_utc
98080,16990,2008,2008-05-15T21:27:00,2008-05-16T00:00:00,EST-5,2.55,39,39165,C,165,WARREN,0,0,0,0,2000.00,0.00,Heavy Rain,0,"[[39.2961,-84.2885],[39.3497,-84.1288],[39.4267,-84.1196],[39.3863,-84.2899]]",0,1,county_code_unverified|timezone_not_normalized_to_utc
98081,16988,2008,2008-05-15T22:00:00,2008-05-16T00:00:00,EST-5,2.0,18,18029,C,029,DEARBORN,0,0,0,0,2000.00,0.00,Heavy Rain,0,"[[39.0701,-84.9913],[39.0667,-84.8979],[39.1021,-84.8557],[39.1354,-84.9779]]",0,1,county_code_unverified|timezone_not_normalized_to_utc
98082,16988,2008,2008-05-15T21:00:00,2008-05-16T00:00:00,EST-5,3.0,18,18137,C,137,RIPLEY,0,0,0,0,2000.00,0.00,Heavy Rain,0,"[[38.9541,-85.3394],[39.1327,-85.2913],[39.1354,-85.1386],[38.9792,-85.1653]]",0,1,county_code_unverified|timezone_not_normalized_to_utc
98083,16989,2008,2008-05-15T21:00:00,2008-05-16T00:00:00,EST-5,3.0,21,21037,C,037,CAMPBELL,0,0,0,0,2000.00,0.00,Heavy Rain,0,"[[38.8771,-84.3942],[38.8862,-84.2504],[39.0389,-84.4045],[39.0299,-84.4327]]",0,1,county_code_unverified|timezone_not_normalized_to_utc
98084,16989,2008,2008-05-15T23:00:00,2008-05-16T00:00:00,EST-5,1.0,21,21077,C,077,GALLATIN,0,0,0,0,2000.00,0.00,Heavy Rain,0,"[[38.6761,-84.9212],[38.81,-84.7183],[38.7833,-84.8079],[38.7659,-84.9683]]",0,1,county_code_unverified|timezone_not_normalized_to_utc
98085,16989,2008,2008-05-15T21:20:00,2008-05-16T00:00:00,EST-5,2.6666666666666665,21,21117,C,117,KENTON,0,0,0,0,2000.00,0.00,Heavy Rain,0,"[[38.8945,-84.5824],[39.0189,-84.591],[39.0709,-84.5096],[38.9231,-84.5068]]",0,1,county_code_unverified|timezone_not_normalized_to_utc
98167,17000,2008,2008-04-27T13:00:00,2008-04-28T03:45:00,AST-4,14.75,99,,C,002,NORTHEAST,0,0,0,0,1000.00,0.00,Heavy Rain,0,"[[18.2352,-65.7433],[18.2351,-65.7435],[18.2351,-65.7434],[18.2351,-65.7433]]",0,1,requires_crosswalk_or_marine_review|timezone_not_normalized_to_utc
98203,17004,2008,2008-04-01T05:00:00,2008-04-01T05:00:00,CST-6,0.0,47,47157,C,157,SHELBY,0,0,1,0,10000.00,0.00,Heavy Rain,1,"[[35.0076,-89.7279],[35.008,-89.7238],[35.0058,-89.7243],[35.0056,-89.7269]]",0,1,county_code_unverified|timezone_not_normalized_to_utc
98208,17007,2008,2008-04-01T00:00:00,2008-04-13T00:00:00,CST-6,288.0,28,28143,C,143,TUNICA,0,0,2,0,200000.00,0.00,Heavy Rain,2,"[[34.7061,-90.4723],[34.6862,-90.4597],[34.6983,-90.4381],[34.7089,-90.4592]]",0,1,county_code_unverified|timezone_not_normalized_to_utc
98209,17009,2008,2008-03-28T00:00:00,2008-03-31T22:59:00,CST-6,94.98333333333333,28,28143,C,143,TUNICA,0,0,0,0,200000.00,0.00,Heavy Rain,0,"[[34.7038,-90.4692],[34.7107,-90.4484],[34.6953,-90.4302],[34.6894,-90.4573]]",0,1,county_code_unverified|timezone_not_normalized_to_utc
98212,17004,2008,2008-04-01T12:00:00,2008-04-13T12:00:00,CST-6,288.0,47,47045,C,045,DYER,0,0,0,0,200000.00,0.00,Heavy Rain,0,"[[35.9913,-89.3456],[35.9979,-89.3448],[36.0341,-89.391],[36.0285,-89.4358],[36.0102,-89.4273]]",0,1,county_code_unverified|timezone_not_normalized_to_utc
98213,17000,2008,2008-04-27T14:00:00,2008-04-28T03:45:00,AST-4,13.75,99,,C,002,NORTHEAST,0,0,0,0,3000.00,0.00,Heavy Rain,0,"[[18.2278,-65.6777],[18.2279,-65.6777],[18.2279,-65.6776]]",0,1,requires_crosswalk_or_marine_review|timezone_not_normalized_to_utc
98224,16442,2008,2008-04-01T23:00:00,2008-04-06T23:00:00,CST-6,120.0,05,05121,C,121,RANDOLPH,0,0,1,0,2250000.00,0.00,Dam / Levee Break,1,"[[36.27,-90.97],[36.498,-90.8524],[36.4966,-90.8085],[36.48,-90.7766],[36.3798,-90.7794],[36.3056,-90.8698],[36.1585,-90.8734],[36.2166,-90.9906]]",0,1,county_code_unverified|timezone_not_normalized_to_utc
98225,16442,2008,2008-04-01T23:00:00,2008-04-06T23:00:00,CST-6,120.0,05,05075,C,075,LAWRENCE,0,0,0,0,5000000.00,0.00,Heavy Rain,0,"[[36.15,-91.2117],[36.23,-91.2972],[36.23,-91.25],[36.1672,-90.9109],[36.0416,-90.955],[35.9,-91.1559],[36.0138,-91.2671],[36.1327,-91.2817]]",0,1,county_code_unverified|timezone_not_normalized_to_utc
98421,17020,2008,2008-04-04T09:38:00,2008-04-04T15:10:00,EST-5,5.533333333333333,18,18037,C,037,DUBOIS,0,0,0,0,0.00,0.00,Heavy Rain,0,"[[38.4176,-87.0097],[38.4479,-86.8109],[38.2231,-86.86],[38.2554,-87.0433]]",0,1,county_code_unverified|timezone_not_normalized_to_utc
98422,17020,2008,2008-04-04T08:20:00,2008-04-04T13:20:00,EST-5,5.0,18,18143,C,143,SCOTT,0,0,0,0,0.00,0.00,Heavy Rain,0,"[[38.7391,-85.8197],[38.6206,-85.7964],[38.634,-85.6274],[38.6898,-85.6858]]",0,1,county_code_unverified|timezone_not_normalized_to_utc
98425,17020,2008,2008-04-04T08:30:00,2008-04-04T13:23:00,EST-5,4.883333333333334,18,18019,C,019,CLARK,0,0,0,0,0.00,0.00,Heavy Rain,0,"[[38.3893,-85.7365],[38.3797,-85.7244],[38.3752,-85.7342],[38.3851,-85.7401]]",0,1,county_code_unverified|timezone_not_normalized_to_utc
98434,17020,2008,2008-04-04T09:38:00,2008-04-04T15:30:00,EST-5,5.866666666666666,18,18061,C,061,HARRISON,0,0,0,0,0.00,0.00,Heavy Rain,0,"[[38.3137,-86.218],[38.0643,-86.2358],[38.0676,-85.9653],[38.2943,-86.0065]]",0,1,county_code_unverified|timezone_not_normalized_to_utc
98435,17020,2008,2008-04-04T09:38:00,2008-04-04T13:30:00,EST-5,3.8666666666666667,18,18117,C,117,ORANGE,0,0,0,0,0.00,0.00,Heavy Rain,0,"[[38.6785,-86.4576],[38.6587,-86.3525],[38.6153,-86.38],[38.6424,-86.4741]]",0,1,county_code_unverified|timezone_not_normalized_to_utc
98436,17020,2008,2008-04-04T09:38:00,2008-04-04T13:30:00,EST-5,3.8666666666666667,18,18123,C,123,PERRY,0,0,0,0,0.00,0.00,Heavy Rain,0,"[[37.95,-86.76],[38.14,-86.7467],[38.1508,-86.5503],[37.9388,-86.575]]",0,1,county_code_unverified|timezone_not_normalized_to_utc
98437,17020,2008,2008-04-04T09:38:00,2008-04-04T15:15:00,EST-5,5.616666666666666,18,18175,C,175,WASHINGTON,0,0,0,0,0.00,0.00,Heavy Rain,0,"[[38.6491,-86.3004],[38.4622,-86.2901],[38.5063,-86.0188],[38.7027,-85.9653]]",0,1,county_code_unverified|timezone_not_normalized_to_utc
98439,17020,2008,2008-04-04T10:00:00,2008-04-04T15:19:00,EST-5,5.316666666666666,18,18043,C,043,FLOYD,0,0,0,0,0.00,0.00,Heavy Rain,0,"[[38.3,-85.83],[38.1981,-85.8873],[38.2641,-85.9406],[38.3411,-85.9378]]",0,1,county_code_unverified|timezone_not_normalized_to_utc
98440,17020,2008,2008-04-04T09:40:00,2008-04-04T21:35:00,EST-5,11.916666666666666,18,18077,C,077,JEFFERSON,0,0,0,0,0.00,0.00,Heavy Rain,0,"[[38.8,-85.65],[38.8071,-85.6741],[38.7993,-85.6822],[38.7929,-85.6508]]",0,1,county_code_unverified|timezone_not_normalized_to_utc
98441,17020,2008,2008-04-06T13:00:00,2008-04-08T06:00:00,EST-5,41.0,18,18123,C,123,PERRY,0,0,0,0,0.00,0.00,Heavy Rain,0,"[[38.0,-86.8],[37.9052,-86.7357],[37.9263,-86.5221],[38.034,-86.5228]]",0,1,county_code_unverified|timezone_not_normalized_to_utc
98442,16138,2008,2008-04-04T02:35:00,2008-04-05T18:45:00,EST-5,40.166666666666664,21,21017,C,017,BOURBON,0,0,0,0,100000.00,0.00,Heavy Rain,0,"[[38.225,-84.2981],[38.1962,-84.2948],[38.2037,-84.2415],[38.2409,-84.2548],[38.2449,-84.2778]]",0,1,county_code_unverified|timezone_not_normalized_to_utc
98444,16943,2008,2008-04-01T00:00:00,2008-04-30T23:59:00,CST-6,719.9833333333333,05,05013,C,013,CALHOUN,0,0,0,0,25000.00,0.00,Heavy Rain,0,"[[33.4326,-92.6614],[33.2737,-92.4342],[33.3041,-92.3428],[33.4635,-92.6216]]",0,1,county_code_unverified|timezone_not_normalized_to_utc
98445,16138,2008,2008-04-04T08:10:00,2008-04-07T03:55:00,EST-5,67.75,21,21181,C,181,NICHOLAS,0,0,0,0,0.00,0.00,Heavy Rain,0,"[[38.4246,-84.0078],[38.4161,-84.0046],[38.4167,-83.9871],[38.4255,-83.9876]]",0,1,county_code_unverified|timezone_not_normalized_to_utc
98446,17022,2008,2008-04-04T07:30:00,2008-04-05T11:00:00,CST-6,27.5,05,05125,C,125,SALINE,0,0,0,0,50000.00,0.00,Heavy Rain,0,"[[34.5829,-92.7404],[34.6019,-92.6978],[34.4885,-92.5588],[34.4443,-92.5804]]",0,1,county_code_unverified|timezone_not_normalized_to_utc
98450,17023,2008,2008-04-09T20:00:00,2008-04-12T19:00:00,CST-6,71.0,05,05011,C,011,BRADLEY,0,0,0,0,25000.00,0.00,Heavy Rain,0,"[[33.7129,-92.0847],[33.77,-91.9336],[33.3856,-91.937],[33.3718,-92.005]]",0,1,county_code_unverified|timezone_not_normalized_to_utc
98452,17023,2008,2008-04-09T20:00:00,2008-04-12T19:00:00,CST-6,71.0,05,05025,C,025,CLEVELAND,0,0,0,0,25000.00,0.00,Heavy Rain,0,"[[33.9137,-92.2028],[33.7746,-92.1066],[33.8088,-92.0311],[33.9445,-92.1574]]",0,1,county_code_unverified|timezone_not_normalized_to_utc
98454,17024,2008,2008-04-01T00:00:00,2008-04-24T03:45:00,CST-6,555.75,05,05149,C,149,YELL,0,0,0,0,50000.00,0.00,Heavy Rain,0,"[[35.1154,-93.6427],[35.1008,-93.3096],[35.1177,-93.0927],[35.0525,-93.0679],[35.0323,-93.3975],[35.093,-93.6557]]",0,1,county_code_unverified|timezone_not_normalized_to_utc
98457,17024,2008,2008-04-01T00:00:00,2008-04-19T06:30:00,CST-6,438.5,05,05105,C,105,PERRY,0,0,0,0,50000.00,0.00,Heavy Rain,0,"[[35.0024,-92.6079],[35.0064,-92.6992],[35.0218,-92.7291],[35.0022,-92.7912],[34.9853,-92.7823],[34.9794,-92.7329],[34.9771,-92.6704],[34.9648,-92.5962]]",0,1,county_code_unverified|timezone_not_normalized_to_utc
98462,16138,2008,2008-04-05T04:45:00,2008-04-06T03:45:00,EST-5,23.0,21,21097,C,097,HARRISON,0,0,0,0,0.00,0.00,Heavy Rain,0,"[[38.38,-84.3],[38.3991,-84.2883],[38.4021,-84.3232],[38.3827,-84.3281]]",0,1,county_code_unverified|timezone_not_normalized_to_utc
98463,16138,2008,2008-04-04T07:00:00,2008-04-08T01:30:00,EST-5,90.5,21,21179,C,179,NELSON,0,0,0,0,100000.00,0.00,Heavy Rain,0,"[[37.7927,-85.6896],[37.6428,-85.6014],[37.6664,-85.5492],[37.8087,-85.6494]]",0,1,county_code_unverified|timezone_not_normalized_to_utc
98464,16138,2008,2008-04-03T23:15:00,2008-04-07T10:00:00,CST-6,82.75,21,21183,C,183,OHIO,0,0,0,0,100000.00,0.00,Heavy Rain,0,"[[37.55,-86.78],[37.5515,-86.7599],[37.5764,-86.7457],[37.5836,-86.7831]]",0,1,county_code_unverified|timezone_not_normalized_to_utc
98466,16138,2008,2008-04-04T20:55:00,2008-04-05T16:35:00,CST-6,19.666666666666668,21,21227,C,227,WARREN,0,0,0,0,0.00,100000.00,Heavy Rain,0,"[[36.97,-86.42],[37.0563,-86.5805],[37.1264,-86.4926],[37.0431,-86.3814]]",0,1,county_code_unverified|timezone_not_normalized_to_utc
98468,16138,2008,2008-04-04T21:10:00,2008-04-06T04:40:00,CST-6,31.5,21,21099,C,099,HART,0,0,0,0,0.00,0.00,Heavy Rain,0,"[[37.297,-85.8654],[37.2816,-85.8369],[37.2396,-85.9169],[37.2823,-85.9351]]",0,1,county_code_unverified|timezone_not_normalized_to_utc
98469,16138,2008,2008-04-04T21:40:00,2008-04-07T09:25:00,CST-6,59.75,21,21061,C,061,EDMONSON,0,0,0,0,0.00,0.00,Heavy Rain,0,"[[37.1696,-86.2708],[37.1737,-86.3079],[37.2208,-86.2729],[37.2003,-86.253]]",0,1,county_code_unverified|timezone_not_normalized_to_utc
98470,16138,2008,2008-04-04T09:00:00,2008-04-09T14:10:00,CST-6,125.16666666666667,21,21031,C,031,BUTLER,0,0,0,0,0.00,0.00,Heavy Rain,0,"[[37.18,-86.65],[37.1845,-86.6233],[37.1977,-86.6311],[37.194,-86.6562]]",0,1,county_code_unverified|timezone_not_normalized_to_utc
98471,16138,2008,2008-04-04T12:35:00,2008-04-15T05:00:00,CST-6,256.4166666666667,21,21031,C,031,BUTLER,0,0,0,0,0.00,0.00,Heavy Rain,0,"[[37.2648,-86.8634],[37.2579,-86.7834],[37.2189,-86.7893],[37.1929,-86.9104],[37.25,-86.9012]]",0,1,county_code_unverified|timezone_not_normalized_to_utc
98478,16215,2008,2008-05-15T23:00:00,2008-05-19T02:16:00,EST-5,75.26666666666667,18,18171,C,171,WARREN,0,0,0,0,5000.00,5000.00,Heavy Rain,0,"[[40.1469,-87.4048],[40.1534,-87.4242],[40.1466,-87.4326],[40.1379,-87.4124],[40.125,-87.4105],[40.128,-87.4004]]",0,1,county_code_unverified|timezone_not_normalized_to_utc
98479,16215,2008,2008-05-15T23:00:00,2008-05-19T02:16:00,EST-5,75.26666666666667,18,18045,C,045,FOUNTAIN,0,0,0,0,5000.00,5000.00,Heavy Rain,0,"[[40.13,-87.4],[40.1201,-87.4004],[40.1208,-87.4124],[40.1389,-87.4138],[40.1484,-87.4297],[40.154,-87.4186],[40.1427,-87.4]]",0,1,county_code_unverified|timezone_not_normalized_to_utc
98527,17040,2008,2008-05-16T19:00:00,2008-05-25T19:00:00,CST-6,216.0,17,17003,C,003,ALEXANDER,0,0,0,0,0.00,0.00,Heavy Rain,0,"[[36.9943,-89.1498],[37.0175,-89.1718],[37.017,-89.1781],[36.9949,-89.1577]]",0,1,county_code_unverified|timezone_not_normalized_to_utc
98530,17040,2008,2008-05-19T03:00:00,2008-05-22T06:00:00,CST-6,75.0,17,17153,C,153,PULASKI,0,0,0,0,0.00,0.00,Heavy Rain,0,"[[37.2161,-89.0002],[37.2238,-88.97],[37.2391,-88.9742],[37.2254,-89.0143]]",0,1,county_code_unverified|timezone_not_normalized_to_utc
98533,17040,2008,2008-05-18T04:00:00,2008-05-23T14:00:00,CST-6,130.0,17,17059,C,059,GALLATIN,0,0,0,0,0.00,0.00,Heavy Rain,0,"[[37.7,-88.13],[37.6846,-88.1461],[37.6819,-88.1421],[37.6971,-88.1284]]",0,1,county_code_unverified|timezone_not_normalized_to_utc
98541,17041,2008,2008-05-01T00:00:00,2008-05-31T23:59:00,CST-6,743.9833333333333,29,29031,C,031,CAPE GIRARDEAU,0,0,0,0,0.00,0.00,Heavy Rain,0,"[[37.322,-89.5054],[37.3188,-89.5015],[37.3001,-89.5159],[37.3018,-89.5194]]",0,1,county_code_unverified|timezone_not_normalized_to_utc
98545,17042,2008,2008-05-01T00:00:00,2008-05-23T17:00:00,CST-6,545.0,17,17003,C,003,ALEXANDER,0,0,0,0,0.00,0.00,Heavy Rain,0,"[[37.22,-89.47],[37.2388,-89.4593],[37.2384,-89.4558],[37.2205,-89.4622]]",0,1,county_code_unverified|timezone_not_normalized_to_utc
98568,17047,2008,2008-05-15T06:00:00,2008-05-25T16:00:00,CST-6,250.0,17,17193,C,193,WHITE,0,0,0,0,0.00,0.00,Heavy Rain,0,"[[38.0465,-88.0468],[38.0465,-88.0427],[38.034,-88.0393],[38.0339,-88.043]]",0,1,county_code_unverified|timezone_not_normalized_to_utc
98571,17048,2008,2008-05-15T05:00:00,2008-05-25T15:00:00,CST-6,250.0,18,18129,C,129,POSEY,0,0,0,0,0.00,0.00,Heavy Rain,0,"[[38.1396,-87.9296],[38.13,-87.9401],[38.1323,-87.9418],[38.1398,-87.9323]]",0,1,county_code_unverified|timezone_not_normalized_to_utc
98574,17049,2008,2008-05-15T03:00:00,2008-05-18T13:00:00,CST-6,82.0,18,18051,C,051,GIBSON,0,0,0,0,0.00,0.00,Heavy Rain,0,"[[38.402,-87.582],[38.3986,-87.5538],[38.4045,-87.5494],[38.4071,-87.579]]",0,1,county_code_unverified|timezone_not_normalized_to_utc
98575,17050,2008,2008-05-15T05:00:00,2008-05-22T16:00:00,CST-6,179.0,17,17077,C,077,JACKSON,0,0,0,0,0.00,0.00,Heavy Rain,0,"[[37.7524,-89.3271],[37.7495,-89.3587],[37.7571,-89.3607],[37.754,-89.331]]",0,1,county_code_unverified|timezone_not_normalized_to_utc
98576,17050,2008,2008-05-18T04:00:00,2008-05-21T13:00:00,CST-6,81.0,17,17055,C,055,FRANKLIN,0,0,0,0,0.00,0.00,Heavy Rain,0,"[[37.88,-89.0],[37.8987,-88.979],[37.8892,-88.9603],[37.8804,-88.9803]]",0,1,county_code_unverified|timezone_not_normalized_to_utc
98578,17053,2008,2008-05-13T05:00:00,2008-05-28T21:00:00,CST-6,376.0,17,17193,C,193,WHITE,0,0,0,0,0.00,0.00,Heavy Rain,0,"[[38.08,-88.17],[38.0638,-88.1756],[38.0549,-88.1646],[38.0728,-88.1401]]",0,1,county_code_unverified|timezone_not_normalized_to_utc
98581,17055,2008,2008-05-09T15:00:00,2008-05-11T17:00:00,CST-6,50.0,17,17191,C,191,WAYNE,0,0,0,0,0.00,0.00,Heavy Rain,0,"[[38.35,-88.58],[38.3559,-88.5701],[38.3434,-88.5555],[38.3436,-88.5641]]",0,1,county_code_unverified|timezone_not_normalized_to_utc
98688,16767,2008,2008-05-09T03:00:00,2008-05-09T07:00:00,EST-5,4.0,24,24033,C,033,PRINCE GEORGE'S,0,0,0,0,0.00,0.00,Heavy Rain,0,"[[38.67,-77.03],[38.95,-76.97],[38.93,-76.92],[38.9,-76.9],[38.68,-76.92]]",0,1,county_code_unverified|timezone_not_normalized_to_utc
98696,16768,2008,2008-05-09T02:00:00,2008-05-09T10:00:00,EST-5,8.0,51,51059,C,059,FAIRFAX,0,0,0,0,0.00,0.00,Heavy Rain,0,"[[38.72,-77.08],[38.7171,-77.0948],[38.7243,-77.1003],[38.7309,-77.0833]]",0,1,county_code_unverified|timezone_not_normalized_to_utc
98697,16768,2008,2008-05-09T00:00:00,2008-05-09T06:00:00,EST-5,6.0,51,51510,C,510,ALEXANDRIA (C),0,0,0,0,0.00,0.00,Heavy Rain,0,"[[38.82,-77.08],[38.8155,-77.0528],[38.8074,-77.0433],[38.8003,-77.0464],[38.8041,-77.0718]]",0,1,county_code_unverified|timezone_not_normalized_to_utc
98698,16768,2008,2008-05-09T00:00:00,2008-05-09T07:00:00,EST-5,7.0,51,51107,C,107,LOUDOUN,0,0,0,0,0.00,0.00,Heavy Rain,0,"[[38.9399,-77.5673],[38.9164,-77.5424],[38.9366,-77.5209],[38.9738,-77.5463]]",0,1,county_code_unverified|timezone_not_normalized_to_utc
98700,16768,2008,2008-05-09T06:00:00,2008-05-09T12:00:00,EST-5,6.0,51,51047,C,047,CULPEPER,0,0,0,0,0.00,0.00,Heavy Rain,0,"[[38.32,-78.07],[38.3492,-78.018],[38.3815,-78.0022],[38.4,-78.02],[38.3885,-78.0689]]",0,1,county_code_unverified|timezone_not_normalized_to_utc
98702,16768,2008,2008-05-09T01:00:00,2008-05-09T09:00:00,EST-5,8.0,51,51179,C,179,STAFFORD,0,0,0,0,0.00,0.00,Heavy Rain,0,"[[38.3,-77.37],[38.4127,-77.4631],[38.4116,-77.3795],[38.3664,-77.363]]",0,1,county_code_unverified|timezone_not_normalized_to_utc
98704,16768,2008,2008-05-09T02:00:00,2008-05-09T07:00:00,EST-5,5.0,51,51137,C,137,ORANGE,0,0,0,0,0.00,0.00,Heavy Rain,0,"[[38.17,-77.99],[38.28,-77.8],[38.33,-77.83],[38.32,-77.87]]",0,1,county_code_unverified|timezone_not_normalized_to_utc
98705,16768,2008,2008-05-09T05:00:00,2008-05-09T10:00:00,EST-5,5.0,51,51003,C,003,ALBEMARLE,0,0,0,0,0.00,0.00,Heavy Rain,0,"[[38.02,-78.68],[38.12,-78.38],[38.1918,-78.4918],[38.0978,-78.7198]]",0,1,county_code_unverified|timezone_not_normalized_to_utc
98706,16768,2008,2008-05-09T07:00:00,2008-05-09T10:00:00,EST-5,3.0,51,51177,C,177,SPOTSYLVANIA,0,0,0,0,0.00,0.00,Heavy Rain,0,"[[38.208,-77.8244],[38.2536,-77.8659],[38.2457,-77.8103],[38.2495,-77.6785],[38.2123,-77.7063]]",0,1,county_code_unverified|timezone_not_normalized_to_utc
98707,16768,2008,2008-05-09T06:00:00,2008-05-09T10:00:00,EST-5,4.0,51,51683,C,683,MANASSAS (C),0,0,0,0,0.00,0.00,Heavy Rain,0,"[[38.7383,-77.5349],[38.7386,-77.5316],[38.7369,-77.5317],[38.7367,-77.5338]]",0,1,county_code_unverified|timezone_not_normalized_to_utc
98708,16768,2008,2008-05-09T06:00:00,2008-05-09T10:00:00,EST-5,4.0,51,51061,C,061,FAUQUIER,0,0,0,0,0.00,0.00,Heavy Rain,0,"[[38.55,-77.67],[38.72,-77.78],[38.6983,-77.7379],[38.5412,-77.5889]]",0,1,county_code_unverified|timezone_not_normalized_to_utc
98719,16770,2008,2008-05-12T00:00:00,2008-05-12T12:00:00,EST-5,12.0,11,11001,C,001,DISTRICT OF COLUMBIA,0,0,0,0,0.00,0.00,Heavy Rain,0,"[[38.9658,-77.0497],[38.9673,-77.0462],[38.9629,-77.0425],[38.9596,-77.0451]]",0,1,county_code_unverified|timezone_not_normalized_to_utc
98729,16771,2008,2008-05-12T01:00:00,2008-05-12T12:00:00,EST-5,11.0,24,24003,C,003,ANNE ARUNDEL,0,0,0,0,100000.00,0.00,Heavy Rain,0,"[[38.97,-76.5],[39.17,-76.63],[39.2,-76.67],[39.1,-76.82],[39.07,-76.67],[38.92,-76.63],[38.83,-76.52]]",0,1,county_code_unverified|timezone_not_normalized_to_utc
98730,16771,2008,2008-05-12T00:00:00,2008-05-12T15:00:00,EST-5,15.0,24,24009,C,009,CALVERT,0,0,0,0,0.00,0.00,Heavy Rain,0,"[[38.47,-76.48],[38.4736,-76.4999],[38.4509,-76.4861],[38.4582,-76.4698]]",0,1,county_code_unverified|timezone_not_normalized_to_utc
98731,16771,2008,2008-05-12T03:00:00,2008-05-12T12:00:00,EST-5,9.0,24,24013,C,013,CARROLL,0,0,0,0,0.00,0.00,Heavy Rain,0,"[[39.67,-77.18],[39.6567,-77.2095],[39.6393,-77.1704],[39.6639,-77.1498]]",0,1,county_code_unverified|timezone_not_normalized_to_utc
98732,16771,2008,2008-05-11T21:10:00,2008-05-12T10:00:00,EST-5,12.833333333333334,24,24017,C,017,CHARLES,0,0,0,0,0.00,0.00,Heavy Rain,0,"[[38.45,-76.78],[38.53,-76.98],[38.63,-76.92],[38.6673,-76.8336]]",0,1,county_code_unverified|timezone_not_normalized_to_utc
98733,16771,2008,2008-05-12T00:00:00,2008-05-12T12:00:00,EST-5,12.0,24,24021,C,021,FREDERICK,0,0,0,0,0.00,0.00,Heavy Rain,0,"[[39.58,-77.55],[39.6892,-77.3726],[39.42,-77.42],[39.45,-77.55]]",0,1,county_code_unverified|timezone_not_normalized_to_utc
98734,16771,2008,2008-05-12T04:00:00,2008-05-12T12:00:00,EST-5,8.0,24,24025,C,025,HARFORD,0,0,0,0,0.00,0.00,Heavy Rain,0,"[[39.53,-76.35],[39.7104,-76.263],[39.6068,-76.4882],[39.5284,-76.4552]]",0,1,county_code_unverified|timezone_not_normalized_to_utc
98735,16771,2008,2008-05-12T03:00:00,2008-05-12T10:00:00,EST-5,7.0,24,24027,C,027,HOWARD,0,0,0,0,0.00,0.00,Heavy Rain,0,"[[39.27,-76.8],[39.3204,-76.8344],[39.3234,-76.7835],[39.2976,-76.7649]]",0,1,county_code_unverified|timezone_not_normalized_to_utc
98736,16771,2008,2008-05-12T00:00:00,2008-05-12T14:00:00,EST-5,14.0,24,24031,C,031,MONTGOMERY,0,0,0,0,0.00,0.00,Heavy Rain,0,"[[39.15,-77.02],[39.08,-77.0],[39.0773,-77.0911],[39.1423,-77.111]]",0,1,county_code_unverified|timezone_not_normalized_to_utc
98737,16771,2008,2008-05-12T00:00:00,2008-05-12T12:00:00,EST-5,12.0,24,24033,C,033,PRINCE GEORGE'S,0,0,0,0,20000.00,0.00,Heavy Rain,0,"[[38.9,-76.9],[39.0,-76.78],[38.82,-76.75],[38.8,-76.9]]",0,1,county_code_unverified|timezone_not_normalized_to_utc
98738,16771,2008,2008-05-11T23:00:00,2008-05-12T14:00:00,EST-5,15.0,24,24037,C,037,ST. MARY'S,0,0,0,0,20000.00,0.00,Heavy Rain,0,"[[38.38,-76.65],[38.3115,-76.6942],[38.15,-76.52],[38.2522,-76.4346],[38.3632,-76.5363]]",0,1,county_code_unverified|timezone_not_normalized_to_utc
98739,16771,2008,2008-05-12T02:00:00,2008-05-12T10:00:00,EST-5,8.0,24,24043,C,043,WASHINGTON,0,0,0,0,20000.00,0.00,Heavy Rain,0,"[[39.671,-77.7588],[39.6987,-77.7108],[39.6506,-77.6397],[39.6152,-77.7283]]",0,1,county_code_unverified|timezone_not_normalized_to_utc
98743,17031,2008,2008-05-17T02:00:00,2008-05-21T05:55:00,EST-5,99.91666666666667,18,18093,C,093,LAWRENCE,0,0,0,0,5000.00,5000.00,Heavy Rain,0,"[[38.77,-86.4],[38.7651,-86.413],[38.7708,-86.4133],[38.7756,-86.3995],[38.7766,-86.3907],[38.7701,-86.3919]]",0,1,county_code_unverified|timezone_not_normalized_to_utc
98745,17030,2008,2008-05-09T16:00:00,2008-05-24T01:48:00,EST-5,345.8,18,18071,C,071,JACKSON,0,0,0,0,5000.00,5000.00,Heavy Rain,0,"[[38.7803,-86.156],[38.7787,-86.106],[38.753,-86.0902],[38.7549,-86.1431],[38.7677,-86.1647]]",0,1,county_code_unverified|timezone_not_normalized_to_utc
98746,16215,2008,2008-05-14T14:00:00,2008-05-17T16:30:00,EST-5,74.5,18,18119,C,119,OWEN,0,0,0,0,5000.00,5000.00,Heavy Rain,0,"[[39.2769,-86.7717],[39.2767,-86.7461],[39.2874,-86.7505],[39.2832,-86.7632],[39.2842,-86.7732]]",0,1,county_code_unverified|timezone_not_normalized_to_utc
98747,16215,2008,2008-05-15T09:36:00,2008-05-18T12:40:00,EST-5,75.06666666666666,18,18071,C,071,JACKSON,0,0,0,0,5000.00,5000.00,Heavy Rain,0,"[[38.98,-85.9],[38.9786,-85.8946],[38.9957,-85.8837],[39.001,-85.8987],[38.9849,-85.9062]]",0,1,county_code_unverified|timezone_not_normalized_to_utc
98748,16215,2008,2008-05-14T07:16:00,2008-05-22T09:20:00,EST-5,194.06666666666666,18,18153,C,153,SULLIVAN,0,0,0,0,5000.00,5000.00,Heavy Rain,0,"[[39.02,-87.58],[39.0411,-87.5895],[39.0431,-87.5664],[39.02,-87.555],[39.0005,-87.5696],[39.0032,-87.5885]]",0,1,county_code_unverified|timezone_not_normalized_to_utc
98751,17032,2008,2008-05-31T16:36:00,2008-05-31T23:59:00,EST-5,7.383333333333334,18,18157,C,157,TIPPECANOE,0,0,0,0,5000.00,5000.00,Heavy Rain,0,"[[40.4621,-86.9012],[40.4187,-86.9108],[40.4002,-86.941],[40.3863,-86.9273],[40.4177,-86.8902],[40.4605,-86.8778]]",0,1,county_code_unverified|timezone_not_normalized_to_utc
98753,17030,2008,2008-05-12T00:30:00,2008-05-19T10:08:00,EST-5,177.63333333333333,18,18055,C,055,GREENE,0,0,0,0,5000.00,5000.00,Heavy Rain,0,"[[38.92,-87.02],[38.9258,-87.0055],[38.9328,-87.0102],[38.9415,-87.0395],[38.9326,-87.0423]]",0,1,county_code_unverified|timezone_not_normalized_to_utc
98757,17030,2008,2008-05-12T04:40:00,2008-05-20T21:36:00,EST-5,208.93333333333334,18,18027,C,027,DAVIESS,0,0,0,0,5000.00,5000.00,Heavy Rain,0,"[[38.8263,-87.25],[38.8015,-87.252],[38.7929,-87.2491],[38.7934,-87.2325],[38.821,-87.228]]",0,1,county_code_unverified|timezone_not_normalized_to_utc
98759,17030,2008,2008-05-09T19:00:00,2008-05-25T11:53:00,EST-5,376.8833333333333,18,18083,C,083,KNOX,0,0,0,0,5000.00,5000.00,Heavy Rain,0,"[[38.4947,-87.572],[38.4983,-87.5476],[38.5192,-87.5535],[38.52,-87.5219],[38.4963,-87.5197],[38.4838,-87.5636]]",0,1,county_code_unverified|timezone_not_normalized_to_utc
98761,16215,2008,2008-05-14T10:00:00,2008-05-20T11:00:00,EST-5,145.0,18,18167,C,167,VIGO,0,0,0,0,5000.00,5000.00,Heavy Rain,0,"[[39.47,-87.4],[39.5136,-87.3938],[39.5247,-87.4471],[39.4603,-87.455],[39.4367,-87.4738],[39.4277,-87.4017]]",0,1,county_code_unverified|timezone_not_normalized_to_utc
98782,16129,2008,2008-06-08T15:11:00,2008-06-11T06:00:00,CST-6,62.81666666666667,19,19049,C,049,DALLAS,0,0,0,0,500000.00,0.00,Heavy Rain,0,"[[41.73,-94.11],[41.7361,-94.1103],[41.7358,-94.1035],[41.7305,-94.104]]",0,1,county_code_unverified|timezone_not_normalized_to_utc
98783,16129,2008,2008-06-08T15:11:00,2008-06-11T06:00:00,CST-6,62.81666666666667,19,19121,C,121,MADISON,0,0,0,0,250000.00,0.00,Heavy Rain,0,"[[41.3742,-94.2376],[41.33,-94.02],[41.2613,-93.9523],[41.2714,-94.2392]]",0,1,county_code_unverified|timezone_not_normalized_to_utc
98912,17114,2008,2008-05-16T14:30:00,2008-05-16T16:30:00,EST-5,2.0,12,12079,C,079,MADISON,0,0,0,0,0.00,0.00,Heavy Rain,0,"[[30.4759,-83.4384],[30.4765,-83.4144],[30.4559,-83.4044],[30.4592,-83.4267]]",0,1,county_code_unverified|timezone_not_normalized_to_utc
99005,17047,2008,2008-05-14T05:00:00,2008-05-24T15:00:00,CST-6,250.0,17,17185,C,185,WABASH,0,0,0,0,0.00,0.00,Heavy Rain,0,"[[38.438,-87.7485],[38.4111,-87.7519],[38.4118,-87.7454],[38.4369,-87.7421]]",0,1,county_code_unverified|timezone_not_normalized_to_utc
99006,17048,2008,2008-05-14T06:00:00,2008-05-24T16:00:00,CST-6,250.0,18,18051,C,051,GIBSON,0,0,0,0,0.00,0.00,Heavy Rain,0,"[[38.3831,-87.7588],[38.387,-87.7655],[38.406,-87.7471],[38.4026,-87.7447]]",0,1,county_code_unverified|timezone_not_normalized_to_utc
99007,17120,2008,2008-05-09T20:00:00,2008-05-25T09:00:00,CST-6,373.0,18,18051,C,051,GIBSON,0,0,0,0,0.00,0.00,Heavy Rain,0,"[[38.4895,-87.5114],[38.4985,-87.5089],[38.4985,-87.5415],[38.4943,-87.5398]]",0,1,county_code_unverified|timezone_not_normalized_to_utc
99009,17120,2008,2008-05-09T08:00:00,2008-05-24T18:00:00,EST-5,370.0,18,18125,C,125,PIKE,0,0,0,0,0.00,0.00,Heavy Rain,0,"[[38.5082,-87.3169],[38.5134,-87.3102],[38.5106,-87.2838],[38.5065,-87.2843]]",0,1,county_code_unverified|timezone_not_normalized_to_utc
99057,16772,2008,2008-05-12T03:00:00,2008-05-12T10:00:00,EST-5,7.0,51,51043,C,043,CLARKE,0,0,0,0,0.00,0.00,Heavy Rain,0,"[[39.15,-78.0633],[39.15,-77.97],[39.2184,-77.9693],[39.25,-78.03]]",0,1,county_code_unverified|timezone_not_normalized_to_utc
99058,16772,2008,2008-05-12T02:00:00,2008-05-12T08:00:00,EST-5,6.0,51,51047,C,047,CULPEPER,0,0,0,0,0.00,0.00,Heavy Rain,0,"[[38.48,-78.0],[38.4,-77.88],[38.4,-77.73],[38.503,-77.8326]]",0,1,county_code_unverified|timezone_not_normalized_to_utc
99059,16772,2008,2008-05-12T01:00:00,2008-05-12T12:00:00,EST-5,11.0,51,51061,C,061,FAUQUIER,0,0,0,0,0.00,0.00,Heavy Rain,0,"[[38.72,-77.78],[38.64,-77.86],[38.521,-77.7885],[38.6533,-77.6651]]",0,1,county_code_unverified|timezone_not_normalized_to_utc
99060,16772,2008,2008-05-12T00:00:00,2008-05-12T14:00:00,EST-5,14.0,51,51107,C,107,LOUDOUN,0,0,0,0,0.00,0.00,Heavy Rain,0,"[[39.3024,-77.7036],[39.0746,-77.7722],[38.9007,-77.7159],[39.0064,-77.4454],[39.1546,-77.5594],[39.2642,-77.5855]]",0,1,county_code_unverified|timezone_not_normalized_to_utc
99062,16772,2008,2008-05-12T00:00:00,2008-05-12T12:00:00,EST-5,12.0,51,51153,C,153,PRINCE WILLIAM,0,0,0,0,0.00,0.00,Heavy Rain,0,"[[38.8,-77.6],[38.7,-77.58],[38.7059,-77.4852],[38.8386,-77.5216]]",0,1,county_code_unverified|timezone_not_normalized_to_utc
99063,16772,2008,2008-05-12T00:00:00,2008-05-12T12:00:00,EST-5,12.0,51,51683,C,683,MANASSAS (C),0,0,0,0,20000.00,0.00,Heavy Rain,0,"[[38.7878,-77.436],[38.7848,-77.4398],[38.7836,-77.4364],[38.7855,-77.4342]]",0,1,county_code_unverified|timezone_not_normalized_to_utc
99064,16772,2008,2008-05-11T22:00:00,2008-05-12T08:00:00,EST-5,10.0,51,51177,C,177,SPOTSYLVANIA,0,0,0,0,0.00,0.00,Heavy Rain,0,"[[38.17,-77.67],[38.2,-77.58],[38.2258,-77.6617],[38.22,-77.77]]",0,1,county_code_unverified|timezone_not_normalized_to_utc
99065,16772,2008,2008-05-11T18:00:00,2008-05-12T14:00:00,EST-5,20.0,51,51179,C,179,STAFFORD,0,0,0,0,0.00,0.00,Heavy Rain,0,"[[38.35,-77.43],[38.37,-77.57],[38.5,-77.52],[38.47,-77.42]]",0,1,county_code_unverified|timezone_not_normalized_to_utc
99066,16773,2008,2008-05-12T04:00:00,2008-05-12T10:00:00,EST-5,6.0,54,54003,C,003,BERKELEY,0,0,0,0,0.00,0.00,Heavy Rain,0,"[[39.4468,-78.0537],[39.4961,-78.0132],[39.4961,-77.9109],[39.4261,-77.947]]",0,1,county_code_unverified|timezone_not_normalized_to_utc
99068,16773,2008,2008-05-12T04:00:00,2008-05-12T10:00:00,EST-5,6.0,54,54065,C,065,MORGAN,0,0,0,0,0.00,0.00,Heavy Rain,0,"[[39.5718,-78.2062],[39.5685,-78.3197],[39.613,-78.4015],[39.621,-78.2893]]",0,1,county_code_unverified|timezone_not_normalized_to_utc
99269,17121,2008,2008-05-14T08:23:00,2008-05-14T09:23:00,CST-6,1.0,48,48257,C,257,KAUFMAN,0,0,0,0,0.00,0.00,Heavy Rain,0,"[[32.58,-96.31],[32.5836,-96.2924],[32.5753,-96.2886],[32.5713,-96.3086]]",0,1,county_code_unverified|timezone_not_normalized_to_utc
99607,17205,2008,2008-05-24T08:00:00,2008-05-29T12:00:00,MST-7,124.0,30,30075,C,075,POWDER RIVER,0,0,0,0,0.00,0.00,Heavy Rain,0,"[[45.1,-105.35],[45.43,-105.42],[45.45,-105.42],[45.12,-105.03]]",0,1,county_code_unverified|timezone_not_normalized_to_utc
100016,17259,2008,2008-05-31T07:32:00,2008-05-31T23:59:00,CST-6,16.45,29,29021,C,021,BUCHANAN,0,0,0,0,0.00,0.00,Heavy Rain,0,"[[39.6871,-94.7447],[39.6565,-94.7022],[39.6025,-94.6747],[39.6194,-94.7646]]",0,1,county_code_unverified|timezone_not_normalized_to_utc
100017,17259,2008,2008-05-30T10:29:00,2008-05-30T23:35:00,CST-6,13.1,29,29005,C,005,ATCHISON,0,0,0,0,0.00,0.00,Heavy Rain,0,"[[40.3889,-95.3778],[40.3094,-95.3984],[40.3167,-95.4238],[40.3832,-95.4362]]",0,1,county_code_unverified|timezone_not_normalized_to_utc
100018,17259,2008,2008-05-30T10:37:00,2008-05-30T20:23:00,CST-6,9.766666666666667,29,29147,C,147,NODAWAY,0,0,0,0,0.00,0.00,Heavy Rain,0,"[[40.3936,-94.8306],[40.3821,-94.7887],[40.3502,-94.7997],[40.3547,-94.8223]]",0,1,county_code_unverified|timezone_not_normalized_to_utc
100019,17259,2008,2008-05-30T22:09:00,2008-05-31T23:59:00,CST-6,25.833333333333332,29,29021,C,021,BUCHANAN,0,0,0,0,0.00,0.00,Heavy Rain,0,"[[39.817,-94.8409],[39.7473,-94.8271],[39.7552,-94.8917],[39.8259,-94.9027]]",0,1,county_code_unverified|timezone_not_normalized_to_utc
100020,17261,2008,2008-05-31T07:31:00,2008-05-31T23:59:00,CST-6,16.466666666666665,20,20005,C,005,ATCHISON,0,0,0,0,0.00,0.00,Heavy Rain,0,"[[39.593,-95.1004],[39.5634,-95.0592],[39.5274,-95.0777],[39.5326,-95.1155]]",0,1,county_code_unverified|timezone_not_normalized_to_utc
100021,17262,2008,2008-05-22T12:22:00,2008-05-22T16:06:00,CST-6,3.7333333333333334,20,20005,C,005,ATCHISON,0,0,0,0,0.00,0.00,Heavy Rain,0,"[[39.5652,-95.5605],[39.5353,-95.4952],[39.5274,-95.5375],[39.5533,-95.5876]]",0,1,county_code_unverified|timezone_not_normalized_to_utc
100022,17255,2008,2008-05-02T14:48:00,2008-05-02T18:03:00,CST-6,3.25,29,29083,C,083,HENRY,0,0,0,0,0.00,0.00,Heavy Rain,0,"[[38.5643,-93.9661],[38.5315,-93.9475],[38.5299,-93.9733],[38.5656,-93.9918]]",0,1,county_code_unverified|timezone_not_normalized_to_utc
100023,17255,2008,2008-05-02T13:35:00,2008-05-03T06:35:00,CST-6,17.0,29,29083,C,083,HENRY,0,0,0,0,0.00,0.00,Heavy Rain,0,"[[38.4463,-93.9726],[38.4606,-94.0567],[38.4426,-94.0574],[38.431,-93.9767]]",0,1,county_code_unverified|timezone_not_normalized_to_utc
100024,17263,2008,2008-05-09T15:33:00,2008-05-09T18:29:00,CST-6,2.933333333333333,29,29005,C,005,ATCHISON,0,0,0,0,0.00,0.00,Heavy Rain,0,"[[40.3602,-95.4218],[40.3607,-95.3984],[40.3235,-95.3929],[40.324,-95.419]]",0,1,county_code_unverified|timezone_not_normalized_to_utc
100025,16847,2008,2008-05-24T23:13:00,2008-05-26T02:54:00,CST-6,27.683333333333334,29,29041,C,041,CHARITON,0,0,0,0,0.00,0.00,Heavy Rain,0,"[[39.6644,-93.2629],[39.5718,-93.2355],[39.5808,-93.2987],[39.6596,-93.3158]]",0,1,county_code_unverified|timezone_not_normalized_to_utc
100026,17264,2008,2008-05-08T08:05:00,2008-05-08T15:17:00,CST-6,7.2,29,29053,C,053,COOPER,0,0,0,0,0.00,0.00,Heavy Rain,0,"[[38.7238,-92.9811],[38.6946,-92.9327],[38.6994,-92.9694],[38.7185,-92.9955]]",0,1,county_code_unverified|timezone_not_normalized_to_utc
100106,17277,2008,2008-05-01T00:00:00,2008-05-06T03:15:00,EST-5,123.25,23,23019,C,019,PENOBSCOT,0,0,0,0,481000.00,0.00,Heavy Rain / Snow Melt,0,"[[45.5,-68.32],[45.51,-68.36],[45.52,-68.36],[45.52,-68.32]]",0,1,county_code_unverified|timezone_not_normalized_to_utc
100107,17278,2008,2008-05-01T00:00:00,2008-05-01T07:15:00,EST-5,7.25,23,23003,C,003,AROOSTOOK,0,0,0,0,727000.00,0.00,Heavy Rain / Snow Melt,0,"[[46.85,-69.75],[46.94,-69.46],[46.97,-69.49],[46.89,-69.76]]",0,1,county_code_unverified|timezone_not_normalized_to_utc
100108,17279,2008,2008-05-01T00:00:00,2008-05-02T09:00:00,EST-5,33.0,23,23003,C,003,AROOSTOOK,0,0,0,0,727000.00,0.00,Heavy Rain / Snow Melt,0,"[[47.2,-68.95],[47.21,-68.93],[47.18,-68.9],[47.18,-68.91]]",0,1,county_code_unverified|timezone_not_normalized_to_utc
100151,16215,2008,2008-05-15T02:17:00,2008-05-18T04:45:00,EST-5,74.46666666666667,18,18157,C,157,TIPPECANOE,0,0,0,0,5000.00,5000.00,Heavy Rain,0,"[[40.483,-86.8888],[40.4616,-86.8682],[40.4166,-86.8871],[40.391,-86.919],[40.4025,-86.9383],[40.4297,-86.9108]]",0,1,county_code_unverified|timezone_not_normalized_to_utc
100152,16215,2008,2008-05-14T02:04:00,2008-05-22T02:42:00,EST-5,192.63333333333333,18,18153,C,153,SULLIVAN,0,0,0,0,5000.00,5000.00,Heavy Rain,0,"[[39.1253,-87.6239],[39.1261,-87.651],[39.1106,-87.6594],[39.0998,-87.6503],[39.1,-87.6314]]",0,1,county_code_unverified|timezone_not_normalized_to_utc
100153,16215,2008,2008-05-14T16:44:00,2008-05-24T06:15:00,EST-5,229.51666666666668,18,18083,C,083,KNOX,0,0,0,0,5000.00,5000.00,Heavy Rain,0,"[[38.4272,-87.7581],[38.4778,-87.7691],[38.4721,-87.7193],[38.4262,-87.719]]",0,1,county_code_unverified|timezone_not_normalized_to_utc
100154,16215,2008,2008-05-13T07:52:00,2008-05-20T09:13:00,EST-5,169.35,18,18121,C,121,PARKE,0,0,0,0,5000.00,5000.00,Heavy Rain,0,"[[39.8,-87.37],[39.8312,-87.3784],[39.83,-87.4005],[39.8012,-87.3932],[39.769,-87.3859],[39.7713,-87.3695]]",0,1,county_code_unverified|timezone_not_normalized_to_utc
100156,16215,2008,2008-05-13T07:52:00,2008-05-20T09:13:00,EST-5,169.35,18,18165,C,165,VERMILLION,0,0,0,0,5000.00,5000.00,Heavy Rain,0,"[[39.7626,-87.3928],[39.8349,-87.4004],[39.8331,-87.3729],[39.7658,-87.3688]]",0,1,county_code_unverified|timezone_not_normalized_to_utc
100159,17032,2008,2008-05-31T10:53:00,2008-05-31T23:59:00,EST-5,13.1,18,18165,C,165,VERMILLION,0,0,0,0,5000.00,5000.00,Heavy Rain,0,"[[39.7595,-87.3935],[39.8323,-87.399],[39.8296,-87.3695],[39.7621,-87.3674]]",0,1,county_code_unverified|timezone_not_normalized_to_utc
100160,17032,2008,2008-05-31T09:33:00,2008-05-31T23:59:00,EST-5,14.433333333333334,18,18121,C,121,PARKE,0,0,0,0,5000.00,5000.00,Heavy Rain,0,"[[39.8,-87.37],[39.8302,-87.3674],[39.8352,-87.3961],[39.8014,-87.398],[39.7679,-87.3935],[39.7684,-87.3633]]",0,1,county_code_unverified|timezone_not_normalized_to_utc
100184,17310,2008,2008-06-24T11:00:00,2008-06-26T22:15:00,CST-6,59.25,31,31151,C,151,SALINE,0,0,0,0,0.00,0.00,Heavy Rain,0,"[[40.6817,-97.0107],[40.4229,-96.9736],[40.424,-96.8994],[40.6853,-96.9509]]",0,1,county_code_unverified|timezone_not_normalized_to_utc
100226,17319,2008,2008-05-26T14:13:00,2008-05-26T20:00:00,CST-6,5.783333333333333,20,20021,C,021,CHEROKEE,0,0,0,0,0.00,0.00,Heavy Rain,0,"[[37.0102,-94.6307],[37.0064,-94.9638],[37.3254,-94.9658],[37.3265,-94.6417]]",0,1,county_code_unverified|timezone_not_normalized_to_utc
100247,17309,2008,2008-05-07T18:23:00,2008-05-08T07:30:00,EST-5,13.116666666666667,18,18027,C,027,DAVIESS,0,0,0,0,2000.00,0.00,Heavy Rain,0,"[[38.67,-87.05],[38.8183,-87.0117],[38.8226,-87.1394],[38.6265,-87.2163],[38.5718,-87.0969]]",0,1,county_code_unverified|timezone_not_normalized_to_utc
100358,17280,2008,2008-05-01T00:00:00,2008-05-02T06:30:00,EST-5,30.5,23,23003,C,003,AROOSTOOK,0,0,0,0,727000.00,0.00,Heavy Rain / Snow Melt,0,"[[47.26,-68.59],[47.25,-68.6],[47.25,-68.59],[47.26,-68.58]]",0,1,county_code_unverified|timezone_not_normalized_to_utc
100379,17281,2008,2008-05-01T00:00:00,2008-05-04T20:15:00,EST-5,92.25,23,23003,C,003,AROOSTOOK,0,0,0,0,727000.00,0.00,Heavy Rain / Snow Melt,0,"[[47.25,-68.6],[47.26,-68.59],[47.26,-68.58],[47.25,-68.59]]",0,1,county_code_unverified|timezone_not_normalized_to_utc
100391,17282,2008,2008-05-01T00:00:00,2008-05-02T10:30:00,EST-5,34.5,23,23003,C,003,AROOSTOOK,0,0,0,0,727000.00,0.00,Heavy Rain / Snow Melt,0,"[[46.51,-68.37],[46.51,-68.35],[46.5,-68.36],[46.5,-68.37]]",0,1,county_code_unverified|timezone_not_normalized_to_utc
100400,17283,2008,2008-05-01T00:00:00,2008-05-01T14:15:00,EST-5,14.25,23,23019,C,019,PENOBSCOT,0,0,0,0,481000.00,0.00,Heavy Rain / Snow Melt,0,"[[45.7,-68.58],[45.75,-68.57],[45.76,-68.59],[45.7,-68.6]]",0,1,county_code_unverified|timezone_not_normalized_to_utc
100402,17284,2008,2008-05-01T00:00:00,2008-05-02T13:45:00,EST-5,37.75,23,23019,C,019,PENOBSCOT,0,0,0,0,481000.00,0.00,Heavy Rain / Snow Melt,0,"[[45.26,-68.66],[45.26,-68.63],[45.23,-68.64],[45.23,-68.66]]",0,1,county_code_unverified|timezone_not_normalized_to_utc
100403,17285,2008,2008-05-01T00:00:00,2008-05-01T02:00:00,EST-5,2.0,23,23021,C,021,PISCATAQUIS,0,0,0,0,192000.00,0.00,Heavy Rain / Snow Melt,0,"[[45.26,-68.86],[45.27,-68.84],[45.29,-68.84],[45.29,-68.85]]",0,1,county_code_unverified|timezone_not_normalized_to_utc
100409,17343,2008,2008-05-17T16:22:00,2008-05-20T22:15:00,PST-8,77.88333333333334,53,53007,C,007,CHELAN,0,0,0,0,0.00,0.00,Heavy Rain / Snow Melt,0,"[[48.3196,-120.6854],[48.3277,-120.691],[48.3268,-120.6949],[48.3191,-120.6891]]",0,1,county_code_unverified|timezone_not_normalized_to_utc
100412,17286,2008,2008-05-01T00:00:00,2008-05-04T20:15:00,EST-5,92.25,23,23003,C,003,AROOSTOOK,0,0,0,0,727000.00,0.00,Heavy Rain / Snow Melt,0,"[[47.06,-67.84],[47.23,-69.42],[46.66,-69.98],[46.62,-68.41],[45.73,-68.31],[45.75,-67.86]]",0,1,county_code_unverified|timezone_not_normalized_to_utc
100416,17288,2008,2008-05-01T00:00:00,2008-05-03T01:45:00,EST-5,49.75,23,23019,C,019,PENOBSCOT,0,0,0,0,481000.00,0.00,Heavy Rain / Snow Melt,0,"[[46.3,-68.55],[46.29,-68.76],[44.8,-68.77],[44.81,-68.67]]",0,1,county_code_unverified|timezone_not_normalized_to_utc
100417,17289,2008,2008-05-01T00:00:00,2008-05-01T11:00:00,EST-5,11.0,23,23021,C,021,PISCATAQUIS,0,0,0,0,192000.00,0.00,Heavy Rain / Snow Melt,0,"[[45.07,-69.61],[45.25,-68.98],[46.38,-69.05],[46.36,-69.57]]",0,1,county_code_unverified|timezone_not_normalized_to_utc
100457,17343,2008,2008-05-20T08:30:00,2008-05-31T23:59:00,PST-8,279.48333333333335,53,53063,C,063,SPOKANE,0,0,0,0,0.00,0.00,Heavy Rain / Snow Melt,0,"[[47.6594,-117.4481],[47.6592,-117.4495],[47.6584,-117.4511],[47.6584,-117.4498]]",0,1,county_code_unverified|timezone_not_normalized_to_utc
100466,17364,2008,2008-05-21T21:00:00,2008-05-22T17:30:00,PST-8,20.5,53,53047,C,047,OKANOGAN,0,0,0,0,0.00,0.00,Heavy Rain / Snow Melt,0,"[[48.6325,-119.4606],[48.6415,-119.4614],[48.6414,-119.4536],[48.6327,-119.4544]]",0,1,county_code_unverified|timezone_not_normalized_to_utc
100489,17365,2008,2008-05-25T08:40:00,2008-05-26T12:45:00,MST-7,28.083333333333332,30,30069,C,069,PETROLEUM,0,0,0,0,0.00,0.00,Heavy Rain,0,"[[46.9255,-108.3354],[46.9193,-108.3309],[46.9156,-108.3519],[46.9218,-108.3545]]",0,1,county_code_unverified|timezone_not_normalized_to_utc
100497,17343,2008,2008-05-19T13:00:00,2008-05-20T00:37:00,PST-8,11.616666666666667,53,53019,C,019,FERRY,0,0,0,0,0.00,0.00,Heavy Rain / Snow Melt,0,"[[48.9771,-118.7698],[48.9973,-118.7725],[48.9971,-118.7658],[48.9779,-118.7653]]",0,1,county_code_unverified|timezone_not_normalized_to_utc
100504,17342,2008,2008-05-16T14:45:00,2008-05-22T15:45:00,PST-8,145.0,16,16079,C,079,SHOSHONE,0,0,0,0,0.00,0.00,Heavy Rain / Snow Melt,0,"[[47.5547,-116.3231],[47.5671,-116.3159],[47.5647,-116.3042],[47.5553,-116.3182]]",0,1,county_code_unverified|timezone_not_normalized_to_utc
100511,17365,2008,2008-05-25T13:00:00,2008-05-26T12:45:00,MST-7,23.75,30,30033,C,033,GARFIELD,0,0,0,0,0.00,0.00,Heavy Rain,0,"[[47.49,-108.26],[47.38,-107.71],[46.92,-107.7],[46.9,-108.26]]",0,1,county_code_unverified|timezone_not_normalized_to_utc
100540,17380,2008,2008-05-20T08:28:00,2008-05-30T21:18:00,PST-8,252.83333333333334,16,16055,C,055,KOOTENAI,0,0,0,0,0.00,0.00,Heavy Rain / Snow Melt,0,"[[47.676,-116.8272],[47.658,-116.74],[47.6154,-116.646],[47.608,-116.7545],[47.4708,-116.8341],[47.4151,-116.7339],[47.4578,-116.9055]]",0,1,county_code_unverified|timezone_not_normalized_to_utc
100544,17342,2008,2008-05-18T10:15:00,2008-05-31T23:59:00,PST-8,325.73333333333335,16,16009,C,009,BENEWAH,0,0,0,0,50000.00,0.00,Heavy Rain / Snow Melt,0,"[[47.3232,-116.5752],[47.3202,-116.5625],[47.3173,-116.5632],[47.3206,-116.5752]]",0,1,county_code_unverified|timezone_not_normalized_to_utc
100554,17384,2008,2008-05-19T18:07:00,2008-05-22T06:30:00,PST-8,60.38333333333333,16,16021,C,021,BOUNDARY,0,0,0,0,0.00,0.00,Heavy Rain / Snow Melt,0,"[[49.0006,-116.1802],[49.0005,-116.1774],[48.9993,-116.1791],[48.9995,-116.1807]]",0,1,county_code_unverified|timezone_not_normalized_to_utc
100561,17386,2008,2008-05-18T23:30:00,2008-05-19T05:00:00,PST-8,5.5,16,16079,C,079,SHOSHONE,0,0,0,0,0.00,0.00,Heavy Rain / Snow Melt,0,"[[47.2747,-116.1881],[47.2728,-116.1801],[47.2714,-116.1803],[47.2728,-116.1882]]",0,1,county_code_unverified|timezone_not_normalized_to_utc
100567,17343,2008,2008-05-18T10:15:00,2008-05-20T22:15:00,PST-8,60.0,53,53047,C,047,OKANOGAN,0,0,0,0,0.00,0.00,Heavy Rain / Snow Melt,0,"[[48.0775,-119.9839],[48.0777,-119.9695],[48.0736,-119.969],[48.0739,-119.9833]]",0,1,county_code_unverified|timezone_not_normalized_to_utc
100782,17327,2008,2008-07-06T17:15:00,2008-07-07T21:30:00,CST-6,28.25,31,31151,C,151,SALINE,0,0,0,0,0.00,0.00,Heavy Rain,0,"[[40.4111,-96.965],[40.4119,-96.9955],[40.4934,-97.0306],[40.591,-97.0944],[40.5514,-97.0052]]",0,1,county_code_unverified|timezone_not_normalized_to_utc
100949,17450,2008,2008-05-22T05:30:00,2008-05-24T20:00:00,MST-7,62.5,56,56019,C,019,JOHNSON,0,0,0,0,0.00,0.00,Heavy Rain / Snow Melt,0,"[[43.844,-106.807],[43.71,-106.535],[43.624,-106.861],[43.737,-106.682]]",0,1,county_code_unverified|timezone_not_normalized_to_utc
100998,17450,2008,2008-05-21T20:00:00,2008-05-22T07:00:00,MST-7,11.0,56,56003,C,003,BIG HORN,0,0,0,0,0.00,0.00,Heavy Rain / Snow Melt,0,"[[44.3309,-107.5576],[44.2794,-107.5216],[44.2649,-107.4923],[44.2567,-107.5926],[44.2969,-107.5552]]",0,1,county_code_unverified|timezone_not_normalized_to_utc
101133,17487,2008,2008-06-13T16:04:00,2008-06-13T16:30:00,EST-5,0.43333333333333335,39,39113,C,113,MONTGOMERY,0,0,0,0,1000.00,0.00,Heavy Rain,0,"[[39.7459,-84.1937],[39.7456,-84.1886],[39.7408,-84.1876],[39.7407,-84.1929]]",0,1,county_code_unverified|timezone_not_normalized_to_utc
101138,17482,2008,2008-07-09T19:00:00,2008-07-09T21:00:00,CST-6,2.0,31,31095,C,095,JEFFERSON,0,0,0,0,1000.00,0.00,Heavy Rain,0,"[[40.3096,-97.2609],[40.31,-97.2439],[40.3416,-97.246],[40.35,-97.2699]]",0,1,county_code_unverified|timezone_not_normalized_to_utc
101209,17450,2008,2008-05-22T08:00:00,2008-05-23T19:00:00,MST-7,35.0,56,56043,C,043,WASHAKIE,0,0,0,0,0.00,0.00,Heavy Rain / Snow Melt,0,"[[44.0318,-107.4558],[44.0466,-107.4178],[43.9901,-107.4064],[44.0265,-107.4639]]",0,1,county_code_unverified|timezone_not_normalized_to_utc
101220,17450,2008,2008-05-22T03:00:00,2008-05-24T05:00:00,MST-7,50.0,56,56019,C,019,JOHNSON,0,0,0,0,50000.00,0.00,Heavy Rain / Snow Melt,0,"[[44.3885,-106.6975],[44.3621,-106.6442],[44.3305,-106.7194],[44.372,-106.7425]]",0,1,county_code_unverified|timezone_not_normalized_to_utc
101227,17513,2008,2008-06-05T00:00:00,2008-06-05T00:00:00,MST-7,0.0,56,56013,C,013,FREMONT,0,0,0,0,25000.00,0.00,Heavy Rain / Snow Melt,0,"[[42.7354,-106.3223],[42.8003,-106.3032],[42.8666,-106.233],[42.8432,-106.2353],[42.7835,-106.291]]",0,1,county_code_unverified|timezone_not_normalized_to_utc
101229,17514,2008,2008-06-23T00:00:00,2008-06-26T01:00:00,MST-7,73.0,56,56029,C,029,PARK,0,0,0,0,0.00,0.00,Heavy Rain / Snow Melt,0,"[[44.4848,-109.3425],[44.4781,-109.3413],[44.4824,-109.3127],[44.4881,-109.3146]]",0,1,county_code_unverified|timezone_not_normalized_to_utc
101310,16277,2008,2008-05-30T05:10:00,2008-05-31T14:30:00,CST-6,33.333333333333336,31,31141,C,141,PLATTE,0,0,0,0,0.00,0.00,Heavy Rain,0,"[[41.5155,-97.3145],[41.5119,-97.3933],[41.5032,-97.4525],[41.5302,-97.5531],[41.7139,-97.7529],[41.708,-97.6856]]",0,1,county_code_unverified|timezone_not_normalized_to_utc
101312,16277,2008,2008-05-30T07:15:00,2008-05-31T13:15:00,CST-6,30.0,31,31155,C,155,SAUNDERS,0,0,0,0,275000.00,0.00,Heavy Rain,0,"[[41.055,-96.3408],[41.0423,-96.3659],[41.0954,-96.4655],[41.1606,-96.5788],[41.188,-96.736],[41.2288,-96.714],[41.2272,-96.598]]",0,1,county_code_unverified|timezone_not_normalized_to_utc
101314,17526,2008,2008-05-24T08:30:00,2008-05-25T12:30:00,CST-6,28.0,31,31141,C,141,PLATTE,0,0,0,0,0.00,0.00,Heavy Rain,0,"[[41.4288,-97.6883],[41.4556,-97.5977],[41.4332,-97.5215],[41.4571,-97.4968],[41.4731,-97.5373],[41.4692,-97.6074],[41.453,-97.7028]]",0,1,county_code_unverified|timezone_not_normalized_to_utc
101321,16870,2008,2008-06-08T23:15:00,2008-06-09T10:15:00,CST-6,11.0,31,31039,C,039,CUMING,0,0,0,0,0.00,0.00,Heavy Rain,0,"[[41.8476,-96.7058],[41.7457,-96.6715],[41.7406,-96.758],[41.8737,-96.7799],[41.983,-96.9818],[42.0269,-96.9296]]",0,1,county_code_unverified|timezone_not_normalized_to_utc
101324,16870,2008,2008-06-09T15:00:00,2008-06-10T12:30:00,CST-6,21.5,31,31025,C,025,CASS,0,0,0,0,0.00,0.00,Heavy Rain,0,"[[41.0307,-96.2907],[41.0113,-96.2965],[40.9856,-96.1887],[41.019,-96.1314]]",0,1,county_code_unverified|timezone_not_normalized_to_utc
101349,16277,2008,2008-05-29T22:30:00,2008-05-30T14:45:00,CST-6,16.25,31,31053,C,053,DODGE,0,0,0,0,0.00,0.00,Heavy Rain,0,"[[41.7278,-96.7786],[41.7329,-96.8946],[41.698,-96.907],[41.638,-96.6203],[41.6965,-96.6948]]",0,1,county_code_unverified|timezone_not_normalized_to_utc
101353,16277,2008,2008-05-29T22:30:00,2008-05-30T14:45:00,CST-6,16.25,31,31039,C,039,CUMING,0,0,0,0,0.00,0.00,Heavy Rain,0,"[[41.7903,-96.6941],[41.7365,-96.6831],[41.736,-96.839],[41.8194,-96.909]]",0,1,county_code_unverified|timezone_not_normalized_to_utc
101365,16277,2008,2008-05-30T07:45:00,2008-05-31T23:59:00,CST-6,40.233333333333334,31,31053,C,053,DODGE,0,0,0,0,0.00,0.00,Heavy Rain,0,"[[41.5692,-96.5513],[41.5561,-96.5544],[41.5446,-96.5115],[41.5348,-96.4589],[41.542,-96.4541]]",0,1,county_code_unverified|timezone_not_normalized_to_utc
101370,17527,2008,2008-06-01T00:00:00,2008-06-01T19:00:00,CST-6,19.0,31,31053,C,053,DODGE,0,0,0,0,0.00,0.00,Heavy Rain,0,"[[41.561,-96.6694],[41.5823,-96.6601],[41.5785,-96.5382],[41.5574,-96.4936],[41.5497,-96.4517],[41.5394,-96.4655]]",0,1,county_code_unverified|timezone_not_normalized_to_utc
101371,16324,2008,2008-06-05T06:30:00,2008-06-06T12:45:00,CST-6,30.25,31,31155,C,155,SAUNDERS,0,0,0,0,275000.00,0.00,Heavy Rain,0,"[[41.0597,-96.3425],[41.0271,-96.3899],[41.1544,-96.5623],[41.1869,-96.7868],[41.3098,-96.8005],[41.1735,-96.508]]",0,1,county_code_unverified|timezone_not_normalized_to_utc
101372,16277,2008,2008-05-30T13:30:00,2008-05-31T23:59:00,CST-6,34.483333333333334,31,31025,C,025,CASS,0,0,0,0,0.00,0.00,Heavy Rain,0,"[[41.0511,-96.3316],[41.0131,-96.2928],[40.9892,-96.2135],[41.0307,-96.1029],[41.0488,-95.8887],[41.0726,-95.8928],[41.07,-96.0617]]",0,1,county_code_unverified|timezone_not_normalized_to_utc
101373,16277,2008,2008-05-30T13:30:00,2008-05-31T23:59:00,CST-6,34.483333333333334,31,31153,C,153,SARPY,0,0,0,0,0.00,0.00,Heavy Rain,0,"[[41.0074,-96.244],[40.996,-96.1874],[41.0571,-96.0583],[41.0473,-95.8832],[41.0773,-95.9079],[41.0866,-96.2869],[41.0633,-96.324]]",0,1,county_code_unverified|timezone_not_normalized_to_utc
101374,17527,2008,2008-06-01T00:00:00,2008-06-01T15:30:00,CST-6,15.5,31,31025,C,025,CASS,0,0,0,0,0.00,0.00,Heavy Rain,0,"[[41.0444,-96.3292],[41.0069,-96.2684],[40.9877,-96.1901],[41.041,-95.9979],[41.0473,-95.8928],[41.0845,-95.912]]",0,1,county_code_unverified|timezone_not_normalized_to_utc
101375,17527,2008,2008-06-01T00:00:00,2008-06-01T15:30:00,CST-6,15.5,31,31153,C,153,SARPY,0,0,0,0,0.00,0.00,Heavy Rain,0,"[[41.0307,-96.1826],[41.0882,-96.05],[41.01,-96.1386],[40.9882,-96.2347],[41.0364,-96.2869],[41.061,-96.3185],[41.0669,-96.3027]]",0,1,county_code_unverified|timezone_not_normalized_to_utc
101376,16870,2008,2008-06-09T15:00:00,2008-06-10T12:30:00,CST-6,21.5,31,31153,C,153,SARPY,0,0,0,0,0.00,0.00,Heavy Rain,0,"[[41.054,-96.3185],[41.0296,-96.2087],[41.0555,-96.1149],[41.0162,-96.1311],[40.9918,-96.1935],[41.0089,-96.2959]]",0,1,county_code_unverified|timezone_not_normalized_to_utc
101377,16868,2008,2008-06-06T09:15:00,2008-06-06T18:30:00,CST-6,9.25,31,31025,C,025,CASS,0,0,0,0,0.00,0.00,Heavy Rain,0,"[[41.0,-96.15],[40.9885,-96.2076],[41.0081,-96.2148],[41.0374,-96.1338],[41.0405,-96.1053]]",0,1,county_code_unverified|timezone_not_normalized_to_utc
101443,16277,2008,2008-05-30T14:15:00,2008-05-31T23:59:00,CST-6,33.733333333333334,31,31025,C,025,CASS,0,0,0,0,0.00,0.00,Heavy Rain,0,"[[41.0302,-95.8864],[40.8273,-95.8695],[40.8356,-95.8159],[40.9125,-95.8049],[40.9965,-95.8379],[41.0338,-95.8585]]",0,1,county_code_unverified|timezone_not_normalized_to_utc
101450,16314,2008,2008-05-30T14:15:00,2008-05-31T23:59:00,CST-6,33.733333333333334,19,19129,C,129,MILLS,0,0,0,0,0.00,0.00,Heavy Rain,0,"[[41.0473,-95.8852],[41.0001,-95.8749],[40.9618,-95.8447],[40.9192,-95.8471],[40.9063,-95.8022],[40.982,-95.8186],[41.0473,-95.8475]]",0,1,county_code_unverified|timezone_not_normalized_to_utc
101453,17536,2008,2008-06-01T00:00:00,2008-06-02T03:30:00,CST-6,27.5,19,19129,C,129,MILLS,0,0,0,0,0.00,0.00,Heavy Rain,0,"[[41.0514,-95.8907],[41.0089,-95.8846],[40.9747,-95.8475],[40.9156,-95.8502],[40.9114,-95.8008],[40.9872,-95.8241],[41.0607,-95.8516]]",0,1,county_code_unverified|timezone_not_normalized_to_utc
101457,17527,2008,2008-06-01T00:00:00,2008-06-02T03:30:00,CST-6,27.5,31,31025,C,025,CASS,0,0,0,0,0.00,0.00,Heavy Rain,0,"[[41.0345,-95.9],[40.9799,-95.8653],[40.9436,-95.855],[40.8201,-95.8674],[40.8065,-95.8255],[40.9239,-95.798],[40.9929,-95.8255],[41.0649,-95.864]]",0,1,county_code_unverified|timezone_not_normalized_to_utc
101460,16277,2008,2008-05-30T16:00:00,2008-05-31T23:59:00,CST-6,31.983333333333334,31,31131,C,131,OTOE,0,0,0,0,0.00,0.00,Heavy Rain,0,"[[40.7993,-95.9024],[40.7077,-95.9052],[40.5263,-95.7925],[40.5514,-95.7211],[40.6619,-95.7623],[40.766,-95.831]]",0,1,county_code_unverified|timezone_not_normalized_to_utc
101462,17527,2008,2008-06-01T00:00:00,2008-06-02T20:30:00,CST-6,44.5,31,31131,C,131,OTOE,0,0,0,0,0.00,0.00,Heavy Rain,0,"[[40.8034,-95.8818],[40.7244,-95.9354],[40.6463,-95.8241],[40.5274,-95.7802],[40.543,-95.7184],[40.6619,-95.7665],[40.8211,-95.831]]",0,1,county_code_unverified|timezone_not_normalized_to_utc
101464,17536,2008,2008-06-01T00:00:00,2008-06-02T20:30:00,CST-6,44.5,19,19071,C,071,FREMONT,0,0,0,0,0.00,0.00,Heavy Rain,0,"[[40.8945,-95.78],[40.7369,-95.8324],[40.6358,-95.7445],[40.5994,-95.7459],[40.5994,-95.7925],[40.6994,-95.8942],[40.7868,-95.9134],[40.9052,-95.8502]]",0,1,county_code_unverified|timezone_not_normalized_to_utc
101468,16314,2008,2008-05-30T16:00:00,2008-05-31T23:59:00,CST-6,31.983333333333334,19,19071,C,071,FREMONT,0,0,0,0,0.00,0.00,Heavy Rain,0,"[[40.8943,-95.8035],[40.7769,-95.8228],[40.6004,-95.7211],[40.6098,-95.8255],[40.741,-95.9216],[40.926,-95.8695]]",0,1,county_code_unverified|timezone_not_normalized_to_utc
101471,16277,2008,2008-05-30T13:30:00,2008-05-31T23:59:00,CST-6,34.483333333333334,31,31127,C,127,NEMAHA,0,0,0,0,0.00,0.00,Heavy Rain,0,"[[40.5211,-95.7191],[40.3151,-95.7101],[40.2984,-95.6319],[40.3476,-95.6072],[40.4668,-95.658],[40.5253,-95.6882]]",0,1,county_code_unverified|timezone_not_normalized_to_utc
101476,17527,2008,2008-06-01T00:00:00,2008-06-21T08:00:00,CST-6,488.0,31,31127,C,127,NEMAHA,0,0,0,0,0.00,0.00,Heavy Rain,0,"[[40.5232,-95.7191],[40.3193,-95.6827],[40.3162,-95.6332],[40.3633,-95.6085],[40.4626,-95.6332],[40.5357,-95.6827]]",0,1,county_code_unverified|timezone_not_normalized_to_utc
101479,16277,2008,2008-05-30T15:00:00,2008-05-31T23:59:00,CST-6,32.983333333333334,31,31147,C,147,RICHARDSON,0,0,0,0,0.00,0.00,Heavy Rain,0,"[[40.3036,-95.6278],[40.1915,-95.5206],[40.0266,-95.4218],[40.0129,-95.3394],[40.0213,-95.3009],[40.1432,-95.3915],[40.2544,-95.4575],[40.3298,-95.5811]]",0,1,county_code_unverified|timezone_not_normalized_to_utc
101481,17527,2008,2008-06-01T00:00:00,2008-06-21T20:45:00,CST-6,500.75,31,31147,C,147,RICHARDSON,0,0,0,0,400000.00,0.00,Heavy Rain,0,"[[40.3047,-95.6676],[40.1495,-95.4932],[40.0318,-95.4341],[40.0129,-95.3421],[40.0171,-95.2927],[40.1516,-95.3888],[40.2544,-95.4492],[40.3403,-95.6003]]",0,1,county_code_unverified|timezone_not_normalized_to_utc
101484,16324,2008,2008-06-05T07:00:00,2008-06-06T06:00:00,CST-6,23.0,31,31127,C,127,NEMAHA,0,0,0,0,0.00,0.00,Heavy Rain,0,"[[40.4902,-95.9635],[40.3921,-95.8317],[40.3214,-95.7026],[40.3183,-95.6641],[40.4642,-95.8928]]",0,1,county_code_unverified|timezone_not_normalized_to_utc
101487,16324,2008,2008-06-05T13:45:00,2008-06-14T11:45:00,CST-6,214.0,31,31025,C,025,CASS,0,0,0,0,0.00,0.00,Heavy Rain,0,"[[41.0473,-95.9024],[40.9768,-95.8695],[40.8974,-95.8585],[40.8304,-95.8626],[40.818,-95.8255],[40.9,-95.798],[40.9996,-95.8296],[41.0535,-95.8571]]",0,1,county_code_unverified|timezone_not_normalized_to_utc
101489,16651,2008,2008-06-05T13:45:00,2008-06-14T11:45:00,CST-6,214.0,19,19129,C,129,MILLS,0,0,0,0,0.00,0.00,Heavy Rain,0,"[[41.0524,-95.8955],[40.8138,-95.8695],[40.8367,-95.8241],[40.926,-95.7843],[41.0348,-95.8365]]",0,1,county_code_unverified|timezone_not_normalized_to_utc
101493,16324,2008,2008-06-05T04:00:00,2008-06-15T18:30:00,CST-6,254.5,31,31131,C,131,OTOE,0,0,0,0,0.00,0.00,Heavy Rain,0,"[[40.78,-95.864],[40.7389,-95.9093],[40.6655,-95.842],[40.6108,-95.7912],[40.5159,-95.7871],[40.5305,-95.6744]]",0,1,county_code_unverified|timezone_not_normalized_to_utc
101495,16651,2008,2008-06-05T04:00:00,2008-06-15T18:30:00,CST-6,254.5,19,19071,C,071,FREMONT,0,0,0,0,0.00,0.00,Heavy Rain,0,"[[40.8959,-95.7884],[40.7129,-95.8241],[40.5973,-95.7198],[40.6119,-95.8283],[40.7452,-95.9189],[40.872,-95.8585]]",0,1,county_code_unverified|timezone_not_normalized_to_utc
101496,16277,2008,2008-05-30T04:30:00,2008-05-31T23:59:00,CST-6,43.483333333333334,31,31023,C,023,BUTLER,0,0,0,0,0.00,0.00,Heavy Rain,0,"[[41.1114,-97.3045],[41.1135,-97.3701],[41.0819,-97.2826],[41.0561,-97.1998],[41.0633,-97.1789],[41.0747,-97.2039],[41.0954,-97.2067]]",0,1,county_code_unverified|timezone_not_normalized_to_utc
101505,17527,2008,2008-06-01T00:00:00,2008-06-01T10:45:00,CST-6,10.75,31,31023,C,023,BUTLER,0,0,0,0,0.00,0.00,Heavy Rain,0,"[[41.1244,-97.3615],[41.0975,-97.3602],[41.077,-97.2221],[41.0566,-97.207],[41.0602,-97.1775],[41.0887,-97.207]]",0,1,county_code_unverified|timezone_not_normalized_to_utc
101509,16324,2008,2008-06-05T01:15:00,2008-06-11T04:45:00,CST-6,147.5,31,31023,C,023,BUTLER,0,0,0,0,0.00,0.00,Heavy Rain,0,"[[41.1052,-97.3595],[41.0856,-97.2791],[41.0791,-97.2112],[41.0519,-97.2118],[41.0545,-97.1899],[41.219,-97.1576],[41.2381,-97.2647]]",0,1,county_code_unverified|timezone_not_normalized_to_utc
101511,16324,2008,2008-06-06T09:15:00,2008-06-10T17:00:00,CST-6,103.75,31,31159,C,159,SEWARD,0,0,0,0,0.00,0.00,Heavy Rain,0,"[[40.9021,-97.0409],[41.0457,-97.2166],[40.9301,-97.3471],[40.7951,-97.1686],[40.7473,-97.0113]]",0,1,county_code_unverified|timezone_not_normalized_to_utc
101514,16324,2008,2008-06-05T05:00:00,2008-06-14T07:30:00,CST-6,218.5,31,31151,C,151,SALINE,0,0,0,0,0.00,0.00,Heavy Rain,0,"[[40.6989,-97.0038],[40.6338,-96.9825],[40.5514,-96.9626],[40.4658,-97.0457],[40.3968,-96.9489],[40.414,-96.8974],[40.5983,-96.9379],[40.7072,-96.9688]]",0,1,county_code_unverified|timezone_not_normalized_to_utc
101518,16324,2008,2008-06-05T21:45:00,2008-06-13T00:45:00,CST-6,171.0,31,31067,C,067,GAGE,0,0,0,0,0.00,0.00,Heavy Rain,0,"[[40.3905,-96.9228],[40.2916,-96.8088],[40.2533,-96.7703],[40.149,-96.6749],[40.1752,-96.6172],[40.279,-96.7436],[40.39,-96.8816]]",0,1,county_code_unverified|timezone_not_normalized_to_utc
101523,16277,2008,2008-05-30T00:30:00,2008-05-30T22:30:00,CST-6,22.0,31,31095,C,095,JEFFERSON,0,0,0,0,0.00,0.00,Heavy Rain,0,"[[40.22,-97.3179],[40.1972,-97.3162],[40.1395,-97.2132],[40.0749,-97.1301],[40.0087,-97.0258],[40.0108,-96.988],[40.1001,-97.0821],[40.2182,-97.2414]]",0,1,county_code_unverified|timezone_not_normalized_to_utc
101526,16324,2008,2008-06-05T01:45:00,2008-06-05T16:00:00,CST-6,14.25,31,31095,C,095,JEFFERSON,0,0,0,0,0.00,0.00,Heavy Rain,0,"[[40.2286,-97.3662],[40.1946,-97.3629],[40.1143,-97.1906],[40.0097,-97.0395],[40.0118,-96.9791],[40.1101,-97.126],[40.2151,-97.2448]]",0,1,county_code_unverified|timezone_not_normalized_to_utc
101529,16887,2008,2008-06-11T23:30:00,2008-06-12T08:15:00,CST-6,8.75,31,31025,C,025,CASS,0,0,0,0,0.00,0.00,Heavy Rain,0,"[[40.97,-96.43],[40.9721,-96.4634],[40.996,-96.4322],[40.9904,-96.4152]]",0,1,county_code_unverified|timezone_not_normalized_to_utc
101530,16277,2008,2008-05-31T02:15:00,2008-05-31T07:30:00,CST-6,5.25,31,31167,C,167,STANTON,0,0,0,0,0.00,0.00,Heavy Rain,0,"[[42.02,-97.05],[41.9881,-97.034],[41.9416,-97.1892],[41.9707,-97.1926]]",0,1,county_code_unverified|timezone_not_normalized_to_utc
101534,16277,2008,2008-05-30T02:00:00,2008-05-30T22:00:00,CST-6,20.0,31,31011,C,011,BOONE,0,0,0,0,0.00,0.00,Heavy Rain,0,"[[41.77,-98.08],[41.6996,-97.9754],[41.5569,-97.8326],[41.559,-97.8827],[41.7565,-98.0997]]",0,1,county_code_unverified|timezone_not_normalized_to_utc
101538,16870,2008,2008-06-08T06:15:00,2008-06-08T11:45:00,CST-6,5.5,31,31011,C,011,BOONE,0,0,0,0,0.00,0.00,Heavy Rain,0,"[[41.77,-98.08],[41.7677,-98.1004],[41.6986,-98.0341],[41.5641,-97.8861],[41.5898,-97.8333]]",0,1,county_code_unverified|timezone_not_normalized_to_utc
101544,16868,2008,2008-06-05T21:30:00,2008-06-12T06:30:00,CST-6,153.0,31,31159,C,159,SEWARD,0,0,0,0,0.00,0.00,Heavy Rain,0,"[[40.9073,-97.0814],[40.8979,-97.1205],[40.97,-97.285],[40.9758,-97.1988]]",0,1,county_code_unverified|timezone_not_normalized_to_utc
101552,16277,2008,2008-05-30T03:00:00,2008-05-31T01:30:00,CST-6,22.5,31,31119,C,119,MADISON,0,0,0,0,0.00,0.00,Heavy Rain,0,"[[41.8435,-97.3938],[41.8164,-97.3931],[41.8174,-97.4563],[41.7365,-97.5559],[41.7693,-97.6794],[41.8348,-97.5256]]",0,1,county_code_unverified|timezone_not_normalized_to_utc
101553,16324,2008,2008-06-05T12:15:00,2008-06-06T00:00:00,CST-6,11.75,31,31025,C,025,CASS,0,0,0,0,0.00,0.00,Heavy Rain,0,"[[40.8606,-96.1839],[40.8896,-96.1757],[40.8076,-95.888],[40.7696,-95.8598],[40.7592,-95.901]]",0,1,county_code_unverified|timezone_not_normalized_to_utc
101554,16314,2008,2008-05-30T22:15:00,2008-05-31T15:30:00,CST-6,17.25,19,19071,C,071,FREMONT,0,0,0,0,0.00,0.00,Heavy Rain,0,"[[40.5983,-95.6731],[40.5868,-95.6223],[40.6523,-95.6106],[40.6572,-95.6408]]",0,1,county_code_unverified|timezone_not_normalized_to_utc
101555,16314,2008,2008-05-30T06:00:00,2008-05-30T09:15:00,CST-6,3.25,19,19085,C,085,HARRISON,0,0,0,0,0.00,0.00,Heavy Rain,0,"[[41.5281,-95.8818],[41.5618,-95.8767],[41.6819,-95.7616],[41.6729,-95.7362]]",0,1,county_code_unverified|timezone_not_normalized_to_utc
101556,16886,2008,2008-06-11T22:30:00,2008-06-13T14:30:00,CST-6,40.0,19,19071,C,071,FREMONT,0,0,0,0,0.00,0.00,Heavy Rain,0,"[[40.8969,-95.5927],[40.7233,-95.614],[40.6504,-95.647],[40.6577,-95.6003],[40.8107,-95.5577],[40.8985,-95.5687]]",0,1,county_code_unverified|timezone_not_normalized_to_utc
101557,16886,2008,2008-06-11T23:15:00,2008-06-12T18:30:00,CST-6,19.25,19,19155,C,155,POTTAWATTAMIE,0,0,0,0,0.00,0.00,Heavy Rain,0,"[[41.4,-95.3936],[41.4005,-95.316],[41.0069,-95.5117],[41.0255,-95.544]]",0,1,county_code_unverified|timezone_not_normalized_to_utc
101558,16886,2008,2008-06-11T22:30:00,2008-06-13T13:30:00,CST-6,39.0,19,19137,C,137,MONTGOMERY,0,0,0,0,0.00,0.00,Heavy Rain,0,"[[41.1476,-95.1389],[41.1492,-95.1897],[40.9229,-95.3105],[40.9177,-94.9933],[40.9975,-95.018]]",0,1,county_code_unverified|timezone_not_normalized_to_utc
101559,16886,2008,2008-06-11T22:30:00,2008-06-13T13:30:00,CST-6,39.0,19,19071,C,071,FREMONT,0,0,0,0,0.00,0.00,Heavy Rain,0,"[[40.6635,-95.6381],[40.59,-95.6494],[40.7561,-95.3922],[40.8678,-95.2782],[40.9052,-95.2988]]",0,1,county_code_unverified|timezone_not_normalized_to_utc
101560,16886,2008,2008-06-12T02:30:00,2008-06-13T03:45:00,CST-6,25.25,19,19145,C,145,PAGE,0,0,0,0,0.00,0.00,Heavy Rain,0,"[[40.912,-95.0098],[40.7473,-95.0757],[40.5952,-95.0565],[40.5801,-95.0015],[40.8325,-94.9658]]",0,1,county_code_unverified|timezone_not_normalized_to_utc
101561,16886,2008,2008-06-11T00:30:00,2008-06-12T05:00:00,CST-6,28.5,19,19155,C,155,POTTAWATTAMIE,0,0,0,0,0.00,0.00,Heavy Rain,0,"[[41.8327,-95.6854],[41.5703,-95.9821],[41.5312,-95.8475],[41.7938,-95.6085]]",0,1,county_code_unverified|timezone_not_normalized_to_utc
101571,17476,2008,2008-07-09T20:00:00,2008-07-10T14:00:00,MST-7,18.0,35,35005,C,005,CHAVES,0,0,0,0,0.00,1000.00,Heavy Rain,0,"[[32.9556,-105.3218],[32.9506,-105.3189],[32.9446,-105.3002],[32.9291,-105.2819],[32.9346,-105.2775],[32.947,-105.2995]]",0,1,county_code_unverified|timezone_not_normalized_to_utc
101937,17619,2008,2008-06-04T16:25:00,2008-06-04T22:00:00,EST-5,5.583333333333333,54,54049,C,049,MARION,0,0,0,0,50000.00,0.00,Heavy Rain,0,"[[39.48,-80.13],[39.4776,-80.181],[39.4646,-80.1779],[39.4742,-80.1257]]",0,1,county_code_unverified|timezone_not_normalized_to_utc
102582,17721,2008,2008-05-18T02:15:00,2008-05-21T02:15:00,PST-8,72.0,41,41063,C,063,WALLOWA,0,0,0,0,0.00,0.00,Heavy Rain / Snow Melt,0,"[[45.5575,-116.8352],[45.5616,-116.8342],[45.5635,-116.8332],[45.5655,-116.8359],[45.5704,-116.8368]]",0,1,county_code_unverified|timezone_not_normalized_to_utc
102583,17722,2008,2008-05-16T21:45:00,2008-05-21T10:00:00,PST-8,108.25,53,53077,C,077,YAKIMA,0,0,0,0,0.00,0.00,Heavy Rain / Snow Melt,0,"[[46.9339,-121.0594],[46.9118,-121.0388],[46.9,-121.012],[46.8381,-120.9447],[46.7469,-120.7919],[46.6551,-120.6168],[46.6266,-120.5667],[46.6259,-120.5235]]",0,1,county_code_unverified|timezone_not_normalized_to_utc
102589,17725,2008,2008-05-18T06:00:00,2008-05-20T12:00:00,PST-8,54.0,41,41061,C,061,UNION,0,0,0,0,30000.00,0.00,Heavy Rain / Snow Melt,0,"[[45.2459,-117.9317],[45.2527,-117.9279],[45.2574,-117.923],[45.2714,-117.9284],[45.2812,-117.9374]]",0,1,county_code_unverified|timezone_not_normalized_to_utc
102884,17775,2008,2008-05-06T10:00:00,2008-05-10T17:00:00,MST-7,103.0,46,46063,C,063,HARDING,0,0,0,0,0.00,0.00,Heavy Rain / Snow Melt,0,"[[45.94,-103.71],[45.59,-103.77],[45.35,-103.93],[45.22,-104.05],[45.95,-104.05]]",0,1,county_code_unverified|timezone_not_normalized_to_utc
102889,17775,2008,2008-05-06T11:30:00,2008-05-10T11:00:00,MST-7,95.5,46,46063,C,063,HARDING,0,0,0,0,0.00,0.00,Heavy Rain / Snow Melt,0,"[[45.21,-102.96],[45.21,-104.0],[45.39,-103.77],[45.86,-103.64],[45.78,-103.33],[45.71,-102.95]]",0,1,county_code_unverified|timezone_not_normalized_to_utc
102893,17775,2008,2008-05-06T10:00:00,2008-05-11T13:00:00,MST-7,123.0,46,46019,C,019,BUTTE,0,0,0,0,0.00,0.00,Heavy Rain / Snow Melt,0,"[[45.21,-102.96],[44.61,-102.97],[44.6,-103.83],[44.58,-104.02],[44.59,-104.03],[44.57,-104.06],[45.21,-104.05]]",0,1,county_code_unverified|timezone_not_normalized_to_utc
102898,17775,2008,2008-05-06T02:00:00,2008-05-11T13:00:00,MST-7,131.0,46,46081,C,081,LAWRENCE,0,0,0,0,0.00,0.00,Heavy Rain / Snow Melt,0,"[[44.58,-103.56],[44.27,-103.58],[44.23,-103.77],[44.43,-104.06],[44.58,-104.06],[44.57,-103.99],[44.6,-103.86]]",0,1,county_code_unverified|timezone_not_normalized_to_utc
102901,17779,2008,2008-05-23T18:00:00,2008-05-24T18:00:00,MST-7,24.0,56,56005,C,005,CAMPBELL,0,0,0,0,0.00,0.00,Heavy Rain,0,"[[45.0,-105.08],[43.51,-105.08],[43.51,-105.89],[45.0,-105.66]]",0,1,county_code_unverified|timezone_not_normalized_to_utc
102905,17779,2008,2008-05-23T18:00:00,2008-05-24T08:30:00,MST-7,14.5,56,56011,C,011,CROOK,0,0,0,0,0.00,0.00,Heavy Rain,0,"[[44.31,-105.01],[44.39,-104.87],[44.34,-104.83],[44.19,-104.98],[44.18,-105.08]]",0,1,county_code_unverified|timezone_not_normalized_to_utc
102908,17779,2008,2008-05-23T18:00:00,2008-05-24T08:30:00,MST-7,14.5,56,56045,C,045,WESTON,0,0,0,0,0.00,0.00,Heavy Rain,0,"[[43.5,-104.06],[44.02,-104.06],[44.19,-105.09],[43.5,-105.09]]",0,1,county_code_unverified|timezone_not_normalized_to_utc
102911,17783,2008,2008-05-23T11:00:00,2008-05-25T10:00:00,MST-7,47.0,46,46019,C,019,BUTTE,0,0,0,0,0.00,0.00,Heavy Rain,0,"[[44.61,-102.97],[44.58,-104.06],[44.84,-104.06],[44.8,-102.96]]",0,1,county_code_unverified|timezone_not_normalized_to_utc
102915,17783,2008,2008-05-23T11:00:00,2008-05-25T10:00:00,MST-7,47.0,46,46081,C,081,LAWRENCE,0,0,0,0,0.00,0.00,Heavy Rain,0,"[[44.61,-103.56],[44.43,-103.57],[44.29,-104.06],[44.57,-104.06],[44.57,-103.99],[44.59,-103.98],[44.6,-103.86],[44.59,-103.85]]",0,1,county_code_unverified|timezone_not_normalized_to_utc
102917,17783,2008,2008-05-23T10:00:00,2008-05-26T21:00:00,MST-7,83.0,46,46093,C,093,MEADE,0,0,0,0,0.00,0.00,Heavy Rain,0,"[[44.28,-102.94],[44.31,-102.35],[44.2,-102.39],[44.19,-102.41],[44.17,-102.4],[44.15,-103.45],[44.35,-103.46]]",0,1,county_code_unverified|timezone_not_normalized_to_utc
102919,17783,2008,2008-05-23T10:00:00,2008-05-26T21:00:00,MST-7,83.0,46,46103,C,103,PENNINGTON,0,0,0,0,0.00,0.00,Heavy Rain,0,"[[43.94,-103.22],[43.86,-103.45],[44.15,-103.32],[44.15,-103.19],[44.06,-102.96]]",0,1,county_code_unverified|timezone_not_normalized_to_utc
102924,17783,2008,2008-05-23T10:00:00,2008-05-26T21:00:00,MST-7,83.0,46,46033,C,033,CUSTER,0,0,0,0,0.00,0.00,Heavy Rain,0,"[[43.68,-102.82],[43.74,-103.65],[43.86,-103.57],[43.86,-103.14],[43.73,-102.78]]",0,1,county_code_unverified|timezone_not_normalized_to_utc
102926,17788,2008,2008-05-23T11:00:00,2008-05-25T10:00:00,MST-7,47.0,46,46071,C,071,JACKSON,0,0,0,0,0.00,0.00,Heavy Rain,0,"[[43.89,-101.07],[43.82,-101.16],[43.8,-101.23],[43.4,-101.23],[43.4,-102.12],[43.71,-102.15]]",0,1,county_code_unverified|timezone_not_normalized_to_utc
102929,17788,2008,2008-05-23T11:00:00,2008-05-25T10:00:00,MST-7,47.0,46,46102,C,102,OGLALA LAKOTA,0,0,0,0,0.00,0.00,Heavy Rain,0,"[[43.27,-102.14],[43.23,-102.78],[43.69,-102.57],[43.68,-102.16]]",0,1,county_code_unverified|timezone_not_normalized_to_utc
102931,17788,2008,2008-05-23T11:00:00,2008-05-25T10:00:00,MST-7,47.0,46,46007,C,007,BENNETT,0,0,0,0,0.00,0.00,Heavy Rain,0,"[[43.24,-101.23],[43.23,-102.12],[43.4,-102.12],[43.4,-101.23]]",0,1,county_code_unverified|timezone_not_normalized_to_utc
102932,17790,2008,2008-05-23T11:00:00,2008-05-26T12:00:00,MST-7,73.0,46,46137,C,137,ZIEBACH,0,0,0,0,0.00,0.00,Heavy Rain,0,"[[44.69,-101.15],[44.56,-101.51],[44.5,-102.0],[44.55,-102.0],[44.64,-101.53],[44.78,-101.14]]",0,1,county_code_unverified|timezone_not_normalized_to_utc
102933,17790,2008,2008-05-23T11:00:00,2008-05-26T12:00:00,MST-7,73.0,46,46055,C,055,HAAKON,0,0,0,0,0.00,0.00,Heavy Rain,0,"[[44.69,-101.15],[44.56,-101.51],[44.5,-102.0],[44.55,-102.0],[44.64,-101.53],[44.78,-101.14]]",0,1,county_code_unverified|timezone_not_normalized_to_utc
102970,17775,2008,2008-05-06T03:00:00,2008-05-11T13:00:00,MST-7,130.0,46,46093,C,093,MEADE,0,0,0,0,25000.00,0.00,Heavy Rain / Snow Melt,0,"[[44.43,-103.55],[44.43,-103.5],[44.39,-103.53],[44.41,-103.58]]",0,1,county_code_unverified|timezone_not_normalized_to_utc
102981,17801,2008,2008-07-11T19:00:00,2008-07-11T20:23:00,EST-5,1.3833333333333333,12,12031,C,031,DUVAL,0,0,0,0,0.00,0.00,Heavy Rain,0,"[[30.3,-81.63],[30.33,-81.66],[30.2714,-81.71],[30.24,-81.76],[30.2662,-81.5941],[30.33,-81.52]]",0,1,county_code_unverified|timezone_not_normalized_to_utc
103135,17736,2008,2008-07-16T06:00:00,2008-07-16T16:00:00,CST-6,10.0,31,31159,C,159,SEWARD,0,0,0,0,25000.00,0.00,Heavy Rain,0,"[[40.77,-97.05],[40.77,-97.0392],[40.7534,-97.0393],[40.734,-97.0762],[40.7665,-97.0783]]",0,1,county_code_unverified|timezone_not_normalized_to_utc
103136,17736,2008,2008-07-16T05:45:00,2008-07-19T03:30:00,CST-6,69.75,31,31151,C,151,SALINE,0,0,0,0,25000.00,0.00,Heavy Rain,0,"[[40.4971,-97.0635],[40.3811,-96.9866],[40.3931,-96.9214],[40.5039,-96.9866]]",0,1,county_code_unverified|timezone_not_normalized_to_utc
103137,17736,2008,2008-07-16T08:00:00,2008-07-21T13:45:00,CST-6,125.75,31,31151,C,151,SALINE,0,0,0,0,25000.00,0.00,Heavy Rain,0,"[[40.6687,-97.0021],[40.5206,-96.9839],[40.3675,-96.9173],[40.3942,-96.8603],[40.6843,-96.9386]]",0,1,county_code_unverified|timezone_not_normalized_to_utc
103141,16277,2008,2008-05-30T01:30:00,2008-05-30T03:30:00,CST-6,2.0,31,31055,C,055,DOUGLAS,0,0,0,0,0.00,0.00,Heavy Rain,0,"[[41.3464,-96.3511],[41.3477,-96.3003],[41.3768,-96.3072],[41.3758,-96.3934]]",0,1,county_code_unverified|timezone_not_normalized_to_utc
103164,17807,2008,2008-06-01T00:00:00,2008-06-13T22:48:00,CST-6,310.8,19,19169,C,169,STORY,0,0,0,0,100000.00,0.00,Heavy Rain,0,"[[42.0429,-93.6451],[42.0326,-93.621],[42.0186,-93.597],[42.0067,-93.5959],[42.0165,-93.6356],[42.0314,-93.6575]]",0,1,county_code_unverified|timezone_not_normalized_to_utc
103168,17807,2008,2008-06-01T00:00:00,2008-06-04T10:48:00,CST-6,82.8,19,19109,C,109,KOSSUTH,0,0,0,0,15000.00,10000.00,Heavy Rain,0,"[[43.2241,-94.1398],[43.213,-94.2621],[42.879,-94.3234],[42.879,-94.1547]]",0,1,county_code_unverified|timezone_not_normalized_to_utc
103170,17807,2008,2008-06-01T00:00:00,2008-06-03T10:13:00,CST-6,58.21666666666667,19,19013,C,013,BLACK HAWK,0,0,0,0,25000.00,0.00,Heavy Rain,0,"[[42.5485,-92.5152],[42.6117,-92.5282],[42.6117,-92.4609],[42.5672,-92.4651]]",0,1,county_code_unverified|timezone_not_normalized_to_utc
103178,16277,2008,2008-05-30T05:10:00,2008-05-31T14:30:00,CST-6,33.333333333333336,31,31119,C,119,MADISON,0,0,0,0,0.00,0.00,Heavy Rain,0,"[[41.7775,-97.8319],[41.7278,-97.757],[41.7311,-97.7107],[41.7944,-97.7948]]",0,1,county_code_unverified|timezone_not_normalized_to_utc
103354,17343,2008,2008-05-19T02:00:00,2008-05-19T23:00:00,PST-8,21.0,53,53063,C,063,SPOKANE,0,0,0,0,1000000.00,0.00,Heavy Rain / Snow Melt,0,"[[47.8804,-117.1376],[47.9106,-117.1187],[47.9108,-117.0964],[47.8814,-117.1266]]",0,1,county_code_unverified|timezone_not_normalized_to_utc
103404,17835,2008,2008-05-23T13:45:00,2008-05-23T16:45:00,CST-6,3.0,31,31145,C,145,RED WILLOW,0,0,0,0,0.00,0.00,Heavy Rain,0,"[[40.19,-100.63],[40.1967,-100.597],[40.2169,-100.6145],[40.2198,-100.6567]]",0,1,county_code_unverified|timezone_not_normalized_to_utc
103405,17835,2008,2008-05-23T20:49:00,2008-05-23T23:49:00,CST-6,3.0,31,31145,C,145,RED WILLOW,0,0,0,0,200000.00,0.00,Heavy Rain,0,"[[40.2,-100.62],[40.0613,-100.6073],[40.0823,-100.2145],[40.2848,-100.2901]]",0,1,county_code_unverified|timezone_not_normalized_to_utc
103666,17870,2008,2008-05-23T00:00:00,2008-05-31T00:00:00,MST-7,192.0,30,30031,C,031,GALLATIN,0,0,0,0,0.00,0.00,Heavy Rain / Snow Melt,0,"[[45.68,-111.03],[45.68,-110.9886],[45.7107,-110.986],[45.7234,-111.03]]",0,1,county_code_unverified|timezone_not_normalized_to_utc
103745,17872,2008,2008-07-17T21:27:00,2008-07-17T23:45:00,CST-6,2.3,19,19153,C,153,POLK,0,0,0,0,5000.00,0.00,Heavy Rain,0,"[[41.62,-93.65],[41.6022,-93.6509],[41.6038,-93.6233],[41.6225,-93.6253]]",0,1,county_code_unverified|timezone_not_normalized_to_utc
103746,17872,2008,2008-07-17T22:15:00,2008-07-17T23:45:00,CST-6,1.5,19,19153,C,153,POLK,0,0,0,0,20000.00,0.00,Heavy Rain,0,"[[41.64,-93.74],[41.5899,-93.7408],[41.5926,-93.6815],[41.6455,-93.6821]]",0,1,county_code_unverified|timezone_not_normalized_to_utc
103953,17905,2008,2008-07-17T19:45:00,2008-07-19T13:00:00,CST-6,41.25,31,31067,C,067,GAGE,0,0,0,0,0.00,0.00,Heavy Rain,0,"[[40.3,-96.75],[40.3785,-96.9015],[40.2544,-96.7841],[40.0686,-96.6227],[40.0529,-96.5554],[40.2476,-96.6708]]",0,1,county_code_unverified|timezone_not_normalized_to_utc
103954,17905,2008,2008-07-18T00:10:00,2008-07-19T17:00:00,CST-6,40.833333333333336,31,31095,C,095,JEFFERSON,0,0,0,0,0.00,0.00,Heavy Rain,0,"[[40.15,-97.17],[40.1043,-97.3519],[40.0387,-97.3863],[40.0255,-97.1809],[40.035,-97.1095],[40.1558,-97.1191]]",0,1,county_code_unverified|timezone_not_normalized_to_utc
104126,16209,2008,2008-05-27T18:36:00,2008-05-27T22:30:00,EST-5,3.9,18,18071,C,071,JACKSON,0,0,0,0,10000.00,0.00,Heavy Rain,0,"[[38.9946,-86.0181],[38.9813,-85.9941],[38.9644,-86.0036],[38.9738,-86.0374]]",0,1,county_code_unverified|timezone_not_normalized_to_utc
104128,16209,2008,2008-05-27T19:05:00,2008-05-27T22:00:00,EST-5,2.9166666666666665,18,18083,C,083,KNOX,0,0,0,0,2000.00,0.00,Heavy Rain,0,"[[38.78,-87.3],[38.7835,-87.3176],[38.7719,-87.3188],[38.7645,-87.2998]]",0,1,county_code_unverified|timezone_not_normalized_to_utc
104258,17954,2008,2008-06-26T20:05:00,2008-06-26T22:05:00,EST-5,2.0,39,39029,C,029,COLUMBIANA,0,0,0,0,50000.00,0.00,Heavy Rain,0,"[[40.7972,-80.9251],[40.7984,-80.9273],[40.798,-80.9277],[40.7971,-80.9254]]",0,1,county_code_unverified|timezone_not_normalized_to_utc
104260,17954,2008,2008-06-26T06:30:00,2008-06-26T09:30:00,EST-5,3.0,39,39119,C,119,MUSKINGUM,0,0,0,0,30000.00,0.00,Heavy Rain,0,"[[39.917,-82.0148],[39.9169,-82.0115],[39.9132,-82.0139],[39.9141,-82.0162]]",0,1,county_code_unverified|timezone_not_normalized_to_utc
104261,17954,2008,2008-06-26T19:40:00,2008-06-26T22:40:00,EST-5,3.0,39,39157,C,157,TUSCARAWAS,0,0,0,0,35000.00,0.00,Heavy Rain,0,"[[40.49,-81.44],[40.4935,-81.4576],[40.4904,-81.4585],[40.4881,-81.4411]]",0,1,county_code_unverified|timezone_not_normalized_to_utc
104404,17807,2008,2008-06-01T00:00:00,2008-06-14T16:52:00,CST-6,328.8666666666667,19,19099,C,099,JASPER,0,0,0,0,200000.00,100000.00,Heavy Rain,0,"[[41.7305,-93.3475],[41.7003,-93.3477],[41.6299,-93.1593],[41.5087,-93.0053],[41.5086,-92.9274],[41.6769,-93.1087]]",0,1,county_code_unverified|timezone_not_normalized_to_utc
104410,17807,2008,2008-06-01T00:00:00,2008-06-25T13:27:00,CST-6,589.45,19,19123,C,123,MAHASKA,0,0,0,0,500000.00,500000.00,Heavy Rain,0,"[[41.4888,-92.8635],[41.439,-92.858],[41.2519,-92.4203],[41.319,-92.417]]",0,1,county_code_unverified|timezone_not_normalized_to_utc
104414,17807,2008,2008-06-01T00:00:00,2008-06-05T14:02:00,CST-6,110.03333333333333,19,19015,C,015,BOONE,0,0,0,0,100000.00,250000.00,Heavy Rain,0,"[[42.3199,-93.9336],[42.3103,-94.0039],[42.0725,-93.9837],[42.0737,-93.9072]]",0,1,county_code_unverified|timezone_not_normalized_to_utc
104420,17807,2008,2008-06-01T00:00:00,2008-06-24T04:30:00,CST-6,556.5,19,19153,C,153,POLK,0,0,0,0,6000000.00,50000.00,Heavy Rain,0,"[[41.6792,-93.6926],[41.6791,-93.6458],[41.591,-93.5821],[41.5905,-93.6585]]",0,1,county_code_unverified|timezone_not_normalized_to_utc
104422,17807,2008,2008-06-01T00:00:00,2008-06-02T09:30:00,CST-6,33.5,19,19153,C,153,POLK,0,0,0,0,10000.00,50000.00,Heavy Rain,0,"[[41.5501,-93.9584],[41.5261,-93.9723],[41.5063,-93.883],[41.5304,-93.741],[41.5526,-93.7462],[41.5335,-93.8916]]",0,1,county_code_unverified|timezone_not_normalized_to_utc
104426,17807,2008,2008-06-01T00:00:00,2008-06-19T17:16:00,CST-6,449.26666666666665,19,19153,C,153,POLK,0,0,0,0,500000.00,50000.00,Heavy Rain,0,"[[41.5586,-93.6751],[41.5769,-93.674],[41.5912,-93.6209],[41.5731,-93.6085]]",0,1,county_code_unverified|timezone_not_normalized_to_utc
104427,17807,2008,2008-06-01T00:00:00,2008-06-19T09:30:00,CST-6,441.5,19,19153,C,153,POLK,0,0,0,0,100000.00,150000.00,Heavy Rain,0,"[[41.5658,-93.6716],[41.5345,-93.7337],[41.5537,-93.7391],[41.5742,-93.6953]]",0,1,county_code_unverified|timezone_not_normalized_to_utc
104431,17807,2008,2008-06-01T00:00:00,2008-06-01T18:45:00,CST-6,18.75,19,19023,C,023,BUTLER,0,0,0,0,5000.00,10000.00,Heavy Rain,0,"[[42.5589,-92.5583],[42.598,-92.5566],[42.618,-92.7567],[42.5886,-92.7608]]",0,1,county_code_unverified|timezone_not_normalized_to_utc
104437,17807,2008,2008-06-01T00:15:00,2008-06-19T21:45:00,CST-6,453.5,19,19013,C,013,BLACK HAWK,0,0,0,0,500000.00,1000000.00,Heavy Rain,0,"[[42.6407,-92.5518],[42.6407,-92.4587],[42.6106,-92.457],[42.6103,-92.5521]]",0,1,county_code_unverified|timezone_not_normalized_to_utc
104441,17807,2008,2008-06-01T00:00:00,2008-06-02T21:45:00,CST-6,45.75,19,19153,C,153,POLK,0,0,0,0,100000.00,50000000.00,Heavy Rain,0,"[[41.8498,-93.9994],[41.8092,-93.9996],[41.6955,-93.8002],[41.6336,-93.6656],[41.6796,-93.6727],[41.7549,-93.7758]]",0,1,county_code_unverified|timezone_not_normalized_to_utc
104449,17807,2008,2008-06-01T00:00:00,2008-06-01T14:10:00,CST-6,14.166666666666666,19,19127,C,127,MARSHALL,0,0,0,0,100000.00,250000000.00,Heavy Rain,0,"[[42.1086,-93.0539],[42.0523,-92.9598],[42.0208,-92.842],[42.0489,-92.8037],[42.1365,-93.0038]]",0,1,county_code_unverified|timezone_not_normalized_to_utc
104498,15457,2008,2008-05-01T21:30:00,2008-05-02T03:45:00,CST-6,6.25,20,20001,C,001,ALLEN,0,0,0,0,0.00,0.00,Heavy Rain,0,"[[37.9281,-95.3184],[37.9307,-95.2748],[37.9047,-95.2803],[37.9068,-95.3239]]",0,1,county_code_unverified|timezone_not_normalized_to_utc
104499,15457,2008,2008-05-01T22:47:00,2008-05-02T00:58:00,CST-6,2.183333333333333,20,20015,C,015,BUTLER,0,0,0,0,0.00,0.00,Heavy Rain,0,"[[37.947,-97.01],[37.9478,-97.0008],[37.9414,-97.0028],[37.9422,-97.0143]]",0,1,county_code_unverified|timezone_not_normalized_to_utc
104500,15457,2008,2008-05-01T19:39:00,2008-05-02T03:37:00,CST-6,7.966666666666667,20,20049,C,049,ELK,0,0,0,0,0.00,0.00,Heavy Rain,0,"[[37.4809,-95.9862],[37.3909,-95.9944],[37.3909,-96.2608],[37.4743,-96.2444]]",0,1,county_code_unverified|timezone_not_normalized_to_utc
104501,15457,2008,2008-05-01T22:04:00,2008-05-02T00:30:00,CST-6,2.433333333333333,20,20173,C,173,SEDGWICK,0,0,0,0,0.00,0.00,Heavy Rain,0,"[[37.694,-97.3381],[37.694,-97.3359],[37.693,-97.3361],[37.6931,-97.3381]]",0,1,county_code_unverified|timezone_not_normalized_to_utc
104502,15457,2008,2008-05-01T20:08:00,2008-05-02T03:37:00,CST-6,7.483333333333333,20,20205,C,205,WILSON,0,0,0,0,0.00,0.00,Heavy Rain,0,"[[37.5851,-95.9137],[37.5713,-95.9148],[37.5685,-95.8828],[37.5874,-95.8861]]",0,1,county_code_unverified|timezone_not_normalized_to_utc
104533,15457,2008,2008-05-02T01:45:00,2008-05-02T03:37:00,CST-6,1.8666666666666667,20,20205,C,205,WILSON,0,0,0,0,0.00,0.00,Heavy Rain,0,"[[37.7137,-95.5278],[37.7137,-95.58],[37.6895,-95.5802],[37.6903,-95.527]]",0,1,county_code_unverified|timezone_not_normalized_to_utc
104603,18000,2008,2008-07-07T18:40:00,2008-07-07T19:20:00,CST-6,0.6666666666666666,55,55043,C,043,GRANT,0,0,0,0,2000.00,0.00,Heavy Rain,0,"[[42.9955,-90.594],[43.0008,-90.5982],[43.0186,-90.5838],[43.0218,-90.5663],[43.0047,-90.5785]]",0,1,county_code_unverified|timezone_not_normalized_to_utc
104610,18002,2008,2008-07-18T18:00:00,2008-07-19T02:00:00,AKST-9,8.0,02,02145,C,145,SUSITNA VALLEY,0,0,0,0,0.00,0.00,Heavy Rain / Snow Melt,0,"[[62.1453,-150.9494],[62.0524,-150.672],[61.8212,-150.8423],[61.9751,-151.1279]]",0,1,county_code_unverified|timezone_not_normalized_to_utc
104795,17915,2008,2008-06-04T14:30:00,2008-06-04T16:00:00,EST-5,1.5,51,51153,C,153,PRINCE WILLIAM,0,0,0,0,0.00,0.00,Heavy Rain,0,"[[38.68,-77.5],[38.6961,-77.5056],[38.6948,-77.4728],[38.6791,-77.4699]]",0,1,county_code_unverified|timezone_not_normalized_to_utc
105348,18061,2008,2008-05-02T11:03:00,2008-05-05T12:00:00,CST-6,72.95,27,27167,C,167,WILKIN,0,0,0,0,0.00,0.00,Heavy Rain,0,"[[46.3765,-96.6479],[46.4835,-96.7122],[46.4709,-96.6206],[46.4079,-96.6024]]",0,1,county_code_unverified|timezone_not_normalized_to_utc
105350,17998,2008,2008-05-07T08:01:00,2008-05-07T14:15:00,CST-6,6.233333333333333,20,20001,C,001,ALLEN,0,0,0,0,0.00,0.00,Heavy Rain,0,"[[37.736,-95.4126],[37.7299,-95.4147],[37.7286,-95.428],[37.7358,-95.4292]]",0,1,county_code_unverified|timezone_not_normalized_to_utc
105354,17998,2008,2008-05-07T12:15:00,2008-05-08T00:34:00,CST-6,12.316666666666666,20,20099,C,099,LABETTE,0,0,0,0,0.00,0.00,Heavy Rain,0,"[[37.3489,-95.2511],[37.3254,-95.2504],[37.3259,-95.2889],[37.3486,-95.2855]]",0,1,county_code_unverified|timezone_not_normalized_to_utc
105357,17998,2008,2008-05-07T18:54:00,2008-05-08T00:34:00,CST-6,5.666666666666667,20,20125,C,125,MONTGOMERY,0,0,0,0,0.00,0.00,Heavy Rain,0,"[[37.0041,-95.941],[37.0226,-95.9433],[37.0194,-95.9222],[37.0071,-95.9242]]",0,1,county_code_unverified|timezone_not_normalized_to_utc
105360,17998,2008,2008-05-07T20:10:00,2008-05-08T00:34:00,CST-6,4.4,20,20125,C,125,MONTGOMERY,0,0,0,0,0.00,0.00,Heavy Rain,0,"[[37.0472,-95.602],[37.0313,-95.5986],[37.0198,-95.6219],[37.0355,-95.6552],[37.0519,-95.6377]]",0,1,county_code_unverified|timezone_not_normalized_to_utc
105363,17998,2008,2008-05-07T08:15:00,2008-05-07T14:15:00,CST-6,6.0,20,20133,C,133,NEOSHO,0,0,0,0,0.00,0.00,Heavy Rain,0,"[[37.5623,-95.2355],[37.5631,-95.2486],[37.5756,-95.2504],[37.5763,-95.2355]]",0,1,county_code_unverified|timezone_not_normalized_to_utc
105366,18066,2008,2008-06-08T06:30:00,2008-06-21T01:00:00,CST-6,306.5,19,19109,C,109,KOSSUTH,0,0,0,0,1000000.00,500000.00,Heavy Rain,0,"[[43.2241,-94.1398],[43.213,-94.2621],[42.879,-94.3234],[42.879,-94.1547]]",0,1,county_code_unverified|timezone_not_normalized_to_utc
105372,18066,2008,2008-06-08T22:18:00,2008-06-12T22:20:00,CST-6,96.03333333333333,19,19169,C,169,STORY,0,0,0,0,100000.00,250000.00,Heavy Rain,0,"[[42.0665,-93.6109],[42.0408,-93.5887],[42.0114,-93.5866],[42.0146,-93.6047],[42.0376,-93.6095],[42.067,-93.6304]]",0,1,county_code_unverified|timezone_not_normalized_to_utc
105386,18066,2008,2008-06-05T23:59:00,2008-06-06T06:01:00,CST-6,6.033333333333333,19,19173,C,173,TAYLOR,0,0,0,0,10000.00,50000.00,Heavy Rain,0,"[[40.792,-94.5339],[40.7701,-94.4948],[40.6645,-94.7015],[40.6983,-94.742]]",0,1,county_code_unverified|timezone_not_normalized_to_utc
105392,18066,2008,2008-06-07T20:28:00,2008-06-18T07:15:00,CST-6,250.78333333333333,19,19033,C,033,CERRO GORDO,0,0,0,0,1000000.00,500000.00,Heavy Rain,0,"[[43.1371,-93.0309],[43.0596,-93.0319],[43.2497,-93.4604],[43.2492,-93.3618]]",0,1,county_code_unverified|timezone_not_normalized_to_utc
105408,18066,2008,2008-06-08T10:20:00,2008-06-16T12:30:00,CST-6,194.16666666666666,19,19017,C,017,BREMER,0,0,0,0,250000.00,500000.00,Heavy Rain,0,"[[42.8239,-92.5338],[42.6836,-92.4954],[42.6029,-92.4863],[42.6679,-92.3845],[42.7222,-92.4021],[42.8279,-92.4762]]",0,1,county_code_unverified|timezone_not_normalized_to_utc
105429,18066,2008,2008-06-06T05:12:00,2008-06-20T10:15:00,CST-6,341.05,19,19013,C,013,BLACK HAWK,0,0,0,0,500000.00,250000.00,Heavy Rain,0,"[[42.5485,-92.5152],[42.6117,-92.5282],[42.6117,-92.4609],[42.5672,-92.4651]]",0,1,county_code_unverified|timezone_not_normalized_to_utc
105436,18066,2008,2008-06-07T04:30:00,2008-06-18T07:15:00,CST-6,266.75,19,19013,C,013,BLACK HAWK,0,0,0,0,2000000.00,250000.00,Heavy Rain,0,"[[42.5485,-92.5152],[42.3073,-92.2203],[42.3173,-92.1029],[42.5672,-92.4651]]",0,1,county_code_unverified|timezone_not_normalized_to_utc
105440,18066,2008,2008-06-05T23:59:00,2008-06-09T10:48:00,CST-6,82.81666666666666,19,19117,C,117,LUCAS,0,0,0,0,10000.00,50000.00,Heavy Rain,0,"[[40.9691,-93.2575],[40.9308,-93.0998],[40.9008,-93.1006],[40.9009,-93.2108]]",0,1,county_code_unverified|timezone_not_normalized_to_utc
105444,18066,2008,2008-06-08T00:55:00,2008-06-17T06:50:00,CST-6,221.91666666666666,19,19187,C,187,WEBSTER,0,0,0,0,500000.00,500000.00,Heavy Rain,0,"[[42.5208,-94.2222],[42.5246,-94.1626],[42.3768,-94.0169],[42.3504,-94.0969]]",0,1,county_code_unverified|timezone_not_normalized_to_utc
105449,18066,2008,2008-06-05T23:59:00,2008-06-21T06:30:00,CST-6,366.51666666666665,19,19015,C,015,BOONE,0,0,0,0,100000.00,500000.00,Heavy Rain,0,"[[42.3199,-93.9336],[42.0737,-93.9072],[42.0725,-93.9837],[42.3103,-94.0039]]",0,1,county_code_unverified|timezone_not_normalized_to_utc
105496,18066,2008,2008-06-08T15:30:00,2008-06-30T23:59:00,CST-6,536.4833333333333,19,19125,C,125,MARION,0,0,0,0,500000.00,1000000.00,Heavy Rain,0,"[[41.2034,-92.6412],[41.1424,-92.6416],[41.3409,-93.009],[41.387,-92.9555]]",0,1,county_code_unverified|timezone_not_normalized_to_utc
105500,18066,2008,2008-06-08T22:18:00,2008-06-30T23:59:00,CST-6,529.6833333333333,19,19179,C,179,WAPELLO,0,0,0,0,1000000.00,1000000.00,Heavy Rain,0,"[[41.1254,-92.6374],[41.159,-92.6074],[40.9519,-92.1873],[40.9011,-92.2869]]",0,1,county_code_unverified|timezone_not_normalized_to_utc
105502,18066,2008,2008-06-08T09:12:00,2008-06-16T05:04:00,CST-6,187.86666666666667,19,19049,C,049,DALLAS,0,0,0,0,200000.00,500000.00,Heavy Rain,0,"[[41.5501,-93.9584],[41.5261,-93.9723],[41.5063,-93.883],[41.5304,-93.741],[41.5526,-93.7462],[41.5335,-93.8916]]",0,1,county_code_unverified|timezone_not_normalized_to_utc
105503,17440,2008,2008-05-27T14:57:00,2008-05-27T15:30:00,EST-5,0.55,25,25017,C,017,MIDDLESEX,0,0,0,0,3000.00,0.00,Heavy Rain,0,"[[42.4345,-71.1],[42.42,-71.0804],[42.4055,-71.1],[42.42,-71.1196]]",0,1,county_code_unverified|timezone_not_normalized_to_utc
105505,18066,2008,2008-06-07T18:00:00,2008-06-22T00:30:00,CST-6,342.5,19,19063,C,063,EMMET,0,0,0,0,50000.00,100000.00,Heavy Rain,0,"[[43.5007,-94.9125],[43.5006,-94.8504],[43.3237,-94.7367],[43.3224,-94.8385]]",0,1,county_code_unverified|timezone_not_normalized_to_utc
105507,18066,2008,2008-06-08T02:36:00,2008-06-20T20:25:00,CST-6,305.81666666666666,19,19091,C,091,HUMBOLDT,0,0,0,0,50000.00,100000.00,Heavy Rain,0,"[[42.7224,-94.2486],[42.7315,-94.2059],[42.6769,-94.1789],[42.6646,-94.2317]]",0,1,county_code_unverified|timezone_not_normalized_to_utc
105509,18066,2008,2008-06-08T00:40:00,2008-06-13T13:05:00,CST-6,132.41666666666666,19,19079,C,079,HAMILTON,0,0,0,0,75000.00,250000.00,Heavy Rain,0,"[[42.4817,-93.7739],[42.4799,-93.8632],[42.3685,-93.8665],[42.33,-93.9304],[42.3017,-93.9304],[42.3413,-93.8114]]",0,1,county_code_unverified|timezone_not_normalized_to_utc
105512,18066,2008,2008-06-06T02:25:00,2008-06-14T17:00:00,CST-6,206.58333333333334,19,19023,C,023,BUTLER,0,0,0,0,300000.00,500000.00,Heavy Rain,0,"[[42.5589,-92.5583],[42.598,-92.5566],[42.618,-92.7567],[42.5886,-92.7608]]",0,1,county_code_unverified|timezone_not_normalized_to_utc
105517,18066,2008,2008-06-06T00:15:00,2008-06-15T07:00:00,CST-6,222.75,19,19153,C,153,POLK,0,0,0,0,300000.00,250000.00,Heavy Rain,0,"[[41.8498,-93.9994],[41.8092,-93.9996],[41.6955,-93.8002],[41.6336,-93.6656],[41.6796,-93.6727],[41.7549,-93.7758]]",0,1,county_code_unverified|timezone_not_normalized_to_utc
105521,18066,2008,2008-06-05T23:59:00,2008-06-15T20:17:00,CST-6,236.3,19,19181,C,181,WARREN,0,0,0,0,150000.00,300000.00,Heavy Rain,0,"[[41.4286,-93.79],[41.4643,-93.7121],[41.5103,-93.6122],[41.5278,-93.4636],[41.5109,-93.4449],[41.4608,-93.5712],[41.4229,-93.6866],[41.4103,-93.7903]]",0,1,county_code_unverified|timezone_not_normalized_to_utc
105522,18066,2008,2008-06-06T01:12:00,2008-06-09T05:35:00,CST-6,76.38333333333334,19,19053,C,053,DECATUR,0,0,0,0,50000.00,100000.00,Heavy Rain,0,"[[40.8341,-93.953],[40.7899,-94.0001],[40.5832,-93.8816],[40.5842,-93.7511]]",0,1,county_code_unverified|timezone_not_normalized_to_utc
105523,18066,2008,2008-06-06T11:07:00,2008-06-18T07:30:00,CST-6,284.3833333333333,19,19127,C,127,MARSHALL,0,0,0,0,100000.00,500000.00,Heavy Rain,0,"[[42.1086,-93.0539],[42.0523,-92.9598],[42.0208,-92.842],[42.0489,-92.8037],[42.1365,-93.0038]]",0,1,county_code_unverified|timezone_not_normalized_to_utc
105525,18066,2008,2008-06-05T23:59:00,2008-06-10T08:00:00,CST-6,104.01666666666667,19,19181,C,181,WARREN,0,0,0,0,100000.00,500000.00,Heavy Rain,0,"[[41.4853,-93.3827],[41.4872,-93.4154],[41.5034,-93.4784],[41.3888,-93.7088],[41.3724,-93.6943],[41.4191,-93.5425]]",0,1,county_code_unverified|timezone_not_normalized_to_utc
105526,18066,2008,2008-06-08T06:00:00,2008-06-18T11:05:00,CST-6,245.08333333333334,19,19023,C,023,BUTLER,0,0,0,0,250000.00,500000.00,Heavy Rain,0,"[[42.8194,-92.7455],[42.7031,-92.6187],[42.6449,-92.5238],[42.6446,-92.4804],[42.683,-92.4888],[42.8465,-92.6839]]",0,1,county_code_unverified|timezone_not_normalized_to_utc
105593,17365,2008,2008-05-23T18:00:00,2008-05-25T06:00:00,MST-7,36.0,30,30071,C,071,PHILLIPS,0,0,0,0,1000.00,0.00,Heavy Rain,0,"[[47.92,-108.53],[47.9187,-108.5184],[47.9147,-108.5203],[47.9137,-108.5307]]",0,1,county_code_unverified|timezone_not_normalized_to_utc
105606,18090,2008,2008-05-01T00:01:00,2008-05-01T00:07:00,EST-5,0.1,23,23001,C,001,ANDROSCOGGIN,0,0,0,0,0.00,0.00,Heavy Rain,0,"[[44.1332,-70.2068],[44.1223,-70.2131],[44.1191,-70.2094],[44.131,-70.2008]]",0,1,county_code_unverified|timezone_not_normalized_to_utc
105608,18090,2008,2008-05-01T00:01:00,2008-05-01T09:03:00,EST-5,9.033333333333333,23,23011,C,011,KENNEBEC,0,0,0,0,0.00,0.00,Heavy Rain,0,"[[44.4762,-69.687],[44.4769,-69.6794],[44.4482,-69.688],[44.4497,-69.6956]]",0,1,county_code_unverified|timezone_not_normalized_to_utc
105609,18090,2008,2008-05-01T00:01:00,2008-05-01T17:14:00,EST-5,17.216666666666665,23,23011,C,011,KENNEBEC,0,0,0,0,0.00,0.00,Heavy Rain,0,"[[44.3274,-69.7713],[44.3294,-69.7658],[44.3175,-69.7704],[44.3193,-69.7729]]",0,1,county_code_unverified|timezone_not_normalized_to_utc
105610,18090,2008,2008-05-01T00:01:00,2008-05-01T13:45:00,EST-5,13.733333333333333,23,23025,C,025,SOMERSET,0,0,0,0,0.00,0.00,Heavy Rain,0,"[[44.7698,-69.711],[44.7684,-69.7101],[44.7642,-69.7163],[44.765,-69.7186]]",0,1,county_code_unverified|timezone_not_normalized_to_utc
105708,18088,2008,2008-06-12T06:36:00,2008-06-12T17:50:00,CST-6,11.233333333333333,19,19029,C,029,CASS,0,0,0,0,10000.00,10000.00,Heavy Rain,0,"[[41.4318,-95.0292],[41.3177,-95.1251],[41.2768,-95.1124],[41.2846,-95.0702],[41.315,-95.0538],[41.411,-95.0106]]",0,1,county_code_unverified|timezone_not_normalized_to_utc
105709,18088,2008,2008-06-12T12:12:00,2008-06-16T01:45:00,CST-6,85.55,19,19185,C,185,WAYNE,0,0,0,0,10000.00,10000.00,Heavy Rain,0,"[[40.8436,-93.1129],[40.8119,-93.2303],[40.7828,-93.2308],[40.769,-93.1038]]",0,1,county_code_unverified|timezone_not_normalized_to_utc
105710,18088,2008,2008-06-13T11:00:00,2008-06-14T04:51:00,CST-6,17.85,19,19007,C,007,APPANOOSE,0,0,0,0,10000.00,10000.00,Heavy Rain,0,"[[40.5973,-92.6614],[40.5968,-92.818],[40.8175,-92.9064],[40.8445,-92.8575]]",0,1,county_code_unverified|timezone_not_normalized_to_utc
105711,18088,2008,2008-06-10T11:00:00,2008-06-20T13:15:00,CST-6,242.25,19,19153,C,153,POLK,0,0,0,0,2000000.00,1000000.00,Heavy Rain,0,"[[41.6792,-93.6926],[41.6791,-93.6458],[41.591,-93.5821],[41.5905,-93.6585]]",0,1,county_code_unverified|timezone_not_normalized_to_utc
105712,18088,2008,2008-06-12T08:57:00,2008-06-12T17:40:00,CST-6,8.716666666666667,19,19049,C,049,DALLAS,0,0,0,0,10000.00,10000.00,Heavy Rain,0,"[[41.5806,-94.1905],[41.5591,-94.2037],[41.5385,-94.0942],[41.5261,-93.9723],[41.5501,-93.9584],[41.5678,-94.023],[41.5659,-94.0896],[41.6009,-94.1505]]",0,1,county_code_unverified|timezone_not_normalized_to_utc
105713,18088,2008,2008-06-12T08:19:00,2008-06-13T02:46:00,CST-6,18.45,19,19053,C,053,DECATUR,0,0,0,0,10000.00,50000.00,Heavy Rain,0,"[[40.8341,-93.953],[40.7899,-94.0001],[40.5832,-93.8816],[40.5842,-93.7511]]",0,1,county_code_unverified|timezone_not_normalized_to_utc
105714,18088,2008,2008-06-11T22:12:00,2008-06-14T12:43:00,CST-6,62.516666666666666,19,19181,C,181,WARREN,0,0,0,0,10000.00,50000.00,Heavy Rain,0,"[[41.4853,-93.3827],[41.4872,-93.4154],[41.5034,-93.4784],[41.3888,-93.7088],[41.3724,-93.6943],[41.4191,-93.5425]]",0,1,county_code_unverified|timezone_not_normalized_to_utc
105716,18109,2008,2008-06-26T16:19:00,2008-06-27T10:30:00,CST-6,18.183333333333334,19,19125,C,125,MARION,0,0,0,0,10000.00,100000.00,Heavy Rain,0,"[[41.2112,-92.9318],[41.2062,-92.8741],[41.2393,-92.8663],[41.2536,-92.8097],[41.2693,-92.831],[41.2685,-92.8932]]",0,1,county_code_unverified|timezone_not_normalized_to_utc
105718,18109,2008,2008-06-26T10:53:00,2008-06-28T09:00:00,CST-6,46.11666666666667,19,19117,C,117,LUCAS,0,0,0,0,10000.00,50000.00,Heavy Rain,0,"[[40.9691,-93.2575],[40.9308,-93.0998],[40.9008,-93.1006],[40.9009,-93.2108]]",0,1,county_code_unverified|timezone_not_normalized_to_utc
105719,18109,2008,2008-06-26T17:44:00,2008-06-27T00:55:00,CST-6,7.183333333333334,19,19185,C,185,WAYNE,0,0,0,0,5000.00,10000.00,Heavy Rain,0,"[[40.8436,-93.1129],[40.8119,-93.2303],[40.7828,-93.2308],[40.769,-93.1038]]",0,1,county_code_unverified|timezone_not_normalized_to_utc
105720,18109,2008,2008-06-25T21:19:00,2008-06-29T16:48:00,CST-6,91.48333333333333,19,19153,C,153,POLK,0,0,0,0,10000.00,25000.00,Heavy Rain,0,"[[41.591,-93.5821],[41.5893,-93.626],[41.5379,-93.5635],[41.4578,-93.3592],[41.5097,-93.3519],[41.5687,-93.4725]]",0,1,county_code_unverified|timezone_not_normalized_to_utc
105961,18133,2008,2008-06-10T21:00:00,2008-06-24T13:00:00,CST-6,328.0,17,17003,C,003,ALEXANDER,0,0,0,0,0.00,10000.00,Heavy Rain,0,"[[36.9836,-89.1462],[36.9867,-89.1365],[37.0065,-89.1637],[37.0042,-89.1688]]",0,1,county_code_unverified|timezone_not_normalized_to_utc
105965,18134,2008,2008-06-08T04:00:00,2008-06-30T23:59:00,CST-6,547.9833333333333,17,17003,C,003,ALEXANDER,0,0,0,0,0.00,100000.00,Heavy Rain,0,"[[37.22,-89.47],[37.2022,-89.463],[37.2035,-89.4581],[37.2205,-89.4618]]",0,1,county_code_unverified|timezone_not_normalized_to_utc
105975,18135,2008,2008-06-06T05:00:00,2008-06-30T23:59:00,CST-6,594.9833333333333,29,29031,C,031,CAPE GIRARDEAU,0,0,0,0,0.00,100000.00,Heavy Rain,0,"[[37.3423,-89.4836],[37.3366,-89.4812],[37.3016,-89.5156],[37.3145,-89.5159]]",0,1,county_code_unverified|timezone_not_normalized_to_utc
105979,18136,2008,2008-06-18T05:00:00,2008-06-30T23:59:00,CST-6,306.98333333333335,17,17077,C,077,JACKSON,0,0,0,1,0.00,30000.00,Heavy Rain,1,"[[37.7637,-89.4424],[37.7539,-89.4328],[37.7517,-89.3528],[37.7612,-89.3601],[37.7723,-89.3995]]",0,1,county_code_unverified|timezone_not_normalized_to_utc
105982,18137,2008,2008-06-09T16:00:00,2008-06-11T18:00:00,CST-6,50.0,17,17191,C,191,WAYNE,0,0,0,0,0.00,50000.00,Heavy Rain,0,"[[38.3567,-88.5732],[38.3597,-88.5865],[38.3565,-88.5868],[38.3554,-88.5747]]",0,1,county_code_unverified|timezone_not_normalized_to_utc
106069,18151,2008,2008-05-27T07:30:00,2008-05-27T13:30:00,CST-6,6.0,20,20015,C,015,BUTLER,0,0,0,0,0.00,0.00,Heavy Rain,0,"[[37.721,-97.1327],[37.7205,-97.1269],[37.7152,-97.1298],[37.7158,-97.1343]]",0,1,county_code_unverified|timezone_not_normalized_to_utc
106080,18151,2008,2008-05-26T16:25:00,2008-05-26T19:20:00,CST-6,2.9166666666666665,20,20035,C,035,COWLEY,0,0,0,0,0.00,0.00,Heavy Rain,0,"[[37.3,-96.97],[37.3041,-96.898],[37.2582,-96.8424],[37.2664,-96.9818]]",0,1,county_code_unverified|timezone_not_normalized_to_utc
106089,18151,2008,2008-05-26T09:25:00,2008-05-26T13:00:00,CST-6,3.5833333333333335,20,20073,C,073,GREENWOOD,0,0,0,0,0.00,0.00,Heavy Rain,0,"[[38.1302,-96.2952],[38.1432,-96.037],[37.8033,-96.1249],[37.7946,-96.3391]]",0,1,county_code_unverified|timezone_not_normalized_to_utc
106090,18151,2008,2008-05-27T01:27:00,2008-05-27T04:30:00,CST-6,3.05,20,20073,C,073,GREENWOOD,0,0,0,0,0.00,0.00,Heavy Rain,0,"[[37.61,-96.03],[37.6403,-96.0267],[37.6433,-96.0593],[37.6178,-96.0621]]",0,1,county_code_unverified|timezone_not_normalized_to_utc
106094,18151,2008,2008-05-26T12:44:00,2008-05-26T17:00:00,CST-6,4.266666666666667,20,20099,C,099,LABETTE,0,0,0,0,0.00,0.00,Heavy Rain,0,"[[37.2281,-95.3435],[37.2314,-95.1416],[37.0278,-95.1512],[37.0322,-95.3902]]",0,1,county_code_unverified|timezone_not_normalized_to_utc
106096,18151,2008,2008-05-26T18:05:00,2008-05-26T21:05:00,CST-6,3.0,20,20105,C,105,LINCOLN,0,0,0,0,0.00,0.00,Heavy Rain,0,"[[39.1,-98.23],[39.1056,-98.3318],[39.0629,-98.3373],[39.0632,-98.236]]",0,1,county_code_unverified|timezone_not_normalized_to_utc
106116,18151,2008,2008-05-26T10:10:00,2008-05-26T12:06:00,CST-6,1.9333333333333333,20,20125,C,125,MONTGOMERY,0,0,0,0,0.00,0.00,Heavy Rain,0,"[[37.2379,-95.7292],[37.2374,-95.692],[37.2105,-95.6906],[37.216,-95.7328]]",0,1,county_code_unverified|timezone_not_normalized_to_utc
106122,18151,2008,2008-05-26T19:26:00,2008-05-26T22:00:00,CST-6,2.566666666666667,20,20125,C,125,MONTGOMERY,0,0,0,0,0.00,0.00,Heavy Rain,0,"[[37.0623,-95.6882],[37.0672,-95.5522],[37.019,-95.5687],[37.0094,-95.6885]]",0,1,county_code_unverified|timezone_not_normalized_to_utc
106151,18157,2008,2008-06-04T16:00:00,2008-06-04T22:00:00,EST-5,6.0,21,21089,C,089,GREENUP,0,0,0,0,20000.00,0.00,Heavy Rain,0,"[[38.72,-82.97],[38.5149,-83.0745],[38.4073,-82.8445],[38.5009,-82.6886]]",0,1,county_code_unverified|timezone_not_normalized_to_utc
106154,18151,2008,2008-05-27T11:44:00,2008-05-27T13:40:00,CST-6,1.9333333333333333,20,20133,C,133,NEOSHO,0,0,0,0,0.00,0.00,Heavy Rain,0,"[[37.6126,-95.3565],[37.6208,-95.2879],[37.5819,-95.2872],[37.5849,-95.3552]]",0,1,county_code_unverified|timezone_not_normalized_to_utc
106166,18151,2008,2008-05-27T01:11:00,2008-05-27T06:00:00,CST-6,4.816666666666666,20,20155,C,155,RENO,0,0,0,0,0.00,0.00,Heavy Rain,0,"[[37.9659,-98.2068],[38.0892,-98.2645],[38.0935,-97.858],[37.9702,-97.858]]",0,1,county_code_unverified|timezone_not_normalized_to_utc
106176,18151,2008,2008-05-26T20:31:00,2008-05-26T21:17:00,CST-6,0.7666666666666667,20,20173,C,173,SEDGWICK,0,0,0,0,0.00,0.00,Heavy Rain,0,"[[37.69,-97.46],[37.6905,-97.4677],[37.6961,-97.4672],[37.6963,-97.4594]]",0,1,county_code_unverified|timezone_not_normalized_to_utc
106229,18151,2008,2008-05-26T14:38:00,2008-05-26T18:19:00,CST-6,3.683333333333333,20,20191,C,191,SUMNER,0,0,0,0,0.00,0.00,Heavy Rain,0,"[[37.2798,-97.4185],[37.2836,-97.3804],[37.2506,-97.3734],[37.2507,-97.4201]]",0,1,county_code_unverified|timezone_not_normalized_to_utc
106235,18151,2008,2008-05-27T09:50:00,2008-05-27T15:30:00,CST-6,5.666666666666667,20,20191,C,191,SUMNER,0,0,0,0,0.00,0.00,Heavy Rain,0,"[[37.07,-97.3478],[37.0712,-97.3296],[37.0601,-97.3289],[37.0605,-97.345]]",0,1,county_code_unverified|timezone_not_normalized_to_utc
106268,18151,2008,2008-05-26T10:52:00,2008-05-26T14:00:00,CST-6,3.1333333333333333,20,20205,C,205,WILSON,0,0,0,0,0.00,0.00,Heavy Rain,0,"[[37.5206,-95.8094],[37.5432,-95.809],[37.548,-95.8564],[37.5214,-95.8526]]",0,1,county_code_unverified|timezone_not_normalized_to_utc
106411,18163,2008,2008-07-24T05:45:00,2008-07-24T09:30:00,EST-5,3.75,42,42123,C,123,WARREN,0,0,0,0,0.00,0.00,Heavy Rain,0,"[[41.82,-79.45],[41.95,-79.43],[41.98,-79.35],[41.85,-79.33]]",0,1,county_code_unverified|timezone_not_normalized_to_utc
106622,18138,2008,2008-06-08T11:00:00,2008-06-22T06:00:00,CST-6,331.0,17,17185,C,185,WABASH,0,0,0,0,50000.00,100000.00,Heavy Rain,0,"[[38.456,-87.7615],[38.4539,-87.7506],[38.4439,-87.732],[38.4151,-87.7447]]",0,1,county_code_unverified|timezone_not_normalized_to_utc
106625,18196,2008,2008-06-08T11:00:00,2008-06-22T14:00:00,CST-6,339.0,18,18051,C,051,GIBSON,0,0,0,0,50000.00,100000.00,Heavy Rain,0,"[[38.4,-87.73],[38.3233,-87.8062],[38.3255,-87.8295],[38.4283,-87.7382]]",0,1,county_code_unverified|timezone_not_normalized_to_utc
106628,18196,2008,2008-06-09T05:00:00,2008-06-24T15:00:00,CST-6,370.0,18,18129,C,129,POSEY,0,0,0,0,0.00,100000.00,Heavy Rain,0,"[[38.0751,-87.949],[38.0805,-87.959],[38.1356,-87.938],[38.1223,-87.9394]]",0,1,county_code_unverified|timezone_not_normalized_to_utc
106629,18138,2008,2008-06-09T06:00:00,2008-06-24T12:00:00,CST-6,366.0,17,17193,C,193,WHITE,0,0,0,0,0.00,100000.00,Heavy Rain,0,"[[38.0535,-88.0122],[38.0595,-87.982],[38.0951,-87.9593],[38.0824,-88.007]]",0,1,county_code_unverified|timezone_not_normalized_to_utc
106630,18192,2008,2008-05-06T17:05:00,2008-05-06T19:45:00,AST-4,2.6666666666666665,99,,C,005,NORTH CENTRAL,0,0,0,0,115000.00,0.00,Heavy Rain,0,"[[18.4632,-66.7411],[18.4632,-66.7413],[18.4633,-66.7414],[18.4634,-66.7412]]",0,1,requires_crosswalk_or_marine_review|timezone_not_normalized_to_utc
106634,18197,2008,2008-06-08T07:00:00,2008-06-23T17:00:00,CST-6,370.0,18,18051,C,051,GIBSON,0,0,0,0,100000.00,100000.00,Heavy Rain,0,"[[38.5111,-87.4601],[38.5129,-87.4706],[38.4961,-87.5339],[38.4856,-87.5535]]",0,1,county_code_unverified|timezone_not_normalized_to_utc
106639,18197,2008,2008-06-07T07:00:00,2008-06-21T14:00:00,EST-5,343.0,18,18125,C,125,PIKE,0,0,0,0,100000.00,100000.00,Heavy Rain,0,"[[38.5,-87.28],[38.5326,-87.2109],[38.5404,-87.2181],[38.5377,-87.2517],[38.5146,-87.284]]",0,1,county_code_unverified|timezone_not_normalized_to_utc
106685,18205,2008,2008-06-26T03:30:00,2008-06-26T15:30:00,EST-5,12.0,39,39045,C,045,FAIRFIELD,0,0,0,0,5000.00,0.00,Heavy Rain,0,"[[39.815,-82.5473],[39.8481,-82.7779],[39.9134,-82.7655],[39.9055,-82.5389]]",0,1,county_code_unverified|timezone_not_normalized_to_utc
106872,18162,2008,2008-06-04T13:00:00,2008-06-04T17:00:00,EST-5,4.0,54,54001,C,001,BARBOUR,0,0,0,0,10000.00,0.00,Heavy Rain,0,"[[39.1902,-80.0848],[39.1963,-79.9204],[39.0235,-79.9365],[39.0818,-80.1257]]",0,1,county_code_unverified|timezone_not_normalized_to_utc
106874,18162,2008,2008-06-04T11:00:00,2008-06-04T18:00:00,EST-5,7.0,54,54017,C,017,DODDRIDGE,0,0,0,0,75000.00,0.00,Heavy Rain,0,"[[39.3916,-80.6438],[39.1695,-80.6458],[39.2631,-80.8704],[39.3619,-80.766]]",0,1,county_code_unverified|timezone_not_normalized_to_utc
106876,18162,2008,2008-06-04T10:30:00,2008-06-04T18:00:00,EST-5,7.5,54,54085,C,085,RITCHIE,0,0,0,0,25000.00,0.00,Heavy Rain,0,"[[39.2,-81.05],[39.0952,-80.8608],[39.0842,-81.1958],[39.1993,-81.2322]]",0,1,county_code_unverified|timezone_not_normalized_to_utc
106878,18162,2008,2008-06-04T12:00:00,2008-06-04T18:00:00,EST-5,6.0,54,54041,C,041,LEWIS,0,0,0,0,25000.00,0.00,Heavy Rain,0,"[[39.1066,-80.4131],[38.8119,-80.4515],[38.9583,-80.6685],[39.0981,-80.6177]]",0,1,county_code_unverified|timezone_not_normalized_to_utc
106884,18162,2008,2008-06-04T12:00:00,2008-06-04T18:00:00,EST-5,6.0,54,54091,C,091,TAYLOR,0,0,0,0,100000.00,0.00,Heavy Rain,0,"[[39.3948,-80.148],[39.3574,-79.9437],[39.262,-79.9915],[39.2684,-80.1357]]",0,1,county_code_unverified|timezone_not_normalized_to_utc
106886,18162,2008,2008-06-04T12:00:00,2008-06-04T18:00:00,EST-5,6.0,54,54097,C,097,UPSHUR,0,0,0,0,10000.00,0.00,Heavy Rain,0,"[[39.0635,-80.2895],[39.0016,-80.0656],[38.7793,-80.2016],[38.8386,-80.3382]]",0,1,county_code_unverified|timezone_not_normalized_to_utc
106890,18162,2008,2008-06-04T17:00:00,2008-06-04T23:00:00,EST-5,6.0,54,54035,C,035,JACKSON,0,0,0,0,5000.00,0.00,Heavy Rain,0,"[[38.97,-81.62],[38.6576,-81.5721],[38.7123,-81.7438],[38.9808,-81.7534]]",0,1,county_code_unverified|timezone_not_normalized_to_utc
106891,18162,2008,2008-06-04T17:00:00,2008-06-04T23:00:00,EST-5,6.0,54,54087,C,087,ROANE,0,0,0,0,5000.00,0.00,Heavy Rain,0,"[[38.9231,-81.4417],[38.875,-81.3043],[38.6027,-81.2106],[38.6389,-81.4018]]",0,1,county_code_unverified|timezone_not_normalized_to_utc
106893,18162,2008,2008-06-04T17:00:00,2008-06-04T23:00:00,EST-5,6.0,54,54015,C,015,CLAY,0,0,0,0,5000.00,0.00,Heavy Rain,0,"[[38.58,-80.93],[38.375,-81.097],[38.5073,-81.2398],[38.5825,-81.0413]]",0,1,county_code_unverified|timezone_not_normalized_to_utc
106899,18162,2008,2008-06-04T17:00:00,2008-06-05T09:00:00,EST-5,16.0,54,54007,C,007,BRAXTON,0,0,0,0,5000.00,0.00,Heavy Rain,0,"[[38.8713,-80.7028],[38.836,-80.5744],[38.6311,-80.6668],[38.6812,-80.7797]]",0,1,county_code_unverified|timezone_not_normalized_to_utc
106900,18162,2008,2008-06-04T17:00:00,2008-06-05T15:00:00,EST-5,22.0,54,54013,C,013,CALHOUN,0,0,0,0,100000.00,0.00,Heavy Rain,0,"[[38.9834,-81.0674],[38.7434,-81.0613],[38.9407,-81.224],[39.008,-81.1478]]",0,1,county_code_unverified|timezone_not_normalized_to_utc
106901,18162,2008,2008-06-04T11:00:00,2008-06-05T11:00:00,EST-5,24.0,54,54033,C,033,HARRISON,0,0,0,0,500000.00,0.00,Heavy Rain,0,"[[39.432,-80.387],[39.394,-80.2452],[39.1673,-80.2702],[39.2248,-80.4845]]",0,1,county_code_unverified|timezone_not_normalized_to_utc
106907,18229,2008,2008-06-04T14:00:00,2008-06-04T23:00:00,EST-5,9.0,39,39053,C,053,GALLIA,0,0,0,0,5000.00,0.00,Heavy Rain,0,"[[38.9765,-82.3398],[38.9776,-82.1324],[38.6576,-82.2746],[38.6978,-82.3655]]",0,1,county_code_unverified|timezone_not_normalized_to_utc
106908,18229,2008,2008-06-04T12:00:00,2008-06-04T23:00:00,EST-5,11.0,39,39079,C,079,JACKSON,0,0,0,0,5000.00,0.00,Heavy Rain,0,"[[39.1301,-82.5362],[38.8996,-82.5266],[38.9284,-82.6845],[39.1333,-82.8108]]",0,1,county_code_unverified|timezone_not_normalized_to_utc
106910,18229,2008,2008-06-04T14:00:00,2008-06-05T01:00:00,EST-5,11.0,39,39087,C,087,LAWRENCE,0,0,0,0,750000.00,0.00,Heavy Rain,0,"[[38.7,-82.47],[38.5407,-82.3151],[38.4493,-82.3412],[38.4095,-82.5499],[38.5611,-82.7161],[38.663,-82.7477],[38.6834,-82.6563],[38.737,-82.6268]]",0,1,county_code_unverified|timezone_not_normalized_to_utc
106947,18164,2008,2008-07-25T05:15:00,2008-07-25T17:00:00,CST-6,11.75,19,19185,C,185,WAYNE,0,0,0,0,25000.00,100000.00,Heavy Rain,0,"[[40.78,-93.14],[40.7791,-93.1984],[40.8175,-93.1994],[40.8211,-93.1445]]",0,1,county_code_unverified|timezone_not_normalized_to_utc
106959,18164,2008,2008-07-25T07:35:00,2008-07-25T21:00:00,CST-6,13.416666666666666,19,19117,C,117,LUCAS,0,0,0,0,25000.00,25000.00,Heavy Rain,0,"[[40.9815,-93.506],[40.9771,-93.4744],[41.011,-93.4681],[41.0041,-93.5086]]",0,1,county_code_unverified|timezone_not_normalized_to_utc
106960,18164,2008,2008-07-25T13:13:00,2008-07-25T21:00:00,CST-6,7.783333333333333,19,19117,C,117,LUCAS,0,0,0,0,25000.00,50000.00,Heavy Rain,0,"[[41.0268,-93.4758],[41.0044,-93.4722],[41.0133,-93.4583],[41.0262,-93.4571]]",0,1,county_code_unverified|timezone_not_normalized_to_utc
107135,18229,2008,2008-06-04T17:00:00,2008-06-04T23:00:00,EST-5,6.0,39,39105,C,105,MEIGS,0,0,0,0,10000.00,0.00,Heavy Rain,0,"[[39.08,-81.82],[39.12,-82.13],[39.0341,-82.1777],[39.0139,-81.8591]]",0,1,county_code_unverified|timezone_not_normalized_to_utc
107137,18162,2008,2008-06-04T17:00:00,2008-06-05T13:00:00,EST-5,20.0,54,54021,C,021,GILMER,0,0,0,0,900000.00,0.00,Heavy Rain,0,"[[38.8803,-80.7196],[38.8237,-80.8415],[38.8563,-80.9765],[39.0032,-80.9596],[39.0267,-80.7632]]",0,1,county_code_unverified|timezone_not_normalized_to_utc
107180,18332,2008,2008-07-23T02:00:00,2008-07-23T04:00:00,MST-7,2.0,04,04019,C,019,PIMA,0,0,0,0,0.00,0.00,Heavy Rain,0,"[[32.279,-110.8912],[32.3179,-111.0278],[32.3083,-111.046],[32.2633,-110.8898]]",0,1,county_code_unverified|timezone_not_normalized_to_utc
107264,18340,2008,2008-06-08T12:25:00,2008-06-10T09:00:00,CST-6,44.583333333333336,55,55023,C,023,CRAWFORD,0,0,0,0,100000.00,100000.00,Heavy Rain,0,"[[43.425,-91.1426],[43.0067,-91.1412],[43.1511,-90.7224],[43.435,-90.8075]]",0,1,county_code_unverified|timezone_not_normalized_to_utc
107266,18340,2008,2008-06-08T19:29:00,2008-06-10T09:00:00,CST-6,37.516666666666666,55,55023,C,023,CRAWFORD,0,0,0,0,275000.00,150000.00,Heavy Rain,0,"[[43.04,-91.14],[43.2932,-91.0712],[43.413,-91.1975],[43.423,-90.7141],[43.2132,-90.6757],[43.0067,-91.019]]",0,1,county_code_unverified|timezone_not_normalized_to_utc
107275,18340,2008,2008-06-08T17:26:00,2008-06-10T09:00:00,CST-6,39.56666666666667,55,55043,C,043,GRANT,0,0,0,0,750000.00,350000.00,Heavy Rain,0,"[[43.19,-90.43],[42.9846,-91.1316],[42.7188,-91.0382],[42.6542,-90.7416],[42.549,-90.6372],[42.5328,-90.3076],[42.9886,-90.3076]]",0,1,county_code_unverified|timezone_not_normalized_to_utc
107281,18340,2008,2008-06-07T20:01:00,2008-06-08T07:30:00,CST-6,11.483333333333333,55,55057,C,057,JUNEAU,0,0,0,0,100000.00,75000.00,Heavy Rain,0,"[[43.77,-90.08],[43.7651,-90.2829],[43.6599,-90.2802],[43.6391,-89.8132],[43.777,-89.8558]]",0,1,county_code_unverified|timezone_not_normalized_to_utc
107282,18340,2008,2008-06-07T20:01:00,2008-06-08T07:30:00,CST-6,11.483333333333333,55,55057,C,057,JUNEAU,0,0,0,0,150000.00,130000.00,Heavy Rain,0,"[[43.65,-90.16],[43.653,-90.2321],[43.6396,-90.2252],[43.6408,-90.1622]]",0,1,county_code_unverified|timezone_not_normalized_to_utc
107292,18340,2008,2008-06-08T15:56:00,2008-06-10T09:00:00,CST-6,41.06666666666667,55,55057,C,057,JUNEAU,0,0,0,0,2800000.00,460000.00,Heavy Rain,0,"[[43.8,-90.08],[43.7909,-90.2966],[43.6768,-90.2781],[43.647,-89.7734],[43.7909,-89.8654]]",0,1,county_code_unverified|timezone_not_normalized_to_utc
107293,18340,2008,2008-06-08T10:15:00,2008-06-10T09:00:00,CST-6,46.75,55,55057,C,057,JUNEAU,0,0,0,0,3500000.00,900000.00,Heavy Rain,0,"[[43.8,-90.08],[43.785,-90.2829],[43.6788,-90.276],[43.653,-89.7707],[43.7989,-89.8792]]",0,1,county_code_unverified|timezone_not_normalized_to_utc
107391,18131,2008,2008-05-31T07:30:00,2008-05-31T10:00:00,CST-6,2.5,20,20015,C,015,BUTLER,0,0,0,0,0.00,0.00,Heavy Rain,0,"[[37.5827,-96.8932],[37.5032,-96.898],[37.5065,-96.7999],[37.5843,-96.7964]]",0,1,county_code_unverified|timezone_not_normalized_to_utc
107392,18131,2008,2008-05-31T08:10:00,2008-05-31T14:00:00,CST-6,5.833333333333333,20,20125,C,125,MONTGOMERY,0,0,0,0,0.00,0.00,Heavy Rain,0,"[[37.0058,-95.5618],[37.1516,-95.5591],[37.1702,-96.1867],[37.008,-96.1867]]",0,1,county_code_unverified|timezone_not_normalized_to_utc
107396,18131,2008,2008-05-31T07:00:00,2008-05-31T10:00:00,CST-6,3.0,20,20173,C,173,SEDGWICK,0,0,0,0,0.00,0.00,Heavy Rain,0,"[[37.6401,-97.3499],[37.6414,-97.3931],[37.6898,-97.4017],[37.6884,-97.3499]]",0,1,county_code_unverified|timezone_not_normalized_to_utc
107434,18371,2008,2008-06-01T00:00:00,2008-06-05T03:59:00,PST-8,99.98333333333333,53,53063,C,063,SPOKANE,0,0,0,0,0.00,0.00,Heavy Rain / Snow Melt,0,"[[47.6572,-117.451],[47.6576,-117.4516],[47.6578,-117.4519],[47.6573,-117.4512]]",0,1,county_code_unverified|timezone_not_normalized_to_utc
107436,18372,2008,2008-06-01T00:00:00,2008-06-09T00:47:00,PST-8,192.78333333333333,16,16009,C,009,BENEWAH,0,0,0,0,0.00,0.00,Heavy Rain / Snow Melt,0,"[[47.3233,-116.5752],[47.32,-116.5926],[47.3165,-116.5926],[47.32,-116.5751]]",0,1,county_code_unverified|timezone_not_normalized_to_utc
107476,18375,2008,2008-07-27T22:55:00,2008-07-28T02:13:00,CST-6,3.3,19,19153,C,153,POLK,0,0,0,0,10000.00,5000.00,Heavy Rain,0,"[[41.8177,-93.6158],[41.8148,-93.6116],[41.8191,-93.6079],[41.8216,-93.6107]]",0,1,county_code_unverified|timezone_not_normalized_to_utc
107477,18375,2008,2008-07-28T01:06:00,2008-07-28T02:13:00,CST-6,1.1166666666666667,19,19153,C,153,POLK,0,0,0,0,25000.00,0.00,Heavy Rain,0,"[[41.5651,-93.762],[41.5656,-93.776],[41.5756,-93.7765],[41.5733,-93.7646]]",0,1,county_code_unverified|timezone_not_normalized_to_utc
107478,18375,2008,2008-07-28T01:00:00,2008-07-28T02:13:00,CST-6,1.2166666666666666,19,19153,C,153,POLK,0,0,0,0,25000.00,0.00,Heavy Rain,0,"[[41.7344,-93.6116],[41.7333,-93.6044],[41.7416,-93.6029],[41.7401,-93.6145]]",0,1,county_code_unverified|timezone_not_normalized_to_utc
107482,18353,2008,2008-07-26T23:30:00,2008-07-28T04:00:00,MST-7,28.5,35,35027,C,027,LINCOLN,0,0,1,0,25000000.00,0.00,Heavy Rain / Tropical System,1,"[[33.3057,-105.6541],[33.3758,-105.499],[33.4498,-105.5937],[33.4555,-105.7311],[33.3087,-105.7214]]",0,1,county_code_unverified|timezone_not_normalized_to_utc
107575,18393,2008,2008-05-01T00:00:00,2008-05-24T06:00:00,CST-6,558.0,05,05001,C,001,ARKANSAS,0,0,0,0,0.00,0.00,Heavy Rain,0,"[[34.4358,-91.2044],[34.3242,-91.0863],[34.1539,-91.179],[34.0254,-91.2167],[34.039,-91.1151],[34.2357,-91.019],[34.4069,-91.0492],[34.4703,-91.1467]]",0,1,county_code_unverified|timezone_not_normalized_to_utc
107579,18393,2008,2008-05-01T00:00:00,2008-05-25T02:00:00,CST-6,578.0,05,05095,C,095,MONROE,0,0,0,0,0.00,0.00,Heavy Rain,0,"[[34.7258,-91.398],[34.5835,-91.3417],[34.6163,-91.2579],[34.6919,-91.306],[34.7416,-91.3335],[34.7755,-91.3884]]",0,1,county_code_unverified|timezone_not_normalized_to_utc
107582,18393,2008,2008-05-01T00:00:00,2008-05-13T21:00:00,CST-6,309.0,05,05117,C,117,PRAIRIE,0,0,0,0,0.00,0.00,Heavy Rain,0,"[[35.0727,-91.5134],[34.9794,-91.5051],[34.8848,-91.4749],[34.7822,-91.4516],[34.7213,-91.3788],[34.7777,-91.3678],[34.9518,-91.4365],[35.0817,-91.4269]]",0,1,county_code_unverified|timezone_not_normalized_to_utc
107586,18393,2008,2008-05-01T00:00:00,2008-05-31T23:59:00,CST-6,743.9833333333333,05,05145,C,145,WHITE,0,0,0,0,0.00,250000.00,Heavy Rain,0,"[[35.4568,-91.3767],[35.4629,-91.3417],[35.3611,-91.4303],[35.2467,-91.3788],[35.2479,-91.4502],[35.3678,-91.4763],[35.4316,-91.4214]]",0,1,county_code_unverified|timezone_not_normalized_to_utc
107587,18393,2008,2008-05-01T00:00:00,2008-05-31T23:59:00,CST-6,743.9833333333333,05,05147,C,147,WOODRUFF,0,0,0,0,0.00,250000.00,Heavy Rain,0,"[[35.3622,-91.4303],[35.3644,-91.3424],[35.2938,-91.3808],[35.2232,-91.3692],[35.2243,-91.3857],[35.3039,-91.4148],[35.2924,-91.4303],[35.314,-91.4361]]",0,1,county_code_unverified|timezone_not_normalized_to_utc
107590,18393,2008,2008-05-01T00:00:00,2008-05-13T02:00:00,CST-6,290.0,05,05145,C,145,WHITE,0,0,0,0,0.00,300000.00,Heavy Rain,0,"[[35.2294,-91.4681],[35.1873,-91.4653],[35.0868,-91.499],[35.0974,-91.4612],[35.1828,-91.4269],[35.1918,-91.3815],[35.2344,-91.387]]",0,1,county_code_unverified|timezone_not_normalized_to_utc
107595,18393,2008,2008-05-01T00:00:00,2008-05-12T21:00:00,CST-6,285.0,05,05147,C,147,WOODRUFF,0,0,0,0,0.00,0.00,Heavy Rain,0,"[[35.3723,-91.1996],[35.3448,-91.2154],[35.3168,-91.2353],[34.9839,-91.3005],[34.9828,-91.2717],[35.1025,-91.2367]]",0,1,county_code_unverified|timezone_not_normalized_to_utc
107607,18393,2008,2008-05-01T00:00:00,2008-05-05T12:00:00,CST-6,108.0,05,05013,C,013,CALHOUN,0,0,0,0,0.00,0.00,Heavy Rain,0,"[[33.4864,-92.7342],[33.2835,-92.4445],[33.2777,-92.3346],[33.3305,-92.3236],[33.4979,-92.7026]]",0,1,county_code_unverified|timezone_not_normalized_to_utc
107611,18399,2008,2008-06-01T00:00:00,2008-06-30T23:59:00,CST-6,719.9833333333333,05,05147,C,147,WOODRUFF,0,0,0,0,0.00,0.00,Planned Dam Release,0,"[[35.4618,-91.3417],[35.4551,-91.2799],[35.3392,-91.3877],[35.277,-91.3829],[35.2781,-91.3973],[35.305,-91.4406],[35.3734,-91.4296]]",0,1,county_code_unverified|timezone_not_normalized_to_utc
107614,18399,2008,2008-06-01T00:00:00,2008-06-30T23:59:00,CST-6,719.9833333333333,05,05145,C,145,WHITE,0,0,0,0,0.00,0.00,Planned Dam Release,0,"[[35.438,-91.3901],[35.3745,-91.4639],[35.2226,-91.4811],[35.2131,-91.3815],[35.4215,-91.3651]]",0,1,county_code_unverified|timezone_not_normalized_to_utc
107618,18401,2008,2008-07-01T00:00:00,2008-07-18T17:00:00,CST-6,425.0,05,05145,C,145,WHITE,0,0,0,0,0.00,10000.00,Planned Dam Release,0,"[[35.4405,-91.4227],[35.4473,-91.3458],[35.3655,-91.4351],[35.2961,-91.4365],[35.2748,-91.3898],[35.2299,-91.3815],[35.2378,-91.4516],[35.3151,-91.4735]]",0,1,county_code_unverified|timezone_not_normalized_to_utc
107620,18401,2008,2008-07-01T00:00:00,2008-07-18T17:00:00,CST-6,425.0,05,05147,C,147,WOODRUFF,0,0,0,0,0.00,10000.00,Planned Dam Release,0,"[[35.4114,-91.3019],[35.2905,-91.3802],[35.2815,-91.3973],[35.3006,-91.4406],[35.3706,-91.4358],[35.4282,-91.3575]]",0,1,county_code_unverified|timezone_not_normalized_to_utc
107635,18404,2008,2008-05-15T06:14:00,2008-05-15T09:00:00,CST-6,2.7666666666666666,22,22055,C,055,LAFAYETTE,0,0,0,0,5000.00,0.00,Heavy Rain,0,"[[30.2641,-92.0119],[30.2534,-92.0397],[30.2836,-92.063],[30.2979,-92.0072]]",0,1,county_code_unverified|timezone_not_normalized_to_utc
107744,18417,2008,2008-06-15T19:00:00,2008-06-15T20:00:00,EST-5,1.0,13,13155,C,155,IRWIN,0,0,0,0,0.00,0.00,Heavy Rain,0,"[[31.5848,-83.4829],[31.5825,-83.4758],[31.5798,-83.4779],[31.581,-83.4856]]",0,1,county_code_unverified|timezone_not_normalized_to_utc
107770,18428,2008,2008-05-08T03:00:00,2008-05-09T06:30:00,CST-6,27.5,40,40143,C,143,TULSA,0,0,0,0,0.00,0.00,Heavy Rain,0,"[[36.3,-95.9641],[36.3,-95.9282],[36.2488,-95.9365],[36.2331,-95.9657]]",0,1,county_code_unverified|timezone_not_normalized_to_utc
107777,18430,2008,2008-05-08T02:00:00,2008-05-11T01:00:00,CST-6,71.0,40,40143,C,143,TULSA,0,0,0,0,0.00,0.00,Heavy Rain,0,"[[36.399,-95.83],[36.4424,-95.83],[36.4212,-95.7664],[36.37,-95.7581]]",0,1,county_code_unverified|timezone_not_normalized_to_utc
107779,18431,2008,2008-05-27T01:15:00,2008-05-29T19:45:00,CST-6,66.5,40,40105,C,105,NOWATA,0,0,0,0,0.00,0.00,Heavy Rain,0,"[[36.8602,-95.6172],[36.8807,-95.5916],[36.7988,-95.5661],[36.8193,-95.5916]]",0,1,county_code_unverified|timezone_not_normalized_to_utc
107784,18432,2008,2008-05-07T22:15:00,2008-05-12T01:15:00,CST-6,99.0,40,40115,C,115,OTTAWA,0,0,0,0,0.00,0.00,Heavy Rain,0,"[[36.93,-94.9967],[36.93,-94.9424],[36.8721,-94.87],[36.8686,-94.9468]]",0,1,county_code_unverified|timezone_not_normalized_to_utc
107786,18433,2008,2008-05-26T23:30:00,2008-05-30T17:00:00,CST-6,89.5,40,40115,C,115,OTTAWA,0,0,0,0,0.00,0.00,Heavy Rain,0,"[[36.93,-94.9967],[36.93,-94.9424],[36.8721,-94.87],[36.8686,-94.9468]]",0,1,county_code_unverified|timezone_not_normalized_to_utc
107788,18375,2008,2008-07-28T01:06:00,2008-07-28T12:00:00,CST-6,10.9,19,19049,C,049,DALLAS,0,0,0,0,5000.00,0.00,Heavy Rain,0,"[[41.5875,-93.8057],[41.5865,-93.7976],[41.5906,-93.7942],[41.5902,-93.8059]]",0,1,county_code_unverified|timezone_not_normalized_to_utc
107790,18375,2008,2008-07-28T06:38:00,2008-07-28T12:00:00,CST-6,5.366666666666666,19,19135,C,135,MONROE,0,0,0,0,25000.00,0.00,Heavy Rain,0,"[[40.9713,-93.0266],[40.9809,-93.0259],[40.9804,-93.0571],[40.9721,-93.0578]]",0,1,county_code_unverified|timezone_not_normalized_to_utc
107793,18375,2008,2008-07-28T06:43:00,2008-07-28T16:00:00,CST-6,9.283333333333333,19,19077,C,077,GUTHRIE,0,0,0,0,100000.00,100000.00,Heavy Rain,0,"[[41.85,-94.56],[41.6145,-94.65],[41.6341,-94.3451],[41.8461,-94.308]]",0,1,county_code_unverified|timezone_not_normalized_to_utc
107794,18375,2008,2008-07-28T07:03:00,2008-07-28T12:00:00,CST-6,4.95,19,19181,C,181,WARREN,0,0,0,0,50000.00,10000.00,Heavy Rain,0,"[[41.1859,-93.6955],[41.1658,-93.6907],[41.1682,-93.7472],[41.1854,-93.7493]]",0,1,county_code_unverified|timezone_not_normalized_to_utc
107795,18375,2008,2008-07-28T07:11:00,2008-07-28T12:00:00,CST-6,4.816666666666666,19,19153,C,153,POLK,0,0,0,0,10000.00,5000.00,Heavy Rain,0,"[[41.67,-93.54],[41.672,-93.5546],[41.6598,-93.5537],[41.6592,-93.5366]]",0,1,county_code_unverified|timezone_not_normalized_to_utc
107796,18375,2008,2008-07-28T08:52:00,2008-07-28T12:00:00,CST-6,3.1333333333333333,19,19039,C,039,CLARKE,0,0,0,0,10000.00,10000.00,Heavy Rain,0,"[[41.002,-93.7776],[41.0231,-93.7833],[41.0279,-93.7326],[41.004,-93.7268]]",0,1,county_code_unverified|timezone_not_normalized_to_utc
108067,18461,2008,2008-05-03T00:00:00,2008-05-12T12:00:00,CST-6,228.0,19,19041,C,041,CLAY,0,0,0,0,0.00,0.00,Heavy Rain,0,"[[43.15,-95.15],[42.909,-95.115],[42.909,-95.119],[43.15,-95.154]]",0,1,county_code_unverified|timezone_not_normalized_to_utc
108069,18461,2008,2008-05-06T00:00:00,2008-05-09T12:00:00,CST-6,84.0,19,19021,C,021,BUENA VISTA,0,0,0,0,0.00,0.00,Heavy Rain,0,"[[42.88,-95.25],[42.88,-95.3488],[42.885,-95.3488],[42.885,-95.25]]",0,1,county_code_unverified|timezone_not_normalized_to_utc
108076,18462,2008,2008-05-30T00:00:00,2008-05-31T23:59:00,CST-6,47.983333333333334,19,19041,C,041,CLAY,0,0,0,0,0.00,0.00,Heavy Rain,0,"[[43.15,-95.15],[42.909,-95.115],[42.909,-95.119],[43.15,-95.154]]",0,1,county_code_unverified|timezone_not_normalized_to_utc
108078,18462,2008,2008-05-31T00:00:00,2008-05-31T23:59:00,CST-6,23.983333333333334,19,19021,C,021,BUENA VISTA,0,0,0,0,0.00,0.00,Heavy Rain,0,"[[42.88,-95.25],[42.88,-95.3488],[42.885,-95.3488],[42.885,-95.25]]",0,1,county_code_unverified|timezone_not_normalized_to_utc
108112,18484,2008,2008-06-01T04:48:00,2008-06-01T07:00:00,CST-6,2.2,29,29217,C,217,VERNON,0,0,0,0,0.00,0.00,Heavy Rain,0,"[[38.0016,-94.6074],[38.007,-94.1405],[37.6947,-94.1528],[37.7164,-94.6088]]",0,1,county_code_unverified|timezone_not_normalized_to_utc
108116,18484,2008,2008-06-01T07:00:00,2008-06-01T11:00:00,CST-6,4.0,29,29011,C,011,BARTON,0,0,0,0,0.00,0.00,Heavy Rain,0,"[[37.562,-94.6033],[37.5642,-94.1501],[37.4018,-94.1501],[37.4203,-94.6033]]",0,1,county_code_unverified|timezone_not_normalized_to_utc
108210,18508,2008,2008-05-01T00:00:00,2008-05-05T16:00:00,CST-6,112.0,19,19139,C,139,MUSCATINE,0,0,0,0,0.00,0.00,Heavy Rain,0,"[[41.3398,-91.0943],[41.4302,-91.0637],[41.4609,-90.9954],[41.4402,-90.9337],[41.47,-90.8586],[41.47,-90.7814],[41.4291,-90.7654],[41.35,-91.0336]]",0,1,county_code_unverified|timezone_not_normalized_to_utc
108230,18508,2008,2008-05-01T00:00:00,2008-05-16T21:00:00,CST-6,381.0,19,19057,C,057,DES MOINES,0,0,0,0,0.00,0.00,Heavy Rain,0,"[[41.0823,-90.8943],[40.6912,-91.0265],[40.7033,-91.1354],[40.8379,-91.12],[40.9493,-90.9893],[41.0969,-90.9933]]",0,1,county_code_unverified|timezone_not_normalized_to_utc
108236,18508,2008,2008-05-01T18:00:00,2008-05-06T18:00:00,CST-6,120.0,19,19111,C,111,LEE,0,0,0,0,0.00,0.00,Heavy Rain,0,"[[40.6895,-91.133],[40.6757,-91.0889],[40.3488,-91.3128],[40.3834,-91.4327],[40.57,-91.4619],[40.6445,-91.32]]",0,1,county_code_unverified|timezone_not_normalized_to_utc
108250,18508,2008,2008-05-01T00:00:00,2008-05-05T02:00:00,CST-6,98.0,19,19163,C,163,SCOTT,0,0,0,0,0.00,0.00,Heavy Rain,0,"[[41.7959,-90.769],[41.7938,-90.4779],[41.7631,-90.2884],[41.6714,-90.3371],[41.7447,-90.574],[41.6975,-90.6894],[41.7273,-90.7993]]",0,1,county_code_unverified|timezone_not_normalized_to_utc
108252,18508,2008,2008-05-01T00:00:00,2008-05-02T21:00:00,CST-6,45.0,19,19115,C,115,LOUISA,0,0,0,0,0.00,0.00,Heavy Rain,0,"[[41.418,-91.5024],[41.4162,-91.4299],[41.283,-91.3197],[41.1647,-91.0351],[41.1528,-91.0087],[41.0514,-91.0602],[41.2727,-91.3808]]",0,1,county_code_unverified|timezone_not_normalized_to_utc
108258,18512,2008,2008-05-26T06:00:00,2008-05-26T15:00:00,CST-6,9.0,19,19055,C,055,DELAWARE,0,0,0,0,0.00,0.00,Heavy Rain,0,"[[42.58,-91.5893],[42.58,-91.5107],[42.48,-91.4108],[42.43,-91.33],[42.3788,-91.3993],[42.48,-91.4893]]",0,1,county_code_unverified|timezone_not_normalized_to_utc
108268,18513,2008,2008-05-30T13:30:00,2008-05-30T14:45:00,CST-6,1.25,19,19055,C,055,DELAWARE,0,0,0,0,0.00,0.00,Heavy Rain,0,"[[42.58,-91.5893],[42.58,-91.5107],[42.48,-91.4108],[42.43,-91.33],[42.3788,-91.3993],[42.48,-91.4893]]",0,1,county_code_unverified|timezone_not_normalized_to_utc
108277,18514,2008,2008-05-01T00:00:00,2008-05-04T05:00:00,CST-6,77.0,17,17161,C,161,ROCK ISLAND,0,0,0,0,0.00,0.00,Heavy Rain,0,"[[41.4734,-90.72],[41.5807,-90.461],[41.5295,-90.3927],[41.4155,-90.72]]",0,1,county_code_unverified|timezone_not_normalized_to_utc
108278,18514,2008,2008-05-01T00:00:00,2008-05-05T16:00:00,CST-6,112.0,17,17161,C,161,ROCK ISLAND,0,0,0,0,0.00,0.00,Heavy Rain,0,"[[41.4734,-90.72],[41.4155,-90.72],[41.4,-91.0351],[41.4443,-91.0427]]",0,1,county_code_unverified|timezone_not_normalized_to_utc
108279,18514,2008,2008-05-01T00:00:00,2008-05-07T12:00:00,CST-6,156.0,17,17131,C,131,MERCER,0,0,0,0,0.00,0.00,Heavy Rain,0,"[[41.2143,-91.1422],[41.3,-91.1049],[41.3,-91.0471],[41.23,-91.0847],[41.1589,-90.9645],[41.1266,-91.0]]",0,1,county_code_unverified|timezone_not_normalized_to_utc
108280,18514,2008,2008-05-01T00:00:00,2008-05-08T09:00:00,CST-6,177.0,17,17131,C,131,MERCER,0,0,0,0,0.00,0.00,Heavy Rain,0,"[[41.1266,-91.0],[41.1589,-90.9645],[41.1,-90.9108],[41.0599,-90.908],[41.0591,-90.9843]]",0,1,county_code_unverified|timezone_not_normalized_to_utc
108282,18514,2008,2008-05-01T00:00:00,2008-05-16T21:00:00,CST-6,381.0,17,17071,C,071,HENDERSON,0,0,0,0,0.00,0.00,Heavy Rain,0,"[[41.0421,-90.992],[41.0422,-90.9209],[40.9505,-90.9229],[40.8098,-91.0665],[40.77,-91.0509],[40.6945,-91.07],[40.6288,-91.1375],[40.6469,-91.2345]]",0,1,county_code_unverified|timezone_not_normalized_to_utc
108384,17715,2008,2008-05-22T23:20:00,2008-05-23T17:18:00,CST-6,17.966666666666665,20,20137,C,137,NORTON,0,0,0,0,25000.00,0.00,Heavy Rain,0,"[[39.7703,-100.1215],[39.7914,-100.0151],[39.7695,-100.0031],[39.7505,-100.1119]]",0,1,county_code_unverified|timezone_not_normalized_to_utc
108390,18013,2008,2008-06-04T22:30:00,2008-06-05T09:00:00,MST-7,10.5,08,08125,C,125,YUMA,0,0,0,0,0.00,0.00,Heavy Rain,0,"[[40.1353,-102.7381],[40.1363,-102.7187],[40.1162,-102.7187],[40.1175,-102.7378]]",0,1,county_code_unverified|timezone_not_normalized_to_utc
108813,16306,2008,2008-05-23T09:00:00,2008-05-23T14:00:00,MST-7,5.0,30,30027,C,027,FERGUS,0,0,0,0,0.00,0.00,Heavy Rain / Snow Melt,0,"[[46.8414,-109.0997],[46.8771,-109.1684],[46.8485,-109.1931],[46.8351,-109.1629]]",0,1,county_code_unverified|timezone_not_normalized_to_utc
108820,16306,2008,2008-05-23T20:00:00,2008-05-24T20:00:00,MST-7,24.0,30,30035,C,035,GLACIER,0,0,0,0,0.00,0.00,Heavy Rain / Snow Melt,0,"[[48.734,-113.4297],[48.7483,-113.4651],[48.7545,-113.4477],[48.7477,-113.4222]]",0,1,county_code_unverified|timezone_not_normalized_to_utc
108823,16306,2008,2008-05-24T12:24:00,2008-05-24T12:24:00,MST-7,0.0,30,30073,C,073,PONDERA,0,0,0,0,0.00,0.00,Heavy Rain / Snow Melt,0,"[[48.2105,-112.5185],[48.2096,-112.4904],[48.1938,-112.4955],[48.1853,-112.5103]]",0,1,county_code_unverified|timezone_not_normalized_to_utc
108828,16306,2008,2008-05-24T16:30:00,2008-05-24T20:30:00,MST-7,4.0,30,30031,C,031,GALLATIN,0,0,0,0,0.00,0.00,Heavy Rain / Snow Melt,0,"[[45.6757,-111.0313],[45.6868,-111.0213],[45.6878,-111.0378],[45.6771,-111.038]]",0,1,county_code_unverified|timezone_not_normalized_to_utc
108834,16306,2008,2008-05-25T05:35:00,2008-05-25T12:35:00,MST-7,7.0,30,30049,C,049,LEWIS AND CLARK,0,0,0,0,0.00,0.00,Heavy Rain / Snow Melt,0,"[[47.0252,-112.0935],[46.9803,-112.1704],[46.9887,-112.0482],[47.0163,-112.041]]",0,1,county_code_unverified|timezone_not_normalized_to_utc
108838,16306,2008,2008-05-25T17:30:00,2008-05-25T21:30:00,MST-7,4.0,30,30101,C,101,TOOLE,0,0,0,0,0.00,0.00,Heavy Rain,0,"[[48.41,-111.86],[48.4297,-111.8532],[48.4311,-111.8822],[48.4172,-111.8825]]",0,1,county_code_unverified|timezone_not_normalized_to_utc
108840,16306,2008,2008-05-25T16:45:00,2008-05-25T20:45:00,MST-7,4.0,30,30099,C,099,TETON,0,0,0,0,0.00,0.00,Heavy Rain / Snow Melt,0,"[[47.78,-112.18],[47.7793,-112.1767],[47.7784,-112.1775],[47.7792,-112.18]]",0,1,county_code_unverified|timezone_not_normalized_to_utc
109073,18508,2008,2008-05-01T00:00:00,2008-05-04T05:00:00,CST-6,77.0,19,19163,C,163,SCOTT,0,0,0,0,0.00,0.00,Heavy Rain,0,"[[41.4335,-90.8199],[41.5338,-90.5775],[41.5402,-90.4837],[41.5965,-90.3797],[41.5708,-90.3598],[41.5095,-90.4427],[41.4866,-90.58],[41.4295,-90.7027]]",0,1,county_code_unverified|timezone_not_normalized_to_utc
109078,18508,2008,2008-05-01T00:00:00,2008-05-05T02:00:00,CST-6,98.0,19,19045,C,045,CLINTON,0,0,0,0,0.00,0.00,Heavy Rain,0,"[[41.83,-90.85],[41.83,-90.2],[41.67,-90.35],[41.6963,-90.7758]]",0,1,county_code_unverified|timezone_not_normalized_to_utc
109080,18508,2008,2008-05-01T00:00:00,2008-05-08T09:00:00,CST-6,177.0,19,19115,C,115,LOUISA,0,0,0,0,0.00,0.00,Heavy Rain,0,"[[41.3202,-91.1096],[41.3196,-91.0427],[41.0628,-90.9016],[41.0664,-90.9984],[41.2329,-91.1652]]",0,1,county_code_unverified|timezone_not_normalized_to_utc
109086,18514,2008,2008-05-01T18:00:00,2008-05-06T18:00:00,CST-6,120.0,17,17067,C,067,HANCOCK,0,0,0,0,0.00,0.00,Heavy Rain,0,"[[40.22,-91.5396],[40.7121,-91.4014],[40.63,-91.17],[40.55,-91.38],[40.5193,-91.3396],[40.3898,-91.3366],[40.35,-91.43],[40.22,-91.4827]]",0,1,county_code_unverified|timezone_not_normalized_to_utc
109325,18643,2008,2008-05-06T22:00:00,2008-05-07T08:00:00,CST-6,10.0,20,20083,C,083,HODGEMAN,0,0,0,0,12000.00,0.00,Heavy Rain,0,"[[37.9595,-99.6356]]",0,1,county_code_unverified|timezone_not_normalized_to_utc
109326,18643,2008,2008-05-06T22:00:00,2008-05-07T08:00:00,CST-6,10.0,20,20165,C,165,RUSH,0,0,0,0,12000.00,0.00,Heavy Rain,0,"[[38.5315,-99.3],[38.5274,-99.2967],[38.53,-99.2954],[38.5336,-99.3]]",0,1,county_code_unverified|timezone_not_normalized_to_utc
109329,18644,2008,2008-05-08T21:15:00,2008-05-08T21:15:00,CST-6,0.0,20,20185,C,185,STAFFORD,0,0,0,0,15000.00,0.00,Heavy Rain,0,"[[38.0078,-98.7689],[37.998,-98.7689],[37.998,-98.7534],[38.0078,-98.7534]]",0,1,county_code_unverified|timezone_not_normalized_to_utc
109710,18680,2008,2008-05-20T12:00:00,2008-05-22T12:00:00,MST-7,48.0,08,08051,C,051,GUNNISON,0,0,0,0,10000.00,1000.00,Heavy Rain / Snow Melt,0,"[[38.8996,-106.6058],[38.4342,-106.474],[38.4622,-107.0783],[38.2598,-107.0947],[38.2641,-107.4298],[39.1258,-107.4133]]",0,1,county_code_unverified|timezone_not_normalized_to_utc
109715,18687,2008,2008-05-19T12:00:00,2008-05-24T08:30:00,MST-7,116.5,08,08107,C,107,ROUTT,0,0,0,0,15000.00,0.00,Heavy Rain / Snow Melt,0,"[[40.9882,-106.9299],[40.9882,-107.276],[40.4929,-107.2733],[40.2502,-106.9849],[39.9687,-106.8256],[39.9729,-106.7239],[40.7639,-106.7761]]",0,1,county_code_unverified|timezone_not_normalized_to_utc
109730,18692,2008,2008-05-19T00:25:00,2008-05-23T01:00:00,MST-7,96.58333333333333,08,08107,C,107,ROUTT,0,0,0,0,0.00,5000.00,Heavy Rain / Snow Melt,0,"[[40.4874,-106.9804],[40.4976,-106.9574],[40.5452,-106.8903],[40.5819,-106.886],[40.702,-106.9169],[40.7311,-106.8565],[40.7488,-106.8709],[40.7129,-106.9519]]",0,1,county_code_unverified|timezone_not_normalized_to_utc
109745,18694,2008,2008-05-31T23:30:00,2008-05-31T23:59:00,MST-7,0.48333333333333334,08,08107,C,107,ROUTT,0,0,0,0,0.00,2500.00,Heavy Rain / Snow Melt,0,"[[40.5125,-106.9694],[40.5128,-106.945],[40.4937,-106.9605],[40.4885,-106.9818]]",0,1,county_code_unverified|timezone_not_normalized_to_utc
109756,18697,2008,2008-06-01T00:00:00,2008-06-05T04:00:00,MST-7,100.0,08,08107,C,107,ROUTT,0,0,0,0,0.00,2500.00,Heavy Rain / Snow Melt,0,"[[40.531,-106.9574],[40.5336,-106.9203],[40.4927,-106.9589],[40.4882,-106.9876]]",0,1,county_code_unverified|timezone_not_normalized_to_utc
109763,17800,2008,2008-07-08T16:30:00,2008-07-08T17:50:00,EST-5,1.3333333333333333,12,12001,C,001,ALACHUA,0,0,0,0,3000.00,0.00,Heavy Rain,0,"[[29.6552,-82.4112],[29.6541,-82.3109],[29.7158,-82.2691],[29.7411,-82.4462]]",0,1,county_code_unverified|timezone_not_normalized_to_utc
109764,18698,2008,2008-05-22T00:00:00,2008-05-22T10:00:00,MST-7,10.0,08,08051,C,051,GUNNISON,0,0,0,0,500.00,0.00,Heavy Rain / Snow Melt,0,"[[38.6644,-106.8475],[38.7013,-106.8462],[38.7053,-106.8623],[38.6633,-106.8544]]",0,1,county_code_unverified|timezone_not_normalized_to_utc
109779,18700,2008,2008-05-21T13:00:00,2008-05-25T05:00:00,MST-7,88.0,08,08081,C,081,MOFFAT,0,0,0,0,1000.00,500.00,Heavy Rain / Snow Melt,0,"[[40.5112,-108.0639],[40.5357,-108.1728],[40.4166,-108.4982],[40.4522,-108.5209],[40.5827,-108.1769],[40.5378,-108.0499]]",0,1,county_code_unverified|timezone_not_normalized_to_utc
109786,18701,2008,2008-06-04T15:00:00,2008-06-07T07:00:00,MST-7,64.0,08,08081,C,081,MOFFAT,0,0,0,0,500.00,0.00,Heavy Rain / Snow Melt,0,"[[40.453,-108.5137],[40.4564,-108.4594],[40.4395,-108.4596],[40.4395,-108.5099]]",0,1,county_code_unverified|timezone_not_normalized_to_utc
109818,18704,2008,2008-05-21T07:30:00,2008-05-24T12:45:00,MST-7,77.25,08,08077,C,077,MESA,0,0,0,0,15000.00,1000.00,Heavy Rain / Snow Melt,0,"[[39.2769,-109.0228],[39.2748,-107.7264],[39.0363,-108.0615],[38.8333,-108.4076],[38.6319,-108.4049],[38.6469,-109.0228]]",0,1,county_code_unverified|timezone_not_normalized_to_utc
109883,18712,2008,2008-05-22T04:00:00,2008-05-23T23:00:00,MST-7,43.0,08,08045,C,045,GARFIELD,0,0,0,0,1000.00,0.00,Heavy Rain / Snow Melt,0,"[[39.6094,-107.1243],[39.5509,-107.241],[39.5549,-107.2829],[39.5689,-107.2818],[39.6332,-107.1249]]",0,1,county_code_unverified|timezone_not_normalized_to_utc
110089,18340,2008,2008-06-07T17:01:00,2008-06-08T07:30:00,CST-6,14.483333333333333,55,55081,C,081,MONROE,0,0,0,0,20000.00,30000.00,Heavy Rain,0,"[[43.88,-90.83],[43.8835,-90.8504],[43.9084,-90.8393],[43.9088,-90.8151]]",0,1,county_code_unverified|timezone_not_normalized_to_utc
110090,18340,2008,2008-06-07T17:10:00,2008-06-08T07:30:00,CST-6,14.333333333333334,55,55081,C,081,MONROE,0,0,0,0,200000.00,732000.00,Heavy Rain,0,"[[43.91,-90.81],[43.9063,-90.8508],[43.8933,-90.849],[43.896,-90.8139]]",0,1,county_code_unverified|timezone_not_normalized_to_utc
110092,18340,2008,2008-06-07T21:55:00,2008-06-08T07:30:00,CST-6,9.583333333333334,55,55123,C,123,VERNON,0,0,0,0,800000.00,350000.00,Heavy Rain,0,"[[43.52,-90.77],[43.499,-90.6911],[43.5197,-90.6818],[43.5351,-90.7636]]",0,1,county_code_unverified|timezone_not_normalized_to_utc
110093,18340,2008,2008-06-08T07:30:00,2008-06-10T09:00:00,CST-6,49.5,55,55123,C,123,VERNON,0,0,0,0,800000.00,300000.00,Heavy Rain,0,"[[43.6555,-90.3605],[43.6132,-90.3989],[43.6182,-90.3488],[43.6507,-90.3368]]",0,1,county_code_unverified|timezone_not_normalized_to_utc
110094,18340,2008,2008-06-08T07:30:00,2008-06-10T09:00:00,CST-6,49.5,55,55123,C,123,VERNON,0,0,0,0,750000.00,250000.00,Heavy Rain,0,"[[43.7274,-91.041],[43.6778,-91.2106],[43.6453,-91.2171],[43.6478,-91.0852],[43.6922,-90.9908]]",0,1,county_code_unverified|timezone_not_normalized_to_utc
110096,18340,2008,2008-06-08T07:30:00,2008-06-10T09:00:00,CST-6,49.5,55,55123,C,123,VERNON,0,0,0,0,850000.00,300000.00,Heavy Rain,0,"[[43.65,-90.53],[43.6553,-90.5811],[43.6438,-90.5833],[43.6369,-90.5449]]",0,1,county_code_unverified|timezone_not_normalized_to_utc
110097,18340,2008,2008-06-08T07:30:00,2008-06-10T09:00:00,CST-6,49.5,55,55123,C,123,VERNON,0,0,0,0,1200000.00,400000.00,Heavy Rain,0,"[[43.58,-90.64],[43.5966,-90.6867],[43.585,-90.6901],[43.5702,-90.6255]]",0,1,county_code_unverified|timezone_not_normalized_to_utc
110108,18340,2008,2008-06-08T07:30:00,2008-06-10T09:00:00,CST-6,49.5,55,55103,C,103,RICHLAND,0,0,0,0,2400000.00,1000000.00,Heavy Rain,0,"[[43.2052,-90.6043],[43.5525,-90.6043],[43.5764,-90.1895],[43.1912,-90.228]]",0,1,county_code_unverified|timezone_not_normalized_to_utc
110123,18745,2008,2008-06-01T18:00:00,2008-06-10T18:00:00,MST-7,216.0,08,08077,C,077,MESA,0,0,0,0,3000.00,1000.00,Heavy Rain / Snow Melt,0,"[[39.2876,-108.8635],[39.0832,-108.5305],[39.2918,-108.2895],[39.2578,-108.1879],[39.0149,-108.4378],[39.0256,-108.5889],[39.1173,-109.0421]]",0,1,county_code_unverified|timezone_not_normalized_to_utc
110518,18205,2008,2008-06-26T01:00:00,2008-06-26T14:00:00,EST-5,13.0,39,39049,C,049,FRANKLIN,0,0,0,0,5000.00,0.00,Heavy Rain,0,"[[39.8307,-82.9677],[39.8518,-82.8397],[39.9287,-82.8307],[39.8955,-82.9722]]",0,1,county_code_unverified|timezone_not_normalized_to_utc
110787,18539,2008,2008-05-02T23:32:00,2008-05-03T02:30:00,AST-4,2.966666666666667,99,,C,010,MAYAGUEZ AND VICINITY,0,0,0,0,0.00,0.00,Heavy Rain,0,"[[18.3793,-67.1136],[18.3789,-67.1137],[18.3788,-67.1134],[18.3792,-67.1131]]",0,1,requires_crosswalk_or_marine_review|timezone_not_normalized_to_utc
110940,18836,2008,2008-06-26T04:30:00,2008-06-26T08:00:00,EST-5,3.5,39,39127,C,127,PERRY,0,0,0,0,25000.00,0.00,Heavy Rain,0,"[[39.895,-82.4675],[39.9319,-82.4242],[39.8868,-82.1819],[39.7061,-82.2004]]",0,1,county_code_unverified|timezone_not_normalized_to_utc
111153,18883,2008,2008-05-01T03:15:00,2008-05-03T01:45:00,EST-5,46.5,23,23019,C,019,PENOBSCOT,0,0,0,0,481000.00,0.00,Heavy Rain / Snow Melt,0,"[[44.8315,-68.7064],[44.8326,-68.6973],[44.8208,-68.6913],[44.8186,-68.714]]",0,1,county_code_unverified|timezone_not_normalized_to_utc
111898,19004,2008,2008-07-08T02:06:00,2008-07-08T15:53:00,CST-6,13.783333333333333,19,19181,C,181,WARREN,0,0,0,0,10000.00,5000.00,Heavy Rain,0,"[[41.3199,-93.4869],[41.3507,-93.5028],[41.4142,-93.4202],[41.4832,-93.3625],[41.4795,-93.3302],[41.3791,-93.3723]]",0,1,county_code_unverified|timezone_not_normalized_to_utc
111899,19004,2008,2008-07-08T05:22:00,2008-07-10T03:15:00,CST-6,45.88333333333333,19,19125,C,125,MARION,0,0,0,0,10000.00,25000.00,Heavy Rain,0,"[[41.2112,-92.9318],[41.2062,-92.8741],[41.2393,-92.8663],[41.2536,-92.8097],[41.2693,-92.831],[41.2685,-92.8932]]",0,1,county_code_unverified|timezone_not_normalized_to_utc
111900,19004,2008,2008-07-08T05:17:00,2008-07-10T07:17:00,CST-6,50.0,19,19125,C,125,MARION,0,0,0,0,10000.00,5000.00,Heavy Rain,0,"[[41.2034,-92.6412],[41.1424,-92.6416],[41.3409,-93.009],[41.387,-92.9555]]",0,1,county_code_unverified|timezone_not_normalized_to_utc
111901,19004,2008,2008-07-08T06:04:00,2008-07-08T14:44:00,CST-6,8.666666666666666,19,19181,C,181,WARREN,0,0,0,0,10000.00,5000.00,Heavy Rain,0,"[[41.4853,-93.3827],[41.4872,-93.4154],[41.5034,-93.4784],[41.3888,-93.7088],[41.3724,-93.6943],[41.4191,-93.5425]]",0,1,county_code_unverified|timezone_not_normalized_to_utc
111902,19004,2008,2008-07-08T03:39:00,2008-07-09T16:32:00,CST-6,36.88333333333333,19,19007,C,007,APPANOOSE,0,0,0,0,5000.00,0.00,Heavy Rain,0,"[[40.5973,-92.6614],[40.5968,-92.818],[40.8175,-92.9064],[40.8445,-92.8575]]",0,1,county_code_unverified|timezone_not_normalized_to_utc
111903,19004,2008,2008-07-08T01:50:00,2008-07-09T10:22:00,CST-6,32.53333333333333,19,19181,C,181,WARREN,0,0,0,0,10000.00,5000.00,Heavy Rain,0,"[[41.4286,-93.79],[41.4643,-93.7121],[41.5103,-93.6122],[41.5278,-93.4636],[41.5109,-93.4449],[41.4608,-93.5712],[41.4229,-93.6866],[41.4103,-93.7903]]",0,1,county_code_unverified|timezone_not_normalized_to_utc
111904,19005,2008,2008-07-18T10:02:00,2008-07-19T11:10:00,CST-6,25.133333333333333,19,19117,C,117,LUCAS,0,0,0,0,10000.00,5000.00,Heavy Rain,0,"[[40.9691,-93.2575],[40.9308,-93.0998],[40.9008,-93.1006],[40.9009,-93.2108]]",0,1,county_code_unverified|timezone_not_normalized_to_utc
111905,19005,2008,2008-07-20T12:07:00,2008-07-24T00:30:00,CST-6,84.38333333333334,19,19123,C,123,MAHASKA,0,0,0,0,10000.00,5000.00,Heavy Rain,0,"[[41.4888,-92.8635],[41.439,-92.858],[41.2519,-92.4203],[41.319,-92.417]]",0,1,county_code_unverified|timezone_not_normalized_to_utc
111994,19029,2008,2008-07-25T05:33:00,2008-07-31T23:59:00,CST-6,162.43333333333334,19,19117,C,117,LUCAS,0,0,0,0,10000.00,100000.00,Heavy Rain,0,"[[40.9691,-93.2575],[40.9308,-93.0998],[40.9008,-93.1006],[40.9009,-93.2108]]",0,1,county_code_unverified|timezone_not_normalized_to_utc
111995,19029,2008,2008-07-24T07:51:00,2008-07-26T09:38:00,CST-6,49.78333333333333,19,19053,C,053,DECATUR,0,0,0,0,10000.00,50000.00,Heavy Rain,0,"[[40.8341,-93.953],[40.7899,-94.0001],[40.5832,-93.8816],[40.5842,-93.7511]]",0,1,county_code_unverified|timezone_not_normalized_to_utc
111996,19029,2008,2008-07-25T01:50:00,2008-07-26T11:19:00,CST-6,33.483333333333334,19,19185,C,185,WAYNE,0,0,0,0,10000.00,50000.00,Heavy Rain,0,"[[40.8436,-93.1129],[40.8119,-93.2303],[40.7828,-93.2308],[40.769,-93.1038]]",0,1,county_code_unverified|timezone_not_normalized_to_utc
111997,19030,2008,2008-07-28T04:57:00,2008-07-29T09:25:00,CST-6,28.466666666666665,19,19181,C,181,WARREN,0,0,0,0,25000.00,50000.00,Heavy Rain,0,"[[41.3199,-93.4869],[41.3507,-93.5028],[41.4142,-93.4202],[41.4832,-93.3625],[41.4795,-93.3302],[41.3791,-93.3723]]",0,1,county_code_unverified|timezone_not_normalized_to_utc
111998,19030,2008,2008-07-28T00:40:00,2008-07-30T03:48:00,CST-6,51.13333333333333,19,19125,C,125,MARION,0,0,0,0,50000.00,100000.00,Heavy Rain,0,"[[41.2112,-92.9318],[41.2062,-92.8741],[41.2393,-92.8663],[41.2536,-92.8097],[41.2693,-92.831],[41.2685,-92.8932]]",0,1,county_code_unverified|timezone_not_normalized_to_utc
111999,19030,2008,2008-07-29T13:10:00,2008-07-29T23:45:00,CST-6,10.583333333333334,19,19153,C,153,POLK,0,0,0,0,10000.00,0.00,Heavy Rain,0,"[[41.591,-93.5821],[41.5893,-93.626],[41.5379,-93.5635],[41.4578,-93.3592],[41.5097,-93.3519],[41.5687,-93.4725]]",0,1,county_code_unverified|timezone_not_normalized_to_utc
112000,19030,2008,2008-07-28T20:20:00,2008-07-29T13:30:00,CST-6,17.166666666666668,19,19125,C,125,MARION,0,0,0,0,25000.00,0.00,Heavy Rain,0,"[[41.2034,-92.6412],[41.1424,-92.6416],[41.3409,-93.009],[41.387,-92.9555]]",0,1,county_code_unverified|timezone_not_normalized_to_utc
112001,19030,2008,2008-07-28T14:37:00,2008-07-29T12:03:00,CST-6,21.433333333333334,19,19049,C,049,DALLAS,0,0,0,0,10000.00,5000.00,Heavy Rain,0,"[[41.5501,-93.9584],[41.5261,-93.9723],[41.5063,-93.883],[41.5304,-93.741],[41.5526,-93.7462],[41.5335,-93.8916]]",0,1,county_code_unverified|timezone_not_normalized_to_utc
112004,19030,2008,2008-07-28T16:45:00,2008-07-30T06:18:00,CST-6,37.55,19,19153,C,153,POLK,0,0,0,0,50000.00,10000.00,Heavy Rain,0,"[[41.8498,-93.9994],[41.8092,-93.9996],[41.6955,-93.8002],[41.6336,-93.6656],[41.6796,-93.6727],[41.7549,-93.7758]]",0,1,county_code_unverified|timezone_not_normalized_to_utc
112005,19030,2008,2008-07-28T13:31:00,2008-07-30T06:49:00,CST-6,41.3,19,19153,C,153,POLK,0,0,0,0,10000.00,5000.00,Heavy Rain,0,"[[41.5658,-93.6716],[41.5345,-93.7337],[41.5537,-93.7391],[41.5742,-93.6953]]",0,1,county_code_unverified|timezone_not_normalized_to_utc
112006,19030,2008,2008-07-28T13:17:00,2008-07-29T06:15:00,CST-6,16.966666666666665,19,19049,C,049,DALLAS,0,0,0,0,10000.00,10000.00,Heavy Rain,0,"[[41.5806,-94.1905],[41.5591,-94.2037],[41.5385,-94.0942],[41.5261,-93.9723],[41.5501,-93.9584],[41.5678,-94.023],[41.5659,-94.0896],[41.6009,-94.1505]]",0,1,county_code_unverified|timezone_not_normalized_to_utc
112007,19030,2008,2008-07-28T13:39:00,2008-07-30T03:55:00,CST-6,38.266666666666666,19,19053,C,053,DECATUR,0,0,0,0,5000.00,25000.00,Heavy Rain,0,"[[40.8341,-93.953],[40.7899,-94.0001],[40.5832,-93.8816],[40.5842,-93.7511]]",0,1,county_code_unverified|timezone_not_normalized_to_utc
112008,19030,2008,2008-07-29T05:00:00,2008-07-30T06:00:00,CST-6,25.0,19,19123,C,123,MAHASKA,0,0,0,0,0.00,0.00,Heavy Rain,0,"[[41.4888,-92.8635],[41.439,-92.858],[41.2519,-92.4203],[41.319,-92.417]]",0,1,county_code_unverified|timezone_not_normalized_to_utc
112009,19030,2008,2008-07-28T03:13:00,2008-07-29T19:07:00,CST-6,39.9,19,19181,C,181,WARREN,0,0,0,0,25000.00,50000.00,Heavy Rain,0,"[[41.4853,-93.3827],[41.4872,-93.4154],[41.5034,-93.4784],[41.3888,-93.7088],[41.3724,-93.6943],[41.4191,-93.5425]]",0,1,county_code_unverified|timezone_not_normalized_to_utc
112010,19030,2008,2008-07-28T01:54:00,2008-07-29T11:12:00,CST-6,33.3,19,19007,C,007,APPANOOSE,0,0,0,0,10000.00,5000.00,Heavy Rain,0,"[[40.5973,-92.6614],[40.5968,-92.818],[40.8175,-92.9064],[40.8445,-92.8575]]",0,1,county_code_unverified|timezone_not_normalized_to_utc
112011,19030,2008,2008-07-28T00:51:00,2008-07-29T11:40:00,CST-6,34.81666666666667,19,19185,C,185,WAYNE,0,0,0,0,20000.00,50000.00,Heavy Rain,0,"[[40.8436,-93.1129],[40.8119,-93.2303],[40.7828,-93.2308],[40.769,-93.1038]]",0,1,county_code_unverified|timezone_not_normalized_to_utc
112012,19030,2008,2008-07-28T05:22:00,2008-07-31T23:59:00,CST-6,90.61666666666666,19,19181,C,181,WARREN,0,0,0,0,25000.00,50000.00,Heavy Rain,0,"[[41.4286,-93.79],[41.4643,-93.7121],[41.5103,-93.6122],[41.5278,-93.4636],[41.5109,-93.4449],[41.4608,-93.5712],[41.4229,-93.6866],[41.4103,-93.7903]]",0,1,county_code_unverified|timezone_not_normalized_to_utc
112017,19032,2008,2008-06-07T23:00:00,2008-06-10T09:00:00,CST-6,58.0,19,19131,C,131,MITCHELL,0,0,0,0,1200000.00,1500000.00,Heavy Rain,0,"[[43.4988,-92.715],[43.4983,-92.9416],[43.2667,-92.9697],[43.2162,-92.612]]",0,1,county_code_unverified|timezone_not_normalized_to_utc
112018,19032,2008,2008-06-07T23:00:00,2008-06-10T09:00:00,CST-6,58.0,19,19089,C,089,HOWARD,0,0,0,0,750000.00,1000000.00,Heavy Rain,0,"[[43.2122,-92.0764],[43.4908,-92.0792],[43.4908,-92.5378],[43.2492,-92.5049]]",0,1,county_code_unverified|timezone_not_normalized_to_utc
112021,19032,2008,2008-06-07T23:00:00,2008-06-10T09:00:00,CST-6,58.0,19,19067,C,067,FLOYD,0,0,0,0,1000000.00,1250000.00,Heavy Rain,0,"[[43.2512,-92.8537],[43.0167,-92.851],[43.0288,-92.5708],[43.2532,-92.5955]]",0,1,county_code_unverified|timezone_not_normalized_to_utc
112022,19032,2008,2008-06-07T23:00:00,2008-06-10T09:00:00,CST-6,58.0,19,19037,C,037,CHICKASAW,0,0,0,0,600000.00,1000000.00,Heavy Rain,0,"[[42.9464,-92.579],[43.2492,-92.5681],[43.2852,-92.0984],[42.9303,-92.1094]]",0,1,county_code_unverified|timezone_not_normalized_to_utc
112023,19032,2008,2008-06-08T07:30:00,2008-06-10T09:00:00,CST-6,49.5,19,19191,C,191,WINNESHIEK,0,0,0,0,2700000.00,2500000.00,Heavy Rain,0,"[[43.4928,-92.0654],[43.117,-92.0325],[43.113,-91.648],[43.4968,-91.7084]]",0,1,county_code_unverified|timezone_not_normalized_to_utc
112024,19032,2008,2008-06-07T23:00:00,2008-06-10T09:00:00,CST-6,58.0,19,19065,C,065,FAYETTE,0,0,0,0,3100000.00,2200000.00,Heavy Rain,0,"[[42.6582,-91.9913],[42.6663,-91.6534],[43.0669,-91.6205],[43.0849,-92.0654]]",0,1,county_code_unverified|timezone_not_normalized_to_utc
112025,19032,2008,2008-06-07T23:00:00,2008-06-10T09:00:00,CST-6,58.0,19,19005,C,005,ALLAMAKEE,0,0,0,0,1250000.00,1000000.00,Heavy Rain,0,"[[43.4988,-91.648],[43.0508,-91.6287],[43.0247,-91.17],[43.2212,-91.1096],[43.3651,-91.2085],[43.4988,-91.2277]]",0,1,county_code_unverified|timezone_not_normalized_to_utc
112026,19032,2008,2008-06-07T23:00:00,2008-06-10T09:00:00,CST-6,58.0,19,19043,C,043,CLAYTON,0,0,0,0,4700000.00,20000000.00,Heavy Rain,0,"[[42.6461,-91.6095],[42.6602,-90.8844],[42.7611,-91.0629],[43.0187,-91.1618],[43.0488,-91.5985]]",0,1,county_code_unverified|timezone_not_normalized_to_utc
112311,19032,2008,2008-06-08T06:00:00,2008-06-10T10:00:00,CST-6,52.0,19,19191,C,191,WINNESHIEK,0,0,0,0,750000.00,1000000.00,Heavy Rain,0,"[[43.4619,-91.9954],[43.4105,-92.0606],[43.2527,-91.718],[43.3134,-91.6744]]",0,1,county_code_unverified|timezone_not_normalized_to_utc
112313,19032,2008,2008-06-08T04:00:00,2008-06-11T14:00:00,CST-6,82.0,19,19005,C,005,ALLAMAKEE,0,0,0,0,750000.00,500000.00,Heavy Rain,0,"[[43.3841,-91.5436],[43.416,-91.4152],[43.4564,-91.4557],[43.4245,-91.5621]]",0,1,county_code_unverified|timezone_not_normalized_to_utc
112553,19032,2008,2008-06-08T08:00:00,2008-06-11T05:00:00,CST-6,69.0,19,19067,C,067,FLOYD,0,0,0,0,750000.00,800000.00,Heavy Rain,0,"[[43.1055,-92.7473],[43.0102,-92.6388],[43.0267,-92.6065],[43.117,-92.715]]",0,1,county_code_unverified|timezone_not_normalized_to_utc
112554,19032,2008,2008-06-08T08:00:00,2008-06-11T21:30:00,CST-6,85.5,19,19043,C,043,CLAYTON,0,0,0,0,2000000.00,2500000.00,Heavy Rain,0,"[[42.736,-91.272],[42.7389,-91.2564],[42.742,-91.2382],[42.7517,-91.2478],[42.7439,-91.2634],[42.7484,-91.2681],[42.7471,-91.2758]]",0,1,county_code_unverified|timezone_not_normalized_to_utc
112555,19032,2008,2008-06-08T07:16:00,2008-06-12T00:00:00,CST-6,88.73333333333333,19,19043,C,043,CLAYTON,0,0,0,0,3500000.00,3000000.00,Heavy Rain,0,"[[42.8689,-91.4399],[42.8246,-91.3884],[42.842,-91.362],[42.875,-91.4155]]",0,1,county_code_unverified|timezone_not_normalized_to_utc
112952,16888,2008,2008-06-12T19:00:00,2008-06-13T09:00:00,CST-6,14.0,55,55043,C,043,GRANT,0,0,0,0,175000.00,35000.00,Heavy Rain,0,"[[42.743,-91.0327],[42.9283,-90.5713],[42.7632,-90.4779],[42.5683,-90.6455]]",0,1,county_code_unverified|timezone_not_normalized_to_utc
113114,19165,2008,2008-06-04T23:43:00,2008-06-05T04:46:00,EST-5,5.05,42,42017,C,017,BUCKS,0,0,0,0,0.00,0.00,Heavy Rain,0,"[[40.17,-74.95],[40.1649,-74.9433],[40.1613,-74.95],[40.1598,-74.9634]]",0,1,county_code_unverified|timezone_not_normalized_to_utc
113431,19228,2008,2008-06-28T06:30:00,2008-06-28T12:30:00,CST-6,6.0,20,20173,C,173,SEDGWICK,0,0,0,0,0.00,0.00,Heavy Rain,0,"[[37.6588,-97.825],[37.5968,-97.8264],[37.5968,-97.7454],[37.6594,-97.7454]]",0,1,county_code_unverified|timezone_not_normalized_to_utc
113434,19228,2008,2008-06-28T08:00:00,2008-06-28T13:00:00,CST-6,5.0,20,20019,C,019,CHAUTAUQUA,0,0,0,0,0.00,0.00,Heavy Rain,0,"[[36.9993,-96.5238],[37.1625,-96.5259],[37.1581,-96.1029],[37.0004,-96.0974]]",0,1,county_code_unverified|timezone_not_normalized_to_utc
113441,19228,2008,2008-06-28T06:30:00,2008-06-28T12:30:00,CST-6,6.0,20,20155,C,155,RENO,0,0,0,0,0.00,0.00,Heavy Rain,0,"[[37.7327,-97.8937],[37.845,-97.8978],[37.844,-98.1471],[37.73,-98.1457]]",0,1,county_code_unverified|timezone_not_normalized_to_utc
113451,19228,2008,2008-06-28T06:30:00,2008-06-28T12:30:00,CST-6,6.0,20,20095,C,095,KINGMAN,0,0,0,0,0.00,0.00,Heavy Rain,0,"[[37.7167,-97.8182],[37.7191,-97.9617],[37.6208,-97.961],[37.6197,-97.8209]]",0,1,county_code_unverified|timezone_not_normalized_to_utc
113468,19228,2008,2008-06-28T06:00:00,2008-06-28T13:30:00,CST-6,7.5,20,20015,C,015,BUTLER,0,0,0,0,0.00,0.00,Heavy Rain,0,"[[37.6172,-97.1518],[37.4999,-97.1518],[37.4994,-97.0752],[37.6153,-97.0773]]",0,1,county_code_unverified|timezone_not_normalized_to_utc
113534,16651,2008,2008-06-05T00:15:00,2008-06-05T15:30:00,CST-6,15.25,19,19145,C,145,PAGE,0,0,0,0,800000.00,0.00,Heavy Rain,0,"[[40.8855,-95.3019],[40.8829,-95.2535],[40.7493,-95.3888],[40.7961,-95.3854]]",0,1,county_code_unverified|timezone_not_normalized_to_utc
114035,19337,2008,2008-06-01T00:00:00,2008-06-03T00:49:00,EST-5,48.81666666666667,18,18157,C,157,TIPPECANOE,0,0,0,0,2000.00,2000.00,Heavy Rain,0,"[[40.4736,-86.8971],[40.4224,-86.9022],[40.3989,-86.9362],[40.3894,-86.9259],[40.4187,-86.8864],[40.4647,-86.8723]]",0,1,county_code_unverified|timezone_not_normalized_to_utc
114036,19337,2008,2008-06-01T00:00:00,2008-06-16T07:20:00,EST-5,367.3333333333333,18,18165,C,165,VERMILLION,0,0,0,0,0.00,0.00,Heavy Rain,0,"[[39.8344,-87.3997],[39.7864,-87.3918],[39.7476,-87.387],[39.7526,-87.3592],[39.8312,-87.3708]]",0,1,county_code_unverified|timezone_not_normalized_to_utc
114042,19337,2008,2008-06-01T00:00:00,2008-06-16T07:20:00,EST-5,367.3333333333333,18,18121,C,121,PARKE,0,0,0,0,0.00,0.00,Heavy Rain,0,"[[39.8,-87.37],[39.8275,-87.3674],[39.8339,-87.412],[39.7526,-87.3925],[39.7494,-87.3653]]",0,1,county_code_unverified|timezone_not_normalized_to_utc
114043,19338,2008,2008-06-01T05:00:00,2008-06-10T20:00:00,EST-5,231.0,18,18171,C,171,WARREN,0,0,0,0,5000.00,5000.00,Heavy Rain,0,"[[40.15,-87.4443],[40.1374,-87.4168],[40.1125,-87.4144],[40.1138,-87.3983],[40.1421,-87.3952],[40.1568,-87.4223]]",0,1,county_code_unverified|timezone_not_normalized_to_utc
114044,19338,2008,2008-06-01T05:00:00,2008-06-10T20:00:00,EST-5,231.0,18,18045,C,045,FOUNTAIN,0,0,0,0,5000.00,5000.00,Heavy Rain,0,"[[40.13,-87.4],[40.1049,-87.3949],[40.1084,-87.4196],[40.1395,-87.4138],[40.1519,-87.4416],[40.1631,-87.4244],[40.1461,-87.4041]]",0,1,county_code_unverified|timezone_not_normalized_to_utc
114045,19338,2008,2008-06-01T16:32:00,2008-06-17T01:04:00,EST-5,368.53333333333336,18,18167,C,167,VIGO,0,0,0,0,50000000.00,50000000.00,Heavy Rain,0,"[[39.47,-87.4],[39.5469,-87.3894],[39.5618,-87.4553],[39.4203,-87.4848],[39.398,-87.5102],[39.3863,-87.4556]]",0,1,county_code_unverified|timezone_not_normalized_to_utc
114046,19338,2008,2008-06-02T03:48:00,2008-06-20T15:00:00,EST-5,443.2,18,18153,C,153,SULLIVAN,0,0,0,0,15000000.00,15000000.00,Heavy Rain,0,"[[39.0211,-87.5452],[39.0207,-87.5923],[38.9845,-87.5871],[38.9474,-87.5435],[38.867,-87.5652],[38.8654,-87.5034],[38.9712,-87.4951],[38.9909,-87.5466]]",0,1,county_code_unverified|timezone_not_normalized_to_utc
114047,19339,2008,2008-06-04T15:00:00,2008-06-21T08:31:00,EST-5,401.51666666666665,18,18083,C,083,KNOX,0,0,0,0,10000000.00,10000000.00,Dam / Levee Break,0,"[[38.68,-87.52],[38.6571,-87.5782],[38.5428,-87.6297],[38.5004,-87.6173],[38.445,-87.7039],[38.4987,-87.7657],[38.5213,-87.6846],[38.6437,-87.6572]]",0,1,county_code_unverified|timezone_not_normalized_to_utc
114451,16429,2008,2008-06-11T19:46:00,2008-06-11T19:46:00,CST-6,0.0,20,20167,C,167,RUSSELL,0,0,0,0,100.00,10000.00,Heavy Rain,0,"[[38.741,-98.875],[38.7443,-98.8784],[38.7446,-98.8722],[38.7422,-98.8723]]",0,1,county_code_unverified|timezone_not_normalized_to_utc
114480,19283,2008,2008-06-19T16:00:00,2008-06-19T18:00:00,CST-6,2.0,20,20015,C,015,BUTLER,0,0,0,0,200.00,100.00,Heavy Rain,0,"[[37.82,-96.86],[37.821,-96.8544],[37.8186,-96.8536],[37.8187,-96.86]]",0,1,county_code_unverified|timezone_not_normalized_to_utc
114760,19265,2008,2008-06-04T02:46:00,2008-06-04T04:46:00,EST-5,2.0,18,18165,C,165,VERMILLION,0,0,0,0,5000.00,0.00,Heavy Rain,0,"[[40.1322,-87.4203],[39.6041,-87.3846],[39.6083,-87.5308],[40.1432,-87.5322]]",0,1,county_code_unverified|timezone_not_normalized_to_utc
114791,19398,2008,2008-07-02T15:15:00,2008-07-02T18:00:00,CST-6,2.75,17,17201,C,201,WINNEBAGO,0,0,0,0,0.00,0.00,Heavy Rain,0,"[[42.2145,-89.0153],[42.3222,-88.9729],[42.324,-88.9309],[42.2156,-88.9742]]",0,1,county_code_unverified|timezone_not_normalized_to_utc
114797,19398,2008,2008-07-02T15:58:00,2008-07-02T19:00:00,CST-6,3.033333333333333,17,17097,C,097,LAKE,0,0,0,0,0.00,0.00,Heavy Rain,0,"[[42.1534,-87.7615],[42.1542,-87.9884],[42.1817,-87.9864],[42.196,-87.7938]]",0,1,county_code_unverified|timezone_not_normalized_to_utc
115130,16324,2008,2008-06-05T01:00:00,2008-06-06T06:00:00,CST-6,29.0,31,31131,C,131,OTOE,0,0,0,0,0.00,0.00,Heavy Rain,0,"[[40.7514,-96.1489],[40.6567,-95.9539],[40.5253,-96.0342],[40.7119,-96.4366]]",0,1,county_code_unverified|timezone_not_normalized_to_utc
115131,19458,2008,2008-07-01T00:00:00,2008-07-16T18:00:00,CST-6,378.0,29,29031,C,031,CAPE GIRARDEAU,0,0,0,0,0.00,100000.00,Heavy Rain,0,"[[37.3279,-89.5012],[37.325,-89.4946],[37.3022,-89.518],[37.3123,-89.5195]]",0,1,county_code_unverified|timezone_not_normalized_to_utc
115133,19460,2008,2008-07-01T00:00:00,2008-07-14T04:00:00,CST-6,316.0,17,17003,C,003,ALEXANDER,0,0,0,0,0.00,100000.00,Heavy Rain,0,"[[37.22,-89.47],[37.1986,-89.4613],[37.2012,-89.4562],[37.2191,-89.4612]]",0,1,county_code_unverified|timezone_not_normalized_to_utc
115137,19461,2008,2008-07-30T04:00:00,2008-07-31T23:59:00,CST-6,43.983333333333334,29,29031,C,031,CAPE GIRARDEAU,0,0,0,0,0.00,0.00,Heavy Rain,0,"[[37.3549,-89.463],[37.3451,-89.4445],[37.3314,-89.4994],[37.3388,-89.4996]]",0,1,county_code_unverified|timezone_not_normalized_to_utc
115139,19462,2008,2008-07-01T00:00:00,2008-07-10T15:00:00,CST-6,231.0,17,17077,C,077,JACKSON,0,0,0,0,0.00,50000.00,Heavy Rain,0,"[[37.7683,-89.3734],[37.7646,-89.3812],[37.7466,-89.3389],[37.7527,-89.3424]]",0,1,county_code_unverified|timezone_not_normalized_to_utc
115495,19511,2008,2008-06-04T23:00:00,2008-06-30T00:00:00,CST-6,601.0,29,29111,C,111,LEWIS,0,0,0,0,940000.00,8900000.00,Heavy Rain,0,"[[40.2597,-91.5381],[40.1343,-91.5326],[39.9614,-91.512],[39.9608,-91.4567],[40.2649,-91.4976]]",0,1,county_code_unverified|timezone_not_normalized_to_utc
115515,19511,2008,2008-06-03T10:00:00,2008-06-30T00:00:00,CST-6,638.0,29,29127,C,127,MARION,0,0,0,0,7100000.00,13300000.00,Heavy Rain,0,"[[39.9288,-91.477],[39.7241,-91.3905],[39.7154,-91.3585],[39.9278,-91.4282]]",0,1,county_code_unverified|timezone_not_normalized_to_utc
115551,19511,2008,2008-06-03T17:00:00,2008-06-30T00:00:00,CST-6,631.0,29,29173,C,173,RALLS,0,0,0,0,55000.00,0.00,Heavy Rain,0,"[[39.701,-91.387],[39.583,-91.2415],[39.6015,-91.2092],[39.7125,-91.3561]]",0,1,county_code_unverified|timezone_not_normalized_to_utc
115580,19511,2008,2008-06-03T15:00:00,2008-06-30T00:00:00,CST-6,633.0,29,29163,C,163,PIKE,0,0,0,0,285000.00,11200000.00,Heavy Rain,0,"[[39.5676,-91.2318],[39.3482,-90.9187],[39.2499,-90.7855],[39.2578,-90.7471],[39.3205,-90.8013],[39.3731,-90.8933],[39.5343,-91.0952],[39.5809,-91.1735]]",0,1,county_code_unverified|timezone_not_normalized_to_utc
115690,19511,2008,2008-06-04T13:00:00,2008-06-30T00:00:00,CST-6,611.0,29,29113,C,113,LINCOLN,0,0,0,0,1600000.00,0.00,Heavy Rain,0,"[[39.2495,-90.8514],[39.1632,-90.7924],[39.0475,-90.7484],[38.9915,-90.7423],[38.9274,-90.7505],[38.9386,-90.6681],[39.1807,-90.7127],[39.2579,-90.7375]]",0,1,county_code_unverified|timezone_not_normalized_to_utc
115795,19551,2008,2008-08-15T15:10:00,2008-08-16T00:00:00,MST-7,8.833333333333334,08,08063,C,063,KIT CARSON,0,0,0,0,150000.00,0.00,Heavy Rain,0,"[[39.5006,-102.4925],[39.5448,-102.4949],[39.6126,-102.3219],[39.5808,-102.2944]]",0,1,county_code_unverified|timezone_not_normalized_to_utc
115797,19551,2008,2008-08-15T15:10:00,2008-08-16T00:00:00,MST-7,8.833333333333334,08,08125,C,125,YUMA,0,0,0,0,150000.00,0.00,Heavy Rain,0,"[[39.6168,-102.3088],[39.5872,-102.2834],[39.5348,-102.429],[39.5687,-102.4441]]",0,1,county_code_unverified|timezone_not_normalized_to_utc
116059,19608,2008,2008-06-01T14:00:00,2008-06-05T15:00:00,MST-7,97.0,08,08045,C,045,GARFIELD,0,0,0,0,0.00,0.00,Heavy Rain / Snow Melt,0,"[[39.5676,-107.2451],[39.6374,-107.1153],[39.6179,-107.1112],[39.5522,-107.2424],[39.5507,-107.3097],[39.5687,-107.2994]]",0,1,county_code_unverified|timezone_not_normalized_to_utc
116157,19473,2008,2008-06-16T11:13:00,2008-06-16T14:15:00,CST-6,3.033333333333333,20,20015,C,015,BUTLER,0,0,0,0,100.00,100.00,Heavy Rain,0,"[[37.6375,-96.8809],[37.6422,-96.8758],[37.643,-96.8833],[37.6385,-96.8832]]",0,1,county_code_unverified|timezone_not_normalized_to_utc
116158,19473,2008,2008-06-16T12:13:00,2008-06-16T14:15:00,CST-6,2.033333333333333,20,20015,C,015,BUTLER,0,0,0,0,100.00,100.00,Heavy Rain,0,"[[37.6851,-97.1161],[37.6877,-97.1161],[37.6875,-97.1171],[37.6863,-97.118]]",0,1,county_code_unverified|timezone_not_normalized_to_utc
116159,19473,2008,2008-06-16T12:13:00,2008-06-16T14:15:00,CST-6,2.033333333333333,20,20015,C,015,BUTLER,0,0,0,0,50.00,50.00,Heavy Rain,0,"[[37.76,-96.82],[37.7533,-96.8183],[37.751,-96.832],[37.7576,-96.8283]]",0,1,county_code_unverified|timezone_not_normalized_to_utc
116161,19473,2008,2008-06-16T13:44:00,2008-06-16T15:44:00,CST-6,2.0,20,20125,C,125,MONTGOMERY,0,0,0,0,100.00,100.00,Heavy Rain,0,"[[37.0359,-95.8155],[37.0353,-95.8018],[37.0308,-95.8022],[37.0307,-95.818]]",0,1,county_code_unverified|timezone_not_normalized_to_utc
116327,19511,2008,2008-06-04T13:00:00,2008-06-30T00:00:00,CST-6,611.0,29,29183,C,183,ST. CHARLES,0,0,0,0,1700000.00,10800000.00,Heavy Rain,0,"[[38.935,-90.6798],[38.8698,-90.5617],[38.961,-90.4233],[38.882,-90.1936],[38.8157,-90.1236],[38.8216,-90.39],[38.8039,-90.6262],[38.9226,-90.7491]]",0,1,county_code_unverified|timezone_not_normalized_to_utc
116340,19511,2008,2008-06-05T07:00:00,2008-06-30T23:59:00,CST-6,616.9833333333333,29,29510,C,510,ST. LOUIS (C),0,0,0,0,0.00,0.00,Heavy Rain,0,"[[38.7568,-90.2149],[38.5386,-90.2781],[38.5364,-90.2582],[38.6245,-90.1785],[38.76,-90.171]]",0,1,county_code_unverified|timezone_not_normalized_to_utc
116354,19511,2008,2008-06-05T00:00:00,2008-06-30T23:59:00,CST-6,623.9833333333333,29,29099,C,099,JEFFERSON,0,0,0,0,0.00,0.00,Heavy Rain,0,"[[38.399,-90.3553],[38.3417,-90.3948],[38.2468,-90.401],[38.1961,-90.3962],[38.1051,-90.2942],[38.1217,-90.2541]]",0,1,county_code_unverified|timezone_not_normalized_to_utc
116361,19511,2008,2008-06-05T00:00:00,2008-06-30T23:59:00,CST-6,623.9833333333333,29,29189,C,189,ST. LOUIS,0,0,0,0,0.00,0.00,Heavy Rain,0,"[[38.4585,-90.367],[38.3816,-90.3639],[38.4106,-90.3255],[38.4601,-90.3262]]",0,1,county_code_unverified|timezone_not_normalized_to_utc
116467,19648,2008,2008-06-13T11:00:00,2008-06-17T09:00:00,EST-5,94.0,26,26101,C,101,MANISTEE,0,0,0,0,0.00,0.00,Heavy Rain,0,"[[44.4122,-85.817],[44.1773,-85.8183],[44.1822,-86.0779],[44.3042,-86.0957]]",0,1,county_code_unverified|timezone_not_normalized_to_utc
116701,19511,2008,2008-06-04T08:00:00,2008-06-30T23:59:00,CST-6,639.9833333333333,29,29186,C,186,STE. GENEVIEVE,0,0,0,0,10000.00,3800000.00,Heavy Rain,0,"[[38.1497,-90.3124],[37.9336,-90.0165],[37.9508,-89.9286],[38.153,-90.276]]",0,1,county_code_unverified|timezone_not_normalized_to_utc
116705,19583,2008,2008-06-05T11:30:00,2008-06-09T22:35:00,EST-5,107.08333333333333,18,18005,C,005,BARTHOLOMEW,0,0,0,0,150000000.00,150000000.00,Heavy Rain,0,"[[39.1588,-85.8856],[39.2737,-85.8966],[39.2482,-85.9639],[39.1594,-85.944]]",0,1,county_code_unverified|timezone_not_normalized_to_utc
116708,19583,2008,2008-06-05T04:00:00,2008-06-17T16:04:00,EST-5,300.06666666666666,18,18071,C,071,JACKSON,0,0,0,0,30000000.00,30000000.00,Heavy Rain,0,"[[38.9247,-85.9358],[38.9538,-85.9618],[38.9898,-85.9251],[39.0021,-85.8994],[38.9893,-85.8822]]",0,1,county_code_unverified|timezone_not_normalized_to_utc
116709,19583,2008,2008-06-07T19:00:00,2008-06-15T09:47:00,EST-5,182.78333333333333,18,18093,C,093,LAWRENCE,0,0,0,0,15000000.00,15000000.00,Heavy Rain,0,"[[38.77,-86.4],[38.8456,-86.4631],[38.8574,-86.5565],[38.8301,-86.575],[38.8189,-86.6663],[38.7841,-86.6602],[38.7557,-86.6066],[38.8039,-86.5201]]",0,1,county_code_unverified|timezone_not_normalized_to_utc
116717,19550,2008,2008-06-09T08:24:00,2008-06-09T15:00:00,CST-6,6.6,19,19019,C,019,BUCHANAN,0,0,0,0,0.00,0.00,Heavy Rain,0,"[[42.5417,-92.0936],[42.5642,-92.0634],[42.4736,-91.8642],[42.4493,-91.891]]",0,1,county_code_unverified|timezone_not_normalized_to_utc
116718,19584,2008,2008-06-10T03:45:00,2008-06-15T10:25:00,EST-5,126.66666666666667,18,18101,C,101,MARTIN,0,0,0,0,8000000.00,10000000.00,Heavy Rain,0,"[[38.67,-86.78],[38.7029,-86.791],[38.6938,-86.8579],[38.6617,-86.8541],[38.6531,-86.7982]]",0,1,county_code_unverified|timezone_not_normalized_to_utc
116721,19581,2008,2008-06-04T09:56:00,2008-06-12T01:00:00,EST-5,183.06666666666666,18,18021,C,021,CLAY,0,0,0,0,45000000.00,45000000.00,Heavy Rain,0,"[[39.3858,-87.0086],[39.3961,-87.0255],[39.3793,-87.0306],[39.3688,-87.02]]",0,1,county_code_unverified|timezone_not_normalized_to_utc
116729,19582,2008,2008-06-04T20:07:00,2008-06-05T03:30:00,EST-5,7.383333333333334,18,18079,C,079,JENNINGS,0,0,0,0,250000.00,250000.00,Heavy Rain,0,"[[38.98,-85.6],[38.9882,-85.5983],[38.9905,-85.6214],[38.9736,-85.6233],[38.9726,-85.5993]]",0,1,county_code_unverified|timezone_not_normalized_to_utc
116730,19582,2008,2008-06-05T15:00:00,2008-06-18T21:00:00,EST-5,318.0,18,18071,C,071,JACKSON,0,0,0,0,5000000.00,5000000.00,Heavy Rain,0,"[[38.7926,-86.1424],[38.7889,-86.0387],[38.7434,-86.0466],[38.7461,-86.161]]",0,1,county_code_unverified|timezone_not_normalized_to_utc
116740,19585,2008,2008-06-04T22:15:00,2008-06-05T20:00:00,EST-5,21.75,18,18035,C,035,DELAWARE,0,0,0,0,5000.00,5000.00,Heavy Rain,0,"[[40.18,-85.4],[40.1978,-85.4075],[40.2084,-85.3861],[40.1941,-85.3827],[40.1965,-85.3511],[40.184,-85.3562]]",0,1,county_code_unverified|timezone_not_normalized_to_utc
116744,19585,2008,2008-06-05T03:00:00,2008-06-06T11:04:00,EST-5,32.06666666666667,18,18095,C,095,MADISON,0,0,0,0,20000.00,20000.00,Heavy Rain,0,"[[40.1,-85.68],[40.0871,-85.6323],[40.1025,-85.6304],[40.116,-85.6626]]",0,1,county_code_unverified|timezone_not_normalized_to_utc
116749,19585,2008,2008-06-04T12:00:00,2008-06-09T10:00:00,EST-5,118.0,18,18109,C,109,MORGAN,0,0,0,0,80000000.00,100000000.00,Heavy Rain,0,"[[39.5085,-86.4133],[39.4993,-86.3821],[39.4781,-86.3965],[39.4957,-86.4313]]",0,1,county_code_unverified|timezone_not_normalized_to_utc
116751,19585,2008,2008-06-04T17:00:00,2008-06-16T04:43:00,EST-5,275.71666666666664,18,18119,C,119,OWEN,0,0,0,0,50000000.00,60000000.00,Heavy Rain,0,"[[39.2772,-86.7695],[39.2843,-86.7682],[39.285,-86.7479],[39.2776,-86.7434]]",0,1,county_code_unverified|timezone_not_normalized_to_utc
116753,19585,2008,2008-06-04T11:00:00,2008-06-18T12:00:00,EST-5,337.0,18,18055,C,055,GREENE,0,0,0,0,20000000.00,60000000.00,Dam / Levee Break,0,"[[39.03,-86.97],[39.0207,-86.9781],[38.992,-86.987],[38.9493,-87.0285],[38.9242,-87.044],[38.9151,-86.9959],[38.9957,-86.9211],[39.0341,-86.9513]]",0,1,county_code_unverified|timezone_not_normalized_to_utc
116754,19585,2008,2008-06-05T14:00:00,2008-06-20T03:12:00,EST-5,349.2,18,18027,C,027,DAVIESS,0,0,0,0,20000000.00,30000000.00,Dam / Levee Break,0,"[[38.8015,-87.2098],[38.8293,-87.2215],[38.8242,-87.2533],[38.7983,-87.2575]]",0,1,county_code_unverified|timezone_not_normalized_to_utc
116756,19585,2008,2008-06-05T14:00:00,2008-06-22T17:00:00,EST-5,411.0,18,18083,C,083,KNOX,0,0,0,0,8000000.00,10000000.00,Dam / Levee Break,0,"[[38.6978,-87.3001],[38.5568,-87.2672],[38.5546,-87.5501],[38.4611,-87.5748],[38.5127,-87.2205],[38.6523,-87.2109],[38.798,-87.2067],[38.8445,-87.2383]]",0,1,county_code_unverified|timezone_not_normalized_to_utc
116757,19586,2008,2008-06-10T05:42:00,2008-06-12T15:24:00,EST-5,57.7,18,18109,C,109,MORGAN,0,0,0,0,20000.00,20000.00,Heavy Rain,0,"[[39.4998,-86.391],[39.5083,-86.4123],[39.4999,-86.4177],[39.4903,-86.393]]",0,1,county_code_unverified|timezone_not_normalized_to_utc
116759,19580,2008,2008-06-04T09:30:00,2008-06-06T22:04:00,EST-5,60.56666666666667,18,18145,C,145,SHELBY,0,0,0,0,100000.00,100000.00,Heavy Rain,0,"[[39.52,-85.78],[39.5218,-85.7926],[39.5288,-85.7998],[39.5416,-85.7803],[39.5385,-85.7543]]",0,1,county_code_unverified|timezone_not_normalized_to_utc
116894,19129,2008,2008-06-13T06:35:00,2008-06-13T11:15:00,CST-6,4.666666666666667,20,20049,C,049,ELK,0,0,0,0,100.00,10000.00,Heavy Rain,0,"[[37.47,-96.32],[37.4642,-96.3324],[37.4567,-96.3185],[37.467,-96.3102]]",0,1,county_code_unverified|timezone_not_normalized_to_utc
116931,16870,2008,2008-06-08T04:41:00,2008-06-08T17:41:00,CST-6,13.0,31,31119,C,119,MADISON,0,0,0,0,0.00,0.00,Heavy Rain,0,"[[41.9826,-97.6281],[42.0146,-97.607],[42.0133,-97.5892],[41.9855,-97.5946],[41.9812,-97.6029]]",0,1,county_code_unverified|timezone_not_normalized_to_utc
116943,16870,2008,2008-06-08T05:00:00,2008-06-09T18:00:00,CST-6,37.0,31,31141,C,141,PLATTE,0,0,0,0,0.00,0.00,Heavy Rain,0,"[[41.7,-97.7],[41.5487,-97.4748],[41.5158,-97.5524],[41.6904,-97.7433]]",0,1,county_code_unverified|timezone_not_normalized_to_utc
116944,16277,2008,2008-05-30T02:00:00,2008-05-30T22:00:00,CST-6,20.0,31,31177,C,177,WASHINGTON,0,0,0,0,0.00,0.00,Heavy Rain,0,"[[41.4206,-96.324],[41.4414,-96.3443],[41.4749,-96.3659],[41.5076,-96.3405]]",0,1,county_code_unverified|timezone_not_normalized_to_utc
116945,19129,2008,2008-06-13T01:48:00,2008-06-13T06:48:00,CST-6,5.0,20,20207,C,207,WOODSON,0,0,0,0,100.00,100.00,Heavy Rain,0,"[[37.8326,-95.9203],[37.7436,-95.9203],[37.7588,-95.7225],[37.8499,-95.6484]]",0,1,county_code_unverified|timezone_not_normalized_to_utc
116953,19475,2008,2008-06-05T18:30:00,2008-06-05T20:30:00,CST-6,2.0,46,46079,C,079,LAKE,0,0,0,0,0.00,0.00,Heavy Rain,0,"[[43.88,-96.94],[43.9,-96.94],[43.9,-96.92],[43.88,-96.92]]",0,1,county_code_unverified|timezone_not_normalized_to_utc
116959,16277,2008,2008-05-29T23:00:00,2008-05-30T22:00:00,CST-6,23.0,31,31107,C,107,KNOX,0,0,0,0,0.00,0.00,Heavy Rain,0,"[[42.7621,-98.0022],[42.7692,-97.9266],[42.6,-97.63],[42.5217,-97.7804],[42.547,-98.1711]]",0,1,county_code_unverified|timezone_not_normalized_to_utc
117106,19741,2008,2008-06-10T07:00:00,2008-06-30T23:59:00,CST-6,496.98333333333335,17,17201,C,201,WINNEBAGO,0,0,0,0,6000000.00,0.00,Heavy Rain,0,"[[42.3999,-89.0088],[42.2933,-89.065],[42.2995,-89.0777],[42.3405,-89.0777],[42.3893,-89.0616],[42.4295,-89.0423],[42.4272,-89.02]]",0,1,county_code_unverified|timezone_not_normalized_to_utc
117178,18340,2008,2008-06-07T15:08:00,2008-06-09T12:00:00,CST-6,44.86666666666667,55,55123,C,123,VERNON,0,0,0,0,750000.00,250000.00,Heavy Rain,0,"[[43.7394,-90.6029],[43.6972,-90.6194],[43.6959,-90.5891],[43.7356,-90.574]]",0,1,county_code_unverified|timezone_not_normalized_to_utc
117187,18340,2008,2008-06-08T04:25:00,2008-06-10T09:00:00,CST-6,52.583333333333336,55,55123,C,123,VERNON,0,0,0,0,600000.00,600000.00,Heavy Rain,0,"[[43.5851,-90.6496],[43.5635,-90.6479],[43.5656,-90.6334],[43.5773,-90.6235]]",0,1,county_code_unverified|timezone_not_normalized_to_utc
117194,18340,2008,2008-06-08T07:25:00,2008-06-12T06:00:00,CST-6,94.58333333333333,55,55103,C,103,RICHLAND,0,0,0,0,2200000.00,1000000.00,Heavy Rain,0,"[[43.5179,-90.6715],[43.491,-90.6921],[43.4909,-90.6758],[43.5042,-90.6573],[43.5176,-90.6489]]",0,1,county_code_unverified|timezone_not_normalized_to_utc
117199,19757,2008,2008-06-23T13:26:00,2008-06-23T13:26:00,EST-5,0.0,25,25013,C,013,HAMPDEN,0,0,0,0,6000.00,0.00,Heavy Rain,0,"[[42.1419,-72.7376],[42.1395,-72.7295],[42.134,-72.7386],[42.1369,-72.742]]",0,1,county_code_unverified|timezone_not_normalized_to_utc
117205,18340,2008,2008-06-08T06:00:00,2008-06-12T12:00:00,CST-6,102.0,55,55123,C,123,VERNON,0,0,0,0,1000000.00,500000.00,Heavy Rain,0,"[[43.4589,-90.7603],[43.4295,-90.7818],[43.4289,-90.7601],[43.458,-90.7497]]",0,1,county_code_unverified|timezone_not_normalized_to_utc
117219,18340,2008,2008-06-08T08:00:00,2008-06-13T18:00:00,CST-6,130.0,55,55023,C,023,CRAWFORD,0,0,0,0,2000000.00,500000.00,Heavy Rain,0,"[[43.4058,-90.7745],[43.3986,-90.7941],[43.3741,-90.7728],[43.3881,-90.7527]]",0,1,county_code_unverified|timezone_not_normalized_to_utc
117229,18340,2008,2008-06-08T07:30:00,2008-06-16T11:00:00,CST-6,195.5,55,55023,C,023,CRAWFORD,0,0,0,0,2100000.00,400000.00,Heavy Rain,0,"[[43.3364,-90.8528],[43.2995,-90.8573],[43.2997,-90.8298],[43.3369,-90.8326]]",0,1,county_code_unverified|timezone_not_normalized_to_utc
117236,18340,2008,2008-06-08T13:30:00,2008-06-17T20:30:00,CST-6,223.0,55,55023,C,023,CRAWFORD,0,0,0,0,2000000.00,450000.00,Heavy Rain,0,"[[43.1862,-90.8499],[43.1784,-90.8703],[43.1714,-90.8623],[43.18,-90.8407]]",0,1,county_code_unverified|timezone_not_normalized_to_utc
117242,19756,2008,2008-06-22T20:00:00,2008-06-23T10:00:00,EST-5,14.0,26,26001,C,001,ALCONA,0,0,0,0,0.00,0.00,Heavy Rain,0,"[[44.5846,-83.3821],[44.5205,-83.3842],[44.5166,-83.6005],[44.5836,-83.5716]]",0,1,county_code_unverified|timezone_not_normalized_to_utc
117261,19760,2008,2008-06-01T00:00:00,2008-06-30T23:59:00,CST-6,719.9833333333333,19,19011,C,011,BENTON,0,0,0,0,10000000.00,0.00,Heavy Rain,0,"[[42.2865,-92.0792],[42.1532,-92.0764],[42.1481,-91.8951],[42.1889,-91.8718]]",0,1,county_code_unverified|timezone_not_normalized_to_utc
117263,19760,2008,2008-06-01T00:00:00,2008-06-30T23:59:00,CST-6,719.9833333333333,19,19019,C,019,BUCHANAN,0,0,0,0,3100000.00,0.00,Heavy Rain,0,"[[42.5303,-92.0393],[42.2793,-91.7207],[42.2885,-91.6425],[42.549,-91.9583]]",0,1,county_code_unverified|timezone_not_normalized_to_utc
117264,19760,2008,2008-06-01T00:00:00,2008-06-30T23:59:00,CST-6,719.9833333333333,19,19031,C,031,CEDAR,0,0,0,0,3500000.00,0.00,Heavy Rain,0,"[[41.7995,-91.3431],[41.5816,-91.1179],[41.5816,-91.0574],[41.8123,-91.2882]]",0,1,county_code_unverified|timezone_not_normalized_to_utc
117265,19760,2008,2008-06-01T00:00:00,2008-06-30T23:59:00,CST-6,719.9833333333333,19,19045,C,045,CLINTON,0,0,0,0,646000.00,0.00,Heavy Rain,0,"[[41.8977,-90.8851],[41.7508,-90.7732],[41.7365,-90.2953],[41.7713,-90.2678]]",0,1,county_code_unverified|timezone_not_normalized_to_utc
117267,19760,2008,2008-06-01T00:00:00,2008-06-30T23:59:00,CST-6,719.9833333333333,19,19055,C,055,DELAWARE,0,0,0,0,4200000.00,0.00,Heavy Rain,0,"[[42.6426,-91.6006],[42.289,-91.2346],[42.2976,-91.2044],[42.6542,-91.5518]]",0,1,county_code_unverified|timezone_not_normalized_to_utc
117268,19760,2008,2008-06-01T00:00:00,2008-06-30T23:59:00,CST-6,719.9833333333333,19,19057,C,057,DES MOINES,0,0,0,0,3800000.00,0.00,Heavy Rain,0,"[[41.0747,-90.9847],[40.7119,-91.1687],[40.7077,-91.0835],[41.1042,-90.9256]]",0,1,county_code_unverified|timezone_not_normalized_to_utc
117269,19760,2008,2008-06-01T00:00:00,2008-06-30T23:59:00,CST-6,719.9833333333333,19,19061,C,061,DUBUQUE,0,0,0,0,6400000.00,0.00,Heavy Rain,0,"[[42.6471,-90.8597],[42.6875,-90.8226],[42.637,-90.6537],[42.4154,-90.4587],[42.3849,-90.5576]]",0,1,county_code_unverified|timezone_not_normalized_to_utc
117271,19760,2008,2008-06-01T00:00:00,2008-06-30T23:59:00,CST-6,719.9833333333333,19,19087,C,087,HENRY,0,0,0,0,535000.00,0.00,Heavy Rain,0,"[[40.9856,-91.7005],[40.7961,-91.4186],[40.8065,-91.3719],[41.0079,-91.6658]]",0,1,county_code_unverified|timezone_not_normalized_to_utc
117272,19760,2008,2008-06-01T00:00:00,2008-06-30T23:59:00,CST-6,719.9833333333333,19,19095,C,095,IOWA,0,0,0,0,747000.00,0.00,Heavy Rain,0,"[[41.8609,-92.2858],[41.7759,-91.8217],[41.8194,-91.8127],[41.8823,-92.2817]]",0,1,county_code_unverified|timezone_not_normalized_to_utc
117274,19760,2008,2008-06-01T00:00:00,2008-06-30T23:59:00,CST-6,719.9833333333333,19,19097,C,097,JACKSON,0,0,0,0,599000.00,0.00,Heavy Rain,0,"[[42.1698,-90.9009],[42.0626,-90.7251],[42.1716,-90.2959],[42.199,-90.3447]]",0,1,county_code_unverified|timezone_not_normalized_to_utc
117276,19760,2008,2008-06-01T00:00:00,2008-06-30T23:59:00,CST-6,719.9833333333333,19,19101,C,101,JEFFERSON,0,0,0,0,0.00,0.00,Heavy Rain,0,"[[41.1606,-91.7413],[40.9944,-91.7235],[41.0037,-91.6768],[41.1621,-91.7043]]",0,1,county_code_unverified|timezone_not_normalized_to_utc
117278,19760,2008,2008-06-01T00:00:00,2008-06-30T23:59:00,CST-6,719.9833333333333,19,19103,C,103,JOHNSON,0,0,0,0,230000000.00,0.00,Heavy Rain,0,"[[41.802,-91.8553],[41.8031,-91.5381],[41.5584,-91.4948],[41.5661,-91.626]]",0,1,county_code_unverified|timezone_not_normalized_to_utc
117281,19760,2008,2008-06-01T00:00:00,2008-06-30T23:59:00,CST-6,719.9833333333333,19,19105,C,105,JONES,0,0,0,0,5000000.00,0.00,Heavy Rain,0,"[[42.1049,-91.353],[41.9646,-90.9338],[41.9825,-90.9259],[42.1308,-91.3493]]",0,1,county_code_unverified|timezone_not_normalized_to_utc
117283,19760,2008,2008-06-01T00:00:00,2008-06-30T23:59:00,CST-6,719.9833333333333,19,19107,C,107,KEOKUK,0,0,0,0,570000.00,0.00,Heavy Rain,0,"[[41.3217,-92.3573],[41.1957,-91.9837],[41.212,-91.9782],[41.3356,-92.3415]]",0,1,county_code_unverified|timezone_not_normalized_to_utc
117285,19760,2008,2008-06-01T00:00:00,2008-06-30T23:59:00,CST-6,719.9833333333333,19,19111,C,111,LEE,0,0,0,0,4500000.00,0.00,Heavy Rain,0,"[[40.69,-91.144],[40.5994,-91.4269],[40.3978,-91.4063],[40.3968,-91.3431]]",0,1,county_code_unverified|timezone_not_normalized_to_utc
117287,19760,2008,2008-06-01T00:00:00,2008-06-30T23:59:00,CST-6,719.9833333333333,19,19113,C,113,LINN,0,0,0,0,750000000.00,0.00,Heavy Rain,0,"[[42.1619,-91.8279],[41.9483,-91.718],[41.8558,-91.4269],[41.9013,-91.4117],[42.1827,-91.7894]]",0,1,county_code_unverified|timezone_not_normalized_to_utc
117288,19764,2008,2008-06-08T07:30:00,2008-06-10T09:00:00,CST-6,49.5,27,27045,C,045,FILLMORE,0,0,0,0,2100000.00,1800000.00,Heavy Rain,0,"[[43.7056,-92.4115],[43.5087,-92.3937],[43.5087,-91.7853],[43.7453,-91.7853]]",0,1,county_code_unverified|timezone_not_normalized_to_utc
117292,19760,2008,2008-06-01T00:00:00,2008-06-30T23:59:00,CST-6,719.9833333333333,19,19115,C,115,LOUISA,0,0,0,0,19000000.00,0.00,Heavy Rain,0,"[[41.4108,-91.501],[41.2634,-91.3541],[41.0835,-91.0616],[41.1332,-91.0574],[41.4206,-91.4529]]",0,1,county_code_unverified|timezone_not_normalized_to_utc
117293,19760,2008,2008-06-01T00:00:00,2008-06-30T23:59:00,CST-6,719.9833333333333,19,19139,C,139,MUSCATINE,0,0,0,0,9100000.00,0.00,Heavy Rain,0,"[[41.4618,-90.7814],[41.4427,-91.0547],[41.3304,-91.1083],[41.3376,-91.0465]]",0,1,county_code_unverified|timezone_not_normalized_to_utc
117295,19760,2008,2008-06-01T00:00:00,2008-06-30T23:59:00,CST-6,719.9833333333333,19,19163,C,163,SCOTT,0,0,0,0,4400000.00,0.00,Heavy Rain,0,"[[41.7283,-90.3502],[41.7426,-90.2142],[41.3933,-90.5548],[41.4746,-90.7484]]",0,1,county_code_unverified|timezone_not_normalized_to_utc
117298,19760,2008,2008-06-01T00:00:00,2008-06-30T23:59:00,CST-6,719.9833333333333,19,19177,C,177,VAN BUREN,0,0,0,0,540000.00,0.00,Heavy Rain,0,"[[40.8559,-92.1629],[40.7088,-92.0036],[40.6145,-91.7503],[40.6265,-91.7001],[40.8845,-92.1066]]",0,1,county_code_unverified|timezone_not_normalized_to_utc
117301,19760,2008,2008-06-01T00:00:00,2008-06-30T23:59:00,CST-6,719.9833333333333,19,19183,C,183,WASHINGTON,0,0,0,0,198000.00,0.00,Heavy Rain,0,"[[41.488,-91.8931],[41.4731,-91.5134],[41.505,-91.5196],[41.5081,-91.8938]]",0,1,county_code_unverified|timezone_not_normalized_to_utc
117304,19762,2008,2008-06-01T00:00:00,2008-06-30T23:59:00,CST-6,719.9833333333333,29,29045,C,045,CLARK,0,0,0,0,0.00,0.00,Heavy Rain,0,"[[40.3581,-91.4859],[40.2292,-91.5285],[40.2292,-91.4667],[40.3738,-91.4063]]",0,1,county_code_unverified|timezone_not_normalized_to_utc
117307,19761,2008,2008-06-01T00:00:00,2008-06-30T23:59:00,CST-6,719.9833333333333,17,17015,C,015,CARROLL,0,0,0,0,0.00,0.00,Heavy Rain,0,"[[42.1899,-90.3447],[42.2092,-90.2651],[42.1206,-90.1154],[41.9421,-90.1057],[41.9636,-90.228]]",0,1,county_code_unverified|timezone_not_normalized_to_utc
117308,19764,2008,2008-06-08T07:30:00,2008-06-10T09:00:00,CST-6,49.5,27,27055,C,055,HOUSTON,0,0,0,0,6500000.00,5500000.00,Heavy Rain,0,"[[43.6937,-91.7688],[43.5127,-91.777],[43.5027,-91.2717],[43.6808,-91.2799]]",0,1,county_code_unverified|timezone_not_normalized_to_utc
117310,19761,2008,2008-06-01T00:00:00,2008-06-30T23:59:00,CST-6,719.9833333333333,17,17067,C,067,HANCOCK,0,0,0,0,0.00,0.00,Heavy Rain,0,"[[40.6478,-91.2566],[40.5816,-91.4447],[40.2103,-91.5257],[40.2177,-91.4681]]",0,1,county_code_unverified|timezone_not_normalized_to_utc
117312,19761,2008,2008-06-01T00:00:00,2008-06-30T23:59:00,CST-6,719.9833333333333,17,17071,C,071,HENDERSON,0,0,0,0,0.00,0.00,Heavy Rain,0,"[[41.0597,-90.9606],[40.6556,-91.2387],[40.6275,-91.1247],[41.07,-90.8899]]",0,1,county_code_unverified|timezone_not_normalized_to_utc
117314,19761,2008,2008-06-01T00:00:00,2008-06-30T23:59:00,CST-6,719.9833333333333,17,17073,C,073,HENRY,0,0,0,0,0.00,0.00,Heavy Rain,0,"[[41.5857,-90.1943],[41.4499,-90.3969],[41.4438,-90.3365],[41.5754,-90.136]]",0,1,county_code_unverified|timezone_not_normalized_to_utc
117315,19764,2008,2008-06-08T07:30:00,2008-06-10T09:00:00,CST-6,49.5,27,27099,C,099,MOWER,0,0,0,0,500000.00,400000.00,Heavy Rain,0,"[[43.6798,-93.0432],[43.4968,-93.0295],[43.5087,-92.4088],[43.7155,-92.4088]]",0,1,county_code_unverified|timezone_not_normalized_to_utc
117319,19761,2008,2008-06-01T00:00:00,2008-06-30T23:59:00,CST-6,719.9833333333333,17,17085,C,085,JO DAVIESS,0,0,0,0,0.00,0.00,Heavy Rain,0,"[[42.4944,-90.7031],[42.1919,-90.4161],[42.2194,-90.2678],[42.5075,-90.5809]]",0,1,county_code_unverified|timezone_not_normalized_to_utc
117320,19761,2008,2008-06-01T00:00:00,2008-06-30T23:59:00,CST-6,719.9833333333333,17,17131,C,131,MERCER,0,0,0,0,0.00,0.00,Heavy Rain,0,"[[41.3376,-91.1014],[41.2055,-91.1536],[41.0654,-90.9744],[41.0876,-90.9119],[41.3356,-91.0437]]",0,1,county_code_unverified|timezone_not_normalized_to_utc
117324,19761,2008,2008-06-01T00:00:00,2008-06-30T23:59:00,CST-6,719.9833333333333,17,17161,C,161,ROCK ISLAND,0,0,0,0,0.00,0.00,Heavy Rain,0,"[[41.7785,-90.3049],[41.7775,-90.2074],[41.5076,-90.447],[41.3397,-91.0396],[41.3593,-91.1083]]",0,1,county_code_unverified|timezone_not_normalized_to_utc
117327,19761,2008,2008-06-01T00:00:00,2008-06-30T23:59:00,CST-6,719.9833333333333,17,17195,C,195,WHITESIDE,0,0,0,0,0.00,0.00,Heavy Rain,0,"[[41.934,-90.206],[41.7887,-90.2939],[41.7877,-90.1634],[41.9401,-90.0948]]",0,1,county_code_unverified|timezone_not_normalized_to_utc
117333,19764,2008,2008-06-07T15:38:00,2008-06-07T19:00:00,CST-6,3.3666666666666667,27,27169,C,169,WINONA,0,0,0,0,50000.00,20000.00,Heavy Rain,0,"[[44.0496,-91.672],[44.0574,-91.6567],[44.0461,-91.6133],[44.0364,-91.6128]]",0,1,county_code_unverified|timezone_not_normalized_to_utc
117352,19764,2008,2008-06-08T14:00:00,2008-06-09T20:00:00,CST-6,30.0,27,27045,C,045,FILLMORE,0,0,0,0,750000.00,800000.00,Heavy Rain,0,"[[43.7279,-91.981],[43.7165,-91.9508],[43.65,-92.0654],[43.6937,-92.0936]]",0,1,county_code_unverified|timezone_not_normalized_to_utc
117700,19836,2008,2008-06-12T00:00:00,2008-06-13T23:00:00,CST-6,47.0,27,27099,C,099,MOWER,0,0,0,0,600000.00,750000.00,Heavy Rain,0,"[[43.6087,-93.0357],[43.6028,-92.9388],[43.6917,-92.9045],[43.7036,-93.0734]]",0,1,county_code_unverified|timezone_not_normalized_to_utc
117707,18340,2008,2008-06-08T18:00:00,2008-06-09T20:00:00,CST-6,26.0,55,55123,C,123,VERNON,0,0,0,0,900000.00,300000.00,Heavy Rain,0,"[[43.665,-90.3263],[43.6634,-90.3104],[43.6396,-90.3279],[43.649,-90.3377]]",0,1,county_code_unverified|timezone_not_normalized_to_utc
117743,19840,2008,2008-06-09T05:45:00,2008-06-10T04:45:00,CST-6,23.0,40,40113,C,113,OSAGE,0,0,0,0,0.00,0.00,Heavy Rain,0,"[[36.48,-96.07],[36.4655,-96.07],[36.4698,-96.0827],[36.48,-96.088]]",0,1,county_code_unverified|timezone_not_normalized_to_utc
117748,19841,2008,2008-06-09T11:00:00,2008-06-11T14:15:00,CST-6,51.25,40,40143,C,143,TULSA,0,0,0,0,0.00,0.00,Heavy Rain,0,"[[36.2795,-95.9746],[36.2779,-95.9336],[36.2488,-95.9365],[36.2711,-96.0]]",0,1,county_code_unverified|timezone_not_normalized_to_utc
117750,19842,2008,2008-06-09T10:15:00,2008-06-11T23:30:00,CST-6,61.25,40,40143,C,143,TULSA,0,0,0,0,0.00,0.00,Heavy Rain,0,"[[36.2555,-95.85],[36.2534,-95.8998],[36.2393,-95.8881],[36.2266,-95.85]]",0,1,county_code_unverified|timezone_not_normalized_to_utc
117752,19843,2008,2008-06-09T08:15:00,2008-06-10T10:00:00,CST-6,25.75,40,40147,C,147,WASHINGTON,0,0,0,0,0.00,0.00,Heavy Rain,0,"[[36.75,-96.0],[36.779,-96.0],[36.7705,-95.9745],[36.7666,-95.9499]]",0,1,county_code_unverified|timezone_not_normalized_to_utc
117754,19844,2008,2008-06-09T12:15:00,2008-06-12T10:45:00,CST-6,70.5,40,40147,C,147,WASHINGTON,0,0,0,0,0.00,0.00,Heavy Rain,0,"[[36.5134,-95.8701],[36.5023,-95.8368],[36.4584,-95.8309],[36.4891,-95.8691]]",0,1,county_code_unverified|timezone_not_normalized_to_utc
117758,19845,2008,2008-06-09T11:00:00,2008-06-14T02:00:00,CST-6,111.0,40,40143,C,143,TULSA,0,0,0,0,0.00,0.00,Heavy Rain,0,"[[36.4134,-95.83],[36.4109,-95.7792],[36.3922,-95.7636],[36.3967,-95.8162]]",0,1,county_code_unverified|timezone_not_normalized_to_utc
117760,19846,2008,2008-06-09T13:30:00,2008-06-11T06:15:00,CST-6,40.75,40,40105,C,105,NOWATA,0,0,0,0,0.00,0.00,Heavy Rain,0,"[[36.8611,-95.5966],[36.8722,-95.5632],[36.8279,-95.5632],[36.8389,-95.5966]]",0,1,county_code_unverified|timezone_not_normalized_to_utc
117763,19847,2008,2008-06-16T09:00:00,2008-06-17T20:45:00,CST-6,35.75,40,40037,C,037,CREEK,0,0,0,0,0.00,0.00,Heavy Rain,0,"[[36.0,-96.0642],[35.9693,-96.0621],[35.9898,-96.0874],[36.0,-96.0821]]",0,1,county_code_unverified|timezone_not_normalized_to_utc
117766,19848,2008,2008-06-09T12:45:00,2008-06-17T06:30:00,CST-6,185.75,40,40115,C,115,OTTAWA,0,0,0,0,0.00,0.00,Heavy Rain,0,"[[36.9688,-94.9871],[36.93,-94.9967],[36.8912,-94.9871],[36.93,-94.9605]]",0,1,county_code_unverified|timezone_not_normalized_to_utc
117773,19032,2008,2008-06-08T00:00:00,2008-06-11T00:00:00,CST-6,72.0,19,19065,C,065,FAYETTE,0,0,0,0,3600000.00,1200000.00,Heavy Rain,0,"[[42.9986,-91.6335],[42.9599,-91.628],[43.0619,-91.9501],[43.099,-91.8993]]",0,1,county_code_unverified|timezone_not_normalized_to_utc
117952,18391,2008,2008-06-10T06:30:00,2008-06-10T10:03:00,CST-6,3.55,20,20125,C,125,MONTGOMERY,0,0,0,0,0.00,0.00,Heavy Rain,0,"[[37.3229,-95.9659],[37.3266,-95.9647],[37.3317,-95.9807],[37.3273,-95.9805]]",0,1,county_code_unverified|timezone_not_normalized_to_utc
117962,18391,2008,2008-06-10T06:08:00,2008-06-10T10:03:00,CST-6,3.9166666666666665,20,20099,C,099,LABETTE,0,0,0,0,0.00,0.00,Heavy Rain,0,"[[37.19,-95.29],[37.1893,-95.3682],[37.0563,-95.3751],[37.0629,-95.3421]]",0,1,county_code_unverified|timezone_not_normalized_to_utc
118102,19086,2008,2008-06-08T04:00:00,2008-06-10T10:00:00,EST-5,54.0,26,26139,C,139,OTTAWA,0,0,1,0,5000.00,5000.00,Heavy Rain,1,"[[42.97,-86.06],[42.96,-86.06],[42.96,-86.05],[42.97,-86.05]]",0,1,county_code_unverified|timezone_not_normalized_to_utc
118297,16868,2008,2008-06-06T03:15:00,2008-06-07T17:15:00,CST-6,38.0,31,31107,C,107,KNOX,0,0,0,0,0.00,0.00,Heavy Rain,0,"[[42.8173,-98.2864],[42.8362,-98.2799],[42.8191,-98.1622],[42.804,-98.1632]]",0,1,county_code_unverified|timezone_not_normalized_to_utc
118299,16324,2008,2008-06-05T00:50:00,2008-06-06T06:00:00,CST-6,29.166666666666668,31,31109,C,109,LANCASTER,0,0,0,0,0.00,0.00,Heavy Rain,0,"[[40.5399,-96.8047],[40.5389,-96.5231],[40.6963,-96.5108],[40.7327,-96.7827]]",0,1,county_code_unverified|timezone_not_normalized_to_utc
118404,19790,2008,2008-07-23T11:00:00,2008-07-23T14:00:00,EST-5,3.0,54,54003,C,003,BERKELEY,0,0,0,0,0.00,0.00,Heavy Rain,0,"[[39.45,-77.97],[39.4871,-78.0043],[39.3486,-78.0778],[39.3407,-78.029]]",0,1,county_code_unverified|timezone_not_normalized_to_utc
118650,19648,2008,2008-06-13T11:00:00,2008-06-17T09:00:00,EST-5,94.0,26,26165,C,165,WEXFORD,0,0,0,0,40000.00,0.00,Heavy Rain,0,"[[44.3052,-85.817],[44.471,-85.8183],[44.5034,-85.5629],[44.368,-85.5684]]",0,1,county_code_unverified|timezone_not_normalized_to_utc
119633,20067,2008,2008-06-17T01:00:00,2008-06-17T05:00:00,CST-6,4.0,20,20007,C,007,BARBER,0,0,0,0,0.00,100.00,Heavy Rain,0,"[[37.07,-98.55],[37.0563,-98.5693],[37.0333,-98.5618],[37.036,-98.5336],[37.0675,-98.5247]]",0,1,county_code_unverified|timezone_not_normalized_to_utc
119738,20084,2008,2008-06-01T00:01:00,2008-06-07T14:00:00,MST-7,157.98333333333332,16,16065,C,065,MADISON,0,0,0,0,0.00,0.00,Heavy Rain / Snow Melt,0,"[[43.8507,-111.8226],[43.82,-111.9204],[43.82,-111.9605],[43.8916,-111.8794]]",0,1,county_code_unverified|timezone_not_normalized_to_utc
119785,20063,2008,2008-06-29T16:30:00,2008-06-29T17:00:00,EST-5,0.5,25,25017,C,017,MIDDLESEX,0,0,0,0,5000.00,0.00,Heavy Rain,0,"[[42.6196,-71.3459],[42.6211,-71.3026],[42.5999,-71.2934],[42.6006,-71.3347]]",0,1,county_code_unverified|timezone_not_normalized_to_utc
119798,19765,2008,2008-06-24T12:30:00,2008-06-24T13:00:00,EST-5,0.5,25,25005,C,005,BRISTOL,0,0,0,0,0.00,0.00,Heavy Rain,0,"[[41.8345,-71.33],[41.82,-71.3106],[41.8055,-71.33],[41.82,-71.3494]]",0,1,county_code_unverified|timezone_not_normalized_to_utc
119895,19671,2008,2008-06-04T03:30:00,2008-06-30T23:59:00,CST-6,644.4833333333333,17,17001,C,001,ADAMS,0,0,0,0,100000.00,23800.00,Heavy Rain,0,"[[40.1863,-91.4948],[39.9398,-91.396],[39.7732,-91.3184],[39.7732,-91.3602],[40.0229,-91.4838],[40.1889,-91.513]]",0,1,county_code_unverified|timezone_not_normalized_to_utc
120018,19578,2008,2008-06-05T18:43:00,2008-06-07T21:50:00,CST-6,51.11666666666667,29,29147,C,147,NODAWAY,0,0,0,0,250000.00,10000.00,Heavy Rain,0,"[[40.51,-95.03],[40.1306,-94.9878],[40.1453,-95.0702],[40.5159,-95.0812]]",0,1,county_code_unverified|timezone_not_normalized_to_utc
120019,20120,2008,2008-06-25T03:40:00,2008-06-27T22:13:00,CST-6,66.55,29,29001,C,001,ADAIR,0,0,0,0,0.00,10000.00,Heavy Rain,0,"[[40.28,-92.7],[40.2764,-92.6669],[40.2261,-92.6642],[40.2308,-92.6958]]",0,1,county_code_unverified|timezone_not_normalized_to_utc
120035,20120,2008,2008-06-25T03:42:00,2008-06-25T09:42:00,CST-6,6.0,29,29061,C,061,DAVIESS,0,0,0,0,0.00,0.00,Heavy Rain,0,"[[40.02,-93.97],[40.0253,-93.9348],[40.0191,-93.9388],[40.0175,-93.9668]]",0,1,county_code_unverified|timezone_not_normalized_to_utc
120036,20120,2008,2008-06-25T03:50:00,2008-06-25T09:50:00,CST-6,6.0,29,29061,C,061,DAVIESS,0,0,0,0,0.00,0.00,Heavy Rain,0,"[[39.94,-93.92],[39.9346,-93.8866],[39.9322,-93.8917],[39.9349,-93.9188]]",0,1,county_code_unverified|timezone_not_normalized_to_utc
120066,20120,2008,2008-06-25T05:00:00,2008-06-25T11:00:00,CST-6,6.0,29,29115,C,115,LINN,0,0,0,0,0.00,0.00,Heavy Rain,0,"[[39.72,-92.95],[39.7178,-92.9287],[39.7144,-92.9253],[39.7178,-92.9503]]",0,1,county_code_unverified|timezone_not_normalized_to_utc
120072,20120,2008,2008-06-25T05:00:00,2008-06-25T11:00:00,CST-6,6.0,29,29121,C,121,MACON,0,0,0,0,0.00,0.00,Heavy Rain,0,"[[39.93,-92.52],[39.9118,-92.4884],[39.9121,-92.5191],[39.9249,-92.532]]",0,1,county_code_unverified|timezone_not_normalized_to_utc
120074,20120,2008,2008-06-25T05:00:00,2008-06-25T11:00:00,CST-6,6.0,29,29121,C,121,MACON,0,0,0,0,0.00,0.00,Heavy Rain,0,"[[39.79,-92.46],[39.7898,-92.4311],[39.783,-92.4307],[39.7829,-92.457]]",0,1,county_code_unverified|timezone_not_normalized_to_utc
120113,19600,2008,2008-06-08T18:14:00,2008-06-09T00:14:00,CST-6,6.0,29,29047,C,047,CLAY,0,0,0,0,0.00,0.00,Heavy Rain,0,"[[39.24,-94.24],[39.2392,-94.2345],[39.2385,-94.235],[39.2392,-94.2403]]",0,1,county_code_unverified|timezone_not_normalized_to_utc
120122,19578,2008,2008-06-06T16:27:00,2008-06-08T08:41:00,CST-6,40.233333333333334,29,29005,C,005,ATCHISON,0,0,0,0,2000.00,10000.00,Dam / Levee Break,0,"[[40.3477,-95.4029],[40.3377,-95.4001],[40.3403,-95.4092],[40.3495,-95.4116]]",0,1,county_code_unverified|timezone_not_normalized_to_utc
120127,19578,2008,2008-06-06T10:03:00,2008-06-06T10:03:00,CST-6,0.0,29,29147,C,147,NODAWAY,0,0,0,0,0.00,5000.00,Dam / Levee Break,0,"[[40.27,-95.08],[40.2772,-95.0911],[40.2549,-95.0925],[40.255,-95.0628]]",0,1,county_code_unverified|timezone_not_normalized_to_utc
120132,19578,2008,2008-06-06T14:15:00,2008-06-08T14:15:00,CST-6,48.0,29,29087,C,087,HOLT,0,0,0,0,0.00,0.00,Dam / Levee Break,0,"[[40.19,-95.41],[40.1705,-95.3737],[40.1681,-95.3952],[40.1818,-95.4123]]",0,1,county_code_unverified|timezone_not_normalized_to_utc
120152,20140,2008,2008-06-06T06:00:00,2008-06-10T06:00:00,CST-6,96.0,46,46035,C,035,DAVISON,0,0,0,0,0.00,0.00,Heavy Rain,0,"[[43.749,-98.25],[43.749,-98.02],[43.72,-97.98],[43.6893,-97.9775],[43.6911,-98.02],[43.6911,-98.25]]",0,1,county_code_unverified|timezone_not_normalized_to_utc
120160,19577,2008,2008-06-02T13:22:00,2008-06-02T19:22:00,CST-6,6.0,29,29013,C,013,BATES,0,0,0,0,0.00,0.00,Heavy Rain,0,"[[38.0847,-94.0783],[38.0838,-94.0588],[38.0767,-94.0608],[38.0812,-94.0797]]",0,1,county_code_unverified|timezone_not_normalized_to_utc
120164,20140,2008,2008-06-06T06:00:00,2008-06-06T06:00:00,CST-6,0.0,46,46061,C,061,HANSON,0,0,0,0,0.00,0.00,Heavy Rain,0,"[[43.7345,-97.95],[43.5197,-97.78],[43.5163,-97.8565],[43.6621,-97.95]]",0,1,county_code_unverified|timezone_not_normalized_to_utc
120170,19076,2008,2008-06-02T13:49:00,2008-06-02T19:49:00,CST-6,6.0,20,20107,C,107,LINN,0,0,0,0,0.00,0.00,Heavy Rain,0,"[[38.35,-94.74],[38.3481,-94.7214],[38.3374,-94.7224],[38.3402,-94.7361]]",0,1,county_code_unverified|timezone_not_normalized_to_utc
120173,20140,2008,2008-06-06T06:00:00,2008-06-15T06:00:00,CST-6,216.0,46,46067,C,067,HUTCHINSON,0,0,0,0,0.00,0.00,Heavy Rain,0,"[[43.4814,-97.8846],[43.18,-97.7905],[43.1686,-97.4958],[43.4734,-97.67]]",0,1,county_code_unverified|timezone_not_normalized_to_utc
120181,20140,2008,2008-06-06T06:00:00,2008-06-15T06:00:00,CST-6,216.0,46,46135,C,135,YANKTON,0,0,0,0,0.00,0.00,Heavy Rain,0,"[[43.1503,-97.6683],[42.87,-97.3208],[42.87,-97.222],[43.1405,-97.4281]]",0,1,county_code_unverified|timezone_not_normalized_to_utc
120190,19077,2008,2008-06-03T17:30:00,2008-06-03T23:30:00,CST-6,6.0,20,20091,C,091,JOHNSON,0,0,0,0,0.00,0.00,Heavy Rain,0,"[[39.02,-94.7],[39.0201,-94.6955],[39.0189,-94.695],[39.0189,-94.6992]]",0,1,county_code_unverified|timezone_not_normalized_to_utc
120191,19077,2008,2008-06-03T18:00:00,2008-06-04T00:00:00,CST-6,6.0,20,20091,C,091,JOHNSON,0,0,0,0,0.00,0.00,Heavy Rain,0,"[[39.03,-94.71],[39.0297,-94.6965],[39.0269,-94.6975],[39.0283,-94.7103]]",0,1,county_code_unverified|timezone_not_normalized_to_utc
120194,19077,2008,2008-06-03T18:29:00,2008-06-04T00:29:00,CST-6,6.0,20,20091,C,091,JOHNSON,0,0,0,0,0.00,0.00,Heavy Rain,0,"[[39.04,-94.72],[39.0393,-94.7046],[39.0349,-94.7059],[39.0357,-94.7179]]",0,1,county_code_unverified|timezone_not_normalized_to_utc
120198,19602,2008,2008-06-04T11:20:00,2008-06-04T17:20:00,CST-6,6.0,29,29037,C,037,CASS,0,0,0,0,0.00,0.00,Heavy Rain,0,"[[38.8,-94.3],[38.7787,-94.2826],[38.7818,-94.3173],[38.8019,-94.3151]]",0,1,county_code_unverified|timezone_not_normalized_to_utc
120207,20144,2008,2008-06-13T07:00:00,2008-06-25T12:00:00,CST-6,293.0,17,17097,C,097,LAKE,0,0,0,0,500000.00,0.00,Heavy Rain,0,"[[42.4967,-88.1821],[42.426,-88.1392],[42.32,-88.2429],[42.3225,-88.2642],[42.3829,-88.2669]]",0,1,county_code_unverified|timezone_not_normalized_to_utc
120214,20144,2008,2008-06-13T07:00:00,2008-06-25T12:00:00,CST-6,293.0,17,17111,C,111,MCHENRY,0,0,0,0,250000.00,0.00,Heavy Rain,0,"[[42.4949,-88.1811],[42.427,-88.1378],[42.356,-88.2024],[42.3164,-88.2449],[42.3159,-88.2655],[42.3793,-88.2607]]",0,1,county_code_unverified|timezone_not_normalized_to_utc
120222,20148,2008,2008-06-05T18:45:00,2008-06-07T18:00:00,CST-6,47.25,46,46067,C,067,HUTCHINSON,0,0,0,0,0.00,0.00,Heavy Rain,0,"[[43.47,-98.0797],[43.1923,-98.0617],[43.1979,-97.8966],[43.47,-97.8803]]",0,1,county_code_unverified|timezone_not_normalized_to_utc
120241,20150,2008,2008-06-04T06:00:00,2008-06-11T06:00:00,CST-6,168.0,46,46087,C,087,MCCOOK,0,0,0,0,0.00,0.00,Heavy Rain,0,"[[43.7812,-97.4508],[43.7812,-97.3092],[43.5276,-97.3],[43.5295,-97.4718]]",0,1,county_code_unverified|timezone_not_normalized_to_utc
120258,20150,2008,2008-06-04T06:00:00,2008-06-11T06:00:00,CST-6,168.0,46,46125,C,125,TURNER,0,0,0,0,0.00,0.00,Heavy Rain,0,"[[43.5,-97.4],[43.5,-97.2403],[43.4409,-97.0736],[43.0799,-96.9472],[43.0791,-97.0261]]",0,1,county_code_unverified|timezone_not_normalized_to_utc
120270,20150,2008,2008-06-04T06:00:00,2008-06-13T06:00:00,CST-6,216.0,46,46027,C,027,CLAY,0,0,0,0,0.00,0.00,Heavy Rain,0,"[[43.0779,-97.1],[43.0703,-96.8118],[42.9099,-96.8573],[42.9091,-96.9359]]",0,1,county_code_unverified|timezone_not_normalized_to_utc
120277,20154,2008,2008-06-08T06:00:00,2008-06-11T06:00:00,CST-6,72.0,46,46011,C,011,BROOKINGS,0,0,0,0,0.00,0.00,Heavy Rain,0,"[[44.3869,-96.8187],[44.3916,-96.6798],[44.2076,-96.68],[44.2187,-96.78]]",0,1,county_code_unverified|timezone_not_normalized_to_utc
120293,20155,2008,2008-06-05T18:00:00,2008-06-16T06:00:00,CST-6,252.0,46,46127,C,127,UNION,0,0,0,0,0.00,0.00,Heavy Rain,0,"[[43.0588,-96.5219],[43.0754,-96.467],[42.68,-96.6306],[42.709,-96.67]]",0,1,county_code_unverified|timezone_not_normalized_to_utc
120305,20156,2008,2008-06-05T18:00:00,2008-06-06T06:00:00,CST-6,12.0,19,19167,C,167,SIOUX,0,0,0,0,0.00,0.00,Heavy Rain,0,"[[43.1447,-96.47],[43.1471,-96.3866],[42.9055,-96.5],[42.9089,-96.5365]]",0,1,county_code_unverified|timezone_not_normalized_to_utc
120312,20156,2008,2008-06-06T06:00:00,2008-06-16T06:00:00,CST-6,240.0,19,19149,C,149,PLYMOUTH,0,0,0,0,0.00,0.00,Heavy Rain,0,"[[42.9313,-96.55],[42.937,-96.4895],[42.7066,-96.6],[42.7091,-96.6557]]",0,1,county_code_unverified|timezone_not_normalized_to_utc
120337,20160,2008,2008-06-05T06:00:00,2008-06-08T06:00:00,CST-6,72.0,19,19119,C,119,LYON,0,0,0,0,0.00,0.00,Heavy Rain,0,"[[43.4969,-96.2182],[43.4969,-96.1419],[43.2511,-96.23],[43.2399,-96.2528]]",0,1,county_code_unverified|timezone_not_normalized_to_utc
120345,20161,2008,2008-06-13T06:00:00,2008-06-14T06:00:00,CST-6,24.0,19,19167,C,167,SIOUX,0,0,0,0,0.00,0.00,Heavy Rain,0,"[[43.0469,-95.9621],[43.0414,-95.916],[42.9155,-96.05],[42.9095,-96.078]]",0,1,county_code_unverified|timezone_not_normalized_to_utc
120348,20162,2008,2008-06-01T00:00:00,2008-06-14T06:00:00,CST-6,318.0,19,19059,C,059,DICKINSON,0,0,0,0,0.00,0.00,Heavy Rain,0,"[[43.3522,-95.2235],[43.3445,-95.15],[43.2364,-95.2033],[43.2379,-95.2765]]",0,1,county_code_unverified|timezone_not_normalized_to_utc
120352,20162,2008,2008-06-01T00:00:00,2008-06-19T06:00:00,CST-6,438.0,19,19041,C,041,CLAY,0,0,0,0,0.00,0.00,Heavy Rain,0,"[[43.25,-95.2892],[43.25,-95.2495],[42.9168,-95.0404],[42.9099,-95.1727]]",0,1,county_code_unverified|timezone_not_normalized_to_utc
120360,20162,2008,2008-06-01T00:00:00,2008-06-21T06:00:00,CST-6,486.0,19,19021,C,021,BUENA VISTA,0,0,0,0,0.00,0.00,Heavy Rain,0,"[[42.8966,-95.0953],[42.8634,-95.0953],[42.88,-95.3488],[42.9022,-95.323]]",0,1,county_code_unverified|timezone_not_normalized_to_utc
120362,20162,2008,2008-06-01T00:00:00,2008-06-15T06:00:00,CST-6,342.0,19,19035,C,035,CHEROKEE,0,0,0,0,0.00,0.00,Heavy Rain,0,"[[42.9254,-95.3475],[42.63,-95.6103],[42.63,-95.6497],[42.9109,-95.4741]]",0,1,county_code_unverified|timezone_not_normalized_to_utc
120364,20167,2008,2008-06-26T00:00:00,2008-06-26T18:00:00,CST-6,18.0,19,19149,C,149,PLYMOUTH,0,0,0,0,0.00,0.00,Heavy Rain,0,"[[42.7924,-96.25],[42.8002,-96.2047],[42.7098,-96.2361],[42.7098,-96.2639]]",0,1,county_code_unverified|timezone_not_normalized_to_utc
120390,19765,2008,2008-06-24T16:10:00,2008-06-24T17:00:00,EST-5,0.8333333333333334,25,25017,C,017,MIDDLESEX,0,0,0,0,10000.00,0.00,Heavy Rain,0,"[[42.48,-71.07],[42.4787,-71.1052],[42.486,-71.1567],[42.5096,-71.1609]]",0,1,county_code_unverified|timezone_not_normalized_to_utc
120408,19671,2008,2008-06-03T09:00:00,2008-06-30T23:59:00,CST-6,662.9833333333333,17,17149,C,149,PIKE,0,0,0,0,0.00,18000000.00,Heavy Rain,0,"[[39.7307,-91.3664],[39.6364,-91.2394],[39.5014,-91.0849],[39.4087,-90.9709],[39.4203,-90.9517],[39.5465,-91.0993],[39.6618,-91.2511],[39.7337,-91.3506]]",0,1,county_code_unverified|timezone_not_normalized_to_utc
120422,19671,2008,2008-06-03T14:00:00,2008-06-30T23:59:00,CST-6,657.9833333333333,17,17013,C,013,CALHOUN,0,0,0,0,0.00,0.00,Heavy Rain,0,"[[39.3949,-90.927],[39.2313,-90.7375],[38.936,-90.677],[38.8784,-90.5823],[38.9425,-90.4999],[39.1621,-90.6235],[39.3324,-90.6317]]",0,1,county_code_unverified|timezone_not_normalized_to_utc
120430,19671,2008,2008-06-04T02:00:00,2008-06-30T23:59:00,CST-6,645.9833333333333,17,17083,C,083,JERSEY,0,0,0,0,0.00,0.00,Heavy Rain,0,"[[39.1216,-90.5988],[38.9777,-90.5644],[38.9595,-90.5205],[38.9413,-90.3234]]",0,1,county_code_unverified|timezone_not_normalized_to_utc
120451,19671,2008,2008-06-04T07:00:00,2008-06-30T23:59:00,CST-6,640.9833333333333,17,17163,C,163,ST. CLAIR,0,0,0,0,0.00,0.00,Heavy Rain,0,"[[38.6748,-90.1816],[38.6213,-90.1802],[38.5608,-90.2314],[38.5264,-90.2599],[38.6212,-90.1621]]",0,1,county_code_unverified|timezone_not_normalized_to_utc
120457,19671,2008,2008-06-04T07:00:00,2008-06-30T23:59:00,CST-6,640.9833333333333,17,17133,C,133,MONROE,0,0,0,0,0.00,0.00,Heavy Rain,0,"[[38.5337,-90.2565],[38.3703,-90.3557],[38.2664,-90.3708],[38.1024,-90.2335]]",0,1,county_code_unverified|timezone_not_normalized_to_utc
120463,19671,2008,2008-06-04T08:00:00,2008-06-30T23:59:00,CST-6,639.9833333333333,17,17157,C,157,RANDOLPH,0,0,0,0,10000.00,6300.00,Heavy Rain,0,"[[38.0882,-90.2046],[37.9708,-90.0131],[37.8971,-89.8407],[37.7995,-89.6749],[37.8755,-89.7446],[37.9805,-89.919]]",0,1,county_code_unverified|timezone_not_normalized_to_utc
120626,20221,2008,2008-06-29T16:00:00,2008-06-29T17:30:00,CST-6,1.5,22,22071,C,071,ORLEANS,0,0,0,0,0.00,0.00,Heavy Rain,0,"[[29.9993,-90.1097],[29.9907,-90.1112],[29.9914,-90.1204],[29.9975,-90.1175]]",0,1,county_code_unverified|timezone_not_normalized_to_utc
120664,20162,2008,2008-06-01T00:00:00,2008-06-15T06:00:00,CST-6,342.0,19,19141,C,141,O'BRIEN,0,0,0,0,0.00,0.00,Heavy Rain,0,"[[42.97,-95.3813],[42.9312,-95.3721],[42.9031,-95.4622],[42.9121,-95.5]]",0,1,county_code_unverified|timezone_not_normalized_to_utc
120708,20244,2008,2008-06-19T13:30:00,2008-06-21T00:30:00,EST-5,35.0,23,23025,C,025,SOMERSET,0,0,0,0,0.00,0.00,Heavy Rain,0,"[[44.7647,-69.7277],[44.7551,-69.7421],[44.7534,-69.7361],[44.7611,-69.7265]]",0,1,county_code_unverified|timezone_not_normalized_to_utc
120951,17188,2008,2008-06-17T07:15:00,2008-06-17T09:15:00,CST-6,2.0,40,40109,C,109,OKLAHOMA,0,0,0,0,0.00,0.00,Heavy Rain,0,"[[35.65,-97.48],[35.6572,-97.48],[35.6551,-97.4737],[35.6449,-97.4737]]",0,1,county_code_unverified|timezone_not_normalized_to_utc
120994,20172,2008,2008-06-08T12:00:00,2008-06-20T12:00:00,CST-6,288.0,17,17101,C,101,LAWRENCE,0,0,0,0,1500000.00,0.00,Heavy Rain,0,"[[38.8397,-87.778],[38.6319,-87.627],[38.7112,-87.5185],[38.8044,-87.5775]]",0,1,county_code_unverified|timezone_not_normalized_to_utc
121003,20169,2008,2008-06-06T23:00:00,2008-06-15T19:00:00,CST-6,212.0,17,17079,C,079,JASPER,0,0,0,0,60000.00,280000.00,Heavy Rain,0,"[[38.9252,-88.0458],[38.9423,-87.9607],[38.8681,-87.9614],[38.8627,-88.0252]]",0,1,county_code_unverified|timezone_not_normalized_to_utc
121024,20302,2008,2008-06-05T14:00:00,2008-06-06T12:00:00,MST-7,22.0,46,46041,C,041,DEWEY,0,0,0,0,500000.00,100000.00,Heavy Rain,0,"[[45.46,-100.37],[45.07,-100.38],[44.88,-100.49],[44.78,-101.11],[45.0,-101.12],[45.01,-101.48],[45.46,-101.46]]",0,1,county_code_unverified|timezone_not_normalized_to_utc
121039,20307,2008,2008-06-05T06:00:00,2008-06-10T06:00:00,MST-7,120.0,46,46041,C,041,DEWEY,0,0,0,0,75000.00,0.00,Heavy Rain,0,"[[45.33,-100.62],[45.22,-100.93],[45.17,-101.21],[45.18,-101.49],[45.22,-101.49],[45.2,-101.21],[45.25,-100.94],[45.36,-100.63]]",0,1,county_code_unverified|timezone_not_normalized_to_utc
121041,20308,2008,2008-06-04T23:00:00,2008-06-18T10:00:00,CST-6,323.0,17,17029,C,029,COLES,0,0,1,0,250000.00,0.00,Heavy Rain,1,"[[39.6406,-88.4235],[39.6575,-88.0321],[39.4277,-88.1021],[39.4118,-88.4413]]",0,1,county_code_unverified|timezone_not_normalized_to_utc
121043,20308,2008,2008-06-04T23:00:00,2008-06-18T10:00:00,CST-6,323.0,17,17045,C,045,EDGAR,0,0,0,0,700000.00,0.00,Heavy Rain,0,"[[39.8718,-87.9346],[39.8676,-87.5363],[39.4913,-87.5322],[39.4871,-87.9565]]",0,1,county_code_unverified|timezone_not_normalized_to_utc
121047,20308,2008,2008-06-04T23:00:00,2008-06-18T10:00:00,CST-6,323.0,17,17041,C,041,DOUGLAS,0,0,0,0,510000.00,0.00,Heavy Rain,0,"[[39.8697,-88.4262],[39.8686,-87.9456],[39.6924,-87.9552],[39.6554,-88.4399]]",0,1,county_code_unverified|timezone_not_normalized_to_utc
121053,20308,2008,2008-06-06T22:45:00,2008-06-18T10:00:00,CST-6,275.25,17,17023,C,023,CLARK,0,0,0,0,500000.00,0.00,Heavy Rain,0,"[[39.4659,-88.017],[39.4563,-87.5349],[39.1897,-87.627],[39.1812,-88.017]]",0,1,county_code_unverified|timezone_not_normalized_to_utc
121060,20308,2008,2008-06-06T23:45:00,2008-06-18T10:00:00,CST-6,274.25,17,17035,C,035,CUMBERLAND,0,0,0,0,100000.00,0.00,Heavy Rain,0,"[[39.3693,-88.4235],[39.3725,-88.0238],[39.1908,-88.0142],[39.2046,-88.2285]]",0,1,county_code_unverified|timezone_not_normalized_to_utc
121068,20308,2008,2008-06-06T22:45:00,2008-06-18T10:00:00,CST-6,275.25,17,17033,C,033,CRAWFORD,0,0,0,0,300000.00,0.00,Heavy Rain,0,"[[39.1652,-87.9483],[39.1791,-87.6297],[38.9509,-87.5748],[38.9637,-87.9236]]",0,1,county_code_unverified|timezone_not_normalized_to_utc
121244,20360,2008,2008-06-11T14:30:00,2008-06-13T18:00:00,CST-6,51.5,46,46051,C,051,GRANT,0,0,0,1,0.00,0.00,Heavy Rain,1,"[[45.29,-97.21],[45.32,-96.5],[44.99,-96.47],[44.99,-96.87],[45.16,-96.88],[45.17,-97.22]]",0,1,county_code_unverified|timezone_not_normalized_to_utc
121250,20360,2008,2008-06-11T14:30:00,2008-06-13T18:00:00,CST-6,51.5,46,46109,C,109,ROBERTS,0,0,0,0,0.00,0.00,Heavy Rain,0,"[[45.61,-97.21],[45.59,-96.87],[45.42,-96.73],[45.35,-96.53],[45.31,-97.2]]",0,1,county_code_unverified|timezone_not_normalized_to_utc
121275,20362,2008,2008-06-11T16:00:00,2008-06-13T18:00:00,CST-6,50.0,27,27011,C,011,BIG STONE,0,0,0,0,0.00,0.00,Heavy Rain,0,"[[45.58,-96.8],[45.57,-96.27],[45.41,-96.26],[45.4,-96.14],[45.21,-96.13],[45.3,-96.46],[45.36,-96.49]]",0,1,county_code_unverified|timezone_not_normalized_to_utc
121448,20379,2008,2008-07-11T01:00:00,2008-07-11T07:00:00,CST-6,6.0,55,55081,C,081,MONROE,0,0,0,0,4000.00,0.00,Heavy Rain,0,"[[44.0178,-90.5376],[44.0204,-90.5081],[44.0126,-90.4949],[44.0093,-90.5344]]",0,1,county_code_unverified|timezone_not_normalized_to_utc
121631,16324,2008,2008-06-05T08:45:00,2008-06-06T14:45:00,CST-6,30.0,31,31153,C,153,SARPY,0,0,0,0,0.00,0.00,Heavy Rain,0,"[[41.12,-95.9],[41.0625,-95.8897],[41.1094,-95.8701],[41.1487,-95.8866]]",0,1,county_code_unverified|timezone_not_normalized_to_utc
121730,19671,2008,2008-06-04T02:00:00,2008-06-30T23:59:00,CST-6,645.9833333333333,17,17119,C,119,MADISON,0,0,0,0,50000.00,0.00,Heavy Rain,0,"[[38.9301,-90.3474],[38.8301,-90.1435],[38.6603,-90.1957],[38.6695,-90.1312],[38.8783,-90.0673],[38.952,-90.2609]]",0,1,county_code_unverified|timezone_not_normalized_to_utc
122213,20504,2008,2008-07-16T16:00:00,2008-07-16T20:00:00,CST-6,4.0,55,55123,C,123,VERNON,0,0,0,0,5000.00,0.00,Heavy Rain,0,"[[43.568,-90.3885],[43.5898,-90.8604],[43.7029,-90.774],[43.6341,-90.4024]]",0,1,county_code_unverified|timezone_not_normalized_to_utc
122282,20522,2008,2008-06-04T19:30:00,2008-06-07T13:30:00,MST-7,66.0,46,46103,C,103,PENNINGTON,0,0,0,0,0.00,0.00,Heavy Rain,0,"[[44.12,-103.26],[44.12,-102.51],[44.0,-102.54],[44.1,-103.07],[44.11,-103.27]]",0,1,county_code_unverified|timezone_not_normalized_to_utc
122308,20522,2008,2008-06-04T19:30:00,2008-06-07T13:30:00,MST-7,66.0,46,46093,C,093,MEADE,0,0,0,0,500000.00,1000000.00,Heavy Rain,0,"[[44.52,-102.0],[44.42,-102.16],[44.46,-102.29],[44.42,-102.32],[44.33,-102.35],[44.12,-102.42],[44.12,-103.27],[44.61,-103.43]]",0,1,county_code_unverified|timezone_not_normalized_to_utc
122311,20522,2008,2008-06-04T23:57:00,2008-06-07T15:30:00,MST-7,63.55,46,46103,C,103,PENNINGTON,0,0,0,0,100000.00,500000.00,Heavy Rain,0,"[[43.79,-102.02],[43.98,-102.45],[44.37,-102.32],[44.38,-102.3],[44.4,-102.31],[44.42,-102.3],[44.45,-102.0]]",0,1,county_code_unverified|timezone_not_normalized_to_utc
122359,20534,2008,2008-06-05T18:30:00,2008-06-08T18:30:00,MST-7,72.0,46,46019,C,019,BUTTE,0,0,0,0,2000000.00,1000.00,Heavy Rain,0,"[[45.21,-104.05],[44.98,-103.68],[44.81,-102.97],[44.61,-102.97],[44.61,-103.83],[44.57,-104.06]]",0,1,county_code_unverified|timezone_not_normalized_to_utc
122361,20534,2008,2008-06-05T06:00:00,2008-06-08T06:00:00,MST-7,72.0,46,46019,C,019,BUTTE,0,0,0,0,0.00,0.00,Heavy Rain,0,"[[44.98,-103.71],[45.21,-104.05],[45.21,-102.96],[44.81,-102.97]]",0,1,county_code_unverified|timezone_not_normalized_to_utc
122363,20534,2008,2008-06-04T14:30:00,2008-06-07T13:30:00,MST-7,71.0,46,46081,C,081,LAWRENCE,0,0,0,0,1000000.00,0.00,Heavy Rain,0,"[[44.34,-103.57],[44.36,-104.06],[44.56,-104.06],[44.6,-103.86],[44.59,-103.85],[44.5,-103.83]]",0,1,county_code_unverified|timezone_not_normalized_to_utc
122368,20537,2008,2008-06-05T03:00:00,2008-06-08T14:30:00,MST-7,83.5,46,46105,C,105,PERKINS,0,0,0,0,500000.00,500000.00,Heavy Rain,0,"[[45.63,-102.96],[45.62,-102.0],[45.04,-102.0],[45.04,-102.97]]",0,1,county_code_unverified|timezone_not_normalized_to_utc
122370,20537,2008,2008-06-05T03:00:00,2008-06-08T11:00:00,MST-7,80.0,46,46137,C,137,ZIEBACH,0,0,0,0,200000.00,500000.00,Heavy Rain,0,"[[45.4,-101.48],[45.0,-101.5],[45.0,-101.14],[44.75,-101.14],[44.59,-101.49],[44.53,-102.0],[45.47,-102.0]]",0,1,county_code_unverified|timezone_not_normalized_to_utc
122371,20537,2008,2008-06-05T07:00:00,2008-06-07T13:30:00,MST-7,54.5,46,46137,C,137,ZIEBACH,0,0,0,0,0.00,0.00,Heavy Rain,0,"[[45.04,-101.48],[45.0,-101.5],[44.99,-101.14],[44.75,-101.14],[44.59,-101.49],[44.53,-102.0],[45.47,-102.01]]",0,1,county_code_unverified|timezone_not_normalized_to_utc
122372,20537,2008,2008-06-04T17:30:00,2008-06-12T09:00:00,MST-7,183.5,46,46063,C,063,HARDING,0,0,0,0,100000.00,0.00,Heavy Rain,0,"[[45.94,-102.95],[45.21,-102.96],[45.22,-104.04],[45.94,-104.05]]",0,1,county_code_unverified|timezone_not_normalized_to_utc
122386,20542,2008,2008-06-05T15:35:00,2008-06-07T16:30:00,MST-7,48.916666666666664,46,46071,C,071,JACKSON,0,0,0,0,500000.00,0.00,Heavy Rain,0,"[[43.8,-101.24],[43.4,-101.24],[43.4,-102.11],[43.7,-102.14]]",0,1,county_code_unverified|timezone_not_normalized_to_utc
122387,20542,2008,2008-06-05T15:35:00,2008-06-07T15:30:00,MST-7,47.916666666666664,46,46055,C,055,HAAKON,0,0,0,0,1000000.00,0.00,Heavy Rain,0,"[[44.17,-101.18],[44.17,-101.05],[44.0,-101.05],[44.0,-102.0],[44.52,-102.0],[44.57,-101.52],[44.71,-101.14]]",0,1,county_code_unverified|timezone_not_normalized_to_utc
122389,20542,2008,2008-06-05T15:30:00,2008-06-06T09:30:00,MST-7,18.0,46,46102,C,102,OGLALA LAKOTA,0,0,0,0,0.00,0.00,Heavy Rain,0,"[[43.69,-102.15],[43.05,-102.11],[43.26,-102.94],[43.68,-102.59]]",0,1,county_code_unverified|timezone_not_normalized_to_utc
122390,20542,2008,2008-06-05T15:30:00,2008-06-06T09:30:00,MST-7,18.0,46,46007,C,007,BENNETT,0,0,0,0,0.00,0.00,Heavy Rain,0,"[[43.4,-102.12],[43.39,-101.23],[43.26,-101.23],[43.14,-102.12]]",0,1,county_code_unverified|timezone_not_normalized_to_utc
122394,20543,2008,2008-06-05T15:35:00,2008-06-07T15:30:00,CST-6,47.916666666666664,46,46095,C,095,MELLETTE,0,0,0,0,100000.00,0.00,Heavy Rain,0,"[[43.4,-100.22],[43.4,-101.23],[43.79,-101.23],[43.86,-101.03],[43.72,-100.74],[43.71,-100.74]]",0,1,county_code_unverified|timezone_not_normalized_to_utc
122397,20543,2008,2008-06-05T15:30:00,2008-06-06T09:30:00,CST-6,18.0,46,46121,C,121,TODD,0,0,0,0,0.00,0.00,Heavy Rain,0,"[[43.4,-101.23],[43.4,-100.91],[43.19,-101.06],[43.23,-101.23]]",0,1,county_code_unverified|timezone_not_normalized_to_utc
122401,20543,2008,2008-06-05T15:20:00,2008-06-07T21:00:00,CST-6,53.666666666666664,46,46123,C,123,TRIPP,0,0,0,0,0.00,0.00,Heavy Rain,0,"[[43.15,-99.53],[43.27,-100.23],[43.71,-100.23],[43.68,-99.88],[43.76,-99.62],[43.5,-99.62],[43.5,-99.53]]",0,1,county_code_unverified|timezone_not_normalized_to_utc
122407,20546,2008,2008-06-05T12:00:00,2008-06-09T18:00:00,MST-7,102.0,46,46137,C,137,ZIEBACH,0,0,0,0,0.00,0.00,Heavy Rain,0,"[[44.54,-102.0],[44.57,-101.87],[44.62,-101.54],[44.7,-101.3],[44.57,-101.49],[44.46,-102.0]]",0,1,county_code_unverified|timezone_not_normalized_to_utc
122410,20546,2008,2008-06-05T12:00:00,2008-06-09T18:00:00,MST-7,102.0,46,46055,C,055,HAAKON,0,0,0,0,0.00,0.00,Heavy Rain,0,"[[44.54,-102.0],[44.57,-101.87],[44.62,-101.54],[44.7,-101.3],[44.57,-101.49],[44.46,-102.0]]",0,1,county_code_unverified|timezone_not_normalized_to_utc
122413,20546,2008,2008-06-05T12:00:00,2008-06-09T18:00:00,MST-7,102.0,46,46093,C,093,MEADE,0,0,0,0,0.00,0.00,Heavy Rain,0,"[[44.24,-102.41],[44.45,-102.32],[44.54,-102.0],[44.46,-102.0],[44.4,-102.28],[44.24,-102.35]]",0,1,county_code_unverified|timezone_not_normalized_to_utc
122414,20546,2008,2008-06-05T12:00:00,2008-06-09T18:00:00,MST-7,102.0,46,46103,C,103,PENNINGTON,0,0,0,0,0.00,0.00,Heavy Rain,0,"[[44.24,-102.41],[44.45,-102.32],[44.54,-102.0],[44.46,-102.0],[44.4,-102.28],[44.24,-102.35]]",0,1,county_code_unverified|timezone_not_normalized_to_utc
122423,20551,2008,2008-06-05T07:00:00,2008-06-07T15:00:00,MST-7,56.0,56,56011,C,011,CROOK,0,0,0,0,100000.00,0.00,Heavy Rain,0,"[[45.0,-104.38],[44.99,-104.06],[44.33,-104.06],[44.72,-104.73]]",0,1,county_code_unverified|timezone_not_normalized_to_utc
122530,18340,2008,2008-06-07T16:30:00,2008-06-08T05:30:00,CST-6,13.0,55,55063,C,063,LA CROSSE,0,0,0,0,400000.00,300000.00,Heavy Rain,0,"[[43.8,-91.25],[43.7309,-91.1975],[43.7488,-91.0087],[43.8068,-90.9448],[43.8479,-91.2476]]",0,1,county_code_unverified|timezone_not_normalized_to_utc
122548,19764,2008,2008-06-08T05:30:00,2008-06-08T07:30:00,CST-6,2.0,27,27109,C,109,OLMSTED,0,0,0,0,50000.00,15000.00,Heavy Rain,0,"[[44.0743,-92.3106],[44.0782,-92.2295],[44.0545,-92.2295],[44.0516,-92.3051]]",0,1,county_code_unverified|timezone_not_normalized_to_utc
122556,19764,2008,2008-06-09T14:30:00,2008-06-10T19:00:00,CST-6,28.5,27,27055,C,055,HOUSTON,0,0,0,0,20000.00,25000.00,Heavy Rain,0,"[[43.7463,-91.6589],[43.7612,-91.2497],[43.7835,-91.2627],[43.7964,-91.4117],[43.8038,-91.6349]]",0,1,county_code_unverified|timezone_not_normalized_to_utc
123094,20738,2008,2008-07-12T22:30:00,2008-07-13T04:00:00,EST-5,5.5,39,39037,C,037,DARKE,0,0,0,0,1000.00,0.00,Heavy Rain,0,"[[40.2753,-84.7018],[40.0791,-84.6689],[40.1001,-84.4464],[40.2701,-84.5192]]",0,1,county_code_unverified|timezone_not_normalized_to_utc
123095,20738,2008,2008-07-13T00:00:00,2008-07-13T04:00:00,EST-5,4.0,39,39109,C,109,MIAMI,0,0,0,0,1000.00,0.00,Heavy Rain,0,"[[40.1736,-84.2871],[40.0255,-84.2404],[40.0371,-84.1512],[40.1768,-84.1965]]",0,1,county_code_unverified|timezone_not_normalized_to_utc
123096,20738,2008,2008-07-13T00:30:00,2008-07-13T04:00:00,EST-5,3.5,39,39021,C,021,CHAMPAIGN,0,0,0,0,1000.00,0.00,Heavy Rain,0,"[[40.102,-83.8353],[40.097,-83.7083],[40.1484,-83.7066],[40.1532,-83.825]]",0,1,county_code_unverified|timezone_not_normalized_to_utc
123347,20772,2008,2008-07-24T20:49:00,2008-07-24T22:01:00,EST-5,1.2,33,33015,C,015,ROCKINGHAM,0,0,0,0,0.00,0.00,Heavy Rain,0,"[[42.94,-70.84],[42.9602,-70.8392],[42.9588,-70.8685],[42.951,-70.8783]]",0,1,county_code_unverified|timezone_not_normalized_to_utc
123438,20792,2008,2008-07-01T00:00:00,2008-07-06T17:00:00,CST-6,137.0,17,17201,C,201,WINNEBAGO,0,0,0,0,0.00,0.00,Heavy Rain,0,"[[42.3999,-89.0088],[42.2933,-89.065],[42.2995,-89.0777],[42.3405,-89.0777],[42.4295,-89.0423],[42.4272,-89.02]]",0,1,county_code_unverified|timezone_not_normalized_to_utc
123442,20791,2008,2008-09-03T16:45:00,2008-09-04T08:00:00,CST-6,15.25,29,29141,C,141,MORGAN,0,0,0,0,0.00,0.00,Heavy Rain,0,"[[38.34,-92.7],[38.3029,-92.8262],[38.374,-92.9828],[38.4762,-92.9086],[38.4772,-92.7741]]",0,1,county_code_unverified|timezone_not_normalized_to_utc
123443,20791,2008,2008-09-03T20:00:00,2008-09-04T08:00:00,CST-6,12.0,29,29009,C,009,BARRY,0,0,0,0,0.00,0.00,Heavy Rain,0,"[[36.6,-93.67],[36.7792,-93.6445],[36.8379,-93.7862],[36.7389,-93.8644]]",0,1,county_code_unverified|timezone_not_normalized_to_utc
123445,20791,2008,2008-09-03T20:11:00,2008-09-04T08:00:00,CST-6,11.816666666666666,29,29131,C,131,MILLER,0,0,0,0,0.00,0.00,Heavy Rain,0,"[[38.2741,-92.6576],[38.2735,-92.6556],[38.2719,-92.6571],[38.2727,-92.6591]]",0,1,county_code_unverified|timezone_not_normalized_to_utc
123446,20791,2008,2008-09-03T20:30:00,2008-09-04T08:00:00,CST-6,11.5,29,29077,C,077,GREENE,0,0,0,0,0.00,0.00,Heavy Rain,0,"[[37.16,-93.34],[37.3985,-93.4346],[37.4029,-93.5843],[37.1319,-93.6035]]",0,1,county_code_unverified|timezone_not_normalized_to_utc
123448,20791,2008,2008-09-03T21:30:00,2008-09-04T08:00:00,CST-6,10.5,29,29169,C,169,PULASKI,0,0,0,0,0.00,0.00,Heavy Rain,0,"[[37.97,-92.12],[37.9669,-92.3648],[37.7012,-92.3373],[37.6708,-92.1121]]",0,1,county_code_unverified|timezone_not_normalized_to_utc
123449,20791,2008,2008-09-03T22:23:00,2008-09-04T08:00:00,CST-6,9.616666666666667,29,29125,C,125,MARIES,0,0,0,0,0.00,0.00,Heavy Rain,0,"[[38.06,-92.0],[38.2716,-91.9542],[38.2759,-91.7056],[38.0816,-91.696]]",0,1,county_code_unverified|timezone_not_normalized_to_utc
123454,20791,2008,2008-09-03T23:01:00,2008-09-04T08:00:00,CST-6,8.983333333333333,29,29161,C,161,PHELPS,0,0,0,0,0.00,0.00,Heavy Rain,0,"[[38.0178,-91.7139],[37.9464,-91.7166],[37.8824,-91.845],[37.711,-91.8663],[37.9572,-91.9061]]",0,1,county_code_unverified|timezone_not_normalized_to_utc
123455,20791,2008,2008-09-03T22:14:00,2008-09-04T08:00:00,CST-6,9.766666666666667,29,29229,C,229,WRIGHT,0,0,0,0,0.00,0.00,Heavy Rain,0,"[[37.407,-92.464],[37.4054,-92.451],[37.4003,-92.454],[37.4007,-92.4667]]",0,1,county_code_unverified|timezone_not_normalized_to_utc
123457,20791,2008,2008-09-04T04:17:00,2008-09-04T08:00:00,CST-6,3.716666666666667,29,29105,C,105,LACLEDE,0,0,0,0,0.00,0.00,Heavy Rain,0,"[[37.5593,-92.4763],[37.5553,-92.4693],[37.5502,-92.4756],[37.5535,-92.4823]]",0,1,county_code_unverified|timezone_not_normalized_to_utc
123459,20791,2008,2008-09-04T04:23:00,2008-09-04T08:00:00,CST-6,3.6166666666666667,29,29203,C,203,SHANNON,0,0,0,0,0.00,0.00,Heavy Rain,0,"[[37.0433,-91.1814],[37.0364,-91.1852],[37.0378,-91.2111],[37.0476,-91.211]]",0,1,county_code_unverified|timezone_not_normalized_to_utc
123460,20791,2008,2008-09-04T04:25:00,2008-09-04T08:00:00,CST-6,3.5833333333333335,29,29067,C,067,DOUGLAS,0,0,0,0,0.00,0.00,Heavy Rain,0,"[[37.04,-92.19],[37.0393,-92.1864],[37.0366,-92.1896],[37.0384,-92.1926]]",0,1,county_code_unverified|timezone_not_normalized_to_utc
123461,20791,2008,2008-09-04T04:00:00,2008-09-04T08:00:00,CST-6,4.0,29,29029,C,029,CAMDEN,0,0,0,0,0.00,0.00,Heavy Rain,0,"[[37.8495,-92.4867],[37.8479,-92.4712],[37.8401,-92.4734],[37.8415,-92.4882]]",0,1,county_code_unverified|timezone_not_normalized_to_utc
123832,20870,2008,2008-07-28T23:00:00,2008-07-30T08:00:00,AKST-9,33.0,02,02223,C,223,DELTANA AND TANANA,0,0,0,0,0.00,0.00,Heavy Rain,0,"[[64.1992,-145.163],[64.2118,-145.1943],[64.1808,-145.6107],[64.1314,-145.3955]]",0,1,county_code_unverified|timezone_not_normalized_to_utc
123840,20870,2008,2008-07-28T16:15:00,2008-07-29T21:00:00,AKST-9,28.75,02,02224,C,224,UPR TANANA VLY FORTYMILE,0,0,0,0,0.00,0.00,Heavy Rain,0,"[[64.4488,-143.8145],[64.3399,-143.844],[64.1876,-145.1109],[64.2804,-145.1679]]",0,1,county_code_unverified|timezone_not_normalized_to_utc
123852,20870,2008,2008-07-30T18:15:00,2008-07-31T23:59:00,AKST-9,29.733333333333334,02,02221,C,221,WRN TANANA VLY WRN YUKON VLY,0,0,0,0,2670000.00,0.00,Heavy Rain,0,"[[64.5744,-149.0323],[64.5248,-149.0241],[64.5366,-149.138],[64.8416,-149.2101],[64.7202,-149.9799],[64.8419,-150.0348],[64.9701,-149.0186]]",0,1,county_code_unverified|timezone_not_normalized_to_utc
123856,20870,2008,2008-07-29T17:43:00,2008-07-31T23:59:00,AKST-9,54.266666666666666,02,02222,C,222,MIDDLE TANANA VALLEY,0,0,0,0,1360000.00,0.00,Heavy Rain,0,"[[64.4885,-146.9761],[64.4814,-147.0328],[64.7507,-147.6013],[64.7812,-147.9501],[64.8051,-147.9364],[64.7624,-147.4915],[64.6991,-147.2772],[64.6321,-147.1234]]",0,1,county_code_unverified|timezone_not_normalized_to_utc
123859,20870,2008,2008-07-29T17:13:00,2008-07-31T23:59:00,AKST-9,54.766666666666666,02,02223,C,223,DELTANA AND TANANA,0,0,0,0,20000.00,0.00,Heavy Rain,0,"[[64.4722,-146.9971],[64.4737,-146.9775],[64.4695,-146.9622],[64.4686,-146.9365],[64.4633,-146.9627]]",0,1,county_code_unverified|timezone_not_normalized_to_utc
123860,20870,2008,2008-07-29T04:00:00,2008-07-31T09:00:00,AKST-9,53.0,02,02224,C,224,UPR TANANA VLY FORTYMILE,0,0,0,0,0.00,0.00,Heavy Rain,0,"[[64.638,-145.9204],[64.6003,-145.871],[64.6368,-145.0635],[64.9014,-144.2313],[65.0791,-143.9484],[65.1138,-144.1406]]",0,1,county_code_unverified|timezone_not_normalized_to_utc
123861,20870,2008,2008-07-29T16:00:00,2008-07-31T21:00:00,AKST-9,53.0,02,02222,C,222,MIDDLE TANANA VALLEY,0,0,0,0,0.00,0.00,Heavy Rain,0,"[[64.6239,-146.0468],[64.572,-145.9863],[64.5366,-146.2445],[64.5585,-146.2967]]",0,1,county_code_unverified|timezone_not_normalized_to_utc
123863,20870,2008,2008-07-29T22:00:00,2008-07-31T23:59:00,AKST-9,49.983333333333334,02,02223,C,223,DELTANA AND TANANA,0,0,0,0,0.00,0.00,Heavy Rain,0,"[[64.5225,-146.5109],[64.4799,-146.4587],[64.4583,-146.9133],[64.4762,-146.9387]]",0,1,county_code_unverified|timezone_not_normalized_to_utc
123864,20870,2008,2008-07-29T03:00:00,2008-07-29T15:00:00,AKST-9,12.0,02,02226,C,226,NE. SLOPES OF THE ERN AK RNG,0,0,0,0,2000.00,0.00,Heavy Rain,0,"[[63.6094,-145.8813],[63.608,-145.8814],[63.6085,-145.8785],[63.609,-145.8786]]",0,1,county_code_unverified|timezone_not_normalized_to_utc
123970,19415,2008,2008-07-10T14:30:00,2008-07-10T17:30:00,CST-6,3.0,17,17103,C,103,LEE,0,0,0,0,0.00,0.00,Heavy Rain,0,"[[41.7785,-89.4836],[41.7785,-89.1946],[41.6226,-89.1946],[41.6226,-89.4836]]",0,1,county_code_unverified|timezone_not_normalized_to_utc
124004,20931,2008,2008-07-31T13:30:00,2008-07-31T16:30:00,AST-4,3.0,99,,C,010,MAYAGUEZ AND VICINITY,0,0,0,0,0.00,0.00,Heavy Rain,0,"[[18.2152,-67.155],[18.2153,-67.1547],[18.2148,-67.1543],[18.2148,-67.1546]]",0,1,requires_crosswalk_or_marine_review|timezone_not_normalized_to_utc
124274,21014,2008,2008-08-02T03:00:00,2008-08-05T14:00:00,CST-6,83.0,17,17003,C,003,ALEXANDER,0,0,0,0,0.00,0.00,Heavy Rain,0,"[[37.22,-89.47],[37.1986,-89.4606],[37.2004,-89.4531],[37.2183,-89.4618]]",0,1,county_code_unverified|timezone_not_normalized_to_utc
124275,21015,2008,2008-08-01T00:00:00,2008-08-06T18:00:00,CST-6,138.0,29,29031,C,031,CAPE GIRARDEAU,0,0,0,0,0.00,0.00,Heavy Rain,0,"[[37.2605,-89.5321],[37.2749,-89.5242],[37.2894,-89.5183],[37.2911,-89.5242]]",0,1,county_code_unverified|timezone_not_normalized_to_utc
124503,21041,2008,2008-09-13T07:00:00,2008-09-13T19:00:00,CST-6,12.0,19,19117,C,117,LUCAS,0,0,0,0,50000.00,0.00,Heavy Rain,0,"[[41.02,-93.32],[41.0121,-93.4827],[40.9743,-93.4847],[40.9784,-93.3103]]",0,1,county_code_unverified|timezone_not_normalized_to_utc
124506,21041,2008,2008-09-13T07:00:00,2008-09-13T19:00:00,CST-6,12.0,19,19051,C,051,DAVIS,0,0,0,0,50000.00,0.00,Heavy Rain,0,"[[40.7,-92.27],[40.6141,-92.3772],[40.6109,-92.1842],[40.7156,-92.1842]]",0,1,county_code_unverified|timezone_not_normalized_to_utc
124680,21067,2008,2008-07-17T20:46:00,2008-07-18T07:00:00,EST-5,10.233333333333333,26,26001,C,001,ALCONA,0,0,0,0,0.00,0.00,Heavy Rain,0,"[[44.8189,-83.4782],[44.8495,-83.5414],[44.8198,-83.6238],[44.7502,-83.6005],[44.7519,-83.5122]]",0,1,county_code_unverified|timezone_not_normalized_to_utc
124837,21085,2008,2008-07-01T18:40:00,2008-07-01T19:06:00,EST-5,0.43333333333333335,25,25027,C,027,WORCESTER,0,0,0,0,1000.00,0.00,Heavy Rain,0,"[[42.2759,-71.7373],[42.2722,-71.8204],[42.2511,-71.8176],[42.2351,-71.749]]",0,1,county_code_unverified|timezone_not_normalized_to_utc
125124,21134,2008,2008-07-02T14:06:00,2008-07-02T15:00:00,EST-5,0.9,25,25021,C,021,NORFOLK,0,0,0,0,5000.00,0.00,Heavy Rain,0,"[[42.2088,-71.0015],[42.159,-71.2112],[42.1486,-71.2209],[42.198,-70.9916]]",0,1,county_code_unverified|timezone_not_normalized_to_utc
125161,20499,2008,2008-07-29T23:00:00,2008-07-30T07:00:00,CST-6,8.0,20,20049,C,049,ELK,0,0,0,0,0.00,0.00,Heavy Rain,0,"[[37.3778,-96.0782],[37.3025,-96.0796],[37.3011,-95.967],[37.3783,-95.97]]",0,1,county_code_unverified|timezone_not_normalized_to_utc
125253,21175,2008,2008-08-01T00:00:00,2008-08-01T11:00:00,CST-6,11.0,19,19117,C,117,LUCAS,0,0,0,0,0.00,25000.00,Heavy Rain,0,"[[40.9691,-93.2575],[40.9308,-93.0998],[40.9008,-93.1006],[40.9009,-93.2108]]",0,1,county_code_unverified|timezone_not_normalized_to_utc
125254,21175,2008,2008-08-01T00:00:00,2008-08-08T21:00:00,CST-6,189.0,19,19179,C,179,WAPELLO,0,0,0,0,0.00,25000.00,Heavy Rain,0,"[[41.1254,-92.6374],[41.159,-92.6074],[40.9519,-92.1873],[40.9011,-92.2869]]",0,1,county_code_unverified|timezone_not_normalized_to_utc
125432,21204,2008,2008-07-06T13:35:00,2008-07-06T14:35:00,EST-5,1.0,54,54077,C,077,PRESTON,0,0,0,0,10000.00,0.00,Heavy Rain,0,"[[39.4734,-79.8764],[39.4713,-79.8699],[39.4665,-79.8766],[39.4672,-79.88]]",0,1,county_code_unverified|timezone_not_normalized_to_utc
126120,21336,2008,2008-07-08T18:00:00,2008-07-08T20:30:00,EST-5,2.5,39,39031,C,031,COSHOCTON,0,0,0,0,75000.00,0.00,Heavy Rain,0,"[[40.2696,-81.8756],[40.2418,-82.0493],[40.267,-82.0555],[40.2874,-81.8873]]",0,1,county_code_unverified|timezone_not_normalized_to_utc
126180,21347,2008,2008-07-02T19:35:00,2008-07-03T01:35:00,CST-6,6.0,29,29095,C,095,JACKSON,0,0,0,0,0.00,0.00,Heavy Rain,0,"[[39.02,-94.28],[39.0191,-94.2788],[39.0193,-94.2799],[39.0198,-94.2802]]",0,1,county_code_unverified|timezone_not_normalized_to_utc
126253,21347,2008,2008-07-02T20:18:00,2008-07-03T02:18:00,CST-6,6.0,29,29001,C,001,ADAIR,0,0,0,0,0.00,0.00,Heavy Rain,0,"[[39.6374,-93.0727],[39.6409,-93.0988],[39.6205,-93.1187],[39.6233,-93.0813]]",0,1,county_code_unverified|timezone_not_normalized_to_utc
126302,20687,2008,2008-09-03T03:30:00,2008-09-03T07:30:00,CST-6,4.0,05,05053,C,053,GRANT,0,0,0,0,300000.00,0.00,Heavy Rain / Tropical System,0,"[[34.2733,-92.3511],[34.2778,-92.4719],[34.3335,-92.4149],[34.3151,-92.3737]]",0,1,county_code_unverified|timezone_not_normalized_to_utc
126303,20687,2008,2008-09-03T04:30:00,2008-09-03T07:30:00,CST-6,3.0,05,05025,C,025,CLEVELAND,0,0,0,0,360000.00,0.00,Heavy Rain / Tropical System,0,"[[34.046,-92.3483],[34.0494,-92.027],[33.713,-92.0002],[33.6804,-92.1753],[33.7507,-92.29]]",0,1,county_code_unverified|timezone_not_normalized_to_utc
126304,20687,2008,2008-09-03T05:00:00,2008-09-03T07:30:00,CST-6,2.5,05,05119,C,119,PULASKI,0,0,0,0,5000.00,0.00,Heavy Rain / Tropical System,0,"[[34.7174,-92.4118],[34.7061,-92.4144],[34.71,-92.3525],[34.7215,-92.3482]]",0,1,county_code_unverified|timezone_not_normalized_to_utc
126305,20687,2008,2008-09-03T05:00:00,2008-09-03T07:30:00,CST-6,2.5,05,05125,C,125,SALINE,0,0,0,0,10000.00,0.00,Heavy Rain / Tropical System,0,"[[34.657,-92.6099],[34.6683,-92.5475],[34.6074,-92.5457],[34.5993,-92.5962]]",0,1,county_code_unverified|timezone_not_normalized_to_utc
126306,20687,2008,2008-09-03T05:30:00,2008-09-03T07:00:00,CST-6,1.5,05,05019,C,019,CLARK,0,0,0,0,25000.00,0.00,Heavy Rain / Tropical System,0,"[[34.1051,-93.057],[34.1198,-93.0968],[34.1446,-93.0848],[34.128,-93.0384]]",0,1,county_code_unverified|timezone_not_normalized_to_utc
126307,20687,2008,2008-09-03T05:30:00,2008-09-03T07:30:00,CST-6,2.0,05,05051,C,051,GARLAND,0,0,0,0,50000.00,0.00,Heavy Rain / Tropical System,0,"[[34.49,-93.0],[34.4947,-93.0151],[34.5001,-92.9831],[34.4891,-92.9843]]",0,1,county_code_unverified|timezone_not_normalized_to_utc
126308,20687,2008,2008-09-03T07:00:00,2008-09-03T08:30:00,CST-6,1.5,05,05105,C,105,PERRY,0,0,0,0,110000.00,0.00,Heavy Rain / Tropical System,0,"[[35.091,-92.7517],[34.9119,-92.7349],[34.9322,-93.0377],[35.0414,-93.0487]]",0,1,county_code_unverified|timezone_not_normalized_to_utc
126317,20687,2008,2008-09-03T15:40:00,2008-09-03T19:00:00,CST-6,3.3333333333333335,05,05119,C,119,PULASKI,0,0,0,0,0.00,0.00,Heavy Rain / Tropical System,0,"[[34.8172,-92.3538],[34.8062,-92.3549],[34.8039,-92.301],[34.8193,-92.3116],[34.8254,-92.3494]]",0,1,county_code_unverified|timezone_not_normalized_to_utc
126485,21387,2008,2008-07-24T13:35:00,2008-07-24T19:35:00,CST-6,6.0,29,29227,C,227,WORTH,0,0,0,0,0.00,0.00,Heavy Rain,0,"[[40.52,-94.54],[40.5216,-94.5133],[40.5158,-94.515],[40.5166,-94.5375]]",0,1,county_code_unverified|timezone_not_normalized_to_utc
126920,21387,2008,2008-07-25T22:51:00,2008-07-29T07:43:00,CST-6,80.86666666666666,29,29001,C,001,ADAIR,0,0,0,0,300000.00,250000.00,Heavy Rain,0,"[[40.2368,-92.7057],[40.2375,-92.6906],[40.2093,-92.6882],[40.2134,-92.7047]]",0,1,county_code_unverified|timezone_not_normalized_to_utc
126921,21387,2008,2008-07-25T19:32:00,2008-07-31T23:59:00,CST-6,148.45,29,29041,C,041,CHARITON,0,0,0,0,0.00,250000.00,Heavy Rain,0,"[[39.5565,-92.7057],[39.503,-92.8043],[39.5168,-92.8592],[39.5803,-92.7912]]",0,1,county_code_unverified|timezone_not_normalized_to_utc
126927,21482,2008,2008-07-25T16:15:00,2008-07-25T17:00:00,MST-7,0.75,04,04005,C,005,COCONINO,0,0,0,0,0.00,0.00,Heavy Rain,0,"[[35.08,-110.87],[35.1834,-110.8026],[35.1748,-110.7685],[35.0772,-110.8208]]",0,1,county_code_unverified|timezone_not_normalized_to_utc
127300,21513,2008,2008-07-13T05:08:00,2008-07-14T15:45:00,EST-5,34.61666666666667,18,18119,C,119,OWEN,0,0,0,0,5000.00,5000.00,Heavy Rain,0,"[[39.2833,-86.7752],[39.2842,-86.7499],[39.2779,-86.7432],[39.2773,-86.7743]]",0,1,county_code_unverified|timezone_not_normalized_to_utc
127486,21564,2008,2008-07-27T12:59:00,2008-07-27T14:00:00,EST-5,1.0166666666666666,44,44009,C,009,WASHINGTON,0,0,0,0,10000.00,0.00,Heavy Rain,0,"[[41.43,-71.47],[41.4348,-71.4919],[41.4322,-71.4963],[41.4277,-71.4763]]",0,1,county_code_unverified|timezone_not_normalized_to_utc
127492,21565,2008,2008-07-27T15:56:00,2008-07-27T17:00:00,EST-5,1.0666666666666667,09,09013,C,013,TOLLAND,0,0,0,0,15000.00,0.00,Heavy Rain,0,"[[41.87,-72.47],[41.8703,-72.4356],[41.8573,-72.4349],[41.8563,-72.476]]",0,1,county_code_unverified|timezone_not_normalized_to_utc
127495,21513,2008,2008-07-13T11:00:00,2008-07-16T19:23:00,EST-5,80.38333333333334,18,18055,C,055,GREENE,0,0,0,0,3000.00,7000.00,Heavy Rain,0,"[[39.0369,-86.9707],[39.0213,-86.9777],[39.0085,-86.9655],[38.9936,-86.9599],[39.0072,-86.9437],[39.0355,-86.9551],[39.0611,-86.9671],[39.0588,-86.9932]]",0,1,county_code_unverified|timezone_not_normalized_to_utc
127509,21513,2008,2008-07-13T12:53:00,2008-07-14T12:42:00,EST-5,23.816666666666666,18,18167,C,167,VIGO,0,0,0,0,0.00,10000.00,Heavy Rain,0,"[[39.4447,-87.4484],[39.3433,-87.5913],[39.2785,-87.627],[39.2684,-87.583],[39.4274,-87.4265],[39.4644,-87.4158],[39.5599,-87.4062],[39.5607,-87.4323]]",0,1,county_code_unverified|timezone_not_normalized_to_utc
127524,21513,2008,2008-07-13T22:00:00,2008-07-15T13:18:00,EST-5,39.3,18,18153,C,153,SULLIVAN,0,0,0,0,0.00,5000.00,Heavy Rain,0,"[[39.1426,-87.6403],[39.161,-87.6124],[39.1688,-87.6491],[39.1375,-87.6675],[39.1229,-87.6534],[39.114,-87.6561],[39.1096,-87.6421],[39.1181,-87.6199]]",0,1,county_code_unverified|timezone_not_normalized_to_utc
127538,21570,2008,2008-07-22T18:15:00,2008-07-22T18:15:00,EST-5,0.0,25,25027,C,027,WORCESTER,0,0,0,0,5000.00,0.00,Heavy Rain,0,"[[42.27,-71.8],[42.2465,-71.8162],[42.2468,-71.8056],[42.2623,-71.8003]]",0,1,county_code_unverified|timezone_not_normalized_to_utc
127554,21513,2008,2008-07-12T22:46:00,2008-07-14T11:13:00,EST-5,36.45,18,18165,C,165,VERMILLION,0,0,0,0,0.00,2000.00,Heavy Rain,0,"[[39.8006,-87.3866],[39.7931,-87.378],[39.7938,-87.3742],[39.8097,-87.3753],[39.8495,-87.3513],[39.8518,-87.3688],[39.8401,-87.375],[39.8404,-87.3921]]",0,1,county_code_unverified|timezone_not_normalized_to_utc
127562,21513,2008,2008-07-14T10:08:00,2008-07-15T15:40:00,EST-5,29.533333333333335,18,18153,C,153,SULLIVAN,0,0,0,0,0.00,5000.00,Heavy Rain,0,"[[39.0293,-87.5916],[38.988,-87.5981],[38.9864,-87.5552],[39.028,-87.5511]]",0,1,county_code_unverified|timezone_not_normalized_to_utc
127576,21513,2008,2008-07-14T13:20:00,2008-07-17T21:00:00,EST-5,79.66666666666667,18,18083,C,083,KNOX,0,0,0,0,10000.00,5000.00,Heavy Rain,0,"[[38.787,-87.2277],[38.7997,-87.215],[38.8156,-87.1762],[38.8289,-87.181],[38.8317,-87.2054],[38.8237,-87.2438],[38.7916,-87.2562]]",0,1,county_code_unverified|timezone_not_normalized_to_utc
127589,21513,2008,2008-07-14T22:55:00,2008-07-16T21:24:00,EST-5,46.483333333333334,18,18055,C,055,GREENE,0,0,0,0,10000.00,3000.00,Heavy Rain,0,"[[38.9244,-87.09],[38.9509,-87.0543],[38.9447,-87.0148],[38.9738,-86.9911],[38.9599,-86.9654],[38.9338,-86.9863],[38.9266,-87.01]]",0,1,county_code_unverified|timezone_not_normalized_to_utc
127597,21513,2008,2008-07-12T22:46:00,2008-07-14T11:13:00,EST-5,36.45,18,18121,C,121,PARKE,0,0,0,0,0.00,3000.00,Heavy Rain,0,"[[39.8006,-87.3866],[39.7931,-87.378],[39.7938,-87.3742],[39.8097,-87.3753],[39.8495,-87.3513],[39.8518,-87.3688],[39.8401,-87.375],[39.8404,-87.3921]]",0,1,county_code_unverified|timezone_not_normalized_to_utc
127610,21513,2008,2008-07-14T13:20:00,2008-07-17T21:00:00,EST-5,79.66666666666667,18,18027,C,027,DAVIESS,0,0,0,0,10000.00,5000.00,Heavy Rain,0,"[[38.787,-87.2277],[38.7997,-87.215],[38.8156,-87.1762],[38.8289,-87.181],[38.8317,-87.2054],[38.8237,-87.2438],[38.7916,-87.2562]]",0,1,county_code_unverified|timezone_not_normalized_to_utc
127892,21632,2008,2008-07-24T13:25:00,2008-07-24T16:25:00,EST-5,3.0,50,50015,C,015,LAMOILLE,0,0,0,0,100000.00,0.00,Heavy Rain,0,"[[44.7292,-72.496],[44.7299,-72.491],[44.7228,-72.4966],[44.7242,-72.4993]]",0,1,county_code_unverified|timezone_not_normalized_to_utc
127893,21632,2008,2008-07-24T13:49:00,2008-07-24T15:00:00,EST-5,1.1833333333333333,50,50023,C,023,WASHINGTON,0,0,0,0,10000.00,0.00,Heavy Rain,0,"[[44.27,-72.49],[44.2885,-72.4682],[44.2846,-72.4603],[44.273,-72.4789]]",0,1,county_code_unverified|timezone_not_normalized_to_utc
127894,21632,2008,2008-07-24T13:51:00,2008-07-24T15:00:00,EST-5,1.15,50,50023,C,023,WASHINGTON,0,0,0,0,5000.00,0.00,Heavy Rain,0,"[[44.4113,-72.724],[44.408,-72.7221],[44.4086,-72.7208],[44.4111,-72.7217]]",0,1,county_code_unverified|timezone_not_normalized_to_utc
127895,21632,2008,2008-07-24T14:15:00,2008-07-24T16:15:00,EST-5,2.0,50,50019,C,019,ORLEANS,0,0,0,0,25000.00,0.00,Heavy Rain,0,"[[44.8958,-72.3903],[44.8983,-72.437],[44.7948,-72.4693],[44.7911,-72.4198]]",0,1,county_code_unverified|timezone_not_normalized_to_utc
127896,21632,2008,2008-07-24T20:15:00,2008-07-24T22:15:00,EST-5,2.0,50,50005,C,005,CALEDONIA,0,0,0,0,10000.00,0.00,Heavy Rain,0,"[[44.5458,-71.999],[44.5424,-72.0],[44.5422,-72.0137],[44.5451,-72.0137]]",0,1,county_code_unverified|timezone_not_normalized_to_utc
128339,21503,2008,2008-07-23T22:17:00,2008-07-24T01:00:00,EST-5,2.716666666666667,36,36057,C,057,MONTGOMERY,0,0,0,0,0.00,0.00,Heavy Rain,0,"[[42.9318,-74.1488],[42.885,-74.1591],[42.8679,-74.0688],[42.9082,-74.0582]]",0,1,county_code_unverified|timezone_not_normalized_to_utc
128355,20870,2008,2008-07-29T09:00:00,2008-07-31T23:59:00,AKST-9,62.983333333333334,02,02225,C,225,DENALI,0,0,0,0,105000.00,0.00,Heavy Rain,0,"[[63.8024,-149.0735],[63.8724,-149.2658],[64.2305,-149.4965],[64.1994,-149.3207]]",0,1,county_code_unverified|timezone_not_normalized_to_utc
128356,21715,2008,2008-08-01T00:00:00,2008-08-03T12:00:00,AKST-9,60.0,02,02225,C,225,DENALI,0,0,0,0,0.00,0.00,Heavy Rain,0,"[[63.8,-149.07],[63.87,-149.27],[64.23,-149.5],[64.2,-149.32]]",0,1,county_code_unverified|timezone_not_normalized_to_utc
128357,21715,2008,2008-08-01T00:00:00,2008-08-01T09:36:00,AKST-9,9.6,02,02223,C,223,DELTANA AND TANANA,0,0,0,0,0.00,0.00,Heavy Rain,0,"[[64.4722,-146.9971],[64.4737,-146.9775],[64.4695,-146.9622],[64.4686,-146.9365],[64.4635,-146.9629]]",0,1,county_code_unverified|timezone_not_normalized_to_utc
128358,21715,2008,2008-08-01T00:00:00,2008-08-03T10:30:00,AKST-9,58.5,02,02222,C,222,MIDDLE TANANA VALLEY,0,0,0,0,0.00,0.00,Heavy Rain,0,"[[64.49,-146.98],[64.48,-147.03],[64.75,-147.6],[64.78,-147.95],[64.81,-147.94],[64.76,-147.49],[64.7,-147.28],[64.63,-147.12]]",0,1,county_code_unverified|timezone_not_normalized_to_utc
128359,21715,2008,2008-08-01T00:00:00,2008-08-01T03:00:00,AKST-9,3.0,02,02223,C,223,DELTANA AND TANANA,0,0,0,0,0.00,0.00,Heavy Rain,0,"[[64.52,-146.51],[64.48,-146.46],[64.46,-146.91],[64.48,-146.94]]",0,1,county_code_unverified|timezone_not_normalized_to_utc
128360,21715,2008,2008-08-01T00:00:00,2008-08-05T09:00:00,AKST-9,105.0,02,02221,C,221,WRN TANANA VLY WRN YUKON VLY,0,0,0,0,0.00,0.00,Heavy Rain,0,"[[64.5298,-149.1998],[64.5369,-148.9911],[64.5674,-149.055],[64.5709,-149.1222],[64.9401,-149.1284],[64.8538,-149.9194],[64.779,-149.8206]]",0,1,county_code_unverified|timezone_not_normalized_to_utc
128959,21817,2008,2008-07-31T20:45:00,2008-07-31T23:45:00,EST-5,3.0,13,13121,C,121,FULTON,0,0,0,0,0.00,0.00,Heavy Rain,0,"[[33.6445,-84.673],[33.5758,-84.5371],[33.5426,-84.6016],[33.546,-84.7877]]",0,1,county_code_unverified|timezone_not_normalized_to_utc
129237,21503,2008,2008-07-23T20:00:00,2008-07-24T02:15:00,EST-5,6.25,36,36091,C,091,SARATOGA,0,0,0,0,0.00,0.00,Heavy Rain,0,"[[43.0649,-73.9957],[42.9896,-74.0163],[42.9283,-73.9785],[43.0167,-73.9586]]",0,1,county_code_unverified|timezone_not_normalized_to_utc
129246,21503,2008,2008-07-23T20:00:00,2008-07-24T02:15:00,EST-5,6.25,36,36093,C,093,SCHENECTADY,0,0,0,0,0.00,0.00,Heavy Rain,0,"[[42.7784,-74.0701],[42.7785,-74.0683],[42.7786,-74.0674],[42.7813,-74.069],[42.7805,-74.0718]]",0,1,county_code_unverified|timezone_not_normalized_to_utc
129264,20954,2008,2008-07-29T23:15:00,2008-07-31T23:59:00,CST-6,48.733333333333334,29,29173,C,173,RALLS,0,0,0,0,200000.00,10000000.00,Heavy Rain,0,"[[39.5741,-91.6782],[39.6333,-91.571],[39.6418,-91.3747],[39.5868,-91.2634],[39.5603,-91.3596],[39.5073,-91.6191]]",0,1,county_code_unverified|timezone_not_normalized_to_utc
129269,20954,2008,2008-07-29T05:15:00,2008-07-31T23:59:00,CST-6,66.73333333333333,29,29163,C,163,PIKE,0,0,0,0,0.00,0.00,Heavy Rain,0,"[[39.5719,-91.203],[39.4713,-91.0437],[39.4527,-91.0774],[39.5359,-91.2909]]",0,1,county_code_unverified|timezone_not_normalized_to_utc
129272,21892,2008,2008-07-08T23:00:00,2008-07-08T23:00:00,CST-6,0.0,29,29111,C,111,LEWIS,0,0,0,0,0.00,0.00,Heavy Rain,0,"[[40.2545,-91.5134],[39.9888,-91.479],[39.99,-91.5244],[40.2546,-91.5518]]",0,1,county_code_unverified|timezone_not_normalized_to_utc
129275,21894,2008,2008-07-14T02:30:00,2008-07-14T02:30:00,CST-6,0.0,29,29127,C,127,MARION,0,0,0,0,0.00,0.00,Heavy Rain,0,"[[39.9093,-91.4825],[39.9087,-91.4406],[39.8318,-91.4131],[39.7854,-91.3582],[39.7078,-91.3541],[39.7041,-91.4076]]",0,1,county_code_unverified|timezone_not_normalized_to_utc
129276,21894,2008,2008-07-12T11:20:00,2008-07-12T11:20:00,CST-6,0.0,29,29173,C,173,RALLS,0,0,0,0,0.00,0.00,Heavy Rain,0,"[[39.7083,-91.3458],[39.61,-91.2082],[39.6063,-91.2387],[39.7051,-91.3561]]",0,1,county_code_unverified|timezone_not_normalized_to_utc
129284,21897,2008,2008-07-16T23:00:00,2008-07-17T13:00:00,CST-6,14.0,29,29163,C,163,PIKE,0,0,0,0,0.00,0.00,Heavy Rain,0,"[[39.6016,-91.1975],[39.3567,-90.8597],[39.3513,-90.8865],[39.4522,-91.065],[39.5878,-91.2195]]",0,1,county_code_unverified|timezone_not_normalized_to_utc
129287,21899,2008,2008-07-16T03:00:00,2008-07-16T03:00:00,CST-6,0.0,29,29113,C,113,LINCOLN,0,0,0,0,0.00,0.00,Heavy Rain,0,"[[39.1909,-90.7169],[38.9307,-90.6606],[38.9274,-90.7601],[39.2122,-90.7938]]",0,1,county_code_unverified|timezone_not_normalized_to_utc
129289,21900,2008,2008-07-10T18:00:00,2008-07-10T18:00:00,CST-6,0.0,29,29510,C,510,ST. LOUIS (C),0,0,0,0,0.00,0.00,Heavy Rain,0,"[[38.7724,-90.228],[38.7702,-90.1737],[38.6566,-90.1792],[38.5917,-90.1978],[38.5028,-90.2712],[38.5128,-90.3035]]",0,1,county_code_unverified|timezone_not_normalized_to_utc
129294,21901,2008,2008-07-08T18:00:00,2008-07-08T18:00:00,CST-6,0.0,17,17001,C,001,ADAMS,0,0,0,0,0.00,0.00,Heavy Rain,0,"[[40.1748,-91.4708],[39.9751,-91.4131],[39.7812,-91.3445],[39.7897,-91.3692],[39.9709,-91.4653],[40.2106,-91.5408]]",0,1,county_code_unverified|timezone_not_normalized_to_utc
129299,21902,2008,2008-07-18T03:00:00,2008-07-18T03:00:00,CST-6,0.0,17,17083,C,083,JERSEY,0,0,0,0,0.00,0.00,Heavy Rain,0,"[[38.9904,-90.4546],[38.9536,-90.309],[38.9306,-90.3159],[38.9642,-90.4432]]",0,1,county_code_unverified|timezone_not_normalized_to_utc
129306,21904,2008,2008-07-13T10:00:00,2008-07-13T10:00:00,CST-6,0.0,17,17119,C,119,MADISON,0,0,0,0,0.00,0.00,Heavy Rain,0,"[[38.945,-90.2685],[38.8516,-90.0797],[38.6748,-90.1593],[38.6803,-90.2087]]",0,1,county_code_unverified|timezone_not_normalized_to_utc
129307,21905,2008,2008-07-17T18:00:00,2008-07-17T18:00:00,CST-6,0.0,17,17157,C,157,RANDOLPH,0,0,0,0,0.00,0.00,Heavy Rain,0,"[[38.0882,-90.1696],[37.8186,-89.6635],[37.8057,-89.7034],[38.0764,-90.2033]]",0,1,county_code_unverified|timezone_not_normalized_to_utc
129326,21908,2008,2008-07-24T19:25:00,2008-07-24T20:49:00,EST-5,1.4,33,33009,C,009,GRAFTON,0,0,0,0,0.00,0.00,Heavy Rain,0,"[[43.9824,-71.6806],[43.982,-71.6816],[43.9796,-71.6808],[43.9805,-71.6797]]",0,1,county_code_unverified|timezone_not_normalized_to_utc
129334,21910,2008,2008-07-24T06:48:00,2008-07-24T08:00:00,EST-5,1.2,23,23001,C,001,ANDROSCOGGIN,0,0,0,0,0.00,0.00,Heavy Rain,0,"[[44.674,-70.6029],[44.6739,-70.6078],[44.6704,-70.6033],[44.6716,-70.6004]]",0,1,county_code_unverified|timezone_not_normalized_to_utc
129340,21910,2008,2008-07-24T16:36:00,2008-07-29T23:45:00,EST-5,127.15,23,23001,C,001,ANDROSCOGGIN,0,0,0,0,0.00,0.00,Heavy Rain,0,"[[44.6737,-70.6046],[44.6733,-70.6079],[44.6702,-70.6027],[44.6716,-70.6009]]",0,1,county_code_unverified|timezone_not_normalized_to_utc
129453,21524,2008,2008-07-22T16:50:00,2008-07-22T18:50:00,EST-5,2.0,13,13123,C,123,GILMER,0,0,0,0,250000.00,0.00,Heavy Rain,0,"[[34.6829,-84.4759],[34.6838,-84.4757],[34.6838,-84.4753],[34.6831,-84.4751]]",0,1,county_code_unverified|timezone_not_normalized_to_utc
130308,21694,2008,2008-07-24T04:01:00,2008-07-28T12:00:00,CST-6,103.98333333333333,48,48061,C,061,CAMERON,0,0,0,0,42750.00,37500000.00,Heavy Rain / Tropical System,0,"[[26.07,-97.2],[26.2024,-97.4],[26.23,-97.58],[26.25,-97.73],[26.25,-97.83],[26.15,-97.83],[26.13,-97.63],[26.07,-97.48]]",0,1,county_code_unverified|timezone_not_normalized_to_utc
130309,21694,2008,2008-07-24T05:01:00,2008-07-28T12:00:00,CST-6,102.98333333333333,48,48489,C,489,WILLACY,0,0,0,0,14250.00,50000000.00,Heavy Rain / Tropical System,0,"[[26.35,-97.8],[26.3687,-97.92],[26.47,-97.92],[26.5234,-97.78],[26.5145,-97.65],[26.3711,-97.6]]",0,1,county_code_unverified|timezone_not_normalized_to_utc
130310,21694,2008,2008-07-24T06:01:00,2008-07-28T12:00:00,CST-6,101.98333333333333,48,48215,C,215,HIDALGO,0,0,0,0,28500.00,100000000.00,Heavy Rain / Tropical System,0,"[[26.3307,-97.9358],[26.3579,-98.17],[26.3647,-98.28],[26.2345,-98.32],[26.1555,-98.05],[26.1295,-97.8972]]",0,1,county_code_unverified|timezone_not_normalized_to_utc
130437,22139,2008,2008-08-02T02:30:00,2008-08-02T04:30:00,EST-5,2.0,24,24023,C,023,GARRETT,0,0,0,0,25000.00,0.00,Heavy Rain,0,"[[39.667,-79.4528],[39.6057,-79.3158],[39.6321,-79.3076],[39.6797,-79.4621]]",0,1,county_code_unverified|timezone_not_normalized_to_utc
130442,20864,2008,2008-07-07T00:00:00,2008-07-07T05:00:00,MST-7,5.0,46,46103,C,103,PENNINGTON,0,0,0,0,0.00,0.00,Heavy Rain,0,"[[44.19,-103.83],[44.19,-103.74],[44.09,-103.54],[44.06,-103.55],[44.1,-103.86]]",0,1,county_code_unverified|timezone_not_normalized_to_utc
130449,22147,2008,2008-07-18T16:15:00,2008-07-19T01:15:00,MST-7,9.0,46,46047,C,047,FALL RIVER,0,0,0,0,0.00,0.00,Heavy Rain,0,"[[43.48,-104.06],[43.48,-103.73],[43.36,-103.68],[43.32,-103.55],[43.23,-103.55],[43.23,-103.81],[43.4,-104.06]]",0,1,county_code_unverified|timezone_not_normalized_to_utc
130580,22189,2008,2008-10-07T15:00:00,2008-10-09T07:45:00,CST-6,40.75,05,05103,C,103,OUACHITA,0,0,1,0,20000.00,0.00,Heavy Rain,1,"[[33.7233,-92.8189],[33.7268,-92.8017],[33.6844,-92.7977],[33.6872,-92.8242]]",0,1,county_code_unverified|timezone_not_normalized_to_utc
130697,22219,2008,2008-09-25T00:00:00,2008-09-25T13:00:00,CST-6,13.0,20,20063,C,063,GOVE,0,0,0,0,24000.00,0.00,Heavy Rain,0,"[[39.0368,-100.2235],[39.0131,-100.2235],[39.0227,-100.298],[39.0762,-100.2969]]",0,1,county_code_unverified|timezone_not_normalized_to_utc
130732,22229,2008,2008-09-12T22:27:00,2008-09-16T16:37:00,CST-6,90.16666666666667,19,19117,C,117,LUCAS,0,0,0,0,5000.00,25000.00,Heavy Rain,0,"[[40.9691,-93.2575],[40.9308,-93.0998],[40.9008,-93.1006],[40.9009,-93.2108]]",0,1,county_code_unverified|timezone_not_normalized_to_utc
130733,22229,2008,2008-09-12T23:44:00,2008-09-13T17:02:00,CST-6,17.3,19,19185,C,185,WAYNE,0,0,0,0,0.00,5000.00,Heavy Rain,0,"[[40.8436,-93.1129],[40.8119,-93.2303],[40.7828,-93.2308],[40.769,-93.1038]]",0,1,county_code_unverified|timezone_not_normalized_to_utc
130734,22229,2008,2008-09-13T06:36:00,2008-09-14T01:51:00,CST-6,19.25,19,19125,C,125,MARION,0,0,0,0,0.00,5000.00,Heavy Rain,0,"[[41.2112,-92.9318],[41.2062,-92.8741],[41.2393,-92.8663],[41.2536,-92.8097],[41.2693,-92.831],[41.2685,-92.8932]]",0,1,county_code_unverified|timezone_not_normalized_to_utc
131068,22288,2008,2008-08-24T07:30:00,2008-08-24T10:30:00,CST-6,3.0,20,20167,C,167,RUSSELL,0,0,0,0,200.00,100.00,Heavy Rain,0,"[[38.7673,-98.7317],[38.7659,-98.719],[38.742,-98.7214],[38.7434,-98.7362]]",0,1,county_code_unverified|timezone_not_normalized_to_utc
131069,22288,2008,2008-08-24T08:40:00,2008-08-24T10:40:00,CST-6,2.0,20,20105,C,105,LINCOLN,0,0,0,0,100.00,100.00,Heavy Rain,0,"[[39.07,-98.39],[39.0579,-98.3877],[39.0601,-98.3977],[39.0701,-98.3956]]",0,1,county_code_unverified|timezone_not_normalized_to_utc
131356,22359,2008,2008-08-18T16:22:00,2008-08-18T16:40:00,CST-6,0.3,48,48011,C,011,ARMSTRONG,0,0,0,0,0.00,0.00,Heavy Rain,0,"[[34.9178,-101.3936],[34.9158,-101.3952],[34.9037,-101.3794],[34.9108,-101.3777]]",0,1,county_code_unverified|timezone_not_normalized_to_utc
131357,22360,2008,2008-06-19T17:57:00,2008-06-19T18:11:00,CST-6,0.23333333333333334,48,48011,C,011,ARMSTRONG,0,0,0,0,0.00,0.00,Heavy Rain,0,"[[34.9173,-101.3932],[34.9104,-101.3779],[34.9058,-101.3818],[34.9153,-101.3951]]",0,1,county_code_unverified|timezone_not_normalized_to_utc
131473,22390,2008,2008-08-09T06:40:00,2008-08-09T09:36:00,CST-6,2.933333333333333,20,20053,C,053,ELLSWORTH,0,0,0,0,0.00,0.00,Heavy Rain,0,"[[38.82,-98.23],[38.7838,-98.2295],[38.7833,-98.2195],[38.821,-98.2209]]",0,1,county_code_unverified|timezone_not_normalized_to_utc
131481,22390,2008,2008-08-09T08:40:00,2008-08-09T10:39:00,CST-6,1.9833333333333334,20,20167,C,167,RUSSELL,0,0,0,0,25000.00,0.00,Heavy Rain,0,"[[38.95,-98.85],[38.9642,-98.8509],[38.9658,-98.8291],[38.9493,-98.8277]]",0,1,county_code_unverified|timezone_not_normalized_to_utc
131483,22390,2008,2008-08-09T12:40:00,2008-08-10T02:56:00,CST-6,14.266666666666667,20,20133,C,133,NEOSHO,0,0,0,0,0.00,0.00,Heavy Rain,0,"[[37.7137,-95.4588],[37.7142,-95.4358],[37.7837,-95.425],[37.784,-95.4395]]",0,1,county_code_unverified|timezone_not_normalized_to_utc
131485,22385,2008,2008-08-10T18:28:00,2008-08-10T20:00:00,EST-5,1.5333333333333334,25,25017,C,017,MIDDLESEX,0,0,0,0,40000.00,0.00,Heavy Rain,0,"[[42.37,-71.4],[42.3839,-71.5855],[42.4336,-71.4757],[42.4306,-71.4365]]",0,1,county_code_unverified|timezone_not_normalized_to_utc
131486,22390,2008,2008-08-09T16:57:00,2008-08-10T02:55:00,CST-6,9.966666666666667,20,20017,C,017,CHASE,0,0,0,0,0.00,0.00,Heavy Rain,0,"[[38.22,-96.56],[38.2163,-96.5767],[38.2334,-96.5712],[38.2328,-96.5618]]",0,1,county_code_unverified|timezone_not_normalized_to_utc
131487,22390,2008,2008-08-10T01:45:00,2008-08-10T18:09:00,CST-6,16.4,20,20049,C,049,ELK,0,0,0,0,0.00,0.00,Heavy Rain,0,"[[37.4761,-96.2737],[37.4626,-96.277],[37.4629,-96.2492],[37.4792,-96.2512]]",0,1,county_code_unverified|timezone_not_normalized_to_utc
131526,22385,2008,2008-08-10T14:30:00,2008-08-10T15:15:00,EST-5,0.75,25,25017,C,017,MIDDLESEX,0,0,0,0,15000.00,0.00,Heavy Rain,0,"[[42.4,-71.05],[42.4169,-71.0373],[42.4131,-71.0716],[42.3994,-71.0659]]",0,1,county_code_unverified|timezone_not_normalized_to_utc
131529,22398,2008,2008-08-08T15:00:00,2008-08-08T16:00:00,EST-5,1.0,44,44003,C,003,KENT,0,0,0,0,25000.00,0.00,Heavy Rain,0,"[[41.7,-71.52],[41.6942,-71.5375],[41.686,-71.5296],[41.6965,-71.509]]",0,1,county_code_unverified|timezone_not_normalized_to_utc
131537,22399,2008,2008-08-08T16:11:00,2008-08-08T16:11:00,EST-5,0.0,09,09013,C,013,TOLLAND,0,0,0,0,15000.00,0.00,Heavy Rain,0,"[[41.82,-72.48],[41.8111,-72.4715],[41.8203,-72.4495],[41.8286,-72.4686]]",0,1,county_code_unverified|timezone_not_normalized_to_utc
131539,22400,2008,2008-08-08T18:42:00,2008-08-08T20:00:00,EST-5,1.3,25,25009,C,009,ESSEX,0,0,0,0,25000.00,0.00,Heavy Rain,0,"[[42.52,-70.9],[42.4787,-70.9504],[42.4655,-70.925],[42.462,-70.8941],[42.506,-70.8423],[42.5177,-70.8515]]",0,1,county_code_unverified|timezone_not_normalized_to_utc
131544,22401,2008,2008-08-07T12:12:00,2008-08-07T14:00:00,EST-5,1.8,25,25013,C,013,HAMPDEN,0,0,0,0,25000.00,0.00,Heavy Rain,0,"[[42.21,-72.64],[42.1033,-72.6952],[42.0605,-72.5674],[42.143,-72.529]]",0,1,county_code_unverified|timezone_not_normalized_to_utc
131597,22401,2008,2008-08-07T17:00:00,2008-08-07T18:30:00,EST-5,1.5,25,25011,C,011,FRANKLIN,0,0,0,0,8000.00,0.00,Heavy Rain,0,"[[42.614,-72.6176],[42.6047,-72.5716],[42.5789,-72.5826],[42.5822,-72.6155]]",0,1,county_code_unverified|timezone_not_normalized_to_utc
131703,22424,2008,2008-08-20T12:00:00,2008-08-27T12:00:00,EST-5,168.0,12,12071,C,071,LEE,0,0,0,0,500000.00,0.00,Heavy Rain / Tropical System,0,"[[26.46,-81.83],[26.77,-81.57],[26.47,-81.58],[26.34,-81.79]]",0,1,county_code_unverified|timezone_not_normalized_to_utc
131704,22424,2008,2008-08-20T12:00:00,2008-08-21T18:00:00,EST-5,30.0,12,12055,C,055,HIGHLANDS,0,0,0,0,220000.00,0.00,Heavy Rain / Tropical System,0,"[[27.51,-81.54],[27.64,-81.24],[27.43,-81.26],[27.35,-81.51]]",0,1,county_code_unverified|timezone_not_normalized_to_utc
131705,22424,2008,2008-08-20T12:00:00,2008-08-25T12:00:00,EST-5,120.0,12,12105,C,105,POLK,0,0,0,0,250000.00,0.00,Heavy Rain / Tropical System,0,"[[27.81,-81.21],[27.81,-81.2],[27.79,-81.19],[27.79,-81.21]]",0,1,county_code_unverified|timezone_not_normalized_to_utc
131727,22426,2008,2008-08-01T06:00:00,2008-08-01T08:00:00,CST-6,2.0,17,17089,C,089,KANE,0,0,0,0,0.00,0.00,Heavy Rain,0,"[[42.0459,-88.3131],[42.0459,-88.3109],[42.0441,-88.3109],[42.0441,-88.3131]]",0,1,county_code_unverified|timezone_not_normalized_to_utc
131761,22322,2008,2008-08-04T19:13:00,2008-08-04T21:14:00,CST-6,2.0166666666666666,17,17031,C,031,COOK,0,0,0,0,0.00,0.00,Heavy Rain,0,"[[41.5815,-87.7945],[41.5815,-87.7923],[41.5795,-87.7923],[41.5795,-87.7945]]",0,1,county_code_unverified|timezone_not_normalized_to_utc
131763,22322,2008,2008-08-04T19:50:00,2008-08-04T22:00:00,CST-6,2.1666666666666665,17,17197,C,197,WILL,0,0,0,0,0.00,0.00,Heavy Rain,0,"[[41.5664,-88.1444],[41.5664,-88.1414],[41.5654,-88.1414],[41.5654,-88.1444]]",0,1,county_code_unverified|timezone_not_normalized_to_utc
131764,22322,2008,2008-08-04T22:10:00,2008-08-05T01:00:00,CST-6,2.8333333333333335,17,17031,C,031,COOK,0,0,0,0,0.00,0.00,Heavy Rain,0,"[[42.0511,-87.6951],[42.0511,-87.6766],[42.0302,-87.6719],[42.0302,-87.6951]]",0,1,county_code_unverified|timezone_not_normalized_to_utc
131765,22437,2008,2008-08-18T12:00:00,2008-08-18T15:00:00,CST-6,3.0,48,48427,C,427,STARR,0,0,0,0,700000.00,0.00,Heavy Rain,0,"[[26.42,-98.97],[26.4102,-98.9186],[26.3898,-98.9086],[26.3933,-99.0076],[26.42,-99.0119]]",0,1,county_code_unverified|timezone_not_normalized_to_utc
131766,22322,2008,2008-08-04T22:39:00,2008-08-05T01:00:00,CST-6,2.35,17,17043,C,043,DU PAGE,0,0,0,0,0.00,0.00,Heavy Rain,0,"[[41.9825,-88.0293],[41.9825,-88.0056],[41.9672,-88.0056],[41.9672,-88.0293]]",0,1,county_code_unverified|timezone_not_normalized_to_utc
131768,22382,2008,2008-08-05T06:00:00,2008-08-05T09:00:00,CST-6,3.0,18,18127,C,127,PORTER,0,0,0,0,0.00,0.00,Heavy Rain,0,"[[41.3194,-87.1993],[41.3191,-87.1885],[41.3175,-87.1885],[41.3181,-87.1993]]",0,1,county_code_unverified|timezone_not_normalized_to_utc
132069,22486,2008,2008-08-19T22:00:00,2008-08-22T07:00:00,EST-5,57.0,12,12043,C,043,GLADES,0,0,0,0,80000.00,0.00,Heavy Rain / Tropical System,0,"[[26.7873,-81.6147],[26.8988,-81.6243],[27.0616,-81.0475],[26.8069,-80.9555]]",0,1,county_code_unverified|timezone_not_normalized_to_utc
132070,22486,2008,2008-08-19T13:00:00,2008-08-22T07:00:00,EST-5,66.0,12,12051,C,051,HENDRY,0,0,0,0,300000.00,0.00,Heavy Rain / Tropical System,0,"[[26.7947,-80.9473],[26.5824,-80.858],[26.5222,-81.4554],[26.7836,-81.476]]",0,1,county_code_unverified|timezone_not_normalized_to_utc
132135,22401,2008,2008-08-07T14:30:00,2008-08-07T16:30:00,EST-5,2.0,25,25027,C,027,WORCESTER,0,0,0,0,20000.00,0.00,Heavy Rain,0,"[[42.05,-71.93],[42.0434,-71.9141],[42.0374,-71.9314],[42.0439,-71.9376]]",0,1,county_code_unverified|timezone_not_normalized_to_utc
132164,22509,2008,2008-08-15T14:20:00,2008-08-15T17:00:00,EST-5,2.6666666666666665,25,25021,C,021,NORFOLK,0,0,0,0,3000.00,0.00,Heavy Rain,0,"[[42.13,-71.25],[42.0939,-71.2752],[42.07,-71.33],[42.12,-71.32]]",0,1,county_code_unverified|timezone_not_normalized_to_utc
132169,22511,2008,2008-08-12T03:18:00,2008-08-12T04:00:00,EST-5,0.7,25,25005,C,005,BRISTOL,0,0,0,0,30000.00,0.00,Heavy Rain,0,"[[41.6719,-70.9827],[41.6447,-70.971],[41.6529,-70.9209],[41.6809,-70.9192]]",0,1,county_code_unverified|timezone_not_normalized_to_utc
132546,22552,2008,2008-08-24T18:00:00,2008-08-25T12:00:00,CST-6,18.0,48,48427,C,427,STARR,0,0,0,0,150000.00,0.00,Heavy Rain,0,"[[26.4814,-99.0886],[26.4089,-99.0499],[26.3995,-98.9972],[26.3889,-98.9001],[26.4434,-98.93]]",0,1,county_code_unverified|timezone_not_normalized_to_utc
132608,22279,2008,2008-08-27T06:30:00,2008-08-27T19:00:00,EST-5,12.5,37,37025,C,025,CABARRUS,0,0,0,0,0.00,0.00,Heavy Rain / Tropical System,0,"[[35.5071,-80.7285],[35.5047,-80.6136],[35.4436,-80.3774],[35.3032,-80.4565],[35.3053,-80.6772]]",0,1,county_code_unverified|timezone_not_normalized_to_utc
132609,22279,2008,2008-08-27T06:30:00,2008-08-27T13:00:00,EST-5,6.5,37,37159,C,159,ROWAN,0,0,0,0,0.00,0.00,Heavy Rain / Tropical System,0,"[[35.628,-80.742],[35.705,-80.475],[35.685,-80.393],[35.502,-80.415],[35.507,-80.731]]",0,1,county_code_unverified|timezone_not_normalized_to_utc
132822,20283,2008,2008-08-27T18:18:00,2008-08-27T22:15:00,AST-4,3.95,99,,C,008,NORTHWEST,0,0,0,0,0.00,0.00,Heavy Rain,0,"[[18.3992,-67.1563],[18.3988,-67.1564],[18.3988,-67.1561],[18.3992,-67.156]]",0,1,requires_crosswalk_or_marine_review|timezone_not_normalized_to_utc
132825,19302,2008,2008-08-15T11:00:00,2008-08-15T11:00:00,AST-4,0.0,99,,C,007,PONCE AND VICINITY,0,0,0,0,0.00,0.00,Heavy Rain,0,"[[18.0369,-66.8921],[18.0358,-66.8888],[18.0365,-66.8884],[18.0375,-66.8909]]",0,1,requires_crosswalk_or_marine_review|timezone_not_normalized_to_utc
132872,22618,2008,2008-10-22T11:38:00,2008-10-26T18:30:00,CST-6,102.86666666666666,31,31151,C,151,SALINE,0,0,0,0,10000.00,0.00,Heavy Rain,0,"[[40.3604,-96.8768],[40.379,-96.9214],[40.4051,-96.9914],[40.5686,-97.1171],[40.6173,-97.1233],[40.555,-96.9997]]",0,1,county_code_unverified|timezone_not_normalized_to_utc
132874,22618,2008,2008-10-22T13:44:00,2008-10-25T03:15:00,CST-6,61.516666666666666,31,31151,C,151,SALINE,0,0,0,0,10000.00,0.00,Heavy Rain,0,"[[40.63,-96.95],[40.4012,-96.9087],[40.3795,-96.9585],[40.6832,-97.0065],[40.6937,-96.9619]]",0,1,county_code_unverified|timezone_not_normalized_to_utc
132902,22622,2008,2008-08-13T08:20:00,2008-08-13T11:00:00,EST-5,2.6666666666666665,13,13081,C,081,CRISP,0,0,0,0,1000.00,0.00,Heavy Rain,0,"[[31.9785,-83.7806],[31.9786,-83.7799],[31.9778,-83.7798],[31.978,-83.7806]]",0,1,county_code_unverified|timezone_not_normalized_to_utc
133005,22641,2008,2008-08-06T12:00:00,2008-08-06T16:00:00,EST-5,4.0,50,50027,C,027,WINDSOR,0,0,0,0,100000.00,0.00,Heavy Rain,0,"[[43.7699,-72.7708],[43.7699,-72.7483],[43.791,-72.7541],[43.9131,-72.8213],[43.9039,-72.8421]]",0,1,county_code_unverified|timezone_not_normalized_to_utc
133113,22665,2008,2008-09-13T18:00:00,2008-09-15T15:00:00,CST-6,45.0,19,19111,C,111,LEE,0,0,0,0,500000.00,500000.00,Heavy Rain,0,"[[40.8128,-91.454],[40.8126,-91.3721],[40.7166,-91.1131],[40.6765,-91.1172]]",0,1,county_code_unverified|timezone_not_normalized_to_utc
133115,22665,2008,2008-09-13T18:00:00,2008-09-15T15:00:00,CST-6,45.0,19,19057,C,057,DES MOINES,0,0,0,0,500000.00,500000.00,Heavy Rain,0,"[[40.8128,-91.454],[40.8126,-91.3721],[40.7166,-91.1131],[40.6765,-91.1171]]",0,1,county_code_unverified|timezone_not_normalized_to_utc
133133,22666,2008,2008-09-13T18:00:00,2008-09-15T13:00:00,CST-6,43.0,29,29045,C,045,CLARK,0,0,0,0,500000.00,500000.00,Heavy Rain,0,"[[40.6056,-91.9423],[40.6087,-91.853],[40.3497,-91.4578],[40.2808,-91.4924]]",0,1,county_code_unverified|timezone_not_normalized_to_utc
133271,22721,2008,2008-09-14T14:00:00,2008-09-15T12:00:00,EST-5,22.0,26,26145,C,145,SAGINAW,0,0,0,0,100000.00,0.00,Heavy Rain,0,"[[43.17,-84.35],[43.4,-84.33],[43.52,-84.12],[43.45,-83.78],[43.25,-83.8],[43.18,-83.98]]",0,1,county_code_unverified|timezone_not_normalized_to_utc
133281,22721,2008,2008-09-14T14:00:00,2008-09-15T12:00:00,EST-5,22.0,26,26087,C,087,LAPEER,0,0,0,0,125000.00,0.00,Heavy Rain,0,"[[42.95,-83.4],[43.22,-83.47],[43.32,-83.18],[42.92,-83.03]]",0,1,county_code_unverified|timezone_not_normalized_to_utc
133283,22721,2008,2008-09-14T14:00:00,2008-09-15T12:00:00,EST-5,22.0,26,26147,C,147,ST. CLAIR,0,0,0,0,300000.00,0.00,Heavy Rain,0,"[[43.13,-82.78],[43.12,-82.48],[42.62,-82.53],[42.68,-82.68],[42.93,-82.7],[42.92,-82.93],[43.0779,-82.92]]",0,1,county_code_unverified|timezone_not_normalized_to_utc
133284,22721,2008,2008-09-14T14:00:00,2008-09-15T12:00:00,EST-5,22.0,26,26099,C,099,MACOMB,0,0,0,0,750000.00,0.00,Heavy Rain,0,"[[42.8205,-83.0479],[42.9,-82.75],[42.68,-82.73],[42.48,-82.87],[42.52,-83.0]]",0,1,county_code_unverified|timezone_not_normalized_to_utc
133285,22721,2008,2008-09-14T14:00:00,2008-09-15T12:00:00,EST-5,22.0,26,26125,C,125,OAKLAND,0,0,0,0,500000.00,0.00,Heavy Rain,0,"[[42.47,-83.63],[42.8,-83.62],[42.87,-83.13],[42.47,-83.13]]",0,1,county_code_unverified|timezone_not_normalized_to_utc
133287,22721,2008,2008-09-14T14:00:00,2008-09-15T12:00:00,EST-5,22.0,26,26093,C,093,LIVINGSTON,0,0,0,0,250000.00,0.00,Heavy Rain,0,"[[42.45,-84.08],[42.7279,-84.07],[42.7209,-83.7143],[42.45,-83.68]]",0,1,county_code_unverified|timezone_not_normalized_to_utc
133288,22721,2008,2008-09-14T14:00:00,2008-09-15T12:00:00,EST-5,22.0,26,26155,C,155,SHIAWASSEE,0,0,0,0,50000.00,0.00,Heavy Rain,0,"[[42.8,-84.3],[43.05,-84.28],[43.12,-83.97],[42.82,-83.95]]",0,1,county_code_unverified|timezone_not_normalized_to_utc
133289,22721,2008,2008-09-14T14:00:00,2008-09-15T12:00:00,EST-5,22.0,26,26161,C,161,WASHTENAW,0,0,0,0,200000.00,0.00,Heavy Rain,0,"[[42.15,-84.03],[42.3712,-84.0892],[42.4,-83.57],[42.13,-83.6]]",0,1,county_code_unverified|timezone_not_normalized_to_utc
133290,22721,2008,2008-09-14T14:00:00,2008-09-15T12:00:00,EST-5,22.0,26,26163,C,163,WAYNE,0,0,0,0,350000.00,0.00,Heavy Rain,0,"[[42.43,-83.48],[42.43,-82.87],[42.07,-83.25],[42.12,-83.5]]",0,1,county_code_unverified|timezone_not_normalized_to_utc
133306,22724,2008,2008-09-15T05:30:00,2008-09-24T00:30:00,EST-5,211.0,26,26093,C,093,LIVINGSTON,0,0,0,0,150000.00,0.00,Heavy Rain,0,"[[42.4794,-83.8025],[42.4567,-83.828],[42.4602,-83.7932],[42.4754,-83.7852]]",0,1,county_code_unverified|timezone_not_normalized_to_utc
133310,22727,2008,2008-09-13T22:00:00,2008-09-16T20:00:00,EST-5,70.0,26,26099,C,099,MACOMB,0,0,0,0,50000.00,0.00,Heavy Rain,0,"[[42.5318,-82.9894],[42.5844,-82.8074],[42.6335,-82.8767],[42.5693,-83.0161]]",0,1,county_code_unverified|timezone_not_normalized_to_utc
133349,22721,2008,2008-09-14T14:00:00,2008-09-15T12:00:00,EST-5,22.0,26,26157,C,157,TUSCOLA,0,0,0,0,75000.00,0.00,Heavy Rain,0,"[[43.58,-83.67],[43.7,-83.55],[43.6,-83.17],[43.42,-83.18],[43.28,-83.53],[43.32,-83.67]]",0,1,county_code_unverified|timezone_not_normalized_to_utc
133353,22738,2008,2008-08-15T18:30:00,2008-08-15T21:30:00,CST-6,3.0,20,20187,C,187,STANTON,0,0,0,0,0.00,0.00,Heavy Rain,0,"[[37.5747,-101.7609],[37.5711,-101.7625],[37.5708,-101.7628],[37.5705,-101.7633]]",0,1,county_code_unverified|timezone_not_normalized_to_utc
133751,22455,2008,2008-08-20T02:00:00,2008-08-20T08:00:00,CST-6,6.0,48,48113,C,113,DALLAS,0,0,0,0,0.00,0.00,Heavy Rain,0,"[[32.8187,-96.6338],[32.8207,-96.6379],[32.8164,-96.6419],[32.8144,-96.6407]]",0,1,county_code_unverified|timezone_not_normalized_to_utc
133876,22615,2008,2008-08-26T19:00:00,2008-08-27T00:00:00,EST-5,5.0,13,13139,C,139,HALL,0,0,0,0,0.00,0.00,Heavy Rain / Tropical System,0,"[[34.4994,-83.8333],[34.4991,-83.6698],[34.4426,-83.6325],[34.4436,-83.8749]]",0,1,county_code_unverified|timezone_not_normalized_to_utc
133951,22860,2008,2008-08-08T16:30:00,2008-08-10T02:15:00,EST-5,33.75,23,23025,C,025,SOMERSET,0,0,0,0,0.00,0.00,Heavy Rain,0,"[[44.7679,-69.714],[44.7662,-69.7168],[44.7655,-69.7161],[44.7677,-69.7135]]",0,1,county_code_unverified|timezone_not_normalized_to_utc
133952,22861,2008,2008-08-08T03:45:00,2008-08-08T11:00:00,EST-5,7.25,23,23031,C,031,YORK,0,0,0,0,35000.00,0.00,Heavy Rain,0,"[[43.54,-70.8853],[43.5375,-70.8896],[43.5369,-70.8867],[43.5381,-70.8853]]",0,1,county_code_unverified|timezone_not_normalized_to_utc
133953,22861,2008,2008-08-08T03:45:00,2008-08-08T11:00:00,EST-5,7.25,23,23031,C,031,YORK,0,0,0,0,67000.00,0.00,Heavy Rain,0,"[[43.4788,-70.7187],[43.4687,-70.7231],[43.4718,-70.713],[43.4769,-70.7134]]",0,1,county_code_unverified|timezone_not_normalized_to_utc
133954,22861,2008,2008-08-08T03:45:00,2008-08-08T11:00:00,EST-5,7.25,23,23031,C,031,YORK,0,0,0,0,639000.00,0.00,Heavy Rain,0,"[[43.425,-70.9312],[43.4013,-70.9645],[43.3891,-70.925],[43.3998,-70.8924]]",0,1,county_code_unverified|timezone_not_normalized_to_utc
133955,22861,2008,2008-08-08T03:45:00,2008-08-08T11:00:00,EST-5,7.25,23,23031,C,031,YORK,0,0,0,0,37000.00,0.00,Heavy Rain,0,"[[43.5498,-70.4824],[43.5767,-70.4873],[43.5824,-70.5243],[43.5503,-70.5006]]",0,1,county_code_unverified|timezone_not_normalized_to_utc
133956,22861,2008,2008-08-08T03:45:00,2008-08-08T11:00:00,EST-5,7.25,23,23031,C,031,YORK,0,0,0,0,15000.00,0.00,Heavy Rain,0,"[[43.5417,-70.8364],[43.5457,-70.8567],[43.5375,-70.855],[43.5349,-70.8391]]",0,1,county_code_unverified|timezone_not_normalized_to_utc
133957,22861,2008,2008-08-08T03:45:00,2008-08-08T11:00:00,EST-5,7.25,23,23031,C,031,YORK,0,0,0,0,36000.00,0.00,Heavy Rain,0,"[[43.5893,-70.7228],[43.5788,-70.7217],[43.5748,-70.6828],[43.5917,-70.6982]]",0,1,county_code_unverified|timezone_not_normalized_to_utc
133961,22864,2008,2008-08-08T03:45:00,2008-08-08T11:00:00,EST-5,7.25,23,23005,C,005,CUMBERLAND,0,0,0,0,64000.00,0.00,Heavy Rain,0,"[[43.9082,-69.9951],[43.899,-69.9853],[43.8947,-69.956],[43.9028,-69.9673]]",0,1,county_code_unverified|timezone_not_normalized_to_utc
133962,22864,2008,2008-08-08T03:45:00,2008-08-08T11:00:00,EST-5,7.25,23,23005,C,005,CUMBERLAND,0,0,0,0,83000.00,0.00,Heavy Rain,0,"[[43.7912,-70.2607],[43.7795,-70.2606],[43.7785,-70.2535],[43.79,-70.2566]]",0,1,county_code_unverified|timezone_not_normalized_to_utc
133963,22864,2008,2008-08-08T03:45:00,2008-08-08T11:00:00,EST-5,7.25,23,23005,C,005,CUMBERLAND,0,0,0,0,581000.00,0.00,Heavy Rain,0,"[[43.8712,-70.0936],[43.8915,-70.0696],[43.8464,-70.0904],[43.8256,-70.1182],[43.8608,-70.1518]]",0,1,county_code_unverified|timezone_not_normalized_to_utc
133964,22864,2008,2008-08-08T03:45:00,2008-08-08T11:00:00,EST-5,7.25,23,23005,C,005,CUMBERLAND,0,0,0,0,23000.00,0.00,Heavy Rain,0,"[[43.8758,-70.2117],[43.8717,-70.2511],[43.8524,-70.2885],[43.8447,-70.2229]]",0,1,county_code_unverified|timezone_not_normalized_to_utc
133965,22864,2008,2008-08-08T03:45:00,2008-08-08T11:00:00,EST-5,7.25,23,23005,C,005,CUMBERLAND,0,0,0,0,55000.00,0.00,Heavy Rain,0,"[[43.9192,-70.1841],[43.8895,-70.1457],[43.8722,-70.18],[43.9187,-70.2191]]",0,1,county_code_unverified|timezone_not_normalized_to_utc
133966,22865,2008,2008-08-10T16:30:00,2008-08-10T19:30:00,EST-5,3.0,33,33001,C,001,BELKNAP,0,0,0,0,0.00,0.00,Heavy Rain,0,"[[43.5713,-71.487],[43.5717,-71.481],[43.5683,-71.4813],[43.5692,-71.4845]]",0,1,county_code_unverified|timezone_not_normalized_to_utc
133967,22865,2008,2008-08-10T16:30:00,2008-08-10T19:30:00,EST-5,3.0,33,33001,C,001,BELKNAP,0,0,0,0,0.00,0.00,Heavy Rain,0,"[[43.6649,-71.4991],[43.6655,-71.5016],[43.663,-71.5005],[43.6639,-71.4986]]",0,1,county_code_unverified|timezone_not_normalized_to_utc
133968,22865,2008,2008-08-10T16:30:00,2008-08-10T19:30:00,EST-5,3.0,33,33001,C,001,BELKNAP,0,0,0,0,0.00,0.00,Heavy Rain,0,"[[43.5549,-71.4065],[43.5467,-71.4123],[43.5354,-71.4056],[43.541,-71.396]]",0,1,county_code_unverified|timezone_not_normalized_to_utc
134004,22803,2008,2008-08-19T08:30:00,2008-08-19T15:00:00,CST-6,6.5,40,40017,C,017,CANADIAN,0,0,0,0,75000.00,0.00,Heavy Rain,0,"[[35.5434,-97.74],[35.4795,-97.7651],[35.4488,-97.8028],[35.39,-97.94],[35.5786,-97.8255],[35.5724,-97.74]]",0,1,county_code_unverified|timezone_not_normalized_to_utc
134006,22803,2008,2008-08-19T09:00:00,2008-08-19T13:00:00,CST-6,4.0,40,40109,C,109,OKLAHOMA,0,0,0,0,0.00,0.00,Heavy Rain,0,"[[35.52,-97.62],[35.4521,-97.64],[35.4691,-97.5897],[35.55,-97.54]]",0,1,county_code_unverified|timezone_not_normalized_to_utc
134041,22804,2008,2008-08-19T04:30:00,2008-08-19T06:30:00,CST-6,2.0,48,48485,C,485,WICHITA,0,0,0,0,0.00,0.00,Heavy Rain,0,"[[33.91,-98.49],[34.0695,-98.5353],[34.09,-98.56],[33.95,-98.67]]",0,1,county_code_unverified|timezone_not_normalized_to_utc
134043,22804,2008,2008-08-19T07:28:00,2008-08-19T09:30:00,CST-6,2.033333333333333,48,48077,C,077,CLAY,0,0,0,0,0.00,0.00,Heavy Rain,0,"[[34.01,-98.23],[33.82,-98.19],[33.8507,-98.153],[34.07,-98.19]]",0,1,county_code_unverified|timezone_not_normalized_to_utc
134227,20292,2008,2008-08-22T04:00:00,2008-08-22T13:00:00,EST-5,9.0,12,12031,C,031,DUVAL,0,0,0,0,0.00,0.00,Heavy Rain / Tropical System,0,"[[30.3216,-81.7019],[30.3217,-81.7004],[30.326,-81.6995],[30.3275,-81.6909],[30.3258,-81.6817],[30.3279,-81.6812],[30.3293,-81.6918],[30.3266,-81.7015]]",0,1,county_code_unverified|timezone_not_normalized_to_utc
134291,22927,2008,2008-09-06T20:00:00,2008-09-07T00:45:00,EST-5,4.75,36,36027,C,027,DUTCHESS,0,0,0,0,0.00,0.00,Heavy Rain,0,"[[41.56,-73.6],[41.5765,-73.5356],[41.555,-73.5313],[41.5507,-73.5895]]",0,1,county_code_unverified|timezone_not_normalized_to_utc
134297,22928,2008,2008-09-06T20:30:00,2008-09-06T22:15:00,EST-5,1.75,09,09005,C,005,LITCHFIELD,0,0,0,0,0.00,0.00,Heavy Rain,0,"[[41.59,-73.41],[41.5918,-73.4494],[41.5796,-73.4474],[41.5762,-73.4199]]",0,1,county_code_unverified|timezone_not_normalized_to_utc
134381,21782,2008,2008-09-06T17:03:00,2008-09-06T21:57:00,EST-5,4.9,42,42029,C,029,CHESTER,0,0,0,0,0.00,0.00,Heavy Rain / Tropical System,0,"[[40.1,-75.47],[40.1047,-75.4301],[40.1223,-75.455],[40.121,-75.4737]]",0,1,county_code_unverified|timezone_not_normalized_to_utc
134393,22950,2008,2008-09-16T12:15:00,2008-09-24T22:00:00,CST-6,201.75,29,29031,C,031,CAPE GIRARDEAU,0,0,0,0,0.00,0.00,Heavy Rain,0,"[[37.266,-89.5307],[37.2661,-89.5255],[37.2924,-89.5176],[37.2926,-89.5212]]",0,1,county_code_unverified|timezone_not_normalized_to_utc
134395,22951,2008,2008-09-17T12:00:00,2008-09-24T15:00:00,CST-6,171.0,17,17003,C,003,ALEXANDER,0,0,0,0,0.00,0.00,Heavy Rain,0,"[[37.25,-89.45],[37.2238,-89.461],[37.2216,-89.4661],[37.246,-89.4558]]",0,1,county_code_unverified|timezone_not_normalized_to_utc
134396,22952,2008,2008-09-19T13:00:00,2008-09-22T18:00:00,CST-6,77.0,17,17077,C,077,JACKSON,0,0,0,0,0.00,0.00,Heavy Rain,0,"[[37.7624,-89.3705],[37.759,-89.3714],[37.7537,-89.3578],[37.7569,-89.3592]]",0,1,county_code_unverified|timezone_not_normalized_to_utc
134400,22950,2008,2008-09-16T12:00:00,2008-09-24T19:00:00,CST-6,199.0,29,29201,C,201,SCOTT,0,0,0,0,0.00,0.00,Heavy Rain,0,"[[37.1468,-89.4687],[37.1533,-89.4548],[37.1497,-89.4532],[37.1462,-89.4625]]",0,1,county_code_unverified|timezone_not_normalized_to_utc
134423,22946,2008,2008-09-28T11:30:00,2008-09-28T16:00:00,EST-5,4.5,42,42095,C,095,NORTHAMPTON,0,0,0,0,0.00,0.00,Heavy Rain,0,"[[40.6597,-75.383],[40.6343,-75.389],[40.63,-75.38],[40.6601,-75.3285]]",0,1,county_code_unverified|timezone_not_normalized_to_utc
134429,21781,2008,2008-09-06T17:14:00,2008-09-06T21:22:00,EST-5,4.133333333333334,34,34027,C,027,MORRIS,0,0,0,0,0.00,0.00,Heavy Rain / Tropical System,0,"[[40.8,-74.47],[40.7988,-74.4779],[40.8041,-74.4792],[40.8011,-74.4653]]",0,1,county_code_unverified|timezone_not_normalized_to_utc
134523,21308,2008,2008-09-03T16:15:00,2008-09-03T16:15:00,AST-4,0.0,99,,C,010,MAYAGUEZ AND VICINITY,0,0,0,0,0.00,0.00,Heavy Rain,0,"[[18.2766,-67.124],[18.2734,-67.1245],[18.2737,-67.1201],[18.2773,-67.1188]]",0,1,requires_crosswalk_or_marine_review|timezone_not_normalized_to_utc
134526,21308,2008,2008-09-03T17:41:00,2008-09-03T17:41:00,AST-4,0.0,99,,C,002,NORTHEAST,0,0,0,0,0.00,0.00,Heavy Rain,0,"[[18.3733,-65.7637],[18.3741,-65.7641],[18.3753,-65.7617],[18.3749,-65.7616]]",0,1,requires_crosswalk_or_marine_review|timezone_not_normalized_to_utc
134536,21031,2008,2008-09-11T15:00:00,2008-09-12T12:00:00,CST-6,21.0,48,48303,C,303,LUBBOCK,0,0,0,0,4500000.00,0.00,Heavy Rain,0,"[[33.491,-102.1179],[33.8043,-101.89],[33.7974,-101.6867],[33.4314,-101.6016]]",0,1,county_code_unverified|timezone_not_normalized_to_utc
134537,21031,2008,2008-09-11T15:00:00,2008-09-12T12:00:00,CST-6,21.0,48,48219,C,219,HOCKLEY,0,0,0,0,10000.00,0.00,Heavy Rain,0,"[[33.4962,-102.3926],[33.5654,-102.3706],[33.4956,-102.3102],[33.4899,-102.3555]]",0,1,county_code_unverified|timezone_not_normalized_to_utc
134539,21031,2008,2008-09-11T15:00:00,2008-09-12T12:00:00,CST-6,21.0,48,48153,C,153,FLOYD,0,0,0,0,25000.00,0.00,Heavy Rain,0,"[[33.9548,-101.3297],[33.9844,-101.4999],[34.1107,-101.4395],[34.0094,-101.3228]]",0,1,county_code_unverified|timezone_not_normalized_to_utc
134540,21031,2008,2008-09-11T15:00:00,2008-09-12T12:00:00,CST-6,21.0,48,48189,C,189,HALE,0,0,0,0,0.00,0.00,Heavy Rain,0,"[[33.8271,-101.8597],[33.8636,-101.5686],[33.9308,-101.5961],[33.8773,-101.857]]",0,1,county_code_unverified|timezone_not_normalized_to_utc
134541,21031,2008,2008-09-11T15:00:00,2008-09-12T12:00:00,CST-6,21.0,48,48305,C,305,LYNN,0,0,0,0,10000.00,0.00,Heavy Rain,0,"[[33.1422,-101.7773],[33.1629,-102.0273],[33.3374,-101.9682],[33.2892,-101.7856]]",0,1,county_code_unverified|timezone_not_normalized_to_utc
134542,21031,2008,2008-09-11T15:00:00,2008-09-12T12:00:00,CST-6,21.0,48,48107,C,107,CROSBY,0,0,0,0,0.00,0.00,Heavy Rain,0,"[[33.4727,-101.283],[33.4406,-101.0523],[33.6123,-101.1127],[33.594,-101.2335]]",0,1,county_code_unverified|timezone_not_normalized_to_utc
134653,23017,2008,2008-08-19T14:00:00,2008-08-19T22:00:00,EST-5,8.0,12,12093,C,093,OKEECHOBEE,0,0,0,0,1200.00,0.00,Heavy Rain / Tropical System,0,"[[27.4888,-81.1423],[27.0151,-80.9308],[27.1667,-80.6506],[27.6203,-80.6946]]",0,1,county_code_unverified|timezone_not_normalized_to_utc
134662,23017,2008,2008-08-19T14:00:00,2008-08-19T22:00:00,EST-5,8.0,12,12085,C,085,MARTIN,0,0,0,0,20000.00,0.00,Heavy Rain / Tropical System,0,"[[27.0714,-80.1],[27.3669,-80.2277],[27.4132,-80.6122],[26.971,-80.538]]",0,1,county_code_unverified|timezone_not_normalized_to_utc
134664,23017,2008,2008-08-19T14:00:00,2008-08-19T22:00:00,EST-5,8.0,12,12111,C,111,ST. LUCIE,0,0,0,0,67000000.00,20000000.00,Heavy Rain / Tropical System,0,"[[27.5546,-80.3073],[27.3913,-80.2277],[27.4059,-80.6616],[27.6032,-80.6397]]",0,1,county_code_unverified|timezone_not_normalized_to_utc
134665,23017,2008,2008-08-19T14:00:00,2008-08-19T22:00:00,EST-5,8.0,12,12061,C,061,INDIAN RIVER,0,1,0,0,20000.00,5000000.00,Heavy Rain / Tropical System,0,"[[27.8294,-80.4309],[27.8439,-80.8319],[27.5996,-80.7646],[27.6714,-80.343]]",0,1,county_code_unverified|timezone_not_normalized_to_utc
134719,23049,2008,2008-10-22T06:06:00,2008-10-22T09:35:00,CST-6,3.4833333333333334,19,19173,C,173,TAYLOR,0,0,0,0,0.00,10000.00,Heavy Rain,0,"[[40.7513,-94.6431],[40.739,-94.6115],[40.5731,-94.7627],[40.5739,-94.818]]",0,1,county_code_unverified|timezone_not_normalized_to_utc
134746,23056,2008,2008-09-07T08:41:00,2008-09-07T11:30:00,EST-5,2.816666666666667,23,23009,C,009,HANCOCK,0,0,0,0,450000.00,0.00,Heavy Rain,0,"[[44.7677,-68.1207],[44.5543,-68.7854],[44.1507,-68.6591],[44.3788,-68.0383]]",0,1,county_code_unverified|timezone_not_normalized_to_utc
134747,23056,2008,2008-09-07T09:52:00,2008-09-07T12:45:00,EST-5,2.8833333333333333,23,23029,C,029,WASHINGTON,0,0,0,0,291000.00,0.00,Heavy Rain,0,"[[45.15,-67.42],[45.0308,-67.9532],[44.4416,-67.8159],[44.8043,-66.9397]]",0,1,county_code_unverified|timezone_not_normalized_to_utc
134750,23061,2008,2008-09-28T09:00:00,2008-09-28T22:38:00,EST-5,13.633333333333333,23,23009,C,009,HANCOCK,0,0,0,0,0.00,0.00,Heavy Rain / Tropical System,0,"[[44.68,-68.65],[44.1389,-68.6563],[44.3906,-67.9807],[44.7477,-68.2086]]",0,1,county_code_unverified|timezone_not_normalized_to_utc
134751,23061,2008,2008-09-28T13:00:00,2008-09-28T22:33:00,EST-5,9.55,23,23029,C,029,WASHINGTON,0,0,0,0,0.00,0.00,Heavy Rain / Tropical System,0,"[[45.4235,-67.7329],[45.4173,-67.9216],[45.3813,-67.9195],[45.4006,-67.7184]]",0,1,county_code_unverified|timezone_not_normalized_to_utc
134821,23082,2008,2008-09-12T07:52:00,2008-09-12T13:15:00,CST-6,5.383333333333334,20,20003,C,003,ANDERSON,0,0,0,0,0.00,0.00,Heavy Rain,0,"[[38.0784,-95.1032],[38.3705,-95.1045],[38.2921,-95.5399],[38.0589,-95.43]]",0,1,county_code_unverified|timezone_not_normalized_to_utc
134824,23082,2008,2008-09-12T06:36:00,2008-09-12T13:00:00,CST-6,6.4,20,20031,C,031,COFFEY,0,0,0,0,0.00,0.00,Heavy Rain,0,"[[38.42,-95.53],[38.3995,-95.8761],[38.129,-95.88],[38.067,-95.6099]]",0,1,county_code_unverified|timezone_not_normalized_to_utc
134993,23132,2008,2008-09-08T08:45:00,2008-09-29T12:00:00,CST-6,507.25,48,48377,C,377,PRESIDIO,0,0,0,0,0.00,0.00,Planned Dam Release,0,"[[29.3131,-104.023],[29.4,-104.18],[29.5,-104.25],[29.63,-104.31],[29.38,-103.79],[29.3056,-103.5049],[29.15,-103.58]]",0,1,county_code_unverified|timezone_not_normalized_to_utc
135170,21119,2008,2008-09-13T19:00:00,2008-09-13T22:30:00,CST-6,3.5,20,20191,C,191,SUMNER,0,0,1,0,10000.00,100.00,Heavy Rain,1,"[[37.2447,-97.7598],[37.24,-97.7522],[37.2379,-97.7546],[37.2428,-97.7608]]",0,1,county_code_unverified|timezone_not_normalized_to_utc
135233,21119,2008,2008-09-12T07:00:00,2008-09-15T07:23:00,CST-6,72.38333333333334,20,20035,C,035,COWLEY,0,0,0,0,255000.00,500.00,Heavy Rain,0,"[[37.2394,-97.0152],[37.2385,-97.01],[37.2355,-97.0051],[37.2311,-97.0057],[37.232,-97.018]]",0,1,county_code_unverified|timezone_not_normalized_to_utc
135381,21308,2008,2008-09-03T06:59:00,2008-09-03T10:00:00,AST-4,3.0166666666666666,99,,C,011,SOUTHWEST,0,0,0,0,5000.00,0.00,Heavy Rain,0,"[[18.0663,-67.1592],[18.0662,-67.1591],[18.0661,-67.1593],[18.0663,-67.1594]]",0,1,requires_crosswalk_or_marine_review|timezone_not_normalized_to_utc
135389,21308,2008,2008-09-03T07:55:00,2008-09-03T11:00:00,AST-4,3.0833333333333335,99,,C,002,NORTHEAST,0,0,0,0,5000.00,0.00,Heavy Rain,0,"[[18.372,-65.7716],[18.372,-65.7711],[18.3717,-65.7714],[18.3717,-65.7721]]",0,1,requires_crosswalk_or_marine_review|timezone_not_normalized_to_utc
135527,22987,2008,2008-09-13T17:00:00,2008-09-14T07:00:00,CST-6,14.0,17,17089,C,089,KANE,0,0,0,0,0.00,0.00,Heavy Rain,0,"[[42.0674,-88.2649],[42.0674,-88.2443],[42.1535,-88.2443],[42.1535,-88.5847],[42.0661,-88.5846],[42.0661,-88.5975],[41.726,-88.5975],[41.726,-88.2649]]",0,1,county_code_unverified|timezone_not_normalized_to_utc
135528,22987,2008,2008-09-13T17:00:00,2008-09-14T07:00:00,CST-6,14.0,17,17043,C,043,DU PAGE,0,0,0,0,0.00,0.00,Heavy Rain,0,"[[41.7304,-88.0307],[41.6857,-88.0307],[41.6857,-87.9828],[41.7171,-87.9147],[41.9936,-87.9205],[41.9851,-88.2632],[41.726,-88.2649]]",0,1,county_code_unverified|timezone_not_normalized_to_utc
135529,22987,2008,2008-09-13T17:00:00,2008-09-14T06:00:00,CST-6,13.0,17,17031,C,031,COOK,0,0,0,0,0.00,0.00,Heavy Rain,0,"[[41.7228,-87.5272],[42.1524,-87.7603],[42.1535,-88.2443],[42.0674,-88.2443],[42.0674,-88.2649],[41.9851,-88.2632],[41.9936,-87.9205],[41.7171,-87.9147]]",0,1,county_code_unverified|timezone_not_normalized_to_utc
135595,23239,2008,2008-09-14T15:30:00,2008-09-16T12:00:00,CST-6,44.5,17,17031,C,031,COOK,0,0,0,0,0.00,0.00,Heavy Rain,0,"[[41.7228,-87.5272],[42.1524,-87.7603],[42.1535,-88.2443],[42.0674,-88.2443],[42.0674,-88.2649],[41.9851,-88.2632],[41.9936,-87.9205],[41.7171,-87.9147]]",0,1,county_code_unverified|timezone_not_normalized_to_utc
135596,23239,2008,2008-09-14T15:30:00,2008-09-16T12:00:00,CST-6,44.5,17,17031,C,031,COOK,0,0,0,0,0.00,0.00,Heavy Rain,0,"[[41.4705,-87.5263],[41.7228,-87.5272],[41.7171,-87.9147],[41.557,-87.9076],[41.5587,-87.7926],[41.47,-87.7904]]",0,1,county_code_unverified|timezone_not_normalized_to_utc
135597,23239,2008,2008-09-14T15:30:00,2008-09-17T12:00:00,CST-6,68.5,17,17043,C,043,DU PAGE,0,0,0,0,0.00,0.00,Heavy Rain,0,"[[41.7304,-88.0307],[41.726,-88.2649],[41.9851,-88.2632],[41.9936,-87.9205],[41.7171,-87.9205],[41.6857,-87.9828],[41.6857,-88.0307]]",0,1,county_code_unverified|timezone_not_normalized_to_utc
135598,23239,2008,2008-09-14T15:30:00,2008-09-17T12:00:00,CST-6,68.5,17,17089,C,089,KANE,0,0,0,0,0.00,0.00,Heavy Rain,0,"[[42.0674,-88.2649],[42.0674,-88.2443],[42.1535,-88.2443],[42.1535,-88.5847],[42.0661,-88.5846],[42.0661,-88.5975],[41.726,-88.5946],[41.726,-88.2649]]",0,1,county_code_unverified|timezone_not_normalized_to_utc
135599,23239,2008,2008-09-14T15:30:00,2008-09-17T12:00:00,CST-6,68.5,17,17037,C,037,DE KALB,0,0,0,0,0.00,0.00,Heavy Rain,0,"[[42.0661,-88.5975],[42.0661,-88.5846],[42.1535,-88.5847],[42.1522,-88.9396],[41.629,-88.9378],[41.6323,-88.6034]]",0,1,county_code_unverified|timezone_not_normalized_to_utc
135602,23239,2008,2008-09-14T15:30:00,2008-09-17T12:00:00,CST-6,68.5,17,17099,C,099,LA SALLE,5,0,0,0,15000.00,0.00,Heavy Rain,0,"[[41.6323,-88.6034],[41.628,-89.1661],[41.1056,-89.1604],[41.1059,-89.0464],[40.927,-89.0468],[40.9287,-88.9326],[41.1073,-88.9324],[41.1087,-88.5862]]",0,1,county_code_unverified|timezone_not_normalized_to_utc
135604,23239,2008,2008-09-14T15:30:00,2008-09-16T12:00:00,CST-6,44.5,17,17093,C,093,KENDALL,0,0,0,0,0.00,0.00,Heavy Rain,0,"[[41.726,-88.5946],[41.726,-88.2649],[41.4647,-88.2527],[41.461,-88.5956]]",0,1,county_code_unverified|timezone_not_normalized_to_utc
135605,23239,2008,2008-09-14T15:30:00,2008-09-17T12:00:00,CST-6,68.5,17,17063,C,063,GRUNDY,0,0,0,0,0.00,0.00,Heavy Rain,0,"[[41.461,-88.5956],[41.4647,-88.2527],[41.1149,-88.2417],[41.1087,-88.5862]]",0,1,county_code_unverified|timezone_not_normalized_to_utc
135607,23239,2008,2008-09-14T15:30:00,2008-09-16T12:00:00,CST-6,44.5,17,17197,C,197,WILL,0,0,0,0,0.00,0.00,Heavy Rain,0,"[[41.726,-88.2649],[41.7304,-88.0307],[41.6416,-88.028],[41.292,-88.0134],[41.2038,-88.0118],[41.2017,-88.2434]]",0,1,county_code_unverified|timezone_not_normalized_to_utc
135609,23239,2008,2008-09-14T15:30:00,2008-09-16T18:00:00,CST-6,50.5,17,17197,C,197,WILL,0,0,0,0,0.00,0.00,Heavy Rain,0,"[[41.47,-87.7904],[41.4705,-87.5263],[41.2977,-87.5277],[41.292,-88.0134],[41.6416,-88.028],[41.6441,-87.912],[41.557,-87.9076],[41.5587,-87.7926]]",0,1,county_code_unverified|timezone_not_normalized_to_utc
135610,23239,2008,2008-09-14T15:30:00,2008-09-16T12:00:00,CST-6,44.5,17,17091,C,091,KANKAKEE,0,0,0,0,0.00,0.00,Heavy Rain,0,"[[41.2038,-88.0118],[41.292,-88.0134],[41.2977,-87.5277],[41.0115,-87.5274],[40.9956,-88.2468],[41.2017,-88.2434]]",0,1,county_code_unverified|timezone_not_normalized_to_utc
135611,23239,2008,2008-09-14T15:30:00,2008-09-16T12:00:00,CST-6,44.5,17,17075,C,075,IROQUOIS,0,0,0,0,0.00,0.00,Heavy Rain,0,"[[40.9978,-88.1319],[41.0115,-87.5274],[40.4916,-87.5266],[40.4881,-88.118]]",0,1,county_code_unverified|timezone_not_normalized_to_utc
135643,23241,2008,2008-09-14T15:30:00,2008-09-17T12:00:00,CST-6,68.5,18,18089,C,089,LAKE,0,0,0,0,0.00,0.00,Heavy Rain,0,"[[41.1663,-87.5266],[41.1829,-87.3453],[41.2159,-87.286],[41.2444,-87.2205],[41.624,-87.223],[41.6201,-87.3204],[41.6406,-87.4234],[41.7063,-87.524]]",0,1,county_code_unverified|timezone_not_normalized_to_utc
135644,23241,2008,2008-09-14T15:30:00,2008-09-17T12:00:00,CST-6,68.5,18,18127,C,127,PORTER,0,0,0,0,0.00,0.00,Heavy Rain,0,"[[41.624,-87.223],[41.2444,-87.2205],[41.2886,-87.1312],[41.2707,-87.0594],[41.2214,-86.9685],[41.2381,-86.9309],[41.7099,-86.9327],[41.6627,-87.0638]]",0,1,county_code_unverified|timezone_not_normalized_to_utc
135681,21119,2008,2008-09-13T00:59:00,2008-09-13T12:59:00,CST-6,12.0,20,20191,C,191,SUMNER,0,0,0,0,10000.00,500.00,Heavy Rain,0,"[[37.3838,-97.3334],[37.3883,-97.3275],[37.4148,-97.3251],[37.449,-97.3578],[37.4351,-97.4099]]",0,1,county_code_unverified|timezone_not_normalized_to_utc
135833,22966,2008,2008-09-06T16:13:00,2008-09-06T17:15:00,EST-5,1.0333333333333334,51,51059,C,059,FAIRFAX,0,0,0,0,0.00,0.00,Heavy Rain / Tropical System,0,"[[38.9585,-77.2049],[38.9814,-77.2569],[39.0304,-77.3129],[38.9585,-77.3129]]",0,1,county_code_unverified|timezone_not_normalized_to_utc
135843,22966,2008,2008-09-06T16:13:00,2008-09-06T17:15:00,EST-5,1.0333333333333334,51,51153,C,153,PRINCE WILLIAM,0,0,0,0,0.00,0.00,Heavy Rain / Tropical System,0,"[[38.6485,-77.3422],[38.6441,-77.263],[38.6157,-77.286],[38.6294,-77.3492]]",0,1,county_code_unverified|timezone_not_normalized_to_utc
135847,22966,2008,2008-09-06T16:13:00,2008-09-06T17:15:00,EST-5,1.0333333333333334,51,51600,C,600,FAIRFAX (C),0,0,0,0,0.00,0.00,Heavy Rain / Tropical System,0,"[[38.8598,-77.3077],[38.8598,-77.3072],[38.8585,-77.3072],[38.8585,-77.3077]]",0,1,county_code_unverified|timezone_not_normalized_to_utc
135848,21781,2008,2008-09-06T16:00:00,2008-09-06T21:00:00,EST-5,5.0,34,34023,C,023,MIDDLESEX,0,0,0,0,0.00,0.00,Heavy Rain / Tropical System,0,"[[40.5897,-74.3139],[40.5565,-74.2743],[40.4511,-74.4246],[40.5091,-74.4722]]",0,1,county_code_unverified|timezone_not_normalized_to_utc
135849,21781,2008,2008-09-06T17:00:00,2008-09-06T20:00:00,EST-5,3.0,34,34041,C,041,WARREN,0,0,0,0,0.00,0.00,Heavy Rain / Tropical System,0,"[[40.6822,-75.1211],[40.6687,-75.1152],[40.6682,-75.1273],[40.6763,-75.1348]]",0,1,county_code_unverified|timezone_not_normalized_to_utc
135862,22966,2008,2008-09-06T16:13:00,2008-09-06T17:15:00,EST-5,1.0333333333333334,51,51059,C,059,FAIRFAX,0,0,0,0,0.00,0.00,Heavy Rain / Tropical System,0,"[[38.7986,-77.088],[38.7986,-77.0872],[38.7983,-77.0872],[38.7983,-77.088]]",0,1,county_code_unverified|timezone_not_normalized_to_utc
135865,22966,2008,2008-09-06T16:13:00,2008-09-06T17:15:00,EST-5,1.0333333333333334,51,51059,C,059,FAIRFAX,0,0,0,0,1000.00,1000.00,Heavy Rain / Tropical System,0,"[[38.9507,-77.2848],[38.9507,-77.2843],[38.9504,-77.2843],[38.9504,-77.2848]]",0,1,county_code_unverified|timezone_not_normalized_to_utc
135867,22966,2008,2008-09-06T16:13:00,2008-09-06T17:15:00,EST-5,1.0333333333333334,51,51059,C,059,FAIRFAX,0,0,0,0,0.00,0.00,Heavy Rain / Tropical System,0,"[[38.9691,-77.369],[38.9691,-77.3685],[38.9689,-77.3687],[38.969,-77.3693]]",0,1,county_code_unverified|timezone_not_normalized_to_utc
135869,22966,2008,2008-09-06T16:13:00,2008-09-06T17:15:00,EST-5,1.0333333333333334,51,51059,C,059,FAIRFAX,0,0,0,0,0.00,0.00,Heavy Rain / Tropical System,0,"[[38.8091,-77.2567],[38.8091,-77.2467],[38.7757,-77.2994],[38.7786,-77.2992]]",0,1,county_code_unverified|timezone_not_normalized_to_utc
135872,22966,2008,2008-09-06T16:13:00,2008-09-06T17:15:00,EST-5,1.0333333333333334,51,51107,C,107,LOUDOUN,0,0,0,0,0.00,0.00,Heavy Rain / Tropical System,0,"[[38.9899,-77.4643],[38.9863,-77.4371],[38.9846,-77.438],[38.9877,-77.4698]]",0,1,county_code_unverified|timezone_not_normalized_to_utc
135876,22967,2008,2008-09-06T16:13:00,2008-09-06T17:15:00,EST-5,1.0333333333333334,11,11001,C,001,DISTRICT OF COLUMBIA,0,0,0,0,0.00,0.00,Heavy Rain / Tropical System,0,"[[38.8979,-76.9697],[38.8973,-76.97],[38.8972,-76.9696],[38.8979,-76.9692]]",0,1,county_code_unverified|timezone_not_normalized_to_utc
135878,22967,2008,2008-09-06T16:13:00,2008-09-06T17:15:00,EST-5,1.0333333333333334,11,11001,C,001,DISTRICT OF COLUMBIA,0,0,0,0,0.00,0.00,Heavy Rain / Tropical System,0,"[[38.9201,-77.0526],[38.918,-77.0579],[38.9178,-77.0571],[38.92,-77.0523]]",0,1,county_code_unverified|timezone_not_normalized_to_utc
135890,22968,2008,2008-09-06T17:10:00,2008-09-06T18:15:00,EST-5,1.0833333333333333,24,24031,C,031,MONTGOMERY,0,0,0,0,0.00,0.00,Heavy Rain / Tropical System,0,"[[39.031,-77.0759],[39.0101,-77.0748],[39.0154,-77.0304],[39.0329,-77.0351]]",0,1,county_code_unverified|timezone_not_normalized_to_utc
135898,22966,2008,2008-09-06T16:13:00,2008-09-06T17:15:00,EST-5,1.0333333333333334,51,51153,C,153,PRINCE WILLIAM,0,0,0,0,0.00,0.00,Heavy Rain / Tropical System,0,"[[38.5241,-77.2905],[38.5232,-77.2878],[38.5185,-77.2907],[38.5197,-77.2946]]",0,1,county_code_unverified|timezone_not_normalized_to_utc
135907,23235,2008,2008-09-13T10:00:00,2008-09-17T09:45:00,EST-5,95.75,26,26077,C,077,KALAMAZOO,0,0,0,0,11000000.00,0.00,Heavy Rain,0,"[[42.3307,-85.6522],[42.3358,-85.4867],[42.2342,-85.4867],[42.2398,-85.6343]]",0,1,county_code_unverified|timezone_not_normalized_to_utc
135950,21308,2008,2008-09-03T09:47:00,2008-09-03T12:45:00,AST-4,2.966666666666667,99,,C,011,SOUTHWEST,0,0,0,0,5000.00,0.00,Heavy Rain,0,"[[18.0369,-66.9688],[18.0361,-66.9692],[18.0369,-66.9702],[18.0374,-66.9696]]",0,1,requires_crosswalk_or_marine_review|timezone_not_normalized_to_utc
136018,20687,2008,2008-09-03T11:00:00,2008-09-05T23:00:00,CST-6,60.0,05,05019,C,019,CLARK,0,0,0,0,330000.00,300000.00,Heavy Rain / Tropical System,0,"[[34.1021,-93.0449],[34.0902,-93.0463],[34.0487,-93.001],[34.066,-92.9862],[34.0953,-93.025],[34.13,-93.0388]]",0,1,county_code_unverified|timezone_not_normalized_to_utc
136020,20687,2008,2008-09-05T01:00:00,2008-09-11T18:00:00,CST-6,161.0,05,05147,C,147,WOODRUFF,0,0,0,0,0.00,400000.00,Heavy Rain / Tropical System,0,"[[35.4517,-91.2689],[35.2978,-91.3781],[35.1839,-91.3609],[35.1963,-91.409],[35.3599,-91.4392],[35.4696,-91.3527]]",0,1,county_code_unverified|timezone_not_normalized_to_utc
136022,23290,2008,2008-09-13T23:30:00,2008-09-17T23:30:00,CST-6,96.0,40,40115,C,115,OTTAWA,0,0,0,0,0.00,0.00,Heavy Rain,0,"[[36.93,-94.9786],[36.8686,-94.9468],[36.8891,-94.9212],[36.93,-94.9243]]",0,1,county_code_unverified|timezone_not_normalized_to_utc
136023,20687,2008,2008-09-05T01:00:00,2008-09-11T18:00:00,CST-6,161.0,05,05145,C,145,WHITE,0,0,0,0,0.00,600000.00,Heavy Rain / Tropical System,0,"[[35.4405,-91.4172],[35.2994,-91.4914],[35.185,-91.4859],[35.1693,-91.4337],[35.2837,-91.3733],[35.3913,-91.3925],[35.4562,-91.3568]]",0,1,county_code_unverified|timezone_not_normalized_to_utc
136026,23292,2008,2008-09-14T19:15:00,2008-09-15T03:00:00,CST-6,7.75,40,40001,C,001,ADAIR,0,0,0,0,0.00,0.00,Heavy Rain,0,"[[36.12,-94.57],[36.149,-94.57],[36.1405,-94.5953],[36.12,-94.6058]]",0,1,county_code_unverified|timezone_not_normalized_to_utc
136028,23293,2008,2008-09-03T16:45:00,2008-09-06T00:00:00,CST-6,55.25,40,40079,C,079,LE FLORE,0,0,0,0,0.00,0.00,Heavy Rain,0,"[[35.1967,-94.6565],[35.1811,-94.6373],[35.1393,-94.6325],[35.1411,-94.67]]",0,1,county_code_unverified|timezone_not_normalized_to_utc
136050,23291,2008,2008-09-07T00:30:00,2008-09-07T01:30:00,EST-5,1.0,09,09013,C,013,TOLLAND,0,0,0,0,20000.00,0.00,Heavy Rain / Tropical System,0,"[[41.9636,-72.3156],[41.9635,-72.3137],[41.9629,-72.3139],[41.963,-72.3156]]",0,1,county_code_unverified|timezone_not_normalized_to_utc
136052,23082,2008,2008-09-12T15:54:00,2008-09-12T16:54:00,CST-6,1.0,20,20177,C,177,SHAWNEE,0,0,0,0,0.00,0.00,Heavy Rain,0,"[[39.1034,-95.8472],[39.1032,-95.8371],[39.0996,-95.837],[39.1,-95.8472]]",0,1,county_code_unverified|timezone_not_normalized_to_utc
136058,23299,2008,2008-09-07T02:00:00,2008-09-07T03:00:00,EST-5,1.0,33,33011,C,011,HILLSBOROUGH,0,0,0,0,30000.00,0.00,Heavy Rain / Tropical System,0,"[[43.0259,-71.5945],[43.0139,-71.5934],[43.0134,-71.6063],[43.0269,-71.6094]]",0,1,county_code_unverified|timezone_not_normalized_to_utc
136063,22946,2008,2008-09-28T12:00:00,2008-09-28T15:00:00,EST-5,3.0,42,42045,C,045,DELAWARE,0,0,0,0,0.00,0.00,Heavy Rain,0,"[[40.0395,-75.3979],[40.037,-75.407],[40.0337,-75.3809],[40.0382,-75.369],[40.0437,-75.388]]",0,1,county_code_unverified|timezone_not_normalized_to_utc
136087,23301,2008,2008-09-06T20:49:00,2008-09-06T21:30:00,EST-5,0.6833333333333333,44,44007,C,007,PROVIDENCE,0,0,0,0,0.00,0.00,Heavy Rain / Tropical System,0,"[[41.9283,-71.5622],[41.9258,-71.5402],[41.9171,-71.5425],[41.9125,-71.5639]]",0,1,county_code_unverified|timezone_not_normalized_to_utc
136089,23301,2008,2008-09-06T21:00:00,2008-09-07T00:05:00,EST-5,3.0833333333333335,44,44007,C,007,PROVIDENCE,0,0,0,0,0.00,0.00,Heavy Rain / Tropical System,0,"[[41.77,-71.48],[41.7534,-71.4235],[41.7185,-71.4606],[41.7321,-71.5018]]",0,1,county_code_unverified|timezone_not_normalized_to_utc
136108,23305,2008,2008-09-06T21:54:00,2008-09-06T22:45:00,EST-5,0.85,25,25009,C,009,ESSEX,0,0,0,0,5000.00,0.00,Heavy Rain / Tropical System,0,"[[42.5452,-70.9631],[42.5465,-70.9895],[42.5345,-70.9954],[42.5217,-70.9734]]",0,1,county_code_unverified|timezone_not_normalized_to_utc
136112,23305,2008,2008-09-06T19:32:00,2008-09-07T01:00:00,EST-5,5.466666666666667,25,25013,C,013,HAMPDEN,0,0,0,0,20000.00,0.00,Heavy Rain / Tropical System,0,"[[42.12,-72.65],[42.2295,-72.6457],[42.1451,-72.4095],[42.1349,-72.2921],[42.088,-72.5208]]",0,1,county_code_unverified|timezone_not_normalized_to_utc
136115,23305,2008,2008-09-06T21:16:00,2008-09-06T22:00:00,EST-5,0.7333333333333333,25,25027,C,027,WORCESTER,0,0,0,0,100000.00,0.00,Heavy Rain / Tropical System,0,"[[42.15,-71.52],[42.2824,-71.6075],[42.321,-71.8108],[42.2387,-71.8794]]",0,1,county_code_unverified|timezone_not_normalized_to_utc
136116,23305,2008,2008-09-06T21:51:00,2008-09-06T23:00:00,EST-5,1.15,25,25017,C,017,MIDDLESEX,0,0,0,0,15000.00,0.00,Heavy Rain / Tropical System,0,"[[42.49,-71.16],[42.4908,-71.1379],[42.4732,-71.1324],[42.4739,-71.1624]]",0,1,county_code_unverified|timezone_not_normalized_to_utc
136121,23305,2008,2008-09-07T05:27:00,2008-09-07T06:30:00,EST-5,1.05,25,25013,C,013,HAMPDEN,0,0,0,0,1000.00,0.00,Heavy Rain / Tropical System,0,"[[42.1094,-72.151],[42.1088,-72.1541],[42.0918,-72.1687],[42.091,-72.166],[42.0933,-72.1596],[42.108,-72.1392],[42.1109,-72.1374]]",0,1,county_code_unverified|timezone_not_normalized_to_utc
136123,23305,2008,2008-09-07T05:27:00,2008-09-07T06:30:00,EST-5,1.05,25,25027,C,027,WORCESTER,0,0,0,0,1000.00,0.00,Heavy Rain / Tropical System,0,"[[42.1121,-72.1331],[42.1063,-72.1316],[42.0712,-72.0707],[42.0736,-72.0688],[42.1102,-72.0897],[42.1155,-72.1067]]",0,1,county_code_unverified|timezone_not_normalized_to_utc
136124,23299,2008,2008-09-07T01:45:00,2008-09-07T03:00:00,EST-5,1.25,33,33011,C,011,HILLSBOROUGH,0,0,0,0,5000.00,0.00,Heavy Rain / Tropical System,0,"[[42.98,-71.44],[42.9476,-71.4874],[43.0343,-71.5025],[43.0308,-71.4214]]",0,1,county_code_unverified|timezone_not_normalized_to_utc
136131,22966,2008,2008-09-06T16:13:00,2008-09-06T17:15:00,EST-5,1.0333333333333334,51,51107,C,107,LOUDOUN,0,0,0,0,0.00,0.00,Heavy Rain / Tropical System,0,"[[39.1124,-77.577],[39.1109,-77.579],[39.1101,-77.5769],[39.1121,-77.5751]]",0,1,county_code_unverified|timezone_not_normalized_to_utc
136135,23307,2008,2008-09-27T15:30:00,2008-09-27T18:00:00,EST-5,2.5,25,25005,C,005,BRISTOL,0,0,0,0,25000.00,0.00,Heavy Rain,0,"[[41.7279,-71.2031],[41.6786,-71.1495],[41.7201,-71.1193],[41.7626,-71.2058],[41.7421,-71.2251]]",0,1,county_code_unverified|timezone_not_normalized_to_utc
136136,23307,2008,2008-09-27T15:56:00,2008-09-27T17:30:00,EST-5,1.5666666666666667,25,25005,C,005,BRISTOL,0,0,0,0,0.00,0.00,Heavy Rain,0,"[[41.66,-70.94],[41.6647,-70.9895],[41.6052,-70.9779],[41.6131,-70.9109]]",0,1,county_code_unverified|timezone_not_normalized_to_utc
136139,22955,2008,2008-09-28T18:50:00,2008-09-28T21:00:00,EST-5,2.1666666666666665,34,34023,C,023,MIDDLESEX,0,0,0,0,0.00,0.00,Heavy Rain,0,"[[40.52,-74.4],[40.519,-74.3632],[40.5446,-74.3397],[40.5616,-74.418],[40.5617,-74.4674],[40.5263,-74.4695]]",0,1,county_code_unverified|timezone_not_normalized_to_utc
136185,23241,2008,2008-09-14T15:30:00,2008-09-16T12:00:00,CST-6,44.5,18,18073,C,073,JASPER,0,0,0,0,0.00,0.00,Heavy Rain,0,"[[40.8389,-87.1016],[40.7383,-87.1],[40.7384,-87.2663],[41.2172,-87.2749],[41.2792,-87.1219],[41.2058,-86.9312],[40.9138,-86.9321],[40.9136,-86.9885]]",0,1,county_code_unverified|timezone_not_normalized_to_utc
136191,22987,2008,2008-09-13T17:00:00,2008-09-14T07:00:00,CST-6,14.0,17,17037,C,037,DE KALB,3,0,0,0,15000.00,0.00,Heavy Rain,0,"[[42.0661,-88.5975],[41.6323,-88.6034],[41.629,-88.9378],[41.8926,-88.9412]]",0,1,county_code_unverified|timezone_not_normalized_to_utc
136192,23325,2008,2008-09-06T21:00:00,2008-09-09T05:00:00,EST-5,56.0,33,33013,C,013,MERRIMACK,0,0,0,0,25000.00,0.00,Heavy Rain,0,"[[43.2254,-71.3267],[43.2175,-71.3272],[43.2246,-71.3533],[43.2334,-71.3403]]",0,1,county_code_unverified|timezone_not_normalized_to_utc
136193,23325,2008,2008-09-06T21:00:00,2008-09-09T05:00:00,EST-5,56.0,33,33013,C,013,MERRIMACK,0,0,0,0,50000.00,0.00,Heavy Rain,0,"[[43.1133,-71.4515],[43.094,-71.4571],[43.0974,-71.4432],[43.1123,-71.4371]]",0,1,county_code_unverified|timezone_not_normalized_to_utc
136194,23325,2008,2008-09-06T21:00:00,2008-09-09T05:00:00,EST-5,56.0,33,33013,C,013,MERRIMACK,0,0,0,0,10000.00,0.00,Heavy Rain,0,"[[43.1569,-71.4764],[43.1576,-71.463],[43.15,-71.4521],[43.1462,-71.4681]]",0,1,county_code_unverified|timezone_not_normalized_to_utc
136195,23325,2008,2008-09-06T21:00:00,2008-09-09T05:00:00,EST-5,56.0,33,33013,C,013,MERRIMACK,0,0,0,0,20000.00,0.00,Heavy Rain,0,"[[43.1736,-71.4153],[43.1524,-71.4369],[43.1531,-71.3991],[43.1718,-71.3931]]",0,1,county_code_unverified|timezone_not_normalized_to_utc
136196,23326,2008,2008-09-07T03:47:00,2008-09-07T19:31:00,EST-5,15.733333333333333,23,23005,C,005,CUMBERLAND,0,0,0,0,0.00,0.00,Heavy Rain,0,"[[43.6952,-70.3389],[43.6969,-70.3271],[43.6881,-70.3338],[43.6901,-70.3415]]",0,1,county_code_unverified|timezone_not_normalized_to_utc
136197,23327,2008,2008-09-27T18:30:00,2008-09-28T08:00:00,EST-5,13.5,33,33017,C,017,STRAFFORD,0,0,0,0,10000.00,0.00,Heavy Rain,0,"[[43.2655,-70.8828],[43.261,-70.9133],[43.24,-70.9013],[43.2565,-70.8711]]",0,1,county_code_unverified|timezone_not_normalized_to_utc
136400,20687,2008,2008-09-03T12:00:00,2008-09-05T10:15:00,CST-6,46.25,05,05125,C,125,SALINE,0,0,0,0,1000000.00,1000000.00,Heavy Rain / Tropical System,0,"[[34.6081,-92.681],[34.5829,-92.6271],[34.5455,-92.6249],[34.536,-92.6099],[34.549,-92.5948],[34.5886,-92.5996],[34.6123,-92.6731]]",0,1,county_code_unverified|timezone_not_normalized_to_utc
136402,21308,2008,2008-09-03T10:34:00,2008-09-03T13:30:00,AST-4,2.933333333333333,99,,C,006,CENTRAL INTERIOR,0,0,0,0,5000.00,0.00,Heavy Rain,0,"[[18.1953,-66.6237],[18.1951,-66.6236],[18.1951,-66.624],[18.1953,-66.6239]]",0,1,requires_crosswalk_or_marine_review|timezone_not_normalized_to_utc
136407,23345,2008,2008-09-09T14:00:00,2008-09-10T14:00:00,EST-5,24.0,37,37155,C,155,ROBESON,0,0,0,0,0.00,0.00,Heavy Rain / Tropical System,0,"[[34.62,-79.0],[34.62,-79.0352],[34.5995,-79.0249],[34.5995,-78.9751]]",0,1,county_code_unverified|timezone_not_normalized_to_utc
136408,23345,2008,2008-09-08T15:00:00,2008-09-09T10:00:00,EST-5,19.0,37,37017,C,017,BLADEN,0,0,0,0,10000.00,0.00,Heavy Rain / Tropical System,0,"[[34.48,-78.6851],[34.4595,-78.6748],[34.4595,-78.6252],[34.4945,-78.65]]",0,1,county_code_unverified|timezone_not_normalized_to_utc
136457,21308,2008,2008-09-03T11:18:00,2008-09-03T14:00:00,AST-4,2.7,99,,C,011,SOUTHWEST,0,0,0,0,5000.00,0.00,Heavy Rain,0,"[[18.0353,-66.9715],[18.0344,-66.9707],[18.0346,-66.9721],[18.0352,-66.9719]]",0,1,requires_crosswalk_or_marine_review|timezone_not_normalized_to_utc
136474,21308,2008,2008-09-03T11:55:00,2008-09-03T15:00:00,AST-4,3.0833333333333335,99,,C,010,MAYAGUEZ AND VICINITY,0,0,0,0,5000.00,0.00,Heavy Rain,0,"[[18.0789,-66.999],[18.0779,-66.9983],[18.078,-66.9996],[18.079,-66.9995]]",0,1,requires_crosswalk_or_marine_review|timezone_not_normalized_to_utc
136476,23357,2008,2008-09-13T21:00:00,2008-09-16T03:00:00,CST-6,54.0,17,17031,C,031,COOK,0,0,0,0,5000000.00,0.00,Heavy Rain,0,"[[42.1049,-87.8779],[41.9973,-87.8474],[41.8112,-87.8024],[41.8069,-87.8312],[41.9835,-87.8697],[42.1079,-87.9119]]",0,1,county_code_unverified|timezone_not_normalized_to_utc
136480,23359,2008,2008-09-15T03:00:00,2008-09-22T20:00:00,CST-6,185.0,18,18089,C,089,LAKE,0,0,0,0,1000000.00,0.00,Heavy Rain,0,"[[41.1957,-87.3344],[41.1766,-87.3187],[41.1601,-87.4495],[41.1758,-87.4484]]",0,1,county_code_unverified|timezone_not_normalized_to_utc
136487,23359,2008,2008-09-15T03:00:00,2008-09-22T20:00:00,CST-6,185.0,18,18111,C,111,NEWTON,0,0,0,0,1000000.00,0.00,Heavy Rain,0,"[[41.1957,-87.3344],[41.1776,-87.3187],[41.1601,-87.4495],[41.1758,-87.4484]]",0,1,county_code_unverified|timezone_not_normalized_to_utc
136494,23360,2008,2008-09-14T18:00:00,2008-09-15T18:00:00,CST-6,24.0,17,17031,C,031,COOK,0,0,0,0,0.00,0.00,Heavy Rain,0,"[[41.5855,-87.5255],[41.5751,-87.5253],[41.6013,-87.6175],[41.6519,-87.7009],[41.6561,-87.6482]]",0,1,county_code_unverified|timezone_not_normalized_to_utc
136496,23361,2008,2008-09-14T12:00:00,2008-09-15T18:00:00,CST-6,30.0,18,18089,C,089,LAKE,0,0,0,0,15000000.00,0.00,Heavy Rain,0,"[[41.584,-87.5257],[41.5718,-87.5253],[41.5552,-87.3173],[41.5759,-87.3176]]",0,1,county_code_unverified|timezone_not_normalized_to_utc
136498,23358,2008,2008-09-15T13:41:00,2008-09-30T23:59:00,CST-6,370.3,48,48465,C,465,VAL VERDE,0,0,0,0,1000000.00,0.00,Planned Dam Release,0,"[[29.33,-100.9],[29.32,-100.92],[29.46,-101.15],[29.46,-101.0]]",0,1,county_code_unverified|timezone_not_normalized_to_utc
136501,23362,2008,2008-09-15T03:00:00,2008-09-17T18:00:00,CST-6,63.0,17,17063,C,063,GRUNDY,0,0,0,0,3000000.00,0.00,Heavy Rain,0,"[[41.374,-88.3806],[41.348,-88.3754],[41.2959,-88.591],[41.326,-88.5941]]",0,1,county_code_unverified|timezone_not_normalized_to_utc
136504,23362,2008,2008-09-15T10:00:00,2008-09-19T06:00:00,CST-6,92.0,17,17099,C,099,LA SALLE,0,0,0,0,5000000.00,0.00,Heavy Rain,0,"[[41.2959,-88.591],[41.326,-88.5941],[41.3521,-88.8416],[41.3284,-89.1644],[41.2995,-89.163]]",0,1,county_code_unverified|timezone_not_normalized_to_utc
136556,23298,2008,2008-09-06T17:15:00,2008-09-07T07:00:00,EST-5,13.75,34,34003,C,003,BERGEN,0,0,0,0,0.00,0.00,Heavy Rain / Tropical System,0,"[[40.8644,-74.1074],[40.8599,-74.1051],[40.871,-74.0867],[40.9013,-74.0764],[41.0079,-74.1129],[41.0052,-74.1208]]",0,1,county_code_unverified|timezone_not_normalized_to_utc
136557,23298,2008,2008-09-06T19:15:00,2008-09-07T00:15:00,EST-5,5.0,34,34013,C,013,ESSEX,0,0,0,0,0.00,0.00,Heavy Rain / Tropical System,0,"[[40.8494,-74.2398],[40.8164,-74.2576],[40.7972,-74.1781],[40.8428,-74.1687]]",0,1,county_code_unverified|timezone_not_normalized_to_utc
136558,23298,2008,2008-09-06T18:00:00,2008-09-07T03:15:00,EST-5,9.25,34,34039,C,039,UNION,0,0,0,0,0.00,0.00,Heavy Rain / Tropical System,0,"[[40.6393,-74.1955],[40.6869,-74.3132],[40.7025,-74.3131],[40.6801,-74.2241],[40.6453,-74.1862]]",0,1,county_code_unverified|timezone_not_normalized_to_utc
136559,23298,2008,2008-09-06T18:05:00,2008-09-06T20:15:00,EST-5,2.1666666666666665,34,34031,C,031,PASSAIC,0,0,0,0,0.00,0.00,Heavy Rain / Tropical System,0,"[[40.9461,-74.1883],[40.9464,-74.1804],[40.9261,-74.1833],[40.9278,-74.1895]]",0,1,county_code_unverified|timezone_not_normalized_to_utc
136560,23304,2008,2008-09-07T02:15:00,2008-09-07T06:15:00,EST-5,4.0,09,09009,C,009,NEW HAVEN,0,0,0,0,0.00,0.00,Heavy Rain / Tropical System,0,"[[41.5038,-73.227],[41.4672,-73.2314],[41.481,-73.1945],[41.5035,-73.2126]]",0,1,county_code_unverified|timezone_not_normalized_to_utc
136561,22987,2008,2008-09-13T17:00:00,2008-09-14T06:00:00,CST-6,13.0,17,17031,C,031,COOK,0,0,1,0,0.00,0.00,Heavy Rain,1,"[[41.5587,-87.7926],[41.47,-87.7904],[41.4705,-87.5263],[41.7228,-87.5272],[41.7171,-87.9147],[41.557,-87.9076]]",0,1,county_code_unverified|timezone_not_normalized_to_utc
136588,23372,2008,2008-09-13T09:45:00,2008-09-16T05:00:00,EST-5,67.25,26,26021,C,021,BERRIEN,0,0,0,0,750000.00,0.00,Heavy Rain,0,"[[41.851,-86.2504],[41.7652,-86.2739],[41.7698,-86.6107],[41.8788,-86.4349]]",0,1,county_code_unverified|timezone_not_normalized_to_utc
136589,23372,2008,2008-09-13T09:45:00,2008-09-16T05:00:00,EST-5,67.25,26,26027,C,027,CASS,0,0,0,0,500000.00,0.00,Heavy Rain,0,"[[41.7831,-86.1926],[41.7767,-85.8695],[41.9329,-85.8485],[41.9442,-86.2509]]",0,1,county_code_unverified|timezone_not_normalized_to_utc
136590,23372,2008,2008-09-13T09:45:00,2008-09-16T05:00:00,EST-5,67.25,26,26149,C,149,ST. JOSEPH,0,0,0,0,500000.00,0.00,Heavy Rain,0,"[[42.0238,-85.7771],[41.7708,-85.7703],[41.7857,-85.3693],[42.0615,-85.361]]",0,1,county_code_unverified|timezone_not_normalized_to_utc
136591,23275,2008,2008-09-13T06:10:00,2008-09-16T04:00:00,CST-6,69.83333333333333,18,18091,C,091,LA PORTE,0,0,0,0,500000.00,0.00,Heavy Rain,0,"[[41.7519,-86.5393],[41.7554,-86.8277],[41.5518,-86.9128],[41.599,-86.586]]",0,1,county_code_unverified|timezone_not_normalized_to_utc
136592,23275,2008,2008-09-13T08:42:00,2008-09-16T05:00:00,EST-5,68.3,18,18141,C,141,ST. JOSEPH,0,0,0,0,500000.00,0.00,Heavy Rain,0,"[[41.7467,-86.3388],[41.7554,-86.1005],[41.6021,-86.0937],[41.5908,-86.3484]]",0,1,county_code_unverified|timezone_not_normalized_to_utc
136707,23307,2008,2008-09-27T20:20:00,2008-09-27T23:00:00,EST-5,2.6666666666666665,25,25023,C,023,PLYMOUTH,0,0,0,0,50000.00,0.00,Heavy Rain,0,"[[41.75,-70.72],[41.759,-70.7401],[41.7772,-70.7262],[41.7682,-70.6946],[41.7529,-70.6521],[41.7388,-70.6754]]",0,1,county_code_unverified|timezone_not_normalized_to_utc
136742,23132,2008,2008-09-09T10:30:00,2008-09-29T12:00:00,CST-6,481.5,48,48043,C,043,BREWSTER,0,0,0,0,14000000.00,0.00,Planned Dam Release,0,"[[29.28,-103.78],[29.2816,-103.8318],[29.2608,-103.7949],[29.266,-103.7827],[29.2503,-103.7757],[29.269,-103.746]]",0,1,county_code_unverified|timezone_not_normalized_to_utc
136929,23386,2008,2008-09-12T09:00:00,2008-09-12T12:00:00,CST-6,3.0,40,40153,C,153,WOODWARD,0,0,0,0,75000.00,0.00,Heavy Rain,0,"[[36.23,-99.2059],[36.2445,-99.17],[36.23,-99.1521],[36.2155,-99.17]]",0,1,county_code_unverified|timezone_not_normalized_to_utc
136930,23386,2008,2008-09-12T10:30:00,2008-09-12T12:30:00,CST-6,2.0,40,40053,C,053,GRANT,0,0,0,0,0.00,0.00,Heavy Rain,0,"[[36.81,-97.73],[36.67,-97.8],[36.67,-98.05],[36.99,-98.04],[36.9547,-97.73]]",0,1,county_code_unverified|timezone_not_normalized_to_utc
136931,23386,2008,2008-09-12T10:40:00,2008-09-12T10:40:00,CST-6,0.0,40,40003,C,003,ALFALFA,0,0,0,0,0.00,0.00,Heavy Rain,0,"[[36.779,-98.35],[36.75,-98.3861],[36.7211,-98.35],[36.75,-98.3139]]",0,1,county_code_unverified|timezone_not_normalized_to_utc
136932,23386,2008,2008-09-12T10:50:00,2008-09-12T12:50:00,CST-6,2.0,40,40093,C,093,MAJOR,0,0,0,0,0.00,0.00,Heavy Rain,0,"[[36.41,-98.44],[36.3998,-98.4273],[36.3498,-98.4573],[36.36,-98.47]]",0,1,county_code_unverified|timezone_not_normalized_to_utc
136933,23386,2008,2008-09-13T09:00:00,2008-09-13T12:00:00,CST-6,3.0,40,40053,C,053,GRANT,0,0,0,0,0.00,0.00,Heavy Rain,0,"[[36.99,-98.04],[36.67,-98.05],[36.69,-97.56],[36.92,-97.66]]",0,1,county_code_unverified|timezone_not_normalized_to_utc
136987,23424,2008,2008-09-12T08:15:00,2008-09-12T10:15:00,CST-6,2.0,20,20007,C,007,BARBER,0,0,0,0,0.00,0.00,Heavy Rain,0,"[[37.0233,-98.5381],[37.0186,-98.5348],[37.018,-98.5345],[37.0176,-98.5342]]",0,1,county_code_unverified|timezone_not_normalized_to_utc
136989,23424,2008,2008-09-12T08:15:00,2008-09-12T10:15:00,CST-6,2.0,20,20007,C,007,BARBER,0,0,0,0,0.00,0.00,Heavy Rain,0,"[[37.1658,-98.5772],[37.1518,-98.5714],[37.1531,-98.5652],[37.165,-98.5698]]",0,1,county_code_unverified|timezone_not_normalized_to_utc
136991,23424,2008,2008-09-12T08:15:00,2008-09-12T10:15:00,CST-6,2.0,20,20007,C,007,BARBER,0,0,0,0,0.00,0.00,Heavy Rain,0,"[[37.31,-98.42],[37.3183,-98.4354],[37.3066,-98.43],[37.3062,-98.4194]]",0,1,county_code_unverified|timezone_not_normalized_to_utc
137014,23285,2008,2008-09-22T07:28:00,2008-09-22T14:28:00,AST-4,7.0,99,,C,011,SOUTHWEST,0,0,0,0,5000000.00,0.00,Heavy Rain,0,"[[18.1068,-67.1773],[18.1107,-67.1079],[17.9615,-67.1351],[17.984,-67.1951]]",0,1,requires_crosswalk_or_marine_review|timezone_not_normalized_to_utc
137015,23285,2008,2008-09-22T07:24:00,2008-09-23T15:00:00,AST-4,31.6,99,,C,007,PONCE AND VICINITY,0,0,1,0,0.00,0.00,Heavy Rain,1,"[[18.0767,-66.6355],[18.0794,-66.5545],[17.9801,-66.5469],[17.9886,-66.6383]]",0,1,requires_crosswalk_or_marine_review|timezone_not_normalized_to_utc
137084,22618,2008,2008-10-22T15:00:00,2008-10-24T06:00:00,CST-6,39.0,31,31155,C,155,SAUNDERS,0,0,0,0,25000.00,0.00,Heavy Rain,0,"[[41.0555,-96.3528],[41.0338,-96.4078],[41.2133,-96.6763],[41.2489,-96.6241],[41.1931,-96.506]]",0,1,county_code_unverified|timezone_not_normalized_to_utc
137085,22618,2008,2008-10-22T13:44:00,2008-10-25T03:15:00,CST-6,61.516666666666666,31,31159,C,159,SEWARD,0,0,0,0,10000.00,0.00,Heavy Rain,0,"[[40.7467,-97.0113],[40.741,-97.0512],[40.7025,-97.0189],[40.6999,-96.9811]]",0,1,county_code_unverified|timezone_not_normalized_to_utc
137114,21308,2008,2008-09-03T12:45:00,2008-09-03T16:45:00,AST-4,4.0,99,,C,005,NORTH CENTRAL,0,0,0,0,0.00,0.00,Heavy Rain,0,"[[18.4046,-66.3439],[18.4038,-66.3445],[18.4038,-66.3441],[18.4046,-66.3437]]",0,1,requires_crosswalk_or_marine_review|timezone_not_normalized_to_utc
137265,23530,2008,2008-10-26T03:30:00,2008-10-26T06:10:00,EST-5,2.6666666666666665,33,33009,C,009,GRAFTON,0,0,0,0,0.00,0.00,Heavy Rain,0,"[[43.9823,-71.6803],[43.9814,-71.6818],[43.9797,-71.6806],[43.9806,-71.6794]]",0,1,county_code_unverified|timezone_not_normalized_to_utc
137266,23531,2008,2008-10-26T03:31:00,2008-10-26T08:46:00,EST-5,5.25,23,23017,C,017,OXFORD,0,0,0,0,0.00,0.00,Heavy Rain,0,"[[44.6738,-70.5985],[44.6704,-70.602],[44.6694,-70.5966],[44.6718,-70.5968]]",0,1,county_code_unverified|timezone_not_normalized_to_utc
137422,23564,2008,2008-11-07T10:58:00,2008-11-07T13:35:00,CST-6,2.6166666666666667,19,19117,C,117,LUCAS,0,0,0,0,0.00,5000.00,Heavy Rain,0,"[[40.9691,-93.2575],[40.9308,-93.0998],[40.9008,-93.1006],[40.9009,-93.2108]]",0,1,county_code_unverified|timezone_not_normalized_to_utc
138152,23678,2008,2008-10-06T18:30:00,2008-10-06T19:22:00,CST-6,0.8666666666666667,20,20173,C,173,SEDGWICK,0,0,0,0,10000.00,0.00,Heavy Rain,0,"[[37.5172,-97.4941],[37.5186,-97.6494],[37.6674,-97.5505],[37.6697,-97.5287],[37.6216,-97.4927]]",0,1,county_code_unverified|timezone_not_normalized_to_utc
138200,23403,2008,2008-09-14T03:00:00,2008-09-14T14:00:00,CST-6,11.0,29,29027,C,027,CALLAWAY,0,0,0,0,0.00,0.00,Heavy Rain / Tropical System,0,"[[39.0288,-92.0593],[39.0235,-91.6981],[38.7412,-91.7235],[38.6255,-92.1465]]",0,1,county_code_unverified|timezone_not_normalized_to_utc
138202,23403,2008,2008-09-13T21:00:00,2008-09-14T14:00:00,CST-6,17.0,29,29019,C,019,BOONE,0,0,1,0,0.00,0.00,Heavy Rain / Tropical System,1,"[[39.2339,-92.4136],[39.2321,-92.1185],[38.9183,-92.1777],[38.6528,-92.2446],[38.7948,-92.3648],[38.9001,-92.4692]]",0,1,county_code_unverified|timezone_not_normalized_to_utc
138204,23403,2008,2008-09-13T21:00:00,2008-09-14T14:00:00,CST-6,17.0,29,29007,C,007,AUDRAIN,0,0,0,0,0.00,0.00,Heavy Rain / Tropical System,0,"[[39.2897,-91.6122],[39.1002,-91.6445],[39.0853,-92.091],[39.2838,-92.0043]]",0,1,county_code_unverified|timezone_not_normalized_to_utc
138210,23403,2008,2008-09-13T21:00:00,2008-09-14T14:00:00,CST-6,17.0,29,29137,C,137,MONROE,0,0,0,0,0.00,0.00,Heavy Rain / Tropical System,0,"[[39.6364,-92.1655],[39.3769,-92.1744],[39.382,-91.7552],[39.6501,-91.742]]",0,1,county_code_unverified|timezone_not_normalized_to_utc
138216,23403,2008,2008-09-13T07:00:00,2008-09-14T14:00:00,CST-6,31.0,29,29103,C,103,KNOX,0,0,0,0,0.00,0.00,Heavy Rain,0,"[[39.9895,-92.3155],[39.9638,-91.9695],[40.2667,-91.9779],[40.2544,-92.3016]]",0,1,county_code_unverified|timezone_not_normalized_to_utc
138222,23403,2008,2008-09-13T16:00:00,2008-09-14T15:00:00,CST-6,23.0,29,29173,C,173,RALLS,0,0,0,0,0.00,0.00,Heavy Rain,0,"[[39.6713,-91.3252],[39.5946,-91.2305],[39.4897,-91.4955],[39.3497,-91.4976],[39.3598,-91.6699],[39.6607,-91.6596]]",0,1,county_code_unverified|timezone_not_normalized_to_utc
138223,23403,2008,2008-09-13T23:00:00,2008-09-14T14:00:00,CST-6,15.0,29,29135,C,135,MONITEAU,0,0,0,0,0.00,0.00,Heavy Rain / Tropical System,0,"[[38.6507,-92.6463],[38.6668,-92.8008],[38.5772,-92.796],[38.4923,-92.5681],[38.7509,-92.4184],[38.8539,-92.463]]",0,1,county_code_unverified|timezone_not_normalized_to_utc
138225,23403,2008,2008-09-13T23:00:00,2008-09-14T14:00:00,CST-6,15.0,29,29051,C,051,COLE,0,0,0,0,0.00,0.00,Heavy Rain / Tropical System,0,"[[38.5482,-92.0476],[38.5782,-92.1835],[38.6823,-92.3827],[38.62,-92.42],[38.4527,-92.464],[38.4367,-92.2127],[38.4821,-92.1609]]",0,1,county_code_unverified|timezone_not_normalized_to_utc
138226,23403,2008,2008-09-14T04:00:00,2008-09-14T14:00:00,CST-6,10.0,29,29151,C,151,OSAGE,0,0,0,0,0.00,0.00,Heavy Rain / Tropical System,0,"[[38.58,-91.95],[38.7,-91.7132],[38.6775,-91.6474],[38.4584,-91.7022],[38.34,-91.7159],[38.318,-92.1451],[38.4901,-91.9913]]",0,1,county_code_unverified|timezone_not_normalized_to_utc
138228,23403,2008,2008-09-14T05:00:00,2008-09-14T14:00:00,CST-6,9.0,29,29073,C,073,GASCONADE,0,0,0,0,0.00,0.00,Heavy Rain / Tropical System,0,"[[38.7,-91.43],[38.6684,-91.5903],[38.2662,-91.6322],[38.2678,-91.3973],[38.5428,-91.3781]]",0,1,county_code_unverified|timezone_not_normalized_to_utc
138229,23403,2008,2008-09-13T23:00:00,2008-09-14T15:00:00,CST-6,16.0,29,29127,C,127,MARION,0,0,0,0,0.00,0.00,Heavy Rain / Tropical System,0,"[[39.7,-91.38],[39.9371,-91.5065],[39.9282,-91.7963],[39.7092,-91.7794]]",0,1,county_code_unverified|timezone_not_normalized_to_utc
138230,23403,2008,2008-09-14T02:00:00,2008-09-14T15:00:00,CST-6,13.0,29,29163,C,163,PIKE,0,0,0,0,0.00,0.00,Heavy Rain / Tropical System,0,"[[39.45,-91.05],[39.5687,-91.1948],[39.4424,-91.4478],[39.2041,-91.4014],[39.2642,-90.7663]]",0,1,county_code_unverified|timezone_not_normalized_to_utc
138233,23403,2008,2008-09-14T05:00:00,2008-09-14T15:00:00,CST-6,10.0,29,29071,C,071,FRANKLIN,0,0,0,0,0.00,0.00,Heavy Rain / Tropical System,0,"[[38.68,-91.33],[38.6008,-91.2064],[38.5272,-90.8487],[38.2166,-90.8247],[38.2204,-91.3101]]",0,1,county_code_unverified|timezone_not_normalized_to_utc
138238,23403,2008,2008-09-14T06:00:00,2008-09-14T15:00:00,CST-6,9.0,29,29099,C,099,JEFFERSON,0,0,0,0,0.00,0.00,Heavy Rain / Tropical System,0,"[[38.4412,-90.6722],[38.4987,-90.4649],[38.4294,-90.3852],[38.2527,-90.3941],[38.1302,-90.3131],[38.053,-90.5006],[38.2058,-90.6839]]",0,1,county_code_unverified|timezone_not_normalized_to_utc
138408,23735,2008,2008-10-15T02:15:00,2008-10-15T06:15:00,CST-6,4.0,20,20155,C,155,RENO,0,0,0,0,0.00,0.00,Heavy Rain,0,"[[38.1391,-97.825],[37.7947,-97.9253],[37.8165,-98.0585],[38.1737,-98.0173]]",0,1,county_code_unverified|timezone_not_normalized_to_utc
138410,23735,2008,2008-10-15T02:42:00,2008-10-15T06:42:00,CST-6,4.0,20,20113,C,113,MCPHERSON,0,0,0,0,0.00,0.00,Heavy Rain,0,"[[38.3967,-97.7248],[38.4411,-97.5092],[38.2988,-97.5394],[38.3148,-97.7358]]",0,1,county_code_unverified|timezone_not_normalized_to_utc
138411,23731,2008,2008-10-25T23:37:00,2008-10-26T01:00:00,EST-5,1.3833333333333333,25,25013,C,013,HAMPDEN,0,0,0,0,8000.00,0.00,Heavy Rain,0,"[[42.12,-72.58],[42.1436,-72.6574],[42.1143,-72.6842],[42.0809,-72.588]]",0,1,county_code_unverified|timezone_not_normalized_to_utc
138412,23736,2008,2008-10-17T22:36:00,2008-10-18T10:00:00,CST-6,11.4,20,20159,C,159,RICE,0,0,0,0,0.00,0.00,Heavy Rain,0,"[[38.3142,-98.1546],[38.2808,-98.1649],[38.1945,-98.066],[38.1994,-98.0087]]",0,1,county_code_unverified|timezone_not_normalized_to_utc
138413,23736,2008,2008-10-18T20:57:00,2008-10-20T23:57:00,CST-6,51.0,20,20155,C,155,RENO,0,0,0,0,0.00,0.00,Heavy Rain,0,"[[38.1443,-98.0221],[38.1446,-97.9795],[38.0738,-97.9452],[38.0779,-97.9788]]",0,1,county_code_unverified|timezone_not_normalized_to_utc
138721,23743,2008,2008-11-13T09:00:00,2008-11-13T20:00:00,PST-8,11.0,41,41057,C,057,TILLAMOOK,0,0,0,0,0.00,0.00,Heavy Rain,0,"[[45.4565,-123.6536],[45.4576,-123.647],[45.4556,-123.6464],[45.455,-123.6532]]",0,1,county_code_unverified|timezone_not_normalized_to_utc
138722,23743,2008,2008-11-13T09:00:00,2008-11-13T22:00:00,PST-8,13.0,41,41057,C,057,TILLAMOOK,0,0,0,0,3800000.00,0.00,Heavy Rain,0,"[[45.4647,-123.8479],[45.4493,-123.8479],[45.4497,-123.8403],[45.4646,-123.8418]]",0,1,county_code_unverified|timezone_not_normalized_to_utc
138723,23768,2008,2008-11-11T21:00:00,2008-11-12T21:00:00,PST-8,24.0,53,53069,C,069,WAHKIAKUM,0,0,0,0,0.00,0.00,Heavy Rain,0,"[[46.3375,-123.6518],[46.3278,-123.6415],[46.3339,-123.623],[46.3407,-123.6164],[46.3501,-123.6256]]",0,1,county_code_unverified|timezone_not_normalized_to_utc
138724,23743,2008,2008-11-12T20:00:00,2008-11-12T23:00:00,PST-8,3.0,41,41057,C,057,TILLAMOOK,0,0,0,0,0.00,0.00,Heavy Rain,0,"[[45.3863,-123.7989],[45.3835,-123.7963],[45.3871,-123.7912],[45.3881,-123.7958]]",0,1,county_code_unverified|timezone_not_normalized_to_utc
138827,23780,2008,2008-10-23T23:30:00,2008-10-25T12:00:00,CST-6,36.5,20,20145,C,145,PAWNEE,0,0,0,0,100.00,100000.00,Heavy Rain,0,"[[38.24,-98.99],[38.2377,-98.994],[38.2365,-98.9906],[38.2375,-98.9886],[38.2369,-98.988],[38.2372,-98.9873],[38.2392,-98.9881]]",0,1,county_code_unverified|timezone_not_normalized_to_utc
139313,23403,2008,2008-09-14T05:15:00,2008-09-14T14:00:00,CST-6,8.75,29,29055,C,055,CRAWFORD,0,0,0,0,0.00,0.00,Heavy Rain / Tropical System,0,"[[37.9859,-91.3949],[37.9983,-91.3033],[37.9475,-91.3019],[37.941,-91.3826]]",0,1,county_code_unverified|timezone_not_normalized_to_utc
139321,23402,2008,2008-09-14T02:00:00,2008-09-14T15:00:00,CST-6,13.0,17,17149,C,149,PIKE,0,0,0,0,0.00,0.00,Heavy Rain / Tropical System,0,"[[39.7384,-91.2318],[39.7389,-90.8865],[39.8165,-90.8865],[39.8165,-90.6187],[39.6839,-90.6798],[39.4627,-90.6331],[39.4245,-90.9338],[39.5676,-91.1014]]",0,1,county_code_unverified|timezone_not_normalized_to_utc
139327,23402,2008,2008-09-14T06:00:00,2008-09-14T16:00:00,CST-6,10.0,17,17135,C,135,MONTGOMERY,0,0,0,0,0.00,0.00,Heavy Rain / Tropical System,0,"[[39.3348,-89.6629],[39.3354,-89.2433],[39.2562,-89.244],[39.2477,-89.3044],[39.0757,-89.2873],[39.068,-89.6776]]",0,1,county_code_unverified|timezone_not_normalized_to_utc
139333,23402,2008,2008-09-14T06:00:00,2008-09-14T15:00:00,CST-6,9.0,17,17133,C,133,MONROE,0,0,0,0,0.00,0.00,Heavy Rain / Tropical System,0,"[[38.45,-90.2],[38.3196,-90.1037],[38.2026,-90.3172],[38.3955,-90.3159]]",0,1,county_code_unverified|timezone_not_normalized_to_utc
139334,23402,2008,2008-09-14T06:00:00,2008-09-14T15:00:00,CST-6,9.0,17,17005,C,005,BOND,0,0,0,0,0.00,0.00,Heavy Rain / Tropical System,0,"[[38.9818,-89.5578],[38.7782,-89.5379],[38.7776,-89.3147],[38.9914,-89.3532]]",0,1,county_code_unverified|timezone_not_normalized_to_utc
139382,23485,2008,2008-10-15T13:30:00,2008-10-16T01:30:00,AST-4,12.0,96,,C,010,ST. CROIX,0,0,0,0,0.00,0.00,Heavy Rain,0,"[[17.7111,-64.7613],[17.7068,-64.7347],[17.7292,-64.7371],[17.7317,-64.7577]]",0,1,requires_crosswalk_or_marine_review|timezone_not_normalized_to_utc
139383,23485,2008,2008-10-15T13:30:00,2008-10-16T01:30:00,AST-4,12.0,96,,C,030,ST. THOMAS,0,0,0,0,0.00,0.00,Heavy Rain,0,"[[18.3572,-64.9546],[18.3324,-64.8578],[18.3135,-64.8918],[18.3422,-64.9649]]",0,1,requires_crosswalk_or_marine_review|timezone_not_normalized_to_utc
139410,23905,2008,2008-11-12T10:30:00,2008-11-12T13:00:00,PST-8,2.5,53,53007,C,007,CHELAN,0,0,0,0,0.00,0.00,Heavy Rain,0,"[[48.32,-120.65],[48.3394,-120.702],[48.3249,-120.7049],[48.3106,-120.6543]]",0,1,county_code_unverified|timezone_not_normalized_to_utc
139411,23905,2008,2008-11-12T10:30:00,2008-11-12T13:00:00,PST-8,2.5,53,53007,C,007,CHELAN,0,0,0,0,0.00,0.00,Heavy Rain,0,"[[47.8667,-120.8602],[47.8749,-120.8694],[47.8749,-120.8721],[47.8662,-120.8636]]",0,1,county_code_unverified|timezone_not_normalized_to_utc
139422,23910,2008,2008-11-05T03:00:00,2008-11-05T10:00:00,EST-5,7.0,37,37055,C,055,DARE,0,0,0,0,0.00,0.00,Heavy Rain,0,"[[35.6102,-75.4674],[35.6,-75.4649],[35.5872,-75.4643],[35.5766,-75.4681]]",0,1,county_code_unverified|timezone_not_normalized_to_utc
140008,24034,2008,2008-12-26T21:13:00,2008-12-31T08:45:00,CST-6,107.53333333333333,19,19117,C,117,LUCAS,0,0,0,0,5000.00,0.00,Heavy Rain / Snow Melt,0,"[[40.9691,-93.2575],[40.9308,-93.0998],[40.9008,-93.1006],[40.9009,-93.2108]]",0,1,county_code_unverified|timezone_not_normalized_to_utc
140009,24034,2008,2008-12-27T11:53:00,2008-12-27T18:39:00,CST-6,6.766666666666667,19,19053,C,053,DECATUR,0,0,0,0,5000.00,0.00,Heavy Rain / Snow Melt,0,"[[40.8341,-93.953],[40.7899,-94.0001],[40.5832,-93.8816],[40.5842,-93.7511]]",0,1,county_code_unverified|timezone_not_normalized_to_utc
140010,24034,2008,2008-12-27T12:55:00,2008-12-28T09:11:00,CST-6,20.266666666666666,19,19125,C,125,MARION,0,0,0,0,5000.00,0.00,Heavy Rain / Snow Melt,0,"[[41.2112,-92.9318],[41.2062,-92.8741],[41.2393,-92.8663],[41.2536,-92.8097],[41.2693,-92.831],[41.2685,-92.8932]]",0,1,county_code_unverified|timezone_not_normalized_to_utc
140011,24034,2008,2008-12-27T18:42:00,2008-12-29T13:15:00,CST-6,42.55,19,19153,C,153,POLK,0,0,0,0,75000.00,0.00,Ice Jam,0,"[[41.5586,-93.6751],[41.5769,-93.674],[41.5912,-93.6209],[41.5731,-93.6085]]",0,1,county_code_unverified|timezone_not_normalized_to_utc
140012,24034,2008,2008-12-29T16:15:00,2008-12-30T03:05:00,CST-6,10.833333333333334,19,19153,C,153,POLK,0,0,0,0,5000.00,0.00,Ice Jam,0,"[[41.5586,-93.6751],[41.5769,-93.674],[41.5912,-93.6209],[41.5731,-93.6085]]",0,1,county_code_unverified|timezone_not_normalized_to_utc
140013,24034,2008,2008-12-27T16:15:00,2008-12-29T01:42:00,CST-6,33.45,19,19153,C,153,POLK,0,0,0,0,5000.00,0.00,Ice Jam,0,"[[41.5658,-93.6716],[41.5345,-93.7337],[41.5537,-93.7391],[41.5742,-93.6953]]",0,1,county_code_unverified|timezone_not_normalized_to_utc
140287,24074,2008,2008-12-29T05:30:00,2008-12-29T10:30:00,PST-8,5.0,41,41019,C,019,DOUGLAS,0,0,0,0,0.00,0.00,Heavy Rain,0,"[[43.2205,-123.2784],[43.2172,-123.27],[43.2157,-123.2715],[43.2187,-123.2795]]",0,1,county_code_unverified|timezone_not_normalized_to_utc
140288,24074,2008,2008-12-29T21:30:00,2008-12-30T02:45:00,PST-8,5.25,41,41019,C,019,DOUGLAS,0,0,0,0,0.00,0.00,Heavy Rain,0,"[[43.5879,-123.5606],[43.5819,-123.5577],[43.5839,-123.5549],[43.589,-123.5577]]",0,1,county_code_unverified|timezone_not_normalized_to_utc
140289,24075,2008,2008-12-29T05:00:00,2008-12-30T11:45:00,PST-8,30.75,41,41011,C,011,COOS,0,0,0,0,0.00,0.00,Heavy Rain,0,"[[43.0616,-124.1472],[43.0703,-124.1473],[43.068,-124.1507],[43.0587,-124.1577],[43.0569,-124.1503]]",0,1,county_code_unverified|timezone_not_normalized_to_utc
140292,24075,2008,2008-12-29T13:15:00,2008-12-30T03:00:00,PST-8,13.75,41,41011,C,011,COOS,0,0,0,0,0.00,0.00,Heavy Rain,0,"[[43.0776,-124.1099],[43.0779,-124.1067],[43.0762,-124.107],[43.0706,-124.1062],[43.0715,-124.0984],[43.0703,-124.098],[43.0673,-124.1077],[43.0732,-124.1107]]",0,1,county_code_unverified|timezone_not_normalized_to_utc
140293,24075,2008,2008-12-29T09:00:00,2008-12-31T21:00:00,PST-8,60.0,41,41011,C,011,COOS,0,0,0,0,0.00,0.00,Heavy Rain,0,"[[43.1436,-124.1774],[43.1764,-124.2016],[43.1789,-124.2197],[43.2115,-124.2485],[43.1922,-124.2794],[43.1632,-124.232],[43.1436,-124.1998]]",0,1,county_code_unverified|timezone_not_normalized_to_utc
140309,24079,2008,2008-12-28T11:15:00,2008-12-29T16:30:00,PST-8,29.25,41,41015,C,015,CURRY,0,0,0,0,0.00,0.00,Heavy Rain,0,"[[42.0699,-124.2608],[42.0731,-124.256],[42.0725,-124.2546],[42.069,-124.2594]]",0,1,county_code_unverified|timezone_not_normalized_to_utc
140321,24079,2008,2008-12-28T11:15:00,2008-12-29T16:30:00,PST-8,29.25,41,41011,C,011,COOS,0,0,0,0,0.00,0.00,Heavy Rain,0,"[[43.15,-123.85],[43.1478,-123.8804],[43.139,-123.8775],[43.1412,-123.8535],[43.1485,-123.8448]]",0,1,county_code_unverified|timezone_not_normalized_to_utc
140338,23670,2008,2008-12-11T20:05:00,2008-12-11T22:30:00,EST-5,2.4166666666666665,21,21133,C,133,LETCHER,0,0,0,0,0.00,0.00,Heavy Rain,0,"[[37.13,-82.98],[37.1455,-83.0257],[37.1628,-82.9894],[37.145,-82.9633]]",0,1,county_code_unverified|timezone_not_normalized_to_utc
140339,23670,2008,2008-12-11T21:50:00,2008-12-11T23:30:00,EST-5,1.6666666666666667,21,21133,C,133,LETCHER,0,0,0,0,0.00,0.00,Heavy Rain,0,"[[37.17,-82.62],[37.2003,-82.6399],[37.1918,-82.6683],[37.1642,-82.6457]]",0,1,county_code_unverified|timezone_not_normalized_to_utc
141241,24139,2008,2008-12-10T17:30:00,2008-12-11T00:00:00,EST-5,6.5,13,13117,C,117,FORSYTH,0,0,0,0,1000.00,0.00,Heavy Rain,0,"[[34.2913,-84.2341],[34.2916,-84.2241],[34.2801,-84.2233],[34.2809,-84.2314]]",0,1,county_code_unverified|timezone_not_normalized_to_utc
141242,24139,2008,2008-12-11T00:57:00,2008-12-11T12:30:00,EST-5,11.55,13,13081,C,081,CRISP,0,0,0,0,1000.00,0.00,Heavy Rain,0,"[[31.992,-83.7346],[31.9737,-83.7538],[31.976,-83.7881],[31.9826,-83.7853],[31.9827,-83.7647]]",0,1,county_code_unverified|timezone_not_normalized_to_utc
141243,24139,2008,2008-12-11T14:15:00,2008-12-12T09:10:00,EST-5,18.916666666666668,13,13093,C,093,DOOLY,0,0,0,0,1000.00,0.00,Heavy Rain,0,"[[32.1991,-83.9363],[32.1995,-83.9458],[32.227,-83.9274],[32.2103,-83.9124]]",0,1,county_code_unverified|timezone_not_normalized_to_utc
141244,24139,2008,2008-12-11T10:26:00,2008-12-13T14:05:00,EST-5,51.65,13,13313,C,313,WHITFIELD,0,0,0,0,1000.00,0.00,Heavy Rain,0,"[[34.7579,-84.8996],[34.7448,-84.8659],[34.7369,-84.8686],[34.7544,-84.911]]",0,1,county_code_unverified|timezone_not_normalized_to_utc
141301,24296,2008,2008-12-13T09:40:00,2008-12-15T17:22:00,EST-5,55.7,13,13303,C,303,WASHINGTON,0,0,0,0,0.00,0.00,Heavy Rain,0,"[[32.8406,-82.9708],[32.799,-82.9488],[32.7518,-82.9418],[32.7523,-82.9631],[32.8008,-82.9611],[32.8379,-82.9836]]",0,1,county_code_unverified|timezone_not_normalized_to_utc
141899,24391,2008,2008-11-26T02:42:00,2008-11-26T05:35:00,EST-5,2.8833333333333333,23,23017,C,017,OXFORD,0,0,0,0,0.00,0.00,Heavy Rain,0,"[[44.6765,-70.5944],[44.6701,-70.6045],[44.666,-70.5921],[44.6701,-70.5887]]",0,1,county_code_unverified|timezone_not_normalized_to_utc
141902,24391,2008,2008-11-26T21:00:00,2008-11-27T07:41:00,EST-5,10.683333333333334,23,23001,C,001,ANDROSCOGGIN,0,0,0,0,0.00,0.00,Heavy Rain,0,"[[44.0873,-70.2169],[44.0862,-70.222],[44.0838,-70.2154],[44.0862,-70.2144]]",0,1,county_code_unverified|timezone_not_normalized_to_utc
141908,24391,2008,2008-11-26T14:27:00,2008-11-27T17:20:00,EST-5,26.883333333333333,23,23011,C,011,KENNEBEC,0,0,0,0,0.00,0.00,Heavy Rain,0,"[[44.285,-69.7831],[44.2871,-69.7925],[44.2799,-69.7958],[44.28,-69.7864]]",0,1,county_code_unverified|timezone_not_normalized_to_utc
141910,24391,2008,2008-11-26T07:30:00,2008-11-27T12:23:00,EST-5,28.883333333333333,23,23025,C,025,SOMERSET,0,0,0,0,0.00,0.00,Heavy Rain,0,"[[44.767,-69.7225],[44.7664,-69.7264],[44.7645,-69.7262],[44.7654,-69.7209]]",0,1,county_code_unverified|timezone_not_normalized_to_utc
141913,24391,2008,2008-11-26T16:53:00,2008-11-27T09:20:00,EST-5,16.45,23,23011,C,011,KENNEBEC,0,0,0,0,0.00,0.00,Heavy Rain,0,"[[44.4728,-69.6853],[44.4603,-69.6907],[44.4598,-69.683],[44.4718,-69.6816]]",0,1,county_code_unverified|timezone_not_normalized_to_utc
141916,24391,2008,2008-11-25T20:52:00,2008-11-26T18:56:00,EST-5,22.066666666666666,23,23005,C,005,CUMBERLAND,0,0,0,0,0.00,0.00,Heavy Rain,0,"[[43.6803,-70.3594],[43.6792,-70.3575],[43.6804,-70.3556],[43.6806,-70.3577]]",0,1,county_code_unverified|timezone_not_normalized_to_utc
141917,24391,2008,2008-11-26T03:00:00,2008-11-26T07:00:00,EST-5,4.0,23,23025,C,025,SOMERSET,0,0,0,0,25000.00,0.00,Heavy Rain,0,"[[44.7081,-69.9086],[44.7048,-69.9071],[44.706,-69.9037],[44.7077,-69.9049]]",0,1,county_code_unverified|timezone_not_normalized_to_utc
141918,24391,2008,2008-11-25T23:30:00,2008-11-26T09:00:00,EST-5,9.5,23,23007,C,007,FRANKLIN,0,0,0,0,10000.00,0.00,Heavy Rain,0,"[[44.6656,-70.1482],[44.6627,-70.1511],[44.6627,-70.1489],[44.6645,-70.1469]]",0,1,county_code_unverified|timezone_not_normalized_to_utc
141920,24391,2008,2008-11-26T00:00:00,2008-11-26T19:00:00,EST-5,19.0,23,23007,C,007,FRANKLIN,0,0,0,0,10000.00,0.00,Heavy Rain,0,"[[44.6211,-70.0752],[44.6181,-70.074],[44.6195,-70.0689],[44.6208,-70.0687]]",0,1,county_code_unverified|timezone_not_normalized_to_utc
141921,24391,2008,2008-11-26T02:42:00,2008-11-26T16:35:00,EST-5,13.883333333333333,23,23017,C,017,OXFORD,0,0,0,0,0.00,0.00,Heavy Rain,0,"[[44.5944,-70.7343],[44.5914,-70.7338],[44.5924,-70.7318],[44.594,-70.7325]]",0,1,county_code_unverified|timezone_not_normalized_to_utc
142134,24296,2008,2008-12-13T09:40:00,2008-12-15T17:22:00,EST-5,55.7,13,13319,C,319,WILKINSON,0,0,0,0,1000.00,0.00,Heavy Rain,0,"[[32.8406,-82.9708],[32.799,-82.9488],[32.7518,-82.9418],[32.7523,-82.9631],[32.8008,-82.9611],[32.8379,-82.9836]]",0,1,county_code_unverified|timezone_not_normalized_to_utc
142492,20310,2008,2008-06-08T16:30:00,2008-06-08T18:00:00,CST-6,1.5,55,55139,C,139,WINNEBAGO,0,0,0,0,625000.00,0.00,Heavy Rain,0,"[[44.006,-88.541],[44.007,-88.5567],[43.9986,-88.5568],[43.998,-88.5423]]",0,1,county_code_unverified|timezone_not_normalized_to_utc
142706,15285,2008,2008-04-03T10:43:00,2008-04-03T12:35:00,AST-4,1.8666666666666667,99,,C,005,NORTH CENTRAL,0,0,0,0,3000.00,0.00,Heavy Rain,0,"[[18.4731,-66.7129],[18.4721,-66.7185],[18.472,-66.7189],[18.4727,-66.7129]]",0,1,requires_crosswalk_or_marine_review|timezone_not_normalized_to_utc
142973,24606,2008,2008-12-12T03:25:00,2008-12-12T11:00:00,EST-5,7.583333333333333,36,36039,C,039,GREENE,0,0,0,0,1000.00,0.00,Heavy Rain,0,"[[42.2254,-73.8951],[42.2159,-73.9007],[42.2122,-73.8714],[42.2162,-73.8626],[42.2263,-73.8668],[42.2339,-73.8753],[42.2279,-73.8863]]",0,1,county_code_unverified|timezone_not_normalized_to_utc
142974,24606,2008,2008-12-12T02:25:00,2008-12-12T11:45:00,EST-5,9.333333333333334,36,36027,C,027,DUTCHESS,0,0,0,0,10000.00,0.00,Heavy Rain,0,"[[41.6,-73.92],[41.6036,-73.9095],[41.5956,-73.9055],[41.595,-73.9171]]",0,1,county_code_unverified|timezone_not_normalized_to_utc
142975,18539,2008,2008-05-02T13:00:00,2008-05-02T15:00:00,AST-4,2.0,99,,C,006,CENTRAL INTERIOR,0,0,0,0,5000.00,0.00,Heavy Rain,0,"[[18.3268,-66.4755],[18.327,-66.4663],[18.3227,-66.4653],[18.322,-66.4754]]",0,1,requires_crosswalk_or_marine_review|timezone_not_normalized_to_utc
142976,24606,2008,2008-12-12T08:00:00,2008-12-12T14:15:00,EST-5,6.25,36,36115,C,115,WASHINGTON,0,0,0,0,2000.00,0.00,Heavy Rain,0,"[[43.18,-73.33],[43.1705,-73.3343],[43.1666,-73.3268],[43.1755,-73.3182]]",0,1,county_code_unverified|timezone_not_normalized_to_utc
142977,24606,2008,2008-12-12T09:00:00,2008-12-12T14:15:00,EST-5,5.25,36,36021,C,021,COLUMBIA,0,0,0,0,2000.00,0.00,Heavy Rain,0,"[[42.25,-73.78],[42.2532,-73.8007],[42.2238,-73.8335],[42.214,-73.8195]]",0,1,county_code_unverified|timezone_not_normalized_to_utc
142978,24606,2008,2008-12-12T07:00:00,2008-12-12T14:00:00,EST-5,7.0,36,36111,C,111,ULSTER,0,0,0,0,8000.00,0.00,Heavy Rain,0,"[[41.75,-74.08],[41.7459,-74.0938],[41.7524,-74.1007],[41.7577,-74.1007],[41.7626,-74.0971]]",0,1,county_code_unverified|timezone_not_normalized_to_utc
142984,18946,2008,2008-06-08T21:40:00,2008-06-08T22:40:00,AST-4,1.0,99,,C,005,NORTH CENTRAL,0,0,0,0,50000.00,0.00,Heavy Rain,0,"[[18.4568,-66.7421],[18.457,-66.7427],[18.4567,-66.7428],[18.4567,-66.7422]]",0,1,requires_crosswalk_or_marine_review|timezone_not_normalized_to_utc
142987,24619,2008,2008-12-12T06:00:00,2008-12-12T14:00:00,EST-5,8.0,25,25003,C,003,BERKSHIRE,0,0,0,0,5000.00,0.00,Heavy Rain,0,"[[42.2,-73.37],[42.1746,-73.3847],[42.1206,-73.3643],[42.1705,-73.3406]]",0,1,county_code_unverified|timezone_not_normalized_to_utc
142988,24620,2008,2008-12-12T02:30:00,2008-12-12T11:45:00,EST-5,9.25,09,09005,C,005,LITCHFIELD,0,0,0,0,15000.00,0.00,Heavy Rain,0,"[[41.72,-73.48],[41.7029,-73.5099],[41.6819,-73.4839],[41.7078,-73.4532],[41.7285,-73.4611]]",0,1,county_code_unverified|timezone_not_normalized_to_utc
143329,24645,2008,2008-12-27T12:37:00,2008-12-27T20:25:00,EST-5,7.8,26,26139,C,139,OTTAWA,0,0,0,0,3600000.00,0.00,Ice Jam,0,"[[42.86,-86.08],[42.83,-86.06],[42.83,-85.84],[43.12,-85.88],[43.06,-86.22]]",0,1,county_code_unverified|timezone_not_normalized_to_utc
143496,24644,2008,2008-12-27T20:30:00,2008-12-28T18:00:00,CST-6,21.5,17,17043,C,043,DU PAGE,0,0,0,0,0.00,0.00,Heavy Rain / Snow Melt,0,"[[41.7304,-88.0307],[41.726,-88.2649],[41.9851,-88.2632],[41.9936,-87.9205],[41.7171,-87.9147],[41.6857,-87.9828],[41.6857,-88.0307]]",0,1,county_code_unverified|timezone_not_normalized_to_utc
143499,24644,2008,2008-12-27T08:00:00,2008-12-28T18:00:00,CST-6,34.0,17,17031,C,031,COOK,0,0,0,0,0.00,0.00,Heavy Rain / Snow Melt,0,"[[41.7228,-87.5272],[41.7171,-87.9147],[41.557,-87.9076],[41.5587,-87.7926],[41.47,-87.7904],[41.4705,-87.5263]]",0,1,county_code_unverified|timezone_not_normalized_to_utc
143501,24644,2008,2008-12-27T08:00:00,2008-12-27T18:00:00,CST-6,10.0,17,17031,C,031,COOK,0,0,0,0,0.00,0.00,Heavy Rain / Snow Melt,0,"[[41.7228,-87.5272],[42.1524,-87.7603],[42.1535,-88.2443],[42.0679,-88.2443],[42.0679,-88.2649],[41.9851,-88.2632],[41.9936,-87.9205],[41.7171,-87.9147]]",0,1,county_code_unverified|timezone_not_normalized_to_utc
143903,24738,2008,2008-12-10T06:00:00,2008-12-10T12:00:00,CST-6,6.0,01,01031,C,031,COFFEE,0,0,0,0,5000.00,0.00,Heavy Rain,0,"[[31.1975,-85.9666],[31.198,-85.964],[31.1972,-85.9638],[31.1968,-85.9664]]",0,1,county_code_unverified|timezone_not_normalized_to_utc
143904,24738,2008,2008-12-10T06:00:00,2008-12-10T12:00:00,CST-6,6.0,01,01031,C,031,COFFEE,0,0,0,0,0.00,0.00,Heavy Rain,0,"[[31.4286,-86.0416],[31.4312,-86.0374],[31.4305,-86.0366],[31.428,-86.0414]]",0,1,county_code_unverified|timezone_not_normalized_to_utc
143932,23909,2008,2008-11-12T15:00:00,2008-11-14T22:00:00,PST-8,55.0,53,53033,C,033,KING,0,0,0,0,100000.00,0.00,Heavy Rain,0,"[[47.53,-121.7986],[47.53,-121.8414],[47.65,-121.9415],[47.65,-121.8985]]",0,1,county_code_unverified|timezone_not_normalized_to_utc
143933,23909,2008,2008-11-12T15:00:00,2008-11-15T03:00:00,PST-8,60.0,53,53061,C,061,SNOHOMISH,0,0,0,0,100000.00,0.00,Heavy Rain,0,"[[47.8193,-122.0157],[47.8223,-122.0696],[47.9311,-122.1399],[47.9334,-122.0917]]",0,1,county_code_unverified|timezone_not_normalized_to_utc
144513,24835,2008,2008-12-10T15:30:00,2008-12-10T21:00:00,EST-5,5.5,51,51171,C,171,SHENANDOAH,0,0,0,0,0.00,0.00,Heavy Rain,0,"[[38.67,-78.6394],[38.6788,-78.6394],[38.6788,-78.6457],[38.67,-78.6457]]",0,1,county_code_unverified|timezone_not_normalized_to_utc
144955,24258,2008,2008-12-11T08:00:00,2008-12-12T13:28:00,CST-6,29.466666666666665,01,01077,C,077,LAUDERDALE,0,0,0,0,0.00,0.00,Heavy Rain,0,"[[34.8736,-87.2335],[34.8775,-87.308],[34.9338,-87.2874],[34.9107,-87.229]]",0,1,county_code_unverified|timezone_not_normalized_to_utc
144959,24258,2008,2008-12-11T08:00:00,2008-12-12T13:28:00,CST-6,29.466666666666665,01,01077,C,077,LAUDERDALE,0,0,0,0,0.00,0.00,Heavy Rain,0,"[[34.8736,-87.2335],[34.8775,-87.308],[34.9338,-87.2874],[34.9107,-87.229]]",0,1,county_code_unverified|timezone_not_normalized_to_utc
144968,24258,2008,2008-12-11T07:30:00,2008-12-11T23:15:00,CST-6,15.75,01,01089,C,089,MADISON,0,0,0,0,0.00,0.00,Heavy Rain,0,"[[34.6967,-86.4257],[34.6708,-86.401],[34.6355,-86.4549],[34.6697,-86.4878],[34.7006,-86.4672]]",0,1,county_code_unverified|timezone_not_normalized_to_utc
144974,24258,2008,2008-12-11T08:00:00,2008-12-12T13:28:00,CST-6,29.466666666666665,01,01077,C,077,LAUDERDALE,0,0,0,0,0.00,0.00,Heavy Rain,0,"[[34.9748,-87.3727],[34.9853,-87.3389],[34.9539,-87.3406],[34.9569,-87.3756]]",0,1,county_code_unverified|timezone_not_normalized_to_utc
144980,24258,2008,2008-12-11T08:00:00,2008-12-12T13:28:00,CST-6,29.466666666666665,01,01077,C,077,LAUDERDALE,0,0,0,0,0.00,0.00,Heavy Rain,0,"[[34.9969,-87.6029],[34.98,-87.605],[34.9851,-87.6676],[35.0008,-87.6682]]",0,1,county_code_unverified|timezone_not_normalized_to_utc
145152,24559,2008,2008-12-28T06:00:00,2008-12-28T20:23:00,CST-6,14.383333333333333,29,29021,C,021,BUCHANAN,0,0,0,0,0.00,0.00,Heavy Rain,0,"[[39.65,-94.75],[39.7082,-94.7131],[39.6948,-94.6737],[39.6586,-94.6973]]",0,1,county_code_unverified|timezone_not_normalized_to_utc
145156,24559,2008,2008-12-27T11:46:00,2008-12-28T17:53:00,CST-6,30.116666666666667,29,29083,C,083,HENRY,0,0,0,0,0.00,0.00,Heavy Rain,0,"[[38.57,-93.97],[38.5492,-93.9589],[38.5522,-93.9733],[38.5679,-93.9867]]",0,1,county_code_unverified|timezone_not_normalized_to_utc
145181,24559,2008,2008-12-27T08:45:00,2008-12-31T23:59:00,CST-6,111.23333333333333,29,29195,C,195,SALINE,0,0,0,0,0.00,0.00,Heavy Rain,0,"[[39.0211,-93.2252],[39.0059,-93.162],[38.9888,-93.1634],[39.0024,-93.2441]]",0,1,county_code_unverified|timezone_not_normalized_to_utc
145183,24559,2008,2008-12-30T06:00:00,2008-12-30T06:15:00,CST-6,0.25,29,29041,C,041,CHARITON,0,0,0,0,0.00,0.00,Heavy Rain,0,"[[39.433,-93.1668],[39.4249,-93.1613],[39.4265,-93.1539],[39.4339,-93.1577]]",0,1,county_code_unverified|timezone_not_normalized_to_utc
145197,24559,2008,2008-12-27T19:45:00,2008-12-28T11:54:00,CST-6,16.15,29,29033,C,033,CARROLL,0,0,0,0,0.00,0.00,Heavy Rain,0,"[[39.3483,-93.4984],[39.3417,-93.4741],[39.3388,-93.4813],[39.3453,-93.5025]]",0,1,county_code_unverified|timezone_not_normalized_to_utc
145198,24559,2008,2008-12-27T14:44:00,2008-12-29T22:22:00,CST-6,55.63333333333333,29,29117,C,117,LIVINGSTON,0,0,0,0,0.00,0.00,Heavy Rain,0,"[[39.7632,-93.5747],[39.722,-93.4442],[39.7212,-93.4775],[39.7418,-93.5685]]",0,1,county_code_unverified|timezone_not_normalized_to_utc
145199,24559,2008,2008-12-27T12:04:00,2008-12-28T05:36:00,CST-6,17.533333333333335,29,29089,C,089,HOWARD,0,0,0,0,0.00,0.00,Heavy Rain,0,"[[39.1231,-92.6312],[39.113,-92.611],[39.0848,-92.6271],[39.0968,-92.6721]]",0,1,county_code_unverified|timezone_not_normalized_to_utc
145201,24559,2008,2008-12-27T11:20:00,2008-12-28T18:33:00,CST-6,31.216666666666665,29,29041,C,041,CHARITON,0,0,0,0,0.00,0.00,Heavy Rain,0,"[[39.5581,-92.7246],[39.5909,-92.7761],[39.5427,-92.8324],[39.5342,-92.7651]]",0,1,county_code_unverified|timezone_not_normalized_to_utc
145202,24559,2008,2008-12-28T04:36:00,2008-12-28T17:48:00,CST-6,13.2,29,29177,C,177,RAY,0,0,0,0,0.00,0.00,Heavy Rain,0,"[[39.3853,-93.9592],[39.3577,-93.9242],[39.3386,-94.0086],[39.3792,-94.0189]]",0,1,county_code_unverified|timezone_not_normalized_to_utc
145203,24559,2008,2008-12-27T15:19:00,2008-12-31T23:59:00,CST-6,104.66666666666667,29,29041,C,041,CHARITON,0,0,0,0,0.00,0.00,Heavy Rain,0,"[[39.6776,-93.2698],[39.6173,-93.2217],[39.6105,-93.3089],[39.6739,-93.3447]]",0,1,county_code_unverified|timezone_not_normalized_to_utc
145209,24559,2008,2008-12-27T16:00:00,2008-12-29T02:30:00,CST-6,34.5,29,29083,C,083,HENRY,0,0,0,0,0.00,0.00,Heavy Rain,0,"[[38.4681,-94.034],[38.4445,-93.9771],[38.4278,-93.9722],[38.4493,-94.055]]",0,1,county_code_unverified|timezone_not_normalized_to_utc
145214,24559,2008,2008-12-27T08:12:00,2008-12-29T00:37:00,CST-6,40.416666666666664,29,29101,C,101,JOHNSON,0,0,0,0,0.00,0.00,Heavy Rain,0,"[[38.871,-93.6004],[38.8836,-93.6227],[38.8737,-93.6375],[38.8646,-93.6082]]",0,1,county_code_unverified|timezone_not_normalized_to_utc
146014,25029,2008,2008-12-12T08:30:00,2008-12-12T22:15:00,EST-5,13.75,09,09011,C,011,NEW LONDON,0,0,0,0,0.00,0.00,Heavy Rain,0,"[[41.5418,-72.0473],[41.5727,-72.1246],[41.5582,-72.1349],[41.5389,-72.1053],[41.5243,-72.059]]",0,1,county_code_unverified|timezone_not_normalized_to_utc
146015,25029,2008,2008-12-12T06:00:00,2008-12-12T08:00:00,EST-5,2.0,09,09007,C,007,MIDDLESEX,0,0,0,0,0.00,0.00,Heavy Rain,0,"[[41.475,-72.6685],[41.4804,-72.6677],[41.4801,-72.6821],[41.4749,-72.6809]]",0,1,county_code_unverified|timezone_not_normalized_to_utc
146017,25029,2008,2008-12-12T07:30:00,2008-12-12T08:00:00,EST-5,0.5,09,09007,C,007,MIDDLESEX,0,0,0,0,0.00,0.00,Heavy Rain,0,"[[41.3511,-72.4147],[41.3253,-72.391],[41.3323,-72.3817],[41.3593,-72.4081]]",0,1,county_code_unverified|timezone_not_normalized_to_utc
146067,25029,2008,2008-12-12T07:00:00,2008-12-12T07:30:00,EST-5,0.5,09,09001,C,001,FAIRFIELD,0,0,0,0,0.00,0.00,Heavy Rain,0,"[[41.1762,-73.1877],[41.1798,-73.1882],[41.1799,-73.1867],[41.1765,-73.1863]]",0,1,county_code_unverified|timezone_not_normalized_to_utc
146068,25029,2008,2008-12-12T05:30:00,2008-12-12T06:00:00,EST-5,0.5,09,09009,C,009,NEW HAVEN,0,0,0,0,0.00,0.00,Heavy Rain,0,"[[41.2727,-72.9493],[41.2959,-72.9583],[41.2951,-72.9624],[41.2721,-72.9534]]",0,1,county_code_unverified|timezone_not_normalized_to_utc
146072,25031,2008,2008-12-12T05:00:00,2008-12-12T05:30:00,EST-5,0.5,36,36103,C,103,SUFFOLK,0,0,0,0,0.00,0.00,Heavy Rain,0,"[[40.8892,-72.4861],[40.8886,-72.4315],[40.8821,-72.4303],[40.8821,-72.4861]]",0,1,county_code_unverified|timezone_not_normalized_to_utc
146073,25031,2008,2008-12-12T03:54:00,2008-12-12T07:08:00,EST-5,3.2333333333333334,36,36059,C,059,NASSAU,0,0,0,0,0.00,0.00,Heavy Rain,0,"[[40.6846,-73.7263],[40.6898,-73.7262],[40.6889,-73.7206],[40.6869,-73.7188]]",0,1,county_code_unverified|timezone_not_normalized_to_utc
146074,25030,2008,2008-12-12T05:00:00,2008-12-12T07:30:00,EST-5,2.5,34,34003,C,003,BERGEN,0,0,0,0,0.00,0.00,Heavy Rain,0,"[[40.88,-74.08],[40.8844,-74.0897],[40.8858,-74.0884],[40.8811,-74.0795]]",0,1,county_code_unverified|timezone_not_normalized_to_utc
146075,25030,2008,2008-12-12T05:15:00,2008-12-12T07:30:00,EST-5,2.25,34,34039,C,039,UNION,0,0,0,0,0.00,0.00,Heavy Rain,0,"[[40.6909,-74.3047],[40.6885,-74.3184],[40.6856,-74.318],[40.6884,-74.3042]]",0,1,county_code_unverified|timezone_not_normalized_to_utc
146076,25030,2008,2008-12-12T05:30:00,2008-12-12T06:00:00,EST-5,0.5,34,34013,C,013,ESSEX,0,0,0,0,0.00,0.00,Heavy Rain,0,"[[40.7241,-74.2507],[40.7225,-74.2505],[40.7283,-74.2152],[40.7304,-74.2162]]",0,1,county_code_unverified|timezone_not_normalized_to_utc
146077,25030,2008,2008-12-12T05:30:00,2008-12-12T06:00:00,EST-5,0.5,34,34031,C,031,PASSAIC,0,0,0,0,0.00,0.00,Heavy Rain,0,"[[41.1561,-74.3594],[41.0574,-74.4495],[41.0478,-74.4324],[41.1332,-74.3589]]",0,1,county_code_unverified|timezone_not_normalized_to_utc
146609,23548,2008,2008-12-11T19:29:00,2008-12-12T06:15:00,EST-5,10.766666666666667,10,10003,C,003,NEW CASTLE,0,0,0,0,0.00,0.00,Heavy Rain,0,"[[39.7352,-75.5118],[39.7729,-75.6374],[39.6242,-75.7373],[39.6237,-75.6285]]",0,1,county_code_unverified|timezone_not_normalized_to_utc
146620,23550,2008,2008-12-11T22:03:00,2008-12-12T10:00:00,EST-5,11.95,34,34007,C,007,CAMDEN,0,0,0,0,0.00,0.00,Heavy Rain,0,"[[39.9555,-75.1025],[39.9565,-75.1139],[39.9234,-75.0912],[39.9,-75.03],[39.9108,-75.0174]]",0,1,county_code_unverified|timezone_not_normalized_to_utc
146621,25150,2008,2008-12-19T23:50:00,2008-12-20T09:00:00,EST-5,9.166666666666666,42,42051,C,051,FAYETTE,0,0,0,0,5000.00,0.00,Heavy Rain / Snow Melt,0,"[[40.0744,-79.5425],[40.0734,-79.5323],[40.0717,-79.5329],[40.0733,-79.5429]]",0,1,county_code_unverified|timezone_not_normalized_to_utc
146626,25150,2008,2008-12-19T23:50:00,2008-12-20T08:00:00,EST-5,8.166666666666666,42,42063,C,063,INDIANA,0,0,0,0,10000.00,0.00,Heavy Rain / Snow Melt,0,"[[40.4861,-79.2049],[40.4814,-79.1857],[40.4647,-79.1976],[40.469,-79.2071]]",0,1,county_code_unverified|timezone_not_normalized_to_utc
146632,23550,2008,2008-12-12T06:46:00,2008-12-12T19:49:00,EST-5,13.05,34,34025,C,025,MONMOUTH,0,0,0,0,0.00,0.00,Heavy Rain,0,"[[40.1164,-74.1004],[40.1232,-74.0362],[40.1781,-74.1131],[40.1858,-74.1858],[40.1739,-74.1888],[40.17,-74.15]]",0,1,county_code_unverified|timezone_not_normalized_to_utc
146634,25150,2008,2008-12-19T23:55:00,2008-12-20T08:00:00,EST-5,8.083333333333334,42,42129,C,129,WESTMORELAND,0,0,0,0,5000.00,0.00,Heavy Rain / Snow Melt,0,"[[40.3,-79.38],[40.2988,-79.3831],[40.2908,-79.3723],[40.2921,-79.3688]]",0,1,county_code_unverified|timezone_not_normalized_to_utc
146636,23550,2008,2008-12-12T04:20:00,2008-12-15T21:15:00,EST-5,88.91666666666667,34,34027,C,027,MORRIS,0,0,0,0,0.00,0.00,Heavy Rain,0,"[[40.9182,-74.442],[40.9299,-74.4289],[40.9321,-74.3133],[40.8652,-74.317],[40.8315,-74.3465],[40.8201,-74.3871]]",0,1,county_code_unverified|timezone_not_normalized_to_utc
146639,23550,2008,2008-12-12T04:30:00,2008-12-13T08:15:00,EST-5,27.75,34,34029,C,029,OCEAN,0,0,0,0,0.00,0.00,Heavy Rain,0,"[[40.1,-74.22],[40.0702,-74.0434],[40.0339,-74.0506],[40.056,-74.1618],[40.0873,-74.2394]]",0,1,county_code_unverified|timezone_not_normalized_to_utc
146641,23550,2008,2008-12-11T23:10:00,2008-12-14T06:56:00,EST-5,55.766666666666666,34,34035,C,035,SOMERSET,0,0,0,0,0.00,0.00,Heavy Rain,0,"[[40.67,-74.72],[40.63,-74.48],[40.38,-74.6],[40.42,-74.7]]",0,1,county_code_unverified|timezone_not_normalized_to_utc
146654,23551,2008,2008-12-12T02:03:00,2008-12-12T09:27:00,EST-5,7.4,42,42011,C,011,BERKS,0,0,0,0,0.00,0.00,Heavy Rain,0,"[[40.32,-75.73],[40.27,-76.02],[40.17,-75.9],[40.33,-75.63]]",0,1,county_code_unverified|timezone_not_normalized_to_utc
146656,23551,2008,2008-12-12T02:00:00,2008-12-12T09:00:00,EST-5,7.0,42,42017,C,017,BUCKS,0,0,0,0,0.00,0.00,Heavy Rain,0,"[[40.2297,-74.9549],[40.1841,-74.8828],[40.0954,-74.8581],[40.077,-74.9075],[40.2245,-74.9817]]",0,1,county_code_unverified|timezone_not_normalized_to_utc
146658,23551,2008,2008-12-12T02:00:00,2008-12-12T09:00:00,EST-5,7.0,42,42025,C,025,CARBON,0,0,0,0,0.00,0.00,Heavy Rain,0,"[[40.8478,-75.7598],[40.8655,-75.7789],[40.8284,-75.8579],[40.8026,-75.8163]]",0,1,county_code_unverified|timezone_not_normalized_to_utc
146661,23551,2008,2008-12-12T01:05:00,2008-12-12T16:08:00,EST-5,15.05,42,42029,C,029,CHESTER,0,0,0,0,0.00,0.00,Heavy Rain,0,"[[40.1232,-75.4805],[40.1733,-75.83],[40.1,-75.92],[39.8426,-75.5839]]",0,1,county_code_unverified|timezone_not_normalized_to_utc
146664,23551,2008,2008-12-12T01:57:00,2008-12-12T16:08:00,EST-5,14.183333333333334,42,42045,C,045,DELAWARE,0,0,0,0,0.00,0.00,Heavy Rain,0,"[[39.8581,-75.3322],[39.8381,-75.5973],[39.8839,-75.6031],[39.958,-75.3921]]",0,1,county_code_unverified|timezone_not_normalized_to_utc
146667,23551,2008,2008-12-11T23:12:00,2008-12-12T11:12:00,EST-5,12.0,42,42091,C,091,MONTGOMERY,0,0,0,0,0.00,0.00,Heavy Rain,0,"[[40.2017,-75.4771],[40.3612,-75.5434],[40.42,-75.5],[40.1399,-75.1576],[40.118,-75.2385]]",0,1,county_code_unverified|timezone_not_normalized_to_utc
146669,23551,2008,2008-12-12T02:00:00,2008-12-12T23:59:00,EST-5,21.983333333333334,42,42095,C,095,NORTHAMPTON,0,0,0,0,0.00,0.00,Heavy Rain,0,"[[40.6809,-75.2312],[40.6619,-75.2464],[40.6593,-75.2402],[40.6868,-75.2038],[40.6903,-75.2061],[40.6853,-75.2284]]",0,1,county_code_unverified|timezone_not_normalized_to_utc
146670,23551,2008,2008-12-11T22:39:00,2008-12-12T10:30:00,EST-5,11.85,42,42101,C,101,PHILADELPHIA,0,0,0,0,0.00,0.00,Heavy Rain,0,"[[40.0745,-75.0487],[40.0762,-75.0394],[40.0352,-75.0038],[40.0111,-75.2018],[40.0371,-75.2131]]",0,1,county_code_unverified|timezone_not_normalized_to_utc
146790,25169,2008,2008-12-27T09:00:00,2008-12-28T02:00:00,EST-5,17.0,36,36029,C,029,ERIE,0,0,0,0,50000.00,0.00,Heavy Rain / Snow Melt,0,"[[42.8216,-78.7675],[42.8498,-78.8163],[42.8538,-78.8087],[42.837,-78.7716],[42.8292,-78.7631],[42.8332,-78.7407],[42.8281,-78.74]]",0,1,county_code_unverified|timezone_not_normalized_to_utc
146791,25169,2008,2008-12-27T12:00:00,2008-12-28T03:00:00,EST-5,15.0,36,36029,C,029,ERIE,0,0,0,0,50000.00,0.00,Heavy Rain / Snow Melt,0,"[[42.8431,-78.6546],[42.8429,-78.6836],[42.85,-78.7102],[42.8518,-78.7569],[42.8581,-78.7517],[42.8594,-78.714],[42.8601,-78.6886]]",0,1,county_code_unverified|timezone_not_normalized_to_utc
146792,25169,2008,2008-12-27T11:00:00,2008-12-27T23:00:00,EST-5,12.0,36,36029,C,029,ERIE,0,0,0,0,50000.00,0.00,Heavy Rain / Snow Melt,0,"[[42.8347,-78.5639],[42.8543,-78.6154],[42.879,-78.6587],[42.8984,-78.6793],[42.9074,-78.6655],[42.8855,-78.5996]]",0,1,county_code_unverified|timezone_not_normalized_to_utc
146796,25169,2008,2008-12-28T17:00:00,2008-12-30T10:00:00,EST-5,41.0,36,36055,C,055,MONROE,0,0,0,0,50000.00,0.00,Heavy Rain / Snow Melt,0,"[[43.1022,-77.9137],[43.0812,-77.8605],[43.0609,-77.8217],[43.0834,-77.7523],[43.1085,-77.7908],[43.1115,-77.8574]]",0,1,county_code_unverified|timezone_not_normalized_to_utc
146797,25169,2008,2008-12-28T07:00:00,2008-12-29T16:00:00,EST-5,33.0,36,36055,C,055,MONROE,0,0,0,0,50000.00,0.00,Heavy Rain / Snow Melt,0,"[[42.9959,-77.8323],[43.0014,-77.7671],[43.0187,-77.7317],[43.025,-77.7396],[43.0167,-77.7825],[43.0117,-77.8155]]",0,1,county_code_unverified|timezone_not_normalized_to_utc
146800,25169,2008,2008-12-28T05:00:00,2008-12-29T10:00:00,EST-5,29.0,36,36029,C,029,ERIE,0,0,0,0,50000.00,0.00,Heavy Rain / Snow Melt,0,"[[42.9285,-78.6439],[42.9381,-78.687],[42.9364,-78.7131],[42.9512,-78.7425],[42.9548,-78.7368],[42.943,-78.6908],[42.9429,-78.6638],[42.9406,-78.634]]",0,1,county_code_unverified|timezone_not_normalized_to_utc
146804,25169,2008,2008-12-27T23:00:00,2008-12-29T07:00:00,EST-5,32.0,36,36037,C,037,GENESEE,0,0,0,0,50000.00,0.00,Heavy Rain / Snow Melt,0,"[[42.9798,-78.1718],[42.9901,-78.2824],[43.0134,-78.2505],[43.0006,-78.1753]]",0,1,county_code_unverified|timezone_not_normalized_to_utc
146813,25169,2008,2008-12-28T19:00:00,2008-12-31T17:00:00,EST-5,70.0,36,36029,C,029,ERIE,0,0,0,0,50000.00,0.00,Heavy Rain / Snow Melt,0,"[[43.0679,-78.5049],[43.0656,-78.5948],[43.0895,-78.6693],[43.0814,-78.7239],[43.103,-78.704],[43.1105,-78.6422],[43.114,-78.5941],[43.1145,-78.5049]]",0,1,county_code_unverified|timezone_not_normalized_to_utc
147233,25272,2008,2008-12-12T01:44:00,2008-12-12T09:00:00,EST-5,7.266666666666667,44,44007,C,007,PROVIDENCE,0,0,0,0,2000.00,0.00,Heavy Rain,0,"[[41.77,-71.45],[41.7834,-71.4074],[41.8202,-71.4266],[41.8869,-71.4565],[41.8711,-71.4985]]",0,1,county_code_unverified|timezone_not_normalized_to_utc
147236,25274,2008,2008-12-12T05:12:00,2008-12-12T11:10:00,EST-5,5.966666666666667,09,09003,C,003,HARTFORD,0,0,0,0,0.00,0.00,Heavy Rain,0,"[[41.77,-72.97],[41.7689,-72.989],[41.7625,-72.9878],[41.765,-72.9678]]",0,1,county_code_unverified|timezone_not_normalized_to_utc
147254,25272,2008,2008-12-12T07:16:00,2008-12-12T10:00:00,EST-5,2.7333333333333334,44,44003,C,003,KENT,0,0,0,0,2000.00,0.00,Heavy Rain,0,"[[41.68,-71.57],[41.6942,-71.5668],[41.7024,-71.5879],[41.6962,-71.591]]",0,1,county_code_unverified|timezone_not_normalized_to_utc
147257,25170,2008,2008-12-12T07:32:00,2008-12-12T14:00:00,EST-5,6.466666666666667,25,25027,C,027,WORCESTER,0,0,0,0,10000.00,0.00,Heavy Rain,0,"[[42.2,-71.75],[42.2,-71.68],[42.1,-71.55],[42.1171,-71.67]]",0,1,county_code_unverified|timezone_not_normalized_to_utc
147261,25170,2008,2008-12-12T08:40:00,2008-12-12T13:00:00,EST-5,4.333333333333333,25,25005,C,005,BRISTOL,0,0,0,0,5000.00,0.00,Heavy Rain,0,"[[41.8,-71.07],[41.68,-70.92],[41.75,-71.15],[41.83,-71.27]]",0,1,county_code_unverified|timezone_not_normalized_to_utc
147263,25170,2008,2008-12-12T09:20:00,2008-12-12T11:00:00,EST-5,1.6666666666666667,25,25017,C,017,MIDDLESEX,0,0,0,0,20000.00,0.00,Heavy Rain,0,"[[42.55,-71.27],[42.5672,-71.2899],[42.5379,-71.3088],[42.5278,-71.291]]",0,1,county_code_unverified|timezone_not_normalized_to_utc
147265,25274,2008,2008-12-12T11:10:00,2008-12-12T14:00:00,EST-5,2.8333333333333335,09,09003,C,003,HARTFORD,0,0,0,0,3000.00,0.00,Heavy Rain,0,"[[41.8041,-72.505],[41.767,-72.4854],[41.7682,-72.5458],[41.7977,-72.5414]]",0,1,county_code_unverified|timezone_not_normalized_to_utc
147267,25272,2008,2008-12-12T01:45:00,2008-12-12T12:45:00,EST-5,11.0,44,44007,C,007,PROVIDENCE,0,0,0,0,50000.00,0.00,Heavy Rain,0,"[[41.9654,-71.6453],[41.9628,-71.6369],[41.9622,-71.6412],[41.9633,-71.6455]]",0,1,county_code_unverified|timezone_not_normalized_to_utc
147276,25272,2008,2008-12-12T01:44:00,2008-12-12T10:00:00,EST-5,8.266666666666667,44,44001,C,001,BRISTOL,0,0,0,0,3000.00,0.00,Heavy Rain,0,"[[41.67,-71.27],[41.6911,-71.2745],[41.6905,-71.2836],[41.6712,-71.2786]]",0,1,county_code_unverified|timezone_not_normalized_to_utc
147542,25225,2008,2008-12-27T07:30:00,2008-12-31T23:59:00,EST-5,112.48333333333333,18,18171,C,171,WARREN,0,0,0,0,0.00,0.00,Heavy Rain / Snow Melt,0,"[[40.2067,-87.4265],[40.1589,-87.4498],[40.1306,-87.4168],[40.0634,-87.4333],[40.0628,-87.3956],[40.1414,-87.4011],[40.2612,-87.2651],[40.2685,-87.307]]",0,1,county_code_unverified|timezone_not_normalized_to_utc
147546,25225,2008,2008-12-27T07:30:00,2008-12-31T23:59:00,EST-5,112.48333333333333,18,18045,C,045,FOUNTAIN,0,0,0,0,0.00,0.00,Heavy Rain / Snow Melt,0,"[[40.2067,-87.4265],[40.1589,-87.4498],[40.1306,-87.4168],[40.0634,-87.4333],[40.0628,-87.3956],[40.1414,-87.4011],[40.2612,-87.2651],[40.2685,-87.307]]",0,1,county_code_unverified|timezone_not_normalized_to_utc
147565,25225,2008,2008-12-27T07:30:00,2008-12-31T23:59:00,EST-5,112.48333333333333,18,18165,C,165,VERMILLION,0,0,0,0,0.00,0.00,Heavy Rain / Snow Melt,0,"[[40.2067,-87.4265],[40.1589,-87.4498],[40.1306,-87.4168],[40.0634,-87.4333],[40.0628,-87.3956],[40.1414,-87.4011],[40.2612,-87.2651],[40.2685,-87.307]]",0,1,county_code_unverified|timezone_not_normalized_to_utc
147856,25225,2008,2008-12-26T07:00:00,2008-12-26T15:42:00,EST-5,8.7,18,18055,C,055,GREENE,0,0,0,0,0.00,0.00,Heavy Rain / Snow Melt,0,"[[39.096,-86.976],[39.0496,-86.9898],[38.9947,-86.9664],[38.9851,-86.9444],[39.0013,-86.9376],[39.0672,-86.9595],[39.0963,-86.9431]]",0,1,county_code_unverified|timezone_not_normalized_to_utc
147858,25225,2008,2008-12-28T20:00:00,2008-12-31T12:00:00,EST-5,64.0,18,18055,C,055,GREENE,0,0,0,0,0.00,0.00,Heavy Rain / Snow Melt,0,"[[39.096,-86.976],[39.05,-86.9898],[38.9947,-86.9664],[38.9851,-86.9444],[39.0013,-86.9376],[39.0637,-86.9573],[39.0963,-86.9431]]",0,1,county_code_unverified|timezone_not_normalized_to_utc
147861,25225,2008,2008-12-29T07:00:00,2008-12-31T23:59:00,EST-5,64.98333333333333,18,18083,C,083,KNOX,0,0,0,0,0.00,0.00,Heavy Rain / Snow Melt,0,"[[38.82,-87.25],[38.8323,-87.1971],[38.8264,-87.1758],[38.7854,-87.2205],[38.7177,-87.2411],[38.7231,-87.2747]]",0,1,county_code_unverified|timezone_not_normalized_to_utc
147863,25225,2008,2008-12-29T07:00:00,2008-12-31T23:59:00,EST-5,64.98333333333333,18,18027,C,027,DAVIESS,0,0,0,0,0.00,0.00,Heavy Rain / Snow Melt,0,"[[38.82,-87.25],[38.8323,-87.1971],[38.8264,-87.1758],[38.7854,-87.2205],[38.7177,-87.2411],[38.7231,-87.2747]]",0,1,county_code_unverified|timezone_not_normalized_to_utc
147874,25225,2008,2008-12-27T23:30:00,2008-12-31T23:59:00,EST-5,96.48333333333333,18,18167,C,167,VIGO,0,0,0,0,12500.00,0.00,Heavy Rain / Snow Melt,0,"[[39.5263,-87.4299],[39.4951,-87.4407],[39.4756,-87.4505],[39.4707,-87.4471],[39.4683,-87.4259],[39.4416,-87.4409],[39.4386,-87.4223],[39.5287,-87.4021]]",0,1,county_code_unverified|timezone_not_normalized_to_utc
147880,25225,2008,2008-12-28T01:00:00,2008-12-31T23:59:00,EST-5,94.98333333333333,18,18153,C,153,SULLIVAN,0,0,0,0,0.00,0.00,Heavy Rain / Snow Melt,0,"[[39.1141,-87.656],[39.101,-87.6527],[39.0837,-87.6216],[39.0989,-87.5978],[39.1418,-87.6338],[39.1644,-87.6211],[39.1666,-87.6482],[39.1373,-87.6656]]",0,1,county_code_unverified|timezone_not_normalized_to_utc
147886,25225,2008,2008-12-29T00:30:00,2008-12-31T23:59:00,EST-5,71.48333333333333,18,18157,C,157,TIPPECANOE,0,0,0,0,0.00,0.00,Heavy Rain / Snow Melt,0,"[[40.5264,-86.7982],[40.4715,-86.8929],[40.4174,-86.9036],[40.4012,-86.9345],[40.4245,-87.066],[40.3879,-87.0646],[40.3937,-86.8984],[40.5139,-86.7748]]",0,1,county_code_unverified|timezone_not_normalized_to_utc
147900,25225,2008,2008-12-27T14:00:00,2008-12-31T23:59:00,EST-5,105.98333333333333,18,18165,C,165,VERMILLION,0,0,0,0,2500.00,0.00,Heavy Rain / Snow Melt,0,"[[39.7212,-87.3724],[39.88,-87.3329],[39.9498,-87.4138],[39.9545,-87.4557],[39.8689,-87.3852],[39.7238,-87.3919]]",0,1,county_code_unverified|timezone_not_normalized_to_utc
147902,25379,2008,2008-12-21T22:00:00,2008-12-22T11:35:00,EST-5,13.583333333333334,33,33019,C,019,SULLIVAN,0,0,0,0,0.00,0.00,Ice Jam,0,"[[43.3764,-72.3591],[43.3727,-72.3582],[43.3732,-72.3607],[43.3751,-72.3602]]",0,1,county_code_unverified|timezone_not_normalized_to_utc
147903,25225,2008,2008-12-27T14:00:00,2008-12-31T23:59:00,EST-5,105.98333333333333,18,18121,C,121,PARKE,0,0,0,0,2500.00,0.00,Heavy Rain / Snow Melt,0,"[[39.8719,-87.3839],[39.7236,-87.3921],[39.7231,-87.3715],[39.8323,-87.3729],[39.8626,-87.3454]]",0,1,county_code_unverified|timezone_not_normalized_to_utc
147905,25225,2008,2008-12-29T20:00:00,2008-12-31T18:12:00,EST-5,46.2,18,18055,C,055,GREENE,0,0,0,0,0.00,0.00,Heavy Rain / Snow Melt,0,"[[38.9266,-87.0138],[38.9345,-86.993],[38.9669,-86.9825],[38.9685,-86.9884],[38.9325,-87.0116],[38.9405,-87.0505],[38.929,-87.0835]]",0,1,county_code_unverified|timezone_not_normalized_to_utc
147906,25225,2008,2008-12-28T06:30:00,2008-12-31T23:59:00,EST-5,89.48333333333333,18,18153,C,153,SULLIVAN,0,0,0,0,0.00,0.00,Heavy Rain / Snow Melt,0,"[[39.0558,-87.6113],[39.0372,-87.5903],[39.023,-87.5831],[38.9963,-87.5923],[38.9893,-87.5796],[38.9848,-87.5542],[39.0207,-87.5557],[39.0515,-87.5705]]",0,1,county_code_unverified|timezone_not_normalized_to_utc
147908,25380,2008,2008-12-25T20:00:00,2008-12-27T11:34:00,EST-5,39.56666666666667,18,18071,C,071,JACKSON,0,0,0,0,0.00,0.00,Heavy Rain / Snow Melt,0,"[[39.02,-85.8863],[38.9827,-85.9354],[38.9381,-86.0181],[38.9205,-85.9715],[38.9533,-85.9176],[38.9963,-85.8884]]",0,1,county_code_unverified|timezone_not_normalized_to_utc
147909,25225,2008,2008-12-29T07:30:00,2008-12-30T15:37:00,EST-5,32.11666666666667,18,18071,C,071,JACKSON,0,0,0,0,0.00,0.00,Heavy Rain / Snow Melt,0,"[[39.0182,-85.8796],[38.98,-85.9356],[38.9363,-86.0209],[38.92,-85.9714],[38.9548,-85.9196],[38.9973,-85.8908]]",0,1,county_code_unverified|timezone_not_normalized_to_utc
147910,25225,2008,2008-12-29T12:00:00,2008-12-30T19:24:00,EST-5,31.4,18,18119,C,119,OWEN,0,0,0,0,0.00,0.00,Heavy Rain / Snow Melt,0,"[[39.2804,-86.7575],[39.2816,-86.7747],[39.2805,-86.7758],[39.2682,-86.7781],[39.2783,-86.7602],[39.2791,-86.7497],[39.2818,-86.7423],[39.2868,-86.7466]]",0,1,county_code_unverified|timezone_not_normalized_to_utc
148657,25464,2008,2008-12-27T18:30:00,2008-12-28T01:00:00,EST-5,6.5,18,18165,C,165,VERMILLION,0,0,0,0,0.00,0.00,Heavy Rain,0,"[[39.7164,-87.5204],[39.7163,-87.5204],[39.7165,-87.5028]]",0,1,county_code_unverified|timezone_not_normalized_to_utc
148661,25464,2008,2008-12-27T21:35:00,2008-12-28T02:00:00,EST-5,4.416666666666667,18,18121,C,121,PARKE,0,0,0,0,0.00,0.00,Heavy Rain,0,"[[39.8488,-87.2352],[39.8476,-87.2351],[39.8414,-87.1125],[39.8378,-87.0152],[39.8477,-87.0152]]",0,1,county_code_unverified|timezone_not_normalized_to_utc
149717,25628,2008,2008-12-28T14:00:00,2008-12-28T21:00:00,PST-8,7.0,06,06015,C,015,DEL NORTE,0,0,0,0,7000.00,0.00,Heavy Rain,0,"[[41.5232,-124.0314],[41.5241,-124.0279],[41.5234,-124.0326],[41.523,-124.0322]]",0,1,county_code_unverified|timezone_not_normalized_to_utc
156179,23566,2008,2008-12-13T18:04:00,2008-12-13T23:04:00,AST-4,5.0,99,,C,065,HATILLO,0,0,0,0,15000.00,0.00,Heavy Rain,0,"[[18.4617,-66.7744],[18.4616,-66.7739],[18.4618,-66.774],[18.4618,-66.7743]]",0,1,requires_crosswalk_or_marine_review|timezone_not_normalized_to_utc
158354,23566,2008,2008-12-13T17:15:00,2008-12-13T22:15:00,AST-4,5.0,99,,C,027,CAMUY,0,0,0,0,24000.00,0.00,Heavy Rain,0,"[[18.4762,-66.857],[18.4764,-66.8477],[18.4707,-66.8488],[18.4712,-66.8581]]",0,1,requires_crosswalk_or_marine_review|timezone_not_normalized_to_utc
158355,23566,2008,2008-12-13T17:59:00,2008-12-13T23:00:00,AST-4,5.016666666666667,99,,C,027,CAMUY,0,0,0,0,6000.00,0.00,Heavy Rain,0,"[[18.4763,-66.864],[18.4755,-66.8599],[18.4724,-66.8594],[18.4736,-66.8634]]",0,1,requires_crosswalk_or_marine_review|timezone_not_normalized_to_utc
158357,23566,2008,2008-12-13T18:30:00,2008-12-13T23:30:00,AST-4,5.0,99,,C,027,CAMUY,0,0,0,0,12000.00,0.00,Heavy Rain,0,"[[18.4753,-66.8704],[18.4759,-66.86],[18.4728,-66.8609],[18.4714,-66.8707]]",0,1,requires_crosswalk_or_marine_review|timezone_not_normalized_to_utc
158358,23566,2008,2008-12-13T18:34:00,2008-12-13T23:34:00,AST-4,5.0,99,,C,027,CAMUY,0,0,0,0,48000.00,0.00,Heavy Rain,0,"[[18.4607,-66.8492],[18.4612,-66.8585],[18.454,-66.8567],[18.4558,-66.851]]",0,1,requires_crosswalk_or_marine_review|timezone_not_normalized_to_utc
158359,23566,2008,2008-12-13T18:54:00,2008-12-13T23:00:00,AST-4,4.1,99,,C,065,HATILLO,0,0,0,0,10000.00,0.00,Heavy Rain,0,"[[18.485,-66.8223],[18.484,-66.8276],[18.4802,-66.828],[18.4823,-66.8206]]",0,1,requires_crosswalk_or_marine_review|timezone_not_normalized_to_utc
