event_id,episode_id,year,begin_time_local,end_time_local,timezone,duration_hours,state_fips,county_fips,area_type,area_code,area_name,injuries_direct,injuries_indirect,deaths_direct,deaths_indirect,damage_property_usd,damage_crops_usd,flood_cause,fatality_records,location_points,year_is_partial,core_fields_valid,quality_flags
482611,80619,2014,2014-01-10T16:10:00,2014-01-10T18:10:00,CST-6,2.0,29,29091,C,091,HOWELL,0,0,0,0,0.00,0.00,Heavy Rain,0,"[[36.521,-92.0076],[36.5182,-92.0103],[36.5206,-92.0147],[36.5233,-92.0094]]",0,1,county_code_unverified|timezone_not_normalized_to_utc
482612,80619,2014,2014-01-11T02:30:00,2014-01-11T04:30:00,CST-6,2.0,29,29067,C,067,DOUGLAS,0,0,0,0,0.00,0.00,Heavy Rain,0,"[[36.9529,-92.6174],[36.9553,-92.6233],[36.9569,-92.6231],[36.9544,-92.618]]",0,1,county_code_unverified|timezone_not_normalized_to_utc
482613,80619,2014,2014-01-11T02:30:00,2014-01-11T04:30:00,CST-6,2.0,29,29067,C,067,DOUGLAS,0,0,0,0,0.00,0.00,Heavy Rain,0,"[[36.9656,-92.7231],[36.9639,-92.7237],[36.9645,-92.727],[36.966,-92.7268]]",0,1,county_code_unverified|timezone_not_normalized_to_utc
482614,80619,2014,2014-01-11T05:00:00,2014-01-11T07:00:00,CST-6,2.0,29,29229,C,229,WRIGHT,0,0,0,0,0.00,0.00,Heavy Rain,0,"[[37.1655,-92.5298],[37.1653,-92.5281],[37.1663,-92.5288],[37.1662,-92.5297]]",0,1,county_code_unverified|timezone_not_normalized_to_utc
482619,80625,2014,2014-01-09T14:00:00,2014-01-09T22:00:00,EST-5,8.0,12,12111,C,111,ST. LUCIE,0,0,0,0,20000.00,0.00,Heavy Rain,0,"[[27.5217,-80.396],[27.5206,-80.3101],[27.2636,-80.2018],[27.279,-80.3199]]",0,1,county_code_unverified|timezone_not_normalized_to_utc
482621,80625,2014,2014-01-09T16:00:00,2014-01-09T23:00:00,EST-5,7.0,12,12085,C,085,MARTIN,0,0,0,0,220000.00,0.00,Heavy Rain,0,"[[27.2613,-80.28],[27.262,-80.2003],[26.9715,-80.0813],[26.9735,-80.1433]]",0,1,county_code_unverified|timezone_not_normalized_to_utc
482627,80626,2014,2014-01-11T00:00:00,2014-01-11T07:30:00,CST-6,7.5,05,05141,C,141,VAN BUREN,2,0,0,0,40000.00,0.00,Heavy Rain,0,"[[35.7036,-92.6165],[35.707,-92.5887],[35.6987,-92.5886],[35.6955,-92.612]]",0,1,county_code_unverified|timezone_not_normalized_to_utc
482690,80619,2014,2014-01-11T06:20:00,2014-01-11T08:20:00,CST-6,2.0,29,29229,C,229,WRIGHT,0,0,0,0,0.00,0.00,Heavy Rain,0,"[[37.4449,-92.4497],[37.4454,-92.4518],[37.4442,-92.4527],[37.4431,-92.4505]]",0,1,county_code_unverified|timezone_not_normalized_to_utc
484484,80931,2014,2014-01-12T00:00:00,2014-01-14T18:00:00,EST-5,66.0,39,39085,C,085,LAKE,0,0,0,0,2000.00,0.00,Ice Jam,0,"[[41.63,-81.4],[41.6673,-81.4375],[41.6778,-81.419],[41.6347,-81.3689]]",0,1,county_code_unverified|timezone_not_normalized_to_utc
484492,80931,2014,2014-01-12T00:00:00,2014-01-14T08:00:00,EST-5,56.0,39,39035,C,035,CUYAHOGA,0,0,0,0,25000.00,0.00,Ice Jam,0,"[[41.5005,-81.7062],[41.4964,-81.6899],[41.4888,-81.6717],[41.4779,-81.6774],[41.4911,-81.712]]",0,1,county_code_unverified|timezone_not_normalized_to_utc
486768,81203,2014,2014-02-05T09:00:00,2014-02-05T18:00:00,EST-5,9.0,21,21089,C,089,GREENUP,0,0,0,0,25000.00,0.00,Heavy Rain,0,"[[38.65,-82.92],[38.48,-83.0485],[38.4,-82.8815],[38.48,-82.82],[38.5211,-82.77]]",0,1,county_code_unverified|timezone_not_normalized_to_utc
486769,81203,2014,2014-02-05T08:00:00,2014-02-05T18:00:00,EST-5,10.0,21,21043,C,043,CARTER,0,0,0,0,25000.00,0.00,Heavy Rain,0,"[[38.22,-82.9],[38.27,-83.07],[38.38,-83.03],[38.3845,-82.93],[38.32,-82.82]]",0,1,county_code_unverified|timezone_not_normalized_to_utc
486778,81203,2014,2014-02-05T10:00:00,2014-02-05T20:35:00,EST-5,10.583333333333334,21,21019,C,019,BOYD,0,0,0,0,15000.00,0.00,Heavy Rain,0,"[[38.33,-82.78],[38.3516,-82.6796],[38.388,-82.7053],[38.4284,-82.7045]]",0,1,county_code_unverified|timezone_not_normalized_to_utc
489388,81512,2014,2014-01-14T00:00:00,2014-01-14T18:00:00,AKST-9,18.0,02,02028,C,028,KETCHIKAN CHANNELS,0,0,0,0,8000.00,0.00,Heavy Rain,0,"[[55.4719,-131.7783],[55.4029,-131.4803],[55.2866,-131.5359],[55.3542,-131.7075],[55.4431,-131.8219]]",0,1,county_code_unverified|timezone_not_normalized_to_utc
489497,81574,2014,2014-02-15T02:45:00,2014-02-18T09:15:00,PST-8,78.5,41,41011,C,011,COOS,0,0,0,0,0.00,0.00,Heavy Rain,0,"[[43.1776,-124.201],[43.1755,-124.2046],[43.1715,-124.1956],[43.174,-124.1956]]",0,1,county_code_unverified|timezone_not_normalized_to_utc
489510,81575,2014,2014-02-14T15:00:00,2014-02-14T23:30:00,PST-8,8.5,41,41029,C,029,JACKSON,0,0,0,0,0.00,0.00,Heavy Rain,0,"[[42.4629,-122.8148],[42.4621,-122.8144],[42.4631,-122.8131],[42.4635,-122.8138]]",0,1,county_code_unverified|timezone_not_normalized_to_utc
489533,81563,2014,2014-01-11T06:00:00,2014-01-11T17:00:00,PST-8,11.0,16,16021,C,021,BOUNDARY,0,0,0,0,5000.00,0.00,Heavy Rain / Snow Melt,0,"[[48.7385,-116.3462],[48.7395,-116.2999],[48.7261,-116.3026],[48.7261,-116.3454]]",0,1,county_code_unverified|timezone_not_normalized_to_utc
489554,81564,2014,2014-01-11T06:00:00,2014-01-11T17:00:00,PST-8,11.0,53,53063,C,063,SPOKANE,0,0,0,0,1000.00,0.00,Heavy Rain / Snow Melt,0,"[[47.9651,-117.465],[47.9645,-117.4868],[47.9511,-117.4835],[47.9506,-117.4617]]",0,1,county_code_unverified|timezone_not_normalized_to_utc
489898,81638,2014,2014-01-01T00:00:00,2014-01-02T00:00:00,CST-6,24.0,18,18129,C,129,POSEY,0,0,0,0,0.00,0.00,Heavy Rain,0,"[[37.93,-87.9],[37.9122,-87.9181],[37.9152,-87.9197],[37.9245,-87.9088]]",0,1,county_code_unverified|timezone_not_normalized_to_utc
489899,81639,2014,2014-01-01T00:00:00,2014-01-04T07:00:00,CST-6,79.0,21,21225,C,225,UNION,0,0,0,0,0.00,0.00,Heavy Rain,0,"[[37.777,-87.9401],[37.7987,-87.9198],[37.79,-87.9153],[37.7764,-87.9322]]",0,1,county_code_unverified|timezone_not_normalized_to_utc
489900,81640,2014,2014-01-01T00:00:00,2014-01-06T03:00:00,CST-6,123.0,17,17059,C,059,GALLATIN,0,0,0,0,0.00,0.00,Heavy Rain,0,"[[37.6887,-88.1414],[37.6867,-88.1346],[37.6531,-88.1567],[37.655,-88.1698]]",0,1,county_code_unverified|timezone_not_normalized_to_utc
489901,81640,2014,2014-01-01T00:00:00,2014-01-03T12:00:00,CST-6,60.0,17,17127,C,127,MASSAC,0,0,0,0,0.00,0.00,Heavy Rain,0,"[[37.12,-88.63],[37.1425,-88.6882],[37.1346,-88.689],[37.1175,-88.6341]]",0,1,county_code_unverified|timezone_not_normalized_to_utc
489902,81640,2014,2014-01-01T00:00:00,2014-01-02T07:00:00,CST-6,31.0,17,17153,C,153,PULASKI,0,0,0,0,0.00,0.00,Heavy Rain,0,"[[37.18,-89.08],[37.2314,-88.9783],[37.2339,-88.9899],[37.1854,-89.0729]]",0,1,county_code_unverified|timezone_not_normalized_to_utc
489903,81638,2014,2014-01-01T00:00:00,2014-01-02T23:30:00,CST-6,47.5,18,18051,C,051,GIBSON,0,0,0,0,0.00,0.00,Heavy Rain,0,"[[38.3788,-87.6956],[38.3794,-87.5305],[38.4036,-87.5301],[38.395,-87.6812]]",0,1,county_code_unverified|timezone_not_normalized_to_utc
489904,81640,2014,2014-01-01T00:00:00,2014-01-03T18:00:00,CST-6,66.0,17,17193,C,193,WHITE,0,0,0,0,0.00,0.00,Heavy Rain,0,"[[38.0357,-88.1976],[38.0359,-88.1797],[38.0786,-88.131],[38.0765,-88.1533],[38.0589,-88.2027]]",0,1,county_code_unverified|timezone_not_normalized_to_utc
489905,81638,2014,2014-01-01T00:00:00,2014-01-04T02:00:00,CST-6,74.0,18,18129,C,129,POSEY,0,0,0,0,0.00,0.00,Heavy Rain,0,"[[37.8998,-87.9322],[37.901,-87.9227],[37.9228,-87.9028],[37.9238,-87.9092]]",0,1,county_code_unverified|timezone_not_normalized_to_utc
489906,81640,2014,2014-01-01T00:00:00,2014-01-04T02:00:00,CST-6,74.0,17,17193,C,193,WHITE,0,0,0,0,0.00,0.00,Heavy Rain,0,"[[38.0294,-88.0348],[38.0312,-88.0117],[38.0186,-88.0207],[37.9935,-88.0235],[37.9929,-88.0297]]",0,1,county_code_unverified|timezone_not_normalized_to_utc
489907,81640,2014,2014-01-01T00:00:00,2014-01-03T07:00:00,CST-6,55.0,17,17185,C,185,WABASH,0,0,0,0,0.00,0.00,Heavy Rain,0,"[[38.4454,-87.7315],[38.4514,-87.744],[38.4189,-87.7516],[38.4205,-87.7451]]",0,1,county_code_unverified|timezone_not_normalized_to_utc
489908,81638,2014,2014-01-01T00:00:00,2014-01-03T07:00:00,CST-6,55.0,18,18051,C,051,GIBSON,0,0,0,0,0.00,0.00,Heavy Rain,0,"[[38.413,-87.743],[38.4125,-87.7355],[38.3777,-87.7629],[38.382,-87.7679]]",0,1,county_code_unverified|timezone_not_normalized_to_utc
489909,81638,2014,2014-01-01T00:00:00,2014-01-03T09:00:00,CST-6,57.0,18,18051,C,051,GIBSON,0,0,0,0,0.00,0.00,Heavy Rain,0,"[[38.4971,-87.5325],[38.4958,-87.5044],[38.4982,-87.5055],[38.4983,-87.527]]",0,1,county_code_unverified|timezone_not_normalized_to_utc
489910,81638,2014,2014-01-01T00:00:00,2014-01-02T10:00:00,EST-5,34.0,18,18125,C,125,PIKE,0,0,0,0,0.00,0.00,Heavy Rain,0,"[[38.5082,-87.2977],[38.5248,-87.2555],[38.5198,-87.2536],[38.5048,-87.2914]]",0,1,county_code_unverified|timezone_not_normalized_to_utc
489911,81641,2014,2014-01-13T16:00:00,2014-01-20T12:00:00,CST-6,164.0,18,18051,C,051,GIBSON,0,0,0,0,2000.00,0.00,Heavy Rain,0,"[[38.494,-87.5396],[38.489,-87.5299],[38.497,-87.5129],[38.5009,-87.5246]]",0,1,county_code_unverified|timezone_not_normalized_to_utc
489912,81641,2014,2014-01-13T12:00:00,2014-01-19T12:00:00,EST-5,144.0,18,18125,C,125,PIKE,0,0,0,0,2000.00,0.00,Heavy Rain,0,"[[38.5106,-87.2915],[38.5463,-87.2417],[38.5364,-87.238],[38.5044,-87.2847]]",0,1,county_code_unverified|timezone_not_normalized_to_utc
489936,81642,2014,2014-02-10T11:00:00,2014-02-10T14:00:00,PST-8,3.0,32,32007,C,007,ELKO,0,0,0,0,1000.00,0.00,Ice Jam,0,"[[40.6214,-115.7271],[40.6195,-115.7219],[40.6214,-115.7206],[40.6239,-115.7267]]",0,1,county_code_unverified|timezone_not_normalized_to_utc
490202,81698,2014,2014-01-11T22:47:00,2014-01-12T09:00:00,EST-5,10.216666666666667,50,50005,C,005,CALEDONIA,0,0,0,0,1000.00,0.00,Ice Jam,0,"[[44.52,-72.3],[44.5179,-72.3721],[44.5,-72.3903],[44.4943,-72.3172]]",0,1,county_code_unverified|timezone_not_normalized_to_utc
490276,81698,2014,2014-01-12T12:30:00,2014-01-12T21:30:00,EST-5,9.0,50,50005,C,005,CALEDONIA,0,0,0,0,2000.00,0.00,Ice Jam,0,"[[44.5011,-72.0],[44.5614,-71.9529],[44.5587,-72.049],[44.5014,-72.0174]]",0,1,county_code_unverified|timezone_not_normalized_to_utc
490289,81698,2014,2014-01-11T20:40:00,2014-01-12T01:30:00,EST-5,4.833333333333333,50,50001,C,001,ADDISON,0,0,0,0,2000.00,0.00,Ice Jam,0,"[[43.9469,-73.171],[43.9521,-73.0996],[43.9763,-73.0969],[43.982,-73.1672]]",0,1,county_code_unverified|timezone_not_normalized_to_utc
490309,81698,2014,2014-01-12T06:00:00,2014-01-12T17:30:00,EST-5,11.5,50,50007,C,007,CHITTENDEN,0,0,0,0,10000.00,0.00,Ice Jam,0,"[[44.399,-73.0206],[44.472,-73.092],[44.4955,-73.0557],[44.4102,-72.9451],[44.3818,-72.8707],[44.3578,-72.8888]]",0,1,county_code_unverified|timezone_not_normalized_to_utc
490361,81698,2014,2014-01-12T10:33:00,2014-01-13T03:48:00,EST-5,17.25,50,50021,C,021,RUTLAND,0,0,0,0,10000.00,0.00,Heavy Rain / Snow Melt,0,"[[43.4367,-72.9684],[43.4509,-73.0454],[43.6962,-73.0625],[43.7,-73.03],[43.6043,-72.9808]]",0,1,county_code_unverified|timezone_not_normalized_to_utc
490391,81718,2014,2014-01-11T19:57:00,2014-01-12T01:30:00,EST-5,5.55,36,36031,C,031,ESSEX,0,0,0,0,5000.00,0.00,Ice Jam,0,"[[44.3057,-73.8089],[44.4451,-73.6942],[44.4769,-73.5919],[44.315,-73.754]]",0,1,county_code_unverified|timezone_not_normalized_to_utc
492618,81512,2014,2014-01-14T00:00:00,2014-01-14T20:00:00,AKST-9,20.0,02,02027,C,027,CRAIG COASTAL,0,0,0,0,10000.00,0.00,Heavy Rain,0,"[[56.0874,-132.8343],[55.107,-132.0557],[55.0126,-133.0225],[56.02,-133.4592]]",0,1,county_code_unverified|timezone_not_normalized_to_utc
492619,81512,2014,2014-01-14T00:00:00,2014-01-14T20:00:00,AKST-9,20.0,02,02023,C,023,SITKA COASTAL,0,0,0,0,300000.00,0.00,Heavy Rain,0,"[[57.1253,-135.3972],[57.1051,-135.4058],[57.0844,-135.3862],[57.0465,-135.3454],[57.031,-135.2678],[57.0381,-135.195],[57.0491,-135.1947],[57.1378,-135.3687]]",0,1,county_code_unverified|timezone_not_normalized_to_utc
492738,81983,2014,2014-01-11T18:16:00,2014-01-11T20:00:00,EST-5,1.7333333333333334,45,45031,C,031,DARLINGTON,0,0,0,0,0.00,0.00,Heavy Rain,0,"[[34.3135,-80.1171],[34.3206,-80.1315],[34.3283,-80.1307],[34.3176,-80.1151]]",0,1,county_code_unverified|timezone_not_normalized_to_utc
492859,80548,2014,2014-01-08T17:50:00,2014-01-09T08:00:00,EST-5,14.166666666666666,34,34021,C,021,MERCER,0,0,0,0,0.00,0.00,Ice Jam,0,"[[40.2077,-74.7649],[40.2176,-74.7675],[40.2225,-74.7763],[40.2306,-74.7913],[40.2418,-74.8153],[40.2379,-74.8146],[40.2177,-74.7758],[40.2072,-74.7675]]",0,1,county_code_unverified|timezone_not_normalized_to_utc
492860,80549,2014,2014-01-08T17:50:00,2014-01-09T08:00:00,EST-5,14.166666666666666,42,42017,C,017,BUCKS,0,0,0,0,0.00,0.00,Ice Jam,0,"[[40.2329,-74.8089],[40.2342,-74.8071],[40.2169,-74.7749],[40.2092,-74.7686],[40.2075,-74.7672],[40.2068,-74.7691]]",0,1,county_code_unverified|timezone_not_normalized_to_utc
493005,80549,2014,2014-01-08T15:30:00,2014-01-09T15:00:00,EST-5,23.5,42,42095,C,095,NORTHAMPTON,0,0,0,0,0.00,0.00,Ice Jam,0,"[[40.681,-75.2319],[40.6834,-75.2293],[40.6841,-75.2267],[40.687,-75.2094],[40.686,-75.2082],[40.6811,-75.2173],[40.6693,-75.2364],[40.6694,-75.2386]]",0,1,county_code_unverified|timezone_not_normalized_to_utc
493055,81989,2014,2014-01-23T10:00:00,2014-01-24T12:00:00,AKST-9,26.0,02,02017,C,017,YAKUTAT COASTAL,0,0,0,0,17000.00,0.00,Heavy Rain,0,"[[59.6158,-139.5538],[59.4619,-139.0224],[59.3263,-139.2654],[59.5462,-139.8697]]",0,1,county_code_unverified|timezone_not_normalized_to_utc
493151,81993,2014,2014-02-21T01:00:00,2014-02-21T03:00:00,CST-6,2.0,28,28031,C,031,COVINGTON,0,0,0,0,10000.00,0.00,Heavy Rain,0,"[[31.6487,-89.6011],[31.6838,-89.5496],[31.563,-89.4655],[31.544,-89.5626]]",0,1,county_code_unverified|timezone_not_normalized_to_utc
493481,81563,2014,2014-01-11T06:00:00,2014-01-11T17:00:00,PST-8,11.0,16,16055,C,055,KOOTENAI,0,0,0,0,10000.00,0.00,Heavy Rain / Snow Melt,0,"[[47.9481,-116.749],[47.9472,-116.7208],[47.9161,-116.7435],[47.9171,-116.7891]]",0,1,county_code_unverified|timezone_not_normalized_to_utc
494243,82155,2014,2014-03-09T23:45:00,2014-03-10T07:45:00,PST-8,8.0,41,41029,C,029,JACKSON,0,0,0,0,0.00,0.00,Heavy Rain,0,"[[42.4631,-122.8144],[42.4618,-122.8148],[42.4635,-122.8126],[42.464,-122.8131]]",0,1,county_code_unverified|timezone_not_normalized_to_utc
494691,82137,2014,2014-03-01T20:45:00,2014-03-02T06:00:00,MST-7,9.25,04,04021,C,021,PINAL,0,0,0,0,0.00,0.00,Heavy Rain,0,"[[33.1812,-111.8243],[33.0806,-111.7282],[33.0915,-111.5085],[33.2077,-111.6129]]",0,1,county_code_unverified|timezone_not_normalized_to_utc
495216,82265,2014,2014-01-11T14:30:00,2014-01-11T17:30:00,EST-5,3.0,42,42095,C,095,NORTHAMPTON,0,0,0,0,0.00,0.00,Heavy Rain / Snow Melt,0,"[[40.7758,-75.3302],[40.7734,-75.3298],[40.7716,-75.3309],[40.7745,-75.3412],[40.7796,-75.3446],[40.7811,-75.3426]]",0,1,county_code_unverified|timezone_not_normalized_to_utc
495366,82266,2014,2014-01-06T21:30:00,2014-01-07T11:37:00,EST-5,14.116666666666667,34,34035,C,035,SOMERSET,0,0,0,0,0.00,0.00,Heavy Rain / Snow Melt,0,"[[40.4457,-74.6058],[40.4484,-74.6075],[40.4453,-74.6136],[40.4404,-74.618],[40.4319,-74.6212],[40.4306,-74.6157]]",0,1,county_code_unverified|timezone_not_normalized_to_utc
495368,82265,2014,2014-01-11T18:18:00,2014-01-11T21:49:00,EST-5,3.5166666666666666,42,42011,C,011,BERKS,0,0,0,0,0.00,0.00,Heavy Rain / Snow Melt,0,"[[40.3425,-75.7493],[40.3531,-75.7473],[40.3517,-75.7402],[40.3388,-75.7389],[40.3276,-75.7307],[40.3262,-75.738]]",0,1,county_code_unverified|timezone_not_normalized_to_utc
495798,82385,2014,2014-03-17T00:00:00,2014-03-20T00:00:00,EST-5,72.0,12,12067,C,067,LAFAYETTE,0,0,0,0,0.00,0.00,Heavy Rain,0,"[[30.0602,-83.1818],[30.05,-83.1867],[30.0398,-83.1818],[30.0355,-83.17],[30.0398,-83.1582],[30.05,-83.1533],[30.0602,-83.1582],[30.0645,-83.17]]",0,1,county_code_unverified|timezone_not_normalized_to_utc
495812,82385,2014,2014-03-17T00:00:00,2014-03-22T00:00:00,EST-5,120.0,12,12123,C,123,TAYLOR,0,0,0,0,8830.00,0.00,Heavy Rain,0,"[[30.13,-83.89],[30.3,-83.74],[30.28,-83.63],[30.11,-83.4],[29.7459,-83.3385],[29.6663,-83.3468],[29.78,-83.57],[29.88,-83.63]]",0,1,county_code_unverified|timezone_not_normalized_to_utc
495911,82417,2014,2014-01-01T00:00:00,2014-01-24T14:30:00,CST-6,566.5,05,05147,C,147,WOODRUFF,0,0,0,0,10000.00,0.00,Heavy Rain,0,"[[35.3039,-91.3644],[35.2955,-91.4167],[35.2421,-91.402],[35.237,-91.3386],[35.2788,-91.3534]]",0,1,county_code_unverified|timezone_not_normalized_to_utc
495912,82417,2014,2014-01-01T00:00:00,2014-01-25T08:00:00,CST-6,584.0,05,05095,C,095,MONROE,0,0,0,0,10000.00,0.00,Heavy Rain,0,"[[34.7148,-91.3067],[34.7002,-91.3651],[34.6411,-91.3417],[34.6519,-91.2902]]",0,1,county_code_unverified|timezone_not_normalized_to_utc
495913,82417,2014,2014-01-01T00:00:00,2014-01-27T21:00:00,CST-6,645.0,05,05147,C,147,WOODRUFF,0,0,0,0,5000.00,0.00,Heavy Rain,0,"[[35.25,-91.23],[35.2922,-91.2154],[35.2958,-91.249],[35.2485,-91.2621]]",0,1,county_code_unverified|timezone_not_normalized_to_utc
495914,82418,2014,2014-02-03T12:00:00,2014-02-10T14:00:00,CST-6,170.0,05,05147,C,147,WOODRUFF,0,0,0,0,2000.00,0.00,Heavy Rain,0,"[[35.3017,-91.2147],[35.3065,-91.2425],[35.2277,-91.26],[35.2289,-91.2229]]",0,1,county_code_unverified|timezone_not_normalized_to_utc
495915,82418,2014,2014-02-07T20:00:00,2014-02-08T02:00:00,CST-6,6.0,05,05103,C,103,OUACHITA,0,0,0,0,1000.00,0.00,Heavy Rain,0,"[[33.58,-92.83],[33.5254,-92.7974],[33.5546,-92.7469],[33.6067,-92.8091],[33.6193,-92.8523]]",0,1,county_code_unverified|timezone_not_normalized_to_utc
495916,82419,2014,2014-02-19T21:00:00,2014-02-27T09:00:00,CST-6,180.0,05,05147,C,147,WOODRUFF,0,0,0,0,2000.00,0.00,Heavy Rain / Snow Melt,0,"[[35.304,-91.2161],[35.3084,-91.2449],[35.2339,-91.2593],[35.2356,-91.2222]]",0,1,county_code_unverified|timezone_not_normalized_to_utc
495942,82422,2014,2014-02-04T12:40:00,2014-02-05T08:00:00,CST-6,19.333333333333332,47,47187,C,187,WILLIAMSON,0,0,0,0,0.00,0.00,Heavy Rain,0,"[[36.0164,-86.9746],[35.8713,-87.0275],[35.8602,-86.8922],[35.9236,-86.8785],[36.0148,-86.8414]]",0,1,county_code_unverified|timezone_not_normalized_to_utc
496279,82472,2014,2014-01-10T14:00:00,2014-01-11T12:00:00,EST-5,22.0,42,42121,C,121,VENANGO,0,0,0,0,2000.00,0.00,Ice Jam,0,"[[41.4292,-79.6815],[41.4263,-79.6787],[41.43,-79.67],[41.4322,-79.6767]]",0,1,county_code_unverified|timezone_not_normalized_to_utc
496280,82472,2014,2014-01-12T04:00:00,2014-01-12T12:00:00,EST-5,8.0,42,42005,C,005,ARMSTRONG,0,0,0,0,1000.00,0.00,Ice Jam,0,"[[41.0144,-79.6111],[41.0111,-79.6099],[41.0116,-79.6132],[41.0142,-79.6127]]",0,1,county_code_unverified|timezone_not_normalized_to_utc
497289,82581,2014,2014-01-12T12:00:00,2014-01-14T12:10:00,EST-5,48.166666666666664,33,33019,C,019,SULLIVAN,0,0,0,0,0.00,0.00,Ice Jam,0,"[[43.389,-72.3547],[43.3881,-72.3664],[43.3858,-72.3624],[43.387,-72.3539]]",0,1,county_code_unverified|timezone_not_normalized_to_utc
497290,82581,2014,2014-01-11T19:52:00,2014-01-12T01:21:00,EST-5,5.483333333333333,33,33009,C,009,GRAFTON,0,0,0,0,0.00,0.00,Ice Jam,0,"[[43.9809,-71.6794],[43.9796,-71.6813],[43.9764,-71.6801],[43.9759,-71.678],[43.9793,-71.6777]]",0,1,county_code_unverified|timezone_not_normalized_to_utc
497291,82581,2014,2014-01-12T03:56:00,2014-01-13T06:11:00,EST-5,26.25,33,33009,C,009,GRAFTON,0,0,0,0,0.00,0.00,Ice Jam,0,"[[43.7613,-71.6868],[43.7566,-71.6867],[43.7574,-71.6838],[43.7618,-71.6851]]",0,1,county_code_unverified|timezone_not_normalized_to_utc
497292,82581,2014,2014-01-12T01:42:00,2014-01-12T03:16:00,EST-5,1.5666666666666667,33,33003,C,003,CARROLL,0,0,0,0,0.00,0.00,Ice Jam,0,"[[43.9844,-71.1166],[43.9835,-71.1188],[43.9825,-71.1174],[43.9829,-71.116]]",0,1,county_code_unverified|timezone_not_normalized_to_utc
497293,82582,2014,2014-01-15T20:31:00,2014-01-15T20:47:00,EST-5,0.26666666666666666,23,23011,C,011,KENNEBEC,0,0,0,0,0.00,0.00,Ice Jam,0,"[[44.47,-69.68],[44.471,-69.6878],[44.4495,-69.695],[44.454,-69.683]]",0,1,county_code_unverified|timezone_not_normalized_to_utc
497365,82591,2014,2014-01-11T19:35:00,2014-01-11T20:30:00,EST-5,0.9166666666666666,44,44007,C,007,PROVIDENCE,0,0,0,0,0.00,0.00,Heavy Rain,0,"[[41.7972,-71.4791],[41.7918,-71.4901],[41.747,-71.4814],[41.7813,-71.4243]]",0,1,county_code_unverified|timezone_not_normalized_to_utc
497369,82265,2014,2014-01-11T15:00:00,2014-01-11T18:00:00,EST-5,3.0,42,42089,C,089,MONROE,0,0,0,0,0.00,0.00,Heavy Rain / Snow Melt,0,"[[40.9882,-75.1976],[40.9827,-75.1863],[40.9803,-75.1885],[40.9207,-75.3028],[40.9173,-75.3049],[40.9186,-75.3068],[40.9228,-75.3058]]",0,1,county_code_unverified|timezone_not_normalized_to_utc
498379,82714,2014,2014-01-11T10:22:00,2014-01-11T12:30:00,EST-5,2.1333333333333333,36,36013,C,013,CHAUTAUQUA,0,0,0,0,12000.00,0.00,Ice Jam,0,"[[42.5477,-79.1698],[42.5471,-79.1713],[42.5419,-79.1656],[42.5423,-79.1608],[42.546,-79.1646]]",0,1,county_code_unverified|timezone_not_normalized_to_utc
498381,82714,2014,2014-01-11T10:54:00,2014-01-11T15:55:00,EST-5,5.016666666666667,36,36013,C,013,CHAUTAUQUA,0,0,0,0,10000.00,0.00,Ice Jam,0,"[[42.3979,-79.3014],[42.3979,-79.307],[42.4186,-79.3105],[42.4164,-79.3031]]",0,1,county_code_unverified|timezone_not_normalized_to_utc
498382,82714,2014,2014-01-11T12:35:00,2014-01-11T20:00:00,EST-5,7.416666666666667,36,36029,C,029,ERIE,0,0,0,0,10000.00,0.00,Ice Jam,0,"[[42.6588,-78.759],[42.6595,-78.7534],[42.6475,-78.744],[42.6469,-78.7503]]",0,1,county_code_unverified|timezone_not_normalized_to_utc
498383,82714,2014,2014-01-11T13:42:00,2014-01-11T20:00:00,EST-5,6.3,36,36029,C,029,ERIE,0,0,0,0,10000.00,0.00,Ice Jam,0,"[[42.6366,-78.686],[42.638,-78.6804],[42.6175,-78.6536],[42.6156,-78.6589]]",0,1,county_code_unverified|timezone_not_normalized_to_utc
498384,82714,2014,2014-01-11T15:00:00,2014-01-11T22:00:00,EST-5,7.0,36,36029,C,029,ERIE,0,0,0,0,5000.00,0.00,Ice Jam,0,"[[42.8419,-78.7927],[42.839,-78.7974],[42.8422,-78.8043],[42.8474,-78.8101],[42.8481,-78.8062]]",0,1,county_code_unverified|timezone_not_normalized_to_utc
498759,82748,2014,2014-02-20T10:15:00,2014-02-20T11:15:00,EST-5,1.0,21,21065,C,065,ESTILL,0,0,0,0,1000.00,1000.00,Heavy Rain,0,"[[37.66,-83.86],[37.6752,-83.8497],[37.6705,-83.8359],[37.6573,-83.8446]]",0,1,county_code_unverified|timezone_not_normalized_to_utc
498856,82765,2014,2014-03-16T10:00:00,2014-03-16T12:00:00,CST-6,2.0,29,29153,C,153,OZARK,0,0,0,0,0.00,0.00,Heavy Rain,0,"[[36.52,-92.28],[36.5208,-92.2849],[36.5191,-92.2858],[36.5191,-92.2814]]",0,1,county_code_unverified|timezone_not_normalized_to_utc
498875,82770,2014,2014-02-02T19:30:00,2014-02-03T09:45:00,EST-5,14.25,54,54103,C,103,WETZEL,0,0,0,0,2000.00,0.00,Ice Jam,0,"[[39.53,-80.65],[39.5262,-80.6203],[39.5188,-80.6266],[39.5258,-80.6494]]",0,1,county_code_unverified|timezone_not_normalized_to_utc
498877,82770,2014,2014-02-03T04:00:00,2014-02-04T18:00:00,EST-5,38.0,54,54061,C,061,MONONGALIA,0,0,0,0,2000.00,0.00,Ice Jam,0,"[[39.6288,-79.9345],[39.6291,-79.9348],[39.629,-79.9351],[39.6288,-79.9348]]",0,1,county_code_unverified|timezone_not_normalized_to_utc
498880,82772,2014,2014-02-21T09:00:00,2014-02-21T17:00:00,EST-5,8.0,54,54051,C,051,MARSHALL,0,0,0,0,5000.00,0.00,Ice Jam,0,"[[39.87,-80.72],[39.95,-80.75],[39.97,-80.58],[39.83,-80.57]]",0,1,county_code_unverified|timezone_not_normalized_to_utc
498881,82772,2014,2014-02-21T11:00:00,2014-02-22T03:00:00,EST-5,16.0,54,54061,C,061,MONONGALIA,0,0,0,0,5000.00,0.00,Ice Jam,0,"[[39.6288,-79.9344],[39.6291,-79.9348],[39.629,-79.9351],[39.6287,-79.9348]]",0,1,county_code_unverified|timezone_not_normalized_to_utc
498883,82775,2014,2014-02-21T12:00:00,2014-02-22T09:30:00,EST-5,21.5,39,39059,C,059,GUERNSEY,0,0,0,0,2000.00,0.00,Ice Jam,0,"[[39.92,-81.53],[39.9137,-81.5093],[39.91,-81.5154],[39.9164,-81.5365]]",0,1,county_code_unverified|timezone_not_normalized_to_utc
498886,82775,2014,2014-02-21T13:00:00,2014-02-21T18:00:00,EST-5,5.0,39,39067,C,067,HARRISON,0,0,0,0,5000.00,0.00,Ice Jam,0,"[[40.43,-81.18],[40.4238,-81.1832],[40.4173,-81.1515],[40.4243,-81.1511]]",0,1,county_code_unverified|timezone_not_normalized_to_utc
498890,82776,2014,2014-02-23T08:00:00,2014-02-23T20:00:00,EST-5,12.0,39,39157,C,157,TUSCARAWAS,0,0,0,0,5000.00,0.00,Heavy Rain / Snow Melt,0,"[[40.5302,-81.4289],[40.533,-81.4363],[40.5446,-81.4308],[40.5445,-81.4249]]",0,1,county_code_unverified|timezone_not_normalized_to_utc
498891,82777,2014,2014-02-21T13:00:00,2014-02-21T19:00:00,EST-5,6.0,42,42005,C,005,ARMSTRONG,0,0,0,0,2000.00,0.00,Ice Jam,0,"[[40.75,-79.67],[40.7356,-79.6663],[40.708,-79.7079],[40.7522,-79.6808]]",0,1,county_code_unverified|timezone_not_normalized_to_utc
498892,82777,2014,2014-02-21T14:00:00,2014-02-21T19:00:00,EST-5,5.0,42,42007,C,007,BEAVER,0,0,0,0,5000.00,0.00,Ice Jam,0,"[[40.57,-80.32],[40.5276,-80.2792],[40.5242,-80.3224],[40.5649,-80.3324]]",0,1,county_code_unverified|timezone_not_normalized_to_utc
498894,82777,2014,2014-02-21T17:00:00,2014-02-21T18:00:00,EST-5,1.0,42,42129,C,129,WESTMORELAND,0,0,0,0,25000.00,0.00,Ice Jam,0,"[[40.4068,-79.1641],[40.3945,-79.1361],[40.4,-79.13],[40.414,-79.1587]]",0,1,county_code_unverified|timezone_not_normalized_to_utc
498900,82769,2014,2014-01-11T11:00:00,2014-01-11T20:00:00,MST-7,9.0,30,30081,C,081,RAVALLI,0,0,0,0,0.00,0.00,Heavy Rain / Snow Melt,0,"[[46.6364,-114.0934],[46.6381,-114.0752],[46.6531,-114.0753],[46.6539,-114.0949]]",0,1,county_code_unverified|timezone_not_normalized_to_utc
498938,82777,2014,2014-02-21T18:00:00,2014-02-22T15:00:00,EST-5,21.0,42,42121,C,121,VENANGO,0,0,0,0,50000.00,0.00,Ice Jam,0,"[[41.43,-79.72],[41.4407,-79.711],[41.4395,-79.707],[41.4313,-79.7069]]",0,1,county_code_unverified|timezone_not_normalized_to_utc
498977,82798,2014,2014-03-10T07:00:00,2014-03-12T07:00:00,MST-7,48.0,30,30021,C,021,DAWSON,0,0,0,0,50000.00,0.00,Ice Jam,0,"[[47.1,-104.73],[47.2701,-104.6503],[47.3454,-104.4395],[47.3297,-104.4003]]",0,1,county_code_unverified|timezone_not_normalized_to_utc
498978,82798,2014,2014-03-10T16:00:00,2014-03-14T08:00:00,MST-7,88.0,30,30083,C,083,RICHLAND,0,0,0,0,0.00,0.00,Ice Jam,0,"[[47.3561,-104.4388],[47.8023,-104.081],[47.7966,-103.9815],[47.3589,-104.3715]]",0,1,county_code_unverified|timezone_not_normalized_to_utc
499243,82814,2014,2014-02-12T12:00:00,2014-02-14T12:00:00,PST-8,48.0,53,53063,C,063,SPOKANE,0,0,0,0,2000000.00,0.00,Heavy Rain / Snow Melt,0,"[[47.5138,-117.0703],[47.0259,-117.0264],[46.9504,-117.0346],[47.1228,-118.0646],[47.5064,-118.1854],[47.9244,-118.2678],[47.8949,-117.0483]]",0,1,county_code_unverified|timezone_not_normalized_to_utc
499244,82814,2014,2014-02-12T12:00:00,2014-02-14T12:00:00,PST-8,48.0,53,53043,C,043,LINCOLN,0,0,0,0,600000.00,0.00,Heavy Rain / Snow Melt,0,"[[47.7967,-117.7954],[47.2197,-117.8037],[47.2701,-119.0506],[47.9093,-119.0698]]",0,1,county_code_unverified|timezone_not_normalized_to_utc
499250,82814,2014,2014-02-12T12:00:00,2014-02-14T12:00:00,PST-8,48.0,53,53075,C,075,WHITMAN,0,0,0,0,600000.00,0.00,Heavy Rain / Snow Melt,0,"[[47.2626,-117.9987],[47.2737,-117.036],[46.8418,-117.0538],[46.5554,-116.955],[46.7816,-117.8229],[46.9731,-118.1854]]",0,1,county_code_unverified|timezone_not_normalized_to_utc
499257,82814,2014,2014-02-12T12:00:00,2014-02-13T16:00:00,PST-8,28.0,53,53001,C,001,ADAMS,0,0,0,0,5000.00,0.00,Heavy Rain / Snow Melt,0,"[[47.2952,-118.7787],[47.1453,-118.8007],[46.6803,-118.2019],[46.7871,-117.8696],[47.0854,-117.8833],[47.4173,-118.0371]]",0,1,county_code_unverified|timezone_not_normalized_to_utc
499262,82814,2014,2014-02-12T13:00:00,2014-02-14T06:00:00,PST-8,41.0,53,53065,C,065,STEVENS,0,0,0,0,0.00,0.00,Heavy Rain / Snow Melt,0,"[[48.1414,-117.4892],[48.1738,-117.9657],[47.8189,-117.9382],[47.8078,-117.5153]]",0,1,county_code_unverified|timezone_not_normalized_to_utc
499266,82850,2014,2014-02-12T13:00:00,2014-02-14T15:00:00,PST-8,50.0,16,16009,C,009,BENEWAH,0,0,0,0,0.00,0.00,Heavy Rain / Snow Melt,0,"[[47.3764,-117.0429],[47.3764,-116.3672],[47.0291,-116.2875],[47.0068,-117.0374]]",0,1,county_code_unverified|timezone_not_normalized_to_utc
499268,82850,2014,2014-02-12T13:00:00,2014-02-14T15:00:00,PST-8,50.0,16,16057,C,057,LATAH,0,0,0,0,10000.00,0.00,Heavy Rain / Snow Melt,0,"[[47.2501,-117.0593],[46.4912,-117.0374],[46.5671,-116.1585],[47.2423,-116.2244]]",0,1,county_code_unverified|timezone_not_normalized_to_utc
499269,82850,2014,2014-02-12T12:00:00,2014-02-14T15:00:00,PST-8,51.0,16,16055,C,055,KOOTENAI,0,0,0,0,160000.00,0.00,Heavy Rain / Snow Melt,0,"[[47.9314,-117.0374],[47.8356,-116.6693],[47.6137,-116.6171],[47.3168,-116.5704],[47.3097,-117.0264]]",0,1,county_code_unverified|timezone_not_normalized_to_utc
499334,82858,2014,2014-04-03T15:13:00,2014-04-03T15:13:00,CST-6,0.0,21,21183,C,183,OHIO,0,0,0,0,0.00,0.00,Heavy Rain,0,"[[37.562,-86.7737],[37.5658,-86.7714],[37.5642,-86.7686],[37.5607,-86.7704]]",0,1,county_code_unverified|timezone_not_normalized_to_utc
499335,82858,2014,2014-04-03T17:27:00,2014-04-03T17:27:00,EST-5,0.0,21,21217,C,217,TAYLOR,0,0,0,0,0.00,0.00,Heavy Rain,0,"[[37.3593,-85.2288],[37.3621,-85.2233],[37.3586,-85.22],[37.3559,-85.2238]]",0,1,county_code_unverified|timezone_not_normalized_to_utc
499336,82858,2014,2014-04-03T16:37:00,2014-04-03T16:37:00,CST-6,0.0,21,21099,C,099,HART,0,0,0,0,0.00,0.00,Heavy Rain,0,"[[37.4192,-85.7961],[37.4177,-85.8038],[37.4225,-85.8096],[37.4261,-85.8016]]",0,1,county_code_unverified|timezone_not_normalized_to_utc
499337,82858,2014,2014-04-03T21:10:00,2014-04-03T21:10:00,EST-5,0.0,21,21123,C,123,LARUE,0,0,0,0,0.00,0.00,Heavy Rain,0,"[[37.558,-85.7882],[37.5587,-85.7863],[37.5597,-85.7883],[37.5589,-85.789]]",0,1,county_code_unverified|timezone_not_normalized_to_utc
499407,82848,2014,2014-04-04T04:00:00,2014-04-05T05:00:00,EST-5,25.0,18,18175,C,175,WASHINGTON,0,0,0,0,0.00,0.00,Heavy Rain,0,"[[38.43,-86.18],[38.4345,-86.1902],[38.4363,-86.1879],[38.4348,-86.1817]]",0,1,county_code_unverified|timezone_not_normalized_to_utc
499692,82858,2014,2014-04-04T17:00:00,2014-04-06T03:00:00,CST-6,34.0,21,21031,C,031,BUTLER,0,0,0,0,0.00,0.00,Heavy Rain,0,"[[37.1858,-86.6347],[37.187,-86.6286],[37.183,-86.6237],[37.1812,-86.6302]]",0,1,county_code_unverified|timezone_not_normalized_to_utc
499855,82907,2014,2014-02-09T14:00:00,2014-02-12T08:00:00,CST-6,66.0,17,17059,C,059,GALLATIN,0,0,0,0,1000.00,0.00,Heavy Rain,0,"[[37.7,-88.13],[37.6751,-88.1543],[37.6739,-88.1473],[37.6963,-88.1258]]",0,1,county_code_unverified|timezone_not_normalized_to_utc
499858,82908,2014,2014-02-08T06:30:00,2014-02-11T06:00:00,CST-6,71.5,18,18173,C,173,WARRICK,0,0,0,0,0.00,0.00,Heavy Rain,0,"[[37.9361,-87.3805],[37.9332,-87.3815],[37.9396,-87.4035],[37.9422,-87.3979]]",0,1,county_code_unverified|timezone_not_normalized_to_utc
499859,82909,2014,2014-02-05T08:45:00,2014-02-12T10:45:00,CST-6,170.0,21,21177,C,177,MUHLENBERG,0,0,0,0,1000.00,0.00,Heavy Rain,0,"[[37.27,-86.98],[37.2631,-86.987],[37.2522,-86.9681],[37.259,-86.9671]]",0,1,county_code_unverified|timezone_not_normalized_to_utc
499860,82909,2014,2014-02-08T22:00:00,2014-02-11T10:00:00,CST-6,60.0,21,21149,C,149,MCLEAN,0,0,0,0,0.00,0.00,Heavy Rain,0,"[[37.53,-87.27],[37.5253,-87.2865],[37.5193,-87.2828],[37.5272,-87.2646]]",0,1,county_code_unverified|timezone_not_normalized_to_utc
499861,82909,2014,2014-02-04T21:00:00,2014-02-05T05:00:00,CST-6,8.0,21,21047,C,047,CHRISTIAN,0,0,0,0,0.00,0.00,Heavy Rain,0,"[[36.8461,-87.4756],[36.8574,-87.4691],[36.8527,-87.3441],[36.8442,-87.3465]]",0,1,county_code_unverified|timezone_not_normalized_to_utc
499862,82909,2014,2014-02-04T20:00:00,2014-02-05T02:00:00,CST-6,6.0,21,21219,C,219,TODD,0,0,0,0,0.00,0.00,Heavy Rain,0,"[[36.6428,-87.1803],[36.6418,-87.1506],[36.6538,-87.1499],[36.6559,-87.1783]]",0,1,county_code_unverified|timezone_not_normalized_to_utc
499863,82910,2014,2014-02-08T06:00:00,2014-02-11T06:00:00,CST-6,72.0,21,21101,C,101,HENDERSON,0,0,0,0,10000.00,0.00,Heavy Rain,0,"[[37.906,-87.5576],[37.9177,-87.5535],[37.9113,-87.5255],[37.9052,-87.5295]]",0,1,county_code_unverified|timezone_not_normalized_to_utc
499864,82911,2014,2014-02-24T13:15:00,2014-02-28T23:59:00,CST-6,106.73333333333333,17,17059,C,059,GALLATIN,0,0,0,0,0.00,0.00,Heavy Rain / Snow Melt,0,"[[37.7,-88.13],[37.6871,-88.1418],[37.6853,-88.137],[37.697,-88.1267]]",0,1,county_code_unverified|timezone_not_normalized_to_utc
499865,82911,2014,2014-02-25T20:00:00,2014-02-28T23:59:00,CST-6,75.98333333333333,17,17193,C,193,WHITE,0,0,0,0,0.00,0.00,Heavy Rain / Snow Melt,0,"[[38.0308,-88.0129],[38.0016,-88.0259],[38.0032,-88.0317],[38.0292,-88.0365]]",0,1,county_code_unverified|timezone_not_normalized_to_utc
499866,82911,2014,2014-02-25T12:00:00,2014-02-28T23:59:00,CST-6,83.98333333333333,17,17185,C,185,WABASH,0,0,0,0,2000.00,0.00,Heavy Rain / Snow Melt,0,"[[38.4434,-87.7447],[38.44,-87.7358],[38.4116,-87.7457],[38.4154,-87.753]]",0,1,county_code_unverified|timezone_not_normalized_to_utc
499867,82912,2014,2014-02-23T19:45:00,2014-02-28T23:59:00,CST-6,124.23333333333333,18,18173,C,173,WARRICK,0,0,0,0,0.00,0.00,Heavy Rain / Snow Melt,0,"[[37.9339,-87.3894],[37.9201,-87.3588],[37.9248,-87.3533],[37.9369,-87.3794]]",0,1,county_code_unverified|timezone_not_normalized_to_utc
499868,82912,2014,2014-02-24T18:30:00,2014-02-28T23:59:00,CST-6,101.48333333333333,18,18129,C,129,POSEY,0,0,0,0,0.00,0.00,Heavy Rain / Snow Melt,0,"[[37.9243,-87.9087],[37.9024,-87.928],[37.9017,-87.9229],[37.9209,-87.9059]]",0,1,county_code_unverified|timezone_not_normalized_to_utc
499869,82912,2014,2014-02-25T20:00:00,2014-02-28T23:59:00,CST-6,75.98333333333333,18,18129,C,129,POSEY,0,0,0,0,0.00,0.00,Heavy Rain / Snow Melt,0,"[[38.1259,-87.9432],[38.1046,-87.9566],[38.1028,-87.9476],[38.1244,-87.9377]]",0,1,county_code_unverified|timezone_not_normalized_to_utc
499870,82912,2014,2014-02-25T12:00:00,2014-02-28T23:59:00,CST-6,83.98333333333333,18,18051,C,051,GIBSON,0,0,0,0,2000.00,0.00,Heavy Rain / Snow Melt,0,"[[38.4124,-87.7423],[38.3975,-87.7528],[38.3966,-87.7483],[38.4124,-87.7364]]",0,1,county_code_unverified|timezone_not_normalized_to_utc
499871,82913,2014,2014-02-25T16:30:00,2014-02-28T23:59:00,CST-6,79.48333333333333,21,21225,C,225,UNION,0,0,0,0,0.00,0.00,Heavy Rain / Snow Melt,0,"[[37.7775,-87.937],[37.8094,-87.902],[37.8057,-87.8923],[37.7818,-87.9224]]",0,1,county_code_unverified|timezone_not_normalized_to_utc
499872,82912,2014,2014-02-22T18:00:00,2014-02-28T23:59:00,EST-5,149.98333333333332,18,18125,C,125,PIKE,0,0,0,0,0.00,0.00,Heavy Rain / Snow Melt,0,"[[38.509,-87.2908],[38.5253,-87.2558],[38.5198,-87.2534],[38.5088,-87.28]]",0,1,county_code_unverified|timezone_not_normalized_to_utc
499873,82912,2014,2014-02-23T07:00:00,2014-02-28T23:59:00,CST-6,136.98333333333332,18,18051,C,051,GIBSON,0,0,0,0,2000.00,0.00,Heavy Rain / Snow Melt,0,"[[38.4963,-87.5013],[38.4939,-87.5017],[38.494,-87.5374],[38.4987,-87.5329],[38.5026,-87.5161]]",0,1,county_code_unverified|timezone_not_normalized_to_utc
500216,82965,2014,2014-03-10T15:30:00,2014-03-16T02:15:00,MST-7,130.75,46,46063,C,063,HARDING,0,0,0,0,10000.00,0.00,Ice Jam,0,"[[45.945,-104.046],[45.945,-103.8],[45.57,-103.91],[45.45,-104.046]]",0,1,county_code_unverified|timezone_not_normalized_to_utc
500240,82965,2014,2014-03-10T14:30:00,2014-03-10T18:00:00,MST-7,3.5,46,46105,C,105,PERKINS,0,0,0,0,0.00,0.00,Ice Jam,0,"[[45.24,-102.37],[45.24,-102.0],[45.17,-102.0],[45.15,-102.37]]",0,1,county_code_unverified|timezone_not_normalized_to_utc
500248,82965,2014,2014-03-12T09:30:00,2014-03-12T16:45:00,CST-6,7.25,46,46123,C,123,TRIPP,0,0,0,0,0.00,0.00,Ice Jam,0,"[[43.72,-100.23],[43.72,-99.88],[43.78,-99.62],[43.73,-99.62],[43.67,-99.87],[43.68,-100.23]]",0,1,county_code_unverified|timezone_not_normalized_to_utc
500488,83003,2014,2014-03-12T15:00:00,2014-03-12T21:00:00,EST-5,6.0,42,42117,C,117,TIOGA,0,0,0,0,0.00,0.00,Ice Jam,0,"[[41.85,-77.28],[41.8483,-77.289],[41.8364,-77.2756],[41.8469,-77.2648]]",0,1,county_code_unverified|timezone_not_normalized_to_utc
500489,82728,2014,2014-03-30T13:00:00,2014-03-30T17:00:00,EST-5,4.0,42,42001,C,001,ADAMS,0,0,0,0,0.00,0.00,Heavy Rain,0,"[[39.932,-77.469],[39.725,-77.457],[39.725,-77.002],[39.929,-76.995],[40.053,-77.114]]",0,1,county_code_unverified|timezone_not_normalized_to_utc
500490,82728,2014,2014-03-30T13:00:00,2014-03-30T17:00:00,EST-5,4.0,42,42133,C,133,YORK,0,0,0,0,0.00,0.00,Heavy Rain,0,"[[40.072,-77.074],[39.972,-76.962],[39.732,-76.957],[39.734,-76.255],[40.103,-76.726],[40.203,-76.843]]",0,1,county_code_unverified|timezone_not_normalized_to_utc
500568,83010,2014,2014-02-28T08:00:00,2014-02-28T11:00:00,PST-8,3.0,06,06059,C,059,ORANGE,0,0,0,0,0.00,0.00,Heavy Rain,0,"[[33.7484,-118.1195],[33.915,-117.8655],[33.8192,-117.7048],[33.7165,-118.0714]]",0,1,county_code_unverified|timezone_not_normalized_to_utc
500590,83010,2014,2014-02-28T11:00:00,2014-02-28T17:00:00,PST-8,6.0,06,06065,C,065,RIVERSIDE,0,0,0,0,0.00,0.00,Heavy Rain,0,"[[33.7843,-116.4537],[33.8337,-116.5189],[33.8342,-116.5598],[33.774,-116.5529],[33.7672,-116.4922]]",0,1,county_code_unverified|timezone_not_normalized_to_utc
500591,83010,2014,2014-02-28T09:00:00,2014-02-28T14:00:00,PST-8,5.0,06,06073,C,073,SAN DIEGO,0,0,0,0,0.00,0.00,Heavy Rain,0,"[[33.3744,-117.3862],[33.4273,-117.0319],[33.1125,-116.9797],[33.0757,-117.15]]",0,1,county_code_unverified|timezone_not_normalized_to_utc
500592,83010,2014,2014-02-28T09:00:00,2014-02-28T18:00:00,PST-8,9.0,06,06073,C,073,SAN DIEGO,0,0,0,0,0.00,0.00,Heavy Rain,0,"[[32.836,-117.2681],[32.5308,-117.117],[32.5586,-116.8808],[32.8498,-117.0758]]",0,1,county_code_unverified|timezone_not_normalized_to_utc
500693,83020,2014,2014-04-09T11:27:00,2014-04-14T12:00:00,CST-6,120.55,38,38099,C,099,WALSH,0,0,0,0,10000.00,0.00,Heavy Rain / Snow Melt,0,"[[48.47,-97.52],[48.47,-97.18],[48.24,-97.18],[48.24,-97.52]]",0,1,county_code_unverified|timezone_not_normalized_to_utc
501437,83123,2014,2014-03-01T00:00:00,2014-03-04T10:00:00,CST-6,82.0,17,17059,C,059,GALLATIN,0,0,0,0,0.00,0.00,Heavy Rain / Snow Melt,0,"[[37.6889,-88.1421],[37.6643,-88.1644],[37.661,-88.1577],[37.6861,-88.1385]]",0,1,county_code_unverified|timezone_not_normalized_to_utc
501438,83123,2014,2014-03-01T00:00:00,2014-03-05T12:00:00,CST-6,108.0,17,17193,C,193,WHITE,0,0,0,0,0.00,0.00,Heavy Rain / Snow Melt,0,"[[38.0305,-88.0352],[38.0308,-88.0115],[38.0062,-88.0262],[38.0123,-88.0336]]",0,1,county_code_unverified|timezone_not_normalized_to_utc
501439,83123,2014,2014-03-01T00:00:00,2014-03-04T07:00:00,CST-6,79.0,17,17185,C,185,WABASH,0,0,0,0,0.00,0.00,Heavy Rain / Snow Melt,0,"[[38.4262,-87.743],[38.4504,-87.7332],[38.4543,-87.7608],[38.4256,-87.75]]",0,1,county_code_unverified|timezone_not_normalized_to_utc
501440,83125,2014,2014-03-01T00:00:00,2014-03-04T07:00:00,CST-6,79.0,18,18051,C,051,GIBSON,0,0,0,0,0.00,0.00,Heavy Rain / Snow Melt,0,"[[38.4,-87.73],[38.4131,-87.7432],[38.3697,-87.7783],[38.3675,-87.7691]]",0,1,county_code_unverified|timezone_not_normalized_to_utc
501443,83125,2014,2014-03-01T00:00:00,2014-03-05T12:00:00,CST-6,108.0,18,18129,C,129,POSEY,0,0,0,0,0.00,0.00,Heavy Rain / Snow Melt,0,"[[38.13,-87.93],[38.1328,-87.9404],[38.147,-87.9242],[38.1443,-87.9198]]",0,1,county_code_unverified|timezone_not_normalized_to_utc
501445,83125,2014,2014-03-01T00:00:00,2014-03-01T15:00:00,CST-6,15.0,18,18173,C,173,WARRICK,0,0,0,0,0.00,0.00,Heavy Rain / Snow Melt,0,"[[37.938,-87.4],[37.9221,-87.3621],[37.9282,-87.3604],[37.941,-87.3945]]",0,1,county_code_unverified|timezone_not_normalized_to_utc
501447,83125,2014,2014-03-01T00:00:00,2014-03-02T08:00:00,CST-6,32.0,18,18129,C,129,POSEY,0,0,0,0,0.00,0.00,Heavy Rain / Snow Melt,0,"[[37.8969,-87.9339],[37.8944,-87.9277],[37.9204,-87.9064],[37.9235,-87.9087]]",0,1,county_code_unverified|timezone_not_normalized_to_utc
501448,83125,2014,2014-03-01T00:00:00,2014-03-02T22:00:00,EST-5,46.0,18,18125,C,125,PIKE,0,0,0,0,0.00,0.00,Heavy Rain / Snow Melt,0,"[[38.5365,-87.2268],[38.5082,-87.2823],[38.5119,-87.2857],[38.5422,-87.2466]]",0,1,county_code_unverified|timezone_not_normalized_to_utc
501449,83125,2014,2014-03-01T00:00:00,2014-03-03T07:00:00,CST-6,55.0,18,18051,C,051,GIBSON,0,0,0,0,0.00,0.00,Heavy Rain / Snow Melt,0,"[[38.4978,-87.5307],[38.4923,-87.5387],[38.5008,-87.5091],[38.5025,-87.5204]]",0,1,county_code_unverified|timezone_not_normalized_to_utc
501450,83124,2014,2014-03-01T00:00:00,2014-03-03T07:00:00,CST-6,55.0,21,21225,C,225,UNION,0,0,0,0,0.00,0.00,Heavy Rain / Snow Melt,0,"[[37.777,-87.9394],[37.7807,-87.9305],[37.7975,-87.9133],[37.7992,-87.9214]]",0,1,county_code_unverified|timezone_not_normalized_to_utc
501452,83127,2014,2014-03-08T16:00:00,2014-03-12T13:00:00,CST-6,93.0,21,21177,C,177,MUHLENBERG,0,0,0,0,0.00,0.00,Heavy Rain / Snow Melt,0,"[[37.267,-86.9848],[37.2929,-86.9867],[37.292,-86.9819],[37.2677,-86.9816]]",0,1,county_code_unverified|timezone_not_normalized_to_utc
501460,83129,2014,2014-03-29T09:35:00,2014-03-29T12:30:00,CST-6,2.9166666666666665,21,21035,C,035,CALLOWAY,0,0,0,0,0.00,0.00,Heavy Rain,0,"[[36.5745,-88.3426],[36.5778,-88.3715],[36.5728,-88.3825],[36.5689,-88.3363]]",0,1,county_code_unverified|timezone_not_normalized_to_utc
501521,82766,2014,2014-04-03T11:00:00,2014-04-03T14:00:00,CST-6,3.0,29,29141,C,141,MORGAN,0,0,0,0,0.00,0.00,Heavy Rain,0,"[[38.3616,-92.8053],[38.3603,-92.8073],[38.3654,-92.8092],[38.3661,-92.8075]]",0,1,county_code_unverified|timezone_not_normalized_to_utc
501752,83171,2014,2014-04-07T10:00:00,2014-04-07T10:00:00,CST-6,0.0,22,22127,C,127,WINN,0,0,1,0,0.00,0.00,Heavy Rain,1,"[[31.9106,-92.7308],[31.9108,-92.7272],[31.9081,-92.7277],[31.9082,-92.7308]]",0,1,county_code_unverified|timezone_not_normalized_to_utc
502001,83210,2014,2014-02-17T01:50:00,2014-02-17T13:00:00,PST-8,11.166666666666666,53,53069,C,069,WAHKIAKUM,0,0,0,0,0.00,0.00,Heavy Rain,0,"[[46.33,-123.63],[46.3198,-123.6448],[46.33,-123.651],[46.3351,-123.6374]]",0,1,county_code_unverified|timezone_not_normalized_to_utc
502005,83211,2014,2014-02-12T16:40:00,2014-02-12T17:30:00,PST-8,0.8333333333333334,41,41039,C,039,LANE,0,0,0,0,0.00,0.00,Heavy Rain,0,"[[44.03,-123.8599],[44.03,-123.8499],[44.0172,-123.8522],[44.0223,-123.8593]]",0,1,county_code_unverified|timezone_not_normalized_to_utc
502196,83036,2014,2014-03-06T12:00:00,2014-03-12T12:00:00,MST-7,144.0,30,30031,C,031,GALLATIN,0,0,0,0,0.00,0.00,Heavy Rain / Snow Melt,0,"[[45.79,-111.8],[45.96,-111.46],[46.19,-111.34],[46.19,-110.78],[45.59,-110.79],[45.52,-110.92],[45.34,-111.02],[45.19,-111.36]]",0,1,county_code_unverified|timezone_not_normalized_to_utc
502199,83036,2014,2014-03-06T13:45:00,2014-03-11T13:45:00,MST-7,120.0,30,30049,C,049,LEWIS AND CLARK,0,0,0,0,0.00,0.00,Heavy Rain / Snow Melt,0,"[[47.92,-113.07],[47.65,-112.55],[46.79,-111.49],[46.57,-111.64],[46.42,-112.32],[46.7,-112.53],[46.83,-112.79],[47.18,-113.05]]",0,1,county_code_unverified|timezone_not_normalized_to_utc
502203,83037,2014,2014-03-10T14:24:00,2014-03-11T12:24:00,MST-7,22.0,30,30005,C,005,BLAINE,0,0,0,0,0.00,0.00,Heavy Rain / Snow Melt,0,"[[48.47,-109.49],[48.58,-109.44],[48.59,-109.38],[48.53,-109.35],[48.46,-109.4]]",0,1,county_code_unverified|timezone_not_normalized_to_utc
502204,83037,2014,2014-03-12T08:43:00,2014-03-13T05:10:00,MST-7,20.45,30,30027,C,027,FERGUS,0,0,0,0,0.00,0.00,Ice Jam,0,"[[47.63,-109.0],[47.81,-108.86],[47.71,-108.32],[47.47,-108.32]]",0,1,county_code_unverified|timezone_not_normalized_to_utc
502205,83037,2014,2014-03-12T15:48:00,2014-03-13T05:25:00,MST-7,13.616666666666667,30,30041,C,041,HILL,0,0,0,0,0.00,0.00,Heavy Rain / Snow Melt,0,"[[48.96,-110.47],[49.0,-110.47],[49.0,-110.42],[48.96,-110.32],[48.92,-110.35]]",0,1,county_code_unverified|timezone_not_normalized_to_utc
502216,83244,2014,2014-02-05T02:50:00,2014-02-05T03:50:00,EST-5,1.0,39,39145,C,145,SCIOTO,0,0,0,0,0.00,0.00,Heavy Rain,0,"[[38.73,-82.98],[38.8228,-83.1857],[38.9264,-83.1583],[38.8911,-82.999]]",0,1,county_code_unverified|timezone_not_normalized_to_utc
502218,83246,2014,2014-02-05T02:52:00,2014-02-05T03:52:00,EST-5,1.0,21,21135,C,135,LEWIS,0,0,0,0,0.00,0.00,Heavy Rain,0,"[[38.4861,-83.2815],[38.4809,-83.2676],[38.4807,-83.2803],[38.4845,-83.2901]]",0,1,county_code_unverified|timezone_not_normalized_to_utc
502246,83211,2014,2014-02-14T16:00:00,2014-02-14T18:30:00,PST-8,2.5,41,41039,C,039,LANE,0,0,0,0,0.00,0.00,Heavy Rain,0,"[[44.0389,-123.0372],[44.0611,-123.0372],[44.0514,-122.9954],[44.0398,-123.0142],[44.0295,-123.0285]]",0,1,county_code_unverified|timezone_not_normalized_to_utc
502247,83211,2014,2014-02-16T11:30:00,2014-02-18T09:30:00,PST-8,46.0,41,41047,C,047,MARION,0,0,0,0,0.00,0.00,Heavy Rain,0,"[[45.23,-122.77],[45.2011,-122.77],[45.2095,-122.7409],[45.23,-122.7289]]",0,1,county_code_unverified|timezone_not_normalized_to_utc
502248,83211,2014,2014-02-17T07:20:00,2014-02-17T14:00:00,PST-8,6.666666666666667,41,41057,C,057,TILLAMOOK,0,0,0,0,0.00,0.00,Heavy Rain,0,"[[45.7512,-123.7967],[45.6806,-123.803],[45.7,-123.7249],[45.7332,-123.7551]]",0,1,county_code_unverified|timezone_not_normalized_to_utc
502249,83251,2014,2014-02-18T12:20:00,2014-02-19T08:00:00,PST-8,19.666666666666668,41,41057,C,057,TILLAMOOK,0,0,0,0,0.00,0.00,Heavy Rain,0,"[[45.7,-123.7975],[45.6779,-123.7934],[45.7,-123.7457],[45.7332,-123.7551]]",0,1,county_code_unverified|timezone_not_normalized_to_utc
503023,83325,2014,2014-02-05T11:42:00,2014-02-05T14:01:00,EST-5,2.316666666666667,10,10003,C,003,NEW CASTLE,0,0,0,0,0.00,0.00,Heavy Rain / Snow Melt,0,"[[39.63,-75.73],[39.6407,-75.7337],[39.642,-75.7264],[39.6401,-75.715],[39.638,-75.7127]]",0,1,county_code_unverified|timezone_not_normalized_to_utc
503028,81784,2014,2014-02-22T17:00:00,2014-02-24T20:30:00,EST-5,51.5,34,34035,C,035,SOMERSET,0,0,0,0,0.00,0.00,Heavy Rain / Snow Melt,0,"[[40.4413,-74.6176],[40.4333,-74.62],[40.4321,-74.6157],[40.4415,-74.6102],[40.445,-74.6049],[40.4479,-74.6084]]",0,1,county_code_unverified|timezone_not_normalized_to_utc
503150,83338,2014,2014-02-12T10:00:00,2014-02-14T18:00:00,MST-7,56.0,30,30081,C,081,RAVALLI,0,0,0,0,0.00,0.00,Heavy Rain / Snow Melt,0,"[[46.32,-114.12],[46.3243,-114.1837],[46.4284,-114.1624],[46.6646,-114.0889],[46.6599,-114.0312]]",0,1,county_code_unverified|timezone_not_normalized_to_utc
503716,83116,2014,2014-02-09T09:00:00,2014-02-09T14:00:00,MST-7,5.0,49,49043,C,043,SUMMIT,0,0,0,0,40000.00,0.00,Heavy Rain,0,"[[40.9125,-111.3979],[40.9126,-111.3981],[40.9124,-111.3986],[40.9122,-111.3983]]",0,1,county_code_unverified|timezone_not_normalized_to_utc
503748,83446,2014,2014-02-28T04:35:00,2014-02-28T04:35:00,PST-8,0.0,06,06085,C,085,SANTA CLARA,0,0,0,0,0.00,0.00,Heavy Rain,0,"[[37.3,-121.85],[37.2989,-121.8549],[37.2979,-121.8521],[37.2988,-121.8498]]",0,1,county_code_unverified|timezone_not_normalized_to_utc
503749,83446,2014,2014-02-28T04:35:00,2014-02-28T04:35:00,PST-8,0.0,06,06075,C,075,SAN FRANCISCO,0,0,0,0,0.00,0.00,Heavy Rain,0,"[[37.77,-122.42],[37.7703,-122.4172],[37.7695,-122.4174],[37.7693,-122.4195]]",0,1,county_code_unverified|timezone_not_normalized_to_utc
503750,83446,2014,2014-02-28T04:47:00,2014-02-28T04:47:00,PST-8,0.0,06,06085,C,085,SANTA CLARA,0,0,0,0,0.00,0.00,Heavy Rain,0,"[[37.3183,-121.9764],[37.3177,-121.9731],[37.3173,-121.9734],[37.3178,-121.9762]]",0,1,county_code_unverified|timezone_not_normalized_to_utc
503751,83446,2014,2014-02-28T05:56:00,2014-02-28T05:56:00,PST-8,0.0,06,06075,C,075,SAN FRANCISCO,0,0,0,0,0.00,0.00,Heavy Rain,0,"[[37.76,-122.51],[37.7601,-122.5097],[37.7597,-122.5096],[37.7597,-122.51]]",0,1,county_code_unverified|timezone_not_normalized_to_utc
503752,83446,2014,2014-02-28T06:08:00,2014-02-28T06:08:00,PST-8,0.0,06,06085,C,085,SANTA CLARA,0,0,0,0,0.00,0.00,Heavy Rain,0,"[[37.1307,-121.634],[37.1303,-121.6358],[37.1299,-121.6334],[37.1303,-121.6336]]",0,1,county_code_unverified|timezone_not_normalized_to_utc
503753,83446,2014,2014-02-28T06:13:00,2014-02-28T06:13:00,PST-8,0.0,06,06085,C,085,SANTA CLARA,0,0,0,0,0.00,0.00,Heavy Rain,0,"[[37.4036,-122.0702],[37.4035,-122.071],[37.4024,-122.0713],[37.403,-122.0701]]",0,1,county_code_unverified|timezone_not_normalized_to_utc
503754,83446,2014,2014-02-28T05:30:00,2014-02-28T05:30:00,PST-8,0.0,06,06085,C,085,SANTA CLARA,1,0,0,0,0.00,0.00,Heavy Rain,0,"[[37.38,-121.9],[37.3799,-121.899],[37.3795,-121.8986],[37.3794,-121.8992]]",0,1,county_code_unverified|timezone_not_normalized_to_utc
503755,83446,2014,2014-02-28T06:25:00,2014-02-28T06:25:00,PST-8,0.0,06,06085,C,085,SANTA CLARA,0,0,0,0,0.00,0.00,Heavy Rain,0,"[[37.41,-122.07],[37.4106,-122.0727],[37.4101,-122.0727],[37.4093,-122.0705]]",0,1,county_code_unverified|timezone_not_normalized_to_utc
503756,83446,2014,2014-02-28T06:32:00,2014-02-28T06:32:00,PST-8,0.0,06,06075,C,075,SAN FRANCISCO,0,0,0,0,0.00,0.00,Heavy Rain,0,"[[37.736,-122.4106],[37.7343,-122.405],[37.7338,-122.4065],[37.7344,-122.4119]]",0,1,county_code_unverified|timezone_not_normalized_to_utc
503757,83446,2014,2014-02-28T06:26:00,2014-02-28T06:26:00,PST-8,0.0,06,06085,C,085,SANTA CLARA,0,0,0,0,0.00,0.00,Heavy Rain,0,"[[37.0072,-121.5108],[37.0071,-121.5132],[37.008,-121.5157],[37.0101,-121.5139]]",0,1,county_code_unverified|timezone_not_normalized_to_utc
503758,83446,2014,2014-02-28T06:39:00,2014-02-28T06:39:00,PST-8,0.0,06,06085,C,085,SANTA CLARA,0,0,0,0,0.00,0.00,Heavy Rain,0,"[[37.1552,-121.6535],[37.154,-121.6517],[37.1536,-121.6526],[37.1548,-121.6538]]",0,1,county_code_unverified|timezone_not_normalized_to_utc
503759,83446,2014,2014-02-28T07:15:00,2014-02-28T07:15:00,PST-8,0.0,06,06085,C,085,SANTA CLARA,0,0,0,0,0.00,0.00,Heavy Rain,0,"[[37.33,-121.97],[37.3304,-121.9667],[37.3296,-121.9672],[37.3296,-121.9682]]",0,1,county_code_unverified|timezone_not_normalized_to_utc
503760,83446,2014,2014-02-28T07:54:00,2014-02-28T07:54:00,PST-8,0.0,06,06085,C,085,SANTA CLARA,0,0,0,0,0.00,0.00,Heavy Rain,0,"[[37.0855,-121.6127],[37.0865,-121.6089],[37.0836,-121.6075],[37.0842,-121.6112]]",0,1,county_code_unverified|timezone_not_normalized_to_utc
503761,83446,2014,2014-02-28T08:15:00,2014-02-28T08:15:00,PST-8,0.0,06,06085,C,085,SANTA CLARA,0,0,0,0,0.00,0.00,Heavy Rain,0,"[[37.24,-121.77],[37.2454,-121.7718],[37.2424,-121.7664],[37.2396,-121.7664]]",0,1,county_code_unverified|timezone_not_normalized_to_utc
503762,83446,2014,2014-02-28T06:53:00,2014-02-28T06:53:00,PST-8,0.0,06,06097,C,097,SONOMA,0,0,0,0,0.00,0.00,Heavy Rain,0,"[[38.19,-122.6],[38.1889,-122.5998],[38.1884,-122.6023],[38.1897,-122.6016]]",0,1,county_code_unverified|timezone_not_normalized_to_utc
503763,83446,2014,2014-02-28T07:56:00,2014-02-28T07:56:00,PST-8,0.0,06,06097,C,097,SONOMA,0,0,0,0,0.00,0.00,Heavy Rain,0,"[[38.26,-122.78],[38.2586,-122.7854],[38.2581,-122.7825],[38.2588,-122.7807]]",0,1,county_code_unverified|timezone_not_normalized_to_utc
504103,82984,2014,2014-02-20T20:30:00,2014-02-20T22:30:00,EST-5,2.0,18,18105,C,105,MONROE,0,0,0,0,1000.00,0.00,Heavy Rain,0,"[[39.17,-86.52],[39.1664,-86.5211],[39.1661,-86.5159],[39.1703,-86.5149]]",0,1,county_code_unverified|timezone_not_normalized_to_utc
504166,83511,2014,2014-02-21T17:55:00,2014-02-21T23:00:00,EST-5,5.083333333333333,36,36013,C,013,CHAUTAUQUA,0,0,0,0,50000.00,0.00,Ice Jam,0,"[[42.5685,-79.1363],[42.5661,-79.1331],[42.5641,-79.129],[42.5629,-79.1312],[42.566,-79.1378]]",0,1,county_code_unverified|timezone_not_normalized_to_utc
504167,83511,2014,2014-02-21T16:30:00,2014-02-21T22:00:00,EST-5,5.5,36,36029,C,029,ERIE,0,0,0,0,100000.00,0.00,Ice Jam,0,"[[42.8609,-78.7757],[42.8598,-78.7757],[42.8618,-78.7791],[42.864,-78.7794],[42.863,-78.7768]]",0,1,county_code_unverified|timezone_not_normalized_to_utc
504288,83521,2014,2014-02-09T11:44:00,2014-02-09T11:44:00,PST-8,0.0,06,06041,C,041,MARIN,0,0,0,0,0.00,0.00,Heavy Rain,0,"[[37.91,-122.54],[37.9101,-122.5409],[37.9098,-122.5407],[37.9097,-122.5399]]",0,1,county_code_unverified|timezone_not_normalized_to_utc
504289,83521,2014,2014-02-09T12:04:00,2014-02-09T12:04:00,PST-8,0.0,06,06097,C,097,SONOMA,0,0,0,0,0.00,0.00,Heavy Rain,0,"[[38.24,-122.45],[38.2451,-122.4516],[38.2459,-122.4468],[38.2431,-122.4457]]",0,1,county_code_unverified|timezone_not_normalized_to_utc
504302,83521,2014,2014-02-09T13:10:00,2014-02-09T13:10:00,PST-8,0.0,06,06097,C,097,SONOMA,0,0,0,0,0.00,0.00,Heavy Rain,0,"[[38.44,-122.82],[38.4402,-122.8114],[38.4372,-122.8137],[38.4369,-122.8196]]",0,1,county_code_unverified|timezone_not_normalized_to_utc
504324,83414,2014,2014-02-20T07:15:00,2014-02-20T19:15:00,CST-6,12.0,29,29199,C,199,SCOTLAND,0,0,0,0,0.00,0.00,Heavy Rain,0,"[[40.4747,-92.1865],[40.4726,-92.1547],[40.3398,-92.1561],[40.3419,-92.1856]]",0,1,county_code_unverified|timezone_not_normalized_to_utc
504342,83419,2014,2014-02-20T17:30:00,2014-02-23T00:45:00,CST-6,55.25,19,19057,C,057,DES MOINES,0,0,0,0,0.00,0.00,Ice Jam,0,"[[40.81,-91.43],[40.81,-91.35],[40.71,-91.11],[40.66,-91.11]]",0,1,county_code_unverified|timezone_not_normalized_to_utc
504377,83415,2014,2014-02-20T10:00:00,2014-02-20T19:15:00,CST-6,9.25,19,19111,C,111,LEE,0,0,0,0,100000.00,0.00,Heavy Rain,0,"[[40.6637,-91.4416],[40.6632,-91.213],[40.6135,-91.3294],[40.5511,-91.4447]]",0,1,county_code_unverified|timezone_not_normalized_to_utc
504386,83527,2014,2014-02-22T14:36:00,2014-02-25T12:00:00,EST-5,69.4,18,18157,C,157,TIPPECANOE,0,0,0,0,450000.00,0.00,Ice Jam,0,"[[40.4719,-86.8649],[40.4695,-86.8529],[40.4573,-86.8484],[40.4526,-86.8664]]",0,1,county_code_unverified|timezone_not_normalized_to_utc
504387,83527,2014,2014-02-22T16:00:00,2014-02-22T18:00:00,EST-5,2.0,18,18071,C,071,JACKSON,1,0,0,0,10000.00,0.00,Heavy Rain / Snow Melt,0,"[[38.822,-85.8704],[38.822,-85.8717],[38.8229,-85.8714],[38.8228,-85.8702]]",0,1,county_code_unverified|timezone_not_normalized_to_utc
504520,83556,2014,2014-03-27T23:40:00,2014-03-28T05:50:00,CST-6,6.166666666666667,55,55123,C,123,VERNON,0,0,0,0,0.00,0.00,Heavy Rain / Snow Melt,0,"[[43.725,-90.587],[43.724,-90.5876],[43.721,-90.5889],[43.7204,-90.5909],[43.7199,-90.5899],[43.7204,-90.588],[43.7254,-90.5859]]",0,1,county_code_unverified|timezone_not_normalized_to_utc
504521,83556,2014,2014-03-28T19:30:00,2014-03-29T13:25:00,CST-6,17.916666666666668,55,55123,C,123,VERNON,0,0,0,0,0.00,0.00,Heavy Rain / Snow Melt,0,"[[43.5033,-90.6688],[43.5094,-90.6783],[43.5084,-90.6846],[43.508,-90.6833],[43.5082,-90.6794],[43.5053,-90.6737],[43.5028,-90.6697]]",0,1,county_code_unverified|timezone_not_normalized_to_utc
504522,83556,2014,2014-03-28T09:45:00,2014-03-28T16:00:00,CST-6,6.25,55,55123,C,123,VERNON,0,0,0,0,0.00,0.00,Heavy Rain / Snow Melt,0,"[[43.455,-90.7647],[43.4515,-90.7642],[43.4498,-90.7652],[43.4449,-90.765],[43.4448,-90.7639],[43.45,-90.7639],[43.4515,-90.7631],[43.4548,-90.7637]]",0,1,county_code_unverified|timezone_not_normalized_to_utc
504624,83484,2014,2014-04-30T07:00:00,2014-04-30T23:00:00,EST-5,16.0,21,21089,C,089,GREENUP,0,0,0,0,15000.00,0.00,Heavy Rain,0,"[[38.43,-82.9],[38.43,-82.77],[38.7295,-82.9097],[38.7102,-83.0003],[38.5129,-83.1021]]",0,1,county_code_unverified|timezone_not_normalized_to_utc
504625,83499,2014,2014-04-30T09:00:00,2014-04-30T23:00:00,EST-5,14.0,39,39079,C,079,JACKSON,0,0,0,0,10000.00,0.00,Heavy Rain,0,"[[39.05,-82.63],[39.0643,-82.4421],[38.87,-82.4556],[38.85,-82.6943]]",0,1,county_code_unverified|timezone_not_normalized_to_utc
504626,83499,2014,2014-04-30T05:00:00,2014-04-30T23:45:00,EST-5,18.75,39,39087,C,087,LAWRENCE,0,0,0,0,10000.00,0.00,Heavy Rain,0,"[[38.55,-82.72],[38.83,-82.63],[38.7,-82.47],[38.67,-82.47],[38.55,-82.3615],[38.4584,-82.3645],[38.4428,-82.5266]]",0,1,county_code_unverified|timezone_not_normalized_to_utc
504627,83499,2014,2014-04-30T08:00:00,2014-04-30T23:45:00,EST-5,15.75,39,39053,C,053,GALLIA,0,0,0,0,10000.00,0.00,Heavy Rain,0,"[[38.83,-82.52],[38.8493,-82.4094],[38.9802,-82.3432],[38.9902,-82.1632],[38.8102,-82.2831],[38.6555,-82.27],[38.7055,-82.38]]",0,1,county_code_unverified|timezone_not_normalized_to_utc
504628,83499,2014,2014-04-30T08:00:00,2014-04-30T23:45:00,EST-5,15.75,39,39105,C,105,MEIGS,0,0,0,0,5000.00,0.00,Heavy Rain,0,"[[39.03,-82.03],[39.17,-81.92],[39.17,-82.2487],[39.05,-82.2986]]",0,1,county_code_unverified|timezone_not_normalized_to_utc
504629,83499,2014,2014-04-30T10:00:00,2014-04-30T23:00:00,EST-5,13.0,39,39163,C,163,VINTON,0,0,0,0,5000.00,0.00,Heavy Rain,0,"[[39.13,-82.38],[39.08,-82.33],[39.3363,-82.3273],[39.3863,-82.6272],[39.1428,-82.53]]",0,1,county_code_unverified|timezone_not_normalized_to_utc
504630,83499,2014,2014-04-30T10:00:00,2014-04-30T23:45:00,EST-5,13.75,39,39009,C,009,ATHENS,0,0,0,0,10000.00,0.00,Heavy Rain,0,"[[39.2,-81.87],[39.4,-81.95],[39.47,-82.23],[39.3149,-82.2766],[39.305,-82.2661],[39.23,-82.2]]",0,1,county_code_unverified|timezone_not_normalized_to_utc
504778,83601,2014,2014-03-05T08:00:00,2014-03-06T23:59:00,PST-8,39.983333333333334,53,53063,C,063,SPOKANE,0,0,0,0,600000.00,0.00,Heavy Rain / Snow Melt,0,"[[47.5723,-117.8212],[48.0483,-117.3935],[48.0483,-117.0441],[47.2577,-117.0441],[47.2577,-117.8212]]",0,1,county_code_unverified|timezone_not_normalized_to_utc
504782,83601,2014,2014-03-05T07:00:00,2014-03-06T23:59:00,PST-8,40.983333333333334,53,53043,C,043,LINCOLN,0,0,0,0,200000.00,0.00,Heavy Rain / Snow Melt,0,"[[47.8271,-118.3709],[47.7757,-117.8205],[47.4135,-117.8255],[47.2601,-118.0899],[47.2611,-118.3866]]",0,1,county_code_unverified|timezone_not_normalized_to_utc
504787,83601,2014,2014-03-05T08:00:00,2014-03-06T23:59:00,PST-8,39.983333333333334,53,53075,C,075,WHITMAN,0,0,0,0,200000.00,0.00,Heavy Rain / Snow Melt,0,"[[47.2592,-117.6022],[47.2592,-117.0391],[47.0718,-117.0391],[47.0718,-117.6022]]",0,1,county_code_unverified|timezone_not_normalized_to_utc
504788,83602,2014,2014-03-05T09:00:00,2014-03-06T23:59:00,PST-8,38.983333333333334,16,16055,C,055,KOOTENAI,0,0,0,0,0.00,0.00,Heavy Rain / Snow Melt,0,"[[47.7439,-116.8287],[47.7457,-116.8286],[47.7458,-116.8521],[47.744,-116.8518]]",0,1,county_code_unverified|timezone_not_normalized_to_utc
504789,83602,2014,2014-03-05T09:00:00,2014-03-06T23:59:00,PST-8,38.983333333333334,16,16055,C,055,KOOTENAI,0,3,0,0,100000.00,0.00,Heavy Rain / Snow Melt,0,"[[47.7877,-116.7452],[47.7876,-116.7412],[47.7726,-116.7411],[47.7724,-116.7448]]",0,1,county_code_unverified|timezone_not_normalized_to_utc
504791,83602,2014,2014-03-05T09:00:00,2014-03-06T23:59:00,PST-8,38.983333333333334,16,16021,C,021,BOUNDARY,0,0,0,0,25000.00,0.00,Heavy Rain / Snow Melt,0,"[[48.7889,-116.3842],[48.7938,-116.3785],[48.7876,-116.3126],[48.7768,-116.3208],[48.7776,-116.3593]]",0,1,county_code_unverified|timezone_not_normalized_to_utc
504974,83645,2014,2014-04-30T14:00:00,2014-04-30T23:59:00,EST-5,9.983333333333333,39,39157,C,157,TUSCARAWAS,0,0,0,0,2000.00,0.00,Heavy Rain,0,"[[40.5573,-81.4123],[40.5574,-81.416],[40.5536,-81.4208],[40.5524,-81.4173]]",0,1,county_code_unverified|timezone_not_normalized_to_utc
504976,83645,2014,2014-04-30T17:30:00,2014-04-30T23:59:00,EST-5,6.483333333333333,39,39059,C,059,GUERNSEY,0,0,0,0,5000.00,0.00,Heavy Rain,0,"[[39.9155,-81.5148],[39.9142,-81.5178],[39.9131,-81.5165],[39.9145,-81.5139]]",0,1,county_code_unverified|timezone_not_normalized_to_utc
504977,83646,2014,2014-05-01T00:00:00,2014-05-01T12:00:00,EST-5,12.0,39,39157,C,157,TUSCARAWAS,0,0,0,0,5000.00,0.00,Heavy Rain,0,"[[40.5567,-81.4132],[40.5578,-81.4138],[40.5555,-81.4173],[40.5545,-81.4157]]",0,1,county_code_unverified|timezone_not_normalized_to_utc
504979,83646,2014,2014-05-01T00:00:00,2014-05-02T07:00:00,EST-5,31.0,39,39059,C,059,GUERNSEY,0,0,0,0,2000.00,0.00,Heavy Rain,0,"[[39.9151,-81.5157],[39.9141,-81.514],[39.9132,-81.5161],[39.9141,-81.5175]]",0,1,county_code_unverified|timezone_not_normalized_to_utc
505230,83692,2014,2014-03-07T00:00:00,2014-03-10T19:00:00,MST-7,91.0,30,30089,C,089,SANDERS,0,0,0,0,4000.00,0.00,Heavy Rain / Snow Melt,0,"[[47.616,-114.6286],[47.544,-114.513],[47.4514,-114.4157],[47.4873,-114.355],[47.604,-114.482],[47.635,-114.572]]",0,1,county_code_unverified|timezone_not_normalized_to_utc
505249,82858,2014,2014-04-04T02:10:00,2014-04-06T09:50:00,CST-6,55.666666666666664,21,21183,C,183,OHIO,0,0,0,0,0.00,0.00,Heavy Rain,0,"[[37.5573,-86.7753],[37.5601,-86.7639],[37.5669,-86.7692],[37.5648,-86.7759]]",0,1,county_code_unverified|timezone_not_normalized_to_utc
505250,82858,2014,2014-04-05T07:30:00,2014-04-06T14:40:00,EST-5,31.166666666666668,21,21179,C,179,NELSON,0,0,0,0,0.00,0.00,Heavy Rain,0,"[[37.7743,-85.7074],[37.7645,-85.7171],[37.7607,-85.7043],[37.7665,-85.6987]]",0,1,county_code_unverified|timezone_not_normalized_to_utc
505251,82858,2014,2014-04-03T16:40:00,2014-04-04T21:45:00,CST-6,29.083333333333332,21,21227,C,227,WARREN,0,0,0,0,0.00,0.00,Heavy Rain,0,"[[36.8699,-86.3664],[36.8787,-86.3747],[36.873,-86.3817],[36.8683,-86.3723]]",0,1,county_code_unverified|timezone_not_normalized_to_utc
505252,82858,2014,2014-04-05T01:00:00,2014-04-07T15:10:00,CST-6,62.166666666666664,21,21031,C,031,BUTLER,0,0,0,0,0.00,0.00,Heavy Rain,0,"[[37.22,-86.9],[37.2149,-86.8897],[37.2095,-86.9013],[37.2162,-86.9054]]",0,1,county_code_unverified|timezone_not_normalized_to_utc
505253,82848,2014,2014-04-06T02:00:00,2014-04-08T06:00:00,EST-5,52.0,18,18123,C,123,PERRY,0,0,0,0,0.00,0.00,Heavy Rain,0,"[[37.95,-86.77],[37.942,-86.7653],[37.9408,-86.7736],[37.9477,-86.7759]]",0,1,county_code_unverified|timezone_not_normalized_to_utc
505259,83697,2014,2014-03-09T03:00:00,2014-03-09T23:59:00,PST-8,20.983333333333334,16,16017,C,017,BONNER,0,0,0,0,25000.00,0.00,Heavy Rain,0,"[[48.3142,-116.5394],[48.313,-116.5201],[48.2988,-116.5262],[48.3,-116.5416]]",0,1,county_code_unverified|timezone_not_normalized_to_utc
505280,83697,2014,2014-03-09T16:45:00,2014-03-11T23:59:00,PST-8,55.233333333333334,16,16055,C,055,KOOTENAI,0,0,0,0,30000.00,0.00,Heavy Rain / Snow Melt,0,"[[47.5152,-116.3273],[47.5685,-116.325],[47.5423,-116.5347],[47.4839,-116.7682],[47.444,-116.7407],[47.4514,-116.5732]]",0,1,county_code_unverified|timezone_not_normalized_to_utc
505341,83713,2014,2014-03-16T11:45:00,2014-03-18T06:30:00,CST-6,42.75,40,40079,C,079,LE FLORE,0,0,0,0,0.00,0.00,Heavy Rain,0,"[[35.13,-94.65],[35.19,-94.66],[35.2021,-94.6228],[35.1309,-94.6266]]",0,1,county_code_unverified|timezone_not_normalized_to_utc
505343,83715,2014,2014-05-06T06:45:00,2014-05-06T22:00:00,AKST-9,15.25,02,02220,C,220,YUKON FLATS NEARBY UPLANDS,0,0,0,0,1000.00,0.00,Ice Jam,0,"[[65.83,-144.08],[65.8367,-144.0732],[65.83,-144.0623],[65.8267,-144.0604]]",0,1,county_code_unverified|timezone_not_normalized_to_utc
505346,83719,2014,2014-04-23T21:00:00,2014-04-24T10:00:00,AKST-9,13.0,02,02213,C,213,ST LAWRENCE IS. BERING STRAIT,0,0,0,0,0.00,0.00,Heavy Rain / Snow Melt,0,"[[65.3333,-166.4816],[65.3327,-166.4809],[65.3322,-166.482],[65.3327,-166.4824]]",0,1,county_code_unverified|timezone_not_normalized_to_utc
505762,83781,2014,2014-04-29T19:20:00,2014-04-29T19:20:00,EST-5,0.0,37,37147,C,147,PITT,0,0,0,0,0.00,0.00,Heavy Rain,0,"[[35.59,-77.59],[35.6067,-77.5959],[35.6041,-77.5751],[35.5896,-77.5707]]",0,1,county_code_unverified|timezone_not_normalized_to_utc
505763,83781,2014,2014-04-29T19:20:00,2014-04-29T19:55:00,EST-5,0.5833333333333334,37,37147,C,147,PITT,0,0,0,0,0.00,0.00,Heavy Rain,0,"[[35.67,-77.64],[35.683,-77.6407],[35.7062,-77.5752],[35.6852,-77.5618]]",0,1,county_code_unverified|timezone_not_normalized_to_utc
505764,83781,2014,2014-04-29T19:55:00,2014-04-29T19:55:00,EST-5,0.0,37,37079,C,079,GREENE,0,0,0,0,0.00,0.00,Heavy Rain,0,"[[35.59,-77.7],[35.5958,-77.703],[35.5972,-77.6959],[35.5928,-77.6948]]",0,1,county_code_unverified|timezone_not_normalized_to_utc
505765,83781,2014,2014-04-29T20:14:00,2014-04-29T20:45:00,EST-5,0.5166666666666667,37,37147,C,147,PITT,0,0,0,0,0.00,0.00,Heavy Rain,0,"[[35.59,-77.59],[35.6016,-77.5968],[35.6062,-77.5817],[35.5905,-77.5714]]",0,1,county_code_unverified|timezone_not_normalized_to_utc
505982,83602,2014,2014-03-05T09:00:00,2014-03-06T23:59:00,PST-8,38.983333333333334,16,16009,C,009,BENEWAH,0,0,0,0,500000.00,0.00,Heavy Rain / Snow Melt,0,"[[47.14,-117.04],[47.06,-116.61],[47.06,-116.33],[47.37,-116.33],[47.37,-117.04]]",0,1,county_code_unverified|timezone_not_normalized_to_utc
506298,83831,2014,2014-03-06T10:00:00,2014-03-09T11:00:00,MST-7,73.0,30,30111,C,111,YELLOWSTONE,0,0,0,0,0.00,0.00,Heavy Rain / Snow Melt,0,"[[45.7963,-108.2496],[45.8239,-108.3456],[45.432,-108.5402],[45.4297,-108.5248]]",0,1,county_code_unverified|timezone_not_normalized_to_utc
506308,83831,2014,2014-03-07T07:00:00,2014-03-07T13:00:00,MST-7,6.0,30,30065,C,065,MUSSELSHELL,0,0,0,0,0.00,0.00,Heavy Rain / Snow Melt,0,"[[46.6372,-108.8644],[46.2037,-108.5865],[46.4088,-107.9575],[46.6807,-107.9668]]",0,1,county_code_unverified|timezone_not_normalized_to_utc
506345,83831,2014,2014-03-08T12:00:00,2014-03-09T05:00:00,MST-7,17.0,30,30075,C,075,POWDER RIVER,0,0,0,0,0.00,0.00,Ice Jam,0,"[[45.0993,-105.2398],[45.1783,-105.7985],[45.4082,-105.499],[45.3908,-105.2462]]",0,1,county_code_unverified|timezone_not_normalized_to_utc
506369,83831,2014,2014-03-05T17:00:00,2014-03-14T21:00:00,MST-7,220.0,30,30067,C,067,PARK,0,0,0,0,0.00,0.00,Heavy Rain / Snow Melt,0,"[[45.7021,-110.5146],[45.664,-110.5927],[45.3453,-110.7927],[45.3416,-110.7662]]",0,1,county_code_unverified|timezone_not_normalized_to_utc
506376,83831,2014,2014-03-07T14:00:00,2014-03-11T11:00:00,MST-7,93.0,30,30003,C,003,BIG HORN,0,0,0,0,0.00,0.00,Heavy Rain / Snow Melt,0,"[[45.4677,-108.8549],[45.2988,-108.914],[45.1425,-107.3962],[45.5979,-107.4159]]",0,1,county_code_unverified|timezone_not_normalized_to_utc
506378,83831,2014,2014-03-07T14:00:00,2014-03-11T11:00:00,MST-7,93.0,30,30009,C,009,CARBON,0,0,0,0,0.00,0.00,Heavy Rain / Snow Melt,0,"[[45.4677,-108.8549],[45.2988,-108.914],[45.1425,-107.3962],[45.5979,-107.4159]]",0,1,county_code_unverified|timezone_not_normalized_to_utc
506446,83894,2014,2014-05-14T15:17:00,2014-05-14T15:17:00,CST-6,0.0,21,21009,C,009,BARREN,0,0,0,0,0.00,0.00,Heavy Rain,0,"[[36.9785,-85.9297],[36.9763,-85.9299],[36.9788,-85.935],[36.9801,-85.9337]]",0,1,county_code_unverified|timezone_not_normalized_to_utc
506447,83896,2014,2014-04-08T19:47:00,2014-04-09T10:00:00,EST-5,14.216666666666667,36,36019,C,019,CLINTON,0,0,0,0,1000.00,0.00,Ice Jam,0,"[[45.0044,-73.5376],[44.9417,-73.5191],[44.9731,-73.4072],[45.0052,-73.4348]]",0,1,county_code_unverified|timezone_not_normalized_to_utc
506448,83831,2014,2014-03-06T14:00:00,2014-03-07T13:00:00,MST-7,23.0,30,30095,C,095,STILLWATER,0,0,0,0,0.00,0.00,Heavy Rain / Snow Melt,0,"[[46.4838,-109.6059],[46.6552,-109.9696],[45.4764,-109.6425],[45.545,-109.2083]]",0,1,county_code_unverified|timezone_not_normalized_to_utc
506449,83831,2014,2014-03-06T14:00:00,2014-03-07T13:00:00,MST-7,23.0,30,30107,C,107,WHEATLAND,0,0,0,0,0.00,0.00,Heavy Rain / Snow Melt,0,"[[46.4838,-109.6059],[46.6552,-109.9696],[45.4764,-109.6425],[45.545,-109.2083]]",0,1,county_code_unverified|timezone_not_normalized_to_utc
506451,83831,2014,2014-03-06T14:00:00,2014-03-07T13:00:00,MST-7,23.0,30,30097,C,097,SWEET GRASS,0,0,0,0,0.00,0.00,Heavy Rain / Snow Melt,0,"[[46.4838,-109.6059],[46.6552,-109.9696],[45.4764,-109.6425],[45.545,-109.2083]]",0,1,county_code_unverified|timezone_not_normalized_to_utc
506452,83896,2014,2014-04-09T08:00:00,2014-04-11T10:00:00,EST-5,50.0,36,36089,C,089,ST. LAWRENCE,0,0,0,0,10000.00,0.00,Heavy Rain / Snow Melt,0,"[[44.2563,-75.5338],[44.8631,-74.6781],[44.9687,-74.7501],[44.9751,-74.8303],[44.901,-75.0764],[44.6999,-75.5072],[44.3856,-75.8177]]",0,1,county_code_unverified|timezone_not_normalized_to_utc
506612,83641,2014,2014-04-30T10:00:00,2014-04-30T23:59:00,EST-5,13.983333333333333,42,42001,C,001,ADAMS,0,0,0,0,0.00,0.00,Heavy Rain,0,"[[39.932,-77.469],[39.725,-77.457],[39.725,-77.002],[39.929,-76.995],[40.053,-77.114]]",0,1,county_code_unverified|timezone_not_normalized_to_utc
506613,83641,2014,2014-04-30T10:00:00,2014-04-30T23:59:00,EST-5,13.983333333333333,42,42133,C,133,YORK,0,0,0,0,0.00,0.00,Heavy Rain,0,"[[40.072,-77.074],[39.972,-76.962],[39.732,-76.957],[39.734,-76.255],[40.103,-76.726],[40.203,-76.843]]",0,1,county_code_unverified|timezone_not_normalized_to_utc
506614,83641,2014,2014-04-30T10:00:00,2014-04-30T23:59:00,EST-5,13.983333333333333,42,42071,C,071,LANCASTER,0,0,0,0,0.00,0.00,Heavy Rain,0,"[[40.148,-75.927],[40.296,-76.153],[40.132,-76.717],[40.07,-76.519],[39.734,-76.219],[39.756,-76.12]]",0,1,county_code_unverified|timezone_not_normalized_to_utc
506615,83641,2014,2014-04-30T16:00:00,2014-04-30T23:59:00,EST-5,7.983333333333333,42,42043,C,043,DAUPHIN,0,0,0,0,0.00,0.00,Heavy Rain,0,"[[40.655,-76.731],[40.562,-76.981],[40.151,-76.729],[40.203,-76.6],[40.474,-76.688],[40.557,-76.557]]",0,1,county_code_unverified|timezone_not_normalized_to_utc
506616,83641,2014,2014-04-30T16:00:00,2014-04-30T23:59:00,EST-5,7.983333333333333,42,42075,C,075,LEBANON,0,0,0,0,0.00,0.00,Heavy Rain,0,"[[40.548,-76.538],[40.472,-76.669],[40.21,-76.572],[40.322,-76.177]]",0,1,county_code_unverified|timezone_not_normalized_to_utc
507009,83964,2014,2014-05-12T09:00:00,2014-05-13T17:00:00,CST-6,32.0,31,31159,C,159,SEWARD,0,0,0,0,0.00,0.00,Heavy Rain,0,"[[40.773,-97.3093],[40.7874,-97.305],[40.7759,-97.2873],[40.7731,-97.275],[40.7639,-97.2769]]",0,1,county_code_unverified|timezone_not_normalized_to_utc
507018,83964,2014,2014-05-11T18:00:00,2014-05-14T06:00:00,CST-6,60.0,31,31159,C,159,SEWARD,0,0,0,0,2000.00,0.00,Heavy Rain,0,"[[40.9073,-97.1143],[40.9035,-97.1219],[40.9114,-97.1593],[40.9695,-97.2891],[40.9843,-97.2496],[40.9623,-97.17]]",0,1,county_code_unverified|timezone_not_normalized_to_utc
507019,83964,2014,2014-05-12T21:45:00,2014-05-15T07:00:00,CST-6,57.25,31,31151,C,151,SALINE,0,0,0,0,5000.00,0.00,Heavy Rain,0,"[[40.5141,-96.965],[40.5107,-96.9296],[40.5934,-96.9276],[40.6999,-96.9732],[40.6879,-97.0004]]",0,1,county_code_unverified|timezone_not_normalized_to_utc
507025,83964,2014,2014-05-12T09:00:00,2014-05-12T18:00:00,CST-6,9.0,31,31159,C,159,SEWARD,0,0,0,0,0.00,0.00,Heavy Rain,0,"[[40.8769,-97.0927],[40.8855,-97.0388],[40.9724,-97.1281],[40.969,-97.171]]",0,1,county_code_unverified|timezone_not_normalized_to_utc
507044,83964,2014,2014-05-12T00:00:00,2014-05-12T18:00:00,CST-6,18.0,31,31155,C,155,SAUNDERS,0,0,0,0,0.00,0.00,Heavy Rain,0,"[[41.1991,-96.6296],[41.1412,-96.5431],[41.0677,-96.4383],[41.0436,-96.3872],[41.0928,-96.3693],[41.1965,-96.5932]]",0,1,county_code_unverified|timezone_not_normalized_to_utc
507060,83971,2014,2014-03-30T05:55:00,2014-03-30T06:44:00,EST-5,0.8166666666666667,25,25005,C,005,BRISTOL,0,0,0,0,0.00,0.00,Heavy Rain,0,"[[41.6849,-71.1636],[41.6847,-71.1627],[41.683,-71.1635],[41.6828,-71.1641],[41.684,-71.1645]]",0,1,county_code_unverified|timezone_not_normalized_to_utc
507126,83971,2014,2014-03-30T06:00:00,2014-03-30T07:11:00,EST-5,1.1833333333333333,25,25023,C,023,PLYMOUTH,0,0,0,0,0.00,0.00,Heavy Rain,0,"[[42.08,-71.02],[42.0791,-71.0137],[42.0501,-71.0067],[42.0461,-71.0146]]",0,1,county_code_unverified|timezone_not_normalized_to_utc
507143,83971,2014,2014-03-30T08:03:00,2014-03-30T09:03:00,EST-5,1.0,25,25005,C,005,BRISTOL,0,0,0,0,0.00,0.00,Heavy Rain,0,"[[41.8922,-71.0713],[41.8926,-71.0722],[41.8911,-71.0713],[41.8911,-71.0704]]",0,1,county_code_unverified|timezone_not_normalized_to_utc
507146,84002,2014,2014-03-13T20:23:00,2014-03-18T20:45:00,CST-6,120.36666666666666,17,17195,C,195,WHITESIDE,0,0,0,0,0.00,0.00,Ice Jam,0,"[[41.7905,-89.7426],[41.7495,-89.7426],[41.7495,-89.7974],[41.77,-89.7797]]",0,1,county_code_unverified|timezone_not_normalized_to_utc
507163,83971,2014,2014-03-30T08:31:00,2014-03-30T09:31:00,EST-5,1.0,25,25017,C,017,MIDDLESEX,0,0,0,0,35000.00,0.00,Heavy Rain,0,"[[42.5861,-71.3472],[42.587,-71.3477],[42.5872,-71.3473],[42.5867,-71.3469]]",0,1,county_code_unverified|timezone_not_normalized_to_utc
507165,83692,2014,2014-03-06T00:00:00,2014-03-07T10:00:00,MST-7,34.0,30,30081,C,081,RAVALLI,0,0,0,0,16000.00,0.00,Heavy Rain / Snow Melt,0,"[[46.6627,-114.093],[46.6646,-114.0305],[46.4739,-114.0731],[46.4824,-114.1383]]",0,1,county_code_unverified|timezone_not_normalized_to_utc
507166,83971,2014,2014-03-30T09:20:00,2014-03-30T10:20:00,EST-5,1.0,25,25017,C,017,MIDDLESEX,0,0,0,0,0.00,0.00,Heavy Rain,0,"[[42.4001,-71.2578],[42.4003,-71.2593],[42.4035,-71.2589],[42.4064,-71.2575],[42.4053,-71.256]]",0,1,county_code_unverified|timezone_not_normalized_to_utc
507167,83971,2014,2014-03-30T09:40:00,2014-03-30T10:40:00,EST-5,1.0,25,25017,C,017,MIDDLESEX,0,0,0,0,0.00,0.00,Heavy Rain,0,"[[42.6119,-71.4727],[42.6121,-71.4724],[42.6086,-71.4709],[42.6085,-71.472]]",0,1,county_code_unverified|timezone_not_normalized_to_utc
507168,83971,2014,2014-03-30T10:42:00,2014-03-30T17:00:00,EST-5,6.3,25,25005,C,005,BRISTOL,0,0,0,0,20000.00,0.00,Heavy Rain,0,"[[41.63,-70.95],[41.594,-70.9483],[41.6299,-70.8742],[41.68,-70.92],[41.6822,-70.9779]]",0,1,county_code_unverified|timezone_not_normalized_to_utc
507169,83972,2014,2014-03-30T09:47:00,2014-03-30T14:00:00,EST-5,4.216666666666667,44,44009,C,009,WASHINGTON,0,0,0,0,0.00,0.00,Heavy Rain,0,"[[41.57,-71.53],[41.4829,-71.6199],[41.4624,-71.5512],[41.5472,-71.4798]]",0,1,county_code_unverified|timezone_not_normalized_to_utc
507170,83971,2014,2014-03-30T11:56:00,2014-03-30T12:30:00,EST-5,0.5666666666666667,25,25023,C,023,PLYMOUTH,0,0,0,0,0.00,0.00,Heavy Rain,0,"[[41.6766,-70.7636],[41.706,-70.7866],[41.7257,-70.7708],[41.7058,-70.7465]]",0,1,county_code_unverified|timezone_not_normalized_to_utc
507171,83973,2014,2014-03-30T14:50:00,2014-03-30T18:00:00,EST-5,3.1666666666666665,09,09015,C,015,WINDHAM,0,0,0,0,0.00,0.00,Heavy Rain,0,"[[41.7302,-71.8511],[41.7308,-71.8528],[41.7312,-71.8523],[41.7308,-71.8507]]",0,1,county_code_unverified|timezone_not_normalized_to_utc
507190,84004,2014,2014-03-09T22:00:00,2014-03-11T19:30:00,PST-8,45.5,41,41061,C,061,UNION,0,0,0,0,0.00,0.00,Heavy Rain / Snow Melt,0,"[[45.3445,-118.0407],[45.5551,-117.9279],[45.5468,-117.8984],[45.3666,-117.9108],[45.3355,-117.9698]]",0,1,county_code_unverified|timezone_not_normalized_to_utc
507191,84004,2014,2014-03-09T22:30:00,2014-03-11T09:45:00,PST-8,35.25,41,41059,C,059,UMATILLA,0,0,0,0,0.00,0.00,Heavy Rain / Snow Melt,0,"[[45.7049,-118.3586],[45.6744,-118.7333],[45.6733,-118.7329],[45.6664,-118.636],[45.6731,-118.5494],[45.6788,-118.4484]]",0,1,county_code_unverified|timezone_not_normalized_to_utc
507195,84004,2014,2014-03-10T05:15:00,2014-03-11T10:45:00,PST-8,29.5,41,41059,C,059,UMATILLA,0,0,0,0,0.00,0.00,Heavy Rain / Snow Melt,0,"[[45.6706,-118.8393],[45.6832,-119.086],[45.6702,-119.0849],[45.6467,-118.9407],[45.6491,-118.8896]]",0,1,county_code_unverified|timezone_not_normalized_to_utc
507242,84004,2014,2014-03-10T05:15:00,2014-03-11T10:00:00,PST-8,28.75,41,41023,C,023,GRANT,0,0,0,0,0.00,0.00,Heavy Rain / Snow Melt,0,"[[44.8008,-120.0123],[44.8442,-119.8114],[44.8306,-119.7633],[44.8133,-119.7712],[44.7892,-119.9961]]",0,1,county_code_unverified|timezone_not_normalized_to_utc
507329,84025,2014,2014-04-14T16:40:00,2014-04-16T01:10:00,EST-5,32.5,36,36031,C,031,ESSEX,0,0,0,0,250000.00,0.00,Heavy Rain / Snow Melt,0,"[[44.0558,-74.0645],[44.0488,-73.4641],[44.2489,-73.3781],[44.5111,-73.4411],[44.4402,-73.6719],[44.3972,-74.1241]]",0,1,county_code_unverified|timezone_not_normalized_to_utc
507330,83692,2014,2014-03-05T21:00:00,2014-03-06T12:00:00,MST-7,15.0,30,30047,C,047,LAKE,0,0,0,0,0.00,0.00,Heavy Rain / Snow Melt,0,"[[47.5068,-114.2506],[47.5047,-114.2655],[47.497,-114.2642],[47.5007,-114.2513]]",0,1,county_code_unverified|timezone_not_normalized_to_utc
507353,84025,2014,2014-04-15T10:00:00,2014-04-15T23:00:00,EST-5,13.0,36,36019,C,019,CLINTON,0,0,0,0,250000.00,0.00,Heavy Rain / Snow Melt,0,"[[44.436,-73.9033],[44.459,-73.6416],[44.543,-73.4637],[45.0081,-73.3802],[44.9921,-74.0039]]",0,1,county_code_unverified|timezone_not_normalized_to_utc
507357,84025,2014,2014-04-15T10:00:00,2014-04-15T23:00:00,EST-5,13.0,36,36033,C,033,FRANKLIN,0,0,0,0,355000.00,0.00,Heavy Rain / Snow Melt,0,"[[44.1554,-74.1245],[44.4114,-74.1468],[44.432,-73.9183],[44.5729,-73.9409],[44.5381,-74.5672],[44.1035,-74.5091]]",0,1,county_code_unverified|timezone_not_normalized_to_utc
507363,84025,2014,2014-04-15T12:55:00,2014-04-16T18:00:00,EST-5,29.083333333333332,36,36033,C,033,FRANKLIN,0,0,0,0,1000000.00,0.00,Heavy Rain / Snow Melt,0,"[[45.0076,-74.7052],[44.9583,-74.7037],[44.955,-74.6386],[44.5537,-74.579],[44.5807,-73.9625],[44.9916,-74.0488]]",0,1,county_code_unverified|timezone_not_normalized_to_utc
507378,84025,2014,2014-04-15T07:24:00,2014-04-17T07:17:00,EST-5,47.88333333333333,36,36089,C,089,ST. LAWRENCE,0,0,0,0,4100000.00,0.00,Heavy Rain / Snow Melt,0,"[[44.7737,-75.3654],[44.4031,-75.8056],[44.1987,-75.3575],[44.3879,-74.592],[44.9462,-74.6523],[44.9488,-74.7268],[45.0011,-74.7606],[44.8875,-75.1191]]",0,1,county_code_unverified|timezone_not_normalized_to_utc
507389,83926,2014,2014-04-07T04:15:00,2014-04-07T06:15:00,CST-6,2.0,28,28127,C,127,SIMPSON,0,0,0,0,0.00,0.00,Heavy Rain,0,"[[31.96,-89.85],[31.952,-89.8508],[31.9553,-89.8439],[31.9613,-89.8458]]",0,1,county_code_unverified|timezone_not_normalized_to_utc
507391,83926,2014,2014-04-07T05:00:00,2014-04-07T07:00:00,CST-6,2.0,28,28103,C,103,NOXUBEE,0,0,0,0,0.00,0.00,Heavy Rain,0,"[[33.16,-88.56],[33.1221,-88.5491],[33.1212,-88.5728],[33.1617,-88.5708]]",0,1,county_code_unverified|timezone_not_normalized_to_utc
507401,83926,2014,2014-04-07T05:40:00,2014-04-07T07:40:00,CST-6,2.0,28,28129,C,129,SMITH,0,0,0,0,0.00,0.00,Heavy Rain,0,"[[32.03,-89.52],[31.9196,-89.5633],[31.9359,-89.4452],[32.0419,-89.4576]]",0,1,county_code_unverified|timezone_not_normalized_to_utc
507403,83926,2014,2014-04-07T05:50:00,2014-04-07T07:50:00,CST-6,2.0,28,28099,C,099,NESHOBA,0,0,0,0,0.00,0.00,Heavy Rain,0,"[[32.84,-89.23],[32.8589,-89.2135],[32.8567,-89.1735],[32.8441,-89.1846]]",0,1,county_code_unverified|timezone_not_normalized_to_utc
507410,83926,2014,2014-04-07T06:00:00,2014-04-07T08:00:00,CST-6,2.0,28,28127,C,127,SIMPSON,0,0,0,0,0.00,0.00,Heavy Rain,0,"[[32.02,-89.99],[32.0011,-90.0467],[31.9967,-90.0237],[32.0133,-89.9832]]",0,1,county_code_unverified|timezone_not_normalized_to_utc
507415,83926,2014,2014-04-07T07:00:00,2014-04-07T09:00:00,CST-6,2.0,28,28129,C,129,SMITH,0,0,0,0,0.00,0.00,Heavy Rain,0,"[[32.12,-89.71],[32.1335,-89.7171],[32.1242,-89.7213],[32.1192,-89.7134]]",0,1,county_code_unverified|timezone_not_normalized_to_utc
507417,83926,2014,2014-04-07T07:00:00,2014-04-07T09:00:00,CST-6,2.0,28,28129,C,129,SMITH,0,0,0,0,0.00,0.00,Heavy Rain,0,"[[32.13,-89.54],[32.1245,-89.5413],[32.1239,-89.5305],[32.1311,-89.5311]]",0,1,county_code_unverified|timezone_not_normalized_to_utc
507427,84044,2014,2014-03-06T11:00:00,2014-03-07T01:00:00,PST-8,14.0,53,53069,C,069,WAHKIAKUM,0,0,0,0,0.00,0.00,Heavy Rain,0,"[[46.3445,-123.63],[46.3198,-123.6152],[46.33,-123.6719],[46.3402,-123.6448]]",0,1,county_code_unverified|timezone_not_normalized_to_utc
507433,84045,2014,2014-03-08T19:00:00,2014-03-09T18:00:00,PST-8,23.0,53,53069,C,069,WAHKIAKUM,0,0,0,0,0.00,0.00,Heavy Rain,0,"[[46.3372,-123.63],[46.3155,-123.63],[46.3147,-123.6522],[46.33,-123.6719]]",0,1,county_code_unverified|timezone_not_normalized_to_utc
507434,84046,2014,2014-03-06T14:00:00,2014-03-07T09:00:00,PST-8,19.0,41,41057,C,057,TILLAMOOK,0,0,0,0,0.00,0.00,Heavy Rain,0,"[[45.7079,-123.8266],[45.6968,-123.8649],[45.6788,-123.8233],[45.6899,-123.7738]]",0,1,county_code_unverified|timezone_not_normalized_to_utc
507528,84074,2014,2014-03-10T21:30:00,2014-03-11T21:15:00,MST-7,23.75,46,46031,C,031,CORSON,0,0,0,0,0.00,0.00,Heavy Rain / Snow Melt,0,"[[45.94,-100.94],[45.74,-100.68],[45.58,-100.46],[45.62,-100.44],[45.75,-100.56],[45.94,-100.85]]",0,1,county_code_unverified|timezone_not_normalized_to_utc
507541,84077,2014,2014-03-11T07:15:00,2014-03-11T16:15:00,MST-7,9.0,46,46031,C,031,CORSON,0,0,0,0,0.00,0.00,Ice Jam,0,"[[45.65,-100.84],[45.6684,-100.7759],[45.6441,-100.7268],[45.6348,-100.6715],[45.6552,-100.6705],[45.6868,-100.7707],[45.6705,-100.8401]]",0,1,county_code_unverified|timezone_not_normalized_to_utc
507542,84078,2014,2014-03-11T14:00:00,2014-03-15T11:00:00,MST-7,93.0,46,46041,C,041,DEWEY,0,0,0,0,0.00,0.00,Heavy Rain / Snow Melt,0,"[[45.17,-101.49],[45.15,-101.05],[45.34,-100.54],[45.3882,-100.5936],[45.2472,-101.4697]]",0,1,county_code_unverified|timezone_not_normalized_to_utc
507547,84080,2014,2014-03-14T04:30:00,2014-03-18T20:30:00,CST-6,112.0,46,46057,C,057,HAMLIN,0,0,0,0,0.00,0.00,Heavy Rain / Snow Melt,0,"[[44.8,-97.09],[44.63,-97.01],[44.55,-96.93],[44.55,-96.9],[44.67,-96.98],[44.8,-97.05]]",0,1,county_code_unverified|timezone_not_normalized_to_utc
507575,84084,2014,2014-04-15T15:00:00,2014-04-16T23:30:00,EST-5,32.5,50,50011,C,011,FRANKLIN,0,0,0,0,250000.00,0.00,Heavy Rain / Snow Melt,0,"[[44.6634,-73.0617],[44.6408,-72.9473],[44.7992,-72.591],[44.8794,-72.535],[45.0109,-72.59],[45.0118,-73.076]]",0,1,county_code_unverified|timezone_not_normalized_to_utc
507665,84084,2014,2014-04-15T15:00:00,2014-04-16T23:30:00,EST-5,32.5,50,50019,C,019,ORLEANS,0,0,0,0,125000.00,0.00,Heavy Rain / Snow Melt,0,"[[44.785,-72.4889],[44.7526,-72.1156],[44.7019,-72.0131],[44.7663,-71.9406],[44.7858,-71.9781],[44.9995,-71.9169],[45.003,-72.5185]]",0,1,county_code_unverified|timezone_not_normalized_to_utc
507700,84107,2014,2014-04-08T05:45:00,2014-04-08T05:45:00,CST-6,0.0,28,28101,C,101,NEWTON,0,0,0,0,5000.00,0.00,Heavy Rain,0,"[[32.33,-88.92],[32.3313,-88.912],[32.3287,-88.9039],[32.3233,-88.9082]]",0,1,county_code_unverified|timezone_not_normalized_to_utc
507911,84135,2014,2014-03-30T02:30:00,2014-03-30T07:00:00,EST-5,4.5,34,34003,C,003,BERGEN,0,0,0,0,0.00,0.00,Heavy Rain,0,"[[40.9021,-74.0829],[40.8768,-74.0935],[40.8648,-74.1073],[40.8592,-74.1038],[40.8688,-74.0873],[40.8823,-74.0832],[40.9013,-74.0791]]",0,1,county_code_unverified|timezone_not_normalized_to_utc
507914,84137,2014,2014-03-30T07:00:00,2014-03-30T17:45:00,EST-5,10.75,09,09011,C,011,NEW LONDON,0,0,0,0,0.00,0.00,Heavy Rain,0,"[[41.5598,-72.1237],[41.511,-72.093],[41.5309,-72.0456],[41.5632,-72.106]]",0,1,county_code_unverified|timezone_not_normalized_to_utc
507954,84141,2014,2014-03-07T09:30:00,2014-03-07T14:00:00,EST-5,4.5,37,37025,C,025,CABARRUS,0,0,0,0,0.00,0.00,Heavy Rain,0,"[[35.319,-80.6124],[35.3148,-80.6179],[35.3078,-80.6213],[35.3063,-80.6173],[35.3172,-80.6113]]",0,1,county_code_unverified|timezone_not_normalized_to_utc
507957,84141,2014,2014-03-07T09:30:00,2014-03-07T20:00:00,EST-5,10.5,37,37025,C,025,CABARRUS,0,0,0,0,0.00,0.00,Heavy Rain,0,"[[35.4668,-80.3355],[35.386,-80.4434],[35.2125,-80.5058],[35.196,-80.5109]]",0,1,county_code_unverified|timezone_not_normalized_to_utc
508011,83832,2014,2014-03-01T14:00:00,2014-03-01T18:00:00,PST-8,4.0,06,06065,C,065,RIVERSIDE,0,0,0,0,0.00,0.00,Heavy Rain,0,"[[33.883,-117.0494],[33.867,-117.0192],[33.8434,-117.0415],[33.8622,-117.0717]]",0,1,county_code_unverified|timezone_not_normalized_to_utc
508012,83832,2014,2014-03-01T14:00:00,2014-03-01T18:00:00,PST-8,4.0,06,06073,C,073,SAN DIEGO,0,0,0,0,0.00,0.00,Heavy Rain,0,"[[33.2,-117.38],[33.215,-117.3932],[33.2154,-117.3869],[33.2038,-117.3775]]",0,1,county_code_unverified|timezone_not_normalized_to_utc
508159,83926,2014,2014-04-07T08:00:00,2014-04-07T09:45:00,CST-6,1.75,28,28101,C,101,NEWTON,0,0,0,0,0.00,0.00,Heavy Rain,0,"[[32.49,-89.17],[32.46,-89.1685],[32.4729,-89.1261],[32.4985,-89.1388]]",0,1,county_code_unverified|timezone_not_normalized_to_utc
508160,83926,2014,2014-04-07T08:30:00,2014-04-07T10:30:00,CST-6,2.0,28,28121,C,121,RANKIN,0,0,0,0,0.00,0.00,Heavy Rain,0,"[[32.21,-90.06],[32.1899,-90.0601],[32.1958,-90.0343],[32.2165,-90.0496]]",0,1,county_code_unverified|timezone_not_normalized_to_utc
508161,83926,2014,2014-04-07T08:30:00,2014-04-07T10:30:00,CST-6,2.0,28,28121,C,121,RANKIN,0,0,0,0,75000.00,0.00,Heavy Rain,0,"[[32.15,-90.11],[32.155,-90.1172],[32.1481,-90.1233],[32.1458,-90.1159]]",0,1,county_code_unverified|timezone_not_normalized_to_utc
508162,83926,2014,2014-04-07T08:40:00,2014-04-07T10:40:00,CST-6,2.0,28,28123,C,123,SCOTT,0,0,0,0,0.00,0.00,Heavy Rain,0,"[[32.36,-89.47],[32.4623,-89.4424],[32.4507,-89.336],[32.3696,-89.3614]]",0,1,county_code_unverified|timezone_not_normalized_to_utc
508163,83926,2014,2014-04-07T08:55:00,2014-04-07T10:55:00,CST-6,2.0,28,28127,C,127,SIMPSON,0,0,0,0,0.00,0.00,Heavy Rain,0,"[[32.01,-89.94],[32.0232,-89.9317],[32.0165,-89.9258],[32.0067,-89.9337]]",0,1,county_code_unverified|timezone_not_normalized_to_utc
508164,83926,2014,2014-04-07T09:00:00,2014-04-07T11:00:00,CST-6,2.0,28,28121,C,121,RANKIN,0,0,0,0,0.00,0.00,Heavy Rain,0,"[[32.31,-89.81],[32.3173,-89.8083],[32.3145,-89.8055],[32.3103,-89.8078]]",0,1,county_code_unverified|timezone_not_normalized_to_utc
508165,83926,2014,2014-04-07T09:00:00,2014-04-07T11:00:00,CST-6,2.0,28,28099,C,099,NESHOBA,0,0,0,0,0.00,0.00,Heavy Rain,0,"[[32.78,-89.31],[32.7385,-89.2828],[32.7498,-89.2615],[32.7841,-89.2955]]",0,1,county_code_unverified|timezone_not_normalized_to_utc
508166,83926,2014,2014-04-07T10:00:00,2014-04-07T11:45:00,CST-6,1.75,28,28121,C,121,RANKIN,0,0,0,0,75000.00,0.00,Heavy Rain,0,"[[32.25,-90.17],[32.2642,-90.1684],[32.2656,-90.1766],[32.2525,-90.1761]]",0,1,county_code_unverified|timezone_not_normalized_to_utc
508167,83926,2014,2014-04-07T10:00:00,2014-04-07T12:00:00,CST-6,2.0,28,28075,C,075,LAUDERDALE,0,0,0,0,25000.00,0.00,Heavy Rain,0,"[[32.34,-88.69],[32.3512,-88.6876],[32.3484,-88.6959],[32.3397,-88.6939]]",0,1,county_code_unverified|timezone_not_normalized_to_utc
508168,83926,2014,2014-04-07T10:00:00,2014-04-07T12:00:00,CST-6,2.0,28,28127,C,127,SIMPSON,0,0,0,0,0.00,0.00,Heavy Rain,0,"[[32.01,-89.94],[32.0331,-89.9307],[32.0189,-89.9207],[32.0063,-89.9353]]",0,1,county_code_unverified|timezone_not_normalized_to_utc
508169,83926,2014,2014-04-07T10:15:00,2014-04-07T12:15:00,CST-6,2.0,28,28121,C,121,RANKIN,0,0,0,0,0.00,0.00,Heavy Rain,0,"[[32.24,-90.13],[32.2475,-90.1286],[32.2484,-90.1344],[32.2411,-90.1337]]",0,1,county_code_unverified|timezone_not_normalized_to_utc
508170,83926,2014,2014-04-07T11:00:00,2014-04-07T13:00:00,CST-6,2.0,28,28127,C,127,SIMPSON,0,0,0,0,0.00,0.00,Heavy Rain,0,"[[31.98,-89.91],[31.9516,-90.0172],[31.9874,-90.0148],[31.9988,-89.9238]]",0,1,county_code_unverified|timezone_not_normalized_to_utc
508171,83926,2014,2014-04-07T11:15:00,2014-04-07T13:15:00,CST-6,2.0,28,28099,C,099,NESHOBA,0,0,0,0,0.00,0.00,Heavy Rain,0,"[[32.76,-89.14],[32.7575,-89.144],[32.7598,-89.1442],[32.7611,-89.1419]]",0,1,county_code_unverified|timezone_not_normalized_to_utc
508253,84206,2014,2014-05-16T06:20:00,2014-05-16T07:45:00,EST-5,1.4166666666666667,37,37013,C,013,BEAUFORT,0,0,0,0,0.00,0.00,Heavy Rain,0,"[[35.56,-77.05],[35.5429,-77.03],[35.539,-77.0524],[35.5519,-77.0739]]",0,1,county_code_unverified|timezone_not_normalized_to_utc
508312,84202,2014,2014-04-04T05:00:00,2014-04-04T19:00:00,CST-6,14.0,18,18129,C,129,POSEY,0,0,0,0,0.00,0.00,Heavy Rain,0,"[[37.93,-87.9],[37.8922,-87.7766],[38.0324,-87.7918],[38.1086,-87.9305],[37.9529,-87.9923]]",0,1,county_code_unverified|timezone_not_normalized_to_utc
508313,84202,2014,2014-04-04T05:00:00,2014-04-04T19:00:00,CST-6,14.0,18,18147,C,147,SPENCER,0,0,0,0,0.00,0.00,Heavy Rain,0,"[[37.88,-87.05],[37.8228,-87.0735],[37.8543,-87.1971],[37.9648,-87.1017],[38.0146,-86.9499]]",0,1,county_code_unverified|timezone_not_normalized_to_utc
508315,84202,2014,2014-04-04T05:00:00,2014-04-04T19:00:00,CST-6,14.0,18,18163,C,163,VANDERBURGH,0,0,0,0,0.00,0.00,Heavy Rain,0,"[[37.9595,-87.524],[37.9713,-87.6613],[38.14,-87.6496],[38.1259,-87.513]]",0,1,county_code_unverified|timezone_not_normalized_to_utc
508316,84200,2014,2014-04-04T01:00:00,2014-04-04T22:00:00,CST-6,21.0,21,21101,C,101,HENDERSON,0,0,0,0,0.00,0.00,Heavy Rain,0,"[[37.83,-87.58],[37.8071,-87.6373],[37.711,-87.6634],[37.6969,-87.5295],[37.8174,-87.4731]]",0,1,county_code_unverified|timezone_not_normalized_to_utc
508317,84200,2014,2014-04-04T01:00:00,2014-04-04T22:00:00,CST-6,21.0,21,21059,C,059,DAVIESS,0,0,0,0,0.00,0.00,Heavy Rain,0,"[[37.77,-87.12],[37.8038,-87.2033],[37.6469,-87.2342],[37.6055,-87.0557],[37.7295,-86.9417]]",0,1,county_code_unverified|timezone_not_normalized_to_utc
508318,83513,2014,2014-04-04T03:00:00,2014-04-04T18:00:00,CST-6,15.0,17,17181,C,181,UNION,0,0,0,0,0.00,0.00,Heavy Rain,0,"[[37.53,-89.25],[37.5272,-89.4095],[37.3336,-89.4212],[37.333,-89.106],[37.5206,-89.0813]]",0,1,county_code_unverified|timezone_not_normalized_to_utc
508319,83513,2014,2014-04-04T05:00:00,2014-04-04T18:00:00,CST-6,13.0,17,17199,C,199,WILLIAMSON,0,0,0,0,0.00,0.00,Heavy Rain,0,"[[37.8,-89.03],[37.6784,-89.0208],[37.674,-88.7956],[37.7957,-88.7984]]",0,1,county_code_unverified|timezone_not_normalized_to_utc
508320,83513,2014,2014-04-04T05:00:00,2014-04-04T18:00:00,CST-6,13.0,17,17165,C,165,SALINE,0,0,0,0,20000.00,0.00,Heavy Rain,0,"[[37.83,-88.62],[37.832,-88.3603],[37.705,-88.3575],[37.6882,-88.635]]",0,1,county_code_unverified|timezone_not_normalized_to_utc
508329,83920,2014,2014-04-28T07:56:00,2014-04-28T13:00:00,CST-6,5.066666666666666,21,21107,C,107,HOPKINS,0,0,0,0,0.00,0.00,Heavy Rain,0,"[[37.4269,-87.6105],[37.238,-87.6476],[37.2522,-87.3715],[37.4247,-87.3619]]",0,1,county_code_unverified|timezone_not_normalized_to_utc
508332,83918,2014,2014-04-28T04:00:00,2014-04-28T18:00:00,CST-6,14.0,29,29181,C,181,RIPLEY,0,0,0,0,10000.00,0.00,Heavy Rain,0,"[[36.6,-90.7],[36.6244,-90.8082],[36.588,-90.8212],[36.5825,-90.699]]",0,1,county_code_unverified|timezone_not_normalized_to_utc
508333,83918,2014,2014-04-28T07:00:00,2014-04-28T18:00:00,CST-6,11.0,29,29143,C,143,NEW MADRID,0,0,0,0,0.00,0.00,Heavy Rain,0,"[[36.6009,-89.5156],[36.5775,-89.519],[36.548,-89.634],[36.5284,-89.9039],[36.6177,-89.864]]",0,1,county_code_unverified|timezone_not_normalized_to_utc
508334,83918,2014,2014-04-28T07:00:00,2014-04-29T18:45:00,CST-6,35.75,29,29023,C,023,BUTLER,0,0,0,0,0.00,0.00,Heavy Rain,0,"[[36.8478,-90.3145],[36.8967,-90.4319],[36.7213,-90.5328],[36.7268,-90.3186]]",0,1,county_code_unverified|timezone_not_normalized_to_utc
508335,83920,2014,2014-04-28T08:00:00,2014-04-28T18:00:00,CST-6,10.0,21,21039,C,039,CARLISLE,0,0,0,0,0.00,0.00,Heavy Rain,0,"[[36.78,-89.02],[36.8813,-89.0257],[36.9175,-88.8543],[36.8137,-88.8451]]",0,1,county_code_unverified|timezone_not_normalized_to_utc
508336,83920,2014,2014-04-28T08:00:00,2014-04-28T18:00:00,CST-6,10.0,21,21105,C,105,HICKMAN,0,0,0,0,0.00,0.00,Heavy Rain,0,"[[36.67,-88.98],[36.6695,-89.0092],[36.6053,-88.9817],[36.5924,-88.9233]]",0,1,county_code_unverified|timezone_not_normalized_to_utc
508341,83918,2014,2014-04-28T07:00:00,2014-04-28T18:00:00,CST-6,11.0,29,29207,C,207,STODDARD,0,0,0,0,0.00,0.00,Heavy Rain,0,"[[36.6133,-89.8105],[36.9784,-89.8009],[36.9762,-90.07],[36.5979,-90.1373]]",0,1,county_code_unverified|timezone_not_normalized_to_utc
508480,84224,2014,2014-04-02T23:19:00,2014-04-02T23:19:00,CST-6,0.0,20,20073,C,073,GREENWOOD,0,0,0,0,100.00,100.00,Heavy Rain,0,"[[37.84,-95.97],[37.8327,-95.969],[37.8344,-95.9588],[37.8388,-95.9615]]",0,1,county_code_unverified|timezone_not_normalized_to_utc
508481,84224,2014,2014-04-02T23:47:00,2014-04-02T23:47:00,CST-6,0.0,20,20001,C,001,ALLEN,0,0,0,0,100.00,100.00,Heavy Rain,0,"[[38.01,-95.44],[37.9156,-95.4369],[37.918,-95.3586],[37.9857,-95.3716]]",0,1,county_code_unverified|timezone_not_normalized_to_utc
508644,84254,2014,2014-03-06T08:00:00,2014-03-06T11:00:00,MST-7,3.0,16,16085,C,085,VALLEY,0,0,0,0,0.00,0.00,Heavy Rain / Snow Melt,0,"[[44.84,-116.11],[44.8388,-116.0946],[44.8301,-116.0917],[44.8295,-116.1084]]",0,1,county_code_unverified|timezone_not_normalized_to_utc
508737,84262,2014,2014-05-24T15:46:00,2014-05-24T16:46:00,CST-6,1.0,29,29153,C,153,OZARK,0,0,0,0,0.00,0.00,Heavy Rain,0,"[[36.67,-92.15],[36.6658,-92.1588],[36.6652,-92.1625],[36.6711,-92.1523]]",0,1,county_code_unverified|timezone_not_normalized_to_utc
508930,84084,2014,2014-04-15T01:12:00,2014-04-16T19:00:00,EST-5,41.8,50,50015,C,015,LAMOILLE,0,0,0,0,350000.00,0.00,Heavy Rain / Snow Melt,0,"[[44.6327,-72.9087],[44.5304,-72.789],[44.4607,-72.8306],[44.4022,-72.6558],[44.715,-72.4365],[44.7804,-72.7403],[44.6879,-72.7931],[44.7068,-72.8502]]",0,1,county_code_unverified|timezone_not_normalized_to_utc
508933,84084,2014,2014-04-15T07:27:00,2014-04-16T17:00:00,EST-5,33.55,50,50005,C,005,CALEDONIA,0,0,0,0,350000.00,0.00,Heavy Rain / Snow Melt,0,"[[44.2859,-72.1831],[44.2538,-72.0972],[44.3396,-71.9839],[44.4595,-71.8856],[44.5648,-71.9131],[44.5735,-72.0951]]",0,1,county_code_unverified|timezone_not_normalized_to_utc
508934,84084,2014,2014-04-15T16:44:00,2014-04-16T20:00:00,EST-5,27.266666666666666,50,50007,C,007,CHITTENDEN,0,0,0,0,25000.00,0.00,Heavy Rain / Snow Melt,0,"[[44.4005,-73.1905],[44.3406,-72.9153],[44.5487,-72.8696],[44.5979,-73.1272]]",0,1,county_code_unverified|timezone_not_normalized_to_utc
508935,84284,2014,2014-04-13T18:00:00,2014-04-21T13:30:00,EST-5,187.5,36,36113,C,113,WARREN,0,0,0,0,0.00,0.00,Heavy Rain / Snow Melt,0,"[[43.6148,-73.7435],[43.6095,-73.7375],[43.6047,-73.729],[43.6052,-73.7271],[43.6156,-73.7403]]",0,1,county_code_unverified|timezone_not_normalized_to_utc
508939,84298,2014,2014-03-08T18:00:00,2014-03-31T01:00:00,CST-6,535.0,05,05147,C,147,WOODRUFF,0,0,0,0,5000.00,0.00,Heavy Rain,0,"[[35.25,-91.23],[35.3009,-91.2222],[35.3065,-91.2387],[35.2479,-91.2518]]",0,1,county_code_unverified|timezone_not_normalized_to_utc
508940,84299,2014,2014-03-18T04:40:00,2014-03-30T16:45:00,CST-6,300.0833333333333,05,05147,C,147,WOODRUFF,0,0,0,0,5000.00,0.00,Heavy Rain,0,"[[35.28,-91.37],[35.2114,-91.362],[35.2227,-91.4056],[35.3185,-91.4124],[35.3376,-91.3692]]",0,1,county_code_unverified|timezone_not_normalized_to_utc
508946,84301,2014,2014-03-07T06:45:00,2014-03-09T17:00:00,MST-7,58.25,56,56043,C,043,WASHAKIE,0,0,0,0,250000.00,0.00,Ice Jam,0,"[[43.9791,-107.9935],[43.9835,-108.0018],[44.0185,-107.9743],[44.168,-107.9328],[44.168,-107.9167],[44.0921,-107.9226],[44.0622,-107.933],[43.9979,-107.9772]]",0,1,county_code_unverified|timezone_not_normalized_to_utc
508947,84301,2014,2014-03-07T18:00:00,2014-03-11T09:30:00,MST-7,87.5,56,56003,C,003,BIG HORN,0,0,0,0,500000.00,0.00,Ice Jam,0,"[[44.2748,-107.8013],[44.1666,-107.6643],[44.1665,-107.7058],[44.2344,-107.7999],[44.168,-107.9167],[44.168,-107.9328],[44.3582,-108.032]]",0,1,county_code_unverified|timezone_not_normalized_to_utc
508948,84302,2014,2014-05-23T05:30:00,2014-05-23T11:00:00,CST-6,5.5,48,48107,C,107,CROSBY,0,0,0,0,0.00,0.00,Heavy Rain,0,"[[33.7095,-101.456],[33.5551,-101.4697],[33.6055,-101.2857],[33.7597,-101.2692]]",0,1,county_code_unverified|timezone_not_normalized_to_utc
508952,84306,2014,2014-05-25T08:49:00,2014-05-25T12:00:00,CST-6,3.183333333333333,48,48303,C,303,LUBBOCK,0,0,0,0,0.00,0.00,Heavy Rain,0,"[[33.5328,-101.7252],[33.5332,-101.7292],[33.5258,-101.7313],[33.5251,-101.7269]]",0,1,county_code_unverified|timezone_not_normalized_to_utc
508953,84306,2014,2014-05-25T08:55:00,2014-05-25T12:00:00,CST-6,3.0833333333333335,48,48219,C,219,HOCKLEY,0,0,0,0,0.00,0.00,Heavy Rain,0,"[[33.4963,-102.2343],[33.4891,-102.2347],[33.4897,-102.2113],[33.4972,-102.2116]]",0,1,county_code_unverified|timezone_not_normalized_to_utc
508957,84307,2014,2014-05-26T15:30:00,2014-05-26T23:30:00,CST-6,8.0,48,48303,C,303,LUBBOCK,0,0,0,0,0.00,0.00,Heavy Rain,0,"[[33.5506,-102.1097],[33.4131,-102.1124],[33.4131,-101.6249],[33.5574,-101.6483]]",0,1,county_code_unverified|timezone_not_normalized_to_utc
508958,84307,2014,2014-05-26T16:30:00,2014-05-26T23:30:00,CST-6,7.0,48,48107,C,107,CROSBY,0,0,0,0,0.00,0.00,Heavy Rain,0,"[[33.6329,-101.5027],[33.6078,-101.2047],[33.4486,-101.2116],[33.4773,-101.5027]]",0,1,county_code_unverified|timezone_not_normalized_to_utc
508959,84307,2014,2014-05-26T15:00:00,2014-05-26T23:00:00,CST-6,8.0,48,48219,C,219,HOCKLEY,0,0,0,0,0.00,0.00,Heavy Rain,0,"[[33.499,-102.1646],[33.485,-102.165],[33.4862,-102.2268],[33.5009,-102.2259]]",0,1,county_code_unverified|timezone_not_normalized_to_utc
508960,84307,2014,2014-05-26T16:30:00,2014-05-26T19:30:00,CST-6,3.0,48,48153,C,153,FLOYD,0,0,0,0,0.00,0.00,Heavy Rain,0,"[[33.9876,-101.3265],[33.9877,-101.3245],[34.015,-101.3236],[34.0149,-101.3267]]",0,1,county_code_unverified|timezone_not_normalized_to_utc
508978,82682,2014,2014-03-30T00:45:00,2014-03-31T23:59:00,EST-5,47.233333333333334,34,34035,C,035,SOMERSET,0,0,0,0,0.00,0.00,Heavy Rain,0,"[[40.4778,-74.5615],[40.5055,-74.5759],[40.5041,-74.5951],[40.4703,-74.5809],[40.4517,-74.6106],[40.4254,-74.6312],[40.4203,-74.62]]",0,1,county_code_unverified|timezone_not_normalized_to_utc
508982,82682,2014,2014-03-30T11:00:00,2014-03-31T09:30:00,EST-5,22.5,34,34025,C,025,MONMOUTH,0,0,0,0,0.00,0.00,Heavy Rain,0,"[[40.17,-74.15],[40.1675,-74.1683],[40.1582,-74.1542],[40.1421,-74.1227],[40.0986,-74.0444],[40.1145,-74.0377],[40.1411,-74.1]]",0,1,county_code_unverified|timezone_not_normalized_to_utc
508983,82682,2014,2014-03-31T18:45:00,2014-03-31T23:59:00,EST-5,5.233333333333333,34,34011,C,011,CUMBERLAND,0,0,0,0,0.00,0.00,Heavy Rain,0,"[[39.5104,-75.08],[39.4999,-75.081],[39.4903,-75.0775],[39.4855,-75.0778],[39.4881,-75.0696],[39.497,-75.0735],[39.5105,-75.0751]]",0,1,county_code_unverified|timezone_not_normalized_to_utc
508984,84310,2014,2014-04-12T23:00:00,2014-04-16T23:00:00,EST-5,96.0,26,26123,C,123,NEWAYGO,0,0,0,0,4000000.00,0.00,Heavy Rain / Snow Melt,0,"[[43.4,-85.72],[43.4193,-85.7898],[43.6401,-85.4901],[43.5983,-85.4723]]",0,1,county_code_unverified|timezone_not_normalized_to_utc
508985,82682,2014,2014-03-29T22:44:00,2014-03-30T03:58:00,EST-5,5.233333333333333,34,34019,C,019,HUNTERDON,0,0,0,0,0.00,0.00,Heavy Rain,0,"[[40.4799,-74.8488],[40.475,-74.8514],[40.4629,-74.8289],[40.4607,-74.8015],[40.4663,-74.7764],[40.4766,-74.7673],[40.4812,-74.7788],[40.4746,-74.8207]]",0,1,county_code_unverified|timezone_not_normalized_to_utc
508986,84310,2014,2014-04-12T23:00:00,2014-04-16T23:00:00,EST-5,96.0,26,26133,C,133,OSCEOLA,0,0,0,0,3000000.00,0.00,Heavy Rain / Snow Melt,0,"[[44.0353,-85.0438],[43.8979,-85.2882],[43.8771,-85.2512],[44.0284,-84.9889]]",0,1,county_code_unverified|timezone_not_normalized_to_utc
508987,82682,2014,2014-03-31T02:37:00,2014-03-31T16:00:00,EST-5,13.383333333333333,34,34023,C,023,MIDDLESEX,0,0,0,0,0.00,0.00,Heavy Rain,0,"[[40.3951,-74.3757],[40.3823,-74.3843],[40.3752,-74.409],[40.3706,-74.4253],[40.3756,-74.4278],[40.3905,-74.3932],[40.3964,-74.3841]]",0,1,county_code_unverified|timezone_not_normalized_to_utc
508988,82682,2014,2014-03-30T21:45:00,2014-03-31T23:59:00,EST-5,26.233333333333334,34,34005,C,005,BURLINGTON,0,0,0,0,0.00,0.00,Heavy Rain,0,"[[39.9804,-74.7559],[39.9881,-74.7478],[39.9826,-74.7218],[39.9799,-74.693],[39.9649,-74.6504],[39.9574,-74.6597]]",0,1,county_code_unverified|timezone_not_normalized_to_utc
508990,84314,2014,2014-03-31T00:54:00,2014-03-31T13:05:00,EST-5,12.183333333333334,33,33019,C,019,SULLIVAN,0,0,0,0,0.00,0.00,Heavy Rain,0,"[[43.3909,-72.36],[43.3866,-72.3529],[43.3869,-72.356],[43.3901,-72.3611]]",0,1,county_code_unverified|timezone_not_normalized_to_utc
508991,84314,2014,2014-03-31T01:40:00,2014-03-31T23:59:00,EST-5,22.316666666666666,33,33013,C,013,MERRIMACK,0,0,0,0,0.00,0.00,Heavy Rain,0,"[[43.25,-71.38],[43.2523,-71.365],[43.2444,-71.3626],[43.2434,-71.3689]]",0,1,county_code_unverified|timezone_not_normalized_to_utc
509003,84084,2014,2014-04-15T04:00:00,2014-04-15T20:00:00,EST-5,16.0,50,50009,C,009,ESSEX,0,0,0,0,175000.00,0.00,Heavy Rain / Snow Melt,0,"[[44.4977,-71.8535],[44.5854,-71.6635],[44.6474,-71.7778],[44.547,-71.9026]]",0,1,county_code_unverified|timezone_not_normalized_to_utc
509005,84084,2014,2014-04-15T04:00:00,2014-04-15T20:00:00,EST-5,16.0,50,50009,C,009,ESSEX,0,0,0,0,50000.00,0.00,Heavy Rain / Snow Melt,0,"[[45.0039,-71.7006],[44.991,-71.6975],[44.9741,-71.6492],[44.9885,-71.6515]]",0,1,county_code_unverified|timezone_not_normalized_to_utc
509034,84084,2014,2014-04-15T17:50:00,2014-04-16T04:00:00,EST-5,10.166666666666666,50,50017,C,017,ORANGE,0,0,0,0,300000.00,0.00,Heavy Rain / Snow Melt,0,"[[43.8874,-72.6103],[43.8016,-72.2525],[44.0921,-72.0378],[44.1756,-72.1637],[44.181,-72.3139]]",0,1,county_code_unverified|timezone_not_normalized_to_utc
509070,84084,2014,2014-04-15T13:00:00,2014-04-15T22:00:00,EST-5,9.0,50,50023,C,023,WASHINGTON,0,0,0,0,250000.00,0.00,Heavy Rain / Snow Melt,0,"[[44.2424,-72.8925],[44.2125,-72.7308],[44.3456,-72.6996],[44.3586,-72.8022],[44.359,-72.8472]]",0,1,county_code_unverified|timezone_not_normalized_to_utc
509074,84253,2014,2014-03-10T12:30:00,2014-03-11T00:15:00,MST-7,11.75,16,16087,C,087,WASHINGTON,0,0,0,0,0.00,0.00,Heavy Rain / Snow Melt,0,"[[44.6369,-116.6311],[44.5521,-116.7036],[44.5489,-116.6652],[44.6003,-116.5917]]",0,1,county_code_unverified|timezone_not_normalized_to_utc
509078,84253,2014,2014-03-10T08:00:00,2014-03-11T14:00:00,MST-7,30.0,16,16087,C,087,WASHINGTON,0,0,0,0,0.00,0.00,Heavy Rain / Snow Melt,0,"[[44.2447,-116.8382],[44.2427,-116.9735],[44.2287,-116.9673],[44.2292,-116.8379]]",0,1,county_code_unverified|timezone_not_normalized_to_utc
509164,82682,2014,2014-03-31T18:45:00,2014-03-31T23:59:00,EST-5,5.233333333333333,34,34033,C,033,SALEM,0,0,0,0,0.00,0.00,Heavy Rain,0,"[[39.5104,-75.08],[39.4999,-75.081],[39.4903,-75.0775],[39.4855,-75.0778],[39.4881,-75.0696],[39.497,-75.0735],[39.5105,-75.0751]]",0,1,county_code_unverified|timezone_not_normalized_to_utc
509187,84339,2014,2014-03-07T09:00:00,2014-03-07T17:50:00,EST-5,8.833333333333334,37,37167,C,167,STANLY,0,0,0,0,0.00,0.00,Heavy Rain,0,"[[35.19,-80.42],[35.23,-80.47],[35.36,-80.19],[35.2938,-80.1247]]",0,1,county_code_unverified|timezone_not_normalized_to_utc
509188,84339,2014,2014-03-07T10:45:00,2014-03-07T17:50:00,EST-5,7.083333333333333,37,37057,C,057,DAVIDSON,0,0,0,0,0.00,0.00,Heavy Rain,0,"[[35.73,-80.1],[35.7978,-80.1123],[35.7791,-80.0588],[35.7393,-80.0567]]",0,1,county_code_unverified|timezone_not_normalized_to_utc
509189,84339,2014,2014-03-07T11:25:00,2014-03-07T17:50:00,EST-5,6.416666666666667,37,37001,C,001,ALAMANCE,0,0,0,0,0.00,0.00,Heavy Rain,0,"[[35.98,-79.32],[35.9997,-79.3264],[36.0,-79.2978],[35.9893,-79.2937]]",0,1,county_code_unverified|timezone_not_normalized_to_utc
509190,84339,2014,2014-03-07T12:18:00,2014-03-07T17:50:00,EST-5,5.533333333333333,37,37123,C,123,MONTGOMERY,0,0,0,0,0.00,0.00,Heavy Rain,0,"[[35.22,-80.0],[35.203,-79.7498],[35.35,-79.76],[35.3398,-79.9255]]",0,1,county_code_unverified|timezone_not_normalized_to_utc
509191,84339,2014,2014-03-07T13:00:00,2014-03-07T17:50:00,EST-5,4.833333333333333,37,37063,C,063,DURHAM,0,0,0,0,0.00,0.00,Heavy Rain,0,"[[36.2345,-78.8752],[36.2415,-78.8652],[36.247,-78.8761],[36.2385,-78.8813]]",0,1,county_code_unverified|timezone_not_normalized_to_utc
509192,84339,2014,2014-03-07T14:10:00,2014-03-07T17:50:00,EST-5,3.6666666666666665,37,37007,C,007,ANSON,0,0,0,0,0.00,0.00,Heavy Rain,0,"[[35.0019,-80.137],[34.8544,-80.1453],[34.8251,-80.023],[35.0008,-80.0079]]",0,1,county_code_unverified|timezone_not_normalized_to_utc
509193,84339,2014,2014-03-07T14:25:00,2014-03-07T17:50:00,EST-5,3.4166666666666665,37,37151,C,151,RANDOLPH,0,0,0,0,0.00,0.00,Heavy Rain,0,"[[35.5054,-79.6152],[35.5736,-79.6179],[35.5937,-79.8335],[35.5428,-79.8562]]",0,1,county_code_unverified|timezone_not_normalized_to_utc
509204,84343,2014,2014-03-16T09:00:00,2014-03-16T11:35:00,CST-6,2.5833333333333335,12,12091,C,091,OKALOOSA,0,0,0,0,0.00,0.00,Heavy Rain,0,"[[30.3963,-86.609],[30.3977,-86.6025],[30.3955,-86.6019],[30.3957,-86.6075]]",0,1,county_code_unverified|timezone_not_normalized_to_utc
509205,84301,2014,2014-03-07T11:00:00,2014-03-09T17:00:00,MST-7,54.0,56,56043,C,043,WASHAKIE,0,0,0,0,50000.00,0.00,Ice Jam,0,"[[44.1666,-107.6643],[44.13,-107.5568],[44.0777,-107.4772],[44.04,-107.4575],[44.029,-107.4695],[44.1665,-107.7058]]",0,1,county_code_unverified|timezone_not_normalized_to_utc
509207,84301,2014,2014-03-07T16:00:00,2014-03-11T09:30:00,MST-7,89.5,56,56003,C,003,BIG HORN,0,0,0,0,250000.00,0.00,Ice Jam,0,"[[44.524,-108.0368],[44.3487,-108.0056],[44.3582,-108.032],[44.5229,-108.0687],[44.6912,-108.2009],[44.7014,-108.1274]]",0,1,county_code_unverified|timezone_not_normalized_to_utc
509337,84344,2014,2014-03-28T10:35:00,2014-03-28T12:35:00,CST-6,2.0,12,12113,C,113,SANTA ROSA,0,0,0,0,10000.00,0.00,Heavy Rain,0,"[[30.396,-87.0328],[30.3905,-87.0294],[30.3888,-87.0415],[30.3935,-87.0419]]",0,1,county_code_unverified|timezone_not_normalized_to_utc
509340,84344,2014,2014-03-28T09:55:00,2014-03-28T11:55:00,CST-6,2.0,12,12033,C,033,ESCAMBIA,0,0,0,0,0.00,0.00,Heavy Rain,0,"[[30.42,-87.2704],[30.4262,-87.2452],[30.4101,-87.2399],[30.408,-87.267]]",0,1,county_code_unverified|timezone_not_normalized_to_utc
509350,84367,2014,2014-04-04T19:45:00,2014-04-12T09:15:00,CST-6,181.5,18,18173,C,173,WARRICK,0,0,0,0,0.00,0.00,Heavy Rain,0,"[[37.9411,-87.394],[37.9382,-87.3953],[37.9287,-87.3694],[37.9317,-87.3696],[37.9372,-87.3807]]",0,1,county_code_unverified|timezone_not_normalized_to_utc
509351,84367,2014,2014-04-05T06:45:00,2014-04-14T13:00:00,CST-6,222.25,18,18129,C,129,POSEY,0,0,0,0,0.00,0.00,Heavy Rain,0,"[[37.9223,-87.9002],[37.9087,-87.9167],[37.9121,-87.92],[37.9251,-87.9074]]",0,1,county_code_unverified|timezone_not_normalized_to_utc
509352,84367,2014,2014-04-06T19:45:00,2014-04-17T22:45:00,CST-6,267.0,18,18051,C,051,GIBSON,0,0,0,0,8000.00,0.00,Heavy Rain,0,"[[38.4044,-87.5614],[38.4034,-87.5446],[38.3869,-87.5367],[38.3882,-87.5609],[38.3985,-87.5839],[38.4071,-87.5784]]",0,1,county_code_unverified|timezone_not_normalized_to_utc
509356,84367,2014,2014-04-04T19:00:00,2014-04-19T09:00:00,CST-6,350.0,18,18051,C,051,GIBSON,0,0,0,0,20000.00,20000.00,Heavy Rain,0,"[[38.4,-87.73],[38.3565,-87.7739],[38.3667,-87.7818],[38.4068,-87.7452]]",0,1,county_code_unverified|timezone_not_normalized_to_utc
509358,84367,2014,2014-04-05T01:00:00,2014-04-20T10:30:00,CST-6,369.5,18,18129,C,129,POSEY,0,0,0,0,4000.00,10000.00,Heavy Rain,0,"[[38.1312,-87.9411],[38.1385,-87.9272],[38.1537,-87.9315],[38.1641,-87.9033],[38.1329,-87.9188]]",0,1,county_code_unverified|timezone_not_normalized_to_utc
509363,84367,2014,2014-04-04T04:00:00,2014-04-18T10:00:00,CST-6,342.0,18,18051,C,051,GIBSON,0,0,0,0,3000.00,20000.00,Heavy Rain,0,"[[38.4942,-87.4884],[38.4924,-87.5379],[38.5001,-87.5339],[38.4996,-87.508]]",0,1,county_code_unverified|timezone_not_normalized_to_utc
509364,84367,2014,2014-04-03T17:00:00,2014-04-17T06:00:00,EST-5,325.0,18,18125,C,125,PIKE,0,0,0,0,10000.00,20000.00,Heavy Rain,0,"[[38.4987,-87.2781],[38.5167,-87.2754],[38.5487,-87.1945],[38.5326,-87.1621],[38.5288,-87.1065],[38.5154,-87.1089]]",0,1,county_code_unverified|timezone_not_normalized_to_utc
509365,84368,2014,2014-03-28T09:02:00,2014-03-28T10:02:00,CST-6,1.0,01,01003,C,003,BALDWIN,0,0,0,0,15000.00,0.00,Heavy Rain,0,"[[30.55,-87.72],[30.5516,-87.717],[30.5497,-87.7162],[30.5497,-87.7182]]",0,1,county_code_unverified|timezone_not_normalized_to_utc
509484,84387,2014,2014-05-29T14:00:00,2014-05-29T21:00:00,CST-6,7.0,12,12131,C,131,WALTON,0,0,0,0,0.00,0.00,Heavy Rain,0,"[[30.95,-86.18],[30.9721,-86.1842],[30.9739,-86.1713],[30.9498,-86.1697]]",0,1,county_code_unverified|timezone_not_normalized_to_utc
509485,84387,2014,2014-05-29T14:00:00,2014-05-29T21:00:00,CST-6,7.0,12,12131,C,131,WALTON,0,0,0,0,0.00,0.00,Heavy Rain,0,"[[30.992,-86.1045],[30.9701,-86.1035],[30.9678,-86.0968],[30.9909,-86.0966]]",0,1,county_code_unverified|timezone_not_normalized_to_utc
509509,84392,2014,2014-04-04T19:00:00,2014-04-19T09:00:00,CST-6,350.0,17,17185,C,185,WABASH,0,0,0,0,20000.00,20000.00,Heavy Rain,0,"[[38.35,-87.87],[38.2813,-87.9517],[38.2986,-87.8742],[38.396,-87.7567],[38.3971,-87.7746]]",0,1,county_code_unverified|timezone_not_normalized_to_utc
509513,84392,2014,2014-04-05T01:00:00,2014-04-20T10:30:00,CST-6,369.5,17,17193,C,193,WHITE,0,0,0,0,0.00,0.00,Heavy Rain,0,"[[38.03,-88.05],[38.0305,-88.017],[37.9979,-88.0235],[37.9826,-88.029]]",0,1,county_code_unverified|timezone_not_normalized_to_utc
509514,84392,2014,2014-04-05T01:00:00,2014-04-17T22:30:00,CST-6,309.5,17,17059,C,059,GALLATIN,0,0,0,0,0.00,10000.00,Heavy Rain,0,"[[37.7,-88.13],[37.7316,-88.0726],[37.7421,-88.071],[37.7052,-88.1275]]",0,1,county_code_unverified|timezone_not_normalized_to_utc
509515,84392,2014,2014-04-08T20:00:00,2014-04-15T02:00:00,CST-6,150.0,17,17151,C,151,POPE,0,0,0,0,0.00,0.00,Heavy Rain,0,"[[37.37,-88.48],[37.3715,-88.4842],[37.3427,-88.4884],[37.3449,-88.4844]]",0,1,county_code_unverified|timezone_not_normalized_to_utc
509516,84392,2014,2014-04-07T17:00:00,2014-04-16T17:00:00,CST-6,216.0,17,17127,C,127,MASSAC,0,0,0,0,5000.00,0.00,Heavy Rain,0,"[[37.12,-88.63],[37.1247,-88.6324],[37.1465,-88.7046],[37.139,-88.7046]]",0,1,county_code_unverified|timezone_not_normalized_to_utc
509518,84392,2014,2014-04-06T23:00:00,2014-04-17T01:00:00,CST-6,242.0,17,17153,C,153,PULASKI,0,0,0,0,0.00,0.00,Heavy Rain,0,"[[37.18,-89.08],[37.2191,-89.0226],[37.2355,-88.9635],[37.2262,-88.9687]]",0,1,county_code_unverified|timezone_not_normalized_to_utc
509519,84392,2014,2014-04-06T11:00:00,2014-04-17T06:00:00,CST-6,259.0,17,17003,C,003,ALEXANDER,0,0,0,0,0.00,20000.00,Heavy Rain,0,"[[36.9836,-89.1328],[36.9782,-89.1489],[36.9949,-89.1637],[36.9969,-89.1542]]",0,1,county_code_unverified|timezone_not_normalized_to_utc
509520,84392,2014,2014-04-04T22:15:00,2014-04-10T12:00:00,CST-6,133.75,17,17055,C,055,FRANKLIN,0,0,0,0,0.00,0.00,Heavy Rain,0,"[[37.9003,-89.0208],[37.8743,-89.0583],[37.8684,-89.0548],[37.8735,-89.0284],[37.8963,-89.0138]]",0,1,county_code_unverified|timezone_not_normalized_to_utc
509521,84392,2014,2014-04-05T16:00:00,2014-04-13T23:00:00,CST-6,199.0,17,17077,C,077,JACKSON,0,0,0,0,0.00,0.00,Heavy Rain,0,"[[37.7516,-89.3544],[37.7638,-89.3827],[37.7707,-89.3861],[37.7671,-89.3726],[37.7563,-89.3563]]",0,1,county_code_unverified|timezone_not_normalized_to_utc
509522,83513,2014,2014-04-04T10:00:00,2014-04-07T04:30:00,CST-6,66.5,17,17191,C,191,WAYNE,0,0,0,0,10000.00,10000.00,Heavy Rain,0,"[[38.35,-88.58],[38.3586,-88.5629],[38.3209,-88.5131],[38.2608,-88.3716],[38.2468,-88.4077],[38.3115,-88.546]]",0,1,county_code_unverified|timezone_not_normalized_to_utc
509523,84392,2014,2014-04-04T10:00:00,2014-04-20T01:45:00,CST-6,375.75,17,17193,C,193,WHITE,0,0,0,0,10000.00,10000.00,Heavy Rain,0,"[[38.08,-88.17],[38.087,-88.1437],[38.0589,-88.1375],[38.0381,-88.1912],[38.0624,-88.1979]]",0,1,county_code_unverified|timezone_not_normalized_to_utc
509526,84393,2014,2014-04-05T17:15:00,2014-04-16T14:15:00,CST-6,261.0,21,21225,C,225,UNION,0,0,0,0,0.00,10000.00,Heavy Rain,0,"[[37.7698,-87.9483],[37.7848,-87.9826],[37.7772,-87.988],[37.7648,-87.9471]]",0,1,county_code_unverified|timezone_not_normalized_to_utc
509527,84393,2014,2014-04-04T15:45:00,2014-04-09T17:45:00,CST-6,122.0,21,21177,C,177,MUHLENBERG,0,0,0,0,0.00,0.00,Heavy Rain,0,"[[37.27,-86.98],[37.2678,-86.9853],[37.2476,-86.9592],[37.2534,-86.9537]]",0,1,county_code_unverified|timezone_not_normalized_to_utc
509528,84393,2014,2014-04-07T06:45:00,2014-04-09T16:00:00,CST-6,57.25,21,21149,C,149,MCLEAN,0,0,0,0,0.00,20000.00,Heavy Rain,0,"[[37.53,-87.27],[37.5247,-87.2658],[37.5199,-87.2814],[37.533,-87.3065],[37.5351,-87.2982]]",0,1,county_code_unverified|timezone_not_normalized_to_utc
509641,83920,2014,2014-04-28T08:00:00,2014-04-28T18:00:00,CST-6,10.0,21,21075,C,075,FULTON,0,0,0,0,0.00,0.00,Heavy Rain,0,"[[36.57,-89.18],[36.5564,-89.2765],[36.5364,-89.2715],[36.551,-89.174]]",0,1,county_code_unverified|timezone_not_normalized_to_utc
509690,84424,2014,2014-05-31T13:20:00,2014-05-31T14:20:00,EST-5,1.0,13,13073,C,073,COLUMBIA,0,0,0,0,2000.00,0.00,Heavy Rain,0,"[[33.57,-82.19],[33.5701,-82.1946],[33.564,-82.1898],[33.5673,-82.1878]]",0,1,county_code_unverified|timezone_not_normalized_to_utc
509697,83924,2014,2014-05-15T15:50:00,2014-05-15T18:50:00,EST-5,3.0,51,51029,C,029,BUCKINGHAM,0,0,0,0,0.00,0.00,Heavy Rain,0,"[[37.38,-78.44],[37.3841,-78.4716],[37.3912,-78.4704],[37.3876,-78.4379]]",0,1,county_code_unverified|timezone_not_normalized_to_utc
509702,83924,2014,2014-05-15T19:51:00,2014-05-15T21:00:00,EST-5,1.15,51,51590,C,590,DANVILLE (C),0,0,0,0,0.00,0.00,Heavy Rain,0,"[[36.5673,-79.4132],[36.5664,-79.4132],[36.5667,-79.4084],[36.5676,-79.4085]]",0,1,county_code_unverified|timezone_not_normalized_to_utc
509776,83920,2014,2014-04-28T08:00:00,2014-04-28T18:00:00,CST-6,10.0,21,21083,C,083,GRAVES,0,0,0,0,0.00,0.00,Heavy Rain,0,"[[36.5461,-88.8547],[36.5345,-88.7434],[36.7122,-88.6387],[36.7169,-88.8423]]",0,1,county_code_unverified|timezone_not_normalized_to_utc
509820,84445,2014,2014-04-03T22:00:00,2014-04-04T06:00:00,EST-5,8.0,21,21025,C,025,BREATHITT,0,0,0,0,1000.00,1000.00,Heavy Rain,0,"[[37.58,-83.41],[37.5808,-83.4059],[37.5781,-83.4048],[37.5774,-83.4089]]",0,1,county_code_unverified|timezone_not_normalized_to_utc
509823,84445,2014,2014-04-03T22:00:00,2014-04-04T06:00:00,EST-5,8.0,21,21025,C,025,BREATHITT,0,0,0,0,1000.00,1000.00,Heavy Rain,0,"[[37.59,-83.42],[37.5949,-83.4026],[37.5858,-83.3964],[37.5835,-83.4164]]",0,1,county_code_unverified|timezone_not_normalized_to_utc
509824,84445,2014,2014-04-03T22:45:00,2014-04-04T06:45:00,EST-5,8.0,21,21025,C,025,BREATHITT,0,0,0,0,1000.00,1000.00,Heavy Rain,0,"[[37.53,-83.31],[37.5284,-83.3253],[37.522,-83.3185],[37.5255,-83.3077]]",0,1,county_code_unverified|timezone_not_normalized_to_utc
509909,82889,2014,2014-04-01T00:00:00,2014-04-01T21:30:00,EST-5,21.5,34,34005,C,005,BURLINGTON,0,0,0,0,0.00,0.00,Heavy Rain,0,"[[39.9826,-74.7218],[39.9799,-74.693],[39.9649,-74.6504],[39.9574,-74.6597],[39.9804,-74.7559],[39.9881,-74.7478]]",0,1,county_code_unverified|timezone_not_normalized_to_utc
509910,82889,2014,2014-04-01T00:00:00,2014-04-01T23:30:00,EST-5,23.5,34,34033,C,033,SALEM,0,0,0,0,0.00,0.00,Heavy Rain,0,"[[39.5104,-75.08],[39.4999,-75.081],[39.4903,-75.0775],[39.4855,-75.0778],[39.4861,-75.0696],[39.497,-75.0735],[39.5105,-75.0751]]",0,1,county_code_unverified|timezone_not_normalized_to_utc
509913,82889,2014,2014-04-01T00:00:00,2014-04-01T23:30:00,EST-5,23.5,34,34011,C,011,CUMBERLAND,0,0,0,0,0.00,0.00,Heavy Rain,0,"[[39.5104,-75.08],[39.4999,-75.081],[39.4903,-75.0775],[39.4855,-75.0778],[39.4881,-75.0696],[39.497,-75.0735],[39.5105,-75.0751]]",0,1,county_code_unverified|timezone_not_normalized_to_utc
509914,82889,2014,2014-04-01T00:00:00,2014-04-01T15:35:00,EST-5,15.583333333333334,34,34035,C,035,SOMERSET,0,0,0,0,0.00,0.00,Heavy Rain,0,"[[40.4347,-74.6197],[40.4394,-74.6188],[40.4429,-74.6166],[40.4475,-74.6082],[40.4496,-74.6027],[40.4472,-74.5996],[40.4353,-74.6144],[40.4337,-74.6149]]",0,1,county_code_unverified|timezone_not_normalized_to_utc
509963,84368,2014,2014-03-28T09:05:00,2014-03-28T10:05:00,CST-6,1.0,01,01003,C,003,BALDWIN,0,0,0,0,0.00,0.00,Heavy Rain,0,"[[30.4634,-87.6535],[30.4793,-87.6498],[30.4768,-87.6316],[30.4677,-87.6396]]",0,1,county_code_unverified|timezone_not_normalized_to_utc
509964,84368,2014,2014-03-28T09:05:00,2014-03-28T10:05:00,CST-6,1.0,01,01003,C,003,BALDWIN,0,0,0,0,0.00,0.00,Heavy Rain,0,"[[30.47,-87.8528],[30.489,-87.8305],[30.4697,-87.8125],[30.4623,-87.8319]]",0,1,county_code_unverified|timezone_not_normalized_to_utc
509975,84474,2014,2014-02-06T12:56:00,2014-02-06T13:56:00,PST-8,1.0,06,06107,C,107,TULARE,0,0,0,0,0.00,0.00,Heavy Rain,0,"[[36.49,-119.52],[36.4964,-119.5484],[36.473,-119.5251],[36.4804,-119.4856],[36.5053,-119.5107]]",0,1,county_code_unverified|timezone_not_normalized_to_utc
510000,84476,2014,2014-02-28T12:51:00,2014-02-28T12:51:00,PST-8,0.0,06,06107,C,107,TULARE,0,0,0,0,0.00,0.00,Heavy Rain,0,"[[36.55,-119.39],[36.5334,-119.4166],[36.5212,-119.3783],[36.5384,-119.3555]]",0,1,county_code_unverified|timezone_not_normalized_to_utc
510001,84476,2014,2014-02-28T13:20:00,2014-02-28T14:20:00,PST-8,1.0,06,06107,C,107,TULARE,0,0,0,0,0.00,0.00,Heavy Rain,0,"[[36.33,-119.32],[36.3627,-119.3218],[36.3481,-119.2789],[36.3288,-119.2799]]",0,1,county_code_unverified|timezone_not_normalized_to_utc
510002,84476,2014,2014-02-28T14:00:00,2014-02-28T15:00:00,PST-8,1.0,06,06029,C,029,KERN,0,0,0,0,20000.00,0.00,Heavy Rain,0,"[[35.42,-117.72],[35.4341,-117.7528],[35.4084,-117.7508],[35.4189,-117.6886],[35.4396,-117.6773]]",0,1,county_code_unverified|timezone_not_normalized_to_utc
510532,84555,2014,2014-05-24T06:15:00,2014-05-24T15:00:00,MST-7,8.75,30,30081,C,081,RAVALLI,0,0,0,0,0.00,0.00,Heavy Rain / Snow Melt,0,"[[46.746,-114.0807],[46.5674,-114.1232],[46.235,-114.1974],[45.9913,-114.1837],[45.9373,-114.1383],[45.9428,-114.1195],[46.5335,-114.0656],[46.7564,-114.0326]]",0,1,county_code_unverified|timezone_not_normalized_to_utc
510534,84555,2014,2014-05-25T11:45:00,2014-05-26T17:15:00,MST-7,29.5,30,30063,C,063,MISSOULA,0,0,0,0,0.00,0.00,Heavy Rain / Snow Melt,0,"[[46.7644,-114.0505],[46.8032,-114.0848],[46.8302,-114.0453],[46.8635,-114.1116],[46.8546,-114.1274],[46.7931,-114.1047],[46.7667,-114.0896]]",0,1,county_code_unverified|timezone_not_normalized_to_utc
510639,84563,2014,2014-05-01T00:00:00,2014-05-01T13:25:00,EST-5,13.416666666666666,42,42071,C,071,LANCASTER,0,0,0,0,0.00,0.00,Heavy Rain,0,"[[40.1362,-76.2431],[40.0948,-76.2101],[40.0245,-76.2276],[39.992,-76.2942],[40.0223,-76.3638]]",0,1,county_code_unverified|timezone_not_normalized_to_utc
510652,84563,2014,2014-05-01T00:00:00,2014-05-01T17:00:00,EST-5,17.0,42,42075,C,075,LEBANON,0,0,0,0,0.00,0.00,Heavy Rain,0,"[[40.3779,-76.6343],[40.3396,-76.5933],[40.2983,-76.6042],[40.3728,-76.6435]]",0,1,county_code_unverified|timezone_not_normalized_to_utc
510658,84563,2014,2014-05-01T00:00:00,2014-05-01T17:00:00,EST-5,17.0,42,42043,C,043,DAUPHIN,0,0,0,0,0.00,0.00,Heavy Rain,0,"[[40.3651,-76.6444],[40.3306,-76.6691],[40.2569,-76.7371],[40.2321,-76.68],[40.2749,-76.6108]]",0,1,county_code_unverified|timezone_not_normalized_to_utc
510684,84555,2014,2014-05-27T07:45:00,2014-05-27T08:45:00,MST-7,1.0,30,30081,C,081,RAVALLI,0,0,0,0,0.00,0.00,Heavy Rain / Snow Melt,0,"[[46.746,-114.0807],[46.5674,-114.1232],[46.235,-114.1974],[45.9913,-114.1837],[45.9373,-114.1383],[45.9428,-114.1195],[46.5335,-114.0656],[46.7564,-114.0326]]",0,1,county_code_unverified|timezone_not_normalized_to_utc
510891,84595,2014,2014-04-13T19:15:00,2014-04-13T19:15:00,CST-6,0.0,55,55103,C,103,RICHLAND,0,0,0,0,1000.00,0.00,Heavy Rain,0,"[[43.2287,-90.4476],[43.2276,-90.4448],[43.2264,-90.4459],[43.2268,-90.4483],[43.2282,-90.4492]]",0,1,county_code_unverified|timezone_not_normalized_to_utc
510892,84595,2014,2014-04-13T20:45:00,2014-04-13T20:45:00,CST-6,0.0,55,55023,C,023,CRAWFORD,0,0,0,0,1000.00,0.00,Heavy Rain,0,"[[43.1696,-90.7031],[43.1711,-90.6989],[43.17,-90.6979],[43.1684,-90.7023]]",0,1,county_code_unverified|timezone_not_normalized_to_utc
510893,84071,2014,2014-04-12T22:28:00,2014-04-12T23:30:00,CST-6,1.0333333333333334,55,55103,C,103,RICHLAND,0,0,0,0,0.00,0.00,Heavy Rain,0,"[[43.2151,-90.2212],[43.2166,-90.2268],[43.2149,-90.2275],[43.214,-90.2217]]",0,1,county_code_unverified|timezone_not_normalized_to_utc
511093,84616,2014,2014-04-01T11:00:00,2014-04-03T04:15:00,CST-6,41.25,55,55121,C,121,TREMPEALEAU,0,0,0,0,0.00,0.00,Heavy Rain / Snow Melt,0,"[[44.1341,-91.5568],[44.1322,-91.5526],[44.1291,-91.5517],[44.129,-91.553],[44.1335,-91.5579]]",0,1,county_code_unverified|timezone_not_normalized_to_utc
511098,84072,2014,2014-04-16T20:00:00,2014-04-18T05:00:00,CST-6,33.0,27,27157,C,157,WABASHA,0,0,0,0,0.00,0.00,Heavy Rain / Snow Melt,0,"[[44.4055,-92.084],[44.3901,-92.0486],[44.3784,-92.0199],[44.3804,-92.0174],[44.3948,-92.0476],[44.4033,-92.0601]]",0,1,county_code_unverified|timezone_not_normalized_to_utc
511105,84595,2014,2014-04-14T15:00:00,2014-04-15T07:00:00,CST-6,16.0,55,55123,C,123,VERNON,0,0,0,0,0.00,0.00,Heavy Rain,0,"[[43.5033,-90.6688],[43.5094,-90.6783],[43.5084,-90.6846],[43.508,-90.6833],[43.5082,-90.6794],[43.5053,-90.6737],[43.5028,-90.6697]]",0,1,county_code_unverified|timezone_not_normalized_to_utc
511110,84618,2014,2014-04-18T10:15:00,2014-04-22T17:15:00,CST-6,103.0,19,19043,C,043,CLAYTON,0,0,0,0,0.00,0.00,Heavy Rain / Snow Melt,0,"[[43.0296,-91.1737],[43.027,-91.173],[43.0245,-91.1728],[43.0247,-91.1701],[43.0298,-91.1719]]",0,1,county_code_unverified|timezone_not_normalized_to_utc
511114,84619,2014,2014-04-30T06:15:00,2014-04-30T21:00:00,CST-6,14.75,55,55053,C,053,JACKSON,0,0,0,0,0.00,0.00,Heavy Rain,0,"[[44.3063,-90.8339],[44.2967,-90.8465],[44.2888,-90.8484],[44.2895,-90.8559],[44.2874,-90.8557],[44.287,-90.8448],[44.2959,-90.8429],[44.3043,-90.8307]]",0,1,county_code_unverified|timezone_not_normalized_to_utc
511367,84580,2014,2014-06-06T19:40:00,2014-06-06T21:30:00,CST-6,1.8333333333333333,48,48069,C,069,CASTRO,0,0,0,0,0.00,0.00,Heavy Rain,0,"[[34.5317,-102.2886],[34.5682,-102.2923],[34.5699,-102.3452],[34.5326,-102.3428]]",0,1,county_code_unverified|timezone_not_normalized_to_utc
511545,84696,2014,2014-06-04T21:52:00,2014-06-04T23:52:00,CST-6,2.0,29,29097,C,097,JASPER,0,0,0,0,0.00,0.00,Heavy Rain,0,"[[37.3393,-94.243],[37.337,-94.2414],[37.3382,-94.2627],[37.3401,-94.264]]",0,1,county_code_unverified|timezone_not_normalized_to_utc
511546,84696,2014,2014-06-05T10:26:00,2014-06-05T12:26:00,CST-6,2.0,29,29077,C,077,GREENE,0,0,0,0,0.00,0.00,Heavy Rain,0,"[[37.4089,-93.575],[37.4104,-93.579],[37.413,-93.5777],[37.4124,-93.5736]]",0,1,county_code_unverified|timezone_not_normalized_to_utc
511614,84706,2014,2014-06-04T21:30:00,2014-06-04T21:30:00,EST-5,0.0,21,21113,C,113,JESSAMINE,0,0,0,0,0.00,0.00,Heavy Rain,0,"[[37.9333,-84.5559],[37.9313,-84.558],[37.9334,-84.5605],[37.9341,-84.5587]]",0,1,county_code_unverified|timezone_not_normalized_to_utc
511677,84669,2014,2014-06-07T23:10:00,2014-06-08T08:00:00,CST-6,8.833333333333334,48,48303,C,303,LUBBOCK,0,0,0,0,15000.00,100000000.00,Heavy Rain,0,"[[33.542,-102.0602],[33.5489,-101.9641],[33.412,-101.9284],[33.4063,-102.0506]]",0,1,county_code_unverified|timezone_not_normalized_to_utc
511746,84669,2014,2014-06-07T21:29:00,2014-06-08T23:00:00,CST-6,25.516666666666666,48,48017,C,017,BAILEY,0,0,0,0,0.00,0.00,Heavy Rain,0,"[[34.2266,-102.7541],[34.2487,-102.7064],[34.2212,-102.6848],[34.2056,-102.7338]]",0,1,county_code_unverified|timezone_not_normalized_to_utc
511950,84765,2014,2014-04-29T05:10:00,2014-04-30T01:15:00,CST-6,20.083333333333332,21,21227,C,227,WARREN,0,0,0,0,0.00,0.00,Heavy Rain,0,"[[36.8699,-86.3659],[36.869,-86.3704],[36.8725,-86.3731],[36.8736,-86.3689]]",0,1,county_code_unverified|timezone_not_normalized_to_utc
512026,83072,2014,2014-04-15T15:55:00,2014-04-15T20:55:00,EST-5,5.0,42,42029,C,029,CHESTER,0,0,0,0,0.00,0.00,Heavy Rain,0,"[[39.9657,-75.6662],[39.9685,-75.6644],[40.0027,-75.6955],[39.9991,-75.7144],[39.9686,-75.6835]]",0,1,county_code_unverified|timezone_not_normalized_to_utc
512027,83070,2014,2014-04-15T20:37:00,2014-04-16T02:35:00,EST-5,5.966666666666667,34,34035,C,035,SOMERSET,0,0,0,0,0.00,0.00,Heavy Rain,0,"[[40.5556,-74.6861],[40.5546,-74.6907],[40.5603,-74.6878],[40.5651,-74.682],[40.5665,-74.6781],[40.5648,-74.675]]",0,1,county_code_unverified|timezone_not_normalized_to_utc
512188,84788,2014,2014-04-15T14:00:00,2014-04-18T04:00:00,EST-5,62.0,23,23003,C,003,AROOSTOOK,0,0,1,0,80000.00,0.00,Heavy Rain / Snow Melt,1,"[[47.0463,-67.7747],[45.747,-67.7582],[45.7432,-68.3075],[46.5259,-68.2581],[46.6742,-68.7744],[46.7296,-69.4556],[47.5415,-69.0601],[47.6008,-68.0933]]",0,1,county_code_unverified|timezone_not_normalized_to_utc
512190,84788,2014,2014-04-15T20:00:00,2014-04-17T13:00:00,EST-5,41.0,23,23029,C,029,WASHINGTON,0,0,0,0,0.00,0.00,Heavy Rain / Snow Melt,0,"[[45.6636,-67.7719],[45.5518,-67.4643],[45.4029,-67.7307],[45.4887,-67.9051]]",0,1,county_code_unverified|timezone_not_normalized_to_utc
512389,84788,2014,2014-04-15T20:00:00,2014-04-17T13:00:00,EST-5,41.0,23,23021,C,021,PISCATAQUIS,0,0,0,0,29000.00,0.00,Heavy Rain / Snow Melt,0,"[[45.47,-69.6],[45.1517,-69.5627],[45.2455,-68.9282],[45.4502,-69.012]]",0,1,county_code_unverified|timezone_not_normalized_to_utc
512391,84788,2014,2014-04-15T20:00:00,2014-04-18T04:00:00,EST-5,56.0,23,23019,C,019,PENOBSCOT,0,0,0,0,0.00,0.00,Heavy Rain / Snow Melt,0,"[[45.02,-69.3],[44.664,-69.1342],[44.7678,-68.5904],[45.7807,-68.5509],[45.7432,-68.7662]]",0,1,county_code_unverified|timezone_not_normalized_to_utc
512576,84876,2014,2014-05-05T20:15:00,2014-05-06T02:30:00,CST-6,6.25,17,17059,C,059,GALLATIN,0,0,0,0,0.00,0.00,Heavy Rain,0,"[[37.7,-88.13],[37.7373,-88.0831],[37.727,-88.0736],[37.6974,-88.1248]]",0,1,county_code_unverified|timezone_not_normalized_to_utc
512578,84877,2014,2014-05-01T00:00:00,2014-05-03T05:45:00,CST-6,53.75,21,21177,C,177,MUHLENBERG,0,0,0,0,0.00,0.00,Heavy Rain,0,"[[37.27,-86.98],[37.268,-86.9855],[37.2926,-86.9867],[37.2924,-86.9801]]",0,1,county_code_unverified|timezone_not_normalized_to_utc
512585,84878,2014,2014-05-16T13:00:00,2014-05-26T15:00:00,CST-6,242.0,18,18051,C,051,GIBSON,0,0,0,0,0.00,0.00,Heavy Rain,0,"[[38.4915,-87.5387],[38.5022,-87.5168],[38.4942,-87.4962],[38.4899,-87.5159]]",0,1,county_code_unverified|timezone_not_normalized_to_utc
512587,84878,2014,2014-05-16T01:00:00,2014-05-22T10:00:00,EST-5,153.0,18,18125,C,125,PIKE,0,0,0,0,0.00,0.00,Heavy Rain,0,"[[38.5157,-87.2785],[38.5382,-87.2181],[38.5428,-87.1806],[38.5213,-87.2297]]",0,1,county_code_unverified|timezone_not_normalized_to_utc
512647,84893,2014,2014-04-30T15:00:00,2014-04-30T17:00:00,EST-5,2.0,51,51085,C,085,HANOVER,0,0,0,0,0.00,0.00,Heavy Rain,0,"[[37.8,-77.61],[37.8001,-77.6138],[37.7944,-77.6139],[37.7948,-77.6099]]",0,1,county_code_unverified|timezone_not_normalized_to_utc
512649,83548,2014,2014-04-30T17:27:00,2014-04-30T23:59:00,EST-5,6.533333333333333,34,34041,C,041,WARREN,0,0,0,0,0.00,0.00,Heavy Rain,0,"[[40.9795,-74.938],[40.8308,-74.9601],[40.8262,-75.0375],[40.8296,-75.0625],[40.8974,-75.0245],[40.9687,-75.0659],[40.9842,-74.9691]]",0,1,county_code_unverified|timezone_not_normalized_to_utc
512651,84532,2014,2014-01-11T11:30:00,2014-01-11T13:15:00,EST-5,1.75,47,47155,C,155,SEVIER,0,0,0,0,2000.00,0.00,Heavy Rain / Snow Melt,0,"[[35.7302,-83.5074],[35.7366,-83.4706],[35.72,-83.4754],[35.72,-83.5111]]",0,1,county_code_unverified|timezone_not_normalized_to_utc
512652,83548,2014,2014-04-30T15:45:00,2014-04-30T23:59:00,EST-5,8.233333333333333,34,34035,C,035,SOMERSET,0,0,0,0,1000000.00,0.00,Heavy Rain,0,"[[40.7198,-74.7059],[40.7521,-74.5651],[40.6443,-74.5287],[40.6662,-74.4793],[40.6413,-74.4247],[40.5588,-74.5293],[40.4047,-74.6268],[40.4302,-74.7325]]",0,1,county_code_unverified|timezone_not_normalized_to_utc
512653,83548,2014,2014-04-30T14:32:00,2014-04-30T23:59:00,EST-5,9.45,34,34019,C,019,HUNTERDON,0,0,0,0,250000.00,0.00,Heavy Rain,0,"[[40.4882,-74.7891],[40.4564,-74.7731],[40.4576,-74.8222],[40.4737,-74.8504],[40.5793,-74.8578],[40.6341,-74.7787],[40.6214,-74.7223]]",0,1,county_code_unverified|timezone_not_normalized_to_utc
512658,83548,2014,2014-04-30T17:37:00,2014-04-30T23:59:00,EST-5,6.366666666666666,34,34027,C,027,MORRIS,0,0,0,0,1250000.00,0.00,Heavy Rain,0,"[[40.7182,-74.3949],[40.7164,-74.3911],[40.7288,-74.3786],[40.7341,-74.389],[41.0066,-74.334],[41.0322,-74.4205],[40.8897,-74.6677],[40.7593,-74.5633]]",0,1,county_code_unverified|timezone_not_normalized_to_utc
512671,83548,2014,2014-04-30T18:00:00,2014-04-30T23:59:00,EST-5,5.983333333333333,34,34023,C,023,MIDDLESEX,0,0,0,0,500000.00,0.00,Heavy Rain,0,"[[40.5576,-74.2846],[40.444,-74.2534],[40.2708,-74.4485],[40.3519,-74.6277],[40.4889,-74.4615],[40.5313,-74.4862],[40.5806,-74.5151]]",0,1,county_code_unverified|timezone_not_normalized_to_utc
512674,83548,2014,2014-04-30T16:52:00,2014-04-30T23:59:00,EST-5,7.116666666666666,34,34021,C,021,MERCER,0,0,0,0,250000.00,0.00,Heavy Rain,0,"[[40.3344,-74.9212],[40.4066,-74.7798],[40.3504,-74.6908],[40.2515,-74.5123],[40.1815,-74.6198],[40.1388,-74.5961],[40.1794,-74.7351],[40.2311,-74.7938]]",0,1,county_code_unverified|timezone_not_normalized_to_utc
512683,83548,2014,2014-04-30T21:36:00,2014-04-30T23:59:00,EST-5,2.3833333333333333,34,34025,C,025,MONMOUTH,0,0,0,0,250000.00,0.00,Heavy Rain,0,"[[40.1145,-74.0399],[40.2805,-73.9849],[40.4026,-73.9835],[40.4509,-74.1844],[40.3874,-74.2688],[40.1713,-74.5902]]",0,1,county_code_unverified|timezone_not_normalized_to_utc
512693,83548,2014,2014-04-30T16:54:00,2014-04-30T23:59:00,EST-5,7.083333333333333,34,34007,C,007,CAMDEN,0,0,0,0,250000.00,0.00,Heavy Rain,0,"[[39.8879,-74.9379],[39.9382,-74.9783],[39.9896,-75.0482],[39.9535,-75.1243],[39.8771,-75.132],[39.8313,-75.0686]]",0,1,county_code_unverified|timezone_not_normalized_to_utc
512706,83548,2014,2014-04-30T20:00:00,2014-04-30T22:51:00,EST-5,2.85,34,34015,C,015,GLOUCESTER,0,0,0,0,250.00,0.00,Heavy Rain,0,"[[39.877,-75.1435],[39.7369,-75.0295],[39.6638,-75.1882],[39.7931,-75.399],[39.8359,-75.2971]]",0,1,county_code_unverified|timezone_not_normalized_to_utc
512727,83548,2014,2014-04-30T16:54:00,2014-04-30T23:59:00,EST-5,7.083333333333333,34,34005,C,005,BURLINGTON,0,0,0,0,500000.00,0.00,Heavy Rain,0,"[[40.0043,-75.0399],[40.0474,-74.9674],[40.0834,-74.8486],[40.1763,-74.6917],[40.1318,-74.5953],[39.9411,-74.4847],[39.828,-74.6584],[39.835,-74.9036]]",0,1,county_code_unverified|timezone_not_normalized_to_utc
512735,83568,2014,2014-04-30T15:15:00,2014-04-30T23:59:00,EST-5,8.733333333333333,24,24015,C,015,CECIL,0,0,0,0,0.00,0.00,Heavy Rain,0,"[[39.5407,-75.7882],[39.712,-75.7965],[39.711,-76.2057],[39.5555,-76.0656]]",0,1,county_code_unverified|timezone_not_normalized_to_utc
512737,83567,2014,2014-04-30T12:24:00,2014-04-30T23:59:00,EST-5,11.583333333333334,10,10003,C,003,NEW CASTLE,0,0,0,0,0.00,0.00,Heavy Rain,0,"[[39.8285,-75.6101],[39.8326,-75.5436],[39.8062,-75.4392],[39.7152,-75.5067],[39.6201,-75.6083],[39.6048,-75.768],[39.717,-75.775],[39.7951,-75.7022]]",0,1,county_code_unverified|timezone_not_normalized_to_utc
512748,83568,2014,2014-04-30T17:00:00,2014-04-30T23:00:00,EST-5,6.0,24,24035,C,035,QUEEN ANNE'S,0,0,0,0,0.00,0.00,Heavy Rain,0,"[[38.8507,-76.3621],[38.944,-76.3527],[39.023,-76.3087],[38.9707,-76.251],[38.9344,-76.2565],[38.9376,-76.2963],[38.9109,-76.3183]]",0,1,county_code_unverified|timezone_not_normalized_to_utc
512788,84905,2014,2014-05-22T23:13:00,2014-05-23T01:45:00,CST-6,2.533333333333333,20,20173,C,173,SEDGWICK,0,0,0,0,30000.00,0.00,Heavy Rain,0,"[[37.6795,-97.3041],[37.677,-97.3009],[37.6875,-97.292],[37.6889,-97.2962]]",0,1,county_code_unverified|timezone_not_normalized_to_utc
512789,84905,2014,2014-05-23T10:08:00,2014-05-23T14:45:00,CST-6,4.616666666666666,20,20155,C,155,RENO,0,0,0,0,5000.00,0.00,Heavy Rain,0,"[[38.0444,-97.9525],[38.0444,-97.8875],[38.0589,-97.886],[38.0589,-97.954]]",0,1,county_code_unverified|timezone_not_normalized_to_utc
512790,84905,2014,2014-05-23T11:20:00,2014-05-23T14:45:00,CST-6,3.4166666666666665,20,20009,C,009,BARTON,0,0,0,0,5000.00,0.00,Heavy Rain,0,"[[38.63,-98.9144],[38.6607,-98.9307],[38.659,-98.97],[38.6095,-98.9438]]",0,1,county_code_unverified|timezone_not_normalized_to_utc
512791,84905,2014,2014-05-23T11:20:00,2014-05-23T14:45:00,CST-6,3.4166666666666665,20,20009,C,009,BARTON,0,0,0,0,7500.00,0.00,Heavy Rain,0,"[[38.5869,-98.8946],[38.5869,-98.9654],[38.5366,-98.9813],[38.5047,-98.9104]]",0,1,county_code_unverified|timezone_not_normalized_to_utc
512793,84905,2014,2014-05-23T16:15:00,2014-05-24T16:20:00,CST-6,24.083333333333332,20,20113,C,113,MCPHERSON,0,0,0,0,7500.00,0.00,Heavy Rain,0,"[[38.5235,-97.474],[38.5235,-97.866],[38.2165,-97.8656],[38.2165,-97.4744]]",0,1,county_code_unverified|timezone_not_normalized_to_utc
512794,84905,2014,2014-05-24T06:35:00,2014-05-24T08:35:00,CST-6,2.0,20,20073,C,073,GREENWOOD,0,0,0,0,15000.00,0.00,Heavy Rain,0,"[[37.8227,-96.3014],[37.8173,-96.3014],[37.8178,-96.3],[37.8222,-96.3]]",0,1,county_code_unverified|timezone_not_normalized_to_utc
512872,83831,2014,2014-03-09T18:00:00,2014-03-11T13:30:00,MST-7,43.5,30,30095,C,095,STILLWATER,0,0,0,0,0.00,0.00,Heavy Rain / Snow Melt,0,"[[45.42,-109.3844],[45.9206,-110.176],[46.0507,-107.9065],[45.5376,-108.3358]]",0,1,county_code_unverified|timezone_not_normalized_to_utc
512873,83831,2014,2014-03-09T18:00:00,2014-03-11T13:30:00,MST-7,43.5,30,30097,C,097,SWEET GRASS,0,0,0,0,0.00,0.00,Heavy Rain / Snow Melt,0,"[[45.42,-109.3844],[45.9206,-110.176],[46.0507,-107.9065],[45.5376,-108.3358]]",0,1,county_code_unverified|timezone_not_normalized_to_utc
512874,83831,2014,2014-03-09T18:00:00,2014-03-11T13:30:00,MST-7,43.5,30,30111,C,111,YELLOWSTONE,0,0,0,0,0.00,0.00,Heavy Rain / Snow Melt,0,"[[45.42,-109.3844],[45.9206,-110.176],[46.0507,-107.9065],[45.5376,-108.3358]]",0,1,county_code_unverified|timezone_not_normalized_to_utc
512877,83831,2014,2014-03-08T14:45:00,2014-03-13T09:00:00,MST-7,114.25,30,30087,C,087,ROSEBUD,0,0,0,0,0.00,0.00,Ice Jam,0,"[[46.311,-107.2282],[46.277,-106.6712],[45.8354,-105.0057],[45.8043,-106.2582]]",0,1,county_code_unverified|timezone_not_normalized_to_utc
512879,83831,2014,2014-03-08T14:45:00,2014-03-13T09:00:00,MST-7,114.25,30,30103,C,103,TREASURE,0,0,0,0,0.00,0.00,Ice Jam,0,"[[46.311,-107.2282],[46.277,-106.6712],[45.8354,-105.0057],[45.8043,-106.2582]]",0,1,county_code_unverified|timezone_not_normalized_to_utc
512885,83547,2014,2014-04-30T21:25:00,2014-04-30T23:59:00,EST-5,2.566666666666667,42,42077,C,077,LEHIGH,0,0,0,0,0.00,0.00,Heavy Rain,0,"[[40.5979,-75.4561],[40.5964,-75.4642],[40.5846,-75.479],[40.565,-75.4994],[40.5733,-75.5118],[40.5955,-75.4829],[40.6041,-75.4577]]",0,1,county_code_unverified|timezone_not_normalized_to_utc
512886,83547,2014,2014-04-30T19:00:00,2014-04-30T23:00:00,EST-5,4.0,42,42095,C,095,NORTHAMPTON,0,0,0,0,0.00,0.00,Heavy Rain,0,"[[40.7753,-75.3325],[40.7726,-75.33],[40.7739,-75.3375],[40.7747,-75.3395],[40.7758,-75.3388]]",0,1,county_code_unverified|timezone_not_normalized_to_utc
512887,83547,2014,2014-04-30T14:04:00,2014-04-30T23:59:00,EST-5,9.916666666666666,42,42011,C,011,BERKS,0,0,0,0,0.00,0.00,Heavy Rain,0,"[[40.3732,-75.74],[40.3727,-75.726],[40.3637,-75.7321],[40.3478,-75.7419],[40.3214,-75.7277],[40.3227,-75.7385],[40.3455,-75.7506]]",0,1,county_code_unverified|timezone_not_normalized_to_utc
512890,83547,2014,2014-04-30T13:02:00,2014-04-30T23:59:00,EST-5,10.95,42,42091,C,091,MONTGOMERY,0,0,0,0,1000000.00,0.00,Heavy Rain,0,"[[40.245,-75.6928],[40.4433,-75.5303],[40.1395,-75.0214],[40.0589,-75.1228],[40.1091,-75.2078],[40.0542,-75.2717],[40.0134,-75.2184],[39.9875,-75.2791]]",0,1,county_code_unverified|timezone_not_normalized_to_utc
512909,83547,2014,2014-04-30T11:58:00,2014-04-30T23:59:00,EST-5,12.016666666666667,42,42029,C,029,CHESTER,0,0,0,0,1400000.00,0.00,Heavy Rain,0,"[[39.8394,-75.6087],[39.8075,-75.704],[39.7301,-75.7893],[39.7322,-76.0914],[40.1119,-75.9294],[40.2399,-75.6973],[40.0594,-75.3917]]",0,1,county_code_unverified|timezone_not_normalized_to_utc
512910,83547,2014,2014-04-30T12:52:00,2014-04-30T23:59:00,EST-5,11.116666666666667,42,42045,C,045,DELAWARE,0,0,0,0,1000000.00,0.00,Heavy Rain,0,"[[39.8135,-75.4226],[39.8652,-75.2544],[40.0621,-75.3667],[39.9786,-75.4339],[39.8721,-75.5911],[39.8404,-75.6073]]",0,1,county_code_unverified|timezone_not_normalized_to_utc
512911,83547,2014,2014-04-30T13:57:00,2014-04-30T23:59:00,EST-5,10.033333333333333,42,42101,C,101,PHILADELPHIA,0,0,0,0,1000000.00,0.00,Heavy Rain,0,"[[39.8837,-75.2134],[39.979,-75.2673],[40.0639,-75.2494],[40.0896,-75.2238],[40.0432,-75.11],[40.1333,-75.0145],[40.0521,-74.9847],[39.993,-75.0816]]",0,1,county_code_unverified|timezone_not_normalized_to_utc
512912,83547,2014,2014-04-30T14:39:00,2014-04-30T23:59:00,EST-5,9.333333333333334,42,42017,C,017,BUCKS,0,0,0,0,100000.00,0.00,Heavy Rain,0,"[[40.0759,-74.9159],[40.4204,-75.4764],[40.5946,-75.2183],[40.5431,-75.0984],[40.1948,-74.767],[40.1548,-74.7414]]",0,1,county_code_unverified|timezone_not_normalized_to_utc
513056,84936,2014,2014-05-12T19:45:00,2014-05-16T09:00:00,CST-6,85.25,22,22115,C,115,VERNON,0,0,0,0,0.00,0.00,Heavy Rain,0,"[[30.92,-93.28],[31.2,-93.13],[31.15,-93.27],[31.0106,-93.3543]]",0,1,county_code_unverified|timezone_not_normalized_to_utc
513071,84953,2014,2014-06-19T20:24:00,2014-06-19T20:24:00,EST-5,0.0,21,21073,C,073,FRANKLIN,0,0,0,0,0.00,0.00,Heavy Rain,0,"[[38.24,-84.93],[38.2506,-84.9269],[38.2453,-84.9144],[38.2395,-84.9199]]",0,1,county_code_unverified|timezone_not_normalized_to_utc
513085,84956,2014,2014-06-19T18:15:00,2014-06-19T20:00:00,CST-6,1.75,48,48069,C,069,CASTRO,0,0,0,0,0.00,0.00,Heavy Rain,0,"[[34.5033,-102.0914],[34.4858,-102.0098],[34.3703,-102.1096],[34.4023,-102.1496]]",0,1,county_code_unverified|timezone_not_normalized_to_utc
513086,84956,2014,2014-06-19T18:15:00,2014-06-19T20:00:00,CST-6,1.75,48,48219,C,219,HOCKLEY,0,0,0,0,0.00,0.00,Heavy Rain,0,"[[33.786,-102.5591],[33.7773,-102.2882],[33.659,-102.4597],[33.7245,-102.5661]]",0,1,county_code_unverified|timezone_not_normalized_to_utc
513087,84956,2014,2014-06-19T19:30:00,2014-06-19T21:00:00,CST-6,1.5,48,48303,C,303,LUBBOCK,0,0,0,0,0.00,0.00,Heavy Rain,0,"[[33.68,-101.98],[33.6724,-101.9954],[33.6969,-102.0166],[33.7029,-101.9909]]",0,1,county_code_unverified|timezone_not_normalized_to_utc
513148,84967,2014,2014-04-04T07:10:00,2014-04-04T08:10:00,EST-5,1.0,39,39025,C,025,CLERMONT,0,0,0,0,0.00,0.00,Heavy Rain,0,"[[39.16,-84.24],[39.1598,-84.2369],[39.1606,-84.2365],[39.1608,-84.2386]]",0,1,county_code_unverified|timezone_not_normalized_to_utc
513149,84967,2014,2014-04-04T06:35:00,2014-04-04T07:35:00,EST-5,1.0,39,39011,C,011,AUGLAIZE,0,0,0,0,0.00,0.00,Heavy Rain,0,"[[40.59,-84.38],[40.5901,-84.3788],[40.5897,-84.3785],[40.5897,-84.3797]]",0,1,county_code_unverified|timezone_not_normalized_to_utc
513154,84968,2014,2014-04-03T07:38:00,2014-04-03T08:38:00,EST-5,1.0,21,21041,C,041,CARROLL,0,0,0,0,0.00,0.00,Heavy Rain,0,"[[38.6092,-85.0802],[38.6093,-85.0735],[38.608,-85.072],[38.6082,-85.0793]]",0,1,county_code_unverified|timezone_not_normalized_to_utc
513159,84970,2014,2014-04-03T12:39:00,2014-04-03T13:39:00,EST-5,1.0,39,39149,C,149,SHELBY,0,0,0,0,0.00,0.00,Heavy Rain,0,"[[40.283,-84.3664],[40.2846,-84.3616],[40.2922,-84.3679],[40.2917,-84.3717]]",0,1,county_code_unverified|timezone_not_normalized_to_utc
513161,84969,2014,2014-04-03T12:23:00,2014-04-03T13:23:00,EST-5,1.0,18,18177,C,177,WAYNE,0,0,0,0,0.00,0.00,Heavy Rain,0,"[[39.95,-84.92],[39.73,-84.97],[39.7696,-84.8872],[39.9794,-84.8721]]",0,1,county_code_unverified|timezone_not_normalized_to_utc
513206,84978,2014,2014-06-18T17:25:00,2014-06-18T19:00:00,CST-6,1.5833333333333333,48,48017,C,017,BAILEY,0,0,0,0,0.00,0.00,Heavy Rain,0,"[[34.2339,-102.7634],[34.2564,-102.7308],[34.2198,-102.6652],[34.188,-102.6975]]",0,1,county_code_unverified|timezone_not_normalized_to_utc
513240,84983,2014,2014-04-04T13:10:00,2014-04-04T14:10:00,EST-5,1.0,21,21023,C,023,BRACKEN,0,0,0,0,0.00,0.00,Heavy Rain,0,"[[38.6076,-84.07],[38.6041,-84.0631],[38.6067,-84.0614],[38.6086,-84.0684]]",0,1,county_code_unverified|timezone_not_normalized_to_utc
513241,84983,2014,2014-04-04T18:45:00,2014-04-04T19:45:00,EST-5,1.0,21,21187,C,187,OWEN,0,0,0,0,0.00,0.00,Heavy Rain,0,"[[38.625,-85.006],[38.6258,-85.0039],[38.6293,-85.0054],[38.627,-85.01]]",0,1,county_code_unverified|timezone_not_normalized_to_utc
513242,84984,2014,2014-04-04T07:00:00,2014-04-04T08:00:00,EST-5,1.0,18,18029,C,029,DEARBORN,0,0,0,0,0.00,0.00,Heavy Rain,0,"[[39.02,-85.07],[39.0213,-85.0531],[39.0003,-84.9882],[38.9991,-84.9979]]",0,1,county_code_unverified|timezone_not_normalized_to_utc
513244,84986,2014,2014-04-29T02:45:00,2014-04-29T03:45:00,EST-5,1.0,39,39015,C,015,BROWN,0,0,0,0,0.00,0.00,Heavy Rain,0,"[[38.87,-83.9],[38.871,-83.8779],[38.8603,-83.8707],[38.8607,-83.892]]",0,1,county_code_unverified|timezone_not_normalized_to_utc
513247,84987,2014,2014-04-30T12:43:00,2014-04-30T13:43:00,EST-5,1.0,39,39001,C,001,ADAMS,0,0,0,0,0.00,0.00,Heavy Rain,0,"[[38.7802,-83.3169],[38.7863,-83.3215],[38.7829,-83.3265],[38.7789,-83.3254]]",0,1,county_code_unverified|timezone_not_normalized_to_utc
513249,84987,2014,2014-04-30T16:00:00,2014-04-30T17:00:00,EST-5,1.0,39,39145,C,145,SCIOTO,0,0,0,0,0.00,0.00,Heavy Rain,0,"[[38.73,-82.83],[38.727,-82.826],[38.7256,-82.8216],[38.7271,-82.8199]]",0,1,county_code_unverified|timezone_not_normalized_to_utc
513250,84987,2014,2014-04-30T18:00:00,2014-04-30T19:00:00,EST-5,1.0,39,39145,C,145,SCIOTO,0,0,0,0,0.00,0.00,Heavy Rain,0,"[[38.6899,-82.7087],[38.6882,-82.7111],[38.6909,-82.7137],[38.691,-82.7116]]",0,1,county_code_unverified|timezone_not_normalized_to_utc
513251,84988,2014,2014-04-30T14:00:00,2014-04-30T15:00:00,EST-5,1.0,21,21135,C,135,LEWIS,0,0,0,0,0.00,0.00,Heavy Rain,0,"[[38.5243,-83.3323],[38.52,-83.34],[38.5197,-83.4837],[38.5402,-83.4728]]",0,1,county_code_unverified|timezone_not_normalized_to_utc
513281,84991,2014,2014-04-01T00:00:00,2014-04-02T07:00:00,EST-5,31.0,33,33013,C,013,MERRIMACK,0,0,0,0,0.00,0.00,Heavy Rain,0,"[[43.25,-71.38],[43.2521,-71.3699],[43.2468,-71.3662],[43.2457,-71.37]]",0,1,county_code_unverified|timezone_not_normalized_to_utc
513282,84991,2014,2014-04-01T02:00:00,2014-04-02T21:37:00,EST-5,43.61666666666667,33,33015,C,015,ROCKINGHAM,0,0,0,0,0.00,0.00,Heavy Rain,0,"[[43.0963,-70.937],[43.0957,-70.934],[43.0915,-70.9367],[43.0931,-70.9386]]",0,1,county_code_unverified|timezone_not_normalized_to_utc
513283,84992,2014,2014-04-05T18:45:00,2014-04-06T00:00:00,EST-5,5.25,33,33013,C,013,MERRIMACK,0,0,0,0,0.00,0.00,Heavy Rain,0,"[[43.2476,-71.3722],[43.2421,-71.3671],[43.2445,-71.3635],[43.2487,-71.3688]]",0,1,county_code_unverified|timezone_not_normalized_to_utc
513284,84993,2014,2014-04-08T12:10:00,2014-04-10T12:30:00,EST-5,48.333333333333336,33,33013,C,013,MERRIMACK,0,0,0,0,0.00,0.00,Heavy Rain,0,"[[43.2473,-71.3727],[43.2428,-71.3671],[43.2442,-71.3653],[43.2483,-71.3684]]",0,1,county_code_unverified|timezone_not_normalized_to_utc
513285,84994,2014,2014-04-12T14:57:00,2014-04-13T07:30:00,EST-5,16.55,23,23025,C,025,SOMERSET,0,0,0,0,0.00,0.00,Ice Jam,0,"[[44.85,-69.88],[44.8542,-69.8851],[44.8556,-69.8943],[44.8534,-69.8938],[44.8497,-69.8861]]",0,1,county_code_unverified|timezone_not_normalized_to_utc
513287,84995,2014,2014-04-15T19:52:00,2014-04-17T10:15:00,EST-5,38.38333333333333,33,33007,C,007,COOS,0,0,0,0,0.00,0.00,Heavy Rain,0,"[[44.393,-71.1667],[44.3939,-71.1761],[44.3916,-71.1764],[44.3909,-71.17]]",0,1,county_code_unverified|timezone_not_normalized_to_utc
513288,84995,2014,2014-04-15T17:12:00,2014-04-16T01:39:00,EST-5,8.45,33,33009,C,009,GRAFTON,0,0,0,0,0.00,0.00,Heavy Rain,0,"[[44.2879,-71.6559],[44.2765,-71.6389],[44.282,-71.635],[44.2933,-71.6451]]",0,1,county_code_unverified|timezone_not_normalized_to_utc
513289,84995,2014,2014-04-15T17:14:00,2014-04-16T13:56:00,EST-5,20.7,33,33007,C,007,COOS,0,0,0,0,0.00,0.00,Heavy Rain,0,"[[44.75,-71.62],[44.7459,-71.6302],[44.7378,-71.6264],[44.7379,-71.6221]]",0,1,county_code_unverified|timezone_not_normalized_to_utc
513290,84995,2014,2014-04-14T06:07:00,2014-04-18T19:26:00,EST-5,109.31666666666666,33,33007,C,007,COOS,0,0,0,0,0.00,0.00,Heavy Rain,0,"[[44.42,-71.68],[44.4259,-71.6875],[44.4205,-71.6946],[44.4176,-71.6904]]",0,1,county_code_unverified|timezone_not_normalized_to_utc
513291,84995,2014,2014-04-15T18:30:00,2014-04-18T18:10:00,EST-5,71.66666666666667,33,33009,C,009,GRAFTON,0,0,0,0,0.00,0.00,Heavy Rain,0,"[[43.6471,-72.3156],[43.6377,-72.3282],[43.6361,-72.3185],[43.6425,-72.3117]]",0,1,county_code_unverified|timezone_not_normalized_to_utc
513292,84995,2014,2014-04-15T15:21:00,2014-04-16T03:22:00,EST-5,12.016666666666667,33,33009,C,009,GRAFTON,0,0,0,0,0.00,0.00,Heavy Rain,0,"[[43.98,-71.68],[43.9771,-71.6794],[43.9769,-71.6782],[43.9804,-71.6779]]",0,1,county_code_unverified|timezone_not_normalized_to_utc
513293,84995,2014,2014-04-15T21:15:00,2014-04-16T16:27:00,EST-5,19.2,33,33009,C,009,GRAFTON,0,0,0,0,0.00,0.00,Heavy Rain,0,"[[43.7578,-71.6825],[43.7587,-71.6868],[43.7536,-71.6861],[43.7543,-71.6831]]",0,1,county_code_unverified|timezone_not_normalized_to_utc
513295,84995,2014,2014-04-15T15:38:00,2014-04-16T12:58:00,EST-5,21.333333333333332,33,33003,C,003,CARROLL,0,0,0,0,0.00,0.00,Heavy Rain,0,"[[43.9827,-71.1114],[43.9772,-71.1107],[43.9879,-71.0976],[43.9902,-71.1008]]",0,1,county_code_unverified|timezone_not_normalized_to_utc
513296,84996,2014,2014-04-14T23:27:00,2014-04-15T03:11:00,EST-5,3.7333333333333334,23,23025,C,025,SOMERSET,0,0,0,0,0.00,0.00,Heavy Rain,0,"[[44.85,-69.88],[44.8212,-69.884],[44.8181,-69.8597],[44.8459,-69.8504]]",0,1,county_code_unverified|timezone_not_normalized_to_utc
513297,84996,2014,2014-04-15T17:57:00,2014-04-17T17:20:00,EST-5,47.38333333333333,23,23025,C,025,SOMERSET,0,0,0,0,0.00,0.00,Heavy Rain,0,"[[44.7656,-69.7258],[44.7621,-69.7232],[44.7527,-69.7366],[44.7598,-69.7361]]",0,1,county_code_unverified|timezone_not_normalized_to_utc
513298,84996,2014,2014-04-16T02:10:00,2014-04-17T13:55:00,EST-5,35.75,23,23011,C,011,KENNEBEC,0,0,0,0,0.00,0.00,Heavy Rain,0,"[[44.47,-69.68],[44.4739,-69.6883],[44.4612,-69.6902],[44.4589,-69.6822]]",0,1,county_code_unverified|timezone_not_normalized_to_utc
513299,84996,2014,2014-04-15T23:31:00,2014-04-18T05:45:00,EST-5,54.233333333333334,23,23011,C,011,KENNEBEC,0,0,0,0,0.00,0.00,Heavy Rain,0,"[[44.3173,-69.7745],[44.3171,-69.7697],[44.3199,-69.7689],[44.3199,-69.7732]]",0,1,county_code_unverified|timezone_not_normalized_to_utc
513300,84996,2014,2014-04-15T16:00:00,2014-04-16T05:06:00,EST-5,13.1,23,23017,C,017,OXFORD,0,0,0,0,0.00,0.00,Heavy Rain,0,"[[44.67,-70.58],[44.6628,-70.592],[44.6708,-70.6105],[44.6778,-70.5992]]",0,1,county_code_unverified|timezone_not_normalized_to_utc
513301,84996,2014,2014-04-15T22:13:00,2014-04-17T01:45:00,EST-5,27.533333333333335,23,23017,C,017,OXFORD,0,0,0,0,0.00,0.00,Heavy Rain,0,"[[44.55,-70.53],[44.5474,-70.5358],[44.5437,-70.5303],[44.5455,-70.526]]",0,1,county_code_unverified|timezone_not_normalized_to_utc
513302,84996,2014,2014-04-16T06:45:00,2014-04-18T03:49:00,EST-5,45.06666666666667,23,23001,C,001,ANDROSCOGGIN,0,0,0,0,0.00,0.00,Heavy Rain,0,"[[44.0999,-70.225],[44.0987,-70.2203],[44.0929,-70.2226],[44.093,-70.2256]]",0,1,county_code_unverified|timezone_not_normalized_to_utc
513303,84997,2014,2014-04-15T17:40:00,2014-04-16T15:25:00,EST-5,21.75,23,23017,C,017,OXFORD,0,0,0,0,10000.00,0.00,Heavy Rain,0,"[[44.5804,-70.7344],[44.5852,-70.7135],[44.623,-70.7293],[44.6172,-70.7533]]",0,1,county_code_unverified|timezone_not_normalized_to_utc
513304,84998,2014,2014-04-15T18:00:00,2014-04-16T07:00:00,EST-5,13.0,33,33007,C,007,COOS,0,0,0,0,250000.00,0.00,Heavy Rain,0,"[[44.88,-71.48],[44.8929,-71.4547],[44.9086,-71.4994],[44.8855,-71.5237]]",0,1,county_code_unverified|timezone_not_normalized_to_utc
513305,84998,2014,2014-04-15T18:00:00,2014-04-16T07:00:00,EST-5,13.0,33,33007,C,007,COOS,0,0,0,0,150000.00,0.00,Heavy Rain,0,"[[44.75,-71.62],[44.7416,-71.62],[44.7406,-71.605],[44.7495,-71.6102]]",0,1,county_code_unverified|timezone_not_normalized_to_utc
513306,84998,2014,2014-04-15T18:00:00,2014-04-16T07:00:00,EST-5,13.0,33,33007,C,007,COOS,0,0,0,0,25000.00,0.00,Heavy Rain,0,"[[45.05,-71.4],[45.0456,-71.3859],[45.0535,-71.3823],[45.056,-71.3989]]",0,1,county_code_unverified|timezone_not_normalized_to_utc
513307,84998,2014,2014-04-15T18:00:00,2014-04-16T07:00:00,EST-5,13.0,33,33007,C,007,COOS,0,0,0,0,25000.00,0.00,Heavy Rain,0,"[[44.78,-71.13],[44.7874,-71.1478],[44.7786,-71.156],[44.7735,-71.1308]]",0,1,county_code_unverified|timezone_not_normalized_to_utc
513308,84998,2014,2014-04-15T19:00:00,2014-04-16T07:00:00,EST-5,12.0,33,33009,C,009,GRAFTON,0,0,0,0,25000.00,0.00,Heavy Rain,0,"[[44.23,-71.75],[44.2211,-71.7558],[44.2461,-71.7987],[44.2599,-71.7809]]",0,1,county_code_unverified|timezone_not_normalized_to_utc
513309,84980,2014,2014-04-30T16:05:00,2014-04-30T16:35:00,EST-5,0.5,34,34003,C,003,BERGEN,0,0,0,0,0.00,0.00,Heavy Rain,0,"[[40.8047,-74.1138],[40.8012,-74.1172],[40.8018,-74.118],[40.8052,-74.1149]]",0,1,county_code_unverified|timezone_not_normalized_to_utc
513310,84980,2014,2014-04-30T16:20:00,2014-04-30T16:50:00,EST-5,0.5,34,34013,C,013,ESSEX,0,0,0,0,0.00,0.00,Heavy Rain,0,"[[40.7195,-74.1636],[40.7193,-74.1638],[40.7195,-74.1641],[40.7196,-74.164]]",0,1,county_code_unverified|timezone_not_normalized_to_utc
513324,85001,2014,2014-06-19T10:35:00,2014-06-22T11:00:00,CST-6,72.41666666666667,27,27007,C,007,BELTRAMI,0,0,0,0,20000.00,50000.00,Heavy Rain,0,"[[48.2109,-94.5614],[48.2109,-94.4386],[48.1291,-94.4386],[48.1291,-94.5614]]",0,1,county_code_unverified|timezone_not_normalized_to_utc
513411,84853,2014,2014-05-16T08:43:00,2014-05-16T16:00:00,EST-5,7.283333333333333,42,42061,C,061,HUNTINGDON,0,0,0,0,0.00,0.00,Heavy Rain,0,"[[40.674,-78.087],[40.204,-78.182],[40.092,-77.87],[40.269,-77.723],[40.429,-77.956],[40.6786,-77.8738]]",0,1,county_code_unverified|timezone_not_normalized_to_utc
513412,84853,2014,2014-05-16T05:02:00,2014-05-16T16:00:00,EST-5,10.966666666666667,42,42067,C,067,JUNIATA,0,0,0,0,0.00,0.00,Heavy Rain,0,"[[40.377,-77.74],[40.312,-77.716],[40.565,-77.266],[40.645,-77.007],[40.688,-77.295],[40.548,-77.545]]",0,1,county_code_unverified|timezone_not_normalized_to_utc
513413,84853,2014,2014-05-16T05:02:00,2014-05-16T16:00:00,EST-5,10.966666666666667,42,42087,C,087,MIFFLIN,0,0,0,0,0.00,0.00,Heavy Rain,0,"[[40.419,-77.868],[40.379,-77.764],[40.693,-77.369],[40.843,-77.371],[40.738,-77.638]]",0,1,county_code_unverified|timezone_not_normalized_to_utc
513417,84853,2014,2014-05-16T06:03:00,2014-05-16T16:00:00,EST-5,9.95,42,42041,C,041,CUMBERLAND,0,0,0,0,0.00,0.00,Heavy Rain,0,"[[40.179,-77.6],[39.991,-77.457],[40.053,-77.197],[40.2539,-76.8988],[40.3036,-76.9338]]",0,1,county_code_unverified|timezone_not_normalized_to_utc
513419,84853,2014,2014-05-16T06:08:00,2014-05-16T11:00:00,EST-5,4.866666666666666,42,42117,C,117,TIOGA,0,0,0,0,0.00,0.00,Heavy Rain,0,"[[41.9911,-77.4763],[41.9917,-76.9634],[41.6124,-76.8988],[41.562,-77.4674]]",0,1,county_code_unverified|timezone_not_normalized_to_utc
513449,84853,2014,2014-05-16T07:20:00,2014-05-16T16:00:00,EST-5,8.666666666666666,42,42055,C,055,FRANKLIN,0,0,0,0,0.00,0.00,Heavy Rain,0,"[[39.732,-78.061],[40.27,-77.683],[40.158,-77.633],[39.972,-77.493],[39.737,-77.473]]",0,1,county_code_unverified|timezone_not_normalized_to_utc
513453,84853,2014,2014-05-16T05:02:00,2014-05-16T16:00:00,EST-5,10.966666666666667,42,42119,C,119,UNION,0,0,0,0,0.00,0.00,Heavy Rain,0,"[[40.824,-77.347],[41.064,-77.126],[41.083,-76.969],[41.1311,-76.9112],[40.9322,-76.8782]]",0,1,county_code_unverified|timezone_not_normalized_to_utc
513455,84853,2014,2014-05-16T05:02:00,2014-05-16T16:00:00,EST-5,10.966666666666667,42,42099,C,099,PERRY,0,0,0,0,0.00,0.00,Heavy Rain,0,"[[40.308,-77.65],[40.21,-77.6022],[40.369,-77.388],[40.322,-76.929],[40.381,-77.05],[40.617,-76.974]]",0,1,county_code_unverified|timezone_not_normalized_to_utc
513464,85022,2014,2014-03-05T18:00:00,2014-03-05T21:00:00,MST-7,3.0,31,31105,C,105,KIMBALL,0,0,0,0,0.00,0.00,Heavy Rain / Snow Melt,0,"[[41.2528,-103.7065],[41.2278,-103.7061],[41.2319,-103.6838],[41.2538,-103.6862]]",0,1,county_code_unverified|timezone_not_normalized_to_utc
513568,84694,2014,2014-04-30T08:50:00,2014-04-30T10:50:00,EST-5,2.0,51,51153,C,153,PRINCE WILLIAM,0,0,0,0,0.00,0.00,Heavy Rain,0,"[[38.9043,-77.6242],[38.9032,-77.6335],[38.8992,-77.6328],[38.8996,-77.6276]]",0,1,county_code_unverified|timezone_not_normalized_to_utc
513569,84694,2014,2014-04-30T09:30:00,2014-04-30T11:30:00,EST-5,2.0,51,51003,C,003,ALBEMARLE,0,0,0,0,0.00,0.00,Heavy Rain,0,"[[37.9771,-78.5395],[37.9769,-78.5461],[37.9747,-78.5457],[37.9746,-78.5416]]",0,1,county_code_unverified|timezone_not_normalized_to_utc
513570,84694,2014,2014-04-30T09:30:00,2014-04-30T11:30:00,EST-5,2.0,51,51003,C,003,ALBEMARLE,0,0,0,0,0.00,0.00,Heavy Rain,0,"[[38.0461,-78.5147],[38.0461,-78.5165],[38.0453,-78.5166],[38.0454,-78.5147]]",0,1,county_code_unverified|timezone_not_normalized_to_utc
513571,84694,2014,2014-04-30T10:01:00,2014-04-30T23:59:00,EST-5,13.966666666666667,51,51113,C,113,MADISON,0,0,0,0,0.00,0.00,Heavy Rain,0,"[[38.3325,-78.0795],[38.3317,-78.0881],[38.3283,-78.0858],[38.3288,-78.0807]]",0,1,county_code_unverified|timezone_not_normalized_to_utc
513575,84694,2014,2014-04-30T10:36:00,2014-04-30T10:36:00,EST-5,0.0,51,51079,C,079,GREENE,0,0,0,0,0.00,0.00,Heavy Rain,0,"[[38.3335,-78.4452],[38.333,-78.448],[38.3324,-78.4477],[38.3324,-78.4454]]",0,1,county_code_unverified|timezone_not_normalized_to_utc
513576,84694,2014,2014-04-30T10:41:00,2014-04-30T12:41:00,EST-5,2.0,51,51177,C,177,SPOTSYLVANIA,0,0,0,0,0.00,0.00,Heavy Rain,0,"[[38.263,-77.5576],[38.2629,-77.5618],[38.2609,-77.5611],[38.2612,-77.5575]]",0,1,county_code_unverified|timezone_not_normalized_to_utc
513577,84694,2014,2014-04-30T10:51:00,2014-04-30T12:51:00,EST-5,2.0,51,51137,C,137,ORANGE,0,0,0,0,0.00,0.00,Heavy Rain,0,"[[38.2021,-77.9877],[38.2011,-77.9915],[38.199,-77.991],[38.1992,-77.988]]",0,1,county_code_unverified|timezone_not_normalized_to_utc
513578,84694,2014,2014-04-30T10:55:00,2014-04-30T12:55:00,EST-5,2.0,51,51107,C,107,LOUDOUN,0,0,0,0,0.00,0.00,Heavy Rain,0,"[[38.9815,-77.6336],[38.9809,-77.6379],[38.9796,-77.6377],[38.9794,-77.6345]]",0,1,county_code_unverified|timezone_not_normalized_to_utc
513579,84694,2014,2014-04-30T11:17:00,2014-04-30T13:17:00,EST-5,2.0,51,51137,C,137,ORANGE,0,0,0,0,0.00,0.00,Heavy Rain,0,"[[38.2082,-78.3472],[38.2078,-78.3511],[38.2066,-78.3513],[38.2066,-78.3485]]",0,1,county_code_unverified|timezone_not_normalized_to_utc
513580,84694,2014,2014-04-30T11:24:00,2014-04-30T13:24:00,EST-5,2.0,51,51107,C,107,LOUDOUN,0,0,0,0,0.00,0.00,Heavy Rain,0,"[[39.1159,-77.5232],[39.115,-77.5272],[39.1132,-77.5271],[39.1133,-77.5234]]",0,1,county_code_unverified|timezone_not_normalized_to_utc
513581,84694,2014,2014-04-30T11:25:00,2014-04-30T13:25:00,EST-5,2.0,51,51107,C,107,LOUDOUN,0,0,0,0,0.00,0.00,Heavy Rain,0,"[[38.9131,-77.603],[38.9131,-77.6066],[38.9123,-77.6065],[38.9126,-77.6037]]",0,1,county_code_unverified|timezone_not_normalized_to_utc
513582,84694,2014,2014-04-30T11:25:00,2014-04-30T13:25:00,EST-5,2.0,51,51107,C,107,LOUDOUN,0,0,0,0,0.00,0.00,Heavy Rain,0,"[[39.0784,-77.6206],[39.0776,-77.6252],[39.0764,-77.6247],[39.0765,-77.6215]]",0,1,county_code_unverified|timezone_not_normalized_to_utc
513583,84694,2014,2014-04-30T11:30:00,2014-04-30T13:30:00,EST-5,2.0,51,51061,C,061,FAUQUIER,0,0,0,0,0.00,0.00,Heavy Rain,0,"[[38.7679,-77.7199],[38.7676,-77.7236],[38.7656,-77.7237],[38.7657,-77.7204]]",0,1,county_code_unverified|timezone_not_normalized_to_utc
513585,84694,2014,2014-04-30T11:30:00,2014-04-30T13:30:00,EST-5,2.0,51,51003,C,003,ALBEMARLE,0,0,0,0,0.00,0.00,Heavy Rain,0,"[[38.1325,-78.3882],[38.132,-78.3933],[38.1302,-78.3934],[38.1301,-78.3888]]",0,1,county_code_unverified|timezone_not_normalized_to_utc
513586,84694,2014,2014-04-30T11:39:00,2014-04-30T13:39:00,EST-5,2.0,51,51079,C,079,GREENE,0,0,0,0,0.00,0.00,Heavy Rain,0,"[[38.3273,-78.494],[38.3271,-78.4988],[38.3249,-78.4988],[38.3253,-78.4947]]",0,1,county_code_unverified|timezone_not_normalized_to_utc
513587,84694,2014,2014-04-30T11:39:00,2014-04-30T23:32:00,EST-5,11.883333333333333,51,51059,C,059,FAIRFAX,0,0,0,0,0.00,0.00,Heavy Rain,0,"[[38.8115,-77.228],[38.8112,-77.2314],[38.8098,-77.2311],[38.8101,-77.2281]]",0,1,county_code_unverified|timezone_not_normalized_to_utc
513591,84694,2014,2014-04-30T11:55:00,2014-04-30T13:55:00,EST-5,2.0,51,51003,C,003,ALBEMARLE,0,0,0,0,0.00,0.00,Heavy Rain,0,"[[38.2027,-78.4488],[38.2027,-78.4504],[38.2015,-78.4506],[38.2016,-78.4492]]",0,1,county_code_unverified|timezone_not_normalized_to_utc
513593,84694,2014,2014-04-30T12:55:00,2014-04-30T14:55:00,EST-5,2.0,51,51061,C,061,FAUQUIER,0,0,0,0,0.00,0.00,Heavy Rain,0,"[[38.6668,-77.6181],[38.6669,-77.6473],[38.6495,-77.6502],[38.6513,-77.6236]]",0,1,county_code_unverified|timezone_not_normalized_to_utc
513606,84694,2014,2014-04-30T13:20:00,2014-04-30T15:20:00,EST-5,2.0,51,51061,C,061,FAUQUIER,0,0,0,0,0.00,0.00,Heavy Rain,0,"[[38.5813,-77.7737],[38.581,-77.7754],[38.58,-77.7753],[38.5803,-77.7738]]",0,1,county_code_unverified|timezone_not_normalized_to_utc
513607,84694,2014,2014-04-30T13:30:00,2014-04-30T15:30:00,EST-5,2.0,51,51107,C,107,LOUDOUN,0,0,0,0,0.00,0.00,Heavy Rain,0,"[[38.9834,-77.4441],[38.9834,-77.4462],[38.9824,-77.4461],[38.9825,-77.4444]]",0,1,county_code_unverified|timezone_not_normalized_to_utc
513608,84694,2014,2014-04-30T13:34:00,2014-04-30T15:34:00,EST-5,2.0,51,51683,C,683,MANASSAS (C),0,0,0,0,0.00,0.00,Heavy Rain,0,"[[38.7252,-77.5221],[38.7247,-77.5257],[38.7236,-77.5255],[38.7236,-77.5225]]",0,1,county_code_unverified|timezone_not_normalized_to_utc
513610,84694,2014,2014-04-30T13:37:00,2014-04-30T15:37:00,EST-5,2.0,51,51179,C,179,STAFFORD,0,0,0,0,0.00,0.00,Heavy Rain,0,"[[38.454,-77.4239],[38.4538,-77.4258],[38.4531,-77.4259],[38.4531,-77.4243]]",0,1,county_code_unverified|timezone_not_normalized_to_utc
513613,84694,2014,2014-04-30T14:26:00,2014-04-30T23:30:00,EST-5,9.066666666666666,51,51059,C,059,FAIRFAX,0,0,0,0,0.00,0.00,Heavy Rain,0,"[[38.9808,-77.2484],[38.981,-77.2508],[38.9798,-77.2506],[38.98,-77.2486]]",0,1,county_code_unverified|timezone_not_normalized_to_utc
513615,84694,2014,2014-04-30T16:30:00,2014-04-30T18:30:00,EST-5,2.0,51,51137,C,137,ORANGE,0,0,0,0,0.00,0.00,Heavy Rain,0,"[[38.3099,-77.8009],[38.3081,-77.8166],[38.3013,-77.8129],[38.3014,-77.8021]]",0,1,county_code_unverified|timezone_not_normalized_to_utc
513619,84694,2014,2014-04-30T16:55:00,2014-04-30T18:55:00,EST-5,2.0,51,51685,C,685,MANASSAS PARK (C),0,0,0,0,0.00,0.00,Heavy Rain,0,"[[38.7888,-77.4304],[38.7882,-77.438],[38.7846,-77.4368],[38.785,-77.4319]]",0,1,county_code_unverified|timezone_not_normalized_to_utc
513620,84694,2014,2014-04-30T18:45:00,2014-04-30T20:45:00,EST-5,2.0,51,51107,C,107,LOUDOUN,0,0,0,0,0.00,0.00,Heavy Rain,0,"[[39.0212,-77.3665],[39.0212,-77.3687],[39.0203,-77.3687],[39.0202,-77.367]]",0,1,county_code_unverified|timezone_not_normalized_to_utc
513627,84693,2014,2014-04-30T09:30:00,2014-04-30T18:30:00,EST-5,9.0,24,24003,C,003,ANNE ARUNDEL,0,0,0,0,0.00,0.00,Heavy Rain,0,"[[39.2224,-76.6427],[39.2223,-76.6446],[39.2209,-76.6447],[39.221,-76.6428]]",0,1,county_code_unverified|timezone_not_normalized_to_utc
513628,84693,2014,2014-04-30T09:34:00,2014-04-30T18:30:00,EST-5,8.933333333333334,24,24003,C,003,ANNE ARUNDEL,0,0,0,0,0.00,0.00,Heavy Rain,0,"[[39.1712,-76.6295],[39.171,-76.6332],[39.1697,-76.6328],[39.1699,-76.6308]]",0,1,county_code_unverified|timezone_not_normalized_to_utc
513629,84693,2014,2014-04-30T09:38:00,2014-04-30T18:30:00,EST-5,8.866666666666667,24,24033,C,033,PRINCE GEORGE'S,0,0,0,0,0.00,0.00,Heavy Rain,0,"[[38.9484,-76.6971],[38.9479,-76.7003],[38.9464,-76.7],[38.9467,-76.6974]]",0,1,county_code_unverified|timezone_not_normalized_to_utc
513630,84693,2014,2014-04-30T09:43:00,2014-04-30T18:30:00,EST-5,8.783333333333333,24,24027,C,027,HOWARD,0,0,0,0,0.00,0.00,Heavy Rain,0,"[[39.2084,-76.8559],[39.2083,-76.8574],[39.2077,-76.8575],[39.2077,-76.8564]]",0,1,county_code_unverified|timezone_not_normalized_to_utc
513631,84693,2014,2014-04-30T10:22:00,2014-04-30T23:48:00,EST-5,13.433333333333334,24,24013,C,013,CARROLL,0,0,0,0,0.00,0.00,Heavy Rain,0,"[[39.6131,-77.2351],[39.6131,-77.2385],[39.6121,-77.2382],[39.612,-77.236]]",0,1,county_code_unverified|timezone_not_normalized_to_utc
513633,84693,2014,2014-04-30T10:30:00,2014-04-30T18:30:00,EST-5,8.0,24,24027,C,027,HOWARD,0,0,0,0,0.00,0.00,Heavy Rain,0,"[[39.3242,-77.1245],[39.324,-77.1269],[39.323,-77.1267],[39.323,-77.1248]]",0,1,county_code_unverified|timezone_not_normalized_to_utc
513634,84693,2014,2014-04-30T10:30:00,2014-04-30T18:30:00,EST-5,8.0,24,24027,C,027,HOWARD,0,0,0,0,0.00,0.00,Heavy Rain,0,"[[39.3329,-77.1314],[39.3317,-77.1346],[39.3307,-77.1343],[39.3309,-77.1317]]",0,1,county_code_unverified|timezone_not_normalized_to_utc
513635,84693,2014,2014-04-30T11:17:00,2014-04-30T23:59:00,EST-5,12.7,24,24005,C,005,BALTIMORE,0,0,0,0,0.00,0.00,Heavy Rain,0,"[[39.5521,-76.6364],[39.5511,-76.6414],[39.5497,-76.6408],[39.5504,-76.6373]]",0,1,county_code_unverified|timezone_not_normalized_to_utc
513636,84693,2014,2014-04-30T11:22:00,2014-04-30T23:59:00,EST-5,12.616666666666667,24,24027,C,027,HOWARD,0,0,0,0,0.00,0.00,Heavy Rain,0,"[[39.1304,-76.819],[39.1302,-76.8203],[39.1299,-76.8203],[39.1299,-76.8193]]",0,1,county_code_unverified|timezone_not_normalized_to_utc
513641,84693,2014,2014-04-30T11:28:00,2014-04-30T18:30:00,EST-5,7.033333333333333,24,24031,C,031,MONTGOMERY,0,0,0,0,0.00,0.00,Heavy Rain,0,"[[38.7672,-77.7205],[38.767,-77.7235],[38.766,-77.7234],[38.766,-77.7213]]",0,1,county_code_unverified|timezone_not_normalized_to_utc
513695,85062,2014,2014-04-28T19:15:00,2014-04-29T15:00:00,CST-6,19.75,46,46085,C,085,LYMAN,0,0,0,0,0.00,0.00,Heavy Rain,0,"[[43.8715,-100.0992],[43.6989,-100.0855],[43.7109,-99.9234],[43.8734,-99.9481]]",0,1,county_code_unverified|timezone_not_normalized_to_utc
513716,85067,2014,2014-06-23T18:30:00,2014-06-23T19:45:00,CST-6,1.25,05,05145,C,145,WHITE,0,0,0,0,5000.00,0.00,Heavy Rain,0,"[[35.2703,-91.809],[35.272,-91.6761],[35.1666,-91.6692],[35.1593,-91.8279]]",0,1,county_code_unverified|timezone_not_normalized_to_utc
513946,84693,2014,2014-04-30T11:50:00,2014-04-30T13:50:00,EST-5,2.0,24,24021,C,021,FREDERICK,0,0,0,0,0.00,0.00,Heavy Rain,0,"[[39.3088,-77.3449],[39.3088,-77.3455],[39.3085,-77.3455],[39.3085,-77.3451]]",0,1,county_code_unverified|timezone_not_normalized_to_utc
513947,84693,2014,2014-04-30T12:00:00,2014-04-30T14:00:00,EST-5,2.0,24,24021,C,021,FREDERICK,0,0,0,0,0.00,0.00,Heavy Rain,0,"[[39.4285,-77.4172],[39.428,-77.4173],[39.4281,-77.4164],[39.4286,-77.4166]]",0,1,county_code_unverified|timezone_not_normalized_to_utc
513948,84693,2014,2014-04-30T12:00:00,2014-04-30T14:00:00,EST-5,2.0,24,24013,C,013,CARROLL,0,0,0,0,0.00,0.00,Heavy Rain,0,"[[39.4952,-77.1031],[39.4947,-77.1053],[39.4936,-77.1048],[39.4939,-77.1031]]",0,1,county_code_unverified|timezone_not_normalized_to_utc
513949,84693,2014,2014-04-30T12:06:00,2014-04-30T14:06:00,EST-5,2.0,24,24031,C,031,MONTGOMERY,0,0,0,0,0.00,0.00,Heavy Rain,0,"[[39.1418,-77.2157],[39.1418,-77.2171],[39.1409,-77.2172],[39.141,-77.2157]]",0,1,county_code_unverified|timezone_not_normalized_to_utc
513950,84693,2014,2014-04-30T12:26:00,2014-04-30T23:23:00,EST-5,10.95,24,24031,C,031,MONTGOMERY,0,0,0,0,0.00,0.00,Heavy Rain,0,"[[39.0702,-77.0297],[39.0702,-77.0302],[39.0699,-77.0302],[39.07,-77.0297]]",0,1,county_code_unverified|timezone_not_normalized_to_utc
513951,84693,2014,2014-04-30T12:38:00,2014-04-30T23:59:00,EST-5,11.35,24,24027,C,027,HOWARD,0,0,0,0,0.00,0.00,Heavy Rain,0,"[[39.2207,-76.7295],[39.2206,-76.7305],[39.2196,-76.7303],[39.2198,-76.7293]]",0,1,county_code_unverified|timezone_not_normalized_to_utc
513953,84693,2014,2014-04-30T13:00:00,2014-04-30T22:38:00,EST-5,9.633333333333333,24,24013,C,013,CARROLL,0,0,0,0,0.00,0.00,Heavy Rain,0,"[[39.6839,-77.2232],[39.6831,-77.2353],[39.6775,-77.2335],[39.6784,-77.2237]]",0,1,county_code_unverified|timezone_not_normalized_to_utc
513955,84693,2014,2014-04-30T13:33:00,2014-04-30T23:59:00,EST-5,10.433333333333334,24,24005,C,005,BALTIMORE,0,0,0,0,0.00,0.00,Heavy Rain,0,"[[39.2515,-76.757],[39.2517,-76.7616],[39.2496,-76.7611],[39.2497,-76.7573]]",0,1,county_code_unverified|timezone_not_normalized_to_utc
513956,84693,2014,2014-04-30T13:50:00,2014-04-30T15:50:00,EST-5,2.0,24,24005,C,005,BALTIMORE,0,0,0,0,0.00,0.00,Heavy Rain,0,"[[39.5379,-76.5275],[39.537,-76.5317],[39.5356,-76.5311],[39.5358,-76.5283]]",0,1,county_code_unverified|timezone_not_normalized_to_utc
513958,84693,2014,2014-04-30T14:00:00,2014-04-30T16:00:00,EST-5,2.0,24,24005,C,005,BALTIMORE,0,0,0,0,0.00,0.00,Heavy Rain,0,"[[39.5207,-76.5754],[39.5202,-76.5808],[39.5173,-76.5799],[39.5179,-76.5759]]",0,1,county_code_unverified|timezone_not_normalized_to_utc
513959,84693,2014,2014-04-30T14:05:00,2014-04-30T16:05:00,EST-5,2.0,24,24005,C,005,BALTIMORE,0,0,0,0,0.00,0.00,Heavy Rain,0,"[[39.5086,-76.6054],[39.5082,-76.6095],[39.5058,-76.6091],[39.5062,-76.6051]]",0,1,county_code_unverified|timezone_not_normalized_to_utc
513960,84693,2014,2014-04-30T14:06:00,2014-04-30T18:22:00,EST-5,4.266666666666667,24,24005,C,005,BALTIMORE,0,0,0,0,0.00,0.00,Heavy Rain,0,"[[39.3717,-76.4478],[39.3716,-76.4515],[39.369,-76.4512],[39.3694,-76.4482]]",0,1,county_code_unverified|timezone_not_normalized_to_utc
513961,84693,2014,2014-04-30T14:30:00,2014-04-30T16:30:00,EST-5,2.0,24,24033,C,033,PRINCE GEORGE'S,0,0,0,0,0.00,0.00,Heavy Rain,0,"[[38.8105,-76.7491],[38.8105,-76.7504],[38.8095,-76.7505],[38.8096,-76.7493]]",0,1,county_code_unverified|timezone_not_normalized_to_utc
513962,84693,2014,2014-04-30T14:45:00,2014-04-30T16:45:00,EST-5,2.0,24,24005,C,005,BALTIMORE,0,0,0,0,0.00,0.00,Heavy Rain,0,"[[39.4862,-76.6451],[39.4858,-76.6464],[39.4851,-76.6458],[39.4853,-76.645]]",0,1,county_code_unverified|timezone_not_normalized_to_utc
513964,84693,2014,2014-04-30T14:52:00,2014-04-30T16:52:00,EST-5,2.0,24,24031,C,031,MONTGOMERY,0,0,0,0,0.00,0.00,Heavy Rain,0,"[[39.1706,-77.0193],[39.1705,-77.0204],[39.1697,-77.0205],[39.1698,-77.0193]]",0,1,county_code_unverified|timezone_not_normalized_to_utc
513965,84693,2014,2014-04-30T16:45:00,2014-04-30T18:45:00,EST-5,2.0,24,24031,C,031,MONTGOMERY,0,0,0,0,0.00,0.00,Heavy Rain,0,"[[39.0091,-77.0792],[39.009,-77.0811],[39.0075,-77.081],[39.0074,-77.0791]]",0,1,county_code_unverified|timezone_not_normalized_to_utc
513966,84693,2014,2014-04-30T17:30:00,2014-04-30T19:30:00,EST-5,2.0,24,24031,C,031,MONTGOMERY,0,0,0,0,0.00,0.00,Heavy Rain,0,"[[39.1858,-77.0233],[39.1851,-77.0281],[39.1824,-77.0286],[39.1827,-77.0243]]",0,1,county_code_unverified|timezone_not_normalized_to_utc
513968,84693,2014,2014-04-30T17:30:00,2014-04-30T19:30:00,EST-5,2.0,24,24033,C,033,PRINCE GEORGE'S,0,0,0,0,0.00,0.00,Heavy Rain,0,"[[38.9561,-76.6916],[38.9545,-76.6987],[38.9482,-76.6979],[38.9495,-76.6917]]",0,1,county_code_unverified|timezone_not_normalized_to_utc
513972,84693,2014,2014-04-30T17:30:00,2014-04-30T19:30:00,EST-5,2.0,24,24033,C,033,PRINCE GEORGE'S,0,0,0,0,0.00,0.00,Heavy Rain,0,"[[38.8154,-76.7494],[38.815,-76.7518],[38.8133,-76.7513],[38.8138,-76.7495]]",0,1,county_code_unverified|timezone_not_normalized_to_utc
513986,84693,2014,2014-04-30T16:21:00,2014-04-30T23:59:00,EST-5,7.633333333333334,24,24031,C,031,MONTGOMERY,0,0,0,0,0.00,0.00,Heavy Rain,0,"[[39.1955,-77.0044],[39.1935,-77.0116],[39.1887,-77.0104],[39.19,-77.0028]]",0,1,county_code_unverified|timezone_not_normalized_to_utc
513989,85125,2014,2014-04-15T15:14:00,2014-04-15T18:14:00,EST-5,3.0,24,24025,C,025,HARFORD,0,0,0,0,0.00,0.00,Heavy Rain,0,"[[39.4696,-76.2515],[39.4697,-76.2535],[39.4688,-76.2533],[39.4688,-76.2516]]",0,1,county_code_unverified|timezone_not_normalized_to_utc
513990,85124,2014,2014-04-15T14:14:00,2014-04-15T17:14:00,EST-5,3.0,51,51059,C,059,FAIRFAX,0,0,0,0,0.00,0.00,Heavy Rain,0,"[[38.7907,-77.0736],[38.79,-77.0772],[38.7878,-77.0773],[38.7883,-77.0741]]",0,1,county_code_unverified|timezone_not_normalized_to_utc
514064,84451,2014,2014-04-30T03:00:00,2014-04-30T13:00:00,EST-5,10.0,21,21203,C,203,ROCKCASTLE,0,0,0,0,0.00,0.00,Heavy Rain,0,"[[37.4024,-84.4071],[37.4036,-84.4043],[37.4023,-84.403],[37.4014,-84.4061]]",0,1,county_code_unverified|timezone_not_normalized_to_utc
514065,84451,2014,2014-04-30T07:14:00,2014-04-30T13:00:00,EST-5,5.766666666666667,21,21199,C,199,PULASKI,0,0,0,0,0.00,0.00,Heavy Rain,0,"[[37.0323,-84.6293],[37.0309,-84.6303],[37.0312,-84.6326],[37.0325,-84.6335]]",0,1,county_code_unverified|timezone_not_normalized_to_utc
514066,84451,2014,2014-04-30T07:41:00,2014-04-30T13:00:00,EST-5,5.316666666666666,21,21109,C,109,JACKSON,0,0,0,0,0.00,0.00,Heavy Rain,0,"[[37.4323,-83.9778],[37.4334,-83.974],[37.4314,-83.9742],[37.4311,-83.978]]",0,1,county_code_unverified|timezone_not_normalized_to_utc
514068,84451,2014,2014-04-30T10:46:00,2014-04-30T14:00:00,EST-5,3.2333333333333334,21,21065,C,065,ESTILL,0,0,0,0,0.00,0.00,Heavy Rain,0,"[[37.68,-84.01],[37.6777,-84.0025],[37.6721,-84.0049],[37.6784,-84.014]]",0,1,county_code_unverified|timezone_not_normalized_to_utc
514077,84451,2014,2014-04-30T10:46:00,2014-04-30T16:00:00,EST-5,5.233333333333333,21,21197,C,197,POWELL,0,0,0,0,0.00,0.00,Heavy Rain,0,"[[37.8641,-83.9296],[37.8655,-83.9249],[37.8633,-83.9245],[37.8632,-83.9291]]",0,1,county_code_unverified|timezone_not_normalized_to_utc
514078,84980,2014,2014-04-30T17:20:00,2014-04-30T21:35:00,EST-5,4.25,34,34039,C,039,UNION,0,0,0,0,0.00,0.00,Heavy Rain,0,"[[40.6701,-74.3706],[40.6748,-74.3532],[40.6825,-74.3409],[40.681,-74.3391],[40.6726,-74.35],[40.6684,-74.3696]]",0,1,county_code_unverified|timezone_not_normalized_to_utc
514079,84451,2014,2014-04-30T10:46:00,2014-04-30T16:00:00,EST-5,5.233333333333333,21,21197,C,197,POWELL,0,0,0,0,0.00,0.00,Heavy Rain,0,"[[37.9025,-83.7872],[37.8521,-83.7591],[37.8516,-83.7948],[37.9025,-83.8326]]",0,1,county_code_unverified|timezone_not_normalized_to_utc
514085,84980,2014,2014-04-30T17:56:00,2014-04-30T21:35:00,EST-5,3.65,34,34039,C,039,UNION,0,0,0,0,0.00,0.00,Heavy Rain,0,"[[40.6559,-74.4025],[40.6413,-74.4175],[40.6393,-74.4168],[40.6448,-74.4092],[40.6549,-74.4011]]",0,1,county_code_unverified|timezone_not_normalized_to_utc
514086,84980,2014,2014-04-30T18:12:00,2014-04-30T21:35:00,EST-5,3.3833333333333333,34,34039,C,039,UNION,0,0,0,0,0.00,0.00,Heavy Rain,0,"[[40.7185,-74.2917],[40.7166,-74.2913],[40.7166,-74.2929],[40.7176,-74.2935]]",0,1,county_code_unverified|timezone_not_normalized_to_utc
514087,84451,2014,2014-04-30T12:03:00,2014-04-30T16:00:00,EST-5,3.95,21,21069,C,069,FLEMING,0,0,0,0,0.00,0.00,Heavy Rain,0,"[[38.3236,-83.5533],[38.313,-83.5533],[38.308,-83.5621],[38.3186,-83.5737]]",0,1,county_code_unverified|timezone_not_normalized_to_utc
514101,84980,2014,2014-04-30T18:46:00,2014-04-30T21:35:00,EST-5,2.816666666666667,34,34039,C,039,UNION,0,0,0,0,0.00,0.00,Heavy Rain,0,"[[40.6379,-74.3197],[40.6382,-74.3196],[40.6385,-74.32],[40.6382,-74.3203]]",0,1,county_code_unverified|timezone_not_normalized_to_utc
514107,84980,2014,2014-04-30T21:05:00,2014-04-30T23:59:00,EST-5,2.9,34,34039,C,039,UNION,0,0,0,0,0.00,0.00,Heavy Rain,0,"[[40.6548,-74.3152],[40.6371,-74.3017],[40.6478,-74.2873],[40.6584,-74.2996],[40.667,-74.3093],[40.6657,-74.3121]]",0,1,county_code_unverified|timezone_not_normalized_to_utc
514109,84980,2014,2014-04-30T21:29:00,2014-04-30T21:59:00,EST-5,0.5,34,34003,C,003,BERGEN,0,0,0,0,0.00,0.00,Heavy Rain,0,"[[40.8822,-74.0822],[40.8829,-74.0837],[40.8814,-74.0846],[40.8812,-74.0827]]",0,1,county_code_unverified|timezone_not_normalized_to_utc
514113,84980,2014,2014-04-30T18:50:00,2014-04-30T21:35:00,EST-5,2.75,34,34039,C,039,UNION,0,0,0,0,0.00,0.00,Heavy Rain,0,"[[40.7037,-74.3087],[40.6985,-74.3146],[40.6992,-74.3153],[40.7043,-74.3097]]",0,1,county_code_unverified|timezone_not_normalized_to_utc
514124,84980,2014,2014-04-30T17:30:00,2014-04-30T23:59:00,EST-5,6.483333333333333,34,34003,C,003,BERGEN,0,0,0,0,0.00,0.00,Heavy Rain,0,"[[41.0026,-74.1182],[40.9607,-74.1091],[40.9535,-74.1009],[40.9569,-74.0996],[40.9795,-74.1052],[41.0013,-74.1124]]",0,1,county_code_unverified|timezone_not_normalized_to_utc
514143,84980,2014,2014-04-30T21:45:00,2014-04-30T23:59:00,EST-5,2.2333333333333334,34,34003,C,003,BERGEN,0,0,0,0,0.00,0.00,Heavy Rain,0,"[[40.9824,-73.9931],[41.0093,-74.0139],[41.0196,-74.0003],[41.0013,-73.9982],[41.0001,-73.9833],[40.9813,-73.9871]]",0,1,county_code_unverified|timezone_not_normalized_to_utc
514154,84980,2014,2014-04-30T20:30:00,2014-04-30T23:59:00,EST-5,3.4833333333333334,34,34003,C,003,BERGEN,0,0,0,0,0.00,0.00,Heavy Rain,0,"[[40.892,-74.0809],[40.873,-74.0926],[40.8711,-74.0885],[40.8918,-74.0784]]",0,1,county_code_unverified|timezone_not_normalized_to_utc
514162,84980,2014,2014-04-30T16:00:00,2014-04-30T23:59:00,EST-5,7.983333333333333,34,34013,C,013,ESSEX,0,0,0,0,0.00,0.00,Heavy Rain,0,"[[40.675,-74.2219],[40.675,-74.2226],[40.6755,-74.223],[40.6756,-74.2222]]",0,1,county_code_unverified|timezone_not_normalized_to_utc
514184,85152,2014,2014-04-30T18:43:00,2014-04-30T21:23:00,EST-5,2.6666666666666665,36,36119,C,119,WESTCHESTER,0,0,0,0,0.00,0.00,Heavy Rain,0,"[[40.9516,-73.898],[40.9474,-73.8993],[40.9476,-73.9002],[40.9519,-73.8993]]",0,1,county_code_unverified|timezone_not_normalized_to_utc
514199,85152,2014,2014-04-30T19:36:00,2014-04-30T21:23:00,EST-5,1.7833333333333334,36,36119,C,119,WESTCHESTER,0,0,0,0,0.00,0.00,Heavy Rain,0,"[[41.0241,-73.7848],[41.0348,-73.778],[41.0347,-73.776],[41.0317,-73.7744],[41.0218,-73.7831]]",0,1,county_code_unverified|timezone_not_normalized_to_utc
514211,85152,2014,2014-04-30T20:45:00,2014-04-30T21:27:00,EST-5,0.7,36,36081,C,081,QUEENS,0,0,0,0,0.00,0.00,Heavy Rain,0,"[[40.6536,-73.8517],[40.6644,-73.8541],[40.6641,-73.8563],[40.6536,-73.853]]",0,1,county_code_unverified|timezone_not_normalized_to_utc
514219,85152,2014,2014-04-30T20:53:00,2014-04-30T21:23:00,EST-5,0.5,36,36119,C,119,WESTCHESTER,0,0,0,0,0.00,0.00,Heavy Rain,0,"[[41.0299,-73.6809],[41.0247,-73.6989],[41.0218,-73.6983],[41.0287,-73.6792]]",0,1,county_code_unverified|timezone_not_normalized_to_utc
514240,85152,2014,2014-04-30T22:30:00,2014-04-30T23:00:00,EST-5,0.5,36,36059,C,059,NASSAU,0,0,0,0,16000.00,0.00,Heavy Rain,0,"[[40.8067,-73.6573],[40.848,-73.652],[40.8481,-73.6528],[40.8064,-73.6589]]",0,1,county_code_unverified|timezone_not_normalized_to_utc
514255,85152,2014,2014-04-30T21:05:00,2014-04-30T21:27:00,EST-5,0.36666666666666664,36,36047,C,047,KINGS,0,0,0,0,0.00,0.00,Heavy Rain,0,"[[40.6693,-73.9556],[40.6727,-73.9531],[40.669,-73.9506],[40.6664,-73.9536]]",0,1,county_code_unverified|timezone_not_normalized_to_utc
514377,85164,2014,2014-04-14T09:00:00,2014-04-16T22:00:00,CST-6,61.0,55,55089,C,089,OZAUKEE,0,0,0,0,0.00,0.00,Heavy Rain,0,"[[43.4443,-87.9775],[43.3639,-87.9541],[43.3716,-87.9191],[43.419,-87.9325],[43.4447,-87.9675]]",0,1,county_code_unverified|timezone_not_normalized_to_utc
514400,85172,2014,2014-04-13T23:45:00,2014-04-19T05:30:00,EST-5,125.75,36,36045,C,045,JEFFERSON,0,0,0,0,250000.00,0.00,Heavy Rain / Snow Melt,0,"[[43.9902,-75.9244],[43.9805,-75.9003],[43.979,-75.8736],[43.9719,-75.8694],[43.9748,-75.9069],[43.9852,-75.9286]]",0,1,county_code_unverified|timezone_not_normalized_to_utc
514403,85172,2014,2014-04-15T11:15:00,2014-04-16T14:30:00,EST-5,27.25,36,36049,C,049,LEWIS,0,0,0,0,75000.00,0.00,Heavy Rain / Snow Melt,0,"[[43.5267,-75.3017],[43.5276,-75.3333],[43.5889,-75.3587],[43.5953,-75.3394]]",0,1,county_code_unverified|timezone_not_normalized_to_utc
514444,84853,2014,2014-05-16T07:20:00,2014-05-16T16:00:00,EST-5,8.666666666666666,42,42001,C,001,ADAMS,0,0,0,0,0.00,0.00,Heavy Rain,0,"[[39.932,-77.469],[39.725,-77.457],[39.725,-77.002],[39.929,-76.995],[40.053,-77.114]]",0,1,county_code_unverified|timezone_not_normalized_to_utc
514445,85178,2014,2014-05-24T09:30:00,2014-05-24T15:30:00,CST-6,6.0,20,20137,C,137,NORTON,0,0,0,0,0.00,0.00,Heavy Rain,0,"[[40.0,-99.99],[40.0017,-99.9899],[40.0017,-99.9942],[40.0002,-99.9941]]",0,1,county_code_unverified|timezone_not_normalized_to_utc
514448,85152,2014,2014-04-30T17:45:00,2014-04-30T23:59:00,EST-5,6.233333333333333,36,36087,C,087,ROCKLAND,0,0,0,0,0.00,0.00,Heavy Rain,0,"[[41.1424,-74.1157],[41.141,-74.1145],[41.1375,-74.1196],[41.1371,-74.1225],[41.138,-74.1226]]",0,1,county_code_unverified|timezone_not_normalized_to_utc
514449,85152,2014,2014-04-30T22:15:00,2014-04-30T23:59:00,EST-5,1.7333333333333334,36,36005,C,005,BRONX,0,0,0,0,0.00,0.00,Heavy Rain,0,"[[40.8637,-73.8732],[40.8614,-73.8745],[40.8619,-73.8757],[40.8638,-73.8747]]",0,1,county_code_unverified|timezone_not_normalized_to_utc
514452,84980,2014,2014-04-30T14:15:00,2014-04-30T23:59:00,EST-5,9.733333333333333,34,34039,C,039,UNION,0,0,0,0,0.00,0.00,Heavy Rain,0,"[[40.5982,-74.2476],[40.689,-74.2975],[40.6868,-74.3143],[40.6571,-74.3128],[40.6154,-74.2937],[40.5979,-74.2766]]",0,1,county_code_unverified|timezone_not_normalized_to_utc
514505,85067,2014,2014-06-25T16:30:00,2014-06-25T17:45:00,CST-6,1.25,05,05045,C,045,FAULKNER,0,0,0,0,1000.00,0.00,Heavy Rain,0,"[[35.2855,-92.439],[35.2939,-92.3126],[35.1286,-92.3591],[35.1391,-92.4774]]",0,1,county_code_unverified|timezone_not_normalized_to_utc
514542,85203,2014,2014-05-01T00:00:00,2014-05-01T04:57:00,EST-5,4.95,51,51113,C,113,MADISON,0,0,0,0,0.00,0.00,Heavy Rain,0,"[[38.3308,-78.0828],[38.3308,-78.086],[38.329,-78.0855],[38.3291,-78.0826]]",0,1,county_code_unverified|timezone_not_normalized_to_utc
514543,85202,2014,2014-05-01T00:00:00,2014-05-01T15:52:00,EST-5,15.866666666666667,24,24005,C,005,BALTIMORE,0,0,0,0,0.00,0.00,Heavy Rain,0,"[[39.557,-76.6317],[39.5538,-76.6436],[39.5482,-76.6417],[39.5499,-76.6338]]",0,1,county_code_unverified|timezone_not_normalized_to_utc
514544,85202,2014,2014-05-01T00:00:00,2014-05-01T07:01:00,EST-5,7.016666666666667,24,24027,C,027,HOWARD,0,0,0,0,0.00,0.00,Heavy Rain,0,"[[39.1313,-76.8172],[39.1311,-76.8212],[39.1294,-76.8213],[39.1293,-76.8184]]",0,1,county_code_unverified|timezone_not_normalized_to_utc
514545,85202,2014,2014-05-01T00:00:00,2014-05-01T09:50:00,EST-5,9.833333333333334,24,24027,C,027,HOWARD,0,0,0,0,0.00,0.00,Heavy Rain,0,"[[39.2211,-76.7278],[39.2206,-76.7307],[39.2195,-76.7305],[39.2196,-76.7293]]",0,1,county_code_unverified|timezone_not_normalized_to_utc
514546,85202,2014,2014-05-01T00:00:00,2014-05-01T05:57:00,EST-5,5.95,24,24005,C,005,BALTIMORE,0,0,0,0,0.00,0.00,Heavy Rain,0,"[[39.2508,-76.7581],[39.2507,-76.7608],[39.2495,-76.7607],[39.2497,-76.759]]",0,1,county_code_unverified|timezone_not_normalized_to_utc
514547,85202,2014,2014-05-01T00:00:00,2014-05-01T19:45:00,EST-5,19.75,24,24033,C,033,PRINCE GEORGE'S,0,0,0,0,0.00,0.00,Heavy Rain,0,"[[38.8118,-76.747],[38.8114,-76.7517],[38.8089,-76.7517],[38.8093,-76.7459]]",0,1,county_code_unverified|timezone_not_normalized_to_utc
514548,85202,2014,2014-05-01T00:00:00,2014-05-01T04:35:00,EST-5,4.583333333333333,24,24031,C,031,MONTGOMERY,0,0,0,0,0.00,0.00,Heavy Rain,0,"[[39.1963,-77.0008],[39.1938,-77.0108],[39.1891,-77.0104],[39.1889,-77.0031]]",0,1,county_code_unverified|timezone_not_normalized_to_utc
514551,83582,2014,2014-04-29T12:56:00,2014-04-29T18:56:00,CST-6,6.0,01,01095,C,095,MARSHALL,0,0,0,0,0.00,0.00,Heavy Rain,0,"[[34.21,-86.23],[34.2292,-86.2311],[34.2328,-86.2531],[34.2422,-86.3397],[34.1985,-86.3378]]",0,1,county_code_unverified|timezone_not_normalized_to_utc
514626,85164,2014,2014-04-12T13:00:00,2014-04-17T04:00:00,CST-6,111.0,55,55021,C,021,COLUMBIA,0,0,0,0,5000.00,0.00,Heavy Rain,0,"[[43.4323,-89.4912],[43.4744,-89.4136],[43.5401,-89.4411],[43.5429,-89.4888],[43.4478,-89.5025]]",0,1,county_code_unverified|timezone_not_normalized_to_utc
514673,83610,2014,2014-04-27T18:30:00,2014-04-27T21:30:00,CST-6,3.0,20,20091,C,091,JOHNSON,0,0,0,0,0.00,0.00,Heavy Rain,0,"[[38.914,-94.7169],[38.9132,-94.7168],[38.9136,-94.7136],[38.9139,-94.712],[38.9151,-94.7075],[38.9202,-94.7057],[38.9204,-94.7068]]",0,1,county_code_unverified|timezone_not_normalized_to_utc
515016,85248,2014,2014-04-30T04:00:00,2014-04-30T12:00:00,CST-6,8.0,01,01069,C,069,HOUSTON,0,0,0,0,818460.00,0.00,Heavy Rain,0,"[[31.29,-85.11],[31.29,-85.33],[31.27,-85.45],[31.08,-85.48],[30.997,-85.498],[31.0,-85.0]]",0,1,county_code_unverified|timezone_not_normalized_to_utc
515017,84694,2014,2014-04-30T17:09:00,2014-04-30T23:59:00,EST-5,6.833333333333333,51,51061,C,061,FAUQUIER,0,0,0,0,0.00,0.00,Heavy Rain,0,"[[38.6418,-77.6177],[38.6414,-77.6218],[38.6386,-77.6212],[38.6391,-77.6177]]",0,1,county_code_unverified|timezone_not_normalized_to_utc
515027,85256,2014,2014-04-08T12:00:00,2014-04-09T12:00:00,CST-6,24.0,01,01045,C,045,DALE,0,0,0,0,50000.00,0.00,Heavy Rain,0,"[[31.6,-85.43],[31.59,-85.78],[31.3,-85.76],[31.26,-85.71],[31.27,-85.52],[31.3,-85.44],[31.54,-85.42]]",0,1,county_code_unverified|timezone_not_normalized_to_utc
515030,85255,2014,2014-04-18T12:15:00,2014-04-18T21:00:00,CST-6,8.75,01,01061,C,061,GENEVA,0,0,0,0,0.00,0.00,Heavy Rain,0,"[[31.139,-86.04],[31.1305,-86.0161],[31.11,-86.0062],[31.0895,-86.0161],[31.0811,-86.04],[31.0895,-86.0639],[31.11,-86.0738],[31.1305,-86.0639]]",0,1,county_code_unverified|timezone_not_normalized_to_utc
515031,85255,2014,2014-04-18T14:20:00,2014-04-18T21:00:00,CST-6,6.666666666666667,01,01061,C,061,GENEVA,0,0,0,0,0.00,0.00,Heavy Rain,0,"[[31.0316,-86.1922],[31.0013,-86.1922],[31.0017,-86.1882],[31.0316,-86.1891]]",0,1,county_code_unverified|timezone_not_normalized_to_utc
515032,85255,2014,2014-04-18T12:45:00,2014-04-18T21:00:00,CST-6,8.25,01,01031,C,031,COFFEE,0,0,0,0,0.00,0.00,Heavy Rain,0,"[[31.21,-85.96],[31.2108,-85.986],[31.2339,-85.9818],[31.2298,-85.9579]]",0,1,county_code_unverified|timezone_not_normalized_to_utc
515033,85255,2014,2014-04-18T14:58:00,2014-04-18T21:00:00,CST-6,6.033333333333333,01,01045,C,045,DALE,0,0,0,0,0.00,0.00,Heavy Rain,0,"[[31.499,-85.6835],[31.4943,-85.6947],[31.4925,-85.6916],[31.4955,-85.645],[31.4991,-85.6455],[31.5017,-85.668]]",0,1,county_code_unverified|timezone_not_normalized_to_utc
515036,85255,2014,2014-04-18T15:10:00,2014-04-18T21:00:00,CST-6,5.833333333333333,01,01045,C,045,DALE,0,0,0,0,0.00,0.00,Heavy Rain,0,"[[31.45,-85.69],[31.449,-85.6989],[31.4373,-85.6961],[31.4399,-85.6882]]",0,1,county_code_unverified|timezone_not_normalized_to_utc
515037,84694,2014,2014-04-30T16:44:00,2014-04-30T21:23:00,EST-5,4.65,51,51510,C,510,ALEXANDRIA (C),0,0,0,0,0.00,0.00,Heavy Rain,0,"[[38.802,-77.0644],[38.8018,-77.0727],[38.7988,-77.0724],[38.7988,-77.0667]]",0,1,county_code_unverified|timezone_not_normalized_to_utc
515039,84693,2014,2014-04-30T16:42:00,2014-04-30T21:30:00,EST-5,4.8,24,24005,C,005,BALTIMORE,0,0,0,0,0.00,0.00,Heavy Rain,0,"[[39.5027,-76.425],[39.5021,-76.4323],[39.4986,-76.4315],[39.4989,-76.427]]",0,1,county_code_unverified|timezone_not_normalized_to_utc
515040,84693,2014,2014-04-30T15:34:00,2014-04-30T23:59:00,EST-5,8.416666666666666,24,24027,C,027,HOWARD,0,0,0,0,0.00,0.00,Heavy Rain,0,"[[39.1709,-76.8489],[39.1708,-76.8507],[39.1697,-76.8506],[39.1698,-76.8492]]",0,1,county_code_unverified|timezone_not_normalized_to_utc
515041,84693,2014,2014-04-30T21:18:00,2014-04-30T23:59:00,EST-5,2.683333333333333,24,24027,C,027,HOWARD,0,0,0,0,0.00,0.00,Heavy Rain,0,"[[39.1209,-76.8689],[39.1206,-76.8705],[39.1198,-76.8704],[39.1199,-76.8694]]",0,1,county_code_unverified|timezone_not_normalized_to_utc
515042,84693,2014,2014-04-30T14:39:00,2014-04-30T20:22:00,EST-5,5.716666666666667,24,24005,C,005,BALTIMORE,0,0,0,0,0.00,0.00,Heavy Rain,0,"[[39.311,-76.789],[39.3105,-76.7905],[39.3098,-76.7903],[39.3098,-76.7893]]",0,1,county_code_unverified|timezone_not_normalized_to_utc
515043,85258,2014,2014-04-30T11:55:00,2014-04-30T23:59:00,EST-5,12.066666666666666,11,11001,C,001,DISTRICT OF COLUMBIA,0,0,0,0,0.00,0.00,Heavy Rain,0,"[[38.972,-77.0382],[38.9716,-77.0416],[38.9695,-77.0415],[38.9697,-77.0386]]",0,1,county_code_unverified|timezone_not_normalized_to_utc
515048,84693,2014,2014-04-30T18:55:00,2014-04-30T20:20:00,EST-5,1.4166666666666667,24,24033,C,033,PRINCE GEORGE'S,0,0,0,0,0.00,0.00,Heavy Rain,0,"[[38.9612,-76.9277],[38.9608,-76.9305],[38.9596,-76.9305],[38.9597,-76.9281]]",0,1,county_code_unverified|timezone_not_normalized_to_utc
515050,84694,2014,2014-04-30T19:15:00,2014-04-30T20:18:00,EST-5,1.05,51,51047,C,047,CULPEPER,0,0,0,0,0.00,0.00,Heavy Rain,0,"[[38.5937,-77.9653],[38.593,-77.9727],[38.5882,-77.973],[38.5894,-77.9638]]",0,1,county_code_unverified|timezone_not_normalized_to_utc
515077,84694,2014,2014-04-30T11:37:00,2014-04-30T14:10:00,EST-5,2.55,51,51107,C,107,LOUDOUN,0,0,0,0,0.00,0.00,Heavy Rain,0,"[[39.1942,-77.6157],[39.1927,-77.6227],[39.189,-77.6214],[39.1896,-77.6173]]",0,1,county_code_unverified|timezone_not_normalized_to_utc
515079,84693,2014,2014-04-30T14:54:00,2014-04-30T21:42:00,EST-5,6.8,24,24510,C,510,BALTIMORE CITY (C),0,0,0,0,0.00,0.00,Heavy Rain,0,"[[39.2714,-76.6481],[39.2711,-76.651],[39.2696,-76.6508],[39.2697,-76.6485]]",0,1,county_code_unverified|timezone_not_normalized_to_utc
515082,85262,2014,2014-05-01T00:00:00,2014-05-01T06:57:00,EST-5,6.95,11,11001,C,001,DISTRICT OF COLUMBIA,0,0,0,0,0.00,0.00,Heavy Rain,0,"[[38.9713,-77.0379],[38.9708,-77.0405],[38.9692,-77.0411],[38.9693,-77.0385]]",0,1,county_code_unverified|timezone_not_normalized_to_utc
515084,85202,2014,2014-05-01T00:00:00,2014-05-01T00:10:00,EST-5,0.16666666666666666,24,24027,C,027,HOWARD,0,0,0,0,0.00,0.00,Heavy Rain,0,"[[39.1702,-76.8496],[39.1702,-76.8501],[39.1699,-76.8501],[39.1699,-76.8497]]",0,1,county_code_unverified|timezone_not_normalized_to_utc
515085,85202,2014,2014-05-01T00:00:00,2014-05-01T12:26:00,EST-5,12.433333333333334,24,24027,C,027,HOWARD,0,0,0,0,0.00,0.00,Heavy Rain,0,"[[39.1209,-76.869],[39.1206,-76.8708],[39.1197,-76.8705],[39.1199,-76.8693]]",0,1,county_code_unverified|timezone_not_normalized_to_utc
515198,84947,2014,2014-05-30T07:00:00,2014-05-31T23:00:00,CST-6,40.0,22,22113,C,113,VERMILION,0,0,0,0,0.00,0.00,Heavy Rain,0,"[[30.13,-92.25],[30.1331,-92.2177],[30.1407,-92.2168],[30.144,-92.2443],[30.1438,-92.2699]]",0,1,county_code_unverified|timezone_not_normalized_to_utc
515365,85257,2014,2014-04-07T13:30:00,2014-04-07T16:30:00,EST-5,3.0,13,13095,C,095,DOUGHERTY,0,0,0,0,0.00,0.00,Heavy Rain,0,"[[31.5845,-84.17],[31.5802,-84.158],[31.57,-84.153],[31.5598,-84.158],[31.5555,-84.17],[31.5598,-84.182],[31.57,-84.187],[31.5802,-84.182]]",0,1,county_code_unverified|timezone_not_normalized_to_utc
515367,85257,2014,2014-04-07T13:45:00,2014-04-07T20:00:00,EST-5,6.25,13,13321,C,321,WORTH,0,0,0,0,0.00,0.00,Heavy Rain,0,"[[31.37,-83.94],[31.4264,-83.974],[31.5002,-83.9836],[31.485,-83.7351],[31.3784,-83.7447]]",0,1,county_code_unverified|timezone_not_normalized_to_utc
515368,85257,2014,2014-04-07T14:30:00,2014-04-08T00:00:00,EST-5,9.5,13,13095,C,095,DOUGHERTY,0,0,0,0,0.00,0.00,Heavy Rain,0,"[[31.46,-84.0],[31.4602,-83.9798],[31.476,-83.9804],[31.4796,-84.0095],[31.4814,-84.0276]]",0,1,county_code_unverified|timezone_not_normalized_to_utc
515370,85257,2014,2014-04-07T16:00:00,2014-04-08T00:00:00,EST-5,8.0,13,13321,C,321,WORTH,0,0,0,0,0.00,0.00,Heavy Rain,0,"[[31.39,-83.77],[31.387,-83.7744],[31.3903,-83.7753],[31.3913,-83.7711]]",0,1,county_code_unverified|timezone_not_normalized_to_utc
515383,85310,2014,2014-05-02T00:00:00,2014-05-03T00:00:00,CST-6,24.0,12,12005,C,005,BAY,0,0,0,0,5000000.00,0.00,Dam / Levee Break,0,"[[30.2766,-85.9799],[30.2795,-85.9905],[30.2674,-85.9927],[30.264,-85.9835]]",0,1,county_code_unverified|timezone_not_normalized_to_utc
515450,85336,2014,2014-04-30T18:00:00,2014-04-30T23:55:00,EST-5,5.916666666666667,21,21017,C,017,BOURBON,0,0,0,0,0.00,0.00,Heavy Rain,0,"[[38.22,-84.25],[38.2221,-84.2512],[38.2211,-84.2467],[38.2197,-84.2475]]",0,1,county_code_unverified|timezone_not_normalized_to_utc
515451,85337,2014,2014-05-01T00:00:00,2014-05-01T20:30:00,CST-6,20.5,21,21031,C,031,BUTLER,0,0,0,0,0.00,0.00,Heavy Rain,0,"[[37.1848,-86.6363],[37.1877,-86.6296],[37.184,-86.628],[37.1826,-86.634]]",0,1,county_code_unverified|timezone_not_normalized_to_utc
515452,85337,2014,2014-05-01T15:00:00,2014-05-01T15:30:00,CST-6,0.5,21,21031,C,031,BUTLER,0,0,0,0,0.00,0.00,Heavy Rain,0,"[[37.2088,-86.8957],[37.2152,-86.8984],[37.2173,-86.8931],[37.2117,-86.8892]]",0,1,county_code_unverified|timezone_not_normalized_to_utc
515453,85338,2014,2014-04-30T11:00:00,2014-04-30T23:59:00,EST-5,12.983333333333333,21,21179,C,179,NELSON,0,0,0,0,0.00,0.00,Heavy Rain,0,"[[37.78,-85.67],[37.785,-85.6735],[37.7852,-85.6697],[37.7832,-85.6664]]",0,1,county_code_unverified|timezone_not_normalized_to_utc
515455,85260,2014,2014-04-30T06:00:00,2014-04-30T23:59:00,CST-6,17.983333333333334,12,12131,C,131,WALTON,0,0,0,0,1760000.00,0.00,Heavy Rain,0,"[[30.99,-86.39],[30.3775,-86.3901],[30.27,-86.0],[30.5,-85.85],[30.7,-85.85],[30.99,-86.035]]",0,1,county_code_unverified|timezone_not_normalized_to_utc
515461,83594,2014,2014-04-27T10:30:00,2014-04-30T23:59:00,CST-6,85.48333333333333,05,05147,C,147,WOODRUFF,0,0,0,0,5000.00,0.00,Heavy Rain,0,"[[35.3084,-91.3664],[35.2869,-91.4021],[35.2476,-91.4021],[35.2552,-91.3623]]",0,1,county_code_unverified|timezone_not_normalized_to_utc
515462,85260,2014,2014-04-30T05:30:00,2014-04-30T23:59:00,CST-6,18.483333333333334,12,12059,C,059,HOLMES,0,0,0,0,945000.00,0.00,Heavy Rain,0,"[[30.997,-86.035],[30.704,-86.035],[30.704,-85.619],[30.997,-85.498]]",0,1,county_code_unverified|timezone_not_normalized_to_utc
515464,83594,2014,2014-04-28T03:30:00,2014-04-28T16:30:00,CST-6,13.0,05,05063,C,063,INDEPENDENCE,0,0,0,0,0.00,0.00,Heavy Rain,0,"[[35.77,-91.65],[35.7744,-91.6926],[35.7458,-91.7036],[35.7198,-91.5927],[35.7499,-91.591]]",0,1,county_code_unverified|timezone_not_normalized_to_utc
515466,83594,2014,2014-04-28T00:30:00,2014-04-28T15:15:00,CST-6,14.75,05,05135,C,135,SHARP,0,0,0,0,1000.00,0.00,Heavy Rain,0,"[[36.32,-91.48],[36.333,-91.4971],[36.323,-91.5165],[36.2987,-91.4691],[36.3088,-91.4468]]",0,1,county_code_unverified|timezone_not_normalized_to_utc
515467,85260,2014,2014-04-30T06:15:00,2014-04-30T23:59:00,CST-6,17.733333333333334,12,12133,C,133,WASHINGTON,0,0,0,0,2160000.00,0.00,Heavy Rain,0,"[[30.3895,-85.992],[30.44,-85.85],[30.44,-85.434],[30.83,-85.434],[30.83,-85.599],[30.79,-85.82],[30.65,-85.992]]",0,1,county_code_unverified|timezone_not_normalized_to_utc
515473,83051,2014,2014-04-14T05:15:00,2014-04-14T14:15:00,CST-6,9.0,05,05125,C,125,SALINE,0,0,0,0,0.00,0.00,Heavy Rain,0,"[[34.5434,-92.6017],[34.5343,-92.5917],[34.5278,-92.6051],[34.555,-92.6285],[34.5694,-92.6271],[34.5764,-92.6065]]",0,1,county_code_unverified|timezone_not_normalized_to_utc
515476,83051,2014,2014-04-16T12:00:00,2014-04-20T13:00:00,CST-6,97.0,05,05103,C,103,OUACHITA,0,0,0,0,5000.00,0.00,Heavy Rain,0,"[[33.5606,-92.8025],[33.5479,-92.7869],[33.5549,-92.7603],[33.5852,-92.7916],[33.5969,-92.8067],[33.6015,-92.8413]]",0,1,county_code_unverified|timezone_not_normalized_to_utc
515480,85342,2014,2014-04-01T23:00:00,2014-04-04T22:00:00,CST-6,71.0,05,05147,C,147,WOODRUFF,0,0,0,0,2000.00,0.00,Heavy Rain,0,"[[35.2385,-91.237],[35.2397,-91.2516],[35.2891,-91.247],[35.2832,-91.2236]]",0,1,county_code_unverified|timezone_not_normalized_to_utc
515481,85343,2014,2014-04-07T09:00:00,2014-04-26T17:00:00,CST-6,464.0,05,05147,C,147,WOODRUFF,0,0,0,0,5000.00,0.00,Heavy Rain,0,"[[35.2855,-91.2222],[35.2905,-91.2497],[35.2428,-91.2593],[35.2378,-91.2291]]",0,1,county_code_unverified|timezone_not_normalized_to_utc
515482,85343,2014,2014-04-09T05:30:00,2014-04-27T06:30:00,CST-6,433.0,05,05147,C,147,WOODRUFF,0,0,0,0,10000.00,0.00,Heavy Rain,0,"[[35.3185,-91.3678],[35.3104,-91.4083],[35.2252,-91.4042],[35.2379,-91.3623]]",0,1,county_code_unverified|timezone_not_normalized_to_utc
515483,85260,2014,2014-04-30T07:00:00,2014-04-30T23:59:00,CST-6,16.983333333333334,12,12063,C,063,JACKSON,0,0,0,0,6690000.00,0.00,Heavy Rain,0,"[[30.83,-85.599],[30.567,-85.435],[30.567,-85.172],[30.606,-84.932],[30.709,-84.863],[31.0,-85.0],[30.99,-85.599]]",0,1,county_code_unverified|timezone_not_normalized_to_utc
515484,85260,2014,2014-04-30T10:00:00,2014-04-30T23:59:00,CST-6,13.983333333333333,12,12013,C,013,CALHOUN,0,0,0,0,3240000.00,0.00,Heavy Rain,0,"[[30.567,-85.384],[30.201,-85.384],[30.201,-85.081],[30.606,-84.932],[30.609,-85.173],[30.567,-85.176]]",0,1,county_code_unverified|timezone_not_normalized_to_utc
515485,85260,2014,2014-04-30T10:00:00,2014-04-30T23:59:00,CST-6,13.983333333333333,12,12005,C,005,BAY,0,0,0,0,1840000.00,0.00,Heavy Rain,0,"[[30.27,-86.0],[30.3895,-85.992],[30.44,-85.854],[30.44,-85.488],[30.567,-85.488],[30.567,-85.384],[29.92,-85.388],[30.119,-85.73]]",0,1,county_code_unverified|timezone_not_normalized_to_utc
515488,85260,2014,2014-04-30T10:00:00,2014-04-30T23:59:00,EST-5,13.983333333333333,12,12067,C,067,LAFAYETTE,0,0,0,0,856000.00,0.00,Heavy Rain,0,"[[30.26,-83.367],[29.888,-83.367],[29.888,-83.353],[29.822,-83.353],[29.822,-82.892],[29.895,-82.867],[30.044,-83.02],[30.26,-83.252]]",0,1,county_code_unverified|timezone_not_normalized_to_utc
515496,85260,2014,2014-04-30T10:00:00,2014-04-30T23:59:00,EST-5,13.983333333333333,12,12029,C,029,DIXIE,0,0,0,0,399000.00,0.00,Heavy Rain,0,"[[29.822,-83.319],[29.667,-83.413],[29.517,-83.4],[29.297,-83.164],[29.3679,-83.0086],[29.46,-82.98],[29.589,-82.937],[29.822,-82.919]]",0,1,county_code_unverified|timezone_not_normalized_to_utc
515497,85345,2014,2014-04-24T06:00:00,2014-04-24T09:00:00,PST-8,3.0,53,53069,C,069,WAHKIAKUM,0,0,0,0,0.00,0.00,Heavy Rain,0,"[[46.33,-123.6614],[46.3351,-123.6226],[46.3249,-123.6226],[46.3147,-123.6522]]",0,1,county_code_unverified|timezone_not_normalized_to_utc
515545,85309,2014,2014-04-18T17:00:00,2014-04-19T00:00:00,CST-6,7.0,12,12059,C,059,HOLMES,0,0,0,0,0.00,0.00,Heavy Rain,0,"[[30.98,-85.6],[30.9784,-85.598],[30.9797,-85.5969],[30.981,-85.5982]]",0,1,county_code_unverified|timezone_not_normalized_to_utc
515546,85309,2014,2014-04-18T17:00:00,2014-04-19T00:00:00,CST-6,7.0,12,12059,C,059,HOLMES,0,0,0,0,0.00,0.00,Heavy Rain,0,"[[30.9455,-85.5337],[30.9453,-85.529],[30.9475,-85.529],[30.9477,-85.5338]]",0,1,county_code_unverified|timezone_not_normalized_to_utc
515547,85309,2014,2014-04-18T17:00:00,2014-04-19T00:00:00,CST-6,7.0,12,12059,C,059,HOLMES,0,0,0,0,0.00,0.00,Heavy Rain,0,"[[30.87,-85.69],[30.8686,-85.6911],[30.8673,-85.6899],[30.8688,-85.6881]]",0,1,county_code_unverified|timezone_not_normalized_to_utc
515548,85309,2014,2014-04-18T17:00:00,2014-04-19T00:00:00,CST-6,7.0,12,12059,C,059,HOLMES,0,0,0,0,0.00,0.00,Heavy Rain,0,"[[30.9199,-85.5867],[30.9165,-85.5856],[30.9161,-85.5664],[30.9215,-85.5596],[30.9235,-85.5615]]",0,1,county_code_unverified|timezone_not_normalized_to_utc
515549,85309,2014,2014-04-18T17:00:00,2014-04-19T00:00:00,CST-6,7.0,12,12059,C,059,HOLMES,0,0,0,0,0.00,0.00,Heavy Rain,0,"[[30.9925,-85.9991],[30.9743,-85.9999],[30.9745,-85.9946],[30.9922,-85.9949]]",0,1,county_code_unverified|timezone_not_normalized_to_utc
515550,85309,2014,2014-04-18T17:00:00,2014-04-19T00:00:00,CST-6,7.0,12,12059,C,059,HOLMES,0,0,0,0,0.00,0.00,Heavy Rain,0,"[[30.9404,-85.6355],[30.9318,-85.6326],[30.9285,-85.6182],[30.9393,-85.6163]]",0,1,county_code_unverified|timezone_not_normalized_to_utc
515551,85309,2014,2014-04-18T17:00:00,2014-04-19T00:00:00,CST-6,7.0,12,12059,C,059,HOLMES,0,0,0,0,0.00,0.00,Heavy Rain,0,"[[30.8515,-85.6999],[30.8495,-85.6998],[30.8494,-85.6865],[30.8514,-85.6874]]",0,1,county_code_unverified|timezone_not_normalized_to_utc
515552,85309,2014,2014-04-18T17:00:00,2014-04-19T00:00:00,CST-6,7.0,12,12059,C,059,HOLMES,0,0,0,0,0.00,0.00,Heavy Rain,0,"[[30.9,-85.69],[30.9184,-85.6935],[30.9154,-85.6992],[30.8883,-85.6923],[30.8804,-85.6855],[30.8847,-85.681]]",0,1,county_code_unverified|timezone_not_normalized_to_utc
515553,85309,2014,2014-04-18T17:00:00,2014-04-19T00:00:00,CST-6,7.0,12,12059,C,059,HOLMES,0,0,0,0,0.00,0.00,Heavy Rain,0,"[[30.91,-85.97],[30.9081,-85.9632],[30.9106,-85.9624],[30.912,-85.9683]]",0,1,county_code_unverified|timezone_not_normalized_to_utc
515554,85309,2014,2014-04-18T17:00:00,2014-04-19T00:00:00,CST-6,7.0,12,12059,C,059,HOLMES,0,0,0,0,0.00,0.00,Heavy Rain,0,"[[30.8219,-85.7445],[30.8138,-85.7428],[30.8159,-85.7395],[30.8217,-85.7407]]",0,1,county_code_unverified|timezone_not_normalized_to_utc
515555,85309,2014,2014-04-18T17:00:00,2014-04-19T00:00:00,CST-6,7.0,12,12059,C,059,HOLMES,0,0,0,0,0.00,0.00,Heavy Rain,0,"[[30.8787,-85.7153],[30.8813,-85.7143],[30.8815,-85.7194],[30.8796,-85.7231]]",0,1,county_code_unverified|timezone_not_normalized_to_utc
515556,85309,2014,2014-04-18T17:00:00,2014-04-19T00:00:00,CST-6,7.0,12,12059,C,059,HOLMES,0,0,0,0,0.00,0.00,Heavy Rain,0,"[[30.8,-85.82],[30.7935,-85.8166],[30.7987,-85.8118],[30.8036,-85.819]]",0,1,county_code_unverified|timezone_not_normalized_to_utc
515557,85309,2014,2014-04-18T17:00:00,2014-04-19T00:00:00,CST-6,7.0,12,12059,C,059,HOLMES,0,0,0,0,0.00,0.00,Heavy Rain,0,"[[30.92,-85.72],[30.9151,-85.7226],[30.9147,-85.7159],[30.9203,-85.7166]]",0,1,county_code_unverified|timezone_not_normalized_to_utc
515558,85309,2014,2014-04-18T11:45:00,2014-04-19T00:00:00,CST-6,12.25,12,12131,C,131,WALTON,0,0,0,0,0.00,0.00,Heavy Rain,0,"[[30.9874,-86.2069],[30.9853,-86.2053],[30.9871,-86.2005],[30.9885,-86.2057]]",0,1,county_code_unverified|timezone_not_normalized_to_utc
515559,85309,2014,2014-04-18T11:45:00,2014-04-19T00:00:00,CST-6,12.25,12,12131,C,131,WALTON,0,0,0,0,0.00,0.00,Heavy Rain,0,"[[30.99,-86.27],[30.9867,-86.2724],[30.9842,-86.2701],[30.9845,-86.2663],[30.9896,-86.2667]]",0,1,county_code_unverified|timezone_not_normalized_to_utc
515560,85309,2014,2014-04-18T11:45:00,2014-04-19T00:00:00,CST-6,12.25,12,12131,C,131,WALTON,0,0,0,0,0.00,0.00,Heavy Rain,0,"[[30.62,-86.07],[30.6192,-86.063],[30.6219,-86.064],[30.6218,-86.07]]",0,1,county_code_unverified|timezone_not_normalized_to_utc
515561,85309,2014,2014-04-18T11:45:00,2014-04-19T00:00:00,CST-6,12.25,12,12131,C,131,WALTON,0,0,0,0,0.00,0.00,Heavy Rain,0,"[[30.84,-86.29],[30.8369,-86.2909],[30.837,-86.294],[30.8402,-86.2939]]",0,1,county_code_unverified|timezone_not_normalized_to_utc
515562,85309,2014,2014-04-18T12:09:00,2014-04-19T00:00:00,CST-6,11.85,12,12131,C,131,WALTON,0,0,0,0,0.00,0.00,Heavy Rain,0,"[[30.9332,-86.3746],[30.9287,-86.3743],[30.9276,-86.3499],[30.9334,-86.3492]]",0,1,county_code_unverified|timezone_not_normalized_to_utc
515563,85309,2014,2014-04-18T12:09:00,2014-04-19T00:00:00,CST-6,11.85,12,12131,C,131,WALTON,0,0,0,0,0.00,0.00,Heavy Rain,0,"[[30.9603,-86.244],[30.9569,-86.2416],[30.9577,-86.22],[30.9608,-86.2203]]",0,1,county_code_unverified|timezone_not_normalized_to_utc
515564,85309,2014,2014-04-18T12:09:00,2014-04-19T00:00:00,CST-6,11.85,12,12131,C,131,WALTON,0,0,0,0,0.00,0.00,Heavy Rain,0,"[[30.9937,-86.2058],[30.9882,-86.2073],[30.9886,-86.2096],[30.9938,-86.2084]]",0,1,county_code_unverified|timezone_not_normalized_to_utc
515565,85309,2014,2014-04-18T12:09:00,2014-04-19T00:00:00,CST-6,11.85,12,12131,C,131,WALTON,0,0,0,0,0.00,0.00,Heavy Rain,0,"[[30.9933,-86.2577],[30.9789,-86.2502],[30.9539,-86.2471],[30.9436,-86.242],[30.9484,-86.2297],[30.9804,-86.2396],[30.9928,-86.2498]]",0,1,county_code_unverified|timezone_not_normalized_to_utc
515566,85309,2014,2014-04-18T12:09:00,2014-04-19T00:00:00,CST-6,11.85,12,12131,C,131,WALTON,0,0,0,0,0.00,0.00,Heavy Rain,0,"[[30.9913,-86.2064],[30.9867,-86.2072],[30.9867,-86.2028],[30.9912,-86.2014]]",0,1,county_code_unverified|timezone_not_normalized_to_utc
515567,85309,2014,2014-04-18T13:20:00,2014-04-19T00:00:00,CST-6,10.666666666666666,12,12131,C,131,WALTON,0,0,0,0,0.00,0.00,Heavy Rain,0,"[[30.9929,-86.0532],[30.9826,-86.0463],[30.9837,-86.0403],[30.9929,-86.0464]]",0,1,county_code_unverified|timezone_not_normalized_to_utc
515568,85309,2014,2014-04-18T13:20:00,2014-04-19T00:00:00,CST-6,10.666666666666666,12,12131,C,131,WALTON,0,0,0,0,0.00,0.00,Heavy Rain,0,"[[30.9923,-86.1052],[30.9724,-86.1019],[30.9704,-86.0969],[30.9919,-86.0936]]",0,1,county_code_unverified|timezone_not_normalized_to_utc
515569,85309,2014,2014-04-18T13:20:00,2014-04-19T00:00:00,CST-6,10.666666666666666,12,12131,C,131,WALTON,0,0,0,0,0.00,0.00,Heavy Rain,0,"[[30.9769,-86.1634],[30.9695,-86.1959],[30.9507,-86.192],[30.9651,-86.1641],[30.9732,-86.1582]]",0,1,county_code_unverified|timezone_not_normalized_to_utc
515570,85309,2014,2014-04-18T13:20:00,2014-04-19T00:00:00,CST-6,10.666666666666666,12,12131,C,131,WALTON,0,0,0,0,0.00,0.00,Heavy Rain,0,"[[30.4409,-86.0748],[30.4145,-86.0211],[30.4392,-85.9419],[30.4712,-85.9615],[30.4824,-86.1129]]",0,1,county_code_unverified|timezone_not_normalized_to_utc
515571,85309,2014,2014-04-18T13:45:00,2014-04-19T00:00:00,CST-6,10.25,12,12131,C,131,WALTON,0,0,0,0,0.00,0.00,Heavy Rain,0,"[[30.395,-86.197],[30.3907,-86.1973],[30.3909,-86.1955],[30.3947,-86.1951]]",0,1,county_code_unverified|timezone_not_normalized_to_utc
515572,85309,2014,2014-04-18T13:45:00,2014-04-19T00:00:00,CST-6,10.25,12,12131,C,131,WALTON,0,0,0,0,0.00,0.00,Heavy Rain,0,"[[30.69,-86.15],[30.6878,-86.1542],[30.6841,-86.1481],[30.6858,-86.1463]]",0,1,county_code_unverified|timezone_not_normalized_to_utc
515573,85309,2014,2014-04-18T13:45:00,2014-04-19T00:00:00,CST-6,10.25,12,12131,C,131,WALTON,0,0,0,0,0.00,0.00,Heavy Rain,0,"[[30.9709,-86.2653],[30.9628,-86.2646],[30.9628,-86.283],[30.9712,-86.2815]]",0,1,county_code_unverified|timezone_not_normalized_to_utc
515574,85309,2014,2014-04-18T13:53:00,2014-04-19T00:00:00,CST-6,10.116666666666667,12,12131,C,131,WALTON,0,0,0,0,0.00,0.00,Heavy Rain,0,"[[30.6462,-86.0484],[30.5783,-86.0344],[30.5788,-86.0242],[30.6263,-86.0284],[30.6444,-86.0382]]",0,1,county_code_unverified|timezone_not_normalized_to_utc
515606,85363,2014,2014-04-30T07:50:00,2014-04-30T11:00:00,EST-5,3.1666666666666665,51,51770,C,770,ROANOKE (C),0,0,0,0,0.00,0.00,Heavy Rain,0,"[[37.2572,-79.955],[37.2561,-79.9519],[37.2568,-79.9515],[37.2579,-79.9543]]",0,1,county_code_unverified|timezone_not_normalized_to_utc
515617,84998,2014,2014-04-15T18:00:00,2014-04-16T07:00:00,EST-5,13.0,33,33007,C,007,COOS,0,0,0,0,1900000.00,0.00,Heavy Rain,0,"[[44.7778,-71.5695],[44.7732,-71.5759],[44.7653,-71.5538],[44.7718,-71.5433],[44.7795,-71.557]]",0,1,county_code_unverified|timezone_not_normalized_to_utc
515620,84998,2014,2014-04-15T18:00:00,2014-04-16T07:00:00,EST-5,13.0,33,33003,C,003,CARROLL,0,0,0,0,156000.00,0.00,Heavy Rain,0,"[[43.9642,-71.1003],[43.9516,-71.1018],[43.9681,-71.1155],[43.9724,-71.1118]]",0,1,county_code_unverified|timezone_not_normalized_to_utc
515623,85009,2014,2014-04-02T21:15:00,2014-04-02T23:15:00,EST-5,2.0,18,18083,C,083,KNOX,0,0,0,0,1000.00,1000.00,Heavy Rain,0,"[[38.8891,-87.1927],[38.8909,-87.1952],[38.8881,-87.1995],[38.8863,-87.197]]",0,1,county_code_unverified|timezone_not_normalized_to_utc
515624,85009,2014,2014-04-03T08:48:00,2014-04-03T11:00:00,EST-5,2.2,18,18101,C,101,MARTIN,0,0,0,0,500.00,500.00,Heavy Rain,0,"[[38.7549,-86.7583],[38.757,-86.7593],[38.7571,-86.755],[38.755,-86.7544]]",0,1,county_code_unverified|timezone_not_normalized_to_utc
515625,85009,2014,2014-04-03T09:38:00,2014-04-03T12:00:00,EST-5,2.3666666666666667,18,18157,C,157,TIPPECANOE,0,0,0,0,1000.00,500.00,Heavy Rain,0,"[[40.4672,-87.0412],[40.4673,-87.0427],[40.4683,-87.0427],[40.4683,-87.0411]]",0,1,county_code_unverified|timezone_not_normalized_to_utc
515626,85009,2014,2014-04-03T10:22:00,2014-04-03T13:00:00,EST-5,2.6333333333333333,18,18057,C,057,HAMILTON,0,0,0,0,1000.00,0.00,Heavy Rain,0,"[[39.9719,-86.1588],[39.971,-86.1593],[39.9706,-86.1532],[39.9716,-86.1529]]",0,1,county_code_unverified|timezone_not_normalized_to_utc
515627,85009,2014,2014-04-03T10:55:00,2014-04-03T13:00:00,EST-5,2.0833333333333335,18,18011,C,011,BOONE,0,0,0,0,500.00,0.00,Heavy Rain,0,"[[39.8852,-86.3194],[39.8853,-86.3182],[39.8868,-86.3179],[39.8867,-86.3197]]",0,1,county_code_unverified|timezone_not_normalized_to_utc
515628,85009,2014,2014-04-03T11:15:00,2014-04-03T13:00:00,EST-5,1.75,18,18097,C,097,MARION,0,0,0,0,1000.00,0.00,Heavy Rain,0,"[[39.8626,-86.1178],[39.8626,-86.1172],[39.8622,-86.1171],[39.8622,-86.1178]]",0,1,county_code_unverified|timezone_not_normalized_to_utc
515629,85009,2014,2014-04-03T11:21:00,2014-04-03T14:00:00,EST-5,2.65,18,18063,C,063,HENDRICKS,0,0,0,0,1000.00,1000.00,Heavy Rain,0,"[[39.8444,-86.3997],[39.8449,-86.4014],[39.8439,-86.4019],[39.8434,-86.4001]]",0,1,county_code_unverified|timezone_not_normalized_to_utc
515632,85009,2014,2014-04-03T11:34:00,2014-04-03T14:00:00,EST-5,2.433333333333333,18,18057,C,057,HAMILTON,0,0,0,0,10000.00,1000.00,Heavy Rain,0,"[[39.952,-86.2039],[39.9504,-86.2039],[39.9502,-86.2029],[39.9519,-86.2029]]",0,1,county_code_unverified|timezone_not_normalized_to_utc
515633,85009,2014,2014-04-03T11:46:00,2014-04-03T14:00:00,EST-5,2.2333333333333334,18,18057,C,057,HAMILTON,0,0,0,0,1000.00,0.00,Heavy Rain,0,"[[39.9708,-86.0611],[39.9708,-86.0551],[39.9684,-86.0575],[39.969,-86.062]]",0,1,county_code_unverified|timezone_not_normalized_to_utc
515634,85009,2014,2014-04-03T13:13:00,2014-04-03T15:00:00,EST-5,1.7833333333333334,18,18097,C,097,MARION,0,0,0,0,500.00,500.00,Heavy Rain,0,"[[39.6282,-86.2556],[39.6279,-86.2545],[39.6269,-86.2551],[39.6272,-86.2561]]",0,1,county_code_unverified|timezone_not_normalized_to_utc
515636,85009,2014,2014-04-05T01:45:00,2014-04-05T16:40:00,EST-5,14.916666666666666,18,18105,C,105,MONROE,0,0,2,0,8000.00,1000.00,Heavy Rain,2,"[[39.3258,-86.6463],[39.3253,-86.6489],[39.3221,-86.6475],[39.3229,-86.6442]]",0,1,county_code_unverified|timezone_not_normalized_to_utc
515807,85400,2014,2014-06-04T22:51:00,2014-06-05T04:51:00,EST-5,6.0,21,21175,C,175,MORGAN,0,0,0,0,1000.00,1000.00,Heavy Rain,0,"[[37.96,-83.13],[37.9621,-83.1696],[37.9402,-83.1696],[37.946,-83.1299]]",0,1,county_code_unverified|timezone_not_normalized_to_utc
515808,85400,2014,2014-06-04T22:58:00,2014-06-05T04:58:00,EST-5,6.0,21,21175,C,175,MORGAN,0,0,0,0,1000.00,1000.00,Heavy Rain,0,"[[37.98,-83.16],[38.0855,-83.2008],[38.1131,-83.1184],[38.0287,-83.0869]]",0,1,county_code_unverified|timezone_not_normalized_to_utc
516271,85476,2014,2014-05-19T20:39:00,2014-05-19T22:45:00,CST-6,2.1,55,55019,C,019,CLARK,0,0,0,0,0.00,0.00,Heavy Rain,0,"[[44.8279,-90.9187],[44.8295,-90.3172],[44.5129,-90.3161],[44.5132,-90.9189]]",0,1,county_code_unverified|timezone_not_normalized_to_utc
516275,85476,2014,2014-05-20T04:00:00,2014-05-20T18:45:00,CST-6,14.75,55,55053,C,053,JACKSON,0,0,0,0,0.00,0.00,Heavy Rain,0,"[[44.3063,-90.8339],[44.2967,-90.8465],[44.2888,-90.8484],[44.2895,-90.8559],[44.2874,-90.8557],[44.287,-90.8448],[44.2959,-90.8429],[44.3043,-90.8307]]",0,1,county_code_unverified|timezone_not_normalized_to_utc
516276,85479,2014,2014-05-02T03:45:00,2014-05-03T06:15:00,CST-6,26.5,55,55121,C,121,TREMPEALEAU,0,0,0,0,0.00,0.00,Heavy Rain,0,"[[44.0591,-91.2846],[44.063,-91.277],[44.0642,-91.2803],[44.0616,-91.2847],[44.0662,-91.3067],[44.0634,-91.3112],[44.0636,-91.3066]]",0,1,county_code_unverified|timezone_not_normalized_to_utc
516277,85479,2014,2014-05-04T06:00:00,2014-05-08T07:00:00,CST-6,97.0,55,55063,C,063,LA CROSSE,0,0,0,0,0.00,0.00,Heavy Rain,0,"[[43.808,-91.2575],[43.7977,-91.2592],[43.7927,-91.2592],[43.7761,-91.2396],[43.7748,-91.2439],[43.7919,-91.2615],[43.8104,-91.2673]]",0,1,county_code_unverified|timezone_not_normalized_to_utc
516278,85480,2014,2014-05-01T01:00:00,2014-05-10T11:00:00,CST-6,226.0,27,27157,C,157,WABASHA,0,0,0,0,0.00,0.00,Heavy Rain,0,"[[44.4055,-92.084],[44.3901,-92.0486],[44.3784,-92.0199],[44.3804,-92.0174],[44.3948,-92.0476],[44.4033,-92.0601]]",0,1,county_code_unverified|timezone_not_normalized_to_utc
516279,85480,2014,2014-05-03T03:15:00,2014-05-09T09:45:00,CST-6,150.5,27,27169,C,169,WINONA,0,0,0,0,0.00,0.00,Heavy Rain,0,"[[44.059,-91.6553],[44.0558,-91.6402],[44.0491,-91.6144],[44.0505,-91.6135],[44.055,-91.6274],[44.0631,-91.6396]]",0,1,county_code_unverified|timezone_not_normalized_to_utc
516281,85481,2014,2014-05-04T13:00:00,2014-05-21T13:15:00,CST-6,408.25,19,19043,C,043,CLAYTON,0,0,0,0,0.00,0.00,Heavy Rain,0,"[[43.0296,-91.1737],[43.027,-91.173],[43.0245,-91.1728],[43.0247,-91.1701],[43.0298,-91.1719]]",0,1,county_code_unverified|timezone_not_normalized_to_utc
516445,85188,2014,2014-06-06T20:30:00,2014-06-07T04:30:00,CST-6,8.0,31,31065,C,065,FURNAS,0,0,0,0,0.00,0.00,Heavy Rain,0,"[[40.35,-99.9],[40.3492,-99.903],[40.3516,-99.9034],[40.3516,-99.9008]]",0,1,county_code_unverified|timezone_not_normalized_to_utc
516492,83831,2014,2014-03-06T15:00:00,2014-03-07T16:00:00,MST-7,25.0,30,30003,C,003,BIG HORN,0,0,0,0,0.00,0.00,Heavy Rain / Snow Melt,0,"[[46.4589,-109.3351],[45.4193,-108.8437],[45.7965,-107.7525],[46.4918,-106.8644],[45.1982,-105.7047],[45.2513,-109.1106]]",0,1,county_code_unverified|timezone_not_normalized_to_utc
516493,83831,2014,2014-03-06T15:00:00,2014-03-07T16:00:00,MST-7,25.0,30,30037,C,037,GOLDEN VALLEY,0,0,0,0,0.00,0.00,Heavy Rain / Snow Melt,0,"[[46.4589,-109.3351],[45.4193,-108.8437],[45.7965,-107.7525],[46.4918,-106.8644],[45.1982,-105.7047],[45.2513,-109.1106]]",0,1,county_code_unverified|timezone_not_normalized_to_utc
516494,83831,2014,2014-03-06T15:00:00,2014-03-07T16:00:00,MST-7,25.0,30,30087,C,087,ROSEBUD,0,0,0,0,0.00,0.00,Heavy Rain / Snow Melt,0,"[[46.4589,-109.3351],[45.4193,-108.8437],[45.7965,-107.7525],[46.4918,-106.8644],[45.1982,-105.7047],[45.2513,-109.1106]]",0,1,county_code_unverified|timezone_not_normalized_to_utc
516576,85468,2014,2014-05-10T18:40:00,2014-05-10T18:40:00,CST-6,0.0,20,20015,C,015,BUTLER,0,0,0,0,100.00,100.00,Heavy Rain,0,"[[37.5153,-96.666],[37.512,-96.5341],[37.7556,-96.4874],[37.7623,-96.6632]]",0,1,county_code_unverified|timezone_not_normalized_to_utc
516604,85481,2014,2014-05-06T03:00:00,2014-05-13T20:00:00,CST-6,185.0,19,19043,C,043,CLAYTON,0,0,0,0,0.00,0.00,Heavy Rain,0,"[[42.8205,-91.104],[42.8073,-91.1087],[42.7853,-91.0967],[42.7519,-91.089],[42.7541,-91.0683],[42.8264,-91.0825]]",0,1,county_code_unverified|timezone_not_normalized_to_utc
516606,85517,2014,2014-05-10T21:00:00,2014-05-24T18:00:00,CST-6,333.0,27,27157,C,157,WABASHA,0,0,0,0,0.00,0.00,Heavy Rain,0,"[[44.4055,-92.084],[44.3901,-92.0486],[44.3784,-92.0199],[44.3804,-92.0174],[44.3948,-92.0476],[44.4033,-92.0601]]",0,1,county_code_unverified|timezone_not_normalized_to_utc
516607,85517,2014,2014-05-13T16:45:00,2014-05-20T00:30:00,CST-6,151.75,27,27169,C,169,WINONA,0,0,0,0,0.00,0.00,Heavy Rain,0,"[[44.059,-91.6553],[44.0558,-91.6402],[44.0491,-91.6144],[44.0505,-91.6135],[44.055,-91.6274],[44.0631,-91.6396]]",0,1,county_code_unverified|timezone_not_normalized_to_utc
516608,85518,2014,2014-05-16T12:00:00,2014-05-19T09:00:00,CST-6,69.0,55,55063,C,063,LA CROSSE,0,0,0,0,0.00,0.00,Heavy Rain,0,"[[43.808,-91.2575],[43.7977,-91.2592],[43.7927,-91.2592],[43.7761,-91.2396],[43.7748,-91.2439],[43.7919,-91.2615],[43.8104,-91.2673]]",0,1,county_code_unverified|timezone_not_normalized_to_utc
516609,85521,2014,2014-05-18T02:45:00,2014-05-22T16:00:00,CST-6,109.25,19,19043,C,043,CLAYTON,0,0,0,0,0.00,0.00,Heavy Rain,0,"[[42.8205,-91.104],[42.8073,-91.1087],[42.7853,-91.0967],[42.7519,-91.089],[42.7541,-91.0683],[42.8264,-91.0825]]",0,1,county_code_unverified|timezone_not_normalized_to_utc
516738,83831,2014,2014-03-06T15:00:00,2014-03-07T16:00:00,MST-7,25.0,30,30009,C,009,CARBON,0,0,0,0,0.00,0.00,Heavy Rain / Snow Melt,0,"[[46.4589,-109.3351],[45.4193,-108.8437],[45.7965,-107.7525],[46.4918,-106.8644],[45.1982,-105.7047],[45.2513,-109.1106]]",0,1,county_code_unverified|timezone_not_normalized_to_utc
516740,83831,2014,2014-03-06T15:00:00,2014-03-07T16:00:00,MST-7,25.0,30,30103,C,103,TREASURE,0,0,0,0,0.00,0.00,Heavy Rain / Snow Melt,0,"[[46.4589,-109.3351],[45.4193,-108.8437],[45.7965,-107.7525],[46.4918,-106.8644],[45.1982,-105.7047],[45.2513,-109.1106]]",0,1,county_code_unverified|timezone_not_normalized_to_utc
516741,83831,2014,2014-03-06T15:00:00,2014-03-07T16:00:00,MST-7,25.0,30,30075,C,075,POWDER RIVER,0,0,0,0,0.00,0.00,Heavy Rain / Snow Melt,0,"[[46.4589,-109.3351],[45.4193,-108.8437],[45.7965,-107.7525],[46.4918,-106.8644],[45.1982,-105.7047],[45.2513,-109.1106]]",0,1,county_code_unverified|timezone_not_normalized_to_utc
516782,85555,2014,2014-06-12T02:00:00,2014-06-12T11:00:00,EST-5,9.0,54,54049,C,049,MARION,0,0,0,0,1000.00,0.00,Heavy Rain,0,"[[39.47,-80.4],[39.4648,-80.4067],[39.463,-80.4052],[39.4679,-80.3966]]",0,1,county_code_unverified|timezone_not_normalized_to_utc
516849,85563,2014,2014-06-12T18:12:00,2014-06-12T20:15:00,EST-5,2.05,42,42003,C,003,ALLEGHENY,0,0,0,0,2000.00,0.00,Heavy Rain,0,"[[40.5307,-79.9601],[40.5299,-79.9601],[40.53,-79.9614],[40.5307,-79.9613]]",0,1,county_code_unverified|timezone_not_normalized_to_utc
516850,85563,2014,2014-06-12T18:57:00,2014-06-12T20:00:00,EST-5,1.05,42,42121,C,121,VENANGO,0,0,0,0,2000.00,0.00,Heavy Rain,0,"[[41.4032,-79.8267],[41.4033,-79.8335],[41.3997,-79.8333],[41.3999,-79.8298]]",0,1,county_code_unverified|timezone_not_normalized_to_utc
516851,85563,2014,2014-06-12T19:01:00,2014-06-12T19:01:00,EST-5,0.0,42,42003,C,003,ALLEGHENY,0,0,0,0,2000.00,0.00,Heavy Rain,0,"[[40.3451,-79.8839],[40.3444,-79.8829],[40.344,-79.8835],[40.3445,-79.8845]]",0,1,county_code_unverified|timezone_not_normalized_to_utc
516852,85563,2014,2014-06-12T21:38:00,2014-06-12T21:38:00,EST-5,0.0,42,42003,C,003,ALLEGHENY,0,0,0,0,10000.00,0.00,Heavy Rain,0,"[[40.5,-79.75],[40.5117,-79.7391],[40.5078,-79.7226],[40.4938,-79.7377]]",0,1,county_code_unverified|timezone_not_normalized_to_utc
516853,85563,2014,2014-06-12T18:00:00,2014-06-12T20:00:00,EST-5,2.0,42,42003,C,003,ALLEGHENY,0,0,0,0,2000.00,0.00,Heavy Rain,0,"[[40.5524,-79.9959],[40.552,-80.0023],[40.5388,-79.9901],[40.539,-79.9873]]",0,1,county_code_unverified|timezone_not_normalized_to_utc
516854,85564,2014,2014-06-13T00:10:00,2014-06-13T03:00:00,EST-5,2.8333333333333335,42,42053,C,053,FOREST,0,0,0,0,2000.00,0.00,Heavy Rain,0,"[[41.5095,-79.4463],[41.5083,-79.4396],[41.5064,-79.4413],[41.5079,-79.4488]]",0,1,county_code_unverified|timezone_not_normalized_to_utc
516855,85564,2014,2014-06-13T17:30:00,2014-06-13T17:30:00,EST-5,0.0,42,42003,C,003,ALLEGHENY,0,0,0,0,3000.00,0.00,Heavy Rain,0,"[[40.4495,-79.8274],[40.45,-79.8273],[40.4499,-79.8268],[40.4495,-79.827]]",0,1,county_code_unverified|timezone_not_normalized_to_utc
516857,85564,2014,2014-06-13T17:40:00,2014-06-13T19:45:00,EST-5,2.0833333333333335,42,42003,C,003,ALLEGHENY,0,0,0,0,1000.00,0.00,Heavy Rain,0,"[[40.351,-79.8908],[40.3508,-79.8914],[40.3506,-79.8911],[40.3509,-79.8904]]",0,1,county_code_unverified|timezone_not_normalized_to_utc
516859,85564,2014,2014-06-13T17:41:00,2014-06-13T17:41:00,EST-5,0.0,42,42003,C,003,ALLEGHENY,0,0,0,0,1000.00,0.00,Heavy Rain,0,"[[40.3138,-79.8298],[40.3144,-79.8283],[40.3136,-79.8281],[40.3132,-79.8293]]",0,1,county_code_unverified|timezone_not_normalized_to_utc
516861,85564,2014,2014-06-13T17:50:00,2014-06-13T20:00:00,EST-5,2.1666666666666665,42,42003,C,003,ALLEGHENY,0,0,0,0,1000.00,0.00,Heavy Rain,0,"[[40.3598,-79.8456],[40.3602,-79.8459],[40.3612,-79.8455],[40.3604,-79.8445]]",0,1,county_code_unverified|timezone_not_normalized_to_utc
516872,85567,2014,2014-06-18T09:40:00,2014-06-18T09:40:00,EST-5,0.0,42,42031,C,031,CLARION,0,0,0,0,2000.00,0.00,Heavy Rain,0,"[[41.0685,-79.4844],[41.0995,-79.507],[41.1011,-79.4761],[41.0708,-79.4724]]",0,1,county_code_unverified|timezone_not_normalized_to_utc
516892,85567,2014,2014-06-18T09:40:00,2014-06-18T11:00:00,EST-5,1.3333333333333333,42,42031,C,031,CLARION,0,0,0,0,2000.00,0.00,Heavy Rain,0,"[[41.2302,-79.612],[41.2302,-79.61],[41.2296,-79.6104],[41.2299,-79.6121]]",0,1,county_code_unverified|timezone_not_normalized_to_utc
516894,85569,2014,2014-06-18T19:12:00,2014-06-18T22:15:00,EST-5,3.05,42,42005,C,005,ARMSTRONG,0,0,0,0,10000.00,0.00,Heavy Rain,0,"[[40.96,-79.6],[40.961,-79.5711],[40.9366,-79.5678],[40.9408,-79.6269]]",0,1,county_code_unverified|timezone_not_normalized_to_utc
516895,85569,2014,2014-06-18T19:12:00,2014-06-18T22:15:00,EST-5,3.05,42,42085,C,085,MERCER,0,0,0,0,10000.00,0.00,Heavy Rain,0,"[[41.23,-80.24],[41.2294,-80.2174],[41.2214,-80.2139],[41.2191,-80.241]]",0,1,county_code_unverified|timezone_not_normalized_to_utc
516896,85569,2014,2014-06-18T19:12:00,2014-06-18T22:15:00,EST-5,3.05,42,42085,C,085,MERCER,0,0,0,0,10000.00,0.00,Heavy Rain,0,"[[41.41,-80.35],[41.4535,-80.3725],[41.4556,-80.2387],[41.3969,-80.2565]]",0,1,county_code_unverified|timezone_not_normalized_to_utc
516897,85569,2014,2014-06-18T19:12:00,2014-06-18T19:12:00,EST-5,0.0,42,42085,C,085,MERCER,0,0,0,0,10000.00,0.00,Heavy Rain,0,"[[41.408,-80.4027],[41.41,-80.38],[41.4024,-80.3827],[41.4011,-80.403]]",0,1,county_code_unverified|timezone_not_normalized_to_utc
516898,85569,2014,2014-06-18T21:12:00,2014-06-18T21:12:00,EST-5,0.0,42,42065,C,065,JEFFERSON,0,0,0,0,5000.00,0.00,Heavy Rain,0,"[[40.9555,-78.8574],[40.9611,-78.8582],[40.9621,-78.8491],[40.9572,-78.8466]]",0,1,county_code_unverified|timezone_not_normalized_to_utc
516968,85575,2014,2014-07-02T07:30:00,2014-07-02T10:00:00,CST-6,2.5,48,48369,C,369,PARMER,0,0,0,0,0.00,0.00,Heavy Rain,0,"[[34.52,-102.9],[34.5103,-102.9017],[34.5069,-102.883],[34.5223,-102.8798]]",0,1,county_code_unverified|timezone_not_normalized_to_utc
516969,85575,2014,2014-07-02T20:45:00,2014-07-02T22:30:00,CST-6,1.75,48,48501,C,501,YOAKUM,0,0,0,0,0.00,0.00,Heavy Rain,0,"[[33.1934,-102.8416],[32.9553,-102.8461],[32.9632,-102.8039],[33.1979,-102.8073]]",0,1,county_code_unverified|timezone_not_normalized_to_utc
516974,85576,2014,2014-07-03T16:30:00,2014-07-03T18:30:00,CST-6,2.0,48,48219,C,219,HOCKLEY,0,0,0,0,0.00,0.00,Heavy Rain,0,"[[33.8117,-102.1765],[33.7949,-102.1524],[33.5764,-102.1735],[33.5866,-102.3601]]",0,1,county_code_unverified|timezone_not_normalized_to_utc
517110,83831,2014,2014-03-06T11:00:00,2014-03-12T11:00:00,MST-7,144.0,30,30017,C,017,CUSTER,0,0,0,0,0.00,0.00,Ice Jam,0,"[[46.3946,-105.8611],[46.4121,-105.8337],[46.4223,-105.8654],[46.411,-105.881]]",0,1,county_code_unverified|timezone_not_normalized_to_utc
517111,83831,2014,2014-03-09T23:59:00,2014-03-15T18:30:00,MST-7,138.51666666666668,30,30011,C,011,CARTER,0,0,0,0,0.00,0.00,Heavy Rain / Snow Melt,0,"[[45.0161,-104.4416],[45.0217,-104.3865],[45.4342,-104.0451],[45.4365,-104.0901]]",0,1,county_code_unverified|timezone_not_normalized_to_utc
517127,85600,2014,2014-06-23T22:30:00,2014-06-24T00:30:00,EST-5,2.0,42,42019,C,019,BUTLER,0,0,0,0,3000.00,0.00,Heavy Rain,0,"[[40.8462,-79.9388],[40.8467,-79.9373],[40.8477,-79.9391],[40.847,-79.94]]",0,1,county_code_unverified|timezone_not_normalized_to_utc
517130,85600,2014,2014-06-24T00:00:00,2014-06-24T02:00:00,EST-5,2.0,42,42019,C,019,BUTLER,0,0,0,0,3000.00,0.00,Heavy Rain,0,"[[40.88,-79.83],[40.8876,-79.8361],[40.8791,-79.8463],[40.8758,-79.8414]]",0,1,county_code_unverified|timezone_not_normalized_to_utc
517133,85601,2014,2014-06-24T19:45:00,2014-06-24T22:00:00,EST-5,2.25,42,42121,C,121,VENANGO,0,0,0,0,10000.00,0.00,Heavy Rain,0,"[[41.4916,-79.7134],[41.52,-79.68],[41.4697,-79.6749],[41.4659,-79.7079]]",0,1,county_code_unverified|timezone_not_normalized_to_utc
517134,85601,2014,2014-06-24T20:45:00,2014-06-25T10:00:00,EST-5,13.25,42,42121,C,121,VENANGO,0,0,0,0,25000.00,0.00,Heavy Rain,0,"[[41.47,-79.69],[41.6216,-79.6481],[41.6308,-79.7086],[41.4726,-79.7154]]",0,1,county_code_unverified|timezone_not_normalized_to_utc
517146,85628,2014,2014-06-24T18:15:00,2014-06-24T20:15:00,EST-5,2.0,39,39157,C,157,TUSCARAWAS,0,0,0,0,5000.00,0.00,Heavy Rain,0,"[[40.5771,-81.5793],[40.5811,-81.5634],[40.5793,-81.5622],[40.5758,-81.5782]]",0,1,county_code_unverified|timezone_not_normalized_to_utc
517147,85628,2014,2014-06-24T18:15:00,2014-06-24T20:15:00,EST-5,2.0,39,39157,C,157,TUSCARAWAS,0,0,0,0,5000.00,0.00,Heavy Rain,0,"[[40.59,-81.61],[40.5914,-81.6243],[40.5862,-81.6267],[40.5848,-81.6134]]",0,1,county_code_unverified|timezone_not_normalized_to_utc
517148,85628,2014,2014-06-24T19:15:00,2014-06-24T21:15:00,EST-5,2.0,39,39157,C,157,TUSCARAWAS,0,0,0,0,5000.00,0.00,Heavy Rain,0,"[[40.49,-81.44],[40.4848,-81.4265],[40.481,-81.4277],[40.4873,-81.4468]]",0,1,county_code_unverified|timezone_not_normalized_to_utc
517149,85628,2014,2014-06-24T19:30:00,2014-06-24T21:30:00,EST-5,2.0,39,39157,C,157,TUSCARAWAS,0,0,0,0,5000.00,0.00,Heavy Rain,0,"[[40.4,-81.33],[40.3987,-81.3519],[40.3919,-81.3503],[40.3969,-81.3317]]",0,1,county_code_unverified|timezone_not_normalized_to_utc
517158,85629,2014,2014-06-25T00:45:00,2014-06-26T02:30:00,EST-5,25.75,42,42121,C,121,VENANGO,0,0,0,0,10000.00,0.00,Heavy Rain,0,"[[41.47,-79.7],[41.43,-79.9],[41.3861,-79.8878],[41.4407,-79.6742]]",0,1,county_code_unverified|timezone_not_normalized_to_utc
517159,85629,2014,2014-06-25T11:30:00,2014-06-26T02:30:00,EST-5,15.0,42,42019,C,019,BUTLER,0,0,0,0,2000.00,0.00,Heavy Rain,0,"[[40.806,-79.9424],[40.8119,-80.0835],[40.7941,-80.0897],[40.7909,-79.9537]]",0,1,county_code_unverified|timezone_not_normalized_to_utc
517160,85629,2014,2014-06-25T11:30:00,2014-06-26T02:30:00,EST-5,15.0,42,42073,C,073,LAWRENCE,0,0,0,0,5000.00,0.00,Heavy Rain,0,"[[41.041,-80.1199],[41.0405,-80.0718],[41.028,-80.0706],[41.0341,-80.119]]",0,1,county_code_unverified|timezone_not_normalized_to_utc
517339,83831,2014,2014-03-07T13:28:00,2014-03-14T13:15:00,MST-7,167.78333333333333,30,30037,C,037,GOLDEN VALLEY,0,0,0,0,0.00,0.00,Heavy Rain / Snow Melt,0,"[[46.3938,-109.8481],[46.2446,-108.7176],[46.5244,-107.8996],[46.5875,-108.1644],[46.4838,-109.968]]",0,1,county_code_unverified|timezone_not_normalized_to_utc
517340,83831,2014,2014-03-07T13:28:00,2014-03-14T13:15:00,MST-7,167.78333333333333,30,30107,C,107,WHEATLAND,0,0,0,0,0.00,0.00,Heavy Rain / Snow Melt,0,"[[46.3938,-109.8481],[46.2446,-108.7176],[46.5244,-107.8996],[46.5875,-108.1644],[46.4838,-109.968]]",0,1,county_code_unverified|timezone_not_normalized_to_utc
517341,83831,2014,2014-03-07T13:28:00,2014-03-14T13:15:00,MST-7,167.78333333333333,30,30065,C,065,MUSSELSHELL,0,0,0,0,0.00,0.00,Heavy Rain / Snow Melt,0,"[[46.3938,-109.8481],[46.2446,-108.7176],[46.5244,-107.8996],[46.5875,-108.1644],[46.4838,-109.968]]",0,1,county_code_unverified|timezone_not_normalized_to_utc
517358,85669,2014,2014-06-07T01:30:00,2014-06-07T03:30:00,CST-6,2.0,47,47043,C,043,DICKSON,0,0,0,0,0.00,0.00,Heavy Rain,0,"[[36.1319,-87.2102],[36.1279,-87.1789],[36.1053,-87.2158],[36.109,-87.227]]",0,1,county_code_unverified|timezone_not_normalized_to_utc
517396,85673,2014,2014-05-11T19:00:00,2014-05-11T20:00:00,EST-5,1.0,18,18161,C,161,UNION,0,0,0,0,0.00,0.00,Heavy Rain,0,"[[39.7238,-84.9904],[39.7242,-84.9703],[39.7268,-84.9723],[39.7259,-84.9855]]",0,1,county_code_unverified|timezone_not_normalized_to_utc
517603,85719,2014,2014-06-12T15:40:00,2014-06-12T17:40:00,CST-6,2.0,29,29091,C,091,HOWELL,0,0,0,0,0.00,0.00,Heavy Rain,0,"[[36.66,-91.85],[36.6608,-91.8639],[36.6572,-91.8633],[36.6579,-91.8574]]",0,1,county_code_unverified|timezone_not_normalized_to_utc
517638,83766,2014,2014-05-01T00:00:00,2014-05-01T18:38:00,EST-5,18.633333333333333,10,10003,C,003,NEW CASTLE,0,0,0,0,0.00,0.00,Heavy Rain,0,"[[39.8285,-75.6101],[39.8326,-75.5436],[39.8062,-75.4392],[39.7152,-75.5067],[39.6201,-75.6083],[39.6048,-75.768],[39.717,-75.775],[39.7951,-75.7022]]",0,1,county_code_unverified|timezone_not_normalized_to_utc
517639,83767,2014,2014-05-01T00:00:00,2014-05-01T00:07:00,EST-5,0.11666666666666667,24,24015,C,015,CECIL,0,0,0,0,0.00,0.00,Heavy Rain,0,"[[39.5407,-75.7882],[39.712,-75.7965],[39.711,-76.2057],[39.5555,-76.0656]]",0,1,county_code_unverified|timezone_not_normalized_to_utc
517641,83769,2014,2014-05-01T15:15:00,2014-05-04T11:30:00,EST-5,68.25,34,34011,C,011,CUMBERLAND,0,0,0,0,0.00,0.00,Heavy Rain,0,"[[39.5249,-75.0785],[39.5269,-75.0689],[39.5073,-75.0714],[39.4912,-75.0715],[39.4673,-75.0769],[39.4522,-75.0712],[39.4528,-75.0883]]",0,1,county_code_unverified|timezone_not_normalized_to_utc
517644,83769,2014,2014-05-01T15:15:00,2014-05-04T11:30:00,EST-5,68.25,34,34033,C,033,SALEM,0,0,0,0,0.00,0.00,Heavy Rain,0,"[[39.5249,-75.0785],[39.5269,-75.0689],[39.5073,-75.0714],[39.4912,-75.0715],[39.4673,-75.0769],[39.4522,-75.0712],[39.4528,-75.0887]]",0,1,county_code_unverified|timezone_not_normalized_to_utc
517687,83769,2014,2014-05-02T03:00:00,2014-05-04T03:37:00,EST-5,48.61666666666667,34,34001,C,001,ATLANTIC,0,0,0,0,0.00,0.00,Heavy Rain,0,"[[39.5996,-74.8623],[39.6024,-74.8578],[39.5984,-74.8472],[39.5869,-74.8251],[39.5793,-74.819],[39.5764,-74.8266],[39.5893,-74.8477]]",0,1,county_code_unverified|timezone_not_normalized_to_utc
517688,83769,2014,2014-05-01T07:11:00,2014-05-01T12:00:00,EST-5,4.816666666666666,34,34037,C,037,SUSSEX,0,0,0,0,0.00,0.00,Heavy Rain,0,"[[41.095,-74.9634],[41.1005,-74.9696],[41.1166,-74.9387],[41.1323,-74.9103],[41.1268,-74.9039]]",0,1,county_code_unverified|timezone_not_normalized_to_utc
517689,83769,2014,2014-05-01T04:54:00,2014-05-01T18:45:00,EST-5,13.85,34,34029,C,029,OCEAN,0,0,0,0,0.00,0.00,Heavy Rain,0,"[[40.0873,-74.1507],[40.0949,-74.1519],[40.0944,-74.1557],[40.0839,-74.1543],[40.0789,-74.1535],[40.079,-74.1494]]",0,1,county_code_unverified|timezone_not_normalized_to_utc
517760,85755,2014,2014-05-15T22:15:00,2014-05-16T02:00:00,EST-5,3.75,45,45067,C,067,MARION,0,0,0,0,0.00,0.00,Heavy Rain,0,"[[34.2064,-79.2494],[34.203,-79.247],[34.2014,-79.2522],[34.2062,-79.2529]]",0,1,county_code_unverified|timezone_not_normalized_to_utc
517761,85755,2014,2014-05-15T23:48:00,2014-05-16T02:30:00,EST-5,2.7,45,45067,C,067,MARION,0,0,0,0,0.00,0.00,Heavy Rain,0,"[[34.1782,-79.4006],[34.1786,-79.3953],[34.1731,-79.3958],[34.1734,-79.4022]]",0,1,county_code_unverified|timezone_not_normalized_to_utc
517763,85757,2014,2014-05-29T16:30:00,2014-05-29T19:30:00,EST-5,3.0,45,45051,C,051,HORRY,0,0,0,0,0.00,0.00,Heavy Rain,0,"[[34.0405,-78.9953],[34.0465,-79.0027],[34.0534,-78.9962],[34.0477,-78.9881]]",0,1,county_code_unverified|timezone_not_normalized_to_utc
517765,85757,2014,2014-05-29T16:30:00,2014-05-29T19:30:00,EST-5,3.0,45,45051,C,051,HORRY,0,0,0,0,0.00,0.00,Heavy Rain,0,"[[34.0529,-78.948],[34.0516,-78.9459],[34.0531,-78.9419],[34.0553,-78.9424]]",0,1,county_code_unverified|timezone_not_normalized_to_utc
518015,85798,2014,2014-05-01T00:00:00,2014-05-27T05:00:00,CST-6,629.0,05,05147,C,147,WOODRUFF,0,0,0,0,10000.00,25000.00,Heavy Rain,0,"[[35.2986,-91.2185],[35.3029,-91.2408],[35.2412,-91.2607],[35.2367,-91.2298]]",0,1,county_code_unverified|timezone_not_normalized_to_utc
518016,85798,2014,2014-05-01T00:00:00,2014-05-26T01:30:00,CST-6,601.5,05,05147,C,147,WOODRUFF,0,0,0,0,10000.00,25000.00,Heavy Rain,0,"[[35.3124,-91.3651],[35.3154,-91.399],[35.2392,-91.4004],[35.2412,-91.3596]]",0,1,county_code_unverified|timezone_not_normalized_to_utc
518018,83915,2014,2014-05-13T09:05:00,2014-05-15T09:45:00,CST-6,48.666666666666664,05,05149,C,149,YELL,0,0,0,0,2000.00,0.00,Heavy Rain,0,"[[35.0611,-93.3757],[35.0696,-93.379],[35.0597,-93.4171],[35.05,-93.4082]]",0,1,county_code_unverified|timezone_not_normalized_to_utc
518019,85799,2014,2014-05-07T10:00:00,2014-05-29T05:00:00,CST-6,523.0,05,05095,C,095,MONROE,0,0,0,0,10000.00,25000.00,Heavy Rain,0,"[[34.6276,-91.2847],[34.6095,-91.3541],[34.701,-91.374],[34.7259,-91.3232],[34.6864,-91.2936]]",0,1,county_code_unverified|timezone_not_normalized_to_utc
518285,85833,2014,2014-06-01T15:29:00,2014-06-01T16:30:00,CST-6,1.0166666666666666,55,55123,C,123,VERNON,0,0,0,0,0.00,0.00,Heavy Rain,0,"[[43.6635,-90.8698],[43.6676,-90.8441],[43.6386,-90.8449],[43.6389,-90.8697]]",0,1,county_code_unverified|timezone_not_normalized_to_utc
518361,83769,2014,2014-05-01T00:00:00,2014-05-06T07:45:00,EST-5,127.75,34,34027,C,027,MORRIS,0,0,0,0,1250000.00,0.00,Heavy Rain,0,"[[40.7164,-74.3911],[40.7288,-74.3786],[40.7341,-74.389],[40.8715,-74.3209],[40.8971,-74.2685],[41.0053,-74.3332],[41.0322,-74.4205],[40.8897,-74.6677]]",0,1,county_code_unverified|timezone_not_normalized_to_utc
518375,83769,2014,2014-05-01T00:00:00,2014-05-03T01:00:00,EST-5,49.0,34,34041,C,041,WARREN,0,0,0,0,0.00,0.00,Heavy Rain,0,"[[40.9795,-74.938],[40.8308,-74.9601],[40.8262,-75.0375],[40.8296,-75.0625],[40.8974,-75.0245],[40.9687,-75.0659],[40.9842,-74.969]]",0,1,county_code_unverified|timezone_not_normalized_to_utc
518383,85827,2014,2014-05-21T17:21:00,2014-05-21T17:25:00,EST-5,0.06666666666666667,39,39109,C,109,MIAMI,0,0,0,0,0.00,0.00,Heavy Rain,0,"[[39.97,-84.17],[39.9624,-84.1858],[39.958,-84.1477],[39.9681,-84.1522]]",0,1,county_code_unverified|timezone_not_normalized_to_utc
518393,85864,2014,2014-05-27T15:36:00,2014-05-27T16:36:00,EST-5,1.0,39,39145,C,145,SCIOTO,0,0,0,0,0.00,0.00,Heavy Rain,0,"[[38.7359,-83.0053],[38.74,-82.99],[38.7331,-82.9849],[38.7337,-82.9986]]",0,1,county_code_unverified|timezone_not_normalized_to_utc
518401,85827,2014,2014-05-21T18:35:00,2014-05-21T19:35:00,EST-5,1.0,39,39023,C,023,CLARK,0,0,0,0,0.00,0.00,Heavy Rain,0,"[[39.8552,-84.0527],[39.8596,-84.0469],[39.8601,-84.05],[39.8573,-84.0552]]",0,1,county_code_unverified|timezone_not_normalized_to_utc
518402,85827,2014,2014-05-21T18:38:00,2014-05-21T19:38:00,EST-5,1.0,39,39057,C,057,GREENE,0,0,0,0,0.00,0.00,Heavy Rain,0,"[[39.819,-84.0019],[39.8161,-84.0034],[39.8179,-84.0065],[39.8199,-84.0062]]",0,1,county_code_unverified|timezone_not_normalized_to_utc
518417,85866,2014,2014-05-29T13:37:00,2014-05-29T14:37:00,EST-5,1.0,39,39061,C,061,HAMILTON,0,0,0,0,0.00,0.00,Heavy Rain,0,"[[39.16,-84.39],[39.1608,-84.3853],[39.1642,-84.3847],[39.164,-84.3872]]",0,1,county_code_unverified|timezone_not_normalized_to_utc
518418,85866,2014,2014-05-29T14:17:00,2014-05-29T15:17:00,EST-5,1.0,39,39017,C,017,BUTLER,0,0,0,0,0.00,0.00,Heavy Rain,0,"[[39.3379,-84.531],[39.3476,-84.5407],[39.3466,-84.5426],[39.3372,-84.5322]]",0,1,county_code_unverified|timezone_not_normalized_to_utc
518420,85867,2014,2014-05-12T03:00:00,2014-05-12T04:00:00,EST-5,1.0,39,39113,C,113,MONTGOMERY,0,0,0,0,0.00,0.00,Heavy Rain,0,"[[39.75,-84.15],[39.7508,-84.147],[39.7512,-84.1484],[39.7511,-84.1499]]",0,1,county_code_unverified|timezone_not_normalized_to_utc
518422,85827,2014,2014-05-21T20:40:00,2014-05-21T21:40:00,EST-5,1.0,39,39057,C,057,GREENE,0,0,0,0,0.00,0.00,Heavy Rain,0,"[[39.8,-83.88],[39.7905,-83.8781],[39.79,-83.8811],[39.8085,-83.8878],[39.8109,-83.8844]]",0,1,county_code_unverified|timezone_not_normalized_to_utc
518423,85827,2014,2014-05-22T01:30:00,2014-05-22T02:30:00,EST-5,1.0,39,39023,C,023,CLARK,0,0,0,0,200000.00,0.00,Heavy Rain,0,"[[39.8778,-84.0238],[39.8717,-84.0161],[39.8802,-84.0137],[39.8826,-84.0197]]",0,1,county_code_unverified|timezone_not_normalized_to_utc
518462,85873,2014,2014-07-05T18:30:00,2014-07-05T18:30:00,CST-6,0.0,19,19071,C,071,FREMONT,0,0,0,0,0.00,0.00,Heavy Rain,0,"[[40.687,-95.5781],[40.6897,-95.5757],[40.6914,-95.5702],[40.6842,-95.5716],[40.6847,-95.5767]]",0,1,county_code_unverified|timezone_not_normalized_to_utc
518481,85874,2014,2014-07-05T11:45:00,2014-07-05T11:45:00,CST-6,0.0,31,31027,C,027,CEDAR,0,0,0,0,0.00,0.00,Heavy Rain,0,"[[42.77,-97.17],[42.7592,-97.1844],[42.7546,-97.1607],[42.7661,-97.1602]]",0,1,county_code_unverified|timezone_not_normalized_to_utc
518565,85884,2014,2014-06-09T17:15:00,2014-06-09T19:15:00,CST-6,2.0,20,20197,C,197,WABAUNSEE,0,0,0,0,0.00,0.00,Heavy Rain,0,"[[38.8448,-96.4936],[38.8477,-96.4744],[38.8215,-96.4685],[38.8223,-96.483]]",0,1,county_code_unverified|timezone_not_normalized_to_utc
518567,85884,2014,2014-06-09T17:30:00,2014-06-09T19:30:00,CST-6,2.0,20,20061,C,061,GEARY,0,0,0,0,0.00,0.00,Heavy Rain,0,"[[38.88,-96.55],[38.8801,-96.581],[38.9023,-96.5812],[38.9001,-96.5537]]",0,1,county_code_unverified|timezone_not_normalized_to_utc
518674,85903,2014,2014-05-23T18:08:00,2014-05-23T18:30:00,EST-5,0.36666666666666664,25,25013,C,013,HAMPDEN,0,0,0,0,0.00,0.00,Heavy Rain,0,"[[42.2,-72.62],[42.2128,-72.6113],[42.2088,-72.5992],[42.1949,-72.6099]]",0,1,county_code_unverified|timezone_not_normalized_to_utc
518747,83769,2014,2014-05-01T00:00:00,2014-05-01T13:02:00,EST-5,13.033333333333333,34,34019,C,019,HUNTERDON,0,0,0,0,250000.00,0.00,Heavy Rain,0,"[[40.4882,-74.7891],[40.4564,-74.7731],[40.4576,-74.822],[40.4737,-74.8504],[40.5793,-74.8578],[40.6343,-74.7778],[40.6214,-74.7223]]",0,1,county_code_unverified|timezone_not_normalized_to_utc
518751,83769,2014,2014-05-01T00:00:00,2014-05-03T12:30:00,EST-5,60.5,34,34035,C,035,SOMERSET,0,0,0,0,1000000.00,0.00,Heavy Rain,0,"[[40.7198,-74.7059],[40.7521,-74.565],[40.6443,-74.5287],[40.6662,-74.4793],[40.6413,-74.4247],[40.5588,-74.5293],[40.4047,-74.6268],[40.4303,-74.7325]]",0,1,county_code_unverified|timezone_not_normalized_to_utc
518880,85858,2014,2014-06-29T09:00:00,2014-06-30T23:59:00,CST-6,38.983333333333334,05,05147,C,147,WOODRUFF,0,0,0,0,10000.00,250000.00,Heavy Rain,0,"[[35.4012,-91.3828],[35.3837,-91.0321],[34.9988,-91.0575],[35.0,-91.1793],[34.9284,-91.1626],[34.9132,-91.25],[35.0655,-91.35],[35.0855,-91.4]]",0,1,county_code_unverified|timezone_not_normalized_to_utc
518888,85858,2014,2014-06-29T09:30:00,2014-06-30T23:59:00,CST-6,38.483333333333334,05,05095,C,095,MONROE,0,0,0,0,25000.00,250000.00,Heavy Rain,0,"[[34.98,-91.17],[34.88,-91.1094],[34.73,-91.1],[34.6,-91.3652],[34.85,-91.3353],[34.98,-91.2053]]",0,1,county_code_unverified|timezone_not_normalized_to_utc
518903,85941,2014,2014-07-01T23:59:00,2014-07-17T08:00:00,CST-6,368.01666666666665,05,05147,C,147,WOODRUFF,0,0,0,0,10000.00,4500000.00,Heavy Rain,0,"[[35.4012,-91.3828],[35.3837,-91.0321],[34.9988,-91.0575],[35.0,-91.1793],[34.9284,-91.1626],[34.9132,-91.25],[35.0655,-91.35],[35.0855,-91.4]]",0,1,county_code_unverified|timezone_not_normalized_to_utc
518910,85941,2014,2014-07-01T00:00:00,2014-07-17T08:00:00,CST-6,392.0,05,05095,C,095,MONROE,0,0,0,0,25000.00,4500000.00,Heavy Rain,0,"[[34.98,-91.17],[34.88,-91.1094],[34.73,-91.1],[34.6,-91.3652],[34.85,-91.3353],[34.98,-91.2583]]",0,1,county_code_unverified|timezone_not_normalized_to_utc
518987,85674,2014,2014-04-07T03:30:00,2014-04-07T15:00:00,CST-6,11.5,01,01125,C,125,TUSCALOOSA,0,0,0,0,0.00,0.00,Heavy Rain,0,"[[33.222,-87.6737],[33.3041,-87.4979],[33.2203,-87.2754],[33.1261,-87.3303],[33.0121,-87.5219],[33.0271,-87.627],[33.114,-87.6991],[33.1876,-87.7183]]",0,1,county_code_unverified|timezone_not_normalized_to_utc
519023,85674,2014,2014-04-07T06:00:00,2014-04-07T15:00:00,CST-6,9.0,01,01117,C,117,SHELBY,0,0,0,0,0.00,0.00,Heavy Rain,0,"[[33.2347,-86.8394],[33.2846,-86.7199],[33.3695,-86.597],[33.4555,-86.6746],[33.3102,-86.8548],[33.27,-86.8613],[33.2462,-86.8596]]",0,1,county_code_unverified|timezone_not_normalized_to_utc
519064,83769,2014,2014-05-01T00:00:00,2014-05-02T15:07:00,EST-5,39.11666666666667,34,34023,C,023,MIDDLESEX,0,0,0,0,500000.00,0.00,Heavy Rain,0,"[[40.5576,-74.2846],[40.4428,-74.2528],[40.272,-74.4439],[40.3519,-74.6277],[40.4873,-74.4633],[40.5319,-74.486],[40.5837,-74.5137]]",0,1,county_code_unverified|timezone_not_normalized_to_utc
519068,83769,2014,2014-05-01T00:00:00,2014-05-01T19:00:00,EST-5,19.0,34,34025,C,025,MONMOUTH,0,0,0,0,250000.00,0.00,Heavy Rain,0,"[[40.1145,-74.0399],[40.2805,-73.9849],[40.4027,-73.9835],[40.4509,-74.1844],[40.386,-74.271],[40.1713,-74.5902]]",0,1,county_code_unverified|timezone_not_normalized_to_utc
519118,85674,2014,2014-04-07T03:00:00,2014-04-08T07:00:00,CST-6,28.0,01,01075,C,075,LAMAR,0,0,0,0,0.00,0.00,Heavy Rain,0,"[[34.0322,-88.2058],[34.0333,-88.0108],[33.5391,-87.9771],[33.5448,-88.2676]]",0,1,county_code_unverified|timezone_not_normalized_to_utc
519131,85858,2014,2014-06-29T09:30:00,2014-06-30T23:59:00,CST-6,38.483333333333334,05,05117,C,117,PRAIRIE,0,0,0,0,10000.00,100000.00,Heavy Rain,0,"[[35.0312,-91.7925],[35.0723,-91.625],[35.029,-91.37],[34.85,-91.35],[34.58,-91.47],[34.543,-91.6338],[34.65,-91.6856],[34.78,-91.5524]]",0,1,county_code_unverified|timezone_not_normalized_to_utc
519132,85941,2014,2014-07-01T00:00:00,2014-07-09T23:59:00,CST-6,215.98333333333332,05,05117,C,117,PRAIRIE,0,0,0,0,10000.00,2300000.00,Heavy Rain,0,"[[35.0312,-91.7925],[35.0723,-91.625],[35.029,-91.37],[34.85,-91.35],[34.58,-91.47],[34.543,-91.6338],[34.65,-91.6856],[34.78,-91.5524]]",0,1,county_code_unverified|timezone_not_normalized_to_utc
519134,85858,2014,2014-06-29T09:30:00,2014-06-30T23:59:00,CST-6,38.483333333333334,05,05067,C,067,JACKSON,0,0,0,0,10000.00,50000.00,Heavy Rain,0,"[[35.6921,-91.3],[35.67,-91.1075],[35.3686,-91.0447],[35.3655,-91.23],[35.45,-91.23],[35.4511,-91.58],[35.509,-91.58],[35.5312,-91.3829]]",0,1,county_code_unverified|timezone_not_normalized_to_utc
519135,85941,2014,2014-07-01T00:00:00,2014-07-09T23:59:00,CST-6,215.98333333333332,05,05067,C,067,JACKSON,0,0,0,0,10000.00,1200000.00,Heavy Rain,0,"[[35.6921,-91.3],[35.67,-91.1075],[35.3686,-91.0447],[35.3655,-91.23],[35.45,-91.23],[35.4511,-91.58],[35.509,-91.58],[35.5312,-91.3829]]",0,1,county_code_unverified|timezone_not_normalized_to_utc
519136,85858,2014,2014-06-29T09:30:00,2014-06-30T23:59:00,CST-6,38.483333333333334,05,05145,C,145,WHITE,0,0,0,0,10000.00,50000.00,Heavy Rain,0,"[[35.43,-91.85],[35.5234,-91.75],[35.5537,-91.648],[35.42,-91.58],[35.42,-91.47],[35.12,-91.45],[35.07,-91.9]]",0,1,county_code_unverified|timezone_not_normalized_to_utc
519137,85941,2014,2014-07-01T00:00:00,2014-07-09T23:59:00,CST-6,215.98333333333332,05,05145,C,145,WHITE,0,0,0,0,10000.00,200000.00,Heavy Rain,0,"[[35.43,-91.85],[35.5234,-91.75],[35.5537,-91.648],[35.42,-91.58],[35.42,-91.47],[35.12,-91.45],[35.07,-91.9]]",0,1,county_code_unverified|timezone_not_normalized_to_utc
519138,85674,2014,2014-04-07T04:40:00,2014-04-07T14:00:00,CST-6,9.333333333333334,01,01073,C,073,JEFFERSON,0,0,0,0,0.00,0.00,Heavy Rain,0,"[[33.4591,-86.9966],[33.633,-86.7535],[33.5317,-86.6773],[33.4453,-86.7632],[33.3914,-86.8304],[33.3914,-86.9417]]",0,1,county_code_unverified|timezone_not_normalized_to_utc
519140,85674,2014,2014-04-07T08:30:00,2014-04-07T14:30:00,CST-6,6.0,01,01111,C,111,RANDOLPH,0,0,0,0,0.00,0.00,Heavy Rain,0,"[[33.3222,-85.5117],[33.4412,-85.4269],[33.2777,-85.4105],[33.1312,-85.5382],[33.1433,-85.5911],[33.28,-85.5725]]",0,1,county_code_unverified|timezone_not_normalized_to_utc
519211,83769,2014,2014-05-01T00:00:00,2014-05-01T19:57:00,EST-5,19.95,34,34021,C,021,MERCER,0,0,0,0,250000.00,0.00,Heavy Rain,0,"[[40.3344,-74.9212],[40.4066,-74.7798],[40.3504,-74.6908],[40.2515,-74.5123],[40.1799,-74.6189],[40.1335,-74.6022],[40.1761,-74.7314],[40.2311,-74.7938]]",0,1,county_code_unverified|timezone_not_normalized_to_utc
519213,83769,2014,2014-05-01T00:00:00,2014-05-03T15:30:00,EST-5,63.5,34,34005,C,005,BURLINGTON,0,0,0,0,500000.00,0.00,Heavy Rain,0,"[[40.0043,-75.0399],[40.0474,-74.9674],[40.0834,-74.8486],[40.175,-74.6865],[40.1318,-74.5953],[39.9411,-74.4847],[39.828,-74.6584],[39.835,-74.9036]]",0,1,county_code_unverified|timezone_not_normalized_to_utc
519214,85979,2014,2014-06-15T01:05:00,2014-06-15T13:00:00,CST-6,11.916666666666666,46,46099,C,099,MINNEHAHA,0,0,0,0,0.00,0.00,Heavy Rain,0,"[[43.5,-96.88],[43.84,-96.88],[43.8385,-96.46],[43.5,-96.46]]",0,1,county_code_unverified|timezone_not_normalized_to_utc
519215,85979,2014,2014-06-15T01:05:00,2014-06-15T13:00:00,CST-6,11.916666666666666,46,46083,C,083,LINCOLN,0,0,0,0,0.00,0.00,Heavy Rain,0,"[[43.5,-96.92],[43.5,-96.59],[43.1,-96.48],[43.1,-96.92]]",0,1,county_code_unverified|timezone_not_normalized_to_utc
519216,83769,2014,2014-05-01T00:00:00,2014-05-01T04:56:00,EST-5,4.933333333333334,34,34007,C,007,CAMDEN,0,0,0,0,250000.00,0.00,Heavy Rain,0,"[[39.8879,-74.9379],[39.9382,-74.9783],[39.9896,-75.0482],[39.9535,-75.1243],[39.8771,-75.132],[39.8313,-75.0686]]",0,1,county_code_unverified|timezone_not_normalized_to_utc
519217,83768,2014,2014-05-01T00:00:00,2014-05-01T11:32:00,EST-5,11.533333333333333,42,42017,C,017,BUCKS,0,0,0,0,100000.00,0.00,Heavy Rain,0,"[[40.0756,-74.916],[40.4204,-75.4764],[40.5943,-75.2181],[40.5431,-75.1],[40.1948,-74.767],[40.1548,-74.7414]]",0,1,county_code_unverified|timezone_not_normalized_to_utc
519219,83768,2014,2014-05-01T00:00:00,2014-05-01T07:15:00,EST-5,7.25,42,42077,C,077,LEHIGH,0,0,0,0,0.00,0.00,Heavy Rain,0,"[[40.5981,-75.4562],[40.5956,-75.4639],[40.5846,-75.48],[40.564,-75.499],[40.5733,-75.5118],[40.5955,-75.4829],[40.6041,-75.457]]",0,1,county_code_unverified|timezone_not_normalized_to_utc
519233,85926,2014,2014-06-16T19:09:00,2014-06-16T21:15:00,CST-6,2.1,27,27039,C,039,DODGE,0,0,0,0,0.00,0.00,Heavy Rain,0,"[[44.0722,-92.7679],[44.0724,-92.7504],[44.0676,-92.7411],[44.0583,-92.7392],[44.0584,-92.7681]]",0,1,county_code_unverified|timezone_not_normalized_to_utc
519250,86009,2014,2014-05-13T04:15:00,2014-05-13T08:15:00,CST-6,4.0,48,48355,C,355,NUECES,0,0,0,0,0.00,0.00,Heavy Rain,0,"[[27.58,-97.8],[27.5779,-97.7913],[27.5702,-97.7926],[27.5756,-97.8033]]",0,1,county_code_unverified|timezone_not_normalized_to_utc
519594,85839,2014,2014-06-16T21:39:00,2014-06-16T23:10:00,CST-6,1.5166666666666666,55,55043,C,043,GRANT,0,0,0,0,0.00,0.00,Heavy Rain,0,"[[43.1352,-90.7191],[43.1472,-90.6949],[43.1406,-90.6791],[43.1244,-90.6971],[43.1264,-90.7151]]",0,1,county_code_unverified|timezone_not_normalized_to_utc
519619,86080,2014,2014-06-22T21:23:00,2014-06-23T00:30:00,CST-6,3.1166666666666667,20,20173,C,173,SEDGWICK,0,0,0,0,0.00,0.00,Heavy Rain,0,"[[37.6,-97.31],[37.592,-97.3],[37.6,-97.2954],[37.6036,-97.3]]",0,1,county_code_unverified|timezone_not_normalized_to_utc
519669,86087,2014,2014-07-11T02:00:00,2014-07-11T06:00:00,CST-6,4.0,27,27111,C,111,OTTER TAIL,0,0,0,0,25000.00,0.00,Heavy Rain,0,"[[46.52,-95.4641],[46.52,-95.2959],[46.4381,-95.2611],[46.4381,-95.4989]]",0,1,county_code_unverified|timezone_not_normalized_to_utc
519671,86087,2014,2014-07-11T03:00:00,2014-07-11T06:00:00,CST-6,3.0,27,27159,C,159,WADENA,0,0,0,0,50000.00,0.00,Heavy Rain,0,"[[46.4807,-95.1746],[46.4807,-95.0854],[46.4193,-95.0855],[46.4193,-95.1746]]",0,1,county_code_unverified|timezone_not_normalized_to_utc
519806,85839,2014,2014-06-16T21:49:00,2014-06-16T23:20:00,CST-6,1.5166666666666666,55,55043,C,043,GRANT,0,0,0,0,0.00,0.00,Heavy Rain,0,"[[42.8547,-90.7236],[42.8566,-90.698],[42.8418,-90.6967],[42.8332,-90.7056],[42.8352,-90.7234]]",0,1,county_code_unverified|timezone_not_normalized_to_utc
519916,85932,2014,2014-06-17T09:56:00,2014-06-17T13:00:00,CST-6,3.066666666666667,19,19131,C,131,MITCHELL,0,0,0,0,0.00,0.00,Heavy Rain,0,"[[43.2912,-92.8541],[43.2885,-92.8513],[43.2855,-92.8507],[43.2857,-92.8531],[43.2883,-92.854],[43.2898,-92.8548]]",0,1,county_code_unverified|timezone_not_normalized_to_utc
519931,86122,2014,2014-05-25T15:38:00,2014-05-25T15:42:00,CST-6,0.06666666666666667,48,48411,C,411,SAN SABA,0,0,0,0,0.00,0.00,Heavy Rain,0,"[[31.2008,-98.7144],[31.2008,-98.7283],[31.1905,-98.7312],[31.1906,-98.7117]]",0,1,county_code_unverified|timezone_not_normalized_to_utc
519952,86122,2014,2014-05-26T19:45:00,2014-05-26T21:15:00,CST-6,1.5,48,48431,C,431,STERLING,0,0,0,0,0.00,0.00,Heavy Rain,0,"[[31.7843,-101.0042],[31.7866,-101.0365],[31.7349,-101.055],[31.7382,-101.0296]]",0,1,county_code_unverified|timezone_not_normalized_to_utc
520015,85980,2014,2014-06-15T01:05:00,2014-06-15T13:00:00,CST-6,11.916666666666666,19,19119,C,119,LYON,0,0,0,0,0.00,0.00,Heavy Rain,0,"[[43.5,-96.59],[43.5,-95.87],[43.38,-96.19],[43.26,-96.56]]",0,1,county_code_unverified|timezone_not_normalized_to_utc
520024,86132,2014,2014-06-15T01:05:00,2014-06-15T13:00:00,CST-6,11.916666666666666,27,27133,C,133,ROCK,0,0,0,0,0.00,0.00,Heavy Rain,0,"[[43.86,-96.45],[43.86,-96.06],[43.5,-96.06],[43.5,-96.45]]",0,1,county_code_unverified|timezone_not_normalized_to_utc
520027,86132,2014,2014-06-15T01:05:00,2014-06-15T13:00:00,CST-6,11.916666666666666,27,27117,C,117,PIPESTONE,0,0,0,0,0.00,0.00,Heavy Rain,0,"[[44.2,-96.06],[44.02,-96.06],[43.86,-96.06],[43.86,-96.45]]",0,1,county_code_unverified|timezone_not_normalized_to_utc
520033,86132,2014,2014-06-15T01:05:00,2014-06-15T13:00:00,CST-6,11.916666666666666,27,27101,C,101,MURRAY,0,0,0,0,0.00,0.00,Heavy Rain,0,"[[44.2,-96.07],[43.86,-95.47],[43.86,-96.07],[44.03,-96.07]]",0,1,county_code_unverified|timezone_not_normalized_to_utc
520035,86132,2014,2014-06-15T01:05:00,2014-06-15T13:00:00,CST-6,11.916666666666666,27,27105,C,105,NOBLES,0,0,0,0,0.00,0.00,Heavy Rain,0,"[[43.86,-96.06],[43.86,-95.46],[43.69,-95.74],[43.5,-96.06]]",0,1,county_code_unverified|timezone_not_normalized_to_utc
520036,85979,2014,2014-06-15T00:31:00,2014-06-15T12:30:00,CST-6,11.983333333333333,46,46027,C,027,CLAY,0,0,0,0,0.00,0.00,Heavy Rain,0,"[[42.91,-97.16],[42.91,-96.81],[42.7,-96.81],[42.8,-97.16]]",0,1,county_code_unverified|timezone_not_normalized_to_utc
520037,85979,2014,2014-06-15T00:31:00,2014-06-15T12:30:00,CST-6,11.983333333333333,46,46127,C,127,UNION,0,0,0,0,0.00,0.00,Heavy Rain,0,"[[42.91,-96.81],[42.91,-96.55],[42.73,-96.64],[42.6,-96.5],[42.47,-96.47],[42.71,-96.81]]",0,1,county_code_unverified|timezone_not_normalized_to_utc
520038,85980,2014,2014-06-15T00:31:00,2014-06-15T12:30:00,CST-6,11.983333333333333,19,19193,C,193,WOODBURY,0,0,0,0,0.00,0.00,Heavy Rain,0,"[[42.56,-96.49],[42.56,-95.74],[42.48,-95.74],[42.48,-95.67],[42.22,-95.67],[42.22,-96.35]]",0,1,county_code_unverified|timezone_not_normalized_to_utc
520039,85980,2014,2014-06-15T00:31:00,2014-06-15T12:30:00,CST-6,11.983333333333333,19,19093,C,093,IDA,0,0,0,0,0.00,0.00,Heavy Rain,0,"[[42.56,-95.74],[42.56,-95.4],[42.48,-95.4],[42.48,-95.33],[42.22,-95.33],[42.22,-95.68],[42.48,-95.68],[42.48,-95.74]]",0,1,county_code_unverified|timezone_not_normalized_to_utc
520040,85980,2014,2014-06-15T00:31:00,2014-06-15T12:30:00,CST-6,11.983333333333333,19,19149,C,149,PLYMOUTH,0,0,0,0,0.00,0.00,Heavy Rain,0,"[[42.91,-96.54],[42.91,-95.86],[42.56,-95.86],[42.56,-96.49],[42.75,-96.65]]",0,1,county_code_unverified|timezone_not_normalized_to_utc
520041,85980,2014,2014-06-15T00:31:00,2014-06-15T12:30:00,CST-6,11.983333333333333,19,19035,C,035,CHEROKEE,0,0,0,0,0.00,0.00,Heavy Rain,0,"[[42.91,-95.86],[42.91,-95.39],[42.56,-95.39],[42.56,-95.86]]",0,1,county_code_unverified|timezone_not_normalized_to_utc
520042,85980,2014,2014-06-15T00:31:00,2014-06-15T12:30:00,CST-6,11.983333333333333,19,19021,C,021,BUENA VISTA,0,0,0,0,0.00,0.00,Heavy Rain,0,"[[42.91,-95.39],[42.91,-94.91],[42.56,-94.91],[42.56,-95.39]]",0,1,county_code_unverified|timezone_not_normalized_to_utc
520043,85980,2014,2014-06-15T00:31:00,2014-06-15T12:30:00,CST-6,11.983333333333333,19,19141,C,141,O'BRIEN,0,0,0,0,0.00,0.00,Heavy Rain,0,"[[43.1,-95.86],[43.1,-95.39],[42.91,-95.39],[42.91,-95.86]]",0,1,county_code_unverified|timezone_not_normalized_to_utc
520044,85980,2014,2014-06-15T00:31:00,2014-06-15T12:30:00,CST-6,11.983333333333333,19,19041,C,041,CLAY,0,0,0,0,0.00,0.00,Heavy Rain,0,"[[43.1,-95.39],[43.1,-94.91],[42.91,-94.91],[42.91,-95.39]]",0,1,county_code_unverified|timezone_not_normalized_to_utc
520047,86133,2014,2014-06-15T00:31:00,2014-06-15T12:30:00,CST-6,11.983333333333333,31,31043,C,043,DAKOTA,0,0,0,0,0.00,0.00,Heavy Rain,0,"[[42.53,-96.72],[42.53,-96.63],[42.48,-96.4],[42.39,-96.42],[42.28,-96.37],[42.28,-96.73]]",0,1,county_code_unverified|timezone_not_normalized_to_utc
520048,86133,2014,2014-06-15T00:31:00,2014-06-15T12:30:00,CST-6,11.983333333333333,31,31051,C,051,DIXON,0,0,0,0,0.00,0.00,Heavy Rain,0,"[[42.77,-97.02],[42.67,-96.72],[42.53,-96.63],[42.53,-96.72],[42.27,-96.72],[42.27,-97.02]]",0,1,county_code_unverified|timezone_not_normalized_to_utc
520135,85805,2014,2014-06-14T15:00:00,2014-06-30T23:59:00,CST-6,392.98333333333335,27,27137,C,137,ST. LOUIS,0,0,0,0,0.00,0.00,Heavy Rain,0,"[[48.503,-93.1174],[48.5412,-93.0364],[48.4734,-92.9327],[48.4721,-92.8022],[48.4284,-92.8221],[48.412,-92.9553],[48.4329,-93.0336],[48.4748,-93.0899]]",0,1,county_code_unverified|timezone_not_normalized_to_utc
520185,86153,2014,2014-06-14T15:00:00,2014-06-30T23:59:00,CST-6,392.98333333333335,27,27071,C,071,KOOCHICHING,0,0,0,0,0.00,0.00,Heavy Rain,0,"[[48.7132,-94.4299],[48.688,-94.4333],[48.6855,-94.2668],[48.6407,-94.2661],[48.6103,-93.8617],[48.5071,-93.8335],[48.5435,-93.0673],[48.662,-93.1242]]",0,1,county_code_unverified|timezone_not_normalized_to_utc
520192,86153,2014,2014-06-14T15:00:00,2014-06-30T23:59:00,CST-6,392.98333333333335,27,27137,C,137,ST. LOUIS,0,0,0,0,0.00,0.00,Heavy Rain,0,"[[48.6366,-93.0995],[48.5871,-93.0975],[48.5612,-93.0679],[48.5121,-92.8221],[48.5121,-92.6038],[48.575,-92.6285],[48.6398,-92.9464]]",0,1,county_code_unverified|timezone_not_normalized_to_utc
520287,86135,2014,2014-06-16T20:31:00,2014-06-16T23:00:00,CST-6,2.4833333333333334,19,19149,C,149,PLYMOUTH,0,0,0,0,0.00,0.00,Heavy Rain,0,"[[42.81,-96.19],[42.81,-96.15],[42.77,-96.15],[42.77,-96.19]]",0,1,county_code_unverified|timezone_not_normalized_to_utc
520482,86134,2014,2014-06-16T18:25:00,2014-06-18T18:30:00,CST-6,48.083333333333336,46,46079,C,079,LAKE,0,0,0,0,50000.00,0.00,Heavy Rain,0,"[[44.2,-97.37],[44.2,-96.89],[43.86,-96.89],[43.86,-97.37]]",0,1,county_code_unverified|timezone_not_normalized_to_utc
520483,86134,2014,2014-06-16T18:25:00,2014-06-18T18:30:00,CST-6,48.083333333333336,46,46101,C,101,MOODY,0,0,0,0,50000.00,0.00,Heavy Rain,0,"[[44.2,-96.89],[44.2,-96.46],[43.86,-96.46],[43.86,-96.89]]",0,1,county_code_unverified|timezone_not_normalized_to_utc
520484,86134,2014,2014-06-16T18:25:00,2014-06-18T18:30:00,CST-6,48.083333333333336,46,46087,C,087,MCCOOK,0,0,0,0,100000.00,0.00,Heavy Rain,0,"[[43.86,-97.61],[43.86,-97.14],[43.5,-97.14],[43.5,-97.61]]",0,1,county_code_unverified|timezone_not_normalized_to_utc
520485,86134,2014,2014-06-16T18:25:00,2014-06-18T18:30:00,CST-6,48.083333333333336,46,46099,C,099,MINNEHAHA,0,0,0,0,500000.00,0.00,Heavy Rain,0,"[[43.85,-97.14],[43.85,-96.46],[43.5,-96.46],[43.5,-97.14]]",0,1,county_code_unverified|timezone_not_normalized_to_utc
520486,86134,2014,2014-06-16T18:25:00,2014-06-18T18:30:00,CST-6,48.083333333333336,46,46067,C,067,HUTCHINSON,0,0,0,0,50000.00,0.00,Heavy Rain,0,"[[43.5,-97.64],[43.5,-97.4],[43.17,-97.4],[43.17,-97.64]]",0,1,county_code_unverified|timezone_not_normalized_to_utc
520487,86134,2014,2014-06-16T18:25:00,2014-06-18T18:30:00,CST-6,48.083333333333336,46,46125,C,125,TURNER,0,0,0,0,100000.00,0.00,Heavy Rain,0,"[[43.5,-97.4],[43.5,-96.92],[43.1,-96.92],[43.1,-97.16],[43.18,-97.16],[43.18,-97.4]]",0,1,county_code_unverified|timezone_not_normalized_to_utc
520488,86134,2014,2014-06-16T18:25:00,2014-06-18T18:30:00,CST-6,48.083333333333336,46,46083,C,083,LINCOLN,0,0,0,0,1500000.00,500000.00,Heavy Rain,0,"[[43.5,-96.92],[43.5,-96.59],[43.1,-96.48],[43.1,-96.92]]",0,1,county_code_unverified|timezone_not_normalized_to_utc
520489,86134,2014,2014-06-16T18:25:00,2014-06-18T18:30:00,CST-6,48.083333333333336,46,46135,C,135,YANKTON,0,0,0,0,50000.00,0.00,Heavy Rain,0,"[[43.17,-97.64],[43.17,-97.16],[42.8,-97.16],[42.86,-97.25],[42.86,-97.64]]",0,1,county_code_unverified|timezone_not_normalized_to_utc
520490,86134,2014,2014-06-16T18:25:00,2014-06-18T18:30:00,CST-6,48.083333333333336,46,46027,C,027,CLAY,0,0,0,0,50000.00,0.00,Heavy Rain,0,"[[43.09,-97.16],[43.09,-96.81],[42.7,-96.81],[42.8,-97.16]]",0,1,county_code_unverified|timezone_not_normalized_to_utc
520491,86134,2014,2014-06-16T18:25:00,2014-06-18T18:30:00,CST-6,48.083333333333336,46,46127,C,127,UNION,0,0,0,0,50000.00,0.00,Heavy Rain,0,"[[42.91,-96.81],[42.91,-96.55],[42.73,-96.64],[42.6,-96.5],[42.47,-96.47],[42.71,-96.81]]",0,1,county_code_unverified|timezone_not_normalized_to_utc
520492,86136,2014,2014-06-16T18:25:00,2014-06-18T18:30:00,CST-6,48.083333333333336,27,27117,C,117,PIPESTONE,0,0,0,0,50000.00,0.00,Heavy Rain,0,"[[44.2,-96.45],[44.2,-96.06],[43.86,-96.06],[43.86,-96.45]]",0,1,county_code_unverified|timezone_not_normalized_to_utc
520493,86136,2014,2014-06-16T18:25:00,2014-06-18T18:30:00,CST-6,48.083333333333336,27,27101,C,101,MURRAY,0,0,0,0,50000.00,0.00,Heavy Rain,0,"[[44.2,-96.06],[44.2,-95.47],[43.86,-95.47],[43.86,-96.06]]",0,1,county_code_unverified|timezone_not_normalized_to_utc
520494,86136,2014,2014-06-16T18:25:00,2014-06-18T18:30:00,CST-6,48.083333333333336,27,27033,C,033,COTTONWOOD,0,0,0,0,50000.00,0.00,Heavy Rain,0,"[[44.2,-95.47],[44.2,-95.1],[44.1,-95.1],[44.1,-94.86],[43.86,-94.86],[43.86,-95.47]]",0,1,county_code_unverified|timezone_not_normalized_to_utc
520495,86136,2014,2014-06-16T18:25:00,2014-06-18T18:30:00,CST-6,48.083333333333336,27,27133,C,133,ROCK,0,0,0,0,50000.00,0.00,Heavy Rain,0,"[[43.86,-96.45],[43.86,-96.06],[43.5,-96.06],[43.5,-96.45]]",0,1,county_code_unverified|timezone_not_normalized_to_utc
520496,86136,2014,2014-06-16T18:25:00,2014-06-18T18:30:00,CST-6,48.083333333333336,27,27105,C,105,NOBLES,0,0,0,0,50000.00,0.00,Heavy Rain,0,"[[43.86,-96.06],[43.86,-95.46],[43.5,-95.46],[43.5,-96.06]]",0,1,county_code_unverified|timezone_not_normalized_to_utc
520497,86136,2014,2014-06-16T18:25:00,2014-06-18T18:30:00,CST-6,48.083333333333336,27,27063,C,063,JACKSON,0,0,0,0,50000.00,0.00,Heavy Rain,0,"[[43.86,-95.46],[43.86,-94.86],[43.5,-94.86],[43.5,-95.46]]",0,1,county_code_unverified|timezone_not_normalized_to_utc
520498,86135,2014,2014-06-16T18:25:00,2014-06-18T18:30:00,CST-6,48.083333333333336,19,19119,C,119,LYON,0,0,0,0,50000.00,0.00,Heavy Rain,0,"[[43.5,-96.59],[43.5,-95.87],[43.26,-95.87],[43.26,-96.56]]",0,1,county_code_unverified|timezone_not_normalized_to_utc
520499,86135,2014,2014-06-16T18:25:00,2014-06-18T18:30:00,CST-6,48.083333333333336,19,19143,C,143,OSCEOLA,0,0,0,0,50000.00,0.00,Heavy Rain,0,"[[43.5,-95.87],[43.5,-95.39],[43.26,-95.39],[43.26,-95.87]]",0,1,county_code_unverified|timezone_not_normalized_to_utc
520500,86135,2014,2014-06-16T18:25:00,2014-06-18T18:30:00,CST-6,48.083333333333336,19,19059,C,059,DICKINSON,0,0,0,0,50000.00,0.00,Heavy Rain,0,"[[43.5,-95.39],[43.5,-94.92],[43.26,-94.92],[43.26,-95.39]]",0,1,county_code_unverified|timezone_not_normalized_to_utc
520502,86135,2014,2014-06-16T18:25:00,2014-06-18T18:30:00,CST-6,48.083333333333336,19,19167,C,167,SIOUX,0,0,0,0,50000.00,0.00,Heavy Rain,0,"[[43.26,-96.56],[43.26,-95.86],[42.92,-95.86],[42.92,-96.54],[43.13,-96.44]]",0,1,county_code_unverified|timezone_not_normalized_to_utc
520503,86135,2014,2014-06-16T18:25:00,2014-06-18T18:30:00,CST-6,48.083333333333336,19,19141,C,141,O'BRIEN,0,0,0,0,50000.00,0.00,Heavy Rain,0,"[[43.26,-95.86],[43.26,-95.39],[42.91,-95.39],[42.91,-95.86]]",0,1,county_code_unverified|timezone_not_normalized_to_utc
520505,86135,2014,2014-06-16T18:25:00,2014-06-18T18:30:00,CST-6,48.083333333333336,19,19041,C,041,CLAY,0,0,0,0,50000.00,0.00,Heavy Rain,0,"[[43.26,-95.39],[43.26,-94.91],[42.91,-94.91],[42.91,-95.39]]",0,1,county_code_unverified|timezone_not_normalized_to_utc
520508,86135,2014,2014-06-16T18:25:00,2014-06-18T18:30:00,CST-6,48.083333333333336,19,19149,C,149,PLYMOUTH,0,0,0,0,50000.00,0.00,Heavy Rain,0,"[[42.91,-96.54],[42.91,-95.86],[42.56,-95.86],[42.56,-96.49],[42.75,-96.65]]",0,1,county_code_unverified|timezone_not_normalized_to_utc
520510,86135,2014,2014-06-16T18:25:00,2014-06-18T18:30:00,CST-6,48.083333333333336,19,19035,C,035,CHEROKEE,0,0,0,0,50000.00,0.00,Heavy Rain,0,"[[42.91,-95.86],[42.91,-95.39],[42.56,-95.39],[42.56,-95.86]]",0,1,county_code_unverified|timezone_not_normalized_to_utc
520513,86135,2014,2014-06-16T18:25:00,2014-06-18T18:30:00,CST-6,48.083333333333336,19,19021,C,021,BUENA VISTA,0,0,0,0,50000.00,0.00,Heavy Rain,0,"[[42.91,-95.39],[42.91,-94.91],[42.56,-94.91],[42.56,-95.39]]",0,1,county_code_unverified|timezone_not_normalized_to_utc
520518,86135,2014,2014-06-16T20:06:00,2014-06-17T08:00:00,CST-6,11.9,19,19193,C,193,WOODBURY,0,0,0,0,0.00,0.00,Heavy Rain,0,"[[42.56,-96.49],[42.56,-95.74],[42.48,-95.74],[42.48,-95.67],[42.22,-95.67],[42.22,-96.35]]",0,1,county_code_unverified|timezone_not_normalized_to_utc
520519,86135,2014,2014-06-16T20:06:00,2014-06-17T08:00:00,CST-6,11.9,19,19093,C,093,IDA,0,0,0,0,0.00,0.00,Heavy Rain,0,"[[42.56,-95.74],[42.56,-95.4],[42.48,-95.4],[42.48,-95.33],[42.22,-95.33],[42.22,-95.68],[42.48,-95.68],[42.48,-95.74]]",0,1,county_code_unverified|timezone_not_normalized_to_utc
520526,86161,2014,2014-06-16T20:06:00,2014-06-17T08:00:00,CST-6,11.9,31,31043,C,043,DAKOTA,0,0,0,0,0.00,0.00,Heavy Rain,0,"[[42.53,-96.72],[42.53,-96.63],[42.48,-96.4],[42.39,-96.42],[42.28,-96.37],[42.28,-96.73]]",0,1,county_code_unverified|timezone_not_normalized_to_utc
520529,86161,2014,2014-06-16T20:06:00,2014-06-17T08:00:00,CST-6,11.9,31,31051,C,051,DIXON,0,0,0,0,0.00,0.00,Heavy Rain,0,"[[42.77,-97.02],[42.67,-96.72],[42.53,-96.63],[42.53,-96.72],[42.27,-96.72],[42.27,-97.02]]",0,1,county_code_unverified|timezone_not_normalized_to_utc
520657,86250,2014,2014-05-04T11:00:00,2014-05-19T22:00:00,CST-6,371.0,46,46013,C,013,BROWN,0,0,0,0,0.00,0.00,Heavy Rain,0,"[[45.93,-98.22],[45.61,-98.38],[45.54,-98.29],[45.4873,-98.2974],[45.4872,-98.2398],[45.9151,-98.1216]]",0,1,county_code_unverified|timezone_not_normalized_to_utc
520683,86257,2014,2014-05-02T08:00:00,2014-05-02T08:00:00,CST-6,0.0,01,01003,C,003,BALDWIN,0,0,1,0,0.00,0.00,Heavy Rain,1,"[[30.4,-87.45],[30.4013,-87.4896],[30.3895,-87.4883],[30.3895,-87.4584]]",0,1,county_code_unverified|timezone_not_normalized_to_utc
520770,85674,2014,2014-04-07T06:00:00,2014-04-07T14:30:00,CST-6,8.5,01,01123,C,123,TALLAPOOSA,0,0,0,0,0.00,0.00,Heavy Rain,0,"[[33.0983,-85.8437],[33.1022,-85.839],[33.0996,-85.7744],[33.0547,-85.7078],[32.9361,-85.8334],[32.8669,-86.0037],[32.9833,-85.9955]]",0,1,county_code_unverified|timezone_not_normalized_to_utc
520917,83768,2014,2014-05-01T00:00:00,2014-05-01T22:15:00,EST-5,22.25,42,42091,C,091,MONTGOMERY,0,0,0,0,1000000.00,0.00,Heavy Rain,0,"[[40.245,-75.6928],[40.4433,-75.5303],[40.1391,-75.0211],[40.0589,-75.1228],[40.1091,-75.2078],[40.0542,-75.2717],[40.0133,-75.22],[39.9873,-75.2795]]",0,1,county_code_unverified|timezone_not_normalized_to_utc
520930,83768,2014,2014-05-01T00:00:00,2014-05-01T06:36:00,EST-5,6.6,42,42011,C,011,BERKS,0,0,0,0,0.00,0.00,Heavy Rain,0,"[[40.3732,-75.74],[40.3727,-75.726],[40.3637,-75.7321],[40.3478,-75.741],[40.3214,-75.7277],[40.3227,-75.7385],[40.3441,-75.7512]]",0,1,county_code_unverified|timezone_not_normalized_to_utc
520960,85827,2014,2014-05-21T16:36:00,2014-05-21T17:36:00,EST-5,1.0,39,39023,C,023,CLARK,0,0,0,0,0.00,0.00,Heavy Rain,0,"[[39.9765,-83.7841],[39.9766,-83.7833],[39.977,-83.7837],[39.9769,-83.7842]]",0,1,county_code_unverified|timezone_not_normalized_to_utc
520970,86302,2014,2014-06-04T13:57:00,2014-06-04T14:57:00,EST-5,1.0,39,39113,C,113,MONTGOMERY,0,0,0,0,0.00,0.00,Heavy Rain,0,"[[39.73,-84.12],[39.7288,-84.1197],[39.7302,-84.1215],[39.7306,-84.1206]]",0,1,county_code_unverified|timezone_not_normalized_to_utc
520971,86302,2014,2014-06-04T14:13:00,2014-06-04T15:13:00,EST-5,1.0,39,39113,C,113,MONTGOMERY,0,0,0,0,0.00,0.00,Heavy Rain,0,"[[39.67,-84.28],[39.6703,-84.2857],[39.6746,-84.2846],[39.6746,-84.2768]]",0,1,county_code_unverified|timezone_not_normalized_to_utc
520972,86302,2014,2014-06-04T14:17:00,2014-06-04T15:17:00,EST-5,1.0,39,39113,C,113,MONTGOMERY,0,0,0,0,0.00,0.00,Heavy Rain,0,"[[39.7,-84.23],[39.7006,-84.2237],[39.7045,-84.2246],[39.704,-84.2285]]",0,1,county_code_unverified|timezone_not_normalized_to_utc
520973,86302,2014,2014-06-04T14:30:00,2014-06-04T15:30:00,EST-5,1.0,39,39113,C,113,MONTGOMERY,0,0,0,0,0.00,0.00,Heavy Rain,0,"[[39.7241,-84.1523],[39.7218,-84.1494],[39.7246,-84.1493],[39.7254,-84.1515]]",0,1,county_code_unverified|timezone_not_normalized_to_utc
520974,86302,2014,2014-06-04T15:00:00,2014-06-04T16:00:00,EST-5,1.0,39,39113,C,113,MONTGOMERY,0,0,0,0,0.00,0.00,Heavy Rain,0,"[[39.7179,-84.1555],[39.7181,-84.155],[39.7194,-84.1552],[39.72,-84.1566]]",0,1,county_code_unverified|timezone_not_normalized_to_utc
520978,86304,2014,2014-06-04T08:40:00,2014-06-04T09:40:00,EST-5,1.0,39,39061,C,061,HAMILTON,0,0,0,0,0.00,0.00,Heavy Rain,0,"[[39.22,-84.43],[39.2196,-84.4378],[39.2256,-84.4419],[39.2254,-84.4329]]",0,1,county_code_unverified|timezone_not_normalized_to_utc
520979,86304,2014,2014-06-04T10:50:00,2014-06-04T11:50:00,EST-5,1.0,39,39061,C,061,HAMILTON,0,0,0,0,0.00,0.00,Heavy Rain,0,"[[39.26,-84.8],[39.2588,-84.803],[39.2602,-84.8037],[39.261,-84.8009]]",0,1,county_code_unverified|timezone_not_normalized_to_utc
520980,86304,2014,2014-06-04T11:33:00,2014-06-04T12:33:00,EST-5,1.0,39,39061,C,061,HAMILTON,0,0,0,0,0.00,0.00,Heavy Rain,0,"[[39.18,-84.37],[39.1752,-84.3715],[39.1827,-84.3787],[39.1843,-84.3713]]",0,1,county_code_unverified|timezone_not_normalized_to_utc
520981,86305,2014,2014-06-04T09:50:00,2014-06-04T10:50:00,EST-5,1.0,21,21117,C,117,KENTON,0,0,0,0,0.00,0.00,Heavy Rain,0,"[[39.0784,-84.5194],[39.0733,-84.517],[39.0747,-84.5211],[39.08,-84.5245]]",0,1,county_code_unverified|timezone_not_normalized_to_utc
520992,86306,2014,2014-06-10T19:44:00,2014-06-10T20:44:00,EST-5,1.0,39,39145,C,145,SCIOTO,0,0,0,0,0.00,0.00,Heavy Rain,0,"[[38.74,-82.99],[38.736,-82.9823],[38.7408,-82.9772],[38.7414,-82.9886]]",0,1,county_code_unverified|timezone_not_normalized_to_utc
521077,85997,2014,2014-05-11T18:39:00,2014-05-11T22:00:00,CST-6,3.35,18,18089,C,089,LAKE,0,0,0,0,0.00,0.00,Heavy Rain,0,"[[41.5537,-87.4346],[41.5548,-87.4291],[41.5503,-87.4292],[41.5503,-87.4349]]",0,1,county_code_unverified|timezone_not_normalized_to_utc
521082,83768,2014,2014-05-01T00:00:00,2014-05-01T17:26:00,EST-5,17.433333333333334,42,42101,C,101,PHILADELPHIA,0,0,0,0,1000000.00,0.00,Heavy Rain,0,"[[39.88,-75.213],[39.979,-75.2673],[40.0639,-75.249],[40.0889,-75.2247],[40.044,-75.1076],[40.1333,-75.0145],[40.0521,-74.9847],[39.993,-75.0816]]",0,1,county_code_unverified|timezone_not_normalized_to_utc
521086,83768,2014,2014-05-01T00:00:00,2014-05-02T02:07:00,EST-5,26.116666666666667,42,42029,C,029,CHESTER,0,0,0,0,1400000.00,0.00,Heavy Rain,0,"[[39.8394,-75.6087],[39.8075,-75.704],[39.7301,-75.789],[39.7322,-76.0914],[40.1128,-75.927],[40.2399,-75.6973],[40.0594,-75.3917]]",0,1,county_code_unverified|timezone_not_normalized_to_utc
521089,83768,2014,2014-05-01T00:00:00,2014-05-01T22:23:00,EST-5,22.383333333333333,42,42045,C,045,DELAWARE,0,0,0,0,1000000.00,0.00,Heavy Rain,0,"[[39.8137,-75.4234],[39.8665,-75.2524],[40.0625,-75.3663],[39.9787,-75.434],[39.87,-75.5913],[39.8408,-75.608]]",0,1,county_code_unverified|timezone_not_normalized_to_utc
521136,84081,2014,2014-05-16T12:07:00,2014-05-16T15:27:00,EST-5,3.3333333333333335,10,10003,C,003,NEW CASTLE,0,0,0,0,0.00,0.00,Heavy Rain,0,"[[39.63,-75.73],[39.637,-75.739],[39.6414,-75.7307],[39.6413,-75.7216],[39.6459,-75.7104],[39.6433,-75.7049],[39.6335,-75.6895],[39.6251,-75.7066]]",0,1,county_code_unverified|timezone_not_normalized_to_utc
521137,84083,2014,2014-05-16T14:21:00,2014-05-16T23:46:00,EST-5,9.416666666666666,42,42101,C,101,PHILADELPHIA,0,0,0,0,0.00,0.00,Heavy Rain,0,"[[40.013,-75.2069],[40.0137,-75.2079],[40.028,-75.2025],[40.0392,-75.2115],[40.0415,-75.2031],[40.0295,-75.1897],[40.0172,-75.2012]]",0,1,county_code_unverified|timezone_not_normalized_to_utc
521138,84083,2014,2014-05-16T13:06:00,2014-05-16T17:15:00,EST-5,4.15,42,42045,C,045,DELAWARE,0,0,0,0,0.00,0.00,Heavy Rain,0,"[[39.983,-75.4274],[39.9875,-75.4404],[39.9703,-75.4387],[39.9603,-75.427],[39.9637,-75.4153]]",0,1,county_code_unverified|timezone_not_normalized_to_utc
521139,84083,2014,2014-05-16T15:25:00,2014-05-16T16:40:00,EST-5,1.25,42,42029,C,029,CHESTER,0,0,0,0,0.00,0.00,Heavy Rain,0,"[[39.9841,-75.6648],[39.9624,-75.65],[39.9594,-75.6581],[39.9695,-75.6821],[39.9983,-75.7118],[40.0042,-75.7016]]",0,1,county_code_unverified|timezone_not_normalized_to_utc
521142,84083,2014,2014-05-16T15:28:00,2014-05-16T21:41:00,EST-5,6.216666666666667,42,42091,C,091,MONTGOMERY,0,0,0,0,0.00,0.00,Heavy Rain,0,"[[40.141,-75.2138],[40.2861,-75.4198],[40.27,-75.47],[40.2392,-75.451],[40.118,-75.3401],[40.0731,-75.3054],[40.1082,-75.2231],[40.1205,-75.2074]]",0,1,county_code_unverified|timezone_not_normalized_to_utc
521180,86333,2014,2014-06-19T17:00:00,2014-06-19T18:00:00,EST-5,1.0,39,39015,C,015,BROWN,0,0,0,0,0.00,0.00,Heavy Rain,0,"[[38.95,-83.83],[38.9498,-83.8343],[38.9486,-83.832],[38.9488,-83.8303]]",0,1,county_code_unverified|timezone_not_normalized_to_utc
521181,86333,2014,2014-06-19T17:00:00,2014-06-19T18:00:00,EST-5,1.0,39,39015,C,015,BROWN,0,0,0,0,1000.00,0.00,Heavy Rain,0,"[[38.9521,-83.853],[38.95,-83.85],[38.9504,-83.844],[38.953,-83.8436]]",0,1,county_code_unverified|timezone_not_normalized_to_utc
521182,86333,2014,2014-06-19T18:30:00,2014-06-19T19:30:00,EST-5,1.0,39,39071,C,071,HIGHLAND,0,0,0,0,0.00,0.00,Heavy Rain,0,"[[39.22,-83.79],[39.2185,-83.7943],[39.2201,-83.7947],[39.2212,-83.7915]]",0,1,county_code_unverified|timezone_not_normalized_to_utc
521183,86333,2014,2014-06-19T18:30:00,2014-06-19T19:30:00,EST-5,1.0,39,39071,C,071,HIGHLAND,0,0,0,0,0.00,0.00,Heavy Rain,0,"[[39.24,-83.84],[39.2409,-83.8426],[39.2418,-83.8419],[39.2415,-83.8405]]",0,1,county_code_unverified|timezone_not_normalized_to_utc
521193,86333,2014,2014-06-19T16:25:00,2014-06-19T17:25:00,EST-5,1.0,39,39113,C,113,MONTGOMERY,0,0,0,0,0.00,0.00,Heavy Rain,0,"[[39.6924,-84.37],[39.7051,-84.3707],[39.7055,-84.3612],[39.6984,-84.3632]]",0,1,county_code_unverified|timezone_not_normalized_to_utc
521205,86331,2014,2014-06-20T14:31:00,2014-06-20T15:31:00,EST-5,1.0,39,39113,C,113,MONTGOMERY,0,0,0,0,10000.00,0.00,Heavy Rain,0,"[[39.7538,-84.153],[39.7538,-84.1514],[39.7551,-84.1518],[39.7551,-84.1549]]",0,1,county_code_unverified|timezone_not_normalized_to_utc
521206,86331,2014,2014-06-20T15:07:00,2014-06-20T16:07:00,EST-5,1.0,39,39145,C,145,SCIOTO,0,0,0,0,0.00,0.00,Heavy Rain,0,"[[38.74,-82.99],[38.734,-82.9794],[38.75,-82.93],[38.7552,-82.9382]]",0,1,county_code_unverified|timezone_not_normalized_to_utc
521207,86331,2014,2014-06-20T15:50:00,2014-06-20T16:50:00,EST-5,1.0,39,39089,C,089,LICKING,0,0,0,0,0.00,0.00,Heavy Rain,0,"[[40.23,-82.35],[40.2282,-82.35],[40.2282,-82.346],[40.2301,-82.3458]]",0,1,county_code_unverified|timezone_not_normalized_to_utc
521227,86342,2014,2014-06-24T17:40:00,2014-06-24T18:40:00,EST-5,1.0,39,39089,C,089,LICKING,0,0,0,0,0.00,0.00,Heavy Rain,0,"[[40.26,-82.67],[40.2629,-82.6943],[40.2575,-82.6999],[40.2558,-82.6883]]",0,1,county_code_unverified|timezone_not_normalized_to_utc
521228,86342,2014,2014-06-24T17:50:00,2014-06-24T18:50:00,EST-5,1.0,39,39049,C,049,FRANKLIN,0,0,0,0,100000.00,0.00,Heavy Rain,0,"[[40.06,-83.04],[40.0552,-83.0292],[40.064,-83.03],[40.0671,-83.0376]]",0,1,county_code_unverified|timezone_not_normalized_to_utc
521231,86342,2014,2014-06-24T18:05:00,2014-06-24T18:09:00,EST-5,0.06666666666666667,39,39049,C,049,FRANKLIN,0,0,0,0,0.00,0.00,Heavy Rain,0,"[[40.0528,-83.0356],[40.0512,-83.036],[40.0516,-83.0345],[40.0528,-83.0345]]",0,1,county_code_unverified|timezone_not_normalized_to_utc
521239,86346,2014,2014-06-25T03:30:00,2014-06-25T04:30:00,EST-5,1.0,39,39089,C,089,LICKING,0,0,0,0,0.00,0.00,Heavy Rain,0,"[[40.2547,-82.5152],[40.2512,-82.5172],[40.2519,-82.5198],[40.2556,-82.5192]]",0,1,county_code_unverified|timezone_not_normalized_to_utc
521240,86346,2014,2014-06-25T04:15:00,2014-06-25T05:15:00,EST-5,1.0,39,39049,C,049,FRANKLIN,0,0,0,0,0.00,0.00,Heavy Rain,0,"[[40.1094,-82.94],[40.1093,-82.9351],[40.1111,-82.9346],[40.111,-82.9406]]",0,1,county_code_unverified|timezone_not_normalized_to_utc
521242,86347,2014,2014-06-28T14:57:00,2014-06-28T15:57:00,EST-5,1.0,39,39049,C,049,FRANKLIN,0,0,0,0,0.00,0.00,Heavy Rain,0,"[[40.06,-82.81],[40.0811,-82.799],[40.0837,-82.8134],[40.0676,-82.8225]]",0,1,county_code_unverified|timezone_not_normalized_to_utc
521243,86347,2014,2014-06-28T15:40:00,2014-06-28T16:40:00,EST-5,1.0,39,39049,C,049,FRANKLIN,0,0,0,0,0.00,0.00,Heavy Rain,0,"[[39.9,-82.86],[39.898,-82.8702],[39.9035,-82.8695],[39.9038,-82.8594]]",0,1,county_code_unverified|timezone_not_normalized_to_utc
521244,86347,2014,2014-06-28T15:46:00,2014-06-28T16:46:00,EST-5,1.0,39,39089,C,089,LICKING,0,0,0,0,0.00,0.00,Heavy Rain,0,"[[39.99,-82.77],[39.9895,-82.7669],[39.9918,-82.7669],[39.9917,-82.769]]",0,1,county_code_unverified|timezone_not_normalized_to_utc
521245,86347,2014,2014-06-28T17:20:00,2014-06-28T18:20:00,EST-5,1.0,39,39089,C,089,LICKING,0,0,0,0,0.00,0.00,Heavy Rain,0,"[[40.0,-82.7],[39.9969,-82.6905],[40.002,-82.6922],[40.0029,-82.6966]]",0,1,county_code_unverified|timezone_not_normalized_to_utc
521246,86347,2014,2014-06-28T17:31:00,2014-06-28T18:31:00,EST-5,1.0,39,39089,C,089,LICKING,0,0,0,0,0.00,0.00,Heavy Rain,0,"[[39.99,-82.77],[39.9895,-82.7666],[39.991,-82.7669],[39.9909,-82.7692]]",0,1,county_code_unverified|timezone_not_normalized_to_utc
521252,85674,2014,2014-04-07T07:15:00,2014-04-07T13:35:00,CST-6,6.333333333333333,01,01001,C,001,AUTAUGA,0,0,0,0,0.00,0.00,Heavy Rain,0,"[[32.7318,-86.5757],[32.6498,-86.5167],[32.6087,-86.5345],[32.5879,-86.6794],[32.6689,-86.7638],[32.7261,-86.6588]]",0,1,county_code_unverified|timezone_not_normalized_to_utc
521317,86295,2014,2014-06-18T07:04:00,2014-06-18T08:30:00,CST-6,1.4333333333333333,55,55053,C,053,JACKSON,0,0,0,0,5000.00,0.00,Heavy Rain,0,"[[44.2995,-90.8719],[44.3097,-90.8523],[44.2874,-90.831],[44.2897,-90.8719]]",0,1,county_code_unverified|timezone_not_normalized_to_utc
521318,86295,2014,2014-06-18T08:00:00,2014-06-18T13:00:00,CST-6,5.0,55,55053,C,053,JACKSON,0,0,0,0,5000.00,0.00,Heavy Rain,0,"[[44.1591,-90.7799],[44.1692,-90.7939],[44.1746,-90.7793],[44.1678,-90.7665]]",0,1,county_code_unverified|timezone_not_normalized_to_utc
521319,86295,2014,2014-06-18T08:00:00,2014-06-18T13:00:00,CST-6,5.0,55,55053,C,053,JACKSON,0,0,0,0,5000.00,0.00,Heavy Rain,0,"[[44.3792,-90.8958],[44.376,-90.8963],[44.3766,-90.9023],[44.3791,-90.9023]]",0,1,county_code_unverified|timezone_not_normalized_to_utc
521320,86295,2014,2014-06-18T08:00:00,2014-06-18T13:00:00,CST-6,5.0,55,55053,C,053,JACKSON,0,0,0,0,5000.00,0.00,Heavy Rain,0,"[[44.1944,-91.1228],[44.1907,-91.1225],[44.191,-91.1247],[44.1948,-91.1244]]",0,1,county_code_unverified|timezone_not_normalized_to_utc
521512,86355,2014,2014-06-18T22:45:00,2014-06-19T00:15:00,CST-6,1.5,19,19089,C,089,HOWARD,0,0,0,0,0.00,0.00,Heavy Rain,0,"[[43.3852,-92.1006],[43.3721,-92.1006],[43.3564,-92.1085],[43.3568,-92.1216],[43.3806,-92.1329],[43.3851,-92.1212]]",0,1,county_code_unverified|timezone_not_normalized_to_utc
521807,86478,2014,2014-05-21T22:30:00,2014-05-22T04:00:00,MST-7,5.5,56,56031,C,031,PLATTE,0,0,0,0,0.00,0.00,Heavy Rain,0,"[[42.35,-104.66],[42.09,-104.65],[42.15,-105.09],[42.32,-105.09]]",0,1,county_code_unverified|timezone_not_normalized_to_utc
521957,86511,2014,2014-05-28T04:45:00,2014-05-31T23:59:00,MST-7,91.23333333333333,56,56013,C,013,FREMONT,0,0,0,0,0.00,0.00,Heavy Rain / Snow Melt,0,"[[43.5491,-109.6814],[43.5514,-109.6791],[43.519,-109.5631],[43.5138,-109.5648],[43.515,-109.5996],[43.5242,-109.6339]]",0,1,county_code_unverified|timezone_not_normalized_to_utc
521961,86511,2014,2014-05-28T22:30:00,2014-05-31T23:59:00,MST-7,73.48333333333333,56,56013,C,013,FREMONT,0,0,0,0,0.00,0.00,Heavy Rain / Snow Melt,0,"[[43.0095,-108.4101],[43.0148,-108.4006],[43.0119,-108.3489],[43.0072,-108.3486],[43.0058,-108.3738]]",0,1,county_code_unverified|timezone_not_normalized_to_utc
521963,86511,2014,2014-05-29T03:00:00,2014-05-31T23:59:00,MST-7,68.98333333333333,56,56003,C,003,BIG HORN,0,0,0,0,0.00,0.00,Heavy Rain / Snow Melt,0,"[[44.2999,-107.5383],[44.2917,-107.5378],[44.2786,-107.5488],[44.2793,-107.5529],[44.2999,-107.5415]]",0,1,county_code_unverified|timezone_not_normalized_to_utc
522087,86523,2014,2014-06-19T00:10:00,2014-06-19T01:10:00,CST-6,1.0,31,31041,C,041,CUSTER,0,0,0,0,0.00,0.00,Heavy Rain,0,"[[41.42,-100.19],[41.4169,-100.1927],[41.4145,-100.206],[41.4238,-100.1989],[41.4264,-100.1908]]",0,1,county_code_unverified|timezone_not_normalized_to_utc
522285,83964,2014,2014-05-12T02:55:00,2014-05-12T09:55:00,CST-6,7.0,31,31109,C,109,LANCASTER,0,0,0,0,3000.00,0.00,Heavy Rain,0,"[[41.0483,-96.6879],[41.0364,-96.6498],[41.0505,-96.644],[41.0575,-96.6804]]",0,1,county_code_unverified|timezone_not_normalized_to_utc
522292,86563,2014,2014-05-17T20:15:00,2014-05-18T15:45:00,EST-5,19.5,23,23025,C,025,SOMERSET,0,0,0,0,0.00,0.00,Heavy Rain,0,"[[44.7673,-69.7174],[44.7647,-69.7151],[44.7685,-69.7101],[44.7694,-69.7115]]",0,1,county_code_unverified|timezone_not_normalized_to_utc
522293,86563,2014,2014-05-17T09:12:00,2014-05-17T15:00:00,EST-5,5.8,23,23017,C,017,OXFORD,0,0,0,0,0.00,0.00,Heavy Rain,0,"[[44.6713,-70.5963],[44.67,-70.5994],[44.6676,-70.5934],[44.6687,-70.5923]]",0,1,county_code_unverified|timezone_not_normalized_to_utc
522298,86564,2014,2014-05-17T08:21:00,2014-05-17T18:21:00,EST-5,10.0,33,33009,C,009,GRAFTON,0,0,0,0,0.00,0.00,Heavy Rain,0,"[[43.98,-71.68],[43.9804,-71.6791],[43.9794,-71.6787],[43.9791,-71.6797]]",0,1,county_code_unverified|timezone_not_normalized_to_utc
522299,86564,2014,2014-05-17T12:33:00,2014-05-17T18:21:00,EST-5,5.8,33,33003,C,003,CARROLL,0,0,0,0,0.00,0.00,Heavy Rain,0,"[[43.98,-71.12],[43.9825,-71.115],[43.9822,-71.1087],[43.9804,-71.1074]]",0,1,county_code_unverified|timezone_not_normalized_to_utc
522301,86565,2014,2014-05-17T15:28:00,2014-05-17T20:58:00,EST-5,5.5,23,23017,C,017,OXFORD,0,0,0,0,0.00,0.00,Heavy Rain,0,"[[44.6,-70.73],[44.6016,-70.7348],[44.6161,-70.737],[44.6149,-70.73]]",0,1,county_code_unverified|timezone_not_normalized_to_utc
522327,84973,2014,2014-06-21T15:30:00,2014-06-22T05:00:00,CST-6,13.5,31,31177,C,177,WASHINGTON,0,0,0,0,5000.00,0.00,Heavy Rain,0,"[[41.6816,-96.13],[41.5338,-96.1029],[41.4721,-96.0212],[41.434,-95.9354],[41.4669,-95.9388],[41.579,-96.0171],[41.6821,-96.1015]]",0,1,county_code_unverified|timezone_not_normalized_to_utc
522328,86572,2014,2014-06-18T15:52:00,2014-06-25T15:45:00,CST-6,167.88333333333333,31,31025,C,025,CASS,0,0,0,0,10000.00,0.00,Heavy Rain,0,"[[41.0509,-95.8969],[40.9219,-95.8626],[40.7671,-95.8736],[40.7681,-95.8228],[40.9345,-95.809],[41.0525,-95.8598]]",0,1,county_code_unverified|timezone_not_normalized_to_utc
522329,86572,2014,2014-06-18T12:45:00,2014-06-29T20:22:00,CST-6,271.6166666666667,31,31131,C,131,OTOE,0,0,0,0,15000.00,0.00,Heavy Rain,0,"[[40.7858,-95.9093],[40.6964,-95.8846],[40.6432,-95.8035],[40.5379,-95.7898],[40.5474,-95.7239],[40.6589,-95.7665],[40.7661,-95.8283]]",0,1,county_code_unverified|timezone_not_normalized_to_utc
522330,86572,2014,2014-06-17T02:57:00,2014-06-30T23:59:00,CST-6,333.03333333333336,31,31127,C,127,NEMAHA,0,0,0,0,25000.00,0.00,Heavy Rain,0,"[[40.5198,-95.7256],[40.378,-95.6703],[40.3121,-95.6786],[40.2843,-95.5969],[40.3154,-95.5344],[40.4857,-95.6593]]",0,1,county_code_unverified|timezone_not_normalized_to_utc
522331,86572,2014,2014-06-18T23:15:00,2014-06-30T14:15:00,CST-6,279.0,31,31147,C,147,RICHARDSON,0,0,0,0,15000.00,0.00,Heavy Rain,0,"[[40.2786,-95.5948],[40.0701,-95.4932],[40.0004,-95.3641],[40.0131,-95.2707],[40.2273,-95.4492],[40.3028,-95.5179]]",0,1,county_code_unverified|timezone_not_normalized_to_utc
522332,84603,2014,2014-06-04T11:25:00,2014-06-06T12:57:00,CST-6,49.53333333333333,31,31127,C,127,NEMAHA,0,0,0,0,4000.00,0.00,Heavy Rain,0,"[[40.5182,-95.7421],[40.379,-95.6758],[40.2973,-95.6703],[40.268,-95.5769],[40.289,-95.5302],[40.4804,-95.6717],[40.5253,-95.6978]]",0,1,county_code_unverified|timezone_not_normalized_to_utc
522334,84603,2014,2014-06-04T14:01:00,2014-06-05T23:58:00,CST-6,33.95,31,31147,C,147,RICHARDSON,0,0,0,0,0.00,0.00,Heavy Rain,0,"[[40.2431,-95.5625],[40.1075,-95.4602],[40.0118,-95.4204],[40.0192,-95.2679],[40.2313,-95.4218]]",0,1,county_code_unverified|timezone_not_normalized_to_utc
522338,86573,2014,2014-06-15T12:15:00,2014-06-15T15:15:00,CST-6,3.0,31,31173,C,173,THURSTON,0,0,0,0,1000.00,0.00,Heavy Rain,0,"[[42.0921,-96.7003],[42.1433,-96.749],[42.1568,-96.7257],[42.1079,-96.6797]]",0,1,county_code_unverified|timezone_not_normalized_to_utc
522339,86573,2014,2014-06-15T14:00:00,2014-06-16T05:15:00,CST-6,15.25,31,31053,C,053,DODGE,0,0,0,0,2000.00,0.00,Heavy Rain,0,"[[41.741,-96.5143],[41.6739,-96.5691],[41.6334,-96.5255],[41.6534,-96.4943]]",0,1,county_code_unverified|timezone_not_normalized_to_utc
522342,84973,2014,2014-06-21T03:51:00,2014-06-21T13:20:00,CST-6,9.483333333333333,31,31053,C,053,DODGE,0,0,0,0,5000.00,0.00,Heavy Rain,0,"[[41.647,-96.6357],[41.6827,-96.7278],[41.6655,-96.7484],[41.6369,-96.632]]",0,1,county_code_unverified|timezone_not_normalized_to_utc
522343,86574,2014,2014-06-27T08:43:00,2014-06-27T19:00:00,CST-6,10.283333333333333,31,31053,C,053,DODGE,0,0,0,0,5000.00,0.00,Heavy Rain,0,"[[41.6753,-96.7199],[41.6634,-96.7276],[41.6568,-96.7006],[41.6378,-96.6371],[41.6483,-96.6351]]",0,1,county_code_unverified|timezone_not_normalized_to_utc
522345,84973,2014,2014-06-21T05:15:00,2014-06-21T21:35:00,CST-6,16.333333333333332,31,31053,C,053,DODGE,0,0,0,0,10000.00,0.00,Heavy Rain,0,"[[41.5403,-96.4619],[41.561,-96.6145],[41.5857,-96.6124],[41.5541,-96.4534]]",0,1,county_code_unverified|timezone_not_normalized_to_utc
522346,84603,2014,2014-06-04T07:30:00,2014-06-04T15:47:00,CST-6,8.283333333333333,31,31155,C,155,SAUNDERS,0,0,0,0,2000.00,0.00,Heavy Rain,0,"[[41.1986,-96.6258],[41.1758,-96.5904],[41.1492,-96.5509],[41.1513,-96.5278],[41.1872,-96.5777],[41.2006,-96.6042]]",0,1,county_code_unverified|timezone_not_normalized_to_utc
522348,84603,2014,2014-06-04T06:43:00,2014-06-04T13:11:00,CST-6,6.466666666666667,31,31109,C,109,LANCASTER,0,0,0,0,1000.00,0.00,Heavy Rain,0,"[[41.0421,-96.6642],[41.0506,-96.6539],[41.0467,-96.5715],[41.039,-96.5932]]",0,1,county_code_unverified|timezone_not_normalized_to_utc
522349,84603,2014,2014-06-05T03:19:00,2014-06-06T23:21:00,CST-6,44.03333333333333,31,31151,C,151,SALINE,0,0,0,0,2000.00,0.00,Heavy Rain,0,"[[40.676,-97.0052],[40.7041,-96.9674],[40.5848,-96.9207],[40.59,-96.9901]]",0,1,county_code_unverified|timezone_not_normalized_to_utc
522350,84602,2014,2014-06-03T20:23:00,2014-06-04T11:22:00,CST-6,14.983333333333333,19,19129,C,129,MILLS,0,0,0,0,1000.00,0.00,Heavy Rain,0,"[[40.9905,-95.832],[40.9623,-95.8077],[41.041,-95.6758],[41.0586,-95.7246]]",0,1,county_code_unverified|timezone_not_normalized_to_utc
522351,84602,2014,2014-06-04T00:00:00,2014-06-05T08:45:00,CST-6,32.75,19,19071,C,071,FREMONT,0,0,0,0,2000.00,0.00,Heavy Rain,0,"[[40.8748,-95.5876],[40.7067,-95.6236],[40.6601,-95.6284],[40.6869,-95.5872],[40.8746,-95.566]]",0,1,county_code_unverified|timezone_not_normalized_to_utc
522352,84602,2014,2014-06-04T07:07:00,2014-06-04T22:55:00,CST-6,15.8,19,19071,C,071,FREMONT,0,0,0,0,2000.00,0.00,Heavy Rain,0,"[[40.6546,-95.6315],[40.5889,-95.6532],[40.585,-95.6298],[40.6486,-95.6144]]",0,1,county_code_unverified|timezone_not_normalized_to_utc
522353,84602,2014,2014-06-03T22:54:00,2014-06-04T10:02:00,CST-6,11.133333333333333,19,19145,C,145,PAGE,0,0,0,0,5000.00,0.00,Heavy Rain,0,"[[40.9068,-95.0317],[40.5952,-95.0867],[40.5795,-94.9892],[40.9011,-94.9905]]",0,1,county_code_unverified|timezone_not_normalized_to_utc
522648,86605,2014,2014-04-11T00:00:00,2014-04-15T00:00:00,EST-5,96.0,26,26041,C,041,DELTA,0,0,0,0,85000.00,0.00,Ice Jam,0,"[[45.8799,-87.1221],[45.8795,-87.0972],[45.9264,-86.9636],[45.9264,-86.9715]]",0,1,county_code_unverified|timezone_not_normalized_to_utc
523102,85999,2014,2014-05-12T20:10:00,2014-05-13T00:00:00,CST-6,3.8333333333333335,17,17097,C,097,LAKE,0,0,0,0,0.00,0.00,Heavy Rain,0,"[[42.3218,-87.8411],[42.3221,-87.8318],[42.3169,-87.8315],[42.3096,-87.8327],[42.3115,-87.8455]]",0,1,county_code_unverified|timezone_not_normalized_to_utc
523291,86702,2014,2014-06-18T13:30:00,2014-06-19T13:30:00,MST-7,24.0,30,30073,C,073,PONDERA,0,0,0,0,0.00,0.00,Heavy Rain,0,"[[48.3706,-112.1438],[48.3696,-112.1453],[48.3682,-112.2075],[48.3709,-112.2058]]",0,1,county_code_unverified|timezone_not_normalized_to_utc
523302,86702,2014,2014-06-18T18:30:00,2014-06-19T00:30:00,MST-7,6.0,30,30035,C,035,GLACIER,0,0,0,0,0.00,0.00,Heavy Rain,0,"[[48.92,-112.77],[48.92,-112.74],[48.9,-112.74],[48.9,-112.77]]",0,1,county_code_unverified|timezone_not_normalized_to_utc
523372,85953,2014,2014-05-08T14:00:00,2014-05-08T17:44:00,AST-4,3.7333333333333334,99,,C,119,RIO GRANDE,0,0,0,0,0.00,0.00,Heavy Rain,0,"[[18.3855,-65.8279],[18.3874,-65.8278],[18.3877,-65.8289],[18.3855,-65.8285]]",0,1,requires_crosswalk_or_marine_review|timezone_not_normalized_to_utc
523451,86726,2014,2014-05-16T05:12:00,2014-05-16T07:12:00,EST-5,2.0,36,36055,C,055,MONROE,0,0,0,0,100000.00,0.00,Heavy Rain,0,"[[43.1123,-77.6033],[43.1061,-77.6059],[43.1051,-77.5818],[43.1122,-77.5841]]",0,1,county_code_unverified|timezone_not_normalized_to_utc
523454,86726,2014,2014-05-16T05:38:00,2014-05-16T08:38:00,EST-5,3.0,36,36003,C,003,ALLEGANY,0,0,0,0,200000.00,0.00,Heavy Rain,0,"[[42.3068,-77.7777],[42.2997,-77.7173],[42.1624,-77.7475],[42.1654,-77.8285]]",0,1,county_code_unverified|timezone_not_normalized_to_utc
523457,86726,2014,2014-05-16T05:39:00,2014-05-16T08:39:00,EST-5,3.0,36,36003,C,003,ALLEGANY,0,0,0,0,100000.00,0.00,Heavy Rain,0,"[[42.4556,-77.7667],[42.466,-77.7774],[42.4835,-77.8481],[42.4746,-77.8656],[42.448,-77.8131]]",0,1,county_code_unverified|timezone_not_normalized_to_utc
523458,86726,2014,2014-05-16T05:41:00,2014-05-16T08:41:00,EST-5,3.0,36,36069,C,069,ONTARIO,0,0,0,0,150000.00,0.00,Heavy Rain,0,"[[42.85,-77.43],[42.8582,-77.4126],[42.8415,-77.4062],[42.837,-77.4272]]",0,1,county_code_unverified|timezone_not_normalized_to_utc
523460,86726,2014,2014-05-16T06:03:00,2014-05-16T09:03:00,EST-5,3.0,36,36051,C,051,LIVINGSTON,0,0,0,0,100000.00,0.00,Heavy Rain,0,"[[42.835,-77.6489],[42.8348,-77.6648],[42.8562,-77.6654],[42.8536,-77.6538]]",0,1,county_code_unverified|timezone_not_normalized_to_utc
523465,86726,2014,2014-05-16T07:41:00,2014-05-16T10:41:00,EST-5,3.0,36,36051,C,051,LIVINGSTON,0,0,0,0,100000.00,0.00,Heavy Rain,0,"[[42.64,-77.79],[42.662,-77.8165],[42.6693,-77.7626],[42.6552,-77.7502]]",0,1,county_code_unverified|timezone_not_normalized_to_utc
523467,86726,2014,2014-05-16T09:05:00,2014-05-16T12:05:00,EST-5,3.0,36,36069,C,069,ONTARIO,0,0,0,0,150000.00,0.00,Heavy Rain,0,"[[42.6369,-77.3695],[42.6332,-77.3628],[42.6221,-77.3757],[42.6234,-77.3937],[42.63,-77.3966]]",0,1,county_code_unverified|timezone_not_normalized_to_utc
523470,86726,2014,2014-05-16T10:00:00,2014-05-16T13:00:00,EST-5,3.0,36,36051,C,051,LIVINGSTON,0,0,0,0,100000.00,0.00,Heavy Rain,0,"[[42.7165,-77.7163],[42.7224,-77.6984],[42.7183,-77.7007],[42.7127,-77.7144]]",0,1,county_code_unverified|timezone_not_normalized_to_utc
523472,86726,2014,2014-05-16T19:00:00,2014-05-16T21:00:00,EST-5,2.0,36,36055,C,055,MONROE,0,0,0,0,100000.00,0.00,Heavy Rain,0,"[[43.1046,-77.4431],[43.1015,-77.4433],[43.0947,-77.4311],[43.0991,-77.4326]]",0,1,county_code_unverified|timezone_not_normalized_to_utc
523522,84958,2014,2014-06-18T00:00:00,2014-06-23T00:00:00,CST-6,120.0,27,27019,C,019,CARVER,0,0,0,0,9200000.00,0.00,Heavy Rain,0,"[[44.8744,-93.5149],[44.8887,-93.7736],[44.9707,-93.7834],[44.9673,-93.9372],[44.7509,-93.9801],[44.6497,-93.7669],[44.7273,-93.6502],[44.7911,-93.585]]",0,1,county_code_unverified|timezone_not_normalized_to_utc
523523,84958,2014,2014-06-18T00:00:00,2014-06-23T00:00:00,CST-6,120.0,27,27139,C,139,SCOTT,0,0,0,0,9000000.00,0.00,Heavy Rain,0,"[[44.547,-93.8734],[44.6089,-93.8569],[44.6311,-93.7477],[44.6932,-93.6076],[44.7829,-93.5568],[44.7716,-93.3659],[44.547,-93.3707]]",0,1,county_code_unverified|timezone_not_normalized_to_utc
523524,84958,2014,2014-06-18T00:00:00,2014-06-23T00:00:00,CST-6,120.0,27,27037,C,037,DAKOTA,0,0,0,0,0.00,0.00,Heavy Rain,0,"[[44.7858,-93.3014],[44.8968,-93.1421],[44.9179,-93.1146],[44.9133,-93.0607],[44.6805,-93.0309],[44.6091,-93.0257],[44.6125,-93.289]]",0,1,county_code_unverified|timezone_not_normalized_to_utc
523525,84958,2014,2014-06-18T00:00:00,2014-06-23T00:00:00,CST-6,120.0,27,27053,C,053,HENNEPIN,0,0,0,0,4000000.00,0.00,Heavy Rain,0,"[[45.0973,-93.2993],[44.9999,-93.208],[44.8861,-93.2046],[44.8463,-93.447],[44.9202,-93.6475],[45.0562,-93.7299],[45.1918,-93.5555]]",0,1,county_code_unverified|timezone_not_normalized_to_utc
523526,84958,2014,2014-06-18T00:00:00,2014-06-23T00:00:00,CST-6,120.0,27,27123,C,123,RAMSEY,0,0,0,0,1900000.00,0.00,Heavy Rain,0,"[[44.9279,-93.094],[44.9065,-93.1751],[45.0068,-93.196],[45.1017,-93.2011],[45.1017,-93.002],[44.9153,-93.0164]]",0,1,county_code_unverified|timezone_not_normalized_to_utc
523530,84958,2014,2014-06-18T00:00:00,2014-06-23T00:00:00,CST-6,120.0,27,27143,C,143,SIBLEY,0,0,0,0,3900000.00,0.00,Heavy Rain,0,"[[44.4693,-93.9386],[44.5193,-93.8943],[44.5383,-93.9156],[44.5856,-93.9084],[44.6181,-93.8658],[44.6267,-93.9355],[44.5955,-94.043],[44.4701,-94.0608]]",0,1,county_code_unverified|timezone_not_normalized_to_utc
523531,84958,2014,2014-06-18T00:00:00,2014-06-23T00:00:00,CST-6,120.0,27,27131,C,131,RICE,0,0,0,0,0.00,0.00,Heavy Rain,0,"[[44.3322,-93.275],[44.3391,-93.3323],[44.2664,-93.3337],[44.2654,-93.2293],[44.3293,-93.2341]]",0,1,county_code_unverified|timezone_not_normalized_to_utc
523532,84958,2014,2014-06-18T00:00:00,2014-06-23T00:00:00,CST-6,120.0,27,27043,C,043,FARIBAULT,0,0,0,0,150000.00,0.00,Heavy Rain,0,"[[43.7534,-94.1693],[43.5088,-94.157],[43.5058,-93.6935],[43.7614,-93.6942]]",0,1,county_code_unverified|timezone_not_normalized_to_utc
523536,84958,2014,2014-06-18T00:00:00,2014-06-23T00:00:00,CST-6,120.0,27,27171,C,171,WRIGHT,0,0,0,0,0.00,0.00,Heavy Rain,0,"[[45.0164,-93.7889],[45.0174,-94.227],[45.2624,-94.1817],[45.3305,-93.9757],[45.2131,-93.6832]]",0,1,county_code_unverified|timezone_not_normalized_to_utc
523543,84958,2014,2014-06-18T00:00:00,2014-06-23T00:00:00,CST-6,120.0,27,27013,C,013,BLUE EARTH,0,0,0,0,2300000.00,0.00,Heavy Rain,0,"[[44.1896,-94.183],[44.151,-94.0763],[44.1591,-94.0152],[44.1788,-93.9901],[44.2177,-94.0045],[44.2226,-93.9139],[44.1321,-93.9455],[44.1153,-94.0402]]",0,1,county_code_unverified|timezone_not_normalized_to_utc
523547,84958,2014,2014-06-18T00:00:00,2014-06-23T00:00:00,CST-6,120.0,27,27015,C,015,BROWN,0,0,0,0,850000.00,0.00,Heavy Rain,0,"[[44.3515,-94.5059],[44.3387,-94.4769],[44.3226,-94.457],[44.2777,-94.4169],[44.2752,-94.4831],[44.3185,-94.5291]]",0,1,county_code_unverified|timezone_not_normalized_to_utc
523548,84958,2014,2014-06-18T00:00:00,2014-06-23T00:00:00,CST-6,120.0,27,27079,C,079,LE SUEUR,0,0,0,0,1100000.00,0.00,Heavy Rain,0,"[[44.26,-94.0124],[44.2932,-93.9832],[44.3111,-93.953],[44.3458,-93.9297],[44.4662,-93.9125],[44.5372,-93.8713],[44.528,-93.7381],[44.2749,-93.9111]]",0,1,county_code_unverified|timezone_not_normalized_to_utc
523579,84958,2014,2014-06-18T00:00:00,2014-06-23T00:00:00,CST-6,120.0,27,27103,C,103,NICOLLET,0,0,0,0,500000.00,0.00,Heavy Rain,0,"[[44.3681,-94.5054],[44.3268,-94.4364],[44.2807,-94.3945],[44.2079,-94.1734],[44.1665,-94.0389],[44.1776,-94.009],[44.2617,-94.0323],[44.323,-93.988]]",0,1,county_code_unverified|timezone_not_normalized_to_utc
523589,84958,2014,2014-06-18T00:00:00,2014-06-23T00:00:00,CST-6,120.0,27,27147,C,147,STEELE,0,0,0,0,2400000.00,0.00,Heavy Rain,0,"[[44.1212,-93.2568],[44.0501,-93.2815],[44.0457,-93.1881],[44.1276,-93.1847]]",0,1,county_code_unverified|timezone_not_normalized_to_utc
523611,86740,2014,2014-07-27T05:45:00,2014-07-27T05:45:00,EST-5,0.0,21,21163,C,163,MEADE,0,0,0,0,0.00,0.00,Heavy Rain,0,"[[37.9293,-86.102],[37.9316,-86.1077],[37.928,-86.1079],[37.9281,-86.1026]]",0,1,county_code_unverified|timezone_not_normalized_to_utc
523656,86747,2014,2014-05-15T15:35:00,2014-05-16T00:00:00,EST-5,8.416666666666666,51,51117,C,117,MECKLENBURG,0,0,0,0,0.00,0.00,Heavy Rain,0,"[[36.67,-78.39],[36.8,-78.46],[36.8105,-78.3875],[36.6784,-78.3366]]",0,1,county_code_unverified|timezone_not_normalized_to_utc
523662,86747,2014,2014-05-16T08:30:00,2014-05-16T13:00:00,EST-5,4.5,51,51710,C,710,NORFOLK (C),0,0,0,0,0.00,0.00,Heavy Rain,0,"[[36.87,-76.27],[36.87,-76.3],[36.8526,-76.2946],[36.852,-76.2748]]",0,1,county_code_unverified|timezone_not_normalized_to_utc
523666,86747,2014,2014-05-16T08:40:00,2014-05-16T13:00:00,EST-5,4.333333333333333,51,51740,C,740,PORTSMOUTH (C),0,0,0,0,0.00,0.00,Heavy Rain,0,"[[36.82,-76.33],[36.8353,-76.3301],[36.8371,-76.305],[36.823,-76.3045]]",0,1,county_code_unverified|timezone_not_normalized_to_utc
523668,86747,2014,2014-05-16T09:30:00,2014-05-16T13:00:00,EST-5,3.5,51,51550,C,550,CHESAPEAKE (C),0,0,0,0,0.00,0.00,Heavy Rain,0,"[[36.78,-76.34],[36.7802,-76.3324],[36.7763,-76.3326],[36.7763,-76.3404]]",0,1,county_code_unverified|timezone_not_normalized_to_utc
523760,86755,2014,2014-05-27T10:30:00,2014-05-29T15:30:00,MST-7,53.0,30,30067,C,067,PARK,0,0,0,0,0.00,0.00,Heavy Rain / Snow Melt,0,"[[45.6542,-110.5553],[45.6548,-110.5524],[45.6541,-110.5528],[45.6539,-110.5549]]",0,1,county_code_unverified|timezone_not_normalized_to_utc
523763,86756,2014,2014-06-16T06:00:00,2014-06-18T06:00:00,CST-6,48.0,46,46099,C,099,MINNEHAHA,0,0,0,0,0.00,0.00,Heavy Rain,0,"[[43.6355,-96.73],[43.6347,-96.7088],[43.4968,-96.6194],[43.4993,-96.7723]]",0,1,county_code_unverified|timezone_not_normalized_to_utc
523766,86756,2014,2014-06-15T06:00:00,2014-06-26T18:00:00,CST-6,276.0,46,46127,C,127,UNION,0,0,0,0,1000000.00,1000000.00,Heavy Rain,0,"[[43.0643,-96.5036],[42.52,-96.48],[42.5566,-96.55],[42.68,-96.6897]]",0,1,county_code_unverified|timezone_not_normalized_to_utc
523769,86756,2014,2014-06-15T18:00:00,2014-06-25T18:00:00,CST-6,240.0,46,46083,C,083,LINCOLN,0,0,0,0,500000.00,500000.00,Heavy Rain,0,"[[43.4993,-96.7723],[43.4968,-96.6194],[43.3716,-96.5015],[43.0788,-96.3999],[43.0765,-96.5003]]",0,1,county_code_unverified|timezone_not_normalized_to_utc
523773,86758,2014,2014-06-16T06:00:00,2014-06-20T06:00:00,CST-6,96.0,19,19119,C,119,LYON,0,0,0,0,0.00,0.00,Heavy Rain,0,"[[43.5007,-96.6123],[43.499,-96.57],[43.3619,-96.5075],[43.2523,-96.5282],[43.2493,-96.5778]]",0,1,county_code_unverified|timezone_not_normalized_to_utc
523774,86758,2014,2014-06-15T06:00:00,2014-06-25T06:00:00,CST-6,240.0,19,19167,C,167,SIOUX,0,0,0,0,500000.00,500000.00,Heavy Rain,0,"[[43.2614,-96.3843],[43.2637,-96.5111],[42.9284,-96.5679],[42.9064,-96.523]]",0,1,county_code_unverified|timezone_not_normalized_to_utc
523775,86758,2014,2014-06-16T06:00:00,2014-06-26T18:00:00,CST-6,252.0,19,19149,C,149,PLYMOUTH,0,0,0,0,500000.00,1000000.00,Heavy Rain,0,"[[42.9168,-96.55],[42.9102,-96.5047],[42.7498,-96.5953],[42.5256,-96.4418],[42.5608,-96.5271],[42.7481,-96.6616]]",0,1,county_code_unverified|timezone_not_normalized_to_utc
523778,86758,2014,2014-06-19T06:00:00,2014-06-22T18:00:00,CST-6,84.0,19,19193,C,193,WOODBURY,0,0,0,0,0.00,0.00,Heavy Rain,0,"[[42.487,-96.48],[42.5,-96.48],[42.5,-96.44],[42.49,-96.44]]",0,1,county_code_unverified|timezone_not_normalized_to_utc
523783,85858,2014,2014-06-29T09:30:00,2014-06-29T14:30:00,CST-6,5.0,05,05063,C,063,INDEPENDENCE,0,0,0,0,5000.00,10000.00,Heavy Rain,0,"[[35.78,-91.78],[35.82,-91.58],[35.82,-91.35],[35.5368,-91.3814],[35.5493,-91.7877]]",0,1,county_code_unverified|timezone_not_normalized_to_utc
523787,86760,2014,2014-06-15T06:00:00,2014-06-21T18:00:00,CST-6,156.0,19,19119,C,119,LYON,0,0,0,0,2000000.00,1000000.00,Heavy Rain,0,"[[43.5024,-96.18],[43.5016,-96.0813],[43.2579,-96.1565],[43.2595,-96.2581]]",0,1,county_code_unverified|timezone_not_normalized_to_utc
523794,86760,2014,2014-06-16T06:00:00,2014-06-20T18:00:00,CST-6,108.0,19,19167,C,167,SIOUX,0,0,0,0,1000000.00,0.00,Heavy Rain,0,"[[43.2575,-96.1565],[43.2575,-96.3],[43.1,-96.483],[43.0488,-96.4401]]",0,1,county_code_unverified|timezone_not_normalized_to_utc
523896,86766,2014,2014-05-21T09:30:00,2014-05-21T12:30:00,EST-5,3.0,36,36013,C,013,CHAUTAUQUA,0,0,0,0,100000.00,0.00,Heavy Rain,0,"[[42.07,-79.7],[42.0637,-79.7089],[42.0664,-79.7135],[42.0722,-79.708]]",0,1,county_code_unverified|timezone_not_normalized_to_utc
523898,86766,2014,2014-05-21T03:00:00,2014-05-21T05:30:00,EST-5,2.5,36,36013,C,013,CHAUTAUQUA,0,0,0,0,200000.00,0.00,Heavy Rain,0,"[[42.1119,-79.2024],[42.1193,-79.1894],[42.122,-79.1921],[42.1139,-79.2036]]",0,1,county_code_unverified|timezone_not_normalized_to_utc
523981,86755,2014,2014-05-28T14:00:00,2014-05-30T22:00:00,MST-7,56.0,30,30009,C,009,CARBON,0,0,0,0,0.00,0.00,Heavy Rain / Snow Melt,0,"[[45.4753,-108.8638],[45.4742,-108.834],[45.4516,-108.8416],[45.461,-108.8616]]",0,1,county_code_unverified|timezone_not_normalized_to_utc
524032,86770,2014,2014-05-21T20:40:00,2014-05-22T07:00:00,EST-5,10.333333333333334,42,42121,C,121,VENANGO,0,0,0,0,0.00,0.00,Heavy Rain,0,"[[41.4718,-79.5935],[41.4348,-79.5846],[41.4528,-79.5383],[41.4834,-79.5496]]",0,1,county_code_unverified|timezone_not_normalized_to_utc
524102,86780,2014,2014-05-27T15:14:00,2014-05-27T18:30:00,EST-5,3.2666666666666666,42,42129,C,129,WESTMORELAND,0,0,0,0,15000.00,0.00,Heavy Rain,0,"[[40.3184,-79.3688],[40.3115,-79.3875],[40.2842,-79.3882],[40.3011,-79.3594]]",0,1,county_code_unverified|timezone_not_normalized_to_utc
524111,86780,2014,2014-05-27T15:53:00,2014-05-27T18:30:00,EST-5,2.6166666666666667,42,42129,C,129,WESTMORELAND,0,0,0,0,2000.00,0.00,Heavy Rain,0,"[[40.2473,-79.4697],[40.2472,-79.47],[40.2467,-79.4697],[40.2469,-79.4692]]",0,1,county_code_unverified|timezone_not_normalized_to_utc
524126,86780,2014,2014-05-27T23:00:00,2014-05-28T02:30:00,EST-5,3.5,42,42125,C,125,WASHINGTON,0,0,0,0,1000.00,0.00,Heavy Rain,0,"[[40.3033,-80.1115],[40.3011,-80.1146],[40.2892,-80.1052],[40.2902,-80.1]]",0,1,county_code_unverified|timezone_not_normalized_to_utc
524127,86780,2014,2014-05-27T23:20:00,2014-05-28T02:00:00,EST-5,2.6666666666666665,42,42003,C,003,ALLEGHENY,0,0,0,0,0.00,0.00,Heavy Rain,0,"[[40.3216,-80.119],[40.3202,-80.1125],[40.3173,-80.1151],[40.3188,-80.1201]]",0,1,county_code_unverified|timezone_not_normalized_to_utc
524128,86780,2014,2014-05-27T23:25:00,2014-05-28T02:00:00,EST-5,2.5833333333333335,42,42003,C,003,ALLEGHENY,0,0,0,0,0.00,0.00,Heavy Rain,0,"[[40.29,-80.02],[40.2872,-80.0287],[40.2846,-80.0221],[40.2872,-80.0191]]",0,1,county_code_unverified|timezone_not_normalized_to_utc
524131,86780,2014,2014-05-28T01:00:00,2014-05-28T01:43:00,EST-5,0.7166666666666667,42,42129,C,129,WESTMORELAND,0,0,0,0,0.00,0.00,Heavy Rain,0,"[[40.1618,-79.8783],[40.1569,-79.9008],[40.1412,-79.8888],[40.1428,-79.8692],[40.1578,-79.8658]]",0,1,county_code_unverified|timezone_not_normalized_to_utc
524138,86002,2014,2014-05-20T20:29:00,2014-05-20T22:30:00,CST-6,2.0166666666666666,17,17031,C,031,COOK,0,0,0,0,0.00,0.00,Heavy Rain,0,"[[41.5623,-87.6677],[41.5622,-87.667],[41.5618,-87.6675],[41.562,-87.6679]]",0,1,county_code_unverified|timezone_not_normalized_to_utc
524139,86789,2014,2014-05-28T18:17:00,2014-05-29T00:26:00,EST-5,6.15,42,42129,C,129,WESTMORELAND,0,0,0,0,0.00,0.00,Heavy Rain,0,"[[40.24,-79.8],[40.2072,-79.8425],[40.1619,-79.7082],[40.2377,-79.7099],[40.2528,-79.7662]]",0,1,county_code_unverified|timezone_not_normalized_to_utc
524146,86003,2014,2014-05-20T20:48:00,2014-05-20T22:30:00,CST-6,1.7,18,18089,C,089,LAKE,0,0,0,0,0.00,0.00,Heavy Rain,0,"[[41.5437,-87.5099],[41.5437,-87.5076],[41.5407,-87.5076],[41.5407,-87.5099]]",0,1,county_code_unverified|timezone_not_normalized_to_utc
524162,86791,2014,2014-06-15T06:00:00,2014-06-20T18:00:00,CST-6,132.0,27,27133,C,133,ROCK,0,0,0,0,200000.00,0.00,Heavy Rain,0,"[[43.8414,-96.1149],[43.8335,-96.1693],[43.6565,-96.2341],[43.5,-96.2059],[43.5,-96.145]]",0,1,county_code_unverified|timezone_not_normalized_to_utc
524163,86755,2014,2014-05-27T12:00:00,2014-05-28T00:00:00,MST-7,12.0,30,30111,C,111,YELLOWSTONE,0,0,0,0,0.00,0.00,Heavy Rain / Snow Melt,0,"[[45.6252,-108.7632],[45.6236,-108.7643],[45.6241,-108.7667],[45.6253,-108.7663]]",0,1,county_code_unverified|timezone_not_normalized_to_utc
524180,86803,2014,2014-06-16T06:00:00,2014-06-26T18:00:00,CST-6,252.0,19,19059,C,059,DICKINSON,0,0,0,0,0.00,0.00,Heavy Rain,0,"[[43.437,-95.211],[43.4313,-95.15],[43.2364,-95.0967],[43.2432,-95.15]]",0,1,county_code_unverified|timezone_not_normalized_to_utc
524184,86803,2014,2014-06-18T06:00:00,2014-06-25T18:00:00,CST-6,180.0,19,19041,C,041,CLAY,0,0,0,0,500000.00,0.00,Heavy Rain,0,"[[43.25,-95.3588],[43.25,-95.2694],[42.9979,-94.9569],[43.0089,-95.0666]]",0,1,county_code_unverified|timezone_not_normalized_to_utc
524185,86803,2014,2014-06-16T06:00:00,2014-06-30T23:59:00,CST-6,353.98333333333335,19,19021,C,021,BUENA VISTA,0,0,0,0,0.00,0.00,Heavy Rain,0,"[[42.88,-95.25],[42.88,-95.3488],[42.9077,-95.3413],[42.9017,-95.25]]",0,1,county_code_unverified|timezone_not_normalized_to_utc
524197,86803,2014,2014-06-17T06:00:00,2014-06-30T23:59:00,CST-6,329.98333333333335,19,19035,C,035,CHEROKEE,0,0,0,0,1000000.00,0.00,Heavy Rain,0,"[[42.9254,-95.3475],[42.63,-95.6103],[42.63,-95.6497],[42.9109,-95.4741]]",0,1,county_code_unverified|timezone_not_normalized_to_utc
524207,86803,2014,2014-06-17T06:00:00,2014-06-26T18:00:00,CST-6,228.0,19,19193,C,193,WOODBURY,0,0,0,0,1000000.00,0.00,Heavy Rain,0,"[[42.5736,-95.7474],[42.5209,-95.7445],[42.215,-95.8],[42.2153,-96.0123]]",0,1,county_code_unverified|timezone_not_normalized_to_utc
524208,86803,2014,2014-06-17T06:00:00,2014-06-23T18:00:00,CST-6,156.0,19,19041,C,041,CLAY,0,0,0,0,0.00,0.00,Heavy Rain,0,"[[43.17,-95.33],[43.1645,-95.15],[43.1211,-95.15],[43.1411,-95.33]]",0,1,county_code_unverified|timezone_not_normalized_to_utc
524213,86821,2014,2014-06-17T06:00:00,2014-06-20T18:00:00,CST-6,84.0,19,19167,C,167,SIOUX,0,0,0,0,0.00,0.00,Heavy Rain,0,"[[43.1424,-95.88],[43.1369,-95.9179],[42.9079,-96.123],[42.9011,-96.05]]",0,1,county_code_unverified|timezone_not_normalized_to_utc
524221,86823,2014,2014-06-15T18:00:00,2014-06-19T18:00:00,CST-6,96.0,19,19093,C,093,IDA,0,0,0,0,500000.00,0.00,Heavy Rain,0,"[[42.5205,-95.4478],[42.5205,-95.3922],[42.3327,-95.4544],[42.2783,-95.6099],[42.321,-95.6278],[42.3677,-95.487]]",0,1,county_code_unverified|timezone_not_normalized_to_utc
524235,86825,2014,2014-06-16T06:00:00,2014-06-17T18:00:00,CST-6,36.0,19,19149,C,149,PLYMOUTH,0,0,0,0,0.00,0.00,Heavy Rain,0,"[[42.6814,-96.381],[42.6819,-96.3566],[42.5879,-96.3673],[42.5961,-96.3989]]",0,1,county_code_unverified|timezone_not_normalized_to_utc
524281,85706,2014,2014-05-16T08:27:00,2014-05-16T19:15:00,EST-5,10.8,24,24021,C,021,FREDERICK,0,0,0,0,0.00,0.00,Heavy Rain,0,"[[39.6897,-77.2326],[39.6895,-77.2346],[39.6887,-77.2346],[39.6887,-77.2329]]",0,1,county_code_unverified|timezone_not_normalized_to_utc
524282,85706,2014,2014-05-16T08:17:00,2014-05-16T11:48:00,EST-5,3.5166666666666666,24,24043,C,043,WASHINGTON,0,0,0,0,0.00,0.00,Heavy Rain,0,"[[39.651,-78.3415],[39.6503,-78.3453],[39.6486,-78.3449],[39.6488,-78.3423]]",0,1,county_code_unverified|timezone_not_normalized_to_utc
524283,85706,2014,2014-05-16T06:03:00,2014-05-16T10:47:00,EST-5,4.733333333333333,24,24031,C,031,MONTGOMERY,0,0,0,0,0.00,0.00,Heavy Rain,0,"[[39.0675,-77.027],[39.067,-77.0302],[39.0654,-77.0296],[39.0656,-77.0277]]",0,1,county_code_unverified|timezone_not_normalized_to_utc
524284,85706,2014,2014-05-16T15:42:00,2014-05-16T20:00:00,EST-5,4.3,24,24005,C,005,BALTIMORE,0,0,0,0,0.00,0.00,Heavy Rain,0,"[[39.5515,-76.6338],[39.5509,-76.6373],[39.5496,-76.6367],[39.5498,-76.6346]]",0,1,county_code_unverified|timezone_not_normalized_to_utc
524285,85706,2014,2014-05-16T10:47:00,2014-05-16T13:09:00,EST-5,2.3666666666666667,24,24031,C,031,MONTGOMERY,0,0,0,0,0.00,0.00,Heavy Rain,0,"[[39.2419,-77.0568],[39.2415,-77.0616],[39.2396,-77.0612],[39.2396,-77.0583]]",0,1,county_code_unverified|timezone_not_normalized_to_utc
524286,85706,2014,2014-05-16T08:13:00,2014-05-16T15:33:00,EST-5,7.333333333333333,24,24027,C,027,HOWARD,0,0,0,0,0.00,0.00,Heavy Rain,0,"[[39.1313,-76.8077],[39.1313,-76.8106],[39.1297,-76.8107],[39.1298,-76.8087]]",0,1,county_code_unverified|timezone_not_normalized_to_utc
524287,85706,2014,2014-05-16T04:11:00,2014-05-16T16:36:00,EST-5,12.416666666666666,24,24021,C,021,FREDERICK,0,0,0,0,0.00,0.00,Heavy Rain,0,"[[39.3016,-77.597],[39.301,-77.6014],[39.2997,-77.601],[39.2997,-77.5979]]",0,1,county_code_unverified|timezone_not_normalized_to_utc
524288,85706,2014,2014-05-16T05:33:00,2014-05-16T17:12:00,EST-5,11.65,24,24043,C,043,WASHINGTON,0,0,0,0,0.00,0.00,Heavy Rain,0,"[[39.7174,-77.6051],[39.7168,-77.6082],[39.7156,-77.6081],[39.7158,-77.6056]]",0,1,county_code_unverified|timezone_not_normalized_to_utc
524289,86624,2014,2014-05-16T04:49:00,2014-05-16T05:56:00,EST-5,1.1166666666666667,51,51600,C,600,FAIRFAX (C),0,0,0,0,0.00,0.00,Heavy Rain,0,"[[38.8611,-77.289],[38.8606,-77.2907],[38.8598,-77.2905],[38.8599,-77.2888]]",0,1,county_code_unverified|timezone_not_normalized_to_utc
524290,86624,2014,2014-05-16T05:05:00,2014-05-16T10:56:00,EST-5,5.85,51,51059,C,059,FAIRFAX,0,0,0,0,0.00,0.00,Heavy Rain,0,"[[38.8136,-77.2278],[38.8136,-77.2294],[38.8127,-77.2294],[38.8127,-77.2283]]",0,1,county_code_unverified|timezone_not_normalized_to_utc
524291,86624,2014,2014-05-16T06:21:00,2014-05-16T10:50:00,EST-5,4.483333333333333,51,51165,C,165,ROCKINGHAM,0,0,0,0,0.00,0.00,Heavy Rain,0,"[[38.3471,-78.9035],[38.3448,-78.9184],[38.3384,-78.9175],[38.3394,-78.9078]]",0,1,county_code_unverified|timezone_not_normalized_to_utc
524292,86624,2014,2014-05-16T06:20:00,2014-05-17T00:53:00,EST-5,18.55,51,51171,C,171,SHENANDOAH,0,0,0,0,0.00,0.00,Heavy Rain,0,"[[38.8785,-78.4651],[38.8779,-78.4697],[38.8764,-78.4691],[38.877,-78.4661]]",0,1,county_code_unverified|timezone_not_normalized_to_utc
524293,86624,2014,2014-05-16T06:23:00,2014-05-16T17:21:00,EST-5,10.966666666666667,51,51187,C,187,WARREN,0,0,0,0,0.00,0.00,Heavy Rain,0,"[[38.959,-78.2656],[38.9586,-78.2677],[38.9576,-78.2677],[38.9578,-78.2662]]",0,1,county_code_unverified|timezone_not_normalized_to_utc
524294,86624,2014,2014-05-16T03:03:00,2014-05-16T14:54:00,EST-5,11.85,51,51043,C,043,CLARKE,0,0,0,0,0.00,0.00,Heavy Rain,0,"[[39.1248,-78.0666],[39.1241,-78.0701],[39.1225,-78.0702],[39.1229,-78.0672]]",0,1,county_code_unverified|timezone_not_normalized_to_utc
524295,86624,2014,2014-05-16T12:32:00,2014-05-16T15:42:00,EST-5,3.1666666666666665,51,51061,C,061,FAUQUIER,0,0,0,0,0.00,0.00,Heavy Rain,0,"[[38.6381,-77.6233],[38.6377,-77.6255],[38.6366,-77.6256],[38.6369,-77.6242]]",0,1,county_code_unverified|timezone_not_normalized_to_utc
524296,86624,2014,2014-05-16T02:25:00,2014-05-16T05:39:00,EST-5,3.2333333333333334,51,51015,C,015,AUGUSTA,0,0,0,0,0.00,0.00,Heavy Rain,0,"[[38.1007,-78.8984],[38.1004,-78.9006],[38.0995,-78.9005],[38.0999,-78.899]]",0,1,county_code_unverified|timezone_not_normalized_to_utc
524297,86624,2014,2014-05-16T14:30:00,2014-05-18T19:57:00,EST-5,53.45,51,51107,C,107,LOUDOUN,0,0,0,0,0.00,0.00,Heavy Rain,0,"[[39.1016,-77.4966],[39.1015,-77.5021],[39.0995,-77.5016],[39.0997,-77.4982]]",0,1,county_code_unverified|timezone_not_normalized_to_utc
524298,86624,2014,2014-05-16T04:09:00,2014-05-16T06:32:00,EST-5,2.3833333333333333,51,51107,C,107,LOUDOUN,0,0,0,0,0.00,0.00,Heavy Rain,0,"[[39.1686,-77.535],[39.1685,-77.5366],[39.1679,-77.5364],[39.1679,-77.5352]]",0,1,county_code_unverified|timezone_not_normalized_to_utc
524299,86624,2014,2014-05-16T02:45:00,2014-05-16T20:55:00,EST-5,18.166666666666668,51,51113,C,113,MADISON,0,0,0,0,0.00,0.00,Heavy Rain,0,"[[38.3259,-77.095],[38.3255,-77.0967],[38.3248,-77.0967],[38.3249,-77.0953]]",0,1,county_code_unverified|timezone_not_normalized_to_utc
524300,86624,2014,2014-05-16T05:30:00,2014-05-16T19:55:00,EST-5,14.416666666666666,51,51107,C,107,LOUDOUN,0,0,0,0,0.00,0.00,Heavy Rain,0,"[[39.0479,-77.4377],[39.0473,-77.4412],[39.0455,-77.4408],[39.0456,-77.4381]]",0,1,county_code_unverified|timezone_not_normalized_to_utc
524301,86624,2014,2014-05-16T04:20:00,2014-05-16T06:05:00,EST-5,1.75,51,51157,C,157,RAPPAHANNOCK,0,0,0,0,0.00,0.00,Heavy Rain,0,"[[38.6579,-78.0711],[38.6569,-78.0755],[38.6552,-78.0747],[38.6556,-78.0725]]",0,1,county_code_unverified|timezone_not_normalized_to_utc
524302,85996,2014,2014-05-11T19:00:00,2014-05-11T22:00:00,CST-6,3.0,17,17031,C,031,COOK,0,0,0,0,100000.00,0.00,Heavy Rain,0,"[[41.5882,-87.54],[41.5882,-87.5392],[41.5873,-87.5392],[41.5873,-87.54]]",0,1,county_code_unverified|timezone_not_normalized_to_utc
524303,86624,2014,2014-05-16T08:13:00,2014-05-16T12:32:00,EST-5,4.316666666666666,51,51107,C,107,LOUDOUN,0,0,0,0,0.00,0.00,Heavy Rain,0,"[[38.9891,-77.7923],[38.9886,-77.7997],[38.9849,-77.7992],[38.9855,-77.7935]]",0,1,county_code_unverified|timezone_not_normalized_to_utc
524304,86624,2014,2014-05-16T08:09:00,2014-05-16T12:04:00,EST-5,3.9166666666666665,51,51171,C,171,SHENANDOAH,0,0,0,0,0.00,0.00,Heavy Rain,0,"[[38.7498,-78.6345],[38.7481,-78.6416],[38.7446,-78.6401],[38.7445,-78.636]]",0,1,county_code_unverified|timezone_not_normalized_to_utc
524305,86624,2014,2014-05-16T06:16:00,2014-05-16T10:34:00,EST-5,4.3,51,51107,C,107,LOUDOUN,0,0,0,0,0.00,0.00,Heavy Rain,0,"[[39.0391,-77.7206],[39.0384,-77.7227],[39.0376,-77.7225],[39.038,-77.7207]]",0,1,county_code_unverified|timezone_not_normalized_to_utc
524306,86624,2014,2014-05-16T04:31:00,2014-05-16T08:27:00,EST-5,3.933333333333333,51,51107,C,107,LOUDOUN,0,0,0,0,0.00,0.00,Heavy Rain,0,"[[39.0729,-77.683],[39.0725,-77.685],[39.0715,-77.6845],[39.0718,-77.6829]]",0,1,county_code_unverified|timezone_not_normalized_to_utc
524307,86624,2014,2014-05-16T00:50:00,2014-05-16T19:34:00,EST-5,18.733333333333334,51,51171,C,171,SHENANDOAH,0,0,0,0,0.00,0.00,Heavy Rain,0,"[[38.6942,-78.641],[38.6939,-78.6437],[38.6925,-78.6435],[38.6932,-78.6413]]",0,1,county_code_unverified|timezone_not_normalized_to_utc
524309,86624,2014,2014-05-16T02:25:00,2014-05-16T11:34:00,EST-5,9.15,51,51113,C,113,MADISON,0,0,0,0,0.00,0.00,Heavy Rain,0,"[[38.4006,-78.2286],[38.4004,-78.2303],[38.3997,-78.2301],[38.4,-78.2293]]",0,1,county_code_unverified|timezone_not_normalized_to_utc
524310,86624,2014,2014-05-16T04:02:00,2014-05-16T05:37:00,EST-5,1.5833333333333333,51,51113,C,113,MADISON,0,0,0,0,0.00,0.00,Heavy Rain,0,"[[38.2812,-78.3386],[38.2807,-78.3407],[38.2795,-78.3408],[38.2794,-78.3388]]",0,1,county_code_unverified|timezone_not_normalized_to_utc
524311,86624,2014,2014-05-16T05:30:00,2014-05-16T19:34:00,EST-5,14.066666666666666,51,51047,C,047,CULPEPER,0,0,0,0,0.00,0.00,Heavy Rain,0,"[[38.6003,-77.9643],[38.6002,-77.9654],[38.5998,-77.9653],[38.5999,-77.9645]]",0,1,county_code_unverified|timezone_not_normalized_to_utc
524312,86624,2014,2014-05-16T03:23:00,2014-05-16T15:06:00,EST-5,11.716666666666667,51,51107,C,107,LOUDOUN,0,0,0,0,0.00,0.00,Heavy Rain,0,"[[39.1916,-77.6149],[39.1913,-77.6163],[39.1907,-77.6162],[39.1908,-77.6151]]",0,1,county_code_unverified|timezone_not_normalized_to_utc
524313,86624,2014,2014-05-16T08:40:00,2014-05-16T10:08:00,EST-5,1.4666666666666666,51,51107,C,107,LOUDOUN,0,0,0,0,0.00,0.00,Heavy Rain,0,"[[39.2052,-77.6236],[39.2051,-77.6242],[39.2049,-77.6241],[39.205,-77.6237]]",0,1,county_code_unverified|timezone_not_normalized_to_utc
524314,86836,2014,2014-05-16T05:29:00,2014-05-16T15:28:00,EST-5,9.983333333333333,11,11001,C,001,DISTRICT OF COLUMBIA,0,0,0,0,0.00,0.00,Heavy Rain,0,"[[38.9711,-77.0392],[38.9708,-77.0411],[38.9695,-77.0408],[38.9698,-77.0392]]",0,1,county_code_unverified|timezone_not_normalized_to_utc
524315,86835,2014,2014-05-16T03:55:00,2014-05-16T11:08:00,EST-5,7.216666666666667,54,54003,C,003,BERKELEY,0,0,0,0,0.00,0.00,Heavy Rain,0,"[[39.3366,-78.051],[39.3358,-78.0543],[39.3343,-78.054],[39.3343,-78.0516]]",0,1,county_code_unverified|timezone_not_normalized_to_utc
524316,86835,2014,2014-05-16T09:13:00,2014-05-17T05:58:00,EST-5,20.75,54,54003,C,003,BERKELEY,0,0,0,0,0.00,0.00,Heavy Rain,0,"[[39.5138,-78.0356],[39.513,-78.0389],[39.5111,-78.0388],[39.5116,-78.0361]]",0,1,county_code_unverified|timezone_not_normalized_to_utc
524318,85202,2014,2014-05-01T05:00:00,2014-05-01T07:00:00,EST-5,2.0,24,24017,C,017,CHARLES,0,0,0,0,0.00,0.00,Heavy Rain,0,"[[38.6152,-77.0445],[38.6152,-77.0451],[38.6148,-77.0451],[38.6148,-77.0446]]",0,1,county_code_unverified|timezone_not_normalized_to_utc
524319,86835,2014,2014-05-16T23:10:00,2014-05-17T01:10:00,EST-5,2.0,54,54023,C,023,GRANT,0,0,0,0,0.00,0.00,Heavy Rain,0,"[[38.9225,-79.1785],[38.9222,-79.1806],[38.9213,-79.1805],[38.9214,-79.1791]]",0,1,county_code_unverified|timezone_not_normalized_to_utc
524320,86835,2014,2014-05-16T13:25:00,2014-05-16T15:25:00,EST-5,2.0,54,54003,C,003,BERKELEY,0,0,0,0,0.00,0.00,Heavy Rain,0,"[[39.4166,-78.1379],[39.4166,-78.1388],[39.4163,-78.1387],[39.4163,-78.1382]]",0,1,county_code_unverified|timezone_not_normalized_to_utc
524321,86835,2014,2014-05-16T18:44:00,2014-05-16T20:44:00,EST-5,2.0,54,54037,C,037,JEFFERSON,0,0,0,0,0.00,0.00,Heavy Rain,0,"[[39.3608,-77.9511],[39.3605,-77.9549],[39.3586,-77.9546],[39.3587,-77.9518]]",0,1,county_code_unverified|timezone_not_normalized_to_utc
524322,86835,2014,2014-05-16T18:44:00,2014-05-16T20:44:00,EST-5,2.0,54,54037,C,037,JEFFERSON,0,0,0,0,0.00,0.00,Heavy Rain,0,"[[39.3801,-77.9384],[39.3799,-77.9403],[39.379,-77.9401],[39.3791,-77.9388]]",0,1,county_code_unverified|timezone_not_normalized_to_utc
524323,86624,2014,2014-05-15T23:55:00,2014-05-16T01:55:00,EST-5,2.0,51,51003,C,003,ALBEMARLE,0,0,0,0,0.00,0.00,Heavy Rain,0,"[[37.9687,-78.6722],[37.9682,-78.6769],[37.9665,-78.6766],[37.9666,-78.6733]]",0,1,county_code_unverified|timezone_not_normalized_to_utc
524324,86624,2014,2014-05-16T00:33:00,2014-05-16T02:33:00,EST-5,2.0,51,51139,C,139,PAGE,0,0,0,0,0.00,0.00,Heavy Rain,0,"[[38.5339,-78.6097],[38.533,-78.614],[38.5299,-78.6145],[38.5303,-78.6089]]",0,1,county_code_unverified|timezone_not_normalized_to_utc
524325,86624,2014,2014-05-16T01:30:00,2014-05-16T03:30:00,EST-5,2.0,51,51069,C,069,FREDERICK,0,0,0,0,0.00,0.00,Heavy Rain,0,"[[39.0665,-78.2597],[39.0659,-78.2628],[39.0645,-78.2625],[39.0648,-78.2604]]",0,1,county_code_unverified|timezone_not_normalized_to_utc
524326,86624,2014,2014-05-16T02:45:00,2014-05-16T04:45:00,EST-5,2.0,51,51069,C,069,FREDERICK,0,0,0,0,0.00,0.00,Heavy Rain,0,"[[39.332,-78.2561],[39.332,-78.2569],[39.3315,-78.257],[39.3315,-78.2563]]",0,1,county_code_unverified|timezone_not_normalized_to_utc
524327,86624,2014,2014-05-16T02:46:00,2014-05-16T04:46:00,EST-5,2.0,51,51069,C,069,FREDERICK,0,0,0,0,0.00,0.00,Heavy Rain,0,"[[39.2232,-78.2746],[39.2225,-78.2783],[39.2211,-78.2778],[39.2215,-78.2748]]",0,1,county_code_unverified|timezone_not_normalized_to_utc
524328,86624,2014,2014-05-16T03:45:00,2014-05-16T05:45:00,EST-5,2.0,51,51061,C,061,FAUQUIER,0,0,0,0,0.00,0.00,Heavy Rain,0,"[[38.5684,-77.7686],[38.5683,-77.7699],[38.5678,-77.7699],[38.5678,-77.769]]",0,1,county_code_unverified|timezone_not_normalized_to_utc
524329,85706,2014,2014-05-16T03:25:00,2014-05-16T05:25:00,EST-5,2.0,24,24021,C,021,FREDERICK,0,0,0,0,0.00,0.00,Heavy Rain,0,"[[39.7047,-77.3249],[39.705,-77.326],[39.7044,-77.3261],[39.7044,-77.3251]]",0,1,county_code_unverified|timezone_not_normalized_to_utc
524423,86843,2014,2014-05-15T23:39:00,2014-05-16T07:45:00,EST-5,8.1,42,42129,C,129,WESTMORELAND,0,0,0,0,0.00,0.00,Heavy Rain,0,"[[40.2082,-79.2245],[40.2213,-79.2112],[40.2268,-79.2179],[40.2086,-79.2329]]",0,1,county_code_unverified|timezone_not_normalized_to_utc
524433,86722,2014,2014-05-08T15:00:00,2014-05-08T17:00:00,AST-4,2.0,96,,C,030,ST. THOMAS,0,0,0,0,0.00,0.00,Heavy Rain,0,"[[18.345,-64.9655],[18.3404,-64.9661],[18.3406,-64.9613],[18.3456,-64.9629]]",0,1,requires_crosswalk_or_marine_review|timezone_not_normalized_to_utc
524563,86872,2014,2014-06-15T06:00:00,2014-06-17T18:00:00,CST-6,60.0,27,27117,C,117,PIPESTONE,0,0,0,0,0.00,0.00,Heavy Rain,0,"[[44.0512,-96.3912],[43.9723,-96.2271],[43.9331,-96.2815],[44.0277,-96.413]]",0,1,county_code_unverified|timezone_not_normalized_to_utc
524564,86872,2014,2014-06-14T18:00:00,2014-06-21T18:00:00,CST-6,168.0,27,27117,C,117,PIPESTONE,0,0,0,0,0.00,0.00,Heavy Rain,0,"[[43.89,-96.38],[43.89,-96.37],[43.85,-96.395],[43.85,-96.405]]",0,1,county_code_unverified|timezone_not_normalized_to_utc
524565,86872,2014,2014-06-15T18:00:00,2014-06-21T18:00:00,CST-6,144.0,27,27133,C,133,ROCK,0,0,0,0,0.00,0.00,Heavy Rain,0,"[[43.85,-96.395],[43.85,-96.405],[43.7659,-96.4533],[43.7413,-96.4533]]",0,1,county_code_unverified|timezone_not_normalized_to_utc
524566,86876,2014,2014-06-15T06:00:00,2014-06-19T18:00:00,CST-6,108.0,46,46099,C,099,MINNEHAHA,0,0,0,0,0.00,0.00,Heavy Rain,0,"[[43.785,-96.4533],[43.7413,-96.4533],[43.5799,-96.5571],[43.5799,-96.6029],[43.6709,-96.5533]]",0,1,county_code_unverified|timezone_not_normalized_to_utc
524571,86878,2014,2014-06-15T18:00:00,2014-06-20T18:00:00,CST-6,120.0,46,46125,C,125,TURNER,0,0,0,0,0.00,0.00,Heavy Rain,0,"[[43.2905,-96.9519],[43.0688,-96.8999],[43.0665,-97.0003],[43.1811,-96.9575],[43.2905,-97.0081]]",0,1,county_code_unverified|timezone_not_normalized_to_utc
524572,86878,2014,2014-06-17T06:00:00,2014-06-22T18:00:00,CST-6,132.0,46,46027,C,027,CLAY,0,0,0,0,0.00,0.00,Heavy Rain,0,"[[43.0859,-97.0098],[43.0022,-97.0413],[42.9091,-96.9359],[42.7768,-96.9791],[42.7778,-96.8671],[42.9099,-96.8573],[43.0863,-96.9459]]",0,1,county_code_unverified|timezone_not_normalized_to_utc
524575,86881,2014,2014-06-20T06:00:00,2014-06-30T23:59:00,CST-6,257.98333333333335,27,27033,C,033,COTTONWOOD,0,0,0,0,0.00,0.00,Heavy Rain,0,"[[43.9117,-95.2013],[43.9315,-95.165],[43.8563,-95.0791],[43.8454,-95.0791],[43.8454,-95.1148]]",0,1,county_code_unverified|timezone_not_normalized_to_utc
524576,86881,2014,2014-06-16T06:00:00,2014-06-30T23:59:00,CST-6,353.98333333333335,27,27063,C,063,JACKSON,0,0,0,0,0.00,0.00,Heavy Rain,0,"[[43.8454,-95.0791],[43.8454,-95.1148],[43.7106,-95.0826],[43.5003,-94.9346],[43.5003,-94.8436]]",0,1,county_code_unverified|timezone_not_normalized_to_utc
524577,86882,2014,2014-05-25T21:45:00,2014-05-31T23:59:00,MST-7,146.23333333333332,08,08123,C,123,WELD,0,0,0,0,15000.00,10000.00,Heavy Rain / Snow Melt,0,"[[40.47,-104.94],[40.46,-104.74],[40.43,-104.59],[40.4,-104.62],[40.43,-104.74],[40.43,-104.88]]",0,1,county_code_unverified|timezone_not_normalized_to_utc
524580,86884,2014,2014-06-15T18:00:00,2014-06-23T18:00:00,CST-6,192.0,19,19193,C,193,WOODBURY,0,0,0,0,0.00,0.00,Heavy Rain,0,"[[42.5205,-96.0978],[42.5205,-96.0422],[42.2095,-96.0332],[42.2097,-96.1],[42.4463,-96.1276]]",0,1,county_code_unverified|timezone_not_normalized_to_utc
524582,86885,2014,2014-06-16T06:00:00,2014-06-19T06:00:00,CST-6,72.0,46,46099,C,099,MINNEHAHA,0,0,0,0,0.00,0.00,Heavy Rain,0,"[[43.7212,-96.8908],[43.721,-96.872],[43.6866,-96.8901],[43.6699,-96.9159],[43.6798,-96.9221]]",0,1,county_code_unverified|timezone_not_normalized_to_utc
524589,86624,2014,2014-05-16T04:30:00,2014-05-16T06:30:00,EST-5,2.0,51,51107,C,107,LOUDOUN,0,0,0,0,0.00,0.00,Heavy Rain,0,"[[39.0299,-77.6221],[39.0297,-77.6229],[39.0296,-77.6228],[39.0296,-77.6224]]",0,1,county_code_unverified|timezone_not_normalized_to_utc
524590,86624,2014,2014-05-16T04:49:00,2014-05-16T06:49:00,EST-5,2.0,51,51069,C,069,FREDERICK,0,0,0,0,0.00,0.00,Heavy Rain,0,"[[39.4514,-77.5622],[39.451,-77.564],[39.4504,-77.5636],[39.4504,-77.5624]]",0,1,county_code_unverified|timezone_not_normalized_to_utc
524592,86624,2014,2014-05-16T05:30:00,2014-05-16T07:30:00,EST-5,2.0,51,51061,C,061,FAUQUIER,0,0,0,0,0.00,0.00,Heavy Rain,0,"[[38.7974,-77.8127],[38.7958,-77.8228],[38.7897,-77.8228],[38.7908,-77.8151]]",0,1,county_code_unverified|timezone_not_normalized_to_utc
524593,86624,2014,2014-05-16T05:44:00,2014-05-16T07:44:00,EST-5,2.0,51,51107,C,107,LOUDOUN,0,0,0,0,0.00,0.00,Heavy Rain,0,"[[39.1337,-77.7695],[39.1337,-77.7708],[39.1334,-77.7707],[39.1334,-77.7699]]",0,1,county_code_unverified|timezone_not_normalized_to_utc
524594,86624,2014,2014-05-16T05:44:00,2014-05-16T07:44:00,EST-5,2.0,51,51107,C,107,LOUDOUN,0,0,0,0,0.00,0.00,Heavy Rain,0,"[[39.1631,-77.712],[39.163,-77.7133],[39.1621,-77.7132],[39.1622,-77.7121]]",0,1,county_code_unverified|timezone_not_normalized_to_utc
524595,86624,2014,2014-05-16T06:00:00,2014-05-16T08:00:00,EST-5,2.0,51,51107,C,107,LOUDOUN,0,0,0,0,0.00,0.00,Heavy Rain,0,"[[39.1423,-77.7088],[39.1422,-77.7097],[39.1416,-77.7097],[39.1417,-77.7086]]",0,1,county_code_unverified|timezone_not_normalized_to_utc
524596,86624,2014,2014-05-16T06:04:00,2014-05-16T08:04:00,EST-5,2.0,51,51107,C,107,LOUDOUN,0,0,0,0,0.00,0.00,Heavy Rain,0,"[[39.021,-77.3674],[39.0209,-77.3682],[39.0204,-77.3682],[39.0204,-77.3674]]",0,1,county_code_unverified|timezone_not_normalized_to_utc
524597,86624,2014,2014-05-16T06:13:00,2014-05-16T08:13:00,EST-5,2.0,51,51047,C,047,CULPEPER,0,0,0,0,0.00,0.00,Heavy Rain,0,"[[38.423,-78.0931],[38.4227,-78.096],[38.4212,-78.0961],[38.4213,-78.0935]]",0,1,county_code_unverified|timezone_not_normalized_to_utc
524598,86624,2014,2014-05-16T06:30:00,2014-05-16T08:30:00,EST-5,2.0,51,51061,C,061,FAUQUIER,0,0,0,0,0.00,0.00,Heavy Rain,0,"[[38.6735,-77.7122],[38.6734,-77.7134],[38.6729,-77.7133],[38.6729,-77.7126]]",0,1,county_code_unverified|timezone_not_normalized_to_utc
524599,86624,2014,2014-05-16T06:31:00,2014-05-16T08:31:00,EST-5,2.0,51,51187,C,187,WARREN,0,0,0,0,10000.00,0.00,Heavy Rain,0,"[[38.919,-78.2013],[38.9189,-78.2025],[38.9184,-78.2024],[38.9185,-78.2016]]",0,1,county_code_unverified|timezone_not_normalized_to_utc
524600,86624,2014,2014-05-16T06:31:00,2014-05-16T08:31:00,EST-5,2.0,51,51153,C,153,PRINCE WILLIAM,0,0,0,0,0.00,0.00,Heavy Rain,0,"[[38.57,-77.3337],[38.5695,-77.3362],[38.5684,-77.3361],[38.5685,-77.3346]]",0,1,county_code_unverified|timezone_not_normalized_to_utc
524706,86867,2014,2014-05-01T00:00:00,2014-05-01T13:30:00,EST-5,13.5,34,34039,C,039,UNION,0,0,0,0,0.00,0.00,Heavy Rain,0,"[[40.6016,-74.2454],[40.6888,-74.291],[40.6865,-74.3134],[40.6573,-74.3147],[40.6167,-74.2934],[40.595,-74.2783]]",0,1,county_code_unverified|timezone_not_normalized_to_utc
524707,86867,2014,2014-05-01T00:00:00,2014-05-01T02:15:00,EST-5,2.25,34,34003,C,003,BERGEN,0,0,0,0,0.00,0.00,Heavy Rain,0,"[[41.0024,-74.1192],[40.961,-74.1111],[40.9543,-74.1025],[40.9574,-74.099],[40.9801,-74.1053],[41.0012,-74.1117]]",0,1,county_code_unverified|timezone_not_normalized_to_utc
524708,86867,2014,2014-05-01T00:00:00,2014-05-01T08:00:00,EST-5,8.0,34,34003,C,003,BERGEN,0,0,0,0,0.00,0.00,Heavy Rain,0,"[[40.8925,-74.0805],[40.8732,-74.0928],[40.8709,-74.0881],[40.8919,-74.0788]]",0,1,county_code_unverified|timezone_not_normalized_to_utc
524710,86867,2014,2014-05-01T00:00:00,2014-05-01T06:00:00,EST-5,6.0,34,34039,C,039,UNION,0,0,0,0,0.00,0.00,Heavy Rain,0,"[[40.6669,-74.3095],[40.6583,-74.2992],[40.6485,-74.2871],[40.6371,-74.3019],[40.6549,-74.3157],[40.6656,-74.3119]]",0,1,county_code_unverified|timezone_not_normalized_to_utc
524711,86867,2014,2014-05-01T00:00:00,2014-05-02T02:15:00,EST-5,26.25,34,34003,C,003,BERGEN,0,0,0,0,0.00,0.00,Heavy Rain,0,"[[40.9823,-73.9933],[41.0095,-74.0145],[41.0194,-74.0007],[41.0016,-73.9993],[41.0003,-73.9837],[40.9815,-73.9869]]",0,1,county_code_unverified|timezone_not_normalized_to_utc
524712,86901,2014,2014-05-01T00:00:00,2014-05-01T19:45:00,EST-5,19.75,36,36087,C,087,ROCKLAND,0,0,0,0,0.00,0.00,Heavy Rain,0,"[[41.1409,-74.1143],[41.1375,-74.1197],[41.137,-74.1225],[41.1383,-74.1231],[41.1423,-74.1153]]",0,1,county_code_unverified|timezone_not_normalized_to_utc
524713,86901,2014,2014-05-01T00:00:00,2014-05-01T10:15:00,EST-5,10.25,36,36005,C,005,BRONX,0,0,0,0,0.00,0.00,Heavy Rain,0,"[[40.8637,-73.8733],[40.8639,-73.8748],[40.8621,-73.8754],[40.8614,-73.8738]]",0,1,county_code_unverified|timezone_not_normalized_to_utc
524742,86624,2014,2014-05-16T07:30:00,2014-05-16T09:30:00,EST-5,2.0,51,51059,C,059,FAIRFAX,0,0,0,0,0.00,0.00,Heavy Rain,0,"[[38.712,-77.1621],[38.7101,-77.1708],[38.7069,-77.1698],[38.7072,-77.1647]]",0,1,county_code_unverified|timezone_not_normalized_to_utc
524743,86624,2014,2014-05-16T09:30:00,2014-05-16T11:30:00,EST-5,2.0,51,51157,C,157,RAPPAHANNOCK,0,0,0,0,0.00,0.00,Heavy Rain,0,"[[38.7357,-78.1866],[38.7346,-78.1915],[38.7326,-78.1913],[38.7325,-78.1879]]",0,1,county_code_unverified|timezone_not_normalized_to_utc
524744,86624,2014,2014-05-16T13:09:00,2014-05-16T15:09:00,EST-5,2.0,51,51187,C,187,WARREN,0,0,0,0,0.00,0.00,Heavy Rain,0,"[[38.8481,-78.3387],[38.8477,-78.3408],[38.847,-78.3406],[38.8471,-78.3393]]",0,1,county_code_unverified|timezone_not_normalized_to_utc
524745,86624,2014,2014-05-16T13:50:00,2014-05-16T15:50:00,EST-5,2.0,51,51171,C,171,SHENANDOAH,0,0,0,0,0.00,0.00,Heavy Rain,0,"[[38.8635,-78.5056],[38.8633,-78.5067],[38.8625,-78.5066],[38.8627,-78.5057]]",0,1,county_code_unverified|timezone_not_normalized_to_utc
524746,86624,2014,2014-05-16T14:10:00,2014-05-16T16:10:00,EST-5,2.0,51,51061,C,061,FAUQUIER,0,0,0,0,0.00,0.00,Heavy Rain,0,"[[38.6559,-77.6742],[38.6543,-77.68],[38.6515,-77.6799],[38.6519,-77.6748]]",0,1,county_code_unverified|timezone_not_normalized_to_utc
524747,86624,2014,2014-05-16T20:12:00,2014-05-16T22:12:00,EST-5,2.0,51,51171,C,171,SHENANDOAH,0,0,0,0,0.00,0.00,Heavy Rain,0,"[[38.8451,-78.531],[38.8449,-78.532],[38.8446,-78.532],[38.8446,-78.5314]]",0,1,county_code_unverified|timezone_not_normalized_to_utc
524748,85706,2014,2014-05-16T04:49:00,2014-05-16T06:49:00,EST-5,2.0,24,24021,C,021,FREDERICK,0,0,0,0,0.00,0.00,Heavy Rain,0,"[[39.4509,-77.5628],[39.4508,-77.5634],[39.4506,-77.5634],[39.4505,-77.563]]",0,1,county_code_unverified|timezone_not_normalized_to_utc
524749,85706,2014,2014-05-16T06:58:00,2014-05-16T08:58:00,EST-5,2.0,24,24003,C,003,ANNE ARUNDEL,0,0,0,0,0.00,0.00,Heavy Rain,0,"[[39.171,-76.6302],[39.1708,-76.6314],[39.1704,-76.6312],[39.1704,-76.6305]]",0,1,county_code_unverified|timezone_not_normalized_to_utc
524750,85706,2014,2014-05-16T07:01:00,2014-05-16T09:01:00,EST-5,2.0,24,24033,C,033,PRINCE GEORGE'S,0,0,0,0,0.00,0.00,Heavy Rain,0,"[[39.0248,-76.899],[39.0241,-76.9025],[39.0227,-76.9022],[39.0228,-76.8996]]",0,1,county_code_unverified|timezone_not_normalized_to_utc
524751,85706,2014,2014-05-16T07:09:00,2014-05-16T09:09:00,EST-5,2.0,24,24021,C,021,FREDERICK,0,0,0,0,0.00,0.00,Heavy Rain,0,"[[39.334,-77.4298],[39.3334,-77.4337],[39.3319,-77.4336],[39.332,-77.4304]]",0,1,county_code_unverified|timezone_not_normalized_to_utc
524755,85674,2014,2014-04-07T09:00:00,2014-04-07T23:00:00,CST-6,14.0,01,01007,C,007,BIBB,0,0,0,0,0.00,0.00,Heavy Rain,0,"[[32.9707,-87.1127],[32.9828,-87.1463],[32.9231,-87.1611],[32.9287,-87.1188]]",0,1,county_code_unverified|timezone_not_normalized_to_utc
524756,85674,2014,2014-04-07T09:00:00,2014-04-08T14:00:00,CST-6,29.0,01,01001,C,001,AUTAUGA,0,0,0,0,0.00,0.00,Heavy Rain,0,"[[32.078,-86.994],[32.2386,-87.0172],[32.2327,-87.2012],[32.1724,-87.229]]",0,1,county_code_unverified|timezone_not_normalized_to_utc
524789,84665,2014,2014-06-09T19:15:00,2014-06-09T19:35:00,EST-5,0.3333333333333333,42,42091,C,091,MONTGOMERY,0,0,0,0,0.00,0.00,Heavy Rain,0,"[[40.118,-75.2196],[40.1262,-75.2224],[40.1272,-75.2181],[40.124,-75.2181],[40.1195,-75.2157],[40.1147,-75.215],[40.1061,-75.2147],[40.1072,-75.2243]]",0,1,county_code_unverified|timezone_not_normalized_to_utc
524800,86926,2014,2014-06-19T07:30:00,2014-06-19T19:30:00,CST-6,12.0,27,27083,C,083,LYON,0,0,0,0,200000.00,0.00,Heavy Rain,0,"[[44.63,-96.01],[44.63,-95.61],[44.46,-95.61],[44.55,-95.94]]",0,1,county_code_unverified|timezone_not_normalized_to_utc
524816,84698,2014,2014-06-10T18:30:00,2014-06-10T19:54:00,EST-5,1.4,34,34015,C,015,GLOUCESTER,0,0,0,0,0.00,0.00,Heavy Rain,0,"[[39.7365,-75.1139],[39.7452,-75.1239],[39.7484,-75.1202],[39.7373,-75.1105]]",0,1,county_code_unverified|timezone_not_normalized_to_utc
524821,86932,2014,2014-04-14T06:00:00,2014-04-15T23:00:00,EST-5,41.0,26,26165,C,165,WEXFORD,0,0,0,0,110000.00,0.00,Heavy Rain / Snow Melt,0,"[[44.21,-85.3803],[44.1941,-85.5203],[44.4849,-85.8266],[44.5098,-85.3617]]",0,1,county_code_unverified|timezone_not_normalized_to_utc
524822,86932,2014,2014-04-14T11:30:00,2014-04-15T23:00:00,EST-5,35.5,26,26055,C,055,GRAND TRAVERSE,0,0,0,0,75000.00,0.00,Heavy Rain / Snow Melt,0,"[[44.6692,-85.6304],[44.6439,-85.5912],[44.6636,-85.5773],[44.7404,-85.5689]]",0,1,county_code_unverified|timezone_not_normalized_to_utc
524823,86932,2014,2014-04-14T11:30:00,2014-04-15T23:00:00,EST-5,35.5,26,26051,C,051,GLADWIN,0,0,0,0,80000.00,0.00,Heavy Rain / Snow Melt,0,"[[43.9943,-84.5039],[43.9901,-84.5142],[43.9644,-84.4902],[43.9692,-84.4799]]",0,1,county_code_unverified|timezone_not_normalized_to_utc
525002,86379,2014,2014-06-19T15:51:00,2014-06-19T15:51:00,CST-6,0.0,19,19057,C,057,DES MOINES,0,0,0,0,0.00,0.00,Heavy Rain,0,"[[40.81,-91.12],[40.8218,-91.1562],[40.8382,-91.1562],[40.8498,-91.1192]]",0,1,county_code_unverified|timezone_not_normalized_to_utc
525021,84665,2014,2014-06-09T21:20:00,2014-06-10T01:16:00,EST-5,3.933333333333333,42,42101,C,101,PHILADELPHIA,0,0,0,0,0.00,0.00,Heavy Rain,0,"[[40.0127,-75.2061],[40.0137,-75.2078],[40.0162,-75.2067],[40.0247,-75.1996],[40.0343,-75.206],[40.0374,-75.201],[40.0321,-75.1974],[40.0258,-75.191]]",0,1,county_code_unverified|timezone_not_normalized_to_utc
525028,84958,2014,2014-06-18T00:00:00,2014-06-23T00:00:00,CST-6,120.0,27,27047,C,047,FREEBORN,0,0,0,0,625000.00,0.00,Heavy Rain,0,"[[43.7852,-93.6337],[43.5028,-93.6736],[43.5069,-93.23],[43.7657,-93.2458]]",0,1,county_code_unverified|timezone_not_normalized_to_utc
525030,86867,2014,2014-05-01T04:15:00,2014-05-01T08:15:00,EST-5,4.0,34,34003,C,003,BERGEN,0,0,0,0,0.00,0.00,Heavy Rain,0,"[[40.8704,-74.0597],[40.8878,-74.0664],[40.8823,-74.0858],[40.8702,-74.0647]]",0,1,county_code_unverified|timezone_not_normalized_to_utc
525032,86867,2014,2014-05-01T07:45:00,2014-05-01T08:15:00,EST-5,0.5,34,34017,C,017,HUDSON,0,0,0,0,0.00,0.00,Heavy Rain,0,"[[40.7828,-74.0491],[40.776,-74.0474],[40.7777,-74.0418],[40.7835,-74.0455]]",0,1,county_code_unverified|timezone_not_normalized_to_utc
525034,86867,2014,2014-05-01T07:45:00,2014-05-01T08:15:00,EST-5,0.5,34,34039,C,039,UNION,0,0,0,0,0.00,0.00,Heavy Rain,0,"[[40.673,-74.3563],[40.6665,-74.3876],[40.6049,-74.2886],[40.6061,-74.2873]]",0,1,county_code_unverified|timezone_not_normalized_to_utc
525042,84958,2014,2014-06-18T00:00:00,2014-06-23T00:00:00,CST-6,120.0,27,27127,C,127,REDWOOD,0,0,0,0,0.00,0.00,Heavy Rain,0,"[[44.5568,-95.0716],[44.5308,-95.0187],[44.4933,-95.4262],[44.524,-95.4297],[44.5369,-95.3297],[44.5825,-95.3334],[44.6284,-95.337],[44.6336,-95.2625]]",0,1,county_code_unverified|timezone_not_normalized_to_utc
525051,86901,2014,2014-05-01T05:29:00,2014-05-01T07:52:00,EST-5,2.3833333333333333,36,36119,C,119,WESTCHESTER,0,0,0,0,0.00,0.00,Heavy Rain,0,"[[40.9159,-73.8102],[40.8876,-73.8135],[40.9801,-73.8686],[41.0081,-73.8545],[41.0403,-73.8391],[41.0579,-73.8229],[41.0577,-73.8203]]",0,1,county_code_unverified|timezone_not_normalized_to_utc
525054,84958,2014,2014-06-18T00:00:00,2014-06-23T00:00:00,CST-6,120.0,27,27129,C,129,RENVILLE,0,0,0,0,750000.00,0.00,Heavy Rain,0,"[[44.4466,-94.7262],[44.5465,-94.7159],[44.5487,-94.8982],[44.5252,-94.9075]]",0,1,county_code_unverified|timezone_not_normalized_to_utc
525055,86901,2014,2014-05-01T06:22:00,2014-05-01T06:52:00,EST-5,0.5,36,36119,C,119,WESTCHESTER,0,0,0,0,0.00,0.00,Heavy Rain,0,"[[41.0311,-73.7745],[40.9354,-73.8336],[40.9423,-73.8439],[40.9839,-73.8178],[41.0316,-73.7792]]",0,1,county_code_unverified|timezone_not_normalized_to_utc
525057,86948,2014,2014-05-01T04:20:00,2014-05-01T04:50:00,EST-5,0.5,09,09009,C,009,NEW HAVEN,0,0,0,0,0.00,0.00,Heavy Rain,0,"[[41.305,-72.9121],[41.2995,-72.9044],[41.2985,-72.9185],[41.3052,-72.9159]]",0,1,county_code_unverified|timezone_not_normalized_to_utc
525233,86425,2014,2014-06-19T00:15:00,2014-06-19T01:15:00,CST-6,1.0,55,55043,C,043,GRANT,0,0,0,0,0.00,0.00,Heavy Rain,0,"[[43.1957,-90.4606],[43.1962,-90.4353],[43.1838,-90.4108],[43.1711,-90.4513]]",0,1,county_code_unverified|timezone_not_normalized_to_utc
525262,86397,2014,2014-06-26T16:50:00,2014-06-30T23:59:00,CST-6,103.15,19,19045,C,045,CLINTON,0,0,0,0,0.00,0.00,Heavy Rain,0,"[[41.95,-90.9],[41.75,-90.3],[41.67,-90.34],[41.73,-90.9]]",0,1,county_code_unverified|timezone_not_normalized_to_utc
525266,86397,2014,2014-06-26T16:50:00,2014-06-30T23:59:00,CST-6,103.15,19,19163,C,163,SCOTT,0,0,0,0,0.00,0.00,Heavy Rain,0,"[[41.95,-90.9],[41.75,-90.3],[41.67,-90.34],[41.73,-90.9]]",0,1,county_code_unverified|timezone_not_normalized_to_utc
525287,86397,2014,2014-06-23T23:45:00,2014-06-25T20:00:00,CST-6,44.25,19,19113,C,113,LINN,0,0,0,0,0.00,0.00,Heavy Rain,0,"[[42.12,-91.73],[41.7,-91.1],[41.64,-91.21],[41.86,-91.49],[42.0,-91.83]]",0,1,county_code_unverified|timezone_not_normalized_to_utc
525289,86397,2014,2014-06-23T23:45:00,2014-06-25T20:00:00,CST-6,44.25,19,19103,C,103,JOHNSON,0,0,0,0,0.00,0.00,Heavy Rain,0,"[[42.12,-91.73],[41.7,-91.1],[41.64,-91.21],[41.86,-91.49],[42.0,-91.83]]",0,1,county_code_unverified|timezone_not_normalized_to_utc
525291,86397,2014,2014-06-23T23:45:00,2014-06-25T20:00:00,CST-6,44.25,19,19031,C,031,CEDAR,0,0,0,0,0.00,0.00,Heavy Rain,0,"[[42.12,-91.73],[41.7,-91.1],[41.64,-91.21],[41.86,-91.49],[42.0,-91.83]]",0,1,county_code_unverified|timezone_not_normalized_to_utc
525299,86397,2014,2014-06-28T12:00:00,2014-06-30T23:59:00,CST-6,59.983333333333334,19,19115,C,115,LOUISA,0,0,0,0,0.00,0.00,Heavy Rain,0,"[[41.23,-91.17],[41.33,-91.1],[41.33,-91.05],[41.07,-90.9],[41.07,-91.0]]",0,1,county_code_unverified|timezone_not_normalized_to_utc
525301,86397,2014,2014-06-26T23:00:00,2014-06-30T23:59:00,CST-6,96.98333333333333,19,19057,C,057,DES MOINES,0,0,0,0,0.00,0.00,Heavy Rain,0,"[[40.69,-91.2],[41.07,-91.0],[41.07,-90.85],[40.69,-91.05]]",0,1,county_code_unverified|timezone_not_normalized_to_utc
525302,86355,2014,2014-06-19T08:35:00,2014-06-19T11:30:00,CST-6,2.9166666666666665,19,19065,C,065,FAYETTE,0,0,0,0,0.00,0.00,Heavy Rain,0,"[[43.0181,-91.6797],[42.9964,-91.6486],[42.9688,-91.6339],[42.9552,-91.6089],[42.9512,-91.6097],[42.9637,-91.6486],[42.9848,-91.6686],[43.0132,-91.6818]]",0,1,county_code_unverified|timezone_not_normalized_to_utc
525311,86993,2014,2014-06-19T08:48:00,2014-06-19T11:45:00,CST-6,2.95,27,27099,C,099,MOWER,0,0,0,0,0.00,0.00,Heavy Rain,0,"[[43.5471,-93.0182],[43.5934,-93.0058],[43.5902,-92.9964],[43.5767,-92.9914],[43.5483,-93.0079]]",0,1,county_code_unverified|timezone_not_normalized_to_utc
525313,86398,2014,2014-06-26T23:00:00,2014-06-30T23:59:00,CST-6,96.98333333333333,17,17071,C,071,HENDERSON,0,0,0,0,0.00,0.00,Heavy Rain,0,"[[40.63,-91.2],[41.07,-90.95],[41.07,-90.85],[40.63,-91.1]]",0,1,county_code_unverified|timezone_not_normalized_to_utc
525314,86398,2014,2014-06-26T23:00:00,2014-06-30T23:59:00,CST-6,96.98333333333333,17,17131,C,131,MERCER,0,0,0,0,0.00,0.00,Heavy Rain,0,"[[41.34,-91.12],[41.34,-91.0],[41.06,-90.9],[41.06,-91.12]]",0,1,county_code_unverified|timezone_not_normalized_to_utc
525315,86355,2014,2014-06-19T12:15:00,2014-06-19T14:15:00,CST-6,2.0,19,19065,C,065,FAYETTE,0,0,0,0,0.00,0.00,Heavy Rain,0,"[[43.0092,-92.0258],[43.0092,-92.022],[43.0082,-92.022],[43.0082,-92.0258]]",0,1,county_code_unverified|timezone_not_normalized_to_utc
525316,85274,2014,2014-06-10T11:30:00,2014-06-10T13:30:00,CST-6,2.0,22,22055,C,055,LAFAYETTE,0,0,0,0,0.00,0.00,Heavy Rain,0,"[[30.1605,-92.0327],[30.2241,-92.0198],[30.222,-92.0775],[30.1725,-92.0805]]",0,1,county_code_unverified|timezone_not_normalized_to_utc
525320,86355,2014,2014-06-19T13:25:00,2014-06-19T15:00:00,CST-6,1.5833333333333333,19,19065,C,065,FAYETTE,0,0,0,0,0.00,0.00,Heavy Rain,0,"[[42.6647,-91.9018],[42.6638,-91.9207],[42.6832,-91.9405],[42.6915,-91.9085],[42.6855,-91.8931]]",0,1,county_code_unverified|timezone_not_normalized_to_utc
525325,86425,2014,2014-06-19T16:07:00,2014-06-19T17:45:00,CST-6,1.6333333333333333,55,55023,C,023,CRAWFORD,0,0,0,0,0.00,0.00,Heavy Rain,0,"[[43.067,-91.133],[43.0281,-91.1131],[43.0251,-91.144],[43.0657,-91.1556]]",0,1,county_code_unverified|timezone_not_normalized_to_utc
525326,86398,2014,2014-06-30T21:20:00,2014-06-30T21:20:00,CST-6,0.0,17,17161,C,161,ROCK ISLAND,0,0,0,0,0.00,0.00,Heavy Rain,0,"[[41.4,-91.1],[41.55,-90.63],[41.55,-90.31],[41.32,-91.1]]",0,1,county_code_unverified|timezone_not_normalized_to_utc
525330,86996,2014,2014-06-30T21:30:00,2014-06-30T23:59:00,CST-6,2.4833333333333334,19,19163,C,163,SCOTT,0,0,0,0,0.00,0.00,Heavy Rain,0,"[[41.47,-90.79],[41.55,-90.55],[41.55,-90.36],[41.4,-90.79]]",0,1,county_code_unverified|timezone_not_normalized_to_utc
525333,86996,2014,2014-06-30T21:20:00,2014-06-30T23:59:00,CST-6,2.65,19,19139,C,139,MUSCATINE,0,0,0,0,0.00,0.00,Heavy Rain,0,"[[41.47,-91.1],[41.47,-90.79],[41.33,-90.79],[41.33,-91.1]]",0,1,county_code_unverified|timezone_not_normalized_to_utc
525335,86996,2014,2014-06-30T18:20:00,2014-06-30T23:59:00,CST-6,5.65,19,19095,C,095,IOWA,0,0,0,0,0.00,0.00,Heavy Rain,0,"[[41.8628,-92.2983],[41.8619,-91.8315],[41.75,-91.8315],[41.75,-92.2983]]",0,1,county_code_unverified|timezone_not_normalized_to_utc
525338,86996,2014,2014-06-30T20:55:00,2014-06-30T23:59:00,CST-6,3.066666666666667,19,19183,C,183,WASHINGTON,0,0,0,0,0.00,0.00,Heavy Rain,0,"[[41.5108,-91.9465],[41.5108,-91.5],[41.45,-91.5],[41.45,-91.9465]]",0,1,county_code_unverified|timezone_not_normalized_to_utc
525533,84784,2014,2014-06-13T17:45:00,2014-06-13T18:56:00,EST-5,1.1833333333333333,42,42091,C,091,MONTGOMERY,0,0,0,0,0.00,0.00,Heavy Rain,0,"[[40.3972,-75.5257],[40.392,-75.5202],[40.3874,-75.51],[40.3914,-75.5079],[40.3948,-75.5102],[40.405,-75.5206],[40.4049,-75.5266]]",0,1,county_code_unverified|timezone_not_normalized_to_utc
525567,86738,2014,2014-07-29T15:00:00,2014-07-29T17:00:00,MST-7,2.0,35,35019,C,019,GUADALUPE,0,0,0,0,0.00,0.00,Heavy Rain,0,"[[34.83,-104.62],[34.8251,-104.6383],[34.8096,-104.6295],[34.8169,-104.6073]]",0,1,county_code_unverified|timezone_not_normalized_to_utc
525665,86988,2014,2014-06-12T16:40:00,2014-06-13T01:45:00,EST-5,9.083333333333334,42,42055,C,055,FRANKLIN,0,0,0,0,0.00,0.00,Heavy Rain,0,"[[39.732,-78.061],[40.27,-77.683],[40.158,-77.633],[39.972,-77.493],[39.737,-77.473]]",0,1,county_code_unverified|timezone_not_normalized_to_utc
525703,87081,2014,2014-06-01T00:00:00,2014-06-01T06:00:00,MST-7,6.0,56,56013,C,013,FREMONT,0,0,0,0,0.00,0.00,Heavy Rain / Snow Melt,0,"[[43.5491,-109.6814],[43.5514,-109.6791],[43.519,-109.5631],[43.5138,-109.5648],[43.515,-109.5996],[43.5242,-109.6339]]",0,1,county_code_unverified|timezone_not_normalized_to_utc
525705,87081,2014,2014-06-01T00:00:00,2014-06-01T06:45:00,MST-7,6.75,56,56013,C,013,FREMONT,0,0,0,0,0.00,0.00,Heavy Rain / Snow Melt,0,"[[43.0095,-108.4101],[43.0148,-108.4006],[43.0119,-108.3489],[43.0072,-108.3486],[43.0058,-108.3738]]",0,1,county_code_unverified|timezone_not_normalized_to_utc
525707,87081,2014,2014-06-01T00:00:00,2014-06-01T09:15:00,MST-7,9.25,56,56003,C,003,BIG HORN,0,0,0,0,0.00,0.00,Heavy Rain / Snow Melt,0,"[[44.2999,-107.5383],[44.2917,-107.5378],[44.2786,-107.5488],[44.2793,-107.5529],[44.2999,-107.5415]]",0,1,county_code_unverified|timezone_not_normalized_to_utc
525795,86864,2014,2014-07-15T20:00:00,2014-07-16T02:30:00,EST-5,6.5,37,37179,C,179,UNION,0,0,0,0,5000.00,0.00,Heavy Rain,0,"[[35.12,-80.59],[35.1184,-80.5948],[35.1139,-80.5884],[35.1269,-80.5633],[35.1469,-80.5416],[35.1505,-80.5542]]",0,1,county_code_unverified|timezone_not_normalized_to_utc
525914,87139,2014,2014-06-23T09:00:00,2014-06-23T12:00:00,CST-6,3.0,48,48211,C,211,HEMPHILL,0,0,2,0,0.00,0.00,Heavy Rain,2,"[[35.9373,-100.3716],[35.9333,-100.3726],[35.9166,-100.3517],[35.9244,-100.3481],[35.9385,-100.3697]]",0,1,county_code_unverified|timezone_not_normalized_to_utc
526065,85841,2014,2014-06-29T21:20:00,2014-06-29T22:50:00,CST-6,1.5,55,55023,C,023,CRAWFORD,0,0,0,0,0.00,0.00,Heavy Rain,0,"[[43.0644,-91.1364],[43.0278,-91.1132],[43.0244,-91.1421],[43.0638,-91.1512]]",0,1,county_code_unverified|timezone_not_normalized_to_utc
526449,86372,2014,2014-06-07T20:00:00,2014-06-07T20:00:00,CST-6,0.0,29,29045,C,045,CLARK,0,0,1,0,0.00,0.00,Heavy Rain,1,"[[40.529,-91.67],[40.5,-91.6319],[40.4711,-91.67],[40.5,-91.7081]]",0,1,county_code_unverified|timezone_not_normalized_to_utc
526530,87243,2014,2014-06-13T09:05:00,2014-06-13T10:05:00,EST-5,1.0,44,44007,C,007,PROVIDENCE,0,0,0,0,0.00,0.00,Heavy Rain,0,"[[41.8217,-71.441],[41.8215,-71.4397],[41.819,-71.4418],[41.8199,-71.4428]]",0,1,county_code_unverified|timezone_not_normalized_to_utc
526597,87260,2014,2014-08-10T01:00:00,2014-08-10T09:30:00,EST-5,8.5,45,45045,C,045,GREENVILLE,0,0,0,0,50000.00,0.00,Heavy Rain,0,"[[34.8408,-82.3968],[34.8318,-82.3791],[34.8323,-82.3769],[34.8447,-82.3866],[34.8422,-82.3966]]",0,1,county_code_unverified|timezone_not_normalized_to_utc
526601,87260,2014,2014-08-10T00:30:00,2014-08-10T10:30:00,EST-5,10.0,45,45045,C,045,GREENVILLE,0,0,0,0,20000.00,0.00,Heavy Rain,0,"[[34.8798,-82.2466],[34.8787,-82.2506],[34.8715,-82.244],[34.8703,-82.2382],[34.8628,-82.2364],[34.8559,-82.229],[34.8579,-82.2263],[34.8727,-82.2374]]",0,1,county_code_unverified|timezone_not_normalized_to_utc
526665,87274,2014,2014-08-09T13:16:00,2014-08-09T13:16:00,CST-6,0.0,21,21227,C,227,WARREN,0,0,0,0,0.00,0.00,Heavy Rain,0,"[[36.9835,-86.4342],[36.9826,-86.4335],[36.9818,-86.435],[36.9832,-86.4354]]",0,1,county_code_unverified|timezone_not_normalized_to_utc
526667,87275,2014,2014-08-09T15:10:00,2014-08-09T15:10:00,EST-5,0.0,18,18037,C,037,DUBOIS,0,0,0,0,3000.00,0.00,Heavy Rain,0,"[[38.3,-86.96],[38.3055,-86.9594],[38.306,-86.9535],[38.3007,-86.9534]]",0,1,county_code_unverified|timezone_not_normalized_to_utc
526671,87276,2014,2014-08-10T08:38:00,2014-08-10T08:38:00,EST-5,0.0,21,21067,C,067,FAYETTE,0,0,0,0,0.00,0.00,Heavy Rain,0,"[[37.9336,-84.4656],[37.935,-84.4676],[37.9429,-84.4636],[37.9414,-84.4608]]",0,1,county_code_unverified|timezone_not_normalized_to_utc
526673,87276,2014,2014-08-10T09:05:00,2014-08-10T09:05:00,EST-5,0.0,21,21067,C,067,FAYETTE,0,0,0,0,0.00,0.00,Heavy Rain,0,"[[37.9593,-84.5023],[37.9579,-84.5006],[37.9563,-84.5009],[37.9596,-84.5042]]",0,1,county_code_unverified|timezone_not_normalized_to_utc
526676,87276,2014,2014-08-10T09:50:00,2014-08-10T09:50:00,EST-5,0.0,21,21151,C,151,MADISON,0,0,0,0,0.00,0.00,Heavy Rain,0,"[[37.7394,-84.2711],[37.7443,-84.2689],[37.7451,-84.264],[37.7401,-84.2649]]",0,1,county_code_unverified|timezone_not_normalized_to_utc
526680,87276,2014,2014-08-10T10:30:00,2014-08-10T10:30:00,EST-5,0.0,21,21151,C,151,MADISON,0,0,0,0,0.00,0.00,Heavy Rain,0,"[[37.8049,-84.302],[37.8051,-84.3059],[37.8093,-84.3059],[37.8089,-84.3042]]",0,1,county_code_unverified|timezone_not_normalized_to_utc
526688,87276,2014,2014-08-11T07:00:00,2014-08-11T07:00:00,CST-6,0.0,21,21227,C,227,WARREN,0,0,0,0,0.00,0.00,Heavy Rain,0,"[[36.9827,-86.4552],[36.9777,-86.4589],[36.9822,-86.4657],[36.9856,-86.4619]]",0,1,county_code_unverified|timezone_not_normalized_to_utc
526691,87276,2014,2014-08-11T17:07:00,2014-08-11T17:07:00,EST-5,0.0,21,21155,C,155,MARION,0,0,0,0,50000.00,0.00,Heavy Rain,0,"[[37.5709,-85.251],[37.5697,-85.2543],[37.5691,-85.254],[37.5703,-85.2505]]",0,1,county_code_unverified|timezone_not_normalized_to_utc
526733,87285,2014,2014-06-13T21:45:00,2014-06-13T23:45:00,EST-5,2.0,37,37013,C,013,BEAUFORT,0,0,0,0,0.00,0.00,Heavy Rain,0,"[[35.56,-77.05],[35.5501,-77.0265],[35.5163,-77.0411],[35.5472,-77.0906]]",0,1,county_code_unverified|timezone_not_normalized_to_utc
526755,87235,2014,2014-06-01T20:46:00,2014-06-01T22:46:00,CST-6,2.0,20,20009,C,009,BARTON,0,0,0,0,100.00,100.00,Heavy Rain,0,"[[38.3552,-98.5824],[38.354,-98.5828],[38.3541,-98.5848],[38.356,-98.5851]]",0,1,county_code_unverified|timezone_not_normalized_to_utc
526859,87227,2014,2014-06-05T04:45:00,2014-06-05T06:45:00,CST-6,2.0,20,20113,C,113,MCPHERSON,0,0,0,0,1000.00,100.00,Heavy Rain,0,"[[38.37,-97.66],[38.3494,-97.6619],[38.3464,-97.688],[38.3787,-97.6891]]",0,1,county_code_unverified|timezone_not_normalized_to_utc
526860,87227,2014,2014-06-05T07:03:00,2014-06-05T08:03:00,CST-6,1.0,20,20073,C,073,GREENWOOD,0,0,0,0,100.00,100.00,Heavy Rain,0,"[[37.94,-96.43],[37.9581,-96.4208],[37.9569,-96.3839],[37.926,-96.3827]]",0,1,county_code_unverified|timezone_not_normalized_to_utc
526982,87323,2014,2014-07-21T14:15:00,2014-07-21T15:45:00,EST-5,1.5,37,37031,C,031,CARTERET,0,0,0,0,0.00,0.00,Heavy Rain,0,"[[34.72,-76.65],[34.723,-76.6623],[34.7185,-76.6684],[34.7125,-76.6515]]",0,1,county_code_unverified|timezone_not_normalized_to_utc
526984,87325,2014,2014-07-24T15:45:00,2014-07-24T17:00:00,EST-5,1.25,37,37031,C,031,CARTERET,0,0,0,0,0.00,0.00,Heavy Rain,0,"[[34.72,-76.65],[34.7228,-76.6617],[34.7188,-76.6694],[34.7124,-76.6551]]",0,1,county_code_unverified|timezone_not_normalized_to_utc
526989,87325,2014,2014-07-24T16:45:00,2014-07-24T17:30:00,EST-5,0.75,37,37031,C,031,CARTERET,0,0,0,0,0.00,0.00,Heavy Rain,0,"[[34.7354,-76.7972],[34.739,-76.82],[34.7444,-76.8167],[34.7382,-76.7986]]",0,1,county_code_unverified|timezone_not_normalized_to_utc
527048,87103,2014,2014-06-28T19:50:00,2014-06-28T21:00:00,CST-6,1.1666666666666667,55,55063,C,063,LA CROSSE,0,0,0,0,40000.00,0.00,Heavy Rain,0,"[[43.809,-91.2323],[43.8089,-91.224],[43.8065,-91.224],[43.8065,-91.2324]]",0,1,county_code_unverified|timezone_not_normalized_to_utc
527057,87342,2014,2014-06-07T01:43:00,2014-06-07T04:43:00,CST-6,3.0,20,20015,C,015,BUTLER,0,0,0,0,1000.00,200.00,Heavy Rain,0,"[[37.69,-97.14],[37.7061,-97.1397],[37.7078,-97.1264],[37.6895,-97.1272]]",0,1,county_code_unverified|timezone_not_normalized_to_utc
527100,85833,2014,2014-06-01T17:30:00,2014-06-01T19:30:00,CST-6,2.0,55,55123,C,123,VERNON,0,0,0,0,0.00,0.00,Heavy Rain,0,"[[43.6391,-90.9104],[43.6387,-90.8894],[43.625,-90.889],[43.6244,-90.9098]]",0,1,county_code_unverified|timezone_not_normalized_to_utc
527104,85833,2014,2014-06-01T16:45:00,2014-06-01T18:45:00,CST-6,2.0,55,55063,C,063,LA CROSSE,0,0,0,0,1000.00,0.00,Heavy Rain,0,"[[43.7921,-91.1892],[43.7919,-91.1888],[43.7918,-91.1895],[43.792,-91.1897]]",0,1,county_code_unverified|timezone_not_normalized_to_utc
527148,84742,2014,2014-06-13T05:24:00,2014-06-13T08:18:00,EST-5,2.9,42,42029,C,029,CHESTER,0,0,0,0,0.00,0.00,Heavy Rain,0,"[[39.9657,-75.6662],[39.9681,-75.6636],[40.0017,-75.6966],[39.9962,-75.7117],[39.9672,-75.6775]]",0,1,county_code_unverified|timezone_not_normalized_to_utc
527152,84742,2014,2014-06-13T05:09:00,2014-06-13T07:49:00,EST-5,2.6666666666666665,42,42029,C,029,CHESTER,0,0,0,0,0.00,0.00,Heavy Rain,0,"[[40.1528,-75.6224],[40.1489,-75.6243],[40.1415,-75.6151],[40.1291,-75.5644],[40.127,-75.5245],[40.142,-75.5263],[40.156,-75.5947]]",0,1,county_code_unverified|timezone_not_normalized_to_utc
527155,84742,2014,2014-06-13T05:50:00,2014-06-13T11:27:00,EST-5,5.616666666666666,42,42091,C,091,MONTGOMERY,0,0,0,0,0.00,0.00,Heavy Rain,0,"[[40.4067,-75.5135],[40.3921,-75.5074],[40.3892,-75.5185],[40.3966,-75.5292],[40.4235,-75.5338],[40.4275,-75.5177]]",0,1,county_code_unverified|timezone_not_normalized_to_utc
527164,87356,2014,2014-06-16T02:45:00,2014-06-16T20:00:00,MST-7,17.25,46,46071,C,071,JACKSON,0,0,0,0,0.00,0.00,Heavy Rain,0,"[[43.985,-101.825],[43.995,-101.65],[43.915,-101.76],[43.9,-101.88]]",0,1,county_code_unverified|timezone_not_normalized_to_utc
527165,87357,2014,2014-06-17T18:30:00,2014-06-19T13:00:00,MST-7,42.5,46,46019,C,019,BUTTE,0,0,0,0,100000.00,0.00,Heavy Rain,0,"[[45.21,-104.04],[45.21,-102.96],[44.61,-102.96],[44.61,-103.35],[44.96,-104.05]]",0,1,county_code_unverified|timezone_not_normalized_to_utc
527269,87357,2014,2014-06-17T18:30:00,2014-06-18T23:00:00,MST-7,28.5,46,46063,C,063,HARDING,0,0,0,0,100000.00,0.00,Heavy Rain,0,"[[45.21,-102.96],[45.21,-104.04],[45.36,-104.04],[45.45,-103.54],[45.78,-102.943]]",0,1,county_code_unverified|timezone_not_normalized_to_utc
527285,87357,2014,2014-06-18T10:00:00,2014-06-19T17:45:00,MST-7,31.75,46,46105,C,105,PERKINS,0,0,0,0,0.00,0.00,Heavy Rain,0,"[[45.78,-102.94],[45.74,-102.25],[45.46,-102.0],[45.06,-102.0],[45.04,-102.95]]",0,1,county_code_unverified|timezone_not_normalized_to_utc
527290,87357,2014,2014-06-20T05:45:00,2014-06-20T23:00:00,MST-7,17.25,46,46105,C,105,PERKINS,0,0,0,0,0.00,0.00,Heavy Rain,0,"[[45.24,-102.37],[45.24,-102.0],[45.17,-102.0],[45.15,-102.37]]",0,1,county_code_unverified|timezone_not_normalized_to_utc
527299,87357,2014,2014-06-18T13:00:00,2014-06-19T07:00:00,MST-7,18.0,46,46137,C,137,ZIEBACH,0,0,0,0,100000.00,0.00,Heavy Rain,0,"[[45.47,-102.0],[45.47,-101.47],[45.07,-101.49],[45.06,-102.0]]",0,1,county_code_unverified|timezone_not_normalized_to_utc
527303,87357,2014,2014-06-18T10:00:00,2014-06-19T07:00:00,MST-7,21.0,46,46137,C,137,ZIEBACH,0,0,0,0,200000.00,0.00,Heavy Rain,0,"[[44.84,-102.0],[44.84,-101.75],[44.63,-101.46],[44.58,-101.5],[44.58,-101.67],[44.53,-102.0]]",0,1,county_code_unverified|timezone_not_normalized_to_utc
527304,87357,2014,2014-06-18T08:00:00,2014-06-18T17:00:00,MST-7,9.0,46,46093,C,093,MEADE,0,0,0,0,0.00,0.00,Heavy Rain,0,"[[44.86,-102.87],[44.86,-102.65],[44.56,-102.67],[44.52,-102.86]]",0,1,county_code_unverified|timezone_not_normalized_to_utc
527476,85833,2014,2014-06-01T17:00:00,2014-06-01T19:00:00,CST-6,2.0,55,55123,C,123,VERNON,0,0,0,0,0.00,0.00,Heavy Rain,0,"[[43.5326,-90.7741],[43.5237,-90.7653],[43.5216,-90.7595],[43.515,-90.7388],[43.5199,-90.7399],[43.5335,-90.7685]]",0,1,county_code_unverified|timezone_not_normalized_to_utc
527632,85926,2014,2014-06-16T19:15:00,2014-06-16T21:15:00,CST-6,2.0,27,27109,C,109,OLMSTED,0,0,0,0,10000.00,0.00,Heavy Rain,0,"[[44.0041,-92.4813],[44.0006,-92.4795],[44.0008,-92.4819],[44.0041,-92.4821]]",0,1,county_code_unverified|timezone_not_normalized_to_utc
527755,86299,2014,2014-06-18T00:00:00,2014-06-21T00:00:00,CST-6,72.0,27,27109,C,109,OLMSTED,0,0,0,0,0.00,0.00,Heavy Rain,0,"[[44.0747,-92.6469],[44.0781,-92.6493],[44.0775,-92.6508],[44.0761,-92.6529],[44.0741,-92.6508]]",0,1,county_code_unverified|timezone_not_normalized_to_utc
527772,86355,2014,2014-06-19T00:00:00,2014-06-22T00:00:00,CST-6,72.0,19,19067,C,067,FLOYD,0,0,0,0,5000.00,0.00,Heavy Rain,0,"[[43.2123,-93.0042],[43.2118,-92.634],[42.9351,-92.6735],[42.9225,-93.0231]]",0,1,county_code_unverified|timezone_not_normalized_to_utc
527773,86355,2014,2014-06-20T00:00:00,2014-06-22T00:00:00,CST-6,48.0,19,19065,C,065,FAYETTE,0,0,0,0,0.00,0.00,Heavy Rain,0,"[[43.0779,-92.0724],[43.0762,-91.6087],[42.6443,-91.6081],[42.645,-92.0812]]",0,1,county_code_unverified|timezone_not_normalized_to_utc
527901,87418,2014,2014-06-03T20:00:00,2014-06-04T02:00:00,CST-6,6.0,29,29129,C,129,MERCER,0,0,0,0,0.00,0.00,Heavy Rain,0,"[[40.4007,-93.6026],[40.3993,-93.6027],[40.3997,-93.6005],[40.4006,-93.6]]",0,1,county_code_unverified|timezone_not_normalized_to_utc
527920,87467,2014,2014-06-07T21:26:00,2014-06-07T21:26:00,CST-6,0.0,40,40049,C,049,GARVIN,0,0,0,0,150000.00,0.00,Heavy Rain,0,"[[34.7449,-97.2188],[34.7407,-97.2119],[34.7364,-97.218],[34.7408,-97.2245]]",0,1,county_code_unverified|timezone_not_normalized_to_utc
527931,87467,2014,2014-06-08T00:08:00,2014-06-08T02:08:00,CST-6,2.0,40,40065,C,065,JACKSON,0,0,0,0,0.00,0.00,Heavy Rain,0,"[[34.6401,-99.3376],[34.6342,-99.3377],[34.6352,-99.3273],[34.6409,-99.3265]]",0,1,county_code_unverified|timezone_not_normalized_to_utc
528138,87504,2014,2014-06-01T00:00:00,2014-06-09T17:00:00,MST-7,209.0,08,08123,C,123,WELD,0,0,0,0,250000.00,50000.00,Heavy Rain / Snow Melt,0,"[[40.48,-104.94],[40.46,-104.86],[40.45,-104.59],[40.41,-104.62],[40.43,-104.87],[40.47,-104.94]]",0,1,county_code_unverified|timezone_not_normalized_to_utc
528146,87260,2014,2014-08-10T02:30:00,2014-08-10T09:00:00,EST-5,6.5,45,45083,C,083,SPARTANBURG,0,0,0,0,10000.00,0.00,Heavy Rain,0,"[[35.0552,-82.2318],[34.9808,-82.2001],[34.9835,-82.1808],[35.057,-82.2191]]",0,1,county_code_unverified|timezone_not_normalized_to_utc
528286,87527,2014,2014-06-21T17:16:00,2014-06-21T22:30:00,CST-6,5.233333333333333,17,17031,C,031,COOK,0,0,0,0,0.00,0.00,Heavy Rain,0,"[[41.9722,-87.7063],[41.9722,-87.7061],[41.9721,-87.7061],[41.9721,-87.7063]]",0,1,county_code_unverified|timezone_not_normalized_to_utc
528291,87527,2014,2014-06-21T17:45:00,2014-06-21T23:30:00,CST-6,5.75,17,17197,C,197,WILL,0,0,0,0,0.00,0.00,Heavy Rain,0,"[[41.5165,-88.0959],[41.5187,-88.0915],[41.5187,-88.0901],[41.5167,-88.091]]",0,1,county_code_unverified|timezone_not_normalized_to_utc
528293,87527,2014,2014-06-21T17:45:00,2014-06-21T22:00:00,CST-6,4.25,17,17089,C,089,KANE,0,0,0,0,0.00,0.00,Heavy Rain,0,"[[41.954,-88.2829],[41.9607,-88.2748],[41.9602,-88.2742],[41.9537,-88.2818]]",0,1,county_code_unverified|timezone_not_normalized_to_utc
528312,87527,2014,2014-06-21T18:45:00,2014-06-21T22:00:00,CST-6,3.25,17,17089,C,089,KANE,0,0,0,0,0.00,0.00,Heavy Rain,0,"[[41.7721,-88.4544],[41.7721,-88.4531],[41.7714,-88.4531],[41.7714,-88.4544]]",0,1,county_code_unverified|timezone_not_normalized_to_utc
528313,87527,2014,2014-06-21T19:07:00,2014-06-21T23:30:00,CST-6,4.383333333333334,17,17091,C,091,KANKAKEE,0,0,0,0,0.00,0.00,Heavy Rain,0,"[[41.2525,-87.6133],[41.2525,-87.6064],[41.2517,-87.6064],[41.2517,-87.6133]]",0,1,county_code_unverified|timezone_not_normalized_to_utc
528316,87542,2014,2014-06-21T18:50:00,2014-06-21T23:30:00,CST-6,4.666666666666667,18,18089,C,089,LAKE,0,0,0,0,0.00,0.00,Heavy Rain,0,"[[41.6359,-87.5056],[41.6358,-87.506],[41.6369,-87.5062],[41.6403,-87.5062],[41.6404,-87.5058],[41.6366,-87.5058]]",0,1,county_code_unverified|timezone_not_normalized_to_utc
528318,87542,2014,2014-06-21T19:00:00,2014-06-21T23:30:00,CST-6,4.5,18,18089,C,089,LAKE,0,0,0,0,0.00,0.00,Heavy Rain,0,"[[41.42,-87.36],[41.42,-87.3495],[41.4108,-87.3495],[41.4108,-87.36]]",0,1,county_code_unverified|timezone_not_normalized_to_utc
528485,87558,2014,2014-06-01T00:00:00,2014-06-02T19:00:00,AKST-9,43.0,02,02203,C,203,CENTRAL BEAUFORT SEA COAST,0,0,0,0,2000.00,0.00,Heavy Rain / Snow Melt,0,"[[70.3754,-149.1824],[70.32,-148.7205],[70.1153,-148.9752],[70.2646,-149.1835]]",0,1,county_code_unverified|timezone_not_normalized_to_utc
528708,87588,2014,2014-08-20T15:48:00,2014-08-20T15:48:00,CST-6,0.0,21,21227,C,227,WARREN,0,0,0,0,0.00,0.00,Heavy Rain,0,"[[36.9804,-86.4542],[36.9732,-86.4559],[36.9856,-86.4947],[37.0002,-86.4893]]",0,1,county_code_unverified|timezone_not_normalized_to_utc
528871,85926,2014,2014-06-17T17:45:00,2014-06-18T14:00:00,CST-6,20.25,27,27099,C,099,MOWER,0,0,0,0,0.00,0.00,Heavy Rain,0,"[[43.7489,-92.9591],[43.745,-92.958],[43.7451,-92.9564],[43.7488,-92.9582]]",0,1,county_code_unverified|timezone_not_normalized_to_utc
528873,85926,2014,2014-06-18T13:00:00,2014-06-18T22:00:00,CST-6,9.0,27,27099,C,099,MOWER,0,0,0,0,0.00,0.00,Heavy Rain,0,"[[43.656,-92.9743],[43.6563,-92.9717],[43.6503,-92.9734],[43.6497,-92.9717],[43.6547,-92.9698],[43.6577,-92.9708],[43.6573,-92.9739]]",0,1,county_code_unverified|timezone_not_normalized_to_utc
528878,85926,2014,2014-06-17T12:50:00,2014-06-22T05:45:00,CST-6,112.91666666666667,27,27099,C,099,MOWER,0,0,0,0,0.00,0.00,Heavy Rain,0,"[[43.686,-93.0416],[43.6853,-93.037],[43.6844,-93.0374],[43.6852,-93.0417]]",0,1,county_code_unverified|timezone_not_normalized_to_utc
528879,86355,2014,2014-06-18T18:00:00,2014-06-21T20:45:00,CST-6,74.75,19,19067,C,067,FLOYD,0,0,0,0,0.00,0.00,Heavy Rain,0,"[[43.0691,-92.6844],[43.0584,-92.6647],[43.0575,-92.6662],[43.0673,-92.6853]]",0,1,county_code_unverified|timezone_not_normalized_to_utc
528884,87101,2014,2014-06-27T05:10:00,2014-06-27T19:55:00,CST-6,14.75,27,27169,C,169,WINONA,0,0,0,0,0.00,0.00,Heavy Rain,0,"[[44.0386,-92.1055],[44.0375,-92.1042],[44.0366,-92.104],[44.0362,-92.1046],[44.0362,-92.1053],[44.0383,-92.1059]]",0,1,county_code_unverified|timezone_not_normalized_to_utc
528942,86909,2014,2014-06-25T15:45:00,2014-06-25T19:45:00,CST-6,4.0,48,48439,C,439,TARRANT,0,0,0,0,0.00,0.00,Heavy Rain,0,"[[32.87,-97.38],[32.9906,-97.4628],[32.98,-97.11],[32.84,-97.25]]",0,1,county_code_unverified|timezone_not_normalized_to_utc
528943,86909,2014,2014-06-25T15:45:00,2014-06-25T19:45:00,CST-6,4.0,48,48121,C,121,DENTON,0,0,0,0,0.00,0.00,Heavy Rain,0,"[[32.98,-97.11],[32.9914,-97.3533],[33.148,-97.3512],[33.1043,-97.137]]",0,1,county_code_unverified|timezone_not_normalized_to_utc
528951,86988,2014,2014-06-12T20:03:00,2014-06-12T23:00:00,EST-5,2.95,42,42009,C,009,BEDFORD,0,0,0,0,0.00,0.00,Heavy Rain,0,"[[40.296,-78.611],[40.053,-78.727],[39.741,-78.7541],[39.734,-78.38],[40.17,-78.168],[40.234,-78.444]]",0,1,county_code_unverified|timezone_not_normalized_to_utc
528971,86295,2014,2014-06-20T23:00:00,2014-06-23T04:15:00,CST-6,53.25,55,55121,C,121,TREMPEALEAU,0,0,0,0,0.00,0.00,Heavy Rain,0,"[[44.1341,-91.5568],[44.1322,-91.5526],[44.1291,-91.5517],[44.129,-91.553],[44.1335,-91.5579]]",0,1,county_code_unverified|timezone_not_normalized_to_utc
528973,86355,2014,2014-06-19T09:15:00,2014-06-21T17:30:00,CST-6,56.25,19,19043,C,043,CLAYTON,0,0,0,0,0.00,0.00,Heavy Rain,0,"[[42.845,-91.4043],[42.8429,-91.398],[42.8421,-91.3974],[42.8417,-91.3994],[42.8434,-91.404],[42.8445,-91.4052]]",0,1,county_code_unverified|timezone_not_normalized_to_utc
528980,86355,2014,2014-06-19T15:10:00,2014-06-21T18:00:00,CST-6,50.833333333333336,19,19043,C,043,CLAYTON,0,0,0,0,0.00,24800.00,Heavy Rain,0,"[[42.7386,-91.2686],[42.7411,-91.2597],[42.7437,-91.258],[42.7436,-91.257],[42.7404,-91.2586],[42.7379,-91.2655],[42.7377,-91.269]]",0,1,county_code_unverified|timezone_not_normalized_to_utc
528988,87265,2014,2014-06-30T02:30:00,2014-06-30T23:59:00,CST-6,21.483333333333334,19,19043,C,043,CLAYTON,0,0,0,0,0.00,0.00,Heavy Rain,0,"[[42.845,-91.4043],[42.8429,-91.398],[42.8421,-91.3974],[42.8417,-91.3994],[42.8434,-91.404],[42.8445,-91.4052]]",0,1,county_code_unverified|timezone_not_normalized_to_utc
528991,87000,2014,2014-06-26T18:00:00,2014-06-30T23:59:00,CST-6,101.98333333333333,27,27157,C,157,WABASHA,0,0,0,0,0.00,0.00,Heavy Rain,0,"[[44.4542,-92.2744],[44.4513,-92.266],[44.422,-92.2388],[44.4365,-92.2141],[44.4456,-92.2361],[44.4537,-92.2425]]",0,1,county_code_unverified|timezone_not_normalized_to_utc
528993,86993,2014,2014-06-20T01:00:00,2014-06-30T23:59:00,CST-6,262.98333333333335,27,27157,C,157,WABASHA,0,0,0,0,0.00,0.00,Heavy Rain,0,"[[44.4055,-92.084],[44.3901,-92.0486],[44.3784,-92.0199],[44.3804,-92.0174],[44.3948,-92.0476],[44.4033,-92.0601]]",0,1,county_code_unverified|timezone_not_normalized_to_utc
528997,86993,2014,2014-06-22T06:00:00,2014-06-30T23:59:00,CST-6,209.98333333333332,27,27169,C,169,WINONA,0,0,0,0,0.00,0.00,Heavy Rain,0,"[[44.059,-91.6553],[44.0558,-91.6402],[44.0491,-91.6144],[44.0505,-91.6135],[44.055,-91.6274],[44.0631,-91.6396]]",0,1,county_code_unverified|timezone_not_normalized_to_utc
529009,86998,2014,2014-06-23T04:00:00,2014-06-30T23:59:00,CST-6,187.98333333333332,55,55063,C,063,LA CROSSE,0,0,0,0,0.00,0.00,Heavy Rain,0,"[[43.808,-91.2575],[43.7977,-91.2592],[43.7927,-91.2592],[43.7761,-91.2396],[43.7748,-91.2439],[43.7919,-91.2615],[43.8104,-91.2673]]",0,1,county_code_unverified|timezone_not_normalized_to_utc
529012,87673,2014,2014-06-23T18:15:00,2014-06-30T23:59:00,CST-6,173.73333333333332,19,19043,C,043,CLAYTON,0,0,0,0,0.00,0.00,Heavy Rain,0,"[[43.0296,-91.1737],[43.027,-91.173],[43.0245,-91.1728],[43.0247,-91.1701],[43.0298,-91.1719]]",0,1,county_code_unverified|timezone_not_normalized_to_utc
529013,87673,2014,2014-06-27T23:00:00,2014-06-30T23:59:00,CST-6,72.98333333333333,19,19043,C,043,CLAYTON,0,0,0,0,0.00,0.00,Heavy Rain,0,"[[42.8205,-91.104],[42.8073,-91.1087],[42.7853,-91.0967],[42.7519,-91.089],[42.7541,-91.0683],[42.8264,-91.0825]]",0,1,county_code_unverified|timezone_not_normalized_to_utc
529015,87000,2014,2014-06-26T07:00:00,2014-06-30T23:59:00,CST-6,112.98333333333333,27,27157,C,157,WABASHA,0,0,0,0,0.00,0.00,Heavy Rain,0,"[[44.3765,-92.0356],[44.3749,-92.037],[44.3718,-92.04],[44.3709,-92.0387],[44.3747,-92.0346],[44.3765,-92.0343]]",0,1,county_code_unverified|timezone_not_normalized_to_utc
529070,86244,2014,2014-07-02T01:00:00,2014-07-02T02:17:00,EST-5,1.2833333333333334,39,39089,C,089,LICKING,0,0,0,0,0.00,0.00,Heavy Rain,0,"[[40.0076,-82.6836],[40.0053,-82.6567],[39.9895,-82.6663],[39.9927,-82.6847]]",0,1,county_code_unverified|timezone_not_normalized_to_utc
529339,86244,2014,2014-07-01T21:25:00,2014-07-01T22:25:00,EST-5,1.0,39,39089,C,089,LICKING,0,0,0,0,0.00,0.00,Heavy Rain,0,"[[39.9365,-82.4828],[39.9257,-82.4981],[39.9319,-82.4784],[39.9355,-82.4715]]",0,1,county_code_unverified|timezone_not_normalized_to_utc
529364,87744,2014,2014-08-23T07:39:00,2014-08-23T21:15:00,CST-6,13.6,19,19039,C,039,CLARKE,0,0,0,0,100000.00,0.00,Heavy Rain,0,"[[41.009,-94.1528],[40.9774,-94.1522],[40.9843,-93.9987],[41.0224,-93.9983]]",0,1,county_code_unverified|timezone_not_normalized_to_utc
529380,87383,2014,2014-07-07T20:00:00,2014-07-07T21:00:00,EST-5,1.0,21,21077,C,077,GALLATIN,0,0,0,0,0.00,0.00,Heavy Rain,0,"[[38.74,-84.9],[38.7793,-84.8536],[38.7838,-84.8999],[38.7584,-84.9298]]",0,1,county_code_unverified|timezone_not_normalized_to_utc
529382,87383,2014,2014-07-07T19:30:00,2014-07-07T20:30:00,EST-5,1.0,21,21081,C,081,GRANT,0,0,0,0,0.00,0.00,Heavy Rain,0,"[[38.6864,-84.6016],[38.6868,-84.6016],[38.6867,-84.6014],[38.6863,-84.6014]]",0,1,county_code_unverified|timezone_not_normalized_to_utc
529384,87388,2014,2014-07-13T20:30:00,2014-07-13T21:30:00,EST-5,1.0,39,39089,C,089,LICKING,0,0,0,0,0.00,0.00,Heavy Rain,0,"[[39.94,-82.24],[39.9346,-82.2304],[39.9267,-82.2485],[39.9346,-82.2507]]",0,1,county_code_unverified|timezone_not_normalized_to_utc
529502,87764,2014,2014-06-26T03:17:00,2014-06-26T10:09:00,EST-5,6.866666666666666,33,33009,C,009,GRAFTON,0,0,0,0,0.00,0.00,Heavy Rain,0,"[[43.98,-71.68],[43.9805,-71.6793],[43.981,-71.6804],[43.9808,-71.6811]]",0,1,county_code_unverified|timezone_not_normalized_to_utc
529504,87764,2014,2014-06-26T08:35:00,2014-06-26T13:06:00,EST-5,4.516666666666667,33,33003,C,003,CARROLL,0,0,0,0,0.00,0.00,Heavy Rain,0,"[[43.98,-71.12],[43.9861,-71.1168],[43.9829,-71.1146],[43.9802,-71.1167]]",0,1,county_code_unverified|timezone_not_normalized_to_utc
529698,87790,2014,2014-06-25T15:00:00,2014-06-25T21:00:00,EST-5,6.0,42,42123,C,123,WARREN,0,0,0,0,0.00,0.00,Heavy Rain,0,"[[41.6515,-79.5712],[41.6433,-78.9903],[41.7571,-78.9945],[41.8839,-79.1043],[41.8859,-79.5108],[41.7499,-79.5836]]",0,1,county_code_unverified|timezone_not_normalized_to_utc
529699,87790,2014,2014-06-25T15:00:00,2014-06-25T21:00:00,EST-5,6.0,42,42117,C,117,TIOGA,0,0,0,0,0.00,0.00,Heavy Rain,0,"[[41.8522,-77.1316],[41.8676,-77.0773],[41.7735,-77.0114],[41.7571,-77.1419]]",0,1,county_code_unverified|timezone_not_normalized_to_utc
529716,87795,2014,2014-08-23T19:30:00,2014-08-23T19:30:00,EST-5,0.0,21,21093,C,093,HARDIN,0,0,0,0,0.00,0.00,Heavy Rain,0,"[[37.7039,-85.8713],[37.702,-85.8697],[37.6986,-85.871],[37.6999,-85.8735]]",0,1,county_code_unverified|timezone_not_normalized_to_utc
529720,87795,2014,2014-08-23T21:46:00,2014-08-23T21:46:00,EST-5,0.0,21,21073,C,073,FRANKLIN,0,0,0,0,0.00,0.00,Heavy Rain,0,"[[38.2054,-84.8849],[38.2021,-84.8833],[38.2036,-84.882],[38.2055,-84.8839]]",0,1,county_code_unverified|timezone_not_normalized_to_utc
529728,87795,2014,2014-08-24T00:21:00,2014-08-24T00:21:00,EST-5,0.0,21,21167,C,167,MERCER,0,0,0,0,0.00,0.00,Heavy Rain,0,"[[37.7563,-84.8748],[37.7572,-84.8774],[37.7584,-84.8717],[37.7567,-84.8713]]",0,1,county_code_unverified|timezone_not_normalized_to_utc
529875,87811,2014,2014-07-23T15:15:00,2014-07-23T16:15:00,EST-5,1.0,21,21133,C,133,LETCHER,0,0,0,0,1000.00,0.00,Heavy Rain,0,"[[37.12,-82.83],[37.1108,-82.829],[37.1123,-82.8384],[37.1205,-82.8392]]",0,1,county_code_unverified|timezone_not_normalized_to_utc
529959,87829,2014,2014-07-12T00:30:00,2014-07-16T01:30:00,CST-6,97.0,17,17003,C,003,ALEXANDER,0,0,0,0,0.00,0.00,Heavy Rain,0,"[[37.22,-89.47],[37.1919,-89.4586],[37.1912,-89.4493],[37.2183,-89.4617]]",0,1,county_code_unverified|timezone_not_normalized_to_utc
529961,87828,2014,2014-07-08T16:30:00,2014-07-19T05:00:00,CST-6,252.5,29,29031,C,031,CAPE GIRARDEAU,0,0,0,0,3000.00,0.00,Heavy Rain,0,"[[37.27,-89.55],[37.2795,-89.518],[37.2508,-89.4754],[37.235,-89.4792]]",0,1,county_code_unverified|timezone_not_normalized_to_utc
530218,87372,2014,2014-06-18T22:36:00,2014-06-19T00:00:00,EST-5,1.4,18,18067,C,067,HOWARD,0,0,0,0,500.00,0.00,Heavy Rain,0,"[[40.4809,-86.1313],[40.4787,-86.1313],[40.4788,-86.1296],[40.4808,-86.1298]]",0,1,county_code_unverified|timezone_not_normalized_to_utc
530358,87812,2014,2014-07-27T21:00:00,2014-07-28T00:00:00,EST-5,3.0,21,21235,C,235,WHITLEY,0,0,0,0,1000.00,0.00,Heavy Rain,0,"[[36.74,-84.17],[36.7353,-84.1705],[36.7367,-84.1669],[36.74,-84.1682]]",0,1,county_code_unverified|timezone_not_normalized_to_utc
530526,85858,2014,2014-06-29T07:00:00,2014-06-30T23:59:00,CST-6,40.983333333333334,05,05147,C,147,WOODRUFF,0,0,0,0,5000.00,5000.00,Heavy Rain,0,"[[35.25,-91.23],[35.2866,-91.2243],[35.2908,-91.2483],[35.2431,-91.2545]]",0,1,county_code_unverified|timezone_not_normalized_to_utc
530531,85858,2014,2014-06-30T02:15:00,2014-06-30T23:59:00,CST-6,21.733333333333334,05,05147,C,147,WOODRUFF,0,0,0,0,5000.00,5000.00,Heavy Rain,0,"[[35.28,-91.37],[35.2401,-91.3623],[35.242,-91.3987],[35.3039,-91.4416],[35.3208,-91.3767]]",0,1,county_code_unverified|timezone_not_normalized_to_utc
530532,86906,2014,2014-06-22T07:15:00,2014-06-22T20:00:00,CST-6,12.75,48,48309,C,309,MCLENNAN,0,0,0,0,0.00,0.00,Heavy Rain,0,"[[31.5329,-97.4231],[31.538,-97.426],[31.5369,-97.4414],[31.532,-97.4398]]",0,1,county_code_unverified|timezone_not_normalized_to_utc
530537,87882,2014,2014-06-10T03:45:00,2014-06-11T17:45:00,CST-6,38.0,05,05105,C,105,PERRY,0,0,0,0,5000.00,5000.00,Heavy Rain,0,"[[35.0047,-92.7181],[35.0238,-92.7198],[35.0148,-92.7404],[35.0008,-92.7303]]",0,1,county_code_unverified|timezone_not_normalized_to_utc
530540,87882,2014,2014-06-09T08:15:00,2014-06-11T16:45:00,CST-6,56.5,05,05149,C,149,YELL,0,0,0,0,5000.00,5000.00,Heavy Rain,0,"[[35.05,-93.38],[35.0438,-93.4047],[35.0472,-93.4125],[35.0597,-93.4157],[35.0654,-93.3895]]",0,1,county_code_unverified|timezone_not_normalized_to_utc
530578,87893,2014,2014-06-22T20:15:00,2014-06-30T23:59:00,CST-6,195.73333333333332,46,46013,C,013,BROWN,0,0,0,0,0.00,0.00,Heavy Rain,0,"[[45.93,-98.22],[45.61,-98.38],[45.54,-98.29],[45.542,-98.2322],[45.762,-98.1876],[45.93,-98.13]]",0,1,county_code_unverified|timezone_not_normalized_to_utc
530581,87893,2014,2014-06-19T15:00:00,2014-06-21T01:45:00,MST-7,34.75,46,46031,C,031,CORSON,0,0,0,0,0.00,0.00,Heavy Rain,0,"[[45.69,-100.86],[45.65,-100.84],[45.64,-100.72],[45.66,-100.7],[45.7,-100.77]]",0,1,county_code_unverified|timezone_not_normalized_to_utc
530601,87893,2014,2014-06-20T11:00:00,2014-06-21T07:00:00,MST-7,20.0,46,46041,C,041,DEWEY,0,0,0,0,0.00,0.00,Heavy Rain,0,"[[45.17,-101.49],[45.15,-101.05],[45.34,-100.54],[45.3,-100.34],[45.41,-100.32],[45.4102,-100.5469],[45.3176,-100.9314],[45.2489,-101.4945]]",0,1,county_code_unverified|timezone_not_normalized_to_utc
530608,87905,2014,2014-06-19T03:45:00,2014-06-20T06:45:00,CST-6,27.0,46,46109,C,109,ROBERTS,0,0,0,0,0.00,0.00,Heavy Rain,0,"[[45.6,-96.89],[45.58,-96.87],[45.58,-96.85],[45.61,-96.87]]",0,1,county_code_unverified|timezone_not_normalized_to_utc
530692,84603,2014,2014-06-03T19:25:00,2014-06-03T19:25:00,CST-6,0.0,31,31109,C,109,LANCASTER,0,0,0,0,50000.00,0.00,Heavy Rain,0,"[[41.01,-96.85],[41.0022,-96.8665],[40.9844,-96.857],[40.9846,-96.8102]]",0,1,county_code_unverified|timezone_not_normalized_to_utc
530750,86972,2014,2014-06-24T16:55:00,2014-06-24T18:30:00,EST-5,1.5833333333333333,18,18119,C,119,OWEN,0,0,0,0,500.00,500.00,Heavy Rain,0,"[[39.4085,-86.9107],[39.4092,-86.9137],[39.4179,-86.9101],[39.4175,-86.9074]]",0,1,county_code_unverified|timezone_not_normalized_to_utc
530946,87970,2014,2014-08-12T19:45:00,2014-08-13T04:30:00,MST-7,8.75,04,04013,C,013,MARICOPA,0,0,0,0,2000000.00,0.00,Heavy Rain,0,"[[33.2898,-112.0022],[33.2927,-112.1635],[33.3833,-112.1491],[33.3718,-112.029],[33.3363,-112.0152]]",0,1,county_code_unverified|timezone_not_normalized_to_utc
531124,87992,2014,2014-08-18T07:00:00,2014-08-18T09:00:00,EST-5,2.0,21,21025,C,025,BREATHITT,0,0,0,0,1000.00,0.00,Heavy Rain,0,"[[37.37,-83.37],[37.374,-83.3437],[37.3623,-83.3422],[37.3589,-83.366]]",0,1,county_code_unverified|timezone_not_normalized_to_utc
531205,87996,2014,2014-06-01T02:00:00,2014-06-01T12:00:00,CST-6,10.0,38,38023,C,023,DIVIDE,0,0,0,0,150000.00,50000.00,Heavy Rain,0,"[[48.9658,-104.0021],[48.955,-103.3649],[48.3818,-103.7192],[48.2978,-104.0295]]",0,1,county_code_unverified|timezone_not_normalized_to_utc
531206,87996,2014,2014-06-01T02:00:00,2014-06-01T12:00:00,CST-6,10.0,38,38105,C,105,WILLIAMS,0,0,0,0,100000.00,30000.00,Heavy Rain,0,"[[48.9658,-104.0021],[48.955,-103.3649],[48.3818,-103.7172],[48.2978,-104.0295]]",0,1,county_code_unverified|timezone_not_normalized_to_utc
531212,88005,2014,2014-06-28T19:30:00,2014-06-30T15:30:00,CST-6,44.0,38,38023,C,023,DIVIDE,0,0,0,0,148000.00,50000.00,Heavy Rain,0,"[[48.99,-103.41],[48.99,-101.16],[47.96,-101.2],[48.23,-102.41],[48.55,-102.93]]",0,1,county_code_unverified|timezone_not_normalized_to_utc
531241,88005,2014,2014-06-28T19:30:00,2014-06-30T15:30:00,CST-6,44.0,38,38105,C,105,WILLIAMS,0,0,0,0,25000.00,25000.00,Heavy Rain,0,"[[48.99,-103.41],[48.99,-101.16],[47.96,-101.2],[48.23,-102.41],[48.55,-102.93]]",0,1,county_code_unverified|timezone_not_normalized_to_utc
531244,88005,2014,2014-06-28T19:30:00,2014-06-30T15:30:00,CST-6,44.0,38,38009,C,009,BOTTINEAU,0,0,0,0,296000.00,100000.00,Heavy Rain,0,"[[48.99,-103.41],[48.99,-101.16],[47.96,-101.2],[48.23,-102.41],[48.55,-102.93]]",0,1,county_code_unverified|timezone_not_normalized_to_utc
531255,88005,2014,2014-06-28T19:30:00,2014-06-30T15:30:00,CST-6,44.0,38,38013,C,013,BURKE,0,0,0,0,50000.00,25000.00,Heavy Rain,0,"[[48.99,-103.41],[48.99,-101.16],[47.96,-101.2],[48.23,-102.41],[48.55,-102.93]]",0,1,county_code_unverified|timezone_not_normalized_to_utc
531260,88005,2014,2014-06-28T19:30:00,2014-06-30T15:30:00,CST-6,44.0,38,38075,C,075,RENVILLE,0,0,0,0,96000.00,50000.00,Heavy Rain,0,"[[48.99,-103.41],[48.99,-101.16],[47.96,-101.2],[48.23,-102.41],[48.55,-102.93]]",0,1,county_code_unverified|timezone_not_normalized_to_utc
531261,88005,2014,2014-06-28T19:30:00,2014-06-30T15:30:00,CST-6,44.0,38,38061,C,061,MOUNTRAIL,0,0,0,0,254000.00,100000.00,Heavy Rain,0,"[[48.99,-103.41],[48.99,-101.16],[47.96,-101.2],[48.23,-102.41],[48.55,-102.93]]",0,1,county_code_unverified|timezone_not_normalized_to_utc
531265,88005,2014,2014-06-28T19:30:00,2014-06-30T15:30:00,CST-6,44.0,38,38101,C,101,WARD,0,0,0,0,618000.00,250000.00,Heavy Rain,0,"[[48.99,-103.41],[48.99,-101.16],[47.96,-101.2],[48.23,-102.41],[48.55,-102.93]]",0,1,county_code_unverified|timezone_not_normalized_to_utc
531318,88022,2014,2014-08-22T22:22:00,2014-08-23T00:22:00,EST-5,2.0,21,21129,C,129,LEE,0,0,0,0,1000.00,0.00,Heavy Rain,0,"[[37.64,-83.73],[37.6469,-83.7742],[37.6202,-83.7847],[37.6148,-83.7364]]",0,1,county_code_unverified|timezone_not_normalized_to_utc
531357,88022,2014,2014-08-22T21:54:00,2014-08-23T00:54:00,EST-5,3.0,21,21159,C,159,MARTIN,0,0,0,0,1000.00,0.00,Heavy Rain,0,"[[37.8742,-82.5631],[37.8753,-82.5533],[37.8613,-82.55],[37.8609,-82.5631]]",0,1,county_code_unverified|timezone_not_normalized_to_utc
531361,87336,2014,2014-06-11T00:30:00,2014-06-11T11:00:00,CST-6,10.5,17,17137,C,137,MORGAN,0,0,0,0,0.00,0.00,Heavy Rain,0,"[[39.7257,-90.3717],[39.8006,-90.1229],[39.5213,-90.0384],[39.5202,-90.2117],[39.6364,-90.301],[39.6369,-90.3384],[39.6653,-90.3384],[39.6658,-90.3724]]",0,1,county_code_unverified|timezone_not_normalized_to_utc
531365,87336,2014,2014-06-11T00:30:00,2014-06-11T11:00:00,CST-6,10.5,17,17171,C,171,SCOTT,0,0,0,0,0.00,0.00,Heavy Rain,0,"[[39.7257,-90.3717],[39.6658,-90.3724],[39.6653,-90.3384],[39.6369,-90.3384],[39.6364,-90.301],[39.5202,-90.3715],[39.5226,-90.5794],[39.6572,-90.6208]]",0,1,county_code_unverified|timezone_not_normalized_to_utc
531397,88023,2014,2014-06-29T08:10:00,2014-06-30T04:00:00,CST-6,19.833333333333332,20,20063,C,063,GOVE,0,0,0,0,0.00,0.00,Heavy Rain,0,"[[38.7539,-100.615],[38.7378,-100.6143],[38.725,-100.3287],[38.7638,-100.3287]]",0,1,county_code_unverified|timezone_not_normalized_to_utc
531399,88023,2014,2014-06-29T08:20:00,2014-06-30T04:00:00,CST-6,19.666666666666668,20,20063,C,063,GOVE,0,0,0,0,0.00,0.00,Heavy Rain,0,"[[38.9639,-100.5502],[38.9648,-100.5292],[38.9573,-100.5292],[38.9575,-100.55]]",0,1,county_code_unverified|timezone_not_normalized_to_utc
531400,88023,2014,2014-06-29T16:00:00,2014-06-30T04:00:00,CST-6,12.0,20,20109,C,109,LOGAN,0,0,0,0,0.00,0.00,Heavy Rain,0,"[[39.01,-100.85],[39.0091,-100.8501],[39.0091,-100.8519],[39.0101,-100.8518]]",0,1,county_code_unverified|timezone_not_normalized_to_utc
531411,88023,2014,2014-06-29T07:30:00,2014-06-29T13:30:00,CST-6,6.0,20,20109,C,109,LOGAN,0,0,0,0,0.00,0.00,Heavy Rain,0,"[[39.0966,-101.1376],[39.0571,-101.2663],[39.1233,-101.3053],[39.1318,-101.1405]]",0,1,county_code_unverified|timezone_not_normalized_to_utc
531414,88023,2014,2014-06-29T07:30:00,2014-06-29T13:30:00,CST-6,6.0,20,20109,C,109,LOGAN,0,0,0,0,0.00,0.00,Heavy Rain,0,"[[39.1039,-100.8863],[39.1332,-100.8862],[39.1294,-101.0188],[39.0951,-101.0128]]",0,1,county_code_unverified|timezone_not_normalized_to_utc
531417,87375,2014,2014-06-30T23:00:00,2014-06-30T23:59:00,CST-6,0.9833333333333333,17,17123,C,123,MARSHALL,0,0,0,0,0.00,0.00,Heavy Rain,0,"[[41.1484,-89.6386],[41.1472,-89.3305],[41.0713,-89.3401],[40.9786,-89.6383]]",0,1,county_code_unverified|timezone_not_normalized_to_utc
531419,87375,2014,2014-06-30T23:00:00,2014-06-30T23:59:00,CST-6,0.9833333333333333,17,17175,C,175,STARK,0,0,0,0,0.00,0.00,Heavy Rain,0,"[[40.9786,-89.6383],[41.048,-89.9834],[41.1484,-89.9831],[41.1488,-89.8681],[41.2345,-89.8706],[41.2334,-89.6388]]",0,1,county_code_unverified|timezone_not_normalized_to_utc
531675,88085,2014,2014-08-20T16:30:00,2014-08-20T21:00:00,MST-7,4.5,04,04012,C,012,LA PAZ,0,0,0,0,0.00,0.00,Heavy Rain,0,"[[33.91,-114.01],[33.754,-114.0559],[33.7986,-113.7318],[33.9764,-113.876]]",0,1,county_code_unverified|timezone_not_normalized_to_utc
531943,88136,2014,2014-07-08T00:00:00,2014-07-08T02:00:00,MST-7,2.0,08,08063,C,063,KIT CARSON,0,0,0,0,0.00,0.00,Heavy Rain,0,"[[39.2421,-102.2965],[39.2422,-102.2966],[39.2423,-102.2966],[39.2423,-102.2965]]",0,1,county_code_unverified|timezone_not_normalized_to_utc
532006,88088,2014,2014-08-21T16:00:00,2014-08-21T21:00:00,PST-8,5.0,06,06025,C,025,IMPERIAL,0,0,0,0,50000.00,0.00,Heavy Rain,0,"[[33.0651,-115.6778],[32.6856,-115.6613],[32.7827,-114.7604],[33.2111,-114.928]]",0,1,county_code_unverified|timezone_not_normalized_to_utc
532030,88172,2014,2014-07-11T22:30:00,2014-07-12T02:30:00,MST-7,4.0,08,08063,C,063,KIT CARSON,0,0,0,0,0.00,0.00,Heavy Rain,0,"[[39.492,-102.836],[39.4863,-102.8363],[39.4865,-102.8325],[39.4925,-102.8321]]",0,1,county_code_unverified|timezone_not_normalized_to_utc
532459,88273,2014,2014-09-04T16:00:00,2014-09-04T16:00:00,EST-5,0.0,21,21067,C,067,FAYETTE,0,0,0,0,5000.00,0.00,Heavy Rain,0,"[[38.0228,-84.4255],[38.0223,-84.4268],[38.0229,-84.4271],[38.0232,-84.4267]]",0,1,county_code_unverified|timezone_not_normalized_to_utc
532551,88294,2014,2014-07-05T17:15:00,2014-07-05T17:15:00,EST-5,0.0,12,12001,C,001,ALACHUA,0,0,0,0,5000.00,0.00,Heavy Rain,0,"[[29.6,-82.09],[29.6001,-82.0838],[29.5949,-82.0833],[29.5949,-82.0894]]",0,1,county_code_unverified|timezone_not_normalized_to_utc
532598,85197,2014,2014-06-20T22:00:00,2014-06-21T11:00:00,CST-6,13.0,31,31093,C,093,HOWARD,0,0,0,0,50000.00,0.00,Heavy Rain,0,"[[41.0632,-98.5481],[41.0547,-98.7441],[41.0964,-98.7451],[41.1047,-98.5467]]",0,1,county_code_unverified|timezone_not_normalized_to_utc
532609,85197,2014,2014-06-21T04:00:00,2014-06-21T11:00:00,CST-6,7.0,31,31001,C,001,ADAMS,0,0,0,0,50000.00,0.00,Heavy Rain,0,"[[40.693,-98.6509],[40.5984,-98.6454],[40.6014,-98.443],[40.7273,-98.4526]]",0,1,county_code_unverified|timezone_not_normalized_to_utc
532783,88341,2014,2014-06-02T08:01:00,2014-06-02T18:01:00,CST-6,10.0,20,20033,C,033,COMANCHE,0,0,0,0,0.00,0.00,Heavy Rain,0,"[[37.2,-99.5099],[37.2,-99.4963],[37.2096,-99.4918],[37.2074,-99.5054]]",0,1,county_code_unverified|timezone_not_normalized_to_utc
532784,88341,2014,2014-06-02T09:44:00,2014-06-02T19:44:00,CST-6,10.0,20,20033,C,033,COMANCHE,0,0,0,0,0.00,0.00,Heavy Rain,0,"[[37.32,-99.11],[37.3107,-99.0593],[37.2929,-99.0514],[37.315,-99.1283]]",0,1,county_code_unverified|timezone_not_normalized_to_utc
532785,88341,2014,2014-06-02T10:46:00,2014-06-02T18:46:00,CST-6,8.0,20,20033,C,033,COMANCHE,0,0,0,0,0.00,0.00,Heavy Rain,0,"[[37.34,-99.21],[37.3408,-99.2034],[37.3394,-99.2032],[37.3393,-99.21]]",0,1,county_code_unverified|timezone_not_normalized_to_utc
532786,88341,2014,2014-06-02T12:36:00,2014-06-02T20:36:00,CST-6,8.0,20,20033,C,033,COMANCHE,0,0,0,0,0.00,0.00,Heavy Rain,0,"[[37.26,-99.34],[37.2405,-99.3444],[37.2365,-99.3592],[37.2746,-99.3521]]",0,1,county_code_unverified|timezone_not_normalized_to_utc
532787,88340,2014,2014-06-03T19:19:00,2014-06-03T21:19:00,CST-6,2.0,20,20055,C,055,FINNEY,0,0,0,0,0.00,0.00,Heavy Rain,0,"[[37.98,-100.86],[37.9908,-100.8936],[37.9802,-100.8935],[37.9739,-100.8622]]",0,1,county_code_unverified|timezone_not_normalized_to_utc
532810,88342,2014,2014-06-05T04:25:00,2014-06-05T11:25:00,CST-6,7.0,20,20051,C,051,ELLIS,0,0,0,0,0.00,0.00,Heavy Rain,0,"[[38.95,-99.56],[38.9787,-99.6185],[38.9338,-99.6412],[38.9477,-99.5554]]",0,1,county_code_unverified|timezone_not_normalized_to_utc
533220,88400,2014,2014-07-01T00:00:00,2014-07-01T15:45:00,CST-6,15.75,19,19043,C,043,CLAYTON,0,0,0,0,0.00,0.00,Heavy Rain,0,"[[42.845,-91.4043],[42.8429,-91.398],[42.8421,-91.3974],[42.8417,-91.3994],[42.8434,-91.404],[42.8445,-91.4052]]",0,1,county_code_unverified|timezone_not_normalized_to_utc
533221,88401,2014,2014-07-01T00:00:00,2014-07-02T12:00:00,CST-6,36.0,27,27157,C,157,WABASHA,0,0,0,0,0.00,0.00,Heavy Rain,0,"[[44.4542,-92.2744],[44.4513,-92.266],[44.422,-92.2388],[44.4365,-92.2141],[44.4456,-92.2361],[44.4537,-92.2425]]",0,1,county_code_unverified|timezone_not_normalized_to_utc
533222,88401,2014,2014-07-01T00:00:00,2014-07-07T16:00:00,CST-6,160.0,27,27157,C,157,WABASHA,0,0,0,0,0.00,0.00,Heavy Rain,0,"[[44.4055,-92.084],[44.3901,-92.0486],[44.3784,-92.0199],[44.3804,-92.0174],[44.3948,-92.0476],[44.4033,-92.0601]]",0,1,county_code_unverified|timezone_not_normalized_to_utc
533227,88402,2014,2014-07-01T00:00:00,2014-07-07T07:00:00,CST-6,151.0,55,55063,C,063,LA CROSSE,0,0,0,0,0.00,0.00,Heavy Rain,0,"[[43.808,-91.2575],[43.7977,-91.2592],[43.7927,-91.2592],[43.7761,-91.2369],[43.7748,-91.2439],[43.7919,-91.2615],[43.8104,-91.2673]]",0,1,county_code_unverified|timezone_not_normalized_to_utc
533229,88401,2014,2014-07-01T00:00:00,2014-07-07T01:00:00,CST-6,145.0,27,27169,C,169,WINONA,0,0,0,0,0.00,0.00,Heavy Rain,0,"[[44.059,-91.6553],[44.0558,-91.6402],[44.0491,-91.6144],[44.0505,-91.6135],[44.055,-91.6274],[44.0631,-91.6396]]",0,1,county_code_unverified|timezone_not_normalized_to_utc
533352,88398,2014,2014-09-10T05:15:00,2014-09-10T20:00:00,CST-6,14.75,19,19121,C,121,MADISON,0,0,0,0,250000.00,100000.00,Heavy Rain,0,"[[41.38,-94.18],[41.4037,-94.1938],[41.4081,-94.1781],[41.3877,-94.17]]",0,1,county_code_unverified|timezone_not_normalized_to_utc
533354,88398,2014,2014-09-10T02:48:00,2014-09-10T21:00:00,CST-6,18.2,19,19121,C,121,MADISON,0,0,0,0,50000.00,25000.00,Heavy Rain,0,"[[41.2,-94.02],[41.1811,-94.0159],[41.1824,-94.0313],[41.2018,-94.0303]]",0,1,county_code_unverified|timezone_not_normalized_to_utc
533355,88398,2014,2014-09-10T02:48:00,2014-09-10T21:00:00,CST-6,18.2,19,19121,C,121,MADISON,0,0,0,0,25000.00,15000.00,Heavy Rain,0,"[[41.29,-94.06],[41.2794,-94.0806],[41.2964,-94.0916],[41.3076,-94.066]]",0,1,county_code_unverified|timezone_not_normalized_to_utc
533356,88398,2014,2014-09-10T07:08:00,2014-09-10T17:57:00,CST-6,10.816666666666666,19,19175,C,175,UNION,0,0,0,0,200000.00,50000.00,Heavy Rain,0,"[[41.1325,-94.451],[40.9056,-94.4561],[40.9176,-94.0528],[41.1359,-94.0461]]",0,1,county_code_unverified|timezone_not_normalized_to_utc
533374,88414,2014,2014-07-01T00:00:00,2014-07-11T23:00:00,CST-6,263.0,05,05147,C,147,WOODRUFF,0,0,0,0,1000.00,5000.00,Heavy Rain,0,"[[35.25,-91.23],[35.2838,-91.2318],[35.2874,-91.2524],[35.2451,-91.2569]]",0,1,county_code_unverified|timezone_not_normalized_to_utc
533376,88414,2014,2014-07-01T00:00:00,2014-07-02T13:15:00,CST-6,37.25,05,05147,C,147,WOODRUFF,0,0,0,0,1000.00,5000.00,Heavy Rain,0,"[[35.2518,-91.3582],[35.3197,-91.3623],[35.3146,-91.4083],[35.2468,-91.4104]]",0,1,county_code_unverified|timezone_not_normalized_to_utc
533379,88415,2014,2014-07-28T04:00:00,2014-07-31T23:59:00,CST-6,91.98333333333333,05,05147,C,147,WOODRUFF,0,0,0,0,1000.00,5000.00,Heavy Rain,0,"[[35.25,-91.23],[35.3057,-91.2119],[35.3169,-91.2394],[35.2356,-91.2621]]",0,1,county_code_unverified|timezone_not_normalized_to_utc
533397,88286,2014,2014-09-04T13:00:00,2014-09-04T13:49:00,CST-6,0.8166666666666667,27,27159,C,159,WADENA,0,0,0,0,0.00,10000.00,Heavy Rain,0,"[[46.6505,-95.1298],[46.6505,-95.0702],[46.6095,-95.0702],[46.6095,-95.1298]]",0,1,county_code_unverified|timezone_not_normalized_to_utc
533401,88400,2014,2014-07-01T00:00:00,2014-07-10T13:00:00,CST-6,229.0,19,19043,C,043,CLAYTON,0,0,0,0,0.00,0.00,Heavy Rain,0,"[[43.0296,-91.1737],[43.027,-91.173],[43.0245,-91.1728],[43.0247,-91.1701],[43.0298,-91.1719]]",0,1,county_code_unverified|timezone_not_normalized_to_utc
533402,88400,2014,2014-07-01T00:00:00,2014-07-13T19:30:00,CST-6,307.5,19,19043,C,043,CLAYTON,0,0,0,0,0.00,0.00,Heavy Rain,0,"[[42.8205,-91.104],[42.8073,-91.1087],[42.7853,-91.0967],[42.7519,-91.089],[42.7541,-91.0683],[42.8264,-91.0825]]",0,1,county_code_unverified|timezone_not_normalized_to_utc
533424,86081,2014,2014-06-24T15:54:00,2014-06-24T20:00:00,CST-6,4.1,20,20173,C,173,SEDGWICK,0,0,0,0,0.00,0.00,Heavy Rain,0,"[[37.6693,-97.2912],[37.7307,-97.2912],[37.7154,-97.3106],[37.6847,-97.3106]]",0,1,county_code_unverified|timezone_not_normalized_to_utc
533425,86081,2014,2014-06-24T15:58:00,2014-06-24T20:00:00,CST-6,4.033333333333333,20,20173,C,173,SEDGWICK,0,0,0,0,0.00,0.00,Heavy Rain,0,"[[37.6855,-97.33],[37.6959,-97.3173],[37.7051,-97.3235],[37.7026,-97.3268]]",0,1,county_code_unverified|timezone_not_normalized_to_utc
533426,86081,2014,2014-06-24T16:03:00,2014-06-24T20:00:00,CST-6,3.95,20,20173,C,173,SEDGWICK,0,0,0,0,0.00,0.00,Heavy Rain,0,"[[37.7014,-97.6965],[37.6495,-97.7059],[37.6411,-97.68],[37.6905,-97.6541]]",0,1,county_code_unverified|timezone_not_normalized_to_utc
533427,86081,2014,2014-06-24T16:39:00,2014-06-24T20:00:00,CST-6,3.35,20,20173,C,173,SEDGWICK,0,0,0,0,0.00,0.00,Heavy Rain,0,"[[37.55,-97.26],[37.55,-97.2718],[37.5474,-97.2732],[37.5449,-97.2636]]",0,1,county_code_unverified|timezone_not_normalized_to_utc
533428,86081,2014,2014-06-24T17:00:00,2014-06-24T20:00:00,CST-6,3.0,20,20191,C,191,SUMNER,0,0,0,0,0.00,0.00,Heavy Rain,0,"[[37.27,-97.76],[37.2726,-97.7732],[37.2623,-97.7796],[37.2598,-97.7571]]",0,1,county_code_unverified|timezone_not_normalized_to_utc
533441,88426,2014,2014-09-06T17:15:00,2014-09-06T19:15:00,EST-5,2.0,37,37009,C,009,ASHE,0,0,0,0,0.00,0.00,Heavy Rain,0,"[[36.4968,-81.5092],[36.4965,-81.5092],[36.4963,-81.5091],[36.4966,-81.5089]]",0,1,county_code_unverified|timezone_not_normalized_to_utc
533487,88401,2014,2014-07-01T00:00:00,2014-07-03T08:00:00,CST-6,56.0,27,27157,C,157,WABASHA,0,0,0,0,0.00,0.00,Heavy Rain,0,"[[44.3765,-92.0356],[44.3749,-92.037],[44.3718,-92.04],[44.3709,-92.0387],[44.3747,-92.0346],[44.3765,-92.0343]]",0,1,county_code_unverified|timezone_not_normalized_to_utc
533534,88461,2014,2014-09-10T23:54:00,2014-09-11T00:54:00,EST-5,1.0,18,18117,C,117,ORANGE,0,0,0,0,0.00,0.00,Heavy Rain,0,"[[38.52,-86.38],[38.513,-86.3912],[38.5208,-86.4089],[38.5238,-86.3977]]",0,1,county_code_unverified|timezone_not_normalized_to_utc
533535,88461,2014,2014-09-11T00:31:00,2014-09-11T01:01:00,EST-5,0.5,18,18019,C,019,CLARK,0,0,0,0,0.00,0.00,Heavy Rain,0,"[[38.2918,-85.7526],[38.2949,-85.7559],[38.2938,-85.7564],[38.2919,-85.7545]]",0,1,county_code_unverified|timezone_not_normalized_to_utc
533631,88471,2014,2014-07-27T21:43:00,2014-07-28T00:30:00,EST-5,2.783333333333333,42,42121,C,121,VENANGO,0,0,0,0,10000.00,0.00,Heavy Rain,0,"[[41.37,-79.93],[41.364,-79.9287],[41.3664,-79.9222],[41.3726,-79.9249]]",0,1,county_code_unverified|timezone_not_normalized_to_utc
533724,88496,2014,2014-08-03T08:54:00,2014-08-03T13:00:00,EST-5,4.1,42,42003,C,003,ALLEGHENY,0,0,0,0,1000.00,0.00,Heavy Rain,0,"[[40.3836,-79.9971],[40.3816,-79.9998],[40.381,-79.9966],[40.3829,-79.9951]]",0,1,county_code_unverified|timezone_not_normalized_to_utc
533725,88496,2014,2014-08-03T09:05:00,2014-08-03T13:00:00,EST-5,3.9166666666666665,42,42003,C,003,ALLEGHENY,0,0,0,0,25000.00,0.00,Heavy Rain,0,"[[40.4092,-80.0066],[40.4128,-80.0111],[40.4139,-80.0088],[40.4106,-80.0049]]",0,1,county_code_unverified|timezone_not_normalized_to_utc
533726,88496,2014,2014-08-03T09:15:00,2014-08-03T12:00:00,EST-5,2.75,42,42003,C,003,ALLEGHENY,0,0,0,0,1000.00,0.00,Heavy Rain,0,"[[40.3506,-79.8728],[40.3497,-79.8728],[40.3499,-79.8737],[40.3505,-79.8736]]",0,1,county_code_unverified|timezone_not_normalized_to_utc
533727,88496,2014,2014-08-03T10:14:00,2014-08-03T12:30:00,EST-5,2.2666666666666666,42,42003,C,003,ALLEGHENY,0,0,0,0,10000.00,0.00,Heavy Rain,0,"[[40.4437,-79.8147],[40.4422,-79.8143],[40.443,-79.8131],[40.444,-79.8138]]",0,1,county_code_unverified|timezone_not_normalized_to_utc
533728,88496,2014,2014-08-03T10:35:00,2014-08-03T13:00:00,EST-5,2.4166666666666665,42,42129,C,129,WESTMORELAND,0,0,0,0,5000.00,0.00,Heavy Rain,0,"[[40.3023,-79.5465],[40.31,-79.54],[40.307,-79.5334],[40.299,-79.5395]]",0,1,county_code_unverified|timezone_not_normalized_to_utc
533735,88498,2014,2014-08-11T18:38:00,2014-08-12T06:00:00,EST-5,11.366666666666667,39,39031,C,031,COSHOCTON,0,0,0,0,1000.00,0.00,Heavy Rain,0,"[[40.2005,-81.9605],[40.1992,-81.9583],[40.1988,-81.9599],[40.1998,-81.9617]]",0,1,county_code_unverified|timezone_not_normalized_to_utc
533736,88498,2014,2014-08-11T19:56:00,2014-08-12T06:00:00,EST-5,10.066666666666666,39,39157,C,157,TUSCARAWAS,0,0,0,0,1000.00,0.00,Heavy Rain,0,"[[40.3716,-81.7312],[40.3672,-81.7264],[40.3689,-81.7248],[40.3714,-81.7281]]",0,1,county_code_unverified|timezone_not_normalized_to_utc
533737,88498,2014,2014-08-11T20:57:00,2014-08-12T06:00:00,EST-5,9.05,39,39031,C,031,COSHOCTON,0,0,0,0,1000.00,0.00,Heavy Rain,0,"[[40.3895,-81.7138],[40.3866,-81.7133],[40.3867,-81.716],[40.3889,-81.7168]]",0,1,county_code_unverified|timezone_not_normalized_to_utc
533738,88498,2014,2014-08-11T21:13:00,2014-08-12T06:00:00,EST-5,8.783333333333333,39,39031,C,031,COSHOCTON,0,0,0,0,10000.00,0.00,Heavy Rain,0,"[[40.2832,-81.8495],[40.26,-81.85],[40.2615,-81.8694],[40.2842,-81.8633]]",0,1,county_code_unverified|timezone_not_normalized_to_utc
533751,88500,2014,2014-08-12T15:30:00,2014-08-12T17:00:00,EST-5,1.5,42,42003,C,003,ALLEGHENY,0,0,0,0,25000.00,0.00,Heavy Rain,0,"[[40.53,-80.02],[40.5138,-79.8377],[40.391,-79.9159],[40.4041,-80.089]]",0,1,county_code_unverified|timezone_not_normalized_to_utc
533788,88503,2014,2014-08-20T07:00:00,2014-08-20T09:00:00,EST-5,2.0,39,39013,C,013,BELMONT,0,0,0,0,2000.00,0.00,Heavy Rain,0,"[[40.07,-80.75],[40.0727,-80.7527],[40.072,-80.754],[40.0696,-80.7516]]",0,1,county_code_unverified|timezone_not_normalized_to_utc
533789,88503,2014,2014-08-20T06:00:00,2014-08-20T08:00:00,EST-5,2.0,39,39019,C,019,CARROLL,0,0,0,0,5000.00,0.00,Heavy Rain,0,"[[40.6651,-81.2385],[40.6651,-81.2378],[40.6656,-81.2378],[40.6655,-81.2385]]",0,1,county_code_unverified|timezone_not_normalized_to_utc
533794,88505,2014,2014-08-20T07:00:00,2014-08-20T12:00:00,EST-5,5.0,54,54009,C,009,BROOKE,0,0,0,0,15000.00,0.00,Heavy Rain,0,"[[40.205,-80.6556],[40.23,-80.65],[40.2297,-80.6551],[40.2073,-80.6605]]",0,1,county_code_unverified|timezone_not_normalized_to_utc
533796,88504,2014,2014-07-01T00:00:00,2014-07-07T11:00:00,CST-6,155.0,31,31127,C,127,NEMAHA,0,0,0,0,2000.00,0.00,Heavy Rain,0,"[[40.5196,-95.7373],[40.3907,-95.6772],[40.2974,-95.6786],[40.2546,-95.5536],[40.2806,-95.5254],[40.5373,-95.6676]]",0,1,county_code_unverified|timezone_not_normalized_to_utc
533798,88504,2014,2014-07-01T21:30:00,2014-07-07T11:00:00,CST-6,133.5,31,31147,C,147,RICHARDSON,0,0,0,0,5000.00,0.00,Heavy Rain,0,"[[40.2483,-95.5975],[40.1224,-95.4465],[40.0162,-95.4369],[40.0068,-95.3641],[40.0351,-95.3243],[40.1623,-95.3723],[40.2965,-95.5014]]",0,1,county_code_unverified|timezone_not_normalized_to_utc
533869,88427,2014,2014-06-28T18:19:00,2014-06-28T21:30:00,CST-6,3.183333333333333,20,20049,C,049,ELK,0,0,0,0,0.00,0.00,Heavy Rain,0,"[[37.35,-96.4318],[37.35,-96.4455],[37.3449,-96.4436],[37.3445,-96.4332]]",0,1,county_code_unverified|timezone_not_normalized_to_utc
533870,88427,2014,2014-06-28T20:05:00,2014-06-28T23:30:00,CST-6,3.4166666666666665,20,20125,C,125,MONTGOMERY,0,0,0,0,0.00,0.00,Heavy Rain,0,"[[37.2517,-95.72],[37.23,-95.7382],[37.2083,-95.72],[37.2147,-95.7007]]",0,1,county_code_unverified|timezone_not_normalized_to_utc
533873,88545,2014,2014-06-30T21:55:00,2014-06-30T23:50:00,CST-6,1.9166666666666667,20,20155,C,155,RENO,0,0,0,0,0.00,0.00,Heavy Rain,0,"[[38.099,-97.92],[38.07,-97.966],[38.0338,-97.92],[38.07,-97.8649]]",0,1,county_code_unverified|timezone_not_normalized_to_utc
533940,87001,2014,2014-07-02T20:25:00,2014-07-05T12:25:00,CST-6,64.0,19,19045,C,045,CLINTON,0,0,0,0,0.00,0.00,Heavy Rain,0,"[[41.7596,-90.3303],[41.8553,-90.1998],[41.8461,-90.1497],[41.7468,-90.2747]]",0,1,county_code_unverified|timezone_not_normalized_to_utc
533941,87003,2014,2014-07-02T20:25:00,2014-07-05T12:25:00,CST-6,64.0,17,17195,C,195,WHITESIDE,0,0,0,0,0.00,0.00,Heavy Rain,0,"[[41.8523,-90.173],[41.7489,-90.3268],[41.7335,-90.2582],[41.8451,-90.136]]",0,1,county_code_unverified|timezone_not_normalized_to_utc
533943,87001,2014,2014-07-02T14:00:00,2014-07-07T13:00:00,CST-6,119.0,19,19163,C,163,SCOTT,0,0,0,0,0.00,0.00,Heavy Rain,0,"[[41.6218,-90.3818],[41.5294,-90.5253],[41.5118,-90.4862],[41.6073,-90.3406]]",0,1,county_code_unverified|timezone_not_normalized_to_utc
533952,87003,2014,2014-07-02T14:00:00,2014-07-07T12:00:00,CST-6,118.0,17,17161,C,161,ROCK ISLAND,0,0,0,0,0.00,0.00,Heavy Rain,0,"[[41.6183,-90.3523],[41.6176,-90.32],[41.5125,-90.4408],[41.5498,-90.4614]]",0,1,county_code_unverified|timezone_not_normalized_to_utc
533962,87001,2014,2014-07-01T04:00:00,2014-07-11T18:00:00,CST-6,254.0,19,19139,C,139,MUSCATINE,0,0,0,0,0.00,0.00,Heavy Rain,0,"[[41.4582,-90.9503],[41.3604,-91.065],[41.3738,-91.1041],[41.4603,-90.9709]]",0,1,county_code_unverified|timezone_not_normalized_to_utc
533963,87003,2014,2014-07-01T02:00:00,2014-07-11T18:00:00,CST-6,256.0,17,17161,C,161,ROCK ISLAND,0,0,0,0,0.00,0.00,Heavy Rain,0,"[[41.4618,-90.9551],[41.3833,-91.1131],[41.3645,-91.0444],[41.4103,-90.9599]]",0,1,county_code_unverified|timezone_not_normalized_to_utc
533964,87001,2014,2014-07-03T00:00:00,2014-07-14T06:00:00,CST-6,270.0,19,19107,C,107,KEOKUK,0,0,0,0,0.00,0.00,Heavy Rain,0,"[[40.6891,-91.2167],[40.4743,-91.5463],[40.377,-91.3966],[40.6308,-91.1591]]",0,1,county_code_unverified|timezone_not_normalized_to_utc
533965,87003,2014,2014-07-02T23:00:00,2014-07-14T06:00:00,CST-6,271.0,17,17067,C,067,HANCOCK,0,0,0,0,0.00,0.00,Heavy Rain,0,"[[40.3942,-91.339],[40.6172,-91.2112],[40.6684,-91.3541],[40.4221,-91.4392]]",0,1,county_code_unverified|timezone_not_normalized_to_utc
533966,87003,2014,2014-07-01T09:30:00,2014-07-02T23:00:00,CST-6,37.5,17,17073,C,073,HENRY,0,0,0,0,0.00,0.00,Heavy Rain,0,"[[41.4826,-90.1003],[41.486,-90.2314],[41.4695,-90.2266],[41.4603,-90.0989]]",0,1,county_code_unverified|timezone_not_normalized_to_utc
533988,87001,2014,2014-07-01T11:00:00,2014-07-07T12:30:00,CST-6,145.5,19,19103,C,103,JOHNSON,0,0,0,0,0.00,0.00,Heavy Rain,0,"[[41.4955,-91.5008],[41.4693,-91.4935],[41.4669,-91.5213],[41.4945,-91.5244]]",0,1,county_code_unverified|timezone_not_normalized_to_utc
533989,87001,2014,2014-07-01T11:00:00,2014-07-07T12:30:00,CST-6,145.5,19,19183,C,183,WASHINGTON,0,0,0,0,0.00,0.00,Heavy Rain,0,"[[41.4687,-91.4965],[41.4691,-91.5269],[41.4941,-91.5244],[41.4929,-91.4986]]",0,1,county_code_unverified|timezone_not_normalized_to_utc
533993,87001,2014,2014-07-01T10:30:00,2014-07-07T18:00:00,CST-6,151.5,19,19115,C,115,LOUISA,0,0,0,0,0.00,0.00,Heavy Rain,0,"[[41.2949,-91.3808],[41.3165,-91.3609],[41.2647,-91.3129],[41.2567,-91.328]]",0,1,county_code_unverified|timezone_not_normalized_to_utc
533999,87001,2014,2014-07-01T18:30:00,2014-07-09T02:00:00,CST-6,175.5,19,19115,C,115,LOUISA,0,0,0,0,0.00,0.00,Heavy Rain,0,"[[41.1996,-91.1968],[41.1436,-91.1707],[41.1492,-91.135],[41.2025,-91.1673]]",0,1,county_code_unverified|timezone_not_normalized_to_utc
534008,87001,2014,2014-07-01T01:00:00,2014-07-02T01:45:00,CST-6,24.75,19,19097,C,097,JACKSON,0,0,0,0,0.00,0.00,Heavy Rain,0,"[[42.0807,-90.7093],[42.0601,-90.7038],[42.0754,-90.6295],[42.0947,-90.6338]]",0,1,county_code_unverified|timezone_not_normalized_to_utc
534016,87001,2014,2014-07-01T10:15:00,2014-07-05T10:00:00,CST-6,95.75,19,19107,C,107,KEOKUK,0,0,0,0,0.00,0.00,Heavy Rain,0,"[[41.315,-92.2299],[41.2949,-92.2227],[41.2992,-92.1851],[41.3152,-92.1892]]",0,1,county_code_unverified|timezone_not_normalized_to_utc
534019,87001,2014,2014-07-01T13:00:00,2014-07-04T19:46:00,CST-6,78.76666666666667,19,19113,C,113,LINN,0,0,0,0,0.00,0.00,Heavy Rain,0,"[[42.0331,-91.7056],[41.98,-91.7427],[41.9049,-91.5862],[41.9708,-91.5614]]",0,1,county_code_unverified|timezone_not_normalized_to_utc
534023,87001,2014,2014-07-01T11:20:00,2014-07-04T06:25:00,CST-6,67.08333333333333,19,19139,C,139,MUSCATINE,0,0,0,0,0.00,0.00,Heavy Rain,0,"[[41.3941,-91.3197],[41.3831,-91.2593],[41.3307,-91.3239],[41.3418,-91.3513]]",0,1,county_code_unverified|timezone_not_normalized_to_utc
534030,88530,2014,2014-07-07T15:56:00,2014-07-07T17:00:00,EST-5,1.0666666666666667,25,25027,C,027,WORCESTER,0,0,0,0,0.00,0.00,Heavy Rain,0,"[[42.5825,-71.8216],[42.5809,-71.8202],[42.5829,-71.8159],[42.5845,-71.8177]]",0,1,county_code_unverified|timezone_not_normalized_to_utc
534081,88581,2014,2014-08-22T14:57:00,2014-08-22T17:57:00,MST-7,3.0,08,08063,C,063,KIT CARSON,0,0,0,0,0.00,0.00,Heavy Rain,0,"[[39.3086,-102.2553],[39.301,-102.2562],[39.2951,-102.2752],[39.3059,-102.2897]]",0,1,county_code_unverified|timezone_not_normalized_to_utc
534110,88591,2014,2014-06-12T00:00:00,2014-06-12T12:00:00,CST-6,12.0,20,20051,C,051,ELLIS,0,0,0,0,0.00,0.00,Heavy Rain,0,"[[38.94,-99.56],[38.9375,-99.5444],[38.9458,-99.5445],[38.9485,-99.5688]]",0,1,county_code_unverified|timezone_not_normalized_to_utc
534111,88591,2014,2014-06-12T00:00:00,2014-06-12T10:00:00,CST-6,10.0,20,20135,C,135,NESS,0,0,0,0,0.00,0.00,Heavy Rain,0,"[[38.65,-99.98],[38.6814,-100.242],[38.6481,-100.2475],[38.5248,-99.9866]]",0,1,county_code_unverified|timezone_not_normalized_to_utc
534257,88607,2014,2014-07-01T00:00:00,2014-07-25T15:00:00,CST-6,591.0,27,27137,C,137,ST. LOUIS,0,0,0,0,1000.00,1000.00,Heavy Rain,0,"[[48.5121,-92.6253],[48.5317,-92.8791],[48.5785,-93.1167],[48.6384,-93.1036],[48.6422,-92.9169],[48.5567,-92.579]]",0,1,county_code_unverified|timezone_not_normalized_to_utc
534260,88607,2014,2014-07-01T00:00:00,2014-07-25T15:00:00,CST-6,591.0,27,27071,C,071,KOOCHICHING,0,0,0,0,28000.00,1000.00,Heavy Rain,0,"[[48.603,-93.3577],[48.5916,-93.2011],[48.553,-93.2636],[48.5412,-93.081],[48.667,-93.0865],[48.6697,-93.2815],[48.637,-93.3611]]",0,1,county_code_unverified|timezone_not_normalized_to_utc
534346,88586,2014,2014-08-20T16:00:00,2014-08-20T17:00:00,CST-6,1.0,47,47165,C,165,SUMNER,0,0,0,0,0.00,0.00,Heavy Rain,0,"[[36.532,-86.6081],[36.5313,-86.5994],[36.5098,-86.5898],[36.4954,-86.587],[36.4942,-86.5916]]",0,1,county_code_unverified|timezone_not_normalized_to_utc
534348,88586,2014,2014-08-20T16:00:00,2014-08-20T17:00:00,CST-6,1.0,47,47189,C,189,WILSON,0,0,0,0,0.00,0.00,Heavy Rain,0,"[[36.102,-86.338],[36.0985,-86.3273],[36.0565,-86.3424],[36.0588,-86.3529]]",0,1,county_code_unverified|timezone_not_normalized_to_utc
534364,88623,2014,2014-08-27T14:30:00,2014-08-27T20:30:00,CST-6,6.0,20,20153,C,153,RAWLINS,0,0,0,0,0.00,0.00,Heavy Rain,0,"[[39.8052,-101.1701],[39.8058,-101.1593],[39.811,-101.1599],[39.8115,-101.1705]]",0,1,county_code_unverified|timezone_not_normalized_to_utc
534579,88661,2014,2014-09-08T17:30:00,2014-09-08T20:30:00,EST-5,3.0,21,21193,C,193,PERRY,0,0,0,0,1000.00,0.00,Heavy Rain,0,"[[37.24,-83.25],[37.2412,-83.2599],[37.2358,-83.2632],[37.2351,-83.2515]]",0,1,county_code_unverified|timezone_not_normalized_to_utc
534595,88663,2014,2014-06-19T15:00:00,2014-06-20T15:00:00,AKST-9,24.0,02,02224,C,224,UPR TANANA VLY FORTYMILE,0,0,0,0,10000.00,0.00,Heavy Rain,0,"[[64.6,-146.0],[64.62,-146.0],[64.6796,-145.6543],[64.7783,-144.7243],[64.9777,-144.5375],[64.9195,-144.37],[64.7074,-144.5595],[64.5888,-145.1404]]",0,1,county_code_unverified|timezone_not_normalized_to_utc
534599,88663,2014,2014-06-20T15:00:00,2014-06-21T16:00:00,AKST-9,25.0,02,02222,C,222,MIDDLE TANANA VALLEY,0,0,0,0,3000.00,0.00,Heavy Rain,0,"[[64.5793,-145.9644],[64.624,-145.9644],[64.5662,-146.2926],[64.5166,-146.4615],[64.504,-146.4045]]",0,1,county_code_unverified|timezone_not_normalized_to_utc
534608,88663,2014,2014-06-20T15:00:00,2014-06-21T16:00:00,AKST-9,25.0,02,02223,C,223,DELTANA AND TANANA,0,0,0,0,3000.00,0.00,Heavy Rain,0,"[[64.5012,-146.386],[64.516,-146.467],[64.4823,-146.9421],[64.4391,-146.8927]]",0,1,county_code_unverified|timezone_not_normalized_to_utc
534636,88656,2014,2014-07-01T14:33:00,2014-07-05T16:00:00,AKST-9,97.45,02,02222,C,222,MIDDLE TANANA VALLEY,0,0,0,0,0.00,0.00,Heavy Rain,0,"[[64.8772,-147.3267],[64.7322,-147.063],[64.8058,-146.6455],[64.8725,-146.1127],[65.0399,-146.3599]]",0,1,county_code_unverified|timezone_not_normalized_to_utc
534637,88656,2014,2014-07-01T14:00:00,2014-07-05T16:00:00,AKST-9,98.0,02,02224,C,224,UPR TANANA VLY FORTYMILE,0,0,0,0,0.00,0.00,Heavy Rain,0,"[[64.9481,-145.783],[65.0418,-145.0278],[65.0711,-145.1074],[65.0398,-145.634]]",0,1,county_code_unverified|timezone_not_normalized_to_utc
534686,88663,2014,2014-06-21T03:00:00,2014-06-21T09:00:00,AKST-9,6.0,02,02223,C,223,DELTANA AND TANANA,0,0,0,0,2000.00,0.00,Heavy Rain,0,"[[64.1551,-145.573],[64.1921,-145.6114],[64.1595,-145.3938],[64.2019,-145.2448],[64.1879,-145.2063],[64.1257,-145.367]]",0,1,county_code_unverified|timezone_not_normalized_to_utc
534687,88663,2014,2014-06-19T11:00:00,2014-06-21T03:00:00,AKST-9,40.0,02,02224,C,224,UPR TANANA VLY FORTYMILE,0,0,0,0,4000.00,0.00,Heavy Rain,0,"[[64.4959,-144.3197],[64.5209,-144.4595],[64.5012,-144.9316],[64.3756,-145.0683],[64.2112,-145.2736],[64.1951,-145.1541],[64.4315,-144.6487]]",0,1,county_code_unverified|timezone_not_normalized_to_utc
534691,88663,2014,2014-06-19T15:00:00,2014-06-21T09:00:00,AKST-9,42.0,02,02224,C,224,UPR TANANA VLY FORTYMILE,0,0,0,0,0.00,0.00,Heavy Rain,0,"[[64.95,-145.78],[65.04,-145.03],[65.07,-145.11],[65.04,-145.63],[65.1,-145.78]]",0,1,county_code_unverified|timezone_not_normalized_to_utc
534695,88663,2014,2014-06-21T09:00:00,2014-06-22T20:00:00,AKST-9,35.0,02,02222,C,222,MIDDLE TANANA VALLEY,0,0,0,0,0.00,0.00,Heavy Rain,0,"[[64.8,-147.19],[64.78,-147.19],[64.95,-145.93],[65.08,-145.92]]",0,1,county_code_unverified|timezone_not_normalized_to_utc
534705,88677,2014,2014-07-06T04:34:00,2014-07-06T05:34:00,CST-6,1.0,29,29037,C,037,CASS,0,0,0,0,0.00,0.00,Heavy Rain,0,"[[38.7721,-94.244],[38.77,-94.23],[38.7743,-94.2294],[38.7762,-94.2429]]",0,1,county_code_unverified|timezone_not_normalized_to_utc
534721,88681,2014,2014-07-14T18:20:00,2014-07-15T12:00:00,AKST-9,17.666666666666668,02,02218,C,218,S. SLOPES OF ERN BROOKS RANGE,0,0,0,0,0.00,0.00,Heavy Rain,0,"[[67.9593,-149.8563],[67.8094,-149.9139],[67.8197,-149.7382],[67.9696,-149.7217]]",0,1,county_code_unverified|timezone_not_normalized_to_utc
534767,88683,2014,2014-08-30T21:00:00,2014-08-30T22:00:00,CST-6,1.0,47,47049,C,049,FENTRESS,0,0,0,0,0.00,0.00,Heavy Rain,0,"[[36.4249,-84.9373],[36.4075,-84.8751],[36.3923,-84.8939],[36.401,-84.9408]]",0,1,county_code_unverified|timezone_not_normalized_to_utc
535049,88728,2014,2014-07-27T13:00:00,2014-07-27T13:00:00,EST-5,0.0,25,25017,C,017,MIDDLESEX,0,0,0,0,0.00,0.00,Heavy Rain,0,"[[42.4483,-71.3216],[42.4494,-71.3284],[42.4519,-71.3181],[42.4492,-71.3146]]",0,1,county_code_unverified|timezone_not_normalized_to_utc
535051,88728,2014,2014-07-27T13:27:00,2014-07-27T13:27:00,EST-5,0.0,25,25009,C,009,ESSEX,0,0,0,0,0.00,0.00,Heavy Rain,0,"[[42.5231,-70.9214],[42.5239,-70.9212],[42.5231,-70.9198],[42.5228,-70.9204]]",0,1,county_code_unverified|timezone_not_normalized_to_utc
535057,88728,2014,2014-07-27T17:41:00,2014-07-27T17:41:00,EST-5,0.0,25,25013,C,013,HAMPDEN,0,0,0,0,0.00,0.00,Heavy Rain,0,"[[42.1066,-72.667],[42.1077,-72.6251],[42.1027,-72.6215],[42.1016,-72.6662]]",0,1,county_code_unverified|timezone_not_normalized_to_utc
535092,88712,2014,2014-07-30T22:10:00,2014-07-31T02:30:00,CST-6,4.333333333333333,48,48097,C,097,COOKE,0,0,0,0,5000.00,0.00,Heavy Rain,0,"[[33.6701,-97.1827],[33.5998,-97.1943],[33.6004,-97.0828],[33.6776,-97.1013]]",0,1,county_code_unverified|timezone_not_normalized_to_utc
535100,88712,2014,2014-07-31T07:47:00,2014-07-31T10:45:00,CST-6,2.966666666666667,48,48181,C,181,GRAYSON,0,0,0,0,0.00,0.00,Heavy Rain,0,"[[33.5095,-96.9442],[33.4326,-96.9389],[33.408,-96.4026],[33.4859,-96.3975]]",0,1,county_code_unverified|timezone_not_normalized_to_utc
535188,88752,2014,2014-08-17T21:52:00,2014-08-17T23:20:00,CST-6,1.4666666666666666,27,27109,C,109,OLMSTED,0,0,0,0,0.00,0.00,Heavy Rain,0,"[[44.0391,-92.5249],[44.0457,-92.5249],[44.0444,-92.4972],[44.0407,-92.4981]]",0,1,county_code_unverified|timezone_not_normalized_to_utc
535220,88656,2014,2014-07-02T02:00:00,2014-07-04T19:00:00,AKST-9,65.0,02,02222,C,222,MIDDLE TANANA VALLEY,0,0,0,0,0.00,0.00,Heavy Rain,0,"[[64.883,-147.2528],[64.8892,-147.2571],[64.8934,-147.2419],[64.8901,-147.2305],[64.906,-147.1749],[64.9013,-147.1629],[64.8843,-147.212],[64.8865,-147.2398]]",0,1,county_code_unverified|timezone_not_normalized_to_utc
535278,88697,2014,2014-07-03T15:40:00,2014-07-03T16:40:00,EST-5,1.0,51,51640,C,640,GALAX (C),0,0,0,0,0.00,0.00,Heavy Rain,0,"[[36.6664,-80.9197],[36.6692,-80.9192],[36.6686,-80.9171],[36.6665,-80.9167]]",0,1,county_code_unverified|timezone_not_normalized_to_utc
535301,88778,2014,2014-07-12T11:06:00,2014-07-12T12:30:00,CST-6,1.4,17,17031,C,031,COOK,0,0,0,0,0.00,0.00,Heavy Rain,0,"[[41.6032,-87.7565],[41.6032,-87.7552],[41.6026,-87.7552],[41.6026,-87.7565]]",0,1,county_code_unverified|timezone_not_normalized_to_utc
535341,88787,2014,2014-08-22T09:15:00,2014-08-22T09:15:00,EST-5,0.0,36,36057,C,057,MONTGOMERY,0,0,0,0,0.00,0.00,Heavy Rain,0,"[[42.91,-74.6],[42.9107,-74.599],[42.9102,-74.5982],[42.9095,-74.5985]]",0,1,county_code_unverified|timezone_not_normalized_to_utc
535578,88840,2014,2014-07-01T00:00:00,2014-07-01T07:00:00,CST-6,7.0,17,17031,C,031,COOK,0,0,0,0,0.00,0.00,Heavy Rain,0,"[[41.9799,-87.8816],[41.9818,-87.8768],[41.982,-87.877],[41.9801,-87.8817]]",0,1,county_code_unverified|timezone_not_normalized_to_utc
535615,88843,2014,2014-07-10T23:23:00,2014-07-11T01:00:00,EST-5,1.6166666666666667,45,45067,C,067,MARION,0,0,0,0,0.00,0.00,Heavy Rain,0,"[[33.89,-79.38],[33.8887,-79.3755],[33.8873,-79.3776],[33.8889,-79.3807]]",0,1,county_code_unverified|timezone_not_normalized_to_utc
535619,88843,2014,2014-07-10T23:24:00,2014-07-11T01:00:00,EST-5,1.6,45,45051,C,051,HORRY,0,0,0,0,0.00,0.00,Heavy Rain,0,"[[33.85,-79.2],[33.8518,-79.1926],[33.8469,-79.1895],[33.8464,-79.1947]]",0,1,county_code_unverified|timezone_not_normalized_to_utc
535649,88846,2014,2014-07-12T22:30:00,2014-07-12T23:15:00,MST-7,0.75,08,08089,C,089,OTERO,0,0,0,0,0.00,0.00,Heavy Rain,0,"[[37.9965,-103.5688],[37.9948,-103.5139],[37.9886,-103.5192],[37.9931,-103.5679]]",0,1,county_code_unverified|timezone_not_normalized_to_utc
535657,88851,2014,2014-07-13T12:00:00,2014-07-13T21:00:00,MST-7,9.0,08,08089,C,089,OTERO,0,0,0,0,0.00,0.00,Heavy Rain,0,"[[37.9957,-103.5685],[37.994,-103.517],[37.9878,-103.5168],[37.9923,-103.5683]]",0,1,county_code_unverified|timezone_not_normalized_to_utc
535661,88851,2014,2014-07-13T15:45:00,2014-07-13T17:52:00,MST-7,2.1166666666666667,08,08099,C,099,PROWERS,0,0,0,0,0.00,0.00,Heavy Rain,0,"[[38.1081,-102.647],[38.1111,-102.5824],[38.1019,-102.5824],[38.1016,-102.6466]]",0,1,county_code_unverified|timezone_not_normalized_to_utc
535665,88851,2014,2014-07-13T02:17:00,2014-07-13T04:54:00,MST-7,2.6166666666666667,08,08011,C,011,BENT,0,0,0,0,0.00,0.00,Heavy Rain,0,"[[38.026,-103.2255],[38.0676,-103.1881],[38.0579,-103.176],[38.0205,-103.208]]",0,1,county_code_unverified|timezone_not_normalized_to_utc
535670,88851,2014,2014-07-13T19:20:00,2014-07-13T23:30:00,MST-7,4.166666666666667,08,08011,C,011,BENT,0,0,0,0,0.00,0.00,Heavy Rain,0,"[[38.0643,-103.1877],[38.0557,-103.176],[38.007,-103.2145],[38.0227,-103.2282]]",0,1,county_code_unverified|timezone_not_normalized_to_utc
535675,88857,2014,2014-07-21T14:53:00,2014-07-21T16:30:00,EST-5,1.6166666666666667,45,45033,C,033,DILLON,0,0,0,0,0.00,0.00,Heavy Rain,0,"[[34.28,-79.27],[34.2771,-79.267],[34.2761,-79.2717],[34.2813,-79.2725]]",0,1,county_code_unverified|timezone_not_normalized_to_utc
535679,88859,2014,2014-07-15T10:15:00,2014-07-15T11:45:00,MST-7,1.5,08,08089,C,089,OTERO,0,0,0,0,0.00,0.00,Heavy Rain,0,"[[37.9977,-103.5736],[37.9946,-103.517],[37.9873,-103.5161],[37.995,-103.5734]]",0,1,county_code_unverified|timezone_not_normalized_to_utc
535680,88860,2014,2014-07-21T16:15:00,2014-07-21T18:00:00,EST-5,1.75,37,37019,C,019,BRUNSWICK,0,0,0,0,0.00,0.00,Heavy Rain,0,"[[34.097,-77.968],[34.0983,-77.9674],[34.0985,-77.9688],[34.0973,-77.9689]]",0,1,county_code_unverified|timezone_not_normalized_to_utc
535682,88859,2014,2014-07-15T01:15:00,2014-07-15T02:15:00,MST-7,1.0,08,08011,C,011,BENT,0,0,0,0,0.00,0.00,Heavy Rain,0,"[[38.063,-103.1912],[38.0549,-103.1771],[38.0119,-103.2145],[38.0222,-103.2227]]",0,1,county_code_unverified|timezone_not_normalized_to_utc
535684,88863,2014,2014-07-17T07:24:00,2014-07-17T14:05:00,MST-7,6.683333333333334,08,08101,C,101,PUEBLO,0,0,0,0,0.00,0.00,Heavy Rain,0,"[[38.2476,-104.3763],[38.2495,-104.3392],[38.24,-104.3406],[38.2413,-104.3809]]",0,1,county_code_unverified|timezone_not_normalized_to_utc
535687,88865,2014,2014-07-18T08:45:00,2014-07-18T12:15:00,MST-7,3.5,08,08089,C,089,OTERO,0,0,0,0,0.00,0.00,Heavy Rain,0,"[[37.9982,-103.5745],[37.9916,-103.523],[37.9873,-103.5228],[37.9954,-103.5741]]",0,1,county_code_unverified|timezone_not_normalized_to_utc
535689,88865,2014,2014-07-18T14:00:00,2014-07-19T09:45:00,MST-7,19.75,08,08089,C,089,OTERO,0,0,0,0,0.00,0.00,Heavy Rain,0,"[[37.9983,-103.574],[37.9935,-103.5201],[37.9874,-103.5213],[37.9952,-103.5733]]",0,1,county_code_unverified|timezone_not_normalized_to_utc
535692,88865,2014,2014-07-18T12:45:00,2014-07-19T06:15:00,MST-7,17.5,08,08011,C,011,BENT,0,0,0,0,0.00,0.00,Heavy Rain,0,"[[38.0646,-103.186],[38.0595,-103.1754],[38.0206,-103.2056],[38.0278,-103.2166]]",0,1,county_code_unverified|timezone_not_normalized_to_utc
535695,88866,2014,2014-07-30T17:46:00,2014-07-30T22:52:00,MST-7,5.1,08,08099,C,099,PROWERS,0,0,0,0,0.00,0.00,Heavy Rain,0,"[[38.1073,-102.6535],[38.11,-102.5261],[38.0957,-102.5361],[38.0957,-102.6528]]",0,1,county_code_unverified|timezone_not_normalized_to_utc
535841,88862,2014,2014-07-15T15:23:00,2014-07-15T16:30:00,EST-5,1.1166666666666667,51,51810,C,810,VIRGINIA BEACH (C),0,0,0,0,0.00,0.00,Heavy Rain,0,"[[36.87,-76.03],[36.8717,-76.0319],[36.8729,-76.0313],[36.8716,-76.0296]]",0,1,county_code_unverified|timezone_not_normalized_to_utc
535847,88862,2014,2014-07-15T15:20:00,2014-07-15T16:30:00,EST-5,1.1666666666666667,51,51810,C,810,VIRGINIA BEACH (C),0,0,0,0,0.00,0.00,Heavy Rain,0,"[[36.82,-76.15],[36.8231,-76.1525],[36.8243,-76.1506],[36.8217,-76.1494]]",0,1,county_code_unverified|timezone_not_normalized_to_utc
535854,88862,2014,2014-07-15T17:05:00,2014-07-15T18:30:00,EST-5,1.4166666666666667,51,51570,C,570,COLONIAL HEIGHTS (C),0,0,0,0,0.00,0.00,Heavy Rain,0,"[[37.27,-77.41],[37.2651,-77.4107],[37.2656,-77.4123],[37.2696,-77.4113]]",0,1,county_code_unverified|timezone_not_normalized_to_utc
535856,88875,2014,2014-07-15T15:00:00,2014-07-15T16:30:00,EST-5,1.5,37,37015,C,015,BERTIE,0,0,0,0,0.00,0.00,Heavy Rain,0,"[[36.15,-77.05],[36.1624,-77.0612],[36.1608,-77.0689],[36.15,-77.0576]]",0,1,county_code_unverified|timezone_not_normalized_to_utc
535857,88875,2014,2014-07-15T15:12:00,2014-07-15T16:30:00,EST-5,1.3,37,37015,C,015,BERTIE,0,0,0,0,0.00,0.00,Heavy Rain,0,"[[36.16,-77.02],[36.1533,-77.0135],[36.1531,-77.0182],[36.1593,-77.0233]]",0,1,county_code_unverified|timezone_not_normalized_to_utc
535859,88800,2014,2014-07-09T20:40:00,2014-07-09T21:40:00,EST-5,1.0,51,51810,C,810,VIRGINIA BEACH (C),0,0,0,0,0.00,0.00,Heavy Rain,0,"[[36.72,-75.94],[36.748,-75.9493],[36.7417,-75.9708],[36.7313,-75.9751]]",0,1,county_code_unverified|timezone_not_normalized_to_utc
535886,88888,2014,2014-07-01T00:00:00,2014-07-01T08:00:00,CST-6,8.0,17,17123,C,123,MARSHALL,0,0,0,0,0.00,0.00,Heavy Rain,0,"[[41.1484,-89.6386],[41.1472,-89.3305],[41.0713,-89.3401],[40.9786,-89.6383]]",0,1,county_code_unverified|timezone_not_normalized_to_utc
535887,88888,2014,2014-07-01T00:00:00,2014-07-01T08:00:00,CST-6,8.0,17,17175,C,175,STARK,0,0,0,0,0.00,0.00,Heavy Rain,0,"[[40.9786,-89.6383],[41.048,-89.9834],[41.1484,-89.9831],[41.1488,-89.8681],[41.2345,-89.8706],[41.2334,-89.6388]]",0,1,county_code_unverified|timezone_not_normalized_to_utc
535924,88901,2014,2014-08-17T02:00:00,2014-08-17T10:00:00,CST-6,8.0,17,17065,C,065,HAMILTON,0,0,0,0,0.00,0.00,Heavy Rain,0,"[[38.1,-88.53],[38.22,-88.57],[38.2,-88.68],[38.0632,-88.6652]]",0,1,county_code_unverified|timezone_not_normalized_to_utc
535989,88921,2014,2014-08-10T16:00:00,2014-08-10T18:00:00,EST-5,2.0,21,21025,C,025,BREATHITT,0,0,0,0,1000.00,0.00,Heavy Rain,0,"[[37.602,-83.4376],[37.6019,-83.4432],[37.6027,-83.4434],[37.6031,-83.4381]]",0,1,county_code_unverified|timezone_not_normalized_to_utc
536025,87992,2014,2014-08-18T07:00:00,2014-08-18T09:00:00,EST-5,2.0,21,21071,C,071,FLOYD,0,0,0,0,100.00,0.00,Heavy Rain,0,"[[37.38,-82.72],[37.3898,-82.7245],[37.3861,-82.7138],[37.3805,-82.7126]]",0,1,county_code_unverified|timezone_not_normalized_to_utc
536108,88098,2014,2014-09-01T00:00:00,2014-09-01T02:52:00,EST-5,2.8666666666666667,21,21197,C,197,POWELL,0,0,0,0,1000.00,0.00,Heavy Rain,0,"[[37.855,-83.7724],[37.8598,-83.7869],[37.8947,-83.8044],[37.8838,-83.7601],[37.8668,-83.7601]]",0,1,county_code_unverified|timezone_not_normalized_to_utc
536124,88954,2014,2014-09-14T11:00:00,2014-09-17T08:00:00,AKST-9,69.0,02,02135,C,135,SERN P.W. SND,0,0,0,0,0.00,0.00,Heavy Rain,0,"[[60.5212,-145.6324],[60.5337,-145.6406],[60.5593,-145.6949],[60.5365,-145.7038]]",0,1,county_code_unverified|timezone_not_normalized_to_utc
536216,88991,2014,2014-06-26T00:00:00,2014-06-26T17:00:00,AKST-9,17.0,02,02225,C,225,DENALI,0,0,0,0,10000.00,0.00,Heavy Rain,0,"[[63.5474,-151.0023],[63.5398,-151.0122],[63.5071,-150.9051],[63.493,-150.8969],[63.5149,-150.8773]]",0,1,county_code_unverified|timezone_not_normalized_to_utc
536246,88292,2014,2014-07-12T14:00:00,2014-07-12T20:00:00,CST-6,6.0,17,17113,C,113,MCLEAN,0,0,0,0,0.00,0.00,Heavy Rain,0,"[[40.7567,-88.6578],[40.7574,-88.5843],[40.6834,-88.5828],[40.7241,-88.6394]]",0,1,county_code_unverified|timezone_not_normalized_to_utc
536249,88292,2014,2014-07-12T14:00:00,2014-07-12T20:00:00,CST-6,6.0,17,17113,C,113,MCLEAN,0,0,0,0,0.00,0.00,Heavy Rain,0,"[[40.5168,-88.4606],[40.2832,-88.4602],[40.2941,-88.6605],[40.3402,-88.6389]]",0,1,county_code_unverified|timezone_not_normalized_to_utc
536251,88292,2014,2014-07-12T14:00:00,2014-07-12T20:00:00,CST-6,6.0,17,17147,C,147,PIATT,0,0,0,0,0.00,0.00,Heavy Rain,0,"[[40.2832,-88.4602],[40.1487,-88.4639],[40.2328,-88.6145],[40.2823,-88.5594]]",0,1,county_code_unverified|timezone_not_normalized_to_utc
536253,88292,2014,2014-07-12T14:00:00,2014-07-12T20:00:00,CST-6,6.0,17,17019,C,019,CHAMPAIGN,0,0,0,0,0.00,0.00,Heavy Rain,0,"[[40.3995,-88.4599],[40.399,-88.3022],[40.0064,-88.1586],[40.0779,-88.4025],[40.1487,-88.4639]]",0,1,county_code_unverified|timezone_not_normalized_to_utc
536596,88749,2014,2014-08-04T06:15:00,2014-08-04T07:45:00,CST-6,1.5,55,55019,C,019,CLARK,0,0,0,0,2000.00,0.00,Heavy Rain,0,"[[44.5376,-90.4815],[44.555,-90.4805],[44.5664,-90.4132],[44.551,-90.4036]]",0,1,county_code_unverified|timezone_not_normalized_to_utc
536651,89052,2014,2014-07-24T16:15:00,2014-07-24T17:15:00,EST-5,1.0,51,51159,C,159,RICHMOND,0,0,0,0,0.00,0.00,Heavy Rain,0,"[[37.51,-77.48],[37.509,-77.4798],[37.5094,-77.4786],[37.5101,-77.4789]]",0,1,county_code_unverified|timezone_not_normalized_to_utc
536658,89052,2014,2014-07-24T16:30:00,2014-07-24T17:30:00,EST-5,1.0,51,51041,C,041,CHESTERFIELD,0,0,0,0,0.00,0.00,Heavy Rain,0,"[[37.39,-77.48],[37.3912,-77.4836],[37.3891,-77.4833],[37.3891,-77.4806]]",0,1,county_code_unverified|timezone_not_normalized_to_utc
536665,89052,2014,2014-07-24T16:43:00,2014-07-24T17:43:00,EST-5,1.0,51,51570,C,570,COLONIAL HEIGHTS (C),0,0,0,0,0.00,0.00,Heavy Rain,0,"[[37.2678,-77.4108],[37.265,-77.4106],[37.2655,-77.4125],[37.2676,-77.4123]]",0,1,county_code_unverified|timezone_not_normalized_to_utc
536773,89064,2014,2014-08-05T21:41:00,2014-08-05T23:00:00,PST-8,1.3166666666666667,32,32007,C,007,ELKO,0,0,0,0,2000.00,0.00,Heavy Rain,0,"[[41.8521,-115.4074],[41.8506,-115.4486],[41.892,-115.4437],[41.892,-115.4042]]",0,1,county_code_unverified|timezone_not_normalized_to_utc
536883,86798,2014,2014-07-28T01:07:00,2014-07-28T03:36:00,EST-5,2.4833333333333334,10,10003,C,003,NEW CASTLE,0,0,0,0,0.00,0.00,Heavy Rain,0,"[[39.6316,-75.7289],[39.6352,-75.715],[39.6294,-75.6967],[39.6378,-75.6978],[39.6463,-75.7338],[39.6424,-75.744]]",0,1,county_code_unverified|timezone_not_normalized_to_utc
536888,86801,2014,2014-07-28T01:11:00,2014-07-28T05:25:00,EST-5,4.233333333333333,42,42029,C,029,CHESTER,0,0,0,0,0.00,0.00,Heavy Rain,0,"[[40.0689,-75.8764],[40.0738,-75.8715],[40.0741,-75.8608],[40.0735,-75.8475],[40.0703,-75.8303],[40.0587,-75.8171],[40.0319,-75.8267]]",0,1,county_code_unverified|timezone_not_normalized_to_utc
536895,86433,2014,2014-07-15T02:05:00,2014-07-15T05:45:00,EST-5,3.6666666666666665,34,34029,C,029,OCEAN,0,0,0,0,0.00,0.00,Heavy Rain,0,"[[40.0637,-74.1245],[40.0604,-74.1335],[40.0784,-74.1593],[40.0934,-74.1547],[40.0958,-74.1517],[40.0909,-74.1486]]",0,1,county_code_unverified|timezone_not_normalized_to_utc
536903,86447,2014,2014-07-16T05:11:00,2014-07-17T03:10:00,EST-5,21.983333333333334,34,34035,C,035,SOMERSET,0,0,0,0,0.00,0.00,Heavy Rain,0,"[[40.4728,-74.5744],[40.4703,-74.5695],[40.4303,-74.6138],[40.4271,-74.618],[40.432,-74.6234],[40.4462,-74.6173]]",0,1,county_code_unverified|timezone_not_normalized_to_utc
536907,85914,2014,2014-07-10T23:50:00,2014-07-11T01:49:00,EST-5,1.9833333333333334,42,42029,C,029,CHESTER,0,0,0,0,0.00,0.00,Heavy Rain,0,"[[39.9646,-75.6516],[39.9583,-75.6632],[39.9759,-75.6891],[39.9938,-75.7094],[39.9956,-75.7028],[39.9988,-75.6895]]",0,1,county_code_unverified|timezone_not_normalized_to_utc
536914,88252,2014,2014-07-23T08:45:00,2014-07-23T10:30:00,EST-5,1.75,18,18063,C,063,HENDRICKS,0,0,0,0,500.00,500.00,Heavy Rain,0,"[[39.7271,-86.3806],[39.7223,-86.3805],[39.7226,-86.3811],[39.7271,-86.3811]]",0,1,county_code_unverified|timezone_not_normalized_to_utc
536935,89049,2014,2014-09-24T18:00:00,2014-09-24T22:00:00,CST-6,4.0,48,48303,C,303,LUBBOCK,0,0,0,0,250000.00,0.00,Heavy Rain,0,"[[33.7997,-101.7883],[33.7883,-101.9339],[33.4143,-101.9147],[33.4131,-101.7828]]",0,1,county_code_unverified|timezone_not_normalized_to_utc
536942,88251,2014,2014-07-29T17:55:00,2014-07-29T20:00:00,EST-5,2.0833333333333335,18,18057,C,057,HAMILTON,0,0,0,0,1000.00,0.00,Heavy Rain,0,"[[40.0431,-86.1141],[40.0426,-86.1141],[40.0426,-86.1171],[40.0431,-86.1171],[40.0433,-86.1151]]",0,1,county_code_unverified|timezone_not_normalized_to_utc
536978,89116,2014,2014-07-01T00:00:00,2014-07-17T15:45:00,CST-6,399.75,46,46013,C,013,BROWN,0,0,0,0,0.00,0.00,Heavy Rain,0,"[[45.93,-98.22],[45.61,-98.38],[45.54,-98.29],[45.25,-98.43],[45.25,-98.33],[45.53,-98.19],[45.65,-98.27],[45.93,-98.13]]",0,1,county_code_unverified|timezone_not_normalized_to_utc
537354,89173,2014,2014-07-21T14:49:00,2014-07-21T16:35:00,AST-4,1.7666666666666666,99,,C,097,MAYAGUEZ,0,0,0,0,0.00,0.00,Heavy Rain,0,"[[18.2417,-67.1698],[18.2389,-67.1681],[18.2415,-67.1624],[18.2444,-67.1653],[18.2449,-67.1683]]",0,1,requires_crosswalk_or_marine_review|timezone_not_normalized_to_utc
537718,88413,2014,2014-09-08T12:00:00,2014-09-10T05:00:00,MST-7,41.0,04,04013,C,013,MARICOPA,0,0,0,0,5000000.00,0.00,Heavy Rain,0,"[[33.3944,-111.8081],[33.3862,-111.808],[33.3865,-111.7928],[33.3948,-111.7927]]",0,1,county_code_unverified|timezone_not_normalized_to_utc
537903,89285,2014,2014-07-04T08:00:00,2014-07-04T23:00:00,AKST-9,15.0,02,02018,C,018,TAIYA INLET,0,0,0,0,0.00,0.00,Heavy Rain / Snow Melt,0,"[[59.4619,-135.3282],[59.6894,-135.2331],[59.6984,-135.2585],[59.607,-135.3591],[59.4833,-135.3699]]",0,1,county_code_unverified|timezone_not_normalized_to_utc
538086,89301,2014,2014-07-13T14:00:00,2014-07-14T04:00:00,AKST-9,14.0,02,02018,C,018,TAIYA INLET,0,0,0,0,0.00,0.00,Heavy Rain / Snow Melt,0,"[[59.5887,-135.3708],[59.4849,-135.3735],[59.4675,-135.3268],[59.6609,-135.2252],[59.6997,-135.2651]]",0,1,county_code_unverified|timezone_not_normalized_to_utc
538164,89351,2014,2014-07-11T08:00:00,2014-07-11T20:00:00,AKST-9,12.0,02,02025,C,025,JUNEAU BOROUGH,0,0,0,0,311000.00,0.00,Dam / Levee Break,0,"[[58.4357,-134.566],[58.4308,-134.5343],[58.4162,-134.5401],[58.414,-134.5642],[58.3575,-134.5993],[58.3594,-134.6074],[58.4233,-134.5963]]",0,1,county_code_unverified|timezone_not_normalized_to_utc
538238,89370,2014,2014-08-25T20:00:00,2014-08-25T22:00:00,MST-7,2.0,08,08087,C,087,MORGAN,0,0,0,0,25000.00,25000.00,Heavy Rain,0,"[[40.09,-104.15],[40.09,-104.1],[40.0,-104.1],[40.0,-104.15]]",0,1,county_code_unverified|timezone_not_normalized_to_utc
538241,89370,2014,2014-08-25T20:00:00,2014-08-25T22:00:00,MST-7,2.0,08,08123,C,123,WELD,0,0,0,0,25000.00,25000.00,Heavy Rain,0,"[[40.07,-104.4],[40.07,-104.15],[40.0,-104.15],[40.0,-104.4]]",0,1,county_code_unverified|timezone_not_normalized_to_utc
538426,89400,2014,2014-07-01T06:35:00,2014-07-01T10:35:00,CST-6,4.0,20,20033,C,033,COMANCHE,0,0,0,0,0.00,0.00,Heavy Rain,0,"[[37.35,-99.21],[37.3505,-99.2241],[37.3449,-99.2217],[37.3464,-99.2159]]",0,1,county_code_unverified|timezone_not_normalized_to_utc
538427,89400,2014,2014-07-01T09:45:00,2014-07-01T15:45:00,CST-6,6.0,20,20033,C,033,COMANCHE,0,0,0,0,0.00,0.00,Heavy Rain,0,"[[37.35,-99.21],[37.3585,-99.2804],[37.3331,-99.2416],[37.3344,-99.2148]]",0,1,county_code_unverified|timezone_not_normalized_to_utc
538434,89401,2014,2014-07-10T04:25:00,2014-07-10T08:25:00,CST-6,4.0,20,20051,C,051,ELLIS,0,0,0,0,0.00,0.00,Heavy Rain,0,"[[38.96,-99.22],[38.9546,-99.2189],[38.9567,-99.214],[38.9601,-99.2139]]",0,1,county_code_unverified|timezone_not_normalized_to_utc
538435,89401,2014,2014-07-09T23:45:00,2014-07-10T01:00:00,CST-6,1.25,20,20051,C,051,ELLIS,0,0,0,0,0.00,0.00,Heavy Rain,0,"[[38.76,-99.48],[38.7975,-99.4936],[38.7838,-99.4565],[38.7621,-99.4616]]",0,1,county_code_unverified|timezone_not_normalized_to_utc
538456,88847,2014,2014-09-18T07:40:00,2014-09-18T11:30:00,CST-6,3.8333333333333335,48,48017,C,017,BAILEY,0,0,0,0,0.00,0.00,Heavy Rain,0,"[[34.1933,-102.7434],[34.2473,-102.7428],[34.2459,-102.7084],[34.2044,-102.7112]]",0,1,county_code_unverified|timezone_not_normalized_to_utc
538477,88847,2014,2014-09-18T06:30:00,2014-09-18T07:30:00,CST-6,1.0,48,48369,C,369,PARMER,0,0,0,0,0.00,0.00,Heavy Rain,0,"[[34.4222,-102.9802],[34.4181,-102.9809],[34.4179,-102.9865],[34.4221,-102.9873]]",0,1,county_code_unverified|timezone_not_normalized_to_utc
538494,88847,2014,2014-09-18T06:30:00,2014-09-18T11:30:00,CST-6,5.0,48,48279,C,279,LAMB,0,0,0,0,0.00,0.00,Heavy Rain,0,"[[34.0932,-102.13],[34.0117,-102.4667],[33.9818,-102.4204],[34.0549,-102.1179]]",0,1,county_code_unverified|timezone_not_normalized_to_utc
538495,88847,2014,2014-09-18T06:30:00,2014-09-18T11:30:00,CST-6,5.0,48,48189,C,189,HALE,0,0,0,0,0.00,0.00,Heavy Rain,0,"[[34.1465,-101.7268],[34.0787,-101.8601],[34.0498,-101.8343],[34.1391,-101.7173]]",0,1,county_code_unverified|timezone_not_normalized_to_utc
538497,88847,2014,2014-09-20T07:45:00,2014-09-20T11:30:00,CST-6,3.75,48,48445,C,445,TERRY,0,0,0,0,100000.00,0.00,Heavy Rain,0,"[[33.2082,-102.281],[33.1629,-102.3143],[33.1105,-102.2642],[33.1939,-102.1742]]",0,1,county_code_unverified|timezone_not_normalized_to_utc
538498,88847,2014,2014-09-21T12:45:00,2014-09-21T15:00:00,CST-6,2.25,48,48445,C,445,TERRY,0,0,0,0,0.00,0.00,Heavy Rain,0,"[[33.2077,-102.2855],[33.1603,-102.2982],[33.1623,-102.2396],[33.2037,-102.2516]]",0,1,county_code_unverified|timezone_not_normalized_to_utc
538499,88847,2014,2014-09-21T12:45:00,2014-09-21T14:30:00,CST-6,1.75,48,48305,C,305,LYNN,0,0,0,0,0.00,0.00,Heavy Rain,0,"[[33.1858,-101.7307],[33.1904,-101.64],[33.1376,-101.6345],[33.1416,-101.7355]]",0,1,county_code_unverified|timezone_not_normalized_to_utc
538871,89472,2014,2014-08-20T05:41:00,2014-08-20T10:00:00,MST-7,4.316666666666666,04,04015,C,015,MOHAVE,0,0,0,0,10000.00,0.00,Heavy Rain,0,"[[34.7278,-114.4806],[34.7288,-114.4733],[34.7355,-114.4738],[34.7332,-114.4823]]",0,1,county_code_unverified|timezone_not_normalized_to_utc
538890,89481,2014,2014-08-24T15:01:00,2014-08-29T06:37:00,MST-7,111.6,30,30105,C,105,VALLEY,0,0,0,0,0.00,0.00,Heavy Rain,0,"[[48.422,-107.1739],[48.4215,-107.1661],[48.4178,-107.1663],[48.4183,-107.1735]]",0,1,county_code_unverified|timezone_not_normalized_to_utc
538893,89481,2014,2014-08-24T19:00:00,2014-08-27T04:00:00,MST-7,57.0,30,30033,C,033,GARFIELD,0,0,0,0,0.00,0.00,Heavy Rain,0,"[[46.9955,-107.8918],[46.9955,-107.8856],[46.9929,-107.8864],[46.993,-107.8916]]",0,1,county_code_unverified|timezone_not_normalized_to_utc
538914,86929,2014,2014-08-02T17:20:00,2014-08-02T20:00:00,AST-4,2.6666666666666665,99,,C,097,MAYAGUEZ,0,0,0,0,0.00,0.00,Heavy Rain,0,"[[18.2082,-67.1495],[18.2084,-67.1509],[18.2089,-67.1509],[18.2088,-67.1495]]",0,1,requires_crosswalk_or_marine_review|timezone_not_normalized_to_utc
538935,89474,2014,2014-08-19T06:00:00,2014-08-19T09:00:00,PST-8,3.0,32,32003,C,003,CLARK,0,0,0,0,1000.00,0.00,Heavy Rain,0,"[[36.6542,-114.6163],[36.6539,-114.602],[36.6488,-114.6067],[36.6533,-114.6193]]",0,1,county_code_unverified|timezone_not_normalized_to_utc
538936,89474,2014,2014-08-19T06:00:00,2014-08-19T09:00:00,PST-8,3.0,32,32003,C,003,CLARK,0,0,0,0,1000.00,0.00,Heavy Rain,0,"[[36.7353,-114.7298],[36.734,-114.7286],[36.7309,-114.7289],[36.7326,-114.7311]]",0,1,county_code_unverified|timezone_not_normalized_to_utc
539039,89416,2014,2014-07-10T14:34:00,2014-07-10T15:34:00,EST-5,1.0,51,51710,C,710,NORFOLK (C),0,0,0,0,0.00,0.00,Heavy Rain,0,"[[36.87,-76.3],[36.8676,-76.3013],[36.8673,-76.2978],[36.8697,-76.2972]]",0,1,county_code_unverified|timezone_not_normalized_to_utc
539041,89416,2014,2014-07-10T15:00:00,2014-07-10T16:00:00,EST-5,1.0,51,51093,C,093,ISLE OF WIGHT,0,0,0,0,0.00,0.00,Heavy Rain,0,"[[36.81,-76.74],[36.807,-76.7426],[36.8061,-76.7386],[36.8086,-76.738]]",0,1,county_code_unverified|timezone_not_normalized_to_utc
539042,89416,2014,2014-07-10T15:37:00,2014-07-10T16:37:00,EST-5,1.0,51,51740,C,740,PORTSMOUTH (C),0,0,0,0,0.00,0.00,Heavy Rain,0,"[[36.8404,-76.3142],[36.8361,-76.3139],[36.8362,-76.3113],[36.8401,-76.3116]]",0,1,county_code_unverified|timezone_not_normalized_to_utc
539326,86929,2014,2014-08-02T17:20:00,2014-08-02T20:00:00,AST-4,2.6666666666666665,99,,C,097,MAYAGUEZ,0,0,0,0,0.00,0.00,Heavy Rain,0,"[[18.1084,-67.173],[18.1043,-67.1732],[18.1047,-67.1685],[18.109,-67.1696]]",0,1,requires_crosswalk_or_marine_review|timezone_not_normalized_to_utc
539352,89550,2014,2014-08-03T17:00:00,2014-08-03T17:30:00,PST-8,0.5,06,06071,C,071,SAN BERNARDINO,0,0,0,0,0.00,0.00,Heavy Rain,0,"[[34.0457,-117.3055],[34.0558,-117.2797],[34.0352,-117.2709],[34.0333,-117.2943]]",0,1,county_code_unverified|timezone_not_normalized_to_utc
539358,87745,2014,2014-08-23T15:06:00,2014-08-23T20:15:00,AST-4,5.15,99,,C,113,PONCE,0,0,0,0,0.00,0.00,Heavy Rain,0,"[[18.1231,-66.5732],[18.1207,-66.5775],[18.1236,-66.5796],[18.1242,-66.5744]]",0,1,requires_crosswalk_or_marine_review|timezone_not_normalized_to_utc
539359,87745,2014,2014-08-23T15:06:00,2014-08-23T19:15:00,AST-4,4.15,99,,C,127,SAN JUAN,0,0,0,0,0.00,0.00,Heavy Rain,0,"[[18.4523,-66.0561],[18.4516,-66.0531],[18.4522,-66.0529],[18.4527,-66.0558]]",0,1,requires_crosswalk_or_marine_review|timezone_not_normalized_to_utc
539360,87745,2014,2014-08-23T16:18:00,2014-08-23T20:15:00,AST-4,3.95,99,,C,133,SANTA ISABEL,0,0,0,0,0.00,0.00,Heavy Rain,0,"[[17.9665,-66.399],[17.9698,-66.3973],[17.9687,-66.3957],[17.9666,-66.3961]]",0,1,requires_crosswalk_or_marine_review|timezone_not_normalized_to_utc
539377,89563,2014,2014-09-30T02:00:00,2014-09-30T13:00:00,MST-7,11.0,08,08125,C,125,YUMA,0,0,0,0,0.00,0.00,Heavy Rain,0,"[[40.3343,-102.5421],[40.3459,-102.6036],[40.3595,-102.7653],[40.3336,-102.7666],[40.326,-102.5428]]",0,1,county_code_unverified|timezone_not_normalized_to_utc
539388,89574,2014,2014-09-22T18:37:00,2014-09-22T20:37:00,CST-6,2.0,48,48389,C,389,REEVES,0,0,0,0,500.00,0.00,Heavy Rain,0,"[[31.4642,-103.5228],[31.4687,-103.5019],[31.4379,-103.4802],[31.4294,-103.5101]]",0,1,county_code_unverified|timezone_not_normalized_to_utc
539390,89575,2014,2014-09-02T09:45:00,2014-09-05T00:15:00,AKST-9,62.5,02,02222,C,222,MIDDLE TANANA VALLEY,0,0,0,0,0.00,0.00,Heavy Rain,0,"[[64.88,-147.33],[64.73,-147.06],[64.81,-146.65],[64.87,-146.11],[65.04,-146.36]]",0,1,county_code_unverified|timezone_not_normalized_to_utc
539391,89575,2014,2014-09-02T09:45:00,2014-09-04T01:00:00,AKST-9,39.25,02,02224,C,224,UPR TANANA VLY FORTYMILE,0,0,0,0,0.00,0.00,Heavy Rain,0,"[[64.95,-145.78],[65.04,-145.03],[65.07,-145.11],[65.04,-145.63]]",0,1,county_code_unverified|timezone_not_normalized_to_utc
539392,88519,2014,2014-08-27T21:00:00,2014-08-28T09:00:00,CST-6,12.0,20,20163,C,163,ROOKS,0,0,0,0,15000.00,0.00,Heavy Rain,0,"[[39.5674,-99.2643],[39.5628,-99.2637],[39.5591,-99.2853],[39.5668,-99.2851]]",0,1,county_code_unverified|timezone_not_normalized_to_utc
539485,89491,2014,2014-08-11T21:00:00,2014-08-13T00:00:00,EST-5,27.0,26,26163,C,163,WAYNE,0,0,0,0,0.00,0.00,Heavy Rain,0,"[[42.042,-83.2],[42.087,-83.541],[42.435,-83.552],[42.452,-82.87]]",0,1,county_code_unverified|timezone_not_normalized_to_utc
539486,89491,2014,2014-08-11T21:00:00,2014-08-13T00:00:00,EST-5,27.0,26,26099,C,099,MACOMB,0,0,0,0,0.00,0.00,Heavy Rain,0,"[[42.453,-82.871],[42.449,-83.0874],[42.802,-83.102],[42.813,-82.735]]",0,1,county_code_unverified|timezone_not_normalized_to_utc
539565,89481,2014,2014-08-24T21:50:00,2014-08-31T23:59:00,MST-7,170.15,30,30105,C,105,VALLEY,0,0,0,0,0.00,0.00,Heavy Rain,0,"[[48.1606,-106.5943],[48.1609,-106.5917],[48.1591,-106.591],[48.1588,-106.5938]]",0,1,county_code_unverified|timezone_not_normalized_to_utc
539566,89481,2014,2014-08-26T06:40:00,2014-08-31T09:50:00,MST-7,123.16666666666667,30,30105,C,105,VALLEY,0,0,0,0,0.00,0.00,Heavy Rain,0,"[[48.1326,-106.3734],[48.1305,-106.356],[48.1157,-106.368],[48.1176,-106.3897]]",0,1,county_code_unverified|timezone_not_normalized_to_utc
539567,89481,2014,2014-08-26T06:16:00,2014-08-31T23:59:00,MST-7,137.71666666666667,30,30105,C,105,VALLEY,0,0,0,0,0.00,0.00,Heavy Rain,0,"[[48.3092,-106.8343],[48.3138,-106.8105],[48.3032,-106.8003],[48.2986,-106.829]]",0,1,county_code_unverified|timezone_not_normalized_to_utc
539568,89602,2014,2014-09-03T06:12:00,2014-09-06T22:30:00,MST-7,88.3,30,30105,C,105,VALLEY,0,0,0,0,0.00,0.00,Heavy Rain,0,"[[48.4249,-107.177],[48.423,-107.1659],[48.4156,-107.1562],[48.415,-107.1754]]",0,1,county_code_unverified|timezone_not_normalized_to_utc
539569,89602,2014,2014-09-01T00:00:00,2014-09-03T11:35:00,MST-7,59.583333333333336,30,30105,C,105,VALLEY,0,0,0,0,0.00,0.00,Heavy Rain,0,"[[48.1612,-106.5959],[48.1619,-106.5888],[48.157,-106.5863],[48.1551,-106.597]]",0,1,county_code_unverified|timezone_not_normalized_to_utc
539570,89602,2014,2014-09-01T00:00:00,2014-09-01T00:30:00,MST-7,0.5,30,30105,C,105,VALLEY,0,0,0,0,0.00,0.00,Heavy Rain,0,"[[48.3115,-106.8226],[48.3081,-106.8094],[48.2982,-106.8206],[48.3078,-106.8328]]",0,1,county_code_unverified|timezone_not_normalized_to_utc
539580,89604,2014,2014-09-29T17:06:00,2014-09-29T19:06:00,EST-5,2.0,12,12035,C,035,FLAGLER,0,0,0,0,0.00,0.00,Heavy Rain,0,"[[29.53,-81.2],[29.5434,-81.2105],[29.544,-81.2118],[29.5289,-81.2031]]",0,1,county_code_unverified|timezone_not_normalized_to_utc
539582,89604,2014,2014-09-29T23:00:00,2014-09-29T23:00:00,EST-5,0.0,12,12035,C,035,FLAGLER,0,0,0,0,0.00,0.00,Heavy Rain,0,"[[29.3781,-81.4768],[29.3446,-81.4721],[29.3682,-81.3834],[29.4107,-81.3975]]",0,1,county_code_unverified|timezone_not_normalized_to_utc
539673,89558,2014,2014-08-21T17:00:00,2014-08-21T18:00:00,PST-8,1.0,06,06073,C,073,SAN DIEGO,0,0,0,0,0.00,0.00,Heavy Rain,0,"[[33.3485,-116.7257],[33.3591,-116.7412],[33.3565,-116.749],[33.3458,-116.7334]]",0,1,county_code_unverified|timezone_not_normalized_to_utc
539765,89429,2014,2014-09-28T12:00:00,2014-09-30T23:59:00,EST-5,59.983333333333334,12,12057,C,057,HILLSBOROUGH,0,0,0,0,30000.00,0.00,Heavy Rain,0,"[[27.6753,-82.3868],[27.6655,-82.3949],[27.6646,-82.3897],[27.6737,-82.3849]]",0,1,county_code_unverified|timezone_not_normalized_to_utc
539767,89651,2014,2014-10-01T00:00:00,2014-10-03T12:00:00,EST-5,60.0,12,12057,C,057,HILLSBOROUGH,0,0,0,0,0.00,0.00,Heavy Rain,0,"[[27.6744,-82.39],[27.6655,-82.3945],[27.6635,-82.3905],[27.6735,-82.3861]]",0,1,county_code_unverified|timezone_not_normalized_to_utc
539790,89657,2014,2014-07-16T06:00:00,2014-07-16T19:00:00,AKST-9,13.0,02,02025,C,025,JUNEAU BOROUGH,0,0,0,0,0.00,0.00,Dam / Levee Break,0,"[[58.4887,-133.9151],[58.3153,-133.9632],[58.1826,-134.0497],[58.2231,-134.1705],[58.4997,-134.0497],[58.5869,-133.6672],[58.5618,-133.6253],[58.5174,-133.7311]]",0,1,county_code_unverified|timezone_not_normalized_to_utc
539816,89671,2014,2014-09-02T16:15:00,2014-09-02T17:30:00,EST-5,1.25,42,42121,C,121,VENANGO,0,0,0,0,3000.00,0.00,Heavy Rain,0,"[[41.44,-79.67],[41.4385,-79.666],[41.4366,-79.6675],[41.4377,-79.6705]]",0,1,county_code_unverified|timezone_not_normalized_to_utc
539931,89491,2014,2014-08-11T21:00:00,2014-08-13T00:00:00,EST-5,27.0,26,26125,C,125,OAKLAND,0,0,0,0,0.00,0.00,Heavy Rain,0,"[[42.45,-83.08],[42.44,-83.39],[42.8,-83.1],[42.61,-83.09]]",0,1,county_code_unverified|timezone_not_normalized_to_utc
539945,89686,2014,2014-08-31T20:44:00,2014-08-31T22:00:00,EST-5,1.2666666666666666,25,25017,C,017,MIDDLESEX,0,0,0,0,0.00,0.00,Heavy Rain,0,"[[42.4881,-71.2196],[42.541,-71.0901],[42.5147,-71.0671],[42.4711,-71.2051]]",0,1,county_code_unverified|timezone_not_normalized_to_utc
540068,89714,2014,2014-08-12T11:45:00,2014-08-12T13:45:00,EST-5,2.0,51,51059,C,059,FAIRFAX,0,0,0,0,0.00,0.00,Heavy Rain,0,"[[38.8477,-77.2345],[38.8476,-77.2387],[38.8456,-77.2387],[38.8456,-77.2356]]",0,1,county_code_unverified|timezone_not_normalized_to_utc
540069,89714,2014,2014-08-12T11:45:00,2014-08-12T13:45:00,EST-5,2.0,51,51059,C,059,FAIRFAX,0,0,0,0,0.00,0.00,Heavy Rain,0,"[[38.8874,-77.34],[38.887,-77.3438],[38.8849,-77.3433],[38.8853,-77.34]]",0,1,county_code_unverified|timezone_not_normalized_to_utc
540070,89714,2014,2014-08-12T13:28:00,2014-08-12T15:28:00,EST-5,2.0,51,51059,C,059,FAIRFAX,0,0,0,0,0.00,0.00,Heavy Rain,0,"[[38.8148,-77.2259],[38.8153,-77.2317],[38.8123,-77.2305],[38.8124,-77.2263]]",0,1,county_code_unverified|timezone_not_normalized_to_utc
540071,89714,2014,2014-08-12T13:49:00,2014-08-12T15:49:00,EST-5,2.0,51,51059,C,059,FAIRFAX,0,0,0,0,0.00,0.00,Heavy Rain,0,"[[38.8012,-77.0648],[38.8006,-77.0736],[38.7962,-77.0733],[38.796,-77.0678]]",0,1,county_code_unverified|timezone_not_normalized_to_utc
540072,89714,2014,2014-08-12T14:03:00,2014-08-12T16:03:00,EST-5,2.0,51,51059,C,059,FAIRFAX,0,0,0,0,0.00,0.00,Heavy Rain,0,"[[38.7795,-77.053],[38.7794,-77.0614],[38.7747,-77.0613],[38.775,-77.0544]]",0,1,county_code_unverified|timezone_not_normalized_to_utc
540073,89712,2014,2014-08-12T12:40:00,2014-08-12T12:40:00,EST-5,0.0,24,24027,C,027,HOWARD,0,0,0,0,0.00,0.00,Heavy Rain,0,"[[39.1363,-76.8131],[39.136,-76.8179],[39.1337,-76.8175],[39.134,-76.8142]]",0,1,county_code_unverified|timezone_not_normalized_to_utc
540074,89712,2014,2014-08-12T18:00:00,2014-08-12T20:00:00,EST-5,2.0,24,24033,C,033,PRINCE GEORGE'S,0,0,0,0,0.00,0.00,Heavy Rain,0,"[[38.7083,-76.9634],[38.7073,-76.9676],[38.7053,-76.9676],[38.7055,-76.9635]]",0,1,county_code_unverified|timezone_not_normalized_to_utc
540075,89712,2014,2014-08-12T18:23:00,2014-08-12T20:23:00,EST-5,2.0,24,24033,C,033,PRINCE GEORGE'S,0,0,0,0,0.00,0.00,Heavy Rain,0,"[[38.7053,-76.9621],[38.7045,-76.966],[38.7024,-76.9656],[38.7029,-76.9624]]",0,1,county_code_unverified|timezone_not_normalized_to_utc
540076,89712,2014,2014-08-12T23:22:00,2014-08-13T11:00:00,EST-5,11.633333333333333,24,24033,C,033,PRINCE GEORGE'S,0,0,0,0,0.00,0.00,Heavy Rain,0,"[[38.8215,-76.7493],[38.8197,-76.7581],[38.8164,-76.7584],[38.8168,-76.7525]]",0,1,county_code_unverified|timezone_not_normalized_to_utc
540077,89715,2014,2014-08-18T22:00:00,2014-08-19T00:00:00,EST-5,2.0,51,51179,C,179,STAFFORD,0,0,0,0,0.00,0.00,Heavy Rain,0,"[[38.392,-77.3671],[38.392,-77.3866],[38.3839,-77.3856],[38.3845,-77.3707]]",0,1,county_code_unverified|timezone_not_normalized_to_utc
540122,88428,2014,2014-09-07T20:00:00,2014-09-08T02:00:00,EST-5,6.0,37,37189,C,189,WATAUGA,0,0,0,0,0.00,0.00,Heavy Rain,0,"[[36.2151,-81.644],[36.2133,-81.6586],[36.2012,-81.6736],[36.1864,-81.6434],[36.2011,-81.6349]]",0,1,county_code_unverified|timezone_not_normalized_to_utc
540130,88428,2014,2014-09-07T19:30:00,2014-09-08T02:30:00,EST-5,7.0,37,37189,C,189,WATAUGA,0,0,0,0,0.00,0.00,Heavy Rain,0,"[[36.1488,-81.6405],[36.1543,-81.6454],[36.1531,-81.6469],[36.1481,-81.6458],[36.1468,-81.6406]]",0,1,county_code_unverified|timezone_not_normalized_to_utc
540289,89769,2014,2014-09-20T14:52:00,2014-09-20T15:50:00,CST-6,0.9666666666666667,48,48033,C,033,BORDEN,0,0,0,0,1000.00,0.00,Heavy Rain,0,"[[32.5667,-101.1734],[32.5939,-101.1717],[32.6098,-101.2167],[32.5866,-101.2287]]",0,1,county_code_unverified|timezone_not_normalized_to_utc
540310,89775,2014,2014-08-01T15:55:00,2014-08-01T19:00:00,CST-6,3.0833333333333335,17,17043,C,043,DU PAGE,0,0,0,0,0.00,0.00,Heavy Rain,0,"[[41.78,-88.1549],[41.7803,-88.1467],[41.7686,-88.1478],[41.7698,-88.1564]]",0,1,county_code_unverified|timezone_not_normalized_to_utc
540316,89775,2014,2014-08-01T18:28:00,2014-08-02T12:30:00,CST-6,18.033333333333335,17,17201,C,201,WINNEBAGO,0,0,0,0,0.00,0.00,Heavy Rain,0,"[[42.27,-89.06],[42.2575,-89.0734],[42.2659,-89.1208],[42.285,-89.1053]]",0,1,county_code_unverified|timezone_not_normalized_to_utc
540318,89776,2014,2014-08-04T18:07:00,2014-08-04T22:30:00,CST-6,4.383333333333334,17,17031,C,031,COOK,0,0,0,0,0.00,0.00,Heavy Rain,0,"[[41.81,-87.87],[41.8156,-87.8752],[41.8179,-87.8633],[41.8121,-87.8624]]",0,1,county_code_unverified|timezone_not_normalized_to_utc
540330,89776,2014,2014-08-04T19:58:00,2014-08-04T23:00:00,CST-6,3.033333333333333,17,17103,C,103,LEE,0,0,0,0,0.00,0.00,Heavy Rain,0,"[[41.8469,-89.4873],[41.8477,-89.4842],[41.8474,-89.484],[41.8466,-89.4871]]",0,1,county_code_unverified|timezone_not_normalized_to_utc
540338,89780,2014,2014-08-21T17:00:00,2014-08-21T19:00:00,CST-6,2.0,18,18089,C,089,LAKE,0,0,0,0,0.00,0.00,Heavy Rain,0,"[[41.42,-87.36],[41.4131,-87.36],[41.4131,-87.3703],[41.42,-87.3703]]",0,1,county_code_unverified|timezone_not_normalized_to_utc
540347,89779,2014,2014-08-22T04:02:00,2014-08-22T10:00:00,CST-6,5.966666666666667,17,17105,C,105,LIVINGSTON,0,0,0,0,0.00,0.00,Heavy Rain,0,"[[41.1,-88.42],[41.08,-88.42],[41.08,-88.44],[41.1,-88.44]]",0,1,county_code_unverified|timezone_not_normalized_to_utc
540414,89821,2014,2014-09-04T16:20:00,2014-09-04T17:50:00,CST-6,1.5,55,55019,C,019,CLARK,0,0,0,0,0.00,0.00,Heavy Rain,0,"[[44.9564,-90.3176],[44.9374,-90.3171],[44.9438,-90.3373],[44.9563,-90.3371]]",0,1,county_code_unverified|timezone_not_normalized_to_utc
540416,89821,2014,2014-09-04T16:20:00,2014-09-04T17:50:00,CST-6,1.5,55,55019,C,019,CLARK,0,0,0,0,0.00,0.00,Heavy Rain,0,"[[44.8536,-90.3162],[44.8422,-90.3158],[44.8455,-90.3208],[44.8526,-90.321]]",0,1,county_code_unverified|timezone_not_normalized_to_utc
540528,89820,2014,2014-09-22T00:08:00,2014-09-22T00:45:00,MST-7,0.6166666666666667,35,35015,C,015,EDDY,0,0,0,0,1000.00,0.00,Heavy Rain,0,"[[32.3971,-104.2291],[32.3972,-104.2287],[32.399,-104.2287],[32.399,-104.2291]]",0,1,county_code_unverified|timezone_not_normalized_to_utc
540529,89820,2014,2014-09-22T00:26:00,2014-09-22T00:45:00,MST-7,0.31666666666666665,35,35015,C,015,EDDY,0,0,0,0,300000.00,0.00,Heavy Rain,0,"[[32.4139,-104.2223],[32.4139,-104.2228],[32.4123,-104.2226],[32.4124,-104.2221]]",0,1,county_code_unverified|timezone_not_normalized_to_utc
540637,89890,2014,2014-08-03T07:13:00,2014-08-03T09:00:00,EST-5,1.7833333333333334,37,37047,C,047,COLUMBUS,0,0,0,0,0.00,0.00,Heavy Rain,0,"[[34.413,-78.753],[34.4128,-78.7512],[34.4112,-78.7521],[34.4121,-78.7545]]",0,1,county_code_unverified|timezone_not_normalized_to_utc
540638,89890,2014,2014-08-03T07:08:00,2014-08-03T09:00:00,EST-5,1.8666666666666667,37,37017,C,017,BLADEN,0,0,0,0,0.00,0.00,Heavy Rain,0,"[[34.61,-78.48],[34.6058,-78.4762],[34.6056,-78.4788],[34.6096,-78.4823]]",0,1,county_code_unverified|timezone_not_normalized_to_utc
540639,89890,2014,2014-08-03T09:50:00,2014-08-03T12:00:00,EST-5,2.1666666666666665,37,37047,C,047,COLUMBUS,0,0,0,0,2000.00,0.00,Heavy Rain,0,"[[34.32,-78.83],[34.3201,-78.8278],[34.3193,-78.8279],[34.3194,-78.8303]]",0,1,county_code_unverified|timezone_not_normalized_to_utc
540640,89890,2014,2014-08-03T10:00:00,2014-08-03T12:00:00,EST-5,2.0,37,37017,C,017,BLADEN,0,0,0,0,5000.00,0.00,Heavy Rain,0,"[[34.49,-78.65],[34.492,-78.654],[34.4889,-78.6563],[34.4877,-78.6527]]",0,1,county_code_unverified|timezone_not_normalized_to_utc
540641,89891,2014,2014-08-03T08:24:00,2014-08-03T11:30:00,EST-5,3.1,45,45051,C,051,HORRY,0,0,0,0,0.00,0.00,Heavy Rain,0,"[[34.1809,-79.0],[34.1839,-79.0028],[34.1833,-79.0035],[34.1804,-79.0002]]",0,1,county_code_unverified|timezone_not_normalized_to_utc
540642,89891,2014,2014-08-03T08:03:00,2014-08-03T10:00:00,EST-5,1.95,45,45051,C,051,HORRY,0,0,0,0,0.00,0.00,Heavy Rain,0,"[[34.2052,-79.0628],[34.2033,-79.0619],[34.2033,-79.0632],[34.2054,-79.0635]]",0,1,county_code_unverified|timezone_not_normalized_to_utc
540643,89891,2014,2014-08-03T10:15:00,2014-08-03T12:30:00,EST-5,2.25,45,45051,C,051,HORRY,0,0,0,0,0.00,0.00,Heavy Rain,0,"[[34.0288,-79.1962],[34.0292,-79.1976],[34.0307,-79.1968],[34.0302,-79.1953]]",0,1,county_code_unverified|timezone_not_normalized_to_utc
540645,89891,2014,2014-08-03T11:10:00,2014-08-03T13:30:00,EST-5,2.3333333333333335,45,45051,C,051,HORRY,0,0,0,0,0.00,0.00,Heavy Rain,0,"[[34.0028,-79.1997],[34.0025,-79.1998],[34.0026,-79.201],[34.003,-79.2009]]",0,1,county_code_unverified|timezone_not_normalized_to_utc
540646,89892,2014,2014-08-09T15:21:00,2014-08-09T18:30:00,EST-5,3.15,37,37141,C,141,PENDER,0,0,0,0,0.00,0.00,Heavy Rain,0,"[[34.3921,-77.6533],[34.3937,-77.6504],[34.3962,-77.6529],[34.3952,-77.6545]]",0,1,county_code_unverified|timezone_not_normalized_to_utc
540647,89892,2014,2014-08-09T13:27:00,2014-08-09T16:00:00,EST-5,2.55,37,37141,C,141,PENDER,0,0,0,0,0.00,0.00,Heavy Rain,0,"[[34.3976,-77.7078],[34.4054,-77.7104],[34.4044,-77.7125],[34.3979,-77.7109]]",0,1,county_code_unverified|timezone_not_normalized_to_utc
540648,89892,2014,2014-08-09T14:15:00,2014-08-09T17:00:00,EST-5,2.75,37,37141,C,141,PENDER,0,0,0,0,0.00,0.00,Heavy Rain,0,"[[34.4003,-77.6698],[34.3995,-77.669],[34.3986,-77.6707],[34.3994,-77.6715]]",0,1,county_code_unverified|timezone_not_normalized_to_utc
540649,89892,2014,2014-08-09T14:26:00,2014-08-09T17:00:00,EST-5,2.566666666666667,37,37141,C,141,PENDER,0,0,0,0,0.00,0.00,Heavy Rain,0,"[[34.41,-77.66],[34.4085,-77.6558],[34.4069,-77.6593],[34.4076,-77.6615]]",0,1,county_code_unverified|timezone_not_normalized_to_utc
540651,89892,2014,2014-08-09T15:15:00,2014-08-09T17:30:00,EST-5,2.25,37,37017,C,017,BLADEN,0,0,0,0,0.00,0.00,Heavy Rain,0,"[[34.37,-78.41],[34.3741,-78.4051],[34.3749,-78.4118],[34.3724,-78.4123]]",0,1,county_code_unverified|timezone_not_normalized_to_utc
540652,89892,2014,2014-08-09T15:33:00,2014-08-09T18:00:00,EST-5,2.45,37,37141,C,141,PENDER,0,0,0,0,0.00,0.00,Heavy Rain,0,"[[34.368,-77.7115],[34.3673,-77.7096],[34.3644,-77.7114],[34.3658,-77.714]]",0,1,county_code_unverified|timezone_not_normalized_to_utc
540653,89892,2014,2014-08-09T16:03:00,2014-08-09T19:00:00,EST-5,2.95,37,37141,C,141,PENDER,0,0,0,0,0.00,0.00,Heavy Rain,0,"[[34.3896,-77.6803],[34.3874,-77.6779],[34.387,-77.679],[34.3888,-77.6813]]",0,1,county_code_unverified|timezone_not_normalized_to_utc
540656,89892,2014,2014-08-09T16:00:00,2014-08-09T19:00:00,EST-5,3.0,37,37141,C,141,PENDER,0,0,0,0,20000.00,0.00,Heavy Rain,0,"[[34.3976,-77.6776],[34.3967,-77.6745],[34.3948,-77.6775],[34.3968,-77.6795]]",0,1,county_code_unverified|timezone_not_normalized_to_utc
540669,87304,2014,2014-08-12T20:00:00,2014-08-12T23:00:00,EST-5,3.0,10,10003,C,003,NEW CASTLE,0,0,0,0,0.00,0.00,Heavy Rain,0,"[[39.8359,-75.5988],[39.8221,-75.596],[39.6784,-75.6498],[39.6762,-75.6576],[39.8212,-75.6492]]",0,1,county_code_unverified|timezone_not_normalized_to_utc
540851,89950,2014,2014-08-06T21:07:00,2014-08-07T03:07:00,CST-6,6.0,20,20103,C,103,LEAVENWORTH,0,0,0,0,0.00,0.00,Heavy Rain,0,"[[39.261,-94.9961],[39.2594,-95.0027],[39.2609,-95.0033],[39.2627,-94.9966]]",0,1,county_code_unverified|timezone_not_normalized_to_utc
540854,89819,2014,2014-09-21T11:00:00,2014-09-21T17:10:00,CST-6,6.166666666666667,48,48389,C,389,REEVES,0,0,0,0,500000.00,0.00,Heavy Rain,0,"[[31.4362,-103.4989],[31.4453,-103.4744],[31.4267,-103.4471],[31.4018,-103.4833]]",0,1,county_code_unverified|timezone_not_normalized_to_utc
540855,89820,2014,2014-09-21T12:01:00,2014-09-21T16:00:00,MST-7,3.9833333333333334,35,35025,C,025,LEA,0,0,0,0,1000.00,0.00,Heavy Rain,0,"[[32.531,-103.5132],[32.4806,-103.2914],[32.4511,-103.2935],[32.4818,-103.5201]]",0,1,county_code_unverified|timezone_not_normalized_to_utc
540857,89574,2014,2014-09-21T23:11:00,2014-09-22T18:00:00,CST-6,18.816666666666666,48,48389,C,389,REEVES,0,0,0,0,500000.00,0.00,Heavy Rain,0,"[[31.8161,-103.9581],[31.3528,-103.5324],[31.4372,-103.266],[31.942,-103.7302]]",0,1,county_code_unverified|timezone_not_normalized_to_utc
540893,89683,2014,2014-10-10T10:00:00,2014-10-10T12:00:00,CST-6,2.0,29,29091,C,091,HOWELL,0,0,0,0,0.00,0.00,Heavy Rain,0,"[[36.7324,-91.8343],[36.7257,-91.827],[36.7248,-91.8293],[36.7305,-91.8374]]",0,1,county_code_unverified|timezone_not_normalized_to_utc
540894,89683,2014,2014-10-13T06:44:00,2014-10-13T07:44:00,CST-6,1.0,29,29009,C,009,BARRY,0,0,0,0,0.00,0.00,Heavy Rain,0,"[[36.82,-93.79],[36.8234,-93.7954],[36.8215,-93.7971],[36.8175,-93.7882]]",0,1,county_code_unverified|timezone_not_normalized_to_utc
540895,89683,2014,2014-10-13T07:25:00,2014-10-13T08:25:00,CST-6,1.0,29,29009,C,009,BARRY,0,0,0,0,0.00,0.00,Heavy Rain,0,"[[36.77,-93.81],[36.7743,-93.8135],[36.7751,-93.8117],[36.7713,-93.809]]",0,1,county_code_unverified|timezone_not_normalized_to_utc
540896,89683,2014,2014-10-13T09:49:00,2014-10-13T10:49:00,CST-6,1.0,29,29119,C,119,MCDONALD,0,0,0,0,0.00,0.00,Heavy Rain,0,"[[36.65,-94.12],[36.6386,-94.1244],[36.6394,-94.1225],[36.6485,-94.1178]]",0,1,county_code_unverified|timezone_not_normalized_to_utc
540897,89683,2014,2014-10-13T11:43:00,2014-10-13T12:43:00,CST-6,1.0,29,29091,C,091,HOWELL,0,0,0,0,0.00,0.00,Heavy Rain,0,"[[36.52,-92.01],[36.5183,-92.0101],[36.52,-92.0136],[36.5226,-92.0111]]",0,1,county_code_unverified|timezone_not_normalized_to_utc
541007,89652,2014,2014-09-27T15:00:00,2014-09-27T20:30:00,MST-7,5.5,04,04013,C,013,MARICOPA,0,0,0,0,50000.00,0.00,Heavy Rain,0,"[[33.42,-112.4],[33.4183,-112.2954],[33.4942,-112.2978],[33.5048,-112.3984]]",0,1,county_code_unverified|timezone_not_normalized_to_utc
541011,89652,2014,2014-09-27T19:30:00,2014-09-27T22:30:00,MST-7,3.0,04,04021,C,021,PINAL,0,0,0,0,0.00,0.00,Heavy Rain,0,"[[33.43,-111.52],[33.4383,-111.5044],[33.4469,-111.5186],[33.4388,-111.5305]]",0,1,county_code_unverified|timezone_not_normalized_to_utc
541031,90012,2014,2014-09-06T15:30:00,2014-09-06T17:30:00,AST-4,2.0,99,,C,003,AGUADA,0,0,0,0,0.00,0.00,Heavy Rain,0,"[[18.3614,-67.1692],[18.3593,-67.1681],[18.3593,-67.1698],[18.3617,-67.1709]]",0,1,requires_crosswalk_or_marine_review|timezone_not_normalized_to_utc
541038,90015,2014,2014-09-24T15:00:00,2014-09-25T22:00:00,CST-6,31.0,48,48495,C,495,WINKLER,0,0,0,0,500.00,0.00,Heavy Rain,0,"[[31.6565,-103.6382],[31.6495,-103.6261],[31.6705,-103.6031],[31.6816,-103.6268]]",0,1,county_code_unverified|timezone_not_normalized_to_utc
541040,90016,2014,2014-09-23T06:32:00,2014-09-23T07:40:00,CST-6,1.1333333333333333,48,48389,C,389,REEVES,0,0,0,0,300.00,0.00,Heavy Rain,0,"[[31.4349,-103.4758],[31.4578,-103.3933],[31.4569,-103.393],[31.4335,-103.475]]",0,1,county_code_unverified|timezone_not_normalized_to_utc
541042,90016,2014,2014-09-23T06:45:00,2014-09-23T08:00:00,CST-6,1.25,48,48109,C,109,CULBERSON,0,0,0,0,200.00,0.00,Heavy Rain,0,"[[31.8677,-104.5267],[31.859,-104.5138],[31.8654,-104.4716],[31.8849,-104.4848]]",0,1,county_code_unverified|timezone_not_normalized_to_utc
541044,90017,2014,2014-09-25T12:00:00,2014-09-25T18:00:00,MST-7,6.0,35,35015,C,015,EDDY,0,0,0,0,500.00,0.00,Heavy Rain,0,"[[32.0492,-104.4223],[32.2236,-104.2795],[32.2438,-103.9101],[32.0794,-103.873]]",0,1,county_code_unverified|timezone_not_normalized_to_utc
541048,90016,2014,2014-09-23T05:02:00,2014-09-23T09:00:00,CST-6,3.966666666666667,48,48389,C,389,REEVES,0,0,0,0,500000.00,0.00,Heavy Rain,0,"[[31.8266,-103.9485],[31.8943,-103.8174],[31.4223,-103.3209],[31.3285,-103.5352]]",0,1,county_code_unverified|timezone_not_normalized_to_utc
541049,90018,2014,2014-09-26T12:00:00,2014-09-26T18:00:00,CST-6,6.0,48,48389,C,389,REEVES,0,0,0,0,500.00,0.00,Heavy Rain,0,"[[31.8554,-103.9252],[31.3964,-103.5159],[31.5141,-103.3374],[31.93,-103.7769]]",0,1,county_code_unverified|timezone_not_normalized_to_utc
541110,85009,2014,2014-04-07T00:00:00,2014-04-09T00:00:00,EST-5,48.0,18,18055,C,055,GREENE,0,0,1,0,100.00,500.00,Heavy Rain,1,"[[38.9467,-86.928],[38.9464,-86.9283],[38.945,-86.9257],[38.9454,-86.9253]]",0,1,county_code_unverified|timezone_not_normalized_to_utc
541128,87276,2014,2014-08-11T07:00:00,2014-08-11T07:00:00,CST-6,0.0,21,21227,C,227,WARREN,0,0,0,0,5000.00,0.00,Heavy Rain,0,"[[36.9892,-86.4281],[36.9903,-86.4278],[36.9902,-86.4274],[36.9892,-86.4274]]",0,1,county_code_unverified|timezone_not_normalized_to_utc
541146,90043,2014,2014-08-05T13:00:00,2014-08-05T19:00:00,MST-7,6.0,16,16039,C,039,ELMORE,0,0,0,0,0.00,0.00,Heavy Rain,0,"[[43.5,-115.58],[43.4624,-115.5741],[43.4494,-115.638],[43.4908,-115.638]]",0,1,county_code_unverified|timezone_not_normalized_to_utc
541153,87588,2014,2014-08-20T15:48:00,2014-08-20T15:48:00,CST-6,0.0,21,21227,C,227,WARREN,0,0,0,0,0.00,0.00,Heavy Rain,0,"[[36.9761,-86.4344],[36.9732,-86.4387],[36.9887,-86.4425],[36.9908,-86.4421]]",0,1,county_code_unverified|timezone_not_normalized_to_utc
541154,90044,2014,2014-08-05T06:00:00,2014-08-06T15:00:00,MST-7,33.0,16,16053,C,053,JEROME,0,0,0,0,0.00,8000000.00,Heavy Rain,0,"[[42.68,-114.48],[42.742,-114.4824],[42.7475,-114.54],[42.6935,-114.5167]]",0,1,county_code_unverified|timezone_not_normalized_to_utc
541159,90044,2014,2014-08-06T06:00:00,2014-08-06T16:30:00,MST-7,10.5,16,16015,C,015,BOISE,0,0,0,0,0.00,8000000.00,Heavy Rain,0,"[[43.8,-115.6],[43.7284,-115.5144],[43.6336,-115.6654],[43.7374,-115.7163]]",0,1,county_code_unverified|timezone_not_normalized_to_utc
541214,90059,2014,2014-08-01T19:00:00,2014-08-01T21:00:00,EST-5,2.0,36,36055,C,055,MONROE,0,0,0,0,15000.00,0.00,Heavy Rain,0,"[[43.2501,-77.6112],[43.258,-77.6057],[43.2647,-77.6276],[43.2586,-77.6335]]",0,1,county_code_unverified|timezone_not_normalized_to_utc
541216,90059,2014,2014-08-01T19:25:00,2014-08-01T21:30:00,EST-5,2.0833333333333335,36,36117,C,117,WAYNE,0,0,0,0,25000.00,0.00,Heavy Rain,0,"[[43.0458,-77.1099],[43.0449,-77.0967],[43.0375,-77.0967],[43.0387,-77.1136],[43.0451,-77.1138]]",0,1,county_code_unverified|timezone_not_normalized_to_utc
541217,90059,2014,2014-08-01T19:25:00,2014-08-01T21:30:00,EST-5,2.0833333333333335,36,36117,C,117,WAYNE,0,0,0,0,25000.00,0.00,Heavy Rain,0,"[[43.0458,-77.1099],[43.0449,-77.0967],[43.0375,-77.0967],[43.0387,-77.1136],[43.0451,-77.1138]]",0,1,county_code_unverified|timezone_not_normalized_to_utc
541249,90076,2014,2014-10-09T15:00:00,2014-10-09T18:00:00,MST-7,3.0,08,08041,C,041,EL PASO,0,0,0,0,0.00,0.00,Heavy Rain,0,"[[38.68,-104.7066],[38.68,-104.7065],[38.6781,-104.7057],[38.6781,-104.7058]]",0,1,county_code_unverified|timezone_not_normalized_to_utc
541283,90039,2014,2014-10-09T08:00:00,2014-10-09T11:45:00,MST-7,3.75,04,04021,C,021,PINAL,0,0,0,0,25000.00,0.00,Heavy Rain,0,"[[33.3259,-111.6568],[33.3288,-111.4501],[33.4292,-111.4391],[33.4314,-111.6554]]",0,1,county_code_unverified|timezone_not_normalized_to_utc
541377,90111,2014,2014-08-31T06:00:00,2014-08-31T23:59:00,CST-6,17.983333333333334,46,46013,C,013,BROWN,0,0,0,0,0.00,0.00,Heavy Rain,0,"[[45.93,-98.22],[45.61,-98.38],[45.54,-98.29],[45.5526,-98.2274],[45.6622,-98.1958],[45.93,-98.13]]",0,1,county_code_unverified|timezone_not_normalized_to_utc
541380,90112,2014,2014-08-24T12:15:00,2014-08-25T23:00:00,MST-7,34.75,46,46031,C,031,CORSON,0,0,0,0,0.00,0.00,Heavy Rain,0,"[[45.69,-100.86],[45.65,-100.84],[45.64,-100.72],[45.65,-100.7],[45.7,-100.77]]",0,1,county_code_unverified|timezone_not_normalized_to_utc
541412,89997,2014,2014-08-20T03:00:00,2014-08-20T06:00:00,MST-7,3.0,49,49035,C,035,SALT LAKE,0,0,0,0,125000.00,0.00,Heavy Rain,0,"[[40.6213,-111.9713],[40.6233,-111.8566],[40.6786,-111.858],[40.6739,-111.9713]]",0,1,county_code_unverified|timezone_not_normalized_to_utc
541519,90139,2014,2014-08-01T00:00:00,2014-08-01T08:00:00,CST-6,8.0,05,05147,C,147,WOODRUFF,0,0,0,0,0.00,0.00,Heavy Rain,0,"[[35.25,-91.23],[35.2835,-91.2296],[35.2832,-91.2463],[35.2524,-91.2535]]",0,1,county_code_unverified|timezone_not_normalized_to_utc
541520,90140,2014,2014-08-12T11:30:00,2014-08-17T14:00:00,CST-6,122.5,05,05147,C,147,WOODRUFF,0,0,0,0,0.00,5000.00,Heavy Rain,0,"[[35.25,-91.23],[35.2852,-91.2264],[35.2885,-91.247],[35.251,-91.2521]]",0,1,county_code_unverified|timezone_not_normalized_to_utc
541521,90141,2014,2014-09-03T14:00:00,2014-09-11T09:00:00,CST-6,187.0,05,05147,C,147,WOODRUFF,0,0,0,0,0.00,5000.00,Heavy Rain,0,"[[35.25,-91.23],[35.2846,-91.227],[35.2913,-91.2466],[35.256,-91.2542]]",0,1,county_code_unverified|timezone_not_normalized_to_utc
541522,90142,2014,2014-09-15T04:30:00,2014-09-23T19:00:00,CST-6,206.5,05,05147,C,147,WOODRUFF,0,0,0,0,0.00,5000.00,Heavy Rain,0,"[[35.25,-91.23],[35.2846,-91.2284],[35.2874,-91.248],[35.2529,-91.2579]]",0,1,county_code_unverified|timezone_not_normalized_to_utc
541538,89481,2014,2014-08-23T15:00:00,2014-08-27T15:00:00,MST-7,96.0,30,30069,C,069,PETROLEUM,0,0,0,0,515000.00,0.00,Heavy Rain,0,"[[47.2354,-108.6959],[47.521,-108.35],[47.468,-108.0645],[47.0,-107.9043],[46.7953,-108.0505],[46.8465,-108.5748]]",0,1,county_code_unverified|timezone_not_normalized_to_utc
541539,89481,2014,2014-08-24T05:00:00,2014-08-27T05:00:00,MST-7,72.0,30,30105,C,105,VALLEY,0,0,0,0,1120000.00,0.00,Heavy Rain,0,"[[47.7292,-107.3331],[48.3329,-107.1121],[48.3535,-106.3993],[48.0567,-106.4153],[47.7721,-106.8948]]",0,1,county_code_unverified|timezone_not_normalized_to_utc
541541,89835,2014,2014-08-28T23:00:00,2014-08-29T04:30:00,CST-6,5.5,17,17167,C,167,SANGAMON,0,0,0,0,0.00,0.00,Heavy Rain,0,"[[39.8537,-89.7092],[39.8405,-89.4804],[39.7675,-89.5059],[39.7573,-89.604],[39.7018,-89.5954],[39.7003,-89.6487],[39.752,-89.7371]]",0,1,county_code_unverified|timezone_not_normalized_to_utc
541580,90147,2014,2014-08-01T15:45:00,2014-08-01T17:00:00,EST-5,1.25,18,18157,C,157,TIPPECANOE,0,0,0,0,250.00,0.00,Heavy Rain,0,"[[40.4377,-86.9056],[40.4377,-86.9051],[40.4374,-86.9051],[40.4373,-86.9057]]",0,1,county_code_unverified|timezone_not_normalized_to_utc
541648,89451,2014,2014-08-12T21:00:00,2014-08-12T22:59:00,EST-5,1.9833333333333334,37,37101,C,101,JOHNSTON,0,0,0,0,5000.00,0.00,Heavy Rain,0,"[[35.5084,-78.3386],[35.5081,-78.3379],[35.5077,-78.3382],[35.5079,-78.3389]]",0,1,county_code_unverified|timezone_not_normalized_to_utc
541655,90149,2014,2014-08-21T19:37:00,2014-08-21T21:00:00,EST-5,1.3833333333333333,18,18015,C,015,CARROLL,0,0,0,0,500.00,0.00,Heavy Rain,0,"[[40.5864,-86.6729],[40.5866,-86.673],[40.587,-86.672],[40.5868,-86.6718]]",0,1,county_code_unverified|timezone_not_normalized_to_utc
541656,90149,2014,2014-08-21T21:19:00,2014-08-21T23:00:00,EST-5,1.6833333333333333,18,18011,C,011,BOONE,0,0,0,0,500.00,0.00,Heavy Rain,0,"[[40.1296,-86.611],[40.1294,-86.6111],[40.1294,-86.6096],[40.1295,-86.6096]]",0,1,county_code_unverified|timezone_not_normalized_to_utc
541657,90149,2014,2014-08-21T21:41:00,2014-08-21T23:30:00,EST-5,1.8166666666666667,18,18011,C,011,BOONE,0,0,0,0,1000.00,0.00,Heavy Rain,0,"[[40.0405,-86.4729],[40.0406,-86.4679],[40.0391,-86.4679],[40.0391,-86.4729]]",0,1,county_code_unverified|timezone_not_normalized_to_utc
541689,90168,2014,2014-08-23T16:12:00,2014-08-23T19:00:00,EST-5,2.8,18,18107,C,107,MONTGOMERY,0,0,0,0,1000.00,0.00,Heavy Rain,0,"[[40.0419,-86.9001],[40.0419,-86.8997],[40.0405,-86.8997],[40.0405,-86.9]]",0,1,county_code_unverified|timezone_not_normalized_to_utc
541690,90168,2014,2014-08-23T16:58:00,2014-08-23T20:00:00,EST-5,3.033333333333333,18,18133,C,133,PUTNAM,0,0,0,0,1000.00,0.00,Heavy Rain,0,"[[39.6449,-86.8647],[39.6439,-86.8649],[39.6439,-86.8624],[39.6449,-86.8624]]",0,1,county_code_unverified|timezone_not_normalized_to_utc
541691,90168,2014,2014-08-23T17:40:00,2014-08-23T20:00:00,EST-5,2.3333333333333335,18,18097,C,097,MARION,0,0,0,0,500.00,0.00,Heavy Rain,0,"[[39.7786,-86.3151],[39.779,-86.3151],[39.779,-86.3158],[39.7786,-86.3158]]",0,1,county_code_unverified|timezone_not_normalized_to_utc
541693,90045,2014,2014-08-15T22:30:00,2014-08-17T15:00:00,MST-7,40.5,38,38089,C,089,STARK,0,0,0,0,550000.00,175000.00,Heavy Rain,0,"[[46.98,-102.92],[47.01,-102.16],[46.81,-102.1],[46.86,-102.91]]",0,1,county_code_unverified|timezone_not_normalized_to_utc
541695,90045,2014,2014-08-15T22:30:00,2014-08-17T15:00:00,MST-7,40.5,38,38025,C,025,DUNN,0,0,0,0,1700000.00,400000.00,Heavy Rain,0,"[[47.8,-103.68],[47.28,-102.99],[46.98,-102.92],[47.01,-102.16],[47.56,-102.25]]",0,1,county_code_unverified|timezone_not_normalized_to_utc
541707,90045,2014,2014-08-15T22:30:00,2014-08-17T15:00:00,MST-7,40.5,38,38053,C,053,MCKENZIE,0,0,0,0,1300000.00,250000.00,Heavy Rain,0,"[[47.8,-103.68],[47.28,-102.99],[46.98,-102.92],[47.01,-102.16],[47.56,-102.25]]",0,1,county_code_unverified|timezone_not_normalized_to_utc
541726,90045,2014,2014-08-15T23:30:00,2014-08-17T16:00:00,CST-6,40.5,38,38057,C,057,MERCER,0,0,0,0,2500000.00,500000.00,Heavy Rain,0,"[[47.01,-102.16],[47.56,-102.25],[47.42,-101.77],[46.98,-101.77]]",0,1,county_code_unverified|timezone_not_normalized_to_utc
541730,90178,2014,2014-08-27T18:00:00,2014-08-27T21:00:00,CST-6,3.0,20,20101,C,101,LANE,0,0,0,0,0.00,0.00,Heavy Rain,0,"[[38.487,-100.4755],[38.4751,-100.481],[38.4743,-100.4556],[38.489,-100.4521]]",0,1,county_code_unverified|timezone_not_normalized_to_utc
541757,90163,2014,2014-08-12T00:00:00,2014-08-13T00:00:00,AKST-9,24.0,02,02018,C,018,TAIYA INLET,0,0,0,0,0.00,0.00,Heavy Rain / Snow Melt,0,"[[59.6974,-135.2537],[59.6913,-135.2335],[59.6151,-135.2994],[59.4916,-135.3418],[59.4955,-135.3701],[59.6171,-135.3406]]",0,1,county_code_unverified|timezone_not_normalized_to_utc
541758,90164,2014,2014-08-12T04:00:00,2014-08-13T03:00:00,AKST-9,23.0,02,02025,C,025,JUNEAU BOROUGH,0,0,0,0,0.00,0.00,Dam / Levee Break,0,"[[58.4341,-134.5715],[58.4285,-134.5331],[58.4167,-134.5444],[58.4024,-134.5812],[58.4059,-134.5854],[58.4148,-134.5948],[58.4261,-134.5878]]",0,1,county_code_unverified|timezone_not_normalized_to_utc
541760,90184,2014,2014-08-17T15:00:00,2014-08-18T09:00:00,AKST-9,18.0,02,02018,C,018,TAIYA INLET,0,0,0,0,0.00,0.00,Heavy Rain / Snow Melt,0,"[[59.6963,-135.2446],[59.6913,-135.2336],[59.6726,-135.2585],[59.6475,-135.2671],[59.4961,-135.3351],[59.4995,-135.366],[59.614,-135.3502]]",0,1,county_code_unverified|timezone_not_normalized_to_utc
541808,90201,2014,2014-09-27T04:00:00,2014-09-27T15:00:00,CST-6,11.0,48,48389,C,389,REEVES,0,0,0,0,500.00,0.00,Heavy Rain,0,"[[31.92,-103.98],[31.7021,-103.7659],[31.4208,-103.5132],[31.4598,-103.4143],[31.6436,-103.5036],[31.9,-103.8702]]",0,1,county_code_unverified|timezone_not_normalized_to_utc
541809,90202,2014,2014-09-28T03:00:00,2014-09-28T04:00:00,CST-6,1.0,48,48389,C,389,REEVES,0,0,0,0,500.00,0.00,Heavy Rain,0,"[[31.8675,-103.9526],[31.7443,-103.8057],[31.4226,-103.4665],[31.4582,-103.4085],[31.6626,-103.5063],[31.9095,-103.8428]]",0,1,county_code_unverified|timezone_not_normalized_to_utc
542029,90237,2014,2014-08-19T12:00:00,2014-08-19T23:00:00,MST-7,11.0,04,04025,C,025,YAVAPAI,0,0,0,0,0.00,0.00,Heavy Rain,0,"[[34.055,-112.1495],[34.2993,-112.1278],[34.3505,-112.2061],[34.0114,-112.1788]]",0,1,county_code_unverified|timezone_not_normalized_to_utc
542179,90266,2014,2014-09-09T19:00:00,2014-09-09T23:00:00,CST-6,4.0,31,31143,C,143,POLK,0,0,0,0,15000.00,0.00,Heavy Rain,0,"[[41.18,-97.57],[41.1889,-97.5419],[41.1807,-97.5383],[41.174,-97.5692]]",0,1,county_code_unverified|timezone_not_normalized_to_utc
542704,89494,2014,2014-09-08T11:30:00,2014-09-08T16:00:00,MST-7,4.5,04,04015,C,015,MOHAVE,0,0,0,0,2000.00,0.00,Heavy Rain,0,"[[34.7328,-114.4798],[34.7336,-114.4769],[34.7317,-114.4759],[34.7311,-114.4786]]",0,1,county_code_unverified|timezone_not_normalized_to_utc
542801,90399,2014,2014-09-05T19:00:00,2014-09-07T21:30:00,CST-6,50.5,55,55113,C,113,SAWYER,0,0,0,0,1000.00,1000.00,Heavy Rain,0,"[[46.0713,-91.5194],[46.0732,-91.4981],[46.0524,-91.4753],[46.0131,-91.4761],[46.0122,-91.4818],[46.0228,-91.4951]]",0,1,county_code_unverified|timezone_not_normalized_to_utc
542836,89496,2014,2014-09-07T17:30:00,2014-09-07T20:30:00,PST-8,3.0,32,32003,C,003,CLARK,0,0,0,0,5000.00,0.00,Heavy Rain,0,"[[36.6997,-114.6844],[36.6859,-114.6823],[36.6797,-114.6662],[36.675,-114.6713],[36.6814,-114.6911],[36.7023,-114.6918]]",0,1,county_code_unverified|timezone_not_normalized_to_utc
542847,89496,2014,2014-09-08T21:30:00,2014-09-09T16:00:00,PST-8,18.5,32,32003,C,003,CLARK,0,0,0,0,3000000.00,0.00,Heavy Rain,0,"[[36.6668,-114.5685],[36.6273,-114.492],[36.5154,-114.4018],[36.5128,-114.4161],[36.6538,-114.5713],[36.645,-114.6609],[36.7238,-114.7374],[36.7287,-114.7156]]",0,1,county_code_unverified|timezone_not_normalized_to_utc
542918,90417,2014,2014-09-18T06:00:00,2014-09-19T11:00:00,CST-6,29.0,20,20073,C,073,GREENWOOD,0,0,0,0,0.00,0.00,Heavy Rain,0,"[[38.0591,-96.4298],[38.0514,-96.1139],[37.6971,-96.1633],[37.7277,-96.449]]",0,1,county_code_unverified|timezone_not_normalized_to_utc
542919,90417,2014,2014-09-18T05:00:00,2014-09-19T11:00:00,CST-6,30.0,20,20001,C,001,ALLEN,0,0,0,0,0.00,0.00,Heavy Rain,0,"[[37.9942,-95.4794],[37.9887,-95.3297],[37.8668,-95.3201],[37.8782,-95.4822]]",0,1,county_code_unverified|timezone_not_normalized_to_utc
542928,90362,2014,2014-09-17T06:00:00,2014-09-17T11:00:00,MST-7,5.0,04,04015,C,015,MOHAVE,0,0,0,0,1000.00,0.00,Heavy Rain,0,"[[34.7323,-114.4788],[34.733,-114.4769],[34.732,-114.4764],[34.7314,-114.4783]]",0,1,county_code_unverified|timezone_not_normalized_to_utc
542954,90423,2014,2014-09-26T22:03:00,2014-09-27T05:00:00,PST-8,6.95,32,32003,C,003,CLARK,0,0,0,0,2000.00,0.00,Heavy Rain,0,"[[36.7348,-114.7168],[36.7186,-114.6777],[36.7063,-114.6921],[36.7208,-114.7261]]",0,1,county_code_unverified|timezone_not_normalized_to_utc
542956,90423,2014,2014-09-27T05:00:00,2014-09-27T09:00:00,PST-8,4.0,32,32003,C,003,CLARK,0,0,0,0,500000.00,0.00,Heavy Rain,0,"[[36.7015,-114.7003],[36.4799,-114.4515],[36.7281,-114.0903],[36.8579,-114.1315]]",0,1,county_code_unverified|timezone_not_normalized_to_utc
542991,90437,2014,2014-10-20T20:00:00,2014-10-20T22:00:00,AST-4,2.0,99,,C,067,HORMIGUEROS,0,0,0,0,0.00,0.00,Heavy Rain,0,"[[18.1211,-67.1278],[18.1205,-67.1237],[18.1189,-67.1239],[18.1188,-67.1281]]",0,1,requires_crosswalk_or_marine_review|timezone_not_normalized_to_utc
543174,89899,2014,2014-09-20T22:00:00,2014-09-21T05:00:00,MST-7,7.0,04,04021,C,021,PINAL,0,0,0,0,30000.00,0.00,Heavy Rain / Tropical System,0,"[[32.7293,-110.6546],[32.7482,-110.6481],[32.8044,-110.6825],[32.7985,-110.6953]]",0,1,county_code_unverified|timezone_not_normalized_to_utc
543215,89896,2014,2014-09-08T22:20:00,2014-09-08T23:30:00,MST-7,1.1666666666666667,04,04019,C,019,PIMA,0,0,0,0,2000.00,0.00,Heavy Rain / Tropical System,0,"[[32.4342,-111.2528],[32.4629,-111.2674],[32.4869,-111.3217],[32.4768,-111.3279]]",0,1,county_code_unverified|timezone_not_normalized_to_utc
543350,88398,2014,2014-09-10T05:02:00,2014-09-10T16:50:00,CST-6,11.8,19,19039,C,039,CLARKE,0,0,0,0,100000.00,25000.00,Heavy Rain,0,"[[41.1446,-94.0086],[40.9044,-94.0036],[40.9044,-93.585],[41.1407,-93.5783]]",0,1,county_code_unverified|timezone_not_normalized_to_utc
543353,88398,2014,2014-09-10T05:22:00,2014-09-10T17:10:00,CST-6,11.8,19,19181,C,181,WARREN,0,0,0,0,100000.00,25000.00,Heavy Rain,0,"[[41.4876,-93.758],[41.4571,-93.3783],[41.1874,-93.3843],[41.1807,-93.7614]]",0,1,county_code_unverified|timezone_not_normalized_to_utc
543354,88398,2014,2014-09-10T05:21:00,2014-09-10T14:00:00,CST-6,8.65,19,19117,C,117,LUCAS,0,0,0,0,50000.00,15000.00,Heavy Rain,0,"[[41.03,-93.47],[41.031,-93.4475],[41.0185,-93.4458],[41.0177,-93.4731]]",0,1,county_code_unverified|timezone_not_normalized_to_utc
543490,90299,2014,2014-09-27T19:00:00,2014-09-29T08:00:00,MST-7,37.0,04,04017,C,017,NAVAJO,0,0,0,0,0.00,0.00,Heavy Rain,0,"[[34.7917,-110.094],[34.9806,-110.6722],[35.4072,-111.2119],[36.1871,-111.7639]]",0,1,county_code_unverified|timezone_not_normalized_to_utc
543498,89898,2014,2014-09-18T04:00:00,2014-09-18T12:00:00,MST-7,8.0,04,04003,C,003,COCHISE,0,0,0,0,500000.00,0.00,Heavy Rain / Tropical System,0,"[[31.3355,-110.2176],[31.3492,-109.0805],[32.3731,-109.0572],[31.6114,-110.4071]]",0,1,county_code_unverified|timezone_not_normalized_to_utc
543623,90603,2014,2014-09-08T17:10:00,2014-09-08T19:00:00,EST-5,1.8333333333333333,37,37017,C,017,BLADEN,0,0,0,0,0.00,0.00,Heavy Rain,0,"[[34.6291,-78.615],[34.6283,-78.6152],[34.6277,-78.6128],[34.6283,-78.6125]]",0,1,county_code_unverified|timezone_not_normalized_to_utc
543624,90603,2014,2014-09-08T17:10:00,2014-09-08T19:00:00,EST-5,1.8333333333333333,37,37017,C,017,BLADEN,0,0,0,0,0.00,0.00,Heavy Rain,0,"[[34.5927,-78.5968],[34.5903,-78.5926],[34.5925,-78.5926],[34.5935,-78.5952]]",0,1,county_code_unverified|timezone_not_normalized_to_utc
543625,90604,2014,2014-09-12T20:28:00,2014-09-12T22:00:00,EST-5,1.5333333333333334,37,37129,C,129,NEW HANOVER,0,0,0,0,0.00,0.00,Heavy Rain,0,"[[34.2251,-77.9341],[34.2263,-77.9343],[34.2265,-77.9339],[34.225,-77.9337]]",0,1,county_code_unverified|timezone_not_normalized_to_utc
543626,90604,2014,2014-09-12T20:40:00,2014-09-12T22:30:00,EST-5,1.8333333333333333,37,37129,C,129,NEW HANOVER,0,0,0,0,0.00,0.00,Heavy Rain,0,"[[34.1835,-77.8709],[34.1819,-77.8678],[34.181,-77.8686],[34.1832,-77.8716]]",0,1,county_code_unverified|timezone_not_normalized_to_utc
543627,90604,2014,2014-09-12T21:02:00,2014-09-12T23:00:00,EST-5,1.9666666666666666,37,37129,C,129,NEW HANOVER,0,0,0,0,0.00,0.00,Heavy Rain,0,"[[34.2749,-77.8262],[34.2745,-77.8254],[34.2739,-77.826],[34.2745,-77.8269]]",0,1,county_code_unverified|timezone_not_normalized_to_utc
543735,90561,2014,2014-09-21T17:00:00,2014-09-22T07:00:00,AKST-9,14.0,02,02018,C,018,TAIYA INLET,0,0,0,0,0.00,0.00,Heavy Rain / Snow Melt,0,"[[59.6959,-135.2602],[59.6095,-135.3488],[59.4863,-135.3708],[59.4905,-135.342],[59.6868,-135.2355]]",0,1,county_code_unverified|timezone_not_normalized_to_utc
543846,88398,2014,2014-09-10T05:01:00,2014-09-10T16:00:00,CST-6,10.983333333333333,19,19159,C,159,RINGGOLD,0,0,0,0,100000.00,25000.00,Heavy Rain,0,"[[40.8981,-94.4686],[40.8872,-94.0557],[40.5827,-94.034],[40.5873,-94.4599]]",0,1,county_code_unverified|timezone_not_normalized_to_utc
543847,88398,2014,2014-09-10T05:58:00,2014-09-10T17:00:00,CST-6,11.033333333333333,19,19135,C,135,MONROE,0,0,0,0,100000.00,25000.00,Heavy Rain,0,"[[41.155,-93.093],[41.1492,-92.6568],[40.9134,-92.6584],[40.9191,-93.0813]]",0,1,county_code_unverified|timezone_not_normalized_to_utc
543848,88398,2014,2014-09-10T05:21:00,2014-09-10T17:00:00,CST-6,11.65,19,19123,C,123,MAHASKA,0,0,0,0,25000.00,25000.00,Heavy Rain,0,"[[41.29,-92.7],[41.2696,-92.6899],[41.2787,-92.65],[41.3023,-92.6688]]",0,1,county_code_unverified|timezone_not_normalized_to_utc
543857,88398,2014,2014-09-10T05:21:00,2014-09-10T17:00:00,CST-6,11.65,19,19125,C,125,MARION,0,0,0,0,25000.00,25000.00,Heavy Rain,0,"[[41.4192,-93.0171],[41.4696,-93.0458],[41.4718,-93.099],[41.4372,-93.0999]]",0,1,county_code_unverified|timezone_not_normalized_to_utc
543862,88096,2014,2014-09-01T12:00:00,2014-09-02T12:15:00,CST-6,24.25,19,19153,C,153,POLK,0,0,0,0,100000.00,0.00,Heavy Rain,0,"[[41.57,-93.61],[41.56,-93.68],[41.58,-93.67],[41.59,-93.62]]",0,1,county_code_unverified|timezone_not_normalized_to_utc
543876,90643,2014,2014-09-12T17:00:00,2014-09-12T17:45:00,EST-5,0.75,37,37133,C,133,ONSLOW,0,0,0,0,0.00,0.00,Heavy Rain,0,"[[34.88,-77.57],[34.8854,-77.5741],[34.8822,-77.5838],[34.879,-77.5765]]",0,1,county_code_unverified|timezone_not_normalized_to_utc
543877,90643,2014,2014-09-12T18:00:00,2014-09-12T18:45:00,EST-5,0.75,37,37061,C,061,DUPLIN,0,0,0,0,0.00,0.00,Heavy Rain,0,"[[34.9,-77.84],[34.9101,-77.8512],[34.9143,-77.8382],[34.9057,-77.8311]]",0,1,county_code_unverified|timezone_not_normalized_to_utc
543878,90643,2014,2014-09-12T18:19:00,2014-09-12T18:55:00,EST-5,0.6,37,37049,C,049,CRAVEN,0,0,0,0,0.00,0.00,Heavy Rain,0,"[[35.22,-77.28],[35.2305,-77.2808],[35.2347,-77.2614],[35.2226,-77.2593]]",0,1,county_code_unverified|timezone_not_normalized_to_utc
543880,90645,2014,2014-09-13T14:00:00,2014-09-13T14:45:00,EST-5,0.75,37,37133,C,133,ONSLOW,0,0,0,0,0.00,0.00,Heavy Rain,0,"[[34.76,-77.4],[34.7304,-77.397],[34.7208,-77.4498],[34.7682,-77.4598]]",0,1,county_code_unverified|timezone_not_normalized_to_utc
543898,90641,2014,2014-09-25T03:00:00,2014-09-25T05:00:00,PST-8,2.0,06,06089,C,089,SHASTA,0,0,0,0,0.00,0.00,Heavy Rain,0,"[[40.4023,-122.2322],[40.4082,-122.2478],[40.3998,-122.2535],[40.3976,-122.2493]]",0,1,county_code_unverified|timezone_not_normalized_to_utc
543940,88398,2014,2014-09-10T02:45:00,2014-09-10T17:45:00,CST-6,15.0,19,19181,C,181,WARREN,0,0,0,0,50000.00,0.00,Heavy Rain,0,"[[41.38,-93.33],[41.3041,-93.36],[41.3,-93.47],[41.35,-93.5],[41.48,-93.33]]",0,1,county_code_unverified|timezone_not_normalized_to_utc
543941,88398,2014,2014-09-10T01:45:00,2014-09-11T03:45:00,CST-6,26.0,19,19181,C,181,WARREN,0,0,0,0,100000.00,0.00,Heavy Rain,0,"[[41.39,-93.76],[41.51,-93.47],[41.49,-93.38],[41.41,-93.54],[41.35,-93.73]]",0,1,county_code_unverified|timezone_not_normalized_to_utc
543942,88398,2014,2014-09-11T19:00:00,2014-09-12T20:45:00,CST-6,25.75,19,19181,C,181,WARREN,0,0,0,0,100000.00,0.00,Heavy Rain,0,"[[41.43,-93.79],[41.51,-93.61],[41.53,-93.46],[41.51,-93.44],[41.38,-93.79]]",0,1,county_code_unverified|timezone_not_normalized_to_utc
543943,88398,2014,2014-09-10T04:10:00,2014-09-11T19:00:00,CST-6,38.833333333333336,19,19179,C,179,WAPELLO,0,0,0,0,100000.00,0.00,Heavy Rain,0,"[[40.87,-92.21],[41.08,-92.57],[41.11,-92.51],[40.92,-92.2]]",0,1,county_code_unverified|timezone_not_normalized_to_utc
543944,89518,2014,2014-10-02T09:15:00,2014-10-02T15:30:00,CST-6,6.25,19,19153,C,153,POLK,0,0,0,0,10000.00,0.00,Heavy Rain,0,"[[41.57,-93.61],[41.56,-93.68],[41.58,-93.67],[41.59,-93.62]]",0,1,county_code_unverified|timezone_not_normalized_to_utc
543945,89590,2014,2014-10-14T04:00:00,2014-10-14T21:15:00,CST-6,17.25,19,19179,C,179,WAPELLO,0,0,0,0,50000.00,0.00,Heavy Rain,0,"[[41.08,-92.58],[41.24,-92.87],[41.33,-92.87],[41.24,-92.69],[41.11,-92.51]]",0,1,county_code_unverified|timezone_not_normalized_to_utc
543946,89590,2014,2014-10-14T12:30:00,2014-10-14T23:20:00,CST-6,10.833333333333334,19,19179,C,179,WAPELLO,0,0,0,0,100000.00,0.00,Heavy Rain,0,"[[40.87,-92.21],[41.08,-92.57],[41.11,-92.51],[40.92,-92.2]]",0,1,county_code_unverified|timezone_not_normalized_to_utc
543947,88398,2014,2014-09-10T07:30:00,2014-09-11T03:15:00,CST-6,19.75,19,19153,C,153,POLK,0,0,0,0,150000.00,0.00,Heavy Rain,0,"[[41.57,-93.61],[41.56,-93.68],[41.58,-93.67],[41.59,-93.62]]",0,1,county_code_unverified|timezone_not_normalized_to_utc
544004,90441,2014,2014-10-31T12:44:00,2014-10-31T16:15:00,AST-4,3.5166666666666666,99,,C,127,SAN JUAN,0,0,0,0,0.00,0.00,Heavy Rain,0,"[[18.4533,-66.0583],[18.4483,-66.0568],[18.4473,-66.0469],[18.451,-66.0438],[18.4529,-66.0506]]",0,1,requires_crosswalk_or_marine_review|timezone_not_normalized_to_utc
544007,90441,2014,2014-10-31T12:57:00,2014-10-31T16:15:00,AST-4,3.3,99,,C,127,SAN JUAN,0,0,0,0,0.00,0.00,Heavy Rain,0,"[[18.466,-66.1147],[18.4664,-66.1134],[18.4658,-66.1132],[18.4652,-66.1141],[18.4652,-66.1149]]",0,1,requires_crosswalk_or_marine_review|timezone_not_normalized_to_utc
544009,90441,2014,2014-10-31T12:58:00,2014-10-31T16:15:00,AST-4,3.283333333333333,99,,C,127,SAN JUAN,0,0,0,0,0.00,0.00,Heavy Rain,0,"[[18.4317,-66.0956],[18.4275,-66.0859],[18.4221,-66.0877],[18.4221,-66.0963],[18.4259,-66.0974]]",0,1,requires_crosswalk_or_marine_review|timezone_not_normalized_to_utc
544011,90441,2014,2014-10-31T12:58:00,2014-10-31T16:15:00,AST-4,3.283333333333333,99,,C,127,SAN JUAN,0,0,0,0,0.00,0.00,Heavy Rain,0,"[[18.4163,-66.083],[18.4127,-66.082],[18.4138,-66.0739],[18.4174,-66.074],[18.419,-66.0773]]",0,1,requires_crosswalk_or_marine_review|timezone_not_normalized_to_utc
544020,90441,2014,2014-10-31T13:10:00,2014-10-31T16:15:00,AST-4,3.0833333333333335,99,,C,127,SAN JUAN,0,0,0,0,0.00,0.00,Heavy Rain,0,"[[18.4413,-66.0817],[18.4275,-66.0982],[18.4189,-66.0766],[18.4285,-66.0663]]",0,1,requires_crosswalk_or_marine_review|timezone_not_normalized_to_utc
544021,90441,2014,2014-10-31T12:58:00,2014-10-31T16:15:00,AST-4,3.283333333333333,99,,C,061,GUAYNABO,0,0,0,0,0.00,0.00,Heavy Rain,0,"[[18.4108,-66.1036],[18.4108,-66.1074],[18.4083,-66.1075],[18.4075,-66.1047],[18.4087,-66.1033]]",0,1,requires_crosswalk_or_marine_review|timezone_not_normalized_to_utc
544032,90671,2014,2014-10-10T07:45:00,2014-10-11T15:30:00,CST-6,31.75,40,40105,C,105,NOWATA,0,0,0,0,0.00,0.00,Heavy Rain,0,"[[36.981,-95.6188],[36.9824,-95.5577],[36.7139,-95.5069],[36.7227,-95.6058]]",0,1,county_code_unverified|timezone_not_normalized_to_utc
544038,90672,2014,2014-09-12T23:00:00,2014-09-13T03:00:00,EST-5,4.0,37,37023,C,023,BURKE,0,0,0,0,10000.00,0.00,Heavy Rain,0,"[[35.7602,-81.6561],[35.7578,-81.654],[35.7514,-81.6576],[35.7481,-81.6598],[35.7495,-81.6609]]",0,1,county_code_unverified|timezone_not_normalized_to_utc
544096,89828,2014,2014-09-16T13:30:00,2014-09-16T14:00:00,PST-8,0.5,06,06065,C,065,RIVERSIDE,0,0,0,0,0.00,0.00,Heavy Rain,0,"[[33.6507,-117.2435],[33.633,-117.2042],[33.6118,-117.2282],[33.6309,-117.266]]",0,1,county_code_unverified|timezone_not_normalized_to_utc
544106,90535,2014,2014-09-08T14:30:00,2014-09-08T19:00:00,EST-5,4.5,51,51700,C,700,NEWPORT NEWS (C),0,0,0,0,0.00,0.00,Heavy Rain,0,"[[36.98,-76.42],[36.98,-76.43],[37.02,-76.45],[37.0262,-76.4305]]",0,1,county_code_unverified|timezone_not_normalized_to_utc
544107,90535,2014,2014-09-08T14:30:00,2014-09-08T19:00:00,EST-5,4.5,51,51650,C,650,HAMPTON (C),0,0,0,0,0.00,0.00,Heavy Rain,0,"[[37.02,-76.42],[37.05,-76.3],[37.03,-76.3076],[37.0086,-76.3866]]",0,1,county_code_unverified|timezone_not_normalized_to_utc
544110,90535,2014,2014-09-08T12:15:00,2014-09-08T16:00:00,EST-5,3.75,51,51093,C,093,ISLE OF WIGHT,0,0,0,0,0.00,0.00,Heavy Rain,0,"[[36.95,-76.55],[37.0,-76.57],[36.98,-76.63],[36.9401,-76.5857]]",0,1,county_code_unverified|timezone_not_normalized_to_utc
544111,90535,2014,2014-09-09T03:00:00,2014-09-09T12:00:00,EST-5,9.0,51,51650,C,650,HAMPTON (C),0,0,0,0,0.00,0.00,Heavy Rain,0,"[[37.02,-76.35],[37.05,-76.3],[37.0662,-76.321],[37.041,-76.366]]",0,1,county_code_unverified|timezone_not_normalized_to_utc
544112,90535,2014,2014-09-09T03:00:00,2014-09-09T12:00:00,EST-5,9.0,51,51700,C,700,NEWPORT NEWS (C),0,0,0,0,0.00,0.00,Heavy Rain,0,"[[37.08,-76.51],[37.0958,-76.4662],[37.035,-76.4188],[37.0262,-76.4484]]",0,1,county_code_unverified|timezone_not_normalized_to_utc
544113,90535,2014,2014-09-09T03:00:00,2014-09-09T12:00:00,EST-5,9.0,51,51710,C,710,NORFOLK (C),0,0,0,0,0.00,0.00,Heavy Rain,0,"[[36.89,-76.3],[36.85,-76.29],[36.8544,-76.2527],[36.8961,-76.2589]]",0,1,county_code_unverified|timezone_not_normalized_to_utc
544114,90535,2014,2014-09-09T03:00:00,2014-09-09T12:00:00,EST-5,9.0,51,51740,C,740,PORTSMOUTH (C),0,0,0,0,0.00,0.00,Heavy Rain,0,"[[36.84,-76.3],[36.88,-76.37],[36.8621,-76.3704],[36.83,-76.31]]",0,1,county_code_unverified|timezone_not_normalized_to_utc
544115,90535,2014,2014-09-09T03:00:00,2014-09-09T12:00:00,EST-5,9.0,51,51550,C,550,CHESAPEAKE (C),0,0,0,0,0.00,0.00,Heavy Rain,0,"[[36.82,-76.27],[36.8181,-76.3107],[36.8008,-76.3141],[36.8038,-76.2777]]",0,1,county_code_unverified|timezone_not_normalized_to_utc
544116,90639,2014,2014-09-25T10:54:00,2014-09-25T13:00:00,AST-4,2.1,99,,C,103,NAGUABO,0,0,0,0,0.00,0.00,Heavy Rain,0,"[[18.2153,-65.7046],[18.2109,-65.7083],[18.2114,-65.7018],[18.2162,-65.7018]]",0,1,requires_crosswalk_or_marine_review|timezone_not_normalized_to_utc
544121,90639,2014,2014-09-25T14:53:00,2014-09-25T15:30:00,AST-4,0.6166666666666667,99,,C,023,CABO ROJO,0,0,0,0,0.00,0.00,Heavy Rain,0,"[[18.0119,-67.1305],[18.0171,-67.1396],[18.019,-67.1304],[18.0128,-67.1258]]",0,1,requires_crosswalk_or_marine_review|timezone_not_normalized_to_utc
544122,90639,2014,2014-09-25T14:55:00,2014-09-25T15:30:00,AST-4,0.5833333333333334,99,,C,113,PONCE,0,0,0,0,0.00,0.00,Heavy Rain,0,"[[18.0424,-66.6838],[18.049,-66.6804],[18.0449,-66.6747],[18.0403,-66.6802]]",0,1,requires_crosswalk_or_marine_review|timezone_not_normalized_to_utc
544124,90639,2014,2014-09-25T14:55:00,2014-09-25T15:30:00,AST-4,0.5833333333333334,99,,C,079,LAJAS,0,0,0,0,0.00,0.00,Heavy Rain,0,"[[18.0261,-66.9787],[18.0307,-66.9795],[18.031,-66.976],[18.0256,-66.9756]]",0,1,requires_crosswalk_or_marine_review|timezone_not_normalized_to_utc
544393,90762,2014,2014-09-10T09:48:00,2014-09-12T08:40:00,CST-6,46.86666666666667,31,31127,C,127,NEMAHA,0,0,0,0,10000.00,25000.00,Heavy Rain,0,"[[40.5253,-95.7156],[40.5245,-95.7592],[40.403,-95.6648],[40.312,-95.6813],[40.3387,-95.6271]]",0,1,county_code_unverified|timezone_not_normalized_to_utc
544394,90762,2014,2014-09-10T14:00:00,2014-09-12T14:35:00,CST-6,48.583333333333336,31,31147,C,147,RICHARDSON,0,0,0,0,10000.00,25000.00,Heavy Rain,0,"[[40.1295,-95.4104],[40.1269,-95.42],[40.0534,-95.4259],[40.0318,-95.4218],[40.0377,-95.4163]]",0,1,county_code_unverified|timezone_not_normalized_to_utc
544395,90763,2014,2014-09-01T00:00:00,2014-09-03T02:00:00,CST-6,50.0,31,31151,C,151,SALINE,0,0,0,0,5000.00,10000.00,Heavy Rain,0,"[[40.6723,-97.0573],[40.7002,-97.1123],[40.7056,-97.1061],[40.6845,-97.0522],[40.6939,-96.9931]]",0,1,county_code_unverified|timezone_not_normalized_to_utc
544396,90762,2014,2014-09-11T18:37:00,2014-09-12T17:10:00,CST-6,22.55,31,31023,C,023,BUTLER,0,0,0,0,5000.00,10000.00,Heavy Rain,0,"[[41.1056,-97.3286],[41.1034,-97.2918],[41.0977,-97.292],[41.0988,-97.3162],[41.103,-97.3322]]",0,1,county_code_unverified|timezone_not_normalized_to_utc
544397,90763,2014,2014-09-01T00:00:00,2014-09-04T03:43:00,CST-6,75.71666666666667,31,31151,C,151,SALINE,0,0,0,0,5000.00,10000.00,Heavy Rain,0,"[[40.689,-96.9688],[40.5044,-96.931],[40.4981,-96.9633],[40.6244,-96.9811],[40.6872,-96.9856]]",0,1,county_code_unverified|timezone_not_normalized_to_utc
544398,90764,2014,2014-09-01T00:00:00,2014-09-01T06:10:00,CST-6,6.166666666666667,19,19085,C,085,HARRISON,0,0,0,0,5000.00,10000.00,Heavy Rain,0,"[[41.6816,-95.7568],[41.6196,-95.8097],[41.6154,-95.7987],[41.6524,-95.7658],[41.6757,-95.7438]]",0,1,county_code_unverified|timezone_not_normalized_to_utc
544399,90764,2014,2014-09-01T05:12:00,2014-09-01T17:14:00,CST-6,12.033333333333333,19,19155,C,155,POTTAWATTAMIE,0,0,0,0,5000.00,10000.00,Heavy Rain,0,"[[41.4183,-95.3534],[41.3464,-95.3902],[41.3536,-95.4018],[41.3912,-95.3764],[41.4181,-95.3605]]",0,1,county_code_unverified|timezone_not_normalized_to_utc
544400,90764,2014,2014-09-02T03:42:00,2014-09-02T14:11:00,CST-6,10.483333333333333,19,19071,C,071,FREMONT,0,0,0,0,5000.00,10000.00,Heavy Rain,0,"[[40.7004,-95.6078],[40.6554,-95.6271],[40.6543,-95.6178],[40.6856,-95.5967],[40.6995,-95.5927]]",0,1,county_code_unverified|timezone_not_normalized_to_utc
544421,90771,2014,2014-09-23T04:45:00,2014-09-23T06:00:00,CST-6,1.25,20,20051,C,051,ELLIS,0,0,0,0,0.00,0.00,Heavy Rain,0,"[[38.88,-99.23],[38.9104,-99.3741],[38.8676,-99.3658],[38.8601,-99.2649]]",0,1,county_code_unverified|timezone_not_normalized_to_utc
544491,90765,2014,2014-09-10T04:45:00,2014-09-10T18:00:00,CST-6,13.25,19,19071,C,071,FREMONT,0,0,0,0,0.00,0.00,Heavy Rain,0,"[[40.8964,-95.5752],[40.844,-95.5776],[40.8451,-95.5877],[40.881,-95.585],[40.8977,-95.5848]]",0,1,county_code_unverified|timezone_not_normalized_to_utc
544493,90765,2014,2014-09-10T15:00:00,2014-09-11T15:00:00,CST-6,24.0,19,19071,C,071,FREMONT,0,0,0,0,5000.00,10000.00,Heavy Rain,0,"[[40.6981,-95.5682],[40.6937,-95.556],[40.6923,-95.5734],[40.6736,-95.5881],[40.6806,-95.59]]",0,1,county_code_unverified|timezone_not_normalized_to_utc
544494,90765,2014,2014-09-10T03:31:00,2014-09-10T21:18:00,CST-6,17.783333333333335,19,19137,C,137,MONTGOMERY,0,0,0,0,5000.00,10000.00,Heavy Rain,0,"[[41.068,-95.2322],[40.9592,-95.2872],[40.954,-95.2542],[41.0198,-95.2316],[41.0618,-95.2027]]",0,1,county_code_unverified|timezone_not_normalized_to_utc
544495,90765,2014,2014-09-10T11:56:00,2014-09-11T16:30:00,CST-6,28.566666666666666,19,19071,C,071,FREMONT,0,0,0,0,5000.00,10000.00,Heavy Rain,0,"[[40.6489,-95.6353],[40.5874,-95.6511],[40.5853,-95.6332],[40.6288,-95.6185],[40.6457,-95.6226]]",0,1,county_code_unverified|timezone_not_normalized_to_utc
544496,90765,2014,2014-09-10T03:45:00,2014-09-11T17:11:00,CST-6,37.43333333333333,19,19145,C,145,PAGE,0,0,0,0,5000.00,10000.00,Heavy Rain,0,"[[40.78,-95.0043],[40.7415,-95.0242],[40.7009,-95.0269],[40.7062,-95.0098],[40.779,-94.9796]]",0,1,county_code_unverified|timezone_not_normalized_to_utc
544524,90804,2014,2014-08-29T07:30:00,2014-08-31T23:59:00,CST-6,64.48333333333333,31,31151,C,151,SALINE,0,0,0,0,5000.00,10000.00,Heavy Rain,0,"[[40.6968,-97.0917],[40.6968,-96.9983],[40.6866,-96.9866],[40.6747,-97.0495],[40.69,-97.0944]]",0,1,county_code_unverified|timezone_not_normalized_to_utc
544527,90804,2014,2014-08-28T10:06:00,2014-08-31T02:00:00,CST-6,63.9,31,31159,C,159,SEWARD,0,0,0,0,5000.00,10000.00,Heavy Rain,0,"[[40.9146,-97.1435],[40.9063,-97.1145],[40.9016,-97.1131],[40.9065,-97.1313],[40.9112,-97.1507]]",0,1,county_code_unverified|timezone_not_normalized_to_utc
544528,90804,2014,2014-08-28T12:48:00,2014-08-31T23:59:00,CST-6,83.18333333333334,31,31151,C,151,SALINE,0,0,0,0,5000.00,15000.00,Heavy Rain,0,"[[40.6489,-96.9695],[40.5733,-96.9351],[40.5738,-96.9619],[40.6233,-96.9825],[40.652,-96.9901]]",0,1,county_code_unverified|timezone_not_normalized_to_utc
544534,90804,2014,2014-08-28T13:03:00,2014-08-29T04:45:00,CST-6,15.7,31,31155,C,155,SAUNDERS,0,0,0,0,5000.00,10000.00,Heavy Rain,0,"[[41.1594,-96.5417],[41.1696,-96.5453],[41.1841,-96.5753],[41.1761,-96.5849]]",0,1,county_code_unverified|timezone_not_normalized_to_utc
544535,90805,2014,2014-08-28T12:26:00,2014-08-29T06:15:00,CST-6,17.816666666666666,19,19071,C,071,FREMONT,0,0,0,0,5000.00,10000.00,Heavy Rain,0,"[[40.886,-95.5749],[40.8424,-95.5769],[40.8455,-95.5948],[40.8912,-95.5859]]",0,1,county_code_unverified|timezone_not_normalized_to_utc
544536,90805,2014,2014-08-28T16:31:00,2014-08-29T06:15:00,CST-6,13.733333333333333,19,19071,C,071,FREMONT,0,0,0,0,5000.00,10000.00,Heavy Rain,0,"[[40.7062,-95.59],[40.6622,-95.6102],[40.6687,-95.6185],[40.693,-95.6037],[40.7064,-95.5998]]",0,1,county_code_unverified|timezone_not_normalized_to_utc
544537,90805,2014,2014-08-28T22:23:00,2014-08-30T02:07:00,CST-6,27.733333333333334,19,19145,C,145,PAGE,0,0,0,0,5000.00,10000.00,Heavy Rain,0,"[[40.7743,-95.0057],[40.7444,-95.0187],[40.7025,-95.0252],[40.7049,-95.0115],[40.7774,-94.9782]]",0,1,county_code_unverified|timezone_not_normalized_to_utc
544541,90809,2014,2014-10-01T18:15:00,2014-10-01T19:15:00,CST-6,1.0,31,31131,C,131,OTOE,0,0,0,0,5000.00,10000.00,Heavy Rain,0,"[[40.727,-95.8935],[40.7275,-95.9093],[40.6713,-95.8523],[40.6447,-95.8049],[40.7025,-95.8523]]",0,1,county_code_unverified|timezone_not_normalized_to_utc
544542,90809,2014,2014-10-01T14:18:00,2014-10-03T14:45:00,CST-6,48.45,31,31127,C,127,NEMAHA,0,0,0,0,5000.00,10000.00,Heavy Rain,0,"[[40.4386,-95.6614],[40.4396,-95.6854],[40.3962,-95.6573],[40.368,-95.649],[40.4017,-95.648]]",0,1,county_code_unverified|timezone_not_normalized_to_utc
544543,90809,2014,2014-10-01T19:46:00,2014-10-03T22:51:00,CST-6,51.083333333333336,31,31147,C,147,RICHARDSON,0,0,0,0,5000.00,10000.00,Heavy Rain,0,"[[40.1148,-95.408],[40.1133,-95.4499],[40.0518,-95.4266],[40.0224,-95.4204],[40.0334,-95.408]]",0,1,county_code_unverified|timezone_not_normalized_to_utc
544544,90809,2014,2014-10-01T03:16:00,2014-10-01T14:22:00,CST-6,11.1,31,31151,C,151,SALINE,0,0,0,0,5000.00,10000.00,Heavy Rain,0,"[[40.6723,-96.964],[40.6739,-96.9887],[40.5623,-96.9619],[40.5696,-96.9441]]",0,1,county_code_unverified|timezone_not_normalized_to_utc
544545,90809,2014,2014-10-01T04:34:00,2014-10-02T08:15:00,CST-6,27.683333333333334,31,31151,C,151,SALINE,0,0,0,0,5000.00,10000.00,Heavy Rain,0,"[[40.5099,-97.0007],[40.4791,-97.0031],[40.4488,-96.9787],[40.4498,-97.0089],[40.5148,-97.0216]]",0,1,county_code_unverified|timezone_not_normalized_to_utc
544546,90809,2014,2014-10-01T09:21:00,2014-10-02T21:42:00,CST-6,36.35,31,31155,C,155,SAUNDERS,0,0,0,0,5000.00,10000.00,Heavy Rain,0,"[[41.0975,-96.473],[41.1047,-96.4569],[41.0654,-96.394],[41.048,-96.3518],[41.0434,-96.3638]]",0,1,county_code_unverified|timezone_not_normalized_to_utc
544547,90809,2014,2014-10-01T01:10:00,2014-10-01T18:08:00,CST-6,16.966666666666665,31,31109,C,109,LANCASTER,0,0,0,0,100000.00,200000.00,Heavy Rain,0,"[[41.0151,-96.4315],[40.9094,-96.6866],[40.7587,-96.8019],[40.6892,-96.6763],[41.0027,-96.3995]]",0,1,county_code_unverified|timezone_not_normalized_to_utc
544548,90810,2014,2014-10-01T18:15:00,2014-10-01T19:15:00,CST-6,1.0,19,19071,C,071,FREMONT,0,0,0,0,0.00,10000.00,Heavy Rain,0,"[[40.7322,-95.8832],[40.6744,-95.8296],[40.6515,-95.7733],[40.7255,-95.8564],[40.7754,-95.8317]]",0,1,county_code_unverified|timezone_not_normalized_to_utc
544549,90810,2014,2014-10-01T12:12:00,2014-10-02T22:53:00,CST-6,34.68333333333333,19,19071,C,071,FREMONT,0,0,0,0,5000.00,10000.00,Heavy Rain,0,"[[40.7077,-95.5903],[40.7082,-95.6017],[40.6546,-95.6253],[40.6551,-95.6176],[40.6869,-95.5955]]",0,1,county_code_unverified|timezone_not_normalized_to_utc
544550,90810,2014,2014-10-01T14:55:00,2014-10-02T00:10:00,CST-6,9.25,19,19137,C,137,MONTGOMERY,0,0,0,0,5000.00,10000.00,Heavy Rain,0,"[[41.1187,-95.2048],[40.9612,-95.2858],[40.9618,-95.2501],[41.0296,-95.2261],[41.1182,-95.1739]]",0,1,county_code_unverified|timezone_not_normalized_to_utc
544551,90810,2014,2014-10-02T03:30:00,2014-10-02T14:22:00,CST-6,10.866666666666667,19,19137,C,137,MONTGOMERY,0,0,0,0,5000.00,10000.00,Heavy Rain,0,"[[40.6989,-95.5699],[40.6943,-95.5529],[40.6921,-95.5733],[40.6702,-95.5903],[40.6753,-95.5941]]",0,1,county_code_unverified|timezone_not_normalized_to_utc
544552,90810,2014,2014-10-01T23:41:00,2014-10-02T20:04:00,CST-6,20.383333333333333,19,19137,C,137,MONTGOMERY,0,0,0,0,5000.00,10000.00,Heavy Rain,0,"[[40.585,-95.6326],[40.5861,-95.6538],[40.6056,-95.6508],[40.6301,-95.6332],[40.628,-95.6175]]",0,1,county_code_unverified|timezone_not_normalized_to_utc
544554,90804,2014,2014-08-28T10:30:00,2014-08-29T10:30:00,CST-6,24.0,31,31155,C,155,SAUNDERS,0,0,0,0,100000.00,100000.00,Heavy Rain,0,"[[41.2187,-96.6673],[41.1877,-96.655],[41.2024,-96.6151],[41.2208,-96.6052],[41.2233,-96.6392]]",0,1,county_code_unverified|timezone_not_normalized_to_utc
544607,90725,2014,2014-11-24T11:38:00,2014-11-24T14:00:00,EST-5,2.3666666666666667,18,18003,C,003,ALLEN,0,0,0,0,0.00,0.00,Heavy Rain,0,"[[41.1165,-85.2457],[41.0898,-85.2479],[41.0915,-85.2999],[41.1163,-85.2939]]",0,1,county_code_unverified|timezone_not_normalized_to_utc
544803,90800,2014,2014-10-08T08:30:00,2014-10-09T18:00:00,MST-7,33.5,04,04019,C,019,PIMA,0,0,0,0,25000.00,0.00,Heavy Rain / Tropical System,0,"[[32.3,-112.51],[32.6465,-112.4423],[32.68,-112.11],[32.78,-111.85],[31.66,-112.09],[31.8065,-112.5398]]",0,1,county_code_unverified|timezone_not_normalized_to_utc
544980,90899,2014,2014-10-14T22:00:00,2014-10-15T00:00:00,EST-5,2.0,37,37199,C,199,YANCEY,0,0,0,0,1000.00,0.00,Heavy Rain,0,"[[35.75,-82.22],[35.75,-82.21],[35.8904,-82.1724],[35.89,-82.19]]",0,1,county_code_unverified|timezone_not_normalized_to_utc
544981,90899,2014,2014-10-14T21:30:00,2014-10-15T01:00:00,EST-5,3.5,37,37089,C,089,HENDERSON,0,0,0,0,1000.00,0.00,Heavy Rain,0,"[[35.31,-82.46],[35.3102,-82.4569],[35.33,-82.44],[35.38,-82.41],[35.38,-82.42]]",0,1,county_code_unverified|timezone_not_normalized_to_utc
545734,91031,2014,2014-10-16T19:37:00,2014-10-16T21:12:00,EST-5,1.5833333333333333,33,33009,C,009,GRAFTON,0,0,0,0,0.00,0.00,Heavy Rain,0,"[[43.98,-71.68],[43.9803,-71.6794],[43.9812,-71.6804],[43.9808,-71.6812]]",0,1,county_code_unverified|timezone_not_normalized_to_utc
545917,91061,2014,2014-12-20T22:15:00,2014-12-21T12:00:00,PST-8,13.75,41,41011,C,011,COOS,0,0,0,0,0.00,0.00,Heavy Rain,0,"[[43.15,-123.86],[43.144,-123.8647],[43.1444,-123.8582],[43.1486,-123.8555]]",0,1,county_code_unverified|timezone_not_normalized_to_utc
545920,91063,2014,2014-12-21T15:30:00,2014-12-21T16:00:00,PST-8,0.5,41,41019,C,019,DOUGLAS,0,0,0,0,0.00,0.00,Heavy Rain,0,"[[42.97,-123.31],[42.93,-123.34],[42.9,-122.91],[43.03,-122.79],[42.95,-122.98],[42.99,-123.18]]",0,1,county_code_unverified|timezone_not_normalized_to_utc
545922,91064,2014,2014-12-21T20:30:00,2014-12-22T05:30:00,PST-8,9.0,41,41019,C,019,DOUGLAS,0,0,0,0,0.00,0.00,Heavy Rain,0,"[[43.08,-124.14],[43.06,-124.12],[43.07,-124.06],[43.14,-123.97],[43.12,-124.08]]",0,1,county_code_unverified|timezone_not_normalized_to_utc
545925,91066,2014,2014-12-21T12:30:00,2014-12-22T09:45:00,PST-8,21.25,41,41011,C,011,COOS,0,0,0,0,0.00,0.00,Heavy Rain,0,"[[43.08,-124.14],[43.06,-124.12],[43.07,-124.06],[43.14,-123.97],[43.12,-124.08]]",0,1,county_code_unverified|timezone_not_normalized_to_utc
545927,91065,2014,2014-12-21T12:00:00,2014-12-22T15:45:00,PST-8,27.75,41,41011,C,011,COOS,0,0,0,0,0.00,0.00,Heavy Rain,0,"[[42.93,-124.17],[42.87,-124.06],[43.02,-124.08],[43.08,-124.14],[43.07,-124.17]]",0,1,county_code_unverified|timezone_not_normalized_to_utc
545932,91067,2014,2014-12-21T12:30:00,2014-12-26T14:00:00,PST-8,121.5,41,41011,C,011,COOS,0,0,0,0,0.00,0.00,Heavy Rain,0,"[[43.12,-124.42],[43.07,-124.16],[43.1,-124.12],[43.23,-124.22],[43.16,-124.41]]",0,1,county_code_unverified|timezone_not_normalized_to_utc
545991,91082,2014,2014-10-16T22:00:00,2014-10-23T21:00:00,CST-6,167.0,05,05147,C,147,WOODRUFF,0,0,0,0,1000.00,0.00,Heavy Rain,0,"[[35.25,-91.23],[35.2849,-91.226],[35.2897,-91.2466],[35.2513,-91.2555]]",0,1,county_code_unverified|timezone_not_normalized_to_utc
546065,91113,2014,2014-10-23T15:30:00,2014-10-23T19:40:00,EST-5,4.166666666666667,12,12087,C,087,MONROE,0,0,0,0,0.00,0.00,Heavy Rain,0,"[[24.6658,-81.3495],[24.667,-81.3583],[24.6751,-81.3615],[24.6745,-81.353]]",0,1,county_code_unverified|timezone_not_normalized_to_utc
546168,91129,2014,2014-10-09T08:23:00,2014-10-09T14:23:00,CST-6,6.0,20,20005,C,005,ATCHISON,0,0,0,0,0.00,0.00,Heavy Rain,0,"[[39.58,-95.41],[39.5926,-95.4094],[39.5926,-95.4003],[39.5818,-95.4012]]",0,1,county_code_unverified|timezone_not_normalized_to_utc
546169,91129,2014,2014-10-09T08:30:00,2014-10-09T14:30:00,CST-6,6.0,20,20043,C,043,DONIPHAN,0,0,0,0,0.00,0.00,Heavy Rain,0,"[[39.64,-95.11],[39.636,-95.119],[39.6448,-95.1186],[39.646,-95.1111]]",0,1,county_code_unverified|timezone_not_normalized_to_utc
546255,91151,2014,2014-10-10T20:00:00,2014-10-10T22:00:00,CST-6,2.0,47,47037,C,037,DAVIDSON,0,0,0,0,0.00,0.00,Heavy Rain,0,"[[36.0662,-86.688],[36.0678,-86.6834],[36.0467,-86.659],[36.0462,-86.6629],[36.0548,-86.6768]]",0,1,county_code_unverified|timezone_not_normalized_to_utc
546311,91153,2014,2014-10-14T04:00:00,2014-10-14T10:00:00,CST-6,6.0,47,47149,C,149,RUTHERFORD,0,0,0,0,10000.00,0.00,Heavy Rain,0,"[[35.7213,-86.6711],[35.7538,-86.6574],[35.9448,-86.315],[35.7187,-86.3176]]",0,1,county_code_unverified|timezone_not_normalized_to_utc
546317,91154,2014,2014-10-22T21:50:00,2014-10-22T23:20:00,EST-5,1.5,25,25017,C,017,MIDDLESEX,0,0,0,0,20000.00,0.00,Heavy Rain,0,"[[42.3011,-71.3622],[42.3013,-71.358],[42.2794,-71.3487],[42.2813,-71.3541]]",0,1,county_code_unverified|timezone_not_normalized_to_utc
546319,91154,2014,2014-10-22T22:10:00,2014-10-23T00:00:00,EST-5,1.8333333333333333,25,25021,C,021,NORFOLK,0,0,0,0,0.00,0.00,Heavy Rain,0,"[[42.1544,-71.0096],[42.1538,-71.0054],[42.1418,-71.0045],[42.1412,-71.0098]]",0,1,county_code_unverified|timezone_not_normalized_to_utc
546322,91154,2014,2014-10-22T23:25:00,2014-10-23T00:25:00,EST-5,1.0,25,25005,C,005,BRISTOL,0,0,0,0,0.00,0.00,Heavy Rain,0,"[[41.9455,-71.0711],[41.9474,-71.0772],[41.9562,-71.072],[41.955,-71.0671]]",0,1,county_code_unverified|timezone_not_normalized_to_utc
546324,91154,2014,2014-10-22T23:47:00,2014-10-23T00:35:00,EST-5,0.8,25,25023,C,023,PLYMOUTH,0,0,0,0,0.00,0.00,Heavy Rain,0,"[[41.88,-70.92],[42.0903,-71.109],[42.1045,-70.9634],[41.9004,-70.8508]]",0,1,county_code_unverified|timezone_not_normalized_to_utc
546407,91154,2014,2014-10-23T03:30:00,2014-10-23T04:55:00,EST-5,1.4166666666666667,25,25009,C,009,ESSEX,0,0,0,0,30000.00,0.00,Heavy Rain,0,"[[42.4459,-70.9648],[42.4692,-70.984],[42.5407,-70.9349],[42.5269,-70.9003]]",0,1,county_code_unverified|timezone_not_normalized_to_utc
546408,91154,2014,2014-10-23T05:04:00,2014-10-23T06:36:00,EST-5,1.5333333333333334,25,25025,C,025,SUFFOLK,0,0,0,0,30000.00,0.00,Heavy Rain,0,"[[42.377,-71.0366],[42.38,-71.03],[42.3923,-71.0238],[42.396,-71.0407]]",0,1,county_code_unverified|timezone_not_normalized_to_utc
546409,91154,2014,2014-10-23T05:25:00,2014-10-23T06:29:00,EST-5,1.0666666666666667,25,25021,C,021,NORFOLK,0,0,0,0,0.00,0.00,Heavy Rain,0,"[[42.22,-71.02],[42.2171,-70.9858],[42.1818,-70.9717],[42.1917,-71.0266]]",0,1,county_code_unverified|timezone_not_normalized_to_utc
546411,91154,2014,2014-10-23T06:00:00,2014-10-23T07:00:00,EST-5,1.0,25,25009,C,009,ESSEX,0,0,0,0,0.00,0.00,Heavy Rain,0,"[[42.704,-71.2081],[42.7031,-71.2125],[42.7076,-71.213],[42.7069,-71.2085]]",0,1,county_code_unverified|timezone_not_normalized_to_utc
546412,91154,2014,2014-10-23T06:02:00,2014-10-23T07:02:00,EST-5,1.0,25,25017,C,017,MIDDLESEX,0,0,0,0,0.00,0.00,Heavy Rain,0,"[[42.3283,-71.2472],[42.3269,-71.2573],[42.3454,-71.2669],[42.3499,-71.2566]]",0,1,county_code_unverified|timezone_not_normalized_to_utc
546413,91154,2014,2014-10-23T06:19:00,2014-10-23T07:19:00,EST-5,1.0,25,25027,C,027,WORCESTER,0,0,0,0,200000.00,0.00,Heavy Rain,0,"[[42.15,-71.77],[42.135,-71.7311],[42.3079,-71.6872],[42.303,-71.7455],[42.2933,-71.7887]]",0,1,county_code_unverified|timezone_not_normalized_to_utc
546416,91154,2014,2014-10-23T09:28:00,2014-10-23T10:30:00,EST-5,1.0333333333333334,25,25009,C,009,ESSEX,0,0,0,0,0.00,0.00,Heavy Rain,0,"[[42.5807,-70.9192],[42.5655,-70.9119],[42.5579,-70.9528],[42.5842,-70.9477]]",0,1,county_code_unverified|timezone_not_normalized_to_utc
546417,91154,2014,2014-10-23T09:00:00,2014-10-23T10:00:00,EST-5,1.0,25,25027,C,027,WORCESTER,0,0,0,0,0.00,0.00,Heavy Rain,0,"[[42.5531,-71.8375],[42.5698,-71.7654],[42.6178,-71.7716],[42.6173,-71.8424]]",0,1,county_code_unverified|timezone_not_normalized_to_utc
546424,91158,2014,2014-10-22T20:50:00,2014-10-22T21:51:00,EST-5,1.0166666666666666,44,44007,C,007,PROVIDENCE,0,0,0,0,30000.00,0.00,Heavy Rain,0,"[[41.8062,-71.3837],[41.7954,-71.4276],[41.8261,-71.4496],[41.8512,-71.3857]]",0,1,county_code_unverified|timezone_not_normalized_to_utc
546425,91158,2014,2014-10-22T21:12:00,2014-10-22T22:12:00,EST-5,1.0,44,44003,C,003,KENT,0,0,0,0,0.00,0.00,Heavy Rain,0,"[[41.7014,-71.5454],[41.6937,-71.5969],[41.657,-71.5945],[41.6617,-71.5368]]",0,1,county_code_unverified|timezone_not_normalized_to_utc
546564,91193,2014,2014-10-20T12:50:00,2014-10-20T13:50:00,CST-6,1.0,48,48409,C,409,SAN PATRICIO,0,0,0,0,0.00,0.00,Heavy Rain,0,"[[27.87,-97.2],[27.8768,-97.2203],[27.8863,-97.2108],[27.8807,-97.1997]]",0,1,county_code_unverified|timezone_not_normalized_to_utc
546829,91245,2014,2014-12-20T19:15:00,2014-12-21T08:15:00,PST-8,13.0,53,53069,C,069,WAHKIAKUM,0,0,0,0,0.00,0.00,Heavy Rain,0,"[[46.33,-123.63],[46.3351,-123.6374],[46.33,-123.651],[46.3223,-123.6411]]",0,1,county_code_unverified|timezone_not_normalized_to_utc
546869,91246,2014,2014-12-20T22:45:00,2014-12-21T01:30:00,PST-8,2.75,41,41041,C,041,LINCOLN,0,0,0,0,0.00,0.00,Heavy Rain,0,"[[44.72,-123.9],[44.72,-123.9204],[44.7117,-123.9282],[44.71,-123.8942]]",0,1,county_code_unverified|timezone_not_normalized_to_utc
546870,91246,2014,2014-12-20T23:15:00,2014-12-21T12:00:00,PST-8,12.75,41,41039,C,039,LANE,0,0,0,0,0.00,0.00,Heavy Rain,0,"[[44.0372,-123.87],[44.0126,-123.87],[44.0147,-123.8487],[44.0402,-123.8558]]",0,1,county_code_unverified|timezone_not_normalized_to_utc
546871,91246,2014,2014-12-20T22:30:00,2014-12-21T02:30:00,PST-8,4.0,41,41041,C,041,LINCOLN,0,0,0,0,0.00,0.00,Heavy Rain,0,"[[44.42,-123.9],[44.4047,-123.9215],[44.3838,-123.9],[44.3944,-123.8642]]",0,1,county_code_unverified|timezone_not_normalized_to_utc
546872,91246,2014,2014-12-20T18:30:00,2014-12-21T10:45:00,PST-8,16.25,41,41057,C,057,TILLAMOOK,0,0,0,0,0.00,0.00,Heavy Rain,0,"[[45.4428,-123.85],[45.45,-123.8603],[45.4536,-123.85],[45.4449,-123.8427]]",0,1,county_code_unverified|timezone_not_normalized_to_utc
546873,91246,2014,2014-12-21T08:30:00,2014-12-21T14:00:00,PST-8,5.5,41,41005,C,005,CLACKAMAS,0,0,0,0,0.00,0.00,Heavy Rain,0,"[[45.28,-122.3403],[45.2979,-122.3555],[45.3001,-122.3418],[45.2698,-122.3155]]",0,1,county_code_unverified|timezone_not_normalized_to_utc
546874,91246,2014,2014-12-21T08:20:00,2014-12-22T05:00:00,PST-8,20.666666666666668,41,41053,C,053,POLK,0,0,0,0,0.00,0.00,Heavy Rain,0,"[[44.75,-123.2204],[44.7542,-123.1859],[44.7767,-123.2156],[44.7654,-123.2216]]",0,1,county_code_unverified|timezone_not_normalized_to_utc
546875,91246,2014,2014-12-21T08:30:00,2014-12-22T17:30:00,PST-8,33.0,41,41003,C,003,BENTON,0,0,0,0,0.00,0.00,Heavy Rain,0,"[[44.53,-123.3497],[44.5198,-123.3557],[44.5272,-123.3794],[44.5402,-123.3844]]",0,1,county_code_unverified|timezone_not_normalized_to_utc
547208,91306,2014,2014-11-30T10:00:00,2014-11-30T10:00:00,PST-8,0.0,06,06001,C,001,ALAMEDA,0,0,0,0,2000.00,0.00,Heavy Rain,0,"[[37.7029,-121.9095],[37.7002,-121.9085],[37.7009,-121.9026],[37.7026,-121.9035]]",0,1,county_code_unverified|timezone_not_normalized_to_utc
547263,91309,2014,2014-12-11T02:00:00,2014-12-11T02:00:00,PST-8,0.0,06,06097,C,097,SONOMA,0,0,0,0,0.00,0.00,Heavy Rain,0,"[[38.5636,-122.824],[38.5634,-122.8258],[38.562,-122.824],[38.5622,-122.8227]]",0,1,county_code_unverified|timezone_not_normalized_to_utc
547264,91309,2014,2014-12-11T04:29:00,2014-12-11T04:29:00,PST-8,0.0,06,06097,C,097,SONOMA,0,0,0,0,0.00,0.00,Heavy Rain,0,"[[38.35,-122.72],[38.3477,-122.7199],[38.348,-122.716],[38.3505,-122.716]]",0,1,county_code_unverified|timezone_not_normalized_to_utc
547268,91309,2014,2014-12-11T04:30:00,2014-12-11T04:30:00,PST-8,0.0,06,06041,C,041,MARIN,0,0,0,0,0.00,0.00,Heavy Rain,0,"[[37.9409,-122.5152],[37.9409,-122.5165],[37.9403,-122.5165],[37.9405,-122.5156]]",0,1,county_code_unverified|timezone_not_normalized_to_utc
547277,91309,2014,2014-12-11T05:18:00,2014-12-11T05:18:00,PST-8,0.0,06,06097,C,097,SONOMA,0,0,0,0,1000.00,0.00,Heavy Rain,0,"[[38.6098,-122.8733],[38.6073,-122.871],[38.6088,-122.8697],[38.61,-122.8716]]",0,1,county_code_unverified|timezone_not_normalized_to_utc
547278,91309,2014,2014-12-11T06:25:00,2014-12-11T06:25:00,PST-8,0.0,06,06097,C,097,SONOMA,0,0,0,0,1000.00,0.00,Heavy Rain,0,"[[38.6141,-122.8721],[38.6157,-122.8705],[38.6141,-122.8692],[38.6132,-122.8701]]",0,1,county_code_unverified|timezone_not_normalized_to_utc
547279,91309,2014,2014-12-11T07:11:00,2014-12-11T07:11:00,PST-8,0.0,06,06097,C,097,SONOMA,0,0,0,0,0.00,0.00,Heavy Rain,0,"[[38.5342,-122.7683],[38.53,-122.77],[38.5317,-122.763],[38.5346,-122.7649]]",0,1,county_code_unverified|timezone_not_normalized_to_utc
547280,91309,2014,2014-12-11T07:23:00,2014-12-11T07:23:00,PST-8,0.0,06,06055,C,055,NAPA,0,0,0,0,0.00,0.00,Heavy Rain,0,"[[38.2802,-122.3005],[38.2797,-122.3002],[38.2798,-122.2997],[38.2802,-122.2997]]",0,1,county_code_unverified|timezone_not_normalized_to_utc
547282,91309,2014,2014-12-11T12:29:00,2014-12-11T12:29:00,PST-8,0.0,06,06053,C,053,MONTEREY,0,0,0,0,1500.00,0.00,Heavy Rain,0,"[[36.7994,-121.7849],[36.8002,-121.7851],[36.7999,-121.784],[36.7997,-121.7839]]",0,1,county_code_unverified|timezone_not_normalized_to_utc
547283,91309,2014,2014-12-11T12:47:00,2014-12-11T12:47:00,PST-8,0.0,06,06085,C,085,SANTA CLARA,0,0,0,0,0.00,0.00,Heavy Rain,0,"[[37.24,-121.77],[37.2439,-121.7703],[37.242,-121.7663],[37.24,-121.7676]]",0,1,county_code_unverified|timezone_not_normalized_to_utc
547285,91309,2014,2014-12-11T13:05:00,2014-12-11T13:05:00,PST-8,0.0,06,06085,C,085,SANTA CLARA,0,0,0,0,0.00,0.00,Heavy Rain,0,"[[37.3145,-121.9126],[37.3143,-121.9124],[37.3145,-121.911],[37.3146,-121.9112]]",0,1,county_code_unverified|timezone_not_normalized_to_utc
547286,91309,2014,2014-12-11T13:15:00,2014-12-11T13:15:00,PST-8,0.0,06,06053,C,053,MONTEREY,0,0,0,0,0.00,0.00,Heavy Rain,0,"[[36.8312,-121.7713],[36.831,-121.7707],[36.8308,-121.7707],[36.8308,-121.7713]]",0,1,county_code_unverified|timezone_not_normalized_to_utc
547287,91309,2014,2014-12-11T14:06:00,2014-12-11T14:06:00,PST-8,0.0,06,06053,C,053,MONTEREY,0,0,0,0,0.00,0.00,Heavy Rain,0,"[[36.79,-121.7],[36.7886,-121.7009],[36.7885,-121.7025],[36.7909,-121.7023]]",0,1,county_code_unverified|timezone_not_normalized_to_utc
547288,91309,2014,2014-12-11T15:15:00,2014-12-11T15:15:00,PST-8,0.0,06,06001,C,001,ALAMEDA,0,0,0,0,0.00,0.00,Heavy Rain,0,"[[37.6372,-122.0967],[37.6417,-122.0945],[37.642,-122.0959],[37.6385,-122.0977]]",0,1,county_code_unverified|timezone_not_normalized_to_utc
547290,91309,2014,2014-12-11T15:15:00,2014-12-11T15:15:00,PST-8,0.0,06,06001,C,001,ALAMEDA,0,0,0,0,45000.00,0.00,Heavy Rain,0,"[[37.8494,-122.2954],[37.8491,-122.2952],[37.8493,-122.2949],[37.8495,-122.295]]",0,1,county_code_unverified|timezone_not_normalized_to_utc
547291,91309,2014,2014-12-11T15:15:00,2014-12-11T15:15:00,PST-8,0.0,06,06097,C,097,SONOMA,0,0,0,0,0.00,0.00,Heavy Rain,0,"[[38.407,-122.7369],[38.4069,-122.7326],[38.4023,-122.7325],[38.4018,-122.7369]]",0,1,county_code_unverified|timezone_not_normalized_to_utc
547293,91309,2014,2014-12-11T16:53:00,2014-12-11T16:53:00,PST-8,0.0,06,06041,C,041,MARIN,0,0,0,0,0.00,0.00,Heavy Rain,0,"[[37.862,-122.5734],[37.8669,-122.5781],[37.8839,-122.5543],[37.88,-122.5511]]",0,1,county_code_unverified|timezone_not_normalized_to_utc
547295,91309,2014,2014-12-11T18:54:00,2014-12-11T18:54:00,PST-8,0.0,06,06097,C,097,SONOMA,0,0,0,0,0.00,0.00,Heavy Rain,0,"[[38.2464,-122.4362],[38.2456,-122.4353],[38.2459,-122.434],[38.2464,-122.4341]]",0,1,county_code_unverified|timezone_not_normalized_to_utc
547299,91309,2014,2014-12-11T18:54:00,2014-12-11T18:54:00,PST-8,0.0,06,06097,C,097,SONOMA,0,0,0,0,5000.00,0.00,Heavy Rain,0,"[[38.67,-122.82],[38.6598,-122.8378],[38.7119,-122.9],[38.7171,-122.889]]",0,1,county_code_unverified|timezone_not_normalized_to_utc
547300,91309,2014,2014-12-11T19:30:00,2014-12-11T19:30:00,PST-8,0.0,06,06053,C,053,MONTEREY,0,0,0,0,30000.00,0.00,Heavy Rain,0,"[[36.7328,-121.6467],[36.7317,-121.6468],[36.7305,-121.6426],[36.7317,-121.6423]]",0,1,county_code_unverified|timezone_not_normalized_to_utc
547303,91309,2014,2014-12-11T22:30:00,2014-12-11T22:30:00,PST-8,0.0,06,06081,C,081,SAN MATEO,0,0,0,0,0.00,0.00,Heavy Rain,0,"[[37.4671,-122.1548],[37.4827,-122.1823],[37.4843,-122.1778],[37.4696,-122.1539]]",0,1,county_code_unverified|timezone_not_normalized_to_utc
547367,91326,2014,2014-12-06T14:30:00,2014-12-06T20:00:00,EST-5,5.5,54,54061,C,061,MONONGALIA,0,0,0,0,2000.00,0.00,Heavy Rain,0,"[[39.6256,-79.9451],[39.6246,-79.9454],[39.6243,-79.9443],[39.6251,-79.9442]]",0,1,county_code_unverified|timezone_not_normalized_to_utc
547588,91346,2014,2014-12-07T21:00:00,2014-12-13T02:00:00,CST-6,125.0,18,18051,C,051,GIBSON,0,0,0,0,2000.00,0.00,Heavy Rain,0,"[[38.4899,-87.5446],[38.4996,-87.5337],[38.5004,-87.5097],[38.4931,-87.5244]]",0,1,county_code_unverified|timezone_not_normalized_to_utc
547589,91346,2014,2014-12-07T06:00:00,2014-12-12T03:00:00,EST-5,117.0,18,18125,C,125,PIKE,0,0,0,0,3000.00,0.00,Heavy Rain,0,"[[38.5,-87.28],[38.5092,-87.2908],[38.5243,-87.2586],[38.5417,-87.2359],[38.5372,-87.2119]]",0,1,county_code_unverified|timezone_not_normalized_to_utc
547647,91369,2014,2014-11-23T20:25:00,2014-11-24T00:00:00,EST-5,3.5833333333333335,37,37089,C,089,HENDERSON,0,0,0,0,1000.00,0.00,Heavy Rain,0,"[[35.3131,-82.4576],[35.3124,-82.4555],[35.3,-82.46],[35.3012,-82.4629]]",0,1,county_code_unverified|timezone_not_normalized_to_utc
547648,91369,2014,2014-11-23T22:00:00,2014-11-24T06:00:00,EST-5,8.0,37,37175,C,175,TRANSYLVANIA,0,0,0,0,1000.00,0.00,Heavy Rain,0,"[[35.2069,-82.6359],[35.2038,-82.6338],[35.2006,-82.6414],[35.1959,-82.6428],[35.1964,-82.645],[35.2018,-82.6438]]",0,1,county_code_unverified|timezone_not_normalized_to_utc
547950,91428,2014,2014-12-05T00:20:00,2014-12-05T03:21:00,CST-6,3.0166666666666666,55,55021,C,021,COLUMBIA,0,0,0,0,5000.00,0.00,Ice Jam,0,"[[43.5147,-89.4573],[43.5095,-89.4421],[43.4979,-89.4409],[43.497,-89.4341],[43.5076,-89.4323],[43.518,-89.4383]]",0,1,county_code_unverified|timezone_not_normalized_to_utc
548153,91475,2014,2014-11-22T10:30:00,2014-11-22T10:45:00,CST-6,0.25,48,48001,C,001,ANDERSON,0,0,0,0,15000.00,0.00,Heavy Rain,0,"[[31.6726,-95.7553],[31.6734,-95.7536],[31.6725,-95.7529],[31.6722,-95.7544]]",0,1,county_code_unverified|timezone_not_normalized_to_utc
548332,91519,2014,2014-11-04T05:00:00,2014-11-04T11:00:00,AST-4,6.0,99,,C,013,ARECIBO,0,0,0,0,0.00,0.00,Heavy Rain,0,"[[18.3826,-66.6845],[18.3686,-66.6855],[18.3715,-66.6771],[18.3858,-66.6777]]",0,1,requires_crosswalk_or_marine_review|timezone_not_normalized_to_utc
548336,91519,2014,2014-11-04T11:30:00,2014-11-04T12:45:00,AST-4,1.25,99,,C,145,VEGA BAJA,0,0,0,0,0.00,0.00,Heavy Rain,0,"[[18.4035,-66.3443],[18.4088,-66.344],[18.4084,-66.3406],[18.403,-66.3437]]",0,1,requires_crosswalk_or_marine_review|timezone_not_normalized_to_utc
548338,91519,2014,2014-11-04T12:49:00,2014-11-04T15:45:00,AST-4,2.933333333333333,99,,C,127,SAN JUAN,0,0,0,0,0.00,0.00,Heavy Rain,0,"[[18.4531,-66.0566],[18.4396,-66.0574],[18.4435,-66.0486],[18.4506,-66.0512]]",0,1,requires_crosswalk_or_marine_review|timezone_not_normalized_to_utc
548361,91523,2014,2014-11-07T08:31:00,2014-11-07T16:45:00,AST-4,8.233333333333333,99,,C,017,BARCELONETA,0,0,0,0,0.00,0.00,Heavy Rain,0,"[[18.4331,-66.5524],[18.4338,-66.5495],[18.433,-66.5496],[18.4328,-66.5525]]",0,1,requires_crosswalk_or_marine_review|timezone_not_normalized_to_utc
548377,91523,2014,2014-11-07T08:41:00,2014-11-07T13:45:00,AST-4,5.066666666666666,99,,C,031,CAROLINA,0,0,0,0,0.00,0.00,Heavy Rain,0,"[[18.3774,-65.9808],[18.3776,-65.9798],[18.3783,-65.9796],[18.3779,-65.9815]]",0,1,requires_crosswalk_or_marine_review|timezone_not_normalized_to_utc
548443,91523,2014,2014-11-07T09:12:00,2014-11-07T18:15:00,AST-4,9.05,99,,C,025,CAGUAS,0,0,0,0,0.00,0.00,Heavy Rain,0,"[[18.2372,-66.0413],[18.2376,-66.044],[18.2384,-66.0437],[18.2386,-66.0419]]",0,1,requires_crosswalk_or_marine_review|timezone_not_normalized_to_utc
548449,91536,2014,2014-12-03T20:11:00,2014-12-03T21:15:00,AST-4,1.0666666666666667,99,,C,103,NAGUABO,0,0,0,0,0.00,0.00,Heavy Rain,0,"[[18.2147,-65.7313],[18.2146,-65.7274],[18.2128,-65.7284],[18.2131,-65.7309]]",0,1,requires_crosswalk_or_marine_review|timezone_not_normalized_to_utc
548457,91540,2014,2014-12-15T04:00:00,2014-12-15T04:15:00,AST-4,0.25,99,,C,071,ISABELA,0,0,0,0,0.00,0.00,Heavy Rain,0,"[[18.5105,-67.0974],[18.5107,-67.0944],[18.5093,-67.0955],[18.509,-67.0963],[18.5093,-67.098]]",0,1,requires_crosswalk_or_marine_review|timezone_not_normalized_to_utc
548467,91540,2014,2014-12-16T07:44:00,2014-12-16T12:15:00,AST-4,4.516666666666667,99,,C,031,CAROLINA,0,0,0,0,0.00,0.00,Heavy Rain,0,"[[18.4061,-65.9598],[18.4066,-65.9595],[18.4065,-65.9589],[18.4061,-65.9591],[18.4059,-65.9595]]",0,1,requires_crosswalk_or_marine_review|timezone_not_normalized_to_utc
548469,91540,2014,2014-12-16T07:46:00,2014-12-16T12:48:00,AST-4,5.033333333333333,99,,C,127,SAN JUAN,0,0,0,0,0.00,0.00,Heavy Rain,0,"[[18.4441,-66.0735],[18.4439,-66.073],[18.4436,-66.0732],[18.4439,-66.0734]]",0,1,requires_crosswalk_or_marine_review|timezone_not_normalized_to_utc
548470,91540,2014,2014-12-16T07:46:00,2014-12-16T12:58:00,AST-4,5.2,99,,C,031,CAROLINA,0,0,0,0,0.00,0.00,Heavy Rain,0,"[[18.4511,-66.068],[18.4508,-66.0676],[18.4504,-66.0679],[18.4506,-66.0683],[18.451,-66.0684]]",0,1,requires_crosswalk_or_marine_review|timezone_not_normalized_to_utc
549006,91523,2014,2014-11-07T09:16:00,2014-11-07T16:30:00,AST-4,7.233333333333333,99,,C,031,CAROLINA,0,0,0,0,0.00,0.00,Heavy Rain,0,"[[18.3851,-65.9778],[18.3864,-65.9784],[18.386,-65.9791],[18.3848,-65.9783]]",0,1,requires_crosswalk_or_marine_review|timezone_not_normalized_to_utc
549007,91523,2014,2014-11-07T09:44:00,2014-11-07T20:30:00,AST-4,10.766666666666667,99,,C,103,NAGUABO,0,0,0,0,0.00,0.00,Heavy Rain,0,"[[18.2178,-65.7308],[18.2158,-65.7305],[18.216,-65.7321],[18.218,-65.7319]]",0,1,requires_crosswalk_or_marine_review|timezone_not_normalized_to_utc
549008,91523,2014,2014-11-07T10:52:00,2014-11-07T20:30:00,AST-4,9.633333333333333,99,,C,103,NAGUABO,0,0,0,0,0.00,0.00,Heavy Rain,0,"[[18.2143,-65.7309],[18.2127,-65.7295],[18.2127,-65.731],[18.2142,-65.7314]]",0,1,requires_crosswalk_or_marine_review|timezone_not_normalized_to_utc
549727,91724,2014,2014-11-17T18:08:00,2014-11-17T18:30:00,EST-5,0.36666666666666664,25,25005,C,005,BRISTOL,0,0,0,0,0.00,0.00,Heavy Rain,0,"[[41.6504,-70.9299],[41.6518,-70.9249],[41.6556,-70.9268],[41.6551,-70.9316]]",0,1,county_code_unverified|timezone_not_normalized_to_utc
549732,91724,2014,2014-11-17T18:58:00,2014-11-17T19:15:00,EST-5,0.2833333333333333,25,25023,C,023,PLYMOUTH,0,0,0,0,0.00,0.00,Heavy Rain,0,"[[41.7096,-70.7719],[41.7094,-70.7708],[41.7086,-70.771],[41.7088,-70.7718]]",0,1,county_code_unverified|timezone_not_normalized_to_utc
549733,91724,2014,2014-11-17T19:06:00,2014-11-17T19:06:00,EST-5,0.0,25,25001,C,001,BARNSTABLE,0,0,0,0,10000.00,0.00,Heavy Rain,0,"[[41.65,-70.3],[41.6607,-70.3001],[41.6609,-70.3012],[41.6529,-70.3031]]",0,1,county_code_unverified|timezone_not_normalized_to_utc
549734,91724,2014,2014-11-17T19:06:00,2014-11-17T19:30:00,EST-5,0.4,25,25007,C,007,DUKES,0,0,0,0,0.00,0.00,Heavy Rain,0,"[[41.392,-70.5151],[41.3921,-70.5143],[41.3911,-70.514],[41.3914,-70.5147]]",0,1,county_code_unverified|timezone_not_normalized_to_utc
549736,91724,2014,2014-11-17T21:35:00,2014-11-17T22:00:00,EST-5,0.4166666666666667,25,25019,C,019,NANTUCKET,0,0,0,0,0.00,0.00,Heavy Rain,0,"[[41.2845,-70.1005],[41.2857,-70.0969],[41.2792,-70.0928],[41.279,-70.0959]]",0,1,county_code_unverified|timezone_not_normalized_to_utc
549759,91309,2014,2014-12-11T20:00:00,2014-12-11T20:00:00,PST-8,0.0,06,06053,C,053,MONTEREY,0,0,0,0,5000.00,0.00,Heavy Rain,0,"[[36.7997,-121.7851],[36.7981,-121.7853],[36.7983,-121.7848],[36.8,-121.7841]]",0,1,county_code_unverified|timezone_not_normalized_to_utc
550021,91473,2014,2014-12-11T11:45:00,2014-12-11T20:00:00,PST-8,8.25,06,06089,C,089,SHASTA,0,0,0,0,50000.00,0.00,Heavy Rain,0,"[[40.61,-122.37],[40.6146,-122.3731],[40.6153,-122.3704],[40.6128,-122.3688]]",0,1,county_code_unverified|timezone_not_normalized_to_utc
550090,91523,2014,2014-11-07T11:00:00,2014-11-07T20:00:00,AST-4,9.0,99,,C,025,CAGUAS,0,0,0,0,0.00,0.00,Heavy Rain,0,"[[18.2106,-66.0469],[18.212,-66.0454],[18.2107,-66.0454],[18.2103,-66.0464]]",0,1,requires_crosswalk_or_marine_review|timezone_not_normalized_to_utc
550091,91523,2014,2014-11-07T11:11:00,2014-11-07T20:30:00,AST-4,9.316666666666666,99,,C,061,GUAYNABO,0,0,0,0,0.00,0.00,Heavy Rain,0,"[[18.4109,-66.1039],[18.4101,-66.1051],[18.4096,-66.1045],[18.4107,-66.1034]]",0,1,requires_crosswalk_or_marine_review|timezone_not_normalized_to_utc
550092,91523,2014,2014-11-07T11:26:00,2014-11-07T20:30:00,AST-4,9.066666666666666,99,,C,025,CAGUAS,0,0,0,0,0.00,0.00,Heavy Rain,0,"[[18.138,-66.0428],[18.14,-66.0413],[18.1384,-66.0401],[18.137,-66.0424]]",0,1,requires_crosswalk_or_marine_review|timezone_not_normalized_to_utc
550093,91523,2014,2014-11-07T14:51:00,2014-11-07T21:30:00,AST-4,6.65,99,,C,143,VEGA ALTA,0,0,0,0,0.00,0.00,Heavy Rain,0,"[[18.4045,-66.3443],[18.4009,-66.345],[18.4016,-66.343],[18.4064,-66.3426]]",0,1,requires_crosswalk_or_marine_review|timezone_not_normalized_to_utc
550254,91819,2014,2014-11-24T06:45:00,2014-11-25T06:15:00,EST-5,23.5,36,36029,C,029,ERIE,0,0,0,0,500000.00,0.00,Heavy Rain / Snow Melt,0,"[[42.9088,-78.9024],[42.9902,-78.6401],[42.8374,-78.6017],[42.5382,-78.8269],[42.5901,-79.1139]]",0,1,county_code_unverified|timezone_not_normalized_to_utc
550255,91819,2014,2014-11-24T10:45:00,2014-11-25T12:15:00,EST-5,25.5,36,36037,C,037,GENESEE,0,0,0,0,100000.00,0.00,Heavy Rain / Snow Melt,0,"[[42.9766,-78.1938],[42.9795,-78.1743],[42.9938,-78.1892],[42.9951,-78.1964]]",0,1,county_code_unverified|timezone_not_normalized_to_utc
550438,89771,2014,2014-10-08T00:30:00,2014-10-08T01:30:00,EST-5,1.0,21,21133,C,133,LETCHER,0,0,0,0,5000.00,0.00,Heavy Rain,0,"[[37.18,-82.7],[37.1707,-82.7171],[37.1822,-82.7229],[37.2007,-82.7119]]",0,1,county_code_unverified|timezone_not_normalized_to_utc
550516,91540,2014,2014-12-16T09:30:00,2014-12-16T12:58:00,AST-4,3.466666666666667,99,,C,127,SAN JUAN,0,0,0,0,0.00,0.00,Heavy Rain,0,"[[18.434,-66.0501],[18.434,-66.0495],[18.4334,-66.0495],[18.4332,-66.0498],[18.4334,-66.0502]]",0,1,requires_crosswalk_or_marine_review|timezone_not_normalized_to_utc
551180,91980,2014,2014-12-09T13:51:00,2014-12-11T05:52:00,EST-5,40.016666666666666,34,34035,C,035,SOMERSET,0,0,0,0,0.00,0.00,Heavy Rain,0,"[[40.4401,-74.6199],[40.4334,-74.621],[40.4315,-74.6151],[40.4441,-74.6048],[40.4571,-74.5852],[40.4599,-74.5938]]",0,1,county_code_unverified|timezone_not_normalized_to_utc
551343,92027,2014,2014-12-02T07:32:00,2014-12-02T07:32:00,PST-8,0.0,06,06081,C,081,SAN MATEO,0,0,0,0,0.00,0.00,Heavy Rain,0,"[[37.5266,-122.3604],[37.5232,-122.3577],[37.5238,-122.3541],[37.5268,-122.3582]]",0,1,county_code_unverified|timezone_not_normalized_to_utc
551344,92027,2014,2014-12-02T07:37:00,2014-12-02T07:37:00,PST-8,0.0,06,06085,C,085,SANTA CLARA,0,0,0,0,0.00,0.00,Heavy Rain,0,"[[37.4228,-122.1669],[37.4232,-122.1622],[37.4221,-122.162],[37.422,-122.1655]]",0,1,county_code_unverified|timezone_not_normalized_to_utc
551345,92027,2014,2014-12-02T07:45:00,2014-12-02T07:45:00,PST-8,0.0,06,06075,C,075,SAN FRANCISCO,0,0,0,0,0.00,0.00,Heavy Rain,0,"[[37.7243,-122.402],[37.7236,-122.4016],[37.7236,-122.4012],[37.7243,-122.4015]]",0,1,county_code_unverified|timezone_not_normalized_to_utc
551346,92027,2014,2014-12-02T07:50:00,2014-12-02T07:50:00,PST-8,0.0,06,06085,C,085,SANTA CLARA,0,0,0,0,0.00,0.00,Heavy Rain,0,"[[37.32,-121.89],[37.3249,-121.898],[37.3255,-121.8893],[37.3222,-121.8882]]",0,1,county_code_unverified|timezone_not_normalized_to_utc
551347,92027,2014,2014-12-02T08:14:00,2014-12-02T08:14:00,PST-8,0.0,06,06085,C,085,SANTA CLARA,0,0,0,0,0.00,0.00,Heavy Rain,0,"[[37.423,-122.1431],[37.4241,-122.1421],[37.4225,-122.14],[37.422,-122.1407]]",0,1,county_code_unverified|timezone_not_normalized_to_utc
551348,92027,2014,2014-12-02T08:35:00,2014-12-02T08:35:00,PST-8,0.0,06,06081,C,081,SAN MATEO,0,0,0,0,0.00,0.00,Heavy Rain,0,"[[37.62,-122.4],[37.6309,-122.4028],[37.631,-122.4018],[37.6228,-122.3993]]",0,1,county_code_unverified|timezone_not_normalized_to_utc
551349,92027,2014,2014-12-02T08:40:00,2014-12-02T08:40:00,PST-8,0.0,06,06001,C,001,ALAMEDA,0,0,0,0,0.00,0.00,Heavy Rain,0,"[[37.7005,-121.7708],[37.7023,-121.7699],[37.7035,-121.7586],[37.7023,-121.7598]]",0,1,county_code_unverified|timezone_not_normalized_to_utc
551350,92027,2014,2014-12-03T04:20:00,2014-12-03T04:20:00,PST-8,0.0,06,06075,C,075,SAN FRANCISCO,0,0,0,0,0.00,0.00,Heavy Rain,0,"[[37.7504,-122.405],[37.7485,-122.4048],[37.7485,-122.4027],[37.7498,-122.4025]]",0,1,county_code_unverified|timezone_not_normalized_to_utc
551351,92027,2014,2014-12-03T05:40:00,2014-12-03T05:40:00,PST-8,0.0,06,06075,C,075,SAN FRANCISCO,0,0,0,0,0.00,0.00,Heavy Rain,0,"[[37.7753,-122.4191],[37.7754,-122.4188],[37.7752,-122.4185],[37.7751,-122.4191]]",0,1,county_code_unverified|timezone_not_normalized_to_utc
551352,92027,2014,2014-12-03T07:20:00,2014-12-03T07:20:00,PST-8,0.0,06,06041,C,041,MARIN,0,0,0,0,0.00,0.00,Heavy Rain,0,"[[38.0484,-122.5307],[38.0486,-122.533],[38.0505,-122.5318],[38.0499,-122.5309]]",0,1,county_code_unverified|timezone_not_normalized_to_utc
551353,92027,2014,2014-12-03T07:30:00,2014-12-03T07:30:00,PST-8,0.0,06,06075,C,075,SAN FRANCISCO,0,0,0,0,0.00,0.00,Heavy Rain,0,"[[37.7473,-122.4256],[37.7473,-122.4242],[37.747,-122.4244],[37.7468,-122.4253]]",0,1,county_code_unverified|timezone_not_normalized_to_utc
551354,92027,2014,2014-12-03T08:00:00,2014-12-03T08:00:00,PST-8,0.0,06,06085,C,085,SANTA CLARA,0,0,0,0,0.00,0.00,Heavy Rain,0,"[[37.3321,-121.9038],[37.3314,-121.9036],[37.3315,-121.9026],[37.3323,-121.9026]]",0,1,county_code_unverified|timezone_not_normalized_to_utc
551355,92027,2014,2014-12-03T08:50:00,2014-12-03T08:50:00,PST-8,0.0,06,06041,C,041,MARIN,0,0,0,0,0.00,0.00,Heavy Rain,0,"[[37.88,-122.51],[37.8827,-122.5243],[37.8961,-122.5206],[37.8918,-122.5111]]",0,1,county_code_unverified|timezone_not_normalized_to_utc
551356,92027,2014,2014-12-03T10:56:00,2014-12-03T10:56:00,PST-8,0.0,06,06097,C,097,SONOMA,0,0,0,0,0.00,0.00,Heavy Rain,0,"[[38.2399,-122.6215],[38.2401,-122.6225],[38.2392,-122.6227],[38.2392,-122.6221]]",0,1,county_code_unverified|timezone_not_normalized_to_utc
551357,92027,2014,2014-12-03T11:02:00,2014-12-03T11:02:00,PST-8,0.0,06,06085,C,085,SANTA CLARA,0,0,0,0,0.00,0.00,Heavy Rain,0,"[[37.3352,-122.0716],[37.3346,-122.0644],[37.3337,-122.065],[37.3333,-122.0714]]",0,1,county_code_unverified|timezone_not_normalized_to_utc
551358,92027,2014,2014-12-03T11:51:00,2014-12-03T11:51:00,PST-8,0.0,06,06075,C,075,SAN FRANCISCO,0,0,0,0,0.00,0.00,Heavy Rain,0,"[[37.8103,-122.3661],[37.8093,-122.3669],[37.8091,-122.3658],[37.81,-122.3646]]",0,1,county_code_unverified|timezone_not_normalized_to_utc
551359,92027,2014,2014-12-03T11:51:00,2014-12-03T11:51:00,PST-8,0.0,06,06097,C,097,SONOMA,0,0,0,0,0.00,0.00,Heavy Rain,0,"[[38.24,-122.45],[38.2412,-122.4508],[38.2368,-122.4643],[38.2346,-122.4617]]",0,1,county_code_unverified|timezone_not_normalized_to_utc
551376,92027,2014,2014-12-03T06:00:00,2014-12-03T11:00:00,PST-8,5.0,06,06041,C,041,MARIN,0,0,0,0,0.00,0.00,Heavy Rain,0,"[[38.0691,-122.535],[38.0677,-122.5355],[38.0678,-122.5324],[38.0693,-122.5332]]",0,1,county_code_unverified|timezone_not_normalized_to_utc
552058,91540,2014,2014-12-16T07:49:00,2014-12-16T12:15:00,AST-4,4.433333333333334,99,,C,031,CAROLINA,0,0,0,0,0.00,0.00,Heavy Rain,0,"[[18.4174,-65.9809],[18.4172,-65.9763],[18.4139,-65.9763],[18.4113,-65.9786],[18.4147,-65.9823]]",0,1,requires_crosswalk_or_marine_review|timezone_not_normalized_to_utc
552059,91540,2014,2014-12-16T09:30:00,2014-12-16T12:58:00,AST-4,3.466666666666667,99,,C,127,SAN JUAN,0,0,0,0,0.00,0.00,Heavy Rain,0,"[[18.423,-66.0425],[18.4238,-66.036],[18.4206,-66.0362],[18.4191,-66.0398],[18.421,-66.0428]]",0,1,requires_crosswalk_or_marine_review|timezone_not_normalized_to_utc
552250,92159,2014,2014-12-02T16:30:00,2014-12-02T17:00:00,PST-8,0.5,06,06065,C,065,RIVERSIDE,0,0,0,0,0.00,0.00,Heavy Rain,0,"[[33.9412,-117.4552],[33.9427,-117.4499],[33.9573,-117.4542],[33.9551,-117.4607]]",0,1,county_code_unverified|timezone_not_normalized_to_utc
552251,92159,2014,2014-12-03T05:30:00,2014-12-03T07:30:00,PST-8,2.0,06,06065,C,065,RIVERSIDE,0,0,0,0,0.00,0.00,Heavy Rain,0,"[[33.8762,-116.555],[33.8317,-116.555],[33.8322,-116.4812],[33.877,-116.5038]]",0,1,county_code_unverified|timezone_not_normalized_to_utc
552256,92159,2014,2014-12-02T16:30:00,2014-12-02T17:30:00,PST-8,1.0,06,06071,C,071,SAN BERNARDINO,0,0,0,0,0.00,0.00,Heavy Rain,0,"[[34.2132,-117.3951],[34.1876,-117.4116],[34.1897,-117.4459],[34.2232,-117.4209]]",0,1,county_code_unverified|timezone_not_normalized_to_utc
552257,92159,2014,2014-12-02T17:00:00,2014-12-02T18:30:00,PST-8,1.5,06,06071,C,071,SAN BERNARDINO,0,0,0,0,0.00,0.00,Heavy Rain,0,"[[34.4239,-117.7281],[34.3638,-117.2159],[34.4703,-117.2049],[34.5258,-117.7412]]",0,1,county_code_unverified|timezone_not_normalized_to_utc
552258,92159,2014,2014-12-04T01:00:00,2014-12-04T07:00:00,PST-8,6.0,06,06071,C,071,SAN BERNARDINO,0,0,0,0,0.00,0.00,Heavy Rain,0,"[[34.0174,-117.2193],[33.9713,-117.15],[34.0015,-117.1136],[34.0265,-117.1891]]",0,1,county_code_unverified|timezone_not_normalized_to_utc
552260,92159,2014,2014-12-03T19:30:00,2014-12-03T21:00:00,PST-8,1.5,06,06073,C,073,SAN DIEGO,0,0,0,0,0.00,0.00,Heavy Rain,0,"[[32.7046,-117.0126],[32.7012,-117.0164],[32.6984,-117.0109],[32.6968,-117.0038],[32.7025,-117.002]]",0,1,county_code_unverified|timezone_not_normalized_to_utc
552307,92159,2014,2014-12-04T04:45:00,2014-12-04T05:30:00,PST-8,0.75,06,06073,C,073,SAN DIEGO,0,0,0,0,0.00,0.00,Heavy Rain,0,"[[32.8237,-117.1501],[32.8242,-117.1421],[32.8203,-117.1437],[32.8184,-117.1503]]",0,1,county_code_unverified|timezone_not_normalized_to_utc
552308,92159,2014,2014-12-04T06:30:00,2014-12-04T08:00:00,PST-8,1.5,06,06073,C,073,SAN DIEGO,0,0,0,0,0.00,0.00,Heavy Rain,0,"[[33.1022,-117.141],[33.1033,-117.1318],[33.096,-117.1307],[33.094,-117.1399]]",0,1,county_code_unverified|timezone_not_normalized_to_utc
552587,92224,2014,2014-12-12T04:00:00,2014-12-12T07:00:00,PST-8,3.0,06,06059,C,059,ORANGE,0,0,0,0,0.00,0.00,Heavy Rain,0,"[[33.83,-117.92],[33.7621,-118.0138],[33.7187,-117.9403],[33.7713,-117.9012]]",0,1,county_code_unverified|timezone_not_normalized_to_utc
552597,92224,2014,2014-12-12T07:30:00,2014-12-12T10:30:00,PST-8,3.0,06,06059,C,059,ORANGE,0,0,0,0,0.00,0.00,Heavy Rain,0,"[[33.88,-117.83],[33.9032,-117.8239],[33.9036,-117.7911],[33.879,-117.7951],[33.861,-117.7834],[33.8539,-117.8256]]",0,1,county_code_unverified|timezone_not_normalized_to_utc
552601,92224,2014,2014-12-12T06:45:00,2014-12-12T07:45:00,PST-8,1.0,06,06073,C,073,SAN DIEGO,0,0,0,0,0.00,0.00,Heavy Rain,0,"[[33.2063,-117.3237],[33.1692,-117.3134],[33.1641,-117.3532],[33.2281,-117.4095]]",0,1,county_code_unverified|timezone_not_normalized_to_utc
552602,92224,2014,2014-12-12T07:30:00,2014-12-12T08:30:00,PST-8,1.0,06,06073,C,073,SAN DIEGO,0,0,0,0,0.00,0.00,Heavy Rain,0,"[[32.6965,-117.1174],[32.6903,-117.1234],[32.6791,-117.1115],[32.6817,-117.1062]]",0,1,county_code_unverified|timezone_not_normalized_to_utc
552604,92224,2014,2014-12-12T11:00:00,2014-12-12T12:30:00,PST-8,1.5,06,06073,C,073,SAN DIEGO,0,0,0,0,0.00,0.00,Heavy Rain,0,"[[33.1034,-117.1259],[33.1029,-117.1359],[33.0927,-117.1338],[33.0933,-117.1215]]",0,1,county_code_unverified|timezone_not_normalized_to_utc
552605,92224,2014,2014-12-12T11:00:00,2014-12-12T12:00:00,PST-8,1.0,06,06073,C,073,SAN DIEGO,0,0,0,0,0.00,0.00,Heavy Rain,0,"[[32.7031,-117.0101],[32.6982,-117.0106],[32.6978,-117.0044],[32.7003,-117.0034]]",0,1,county_code_unverified|timezone_not_normalized_to_utc
552628,92235,2014,2014-12-16T15:00:00,2014-12-16T16:00:00,PST-8,1.0,06,06073,C,073,SAN DIEGO,0,0,0,0,10000.00,0.00,Heavy Rain,0,"[[32.722,-117.0988],[32.7145,-117.0968],[32.7143,-117.1071],[32.7213,-117.1073]]",0,1,county_code_unverified|timezone_not_normalized_to_utc
552633,92235,2014,2014-12-17T06:30:00,2014-12-17T09:30:00,PST-8,3.0,06,06073,C,073,SAN DIEGO,0,0,0,0,0.00,0.00,Heavy Rain,0,"[[33.0976,-117.1215],[33.1364,-117.1833],[33.1212,-117.1998],[33.089,-117.1232]]",0,1,county_code_unverified|timezone_not_normalized_to_utc
552645,91174,2014,2014-12-09T12:16:00,2014-12-09T14:35:00,EST-5,2.316666666666667,36,36059,C,059,NASSAU,0,0,0,0,0.00,0.00,Heavy Rain,0,"[[40.7863,-73.5259],[40.7818,-73.5372],[40.7858,-73.5393],[40.7882,-73.5268]]",0,1,county_code_unverified|timezone_not_normalized_to_utc
552646,91174,2014,2014-12-09T13:16:00,2014-12-09T16:00:00,EST-5,2.7333333333333334,36,36119,C,119,WESTCHESTER,0,0,0,0,0.00,0.00,Heavy Rain,0,"[[40.9364,-73.8364],[41.0308,-73.7744],[41.0313,-73.7774],[41.026,-73.7834],[40.9849,-73.8182],[40.9431,-73.8406],[40.9378,-73.8395]]",0,1,county_code_unverified|timezone_not_normalized_to_utc
552683,91174,2014,2014-12-09T14:05:00,2014-12-09T16:00:00,EST-5,1.9166666666666667,36,36119,C,119,WESTCHESTER,0,0,0,0,0.00,0.00,Heavy Rain,0,"[[41.0468,-73.7739],[41.0297,-73.775],[41.0306,-73.779],[41.0407,-73.7806],[41.048,-73.7766]]",0,1,county_code_unverified|timezone_not_normalized_to_utc
552684,91174,2014,2014-12-09T14:26:00,2014-12-09T16:00:00,EST-5,1.5666666666666667,36,36119,C,119,WESTCHESTER,0,0,0,0,0.00,0.00,Heavy Rain,0,"[[41.0968,-73.7957],[41.0951,-73.7946],[41.0948,-73.7917],[41.0976,-73.7925]]",0,1,county_code_unverified|timezone_not_normalized_to_utc
552685,91174,2014,2014-12-09T14:30:00,2014-12-09T16:00:00,EST-5,1.5,36,36119,C,119,WESTCHESTER,0,0,0,0,0.00,0.00,Heavy Rain,0,"[[40.9139,-73.8115],[40.9179,-73.8103],[40.9184,-73.8126],[40.9145,-73.8135]]",0,1,county_code_unverified|timezone_not_normalized_to_utc
552686,91174,2014,2014-12-09T15:30:00,2014-12-09T16:00:00,EST-5,0.5,36,36119,C,119,WESTCHESTER,0,0,0,0,0.00,0.00,Heavy Rain,0,"[[41.0626,-73.8176],[41.0607,-73.8195],[41.0604,-73.8177],[41.0625,-73.8164]]",0,1,county_code_unverified|timezone_not_normalized_to_utc
552687,91173,2014,2014-12-09T10:20:00,2014-12-09T10:50:00,EST-5,0.5,34,34013,C,013,ESSEX,0,0,0,0,0.00,0.00,Heavy Rain,0,"[[40.754,-74.1621],[40.7505,-74.1633],[40.7506,-74.1647],[40.7542,-74.1634]]",0,1,county_code_unverified|timezone_not_normalized_to_utc
552688,91172,2014,2014-12-09T15:14:00,2014-12-09T15:44:00,EST-5,0.5,09,09001,C,001,FAIRFIELD,0,0,0,0,0.00,0.00,Heavy Rain,0,"[[41.3794,-73.4028],[41.3795,-73.404],[41.3788,-73.404],[41.3788,-73.4028]]",0,1,county_code_unverified|timezone_not_normalized_to_utc
552843,92277,2014,2014-12-09T16:15:00,2014-12-09T17:15:00,EST-5,1.0,25,25017,C,017,MIDDLESEX,0,0,0,0,0.00,0.00,Heavy Rain,0,"[[42.5,-71.5],[42.503,-71.5402],[42.484,-71.5579],[42.4812,-71.5332]]",0,1,county_code_unverified|timezone_not_normalized_to_utc
552844,92277,2014,2014-12-09T16:30:00,2014-12-09T17:30:00,EST-5,1.0,25,25019,C,019,NANTUCKET,0,0,0,0,0.00,0.00,Heavy Rain,0,"[[41.2794,-70.0942],[41.2718,-70.0875],[41.2623,-70.1008],[41.2679,-70.1187]]",0,1,county_code_unverified|timezone_not_normalized_to_utc
552846,92277,2014,2014-12-09T16:49:00,2014-12-09T17:49:00,EST-5,1.0,25,25009,C,009,ESSEX,0,0,0,0,0.00,0.00,Heavy Rain,0,"[[42.5552,-71.011],[42.5588,-71.0077],[42.5569,-71.0026],[42.5543,-71.0068]]",0,1,county_code_unverified|timezone_not_normalized_to_utc
552847,92277,2014,2014-12-09T16:49:00,2014-12-09T17:49:00,EST-5,1.0,25,25009,C,009,ESSEX,0,0,0,0,0.00,0.00,Heavy Rain,0,"[[42.526,-70.9286],[42.527,-70.9278],[42.5265,-70.926],[42.5234,-70.9187],[42.522,-70.9208]]",0,1,county_code_unverified|timezone_not_normalized_to_utc
552849,92277,2014,2014-12-09T16:54:00,2014-12-09T17:54:00,EST-5,1.0,25,25017,C,017,MIDDLESEX,0,0,0,0,5000.00,0.00,Heavy Rain,0,"[[42.387,-71.1971],[42.3848,-71.1969],[42.3861,-71.1931],[42.3874,-71.1929]]",0,1,county_code_unverified|timezone_not_normalized_to_utc
552850,92277,2014,2014-12-09T17:13:00,2014-12-09T18:13:00,EST-5,1.0,25,25009,C,009,ESSEX,0,0,0,0,0.00,0.00,Heavy Rain,0,"[[42.7061,-70.9264],[42.7029,-70.9259],[42.7032,-70.9078],[42.7065,-70.907]]",0,1,county_code_unverified|timezone_not_normalized_to_utc
552852,92277,2014,2014-12-09T19:55:00,2014-12-09T20:55:00,EST-5,1.0,25,25017,C,017,MIDDLESEX,0,0,0,0,30000.00,0.00,Heavy Rain,0,"[[42.3948,-71.0987],[42.3872,-71.0935],[42.3856,-71.095],[42.3957,-71.105]]",0,1,county_code_unverified|timezone_not_normalized_to_utc
552853,92277,2014,2014-12-09T19:55:00,2014-12-09T20:55:00,EST-5,1.0,25,25017,C,017,MIDDLESEX,0,0,0,0,0.00,0.00,Heavy Rain,0,"[[42.3816,-71.219],[42.3803,-71.2173],[42.3782,-71.2227],[42.3794,-71.2232]]",0,1,county_code_unverified|timezone_not_normalized_to_utc
552854,92277,2014,2014-12-09T20:11:00,2014-12-09T21:11:00,EST-5,1.0,25,25009,C,009,ESSEX,0,0,0,0,0.00,0.00,Heavy Rain,0,"[[42.5234,-70.9186],[42.5249,-70.9186],[42.5234,-70.9122],[42.5225,-70.9125]]",0,1,county_code_unverified|timezone_not_normalized_to_utc
552925,88663,2014,2014-06-21T16:00:00,2014-06-22T21:00:00,AKST-9,29.0,02,02222,C,222,MIDDLE TANANA VALLEY,0,0,0,0,5000.00,0.00,Heavy Rain,0,"[[64.9818,-147.5337],[64.9653,-147.5261],[64.8848,-147.8956],[64.9022,-147.9534]]",0,1,county_code_unverified|timezone_not_normalized_to_utc
552926,92295,2014,2014-12-10T14:23:00,2014-12-19T15:14:00,CST-6,216.85,55,55078,C,078,MENOMINEE (C),0,0,0,0,10000.00,0.00,Ice Jam,0,"[[44.8836,-88.6369],[44.8836,-88.6355],[44.883,-88.6337],[44.8835,-88.6332],[44.884,-88.6346],[44.8845,-88.6366]]",0,1,county_code_unverified|timezone_not_normalized_to_utc
553066,92159,2014,2014-12-02T14:00:00,2014-12-02T17:00:00,PST-8,3.0,06,06071,C,071,SAN BERNARDINO,0,0,0,0,0.00,0.00,Heavy Rain,0,"[[34.08,-116.92],[34.0934,-116.9203],[34.0993,-116.9599],[34.0916,-116.963]]",0,1,county_code_unverified|timezone_not_normalized_to_utc
553323,92383,2014,2014-12-24T11:41:00,2014-12-24T13:30:00,EST-5,1.8166666666666667,37,37019,C,019,BRUNSWICK,0,0,0,0,0.00,0.00,Heavy Rain,0,"[[33.9778,-78.3553],[33.977,-78.3515],[33.9761,-78.3522],[33.9772,-78.3561]]",0,1,county_code_unverified|timezone_not_normalized_to_utc
553324,92383,2014,2014-12-24T12:15:00,2014-12-24T14:00:00,EST-5,1.75,37,37129,C,129,NEW HANOVER,0,0,0,0,0.00,0.00,Heavy Rain,0,"[[34.2412,-77.933],[34.2409,-77.9332],[34.2411,-77.9337],[34.2415,-77.9336],[34.2415,-77.9331]]",0,1,county_code_unverified|timezone_not_normalized_to_utc
553325,92383,2014,2014-12-24T12:15:00,2014-12-24T14:00:00,EST-5,1.75,37,37129,C,129,NEW HANOVER,0,0,0,0,10000.00,0.00,Heavy Rain,0,"[[34.2818,-77.9244],[34.2802,-77.9187],[34.2746,-77.9231],[34.276,-77.9277]]",0,1,county_code_unverified|timezone_not_normalized_to_utc
553326,92383,2014,2014-12-24T12:15:00,2014-12-24T14:00:00,EST-5,1.75,37,37129,C,129,NEW HANOVER,0,0,0,0,0.00,0.00,Heavy Rain,0,"[[34.3585,-77.8592],[34.3559,-77.8725],[34.3543,-77.871],[34.3575,-77.8592]]",0,1,county_code_unverified|timezone_not_normalized_to_utc
553581,92402,2014,2014-12-23T20:30:00,2014-12-23T23:30:00,CST-6,3.0,01,01075,C,075,LAMAR,0,0,0,0,0.00,0.00,Heavy Rain,0,"[[33.7329,-88.1383],[33.7406,-88.0801],[33.7855,-88.098],[33.7752,-88.1392]]",0,1,county_code_unverified|timezone_not_normalized_to_utc
553837,91438,2014,2014-12-03T14:00:00,2014-12-03T22:00:00,PST-8,8.0,06,06067,C,067,SACRAMENTO,0,0,0,0,1000.00,0.00,Heavy Rain,0,"[[38.656,-121.3837],[38.6558,-121.382],[38.6573,-121.3825],[38.6569,-121.3834]]",0,1,county_code_unverified|timezone_not_normalized_to_utc
553840,91438,2014,2014-12-03T15:00:00,2014-12-03T19:00:00,PST-8,4.0,06,06067,C,067,SACRAMENTO,0,0,0,0,0.00,0.00,Heavy Rain,0,"[[38.6425,-121.3843],[38.6413,-121.3796],[38.6388,-121.3817],[38.6393,-121.3845]]",0,1,county_code_unverified|timezone_not_normalized_to_utc
553843,91438,2014,2014-12-03T15:00:00,2014-12-03T18:00:00,PST-8,3.0,06,06103,C,103,TEHAMA,0,0,0,0,0.00,0.00,Heavy Rain,0,"[[40.1822,-122.2245],[40.1835,-122.2205],[40.1825,-122.22],[40.1812,-122.2228]]",0,1,county_code_unverified|timezone_not_normalized_to_utc
553844,91438,2014,2014-12-03T15:00:00,2014-12-03T19:00:00,PST-8,4.0,06,06103,C,103,TEHAMA,0,0,0,0,0.00,0.00,Heavy Rain,0,"[[39.908,-122.1003],[39.911,-122.0905],[39.909,-122.0882],[39.9051,-122.0996]]",0,1,county_code_unverified|timezone_not_normalized_to_utc
553848,91438,2014,2014-12-03T15:00:00,2014-12-03T20:00:00,PST-8,5.0,06,06067,C,067,SACRAMENTO,0,0,0,0,0.00,0.00,Heavy Rain,0,"[[38.6988,-121.3817],[38.6981,-121.3816],[38.6981,-121.3833],[38.6989,-121.3834]]",0,1,county_code_unverified|timezone_not_normalized_to_utc
553849,91438,2014,2014-12-03T15:00:00,2014-12-03T19:00:00,PST-8,4.0,06,06103,C,103,TEHAMA,0,0,0,0,0.00,0.00,Heavy Rain,0,"[[40.3017,-122.105],[40.3057,-122.0945],[40.3026,-122.088],[40.2986,-122.1022]]",0,1,county_code_unverified|timezone_not_normalized_to_utc
553850,91438,2014,2014-12-03T15:00:00,2014-12-03T20:00:00,PST-8,5.0,06,06067,C,067,SACRAMENTO,0,0,0,0,0.00,0.00,Heavy Rain,0,"[[38.5418,-121.4742],[38.5418,-121.473],[38.5404,-121.4729],[38.5405,-121.4742]]",0,1,county_code_unverified|timezone_not_normalized_to_utc
553851,91438,2014,2014-12-03T16:00:00,2014-12-03T20:00:00,PST-8,4.0,06,06061,C,061,PLACER,0,0,0,0,0.00,0.00,Heavy Rain,0,"[[38.6434,-121.4391],[38.6438,-121.4305],[38.641,-121.4298],[38.6414,-121.4396]]",0,1,county_code_unverified|timezone_not_normalized_to_utc
553852,91438,2014,2014-12-03T16:00:00,2014-12-03T21:00:00,PST-8,5.0,06,06061,C,061,PLACER,0,0,0,0,0.00,0.00,Heavy Rain,0,"[[38.7449,-121.2269],[38.7447,-121.2248],[38.743,-121.2256],[38.7433,-121.2266]]",0,1,county_code_unverified|timezone_not_normalized_to_utc
553853,91438,2014,2014-12-03T19:00:00,2014-12-03T23:00:00,PST-8,4.0,06,06103,C,103,TEHAMA,0,0,0,0,0.00,0.00,Heavy Rain,0,"[[40.3947,-122.1827],[40.3968,-122.1697],[40.4017,-122.1721],[40.4008,-122.1841]]",0,1,county_code_unverified|timezone_not_normalized_to_utc
553854,91438,2014,2014-12-03T22:00:00,2014-12-04T02:00:00,PST-8,4.0,06,06017,C,017,EL DORADO,0,0,0,0,0.00,0.00,Heavy Rain,0,"[[38.7394,-120.8144],[38.7409,-120.8139],[38.7387,-120.8121],[38.7382,-120.8129]]",0,1,county_code_unverified|timezone_not_normalized_to_utc
553857,91473,2014,2014-12-11T12:00:00,2014-12-12T00:00:00,PST-8,12.0,06,06033,C,033,LAKE,0,0,0,0,400000.00,0.00,Heavy Rain,0,"[[38.9444,-122.6292],[38.9725,-122.6325],[38.9567,-122.6047],[38.9316,-122.6071]]",0,1,county_code_unverified|timezone_not_normalized_to_utc
553858,91473,2014,2014-12-11T07:00:00,2014-12-12T07:00:00,PST-8,24.0,06,06007,C,007,BUTTE,0,0,0,0,25000.00,0.00,Heavy Rain,0,"[[39.78,-121.97],[39.7819,-121.9534],[39.7775,-121.9504],[39.775,-121.9613]]",0,1,county_code_unverified|timezone_not_normalized_to_utc
553859,91473,2014,2014-12-11T07:00:00,2014-12-12T07:00:00,PST-8,24.0,06,06007,C,007,BUTTE,0,0,0,0,250000.00,0.00,Heavy Rain,0,"[[39.4447,-121.5546],[39.4455,-121.55],[39.4407,-121.5488],[39.4411,-121.5548]]",0,1,county_code_unverified|timezone_not_normalized_to_utc
553860,91473,2014,2014-12-11T06:00:00,2014-12-12T12:00:00,PST-8,30.0,06,06103,C,103,TEHAMA,0,0,0,0,100000.00,0.00,Heavy Rain,0,"[[40.1694,-122.2535],[40.1688,-122.2534],[40.1689,-122.2523],[40.1696,-122.2528]]",0,1,county_code_unverified|timezone_not_normalized_to_utc
553861,91473,2014,2014-12-11T12:00:00,2014-12-12T10:30:00,PST-8,22.5,06,06103,C,103,TEHAMA,0,0,0,0,0.00,0.00,Heavy Rain,0,"[[40.1473,-122.1314],[40.1747,-122.1532],[40.165,-122.1687],[40.1358,-122.136]]",0,1,county_code_unverified|timezone_not_normalized_to_utc
553862,91473,2014,2014-12-11T07:00:00,2014-12-12T16:00:00,PST-8,33.0,06,06021,C,021,GLENN,0,0,0,0,0.00,0.00,Heavy Rain,0,"[[39.52,-122.2],[39.6671,-122.2641],[39.6682,-122.1803],[39.52,-122.1515]]",0,1,county_code_unverified|timezone_not_normalized_to_utc
553863,91473,2014,2014-12-11T06:00:00,2014-12-12T15:30:00,PST-8,33.5,06,06021,C,021,GLENN,0,0,0,0,0.00,0.00,Heavy Rain,0,"[[39.763,-122.2325],[39.7567,-122.2172],[39.7619,-122.2142],[39.7671,-122.2308]]",0,1,county_code_unverified|timezone_not_normalized_to_utc
553864,91473,2014,2014-12-11T06:00:00,2014-12-11T15:00:00,PST-8,9.0,06,06103,C,103,TEHAMA,0,0,0,0,0.00,0.00,Heavy Rain,0,"[[40.02,-122.12],[39.9408,-122.1941],[40.1411,-122.2456],[40.1453,-122.1954]]",0,1,county_code_unverified|timezone_not_normalized_to_utc
553871,91473,2014,2014-12-11T14:00:00,2014-12-12T08:00:00,PST-8,18.0,06,06077,C,077,SAN JOAQUIN,0,0,0,0,0.00,0.00,Heavy Rain,0,"[[38.0334,-121.323],[38.0313,-121.2925],[38.0067,-121.2915],[38.0089,-121.3392]]",0,1,county_code_unverified|timezone_not_normalized_to_utc
553906,91473,2014,2014-12-11T18:00:00,2014-12-12T02:00:00,PST-8,8.0,06,06113,C,113,YOLO,0,0,0,0,0.00,0.00,Heavy Rain,0,"[[38.5632,-121.7692],[38.5643,-121.7678],[38.5612,-121.7681],[38.5614,-121.7695]]",0,1,county_code_unverified|timezone_not_normalized_to_utc
553907,92440,2014,2014-12-10T05:00:00,2014-12-10T11:00:00,PST-8,6.0,53,53031,C,031,JEFFERSON,0,0,0,0,300000.00,0.00,Heavy Rain,0,"[[47.6265,-122.9329],[47.68,-122.986],[47.7022,-122.9795],[47.6366,-122.9]]",0,1,county_code_unverified|timezone_not_normalized_to_utc
553917,91473,2014,2014-12-11T06:00:00,2014-12-12T12:00:00,PST-8,30.0,06,06103,C,103,TEHAMA,0,0,0,0,300000.00,0.00,Heavy Rain,0,"[[39.9396,-122.0766],[39.9306,-122.0736],[39.9459,-122.046],[39.951,-122.0519]]",0,1,county_code_unverified|timezone_not_normalized_to_utc
