event_id,episode_id,year,begin_time_local,end_time_local,timezone,duration_hours,state_fips,county_fips,area_type,area_code,area_name,injuries_direct,injuries_indirect,deaths_direct,deaths_indirect,damage_property_usd,damage_crops_usd,flood_cause,fatality_records,location_points,year_is_partial,core_fields_valid,quality_flags
5627150,2072514,1998,1998-01-07T09:30:00,1998-01-07T13:15:00,EST,3.75,47,47011,C,011,BRADLEY,0,0,0,0,,,,0,,0,1,begin_coordinates_missing_or_invalid|county_code_unverified|damage_crops_missing|damage_property_missing|end_coordinates_missing_or_invalid|no_valid_location_points|timezone_not_normalized_to_utc
5627151,2072514,1998,1998-01-07T09:30:00,1998-01-07T13:15:00,EST,3.75,47,47013,C,013,CAMPBELL,0,0,0,0,,,,0,,0,1,begin_coordinates_missing_or_invalid|county_code_unverified|damage_crops_missing|damage_property_missing|end_coordinates_missing_or_invalid|no_valid_location_points|timezone_not_normalized_to_utc
5627152,2072514,1998,1998-01-07T08:30:00,1998-01-07T12:15:00,CST,3.75,47,47035,C,035,CUMBERLAND,0,0,0,0,,,,0,,0,1,begin_coordinates_missing_or_invalid|county_code_unverified|damage_crops_missing|damage_property_missing|end_coordinates_missing_or_invalid|no_valid_location_points|timezone_not_normalized_to_utc
5627153,2072514,1998,1998-01-07T08:30:00,1998-01-07T12:15:00,CST,3.75,47,47049,C,049,FENTRESS,0,0,0,0,,,,0,,0,1,begin_coordinates_missing_or_invalid|county_code_unverified|damage_crops_missing|damage_property_missing|end_coordinates_missing_or_invalid|no_valid_location_points|timezone_not_normalized_to_utc
5627154,2072514,1998,1998-01-07T09:30:00,1998-01-07T13:15:00,EST,3.75,47,47065,C,065,HAMILTON,0,0,0,0,,,,0,,0,1,begin_coordinates_missing_or_invalid|county_code_unverified|damage_crops_missing|damage_property_missing|end_coordinates_missing_or_invalid|no_valid_location_points|timezone_not_normalized_to_utc
5627155,2072514,1998,1998-01-07T09:30:00,1998-01-07T13:15:00,EST,3.75,47,47107,C,107,MCMINN,0,0,0,0,,,,0,,0,1,begin_coordinates_missing_or_invalid|county_code_unverified|damage_crops_missing|damage_property_missing|end_coordinates_missing_or_invalid|no_valid_location_points|timezone_not_normalized_to_utc
5627156,2072514,1998,1998-01-07T09:30:00,1998-01-07T13:15:00,EST,3.75,47,47121,C,121,MEIGS,0,0,0,0,,,,0,,0,1,begin_coordinates_missing_or_invalid|county_code_unverified|damage_crops_missing|damage_property_missing|end_coordinates_missing_or_invalid|no_valid_location_points|timezone_not_normalized_to_utc
5627157,2072514,1998,1998-01-07T09:30:00,1998-01-07T13:15:00,EST,3.75,47,47129,C,129,MORGAN,0,0,0,0,,,,0,,0,1,begin_coordinates_missing_or_invalid|county_code_unverified|damage_crops_missing|damage_property_missing|end_coordinates_missing_or_invalid|no_valid_location_points|timezone_not_normalized_to_utc
5627158,2072514,1998,1998-01-07T09:30:00,1998-01-07T13:15:00,EST,3.75,47,47143,C,143,RHEA,0,0,0,0,,,,0,,0,1,begin_coordinates_missing_or_invalid|county_code_unverified|damage_crops_missing|damage_property_missing|end_coordinates_missing_or_invalid|no_valid_location_points|timezone_not_normalized_to_utc
5627159,2072514,1998,1998-01-07T09:30:00,1998-01-07T13:15:00,EST,3.75,47,47145,C,145,ROANE,0,0,0,0,,,,0,,0,1,begin_coordinates_missing_or_invalid|county_code_unverified|damage_crops_missing|damage_property_missing|end_coordinates_missing_or_invalid|no_valid_location_points|timezone_not_normalized_to_utc
5627160,2072514,1998,1998-01-07T09:30:00,1998-01-07T13:15:00,EST,3.75,47,47151,C,151,SCOTT,0,0,0,0,,,,0,,0,1,begin_coordinates_missing_or_invalid|county_code_unverified|damage_crops_missing|damage_property_missing|end_coordinates_missing_or_invalid|no_valid_location_points|timezone_not_normalized_to_utc
5627161,2072515,1998,1998-01-07T09:30:00,1998-01-07T13:15:00,EST,3.75,37,37039,C,039,CHEROKEE,0,0,0,0,,,,0,,0,1,begin_coordinates_missing_or_invalid|county_code_unverified|damage_crops_missing|damage_property_missing|end_coordinates_missing_or_invalid|no_valid_location_points|timezone_not_normalized_to_utc
5627162,2072515,1998,1998-01-07T09:30:00,1998-01-07T13:15:00,EST,3.75,37,37043,C,043,CLAY,0,0,0,0,,,,0,,0,1,begin_coordinates_missing_or_invalid|county_code_unverified|damage_crops_missing|damage_property_missing|end_coordinates_missing_or_invalid|no_valid_location_points|timezone_not_normalized_to_utc
5627164,2072517,1998,1998-01-07T12:00:00,1998-01-07T12:00:00,CST,0.0,47,,Z,066,CUMBERLAND,0,0,0,0,,,,0,,0,1,begin_coordinates_missing_or_invalid|damage_crops_missing|damage_property_missing|end_coordinates_missing_or_invalid|no_valid_location_points|requires_crosswalk_or_marine_review|timezone_not_normalized_to_utc
5627165,2072517,1998,1998-01-07T12:00:00,1998-01-07T12:00:00,CST,0.0,47,,Z,034,FENTRESS,0,0,0,0,,,,0,,0,1,begin_coordinates_missing_or_invalid|damage_crops_missing|damage_property_missing|end_coordinates_missing_or_invalid|no_valid_location_points|requires_crosswalk_or_marine_review|timezone_not_normalized_to_utc
5627166,2072517,1998,1998-01-07T13:00:00,1998-01-07T13:00:00,EST,0.0,47,,Z,099,HAMILTON,0,0,0,0,,,,0,,0,1,begin_coordinates_missing_or_invalid|damage_crops_missing|damage_property_missing|end_coordinates_missing_or_invalid|no_valid_location_points|requires_crosswalk_or_marine_review|timezone_not_normalized_to_utc
5627191,2072052,1998,1998-02-03T23:00:00,1998-02-04T23:00:00,EST,24.0,13,,Z,022,FORSYTH,0,0,0,0,,,,0,,0,1,begin_coordinates_missing_or_invalid|damage_crops_missing|damage_property_missing|end_coordinates_missing_or_invalid|no_valid_location_points|requires_crosswalk_or_marine_review|timezone_not_normalized_to_utc
5627192,2072052,1998,1998-02-03T23:00:00,1998-02-04T23:00:00,EST,24.0,13,,Z,034,GWINNETT,0,0,0,0,,,,0,,0,1,begin_coordinates_missing_or_invalid|damage_crops_missing|damage_property_missing|end_coordinates_missing_or_invalid|no_valid_location_points|requires_crosswalk_or_marine_review|timezone_not_normalized_to_utc
5627193,2072053,1998,1998-02-04T00:00:00,1998-02-08T00:00:00,EST,96.0,13,,Z,060,PUTNAM,0,0,0,0,20000,,,0,,0,1,begin_coordinates_missing_or_invalid|damage_crops_missing|end_coordinates_missing_or_invalid|no_valid_location_points|requires_crosswalk_or_marine_review|timezone_not_normalized_to_utc
5627194,2072053,1998,1998-02-04T00:00:00,1998-02-08T00:00:00,EST,96.0,13,,Z,073,BALDWIN,0,0,0,0,20000,,,0,,0,1,begin_coordinates_missing_or_invalid|damage_crops_missing|end_coordinates_missing_or_invalid|no_valid_location_points|requires_crosswalk_or_marine_review|timezone_not_normalized_to_utc
5627195,2072053,1998,1998-02-04T00:00:00,1998-02-08T00:00:00,EST,96.0,13,,Z,074,WASHINGTON,0,0,0,0,20000,,,0,,0,1,begin_coordinates_missing_or_invalid|damage_crops_missing|end_coordinates_missing_or_invalid|no_valid_location_points|requires_crosswalk_or_marine_review|timezone_not_normalized_to_utc
5627196,2072053,1998,1998-02-04T00:00:00,1998-02-08T00:00:00,EST,96.0,13,,Z,082,BIBB,0,0,0,0,20000,,,0,,0,1,begin_coordinates_missing_or_invalid|damage_crops_missing|end_coordinates_missing_or_invalid|no_valid_location_points|requires_crosswalk_or_marine_review|timezone_not_normalized_to_utc
5627197,2072053,1998,1998-02-04T00:00:00,1998-02-08T00:00:00,EST,96.0,13,,Z,083,TWIGGS,0,0,0,0,20000,,,0,,0,1,begin_coordinates_missing_or_invalid|damage_crops_missing|end_coordinates_missing_or_invalid|no_valid_location_points|requires_crosswalk_or_marine_review|timezone_not_normalized_to_utc
5627198,2072053,1998,1998-02-04T00:00:00,1998-02-08T00:00:00,EST,96.0,13,,Z,084,WILKINSON,0,0,0,0,20000,,,0,,0,1,begin_coordinates_missing_or_invalid|damage_crops_missing|end_coordinates_missing_or_invalid|no_valid_location_points|requires_crosswalk_or_marine_review|timezone_not_normalized_to_utc
5627199,2072053,1998,1998-02-04T00:00:00,1998-02-08T00:00:00,EST,96.0,13,,Z,085,JOHNSON,0,0,0,0,20000,,,0,,0,1,begin_coordinates_missing_or_invalid|damage_crops_missing|end_coordinates_missing_or_invalid|no_valid_location_points|requires_crosswalk_or_marine_review|timezone_not_normalized_to_utc
5627200,2072053,1998,1998-02-04T00:00:00,1998-02-08T00:00:00,EST,96.0,13,,Z,095,HOUSTON,0,0,0,0,20000,,,0,,0,1,begin_coordinates_missing_or_invalid|damage_crops_missing|end_coordinates_missing_or_invalid|no_valid_location_points|requires_crosswalk_or_marine_review|timezone_not_normalized_to_utc
5627201,2072053,1998,1998-02-04T00:00:00,1998-02-08T00:00:00,EST,96.0,13,,Z,096,BLECKLEY,0,0,0,0,20000,,,0,,0,1,begin_coordinates_missing_or_invalid|damage_crops_missing|end_coordinates_missing_or_invalid|no_valid_location_points|requires_crosswalk_or_marine_review|timezone_not_normalized_to_utc
5627202,2072053,1998,1998-02-04T00:00:00,1998-02-08T00:00:00,EST,96.0,13,,Z,097,LAURENS,0,0,0,0,20000,,,0,,0,1,begin_coordinates_missing_or_invalid|damage_crops_missing|end_coordinates_missing_or_invalid|no_valid_location_points|requires_crosswalk_or_marine_review|timezone_not_normalized_to_utc
5627203,2072053,1998,1998-02-04T00:00:00,1998-02-08T00:00:00,EST,96.0,13,,Z,107,PULASKI,0,0,0,0,20000,,,0,,0,1,begin_coordinates_missing_or_invalid|damage_crops_missing|end_coordinates_missing_or_invalid|no_valid_location_points|requires_crosswalk_or_marine_review|timezone_not_normalized_to_utc
5627204,2072053,1998,1998-02-04T00:00:00,1998-02-08T00:00:00,EST,96.0,13,,Z,109,DODGE,0,0,0,0,20000,,,0,,0,1,begin_coordinates_missing_or_invalid|damage_crops_missing|end_coordinates_missing_or_invalid|no_valid_location_points|requires_crosswalk_or_marine_review|timezone_not_normalized_to_utc
5627205,2072053,1998,1998-02-04T00:00:00,1998-02-08T00:00:00,EST,96.0,13,,Z,111,WHEELER,0,0,0,0,20000,,,0,,0,1,begin_coordinates_missing_or_invalid|damage_crops_missing|end_coordinates_missing_or_invalid|no_valid_location_points|requires_crosswalk_or_marine_review|timezone_not_normalized_to_utc
5627206,2072053,1998,1998-02-04T00:00:00,1998-02-08T00:00:00,EST,96.0,13,,Z,105,DOOLY,0,0,0,0,20000,,,0,,0,1,begin_coordinates_missing_or_invalid|damage_crops_missing|end_coordinates_missing_or_invalid|no_valid_location_points|requires_crosswalk_or_marine_review|timezone_not_normalized_to_utc
5627207,2072053,1998,1998-02-04T00:00:00,1998-02-08T00:00:00,EST,96.0,13,,Z,106,CRISP,0,0,0,0,20000,,,0,,0,1,begin_coordinates_missing_or_invalid|damage_crops_missing|end_coordinates_missing_or_invalid|no_valid_location_points|requires_crosswalk_or_marine_review|timezone_not_normalized_to_utc
5627208,2072053,1998,1998-02-04T00:00:00,1998-02-08T00:00:00,EST,96.0,13,,Z,108,WILCOX,0,0,0,0,20000,,,0,,0,1,begin_coordinates_missing_or_invalid|damage_crops_missing|end_coordinates_missing_or_invalid|no_valid_location_points|requires_crosswalk_or_marine_review|timezone_not_normalized_to_utc
5627209,2072053,1998,1998-02-04T00:00:00,1998-02-08T00:00:00,EST,96.0,13,,Z,110,TELFAIR,0,0,0,0,20000,,,0,,0,1,begin_coordinates_missing_or_invalid|damage_crops_missing|end_coordinates_missing_or_invalid|no_valid_location_points|requires_crosswalk_or_marine_review|timezone_not_normalized_to_utc
5627210,2072053,1998,1998-02-04T00:00:00,1998-02-08T00:00:00,EST,96.0,13,,Z,069,UPSON,0,0,0,0,20000,,,0,,0,1,begin_coordinates_missing_or_invalid|damage_crops_missing|end_coordinates_missing_or_invalid|no_valid_location_points|requires_crosswalk_or_marine_review|timezone_not_normalized_to_utc
5627211,2072053,1998,1998-02-04T00:00:00,1998-02-08T00:00:00,EST,96.0,13,,Z,081,CRAWFORD,0,0,0,0,10000,,,0,,0,1,begin_coordinates_missing_or_invalid|damage_crops_missing|end_coordinates_missing_or_invalid|no_valid_location_points|requires_crosswalk_or_marine_review|timezone_not_normalized_to_utc
5627212,2072053,1998,1998-02-04T00:00:00,1998-02-08T00:00:00,EST,96.0,13,,Z,094,PEACH,0,0,0,0,10000,,,0,,0,1,begin_coordinates_missing_or_invalid|damage_crops_missing|end_coordinates_missing_or_invalid|no_valid_location_points|requires_crosswalk_or_marine_review|timezone_not_normalized_to_utc
5627213,2072053,1998,1998-02-04T00:00:00,1998-02-08T00:00:00,EST,96.0,13,,Z,112,MONTGOMERY,0,0,0,0,10000,,,0,,0,1,begin_coordinates_missing_or_invalid|damage_crops_missing|end_coordinates_missing_or_invalid|no_valid_location_points|requires_crosswalk_or_marine_review|timezone_not_normalized_to_utc
5627214,2072053,1998,1998-02-04T00:00:00,1998-02-08T00:00:00,EST,96.0,13,,Z,098,TREUTLEN,0,0,0,0,10000,,,0,,0,1,begin_coordinates_missing_or_invalid|damage_crops_missing|end_coordinates_missing_or_invalid|no_valid_location_points|requires_crosswalk_or_marine_review|timezone_not_normalized_to_utc
5627226,2072181,1998,1998-01-07T19:44:00,1998-01-07T19:44:00,CST,0.0,22,,Z,018,NATCHITOCHES,0,0,1,0,,,,1,,0,1,begin_coordinates_missing_or_invalid|damage_crops_missing|damage_property_missing|end_coordinates_missing_or_invalid|no_valid_location_points|requires_crosswalk_or_marine_review|timezone_not_normalized_to_utc
5627237,2072333,1998,1998-01-21T21:00:00,1998-01-22T06:00:00,EST,9.0,12,,Z,072,COASTAL BROWARD,0,0,0,0,,,,0,,0,1,begin_coordinates_missing_or_invalid|damage_crops_missing|damage_property_missing|end_coordinates_missing_or_invalid|no_valid_location_points|requires_crosswalk_or_marine_review|timezone_not_normalized_to_utc
5627296,2072523,1998,1998-02-01T00:00:00,1998-02-08T11:00:00,CST,179.0,31,,Z,044,DODGE,0,0,0,0,3000,,,0,,0,1,begin_coordinates_missing_or_invalid|damage_crops_missing|end_coordinates_missing_or_invalid|no_valid_location_points|requires_crosswalk_or_marine_review|timezone_not_normalized_to_utc
5627297,2072523,1998,1998-02-01T00:00:00,1998-02-08T11:00:00,CST,179.0,31,,Z,051,SAUNDERS,0,0,0,0,,,,0,,0,1,begin_coordinates_missing_or_invalid|damage_crops_missing|damage_property_missing|end_coordinates_missing_or_invalid|no_valid_location_points|requires_crosswalk_or_marine_review|timezone_not_normalized_to_utc
5627337,2072055,1998,1998-02-03T18:00:00,1998-02-04T18:00:00,EST,24.0,13,,Z,012,GORDON,0,0,0,0,10000,,,0,,0,1,begin_coordinates_missing_or_invalid|damage_crops_missing|end_coordinates_missing_or_invalid|no_valid_location_points|requires_crosswalk_or_marine_review|timezone_not_normalized_to_utc
5627366,2072191,1998,1998-01-06T01:00:00,1998-01-06T01:00:00,CST,0.0,48,,Z,153,SHELBY,0,0,0,0,,,,0,,0,1,begin_coordinates_missing_or_invalid|damage_crops_missing|damage_property_missing|end_coordinates_missing_or_invalid|no_valid_location_points|requires_crosswalk_or_marine_review|timezone_not_normalized_to_utc
5627630,2072574,1998,1998-01-15T18:30:00,1998-01-16T03:00:00,PST,8.5,06,,Z,020,CENTRAL SAN JOAQUIN VALLEY,0,0,0,0,5300000.0,0,,0,,0,1,begin_coordinates_missing_or_invalid|end_coordinates_missing_or_invalid|no_valid_location_points|requires_crosswalk_or_marine_review|timezone_not_normalized_to_utc
5627631,2072574,1998,1998-01-16T00:15:00,1998-01-16T00:15:00,PST,0.0,06,06107,C,107,TULARE,0,0,2,0,,,,2,,0,1,begin_coordinates_missing_or_invalid|county_code_unverified|damage_crops_missing|damage_property_missing|end_coordinates_missing_or_invalid|no_valid_location_points|timezone_not_normalized_to_utc
5627632,2072575,1998,1998-01-29T12:15:00,1998-01-29T16:00:00,PST,3.75,06,06019,C,019,FRESNO,0,0,0,0,,,,0,,0,1,begin_coordinates_missing_or_invalid|county_code_unverified|damage_crops_missing|damage_property_missing|end_coordinates_missing_or_invalid|no_valid_location_points|timezone_not_normalized_to_utc
5627655,2072066,1998,1998-01-08T07:00:00,1998-01-08T21:30:00,EST,14.5,18,,Z,058,FAYETTE,0,0,0,0,,,,0,,0,1,begin_coordinates_missing_or_invalid|damage_crops_missing|damage_property_missing|end_coordinates_missing_or_invalid|no_valid_location_points|requires_crosswalk_or_marine_review|timezone_not_normalized_to_utc
5627656,2072067,1998,1998-01-08T04:30:00,1998-01-10T02:00:00,EST,45.5,39,,Z,074,HOCKING,0,0,0,0,,,,0,,0,1,begin_coordinates_missing_or_invalid|damage_crops_missing|damage_property_missing|end_coordinates_missing_or_invalid|no_valid_location_points|requires_crosswalk_or_marine_review|timezone_not_normalized_to_utc
5627657,2072068,1998,1998-01-08T23:00:00,1998-01-10T13:00:00,EST,38.0,39,,Z,016,PUTNAM,0,0,0,0,,,,0,,0,1,begin_coordinates_missing_or_invalid|damage_crops_missing|damage_property_missing|end_coordinates_missing_or_invalid|no_valid_location_points|requires_crosswalk_or_marine_review|timezone_not_normalized_to_utc
5627658,2072069,1998,1998-01-09T03:00:00,1998-01-10T13:00:00,EST,34.0,39,,Z,082,PIKE,0,0,0,0,,,,0,,0,1,begin_coordinates_missing_or_invalid|damage_crops_missing|damage_property_missing|end_coordinates_missing_or_invalid|no_valid_location_points|requires_crosswalk_or_marine_review|timezone_not_normalized_to_utc
5627659,2072070,1998,1998-01-07T21:00:00,1998-01-08T21:00:00,EST,24.0,39,,Z,081,ADAMS,0,0,0,0,,,,0,,0,1,begin_coordinates_missing_or_invalid|damage_crops_missing|damage_property_missing|end_coordinates_missing_or_invalid|no_valid_location_points|requires_crosswalk_or_marine_review|timezone_not_normalized_to_utc
5627660,2072071,1998,1998-01-07T23:00:00,1998-01-08T19:00:00,EST,20.0,21,,Z,042,BOURBON,0,0,0,0,,,,0,,0,1,begin_coordinates_missing_or_invalid|damage_crops_missing|damage_property_missing|end_coordinates_missing_or_invalid|no_valid_location_points|requires_crosswalk_or_marine_review|timezone_not_normalized_to_utc
5627719,2072558,1998,1998-01-08T21:00:00,1998-01-11T03:00:00,EST,54.0,36,,Z,010,ERIE,0,0,0,0,50000,,,0,,0,1,begin_coordinates_missing_or_invalid|damage_crops_missing|end_coordinates_missing_or_invalid|no_valid_location_points|requires_crosswalk_or_marine_review|timezone_not_normalized_to_utc
5627720,2072558,1998,1998-01-08T08:00:00,1998-01-10T03:00:00,EST,43.0,36,,Z,011,GENESEE,0,0,0,0,15000,,,0,,0,1,begin_coordinates_missing_or_invalid|damage_crops_missing|end_coordinates_missing_or_invalid|no_valid_location_points|requires_crosswalk_or_marine_review|timezone_not_normalized_to_utc
5627721,2072558,1998,1998-01-08T08:00:00,1998-01-08T14:00:00,EST,6.0,36,,Z,010,ERIE,0,0,0,0,10000,,,0,,0,1,begin_coordinates_missing_or_invalid|damage_crops_missing|end_coordinates_missing_or_invalid|no_valid_location_points|requires_crosswalk_or_marine_review|timezone_not_normalized_to_utc
5627722,2072558,1998,1998-01-08T11:00:00,1998-01-08T13:00:00,EST,2.0,36,,Z,010,ERIE,0,0,0,0,10000,,,0,,0,1,begin_coordinates_missing_or_invalid|damage_crops_missing|end_coordinates_missing_or_invalid|no_valid_location_points|requires_crosswalk_or_marine_review|timezone_not_normalized_to_utc
5627723,2072558,1998,1998-01-08T09:00:00,1998-01-08T18:00:00,EST,9.0,36,,Z,010,ERIE,0,0,0,0,10000,,,0,,0,1,begin_coordinates_missing_or_invalid|damage_crops_missing|end_coordinates_missing_or_invalid|no_valid_location_points|requires_crosswalk_or_marine_review|timezone_not_normalized_to_utc
5627724,2072558,1998,1998-01-08T15:45:00,1998-01-09T22:00:00,EST,30.25,36,,Z,010,ERIE,0,0,0,0,10000,,,0,,0,1,begin_coordinates_missing_or_invalid|damage_crops_missing|end_coordinates_missing_or_invalid|no_valid_location_points|requires_crosswalk_or_marine_review|timezone_not_normalized_to_utc
5627725,2072559,1998,1998-01-08T08:00:00,1998-01-11T04:00:00,EST,68.0,36,,Z,003,MONROE,0,0,0,0,75000,,,0,,0,1,begin_coordinates_missing_or_invalid|damage_crops_missing|end_coordinates_missing_or_invalid|no_valid_location_points|requires_crosswalk_or_marine_review|timezone_not_normalized_to_utc
5627726,2072559,1998,1998-01-08T13:00:00,1998-01-11T07:00:00,EST,66.0,36,,Z,003,MONROE,0,0,0,0,50000,,,0,,0,1,begin_coordinates_missing_or_invalid|damage_crops_missing|end_coordinates_missing_or_invalid|no_valid_location_points|requires_crosswalk_or_marine_review|timezone_not_normalized_to_utc
5627727,2072559,1998,1998-01-08T11:00:00,1998-01-09T06:00:00,EST,19.0,36,,Z,012,WYOMING,0,0,0,0,15000,,,0,,0,1,begin_coordinates_missing_or_invalid|damage_crops_missing|end_coordinates_missing_or_invalid|no_valid_location_points|requires_crosswalk_or_marine_review|timezone_not_normalized_to_utc
5627728,2072559,1998,1998-01-08T11:00:00,1998-01-10T20:00:00,EST,57.0,36,,Z,013,LIVINGSTON,0,0,0,0,10000,,,0,,0,1,begin_coordinates_missing_or_invalid|damage_crops_missing|end_coordinates_missing_or_invalid|no_valid_location_points|requires_crosswalk_or_marine_review|timezone_not_normalized_to_utc
5627729,2072559,1998,1998-01-09T02:00:00,1998-01-11T12:00:00,EST,58.0,36,,Z,003,MONROE,0,0,0,0,250000,,,0,,0,1,begin_coordinates_missing_or_invalid|damage_crops_missing|end_coordinates_missing_or_invalid|no_valid_location_points|requires_crosswalk_or_marine_review|timezone_not_normalized_to_utc
5627730,2072560,1998,1998-01-08T10:00:00,1998-01-11T20:00:00,EST,82.0,36,,Z,021,ALLEGANY,0,0,0,0,15000,,,0,,0,1,begin_coordinates_missing_or_invalid|damage_crops_missing|end_coordinates_missing_or_invalid|no_valid_location_points|requires_crosswalk_or_marine_review|timezone_not_normalized_to_utc
5627731,2072561,1998,1998-01-08T16:00:00,1998-01-09T14:00:00,EST,22.0,36,,Z,008,LEWIS,0,0,0,0,8000,,,0,,0,1,begin_coordinates_missing_or_invalid|damage_crops_missing|end_coordinates_missing_or_invalid|no_valid_location_points|requires_crosswalk_or_marine_review|timezone_not_normalized_to_utc
5627732,2072561,1998,1998-01-08T17:00:00,1998-01-10T14:00:00,EST,45.0,36,,Z,007,JEFFERSON,0,0,0,0,25000,,,0,,0,1,begin_coordinates_missing_or_invalid|damage_crops_missing|end_coordinates_missing_or_invalid|no_valid_location_points|requires_crosswalk_or_marine_review|timezone_not_normalized_to_utc
5627740,2072071,1998,1998-01-08T03:00:00,1998-01-09T11:00:00,EST,32.0,21,,Z,043,NICHOLAS,0,0,0,0,,,,0,,0,1,begin_coordinates_missing_or_invalid|damage_crops_missing|damage_property_missing|end_coordinates_missing_or_invalid|no_valid_location_points|requires_crosswalk_or_marine_review|timezone_not_normalized_to_utc
5627741,2072071,1998,1998-01-08T19:00:00,1998-01-09T11:00:00,EST,16.0,21,,Z,063,HART,0,0,0,0,,,,0,,0,1,begin_coordinates_missing_or_invalid|damage_crops_missing|damage_property_missing|end_coordinates_missing_or_invalid|no_valid_location_points|requires_crosswalk_or_marine_review|timezone_not_normalized_to_utc
5627742,2072071,1998,1998-01-09T04:00:00,1998-01-10T08:00:00,EST,28.0,21,,Z,045,NELSON,0,0,0,0,,,,0,,0,1,begin_coordinates_missing_or_invalid|damage_crops_missing|damage_property_missing|end_coordinates_missing_or_invalid|no_valid_location_points|requires_crosswalk_or_marine_review|timezone_not_normalized_to_utc
5627743,2072072,1998,1998-01-08T08:00:00,1998-01-08T14:00:00,EST,6.0,18,,Z,079,JEFFERSON,0,0,0,0,,,,0,,0,1,begin_coordinates_missing_or_invalid|damage_crops_missing|damage_property_missing|end_coordinates_missing_or_invalid|no_valid_location_points|requires_crosswalk_or_marine_review|timezone_not_normalized_to_utc
5627972,2072380,1998,1998-01-09T00:00:00,1998-01-09T18:00:00,EST,18.0,39,,Z,075,ATHENS,0,0,0,0,100000,,,0,,0,1,begin_coordinates_missing_or_invalid|damage_crops_missing|end_coordinates_missing_or_invalid|no_valid_location_points|requires_crosswalk_or_marine_review|timezone_not_normalized_to_utc
5627973,2072380,1998,1998-01-10T00:00:00,1998-01-11T10:00:00,EST,34.0,39,,Z,085,MEIGS,0,0,0,0,15000,,,0,,0,1,begin_coordinates_missing_or_invalid|damage_crops_missing|end_coordinates_missing_or_invalid|no_valid_location_points|requires_crosswalk_or_marine_review|timezone_not_normalized_to_utc
5627974,2072380,1998,1998-01-10T00:00:00,1998-01-11T10:00:00,EST,34.0,39,,Z,086,GALLIA,0,0,0,0,5000,,,0,,0,1,begin_coordinates_missing_or_invalid|damage_crops_missing|end_coordinates_missing_or_invalid|no_valid_location_points|requires_crosswalk_or_marine_review|timezone_not_normalized_to_utc
5627990,1055612,1998,1998-01-06T12:00:00,1998-01-12T12:00:00,EST,144.0,18,,Z,021,CARROLL,0,0,0,0,,,,0,,0,1,begin_coordinates_missing_or_invalid|damage_crops_missing|damage_property_missing|end_coordinates_missing_or_invalid|no_valid_location_points|requires_crosswalk_or_marine_review|timezone_not_normalized_to_utc
5627991,1055612,1998,1998-01-06T12:00:00,1998-01-12T12:00:00,EST,144.0,18,,Z,022,CASS,0,0,0,0,,,,0,,0,1,begin_coordinates_missing_or_invalid|damage_crops_missing|damage_property_missing|end_coordinates_missing_or_invalid|no_valid_location_points|requires_crosswalk_or_marine_review|timezone_not_normalized_to_utc
5627992,1055612,1998,1998-01-06T12:00:00,1998-01-12T12:00:00,EST,144.0,18,,Z,023,MIAMI,0,0,0,0,,,,0,,0,1,begin_coordinates_missing_or_invalid|damage_crops_missing|damage_property_missing|end_coordinates_missing_or_invalid|no_valid_location_points|requires_crosswalk_or_marine_review|timezone_not_normalized_to_utc
5627993,2072582,1998,1998-01-06T07:00:00,1998-01-12T07:00:00,EST,144.0,18,,Z,035,FOUNTAIN,0,0,0,0,,,,0,,0,1,begin_coordinates_missing_or_invalid|damage_crops_missing|damage_property_missing|end_coordinates_missing_or_invalid|no_valid_location_points|requires_crosswalk_or_marine_review|timezone_not_normalized_to_utc
5627994,2072582,1998,1998-01-06T07:00:00,1998-01-12T07:00:00,EST,144.0,18,,Z,044,PARKE,0,0,0,0,,,,0,,0,1,begin_coordinates_missing_or_invalid|damage_crops_missing|damage_property_missing|end_coordinates_missing_or_invalid|no_valid_location_points|requires_crosswalk_or_marine_review|timezone_not_normalized_to_utc
5627995,2072582,1998,1998-01-06T07:00:00,1998-01-12T07:00:00,EST,144.0,18,,Z,029,TIPPECANOE,0,0,0,0,,,,0,,0,1,begin_coordinates_missing_or_invalid|damage_crops_missing|damage_property_missing|end_coordinates_missing_or_invalid|no_valid_location_points|requires_crosswalk_or_marine_review|timezone_not_normalized_to_utc
5627996,2072582,1998,1998-01-06T07:00:00,1998-01-12T07:00:00,EST,144.0,18,,Z,043,VERMILLION,0,0,0,0,,,,0,,0,1,begin_coordinates_missing_or_invalid|damage_crops_missing|damage_property_missing|end_coordinates_missing_or_invalid|no_valid_location_points|requires_crosswalk_or_marine_review|timezone_not_normalized_to_utc
5627997,2072582,1998,1998-01-06T07:00:00,1998-01-12T07:00:00,EST,144.0,18,,Z,028,WARREN,0,0,0,0,,,,0,,0,1,begin_coordinates_missing_or_invalid|damage_crops_missing|damage_property_missing|end_coordinates_missing_or_invalid|no_valid_location_points|requires_crosswalk_or_marine_review|timezone_not_normalized_to_utc
5627998,2072583,1998,1998-01-10T07:00:00,1998-01-16T07:00:00,EST,144.0,18,,Z,068,DAVIESS,0,0,0,0,,,,0,,0,1,begin_coordinates_missing_or_invalid|damage_crops_missing|damage_property_missing|end_coordinates_missing_or_invalid|no_valid_location_points|requires_crosswalk_or_marine_review|timezone_not_normalized_to_utc
5627999,2072583,1998,1998-01-10T07:00:00,1998-01-16T07:00:00,EST,144.0,18,,Z,061,GREENE,0,0,0,0,,,,0,,0,1,begin_coordinates_missing_or_invalid|damage_crops_missing|damage_property_missing|end_coordinates_missing_or_invalid|no_valid_location_points|requires_crosswalk_or_marine_review|timezone_not_normalized_to_utc
5628000,2072583,1998,1998-01-10T07:00:00,1998-01-16T07:00:00,EST,144.0,18,,Z,071,JACKSON,0,0,0,0,,,,0,,0,1,begin_coordinates_missing_or_invalid|damage_crops_missing|damage_property_missing|end_coordinates_missing_or_invalid|no_valid_location_points|requires_crosswalk_or_marine_review|timezone_not_normalized_to_utc
5628001,2072583,1998,1998-01-10T07:00:00,1998-01-16T07:00:00,EST,144.0,18,,Z,072,JENNINGS,0,0,0,0,,,,0,,0,1,begin_coordinates_missing_or_invalid|damage_crops_missing|damage_property_missing|end_coordinates_missing_or_invalid|no_valid_location_points|requires_crosswalk_or_marine_review|timezone_not_normalized_to_utc
5628002,2072583,1998,1998-01-10T07:00:00,1998-01-16T07:00:00,EST,144.0,18,,Z,067,KNOX,0,0,0,0,,,,0,,0,1,begin_coordinates_missing_or_invalid|damage_crops_missing|damage_property_missing|end_coordinates_missing_or_invalid|no_valid_location_points|requires_crosswalk_or_marine_review|timezone_not_normalized_to_utc
5628003,2072583,1998,1998-01-10T07:00:00,1998-01-16T07:00:00,EST,144.0,18,,Z,070,LAWRENCE,0,0,0,0,,,,0,,0,1,begin_coordinates_missing_or_invalid|damage_crops_missing|damage_property_missing|end_coordinates_missing_or_invalid|no_valid_location_points|requires_crosswalk_or_marine_review|timezone_not_normalized_to_utc
5628004,2072583,1998,1998-01-10T07:00:00,1998-01-16T07:00:00,EST,144.0,18,,Z,069,MARTIN,0,0,0,0,,,,0,,0,1,begin_coordinates_missing_or_invalid|damage_crops_missing|damage_property_missing|end_coordinates_missing_or_invalid|no_valid_location_points|requires_crosswalk_or_marine_review|timezone_not_normalized_to_utc
5628005,2072583,1998,1998-01-10T07:00:00,1998-01-16T07:00:00,EST,144.0,18,,Z,053,OWEN,0,0,0,0,,,,0,,0,1,begin_coordinates_missing_or_invalid|damage_crops_missing|damage_property_missing|end_coordinates_missing_or_invalid|no_valid_location_points|requires_crosswalk_or_marine_review|timezone_not_normalized_to_utc
5628006,2072583,1998,1998-01-10T07:00:00,1998-01-16T07:00:00,EST,144.0,18,,Z,060,SULLIVAN,0,0,0,0,,,,0,,0,1,begin_coordinates_missing_or_invalid|damage_crops_missing|damage_property_missing|end_coordinates_missing_or_invalid|no_valid_location_points|requires_crosswalk_or_marine_review|timezone_not_normalized_to_utc
5628007,2072583,1998,1998-01-10T07:00:00,1998-01-16T07:00:00,EST,144.0,18,,Z,051,VIGO,0,0,0,0,,,,0,,0,1,begin_coordinates_missing_or_invalid|damage_crops_missing|damage_property_missing|end_coordinates_missing_or_invalid|no_valid_location_points|requires_crosswalk_or_marine_review|timezone_not_normalized_to_utc
5628126,2072381,1998,1998-01-10T00:00:00,1998-01-11T10:00:00,EST,34.0,54,,Z,008,JACKSON,0,0,0,0,10000,,,0,,0,1,begin_coordinates_missing_or_invalid|damage_crops_missing|end_coordinates_missing_or_invalid|no_valid_location_points|requires_crosswalk_or_marine_review|timezone_not_normalized_to_utc
5628127,2072381,1998,1998-01-10T00:00:00,1998-01-11T10:00:00,EST,34.0,54,,Z,007,MASON,0,0,0,0,10000,,,0,,0,1,begin_coordinates_missing_or_invalid|damage_crops_missing|end_coordinates_missing_or_invalid|no_valid_location_points|requires_crosswalk_or_marine_review|timezone_not_normalized_to_utc
5628150,2072390,1998,1998-01-09T12:00:00,1998-01-10T12:00:00,PST,24.0,06,06071,C,071,SAN BERNARDINO,0,0,0,0,,,,0,,0,1,begin_coordinates_missing_or_invalid|county_code_unverified|damage_crops_missing|damage_property_missing|end_coordinates_missing_or_invalid|no_valid_location_points|timezone_not_normalized_to_utc
5628151,2072390,1998,1998-01-09T12:00:00,1998-01-10T12:00:00,PST,24.0,06,06071,C,071,SAN BERNARDINO,0,0,0,0,,,,0,,0,1,begin_coordinates_missing_or_invalid|county_code_unverified|damage_crops_missing|damage_property_missing|end_coordinates_missing_or_invalid|no_valid_location_points|timezone_not_normalized_to_utc
5628183,2072566,1998,1998-02-01T00:00:00,1998-02-28T23:59:00,EST,671.9833333333333,45,,Z,045,BERKELEY,0,0,0,0,,,,0,,0,1,begin_coordinates_missing_or_invalid|damage_crops_missing|damage_property_missing|end_coordinates_missing_or_invalid|no_valid_location_points|requires_crosswalk_or_marine_review|timezone_not_normalized_to_utc
5628184,2072566,1998,1998-02-01T00:00:00,1998-02-28T23:59:00,EST,671.9833333333333,45,,Z,044,DORCHESTER,0,0,0,0,,,,0,,0,1,begin_coordinates_missing_or_invalid|damage_crops_missing|damage_property_missing|end_coordinates_missing_or_invalid|no_valid_location_points|requires_crosswalk_or_marine_review|timezone_not_normalized_to_utc
5628185,2072567,1998,1998-02-01T00:00:00,1998-02-28T23:59:00,EST,671.9833333333333,13,,Z,101,EFFINGHAM,0,0,0,0,,,,0,,0,1,begin_coordinates_missing_or_invalid|damage_crops_missing|damage_property_missing|end_coordinates_missing_or_invalid|no_valid_location_points|requires_crosswalk_or_marine_review|timezone_not_normalized_to_utc
5628186,2072567,1998,1998-02-01T00:00:00,1998-02-28T23:59:00,EST,671.9833333333333,13,,Z,088,SCREVEN,0,0,0,0,,,,0,,0,1,begin_coordinates_missing_or_invalid|damage_crops_missing|damage_property_missing|end_coordinates_missing_or_invalid|no_valid_location_points|requires_crosswalk_or_marine_review|timezone_not_normalized_to_utc
5628187,2072567,1998,1998-02-01T00:00:00,1998-02-28T23:59:00,EST,671.9833333333333,13,,Z,114,TATTNALL,0,0,0,0,,,,0,,0,1,begin_coordinates_missing_or_invalid|damage_crops_missing|damage_property_missing|end_coordinates_missing_or_invalid|no_valid_location_points|requires_crosswalk_or_marine_review|timezone_not_normalized_to_utc
5628668,2072412,1998,1998-01-08T03:00:00,1998-01-09T12:00:00,EST,33.0,37,,Z,048,MADISON,1,0,0,0,50000,,,0,,0,1,begin_coordinates_missing_or_invalid|damage_crops_missing|end_coordinates_missing_or_invalid|no_valid_location_points|requires_crosswalk_or_marine_review|timezone_not_normalized_to_utc
5628759,2072296,1998,1998-01-05T00:00:00,1998-01-09T23:59:00,CST,119.98333333333333,29,,Z,054,HENRY,0,0,0,0,,,,0,,0,1,begin_coordinates_missing_or_invalid|damage_crops_missing|damage_property_missing|end_coordinates_missing_or_invalid|no_valid_location_points|requires_crosswalk_or_marine_review|timezone_not_normalized_to_utc
5628760,2072296,1998,1998-01-06T00:00:00,1998-01-07T23:59:00,CST,47.983333333333334,29,,Z,032,CHARITON,0,0,0,0,,,,0,,0,1,begin_coordinates_missing_or_invalid|damage_crops_missing|damage_property_missing|end_coordinates_missing_or_invalid|no_valid_location_points|requires_crosswalk_or_marine_review|timezone_not_normalized_to_utc
5628761,2072296,1998,1998-01-06T00:00:00,1998-01-07T23:59:00,CST,47.983333333333334,29,,Z,044,JOHNSON,0,0,0,0,,,,0,,0,1,begin_coordinates_missing_or_invalid|damage_crops_missing|damage_property_missing|end_coordinates_missing_or_invalid|no_valid_location_points|requires_crosswalk_or_marine_review|timezone_not_normalized_to_utc
5628762,2072296,1998,1998-01-08T00:00:00,1998-01-10T23:59:00,CST,71.98333333333333,29,,Z,039,SALINE,0,0,0,0,,,,0,,0,1,begin_coordinates_missing_or_invalid|damage_crops_missing|damage_property_missing|end_coordinates_missing_or_invalid|no_valid_location_points|requires_crosswalk_or_marine_review|timezone_not_normalized_to_utc
5628763,2072296,1998,1998-01-08T00:00:00,1998-01-09T23:59:00,CST,47.983333333333334,29,,Z,054,HENRY,0,0,0,0,,,,0,,0,1,begin_coordinates_missing_or_invalid|damage_crops_missing|damage_property_missing|end_coordinates_missing_or_invalid|no_valid_location_points|requires_crosswalk_or_marine_review|timezone_not_normalized_to_utc
5628831,2072030,1998,1998-01-01T00:00:00,1998-01-31T23:59:00,EST,743.9833333333333,45,,Z,045,BERKELEY,0,0,0,0,,,,0,,0,1,begin_coordinates_missing_or_invalid|damage_crops_missing|damage_property_missing|end_coordinates_missing_or_invalid|no_valid_location_points|requires_crosswalk_or_marine_review|timezone_not_normalized_to_utc
5628832,2072030,1998,1998-01-01T00:00:00,1998-01-31T23:59:00,EST,743.9833333333333,45,,Z,044,DORCHESTER,0,0,0,0,,,,0,,0,1,begin_coordinates_missing_or_invalid|damage_crops_missing|damage_property_missing|end_coordinates_missing_or_invalid|no_valid_location_points|requires_crosswalk_or_marine_review|timezone_not_normalized_to_utc
5628838,2072033,1998,1998-01-01T00:00:00,1998-01-31T23:59:00,EST,743.9833333333333,13,,Z,101,EFFINGHAM,0,0,0,0,,,,0,,0,1,begin_coordinates_missing_or_invalid|damage_crops_missing|damage_property_missing|end_coordinates_missing_or_invalid|no_valid_location_points|requires_crosswalk_or_marine_review|timezone_not_normalized_to_utc
5628839,2072033,1998,1998-01-01T00:00:00,1998-01-31T23:59:00,EST,743.9833333333333,13,,Z,088,SCREVEN,0,0,0,0,,,,0,,0,1,begin_coordinates_missing_or_invalid|damage_crops_missing|damage_property_missing|end_coordinates_missing_or_invalid|no_valid_location_points|requires_crosswalk_or_marine_review|timezone_not_normalized_to_utc
5628840,2072033,1998,1998-01-01T00:00:00,1998-01-31T23:59:00,EST,743.9833333333333,13,,Z,114,TATTNALL,0,0,0,0,,,,0,,0,1,begin_coordinates_missing_or_invalid|damage_crops_missing|damage_property_missing|end_coordinates_missing_or_invalid|no_valid_location_points|requires_crosswalk_or_marine_review|timezone_not_normalized_to_utc
5628861,2072155,1998,1998-01-21T20:00:00,1998-01-31T23:59:00,CST,243.98333333333332,31,,Z,044,DODGE,0,0,0,0,12000,,,0,,0,1,begin_coordinates_missing_or_invalid|damage_crops_missing|end_coordinates_missing_or_invalid|no_valid_location_points|requires_crosswalk_or_marine_review|timezone_not_normalized_to_utc
5628862,2072155,1998,1998-01-21T20:00:00,1998-01-31T23:59:00,CST,243.98333333333332,31,,Z,051,SAUNDERS,0,0,0,0,,,,0,,0,1,begin_coordinates_missing_or_invalid|damage_crops_missing|damage_property_missing|end_coordinates_missing_or_invalid|no_valid_location_points|requires_crosswalk_or_marine_review|timezone_not_normalized_to_utc
5628974,2072453,1998,1998-01-13T06:00:00,1998-01-13T23:00:00,CST,17.0,22,,Z,030,BEAUREGARD,0,0,0,0,20000,,,0,,0,1,begin_coordinates_missing_or_invalid|damage_crops_missing|end_coordinates_missing_or_invalid|no_valid_location_points|requires_crosswalk_or_marine_review|timezone_not_normalized_to_utc
5629104,2072165,1998,1998-01-15T01:00:00,1998-01-17T20:00:00,CST,67.0,21,,Z,014,UNION,0,0,0,0,,,,0,,0,1,begin_coordinates_missing_or_invalid|damage_crops_missing|damage_property_missing|end_coordinates_missing_or_invalid|no_valid_location_points|requires_crosswalk_or_marine_review|timezone_not_normalized_to_utc
5629105,2072166,1998,1998-01-11T02:00:00,1998-01-18T20:00:00,CST,186.0,17,,Z,092,ALEXANDER,0,0,0,0,,,,0,,0,1,begin_coordinates_missing_or_invalid|damage_crops_missing|damage_property_missing|end_coordinates_missing_or_invalid|no_valid_location_points|requires_crosswalk_or_marine_review|timezone_not_normalized_to_utc
5629106,2072166,1998,1998-01-11T02:00:00,1998-01-18T20:00:00,CST,186.0,17,,Z,087,GALLATIN,0,0,0,0,,,,0,,0,1,begin_coordinates_missing_or_invalid|damage_crops_missing|damage_property_missing|end_coordinates_missing_or_invalid|no_valid_location_points|requires_crosswalk_or_marine_review|timezone_not_normalized_to_utc
5629107,2072166,1998,1998-01-11T02:00:00,1998-01-18T20:00:00,CST,186.0,17,,Z,094,MASSAC,0,0,0,0,,,,0,,0,1,begin_coordinates_missing_or_invalid|damage_crops_missing|damage_property_missing|end_coordinates_missing_or_invalid|no_valid_location_points|requires_crosswalk_or_marine_review|timezone_not_normalized_to_utc
5629108,2072166,1998,1998-01-11T02:00:00,1998-01-18T20:00:00,CST,186.0,17,,Z,093,PULASKI,0,0,0,0,,,,0,,0,1,begin_coordinates_missing_or_invalid|damage_crops_missing|damage_property_missing|end_coordinates_missing_or_invalid|no_valid_location_points|requires_crosswalk_or_marine_review|timezone_not_normalized_to_utc
5629109,2072167,1998,1998-01-11T03:00:00,1998-01-17T03:00:00,CST,144.0,18,,Z,085,POSEY,0,0,0,0,,,,0,,0,1,begin_coordinates_missing_or_invalid|damage_crops_missing|damage_property_missing|end_coordinates_missing_or_invalid|no_valid_location_points|requires_crosswalk_or_marine_review|timezone_not_normalized_to_utc
5629110,2072167,1998,1998-01-11T03:00:00,1998-01-17T03:00:00,CST,144.0,18,,Z,087,WARRICK,0,0,0,0,,,,0,,0,1,begin_coordinates_missing_or_invalid|damage_crops_missing|damage_property_missing|end_coordinates_missing_or_invalid|no_valid_location_points|requires_crosswalk_or_marine_review|timezone_not_normalized_to_utc
5629111,2072168,1998,1998-01-09T07:00:00,1998-01-13T20:00:00,CST,109.0,17,,Z,084,JACKSON,0,0,0,0,,,,0,,0,1,begin_coordinates_missing_or_invalid|damage_crops_missing|damage_property_missing|end_coordinates_missing_or_invalid|no_valid_location_points|requires_crosswalk_or_marine_review|timezone_not_normalized_to_utc
5629112,2072169,1998,1998-01-06T04:00:00,1998-01-06T09:00:00,CST,5.0,29,29031,C,031,CAPE GIRARDEAU,0,0,0,0,5000,,,0,,0,1,begin_coordinates_missing_or_invalid|county_code_unverified|damage_crops_missing|end_coordinates_missing_or_invalid|no_valid_location_points|timezone_not_normalized_to_utc
5629425,2072886,1998,1998-03-21T22:00:00,1998-03-22T02:00:00,PST,4.0,41,,Z,015,LAKE/KLAMATH T X W,0,0,0,0,,,,0,,0,1,begin_coordinates_missing_or_invalid|damage_crops_missing|damage_property_missing|end_coordinates_missing_or_invalid|no_valid_location_points|requires_crosswalk_or_marine_review|timezone_not_normalized_to_utc
5629426,2072886,1998,1998-03-21T17:00:00,1998-03-22T17:00:00,PST,24.0,41,,Z,008,JOSEPHINE T X SE/JACKSON T X S,1,0,2,0,,,,2,,0,1,begin_coordinates_missing_or_invalid|damage_crops_missing|damage_property_missing|end_coordinates_missing_or_invalid|no_valid_location_points|requires_crosswalk_or_marine_review|timezone_not_normalized_to_utc
5629445,2072966,1998,1998-01-23T12:00:00,1998-01-23T15:00:00,EST,3.0,37,37183,C,183,WAKE,0,0,0,0,,,,0,,0,1,begin_coordinates_missing_or_invalid|county_code_unverified|damage_crops_missing|damage_property_missing|end_coordinates_missing_or_invalid|no_valid_location_points|timezone_not_normalized_to_utc
5629446,2072967,1998,1998-01-23T09:00:00,1998-01-23T11:00:00,EST,2.0,37,37007,C,007,ANSON,0,0,0,0,,,,0,,0,1,begin_coordinates_missing_or_invalid|county_code_unverified|damage_crops_missing|damage_property_missing|end_coordinates_missing_or_invalid|no_valid_location_points|timezone_not_normalized_to_utc
5629447,2072968,1998,1998-01-08T03:00:00,1998-01-08T04:00:00,EST,1.0,37,37067,C,067,FORSYTH,0,0,0,0,,,,0,,0,1,begin_coordinates_missing_or_invalid|county_code_unverified|damage_crops_missing|damage_property_missing|end_coordinates_missing_or_invalid|no_valid_location_points|timezone_not_normalized_to_utc
5629570,2072748,1998,1998-01-20T20:00:00,1998-01-21T20:00:00,CST,24.0,31,,Z,062,HALL,0,0,0,0,0,0,,0,,0,1,begin_coordinates_missing_or_invalid|end_coordinates_missing_or_invalid|no_valid_location_points|requires_crosswalk_or_marine_review|timezone_not_normalized_to_utc
5629574,2072969,1998,1998-01-27T13:00:00,1998-01-28T16:00:00,EST,27.0,37,,Z,028,EDGECOMBE,0,0,0,0,,,,0,,0,1,begin_coordinates_missing_or_invalid|damage_crops_missing|damage_property_missing|end_coordinates_missing_or_invalid|no_valid_location_points|requires_crosswalk_or_marine_review|timezone_not_normalized_to_utc
5629575,2072969,1998,1998-01-27T13:00:00,1998-01-28T16:00:00,EST,27.0,37,,Z,077,HARNETT,0,0,0,0,,,,0,,0,1,begin_coordinates_missing_or_invalid|damage_crops_missing|damage_property_missing|end_coordinates_missing_or_invalid|no_valid_location_points|requires_crosswalk_or_marine_review|timezone_not_normalized_to_utc
5629576,2072969,1998,1998-01-27T13:00:00,1998-01-28T16:00:00,EST,27.0,37,,Z,086,HOKE,0,0,0,0,,,,0,,0,1,begin_coordinates_missing_or_invalid|damage_crops_missing|damage_property_missing|end_coordinates_missing_or_invalid|no_valid_location_points|requires_crosswalk_or_marine_review|timezone_not_normalized_to_utc
5629577,2072969,1998,1998-01-27T13:00:00,1998-01-28T16:00:00,EST,27.0,37,,Z,042,JOHNSTON,0,0,0,0,,,,0,,0,1,begin_coordinates_missing_or_invalid|damage_crops_missing|damage_property_missing|end_coordinates_missing_or_invalid|no_valid_location_points|requires_crosswalk_or_marine_review|timezone_not_normalized_to_utc
5629578,2072969,1998,1998-01-27T13:00:00,1998-01-28T16:00:00,EST,27.0,37,,Z,076,LEE,0,0,0,0,,,,0,,0,1,begin_coordinates_missing_or_invalid|damage_crops_missing|damage_property_missing|end_coordinates_missing_or_invalid|no_valid_location_points|requires_crosswalk_or_marine_review|timezone_not_normalized_to_utc
5629579,2072969,1998,1998-01-27T13:00:00,1998-01-28T16:00:00,EST,27.0,37,,Z,074,MONTGOMERY,0,0,0,0,,,,0,,0,1,begin_coordinates_missing_or_invalid|damage_crops_missing|damage_property_missing|end_coordinates_missing_or_invalid|no_valid_location_points|requires_crosswalk_or_marine_review|timezone_not_normalized_to_utc
5629580,2072969,1998,1998-01-27T13:00:00,1998-01-28T16:00:00,EST,27.0,37,,Z,075,MOORE,0,0,0,0,,,,0,,0,1,begin_coordinates_missing_or_invalid|damage_crops_missing|damage_property_missing|end_coordinates_missing_or_invalid|no_valid_location_points|requires_crosswalk_or_marine_review|timezone_not_normalized_to_utc
5629581,2072969,1998,1998-01-27T13:00:00,1998-01-28T16:00:00,EST,27.0,37,,Z,039,RANDOLPH,0,0,0,0,,,,0,,0,1,begin_coordinates_missing_or_invalid|damage_crops_missing|damage_property_missing|end_coordinates_missing_or_invalid|no_valid_location_points|requires_crosswalk_or_marine_review|timezone_not_normalized_to_utc
5629582,2072969,1998,1998-01-27T13:00:00,1998-01-28T16:00:00,EST,27.0,37,,Z,084,RICHMOND,0,0,0,0,,,,0,,0,1,begin_coordinates_missing_or_invalid|damage_crops_missing|damage_property_missing|end_coordinates_missing_or_invalid|no_valid_location_points|requires_crosswalk_or_marine_review|timezone_not_normalized_to_utc
5629583,2072969,1998,1998-01-27T13:00:00,1998-01-28T16:00:00,EST,27.0,37,,Z,073,STANLY,0,0,0,0,,,,0,,0,1,begin_coordinates_missing_or_invalid|damage_crops_missing|damage_property_missing|end_coordinates_missing_or_invalid|no_valid_location_points|requires_crosswalk_or_marine_review|timezone_not_normalized_to_utc
5629584,2072969,1998,1998-01-27T13:00:00,1998-01-28T16:00:00,EST,27.0,37,,Z,043,WILSON,0,0,0,0,,,,0,,0,1,begin_coordinates_missing_or_invalid|damage_crops_missing|damage_property_missing|end_coordinates_missing_or_invalid|no_valid_location_points|requires_crosswalk_or_marine_review|timezone_not_normalized_to_utc
5629681,2072687,1998,1998-01-08T06:00:00,1998-01-11T08:00:00,EST,74.0,36,,Z,040,MONTGOMERY,0,0,0,0,80000,,,0,,0,1,begin_coordinates_missing_or_invalid|damage_crops_missing|end_coordinates_missing_or_invalid|no_valid_location_points|requires_crosswalk_or_marine_review|timezone_not_normalized_to_utc
5629682,2072687,1998,1998-01-08T06:00:00,1998-01-11T08:00:00,EST,74.0,36,,Z,038,SOUTHERN HERKIMER,0,0,0,0,45000,,,0,,0,1,begin_coordinates_missing_or_invalid|damage_crops_missing|end_coordinates_missing_or_invalid|no_valid_location_points|requires_crosswalk_or_marine_review|timezone_not_normalized_to_utc
5629683,2072687,1998,1998-01-08T06:00:00,1998-01-11T08:00:00,EST,74.0,36,,Z,050,SOUTHERN SARATOGA,0,0,0,0,,,,0,,0,1,begin_coordinates_missing_or_invalid|damage_crops_missing|damage_property_missing|end_coordinates_missing_or_invalid|no_valid_location_points|requires_crosswalk_or_marine_review|timezone_not_normalized_to_utc
5629684,2072687,1998,1998-01-08T06:00:00,1998-01-11T08:00:00,EST,74.0,36,,Z,048,WESTERN SCHENECTADY,0,0,0,0,,,,0,,0,1,begin_coordinates_missing_or_invalid|damage_crops_missing|damage_property_missing|end_coordinates_missing_or_invalid|no_valid_location_points|requires_crosswalk_or_marine_review|timezone_not_normalized_to_utc
5629685,2072688,1998,1998-01-08T06:00:00,1998-01-12T12:00:00,EST,102.0,36,,Z,033,HAMILTON,0,0,0,0,,,,0,,0,1,begin_coordinates_missing_or_invalid|damage_crops_missing|damage_property_missing|end_coordinates_missing_or_invalid|no_valid_location_points|requires_crosswalk_or_marine_review|timezone_not_normalized_to_utc
5629686,2072688,1998,1998-01-08T06:00:00,1998-01-12T12:00:00,EST,102.0,36,,Z,042,WARREN,0,0,0,0,25000,,,0,,0,1,begin_coordinates_missing_or_invalid|damage_crops_missing|end_coordinates_missing_or_invalid|no_valid_location_points|requires_crosswalk_or_marine_review|timezone_not_normalized_to_utc
5629687,2072688,1998,1998-01-08T06:00:00,1998-01-12T12:00:00,EST,102.0,36,,Z,043,WASHINGTON,0,0,0,0,25000,,,0,,0,1,begin_coordinates_missing_or_invalid|damage_crops_missing|end_coordinates_missing_or_invalid|no_valid_location_points|requires_crosswalk_or_marine_review|timezone_not_normalized_to_utc
5629688,2072688,1998,1998-01-08T06:00:00,1998-01-12T12:00:00,EST,102.0,36,,Z,041,NORTHERN SARATOGA,0,0,0,0,30000,,,0,,0,1,begin_coordinates_missing_or_invalid|damage_crops_missing|end_coordinates_missing_or_invalid|no_valid_location_points|requires_crosswalk_or_marine_review|timezone_not_normalized_to_utc
5629689,2072688,1998,1998-01-08T06:00:00,1998-01-12T12:00:00,EST,102.0,36,,Z,050,SOUTHERN SARATOGA,0,0,0,0,500000,,,0,,0,1,begin_coordinates_missing_or_invalid|damage_crops_missing|end_coordinates_missing_or_invalid|no_valid_location_points|requires_crosswalk_or_marine_review|timezone_not_normalized_to_utc
5629690,2072688,1998,1998-01-08T06:00:00,1998-01-12T12:00:00,EST,102.0,36,,Z,053,WESTERN RENSSELAER,0,0,0,0,150000,,,0,,0,1,begin_coordinates_missing_or_invalid|damage_crops_missing|end_coordinates_missing_or_invalid|no_valid_location_points|requires_crosswalk_or_marine_review|timezone_not_normalized_to_utc
5629691,2072688,1998,1998-01-08T06:00:00,1998-01-12T12:00:00,EST,102.0,36,,Z,052,EASTERN ALBANY,0,0,0,0,15000,,,0,,0,1,begin_coordinates_missing_or_invalid|damage_crops_missing|end_coordinates_missing_or_invalid|no_valid_location_points|requires_crosswalk_or_marine_review|timezone_not_normalized_to_utc
5629692,2072688,1998,1998-01-08T06:00:00,1998-01-12T12:00:00,EST,102.0,36,,Z,059,EASTERN GREENE,0,0,0,0,,,,0,,0,1,begin_coordinates_missing_or_invalid|damage_crops_missing|damage_property_missing|end_coordinates_missing_or_invalid|no_valid_location_points|requires_crosswalk_or_marine_review|timezone_not_normalized_to_utc
5629693,2072688,1998,1998-01-08T06:00:00,1998-01-12T12:00:00,EST,102.0,36,,Z,060,WESTERN COLUMBIA,0,0,0,0,,,,0,,0,1,begin_coordinates_missing_or_invalid|damage_crops_missing|damage_property_missing|end_coordinates_missing_or_invalid|no_valid_location_points|requires_crosswalk_or_marine_review|timezone_not_normalized_to_utc
5629716,2072694,1998,1998-01-09T11:00:00,1998-01-13T14:00:00,EST,99.0,36,,Z,042,WARREN,0,0,0,0,25000,,,0,,0,1,begin_coordinates_missing_or_invalid|damage_crops_missing|end_coordinates_missing_or_invalid|no_valid_location_points|requires_crosswalk_or_marine_review|timezone_not_normalized_to_utc
5629825,2073061,1998,1998-01-06T12:00:00,1998-01-12T18:00:00,EST,150.0,36,,Z,022,STEUBEN,0,0,0,0,20000,,,0,,0,1,begin_coordinates_missing_or_invalid|damage_crops_missing|end_coordinates_missing_or_invalid|no_valid_location_points|requires_crosswalk_or_marine_review|timezone_not_normalized_to_utc
5629826,2073061,1998,1998-01-06T12:00:00,1998-01-12T18:00:00,EST,150.0,36,,Z,055,TIOGA,0,0,0,0,100000,,,0,,0,1,begin_coordinates_missing_or_invalid|damage_crops_missing|end_coordinates_missing_or_invalid|no_valid_location_points|requires_crosswalk_or_marine_review|timezone_not_normalized_to_utc
5629827,2073062,1998,1998-01-08T04:00:00,1998-01-10T22:00:00,EST,66.0,42,,Z,047,LUZERNE,0,0,0,0,50000,,,0,,0,1,begin_coordinates_missing_or_invalid|damage_crops_missing|end_coordinates_missing_or_invalid|no_valid_location_points|requires_crosswalk_or_marine_review|timezone_not_normalized_to_utc
5629828,2073062,1998,1998-01-08T04:00:00,1998-01-10T22:00:00,EST,66.0,42,,Z,039,SUSQUEHANNA,0,0,0,0,25000,,,0,,0,1,begin_coordinates_missing_or_invalid|damage_crops_missing|end_coordinates_missing_or_invalid|no_valid_location_points|requires_crosswalk_or_marine_review|timezone_not_normalized_to_utc
5629829,2073062,1998,1998-01-08T04:00:00,1998-01-10T22:00:00,EST,66.0,42,,Z,043,WYOMING,0,0,0,0,25000,,,0,,0,1,begin_coordinates_missing_or_invalid|damage_crops_missing|end_coordinates_missing_or_invalid|no_valid_location_points|requires_crosswalk_or_marine_review|timezone_not_normalized_to_utc
5629835,2072765,1998,1998-02-05T22:00:00,1998-02-06T18:15:00,PST,20.25,06,06079,C,079,SAN LUIS OBISPO,0,0,0,0,,,,0,,0,1,begin_coordinates_missing_or_invalid|county_code_unverified|damage_crops_missing|damage_property_missing|end_coordinates_missing_or_invalid|no_valid_location_points|timezone_not_normalized_to_utc
5629859,2072766,1998,1998-02-07T09:00:00,1998-02-08T03:45:00,PST,18.75,06,06079,C,079,SAN LUIS OBISPO,0,0,0,0,,,,0,,0,1,begin_coordinates_missing_or_invalid|county_code_unverified|damage_crops_missing|damage_property_missing|end_coordinates_missing_or_invalid|no_valid_location_points|timezone_not_normalized_to_utc
5629902,1055803,1998,1998-01-08T18:00:00,1998-01-10T18:00:00,CST,48.0,17,,Z,071,CLAY,0,0,0,0,,,,0,,0,1,begin_coordinates_missing_or_invalid|damage_crops_missing|damage_property_missing|end_coordinates_missing_or_invalid|no_valid_location_points|requires_crosswalk_or_marine_review|timezone_not_normalized_to_utc
5629903,1055804,1998,1998-01-10T18:00:00,1998-01-23T18:00:00,CST,312.0,17,,Z,036,FULTON,0,0,0,0,,,,0,,0,1,begin_coordinates_missing_or_invalid|damage_crops_missing|damage_property_missing|end_coordinates_missing_or_invalid|no_valid_location_points|requires_crosswalk_or_marine_review|timezone_not_normalized_to_utc
5629904,1055804,1998,1998-01-10T18:00:00,1998-01-23T18:00:00,CST,312.0,17,,Z,040,SCHUYLER,0,0,0,0,,,,0,,0,1,begin_coordinates_missing_or_invalid|damage_crops_missing|damage_property_missing|end_coordinates_missing_or_invalid|no_valid_location_points|requires_crosswalk_or_marine_review|timezone_not_normalized_to_utc
5629905,1055804,1998,1998-01-10T18:00:00,1998-01-23T18:00:00,CST,312.0,17,,Z,041,MASON,0,0,0,0,,,,0,,0,1,begin_coordinates_missing_or_invalid|damage_crops_missing|damage_property_missing|end_coordinates_missing_or_invalid|no_valid_location_points|requires_crosswalk_or_marine_review|timezone_not_normalized_to_utc
5629906,1055804,1998,1998-01-10T18:00:00,1998-01-23T18:00:00,CST,312.0,17,,Z,047,CASS,0,0,0,0,,,,0,,0,1,begin_coordinates_missing_or_invalid|damage_crops_missing|damage_property_missing|end_coordinates_missing_or_invalid|no_valid_location_points|requires_crosswalk_or_marine_review|timezone_not_normalized_to_utc
5629908,2072761,1998,1998-02-15T00:00:00,1998-02-26T18:00:00,CST,282.0,17,,Z,036,FULTON,0,0,0,0,,,,0,,0,1,begin_coordinates_missing_or_invalid|damage_crops_missing|damage_property_missing|end_coordinates_missing_or_invalid|no_valid_location_points|requires_crosswalk_or_marine_review|timezone_not_normalized_to_utc
5629909,2072761,1998,1998-02-15T00:00:00,1998-02-26T18:00:00,CST,282.0,17,,Z,041,MASON,0,0,0,0,,,,0,,0,1,begin_coordinates_missing_or_invalid|damage_crops_missing|damage_property_missing|end_coordinates_missing_or_invalid|no_valid_location_points|requires_crosswalk_or_marine_review|timezone_not_normalized_to_utc
5629910,2072761,1998,1998-02-15T00:00:00,1998-02-26T18:00:00,CST,282.0,17,,Z,040,SCHUYLER,0,0,0,0,,,,0,,0,1,begin_coordinates_missing_or_invalid|damage_crops_missing|damage_property_missing|end_coordinates_missing_or_invalid|no_valid_location_points|requires_crosswalk_or_marine_review|timezone_not_normalized_to_utc
5629911,2072761,1998,1998-02-15T00:00:00,1998-02-26T18:00:00,CST,282.0,17,,Z,047,CASS,0,0,0,0,,,,0,,0,1,begin_coordinates_missing_or_invalid|damage_crops_missing|damage_property_missing|end_coordinates_missing_or_invalid|no_valid_location_points|requires_crosswalk_or_marine_review|timezone_not_normalized_to_utc
5629912,2072762,1998,1998-02-18T00:00:00,1998-02-21T18:00:00,CST,90.0,17,,Z,066,EFFINGHAM,0,0,0,0,,,,0,,0,1,begin_coordinates_missing_or_invalid|damage_crops_missing|damage_property_missing|end_coordinates_missing_or_invalid|no_valid_location_points|requires_crosswalk_or_marine_review|timezone_not_normalized_to_utc
5629913,2072762,1998,1998-02-18T00:00:00,1998-02-21T18:00:00,CST,90.0,17,,Z,071,CLAY,0,0,0,0,,,,0,,0,1,begin_coordinates_missing_or_invalid|damage_crops_missing|damage_property_missing|end_coordinates_missing_or_invalid|no_valid_location_points|requires_crosswalk_or_marine_review|timezone_not_normalized_to_utc
5629914,2072763,1998,1998-02-27T00:00:00,1998-02-28T23:59:00,CST,47.983333333333334,17,,Z,036,FULTON,0,0,0,0,,,,0,,0,1,begin_coordinates_missing_or_invalid|damage_crops_missing|damage_property_missing|end_coordinates_missing_or_invalid|no_valid_location_points|requires_crosswalk_or_marine_review|timezone_not_normalized_to_utc
5629915,2072763,1998,1998-02-27T00:00:00,1998-02-28T23:59:00,CST,47.983333333333334,17,,Z,041,MASON,0,0,0,0,,,,0,,0,1,begin_coordinates_missing_or_invalid|damage_crops_missing|damage_property_missing|end_coordinates_missing_or_invalid|no_valid_location_points|requires_crosswalk_or_marine_review|timezone_not_normalized_to_utc
5629916,2072763,1998,1998-02-27T00:00:00,1998-02-28T23:59:00,CST,47.983333333333334,17,,Z,040,SCHUYLER,0,0,0,0,,,,0,,0,1,begin_coordinates_missing_or_invalid|damage_crops_missing|damage_property_missing|end_coordinates_missing_or_invalid|no_valid_location_points|requires_crosswalk_or_marine_review|timezone_not_normalized_to_utc
5629917,2072763,1998,1998-02-27T00:00:00,1998-02-28T23:59:00,CST,47.983333333333334,17,,Z,047,CASS,0,0,0,0,,,,0,,0,1,begin_coordinates_missing_or_invalid|damage_crops_missing|damage_property_missing|end_coordinates_missing_or_invalid|no_valid_location_points|requires_crosswalk_or_marine_review|timezone_not_normalized_to_utc
5629934,2072909,1998,1998-02-15T15:00:00,1998-02-15T21:00:00,CST,6.0,01,,Z,063,LOWER MOBILE,0,0,0,0,30000,,,0,,0,1,begin_coordinates_missing_or_invalid|damage_crops_missing|end_coordinates_missing_or_invalid|no_valid_location_points|requires_crosswalk_or_marine_review|timezone_not_normalized_to_utc
5629935,2072909,1998,1998-02-15T15:00:00,1998-02-15T21:00:00,CST,6.0,01,,Z,064,LOWER BALDWIN,0,0,0,0,25000,,,0,,0,1,begin_coordinates_missing_or_invalid|damage_crops_missing|end_coordinates_missing_or_invalid|no_valid_location_points|requires_crosswalk_or_marine_review|timezone_not_normalized_to_utc
5629936,2072910,1998,1998-02-15T15:00:00,1998-02-15T21:00:00,CST,6.0,12,,Z,002,COASTAL ESCAMBIA,0,0,0,0,30000,,,0,,0,1,begin_coordinates_missing_or_invalid|damage_crops_missing|end_coordinates_missing_or_invalid|no_valid_location_points|requires_crosswalk_or_marine_review|timezone_not_normalized_to_utc
5629937,2072911,1998,1998-02-22T06:30:00,1998-02-22T08:00:00,CST,1.5,01,,Z,064,LOWER BALDWIN,0,0,0,0,20000,,,0,,0,1,begin_coordinates_missing_or_invalid|damage_crops_missing|end_coordinates_missing_or_invalid|no_valid_location_points|requires_crosswalk_or_marine_review|timezone_not_normalized_to_utc
5629952,2073062,1998,1998-01-08T04:00:00,1998-01-10T22:00:00,EST,66.0,42,,Z,038,BRADFORD,0,0,0,0,25000,,,0,,0,1,begin_coordinates_missing_or_invalid|damage_crops_missing|end_coordinates_missing_or_invalid|no_valid_location_points|requires_crosswalk_or_marine_review|timezone_not_normalized_to_utc
5629992,2072764,1998,1998-02-03T05:00:00,1998-02-03T20:30:00,PST,15.5,06,06079,C,079,SAN LUIS OBISPO,0,0,0,0,,,,0,,0,1,begin_coordinates_missing_or_invalid|county_code_unverified|damage_crops_missing|damage_property_missing|end_coordinates_missing_or_invalid|no_valid_location_points|timezone_not_normalized_to_utc
5630028,2072771,1998,1998-02-23T04:00:00,1998-02-24T09:00:00,PST,29.0,06,06079,C,079,SAN LUIS OBISPO,0,0,0,0,,,,0,,0,1,begin_coordinates_missing_or_invalid|county_code_unverified|damage_crops_missing|damage_property_missing|end_coordinates_missing_or_invalid|no_valid_location_points|timezone_not_normalized_to_utc
5630045,2072923,1998,1998-02-17T08:00:00,1998-02-17T11:00:00,CST,3.0,29,29031,C,031,CAPE GIRARDEAU,0,0,0,0,5000,,,0,,0,1,begin_coordinates_missing_or_invalid|county_code_unverified|damage_crops_missing|end_coordinates_missing_or_invalid|no_valid_location_points|timezone_not_normalized_to_utc
5630046,2072924,1998,1998-02-19T08:00:00,1998-02-24T12:00:00,CST,124.0,17,,Z,084,JACKSON,0,0,0,0,,,,0,,0,1,begin_coordinates_missing_or_invalid|damage_crops_missing|damage_property_missing|end_coordinates_missing_or_invalid|no_valid_location_points|requires_crosswalk_or_marine_review|timezone_not_normalized_to_utc
5630130,2072843,1998,1998-01-12T03:00:00,1998-01-12T12:00:00,CST,9.0,22,22033,C,033,EAST BATON ROUGE,0,0,0,0,50000,,,0,,0,1,begin_coordinates_missing_or_invalid|county_code_unverified|damage_crops_missing|end_coordinates_missing_or_invalid|no_valid_location_points|timezone_not_normalized_to_utc
5630131,2072844,1998,1998-01-22T06:00:00,1998-01-22T12:00:00,CST,6.0,22,22103,C,103,ST. TAMMANY,0,0,0,0,,,,0,,0,1,begin_coordinates_missing_or_invalid|county_code_unverified|damage_crops_missing|damage_property_missing|end_coordinates_missing_or_invalid|no_valid_location_points|timezone_not_normalized_to_utc
5630136,2072849,1998,1998-01-22T03:00:00,1998-01-22T06:00:00,CST,3.0,22,22105,C,105,TANGIPAHOA,0,0,0,0,,,,0,,0,1,begin_coordinates_missing_or_invalid|county_code_unverified|damage_crops_missing|damage_property_missing|end_coordinates_missing_or_invalid|no_valid_location_points|timezone_not_normalized_to_utc
5630299,2072787,1998,1998-02-11T00:00:00,1998-02-12T23:59:00,CST,47.983333333333334,29,,Z,046,COOPER,0,0,0,0,,,,0,,0,1,begin_coordinates_missing_or_invalid|damage_crops_missing|damage_property_missing|end_coordinates_missing_or_invalid|no_valid_location_points|requires_crosswalk_or_marine_review|timezone_not_normalized_to_utc
5630432,2072787,1998,1998-02-11T00:00:00,1998-02-12T23:59:00,CST,47.983333333333334,29,,Z,044,JOHNSON,0,0,0,0,,,,0,,0,1,begin_coordinates_missing_or_invalid|damage_crops_missing|damage_property_missing|end_coordinates_missing_or_invalid|no_valid_location_points|requires_crosswalk_or_marine_review|timezone_not_normalized_to_utc
5630433,2072787,1998,1998-02-12T00:00:00,1998-02-13T23:59:00,CST,47.983333333333334,29,,Z,039,SALINE,0,0,0,0,,,,0,,0,1,begin_coordinates_missing_or_invalid|damage_crops_missing|damage_property_missing|end_coordinates_missing_or_invalid|no_valid_location_points|requires_crosswalk_or_marine_review|timezone_not_normalized_to_utc
5630495,2072943,1998,1998-01-23T21:00:00,1998-01-23T21:15:00,EST,0.25,34,,Z,018,CAMDEN,0,0,0,0,,0,,0,,0,1,begin_coordinates_missing_or_invalid|damage_property_missing|end_coordinates_missing_or_invalid|no_valid_location_points|requires_crosswalk_or_marine_review|timezone_not_normalized_to_utc
5630496,2072944,1998,1998-01-23T20:00:00,1998-01-24T02:00:00,EST,6.0,34,,Z,015,MERCER,0,0,0,0,,0,,0,,0,1,begin_coordinates_missing_or_invalid|damage_property_missing|end_coordinates_missing_or_invalid|no_valid_location_points|requires_crosswalk_or_marine_review|timezone_not_normalized_to_utc
5630497,2072945,1998,1998-01-24T05:00:00,1998-01-25T02:00:00,EST,21.0,34,,Z,010,SOMERSET,0,0,0,0,,0,,0,,0,1,begin_coordinates_missing_or_invalid|damage_property_missing|end_coordinates_missing_or_invalid|no_valid_location_points|requires_crosswalk_or_marine_review|timezone_not_normalized_to_utc
5630543,2072645,1998,1998-01-01T02:30:00,1998-01-01T09:00:00,HST,6.5,15,15003,C,003,HONOLULU,0,0,0,0,,,,0,,0,1,begin_coordinates_missing_or_invalid|county_code_unverified|damage_crops_missing|damage_property_missing|end_coordinates_missing_or_invalid|no_valid_location_points|timezone_not_normalized_to_utc
5630544,2072646,1998,1998-01-05T14:00:00,1998-01-05T17:00:00,HST,3.0,15,15003,C,003,HONOLULU,0,0,0,0,,,,0,,0,1,begin_coordinates_missing_or_invalid|county_code_unverified|damage_crops_missing|damage_property_missing|end_coordinates_missing_or_invalid|no_valid_location_points|timezone_not_normalized_to_utc
5630757,2072958,1998,1998-01-06T18:00:00,1998-01-08T12:00:00,EST,42.0,37,,Z,073,STANLY,0,0,0,0,,,,0,,0,1,begin_coordinates_missing_or_invalid|damage_crops_missing|damage_property_missing|end_coordinates_missing_or_invalid|no_valid_location_points|requires_crosswalk_or_marine_review|timezone_not_normalized_to_utc
5630758,2072959,1998,1998-01-28T12:00:00,1998-01-29T18:00:00,EST,30.0,37,,Z,040,CHATHAM,0,0,0,0,,,,0,,0,1,begin_coordinates_missing_or_invalid|damage_crops_missing|damage_property_missing|end_coordinates_missing_or_invalid|no_valid_location_points|requires_crosswalk_or_marine_review|timezone_not_normalized_to_utc
5630759,2072960,1998,1998-01-19T12:00:00,1998-01-31T23:59:00,EST,299.98333333333335,37,,Z,042,JOHNSTON,0,0,0,0,,,,0,,0,1,begin_coordinates_missing_or_invalid|damage_crops_missing|damage_property_missing|end_coordinates_missing_or_invalid|no_valid_location_points|requires_crosswalk_or_marine_review|timezone_not_normalized_to_utc
5630760,2072960,1998,1998-01-19T12:00:00,1998-01-31T23:59:00,EST,299.98333333333335,37,,Z,078,WAYNE,0,0,0,0,,,,0,,0,1,begin_coordinates_missing_or_invalid|damage_crops_missing|damage_property_missing|end_coordinates_missing_or_invalid|no_valid_location_points|requires_crosswalk_or_marine_review|timezone_not_normalized_to_utc
5630761,2072961,1998,1998-01-22T16:00:00,1998-01-30T16:00:00,EST,192.0,37,,Z,011,HALIFAX,0,0,0,0,,,,0,,0,1,begin_coordinates_missing_or_invalid|damage_crops_missing|damage_property_missing|end_coordinates_missing_or_invalid|no_valid_location_points|requires_crosswalk_or_marine_review|timezone_not_normalized_to_utc
5630762,2072961,1998,1998-01-22T16:00:00,1998-01-30T16:00:00,EST,192.0,37,,Z,028,EDGECOMBE,0,0,0,0,,,,0,,0,1,begin_coordinates_missing_or_invalid|damage_crops_missing|damage_property_missing|end_coordinates_missing_or_invalid|no_valid_location_points|requires_crosswalk_or_marine_review|timezone_not_normalized_to_utc
5630873,2073060,1998,1998-03-30T17:45:00,1998-03-30T19:55:00,CST,2.1666666666666665,55,55043,C,043,GRANT,0,0,0,0,2000,,,0,,0,1,begin_coordinates_missing_or_invalid|county_code_unverified|damage_crops_missing|end_coordinates_missing_or_invalid|no_valid_location_points|timezone_not_normalized_to_utc
5630874,2073060,1998,1998-03-30T17:45:00,1998-03-30T19:55:00,CST,2.1666666666666665,55,55103,C,103,RICHLAND,0,0,0,0,,,,0,,0,1,begin_coordinates_missing_or_invalid|county_code_unverified|damage_crops_missing|damage_property_missing|end_coordinates_missing_or_invalid|no_valid_location_points|timezone_not_normalized_to_utc
5630875,2073061,1998,1998-01-06T12:00:00,1998-01-12T18:00:00,EST,150.0,36,,Z,056,BROOME,0,0,0,0,100000,,,0,,0,1,begin_coordinates_missing_or_invalid|damage_crops_missing|end_coordinates_missing_or_invalid|no_valid_location_points|requires_crosswalk_or_marine_review|timezone_not_normalized_to_utc
5630876,2073061,1998,1998-01-06T12:00:00,1998-01-12T18:00:00,EST,150.0,36,,Z,024,CHEMUNG,0,0,0,0,20000,,,0,,0,1,begin_coordinates_missing_or_invalid|damage_crops_missing|end_coordinates_missing_or_invalid|no_valid_location_points|requires_crosswalk_or_marine_review|timezone_not_normalized_to_utc
5630877,2073061,1998,1998-01-06T12:00:00,1998-01-12T18:00:00,EST,150.0,36,,Z,045,CHENANGO,0,0,0,0,75000,,,0,,0,1,begin_coordinates_missing_or_invalid|damage_crops_missing|end_coordinates_missing_or_invalid|no_valid_location_points|requires_crosswalk_or_marine_review|timezone_not_normalized_to_utc
5630878,2073061,1998,1998-01-06T12:00:00,1998-01-12T18:00:00,EST,150.0,36,,Z,044,CORTLAND,0,0,0,0,75000,,,0,,0,1,begin_coordinates_missing_or_invalid|damage_crops_missing|end_coordinates_missing_or_invalid|no_valid_location_points|requires_crosswalk_or_marine_review|timezone_not_normalized_to_utc
5630879,2073061,1998,1998-01-06T12:00:00,1998-01-12T18:00:00,EST,150.0,36,,Z,057,DELAWARE,0,0,0,0,,,,0,,0,1,begin_coordinates_missing_or_invalid|damage_crops_missing|damage_property_missing|end_coordinates_missing_or_invalid|no_valid_location_points|requires_crosswalk_or_marine_review|timezone_not_normalized_to_utc
5630880,2073061,1998,1998-01-06T12:00:00,1998-01-12T18:00:00,EST,150.0,36,,Z,046,OTSEGO,0,0,0,0,20000,,,0,,0,1,begin_coordinates_missing_or_invalid|damage_crops_missing|end_coordinates_missing_or_invalid|no_valid_location_points|requires_crosswalk_or_marine_review|timezone_not_normalized_to_utc
5630900,2072679,1998,1998-01-08T04:00:00,1998-01-10T13:00:00,EST,57.0,36,,Z,032,NORTHERN HERKIMER,0,0,0,0,20000,,,0,,0,1,begin_coordinates_missing_or_invalid|damage_crops_missing|end_coordinates_missing_or_invalid|no_valid_location_points|requires_crosswalk_or_marine_review|timezone_not_normalized_to_utc
5630901,2072680,1998,1998-01-09T21:00:00,1998-01-11T12:00:00,EST,39.0,36,,Z,038,SOUTHERN HERKIMER,0,0,0,0,25000,,,0,,0,1,begin_coordinates_missing_or_invalid|damage_crops_missing|end_coordinates_missing_or_invalid|no_valid_location_points|requires_crosswalk_or_marine_review|timezone_not_normalized_to_utc
5630902,2072681,1998,1998-01-08T14:00:00,1998-01-10T12:00:00,EST,46.0,36,,Z,043,WASHINGTON,0,0,0,0,70000,,,0,,0,1,begin_coordinates_missing_or_invalid|damage_crops_missing|end_coordinates_missing_or_invalid|no_valid_location_points|requires_crosswalk_or_marine_review|timezone_not_normalized_to_utc
5630903,2072682,1998,1998-01-08T14:00:00,1998-01-10T12:00:00,EST,46.0,50,,Z,013,BENNINGTON,0,0,0,0,60000,,,0,,0,1,begin_coordinates_missing_or_invalid|damage_crops_missing|end_coordinates_missing_or_invalid|no_valid_location_points|requires_crosswalk_or_marine_review|timezone_not_normalized_to_utc
5630904,2072683,1998,1998-01-08T08:00:00,1998-01-10T06:00:00,EST,46.0,36,,Z,040,MONTGOMERY,0,0,0,0,,,,0,,0,1,begin_coordinates_missing_or_invalid|damage_crops_missing|damage_property_missing|end_coordinates_missing_or_invalid|no_valid_location_points|requires_crosswalk_or_marine_review|timezone_not_normalized_to_utc
5630956,2073133,1998,1998-03-30T07:35:00,1998-03-31T23:00:00,EST,39.416666666666664,36,,Z,007,JEFFERSON,0,0,0,0,25000,,,0,,0,1,begin_coordinates_missing_or_invalid|damage_crops_missing|end_coordinates_missing_or_invalid|no_valid_location_points|requires_crosswalk_or_marine_review|timezone_not_normalized_to_utc
5630957,2073133,1998,1998-03-31T07:00:00,1998-03-31T23:00:00,EST,16.0,36,,Z,008,LEWIS,0,0,0,0,25000,,,0,,0,1,begin_coordinates_missing_or_invalid|damage_crops_missing|end_coordinates_missing_or_invalid|no_valid_location_points|requires_crosswalk_or_marine_review|timezone_not_normalized_to_utc
5630962,2073138,1998,1998-03-01T00:00:00,1998-03-31T23:59:00,EST,743.9833333333333,45,,Z,045,BERKELEY,0,0,0,0,,,,0,,0,1,begin_coordinates_missing_or_invalid|damage_crops_missing|damage_property_missing|end_coordinates_missing_or_invalid|no_valid_location_points|requires_crosswalk_or_marine_review|timezone_not_normalized_to_utc
5630963,2073138,1998,1998-03-01T00:00:00,1998-03-31T23:59:00,EST,743.9833333333333,45,,Z,044,DORCHESTER,0,0,0,0,,,,0,,0,1,begin_coordinates_missing_or_invalid|damage_crops_missing|damage_property_missing|end_coordinates_missing_or_invalid|no_valid_location_points|requires_crosswalk_or_marine_review|timezone_not_normalized_to_utc
5630964,2073139,1998,1998-03-01T00:00:00,1998-03-31T23:59:00,EST,743.9833333333333,13,,Z,101,EFFINGHAM,0,0,0,0,,,,0,,0,1,begin_coordinates_missing_or_invalid|damage_crops_missing|damage_property_missing|end_coordinates_missing_or_invalid|no_valid_location_points|requires_crosswalk_or_marine_review|timezone_not_normalized_to_utc
5631018,2072586,1998,1998-01-07T22:00:00,1998-01-08T18:00:00,CST,20.0,28,,Z,031,LOWNDES,0,0,0,0,310000,,,0,,0,1,begin_coordinates_missing_or_invalid|damage_crops_missing|end_coordinates_missing_or_invalid|no_valid_location_points|requires_crosswalk_or_marine_review|timezone_not_normalized_to_utc
5631037,2072683,1998,1998-01-08T08:00:00,1998-01-10T06:00:00,EST,46.0,36,,Z,047,SCHOHARIE,0,0,0,0,,,,0,,0,1,begin_coordinates_missing_or_invalid|damage_crops_missing|damage_property_missing|end_coordinates_missing_or_invalid|no_valid_location_points|requires_crosswalk_or_marine_review|timezone_not_normalized_to_utc
5631038,2072683,1998,1998-01-08T08:00:00,1998-01-10T06:00:00,EST,46.0,36,,Z,048,WESTERN SCHENECTADY,0,0,0,0,,,,0,,0,1,begin_coordinates_missing_or_invalid|damage_crops_missing|damage_property_missing|end_coordinates_missing_or_invalid|no_valid_location_points|requires_crosswalk_or_marine_review|timezone_not_normalized_to_utc
5631039,2072684,1998,1998-01-08T21:00:00,1998-01-10T16:00:00,EST,43.0,36,,Z,039,FULTON,0,0,0,0,15000,,,0,,0,1,begin_coordinates_missing_or_invalid|damage_crops_missing|end_coordinates_missing_or_invalid|no_valid_location_points|requires_crosswalk_or_marine_review|timezone_not_normalized_to_utc
5631040,2072684,1998,1998-01-08T21:00:00,1998-01-10T16:00:00,EST,43.0,36,,Z,040,MONTGOMERY,0,0,0,0,10000,,,0,,0,1,begin_coordinates_missing_or_invalid|damage_crops_missing|end_coordinates_missing_or_invalid|no_valid_location_points|requires_crosswalk_or_marine_review|timezone_not_normalized_to_utc
5631041,2072684,1998,1998-01-08T21:00:00,1998-01-10T16:00:00,EST,43.0,36,,Z,038,SOUTHERN HERKIMER,0,0,0,0,5000,,,0,,0,1,begin_coordinates_missing_or_invalid|damage_crops_missing|end_coordinates_missing_or_invalid|no_valid_location_points|requires_crosswalk_or_marine_review|timezone_not_normalized_to_utc
5631042,2072685,1998,1998-01-08T03:00:00,1998-01-10T08:00:00,EST,53.0,36,,Z,033,HAMILTON,0,0,0,0,50000,,,0,,0,1,begin_coordinates_missing_or_invalid|damage_crops_missing|end_coordinates_missing_or_invalid|no_valid_location_points|requires_crosswalk_or_marine_review|timezone_not_normalized_to_utc
5631043,2072686,1998,1998-01-08T22:00:00,1998-01-10T09:00:00,EST,35.0,36,,Z,054,EASTERN RENSSELAER,0,0,0,0,10000,,,0,,0,1,begin_coordinates_missing_or_invalid|damage_crops_missing|end_coordinates_missing_or_invalid|no_valid_location_points|requires_crosswalk_or_marine_review|timezone_not_normalized_to_utc
5631044,2072686,1998,1998-01-08T22:00:00,1998-01-10T09:00:00,EST,35.0,36,,Z,043,WASHINGTON,0,0,0,0,15000,,,0,,0,1,begin_coordinates_missing_or_invalid|damage_crops_missing|end_coordinates_missing_or_invalid|no_valid_location_points|requires_crosswalk_or_marine_review|timezone_not_normalized_to_utc
5631045,2072686,1998,1998-01-08T22:00:00,1998-01-10T09:00:00,EST,35.0,36,,Z,053,WESTERN RENSSELAER,0,0,0,0,5000,,,0,,0,1,begin_coordinates_missing_or_invalid|damage_crops_missing|end_coordinates_missing_or_invalid|no_valid_location_points|requires_crosswalk_or_marine_review|timezone_not_normalized_to_utc
5631046,2072687,1998,1998-01-08T06:00:00,1998-01-11T08:00:00,EST,74.0,36,,Z,052,EASTERN ALBANY,0,0,0,0,,,,0,,0,1,begin_coordinates_missing_or_invalid|damage_crops_missing|damage_property_missing|end_coordinates_missing_or_invalid|no_valid_location_points|requires_crosswalk_or_marine_review|timezone_not_normalized_to_utc
5631047,2072687,1998,1998-01-08T06:00:00,1998-01-11T08:00:00,EST,74.0,36,,Z,049,EASTERN SCHENECTADY,0,0,0,0,25000,,,0,,0,1,begin_coordinates_missing_or_invalid|damage_crops_missing|end_coordinates_missing_or_invalid|no_valid_location_points|requires_crosswalk_or_marine_review|timezone_not_normalized_to_utc
5631155,2072998,1998,1998-01-08T06:45:00,1998-01-09T10:45:00,EST,28.0,51,,Z,023,BOTETOURT,0,0,0,0,,,,0,,0,1,begin_coordinates_missing_or_invalid|damage_crops_missing|damage_property_missing|end_coordinates_missing_or_invalid|no_valid_location_points|requires_crosswalk_or_marine_review|timezone_not_normalized_to_utc
5631156,2072998,1998,1998-01-09T06:45:00,1998-01-09T10:45:00,EST,4.0,51,,Z,024,ROCKBRIDGE,0,0,0,0,,,,0,,0,1,begin_coordinates_missing_or_invalid|damage_crops_missing|damage_property_missing|end_coordinates_missing_or_invalid|no_valid_location_points|requires_crosswalk_or_marine_review|timezone_not_normalized_to_utc
5631157,2072999,1998,1998-01-08T12:30:00,1998-01-09T11:00:00,EST,22.5,51,,Z,034,BEDFORD,0,0,0,0,,,,0,,0,1,begin_coordinates_missing_or_invalid|damage_crops_missing|damage_property_missing|end_coordinates_missing_or_invalid|no_valid_location_points|requires_crosswalk_or_marine_review|timezone_not_normalized_to_utc
5631158,2072999,1998,1998-01-08T12:30:00,1998-01-09T11:00:00,EST,22.5,51,,Z,035,AMHERST,0,0,0,0,,,,0,,0,1,begin_coordinates_missing_or_invalid|damage_crops_missing|damage_property_missing|end_coordinates_missing_or_invalid|no_valid_location_points|requires_crosswalk_or_marine_review|timezone_not_normalized_to_utc
5631159,2072999,1998,1998-01-08T12:30:00,1998-01-09T11:00:00,EST,22.5,51,,Z,046,APPOMATTOX,0,0,0,0,,,,0,,0,1,begin_coordinates_missing_or_invalid|damage_crops_missing|damage_property_missing|end_coordinates_missing_or_invalid|no_valid_location_points|requires_crosswalk_or_marine_review|timezone_not_normalized_to_utc
5631160,2072999,1998,1998-01-08T12:30:00,1998-01-09T11:00:00,EST,22.5,51,,Z,045,CAMPBELL,0,0,0,0,,,,0,,0,1,begin_coordinates_missing_or_invalid|damage_crops_missing|damage_property_missing|end_coordinates_missing_or_invalid|no_valid_location_points|requires_crosswalk_or_marine_review|timezone_not_normalized_to_utc
5631161,2073000,1998,1998-01-09T02:00:00,1998-01-10T14:00:00,EST,36.0,51,,Z,047,BUCKINGHAM,0,0,0,0,,,,0,,0,1,begin_coordinates_missing_or_invalid|damage_crops_missing|damage_property_missing|end_coordinates_missing_or_invalid|no_valid_location_points|requires_crosswalk_or_marine_review|timezone_not_normalized_to_utc
5631162,2073001,1998,1998-01-16T07:00:00,1998-01-18T03:30:00,EST,44.5,51,,Z,058,HALIFAX,0,0,0,0,,,,0,,0,1,begin_coordinates_missing_or_invalid|damage_crops_missing|damage_property_missing|end_coordinates_missing_or_invalid|no_valid_location_points|requires_crosswalk_or_marine_review|timezone_not_normalized_to_utc
5631163,2073002,1998,1998-01-28T11:00:00,1998-01-29T19:00:00,EST,32.0,51,,Z,047,BUCKINGHAM,0,0,0,0,,,,0,,0,1,begin_coordinates_missing_or_invalid|damage_crops_missing|damage_property_missing|end_coordinates_missing_or_invalid|no_valid_location_points|requires_crosswalk_or_marine_review|timezone_not_normalized_to_utc
5631164,2073003,1998,1998-01-28T06:00:00,1998-01-28T23:00:00,EST,17.0,51,,Z,045,CAMPBELL / LYNCHBURG,0,0,0,0,,,,0,,0,1,begin_coordinates_missing_or_invalid|damage_crops_missing|damage_property_missing|end_coordinates_missing_or_invalid|no_valid_location_points|requires_crosswalk_or_marine_review|timezone_not_normalized_to_utc
5631165,2073003,1998,1998-01-28T06:00:00,1998-01-28T23:00:00,EST,17.0,51,,Z,044,PITTSYLVANIA / DANVILLE,0,0,0,0,,,,0,,0,1,begin_coordinates_missing_or_invalid|damage_crops_missing|damage_property_missing|end_coordinates_missing_or_invalid|no_valid_location_points|requires_crosswalk_or_marine_review|timezone_not_normalized_to_utc
5631166,2073004,1998,1998-01-28T07:00:00,1998-01-31T23:59:00,EST,88.98333333333333,51,,Z,058,HALIFAX,0,0,0,0,,,,0,,0,1,begin_coordinates_missing_or_invalid|damage_crops_missing|damage_property_missing|end_coordinates_missing_or_invalid|no_valid_location_points|requires_crosswalk_or_marine_review|timezone_not_normalized_to_utc
5631167,2073004,1998,1998-01-28T07:00:00,1998-01-31T23:59:00,EST,88.98333333333333,51,,Z,059,CHARLOTTE,0,0,0,0,,,,0,,0,1,begin_coordinates_missing_or_invalid|damage_crops_missing|damage_property_missing|end_coordinates_missing_or_invalid|no_valid_location_points|requires_crosswalk_or_marine_review|timezone_not_normalized_to_utc
5631168,2073005,1998,1998-01-28T01:00:00,1998-01-31T12:00:00,EST,83.0,51,,Z,044,PITTSYLVANIA / DANVILLE,0,0,0,0,,,,0,,0,1,begin_coordinates_missing_or_invalid|damage_crops_missing|damage_property_missing|end_coordinates_missing_or_invalid|no_valid_location_points|requires_crosswalk_or_marine_review|timezone_not_normalized_to_utc
5631246,2072717,1998,1998-01-12T09:00:00,1998-01-12T20:00:00,PST,11.0,06,,Z,002,MENDOCINO COAST,0,0,0,0,,,,0,,0,1,begin_coordinates_missing_or_invalid|damage_crops_missing|damage_property_missing|end_coordinates_missing_or_invalid|no_valid_location_points|requires_crosswalk_or_marine_review|timezone_not_normalized_to_utc
5631283,2073005,1998,1998-01-28T01:00:00,1998-01-31T12:00:00,EST,83.0,51,,Z,058,HALIFAX / SOUTH BOSTON,0,0,0,0,,,,0,,0,1,begin_coordinates_missing_or_invalid|damage_crops_missing|damage_property_missing|end_coordinates_missing_or_invalid|no_valid_location_points|requires_crosswalk_or_marine_review|timezone_not_normalized_to_utc
5631284,2073006,1998,1998-01-28T03:00:00,1998-01-29T23:30:00,EST,44.5,37,,Z,006,CASWELL,0,0,0,0,,,,0,,0,1,begin_coordinates_missing_or_invalid|damage_crops_missing|damage_property_missing|end_coordinates_missing_or_invalid|no_valid_location_points|requires_crosswalk_or_marine_review|timezone_not_normalized_to_utc
5631285,2073007,1998,1998-01-27T19:00:00,1998-01-28T04:00:00,EST,9.0,37,,Z,019,WILKES,0,0,0,0,,,,0,,0,1,begin_coordinates_missing_or_invalid|damage_crops_missing|damage_property_missing|end_coordinates_missing_or_invalid|no_valid_location_points|requires_crosswalk_or_marine_review|timezone_not_normalized_to_utc
5631286,2073007,1998,1998-01-27T19:00:00,1998-01-28T04:00:00,EST,9.0,37,,Z,020,YADKIN,0,0,0,0,,,,0,,0,1,begin_coordinates_missing_or_invalid|damage_crops_missing|damage_property_missing|end_coordinates_missing_or_invalid|no_valid_location_points|requires_crosswalk_or_marine_review|timezone_not_normalized_to_utc
5631291,2073008,1998,1998-02-03T10:00:00,1998-02-03T15:00:00,PST,5.0,06,06073,C,073,SAN DIEGO,0,0,0,0,,,,0,,0,1,begin_coordinates_missing_or_invalid|county_code_unverified|damage_crops_missing|damage_property_missing|end_coordinates_missing_or_invalid|no_valid_location_points|timezone_not_normalized_to_utc
5631292,2073008,1998,1998-02-03T08:00:00,1998-02-03T13:00:00,PST,5.0,06,06059,C,059,ORANGE,0,0,0,0,,,,0,,0,1,begin_coordinates_missing_or_invalid|county_code_unverified|damage_crops_missing|damage_property_missing|end_coordinates_missing_or_invalid|no_valid_location_points|timezone_not_normalized_to_utc
5631300,2073010,1998,1998-02-06T12:00:00,1998-02-06T17:00:00,PST,5.0,06,06059,C,059,ORANGE,0,0,0,0,4290000.00,242000,,0,,0,1,begin_coordinates_missing_or_invalid|county_code_unverified|end_coordinates_missing_or_invalid|no_valid_location_points|timezone_not_normalized_to_utc
5631301,2073010,1998,1998-02-06T13:00:00,1998-02-06T16:00:00,PST,3.0,06,06073,C,073,SAN DIEGO,0,0,0,0,,,,0,,0,1,begin_coordinates_missing_or_invalid|county_code_unverified|damage_crops_missing|damage_property_missing|end_coordinates_missing_or_invalid|no_valid_location_points|timezone_not_normalized_to_utc
5631303,2073010,1998,1998-02-06T13:00:00,1998-02-06T23:59:00,PST,10.983333333333333,06,06065,C,065,RIVERSIDE,0,0,0,0,,,,0,,0,1,begin_coordinates_missing_or_invalid|county_code_unverified|damage_crops_missing|damage_property_missing|end_coordinates_missing_or_invalid|no_valid_location_points|timezone_not_normalized_to_utc
5631304,2073010,1998,1998-02-06T13:00:00,1998-02-06T23:59:00,PST,10.983333333333333,06,06071,C,071,SAN BERNARDINO,0,0,0,0,,,,0,,0,1,begin_coordinates_missing_or_invalid|county_code_unverified|damage_crops_missing|damage_property_missing|end_coordinates_missing_or_invalid|no_valid_location_points|timezone_not_normalized_to_utc
5631305,2073010,1998,1998-02-07T22:00:00,1998-02-08T02:00:00,PST,4.0,06,06059,C,059,ORANGE,0,0,0,0,,,,0,,0,1,begin_coordinates_missing_or_invalid|county_code_unverified|damage_crops_missing|damage_property_missing|end_coordinates_missing_or_invalid|no_valid_location_points|timezone_not_normalized_to_utc
5631306,2073010,1998,1998-02-07T22:00:00,1998-02-08T02:00:00,PST,4.0,06,06071,C,071,SAN BERNARDINO,0,0,0,0,,,,0,,0,1,begin_coordinates_missing_or_invalid|county_code_unverified|damage_crops_missing|damage_property_missing|end_coordinates_missing_or_invalid|no_valid_location_points|timezone_not_normalized_to_utc
5631307,2073010,1998,1998-02-08T02:00:00,1998-02-08T06:00:00,PST,4.0,06,06065,C,065,RIVERSIDE,0,0,0,0,,,,0,,0,1,begin_coordinates_missing_or_invalid|county_code_unverified|damage_crops_missing|damage_property_missing|end_coordinates_missing_or_invalid|no_valid_location_points|timezone_not_normalized_to_utc
5631308,2073010,1998,1998-02-08T04:00:00,1998-02-08T15:00:00,PST,11.0,06,,Z,043,SAN DIEGO COUNTY COASTS,0,0,0,0,,,,0,,0,1,begin_coordinates_missing_or_invalid|damage_crops_missing|damage_property_missing|end_coordinates_missing_or_invalid|no_valid_location_points|requires_crosswalk_or_marine_review|timezone_not_normalized_to_utc
5631311,2073010,1998,1998-02-07T23:00:00,1998-02-08T06:00:00,PST,7.0,06,06073,C,073,SAN DIEGO,0,0,0,0,,,,0,,0,1,begin_coordinates_missing_or_invalid|county_code_unverified|damage_crops_missing|damage_property_missing|end_coordinates_missing_or_invalid|no_valid_location_points|timezone_not_normalized_to_utc
5631312,2073011,1998,1998-02-14T10:00:00,1998-02-14T18:00:00,PST,8.0,06,06059,C,059,ORANGE,0,0,0,0,,,,0,,0,1,begin_coordinates_missing_or_invalid|county_code_unverified|damage_crops_missing|damage_property_missing|end_coordinates_missing_or_invalid|no_valid_location_points|timezone_not_normalized_to_utc
5631313,2073011,1998,1998-02-14T12:00:00,1998-02-14T20:00:00,PST,8.0,06,06073,C,073,SAN DIEGO,0,0,0,0,,,,0,,0,1,begin_coordinates_missing_or_invalid|county_code_unverified|damage_crops_missing|damage_property_missing|end_coordinates_missing_or_invalid|no_valid_location_points|timezone_not_normalized_to_utc
5631314,2073011,1998,1998-02-14T15:00:00,1998-02-14T22:00:00,PST,7.0,06,06073,C,073,SAN DIEGO,0,0,0,0,,,,0,,0,1,begin_coordinates_missing_or_invalid|county_code_unverified|damage_crops_missing|damage_property_missing|end_coordinates_missing_or_invalid|no_valid_location_points|timezone_not_normalized_to_utc
5631315,2073011,1998,1998-02-14T20:00:00,1998-02-15T12:00:00,PST,16.0,06,,Z,043,SAN DIEGO COUNTY COASTS,0,0,0,0,,,,0,,0,1,begin_coordinates_missing_or_invalid|damage_crops_missing|damage_property_missing|end_coordinates_missing_or_invalid|no_valid_location_points|requires_crosswalk_or_marine_review|timezone_not_normalized_to_utc
5631352,2072718,1998,1998-01-12T15:00:00,1998-01-12T20:00:00,PST,5.0,06,,Z,001,REDWOOD COAST,0,0,0,0,,,,0,,0,1,begin_coordinates_missing_or_invalid|damage_crops_missing|damage_property_missing|end_coordinates_missing_or_invalid|no_valid_location_points|requires_crosswalk_or_marine_review|timezone_not_normalized_to_utc
5631354,2072720,1998,1998-01-26T07:00:00,1998-01-27T08:00:00,PST,25.0,06,,Z,002,MENDOCINO COAST,0,0,0,0,,,,0,,0,1,begin_coordinates_missing_or_invalid|damage_crops_missing|damage_property_missing|end_coordinates_missing_or_invalid|no_valid_location_points|requires_crosswalk_or_marine_review|timezone_not_normalized_to_utc
5631404,2072834,1998,1998-01-06T23:00:00,1998-01-07T03:00:00,CST,4.0,22,22047,C,047,IBERVILLE,0,0,0,0,,,,0,,0,1,begin_coordinates_missing_or_invalid|county_code_unverified|damage_crops_missing|damage_property_missing|end_coordinates_missing_or_invalid|no_valid_location_points|timezone_not_normalized_to_utc
5631405,2072834,1998,1998-01-07T00:00:00,1998-01-07T04:00:00,CST,4.0,22,22095,C,095,ST. JOHN THE BAPTIST,0,0,0,0,,,,0,,0,1,begin_coordinates_missing_or_invalid|county_code_unverified|damage_crops_missing|damage_property_missing|end_coordinates_missing_or_invalid|no_valid_location_points|timezone_not_normalized_to_utc
5631406,2072834,1998,1998-01-07T00:00:00,1998-01-07T04:00:00,CST,4.0,22,22057,C,057,LAFOURCHE,0,0,0,0,,,,0,,0,1,begin_coordinates_missing_or_invalid|county_code_unverified|damage_crops_missing|damage_property_missing|end_coordinates_missing_or_invalid|no_valid_location_points|timezone_not_normalized_to_utc
5631407,2072834,1998,1998-01-07T00:00:00,1998-01-07T04:00:00,CST,4.0,22,22089,C,089,ST. CHARLES,0,0,0,0,,,,0,,0,1,begin_coordinates_missing_or_invalid|county_code_unverified|damage_crops_missing|damage_property_missing|end_coordinates_missing_or_invalid|no_valid_location_points|timezone_not_normalized_to_utc
5631411,2072834,1998,1998-01-06T23:00:00,1998-01-07T04:00:00,CST,5.0,22,22117,C,117,WASHINGTON,0,0,0,0,,,,0,,0,1,begin_coordinates_missing_or_invalid|county_code_unverified|damage_crops_missing|damage_property_missing|end_coordinates_missing_or_invalid|no_valid_location_points|timezone_not_normalized_to_utc
5631500,2072834,1998,1998-01-06T22:00:00,1998-01-07T04:00:00,CST,6.0,22,22007,C,007,ASSUMPTION,0,0,0,0,,,,0,,0,1,begin_coordinates_missing_or_invalid|county_code_unverified|damage_crops_missing|damage_property_missing|end_coordinates_missing_or_invalid|no_valid_location_points|timezone_not_normalized_to_utc
5631508,2072839,1998,1998-01-05T07:00:00,1998-01-05T10:00:00,CST,3.0,22,22071,C,071,ORLEANS,0,0,0,0,,,,0,,0,1,begin_coordinates_missing_or_invalid|county_code_unverified|damage_crops_missing|damage_property_missing|end_coordinates_missing_or_invalid|no_valid_location_points|timezone_not_normalized_to_utc
5631509,2072839,1998,1998-01-05T07:00:00,1998-01-05T10:00:00,CST,3.0,22,22103,C,103,ST. TAMMANY,0,0,0,0,,,,0,,0,1,begin_coordinates_missing_or_invalid|county_code_unverified|damage_crops_missing|damage_property_missing|end_coordinates_missing_or_invalid|no_valid_location_points|timezone_not_normalized_to_utc
5631510,2072839,1998,1998-01-05T06:00:00,1998-01-05T09:00:00,CST,3.0,22,22105,C,105,TANGIPAHOA,0,0,0,0,,,,0,,0,1,begin_coordinates_missing_or_invalid|county_code_unverified|damage_crops_missing|damage_property_missing|end_coordinates_missing_or_invalid|no_valid_location_points|timezone_not_normalized_to_utc
5631514,2072840,1998,1998-01-07T04:00:00,1998-01-07T10:00:00,CST,6.0,28,28047,C,047,HARRISON,0,0,0,0,,,,0,,0,1,begin_coordinates_missing_or_invalid|county_code_unverified|damage_crops_missing|damage_property_missing|end_coordinates_missing_or_invalid|no_valid_location_points|timezone_not_normalized_to_utc
5631568,2073024,1998,1998-02-15T06:00:00,1998-02-15T09:00:00,MST,3.0,04,04019,C,019,PIMA,0,0,0,0,,,,0,,0,1,begin_coordinates_missing_or_invalid|county_code_unverified|damage_crops_missing|damage_property_missing|end_coordinates_missing_or_invalid|no_valid_location_points|timezone_not_normalized_to_utc
5631571,2073026,1998,1998-02-17T16:30:00,1998-02-18T20:00:00,MST,27.5,04,04019,C,019,PIMA,0,0,0,0,,,,0,,0,1,begin_coordinates_missing_or_invalid|county_code_unverified|damage_crops_missing|damage_property_missing|end_coordinates_missing_or_invalid|no_valid_location_points|timezone_not_normalized_to_utc
5631652,2072860,1998,1998-02-12T04:00:00,1998-02-13T04:00:00,EST,24.0,21,,Z,042,BOURBON,0,0,0,0,,,,0,,0,1,begin_coordinates_missing_or_invalid|damage_crops_missing|damage_property_missing|end_coordinates_missing_or_invalid|no_valid_location_points|requires_crosswalk_or_marine_review|timezone_not_normalized_to_utc
5631653,2072860,1998,1998-02-12T23:00:00,1998-02-14T05:00:00,EST,30.0,21,,Z,045,NELSON,0,0,0,0,,,,0,,0,1,begin_coordinates_missing_or_invalid|damage_crops_missing|damage_property_missing|end_coordinates_missing_or_invalid|no_valid_location_points|requires_crosswalk_or_marine_review|timezone_not_normalized_to_utc
5631654,2072860,1998,1998-02-12T08:00:00,1998-02-13T14:00:00,EST,30.0,21,,Z,043,NICHOLAS,0,0,0,0,,,,0,,0,1,begin_coordinates_missing_or_invalid|damage_crops_missing|damage_property_missing|end_coordinates_missing_or_invalid|no_valid_location_points|requires_crosswalk_or_marine_review|timezone_not_normalized_to_utc
5631838,2073987,1998,1998-01-07T11:00:00,1998-01-07T13:00:00,AST,2.0,96,,C,030,ST. THOMAS,0,0,0,0,,,,0,,0,1,begin_coordinates_missing_or_invalid|damage_crops_missing|damage_property_missing|end_coordinates_missing_or_invalid|no_valid_location_points|requires_crosswalk_or_marine_review|timezone_not_normalized_to_utc
5631842,2073990,1998,1998-01-09T13:00:00,1998-01-09T15:00:00,AST,2.0,99,,C,069,HUMACAO,0,0,0,0,,,,0,,0,1,begin_coordinates_missing_or_invalid|damage_crops_missing|damage_property_missing|end_coordinates_missing_or_invalid|no_valid_location_points|requires_crosswalk_or_marine_review|timezone_not_normalized_to_utc
5631843,2073991,1998,1998-01-11T16:00:00,1998-01-11T17:00:00,AST,1.0,99,,C,127,SAN JUAN,0,0,0,0,,,,0,,0,1,begin_coordinates_missing_or_invalid|damage_crops_missing|damage_property_missing|end_coordinates_missing_or_invalid|no_valid_location_points|requires_crosswalk_or_marine_review|timezone_not_normalized_to_utc
5631844,2073992,1998,1998-01-11T15:00:00,1998-01-11T17:00:00,AST,2.0,99,,C,005,AGUADILLA,0,0,0,0,,,,0,,0,1,begin_coordinates_missing_or_invalid|damage_crops_missing|damage_property_missing|end_coordinates_missing_or_invalid|no_valid_location_points|requires_crosswalk_or_marine_review|timezone_not_normalized_to_utc
5632047,2074006,1998,1998-03-10T07:00:00,1998-03-10T21:00:00,EST,14.0,36,,Z,040,MONTGOMERY,0,0,0,0,,,,0,,0,1,begin_coordinates_missing_or_invalid|damage_crops_missing|damage_property_missing|end_coordinates_missing_or_invalid|no_valid_location_points|requires_crosswalk_or_marine_review|timezone_not_normalized_to_utc
5632048,2074006,1998,1998-03-10T07:00:00,1998-03-10T21:00:00,EST,14.0,36,,Z,047,SCHOHARIE,0,0,0,0,,,,0,,0,1,begin_coordinates_missing_or_invalid|damage_crops_missing|damage_property_missing|end_coordinates_missing_or_invalid|no_valid_location_points|requires_crosswalk_or_marine_review|timezone_not_normalized_to_utc
5632049,2074006,1998,1998-03-10T07:00:00,1998-03-10T21:00:00,EST,14.0,36,,Z,048,WESTERN SCHENECTADY,0,0,0,0,,,,0,,0,1,begin_coordinates_missing_or_invalid|damage_crops_missing|damage_property_missing|end_coordinates_missing_or_invalid|no_valid_location_points|requires_crosswalk_or_marine_review|timezone_not_normalized_to_utc
5632050,2074007,1998,1998-03-09T15:00:00,1998-03-11T02:00:00,EST,35.0,36,,Z,043,WASHINGTON,0,0,0,0,,,,0,,0,1,begin_coordinates_missing_or_invalid|damage_crops_missing|damage_property_missing|end_coordinates_missing_or_invalid|no_valid_location_points|requires_crosswalk_or_marine_review|timezone_not_normalized_to_utc
5632120,2074130,1998,1998-03-20T04:30:00,1998-03-20T10:00:00,CST,5.5,29,29073,C,073,GASCONADE,0,0,0,0,,,,0,,0,1,begin_coordinates_missing_or_invalid|county_code_unverified|damage_crops_missing|damage_property_missing|end_coordinates_missing_or_invalid|no_valid_location_points|timezone_not_normalized_to_utc
5632121,2074130,1998,1998-03-20T04:30:00,1998-03-20T10:00:00,CST,5.5,29,29071,C,071,FRANKLIN,0,0,0,0,,,,0,,0,1,begin_coordinates_missing_or_invalid|county_code_unverified|damage_crops_missing|damage_property_missing|end_coordinates_missing_or_invalid|no_valid_location_points|timezone_not_normalized_to_utc
5632122,2074130,1998,1998-03-20T04:30:00,1998-03-20T10:00:00,CST,5.5,29,29099,C,099,JEFFERSON,0,0,0,0,,,,0,,0,1,begin_coordinates_missing_or_invalid|county_code_unverified|damage_crops_missing|damage_property_missing|end_coordinates_missing_or_invalid|no_valid_location_points|timezone_not_normalized_to_utc
5632123,2074130,1998,1998-03-20T04:30:00,1998-03-20T10:00:00,CST,5.5,29,29219,C,219,WARREN,0,0,0,0,,,,0,,0,1,begin_coordinates_missing_or_invalid|county_code_unverified|damage_crops_missing|damage_property_missing|end_coordinates_missing_or_invalid|no_valid_location_points|timezone_not_normalized_to_utc
5632181,2073831,1998,1998-03-25T12:00:00,1998-03-25T16:00:00,PST,4.0,06,06059,C,059,ORANGE,0,0,0,0,,,,0,,0,1,begin_coordinates_missing_or_invalid|county_code_unverified|damage_crops_missing|damage_property_missing|end_coordinates_missing_or_invalid|no_valid_location_points|timezone_not_normalized_to_utc
5632209,2074011,1998,1998-03-29T12:00:00,1998-03-31T23:59:00,EST,59.983333333333334,50,,Z,013,BENNINGTON,0,0,0,0,10000,,,0,,0,1,begin_coordinates_missing_or_invalid|damage_crops_missing|end_coordinates_missing_or_invalid|no_valid_location_points|requires_crosswalk_or_marine_review|timezone_not_normalized_to_utc
5632210,2074012,1998,1998-03-29T16:00:00,1998-03-31T23:59:00,EST,55.983333333333334,36,,Z,033,HAMILTON,0,0,0,0,,,,0,,0,1,begin_coordinates_missing_or_invalid|damage_crops_missing|damage_property_missing|end_coordinates_missing_or_invalid|no_valid_location_points|requires_crosswalk_or_marine_review|timezone_not_normalized_to_utc
5632211,2074013,1998,1998-03-31T08:00:00,1998-03-31T23:59:00,EST,15.983333333333333,36,,Z,042,WARREN,0,0,0,0,,,,0,,0,1,begin_coordinates_missing_or_invalid|damage_crops_missing|damage_property_missing|end_coordinates_missing_or_invalid|no_valid_location_points|requires_crosswalk_or_marine_review|timezone_not_normalized_to_utc
5632269,2074368,1998,1998-03-08T12:00:00,1998-03-17T00:00:00,EST,204.0,01,,Z,066,DALE,0,0,0,0,125000000,,,0,,0,1,begin_coordinates_missing_or_invalid|damage_crops_missing|end_coordinates_missing_or_invalid|no_valid_location_points|requires_crosswalk_or_marine_review|timezone_not_normalized_to_utc
5632270,2074368,1998,1998-03-08T12:00:00,1998-03-17T00:00:00,EST,204.0,01,,Z,068,GENEVA,0,0,0,0,15000000,,,0,,0,1,begin_coordinates_missing_or_invalid|damage_crops_missing|end_coordinates_missing_or_invalid|no_valid_location_points|requires_crosswalk_or_marine_review|timezone_not_normalized_to_utc
5632271,2074392,1998,1998-03-21T07:00:00,1998-03-27T23:59:00,EST,160.98333333333332,18,,Z,068,DAVIESS,0,0,0,0,,,,0,,0,1,begin_coordinates_missing_or_invalid|damage_crops_missing|damage_property_missing|end_coordinates_missing_or_invalid|no_valid_location_points|requires_crosswalk_or_marine_review|timezone_not_normalized_to_utc
5632272,2074392,1998,1998-03-21T07:00:00,1998-03-26T23:59:00,EST,136.98333333333332,18,,Z,061,GREENE,0,0,0,0,,,,0,,0,1,begin_coordinates_missing_or_invalid|damage_crops_missing|damage_property_missing|end_coordinates_missing_or_invalid|no_valid_location_points|requires_crosswalk_or_marine_review|timezone_not_normalized_to_utc
5632273,2074392,1998,1998-03-21T07:00:00,1998-03-27T23:59:00,EST,160.98333333333332,18,,Z,067,KNOX,0,0,0,0,,,,0,,0,1,begin_coordinates_missing_or_invalid|damage_crops_missing|damage_property_missing|end_coordinates_missing_or_invalid|no_valid_location_points|requires_crosswalk_or_marine_review|timezone_not_normalized_to_utc
5632274,2074392,1998,1998-03-21T07:00:00,1998-03-25T23:59:00,EST,112.98333333333333,18,,Z,053,OWEN,0,0,0,0,,,,0,,0,1,begin_coordinates_missing_or_invalid|damage_crops_missing|damage_property_missing|end_coordinates_missing_or_invalid|no_valid_location_points|requires_crosswalk_or_marine_review|timezone_not_normalized_to_utc
5632275,2074393,1998,1998-03-21T07:00:00,1998-03-24T07:00:00,EST,72.0,18,,Z,071,JACKSON,0,0,0,0,,,,0,,0,1,begin_coordinates_missing_or_invalid|damage_crops_missing|damage_property_missing|end_coordinates_missing_or_invalid|no_valid_location_points|requires_crosswalk_or_marine_review|timezone_not_normalized_to_utc
5632303,2073844,1998,1998-03-23T22:00:00,1998-03-24T22:00:00,MST,24.0,16,,Z,012,S WASHINGTON/PAYETTE/S GEM/CANYON/X NW OWYHEE,0,0,0,0,,,,0,,0,1,begin_coordinates_missing_or_invalid|damage_crops_missing|damage_property_missing|end_coordinates_missing_or_invalid|no_valid_location_points|requires_crosswalk_or_marine_review|timezone_not_normalized_to_utc
5632443,2074368,1998,1998-03-08T12:00:00,1998-03-17T00:00:00,EST,204.0,01,,Z,067,HENRY,0,0,0,0,5000000,,,0,,0,1,begin_coordinates_missing_or_invalid|damage_crops_missing|end_coordinates_missing_or_invalid|no_valid_location_points|requires_crosswalk_or_marine_review|timezone_not_normalized_to_utc
5632444,2074368,1998,1998-03-08T12:00:00,1998-03-17T00:00:00,EST,204.0,01,,Z,069,HOUSTON,0,0,0,0,85000000,,,0,,0,1,begin_coordinates_missing_or_invalid|damage_crops_missing|end_coordinates_missing_or_invalid|no_valid_location_points|requires_crosswalk_or_marine_review|timezone_not_normalized_to_utc
5632445,2074369,1998,1998-03-10T00:00:00,1998-03-30T00:00:00,EST,480.0,12,,Z,012,BAY,0,0,0,0,150000,,,0,,0,1,begin_coordinates_missing_or_invalid|damage_crops_missing|end_coordinates_missing_or_invalid|no_valid_location_points|requires_crosswalk_or_marine_review|timezone_not_normalized_to_utc
5632446,2074369,1998,1998-03-10T00:00:00,1998-03-30T00:00:00,EST,480.0,12,,Z,013,CALHOUN,0,0,0,0,95000000,,,0,,0,1,begin_coordinates_missing_or_invalid|damage_crops_missing|end_coordinates_missing_or_invalid|no_valid_location_points|requires_crosswalk_or_marine_review|timezone_not_normalized_to_utc
5632447,2074369,1998,1998-03-10T00:00:00,1998-03-30T00:00:00,EST,480.0,12,,Z,034,DIXIE,0,0,0,0,35000000,,,0,,0,1,begin_coordinates_missing_or_invalid|damage_crops_missing|end_coordinates_missing_or_invalid|no_valid_location_points|requires_crosswalk_or_marine_review|timezone_not_normalized_to_utc
5632448,2074369,1998,1998-03-10T00:00:00,1998-03-30T00:00:00,EST,480.0,12,,Z,015,FRANKLIN,0,0,0,0,650000,,,0,,0,1,begin_coordinates_missing_or_invalid|damage_crops_missing|end_coordinates_missing_or_invalid|no_valid_location_points|requires_crosswalk_or_marine_review|timezone_not_normalized_to_utc
5632449,2074369,1998,1998-03-10T00:00:00,1998-03-30T00:00:00,EST,480.0,12,,Z,016,GADSDEN,0,0,0,0,25000,,,0,,0,1,begin_coordinates_missing_or_invalid|damage_crops_missing|end_coordinates_missing_or_invalid|no_valid_location_points|requires_crosswalk_or_marine_review|timezone_not_normalized_to_utc
5632450,2074369,1998,1998-03-10T00:00:00,1998-03-30T00:00:00,EST,480.0,12,,Z,014,GULF,0,0,0,0,105000000,,,0,,0,1,begin_coordinates_missing_or_invalid|damage_crops_missing|end_coordinates_missing_or_invalid|no_valid_location_points|requires_crosswalk_or_marine_review|timezone_not_normalized_to_utc
5632451,2074369,1998,1998-03-10T00:00:00,1998-03-30T00:00:00,EST,480.0,12,,Z,009,HOLMES,0,0,0,0,175000,,,0,,0,1,begin_coordinates_missing_or_invalid|damage_crops_missing|end_coordinates_missing_or_invalid|no_valid_location_points|requires_crosswalk_or_marine_review|timezone_not_normalized_to_utc
5632452,2074369,1998,1998-03-10T00:00:00,1998-03-30T00:00:00,EST,480.0,12,,Z,007,INLAND WALTON,0,0,0,0,50000000,,,0,,0,1,begin_coordinates_missing_or_invalid|damage_crops_missing|end_coordinates_missing_or_invalid|no_valid_location_points|requires_crosswalk_or_marine_review|timezone_not_normalized_to_utc
5632453,2074369,1998,1998-03-10T00:00:00,1998-03-30T00:00:00,EST,480.0,12,,Z,011,JACKSON,0,0,0,0,70000000,,,0,,0,1,begin_coordinates_missing_or_invalid|damage_crops_missing|end_coordinates_missing_or_invalid|no_valid_location_points|requires_crosswalk_or_marine_review|timezone_not_normalized_to_utc
5632454,2074369,1998,1998-03-10T00:00:00,1998-03-30T00:00:00,EST,480.0,12,,Z,029,LAFAYETTE,0,0,0,0,150000,,,0,,0,1,begin_coordinates_missing_or_invalid|damage_crops_missing|end_coordinates_missing_or_invalid|no_valid_location_points|requires_crosswalk_or_marine_review|timezone_not_normalized_to_utc
5632455,2074369,1998,1998-03-10T00:00:00,1998-03-30T00:00:00,EST,480.0,12,,Z,017,LEON,0,0,0,0,50000,,,0,,0,1,begin_coordinates_missing_or_invalid|damage_crops_missing|end_coordinates_missing_or_invalid|no_valid_location_points|requires_crosswalk_or_marine_review|timezone_not_normalized_to_utc
5632456,2074369,1998,1998-03-10T00:00:00,1998-03-30T00:00:00,EST,480.0,12,,Z,026,LIBERTY,0,0,0,0,200000,,,0,,0,1,begin_coordinates_missing_or_invalid|damage_crops_missing|end_coordinates_missing_or_invalid|no_valid_location_points|requires_crosswalk_or_marine_review|timezone_not_normalized_to_utc
5632457,2074369,1998,1998-03-10T00:00:00,1998-03-30T00:00:00,EST,480.0,12,,Z,019,MADISON,0,0,0,0,125000,,,0,,0,1,begin_coordinates_missing_or_invalid|damage_crops_missing|end_coordinates_missing_or_invalid|no_valid_location_points|requires_crosswalk_or_marine_review|timezone_not_normalized_to_utc
5632458,2074369,1998,1998-03-10T00:00:00,1998-03-30T00:00:00,EST,480.0,12,,Z,028,TAYLOR,0,0,0,0,75000,,,0,,0,1,begin_coordinates_missing_or_invalid|damage_crops_missing|end_coordinates_missing_or_invalid|no_valid_location_points|requires_crosswalk_or_marine_review|timezone_not_normalized_to_utc
5632459,2074369,1998,1998-03-10T00:00:00,1998-03-30T00:00:00,EST,480.0,12,,Z,027,WAKULLA,0,0,0,0,275000,,,0,,0,1,begin_coordinates_missing_or_invalid|damage_crops_missing|end_coordinates_missing_or_invalid|no_valid_location_points|requires_crosswalk_or_marine_review|timezone_not_normalized_to_utc
5632460,2074369,1998,1998-03-10T00:00:00,1998-03-30T00:00:00,EST,480.0,12,,Z,010,WASHINGTON,0,0,0,0,10000000,,,0,,0,1,begin_coordinates_missing_or_invalid|damage_crops_missing|end_coordinates_missing_or_invalid|no_valid_location_points|requires_crosswalk_or_marine_review|timezone_not_normalized_to_utc
5632461,2074369,1998,1998-03-10T00:00:00,1998-03-30T00:00:00,EST,480.0,12,,Z,018,JEFFERSON,0,0,0,0,125000,,,0,,0,1,begin_coordinates_missing_or_invalid|damage_crops_missing|end_coordinates_missing_or_invalid|no_valid_location_points|requires_crosswalk_or_marine_review|timezone_not_normalized_to_utc
5632462,2074370,1998,1998-03-08T12:00:00,1998-03-21T00:00:00,EST,300.0,13,,Z,144,BAKER,0,0,1,0,5000000,,,1,,0,1,begin_coordinates_missing_or_invalid|damage_crops_missing|end_coordinates_missing_or_invalid|no_valid_location_points|requires_crosswalk_or_marine_review|timezone_not_normalized_to_utc
5632463,2074370,1998,1998-03-08T12:00:00,1998-03-21T00:00:00,EST,300.0,13,,Z,130,BEN HILL,0,0,0,0,75000,,,0,,0,1,begin_coordinates_missing_or_invalid|damage_crops_missing|end_coordinates_missing_or_invalid|no_valid_location_points|requires_crosswalk_or_marine_review|timezone_not_normalized_to_utc
5632464,2074370,1998,1998-03-08T12:00:00,1998-03-21T00:00:00,EST,300.0,13,,Z,159,BROOKS,0,0,0,0,150000,,,0,,0,1,begin_coordinates_missing_or_invalid|damage_crops_missing|end_coordinates_missing_or_invalid|no_valid_location_points|requires_crosswalk_or_marine_review|timezone_not_normalized_to_utc
5632465,2074370,1998,1998-03-08T12:00:00,1998-03-21T00:00:00,EST,300.0,13,,Z,123,CALHOUN,0,0,0,0,275000,,,0,,0,1,begin_coordinates_missing_or_invalid|damage_crops_missing|end_coordinates_missing_or_invalid|no_valid_location_points|requires_crosswalk_or_marine_review|timezone_not_normalized_to_utc
5632466,2074370,1998,1998-03-08T12:00:00,1998-03-21T00:00:00,EST,300.0,13,,Z,121,CLAY,0,0,0,0,200000,,,0,,0,1,begin_coordinates_missing_or_invalid|damage_crops_missing|end_coordinates_missing_or_invalid|no_valid_location_points|requires_crosswalk_or_marine_review|timezone_not_normalized_to_utc
5632467,2074370,1998,1998-03-08T12:00:00,1998-03-21T00:00:00,EST,300.0,13,,Z,146,COLQUITT,0,0,0,0,1000000,,,0,,0,1,begin_coordinates_missing_or_invalid|damage_crops_missing|end_coordinates_missing_or_invalid|no_valid_location_points|requires_crosswalk_or_marine_review|timezone_not_normalized_to_utc
5632468,2074370,1998,1998-03-08T12:00:00,1998-03-21T00:00:00,EST,300.0,13,,Z,147,COOK,0,0,0,0,300000,,,0,,0,1,begin_coordinates_missing_or_invalid|damage_crops_missing|end_coordinates_missing_or_invalid|no_valid_location_points|requires_crosswalk_or_marine_review|timezone_not_normalized_to_utc
5632469,2074370,1998,1998-03-08T12:00:00,1998-03-21T00:00:00,EST,300.0,13,,Z,156,DECATUR,0,0,0,0,25000000,,,0,,0,1,begin_coordinates_missing_or_invalid|damage_crops_missing|end_coordinates_missing_or_invalid|no_valid_location_points|requires_crosswalk_or_marine_review|timezone_not_normalized_to_utc
5632470,2074370,1998,1998-03-08T12:00:00,1998-03-21T00:00:00,EST,300.0,13,,Z,125,DOUGHERTY,0,0,0,0,115000000,,,0,,0,1,begin_coordinates_missing_or_invalid|damage_crops_missing|end_coordinates_missing_or_invalid|no_valid_location_points|requires_crosswalk_or_marine_review|timezone_not_normalized_to_utc
5632471,2074370,1998,1998-03-08T12:00:00,1998-03-21T00:00:00,EST,300.0,13,,Z,142,EARLY,1,0,0,0,2000000,,,0,,0,1,begin_coordinates_missing_or_invalid|damage_crops_missing|end_coordinates_missing_or_invalid|no_valid_location_points|requires_crosswalk_or_marine_review|timezone_not_normalized_to_utc
5632472,2074370,1998,1998-03-08T12:00:00,1998-03-21T00:00:00,EST,300.0,13,,Z,126,LEE,0,0,0,0,250000,,,0,,0,1,begin_coordinates_missing_or_invalid|damage_crops_missing|end_coordinates_missing_or_invalid|no_valid_location_points|requires_crosswalk_or_marine_review|timezone_not_normalized_to_utc
5632473,2074370,1998,1998-03-08T12:00:00,1998-03-21T00:00:00,EST,300.0,13,,Z,160,LOWNDES,0,0,0,0,750000,,,0,,0,1,begin_coordinates_missing_or_invalid|damage_crops_missing|end_coordinates_missing_or_invalid|no_valid_location_points|requires_crosswalk_or_marine_review|timezone_not_normalized_to_utc
5632474,2074370,1998,1998-03-08T12:00:00,1998-03-21T00:00:00,EST,300.0,13,,Z,143,MILLER,0,0,0,0,325000,,,0,,0,1,begin_coordinates_missing_or_invalid|damage_crops_missing|end_coordinates_missing_or_invalid|no_valid_location_points|requires_crosswalk_or_marine_review|timezone_not_normalized_to_utc
5632475,2074370,1998,1998-03-08T12:00:00,1998-03-21T00:00:00,EST,300.0,13,,Z,145,MITCHELL,0,0,0,0,125000,,,0,,0,1,begin_coordinates_missing_or_invalid|damage_crops_missing|end_coordinates_missing_or_invalid|no_valid_location_points|requires_crosswalk_or_marine_review|timezone_not_normalized_to_utc
5632476,2074370,1998,1998-03-08T12:00:00,1998-03-21T00:00:00,EST,300.0,13,,Z,155,SEMINOLE,0,0,0,0,150000,,,0,,0,1,begin_coordinates_missing_or_invalid|damage_crops_missing|end_coordinates_missing_or_invalid|no_valid_location_points|requires_crosswalk_or_marine_review|timezone_not_normalized_to_utc
5632477,2074370,1998,1998-03-08T12:00:00,1998-03-21T00:00:00,EST,300.0,13,,Z,124,TERRELL,0,0,0,0,10000000,,,0,,0,1,begin_coordinates_missing_or_invalid|damage_crops_missing|end_coordinates_missing_or_invalid|no_valid_location_points|requires_crosswalk_or_marine_review|timezone_not_normalized_to_utc
5632478,2074370,1998,1998-03-08T12:00:00,1998-03-21T00:00:00,EST,300.0,13,,Z,158,THOMAS,0,0,0,0,250000,,,0,,0,1,begin_coordinates_missing_or_invalid|damage_crops_missing|end_coordinates_missing_or_invalid|no_valid_location_points|requires_crosswalk_or_marine_review|timezone_not_normalized_to_utc
5632479,2074370,1998,1998-03-08T12:00:00,1998-03-21T00:00:00,EST,300.0,13,,Z,127,WORTH,0,0,0,0,150000,,,0,,0,1,begin_coordinates_missing_or_invalid|damage_crops_missing|end_coordinates_missing_or_invalid|no_valid_location_points|requires_crosswalk_or_marine_review|timezone_not_normalized_to_utc
5632654,2074519,1998,1998-03-19T08:30:00,1998-03-20T14:00:00,EST,29.5,51,,Z,058,HALIFAX,0,0,0,0,,,,0,,0,1,begin_coordinates_missing_or_invalid|damage_crops_missing|damage_property_missing|end_coordinates_missing_or_invalid|no_valid_location_points|requires_crosswalk_or_marine_review|timezone_not_normalized_to_utc
5632655,2074520,1998,1998-03-20T18:00:00,1998-03-21T13:00:00,EST,19.0,51,,Z,022,ROANOKE,0,0,0,0,,,,0,,0,1,begin_coordinates_missing_or_invalid|damage_crops_missing|damage_property_missing|end_coordinates_missing_or_invalid|no_valid_location_points|requires_crosswalk_or_marine_review|timezone_not_normalized_to_utc
5632656,2074520,1998,1998-03-20T23:00:00,1998-03-22T04:00:00,EST,29.0,51,,Z,045,CAMPBELL,0,0,0,0,,,,0,,0,1,begin_coordinates_missing_or_invalid|damage_crops_missing|damage_property_missing|end_coordinates_missing_or_invalid|no_valid_location_points|requires_crosswalk_or_marine_review|timezone_not_normalized_to_utc
5632657,2074520,1998,1998-03-21T02:00:00,1998-03-24T12:00:00,EST,82.0,51,,Z,059,CHARLOTTE,0,0,0,0,,,,0,,0,1,begin_coordinates_missing_or_invalid|damage_crops_missing|damage_property_missing|end_coordinates_missing_or_invalid|no_valid_location_points|requires_crosswalk_or_marine_review|timezone_not_normalized_to_utc
5632658,2074520,1998,1998-03-20T23:00:00,1998-03-24T12:00:00,EST,85.0,51,,Z,058,HALIFAX,0,0,0,0,,,,0,,0,1,begin_coordinates_missing_or_invalid|damage_crops_missing|damage_property_missing|end_coordinates_missing_or_invalid|no_valid_location_points|requires_crosswalk_or_marine_review|timezone_not_normalized_to_utc
5632659,2074521,1998,1998-03-20T23:30:00,1998-03-23T07:30:00,EST,56.0,51,,Z,058,HALIFAX,0,0,0,0,,,,0,,0,1,begin_coordinates_missing_or_invalid|damage_crops_missing|damage_property_missing|end_coordinates_missing_or_invalid|no_valid_location_points|requires_crosswalk_or_marine_review|timezone_not_normalized_to_utc
5632660,2074522,1998,1998-03-21T01:00:00,1998-03-21T15:00:00,EST,14.0,51,,Z,007,TAZEWELL,0,0,0,0,,,,0,,0,1,begin_coordinates_missing_or_invalid|damage_crops_missing|damage_property_missing|end_coordinates_missing_or_invalid|no_valid_location_points|requires_crosswalk_or_marine_review|timezone_not_normalized_to_utc
5632661,2074523,1998,1998-03-21T03:00:00,1998-03-22T04:00:00,EST,25.0,51,,Z,023,BOTETOURT,0,0,0,0,,,,0,,0,1,begin_coordinates_missing_or_invalid|damage_crops_missing|damage_property_missing|end_coordinates_missing_or_invalid|no_valid_location_points|requires_crosswalk_or_marine_review|timezone_not_normalized_to_utc
5632662,2074524,1998,1998-03-21T01:00:00,1998-03-23T14:00:00,EST,61.0,51,,Z,047,BUCKINGHAM,0,0,0,0,,,,0,,0,1,begin_coordinates_missing_or_invalid|damage_crops_missing|damage_property_missing|end_coordinates_missing_or_invalid|no_valid_location_points|requires_crosswalk_or_marine_review|timezone_not_normalized_to_utc
5632911,2074064,1998,1998-03-08T09:45:00,1998-03-08T15:00:00,CST,5.25,13,,Z,089,MUSCOGEE,0,0,0,0,30000,0,,0,,0,1,begin_coordinates_missing_or_invalid|end_coordinates_missing_or_invalid|no_valid_location_points|requires_crosswalk_or_marine_review|timezone_not_normalized_to_utc
5632912,2074065,1998,1998-03-08T21:00:00,1998-03-11T08:00:00,CST,59.0,01,,Z,043,ELMORE,0,0,0,0,5000,0,,0,,0,1,begin_coordinates_missing_or_invalid|end_coordinates_missing_or_invalid|no_valid_location_points|requires_crosswalk_or_marine_review|timezone_not_normalized_to_utc
5632913,2074066,1998,1998-03-08T17:00:00,1998-03-13T15:00:00,CST,118.0,01,,Z,044,MONTGOMERY,0,0,0,0,35000,0,,0,,0,1,begin_coordinates_missing_or_invalid|end_coordinates_missing_or_invalid|no_valid_location_points|requires_crosswalk_or_marine_review|timezone_not_normalized_to_utc
5632977,2074390,1998,1998-03-10T07:00:00,1998-03-14T07:00:00,EST,96.0,18,,Z,029,TIPPECANOE,0,0,0,0,,,,0,,0,1,begin_coordinates_missing_or_invalid|damage_crops_missing|damage_property_missing|end_coordinates_missing_or_invalid|no_valid_location_points|requires_crosswalk_or_marine_review|timezone_not_normalized_to_utc
5632978,2074390,1998,1998-03-11T07:00:00,1998-03-15T07:00:00,EST,96.0,18,,Z,035,FOUNTAIN,0,0,0,0,,,,0,,0,1,begin_coordinates_missing_or_invalid|damage_crops_missing|damage_property_missing|end_coordinates_missing_or_invalid|no_valid_location_points|requires_crosswalk_or_marine_review|timezone_not_normalized_to_utc
5632979,2074390,1998,1998-03-13T07:00:00,1998-03-18T07:00:00,EST,120.0,18,,Z,044,PARKE,0,0,0,0,,,,0,,0,1,begin_coordinates_missing_or_invalid|damage_crops_missing|damage_property_missing|end_coordinates_missing_or_invalid|no_valid_location_points|requires_crosswalk_or_marine_review|timezone_not_normalized_to_utc
5632980,2074390,1998,1998-03-11T07:00:00,1998-03-16T07:00:00,EST,120.0,18,,Z,043,VERMILLION,0,0,0,0,,,,0,,0,1,begin_coordinates_missing_or_invalid|damage_crops_missing|damage_property_missing|end_coordinates_missing_or_invalid|no_valid_location_points|requires_crosswalk_or_marine_review|timezone_not_normalized_to_utc
5632981,2074390,1998,1998-03-11T07:00:00,1998-03-15T07:00:00,EST,96.0,18,,Z,028,WARREN,0,0,0,0,,,,0,,0,1,begin_coordinates_missing_or_invalid|damage_crops_missing|damage_property_missing|end_coordinates_missing_or_invalid|no_valid_location_points|requires_crosswalk_or_marine_review|timezone_not_normalized_to_utc
5632982,2074391,1998,1998-03-19T07:00:00,1998-03-31T07:00:00,EST,288.0,18,,Z,029,TIPPECANOE,0,0,0,0,,,,0,,0,1,begin_coordinates_missing_or_invalid|damage_crops_missing|damage_property_missing|end_coordinates_missing_or_invalid|no_valid_location_points|requires_crosswalk_or_marine_review|timezone_not_normalized_to_utc
5632983,2074391,1998,1998-03-19T07:00:00,1998-03-31T07:00:00,EST,288.0,18,,Z,035,FOUNTAIN,0,0,0,0,,,,0,,0,1,begin_coordinates_missing_or_invalid|damage_crops_missing|damage_property_missing|end_coordinates_missing_or_invalid|no_valid_location_points|requires_crosswalk_or_marine_review|timezone_not_normalized_to_utc
5632984,2074391,1998,1998-03-23T07:00:00,1998-03-31T07:00:00,EST,192.0,18,,Z,067,KNOX,0,0,0,0,,,,0,,0,1,begin_coordinates_missing_or_invalid|damage_crops_missing|damage_property_missing|end_coordinates_missing_or_invalid|no_valid_location_points|requires_crosswalk_or_marine_review|timezone_not_normalized_to_utc
5632985,2074391,1998,1998-03-19T07:00:00,1998-03-31T07:00:00,EST,288.0,18,,Z,044,PARKE,0,0,0,0,,,,0,,0,1,begin_coordinates_missing_or_invalid|damage_crops_missing|damage_property_missing|end_coordinates_missing_or_invalid|no_valid_location_points|requires_crosswalk_or_marine_review|timezone_not_normalized_to_utc
5632986,2074391,1998,1998-03-21T07:00:00,1998-03-31T07:00:00,EST,240.0,18,,Z,060,SULLIVAN,0,0,0,0,,,,0,,0,1,begin_coordinates_missing_or_invalid|damage_crops_missing|damage_property_missing|end_coordinates_missing_or_invalid|no_valid_location_points|requires_crosswalk_or_marine_review|timezone_not_normalized_to_utc
5632987,2074391,1998,1998-03-19T07:00:00,1998-03-31T07:00:00,EST,288.0,18,,Z,043,VERMILLION,0,0,0,0,,,,0,,0,1,begin_coordinates_missing_or_invalid|damage_crops_missing|damage_property_missing|end_coordinates_missing_or_invalid|no_valid_location_points|requires_crosswalk_or_marine_review|timezone_not_normalized_to_utc
5632988,2074391,1998,1998-03-19T07:00:00,1998-03-31T07:00:00,EST,288.0,18,,Z,051,VIGO,0,0,0,0,,,,0,,0,1,begin_coordinates_missing_or_invalid|damage_crops_missing|damage_property_missing|end_coordinates_missing_or_invalid|no_valid_location_points|requires_crosswalk_or_marine_review|timezone_not_normalized_to_utc
5632989,2074391,1998,1998-03-19T07:00:00,1998-03-31T07:00:00,EST,288.0,18,,Z,028,WARREN,0,0,0,0,,,,0,,0,1,begin_coordinates_missing_or_invalid|damage_crops_missing|damage_property_missing|end_coordinates_missing_or_invalid|no_valid_location_points|requires_crosswalk_or_marine_review|timezone_not_normalized_to_utc
5632990,2074392,1998,1998-03-21T07:00:00,1998-03-24T23:59:00,EST,88.98333333333333,18,,Z,054,MORGAN,0,0,0,0,,,,0,,0,1,begin_coordinates_missing_or_invalid|damage_crops_missing|damage_property_missing|end_coordinates_missing_or_invalid|no_valid_location_points|requires_crosswalk_or_marine_review|timezone_not_normalized_to_utc
5632994,2074410,1998,1998-02-02T21:00:00,1998-02-08T14:00:00,PST,137.0,06,06045,C,045,MENDOCINO,0,0,0,0,,,,0,,0,1,begin_coordinates_missing_or_invalid|county_code_unverified|damage_crops_missing|damage_property_missing|end_coordinates_missing_or_invalid|no_valid_location_points|timezone_not_normalized_to_utc
5633039,2074069,1998,1998-03-09T12:00:00,1998-03-09T21:00:00,EST,9.0,26,,Z,070,MACOMB,0,0,0,0,,,,0,,0,1,begin_coordinates_missing_or_invalid|damage_crops_missing|damage_property_missing|end_coordinates_missing_or_invalid|no_valid_location_points|requires_crosswalk_or_marine_review|timezone_not_normalized_to_utc
5633040,2074070,1998,1998-03-09T14:00:00,1998-03-10T21:00:00,EST,31.0,26,,Z,076,WAYNE,0,0,0,0,,,,0,,0,1,begin_coordinates_missing_or_invalid|damage_crops_missing|damage_property_missing|end_coordinates_missing_or_invalid|no_valid_location_points|requires_crosswalk_or_marine_review|timezone_not_normalized_to_utc
5633044,2074073,1998,1998-03-20T06:00:00,1998-03-21T07:00:00,EST,25.0,26,,Z,054,TUSCOLA,0,0,0,0,,,,0,,0,1,begin_coordinates_missing_or_invalid|damage_crops_missing|damage_property_missing|end_coordinates_missing_or_invalid|no_valid_location_points|requires_crosswalk_or_marine_review|timezone_not_normalized_to_utc
5633045,2074073,1998,1998-03-20T04:00:00,1998-03-22T09:00:00,EST,53.0,26,,Z,053,SAGINAW,0,0,0,0,,,,0,,0,1,begin_coordinates_missing_or_invalid|damage_crops_missing|damage_property_missing|end_coordinates_missing_or_invalid|no_valid_location_points|requires_crosswalk_or_marine_review|timezone_not_normalized_to_utc
5633059,2074077,1998,1998-03-09T06:00:00,1998-03-09T12:00:00,EST,6.0,26,,Z,076,WAYNE,0,0,0,0,,,,0,,0,1,begin_coordinates_missing_or_invalid|damage_crops_missing|damage_property_missing|end_coordinates_missing_or_invalid|no_valid_location_points|requires_crosswalk_or_marine_review|timezone_not_normalized_to_utc
5633356,2074421,1998,1998-02-19T10:00:00,1998-02-19T16:00:00,PST,6.0,06,06045,C,045,MENDOCINO,0,0,0,0,,,,0,,0,1,begin_coordinates_missing_or_invalid|county_code_unverified|damage_crops_missing|damage_property_missing|end_coordinates_missing_or_invalid|no_valid_location_points|timezone_not_normalized_to_utc
5633359,2074423,1998,1998-02-21T08:00:00,1998-02-21T20:00:00,PST,12.0,06,06015,C,015,DEL NORTE,0,0,0,0,,,,0,,0,1,begin_coordinates_missing_or_invalid|county_code_unverified|damage_crops_missing|damage_property_missing|end_coordinates_missing_or_invalid|no_valid_location_points|timezone_not_normalized_to_utc
5633360,2074423,1998,1998-02-21T08:00:00,1998-02-21T20:00:00,PST,12.0,06,06023,C,023,HUMBOLDT,0,0,0,0,,,,0,,0,1,begin_coordinates_missing_or_invalid|county_code_unverified|damage_crops_missing|damage_property_missing|end_coordinates_missing_or_invalid|no_valid_location_points|timezone_not_normalized_to_utc
5633361,2074423,1998,1998-02-21T08:00:00,1998-02-21T20:00:00,PST,12.0,06,06045,C,045,MENDOCINO,0,0,0,0,,,,0,,0,1,begin_coordinates_missing_or_invalid|county_code_unverified|damage_crops_missing|damage_property_missing|end_coordinates_missing_or_invalid|no_valid_location_points|timezone_not_normalized_to_utc
5633415,2073906,1998,1998-03-08T07:00:00,1998-03-14T18:00:00,EST,155.0,13,,Z,042,CARROLL,0,0,0,0,25000,,,0,,0,1,begin_coordinates_missing_or_invalid|damage_crops_missing|end_coordinates_missing_or_invalid|no_valid_location_points|requires_crosswalk_or_marine_review|timezone_not_normalized_to_utc
5633416,2073906,1998,1998-03-08T07:00:00,1998-03-14T18:00:00,EST,155.0,13,,Z,043,DOUGLAS,0,0,0,0,10000,,,0,,0,1,begin_coordinates_missing_or_invalid|damage_crops_missing|end_coordinates_missing_or_invalid|no_valid_location_points|requires_crosswalk_or_marine_review|timezone_not_normalized_to_utc
5633417,2073906,1998,1998-03-08T07:00:00,1998-03-14T18:00:00,EST,155.0,13,,Z,052,HEARD,0,0,0,0,5000,,,0,,0,1,begin_coordinates_missing_or_invalid|damage_crops_missing|end_coordinates_missing_or_invalid|no_valid_location_points|requires_crosswalk_or_marine_review|timezone_not_normalized_to_utc
5633418,2073906,1998,1998-03-08T07:00:00,1998-03-14T18:00:00,EST,155.0,13,,Z,053,COWETA,0,0,0,0,5000,,,0,,0,1,begin_coordinates_missing_or_invalid|damage_crops_missing|end_coordinates_missing_or_invalid|no_valid_location_points|requires_crosswalk_or_marine_review|timezone_not_normalized_to_utc
5633419,2073906,1998,1998-03-08T07:00:00,1998-03-14T18:00:00,EST,155.0,13,,Z,032,COBB,0,0,0,0,10000,,,0,,0,1,begin_coordinates_missing_or_invalid|damage_crops_missing|end_coordinates_missing_or_invalid|no_valid_location_points|requires_crosswalk_or_marine_review|timezone_not_normalized_to_utc
5633420,2073906,1998,1998-03-08T07:00:00,1998-03-14T18:00:00,EST,155.0,13,,Z,048,NEWTON,0,0,0,0,5000,,,0,,0,1,begin_coordinates_missing_or_invalid|damage_crops_missing|end_coordinates_missing_or_invalid|no_valid_location_points|requires_crosswalk_or_marine_review|timezone_not_normalized_to_utc
5633421,2073906,1998,1998-03-08T07:00:00,1998-03-14T18:00:00,EST,155.0,13,,Z,056,SPALDING,0,0,0,0,5000,,,0,,0,1,begin_coordinates_missing_or_invalid|damage_crops_missing|end_coordinates_missing_or_invalid|no_valid_location_points|requires_crosswalk_or_marine_review|timezone_not_normalized_to_utc
5633422,2073906,1998,1998-03-08T07:00:00,1998-03-14T18:00:00,EST,155.0,13,,Z,058,BUTTS,0,0,0,0,10000,,,0,,0,1,begin_coordinates_missing_or_invalid|damage_crops_missing|end_coordinates_missing_or_invalid|no_valid_location_points|requires_crosswalk_or_marine_review|timezone_not_normalized_to_utc
5633423,2073906,1998,1998-03-08T07:00:00,1998-03-14T18:00:00,EST,155.0,13,,Z,059,JASPER,0,0,0,0,5000,,,0,,0,1,begin_coordinates_missing_or_invalid|damage_crops_missing|end_coordinates_missing_or_invalid|no_valid_location_points|requires_crosswalk_or_marine_review|timezone_not_normalized_to_utc
5633424,2073906,1998,1998-03-08T07:00:00,1998-03-14T18:00:00,EST,155.0,13,,Z,068,PIKE,0,0,0,0,10000,,,0,,0,1,begin_coordinates_missing_or_invalid|damage_crops_missing|end_coordinates_missing_or_invalid|no_valid_location_points|requires_crosswalk_or_marine_review|timezone_not_normalized_to_utc
5633425,2073906,1998,1998-03-08T07:00:00,1998-03-14T18:00:00,EST,155.0,13,,Z,070,LAMAR,0,0,0,0,25000,,,0,,0,1,begin_coordinates_missing_or_invalid|damage_crops_missing|end_coordinates_missing_or_invalid|no_valid_location_points|requires_crosswalk_or_marine_review|timezone_not_normalized_to_utc
5633426,2073906,1998,1998-03-08T07:00:00,1998-03-14T18:00:00,EST,155.0,13,,Z,071,MONROE,0,0,0,0,25000,,,0,,0,1,begin_coordinates_missing_or_invalid|damage_crops_missing|end_coordinates_missing_or_invalid|no_valid_location_points|requires_crosswalk_or_marine_review|timezone_not_normalized_to_utc
5633427,2073906,1998,1998-03-08T07:00:00,1998-03-14T18:00:00,EST,155.0,13,,Z,072,JONES,0,0,0,0,5000,,,0,,0,1,begin_coordinates_missing_or_invalid|damage_crops_missing|end_coordinates_missing_or_invalid|no_valid_location_points|requires_crosswalk_or_marine_review|timezone_not_normalized_to_utc
5633428,2073906,1998,1998-03-08T07:00:00,1998-03-14T18:00:00,EST,155.0,13,,Z,073,BALDWIN,0,0,0,0,5000,,,0,,0,1,begin_coordinates_missing_or_invalid|damage_crops_missing|end_coordinates_missing_or_invalid|no_valid_location_points|requires_crosswalk_or_marine_review|timezone_not_normalized_to_utc
5633429,2073906,1998,1998-03-08T07:00:00,1998-03-14T18:00:00,EST,155.0,13,,Z,069,UPSON,0,0,0,0,10000,,,0,,0,1,begin_coordinates_missing_or_invalid|damage_crops_missing|end_coordinates_missing_or_invalid|no_valid_location_points|requires_crosswalk_or_marine_review|timezone_not_normalized_to_utc
5633430,2073906,1998,1998-03-08T07:00:00,1998-03-14T18:00:00,EST,155.0,13,,Z,093,MACON,0,0,0,0,5000,,,0,,0,1,begin_coordinates_missing_or_invalid|damage_crops_missing|end_coordinates_missing_or_invalid|no_valid_location_points|requires_crosswalk_or_marine_review|timezone_not_normalized_to_utc
5633431,2073906,1998,1998-03-08T07:00:00,1998-03-14T18:00:00,EST,155.0,13,,Z,084,WILKINSON,0,0,0,0,5000,,,0,,0,1,begin_coordinates_missing_or_invalid|damage_crops_missing|end_coordinates_missing_or_invalid|no_valid_location_points|requires_crosswalk_or_marine_review|timezone_not_normalized_to_utc
5633526,2073906,1998,1998-03-08T07:00:00,1998-03-14T18:00:00,EST,155.0,13,,Z,082,BIBB,0,0,0,0,10000,,,0,,0,1,begin_coordinates_missing_or_invalid|damage_crops_missing|end_coordinates_missing_or_invalid|no_valid_location_points|requires_crosswalk_or_marine_review|timezone_not_normalized_to_utc
5633527,2073906,1998,1998-03-08T07:00:00,1998-03-14T18:00:00,EST,155.0,13,,Z,097,LAURENS,0,0,0,0,50000,,,0,,0,1,begin_coordinates_missing_or_invalid|damage_crops_missing|end_coordinates_missing_or_invalid|no_valid_location_points|requires_crosswalk_or_marine_review|timezone_not_normalized_to_utc
5633528,2073906,1998,1998-03-08T07:00:00,1998-03-14T18:00:00,EST,155.0,13,,Z,098,TREUTLEN,0,0,0,0,10000,,,0,,0,1,begin_coordinates_missing_or_invalid|damage_crops_missing|end_coordinates_missing_or_invalid|no_valid_location_points|requires_crosswalk_or_marine_review|timezone_not_normalized_to_utc
5633529,2073906,1998,1998-03-08T07:00:00,1998-03-14T18:00:00,EST,155.0,13,,Z,103,WEBSTER,0,0,0,0,10000,,,0,,0,1,begin_coordinates_missing_or_invalid|damage_crops_missing|end_coordinates_missing_or_invalid|no_valid_location_points|requires_crosswalk_or_marine_review|timezone_not_normalized_to_utc
5633530,2073906,1998,1998-03-08T07:00:00,1998-03-14T18:00:00,EST,155.0,13,,Z,104,SUMTER,0,0,0,0,25000,,,0,,0,1,begin_coordinates_missing_or_invalid|damage_crops_missing|end_coordinates_missing_or_invalid|no_valid_location_points|requires_crosswalk_or_marine_review|timezone_not_normalized_to_utc
5633531,2073906,1998,1998-03-08T07:00:00,1998-03-14T18:00:00,EST,155.0,13,,Z,105,DOOLY,0,0,0,0,25000,,,0,,0,1,begin_coordinates_missing_or_invalid|damage_crops_missing|end_coordinates_missing_or_invalid|no_valid_location_points|requires_crosswalk_or_marine_review|timezone_not_normalized_to_utc
5633532,2073906,1998,1998-03-08T07:00:00,1998-03-14T18:00:00,EST,155.0,13,,Z,106,CRISP,0,0,0,0,25000,,,0,,0,1,begin_coordinates_missing_or_invalid|damage_crops_missing|end_coordinates_missing_or_invalid|no_valid_location_points|requires_crosswalk_or_marine_review|timezone_not_normalized_to_utc
5633533,2073906,1998,1998-03-08T07:00:00,1998-03-14T18:00:00,EST,155.0,13,,Z,108,WILCOX,0,0,0,0,10000,,,0,,0,1,begin_coordinates_missing_or_invalid|damage_crops_missing|end_coordinates_missing_or_invalid|no_valid_location_points|requires_crosswalk_or_marine_review|timezone_not_normalized_to_utc
5633534,2073906,1998,1998-03-08T07:00:00,1998-03-14T18:00:00,EST,155.0,13,,Z,107,PULASKI,0,0,0,0,25000,,,0,,0,1,begin_coordinates_missing_or_invalid|damage_crops_missing|end_coordinates_missing_or_invalid|no_valid_location_points|requires_crosswalk_or_marine_review|timezone_not_normalized_to_utc
5633535,2073906,1998,1998-03-08T07:00:00,1998-03-14T18:00:00,EST,155.0,13,,Z,109,DODGE,0,0,0,0,10000,,,0,,0,1,begin_coordinates_missing_or_invalid|damage_crops_missing|end_coordinates_missing_or_invalid|no_valid_location_points|requires_crosswalk_or_marine_review|timezone_not_normalized_to_utc
5633536,2073906,1998,1998-03-08T07:00:00,1998-03-14T18:00:00,EST,155.0,13,,Z,110,TELFAIR,0,0,0,0,10000,,,0,,0,1,begin_coordinates_missing_or_invalid|damage_crops_missing|end_coordinates_missing_or_invalid|no_valid_location_points|requires_crosswalk_or_marine_review|timezone_not_normalized_to_utc
5633537,2073906,1998,1998-03-08T07:00:00,1998-03-14T18:00:00,EST,155.0,13,,Z,111,WHEELER,0,0,0,0,10000,,,0,,0,1,begin_coordinates_missing_or_invalid|damage_crops_missing|end_coordinates_missing_or_invalid|no_valid_location_points|requires_crosswalk_or_marine_review|timezone_not_normalized_to_utc
5633538,2073906,1998,1998-03-08T07:00:00,1998-03-14T18:00:00,EST,155.0,13,,Z,112,MONTGOMERY,0,0,0,0,10000,,,0,,0,1,begin_coordinates_missing_or_invalid|damage_crops_missing|end_coordinates_missing_or_invalid|no_valid_location_points|requires_crosswalk_or_marine_review|timezone_not_normalized_to_utc
5633539,2073906,1998,1998-03-08T07:00:00,1998-03-14T18:00:00,EST,155.0,13,,Z,078,HARRIS,0,0,0,0,10000,,,0,,0,1,begin_coordinates_missing_or_invalid|damage_crops_missing|end_coordinates_missing_or_invalid|no_valid_location_points|requires_crosswalk_or_marine_review|timezone_not_normalized_to_utc
5633540,2073906,1998,1998-03-08T07:00:00,1998-03-14T18:00:00,EST,155.0,13,,Z,079,TALBOT,0,0,0,0,10000,,,0,,0,1,begin_coordinates_missing_or_invalid|damage_crops_missing|end_coordinates_missing_or_invalid|no_valid_location_points|requires_crosswalk_or_marine_review|timezone_not_normalized_to_utc
5633541,2073906,1998,1998-03-08T07:00:00,1998-03-14T18:00:00,EST,155.0,13,,Z,080,TAYLOR,0,0,0,0,10000,,,0,,0,1,begin_coordinates_missing_or_invalid|damage_crops_missing|end_coordinates_missing_or_invalid|no_valid_location_points|requires_crosswalk_or_marine_review|timezone_not_normalized_to_utc
5633542,2073906,1998,1998-03-08T07:00:00,1998-03-14T18:00:00,EST,155.0,13,,Z,091,MARION,0,0,0,0,10000,,,0,,0,1,begin_coordinates_missing_or_invalid|damage_crops_missing|end_coordinates_missing_or_invalid|no_valid_location_points|requires_crosswalk_or_marine_review|timezone_not_normalized_to_utc
5633543,2073906,1998,1998-03-08T07:00:00,1998-03-14T18:00:00,EST,155.0,13,,Z,092,SCHLEY,0,0,0,0,10000,,,0,,0,1,begin_coordinates_missing_or_invalid|damage_crops_missing|end_coordinates_missing_or_invalid|no_valid_location_points|requires_crosswalk_or_marine_review|timezone_not_normalized_to_utc
5633544,2073906,1998,1998-03-08T07:00:00,1998-03-14T18:00:00,EST,155.0,13,,Z,081,CRAWFORD,0,0,0,0,10000,,,0,,0,1,begin_coordinates_missing_or_invalid|damage_crops_missing|end_coordinates_missing_or_invalid|no_valid_location_points|requires_crosswalk_or_marine_review|timezone_not_normalized_to_utc
5633545,2073906,1998,1998-03-08T07:00:00,1998-03-14T18:00:00,EST,155.0,13,,Z,094,PEACH,0,0,0,0,10000,,,0,,0,1,begin_coordinates_missing_or_invalid|damage_crops_missing|end_coordinates_missing_or_invalid|no_valid_location_points|requires_crosswalk_or_marine_review|timezone_not_normalized_to_utc
5633546,2073906,1998,1998-03-08T07:00:00,1998-03-14T18:00:00,EST,155.0,13,,Z,095,HOUSTON,0,0,0,0,10000,,,0,,0,1,begin_coordinates_missing_or_invalid|damage_crops_missing|end_coordinates_missing_or_invalid|no_valid_location_points|requires_crosswalk_or_marine_review|timezone_not_normalized_to_utc
5633547,2073906,1998,1998-03-08T07:00:00,1998-03-14T18:00:00,EST,155.0,13,,Z,083,TWIGGS,0,0,0,0,10000,,,0,,0,1,begin_coordinates_missing_or_invalid|damage_crops_missing|end_coordinates_missing_or_invalid|no_valid_location_points|requires_crosswalk_or_marine_review|timezone_not_normalized_to_utc
5633548,2073906,1998,1998-03-08T07:00:00,1998-03-14T18:00:00,EST,155.0,13,,Z,096,BLECKLEY,0,0,0,0,10000,,,0,,0,1,begin_coordinates_missing_or_invalid|damage_crops_missing|end_coordinates_missing_or_invalid|no_valid_location_points|requires_crosswalk_or_marine_review|timezone_not_normalized_to_utc
5633676,2074096,1998,1998-04-09T17:00:00,1998-04-10T18:00:00,EST,25.0,18,,Z,058,FAYETTE,0,0,0,0,,,,0,,0,1,begin_coordinates_missing_or_invalid|damage_crops_missing|damage_property_missing|end_coordinates_missing_or_invalid|no_valid_location_points|requires_crosswalk_or_marine_review|timezone_not_normalized_to_utc
5633677,2074097,1998,1998-04-16T06:00:00,1998-04-17T00:00:00,EST,18.0,18,,Z,058,FAYETTE,0,0,0,0,,,,0,,0,1,begin_coordinates_missing_or_invalid|damage_crops_missing|damage_property_missing|end_coordinates_missing_or_invalid|no_valid_location_points|requires_crosswalk_or_marine_review|timezone_not_normalized_to_utc
5633678,2074097,1998,1998-04-16T07:00:00,1998-04-16T17:00:00,EST,10.0,18,,Z,066,FRANKLIN,0,0,0,0,,,,0,,0,1,begin_coordinates_missing_or_invalid|damage_crops_missing|damage_property_missing|end_coordinates_missing_or_invalid|no_valid_location_points|requires_crosswalk_or_marine_review|timezone_not_normalized_to_utc
5633679,2074098,1998,1998-04-16T21:00:00,1998-04-19T04:00:00,EST,55.0,39,,Z,073,ROSS,0,0,0,0,,,,0,,0,1,begin_coordinates_missing_or_invalid|damage_crops_missing|damage_property_missing|end_coordinates_missing_or_invalid|no_valid_location_points|requires_crosswalk_or_marine_review|timezone_not_normalized_to_utc
5633680,2074098,1998,1998-04-17T06:00:00,1998-04-19T23:00:00,EST,65.0,39,,Z,082,PIKE,0,0,0,0,,,,0,,0,1,begin_coordinates_missing_or_invalid|damage_crops_missing|damage_property_missing|end_coordinates_missing_or_invalid|no_valid_location_points|requires_crosswalk_or_marine_review|timezone_not_normalized_to_utc
5633681,2074099,1998,1998-04-16T04:00:00,1998-04-18T11:00:00,EST,55.0,39,,Z,071,WARREN,0,0,0,0,,,,0,,0,1,begin_coordinates_missing_or_invalid|damage_crops_missing|damage_property_missing|end_coordinates_missing_or_invalid|no_valid_location_points|requires_crosswalk_or_marine_review|timezone_not_normalized_to_utc
5633682,2074099,1998,1998-04-16T06:15:00,1998-04-18T23:00:00,EST,64.75,39,,Z,078,CLERMONT,0,0,0,0,,,,0,,0,1,begin_coordinates_missing_or_invalid|damage_crops_missing|damage_property_missing|end_coordinates_missing_or_invalid|no_valid_location_points|requires_crosswalk_or_marine_review|timezone_not_normalized_to_utc
5633683,1057221,1998,1998-04-16T08:00:00,1998-04-17T06:00:00,EST,22.0,39,,Z,077,HAMILTON,0,0,0,0,,,,0,,0,1,begin_coordinates_missing_or_invalid|damage_crops_missing|damage_property_missing|end_coordinates_missing_or_invalid|no_valid_location_points|requires_crosswalk_or_marine_review|timezone_not_normalized_to_utc
5633684,2074100,1998,1998-04-30T12:00:00,1998-04-30T17:00:00,EST,5.0,39,,Z,081,ADAMS,0,0,0,0,,,,0,,0,1,begin_coordinates_missing_or_invalid|damage_crops_missing|damage_property_missing|end_coordinates_missing_or_invalid|no_valid_location_points|requires_crosswalk_or_marine_review|timezone_not_normalized_to_utc
5633776,2073960,1998,1998-03-17T18:35:00,1998-03-17T20:00:00,CST,1.4166666666666667,29,29023,C,023,BUTLER,0,0,0,0,5000,,,0,,0,1,begin_coordinates_missing_or_invalid|county_code_unverified|damage_crops_missing|end_coordinates_missing_or_invalid|no_valid_location_points|timezone_not_normalized_to_utc
5633777,2073961,1998,1998-03-17T18:35:00,1998-03-17T20:00:00,CST,1.4166666666666667,29,29017,C,017,BOLLINGER,0,0,0,0,,,,0,,0,1,begin_coordinates_missing_or_invalid|county_code_unverified|damage_crops_missing|damage_property_missing|end_coordinates_missing_or_invalid|no_valid_location_points|timezone_not_normalized_to_utc
5633778,2073962,1998,1998-03-22T06:00:00,1998-03-31T23:59:00,CST,233.98333333333332,17,,Z,092,ALEXANDER,0,0,0,0,,,,0,,0,1,begin_coordinates_missing_or_invalid|damage_crops_missing|damage_property_missing|end_coordinates_missing_or_invalid|no_valid_location_points|requires_crosswalk_or_marine_review|timezone_not_normalized_to_utc
5633779,2073962,1998,1998-03-22T06:00:00,1998-03-31T23:59:00,CST,233.98333333333332,17,,Z,087,GALLATIN,0,0,0,0,,,,0,,0,1,begin_coordinates_missing_or_invalid|damage_crops_missing|damage_property_missing|end_coordinates_missing_or_invalid|no_valid_location_points|requires_crosswalk_or_marine_review|timezone_not_normalized_to_utc
5633844,2073962,1998,1998-03-22T06:00:00,1998-03-31T23:59:00,CST,233.98333333333332,17,,Z,094,MASSAC,0,0,0,0,,,,0,,0,1,begin_coordinates_missing_or_invalid|damage_crops_missing|damage_property_missing|end_coordinates_missing_or_invalid|no_valid_location_points|requires_crosswalk_or_marine_review|timezone_not_normalized_to_utc
5633845,2073962,1998,1998-03-22T06:00:00,1998-03-31T23:59:00,CST,233.98333333333332,17,,Z,093,PULASKI,0,0,0,0,,,,0,,0,1,begin_coordinates_missing_or_invalid|damage_crops_missing|damage_property_missing|end_coordinates_missing_or_invalid|no_valid_location_points|requires_crosswalk_or_marine_review|timezone_not_normalized_to_utc
5633846,2073963,1998,1998-03-20T07:00:00,1998-03-30T07:00:00,CST,240.0,29,,Z,087,CAPE GIRARDEAU,0,0,0,0,,,,0,,0,1,begin_coordinates_missing_or_invalid|damage_crops_missing|damage_property_missing|end_coordinates_missing_or_invalid|no_valid_location_points|requires_crosswalk_or_marine_review|timezone_not_normalized_to_utc
5633847,2073964,1998,1998-03-21T02:00:00,1998-03-28T10:00:00,CST,176.0,17,,Z,092,ALEXANDER,0,0,0,0,,,,0,,0,1,begin_coordinates_missing_or_invalid|damage_crops_missing|damage_property_missing|end_coordinates_missing_or_invalid|no_valid_location_points|requires_crosswalk_or_marine_review|timezone_not_normalized_to_utc
5633848,2073965,1998,1998-03-26T09:00:00,1998-03-30T19:00:00,CST,106.0,18,,Z,085,POSEY,0,0,0,0,,,,0,,0,1,begin_coordinates_missing_or_invalid|damage_crops_missing|damage_property_missing|end_coordinates_missing_or_invalid|no_valid_location_points|requires_crosswalk_or_marine_review|timezone_not_normalized_to_utc
5633849,1057078,1998,1998-03-22T08:00:00,1998-03-31T23:59:00,CST,231.98333333333332,17,,Z,084,JACKSON,0,0,0,0,,,,0,,0,1,begin_coordinates_missing_or_invalid|damage_crops_missing|damage_property_missing|end_coordinates_missing_or_invalid|no_valid_location_points|requires_crosswalk_or_marine_review|timezone_not_normalized_to_utc
5633850,2073966,1998,1998-03-20T12:00:00,1998-03-21T09:00:00,CST,21.0,29,,Z,100,WAYNE,0,0,0,0,,,,0,,0,1,begin_coordinates_missing_or_invalid|damage_crops_missing|damage_property_missing|end_coordinates_missing_or_invalid|no_valid_location_points|requires_crosswalk_or_marine_review|timezone_not_normalized_to_utc
5633886,1057468,1998,1998-03-01T00:01:00,1998-03-31T23:59:00,EST,743.9666666666667,12,,Z,036,ALACHUA,0,0,0,0,850000.00,,,0,,0,1,begin_coordinates_missing_or_invalid|damage_crops_missing|end_coordinates_missing_or_invalid|no_valid_location_points|requires_crosswalk_or_marine_review|timezone_not_normalized_to_utc
5633887,1057468,1998,1998-03-01T00:01:00,1998-03-31T23:59:00,EST,743.9666666666667,12,,Z,023,BAKER,0,0,0,0,2200000.0,,,0,,0,1,begin_coordinates_missing_or_invalid|damage_crops_missing|end_coordinates_missing_or_invalid|no_valid_location_points|requires_crosswalk_or_marine_review|timezone_not_normalized_to_utc
5633888,1057468,1998,1998-03-01T00:01:00,1998-03-31T23:59:00,EST,743.9666666666667,12,,Z,031,BRADFORD,0,0,0,0,170000.00,,,0,,0,1,begin_coordinates_missing_or_invalid|damage_crops_missing|end_coordinates_missing_or_invalid|no_valid_location_points|requires_crosswalk_or_marine_review|timezone_not_normalized_to_utc
5633889,1057468,1998,1998-03-01T00:01:00,1998-03-31T23:59:00,EST,743.9666666666667,12,,Z,032,CLAY,0,0,0,0,370000.00,,,0,,0,1,begin_coordinates_missing_or_invalid|damage_crops_missing|end_coordinates_missing_or_invalid|no_valid_location_points|requires_crosswalk_or_marine_review|timezone_not_normalized_to_utc
5633890,1057468,1998,1998-03-01T00:01:00,1998-03-31T23:59:00,EST,743.9666666666667,12,,Z,022,COLUMBIA,0,0,0,0,2350000.00,,,0,,0,1,begin_coordinates_missing_or_invalid|damage_crops_missing|end_coordinates_missing_or_invalid|no_valid_location_points|requires_crosswalk_or_marine_review|timezone_not_normalized_to_utc
5633891,1057468,1998,1998-03-01T00:01:00,1998-03-31T23:59:00,EST,743.9666666666667,12,,Z,025,DUVAL,0,0,0,0,400000.0,,,0,,0,1,begin_coordinates_missing_or_invalid|damage_crops_missing|end_coordinates_missing_or_invalid|no_valid_location_points|requires_crosswalk_or_marine_review|timezone_not_normalized_to_utc
5633892,1057468,1998,1998-03-01T00:01:00,1998-03-31T23:59:00,EST,743.9666666666667,12,,Z,038,FLAGLER,0,0,0,0,25000,,,0,,0,1,begin_coordinates_missing_or_invalid|damage_crops_missing|end_coordinates_missing_or_invalid|no_valid_location_points|requires_crosswalk_or_marine_review|timezone_not_normalized_to_utc
5633893,1057468,1998,1998-03-01T00:01:00,1998-03-31T23:59:00,EST,743.9666666666667,12,,Z,035,GILCHRIST,0,0,0,0,6090000.00,,,0,,0,1,begin_coordinates_missing_or_invalid|damage_crops_missing|end_coordinates_missing_or_invalid|no_valid_location_points|requires_crosswalk_or_marine_review|timezone_not_normalized_to_utc
5633894,1057468,1998,1998-03-01T00:01:00,1998-03-31T23:59:00,EST,743.9666666666667,12,,Z,020,HAMILTON,0,0,0,0,590000.00,,,0,,0,1,begin_coordinates_missing_or_invalid|damage_crops_missing|end_coordinates_missing_or_invalid|no_valid_location_points|requires_crosswalk_or_marine_review|timezone_not_normalized_to_utc
5633895,1057468,1998,1998-03-01T00:01:00,1998-03-31T23:59:00,EST,743.9666666666667,12,,Z,040,MARION,0,0,0,0,230000.00,,,0,,0,1,begin_coordinates_missing_or_invalid|damage_crops_missing|end_coordinates_missing_or_invalid|no_valid_location_points|requires_crosswalk_or_marine_review|timezone_not_normalized_to_utc
5633896,1057468,1998,1998-03-01T00:01:00,1998-03-31T23:59:00,EST,743.9666666666667,12,,Z,024,NASSAU,0,0,0,0,1700000.0,,,0,,0,1,begin_coordinates_missing_or_invalid|damage_crops_missing|end_coordinates_missing_or_invalid|no_valid_location_points|requires_crosswalk_or_marine_review|timezone_not_normalized_to_utc
5633897,1057468,1998,1998-03-01T00:01:00,1998-03-31T23:59:00,EST,743.9666666666667,12,,Z,037,PUTNAM,0,0,0,0,3700000.0,,,0,,0,1,begin_coordinates_missing_or_invalid|damage_crops_missing|end_coordinates_missing_or_invalid|no_valid_location_points|requires_crosswalk_or_marine_review|timezone_not_normalized_to_utc
5633898,1057468,1998,1998-03-01T00:01:00,1998-03-31T23:59:00,EST,743.9666666666667,12,,Z,033,ST. JOHNS,0,0,0,0,7500.0,,,0,,0,1,begin_coordinates_missing_or_invalid|damage_crops_missing|end_coordinates_missing_or_invalid|no_valid_location_points|requires_crosswalk_or_marine_review|timezone_not_normalized_to_utc
5633899,1057468,1998,1998-03-01T00:01:00,1998-03-31T23:59:00,EST,743.9666666666667,12,,Z,021,SUWANNEE,0,0,0,0,5500000.0,,,0,,0,1,begin_coordinates_missing_or_invalid|damage_crops_missing|end_coordinates_missing_or_invalid|no_valid_location_points|requires_crosswalk_or_marine_review|timezone_not_normalized_to_utc
5633900,1057468,1998,1998-03-01T00:01:00,1998-03-31T23:59:00,EST,743.9666666666667,12,,Z,030,UNION,0,0,0,0,1340000.00,,,0,,0,1,begin_coordinates_missing_or_invalid|damage_crops_missing|end_coordinates_missing_or_invalid|no_valid_location_points|requires_crosswalk_or_marine_review|timezone_not_normalized_to_utc
5633901,1057469,1998,1998-03-01T00:01:00,1998-03-31T23:00:00,EST,742.9833333333333,13,,Z,135,APPLING,0,0,0,0,1500000.0,,,0,,0,1,begin_coordinates_missing_or_invalid|damage_crops_missing|end_coordinates_missing_or_invalid|no_valid_location_points|requires_crosswalk_or_marine_review|timezone_not_normalized_to_utc
5633902,1057469,1998,1998-03-01T00:01:00,1998-03-31T23:00:00,EST,742.9833333333333,13,,Z,149,ATKINSON,0,0,0,0,100000,,,0,,0,1,begin_coordinates_missing_or_invalid|damage_crops_missing|end_coordinates_missing_or_invalid|no_valid_location_points|requires_crosswalk_or_marine_review|timezone_not_normalized_to_utc
5633903,1057469,1998,1998-03-01T00:01:00,1998-03-31T23:00:00,EST,742.9833333333333,13,,Z,134,BACON,0,0,0,0,100000,,,0,,0,1,begin_coordinates_missing_or_invalid|damage_crops_missing|end_coordinates_missing_or_invalid|no_valid_location_points|requires_crosswalk_or_marine_review|timezone_not_normalized_to_utc
5633904,1057469,1998,1998-03-01T00:01:00,1998-03-31T23:00:00,EST,742.9833333333333,13,,Z,152,BRANTLEY,0,0,0,0,25000,,,0,,0,1,begin_coordinates_missing_or_invalid|damage_crops_missing|end_coordinates_missing_or_invalid|no_valid_location_points|requires_crosswalk_or_marine_review|timezone_not_normalized_to_utc
5633905,1057469,1998,1998-03-01T00:01:00,1998-03-31T23:00:00,EST,742.9833333333333,13,,Z,164,CHARLTON,0,0,0,0,25000,,,0,,0,1,begin_coordinates_missing_or_invalid|damage_crops_missing|end_coordinates_missing_or_invalid|no_valid_location_points|requires_crosswalk_or_marine_review|timezone_not_normalized_to_utc
5633906,1057469,1998,1998-03-01T00:01:00,1998-03-31T23:00:00,EST,742.9833333333333,13,,Z,163,CLINCH,0,0,0,0,25000,,,0,,0,1,begin_coordinates_missing_or_invalid|damage_crops_missing|end_coordinates_missing_or_invalid|no_valid_location_points|requires_crosswalk_or_marine_review|timezone_not_normalized_to_utc
5633907,1057469,1998,1998-03-01T00:01:00,1998-03-31T23:00:00,EST,742.9833333333333,13,,Z,132,COFFEE,0,0,0,0,1500000.0,,,0,,0,1,begin_coordinates_missing_or_invalid|damage_crops_missing|end_coordinates_missing_or_invalid|no_valid_location_points|requires_crosswalk_or_marine_review|timezone_not_normalized_to_utc
5633908,1057469,1998,1998-03-01T00:01:00,1998-03-31T23:00:00,EST,742.9833333333333,13,,Z,162,ECHOLS,0,0,0,0,25000,,,0,,0,1,begin_coordinates_missing_or_invalid|damage_crops_missing|end_coordinates_missing_or_invalid|no_valid_location_points|requires_crosswalk_or_marine_review|timezone_not_normalized_to_utc
5633909,1057469,1998,1998-03-01T00:01:00,1998-03-31T23:00:00,EST,742.9833333333333,13,,Z,165,INLAND CAMDEN,0,0,0,0,25000,,,0,,0,1,begin_coordinates_missing_or_invalid|damage_crops_missing|end_coordinates_missing_or_invalid|no_valid_location_points|requires_crosswalk_or_marine_review|timezone_not_normalized_to_utc
5633910,1057469,1998,1998-03-01T00:01:00,1998-03-31T23:00:00,EST,742.9833333333333,13,,Z,153,INLAND GLYNN,0,0,0,0,25000,,,0,,0,1,begin_coordinates_missing_or_invalid|damage_crops_missing|end_coordinates_missing_or_invalid|no_valid_location_points|requires_crosswalk_or_marine_review|timezone_not_normalized_to_utc
5633911,1057469,1998,1998-03-01T00:01:00,1998-03-31T23:00:00,EST,742.9833333333333,13,,Z,133,JEFF DAVIS,0,0,0,0,25000,,,0,,0,1,begin_coordinates_missing_or_invalid|damage_crops_missing|end_coordinates_missing_or_invalid|no_valid_location_points|requires_crosswalk_or_marine_review|timezone_not_normalized_to_utc
5633912,1057469,1998,1998-03-01T00:01:00,1998-03-31T23:00:00,EST,742.9833333333333,13,,Z,151,PIERCE,0,0,0,0,25000,,,0,,0,1,begin_coordinates_missing_or_invalid|damage_crops_missing|end_coordinates_missing_or_invalid|no_valid_location_points|requires_crosswalk_or_marine_review|timezone_not_normalized_to_utc
5633913,1057469,1998,1998-03-01T00:01:00,1998-03-31T23:00:00,EST,742.9833333333333,13,,Z,150,WARE,0,0,0,0,100000,,,0,,0,1,begin_coordinates_missing_or_invalid|damage_crops_missing|end_coordinates_missing_or_invalid|no_valid_location_points|requires_crosswalk_or_marine_review|timezone_not_normalized_to_utc
5633914,1057469,1998,1998-03-01T00:01:00,1998-03-31T23:00:00,EST,742.9833333333333,13,,Z,136,WAYNE,0,0,0,0,,,,0,,0,1,begin_coordinates_missing_or_invalid|damage_crops_missing|damage_property_missing|end_coordinates_missing_or_invalid|no_valid_location_points|requires_crosswalk_or_marine_review|timezone_not_normalized_to_utc
5633922,2073793,1998,1998-03-24T15:00:00,1998-03-25T07:00:00,PST,16.0,06,06079,C,079,SAN LUIS OBISPO,0,0,0,0,,,,0,,0,1,begin_coordinates_missing_or_invalid|county_code_unverified|damage_crops_missing|damage_property_missing|end_coordinates_missing_or_invalid|no_valid_location_points|timezone_not_normalized_to_utc
5633923,2073793,1998,1998-03-24T15:00:00,1998-03-25T07:00:00,PST,16.0,06,06083,C,083,SANTA BARBARA,0,0,0,0,,,,0,,0,1,begin_coordinates_missing_or_invalid|county_code_unverified|damage_crops_missing|damage_property_missing|end_coordinates_missing_or_invalid|no_valid_location_points|timezone_not_normalized_to_utc
5633924,2073793,1998,1998-03-24T22:00:00,1998-03-25T13:45:00,PST,15.75,06,06111,C,111,VENTURA,0,0,0,0,,,,0,,0,1,begin_coordinates_missing_or_invalid|county_code_unverified|damage_crops_missing|damage_property_missing|end_coordinates_missing_or_invalid|no_valid_location_points|timezone_not_normalized_to_utc
5633925,2073793,1998,1998-03-25T02:00:00,1998-03-25T17:00:00,PST,15.0,06,06037,C,037,LOS ANGELES,0,0,0,0,,,,0,,0,1,begin_coordinates_missing_or_invalid|county_code_unverified|damage_crops_missing|damage_property_missing|end_coordinates_missing_or_invalid|no_valid_location_points|timezone_not_normalized_to_utc
5633954,2073445,1998,1998-03-16T14:52:00,1998-03-19T15:07:00,CST,72.25,31,,Z,051,SAUNDERS,0,0,0,0,5000,,,0,,0,1,begin_coordinates_missing_or_invalid|damage_crops_missing|end_coordinates_missing_or_invalid|no_valid_location_points|requires_crosswalk_or_marine_review|timezone_not_normalized_to_utc
5633955,2073445,1998,1998-03-16T14:52:00,1998-03-19T15:07:00,CST,72.25,31,,Z,052,DOUGLAS,0,0,0,0,5000,,,0,,0,1,begin_coordinates_missing_or_invalid|damage_crops_missing|end_coordinates_missing_or_invalid|no_valid_location_points|requires_crosswalk_or_marine_review|timezone_not_normalized_to_utc
5633956,2073445,1998,1998-03-16T14:52:00,1998-03-19T15:07:00,CST,72.25,31,,Z,053,SARPY,0,0,0,0,13000,,,0,,0,1,begin_coordinates_missing_or_invalid|damage_crops_missing|end_coordinates_missing_or_invalid|no_valid_location_points|requires_crosswalk_or_marine_review|timezone_not_normalized_to_utc
5634063,2073157,1998,1998-01-08T08:00:00,1998-01-09T11:00:00,EST,27.0,39,,Z,027,WYANDOT,0,0,0,0,,,,0,,0,1,begin_coordinates_missing_or_invalid|damage_crops_missing|damage_property_missing|end_coordinates_missing_or_invalid|no_valid_location_points|requires_crosswalk_or_marine_review|timezone_not_normalized_to_utc
5634064,2073158,1998,1998-01-08T18:45:00,1998-01-10T06:15:00,EST,35.5,39,,Z,018,SENECA,0,0,0,0,,,,0,,0,1,begin_coordinates_missing_or_invalid|damage_crops_missing|damage_property_missing|end_coordinates_missing_or_invalid|no_valid_location_points|requires_crosswalk_or_marine_review|timezone_not_normalized_to_utc
5634065,2073159,1998,1998-01-08T08:00:00,1998-01-10T10:45:00,EST,50.75,39,,Z,008,SANDUSKY,0,0,0,0,,,,0,,0,1,begin_coordinates_missing_or_invalid|damage_crops_missing|damage_property_missing|end_coordinates_missing_or_invalid|no_valid_location_points|requires_crosswalk_or_marine_review|timezone_not_normalized_to_utc
5634159,2073665,1998,1998-01-01T00:00:00,1998-01-02T08:00:00,EST,32.0,12,12027,C,027,DE SOTO,0,0,0,0,4000,0,,0,,0,1,begin_coordinates_missing_or_invalid|county_code_unverified|end_coordinates_missing_or_invalid|no_valid_location_points|timezone_not_normalized_to_utc
5634160,2073160,1998,1998-01-09T03:45:00,1998-01-10T22:00:00,EST,42.25,42,,Z,003,CRAWFORD,0,0,0,0,50000,,,0,,0,1,begin_coordinates_missing_or_invalid|damage_crops_missing|end_coordinates_missing_or_invalid|no_valid_location_points|requires_crosswalk_or_marine_review|timezone_not_normalized_to_utc
5634176,2073163,1998,1998-02-18T10:00:00,1998-02-21T08:15:00,EST,70.25,39,,Z,003,LUCAS,0,0,0,0,,,,0,,0,1,begin_coordinates_missing_or_invalid|damage_crops_missing|damage_property_missing|end_coordinates_missing_or_invalid|no_valid_location_points|requires_crosswalk_or_marine_review|timezone_not_normalized_to_utc
5634177,2073164,1998,1998-02-20T05:45:00,1998-02-20T23:30:00,EST,17.75,39,,Z,036,MARION,0,0,0,0,,,,0,,0,1,begin_coordinates_missing_or_invalid|damage_crops_missing|damage_property_missing|end_coordinates_missing_or_invalid|no_valid_location_points|requires_crosswalk_or_marine_review|timezone_not_normalized_to_utc
5634178,2073165,1998,1998-02-17T20:30:00,1998-02-19T10:30:00,EST,38.0,39,,Z,009,ERIE,0,0,0,0,,,,0,,0,1,begin_coordinates_missing_or_invalid|damage_crops_missing|damage_property_missing|end_coordinates_missing_or_invalid|no_valid_location_points|requires_crosswalk_or_marine_review|timezone_not_normalized_to_utc
5634179,2073166,1998,1998-02-18T00:45:00,1998-02-20T13:30:00,EST,60.75,39,,Z,008,SANDUSKY,0,0,0,0,,,,0,,0,1,begin_coordinates_missing_or_invalid|damage_crops_missing|damage_property_missing|end_coordinates_missing_or_invalid|no_valid_location_points|requires_crosswalk_or_marine_review|timezone_not_normalized_to_utc
5634218,2073666,1998,1998-01-01T00:00:00,1998-01-02T08:00:00,EST,32.0,12,12057,C,057,HILLSBOROUGH,0,0,0,0,0,0,,0,,0,1,begin_coordinates_missing_or_invalid|county_code_unverified|end_coordinates_missing_or_invalid|no_valid_location_points|timezone_not_normalized_to_utc
5634219,2073667,1998,1998-01-01T00:00:00,1998-01-12T08:00:00,EST,272.0,12,12115,C,115,SARASOTA,0,0,0,0,0,0,,0,,0,1,begin_coordinates_missing_or_invalid|county_code_unverified|end_coordinates_missing_or_invalid|no_valid_location_points|timezone_not_normalized_to_utc
5634220,2073668,1998,1998-01-01T00:00:00,1998-01-01T21:00:00,EST,21.0,12,12057,C,057,HILLSBOROUGH,0,0,0,0,100000,0,,0,,0,1,begin_coordinates_missing_or_invalid|county_code_unverified|end_coordinates_missing_or_invalid|no_valid_location_points|timezone_not_normalized_to_utc
5634221,2073669,1998,1998-01-01T00:00:00,1998-01-14T08:00:00,EST,320.0,12,12101,C,101,PASCO,0,0,0,0,10000,0,,0,,0,1,begin_coordinates_missing_or_invalid|county_code_unverified|end_coordinates_missing_or_invalid|no_valid_location_points|timezone_not_normalized_to_utc
5634222,2073670,1998,1998-01-01T00:00:00,1998-01-25T08:00:00,EST,584.0,12,12101,C,101,PASCO,0,0,0,0,500000,0,,0,,0,1,begin_coordinates_missing_or_invalid|county_code_unverified|end_coordinates_missing_or_invalid|no_valid_location_points|timezone_not_normalized_to_utc
5634223,2073671,1998,1998-01-01T00:00:00,1998-01-26T08:00:00,EST,608.0,12,12053,C,053,HERNANDO,0,0,0,0,100000,0,,0,,0,1,begin_coordinates_missing_or_invalid|county_code_unverified|end_coordinates_missing_or_invalid|no_valid_location_points|timezone_not_normalized_to_utc
5634224,2073672,1998,1998-01-02T08:00:00,1998-01-31T23:59:00,EST,711.9833333333333,12,12017,C,017,CITRUS,0,0,0,0,2000000,0,,0,,0,1,begin_coordinates_missing_or_invalid|county_code_unverified|end_coordinates_missing_or_invalid|no_valid_location_points|timezone_not_normalized_to_utc
5634225,2073673,1998,1998-01-06T19:00:00,1998-01-06T23:00:00,EST,4.0,12,12053,C,053,HERNANDO,0,0,0,0,10000,0,,0,,0,1,begin_coordinates_missing_or_invalid|county_code_unverified|end_coordinates_missing_or_invalid|no_valid_location_points|timezone_not_normalized_to_utc
5634226,2073674,1998,1998-01-08T04:30:00,1998-01-08T10:00:00,EST,5.5,12,12053,C,053,HERNANDO,0,0,0,0,5000,0,,0,,0,1,begin_coordinates_missing_or_invalid|county_code_unverified|end_coordinates_missing_or_invalid|no_valid_location_points|timezone_not_normalized_to_utc
5634227,2073675,1998,1998-01-08T04:30:00,1998-01-08T10:00:00,EST,5.5,12,12101,C,101,PASCO,0,0,0,0,200000,0,,0,,0,1,begin_coordinates_missing_or_invalid|county_code_unverified|end_coordinates_missing_or_invalid|no_valid_location_points|timezone_not_normalized_to_utc
5634330,2073678,1998,1998-01-08T11:30:00,1998-01-08T14:00:00,EST,2.5,12,12071,C,071,LEE,0,0,0,0,25000,0,,0,,0,1,begin_coordinates_missing_or_invalid|county_code_unverified|end_coordinates_missing_or_invalid|no_valid_location_points|timezone_not_normalized_to_utc
5634331,1056782,1998,1998-01-11T08:00:00,1998-01-31T23:59:00,EST,495.98333333333335,12,12017,C,017,CITRUS,0,0,0,0,20000,0,,0,,0,1,begin_coordinates_missing_or_invalid|county_code_unverified|end_coordinates_missing_or_invalid|no_valid_location_points|timezone_not_normalized_to_utc
5634332,2073679,1998,1998-01-15T12:45:00,1998-01-15T15:00:00,EST,2.25,12,12101,C,101,PASCO,0,0,0,0,20000,0,,0,,0,1,begin_coordinates_missing_or_invalid|county_code_unverified|end_coordinates_missing_or_invalid|no_valid_location_points|timezone_not_normalized_to_utc
5634333,2073680,1998,1998-01-16T08:00:00,1998-01-31T23:59:00,EST,375.98333333333335,12,12115,C,115,SARASOTA,0,0,0,0,5000,0,,0,,0,1,begin_coordinates_missing_or_invalid|county_code_unverified|end_coordinates_missing_or_invalid|no_valid_location_points|timezone_not_normalized_to_utc
5634334,2073681,1998,1998-01-22T08:00:00,1998-01-27T08:00:00,EST,120.0,12,12101,C,101,PASCO,0,0,0,0,0,0,,0,,0,1,begin_coordinates_missing_or_invalid|county_code_unverified|end_coordinates_missing_or_invalid|no_valid_location_points|timezone_not_normalized_to_utc
5634335,2073682,1998,1998-01-23T08:00:00,1998-01-27T13:00:00,EST,101.0,12,12057,C,057,HILLSBOROUGH,0,0,0,0,50000,0,,0,,0,1,begin_coordinates_missing_or_invalid|county_code_unverified|end_coordinates_missing_or_invalid|no_valid_location_points|timezone_not_normalized_to_utc
5634336,2073683,1998,1998-01-23T08:00:00,1998-01-27T08:00:00,EST,96.0,12,12081,C,081,MANATEE,0,0,0,0,50000,400000,,0,,0,1,begin_coordinates_missing_or_invalid|county_code_unverified|end_coordinates_missing_or_invalid|no_valid_location_points|timezone_not_normalized_to_utc
5634337,2073684,1998,1998-01-23T08:00:00,1998-01-29T08:00:00,EST,144.0,12,12027,C,027,DE SOTO,0,0,0,0,100000,0,,0,,0,1,begin_coordinates_missing_or_invalid|county_code_unverified|end_coordinates_missing_or_invalid|no_valid_location_points|timezone_not_normalized_to_utc
5634338,2073685,1998,1998-01-23T08:00:00,1998-01-31T23:59:00,EST,207.98333333333332,12,12027,C,027,DE SOTO,0,0,0,0,200000,0,,0,,0,1,begin_coordinates_missing_or_invalid|county_code_unverified|end_coordinates_missing_or_invalid|no_valid_location_points|timezone_not_normalized_to_utc
5634441,2073743,1998,1998-02-06T21:30:00,1998-02-06T23:30:00,PST,2.0,32,32003,C,003,CLARK,0,0,0,0,10000,,,0,,0,1,begin_coordinates_missing_or_invalid|county_code_unverified|damage_crops_missing|end_coordinates_missing_or_invalid|no_valid_location_points|timezone_not_normalized_to_utc
5634552,2073692,1998,1998-01-23T10:00:00,1998-01-23T19:00:00,EST,9.0,12,12081,C,081,MANATEE,0,0,0,0,150000,0,,0,,0,1,begin_coordinates_missing_or_invalid|county_code_unverified|end_coordinates_missing_or_invalid|no_valid_location_points|timezone_not_normalized_to_utc
5634553,2073693,1998,1998-01-23T10:00:00,1998-01-23T19:00:00,EST,9.0,12,12115,C,115,SARASOTA,0,0,0,0,250000,0,,0,,0,1,begin_coordinates_missing_or_invalid|county_code_unverified|end_coordinates_missing_or_invalid|no_valid_location_points|timezone_not_normalized_to_utc
5634554,2073694,1998,1998-01-24T08:00:00,1998-01-31T23:59:00,EST,183.98333333333332,12,12049,C,049,HARDEE,0,0,0,0,50000,0,,0,,0,1,begin_coordinates_missing_or_invalid|county_code_unverified|end_coordinates_missing_or_invalid|no_valid_location_points|timezone_not_normalized_to_utc
5634556,2073696,1998,1998-01-23T11:00:00,1998-01-23T19:00:00,EST,8.0,12,12049,C,049,HARDEE,0,0,0,0,10000,0,,0,,0,1,begin_coordinates_missing_or_invalid|county_code_unverified|end_coordinates_missing_or_invalid|no_valid_location_points|timezone_not_normalized_to_utc
5634557,2073696,1998,1998-01-23T11:00:00,1998-01-23T19:00:00,EST,8.0,12,12105,C,105,POLK,0,0,0,0,10000,0,,0,,0,1,begin_coordinates_missing_or_invalid|county_code_unverified|end_coordinates_missing_or_invalid|no_valid_location_points|timezone_not_normalized_to_utc
5634609,2073179,1998,1998-03-30T18:00:00,1998-03-31T23:59:00,CST,29.983333333333334,19,,Z,096,APPANOOSE,0,0,0,0,10000,,,0,,0,1,begin_coordinates_missing_or_invalid|damage_crops_missing|end_coordinates_missing_or_invalid|no_valid_location_points|requires_crosswalk_or_marine_review|timezone_not_normalized_to_utc
5634610,2073179,1998,1998-03-30T18:00:00,1998-03-31T23:59:00,CST,29.983333333333334,19,,Z,083,CLARKE,0,0,0,0,10000,,,0,,0,1,begin_coordinates_missing_or_invalid|damage_crops_missing|end_coordinates_missing_or_invalid|no_valid_location_points|requires_crosswalk_or_marine_review|timezone_not_normalized_to_utc
5634611,2073179,1998,1998-03-30T18:00:00,1998-03-31T23:59:00,CST,29.983333333333334,19,,Z,097,DAVIS,0,0,0,0,10000,,,0,,0,1,begin_coordinates_missing_or_invalid|damage_crops_missing|end_coordinates_missing_or_invalid|no_valid_location_points|requires_crosswalk_or_marine_review|timezone_not_normalized_to_utc
5634612,2073179,1998,1998-03-30T18:00:00,1998-03-31T23:59:00,CST,29.983333333333334,19,,Z,094,DECATUR,0,0,0,0,10000,,,0,,0,1,begin_coordinates_missing_or_invalid|damage_crops_missing|end_coordinates_missing_or_invalid|no_valid_location_points|requires_crosswalk_or_marine_review|timezone_not_normalized_to_utc
5634613,2073179,1998,1998-03-30T18:00:00,1998-03-31T23:59:00,CST,29.983333333333334,19,,Z,084,LUCAS,0,0,0,0,10000,,,0,,0,1,begin_coordinates_missing_or_invalid|damage_crops_missing|end_coordinates_missing_or_invalid|no_valid_location_points|requires_crosswalk_or_marine_review|timezone_not_normalized_to_utc
5634614,2073179,1998,1998-03-30T18:00:00,1998-03-31T23:59:00,CST,29.983333333333334,19,,Z,075,MAHASKA,0,0,0,0,10000,,,0,,0,1,begin_coordinates_missing_or_invalid|damage_crops_missing|end_coordinates_missing_or_invalid|no_valid_location_points|requires_crosswalk_or_marine_review|timezone_not_normalized_to_utc
5634615,2073179,1998,1998-03-30T18:00:00,1998-03-31T23:59:00,CST,29.983333333333334,19,,Z,085,MONROE,0,0,0,0,10000,,,0,,0,1,begin_coordinates_missing_or_invalid|damage_crops_missing|end_coordinates_missing_or_invalid|no_valid_location_points|requires_crosswalk_or_marine_review|timezone_not_normalized_to_utc
5634616,2073179,1998,1998-03-30T18:00:00,1998-03-31T23:59:00,CST,29.983333333333334,19,,Z,086,WAPELLO,0,0,0,0,10000,,,0,,0,1,begin_coordinates_missing_or_invalid|damage_crops_missing|end_coordinates_missing_or_invalid|no_valid_location_points|requires_crosswalk_or_marine_review|timezone_not_normalized_to_utc
5634617,2073179,1998,1998-03-30T18:00:00,1998-03-31T23:59:00,CST,29.983333333333334,19,,Z,095,WAYNE,0,0,0,0,10000,,,0,,0,1,begin_coordinates_missing_or_invalid|damage_crops_missing|end_coordinates_missing_or_invalid|no_valid_location_points|requires_crosswalk_or_marine_review|timezone_not_normalized_to_utc
5634618,2073180,1998,1998-02-17T16:00:00,1998-02-18T12:00:00,EST,20.0,26,,Z,083,MONROE,0,0,0,0,,,,0,,0,1,begin_coordinates_missing_or_invalid|damage_crops_missing|damage_property_missing|end_coordinates_missing_or_invalid|no_valid_location_points|requires_crosswalk_or_marine_review|timezone_not_normalized_to_utc
5634619,2073180,1998,1998-02-17T16:00:00,1998-02-18T12:00:00,EST,20.0,26,,Z,076,WAYNE,0,0,0,0,1100000.0,,,0,,0,1,begin_coordinates_missing_or_invalid|damage_crops_missing|end_coordinates_missing_or_invalid|no_valid_location_points|requires_crosswalk_or_marine_review|timezone_not_normalized_to_utc
5634620,2073180,1998,1998-02-17T16:00:00,1998-02-18T12:00:00,EST,20.0,26,,Z,070,MACOMB,0,0,0,0,30000,,,0,,0,1,begin_coordinates_missing_or_invalid|damage_crops_missing|end_coordinates_missing_or_invalid|no_valid_location_points|requires_crosswalk_or_marine_review|timezone_not_normalized_to_utc
5634621,2073180,1998,1998-02-17T16:00:00,1998-02-18T12:00:00,EST,20.0,26,,Z,069,OAKLAND,0,0,0,0,,,,0,,0,1,begin_coordinates_missing_or_invalid|damage_crops_missing|damage_property_missing|end_coordinates_missing_or_invalid|no_valid_location_points|requires_crosswalk_or_marine_review|timezone_not_normalized_to_utc
5634622,2073180,1998,1998-02-17T16:00:00,1998-02-18T12:00:00,EST,20.0,26,,Z,063,ST. CLAIR,0,0,0,0,,,,0,,0,1,begin_coordinates_missing_or_invalid|damage_crops_missing|damage_property_missing|end_coordinates_missing_or_invalid|no_valid_location_points|requires_crosswalk_or_marine_review|timezone_not_normalized_to_utc
5634623,2073181,1998,1998-02-17T20:00:00,1998-02-18T22:00:00,EST,26.0,26,,Z,070,MACOMB,0,0,0,0,,,,0,,0,1,begin_coordinates_missing_or_invalid|damage_crops_missing|damage_property_missing|end_coordinates_missing_or_invalid|no_valid_location_points|requires_crosswalk_or_marine_review|timezone_not_normalized_to_utc
5634624,2073182,1998,1998-02-18T05:00:00,1998-02-19T14:00:00,EST,33.0,26,,Z,076,WAYNE,0,0,0,0,,,,0,,0,1,begin_coordinates_missing_or_invalid|damage_crops_missing|damage_property_missing|end_coordinates_missing_or_invalid|no_valid_location_points|requires_crosswalk_or_marine_review|timezone_not_normalized_to_utc
5634625,2073183,1998,1998-02-19T09:00:00,1998-02-21T15:00:00,EST,54.0,26,,Z,082,LENAWEE,0,0,0,0,,,,0,,0,1,begin_coordinates_missing_or_invalid|damage_crops_missing|damage_property_missing|end_coordinates_missing_or_invalid|no_valid_location_points|requires_crosswalk_or_marine_review|timezone_not_normalized_to_utc
5634626,2073184,1998,1998-02-21T07:00:00,1998-02-21T22:00:00,EST,15.0,26,,Z,083,MONROE,0,0,0,0,,,,0,,0,1,begin_coordinates_missing_or_invalid|damage_crops_missing|damage_property_missing|end_coordinates_missing_or_invalid|no_valid_location_points|requires_crosswalk_or_marine_review|timezone_not_normalized_to_utc
5634725,2073189,1998,1998-03-08T00:00:00,1998-03-12T23:59:00,CST,119.98333333333333,29,,Z,054,HENRY,0,0,0,0,,,,0,,0,1,begin_coordinates_missing_or_invalid|damage_crops_missing|damage_property_missing|end_coordinates_missing_or_invalid|no_valid_location_points|requires_crosswalk_or_marine_review|timezone_not_normalized_to_utc
5634726,2073189,1998,1998-03-08T00:00:00,1998-03-09T23:59:00,CST,47.983333333333334,29,,Z,031,CARROLL,0,0,0,0,,,,0,,0,1,begin_coordinates_missing_or_invalid|damage_crops_missing|damage_property_missing|end_coordinates_missing_or_invalid|no_valid_location_points|requires_crosswalk_or_marine_review|timezone_not_normalized_to_utc
5634727,2073189,1998,1998-03-08T00:00:00,1998-03-10T23:59:00,CST,71.98333333333333,29,,Z,032,CHARITON,0,0,0,0,,,,0,,0,1,begin_coordinates_missing_or_invalid|damage_crops_missing|damage_property_missing|end_coordinates_missing_or_invalid|no_valid_location_points|requires_crosswalk_or_marine_review|timezone_not_normalized_to_utc
5634728,2073189,1998,1998-03-08T00:00:00,1998-03-09T23:59:00,CST,47.983333333333334,29,,Z,046,COOPER,0,0,0,0,,,,0,,0,1,begin_coordinates_missing_or_invalid|damage_crops_missing|damage_property_missing|end_coordinates_missing_or_invalid|no_valid_location_points|requires_crosswalk_or_marine_review|timezone_not_normalized_to_utc
5634729,2073189,1998,1998-03-08T00:00:00,1998-03-09T23:59:00,CST,47.983333333333334,29,,Z,044,JOHNSON,0,0,0,0,,,,0,,0,1,begin_coordinates_missing_or_invalid|damage_crops_missing|damage_property_missing|end_coordinates_missing_or_invalid|no_valid_location_points|requires_crosswalk_or_marine_review|timezone_not_normalized_to_utc
5634730,2073189,1998,1998-03-08T00:00:00,1998-03-13T23:59:00,CST,143.98333333333332,29,,Z,039,SALINE,0,0,0,0,,,,0,,0,1,begin_coordinates_missing_or_invalid|damage_crops_missing|damage_property_missing|end_coordinates_missing_or_invalid|no_valid_location_points|requires_crosswalk_or_marine_review|timezone_not_normalized_to_utc
5634731,2073189,1998,1998-03-08T00:00:00,1998-03-09T23:59:00,CST,47.983333333333334,29,,Z,040,HOWARD,0,0,0,0,,,,0,,0,1,begin_coordinates_missing_or_invalid|damage_crops_missing|damage_property_missing|end_coordinates_missing_or_invalid|no_valid_location_points|requires_crosswalk_or_marine_review|timezone_not_normalized_to_utc
5634732,2073190,1998,1998-03-15T00:00:00,1998-03-23T23:59:00,CST,215.98333333333332,29,,Z,054,HENRY,0,0,0,0,,,,0,,0,1,begin_coordinates_missing_or_invalid|damage_crops_missing|damage_property_missing|end_coordinates_missing_or_invalid|no_valid_location_points|requires_crosswalk_or_marine_review|timezone_not_normalized_to_utc
5634733,2073190,1998,1998-03-17T00:00:00,1998-03-20T23:59:00,CST,95.98333333333333,29,,Z,023,LIVINGSTON,0,0,0,0,,,,0,,0,1,begin_coordinates_missing_or_invalid|damage_crops_missing|damage_property_missing|end_coordinates_missing_or_invalid|no_valid_location_points|requires_crosswalk_or_marine_review|timezone_not_normalized_to_utc
5634734,2073190,1998,1998-03-18T00:00:00,1998-03-23T23:59:00,CST,143.98333333333332,29,,Z,032,CHARITON,0,0,0,0,,,,0,,0,1,begin_coordinates_missing_or_invalid|damage_crops_missing|damage_property_missing|end_coordinates_missing_or_invalid|no_valid_location_points|requires_crosswalk_or_marine_review|timezone_not_normalized_to_utc
5634735,2073190,1998,1998-03-17T00:00:00,1998-03-20T23:59:00,CST,95.98333333333333,29,,Z,046,COOPER,0,0,0,0,,,,0,,0,1,begin_coordinates_missing_or_invalid|damage_crops_missing|damage_property_missing|end_coordinates_missing_or_invalid|no_valid_location_points|requires_crosswalk_or_marine_review|timezone_not_normalized_to_utc
5634736,2073190,1998,1998-03-17T00:00:00,1998-03-18T23:59:00,CST,47.983333333333334,29,,Z,044,JOHNSON,0,0,0,0,,,,0,,0,1,begin_coordinates_missing_or_invalid|damage_crops_missing|damage_property_missing|end_coordinates_missing_or_invalid|no_valid_location_points|requires_crosswalk_or_marine_review|timezone_not_normalized_to_utc
5634737,1056256,1998,1998-03-18T00:00:00,1998-03-19T23:59:00,CST,47.983333333333334,20,,Z,057,MIAMI,0,0,0,0,,,,0,,0,1,begin_coordinates_missing_or_invalid|damage_crops_missing|damage_property_missing|end_coordinates_missing_or_invalid|no_valid_location_points|requires_crosswalk_or_marine_review|timezone_not_normalized_to_utc
5634738,2073191,1998,1998-03-28T00:00:00,1998-03-31T23:59:00,CST,95.98333333333333,29,,Z,054,HENRY,0,0,0,0,,,,0,,0,1,begin_coordinates_missing_or_invalid|damage_crops_missing|damage_property_missing|end_coordinates_missing_or_invalid|no_valid_location_points|requires_crosswalk_or_marine_review|timezone_not_normalized_to_utc
5634739,2073191,1998,1998-03-31T00:00:00,1998-03-31T23:59:00,CST,23.983333333333334,29,,Z,031,CARROLL,0,0,0,0,,,,0,,0,1,begin_coordinates_missing_or_invalid|damage_crops_missing|damage_property_missing|end_coordinates_missing_or_invalid|no_valid_location_points|requires_crosswalk_or_marine_review|timezone_not_normalized_to_utc
5634740,2073191,1998,1998-03-30T00:00:00,1998-03-31T23:59:00,CST,47.983333333333334,29,,Z,020,BUCHANAN,0,0,0,0,,,,0,,0,1,begin_coordinates_missing_or_invalid|damage_crops_missing|damage_property_missing|end_coordinates_missing_or_invalid|no_valid_location_points|requires_crosswalk_or_marine_review|timezone_not_normalized_to_utc
5634741,2073191,1998,1998-03-31T00:00:00,1998-03-31T23:59:00,CST,23.983333333333334,29,,Z,014,DAVIESS,0,0,0,0,,,,0,,0,1,begin_coordinates_missing_or_invalid|damage_crops_missing|damage_property_missing|end_coordinates_missing_or_invalid|no_valid_location_points|requires_crosswalk_or_marine_review|timezone_not_normalized_to_utc
5634742,2073191,1998,1998-03-31T00:00:00,1998-03-31T23:59:00,CST,23.983333333333334,29,,Z,023,LIVINGSTON,0,0,0,0,,,,0,,0,1,begin_coordinates_missing_or_invalid|damage_crops_missing|damage_property_missing|end_coordinates_missing_or_invalid|no_valid_location_points|requires_crosswalk_or_marine_review|timezone_not_normalized_to_utc
5634743,2073191,1998,1998-03-31T00:00:00,1998-03-31T23:59:00,CST,23.983333333333334,29,,Z,032,CHARITON,0,0,0,0,,,,0,,0,1,begin_coordinates_missing_or_invalid|damage_crops_missing|damage_property_missing|end_coordinates_missing_or_invalid|no_valid_location_points|requires_crosswalk_or_marine_review|timezone_not_normalized_to_utc
5634744,2073191,1998,1998-03-30T00:00:00,1998-03-31T23:59:00,CST,47.983333333333334,29,,Z,001,ATCHISON,0,0,0,0,,,,0,,0,1,begin_coordinates_missing_or_invalid|damage_crops_missing|damage_property_missing|end_coordinates_missing_or_invalid|no_valid_location_points|requires_crosswalk_or_marine_review|timezone_not_normalized_to_utc
5634745,2073191,1998,1998-03-30T00:00:00,1998-03-31T23:59:00,CST,47.983333333333334,29,,Z,002,NODAWAY,0,0,0,0,,,,0,,0,1,begin_coordinates_missing_or_invalid|damage_crops_missing|damage_property_missing|end_coordinates_missing_or_invalid|no_valid_location_points|requires_crosswalk_or_marine_review|timezone_not_normalized_to_utc
5634746,2073191,1998,1998-03-31T00:00:00,1998-03-31T23:59:00,CST,23.983333333333334,29,,Z,046,COOPER,0,0,0,0,,,,0,,0,1,begin_coordinates_missing_or_invalid|damage_crops_missing|damage_property_missing|end_coordinates_missing_or_invalid|no_valid_location_points|requires_crosswalk_or_marine_review|timezone_not_normalized_to_utc
5634747,2073191,1998,1998-03-31T00:00:00,1998-03-31T23:59:00,CST,23.983333333333334,29,,Z,044,JOHNSON,0,0,0,0,,,,0,,0,1,begin_coordinates_missing_or_invalid|damage_crops_missing|damage_property_missing|end_coordinates_missing_or_invalid|no_valid_location_points|requires_crosswalk_or_marine_review|timezone_not_normalized_to_utc
5634748,2073191,1998,1998-03-31T00:00:00,1998-03-31T23:59:00,CST,23.983333333333334,29,,Z,039,SALINE,0,0,0,0,,,,0,,0,1,begin_coordinates_missing_or_invalid|damage_crops_missing|damage_property_missing|end_coordinates_missing_or_invalid|no_valid_location_points|requires_crosswalk_or_marine_review|timezone_not_normalized_to_utc
5634749,2073191,1998,1998-03-31T00:00:00,1998-03-31T23:59:00,CST,23.983333333333334,29,,Z,040,HOWARD,0,0,0,0,,,,0,,0,1,begin_coordinates_missing_or_invalid|damage_crops_missing|damage_property_missing|end_coordinates_missing_or_invalid|no_valid_location_points|requires_crosswalk_or_marine_review|timezone_not_normalized_to_utc
5634750,2073191,1998,1998-03-31T00:00:00,1998-03-31T23:59:00,CST,23.983333333333334,29,,Z,037,JACKSON,0,0,0,0,,,,0,,0,1,begin_coordinates_missing_or_invalid|damage_crops_missing|damage_property_missing|end_coordinates_missing_or_invalid|no_valid_location_points|requires_crosswalk_or_marine_review|timezone_not_normalized_to_utc
5634751,2073191,1998,1998-03-31T00:00:00,1998-03-31T23:59:00,CST,23.983333333333334,29,,Z,038,LAFAYETTE,0,0,0,0,,,,0,,0,1,begin_coordinates_missing_or_invalid|damage_crops_missing|damage_property_missing|end_coordinates_missing_or_invalid|no_valid_location_points|requires_crosswalk_or_marine_review|timezone_not_normalized_to_utc
5634844,2073811,1998,1998-03-23T16:00:00,1998-03-23T22:00:00,PST,6.0,41,,Z,019,WALLOWA/UNION/E & S UMATILLA/S MORROW,0,0,0,0,,,,0,,0,1,begin_coordinates_missing_or_invalid|damage_crops_missing|damage_property_missing|end_coordinates_missing_or_invalid|no_valid_location_points|requires_crosswalk_or_marine_review|timezone_not_normalized_to_utc
5634846,2073813,1998,1998-02-04T08:00:00,1998-02-07T12:00:00,EST,76.0,37,,Z,088,CUMBERLAND,0,0,0,0,,,,0,,0,1,begin_coordinates_missing_or_invalid|damage_crops_missing|damage_property_missing|end_coordinates_missing_or_invalid|no_valid_location_points|requires_crosswalk_or_marine_review|timezone_not_normalized_to_utc
5634847,2073814,1998,1998-02-04T08:00:00,1998-02-05T18:00:00,EST,34.0,37,,Z,023,ALAMANCE,0,0,0,0,,,,0,,0,1,begin_coordinates_missing_or_invalid|damage_crops_missing|damage_property_missing|end_coordinates_missing_or_invalid|no_valid_location_points|requires_crosswalk_or_marine_review|timezone_not_normalized_to_utc
5634848,2073814,1998,1998-02-04T08:00:00,1998-02-05T18:00:00,EST,34.0,37,,Z,040,CHATHAM,0,0,0,0,,,,0,,0,1,begin_coordinates_missing_or_invalid|damage_crops_missing|damage_property_missing|end_coordinates_missing_or_invalid|no_valid_location_points|requires_crosswalk_or_marine_review|timezone_not_normalized_to_utc
5634849,2073814,1998,1998-02-04T08:00:00,1998-02-05T18:00:00,EST,34.0,37,,Z,076,LEE,0,0,0,0,,,,0,,0,1,begin_coordinates_missing_or_invalid|damage_crops_missing|damage_property_missing|end_coordinates_missing_or_invalid|no_valid_location_points|requires_crosswalk_or_marine_review|timezone_not_normalized_to_utc
5634850,2073815,1998,1998-02-04T07:00:00,1998-02-08T15:00:00,EST,104.0,37,,Z,077,HARNETT,0,0,0,0,,,,0,,0,1,begin_coordinates_missing_or_invalid|damage_crops_missing|damage_property_missing|end_coordinates_missing_or_invalid|no_valid_location_points|requires_crosswalk_or_marine_review|timezone_not_normalized_to_utc
5634851,2073816,1998,1998-02-18T12:00:00,1998-02-22T15:00:00,EST,99.0,37,,Z,077,HARNETT,0,0,0,0,,,,0,,0,1,begin_coordinates_missing_or_invalid|damage_crops_missing|damage_property_missing|end_coordinates_missing_or_invalid|no_valid_location_points|requires_crosswalk_or_marine_review|timezone_not_normalized_to_utc
5634852,2073817,1998,1998-02-18T07:00:00,1998-02-22T18:00:00,EST,107.0,37,,Z,040,CHATHAM,0,0,0,0,,,,0,,0,1,begin_coordinates_missing_or_invalid|damage_crops_missing|damage_property_missing|end_coordinates_missing_or_invalid|no_valid_location_points|requires_crosswalk_or_marine_review|timezone_not_normalized_to_utc
5634853,2073818,1998,1998-02-10T07:00:00,1998-02-25T15:00:00,EST,368.0,37,,Z,042,JOHNSTON,0,0,0,0,,,,0,,0,1,begin_coordinates_missing_or_invalid|damage_crops_missing|damage_property_missing|end_coordinates_missing_or_invalid|no_valid_location_points|requires_crosswalk_or_marine_review|timezone_not_normalized_to_utc
5634854,2073818,1998,1998-02-10T07:00:00,1998-02-25T15:00:00,EST,368.0,37,,Z,078,WAYNE,0,0,0,0,,,,0,,0,1,begin_coordinates_missing_or_invalid|damage_crops_missing|damage_property_missing|end_coordinates_missing_or_invalid|no_valid_location_points|requires_crosswalk_or_marine_review|timezone_not_normalized_to_utc
5634855,2073819,1998,1998-02-17T06:00:00,1998-02-17T15:00:00,EST,9.0,37,,Z,073,STANLY,0,0,0,0,,,,0,,0,1,begin_coordinates_missing_or_invalid|damage_crops_missing|damage_property_missing|end_coordinates_missing_or_invalid|no_valid_location_points|requires_crosswalk_or_marine_review|timezone_not_normalized_to_utc
5634856,2073819,1998,1998-02-17T06:00:00,1998-02-17T15:00:00,EST,9.0,37,,Z,074,MONTGOMERY,0,0,0,0,,,,0,,0,1,begin_coordinates_missing_or_invalid|damage_crops_missing|damage_property_missing|end_coordinates_missing_or_invalid|no_valid_location_points|requires_crosswalk_or_marine_review|timezone_not_normalized_to_utc
5634857,1056925,1998,1998-02-09T08:00:00,1998-02-23T20:00:00,EST,348.0,37,,Z,028,EDGECOMBE,0,0,0,0,,,,0,,0,1,begin_coordinates_missing_or_invalid|damage_crops_missing|damage_property_missing|end_coordinates_missing_or_invalid|no_valid_location_points|requires_crosswalk_or_marine_review|timezone_not_normalized_to_utc
5634858,1056925,1998,1998-02-09T08:00:00,1998-02-23T20:00:00,EST,348.0,37,,Z,026,FRANKLIN,0,0,0,0,,,,0,,0,1,begin_coordinates_missing_or_invalid|damage_crops_missing|damage_property_missing|end_coordinates_missing_or_invalid|no_valid_location_points|requires_crosswalk_or_marine_review|timezone_not_normalized_to_utc
5634859,1056925,1998,1998-02-09T08:00:00,1998-02-23T20:00:00,EST,348.0,37,,Z,027,NASH,0,0,0,0,,,,0,,0,1,begin_coordinates_missing_or_invalid|damage_crops_missing|damage_property_missing|end_coordinates_missing_or_invalid|no_valid_location_points|requires_crosswalk_or_marine_review|timezone_not_normalized_to_utc
5634877,2073743,1998,1998-02-06T21:30:00,1998-02-06T23:30:00,PST,2.0,32,32003,C,003,CLARK,0,0,0,0,5000,,,0,,0,1,begin_coordinates_missing_or_invalid|county_code_unverified|damage_crops_missing|end_coordinates_missing_or_invalid|no_valid_location_points|timezone_not_normalized_to_utc
5635170,1056599,1998,1998-02-01T00:00:00,1998-02-01T06:00:00,EST,6.0,51,,Z,059,CHARLOTTE,0,0,0,0,,,,0,,0,1,begin_coordinates_missing_or_invalid|damage_crops_missing|damage_property_missing|end_coordinates_missing_or_invalid|no_valid_location_points|requires_crosswalk_or_marine_review|timezone_not_normalized_to_utc
5635171,1056599,1998,1998-02-01T00:00:00,1998-02-01T06:00:00,EST,6.0,51,,Z,058,HALIFAX,0,0,0,0,,,,0,,0,1,begin_coordinates_missing_or_invalid|damage_crops_missing|damage_property_missing|end_coordinates_missing_or_invalid|no_valid_location_points|requires_crosswalk_or_marine_review|timezone_not_normalized_to_utc
5635172,1056600,1998,1998-02-17T16:45:00,1998-02-20T14:00:00,EST,69.25,51,,Z,022,ROANOKE / SALEM / ROANOKE,0,0,0,0,,,,0,,0,1,begin_coordinates_missing_or_invalid|damage_crops_missing|damage_property_missing|end_coordinates_missing_or_invalid|no_valid_location_points|requires_crosswalk_or_marine_review|timezone_not_normalized_to_utc
5635173,1056600,1998,1998-02-17T16:45:00,1998-02-20T14:00:00,EST,69.25,51,,Z,045,CAMPBELL / LYNCHBURG,0,0,0,0,,,,0,,0,1,begin_coordinates_missing_or_invalid|damage_crops_missing|damage_property_missing|end_coordinates_missing_or_invalid|no_valid_location_points|requires_crosswalk_or_marine_review|timezone_not_normalized_to_utc
5635174,1056600,1998,1998-02-17T16:45:00,1998-02-20T14:00:00,EST,69.25,51,,Z,059,CHARLOTTE,0,0,0,0,,,,0,,0,1,begin_coordinates_missing_or_invalid|damage_crops_missing|damage_property_missing|end_coordinates_missing_or_invalid|no_valid_location_points|requires_crosswalk_or_marine_review|timezone_not_normalized_to_utc
5635175,1056600,1998,1998-02-17T16:45:00,1998-02-20T14:00:00,EST,69.25,51,,Z,058,HALIFAX,0,0,0,0,,,,0,,0,1,begin_coordinates_missing_or_invalid|damage_crops_missing|damage_property_missing|end_coordinates_missing_or_invalid|no_valid_location_points|requires_crosswalk_or_marine_review|timezone_not_normalized_to_utc
5635176,1056601,1998,1998-02-17T22:00:00,1998-02-20T21:00:00,EST,71.0,51,,Z,044,PITTSYLVANIA / DANVILLE,0,0,0,0,,,,0,,0,1,begin_coordinates_missing_or_invalid|damage_crops_missing|damage_property_missing|end_coordinates_missing_or_invalid|no_valid_location_points|requires_crosswalk_or_marine_review|timezone_not_normalized_to_utc
5635177,1056601,1998,1998-02-17T22:00:00,1998-02-20T21:00:00,EST,71.0,51,,Z,058,HALIFAX,0,0,0,0,,,,0,,0,1,begin_coordinates_missing_or_invalid|damage_crops_missing|damage_property_missing|end_coordinates_missing_or_invalid|no_valid_location_points|requires_crosswalk_or_marine_review|timezone_not_normalized_to_utc
5635178,2073512,1998,1998-02-17T21:00:00,1998-02-18T22:00:00,EST,25.0,37,,Z,006,CASWELL,0,0,0,0,,,,0,,0,1,begin_coordinates_missing_or_invalid|damage_crops_missing|damage_property_missing|end_coordinates_missing_or_invalid|no_valid_location_points|requires_crosswalk_or_marine_review|timezone_not_normalized_to_utc
5635188,1056603,1998,1998-02-04T10:45:00,1998-02-04T16:00:00,EST,5.25,51,51143,C,143,PITTSYLVANIA,0,0,0,0,,,,0,,0,1,begin_coordinates_missing_or_invalid|county_code_unverified|damage_crops_missing|damage_property_missing|end_coordinates_missing_or_invalid|no_valid_location_points|timezone_not_normalized_to_utc
5635367,2073525,1998,1998-02-17T14:00:00,1998-02-17T20:00:00,EST,6.0,51,51143,C,143,PITTSYLVANIA,0,0,0,0,,,,0,,0,1,begin_coordinates_missing_or_invalid|county_code_unverified|damage_crops_missing|damage_property_missing|end_coordinates_missing_or_invalid|no_valid_location_points|timezone_not_normalized_to_utc
5635378,2073534,1998,1998-02-17T12:30:00,1998-02-17T12:30:00,EST,0.0,37,37033,C,033,CASWELL,0,0,0,0,,,,0,,0,1,begin_coordinates_missing_or_invalid|county_code_unverified|damage_crops_missing|damage_property_missing|end_coordinates_missing_or_invalid|no_valid_location_points|timezone_not_normalized_to_utc
5635419,2073222,1998,1998-03-31T19:00:00,1998-03-31T23:59:00,CST,4.983333333333333,55,,Z,039,BROWN,0,0,0,0,,,,0,,0,1,begin_coordinates_missing_or_invalid|damage_crops_missing|damage_property_missing|end_coordinates_missing_or_invalid|no_valid_location_points|requires_crosswalk_or_marine_review|timezone_not_normalized_to_utc
5635526,1056642,1998,1998-02-10T13:50:00,1998-02-10T13:50:00,CST,0.0,48,48005,C,005,ANGELINA,0,0,0,0,,,,0,,0,1,begin_coordinates_missing_or_invalid|county_code_unverified|damage_crops_missing|damage_property_missing|end_coordinates_missing_or_invalid|no_valid_location_points|timezone_not_normalized_to_utc
5635701,2073118,1998,1998-01-09T12:00:00,1998-01-10T03:00:00,EST,15.0,25,,Z,003,EASTERN FRANKLIN,0,0,0,0,,,,0,,0,1,begin_coordinates_missing_or_invalid|damage_crops_missing|damage_property_missing|end_coordinates_missing_or_invalid|no_valid_location_points|requires_crosswalk_or_marine_review|timezone_not_normalized_to_utc
5635702,2073118,1998,1998-01-09T16:00:00,1998-01-11T11:00:00,EST,43.0,25,,Z,008,WESTERN HAMPSHIRE,0,0,0,0,,,,0,,0,1,begin_coordinates_missing_or_invalid|damage_crops_missing|damage_property_missing|end_coordinates_missing_or_invalid|no_valid_location_points|requires_crosswalk_or_marine_review|timezone_not_normalized_to_utc
5635724,2073120,1998,1998-01-23T18:00:00,1998-01-24T09:00:00,EST,15.0,25,25027,C,027,WORCESTER,0,0,0,0,,,,0,,0,1,begin_coordinates_missing_or_invalid|county_code_unverified|damage_crops_missing|damage_property_missing|end_coordinates_missing_or_invalid|no_valid_location_points|timezone_not_normalized_to_utc
5635725,2073120,1998,1998-01-23T18:00:00,1998-01-24T09:00:00,EST,15.0,25,25013,C,013,HAMPDEN,0,0,0,0,,,,0,,0,1,begin_coordinates_missing_or_invalid|county_code_unverified|damage_crops_missing|damage_property_missing|end_coordinates_missing_or_invalid|no_valid_location_points|timezone_not_normalized_to_utc
5635870,2073125,1998,1998-01-09T22:00:00,1998-01-12T22:00:00,EST,72.0,09,,Z,002,HARTFORD,0,0,0,0,,,,0,,0,1,begin_coordinates_missing_or_invalid|damage_crops_missing|damage_property_missing|end_coordinates_missing_or_invalid|no_valid_location_points|requires_crosswalk_or_marine_review|timezone_not_normalized_to_utc
5635899,2073139,1998,1998-03-01T00:00:00,1998-03-31T23:59:00,EST,743.9833333333333,13,,Z,088,SCREVEN,0,0,0,0,,,,0,,0,1,begin_coordinates_missing_or_invalid|damage_crops_missing|damage_property_missing|end_coordinates_missing_or_invalid|no_valid_location_points|requires_crosswalk_or_marine_review|timezone_not_normalized_to_utc
5636036,2073149,1998,1998-01-08T12:15:00,1998-01-11T23:45:00,EST,83.5,39,,Z,003,LUCAS,0,0,0,0,,,,0,,0,1,begin_coordinates_missing_or_invalid|damage_crops_missing|damage_property_missing|end_coordinates_missing_or_invalid|no_valid_location_points|requires_crosswalk_or_marine_review|timezone_not_normalized_to_utc
5636037,2073150,1998,1998-01-08T10:00:00,1998-01-09T17:00:00,EST,31.0,39,,Z,017,HANCOCK,0,0,0,0,,,,0,,0,1,begin_coordinates_missing_or_invalid|damage_crops_missing|damage_property_missing|end_coordinates_missing_or_invalid|no_valid_location_points|requires_crosswalk_or_marine_review|timezone_not_normalized_to_utc
5636038,2073151,1998,1998-01-08T07:00:00,1998-01-08T15:00:00,EST,8.0,39,,Z,011,CUYAHOGA,0,0,0,0,,,,0,,0,1,begin_coordinates_missing_or_invalid|damage_crops_missing|damage_property_missing|end_coordinates_missing_or_invalid|no_valid_location_points|requires_crosswalk_or_marine_review|timezone_not_normalized_to_utc
5636039,2073152,1998,1998-01-08T05:30:00,1998-01-09T20:45:00,EST,39.25,39,,Z,036,MARION,0,0,0,0,,,,0,,0,1,begin_coordinates_missing_or_invalid|damage_crops_missing|damage_property_missing|end_coordinates_missing_or_invalid|no_valid_location_points|requires_crosswalk_or_marine_review|timezone_not_normalized_to_utc
5636040,2073153,1998,1998-01-09T20:30:00,1998-01-12T15:30:00,EST,67.0,39,,Z,036,MARION,0,0,0,0,50000,,,0,,0,1,begin_coordinates_missing_or_invalid|damage_crops_missing|end_coordinates_missing_or_invalid|no_valid_location_points|requires_crosswalk_or_marine_review|timezone_not_normalized_to_utc
5636041,2073154,1998,1998-01-07T16:00:00,1998-01-09T15:15:00,EST,47.25,39,,Z,009,ERIE,0,0,0,0,100000,,,0,,0,1,begin_coordinates_missing_or_invalid|damage_crops_missing|end_coordinates_missing_or_invalid|no_valid_location_points|requires_crosswalk_or_marine_review|timezone_not_normalized_to_utc
5636042,2073155,1998,1998-01-09T00:45:00,1998-01-10T05:45:00,EST,29.0,39,,Z,023,TRUMBULL,0,0,0,0,,,,0,,0,1,begin_coordinates_missing_or_invalid|damage_crops_missing|damage_property_missing|end_coordinates_missing_or_invalid|no_valid_location_points|requires_crosswalk_or_marine_review|timezone_not_normalized_to_utc
5636043,2073156,1998,1998-01-09T22:45:00,1998-01-10T09:45:00,EST,11.0,39,,Z,033,MAHONING,0,0,0,0,,,,0,,0,1,begin_coordinates_missing_or_invalid|damage_crops_missing|damage_property_missing|end_coordinates_missing_or_invalid|no_valid_location_points|requires_crosswalk_or_marine_review|timezone_not_normalized_to_utc
5636127,2075353,1998,1998-05-02T16:15:00,1998-05-02T17:30:00,PST,1.25,06,06029,C,029,KERN,0,0,0,0,,,,0,,0,1,begin_coordinates_missing_or_invalid|county_code_unverified|damage_crops_missing|damage_property_missing|end_coordinates_missing_or_invalid|no_valid_location_points|timezone_not_normalized_to_utc
5636128,1058579,1998,1998-05-12T20:00:00,1998-05-12T22:00:00,PST,2.0,06,06047,C,047,MERCED,0,0,0,0,,,,0,,0,1,begin_coordinates_missing_or_invalid|county_code_unverified|damage_crops_missing|damage_property_missing|end_coordinates_missing_or_invalid|no_valid_location_points|timezone_not_normalized_to_utc
5636129,1058579,1998,1998-05-12T20:00:00,1998-05-12T22:00:00,PST,2.0,06,06019,C,019,FRESNO,0,0,0,0,,,,0,,0,1,begin_coordinates_missing_or_invalid|county_code_unverified|damage_crops_missing|damage_property_missing|end_coordinates_missing_or_invalid|no_valid_location_points|timezone_not_normalized_to_utc
5636250,2075359,1998,1998-06-06T18:35:00,1998-06-06T20:00:00,PST,1.4166666666666667,06,06039,C,039,MADERA,0,0,0,0,,,,0,,0,1,begin_coordinates_missing_or_invalid|county_code_unverified|damage_crops_missing|damage_property_missing|end_coordinates_missing_or_invalid|no_valid_location_points|timezone_not_normalized_to_utc
5636251,2075359,1998,1998-06-06T20:00:00,1998-06-06T22:30:00,PST,2.5,06,06019,C,019,FRESNO,0,0,0,0,50000,,,0,,0,1,begin_coordinates_missing_or_invalid|county_code_unverified|damage_crops_missing|end_coordinates_missing_or_invalid|no_valid_location_points|timezone_not_normalized_to_utc
5636252,2075359,1998,1998-06-07T01:00:00,1998-06-07T07:00:00,PST,6.0,06,06043,C,043,MARIPOSA,0,0,0,0,,,,0,,0,1,begin_coordinates_missing_or_invalid|county_code_unverified|damage_crops_missing|damage_property_missing|end_coordinates_missing_or_invalid|no_valid_location_points|timezone_not_normalized_to_utc
5636254,2075360,1998,1998-06-16T02:00:00,1998-06-16T14:00:00,PST,12.0,06,06043,C,043,MARIPOSA,0,0,0,0,100000,,,0,,0,1,begin_coordinates_missing_or_invalid|county_code_unverified|damage_crops_missing|end_coordinates_missing_or_invalid|no_valid_location_points|timezone_not_normalized_to_utc
5636350,2075228,1998,1998-04-11T13:00:00,1998-04-11T16:00:00,PST,3.0,06,06083,C,083,SANTA BARBARA,0,0,0,0,,,,0,,0,1,begin_coordinates_missing_or_invalid|county_code_unverified|damage_crops_missing|damage_property_missing|end_coordinates_missing_or_invalid|no_valid_location_points|timezone_not_normalized_to_utc
5636352,2075361,1998,1998-06-01T00:01:00,1998-06-30T23:59:00,PST,719.9666666666667,06,,Z,021,KINGS/W TULARE/NW KERN,0,0,0,0,400000,100000000,,0,,0,1,begin_coordinates_missing_or_invalid|end_coordinates_missing_or_invalid|no_valid_location_points|requires_crosswalk_or_marine_review|timezone_not_normalized_to_utc
5636550,1058271,1998,1998-04-23T15:45:00,1998-04-23T18:00:00,PST,2.25,41,,Z,019,WALLOWA/UNION/E & S UMATILLA/S MORROW,0,0,0,0,,,,0,,0,1,begin_coordinates_missing_or_invalid|damage_crops_missing|damage_property_missing|end_coordinates_missing_or_invalid|no_valid_location_points|requires_crosswalk_or_marine_review|timezone_not_normalized_to_utc
5636610,2075371,1998,1998-04-01T00:00:00,1998-04-02T06:00:00,CST,30.0,55,,Z,052,SHEBOYGAN,0,0,0,0,5000,,,0,,0,1,begin_coordinates_missing_or_invalid|damage_crops_missing|end_coordinates_missing_or_invalid|no_valid_location_points|requires_crosswalk_or_marine_review|timezone_not_normalized_to_utc
5636612,2075373,1998,1998-04-01T00:00:00,1998-04-04T09:45:00,CST,81.75,55,,Z,056,SAUK,0,0,0,0,5000,,,0,,0,1,begin_coordinates_missing_or_invalid|damage_crops_missing|end_coordinates_missing_or_invalid|no_valid_location_points|requires_crosswalk_or_marine_review|timezone_not_normalized_to_utc
5636615,2075376,1998,1998-04-01T17:00:00,1998-04-01T19:30:00,EST,2.5,34,34039,C,039,UNION,0,0,0,0,,,,0,,0,1,begin_coordinates_missing_or_invalid|county_code_unverified|damage_crops_missing|damage_property_missing|end_coordinates_missing_or_invalid|no_valid_location_points|timezone_not_normalized_to_utc
5636616,2075376,1998,1998-04-01T17:15:00,1998-04-01T19:45:00,EST,2.5,34,34017,C,017,HUDSON,0,0,0,0,,,,0,,0,1,begin_coordinates_missing_or_invalid|county_code_unverified|damage_crops_missing|damage_property_missing|end_coordinates_missing_or_invalid|no_valid_location_points|timezone_not_normalized_to_utc
5636695,2075074,1998,1998-03-10T15:00:00,1998-03-11T01:00:00,EST,10.0,34,,Z,019,BURLINGTON,0,0,0,0,,,,0,,0,1,begin_coordinates_missing_or_invalid|damage_crops_missing|damage_property_missing|end_coordinates_missing_or_invalid|no_valid_location_points|requires_crosswalk_or_marine_review|timezone_not_normalized_to_utc
5636718,2075286,1998,1998-04-29T18:30:00,1998-04-29T20:30:00,CST,2.0,17,17117,C,117,MACOUPIN,0,0,0,0,,,,0,,0,1,begin_coordinates_missing_or_invalid|county_code_unverified|damage_crops_missing|damage_property_missing|end_coordinates_missing_or_invalid|no_valid_location_points|timezone_not_normalized_to_utc
5636719,2075286,1998,1998-04-29T18:30:00,1998-04-29T20:30:00,CST,2.0,17,17119,C,119,MADISON,0,0,0,0,,,,0,,0,1,begin_coordinates_missing_or_invalid|county_code_unverified|damage_crops_missing|damage_property_missing|end_coordinates_missing_or_invalid|no_valid_location_points|timezone_not_normalized_to_utc
5636884,1058572,1998,1998-05-05T10:30:00,1998-05-05T11:00:00,PST,0.5,06,06031,C,031,KINGS,0,0,0,0,,,,0,,0,1,begin_coordinates_missing_or_invalid|county_code_unverified|damage_crops_missing|damage_property_missing|end_coordinates_missing_or_invalid|no_valid_location_points|timezone_not_normalized_to_utc
5636911,2075309,1998,1998-03-09T01:00:00,1998-03-09T07:00:00,EST,6.0,36,36087,C,087,ROCKLAND,0,0,0,0,,,,0,,0,1,begin_coordinates_missing_or_invalid|county_code_unverified|damage_crops_missing|damage_property_missing|end_coordinates_missing_or_invalid|no_valid_location_points|timezone_not_normalized_to_utc
5637027,2075309,1998,1998-03-09T01:00:00,1998-03-09T07:00:00,EST,6.0,36,36005,C,005,BRONX,0,0,0,0,,,,0,,0,1,begin_coordinates_missing_or_invalid|county_code_unverified|damage_crops_missing|damage_property_missing|end_coordinates_missing_or_invalid|no_valid_location_points|timezone_not_normalized_to_utc
5637028,2075309,1998,1998-03-09T01:00:00,1998-03-09T07:00:00,EST,6.0,36,36061,C,061,NEW YORK,0,0,0,0,,,,0,,0,1,begin_coordinates_missing_or_invalid|county_code_unverified|damage_crops_missing|damage_property_missing|end_coordinates_missing_or_invalid|no_valid_location_points|timezone_not_normalized_to_utc
5637029,2075309,1998,1998-03-09T01:00:00,1998-03-09T07:00:00,EST,6.0,36,36085,C,085,RICHMOND,0,0,0,0,,,,0,,0,1,begin_coordinates_missing_or_invalid|county_code_unverified|damage_crops_missing|damage_property_missing|end_coordinates_missing_or_invalid|no_valid_location_points|timezone_not_normalized_to_utc
5637030,2075309,1998,1998-03-09T01:00:00,1998-03-09T07:00:00,EST,6.0,36,36047,C,047,KINGS,0,0,0,0,,,,0,,0,1,begin_coordinates_missing_or_invalid|county_code_unverified|damage_crops_missing|damage_property_missing|end_coordinates_missing_or_invalid|no_valid_location_points|timezone_not_normalized_to_utc
5637031,2075309,1998,1998-03-09T01:00:00,1998-03-09T07:00:00,EST,6.0,36,36081,C,081,QUEENS,0,0,0,0,,,,0,,0,1,begin_coordinates_missing_or_invalid|county_code_unverified|damage_crops_missing|damage_property_missing|end_coordinates_missing_or_invalid|no_valid_location_points|timezone_not_normalized_to_utc
5637032,2075309,1998,1998-03-08T22:00:00,1998-03-09T18:00:00,EST,20.0,36,36059,C,059,NASSAU,0,0,0,0,,,,0,,0,1,begin_coordinates_missing_or_invalid|county_code_unverified|damage_crops_missing|damage_property_missing|end_coordinates_missing_or_invalid|no_valid_location_points|timezone_not_normalized_to_utc
5637033,2075309,1998,1998-03-08T22:00:00,1998-03-09T18:00:00,EST,20.0,36,36103,C,103,SUFFOLK,0,0,0,0,,,,0,,0,1,begin_coordinates_missing_or_invalid|county_code_unverified|damage_crops_missing|damage_property_missing|end_coordinates_missing_or_invalid|no_valid_location_points|timezone_not_normalized_to_utc
5637039,2075312,1998,1998-03-09T08:00:00,1998-03-11T06:00:00,EST,46.0,09,,Z,006,NORTHERN NEW HAVEN,0,0,0,0,,,,0,,0,1,begin_coordinates_missing_or_invalid|damage_crops_missing|damage_property_missing|end_coordinates_missing_or_invalid|no_valid_location_points|requires_crosswalk_or_marine_review|timezone_not_normalized_to_utc
5637040,2075312,1998,1998-03-09T12:15:00,1998-03-10T05:30:00,EST,17.25,09,,Z,010,SOUTHERN NEW HAVEN,0,0,0,0,,,,0,,0,1,begin_coordinates_missing_or_invalid|damage_crops_missing|damage_property_missing|end_coordinates_missing_or_invalid|no_valid_location_points|requires_crosswalk_or_marine_review|timezone_not_normalized_to_utc
5637041,2075312,1998,1998-03-09T20:30:00,1998-03-10T18:15:00,EST,21.75,09,,Z,008,NORTHERN NEW LONDON,0,0,0,0,,,,0,,0,1,begin_coordinates_missing_or_invalid|damage_crops_missing|damage_property_missing|end_coordinates_missing_or_invalid|no_valid_location_points|requires_crosswalk_or_marine_review|timezone_not_normalized_to_utc
5637042,2075313,1998,1998-03-09T01:00:00,1998-03-09T18:00:00,EST,17.0,09,09001,C,001,FAIRFIELD,0,0,0,0,,,,0,,0,1,begin_coordinates_missing_or_invalid|county_code_unverified|damage_crops_missing|damage_property_missing|end_coordinates_missing_or_invalid|no_valid_location_points|timezone_not_normalized_to_utc
5637043,2075313,1998,1998-03-09T01:00:00,1998-03-09T18:00:00,EST,17.0,09,09009,C,009,NEW HAVEN,0,0,0,0,,,,0,,0,1,begin_coordinates_missing_or_invalid|county_code_unverified|damage_crops_missing|damage_property_missing|end_coordinates_missing_or_invalid|no_valid_location_points|timezone_not_normalized_to_utc
5637044,2075313,1998,1998-03-09T02:00:00,1998-03-09T20:00:00,EST,18.0,09,09011,C,011,NEW LONDON,0,0,0,0,,,,0,,0,1,begin_coordinates_missing_or_invalid|county_code_unverified|damage_crops_missing|damage_property_missing|end_coordinates_missing_or_invalid|no_valid_location_points|timezone_not_normalized_to_utc
5637099,2075399,1998,1998-04-25T19:00:00,1998-04-26T03:00:00,CST,8.0,46,,Z,019,CLARK,0,0,0,0,,,,0,,0,1,begin_coordinates_missing_or_invalid|damage_crops_missing|damage_property_missing|end_coordinates_missing_or_invalid|no_valid_location_points|requires_crosswalk_or_marine_review|timezone_not_normalized_to_utc
5637100,2075399,1998,1998-04-25T19:00:00,1998-04-26T03:00:00,CST,8.0,46,,Z,011,DAY,0,0,0,0,,,,0,,0,1,begin_coordinates_missing_or_invalid|damage_crops_missing|damage_property_missing|end_coordinates_missing_or_invalid|no_valid_location_points|requires_crosswalk_or_marine_review|timezone_not_normalized_to_utc
5637101,2075399,1998,1998-04-25T19:00:00,1998-04-26T03:00:00,CST,8.0,46,,Z,018,SPINK,0,0,0,0,,,,0,,0,1,begin_coordinates_missing_or_invalid|damage_crops_missing|damage_property_missing|end_coordinates_missing_or_invalid|no_valid_location_points|requires_crosswalk_or_marine_review|timezone_not_normalized_to_utc
5637102,2075399,1998,1998-04-25T19:00:00,1998-04-26T03:00:00,CST,8.0,46,,Z,007,MARSHALL,0,0,0,0,,,,0,,0,1,begin_coordinates_missing_or_invalid|damage_crops_missing|damage_property_missing|end_coordinates_missing_or_invalid|no_valid_location_points|requires_crosswalk_or_marine_review|timezone_not_normalized_to_utc
5637103,2075399,1998,1998-04-25T19:00:00,1998-04-26T03:00:00,CST,8.0,46,,Z,008,ROBERTS,0,0,0,0,,,,0,,0,1,begin_coordinates_missing_or_invalid|damage_crops_missing|damage_property_missing|end_coordinates_missing_or_invalid|no_valid_location_points|requires_crosswalk_or_marine_review|timezone_not_normalized_to_utc
5637106,2075401,1998,1998-04-02T06:00:00,1998-04-30T23:59:00,CST,689.9833333333333,46,,Z,006,BROWN,0,0,0,0,,,,0,,0,1,begin_coordinates_missing_or_invalid|damage_crops_missing|damage_property_missing|end_coordinates_missing_or_invalid|no_valid_location_points|requires_crosswalk_or_marine_review|timezone_not_normalized_to_utc
5637235,2075601,1998,1998-05-24T10:19:00,1998-05-24T10:19:00,MST,0.0,08,08063,C,063,KIT CARSON,0,0,0,0,,,,0,,0,1,begin_coordinates_missing_or_invalid|county_code_unverified|damage_crops_missing|damage_property_missing|end_coordinates_missing_or_invalid|no_valid_location_points|timezone_not_normalized_to_utc
5637262,2075132,1998,1998-01-10T12:00:00,1998-01-11T12:00:00,EST,24.0,09,,Z,007,NORTHERN MIDDLESEX,0,0,0,0,,,,0,,0,1,begin_coordinates_missing_or_invalid|damage_crops_missing|damage_property_missing|end_coordinates_missing_or_invalid|no_valid_location_points|requires_crosswalk_or_marine_review|timezone_not_normalized_to_utc
5637270,1058345,1998,1998-01-23T17:30:00,1998-01-24T05:00:00,EST,11.5,36,36085,C,085,RICHMOND,0,0,0,0,,,,0,,0,1,begin_coordinates_missing_or_invalid|county_code_unverified|damage_crops_missing|damage_property_missing|end_coordinates_missing_or_invalid|no_valid_location_points|timezone_not_normalized_to_utc
5637271,1058345,1998,1998-01-23T17:30:00,1998-01-24T05:00:00,EST,11.5,36,36061,C,061,NEW YORK,0,0,0,0,,,,0,,0,1,begin_coordinates_missing_or_invalid|county_code_unverified|damage_crops_missing|damage_property_missing|end_coordinates_missing_or_invalid|no_valid_location_points|timezone_not_normalized_to_utc
5637272,1058345,1998,1998-01-23T17:30:00,1998-01-24T05:00:00,EST,11.5,36,36005,C,005,BRONX,0,0,0,0,,,,0,,0,1,begin_coordinates_missing_or_invalid|county_code_unverified|damage_crops_missing|damage_property_missing|end_coordinates_missing_or_invalid|no_valid_location_points|timezone_not_normalized_to_utc
5637273,1058345,1998,1998-01-23T17:30:00,1998-01-24T05:00:00,EST,11.5,36,36047,C,047,KINGS,0,0,0,0,,,,0,,0,1,begin_coordinates_missing_or_invalid|county_code_unverified|damage_crops_missing|damage_property_missing|end_coordinates_missing_or_invalid|no_valid_location_points|timezone_not_normalized_to_utc
5637274,1058345,1998,1998-01-23T17:30:00,1998-01-24T05:00:00,EST,11.5,36,36081,C,081,QUEENS,0,0,0,0,,,,0,,0,1,begin_coordinates_missing_or_invalid|county_code_unverified|damage_crops_missing|damage_property_missing|end_coordinates_missing_or_invalid|no_valid_location_points|timezone_not_normalized_to_utc
5637275,1058345,1998,1998-01-23T18:00:00,1998-01-24T05:30:00,EST,11.5,36,36059,C,059,NASSAU,0,0,0,0,,,,0,,0,1,begin_coordinates_missing_or_invalid|county_code_unverified|damage_crops_missing|damage_property_missing|end_coordinates_missing_or_invalid|no_valid_location_points|timezone_not_normalized_to_utc
5637276,1058345,1998,1998-01-23T18:30:00,1998-01-24T06:30:00,EST,12.0,36,36103,C,103,SUFFOLK,0,0,0,0,,,,0,,0,1,begin_coordinates_missing_or_invalid|county_code_unverified|damage_crops_missing|damage_property_missing|end_coordinates_missing_or_invalid|no_valid_location_points|timezone_not_normalized_to_utc
5637277,2075135,1998,1998-01-23T18:00:00,1998-01-24T05:00:00,EST,11.0,34,34003,C,003,BERGEN,0,0,0,0,,,,0,,0,1,begin_coordinates_missing_or_invalid|county_code_unverified|damage_crops_missing|damage_property_missing|end_coordinates_missing_or_invalid|no_valid_location_points|timezone_not_normalized_to_utc
5637278,2075135,1998,1998-01-23T18:00:00,1998-01-24T05:00:00,EST,11.0,34,34013,C,013,ESSEX,0,0,0,0,,,,0,,0,1,begin_coordinates_missing_or_invalid|county_code_unverified|damage_crops_missing|damage_property_missing|end_coordinates_missing_or_invalid|no_valid_location_points|timezone_not_normalized_to_utc
5637279,2075135,1998,1998-01-23T18:00:00,1998-01-24T05:00:00,EST,11.0,34,34017,C,017,HUDSON,0,0,0,0,,,,0,,0,1,begin_coordinates_missing_or_invalid|county_code_unverified|damage_crops_missing|damage_property_missing|end_coordinates_missing_or_invalid|no_valid_location_points|timezone_not_normalized_to_utc
5637280,2075135,1998,1998-01-23T18:00:00,1998-01-24T05:00:00,EST,11.0,34,34039,C,039,UNION,0,0,0,0,,,,0,,0,1,begin_coordinates_missing_or_invalid|county_code_unverified|damage_crops_missing|damage_property_missing|end_coordinates_missing_or_invalid|no_valid_location_points|timezone_not_normalized_to_utc
5637284,2075137,1998,1998-01-23T19:00:00,1998-01-24T06:00:00,EST,11.0,09,09001,C,001,FAIRFIELD,0,0,0,0,,,,0,,0,1,begin_coordinates_missing_or_invalid|county_code_unverified|damage_crops_missing|damage_property_missing|end_coordinates_missing_or_invalid|no_valid_location_points|timezone_not_normalized_to_utc
5637612,2074987,1998,1998-03-24T12:00:00,1998-03-24T20:00:00,PST,8.0,06,06047,C,047,MERCED,0,0,0,0,,,,0,,0,1,begin_coordinates_missing_or_invalid|county_code_unverified|damage_crops_missing|damage_property_missing|end_coordinates_missing_or_invalid|no_valid_location_points|timezone_not_normalized_to_utc
5637613,2074988,1998,1998-03-25T05:53:00,1998-03-25T09:00:00,PST,3.1166666666666667,06,06029,C,029,KERN,0,0,0,0,,,,0,,0,1,begin_coordinates_missing_or_invalid|county_code_unverified|damage_crops_missing|damage_property_missing|end_coordinates_missing_or_invalid|no_valid_location_points|timezone_not_normalized_to_utc
5637643,2075335,1998,1998-04-01T00:00:00,1998-04-02T12:00:00,EST,36.0,36,,Z,033,HAMILTON,0,0,0,0,,,,0,,0,1,begin_coordinates_missing_or_invalid|damage_crops_missing|damage_property_missing|end_coordinates_missing_or_invalid|no_valid_location_points|requires_crosswalk_or_marine_review|timezone_not_normalized_to_utc
5637644,2075335,1998,1998-04-01T00:00:00,1998-04-02T12:00:00,EST,36.0,36,,Z,039,FULTON,0,0,0,0,,,,0,,0,1,begin_coordinates_missing_or_invalid|damage_crops_missing|damage_property_missing|end_coordinates_missing_or_invalid|no_valid_location_points|requires_crosswalk_or_marine_review|timezone_not_normalized_to_utc
5637645,2075336,1998,1998-04-01T00:00:00,1998-04-07T22:00:00,EST,166.0,36,,Z,042,WARREN,0,0,0,0,125000,,,0,,0,1,begin_coordinates_missing_or_invalid|damage_crops_missing|end_coordinates_missing_or_invalid|no_valid_location_points|requires_crosswalk_or_marine_review|timezone_not_normalized_to_utc
5637646,2075337,1998,1998-04-01T02:00:00,1998-04-04T16:00:00,EST,86.0,36,,Z,050,SOUTHERN SARATOGA,0,0,0,0,,,,0,,0,1,begin_coordinates_missing_or_invalid|damage_crops_missing|damage_property_missing|end_coordinates_missing_or_invalid|no_valid_location_points|requires_crosswalk_or_marine_review|timezone_not_normalized_to_utc
5637647,2075337,1998,1998-04-01T02:00:00,1998-04-04T16:00:00,EST,86.0,36,,Z,041,NORTHERN SARATOGA,0,0,0,0,1000,,,0,,0,1,begin_coordinates_missing_or_invalid|damage_crops_missing|end_coordinates_missing_or_invalid|no_valid_location_points|requires_crosswalk_or_marine_review|timezone_not_normalized_to_utc
5637648,2075337,1998,1998-04-01T02:00:00,1998-04-04T16:00:00,EST,86.0,36,,Z,042,WARREN,0,0,0,0,,,,0,,0,1,begin_coordinates_missing_or_invalid|damage_crops_missing|damage_property_missing|end_coordinates_missing_or_invalid|no_valid_location_points|requires_crosswalk_or_marine_review|timezone_not_normalized_to_utc
5637649,2075337,1998,1998-04-01T02:00:00,1998-04-04T16:00:00,EST,86.0,36,,Z,043,WASHINGTON,0,0,0,0,,,,0,,0,1,begin_coordinates_missing_or_invalid|damage_crops_missing|damage_property_missing|end_coordinates_missing_or_invalid|no_valid_location_points|requires_crosswalk_or_marine_review|timezone_not_normalized_to_utc
5637650,2075338,1998,1998-04-02T04:00:00,1998-04-04T08:00:00,EST,52.0,36,,Z,038,SOUTHERN HERKIMER,0,0,0,0,5000,,,0,,0,1,begin_coordinates_missing_or_invalid|damage_crops_missing|end_coordinates_missing_or_invalid|no_valid_location_points|requires_crosswalk_or_marine_review|timezone_not_normalized_to_utc
5637651,2075339,1998,1998-04-01T00:00:00,1998-04-01T20:00:00,EST,20.0,50,,Z,013,BENNINGTON,0,0,0,0,,,,0,,0,1,begin_coordinates_missing_or_invalid|damage_crops_missing|damage_property_missing|end_coordinates_missing_or_invalid|no_valid_location_points|requires_crosswalk_or_marine_review|timezone_not_normalized_to_utc
5637689,2074992,1998,1998-03-13T12:15:00,1998-03-13T20:00:00,PST,7.75,06,,Z,020,CENTRAL SAN JOAQUIN VALLEY,0,0,0,0,,,,0,,0,1,begin_coordinates_missing_or_invalid|damage_crops_missing|damage_property_missing|end_coordinates_missing_or_invalid|no_valid_location_points|requires_crosswalk_or_marine_review|timezone_not_normalized_to_utc
5637690,2074992,1998,1998-03-13T13:45:00,1998-03-13T14:30:00,PST,0.75,06,06039,C,039,MADERA,0,0,0,0,,,,0,,0,1,begin_coordinates_missing_or_invalid|county_code_unverified|damage_crops_missing|damage_property_missing|end_coordinates_missing_or_invalid|no_valid_location_points|timezone_not_normalized_to_utc
5637695,2074996,1998,1998-03-28T10:50:00,1998-03-28T22:00:00,PST,11.166666666666666,06,06029,C,029,KERN,0,0,0,0,,,,0,,0,1,begin_coordinates_missing_or_invalid|county_code_unverified|damage_crops_missing|damage_property_missing|end_coordinates_missing_or_invalid|no_valid_location_points|timezone_not_normalized_to_utc
5637712,2075183,1998,1998-03-10T06:30:00,1998-03-11T13:15:00,EST,30.75,39,,Z,003,LUCAS,0,0,0,0,,,,0,,0,1,begin_coordinates_missing_or_invalid|damage_crops_missing|damage_property_missing|end_coordinates_missing_or_invalid|no_valid_location_points|requires_crosswalk_or_marine_review|timezone_not_normalized_to_utc
5637713,2075184,1998,1998-03-22T06:00:00,1998-03-23T02:00:00,EST,20.0,39,,Z,003,LUCAS,0,0,0,0,,,,0,,0,1,begin_coordinates_missing_or_invalid|damage_crops_missing|damage_property_missing|end_coordinates_missing_or_invalid|no_valid_location_points|requires_crosswalk_or_marine_review|timezone_not_normalized_to_utc
5637714,2075185,1998,1998-03-21T01:00:00,1998-03-22T07:00:00,EST,30.0,39,,Z,009,ERIE,0,0,0,0,,,,0,,0,1,begin_coordinates_missing_or_invalid|damage_crops_missing|damage_property_missing|end_coordinates_missing_or_invalid|no_valid_location_points|requires_crosswalk_or_marine_review|timezone_not_normalized_to_utc
5637738,2075343,1998,1998-04-04T12:00:00,1998-04-04T14:00:00,MST,2.0,16,16073,C,073,OWYHEE,0,0,0,0,,,,0,,0,1,begin_coordinates_missing_or_invalid|county_code_unverified|damage_crops_missing|damage_property_missing|end_coordinates_missing_or_invalid|no_valid_location_points|timezone_not_normalized_to_utc
5637739,2075348,1998,1998-05-05T00:15:00,1998-05-05T16:00:00,PST,15.75,06,06019,C,019,FRESNO,0,0,0,0,,,,0,,0,1,begin_coordinates_missing_or_invalid|county_code_unverified|damage_crops_missing|damage_property_missing|end_coordinates_missing_or_invalid|no_valid_location_points|timezone_not_normalized_to_utc
5637740,2075349,1998,1998-05-05T13:03:00,1998-05-05T15:11:00,PST,2.1333333333333333,06,06029,C,029,KERN,0,0,0,0,100000,,,0,,0,1,begin_coordinates_missing_or_invalid|county_code_unverified|damage_crops_missing|end_coordinates_missing_or_invalid|no_valid_location_points|timezone_not_normalized_to_utc
5637742,2075349,1998,1998-05-05T17:00:00,1998-05-05T18:15:00,PST,1.25,06,06029,C,029,KERN,0,0,0,0,20000,,,0,,0,1,begin_coordinates_missing_or_invalid|county_code_unverified|damage_crops_missing|end_coordinates_missing_or_invalid|no_valid_location_points|timezone_not_normalized_to_utc
5637744,2075351,1998,1998-05-05T15:20:00,1998-05-05T19:00:00,PST,3.6666666666666665,06,06019,C,019,FRESNO,0,0,0,0,,,,0,,0,1,begin_coordinates_missing_or_invalid|county_code_unverified|damage_crops_missing|damage_property_missing|end_coordinates_missing_or_invalid|no_valid_location_points|timezone_not_normalized_to_utc
5637745,2075351,1998,1998-05-05T15:38:00,1998-05-05T17:00:00,PST,1.3666666666666667,06,06047,C,047,MERCED,0,0,0,0,,,,0,,0,1,begin_coordinates_missing_or_invalid|county_code_unverified|damage_crops_missing|damage_property_missing|end_coordinates_missing_or_invalid|no_valid_location_points|timezone_not_normalized_to_utc
5637780,2074997,1998,1998-03-24T14:45:00,1998-03-24T16:00:00,PST,1.25,06,06031,C,031,KINGS,0,0,0,0,,,,0,,0,1,begin_coordinates_missing_or_invalid|county_code_unverified|damage_crops_missing|damage_property_missing|end_coordinates_missing_or_invalid|no_valid_location_points|timezone_not_normalized_to_utc
5637785,2074999,1998,1998-04-01T00:00:00,1998-04-01T15:00:00,PST,15.0,06,,Z,021,SOUTHERN SAN JOAQUIN VALLEY,0,0,0,0,262000,540000,,0,,0,1,begin_coordinates_missing_or_invalid|end_coordinates_missing_or_invalid|no_valid_location_points|requires_crosswalk_or_marine_review|timezone_not_normalized_to_utc
5637786,2075000,1998,1998-03-28T16:00:00,1998-03-28T16:07:00,PST,0.11666666666666667,06,06031,C,031,KINGS,0,0,0,0,,,,0,,0,1,begin_coordinates_missing_or_invalid|county_code_unverified|damage_crops_missing|damage_property_missing|end_coordinates_missing_or_invalid|no_valid_location_points|timezone_not_normalized_to_utc
5637789,2075001,1998,1998-03-31T23:59:00,1998-03-31T23:59:00,PST,0.0,06,06029,C,029,KERN,0,0,0,0,,5700000.0,,0,,0,1,begin_coordinates_missing_or_invalid|county_code_unverified|damage_property_missing|end_coordinates_missing_or_invalid|no_valid_location_points|timezone_not_normalized_to_utc
5637900,2075003,1998,1998-04-26T06:00:00,1998-04-27T23:59:00,PST,41.983333333333334,06,06029,C,029,KERN,0,0,0,0,,,,0,,0,1,begin_coordinates_missing_or_invalid|county_code_unverified|damage_crops_missing|damage_property_missing|end_coordinates_missing_or_invalid|no_valid_location_points|timezone_not_normalized_to_utc
5638047,2074789,1998,1998-02-20T08:00:00,1998-02-28T23:59:00,EST,207.98333333333332,12,12053,C,053,HERNANDO,0,0,0,0,10000,50000,,0,,0,1,begin_coordinates_missing_or_invalid|county_code_unverified|end_coordinates_missing_or_invalid|no_valid_location_points|timezone_not_normalized_to_utc
5638048,1057964,1998,1998-02-22T08:00:00,1998-02-28T23:59:00,EST,159.98333333333332,12,12101,C,101,PASCO,0,0,0,0,500000,0,,0,,0,1,begin_coordinates_missing_or_invalid|county_code_unverified|end_coordinates_missing_or_invalid|no_valid_location_points|timezone_not_normalized_to_utc
5638051,2074792,1998,1998-02-22T17:30:00,1998-02-22T22:00:00,EST,4.5,12,12075,C,075,LEVY,0,0,0,0,10000,0,,0,,0,1,begin_coordinates_missing_or_invalid|county_code_unverified|end_coordinates_missing_or_invalid|no_valid_location_points|timezone_not_normalized_to_utc
5638060,2074801,1998,1998-02-28T10:00:00,1998-02-28T11:00:00,EST,1.0,12,12017,C,017,CITRUS,0,0,0,0,10000,0,,0,,0,1,begin_coordinates_missing_or_invalid|county_code_unverified|end_coordinates_missing_or_invalid|no_valid_location_points|timezone_not_normalized_to_utc
5638061,2074801,1998,1998-02-28T10:00:00,1998-02-28T11:00:00,EST,1.0,12,12053,C,053,HERNANDO,0,0,0,0,20000,0,,0,,0,1,begin_coordinates_missing_or_invalid|county_code_unverified|end_coordinates_missing_or_invalid|no_valid_location_points|timezone_not_normalized_to_utc
5638062,2074801,1998,1998-02-28T10:00:00,1998-02-28T11:00:00,EST,1.0,12,12057,C,057,HILLSBOROUGH,0,0,0,0,50000,0,,0,,0,1,begin_coordinates_missing_or_invalid|county_code_unverified|end_coordinates_missing_or_invalid|no_valid_location_points|timezone_not_normalized_to_utc
5638063,2074801,1998,1998-02-28T10:00:00,1998-02-28T11:00:00,EST,1.0,12,12101,C,101,PASCO,0,0,0,0,40000,0,,0,,0,1,begin_coordinates_missing_or_invalid|county_code_unverified|end_coordinates_missing_or_invalid|no_valid_location_points|timezone_not_normalized_to_utc
5638064,2074801,1998,1998-02-28T10:00:00,1998-02-28T11:00:00,EST,1.0,12,12103,C,103,PINELLAS,0,0,0,0,20000,0,,0,,0,1,begin_coordinates_missing_or_invalid|county_code_unverified|end_coordinates_missing_or_invalid|no_valid_location_points|timezone_not_normalized_to_utc
5638065,2074801,1998,1998-02-28T10:00:00,1998-02-28T11:00:00,EST,1.0,12,12119,C,119,SUMTER,0,0,0,0,10000,0,,0,,0,1,begin_coordinates_missing_or_invalid|county_code_unverified|end_coordinates_missing_or_invalid|no_valid_location_points|timezone_not_normalized_to_utc
5638219,2074812,1998,1998-03-22T07:00:00,1998-03-23T17:00:00,PST,34.0,06,06105,C,105,TRINITY,0,0,0,0,,,,0,,0,1,begin_coordinates_missing_or_invalid|county_code_unverified|damage_crops_missing|damage_property_missing|end_coordinates_missing_or_invalid|no_valid_location_points|timezone_not_normalized_to_utc
5638220,2074812,1998,1998-03-22T07:00:00,1998-03-23T17:00:00,PST,34.0,06,06023,C,023,HUMBOLDT,0,0,0,0,,,,0,,0,1,begin_coordinates_missing_or_invalid|county_code_unverified|damage_crops_missing|damage_property_missing|end_coordinates_missing_or_invalid|no_valid_location_points|timezone_not_normalized_to_utc
5638221,2074812,1998,1998-03-22T07:00:00,1998-03-23T17:00:00,PST,34.0,06,06105,C,105,TRINITY,0,0,0,0,,,,0,,0,1,begin_coordinates_missing_or_invalid|county_code_unverified|damage_crops_missing|damage_property_missing|end_coordinates_missing_or_invalid|no_valid_location_points|timezone_not_normalized_to_utc
5638303,2074590,1998,1998-03-25T22:30:00,1998-03-26T05:00:00,MST,6.5,08,,Z,002,CENTRAL YAMPA RIVER BASIN/CRAIG-HAYDEN AND VICINITY,0,0,0,0,60000,,,0,,0,1,begin_coordinates_missing_or_invalid|damage_crops_missing|end_coordinates_missing_or_invalid|no_valid_location_points|requires_crosswalk_or_marine_review|timezone_not_normalized_to_utc
5638529,2074847,1998,1998-01-09T11:00:00,1998-01-11T13:00:00,EST,50.0,39,,Z,058,GUERNSEY,0,0,0,0,,,,0,,0,1,begin_coordinates_missing_or_invalid|damage_crops_missing|damage_property_missing|end_coordinates_missing_or_invalid|no_valid_location_points|requires_crosswalk_or_marine_review|timezone_not_normalized_to_utc
5638530,2074848,1998,1998-01-09T07:00:00,1998-01-09T21:00:00,EST,14.0,42,,Z,021,ALLEGHENY,0,0,0,0,,,,0,,0,1,begin_coordinates_missing_or_invalid|damage_crops_missing|damage_property_missing|end_coordinates_missing_or_invalid|no_valid_location_points|requires_crosswalk_or_marine_review|timezone_not_normalized_to_utc
5638531,2074849,1998,1998-01-10T04:00:00,1998-01-10T11:00:00,EST,7.0,39,,Z,059,BELMONT,0,0,0,0,,,,0,,0,1,begin_coordinates_missing_or_invalid|damage_crops_missing|damage_property_missing|end_coordinates_missing_or_invalid|no_valid_location_points|requires_crosswalk_or_marine_review|timezone_not_normalized_to_utc
5638640,2074722,1998,1998-02-01T00:00:00,1998-02-13T08:00:00,EST,296.0,12,12115,C,115,SARASOTA,0,0,0,0,10000,0,,0,,0,1,begin_coordinates_missing_or_invalid|county_code_unverified|end_coordinates_missing_or_invalid|no_valid_location_points|timezone_not_normalized_to_utc
5638641,2074723,1998,1998-02-01T00:00:00,1998-02-02T08:00:00,EST,32.0,12,12027,C,027,DE SOTO,0,0,0,0,5000,0,,0,,0,1,begin_coordinates_missing_or_invalid|county_code_unverified|end_coordinates_missing_or_invalid|no_valid_location_points|timezone_not_normalized_to_utc
5638642,2074724,1998,1998-02-01T00:00:00,1998-02-06T08:00:00,EST,128.0,12,12017,C,017,CITRUS,0,0,0,0,5000,0,,0,,0,1,begin_coordinates_missing_or_invalid|county_code_unverified|end_coordinates_missing_or_invalid|no_valid_location_points|timezone_not_normalized_to_utc
5638643,2074725,1998,1998-02-02T08:00:00,1998-02-28T23:59:00,EST,639.9833333333333,12,12017,C,017,CITRUS,0,0,0,0,500000,0,,0,,0,1,begin_coordinates_missing_or_invalid|county_code_unverified|end_coordinates_missing_or_invalid|no_valid_location_points|timezone_not_normalized_to_utc
5638682,2074959,1998,1998-02-03T06:30:00,1998-02-03T18:00:00,PST,11.5,06,,Z,020,CENTRAL SAN JOAQUIN VALLEY,0,0,0,0,500000,,,0,,0,1,begin_coordinates_missing_or_invalid|damage_crops_missing|end_coordinates_missing_or_invalid|no_valid_location_points|requires_crosswalk_or_marine_review|timezone_not_normalized_to_utc
5638683,2074960,1998,1998-02-03T06:43:00,1998-02-03T18:00:00,PST,11.283333333333333,06,,Z,021,KINGS/W TULARE/NW KERN,0,0,0,0,,,,0,,0,1,begin_coordinates_missing_or_invalid|damage_crops_missing|damage_property_missing|end_coordinates_missing_or_invalid|no_valid_location_points|requires_crosswalk_or_marine_review|timezone_not_normalized_to_utc
5638684,2074961,1998,1998-02-03T18:37:00,1998-02-04T02:00:00,PST,7.383333333333334,06,,Z,020,CENTRAL SAN JOAQUIN VALLEY,0,0,0,0,,,,0,,0,1,begin_coordinates_missing_or_invalid|damage_crops_missing|damage_property_missing|end_coordinates_missing_or_invalid|no_valid_location_points|requires_crosswalk_or_marine_review|timezone_not_normalized_to_utc
5638685,2074962,1998,1998-02-03T04:05:00,1998-02-04T02:00:00,PST,21.916666666666668,06,,Z,022,E FRESNO/MADERA T SW/MARIPOSA/SE TUOLUMNE,0,0,0,0,,,,0,,0,1,begin_coordinates_missing_or_invalid|damage_crops_missing|damage_property_missing|end_coordinates_missing_or_invalid|no_valid_location_points|requires_crosswalk_or_marine_review|timezone_not_normalized_to_utc
5638743,2074734,1998,1998-02-02T21:00:00,1998-02-02T23:00:00,EST,2.0,12,12053,C,053,HERNANDO,0,0,0,0,20000,0,,0,,0,1,begin_coordinates_missing_or_invalid|county_code_unverified|end_coordinates_missing_or_invalid|no_valid_location_points|timezone_not_normalized_to_utc
5638744,2074734,1998,1998-02-02T21:00:00,1998-02-02T23:00:00,EST,2.0,12,12057,C,057,HILLSBOROUGH,0,0,0,0,10000,0,,0,,0,1,begin_coordinates_missing_or_invalid|county_code_unverified|end_coordinates_missing_or_invalid|no_valid_location_points|timezone_not_normalized_to_utc
5638745,2074734,1998,1998-02-02T21:00:00,1998-02-02T23:00:00,EST,2.0,12,12101,C,101,PASCO,0,0,0,0,10000,0,,0,,0,1,begin_coordinates_missing_or_invalid|county_code_unverified|end_coordinates_missing_or_invalid|no_valid_location_points|timezone_not_normalized_to_utc
5638746,2074734,1998,1998-02-02T21:00:00,1998-02-02T23:00:00,EST,2.0,12,12103,C,103,PINELLAS,0,0,0,0,5000,0,,0,,0,1,begin_coordinates_missing_or_invalid|county_code_unverified|end_coordinates_missing_or_invalid|no_valid_location_points|timezone_not_normalized_to_utc
5638747,2074735,1998,1998-02-03T08:00:00,1998-02-28T23:59:00,EST,615.9833333333333,12,12101,C,101,PASCO,0,0,0,0,5000,0,,0,,0,1,begin_coordinates_missing_or_invalid|county_code_unverified|end_coordinates_missing_or_invalid|no_valid_location_points|timezone_not_normalized_to_utc
5638748,2074736,1998,1998-02-03T08:00:00,1998-02-05T08:00:00,EST,48.0,12,12081,C,081,MANATEE,0,0,0,0,5000,75000,,0,,0,1,begin_coordinates_missing_or_invalid|county_code_unverified|end_coordinates_missing_or_invalid|no_valid_location_points|timezone_not_normalized_to_utc
5638913,2074878,1998,1998-04-01T00:00:00,1998-04-01T20:45:00,CST,20.75,55,,Z,039,BROWN,0,0,0,0,,,,0,,0,1,begin_coordinates_missing_or_invalid|damage_crops_missing|damage_property_missing|end_coordinates_missing_or_invalid|no_valid_location_points|requires_crosswalk_or_marine_review|timezone_not_normalized_to_utc
5638914,2074878,1998,1998-04-01T11:00:00,1998-04-01T12:00:00,CST,1.0,55,,Z,013,MARINETTE,0,0,0,0,,,,0,,0,1,begin_coordinates_missing_or_invalid|damage_crops_missing|damage_property_missing|end_coordinates_missing_or_invalid|no_valid_location_points|requires_crosswalk_or_marine_review|timezone_not_normalized_to_utc
5638955,2074878,1998,1998-04-02T09:00:00,1998-04-10T09:00:00,CST,192.0,55,,Z,038,OUTAGAMIE,0,0,0,0,,,,0,,0,1,begin_coordinates_missing_or_invalid|damage_crops_missing|damage_property_missing|end_coordinates_missing_or_invalid|no_valid_location_points|requires_crosswalk_or_marine_review|timezone_not_normalized_to_utc
5638956,2074878,1998,1998-04-04T11:30:00,1998-04-08T16:00:00,CST,100.5,55,,Z,037,WAUPACA,0,0,0,0,,,,0,,0,1,begin_coordinates_missing_or_invalid|damage_crops_missing|damage_property_missing|end_coordinates_missing_or_invalid|no_valid_location_points|requires_crosswalk_or_marine_review|timezone_not_normalized_to_utc
5638963,2074952,1998,1998-02-03T04:35:00,1998-02-03T07:00:00,PST,2.4166666666666665,06,06019,C,019,FRESNO,0,0,0,0,,,,0,,0,1,begin_coordinates_missing_or_invalid|county_code_unverified|damage_crops_missing|damage_property_missing|end_coordinates_missing_or_invalid|no_valid_location_points|timezone_not_normalized_to_utc
5638964,2074952,1998,1998-02-03T11:59:00,1998-02-03T20:00:00,PST,8.016666666666667,06,,Z,020,CENTRAL SAN JOAQUIN VALLEY,0,0,0,0,,,,0,,0,1,begin_coordinates_missing_or_invalid|damage_crops_missing|damage_property_missing|end_coordinates_missing_or_invalid|no_valid_location_points|requires_crosswalk_or_marine_review|timezone_not_normalized_to_utc
5638965,2074952,1998,1998-02-03T13:00:00,1998-02-03T22:00:00,PST,9.0,06,06019,C,019,FRESNO,0,0,0,0,,,,0,,0,1,begin_coordinates_missing_or_invalid|county_code_unverified|damage_crops_missing|damage_property_missing|end_coordinates_missing_or_invalid|no_valid_location_points|timezone_not_normalized_to_utc
5638966,2074952,1998,1998-02-03T08:00:00,1998-02-03T10:00:00,PST,2.0,06,06107,C,107,TULARE,0,0,0,0,,,,0,,0,1,begin_coordinates_missing_or_invalid|county_code_unverified|damage_crops_missing|damage_property_missing|end_coordinates_missing_or_invalid|no_valid_location_points|timezone_not_normalized_to_utc
5638967,2074952,1998,1998-02-03T12:40:00,1998-02-04T06:00:00,PST,17.333333333333332,06,06039,C,039,MADERA,0,0,0,0,,,,0,,0,1,begin_coordinates_missing_or_invalid|county_code_unverified|damage_crops_missing|damage_property_missing|end_coordinates_missing_or_invalid|no_valid_location_points|timezone_not_normalized_to_utc
5639029,2074619,1998,1998-04-16T09:00:00,1998-04-17T05:00:00,EST,20.0,18,,Z,079,JEFFERSON,0,0,0,0,,,,0,,0,1,begin_coordinates_missing_or_invalid|damage_crops_missing|damage_property_missing|end_coordinates_missing_or_invalid|no_valid_location_points|requires_crosswalk_or_marine_review|timezone_not_normalized_to_utc
5639030,1057776,1998,1998-04-17T12:00:00,1998-04-19T18:00:00,EST,54.0,21,,Z,045,NELSON,0,0,0,0,,,,0,,0,1,begin_coordinates_missing_or_invalid|damage_crops_missing|damage_property_missing|end_coordinates_missing_or_invalid|no_valid_location_points|requires_crosswalk_or_marine_review|timezone_not_normalized_to_utc
5639031,1057776,1998,1998-04-17T18:00:00,1998-04-17T23:00:00,EST,5.0,21,,Z,026,OHIO,0,0,0,0,,,,0,,0,1,begin_coordinates_missing_or_invalid|damage_crops_missing|damage_property_missing|end_coordinates_missing_or_invalid|no_valid_location_points|requires_crosswalk_or_marine_review|timezone_not_normalized_to_utc
5639032,1057776,1998,1998-04-17T18:00:00,1998-04-18T04:00:00,EST,10.0,21,,Z,063,HART,0,0,0,0,,,,0,,0,1,begin_coordinates_missing_or_invalid|damage_crops_missing|damage_property_missing|end_coordinates_missing_or_invalid|no_valid_location_points|requires_crosswalk_or_marine_review|timezone_not_normalized_to_utc
5639033,1057776,1998,1998-04-17T06:00:00,1998-04-19T23:00:00,EST,65.0,21,,Z,062,EDMONSON,0,0,0,0,,,,0,,0,1,begin_coordinates_missing_or_invalid|damage_crops_missing|damage_property_missing|end_coordinates_missing_or_invalid|no_valid_location_points|requires_crosswalk_or_marine_review|timezone_not_normalized_to_utc
5639034,1057776,1998,1998-04-18T04:00:00,1998-04-23T06:00:00,EST,122.0,21,,Z,061,BUTLER,0,0,0,0,,,,0,,0,1,begin_coordinates_missing_or_invalid|damage_crops_missing|damage_property_missing|end_coordinates_missing_or_invalid|no_valid_location_points|requires_crosswalk_or_marine_review|timezone_not_normalized_to_utc
5639035,1057776,1998,1998-04-24T11:00:00,1998-04-26T08:00:00,EST,45.0,21,,Z,023,HANCOCK,0,0,0,0,,,,0,,0,1,begin_coordinates_missing_or_invalid|damage_crops_missing|damage_property_missing|end_coordinates_missing_or_invalid|no_valid_location_points|requires_crosswalk_or_marine_review|timezone_not_normalized_to_utc
5639036,2074620,1998,1998-04-24T11:00:00,1998-04-26T04:00:00,EST,41.0,18,,Z,089,PERRY,0,0,0,0,,,,0,,0,1,begin_coordinates_missing_or_invalid|damage_crops_missing|damage_property_missing|end_coordinates_missing_or_invalid|no_valid_location_points|requires_crosswalk_or_marine_review|timezone_not_normalized_to_utc
5639089,2074965,1998,1998-02-03T15:30:00,1998-02-04T06:00:00,PST,14.5,06,,Z,024,C & SW KERN,0,0,0,0,,,,0,,0,1,begin_coordinates_missing_or_invalid|damage_crops_missing|damage_property_missing|end_coordinates_missing_or_invalid|no_valid_location_points|requires_crosswalk_or_marine_review|timezone_not_normalized_to_utc
5639092,2074968,1998,1998-02-07T21:30:00,1998-02-08T23:00:00,PST,25.5,06,,Z,021,KINGS/W TULARE/NW KERN,0,0,0,0,,,,0,,0,1,begin_coordinates_missing_or_invalid|damage_crops_missing|damage_property_missing|end_coordinates_missing_or_invalid|no_valid_location_points|requires_crosswalk_or_marine_review|timezone_not_normalized_to_utc
5639093,2074968,1998,1998-02-07T20:00:00,1998-02-08T23:00:00,PST,27.0,06,,Z,020,MERCED/SW MADERA/W FRESNO,0,0,0,0,2500000.0,1000000,,0,,0,1,begin_coordinates_missing_or_invalid|end_coordinates_missing_or_invalid|no_valid_location_points|requires_crosswalk_or_marine_review|timezone_not_normalized_to_utc
5639094,2074969,1998,1998-02-14T14:00:00,1998-02-15T18:00:00,PST,28.0,06,,Z,021,SOUTHERN SAN JOAQUIN VALLEY,0,0,0,0,,,,0,,0,1,begin_coordinates_missing_or_invalid|damage_crops_missing|damage_property_missing|end_coordinates_missing_or_invalid|no_valid_location_points|requires_crosswalk_or_marine_review|timezone_not_normalized_to_utc
5639179,1058109,1998,1998-04-01T00:00:00,1998-04-06T23:59:00,CST,143.98333333333332,29,,Z,046,COOPER,0,0,0,0,,,,0,,0,1,begin_coordinates_missing_or_invalid|damage_crops_missing|damage_property_missing|end_coordinates_missing_or_invalid|no_valid_location_points|requires_crosswalk_or_marine_review|timezone_not_normalized_to_utc
5639180,1058109,1998,1998-04-01T00:00:00,1998-04-01T23:59:00,CST,23.983333333333334,29,,Z,044,JOHNSON,0,0,0,0,,,,0,,0,1,begin_coordinates_missing_or_invalid|damage_crops_missing|damage_property_missing|end_coordinates_missing_or_invalid|no_valid_location_points|requires_crosswalk_or_marine_review|timezone_not_normalized_to_utc
5639181,1058109,1998,1998-04-01T00:00:00,1998-04-06T23:59:00,CST,143.98333333333332,29,,Z,039,SALINE,0,0,0,0,,,,0,,0,1,begin_coordinates_missing_or_invalid|damage_crops_missing|damage_property_missing|end_coordinates_missing_or_invalid|no_valid_location_points|requires_crosswalk_or_marine_review|timezone_not_normalized_to_utc
5639182,1058109,1998,1998-04-01T00:00:00,1998-04-06T23:59:00,CST,143.98333333333332,29,,Z,021,CLINTON,0,0,0,0,,,,0,,0,1,begin_coordinates_missing_or_invalid|damage_crops_missing|damage_property_missing|end_coordinates_missing_or_invalid|no_valid_location_points|requires_crosswalk_or_marine_review|timezone_not_normalized_to_utc
5639183,1058109,1998,1998-04-01T00:00:00,1998-04-01T23:59:00,CST,23.983333333333334,29,,Z,031,CARROLL,0,0,0,0,,,,0,,0,1,begin_coordinates_missing_or_invalid|damage_crops_missing|damage_property_missing|end_coordinates_missing_or_invalid|no_valid_location_points|requires_crosswalk_or_marine_review|timezone_not_normalized_to_utc
5639184,1058109,1998,1998-04-01T00:00:00,1998-04-02T23:59:00,CST,47.983333333333334,29,,Z,020,BUCHANAN,0,0,0,0,,,,0,,0,1,begin_coordinates_missing_or_invalid|damage_crops_missing|damage_property_missing|end_coordinates_missing_or_invalid|no_valid_location_points|requires_crosswalk_or_marine_review|timezone_not_normalized_to_utc
5639185,1058109,1998,1998-04-01T00:00:00,1998-04-04T23:59:00,CST,95.98333333333333,29,,Z,028,PLATTE,0,0,0,0,,,,0,,0,1,begin_coordinates_missing_or_invalid|damage_crops_missing|damage_property_missing|end_coordinates_missing_or_invalid|no_valid_location_points|requires_crosswalk_or_marine_review|timezone_not_normalized_to_utc
5639186,1058109,1998,1998-04-01T00:00:00,1998-04-02T23:59:00,CST,47.983333333333334,29,,Z,023,LIVINGSTON,0,0,0,0,,,,0,,0,1,begin_coordinates_missing_or_invalid|damage_crops_missing|damage_property_missing|end_coordinates_missing_or_invalid|no_valid_location_points|requires_crosswalk_or_marine_review|timezone_not_normalized_to_utc
5639187,1058109,1998,1998-04-01T00:00:00,1998-04-06T23:59:00,CST,143.98333333333332,29,,Z,032,CHARITON,0,0,0,0,,,,0,,0,1,begin_coordinates_missing_or_invalid|damage_crops_missing|damage_property_missing|end_coordinates_missing_or_invalid|no_valid_location_points|requires_crosswalk_or_marine_review|timezone_not_normalized_to_utc
5639188,1058109,1998,1998-04-01T00:00:00,1998-04-01T23:59:00,CST,23.983333333333334,29,,Z,037,JACKSON,0,0,0,0,,,,0,,0,1,begin_coordinates_missing_or_invalid|damage_crops_missing|damage_property_missing|end_coordinates_missing_or_invalid|no_valid_location_points|requires_crosswalk_or_marine_review|timezone_not_normalized_to_utc
5639189,1058109,1998,1998-04-01T00:00:00,1998-04-06T23:59:00,CST,143.98333333333332,29,,Z,038,LAFAYETTE,0,0,0,0,,,,0,,0,1,begin_coordinates_missing_or_invalid|damage_crops_missing|damage_property_missing|end_coordinates_missing_or_invalid|no_valid_location_points|requires_crosswalk_or_marine_review|timezone_not_normalized_to_utc
5639190,1058109,1998,1998-04-01T00:00:00,1998-04-06T23:59:00,CST,143.98333333333332,29,,Z,040,HOWARD,0,0,0,0,,,,0,,0,1,begin_coordinates_missing_or_invalid|damage_crops_missing|damage_property_missing|end_coordinates_missing_or_invalid|no_valid_location_points|requires_crosswalk_or_marine_review|timezone_not_normalized_to_utc
5639191,2074921,1998,1998-04-15T00:00:00,1998-04-18T23:59:00,CST,95.98333333333333,29,,Z,021,CLINTON,0,0,0,0,,,,0,,0,1,begin_coordinates_missing_or_invalid|damage_crops_missing|damage_property_missing|end_coordinates_missing_or_invalid|no_valid_location_points|requires_crosswalk_or_marine_review|timezone_not_normalized_to_utc
5639192,2074921,1998,1998-04-08T00:00:00,1998-04-09T23:59:00,CST,47.983333333333334,29,,Z,020,BUCHANAN,0,0,0,0,,,,0,,0,1,begin_coordinates_missing_or_invalid|damage_crops_missing|damage_property_missing|end_coordinates_missing_or_invalid|no_valid_location_points|requires_crosswalk_or_marine_review|timezone_not_normalized_to_utc
5639193,2074921,1998,1998-04-09T00:00:00,1998-04-10T23:59:00,CST,47.983333333333334,29,,Z,028,PLATTE,0,0,0,0,,,,0,,0,1,begin_coordinates_missing_or_invalid|damage_crops_missing|damage_property_missing|end_coordinates_missing_or_invalid|no_valid_location_points|requires_crosswalk_or_marine_review|timezone_not_normalized_to_utc
5639194,2074921,1998,1998-04-09T00:00:00,1998-04-10T23:59:00,CST,47.983333333333334,29,,Z,023,LIVINGSTON,0,0,0,0,,,,0,,0,1,begin_coordinates_missing_or_invalid|damage_crops_missing|damage_property_missing|end_coordinates_missing_or_invalid|no_valid_location_points|requires_crosswalk_or_marine_review|timezone_not_normalized_to_utc
5639195,2074921,1998,1998-04-08T00:00:00,1998-04-15T23:59:00,CST,191.98333333333332,29,,Z,032,CHARITON,0,0,0,0,,,,0,,0,1,begin_coordinates_missing_or_invalid|damage_crops_missing|damage_property_missing|end_coordinates_missing_or_invalid|no_valid_location_points|requires_crosswalk_or_marine_review|timezone_not_normalized_to_utc
5639196,2074921,1998,1998-04-09T00:00:00,1998-04-11T23:59:00,CST,71.98333333333333,29,,Z,037,JACKSON,0,0,0,0,,,,0,,0,1,begin_coordinates_missing_or_invalid|damage_crops_missing|damage_property_missing|end_coordinates_missing_or_invalid|no_valid_location_points|requires_crosswalk_or_marine_review|timezone_not_normalized_to_utc
5639197,2074921,1998,1998-04-09T00:00:00,1998-04-12T23:59:00,CST,95.98333333333333,29,,Z,038,LAFAYETTE,0,0,0,0,,,,0,,0,1,begin_coordinates_missing_or_invalid|damage_crops_missing|damage_property_missing|end_coordinates_missing_or_invalid|no_valid_location_points|requires_crosswalk_or_marine_review|timezone_not_normalized_to_utc
5639198,2074921,1998,1998-04-09T00:00:00,1998-04-13T23:59:00,CST,119.98333333333333,29,,Z,039,SALINE,0,0,0,0,,,,0,,0,1,begin_coordinates_missing_or_invalid|damage_crops_missing|damage_property_missing|end_coordinates_missing_or_invalid|no_valid_location_points|requires_crosswalk_or_marine_review|timezone_not_normalized_to_utc
5639199,2074921,1998,1998-04-10T00:00:00,1998-04-11T23:59:00,CST,47.983333333333334,29,,Z,040,HOWARD,0,0,0,0,,,,0,,0,1,begin_coordinates_missing_or_invalid|damage_crops_missing|damage_property_missing|end_coordinates_missing_or_invalid|no_valid_location_points|requires_crosswalk_or_marine_review|timezone_not_normalized_to_utc
5639200,2074921,1998,1998-04-10T00:00:00,1998-04-16T23:59:00,CST,167.98333333333332,29,,Z,046,COOPER,0,0,0,0,,,,0,,0,1,begin_coordinates_missing_or_invalid|damage_crops_missing|damage_property_missing|end_coordinates_missing_or_invalid|no_valid_location_points|requires_crosswalk_or_marine_review|timezone_not_normalized_to_utc
5639201,2074922,1998,1998-04-28T00:00:00,1998-04-29T23:59:00,CST,47.983333333333334,29,,Z,046,COOPER,0,0,0,0,,,,0,,0,1,begin_coordinates_missing_or_invalid|damage_crops_missing|damage_property_missing|end_coordinates_missing_or_invalid|no_valid_location_points|requires_crosswalk_or_marine_review|timezone_not_normalized_to_utc
5639202,2074922,1998,1998-04-28T00:00:00,1998-04-29T23:59:00,CST,47.983333333333334,29,,Z,044,JOHNSON,0,0,0,0,,,,0,,0,1,begin_coordinates_missing_or_invalid|damage_crops_missing|damage_property_missing|end_coordinates_missing_or_invalid|no_valid_location_points|requires_crosswalk_or_marine_review|timezone_not_normalized_to_utc
5639203,2074922,1998,1998-04-28T00:00:00,1998-04-30T23:59:00,CST,71.98333333333333,29,,Z,039,SALINE,0,0,0,0,,,,0,,0,1,begin_coordinates_missing_or_invalid|damage_crops_missing|damage_property_missing|end_coordinates_missing_or_invalid|no_valid_location_points|requires_crosswalk_or_marine_review|timezone_not_normalized_to_utc
5639204,2074922,1998,1998-04-27T00:00:00,1998-04-30T23:59:00,CST,95.98333333333333,29,,Z,021,CLINTON,0,0,0,0,,,,0,,0,1,begin_coordinates_missing_or_invalid|damage_crops_missing|damage_property_missing|end_coordinates_missing_or_invalid|no_valid_location_points|requires_crosswalk_or_marine_review|timezone_not_normalized_to_utc
5639205,2074922,1998,1998-04-28T00:00:00,1998-04-29T23:59:00,CST,47.983333333333334,29,,Z,031,CARROLL,0,0,0,0,,,,0,,0,1,begin_coordinates_missing_or_invalid|damage_crops_missing|damage_property_missing|end_coordinates_missing_or_invalid|no_valid_location_points|requires_crosswalk_or_marine_review|timezone_not_normalized_to_utc
5639206,2074922,1998,1998-04-28T00:00:00,1998-04-30T23:59:00,CST,71.98333333333333,29,,Z,023,LIVINGSTON,0,0,0,0,,,,0,,0,1,begin_coordinates_missing_or_invalid|damage_crops_missing|damage_property_missing|end_coordinates_missing_or_invalid|no_valid_location_points|requires_crosswalk_or_marine_review|timezone_not_normalized_to_utc
5639207,2074922,1998,1998-04-28T00:00:00,1998-04-30T23:59:00,CST,71.98333333333333,29,,Z,032,CHARITON,0,0,0,0,,,,0,,0,1,begin_coordinates_missing_or_invalid|damage_crops_missing|damage_property_missing|end_coordinates_missing_or_invalid|no_valid_location_points|requires_crosswalk_or_marine_review|timezone_not_normalized_to_utc
5639464,2074977,1998,1998-02-22T23:00:00,1998-02-25T08:00:00,PST,57.0,06,06029,C,029,KERN,0,0,0,0,,,,0,,0,1,begin_coordinates_missing_or_invalid|county_code_unverified|damage_crops_missing|damage_property_missing|end_coordinates_missing_or_invalid|no_valid_location_points|timezone_not_normalized_to_utc
5639465,2074977,1998,1998-02-23T20:00:00,1998-02-23T20:00:00,PST,0.0,06,06029,C,029,KERN,0,0,0,0,,,,0,,0,1,begin_coordinates_missing_or_invalid|county_code_unverified|damage_crops_missing|damage_property_missing|end_coordinates_missing_or_invalid|no_valid_location_points|timezone_not_normalized_to_utc
5639466,2074978,1998,1998-02-23T20:00:00,1998-02-25T08:00:00,PST,36.0,06,,Z,021,SOUTHERN SAN JOAQUIN VALLEY,0,0,0,0,18000000,,,0,,0,1,begin_coordinates_missing_or_invalid|damage_crops_missing|end_coordinates_missing_or_invalid|no_valid_location_points|requires_crosswalk_or_marine_review|timezone_not_normalized_to_utc
5639467,2074979,1998,1998-02-23T17:30:00,1998-02-25T08:00:00,PST,38.5,06,,Z,024,KERN COUNTY MOUNTAINS,0,0,0,0,,,,0,,0,1,begin_coordinates_missing_or_invalid|damage_crops_missing|damage_property_missing|end_coordinates_missing_or_invalid|no_valid_location_points|requires_crosswalk_or_marine_review|timezone_not_normalized_to_utc
5639468,2074980,1998,1998-02-24T02:00:00,1998-02-24T02:00:00,PST,0.0,06,,Z,025,E & SC KERN,0,0,0,0,50000,,,0,,0,1,begin_coordinates_missing_or_invalid|damage_crops_missing|end_coordinates_missing_or_invalid|no_valid_location_points|requires_crosswalk_or_marine_review|timezone_not_normalized_to_utc
5639474,2074982,1998,1998-02-02T12:00:00,1998-02-04T12:00:00,PST,48.0,06,06029,C,029,KERN,0,0,0,0,,,,0,,0,1,begin_coordinates_missing_or_invalid|county_code_unverified|damage_crops_missing|damage_property_missing|end_coordinates_missing_or_invalid|no_valid_location_points|timezone_not_normalized_to_utc
5639595,2074433,1998,1998-03-30T06:00:00,1998-03-31T12:00:00,CST,30.0,55,55025,C,025,DANE,0,0,0,0,,,,0,,0,1,begin_coordinates_missing_or_invalid|county_code_unverified|damage_crops_missing|damage_property_missing|end_coordinates_missing_or_invalid|no_valid_location_points|timezone_not_normalized_to_utc
5639596,2074433,1998,1998-03-30T06:00:00,1998-03-31T12:00:00,CST,30.0,55,55049,C,049,IOWA,0,0,0,0,10000,,,0,,0,1,begin_coordinates_missing_or_invalid|county_code_unverified|damage_crops_missing|end_coordinates_missing_or_invalid|no_valid_location_points|timezone_not_normalized_to_utc
5639597,2074433,1998,1998-03-30T06:00:00,1998-03-31T12:00:00,CST,30.0,55,55065,C,065,LAFAYETTE,0,0,0,0,,,,0,,0,1,begin_coordinates_missing_or_invalid|county_code_unverified|damage_crops_missing|damage_property_missing|end_coordinates_missing_or_invalid|no_valid_location_points|timezone_not_normalized_to_utc
5639598,2074433,1998,1998-03-30T06:00:00,1998-03-31T12:00:00,CST,30.0,55,55111,C,111,SAUK,0,0,0,0,,,,0,,0,1,begin_coordinates_missing_or_invalid|county_code_unverified|damage_crops_missing|damage_property_missing|end_coordinates_missing_or_invalid|no_valid_location_points|timezone_not_normalized_to_utc
5639599,2074433,1998,1998-03-30T06:00:00,1998-03-31T12:00:00,CST,30.0,55,55117,C,117,SHEBOYGAN,0,0,0,0,,,,0,,0,1,begin_coordinates_missing_or_invalid|county_code_unverified|damage_crops_missing|damage_property_missing|end_coordinates_missing_or_invalid|no_valid_location_points|timezone_not_normalized_to_utc
5639600,2074433,1998,1998-03-30T06:00:00,1998-03-31T12:00:00,CST,30.0,55,55045,C,045,GREEN,0,0,0,0,,,,0,,0,1,begin_coordinates_missing_or_invalid|county_code_unverified|damage_crops_missing|damage_property_missing|end_coordinates_missing_or_invalid|no_valid_location_points|timezone_not_normalized_to_utc
5639664,2074718,1998,1998-04-09T11:00:00,1998-04-10T06:00:00,EST,19.0,26,,Z,083,MONROE,0,0,0,0,500000,,,0,,0,1,begin_coordinates_missing_or_invalid|damage_crops_missing|end_coordinates_missing_or_invalid|no_valid_location_points|requires_crosswalk_or_marine_review|timezone_not_normalized_to_utc
5639665,2074718,1998,1998-04-09T11:00:00,1998-04-09T23:00:00,EST,12.0,26,,Z,076,WAYNE,0,0,0,0,15000,,,0,,0,1,begin_coordinates_missing_or_invalid|damage_crops_missing|end_coordinates_missing_or_invalid|no_valid_location_points|requires_crosswalk_or_marine_review|timezone_not_normalized_to_utc
5639666,2074719,1998,1998-04-09T09:00:00,1998-04-09T23:00:00,EST,14.0,26,,Z,048,BAY,0,0,0,0,,,,0,,0,1,begin_coordinates_missing_or_invalid|damage_crops_missing|damage_property_missing|end_coordinates_missing_or_invalid|no_valid_location_points|requires_crosswalk_or_marine_review|timezone_not_normalized_to_utc
5639668,2074719,1998,1998-04-09T11:00:00,1998-04-09T23:00:00,EST,12.0,26,,Z,070,MACOMB,0,0,0,0,,,,0,,0,1,begin_coordinates_missing_or_invalid|damage_crops_missing|damage_property_missing|end_coordinates_missing_or_invalid|no_valid_location_points|requires_crosswalk_or_marine_review|timezone_not_normalized_to_utc
5639769,2074740,1998,1998-02-15T08:00:00,1998-02-21T08:00:00,EST,144.0,12,12081,C,081,MANATEE,0,0,0,0,25000,250000,,0,,0,1,begin_coordinates_missing_or_invalid|county_code_unverified|end_coordinates_missing_or_invalid|no_valid_location_points|timezone_not_normalized_to_utc
5639775,2074746,1998,1998-02-16T08:00:00,1998-02-25T13:00:00,EST,221.0,12,12057,C,057,HILLSBOROUGH,0,0,0,0,300000,0,,0,,0,1,begin_coordinates_missing_or_invalid|county_code_unverified|end_coordinates_missing_or_invalid|no_valid_location_points|timezone_not_normalized_to_utc
5639776,2074747,1998,1998-02-16T08:00:00,1998-02-16T08:00:00,EST,0.0,12,12017,C,017,CITRUS,0,0,0,0,10000,0,,0,,0,1,begin_coordinates_missing_or_invalid|county_code_unverified|end_coordinates_missing_or_invalid|no_valid_location_points|timezone_not_normalized_to_utc
5639777,2074748,1998,1998-02-16T08:00:00,1998-02-25T08:00:00,EST,216.0,12,12057,C,057,HILLSBOROUGH,0,0,0,0,400000,0,,0,,0,1,begin_coordinates_missing_or_invalid|county_code_unverified|end_coordinates_missing_or_invalid|no_valid_location_points|timezone_not_normalized_to_utc
5639778,2074749,1998,1998-02-16T08:00:00,1998-02-26T08:00:00,EST,240.0,12,12049,C,049,HARDEE,0,0,0,0,7000,0,,0,,0,1,begin_coordinates_missing_or_invalid|county_code_unverified|end_coordinates_missing_or_invalid|no_valid_location_points|timezone_not_normalized_to_utc
5639781,2074752,1998,1998-02-16T10:00:00,1998-02-16T18:00:00,EST,8.0,12,12017,C,017,CITRUS,0,0,0,0,10000,0,,0,,0,1,begin_coordinates_missing_or_invalid|county_code_unverified|end_coordinates_missing_or_invalid|no_valid_location_points|timezone_not_normalized_to_utc
5639782,2074752,1998,1998-02-16T10:00:00,1998-02-16T18:00:00,EST,8.0,12,12053,C,053,HERNANDO,0,0,0,0,10000,0,,0,,0,1,begin_coordinates_missing_or_invalid|county_code_unverified|end_coordinates_missing_or_invalid|no_valid_location_points|timezone_not_normalized_to_utc
5639783,2074752,1998,1998-02-16T10:00:00,1998-02-16T18:00:00,EST,8.0,12,12057,C,057,HILLSBOROUGH,0,0,0,0,30000,400000,,0,,0,1,begin_coordinates_missing_or_invalid|county_code_unverified|end_coordinates_missing_or_invalid|no_valid_location_points|timezone_not_normalized_to_utc
5639784,2074752,1998,1998-02-16T10:00:00,1998-02-16T18:00:00,EST,8.0,12,12101,C,101,PASCO,0,0,0,0,40000,100000,,0,,0,1,begin_coordinates_missing_or_invalid|county_code_unverified|end_coordinates_missing_or_invalid|no_valid_location_points|timezone_not_normalized_to_utc
5639785,2074752,1998,1998-02-16T10:00:00,1998-02-16T18:00:00,EST,8.0,12,12103,C,103,PINELLAS,0,0,0,0,10000,0,,0,,0,1,begin_coordinates_missing_or_invalid|county_code_unverified|end_coordinates_missing_or_invalid|no_valid_location_points|timezone_not_normalized_to_utc
5639786,2074752,1998,1998-02-16T10:00:00,1998-02-16T18:00:00,EST,8.0,12,12105,C,105,POLK,0,0,0,0,10000,200000,,0,,0,1,begin_coordinates_missing_or_invalid|county_code_unverified|end_coordinates_missing_or_invalid|no_valid_location_points|timezone_not_normalized_to_utc
5639827,2074458,1998,1998-03-08T02:00:00,1998-03-08T06:00:00,CST,4.0,12,,Z,006,COASTAL OKALOOSA,0,0,0,0,50000,,,0,,0,1,begin_coordinates_missing_or_invalid|damage_crops_missing|end_coordinates_missing_or_invalid|no_valid_location_points|requires_crosswalk_or_marine_review|timezone_not_normalized_to_utc
5639828,2074458,1998,1998-03-08T02:00:00,1998-03-08T06:00:00,CST,4.0,12,,Z,004,COASTAL SANTA ROSA,0,0,0,0,5000,,,0,,0,1,begin_coordinates_missing_or_invalid|damage_crops_missing|end_coordinates_missing_or_invalid|no_valid_location_points|requires_crosswalk_or_marine_review|timezone_not_normalized_to_utc
5639829,2074458,1998,1998-03-08T02:00:00,1998-03-08T06:00:00,CST,4.0,12,,Z,002,COASTAL ESCAMBIA,0,0,0,0,25000,,,0,,0,1,begin_coordinates_missing_or_invalid|damage_crops_missing|end_coordinates_missing_or_invalid|no_valid_location_points|requires_crosswalk_or_marine_review|timezone_not_normalized_to_utc
5639830,2074459,1998,1998-03-08T02:00:00,1998-03-08T06:00:00,CST,4.0,01,,Z,064,LOWER BALDWIN,0,0,0,0,15000,,,0,,0,1,begin_coordinates_missing_or_invalid|damage_crops_missing|end_coordinates_missing_or_invalid|no_valid_location_points|requires_crosswalk_or_marine_review|timezone_not_normalized_to_utc
5639831,2074459,1998,1998-03-08T02:00:00,1998-03-08T06:00:00,CST,4.0,01,,Z,063,LOWER MOBILE,0,0,0,0,25000,,,0,,0,1,begin_coordinates_missing_or_invalid|damage_crops_missing|end_coordinates_missing_or_invalid|no_valid_location_points|requires_crosswalk_or_marine_review|timezone_not_normalized_to_utc
5639832,2074460,1998,1998-03-17T10:00:00,1998-03-17T17:00:00,CST,7.0,01,,Z,063,LOWER MOBILE,0,0,0,0,25000,,,0,,0,1,begin_coordinates_missing_or_invalid|damage_crops_missing|end_coordinates_missing_or_invalid|no_valid_location_points|requires_crosswalk_or_marine_review|timezone_not_normalized_to_utc
5639833,2074460,1998,1998-03-17T10:00:00,1998-03-17T17:00:00,CST,7.0,01,,Z,064,LOWER BALDWIN,0,0,0,0,5000,,,0,,0,1,begin_coordinates_missing_or_invalid|damage_crops_missing|end_coordinates_missing_or_invalid|no_valid_location_points|requires_crosswalk_or_marine_review|timezone_not_normalized_to_utc
5639834,2074461,1998,1998-03-17T10:00:00,1998-03-17T17:00:00,CST,7.0,12,,Z,002,COASTAL ESCAMBIA,0,0,0,0,15000,,,0,,0,1,begin_coordinates_missing_or_invalid|damage_crops_missing|end_coordinates_missing_or_invalid|no_valid_location_points|requires_crosswalk_or_marine_review|timezone_not_normalized_to_utc
5639967,2074766,1998,1998-02-17T05:00:00,1998-02-17T12:00:00,EST,7.0,12,12115,C,115,SARASOTA,0,0,0,0,40000,0,,0,,0,1,begin_coordinates_missing_or_invalid|county_code_unverified|end_coordinates_missing_or_invalid|no_valid_location_points|timezone_not_normalized_to_utc
5639968,2074766,1998,1998-02-17T05:00:00,1998-02-17T12:00:00,EST,7.0,12,12027,C,027,DE SOTO,0,0,0,0,10000,0,,0,,0,1,begin_coordinates_missing_or_invalid|county_code_unverified|end_coordinates_missing_or_invalid|no_valid_location_points|timezone_not_normalized_to_utc
5639969,2074766,1998,1998-02-17T05:00:00,1998-02-17T12:00:00,EST,7.0,12,12055,C,055,HIGHLANDS,0,0,0,0,10000,0,,0,,0,1,begin_coordinates_missing_or_invalid|county_code_unverified|end_coordinates_missing_or_invalid|no_valid_location_points|timezone_not_normalized_to_utc
5639970,2074766,1998,1998-02-17T05:00:00,1998-02-17T12:00:00,EST,7.0,12,12071,C,071,LEE,0,0,0,0,20000,0,,0,,0,1,begin_coordinates_missing_or_invalid|county_code_unverified|end_coordinates_missing_or_invalid|no_valid_location_points|timezone_not_normalized_to_utc
5639971,2074766,1998,1998-02-17T05:00:00,1998-02-17T12:00:00,EST,7.0,12,12081,C,081,MANATEE,0,0,0,0,20000,0,,0,,0,1,begin_coordinates_missing_or_invalid|county_code_unverified|end_coordinates_missing_or_invalid|no_valid_location_points|timezone_not_normalized_to_utc
5639979,2074773,1998,1998-02-17T08:00:00,1998-02-28T08:00:00,EST,264.0,12,12027,C,027,DE SOTO,0,0,0,0,500000,0,,0,,0,1,begin_coordinates_missing_or_invalid|county_code_unverified|end_coordinates_missing_or_invalid|no_valid_location_points|timezone_not_normalized_to_utc
5639980,2074774,1998,1998-02-17T08:00:00,1998-02-28T23:59:00,EST,279.98333333333335,12,12115,C,115,SARASOTA,0,0,0,0,200000,0,,0,,0,1,begin_coordinates_missing_or_invalid|county_code_unverified|end_coordinates_missing_or_invalid|no_valid_location_points|timezone_not_normalized_to_utc
5639996,2074920,1998,1998-04-03T00:00:00,1998-04-04T23:59:00,CST,47.983333333333334,20,,Z,103,LEAVENWORTH,0,0,0,0,,,,0,,0,1,begin_coordinates_missing_or_invalid|damage_crops_missing|damage_property_missing|end_coordinates_missing_or_invalid|no_valid_location_points|requires_crosswalk_or_marine_review|timezone_not_normalized_to_utc
5640065,2074775,1998,1998-02-17T08:00:00,1998-02-28T23:59:00,EST,279.98333333333335,12,12105,C,105,POLK,0,0,0,0,5000,0,,0,,0,1,begin_coordinates_missing_or_invalid|county_code_unverified|end_coordinates_missing_or_invalid|no_valid_location_points|timezone_not_normalized_to_utc
5640066,2074776,1998,1998-02-17T08:00:00,1998-02-23T08:00:00,EST,144.0,12,12057,C,057,HILLSBOROUGH,0,0,0,0,10000,0,,0,,0,1,begin_coordinates_missing_or_invalid|county_code_unverified|end_coordinates_missing_or_invalid|no_valid_location_points|timezone_not_normalized_to_utc
5640067,2074777,1998,1998-02-18T08:00:00,1998-02-24T08:00:00,EST,144.0,12,12027,C,027,DE SOTO,0,0,0,0,50000,0,,0,,0,1,begin_coordinates_missing_or_invalid|county_code_unverified|end_coordinates_missing_or_invalid|no_valid_location_points|timezone_not_normalized_to_utc
5640074,2074784,1998,1998-02-19T22:45:00,1998-02-20T11:00:00,EST,12.25,12,12057,C,057,HILLSBOROUGH,0,0,0,0,40000,0,,0,,0,1,begin_coordinates_missing_or_invalid|county_code_unverified|end_coordinates_missing_or_invalid|no_valid_location_points|timezone_not_normalized_to_utc
5640075,2074784,1998,1998-02-19T22:45:00,1998-02-20T11:00:00,EST,12.25,12,12081,C,081,MANATEE,0,0,0,0,20000,0,,0,,0,1,begin_coordinates_missing_or_invalid|county_code_unverified|end_coordinates_missing_or_invalid|no_valid_location_points|timezone_not_normalized_to_utc
5640076,2074784,1998,1998-02-19T22:45:00,1998-02-20T11:00:00,EST,12.25,12,12101,C,101,PASCO,0,0,0,0,30000,0,,0,,0,1,begin_coordinates_missing_or_invalid|county_code_unverified|end_coordinates_missing_or_invalid|no_valid_location_points|timezone_not_normalized_to_utc
5640077,2074784,1998,1998-02-19T22:45:00,1998-02-20T11:00:00,EST,12.25,12,12103,C,103,PINELLAS,0,0,0,0,30000,0,,0,,0,1,begin_coordinates_missing_or_invalid|county_code_unverified|end_coordinates_missing_or_invalid|no_valid_location_points|timezone_not_normalized_to_utc
5640078,2074784,1998,1998-02-19T22:45:00,1998-02-20T11:00:00,EST,12.25,12,12105,C,105,POLK,0,0,0,0,20000,0,,0,,0,1,begin_coordinates_missing_or_invalid|county_code_unverified|end_coordinates_missing_or_invalid|no_valid_location_points|timezone_not_normalized_to_utc
5640093,2076703,1998,1998-05-28T21:30:00,1998-05-28T22:30:00,CST,1.0,55,55101,C,101,RACINE,0,0,0,0,,,,0,,0,1,begin_coordinates_missing_or_invalid|county_code_unverified|damage_crops_missing|damage_property_missing|end_coordinates_missing_or_invalid|no_valid_location_points|timezone_not_normalized_to_utc
5640128,2076798,1998,1998-05-02T20:00:00,1998-05-02T20:00:00,EST,0.0,39,,Z,067,MORGAN,0,0,0,0,5000,,,0,,0,1,begin_coordinates_missing_or_invalid|damage_crops_missing|end_coordinates_missing_or_invalid|no_valid_location_points|requires_crosswalk_or_marine_review|timezone_not_normalized_to_utc
5640158,1059748,1998,1998-04-07T12:00:00,1998-04-12T06:00:00,CST,114.0,19,,Z,034,CALHOUN,0,0,0,0,15000,,,0,,0,1,begin_coordinates_missing_or_invalid|damage_crops_missing|end_coordinates_missing_or_invalid|no_valid_location_points|requires_crosswalk_or_marine_review|timezone_not_normalized_to_utc
5640159,1059748,1998,1998-04-07T12:00:00,1998-04-12T06:00:00,CST,114.0,19,,Z,045,CARROLL,0,0,0,0,15000,,,0,,0,1,begin_coordinates_missing_or_invalid|damage_crops_missing|end_coordinates_missing_or_invalid|no_valid_location_points|requires_crosswalk_or_marine_review|timezone_not_normalized_to_utc
5640160,1059748,1998,1998-04-07T12:00:00,1998-04-12T06:00:00,CST,114.0,19,,Z,059,DALLAS,0,0,0,0,15000,,,0,,0,1,begin_coordinates_missing_or_invalid|damage_crops_missing|end_coordinates_missing_or_invalid|no_valid_location_points|requires_crosswalk_or_marine_review|timezone_not_normalized_to_utc
5640161,1059748,1998,1998-04-07T12:00:00,1998-04-12T06:00:00,CST,114.0,19,,Z,046,GREENE,0,0,0,0,15000,,,0,,0,1,begin_coordinates_missing_or_invalid|damage_crops_missing|end_coordinates_missing_or_invalid|no_valid_location_points|requires_crosswalk_or_marine_review|timezone_not_normalized_to_utc
5640162,1059748,1998,1998-04-07T12:00:00,1998-04-12T06:00:00,CST,114.0,19,,Z,036,HAMILTON,0,0,0,0,15000,,,0,,0,1,begin_coordinates_missing_or_invalid|damage_crops_missing|end_coordinates_missing_or_invalid|no_valid_location_points|requires_crosswalk_or_marine_review|timezone_not_normalized_to_utc
5640163,1059748,1998,1998-04-07T12:00:00,1998-04-12T06:00:00,CST,114.0,19,,Z,084,LUCAS,0,0,0,0,15000,,,0,,0,1,begin_coordinates_missing_or_invalid|damage_crops_missing|end_coordinates_missing_or_invalid|no_valid_location_points|requires_crosswalk_or_marine_review|timezone_not_normalized_to_utc
5640164,1059748,1998,1998-04-07T12:00:00,1998-04-12T06:00:00,CST,114.0,19,,Z,075,MAHASKA,0,0,0,0,15000,,,0,,0,1,begin_coordinates_missing_or_invalid|damage_crops_missing|end_coordinates_missing_or_invalid|no_valid_location_points|requires_crosswalk_or_marine_review|timezone_not_normalized_to_utc
5640165,1059748,1998,1998-04-07T12:00:00,1998-04-12T06:00:00,CST,114.0,19,,Z,074,MARION,0,0,0,0,15000,,,0,,0,1,begin_coordinates_missing_or_invalid|damage_crops_missing|end_coordinates_missing_or_invalid|no_valid_location_points|requires_crosswalk_or_marine_review|timezone_not_normalized_to_utc
5640166,1059748,1998,1998-04-07T12:00:00,1998-04-12T06:00:00,CST,114.0,19,,Z,086,WAPELLO,0,0,0,0,15000,,,0,,0,1,begin_coordinates_missing_or_invalid|damage_crops_missing|end_coordinates_missing_or_invalid|no_valid_location_points|requires_crosswalk_or_marine_review|timezone_not_normalized_to_utc
5640167,1059748,1998,1998-04-07T12:00:00,1998-04-12T06:00:00,CST,114.0,19,,Z,035,WEBSTER,0,0,0,0,15000,,,0,,0,1,begin_coordinates_missing_or_invalid|damage_crops_missing|end_coordinates_missing_or_invalid|no_valid_location_points|requires_crosswalk_or_marine_review|timezone_not_normalized_to_utc
5640168,2076440,1998,1998-04-16T18:00:00,1998-04-19T12:00:00,CST,66.0,19,,Z,034,CALHOUN,0,0,0,0,5000,,,0,,0,1,begin_coordinates_missing_or_invalid|damage_crops_missing|end_coordinates_missing_or_invalid|no_valid_location_points|requires_crosswalk_or_marine_review|timezone_not_normalized_to_utc
5640169,2076440,1998,1998-04-16T18:00:00,1998-04-19T12:00:00,CST,66.0,19,,Z,045,CARROLL,0,0,0,0,5000,,,0,,0,1,begin_coordinates_missing_or_invalid|damage_crops_missing|end_coordinates_missing_or_invalid|no_valid_location_points|requires_crosswalk_or_marine_review|timezone_not_normalized_to_utc
5640170,2076440,1998,1998-04-16T18:00:00,1998-04-19T12:00:00,CST,66.0,19,,Z,059,DALLAS,0,0,0,0,5000,,,0,,0,1,begin_coordinates_missing_or_invalid|damage_crops_missing|end_coordinates_missing_or_invalid|no_valid_location_points|requires_crosswalk_or_marine_review|timezone_not_normalized_to_utc
5640171,2076440,1998,1998-04-16T18:00:00,1998-04-19T12:00:00,CST,66.0,19,,Z,046,GREENE,0,0,0,0,5000,,,0,,0,1,begin_coordinates_missing_or_invalid|damage_crops_missing|end_coordinates_missing_or_invalid|no_valid_location_points|requires_crosswalk_or_marine_review|timezone_not_normalized_to_utc
5640172,2076440,1998,1998-04-16T18:00:00,1998-04-19T12:00:00,CST,66.0,19,,Z,036,HAMILTON,0,0,0,0,5000,,,0,,0,1,begin_coordinates_missing_or_invalid|damage_crops_missing|end_coordinates_missing_or_invalid|no_valid_location_points|requires_crosswalk_or_marine_review|timezone_not_normalized_to_utc
5640173,2076440,1998,1998-04-16T18:00:00,1998-04-19T12:00:00,CST,66.0,19,,Z,035,WEBSTER,0,0,0,0,5000,,,0,,0,1,begin_coordinates_missing_or_invalid|damage_crops_missing|end_coordinates_missing_or_invalid|no_valid_location_points|requires_crosswalk_or_marine_review|timezone_not_normalized_to_utc
5640174,2076441,1998,1998-04-21T06:00:00,1998-04-25T15:00:00,CST,105.0,19,,Z,034,CALHOUN,0,0,0,0,500.0,,,0,,0,1,begin_coordinates_missing_or_invalid|damage_crops_missing|end_coordinates_missing_or_invalid|no_valid_location_points|requires_crosswalk_or_marine_review|timezone_not_normalized_to_utc
5640175,2076441,1998,1998-04-21T06:00:00,1998-04-25T15:00:00,CST,105.0,19,,Z,045,CARROLL,0,0,0,0,500.0,,,0,,0,1,begin_coordinates_missing_or_invalid|damage_crops_missing|end_coordinates_missing_or_invalid|no_valid_location_points|requires_crosswalk_or_marine_review|timezone_not_normalized_to_utc
5640176,2076441,1998,1998-04-21T06:00:00,1998-04-25T15:00:00,CST,105.0,19,,Z,059,DALLAS,0,0,0,0,500.0,,,0,,0,1,begin_coordinates_missing_or_invalid|damage_crops_missing|end_coordinates_missing_or_invalid|no_valid_location_points|requires_crosswalk_or_marine_review|timezone_not_normalized_to_utc
5640177,2076441,1998,1998-04-21T06:00:00,1998-04-25T15:00:00,CST,105.0,19,,Z,046,GREENE,0,0,0,0,500.0,,,0,,0,1,begin_coordinates_missing_or_invalid|damage_crops_missing|end_coordinates_missing_or_invalid|no_valid_location_points|requires_crosswalk_or_marine_review|timezone_not_normalized_to_utc
5640178,2076441,1998,1998-04-21T06:00:00,1998-04-25T15:00:00,CST,105.0,19,,Z,075,MAHASKA,0,0,0,0,500.0,,,0,,0,1,begin_coordinates_missing_or_invalid|damage_crops_missing|end_coordinates_missing_or_invalid|no_valid_location_points|requires_crosswalk_or_marine_review|timezone_not_normalized_to_utc
5640179,2076441,1998,1998-04-21T06:00:00,1998-04-25T15:00:00,CST,105.0,19,,Z,074,MARION,0,0,0,0,500.0,,,0,,0,1,begin_coordinates_missing_or_invalid|damage_crops_missing|end_coordinates_missing_or_invalid|no_valid_location_points|requires_crosswalk_or_marine_review|timezone_not_normalized_to_utc
5640180,2076441,1998,1998-04-21T06:00:00,1998-04-25T15:00:00,CST,105.0,19,,Z,086,WAPELLO,0,0,0,0,500.0,,,0,,0,1,begin_coordinates_missing_or_invalid|damage_crops_missing|end_coordinates_missing_or_invalid|no_valid_location_points|requires_crosswalk_or_marine_review|timezone_not_normalized_to_utc
5640409,2076452,1998,1998-05-01T00:00:00,1998-05-01T23:59:00,CST,23.983333333333334,29,,Z,039,SALINE,0,0,0,0,,,,0,,0,1,begin_coordinates_missing_or_invalid|damage_crops_missing|damage_property_missing|end_coordinates_missing_or_invalid|no_valid_location_points|requires_crosswalk_or_marine_review|timezone_not_normalized_to_utc
5640410,2076452,1998,1998-05-01T00:00:00,1998-05-02T23:59:00,CST,47.983333333333334,29,,Z,054,HENRY,0,0,0,0,,,,0,,0,1,begin_coordinates_missing_or_invalid|damage_crops_missing|damage_property_missing|end_coordinates_missing_or_invalid|no_valid_location_points|requires_crosswalk_or_marine_review|timezone_not_normalized_to_utc
5640411,2076452,1998,1998-05-01T00:00:00,1998-05-01T23:59:00,CST,23.983333333333334,29,,Z,032,CHARITON,0,0,0,0,,,,0,,0,1,begin_coordinates_missing_or_invalid|damage_crops_missing|damage_property_missing|end_coordinates_missing_or_invalid|no_valid_location_points|requires_crosswalk_or_marine_review|timezone_not_normalized_to_utc
5640412,2076453,1998,1998-05-07T00:00:00,1998-05-11T23:59:00,CST,119.98333333333333,29,,Z,032,CHARITON,0,0,0,0,,,,0,,0,1,begin_coordinates_missing_or_invalid|damage_crops_missing|damage_property_missing|end_coordinates_missing_or_invalid|no_valid_location_points|requires_crosswalk_or_marine_review|timezone_not_normalized_to_utc
5640413,2076454,1998,1998-05-30T00:00:00,1998-05-31T23:59:00,CST,47.983333333333334,29,,Z,020,BUCHANAN,0,0,0,0,,,,0,,0,1,begin_coordinates_missing_or_invalid|damage_crops_missing|damage_property_missing|end_coordinates_missing_or_invalid|no_valid_location_points|requires_crosswalk_or_marine_review|timezone_not_normalized_to_utc
5640425,2076576,1998,1998-06-21T02:00:00,1998-06-21T04:00:00,EST,2.0,21,21003,C,003,ALLEN,0,0,0,0,,,,0,,0,1,begin_coordinates_missing_or_invalid|county_code_unverified|damage_crops_missing|damage_property_missing|end_coordinates_missing_or_invalid|no_valid_location_points|timezone_not_normalized_to_utc
5640426,2076577,1998,1998-06-21T00:50:00,1998-06-21T03:00:00,EST,2.1666666666666665,21,21223,C,223,TRIMBLE,0,0,0,0,,,,0,,0,1,begin_coordinates_missing_or_invalid|county_code_unverified|damage_crops_missing|damage_property_missing|end_coordinates_missing_or_invalid|no_valid_location_points|timezone_not_normalized_to_utc
5640438,2076690,1998,1998-06-12T15:00:00,1998-06-12T16:00:00,PST,1.0,06,06049,C,049,MODOC,0,0,0,0,,,,0,,0,1,begin_coordinates_missing_or_invalid|county_code_unverified|damage_crops_missing|damage_property_missing|end_coordinates_missing_or_invalid|no_valid_location_points|timezone_not_normalized_to_utc
5640491,2076856,1998,1998-05-28T08:37:00,1998-05-28T08:37:00,CST,0.0,48,48067,C,067,CASS,0,0,0,0,,,,0,,0,1,begin_coordinates_missing_or_invalid|county_code_unverified|damage_crops_missing|damage_property_missing|end_coordinates_missing_or_invalid|no_valid_location_points|timezone_not_normalized_to_utc
5640659,2076462,1998,1998-05-15T00:00:00,1998-05-15T23:59:00,CST,23.983333333333334,38,38077,C,077,RICHLAND,0,0,0,0,50000,,,0,,0,1,begin_coordinates_missing_or_invalid|county_code_unverified|damage_crops_missing|end_coordinates_missing_or_invalid|no_valid_location_points|timezone_not_normalized_to_utc
5640669,2076586,1998,1998-06-10T14:00:00,1998-06-13T22:00:00,EST,80.0,21,,Z,061,BUTLER,0,0,0,0,,,,0,,0,1,begin_coordinates_missing_or_invalid|damage_crops_missing|damage_property_missing|end_coordinates_missing_or_invalid|no_valid_location_points|requires_crosswalk_or_marine_review|timezone_not_normalized_to_utc
5640670,2076587,1998,1998-06-15T06:00:00,1998-06-17T05:00:00,EST,47.0,21,,Z,061,BUTLER,0,0,0,0,,,,0,,0,1,begin_coordinates_missing_or_invalid|damage_crops_missing|damage_property_missing|end_coordinates_missing_or_invalid|no_valid_location_points|requires_crosswalk_or_marine_review|timezone_not_normalized_to_utc
5640671,2076588,1998,1998-06-23T06:00:00,1998-06-23T22:00:00,EST,16.0,21,,Z,042,BOURBON,0,0,0,0,,,,0,,0,1,begin_coordinates_missing_or_invalid|damage_crops_missing|damage_property_missing|end_coordinates_missing_or_invalid|no_valid_location_points|requires_crosswalk_or_marine_review|timezone_not_normalized_to_utc
5640747,2076591,1998,1998-06-29T07:00:00,1998-06-30T19:00:00,EST,36.0,21,,Z,042,BOURBON,0,0,0,0,,,,0,,0,1,begin_coordinates_missing_or_invalid|damage_crops_missing|damage_property_missing|end_coordinates_missing_or_invalid|no_valid_location_points|requires_crosswalk_or_marine_review|timezone_not_normalized_to_utc
5640762,2076598,1998,1998-05-05T07:00:00,1998-05-05T10:00:00,PST,3.0,06,06111,C,111,VENTURA,0,0,0,0,,,,0,,0,1,begin_coordinates_missing_or_invalid|county_code_unverified|damage_crops_missing|damage_property_missing|end_coordinates_missing_or_invalid|no_valid_location_points|timezone_not_normalized_to_utc
5640766,2076601,1998,1998-05-05T14:00:00,1998-05-05T20:00:00,PST,6.0,06,06037,C,037,LOS ANGELES,0,0,0,0,,,,0,,0,1,begin_coordinates_missing_or_invalid|county_code_unverified|damage_crops_missing|damage_property_missing|end_coordinates_missing_or_invalid|no_valid_location_points|timezone_not_normalized_to_utc
5640838,2076467,1998,1998-04-12T10:00:00,1998-04-12T12:00:00,MST,2.0,04,04007,C,007,GILA,0,0,0,0,0,0,,0,,0,1,begin_coordinates_missing_or_invalid|county_code_unverified|end_coordinates_missing_or_invalid|no_valid_location_points|timezone_not_normalized_to_utc
5640913,2076892,1998,1998-04-01T22:00:00,1998-04-02T12:00:00,MST,14.0,04,04019,C,019,PIMA,0,0,0,0,,,,0,,0,1,begin_coordinates_missing_or_invalid|county_code_unverified|damage_crops_missing|damage_property_missing|end_coordinates_missing_or_invalid|no_valid_location_points|timezone_not_normalized_to_utc
5641301,2076498,1998,1998-05-19T20:30:00,1998-05-19T23:30:00,HST,3.0,15,15001,C,001,HAWAII,0,0,0,0,,,,0,,0,1,begin_coordinates_missing_or_invalid|county_code_unverified|damage_crops_missing|damage_property_missing|end_coordinates_missing_or_invalid|no_valid_location_points|timezone_not_normalized_to_utc
5641316,2076675,1998,1998-05-28T07:30:00,1998-05-28T11:45:00,EST,4.25,12,12021,C,021,COLLIER,0,0,0,0,,,,0,,0,1,begin_coordinates_missing_or_invalid|county_code_unverified|damage_crops_missing|damage_property_missing|end_coordinates_missing_or_invalid|no_valid_location_points|timezone_not_normalized_to_utc
5641416,1060033,1998,1998-05-12T21:30:00,1998-05-12T22:59:00,CST,1.4833333333333334,55,55059,C,059,KENOSHA,0,0,0,0,,,,0,,0,1,begin_coordinates_missing_or_invalid|county_code_unverified|damage_crops_missing|damage_property_missing|end_coordinates_missing_or_invalid|no_valid_location_points|timezone_not_normalized_to_utc
5641444,2076391,1998,1998-04-17T00:01:00,1998-04-17T21:15:00,EST,21.233333333333334,39,,Z,009,ERIE,0,0,0,0,,,,0,,0,1,begin_coordinates_missing_or_invalid|damage_crops_missing|damage_property_missing|end_coordinates_missing_or_invalid|no_valid_location_points|requires_crosswalk_or_marine_review|timezone_not_normalized_to_utc
5641445,2076392,1998,1998-04-10T03:00:00,1998-04-11T04:30:00,EST,25.5,39,,Z,036,MARION,0,0,0,0,,,,0,,0,1,begin_coordinates_missing_or_invalid|damage_crops_missing|damage_property_missing|end_coordinates_missing_or_invalid|no_valid_location_points|requires_crosswalk_or_marine_review|timezone_not_normalized_to_utc
5641446,2076393,1998,1998-04-10T07:00:00,1998-04-11T22:15:00,EST,39.25,39,,Z,008,SANDUSKY,0,0,0,0,,,,0,,0,1,begin_coordinates_missing_or_invalid|damage_crops_missing|damage_property_missing|end_coordinates_missing_or_invalid|no_valid_location_points|requires_crosswalk_or_marine_review|timezone_not_normalized_to_utc
5641447,1059691,1998,1998-04-17T13:15:00,1998-04-17T17:45:00,EST,4.5,39,,Z,023,TRUMBULL,0,0,0,0,,,,0,,0,1,begin_coordinates_missing_or_invalid|damage_crops_missing|damage_property_missing|end_coordinates_missing_or_invalid|no_valid_location_points|requires_crosswalk_or_marine_review|timezone_not_normalized_to_utc
5641448,2076394,1998,1998-04-16T10:30:00,1998-04-17T14:00:00,EST,27.5,39,,Z,033,MAHONING,0,0,0,0,,,,0,,0,1,begin_coordinates_missing_or_invalid|damage_crops_missing|damage_property_missing|end_coordinates_missing_or_invalid|no_valid_location_points|requires_crosswalk_or_marine_review|timezone_not_normalized_to_utc
5641449,2076395,1998,1998-04-10T02:00:00,1998-04-13T01:00:00,EST,71.0,39,,Z,003,LUCAS,0,0,0,0,50000,,,0,,0,1,begin_coordinates_missing_or_invalid|damage_crops_missing|end_coordinates_missing_or_invalid|no_valid_location_points|requires_crosswalk_or_marine_review|timezone_not_normalized_to_utc
5641450,2076396,1998,1998-04-17T00:01:00,1998-04-17T18:00:00,EST,17.983333333333334,39,,Z,036,MARION,0,0,0,0,,,,0,,0,1,begin_coordinates_missing_or_invalid|damage_crops_missing|damage_property_missing|end_coordinates_missing_or_invalid|no_valid_location_points|requires_crosswalk_or_marine_review|timezone_not_normalized_to_utc
5641500,2076758,1998,1998-05-04T16:40:00,1998-05-04T18:40:00,PST,2.0,41,,Z,018,GRANT/WHEELER/CROOK T SW/E JEFFERSON/SE WASCO,0,0,0,0,,,,0,,0,1,begin_coordinates_missing_or_invalid|damage_crops_missing|damage_property_missing|end_coordinates_missing_or_invalid|no_valid_location_points|requires_crosswalk_or_marine_review|timezone_not_normalized_to_utc
5641502,2076760,1998,1998-05-25T16:00:00,1998-05-30T14:00:00,PST,118.0,41,,Z,019,NORTHEAST OREGON,0,0,0,0,,,,0,,0,1,begin_coordinates_missing_or_invalid|damage_crops_missing|damage_property_missing|end_coordinates_missing_or_invalid|no_valid_location_points|requires_crosswalk_or_marine_review|timezone_not_normalized_to_utc
5641503,2076761,1998,1998-06-01T00:00:00,1998-06-06T12:00:00,PST,132.0,41,,Z,014,CENTRAL OREGON,0,0,0,0,,,,0,,0,1,begin_coordinates_missing_or_invalid|damage_crops_missing|damage_property_missing|end_coordinates_missing_or_invalid|no_valid_location_points|requires_crosswalk_or_marine_review|timezone_not_normalized_to_utc
5641504,2076762,1998,1998-05-30T01:45:00,1998-05-30T01:45:00,PST,0.0,41,,Z,018,COLUMBIA DESCHUTES PLATEAU,0,0,0,0,,,,0,,0,1,begin_coordinates_missing_or_invalid|damage_crops_missing|damage_property_missing|end_coordinates_missing_or_invalid|no_valid_location_points|requires_crosswalk_or_marine_review|timezone_not_normalized_to_utc
5641505,2076397,1998,1998-04-16T21:00:00,1998-04-17T12:00:00,EST,15.0,39,,Z,011,CUYAHOGA,0,0,0,0,75000,,,0,,0,1,begin_coordinates_missing_or_invalid|damage_crops_missing|end_coordinates_missing_or_invalid|no_valid_location_points|requires_crosswalk_or_marine_review|timezone_not_normalized_to_utc
5641587,2076763,1998,1998-05-29T10:40:00,1998-05-29T10:40:00,PST,0.0,41,,Z,018,COLUMBIA DESCHUTES PLATEAU,0,0,0,0,,,,0,,0,1,begin_coordinates_missing_or_invalid|damage_crops_missing|damage_property_missing|end_coordinates_missing_or_invalid|no_valid_location_points|requires_crosswalk_or_marine_review|timezone_not_normalized_to_utc
5641588,2076764,1998,1998-05-29T08:00:00,1998-05-30T08:00:00,PST,24.0,41,,Z,013,WASCO T SE & X N/W JEFFERSON,0,0,0,0,,,,0,,0,1,begin_coordinates_missing_or_invalid|damage_crops_missing|damage_property_missing|end_coordinates_missing_or_invalid|no_valid_location_points|requires_crosswalk_or_marine_review|timezone_not_normalized_to_utc
5641589,2076765,1998,1998-05-29T08:00:00,1998-05-29T18:00:00,PST,10.0,41,,Z,014,CENTRAL OREGON,0,0,0,0,,,,0,,0,1,begin_coordinates_missing_or_invalid|damage_crops_missing|damage_property_missing|end_coordinates_missing_or_invalid|no_valid_location_points|requires_crosswalk_or_marine_review|timezone_not_normalized_to_utc
5641620,1059741,1998,1998-04-06T18:00:00,1998-04-06T22:40:00,CST,4.666666666666667,19,19025,C,025,CALHOUN,0,0,0,0,50000,,,0,,0,1,begin_coordinates_missing_or_invalid|county_code_unverified|damage_crops_missing|end_coordinates_missing_or_invalid|no_valid_location_points|timezone_not_normalized_to_utc
5641621,1059741,1998,1998-04-06T18:00:00,1998-04-06T22:40:00,CST,4.666666666666667,19,19027,C,027,CARROLL,0,0,0,0,50000,,,0,,0,1,begin_coordinates_missing_or_invalid|county_code_unverified|damage_crops_missing|end_coordinates_missing_or_invalid|no_valid_location_points|timezone_not_normalized_to_utc
5641622,1059741,1998,1998-04-06T18:00:00,1998-04-06T22:40:00,CST,4.666666666666667,19,19047,C,047,CRAWFORD,0,0,0,0,100000,,,0,,0,1,begin_coordinates_missing_or_invalid|county_code_unverified|damage_crops_missing|end_coordinates_missing_or_invalid|no_valid_location_points|timezone_not_normalized_to_utc
5641623,1059741,1998,1998-04-06T18:00:00,1998-04-06T22:40:00,CST,4.666666666666667,19,19073,C,073,GREENE,0,0,0,0,50000,,,0,,0,1,begin_coordinates_missing_or_invalid|county_code_unverified|damage_crops_missing|end_coordinates_missing_or_invalid|no_valid_location_points|timezone_not_normalized_to_utc
5641624,1059741,1998,1998-04-06T18:00:00,1998-04-06T22:40:00,CST,4.666666666666667,19,19079,C,079,HAMILTON,0,0,0,0,50000,,,0,,0,1,begin_coordinates_missing_or_invalid|county_code_unverified|damage_crops_missing|end_coordinates_missing_or_invalid|no_valid_location_points|timezone_not_normalized_to_utc
5641625,1059741,1998,1998-04-06T18:00:00,1998-04-06T22:40:00,CST,4.666666666666667,19,19187,C,187,WEBSTER,0,0,0,0,150000,,,0,,0,1,begin_coordinates_missing_or_invalid|county_code_unverified|damage_crops_missing|end_coordinates_missing_or_invalid|no_valid_location_points|timezone_not_normalized_to_utc
5641721,2076703,1998,1998-05-28T06:30:00,1998-05-28T07:30:00,CST,1.0,55,55055,C,055,JEFFERSON,0,0,0,0,,,,0,,0,1,begin_coordinates_missing_or_invalid|county_code_unverified|damage_crops_missing|damage_property_missing|end_coordinates_missing_or_invalid|no_valid_location_points|timezone_not_normalized_to_utc
5641731,2076787,1998,1998-04-17T17:15:00,1998-04-17T18:30:00,EST,1.25,37,37057,C,057,DAVIDSON,0,0,0,0,,,,0,,0,1,begin_coordinates_missing_or_invalid|county_code_unverified|damage_crops_missing|damage_property_missing|end_coordinates_missing_or_invalid|no_valid_location_points|timezone_not_normalized_to_utc
5641732,2076787,1998,1998-04-17T17:25:00,1998-04-17T18:30:00,EST,1.0833333333333333,37,37081,C,081,GUILFORD,0,0,0,0,,,,0,,0,1,begin_coordinates_missing_or_invalid|county_code_unverified|damage_crops_missing|damage_property_missing|end_coordinates_missing_or_invalid|no_valid_location_points|timezone_not_normalized_to_utc
5641733,2076787,1998,1998-04-17T17:25:00,1998-04-17T18:30:00,EST,1.0833333333333333,37,37151,C,151,RANDOLPH,0,0,0,0,,,,0,,0,1,begin_coordinates_missing_or_invalid|county_code_unverified|damage_crops_missing|damage_property_missing|end_coordinates_missing_or_invalid|no_valid_location_points|timezone_not_normalized_to_utc
5641796,2076078,1998,1998-04-14T23:35:00,1998-04-15T01:00:00,CST,1.4166666666666667,21,21047,C,047,CHRISTIAN,0,0,0,0,,,,0,,0,1,begin_coordinates_missing_or_invalid|county_code_unverified|damage_crops_missing|damage_property_missing|end_coordinates_missing_or_invalid|no_valid_location_points|timezone_not_normalized_to_utc
5641805,2076086,1998,1998-04-30T16:30:00,1998-04-30T17:30:00,CST,1.0,18,18051,C,051,GIBSON,0,0,0,0,,,,0,,0,1,begin_coordinates_missing_or_invalid|county_code_unverified|damage_crops_missing|damage_property_missing|end_coordinates_missing_or_invalid|no_valid_location_points|timezone_not_normalized_to_utc
5641806,2076087,1998,1998-04-30T19:30:00,1998-04-30T20:30:00,CST,1.0,18,18147,C,147,SPENCER,0,0,0,0,,,,0,,0,1,begin_coordinates_missing_or_invalid|county_code_unverified|damage_crops_missing|damage_property_missing|end_coordinates_missing_or_invalid|no_valid_location_points|timezone_not_normalized_to_utc
5641807,2076088,1998,1998-04-19T04:00:00,1998-04-30T23:59:00,CST,283.98333333333335,21,,Z,004,BALLARD,0,0,0,0,,,,0,,0,1,begin_coordinates_missing_or_invalid|damage_crops_missing|damage_property_missing|end_coordinates_missing_or_invalid|no_valid_location_points|requires_crosswalk_or_marine_review|timezone_not_normalized_to_utc
5641808,2076088,1998,1998-04-19T04:00:00,1998-04-30T23:59:00,CST,283.98333333333335,21,,Z,010,CRITTENDEN,0,0,0,0,,,,0,,0,1,begin_coordinates_missing_or_invalid|damage_crops_missing|damage_property_missing|end_coordinates_missing_or_invalid|no_valid_location_points|requires_crosswalk_or_marine_review|timezone_not_normalized_to_utc
5641809,2076088,1998,1998-04-19T04:00:00,1998-04-30T23:59:00,CST,283.98333333333335,21,,Z,019,DAVIESS,0,0,0,0,,,,0,,0,1,begin_coordinates_missing_or_invalid|damage_crops_missing|damage_property_missing|end_coordinates_missing_or_invalid|no_valid_location_points|requires_crosswalk_or_marine_review|timezone_not_normalized_to_utc
5641810,2076088,1998,1998-04-19T04:00:00,1998-04-30T23:59:00,CST,283.98333333333335,21,,Z,018,HENDERSON,0,0,0,0,,,,0,,0,1,begin_coordinates_missing_or_invalid|damage_crops_missing|damage_property_missing|end_coordinates_missing_or_invalid|no_valid_location_points|requires_crosswalk_or_marine_review|timezone_not_normalized_to_utc
5641891,2076088,1998,1998-04-19T04:00:00,1998-04-30T23:59:00,CST,283.98333333333335,21,,Z,007,LIVINGSTON,0,0,0,0,,,,0,,0,1,begin_coordinates_missing_or_invalid|damage_crops_missing|damage_property_missing|end_coordinates_missing_or_invalid|no_valid_location_points|requires_crosswalk_or_marine_review|timezone_not_normalized_to_utc
5641892,2076088,1998,1998-04-19T04:00:00,1998-04-30T23:59:00,CST,283.98333333333335,21,,Z,005,MCCRACKEN,0,0,0,0,,,,0,,0,1,begin_coordinates_missing_or_invalid|damage_crops_missing|damage_property_missing|end_coordinates_missing_or_invalid|no_valid_location_points|requires_crosswalk_or_marine_review|timezone_not_normalized_to_utc
5641893,2076088,1998,1998-04-19T04:00:00,1998-04-30T23:59:00,CST,283.98333333333335,21,,Z,014,UNION,0,0,0,0,,,,0,,0,1,begin_coordinates_missing_or_invalid|damage_crops_missing|damage_property_missing|end_coordinates_missing_or_invalid|no_valid_location_points|requires_crosswalk_or_marine_review|timezone_not_normalized_to_utc
5641894,2076089,1998,1998-04-15T22:00:00,1998-04-16T01:00:00,CST,3.0,17,17185,C,185,WABASH,0,0,0,0,10000,,,0,,0,1,begin_coordinates_missing_or_invalid|county_code_unverified|damage_crops_missing|end_coordinates_missing_or_invalid|no_valid_location_points|timezone_not_normalized_to_utc
5641907,2076100,1998,1998-04-02T06:00:00,1998-04-02T10:30:00,EST,4.5,42,,Z,070,DELAWARE,0,0,0,0,,0,,0,,0,1,begin_coordinates_missing_or_invalid|damage_property_missing|end_coordinates_missing_or_invalid|no_valid_location_points|requires_crosswalk_or_marine_review|timezone_not_normalized_to_utc
5642147,2075829,1998,1998-04-16T17:30:00,1998-04-16T19:00:00,CST,1.5,47,47071,C,071,HARDIN,0,0,0,0,1000,,,0,,0,1,begin_coordinates_missing_or_invalid|county_code_unverified|damage_crops_missing|end_coordinates_missing_or_invalid|no_valid_location_points|timezone_not_normalized_to_utc
5642230,1058887,1998,1998-04-01T00:00:00,1998-04-02T07:00:00,EST,31.0,18,,Z,028,WARREN,0,0,0,0,,,,0,,0,1,begin_coordinates_missing_or_invalid|damage_crops_missing|damage_property_missing|end_coordinates_missing_or_invalid|no_valid_location_points|requires_crosswalk_or_marine_review|timezone_not_normalized_to_utc
5642231,1058887,1998,1998-04-01T00:00:00,1998-04-03T07:00:00,EST,55.0,18,,Z,035,FOUNTAIN,0,0,0,0,,,,0,,0,1,begin_coordinates_missing_or_invalid|damage_crops_missing|damage_property_missing|end_coordinates_missing_or_invalid|no_valid_location_points|requires_crosswalk_or_marine_review|timezone_not_normalized_to_utc
5642232,1058887,1998,1998-04-01T00:00:00,1998-04-09T07:00:00,EST,199.0,18,,Z,067,KNOX,0,0,0,0,,,,0,,0,1,begin_coordinates_missing_or_invalid|damage_crops_missing|damage_property_missing|end_coordinates_missing_or_invalid|no_valid_location_points|requires_crosswalk_or_marine_review|timezone_not_normalized_to_utc
5642233,1058887,1998,1998-04-01T00:00:00,1998-04-07T07:00:00,EST,151.0,18,,Z,044,PARKE,0,0,0,0,,,,0,,0,1,begin_coordinates_missing_or_invalid|damage_crops_missing|damage_property_missing|end_coordinates_missing_or_invalid|no_valid_location_points|requires_crosswalk_or_marine_review|timezone_not_normalized_to_utc
5642234,1058887,1998,1998-04-01T00:00:00,1998-04-10T07:00:00,EST,223.0,18,,Z,060,SULLIVAN,0,0,0,0,,,,0,,0,1,begin_coordinates_missing_or_invalid|damage_crops_missing|damage_property_missing|end_coordinates_missing_or_invalid|no_valid_location_points|requires_crosswalk_or_marine_review|timezone_not_normalized_to_utc
5642235,1058887,1998,1998-04-01T00:00:00,1998-04-02T07:00:00,EST,31.0,18,,Z,029,TIPPECANOE,0,0,0,0,,,,0,,0,1,begin_coordinates_missing_or_invalid|damage_crops_missing|damage_property_missing|end_coordinates_missing_or_invalid|no_valid_location_points|requires_crosswalk_or_marine_review|timezone_not_normalized_to_utc
5642236,1058887,1998,1998-04-01T00:00:00,1998-04-07T07:00:00,EST,151.0,18,,Z,043,VERMILLION,0,0,0,0,,,,0,,0,1,begin_coordinates_missing_or_invalid|damage_crops_missing|damage_property_missing|end_coordinates_missing_or_invalid|no_valid_location_points|requires_crosswalk_or_marine_review|timezone_not_normalized_to_utc
5642237,1058887,1998,1998-04-01T00:00:00,1998-04-08T07:00:00,EST,175.0,18,,Z,051,VIGO,0,0,0,0,,,,0,,0,1,begin_coordinates_missing_or_invalid|damage_crops_missing|damage_property_missing|end_coordinates_missing_or_invalid|no_valid_location_points|requires_crosswalk_or_marine_review|timezone_not_normalized_to_utc
5642259,2075660,1998,1998-04-09T13:00:00,1998-04-12T13:00:00,EST,72.0,18,,Z,064,BARTHOLOMEW,0,0,0,0,,,,0,,0,1,begin_coordinates_missing_or_invalid|damage_crops_missing|damage_property_missing|end_coordinates_missing_or_invalid|no_valid_location_points|requires_crosswalk_or_marine_review|timezone_not_normalized_to_utc
5642260,2075660,1998,1998-04-09T13:00:00,1998-04-11T13:00:00,EST,48.0,18,,Z,041,DELAWARE,0,0,0,0,,,,0,,0,1,begin_coordinates_missing_or_invalid|damage_crops_missing|damage_property_missing|end_coordinates_missing_or_invalid|no_valid_location_points|requires_crosswalk_or_marine_review|timezone_not_normalized_to_utc
5642261,2075660,1998,1998-04-10T13:00:00,1998-04-20T13:00:00,EST,240.0,18,,Z,035,FOUNTAIN,0,0,0,0,,,,0,,0,1,begin_coordinates_missing_or_invalid|damage_crops_missing|damage_property_missing|end_coordinates_missing_or_invalid|no_valid_location_points|requires_crosswalk_or_marine_review|timezone_not_normalized_to_utc
5642344,2076319,1998,1998-03-10T07:00:00,1998-03-13T12:00:00,EST,77.0,33,,Z,012,HILLSBOROUGH,0,0,0,0,,,,0,,0,1,begin_coordinates_missing_or_invalid|damage_crops_missing|damage_property_missing|end_coordinates_missing_or_invalid|no_valid_location_points|requires_crosswalk_or_marine_review|timezone_not_normalized_to_utc
5642375,2075660,1998,1998-04-12T13:00:00,1998-04-18T13:00:00,EST,144.0,18,,Z,061,GREENE,0,0,0,0,,,,0,,0,1,begin_coordinates_missing_or_invalid|damage_crops_missing|damage_property_missing|end_coordinates_missing_or_invalid|no_valid_location_points|requires_crosswalk_or_marine_review|timezone_not_normalized_to_utc
5642376,2075660,1998,1998-04-10T13:00:00,1998-04-12T13:00:00,EST,48.0,18,,Z,039,HAMILTON,0,0,0,0,,,,0,,0,1,begin_coordinates_missing_or_invalid|damage_crops_missing|damage_property_missing|end_coordinates_missing_or_invalid|no_valid_location_points|requires_crosswalk_or_marine_review|timezone_not_normalized_to_utc
5642377,2075660,1998,1998-04-10T13:00:00,1998-04-13T13:00:00,EST,72.0,18,,Z,071,JACKSON,0,0,0,0,,,,0,,0,1,begin_coordinates_missing_or_invalid|damage_crops_missing|damage_property_missing|end_coordinates_missing_or_invalid|no_valid_location_points|requires_crosswalk_or_marine_review|timezone_not_normalized_to_utc
5642378,2075660,1998,1998-04-09T13:00:00,1998-04-10T13:00:00,EST,24.0,18,,Z,055,JOHNSON,0,0,0,0,,,,0,,0,1,begin_coordinates_missing_or_invalid|damage_crops_missing|damage_property_missing|end_coordinates_missing_or_invalid|no_valid_location_points|requires_crosswalk_or_marine_review|timezone_not_normalized_to_utc
5642379,2075660,1998,1998-04-09T13:00:00,1998-04-24T13:00:00,EST,360.0,18,,Z,067,KNOX,0,0,0,0,,,,0,,0,1,begin_coordinates_missing_or_invalid|damage_crops_missing|damage_property_missing|end_coordinates_missing_or_invalid|no_valid_location_points|requires_crosswalk_or_marine_review|timezone_not_normalized_to_utc
5642380,2075660,1998,1998-04-09T13:00:00,1998-04-11T13:00:00,EST,48.0,18,,Z,040,MADISON,0,0,0,0,,,,0,,0,1,begin_coordinates_missing_or_invalid|damage_crops_missing|damage_property_missing|end_coordinates_missing_or_invalid|no_valid_location_points|requires_crosswalk_or_marine_review|timezone_not_normalized_to_utc
5642381,2075660,1998,1998-04-10T13:00:00,1998-04-12T13:00:00,EST,48.0,18,,Z,047,MARION,0,0,0,0,,,,0,,0,1,begin_coordinates_missing_or_invalid|damage_crops_missing|damage_property_missing|end_coordinates_missing_or_invalid|no_valid_location_points|requires_crosswalk_or_marine_review|timezone_not_normalized_to_utc
5642382,2075660,1998,1998-04-11T13:00:00,1998-04-13T13:00:00,EST,48.0,18,,Z,054,MORGAN,0,0,0,0,,,,0,,0,1,begin_coordinates_missing_or_invalid|damage_crops_missing|damage_property_missing|end_coordinates_missing_or_invalid|no_valid_location_points|requires_crosswalk_or_marine_review|timezone_not_normalized_to_utc
5642383,2075660,1998,1998-04-12T13:00:00,1998-04-14T13:00:00,EST,48.0,18,,Z,053,OWEN,0,0,0,0,,,,0,,0,1,begin_coordinates_missing_or_invalid|damage_crops_missing|damage_property_missing|end_coordinates_missing_or_invalid|no_valid_location_points|requires_crosswalk_or_marine_review|timezone_not_normalized_to_utc
5642384,2075660,1998,1998-04-10T13:00:00,1998-04-21T13:00:00,EST,264.0,18,,Z,044,PARKE,0,0,0,0,,,,0,,0,1,begin_coordinates_missing_or_invalid|damage_crops_missing|damage_property_missing|end_coordinates_missing_or_invalid|no_valid_location_points|requires_crosswalk_or_marine_review|timezone_not_normalized_to_utc
5642385,2075660,1998,1998-04-09T13:00:00,1998-04-10T13:00:00,EST,24.0,18,,Z,056,SHELBY,0,0,0,0,,,,0,,0,1,begin_coordinates_missing_or_invalid|damage_crops_missing|damage_property_missing|end_coordinates_missing_or_invalid|no_valid_location_points|requires_crosswalk_or_marine_review|timezone_not_normalized_to_utc
5642386,2075660,1998,1998-04-10T13:00:00,1998-04-23T13:00:00,EST,312.0,18,,Z,060,SULLIVAN,0,0,0,0,,,,0,,0,1,begin_coordinates_missing_or_invalid|damage_crops_missing|damage_property_missing|end_coordinates_missing_or_invalid|no_valid_location_points|requires_crosswalk_or_marine_review|timezone_not_normalized_to_utc
5642387,2075660,1998,1998-04-10T13:00:00,1998-04-19T13:00:00,EST,216.0,18,,Z,029,TIPPECANOE,0,0,0,0,,,,0,,0,1,begin_coordinates_missing_or_invalid|damage_crops_missing|damage_property_missing|end_coordinates_missing_or_invalid|no_valid_location_points|requires_crosswalk_or_marine_review|timezone_not_normalized_to_utc
5642388,2075660,1998,1998-04-10T13:00:00,1998-04-21T13:00:00,EST,264.0,18,,Z,043,VERMILLION,0,0,0,0,,,,0,,0,1,begin_coordinates_missing_or_invalid|damage_crops_missing|damage_property_missing|end_coordinates_missing_or_invalid|no_valid_location_points|requires_crosswalk_or_marine_review|timezone_not_normalized_to_utc
5642389,2075660,1998,1998-04-10T13:00:00,1998-04-22T13:00:00,EST,288.0,18,,Z,051,VIGO,0,0,0,0,,,,0,,0,1,begin_coordinates_missing_or_invalid|damage_crops_missing|damage_property_missing|end_coordinates_missing_or_invalid|no_valid_location_points|requires_crosswalk_or_marine_review|timezone_not_normalized_to_utc
5642390,2075660,1998,1998-04-10T13:00:00,1998-04-19T13:00:00,EST,216.0,18,,Z,028,WARREN,0,0,0,0,,,,0,,0,1,begin_coordinates_missing_or_invalid|damage_crops_missing|damage_property_missing|end_coordinates_missing_or_invalid|no_valid_location_points|requires_crosswalk_or_marine_review|timezone_not_normalized_to_utc
5642407,2075668,1998,1998-04-16T18:00:00,1998-04-27T12:00:00,EST,258.0,18,,Z,068,DAVIESS,0,0,0,0,10000,,,0,,0,1,begin_coordinates_missing_or_invalid|damage_crops_missing|end_coordinates_missing_or_invalid|no_valid_location_points|requires_crosswalk_or_marine_review|timezone_not_normalized_to_utc
5642408,2075668,1998,1998-04-16T00:00:00,1998-04-20T12:00:00,EST,108.0,18,,Z,061,GREENE,0,0,0,0,10000,,,0,,0,1,begin_coordinates_missing_or_invalid|damage_crops_missing|end_coordinates_missing_or_invalid|no_valid_location_points|requires_crosswalk_or_marine_review|timezone_not_normalized_to_utc
5642409,2075668,1998,1998-04-16T03:00:00,1998-04-21T12:00:00,EST,129.0,18,,Z,071,JACKSON,0,0,0,0,10000,,,0,,0,1,begin_coordinates_missing_or_invalid|damage_crops_missing|end_coordinates_missing_or_invalid|no_valid_location_points|requires_crosswalk_or_marine_review|timezone_not_normalized_to_utc
5642410,2075668,1998,1998-04-16T00:00:00,1998-04-22T12:00:00,EST,156.0,18,,Z,067,KNOX,0,0,0,0,10000,,,0,,0,1,begin_coordinates_missing_or_invalid|damage_crops_missing|end_coordinates_missing_or_invalid|no_valid_location_points|requires_crosswalk_or_marine_review|timezone_not_normalized_to_utc
5642411,2075668,1998,1998-04-16T03:00:00,1998-04-22T12:00:00,EST,153.0,18,,Z,070,LAWRENCE,0,0,0,0,10000,,,0,,0,1,begin_coordinates_missing_or_invalid|damage_crops_missing|end_coordinates_missing_or_invalid|no_valid_location_points|requires_crosswalk_or_marine_review|timezone_not_normalized_to_utc
5642412,2075668,1998,1998-04-16T18:00:00,1998-04-17T12:00:00,EST,18.0,18,,Z,053,OWEN,0,0,0,0,10000,,,0,,0,1,begin_coordinates_missing_or_invalid|damage_crops_missing|end_coordinates_missing_or_invalid|no_valid_location_points|requires_crosswalk_or_marine_review|timezone_not_normalized_to_utc
5642644,2076299,1998,1998-03-09T20:00:00,1998-03-10T15:30:00,EST,19.5,25,,Z,012,SOUTHERN WORCESTER,0,0,0,0,300000,,,0,,0,1,begin_coordinates_missing_or_invalid|damage_crops_missing|end_coordinates_missing_or_invalid|no_valid_location_points|requires_crosswalk_or_marine_review|timezone_not_normalized_to_utc
5642646,2076299,1998,1998-03-10T11:00:00,1998-03-13T05:00:00,EST,66.0,25,,Z,005,WESTERN MIDDLESEX,0,0,0,0,,,,0,,0,1,begin_coordinates_missing_or_invalid|damage_crops_missing|damage_property_missing|end_coordinates_missing_or_invalid|no_valid_location_points|requires_crosswalk_or_marine_review|timezone_not_normalized_to_utc
5642647,2076299,1998,1998-03-11T07:00:00,1998-03-11T07:00:00,EST,0.0,25,,Z,005,WESTERN MIDDLESEX,0,0,0,0,,,,0,,0,1,begin_coordinates_missing_or_invalid|damage_crops_missing|damage_property_missing|end_coordinates_missing_or_invalid|no_valid_location_points|requires_crosswalk_or_marine_review|timezone_not_normalized_to_utc
5642828,2075708,1998,1998-04-17T02:30:00,1998-04-21T11:00:00,EST,104.5,21,,Z,116,CLAY,0,0,0,0,1700000.0,20000,,0,,0,1,begin_coordinates_missing_or_invalid|end_coordinates_missing_or_invalid|no_valid_location_points|requires_crosswalk_or_marine_review|timezone_not_normalized_to_utc
5642829,2075708,1998,1998-04-17T02:30:00,1998-04-21T11:00:00,EST,104.5,21,,Z,112,BREATHITT,0,0,0,0,,,,0,,0,1,begin_coordinates_missing_or_invalid|damage_crops_missing|damage_property_missing|end_coordinates_missing_or_invalid|no_valid_location_points|requires_crosswalk_or_marine_review|timezone_not_normalized_to_utc
5642830,2075708,1998,1998-04-17T02:30:00,1998-04-21T11:00:00,EST,104.5,21,,Z,058,ESTILL,0,0,0,0,,,,0,,0,1,begin_coordinates_missing_or_invalid|damage_crops_missing|damage_property_missing|end_coordinates_missing_or_invalid|no_valid_location_points|requires_crosswalk_or_marine_review|timezone_not_normalized_to_utc
5642831,2075708,1998,1998-04-17T02:30:00,1998-04-21T11:00:00,EST,104.5,21,,Z,111,LEE,0,0,0,0,,,,0,,0,1,begin_coordinates_missing_or_invalid|damage_crops_missing|damage_property_missing|end_coordinates_missing_or_invalid|no_valid_location_points|requires_crosswalk_or_marine_review|timezone_not_normalized_to_utc
5642832,2075708,1998,1998-04-17T02:30:00,1998-04-21T11:00:00,EST,104.5,21,,Z,117,LESLIE,0,0,0,0,,,,0,,0,1,begin_coordinates_missing_or_invalid|damage_crops_missing|damage_property_missing|end_coordinates_missing_or_invalid|no_valid_location_points|requires_crosswalk_or_marine_review|timezone_not_normalized_to_utc
5642833,2075708,1998,1998-04-17T02:30:00,1998-04-21T11:00:00,EST,104.5,21,,Z,118,LETCHER,0,0,0,0,,,,0,,0,1,begin_coordinates_missing_or_invalid|damage_crops_missing|damage_property_missing|end_coordinates_missing_or_invalid|no_valid_location_points|requires_crosswalk_or_marine_review|timezone_not_normalized_to_utc
5642834,2075708,1998,1998-04-17T02:30:00,1998-04-21T11:00:00,EST,104.5,21,,Z,114,OWSLEY,0,0,0,0,,,,0,,0,1,begin_coordinates_missing_or_invalid|damage_crops_missing|damage_property_missing|end_coordinates_missing_or_invalid|no_valid_location_points|requires_crosswalk_or_marine_review|timezone_not_normalized_to_utc
5642835,2075708,1998,1998-04-17T02:30:00,1998-04-21T11:00:00,EST,104.5,21,,Z,115,PERRY,0,0,0,0,,,,0,,0,1,begin_coordinates_missing_or_invalid|damage_crops_missing|damage_property_missing|end_coordinates_missing_or_invalid|no_valid_location_points|requires_crosswalk_or_marine_review|timezone_not_normalized_to_utc
5642836,2075709,1998,1998-04-17T06:45:00,1998-04-24T14:00:00,EST,175.25,21,,Z,087,BELL,0,0,0,0,,,,0,,0,1,begin_coordinates_missing_or_invalid|damage_crops_missing|damage_property_missing|end_coordinates_missing_or_invalid|no_valid_location_points|requires_crosswalk_or_marine_review|timezone_not_normalized_to_utc
5642837,2075709,1998,1998-04-17T06:45:00,1998-04-24T14:00:00,EST,175.25,21,,Z,088,HARLAN,0,0,0,0,,,,0,,0,1,begin_coordinates_missing_or_invalid|damage_crops_missing|damage_property_missing|end_coordinates_missing_or_invalid|no_valid_location_points|requires_crosswalk_or_marine_review|timezone_not_normalized_to_utc
5642838,2075709,1998,1998-04-17T06:45:00,1998-04-24T14:00:00,EST,175.25,21,,Z,086,KNOX,0,0,0,0,,,,0,,0,1,begin_coordinates_missing_or_invalid|damage_crops_missing|damage_property_missing|end_coordinates_missing_or_invalid|no_valid_location_points|requires_crosswalk_or_marine_review|timezone_not_normalized_to_utc
5642872,2075907,1998,1998-04-19T01:16:00,1998-04-19T01:16:00,EST,0.0,47,47011,C,011,BRADLEY,0,0,0,0,,,,0,,0,1,begin_coordinates_missing_or_invalid|county_code_unverified|damage_crops_missing|damage_property_missing|end_coordinates_missing_or_invalid|no_valid_location_points|timezone_not_normalized_to_utc
5642873,2075908,1998,1998-04-19T07:45:00,1998-04-19T07:45:00,EST,0.0,47,47145,C,145,ROANE,0,0,0,0,,,,0,,0,1,begin_coordinates_missing_or_invalid|county_code_unverified|damage_crops_missing|damage_property_missing|end_coordinates_missing_or_invalid|no_valid_location_points|timezone_not_normalized_to_utc
5642882,1059452,1998,1998-04-17T10:30:00,1998-04-22T16:00:00,EST,125.5,51,,Z,044,PITTSYLVANIA,0,0,0,0,,,,0,,0,1,begin_coordinates_missing_or_invalid|damage_crops_missing|damage_property_missing|end_coordinates_missing_or_invalid|no_valid_location_points|requires_crosswalk_or_marine_review|timezone_not_normalized_to_utc
5642883,1059452,1998,1998-04-17T10:30:00,1998-04-22T16:00:00,EST,125.5,51,,Z,058,HALIFAX,0,0,0,0,,,,0,,0,1,begin_coordinates_missing_or_invalid|damage_crops_missing|damage_property_missing|end_coordinates_missing_or_invalid|no_valid_location_points|requires_crosswalk_or_marine_review|timezone_not_normalized_to_utc
5642884,2076171,1998,1998-04-17T23:00:00,1998-04-22T07:00:00,EST,104.0,51,,Z,058,HALIFAX,0,0,0,0,,,,0,,0,1,begin_coordinates_missing_or_invalid|damage_crops_missing|damage_property_missing|end_coordinates_missing_or_invalid|no_valid_location_points|requires_crosswalk_or_marine_review|timezone_not_normalized_to_utc
5642885,2076171,1998,1998-04-17T23:00:00,1998-04-22T07:00:00,EST,104.0,51,,Z,059,CHARLOTTE,0,0,0,0,,,,0,,0,1,begin_coordinates_missing_or_invalid|damage_crops_missing|damage_property_missing|end_coordinates_missing_or_invalid|no_valid_location_points|requires_crosswalk_or_marine_review|timezone_not_normalized_to_utc
5642886,2076172,1998,1998-04-17T17:00:00,1998-04-21T13:00:00,EST,92.0,37,,Z,006,CASWELL,0,0,0,0,,,,0,,0,1,begin_coordinates_missing_or_invalid|damage_crops_missing|damage_property_missing|end_coordinates_missing_or_invalid|no_valid_location_points|requires_crosswalk_or_marine_review|timezone_not_normalized_to_utc
5642928,2075709,1998,1998-04-17T06:45:00,1998-04-24T14:00:00,EST,175.25,21,,Z,080,LAUREL,0,0,0,0,,,,0,,0,1,begin_coordinates_missing_or_invalid|damage_crops_missing|damage_property_missing|end_coordinates_missing_or_invalid|no_valid_location_points|requires_crosswalk_or_marine_review|timezone_not_normalized_to_utc
5642929,2075709,1998,1998-04-17T06:45:00,1998-04-24T14:00:00,EST,175.25,21,,Z,084,MCCREARY,0,0,0,0,,,,0,,0,1,begin_coordinates_missing_or_invalid|damage_crops_missing|damage_property_missing|end_coordinates_missing_or_invalid|no_valid_location_points|requires_crosswalk_or_marine_review|timezone_not_normalized_to_utc
5642930,2075709,1998,1998-04-17T06:45:00,1998-04-24T14:00:00,EST,175.25,21,,Z,079,PULASKI,0,0,0,0,,,,0,,0,1,begin_coordinates_missing_or_invalid|damage_crops_missing|damage_property_missing|end_coordinates_missing_or_invalid|no_valid_location_points|requires_crosswalk_or_marine_review|timezone_not_normalized_to_utc
5642931,2075709,1998,1998-04-17T06:45:00,1998-04-24T14:00:00,EST,175.25,21,,Z,085,WHITLEY,0,0,0,0,500000,10000,,0,,0,1,begin_coordinates_missing_or_invalid|end_coordinates_missing_or_invalid|no_valid_location_points|requires_crosswalk_or_marine_review|timezone_not_normalized_to_utc
5642967,2075909,1998,1998-04-19T07:47:00,1998-04-19T07:47:00,EST,0.0,47,47001,C,001,ANDERSON,0,0,0,0,,,,0,,0,1,begin_coordinates_missing_or_invalid|county_code_unverified|damage_crops_missing|damage_property_missing|end_coordinates_missing_or_invalid|no_valid_location_points|timezone_not_normalized_to_utc
5642968,2075910,1998,1998-04-19T07:49:00,1998-04-19T07:49:00,EST,0.0,47,47173,C,173,UNION,0,0,0,0,,,,0,,0,1,begin_coordinates_missing_or_invalid|county_code_unverified|damage_crops_missing|damage_property_missing|end_coordinates_missing_or_invalid|no_valid_location_points|timezone_not_normalized_to_utc
5642971,2075913,1998,1998-04-16T19:30:00,1998-04-16T19:30:00,EST,0.0,47,47145,C,145,ROANE,0,0,0,0,,,,0,,0,1,begin_coordinates_missing_or_invalid|county_code_unverified|damage_crops_missing|damage_property_missing|end_coordinates_missing_or_invalid|no_valid_location_points|timezone_not_normalized_to_utc
5643013,2076173,1998,1998-04-17T06:15:00,1998-04-17T16:45:00,EST,10.5,37,,Z,003,SURRY,0,0,0,0,,,,0,,0,1,begin_coordinates_missing_or_invalid|damage_crops_missing|damage_property_missing|end_coordinates_missing_or_invalid|no_valid_location_points|requires_crosswalk_or_marine_review|timezone_not_normalized_to_utc
5643014,2076173,1998,1998-04-17T06:15:00,1998-04-17T16:45:00,EST,10.5,37,,Z,019,WILKES,0,0,0,0,,,,0,,0,1,begin_coordinates_missing_or_invalid|damage_crops_missing|damage_property_missing|end_coordinates_missing_or_invalid|no_valid_location_points|requires_crosswalk_or_marine_review|timezone_not_normalized_to_utc
5643015,2076173,1998,1998-04-17T06:15:00,1998-04-17T16:45:00,EST,10.5,37,,Z,020,YADKIN,0,0,0,0,,,,0,,0,1,begin_coordinates_missing_or_invalid|damage_crops_missing|damage_property_missing|end_coordinates_missing_or_invalid|no_valid_location_points|requires_crosswalk_or_marine_review|timezone_not_normalized_to_utc
5643016,2076174,1998,1998-04-17T05:30:00,1998-04-17T13:30:00,EST,8.0,51,,Z,007,TAZEWELL,0,0,0,0,,,,0,,0,1,begin_coordinates_missing_or_invalid|damage_crops_missing|damage_property_missing|end_coordinates_missing_or_invalid|no_valid_location_points|requires_crosswalk_or_marine_review|timezone_not_normalized_to_utc
5643077,2076306,1998,1998-03-30T07:00:00,1998-03-31T23:59:00,EST,40.983333333333334,25,,Z,010,EASTERN HAMPSHIRE,0,0,0,0,,,,0,,0,1,begin_coordinates_missing_or_invalid|damage_crops_missing|damage_property_missing|end_coordinates_missing_or_invalid|no_valid_location_points|requires_crosswalk_or_marine_review|timezone_not_normalized_to_utc
5643078,2076306,1998,1998-03-30T10:30:00,1998-03-31T23:59:00,EST,37.483333333333334,25,,Z,003,EASTERN FRANKLIN,0,0,0,0,,,,0,,0,1,begin_coordinates_missing_or_invalid|damage_crops_missing|damage_property_missing|end_coordinates_missing_or_invalid|no_valid_location_points|requires_crosswalk_or_marine_review|timezone_not_normalized_to_utc
5643090,2076308,1998,1998-03-11T13:00:00,1998-03-12T23:00:00,EST,34.0,09,,Z,002,HARTFORD,0,0,0,0,,,,0,,0,1,begin_coordinates_missing_or_invalid|damage_crops_missing|damage_property_missing|end_coordinates_missing_or_invalid|no_valid_location_points|requires_crosswalk_or_marine_review|timezone_not_normalized_to_utc
5643095,2076312,1998,1998-03-30T10:00:00,1998-03-31T23:59:00,EST,37.983333333333334,09,,Z,002,HARTFORD,0,0,0,0,,,,0,,0,1,begin_coordinates_missing_or_invalid|damage_crops_missing|damage_property_missing|end_coordinates_missing_or_invalid|no_valid_location_points|requires_crosswalk_or_marine_review|timezone_not_normalized_to_utc
5643112,2076314,1998,1998-03-10T18:00:00,1998-03-10T18:00:00,EST,0.0,44,,Z,001,NORTHWEST PROVIDENCE,0,0,0,0,,,,0,,0,1,begin_coordinates_missing_or_invalid|damage_crops_missing|damage_property_missing|end_coordinates_missing_or_invalid|no_valid_location_points|requires_crosswalk_or_marine_review|timezone_not_normalized_to_utc
5643162,2075957,1998,1998-04-18T18:00:00,1998-04-18T18:00:00,EST,0.0,47,47035,C,035,CUMBERLAND,0,0,0,0,,,,0,,0,1,begin_coordinates_missing_or_invalid|county_code_unverified|damage_crops_missing|damage_property_missing|end_coordinates_missing_or_invalid|no_valid_location_points|timezone_not_normalized_to_utc
5643163,2075958,1998,1998-04-18T19:17:00,1998-04-18T19:17:00,EST,0.0,47,47143,C,143,RHEA,0,0,0,0,,,,0,,0,1,begin_coordinates_missing_or_invalid|county_code_unverified|damage_crops_missing|damage_property_missing|end_coordinates_missing_or_invalid|no_valid_location_points|timezone_not_normalized_to_utc
5643164,2075959,1998,1998-04-18T20:25:00,1998-04-18T20:25:00,EST,0.0,47,47145,C,145,ROANE,0,0,0,0,,,,0,,0,1,begin_coordinates_missing_or_invalid|county_code_unverified|damage_crops_missing|damage_property_missing|end_coordinates_missing_or_invalid|no_valid_location_points|timezone_not_normalized_to_utc
5643165,2075960,1998,1998-04-18T20:45:00,1998-04-18T20:45:00,EST,0.0,47,47001,C,001,ANDERSON,0,0,0,0,,,,0,,0,1,begin_coordinates_missing_or_invalid|county_code_unverified|damage_crops_missing|damage_property_missing|end_coordinates_missing_or_invalid|no_valid_location_points|timezone_not_normalized_to_utc
5643166,2075961,1998,1998-04-18T21:00:00,1998-04-18T21:00:00,EST,0.0,47,47093,C,093,KNOX,0,0,0,0,,,,0,,0,1,begin_coordinates_missing_or_invalid|county_code_unverified|damage_crops_missing|damage_property_missing|end_coordinates_missing_or_invalid|no_valid_location_points|timezone_not_normalized_to_utc
5643169,2075964,1998,1998-04-18T22:50:00,1998-04-18T22:50:00,EST,0.0,47,47025,C,025,CLAIBORNE,0,0,0,0,,,,0,,0,1,begin_coordinates_missing_or_invalid|county_code_unverified|damage_crops_missing|damage_property_missing|end_coordinates_missing_or_invalid|no_valid_location_points|timezone_not_normalized_to_utc
5643170,2075965,1998,1998-04-18T19:40:00,1998-04-18T19:40:00,EST,0.0,47,47065,C,065,HAMILTON,0,0,0,0,,,,0,,0,1,begin_coordinates_missing_or_invalid|county_code_unverified|damage_crops_missing|damage_property_missing|end_coordinates_missing_or_invalid|no_valid_location_points|timezone_not_normalized_to_utc
5643172,2075967,1998,1998-04-18T22:25:00,1998-04-18T22:25:00,EST,0.0,47,47011,C,011,BRADLEY,0,0,0,0,,,,0,,0,1,begin_coordinates_missing_or_invalid|county_code_unverified|damage_crops_missing|damage_property_missing|end_coordinates_missing_or_invalid|no_valid_location_points|timezone_not_normalized_to_utc
5643352,2076241,1998,1998-04-01T08:00:00,1998-04-04T12:00:00,EST,76.0,26,,Z,024,ALPENA,0,0,0,0,,,,0,,0,1,begin_coordinates_missing_or_invalid|damage_crops_missing|damage_property_missing|end_coordinates_missing_or_invalid|no_valid_location_points|requires_crosswalk_or_marine_review|timezone_not_normalized_to_utc
5643353,2076242,1998,1998-04-01T08:00:00,1998-04-04T12:00:00,EST,76.0,26,,Z,036,IOSCO,0,0,0,0,,,,0,,0,1,begin_coordinates_missing_or_invalid|damage_crops_missing|damage_property_missing|end_coordinates_missing_or_invalid|no_valid_location_points|requires_crosswalk_or_marine_review|timezone_not_normalized_to_utc
5643406,2075888,1998,1998-04-16T21:30:00,1998-04-16T21:30:00,EST,0.0,47,47025,C,025,CLAIBORNE,0,0,0,0,,,,0,,0,1,begin_coordinates_missing_or_invalid|county_code_unverified|damage_crops_missing|damage_property_missing|end_coordinates_missing_or_invalid|no_valid_location_points|timezone_not_normalized_to_utc
5643408,2075890,1998,1998-04-16T21:30:00,1998-04-16T21:30:00,EST,0.0,47,47013,C,013,CAMPBELL,0,0,0,0,,,,0,,0,1,begin_coordinates_missing_or_invalid|county_code_unverified|damage_crops_missing|damage_property_missing|end_coordinates_missing_or_invalid|no_valid_location_points|timezone_not_normalized_to_utc
5643449,2076110,1998,1998-04-02T02:30:00,1998-04-02T05:00:00,EST,2.5,42,,Z,071,PHILADELPHIA,0,0,0,0,0,0,,0,,0,1,begin_coordinates_missing_or_invalid|end_coordinates_missing_or_invalid|no_valid_location_points|requires_crosswalk_or_marine_review|timezone_not_normalized_to_utc
5643472,2076118,1998,1998-04-10T15:30:00,1998-04-10T22:00:00,EST,6.5,34,,Z,008,MORRIS,0,0,0,0,,0,,0,,0,1,begin_coordinates_missing_or_invalid|damage_property_missing|end_coordinates_missing_or_invalid|no_valid_location_points|requires_crosswalk_or_marine_review|timezone_not_normalized_to_utc
5643473,2076118,1998,1998-04-10T09:30:00,1998-04-10T22:45:00,EST,13.25,34,,Z,010,SOMERSET,0,0,0,0,,0,,0,,0,1,begin_coordinates_missing_or_invalid|damage_property_missing|end_coordinates_missing_or_invalid|no_valid_location_points|requires_crosswalk_or_marine_review|timezone_not_normalized_to_utc
5643672,2075671,1998,1998-04-30T20:30:00,1998-04-30T22:00:00,EST,1.5,18,18097,C,097,MARION,0,0,0,0,,,,0,,0,1,begin_coordinates_missing_or_invalid|county_code_unverified|damage_crops_missing|damage_property_missing|end_coordinates_missing_or_invalid|no_valid_location_points|timezone_not_normalized_to_utc
5643907,2076064,1998,1998-04-18T03:00:00,1998-04-30T23:59:00,CST,308.98333333333335,18,,Z,085,POSEY,0,0,0,0,,,,0,,0,1,begin_coordinates_missing_or_invalid|damage_crops_missing|damage_property_missing|end_coordinates_missing_or_invalid|no_valid_location_points|requires_crosswalk_or_marine_review|timezone_not_normalized_to_utc
5643908,2076064,1998,1998-04-18T03:00:00,1998-04-30T23:59:00,CST,308.98333333333335,18,,Z,088,SPENCER,0,0,0,0,,,,0,,0,1,begin_coordinates_missing_or_invalid|damage_crops_missing|damage_property_missing|end_coordinates_missing_or_invalid|no_valid_location_points|requires_crosswalk_or_marine_review|timezone_not_normalized_to_utc
5643909,2076064,1998,1998-04-18T03:00:00,1998-04-30T23:59:00,CST,308.98333333333335,18,,Z,087,WARRICK,0,0,0,0,,,,0,,0,1,begin_coordinates_missing_or_invalid|damage_crops_missing|damage_property_missing|end_coordinates_missing_or_invalid|no_valid_location_points|requires_crosswalk_or_marine_review|timezone_not_normalized_to_utc
5643910,2076065,1998,1998-04-01T00:01:00,1998-04-30T23:59:00,CST,719.9666666666667,17,,Z,092,ALEXANDER,0,0,0,0,,,,0,,0,1,begin_coordinates_missing_or_invalid|damage_crops_missing|damage_property_missing|end_coordinates_missing_or_invalid|no_valid_location_points|requires_crosswalk_or_marine_review|timezone_not_normalized_to_utc
5643911,2076065,1998,1998-04-01T00:01:00,1998-04-30T23:59:00,CST,719.9666666666667,17,,Z,087,GALLATIN,0,0,0,0,,,,0,,0,1,begin_coordinates_missing_or_invalid|damage_crops_missing|damage_property_missing|end_coordinates_missing_or_invalid|no_valid_location_points|requires_crosswalk_or_marine_review|timezone_not_normalized_to_utc
5643912,2076065,1998,1998-04-01T00:01:00,1998-04-30T23:59:00,CST,719.9666666666667,17,,Z,091,HARDIN,0,0,0,0,,,,0,,0,1,begin_coordinates_missing_or_invalid|damage_crops_missing|damage_property_missing|end_coordinates_missing_or_invalid|no_valid_location_points|requires_crosswalk_or_marine_review|timezone_not_normalized_to_utc
5643913,2076065,1998,1998-04-01T00:01:00,1998-04-30T23:59:00,CST,719.9666666666667,17,,Z,094,MASSAC,0,0,0,0,,,,0,,0,1,begin_coordinates_missing_or_invalid|damage_crops_missing|damage_property_missing|end_coordinates_missing_or_invalid|no_valid_location_points|requires_crosswalk_or_marine_review|timezone_not_normalized_to_utc
5643914,2076065,1998,1998-04-01T00:01:00,1998-04-30T23:59:00,CST,719.9666666666667,17,,Z,090,POPE,0,0,0,0,,,,0,,0,1,begin_coordinates_missing_or_invalid|damage_crops_missing|damage_property_missing|end_coordinates_missing_or_invalid|no_valid_location_points|requires_crosswalk_or_marine_review|timezone_not_normalized_to_utc
5643915,2076065,1998,1998-04-01T00:01:00,1998-04-30T23:59:00,CST,719.9666666666667,17,,Z,093,PULASKI,0,0,0,0,,,,0,,0,1,begin_coordinates_missing_or_invalid|damage_crops_missing|damage_property_missing|end_coordinates_missing_or_invalid|no_valid_location_points|requires_crosswalk_or_marine_review|timezone_not_normalized_to_utc
5643916,2076066,1998,1998-04-03T04:00:00,1998-04-30T23:59:00,CST,667.9833333333333,29,,Z,087,CAPE GIRARDEAU,0,0,0,0,,,,0,,0,1,begin_coordinates_missing_or_invalid|damage_crops_missing|damage_property_missing|end_coordinates_missing_or_invalid|no_valid_location_points|requires_crosswalk_or_marine_review|timezone_not_normalized_to_utc
5643917,2076066,1998,1998-04-03T04:00:00,1998-04-30T23:59:00,CST,667.9833333333333,29,,Z,112,MISSISSIPPI,0,0,0,0,,,,0,,0,1,begin_coordinates_missing_or_invalid|damage_crops_missing|damage_property_missing|end_coordinates_missing_or_invalid|no_valid_location_points|requires_crosswalk_or_marine_review|timezone_not_normalized_to_utc
5643918,2076066,1998,1998-04-03T04:00:00,1998-04-30T23:59:00,CST,667.9833333333333,29,,Z,114,NEW MADRID,0,0,0,0,,,,0,,0,1,begin_coordinates_missing_or_invalid|damage_crops_missing|damage_property_missing|end_coordinates_missing_or_invalid|no_valid_location_points|requires_crosswalk_or_marine_review|timezone_not_normalized_to_utc
5643919,2076067,1998,1998-04-04T04:00:00,1998-04-30T23:59:00,CST,643.9833333333333,17,,Z,092,ALEXANDER,0,0,0,0,,,,0,,0,1,begin_coordinates_missing_or_invalid|damage_crops_missing|damage_property_missing|end_coordinates_missing_or_invalid|no_valid_location_points|requires_crosswalk_or_marine_review|timezone_not_normalized_to_utc
5643920,2076067,1998,1998-04-04T04:00:00,1998-04-30T23:59:00,CST,643.9833333333333,17,,Z,084,JACKSON,0,0,0,0,,,,0,,0,1,begin_coordinates_missing_or_invalid|damage_crops_missing|damage_property_missing|end_coordinates_missing_or_invalid|no_valid_location_points|requires_crosswalk_or_marine_review|timezone_not_normalized_to_utc
5643921,2076067,1998,1998-04-04T04:00:00,1998-04-30T23:59:00,CST,643.9833333333333,17,,Z,088,UNION,0,0,0,0,,,,0,,0,1,begin_coordinates_missing_or_invalid|damage_crops_missing|damage_property_missing|end_coordinates_missing_or_invalid|no_valid_location_points|requires_crosswalk_or_marine_review|timezone_not_normalized_to_utc
5643922,2076068,1998,1998-04-20T03:00:00,1998-04-24T08:00:00,CST,101.0,21,,Z,020,MCLEAN,0,0,0,0,,,,0,,0,1,begin_coordinates_missing_or_invalid|damage_crops_missing|damage_property_missing|end_coordinates_missing_or_invalid|no_valid_location_points|requires_crosswalk_or_marine_review|timezone_not_normalized_to_utc
5643923,2076069,1998,1998-04-16T04:00:00,1998-04-28T11:00:00,CST,295.0,18,,Z,085,POSEY,0,0,0,0,,,,0,,0,1,begin_coordinates_missing_or_invalid|damage_crops_missing|damage_property_missing|end_coordinates_missing_or_invalid|no_valid_location_points|requires_crosswalk_or_marine_review|timezone_not_normalized_to_utc
5643924,2076070,1998,1998-04-01T00:01:00,1998-04-30T23:59:00,CST,719.9666666666667,17,,Z,081,FRANKLIN,0,0,0,0,,,,0,,0,1,begin_coordinates_missing_or_invalid|damage_crops_missing|damage_property_missing|end_coordinates_missing_or_invalid|no_valid_location_points|requires_crosswalk_or_marine_review|timezone_not_normalized_to_utc
5643925,2076070,1998,1998-04-01T00:01:00,1998-04-30T23:59:00,CST,719.9666666666667,17,,Z,084,JACKSON,0,0,0,0,,,,0,,0,1,begin_coordinates_missing_or_invalid|damage_crops_missing|damage_property_missing|end_coordinates_missing_or_invalid|no_valid_location_points|requires_crosswalk_or_marine_review|timezone_not_normalized_to_utc
5644066,2077963,1998,1998-05-07T14:00:00,1998-05-07T14:00:00,EST,0.0,47,47093,C,093,KNOX,0,0,0,0,,,,0,,0,1,begin_coordinates_missing_or_invalid|county_code_unverified|damage_crops_missing|damage_property_missing|end_coordinates_missing_or_invalid|no_valid_location_points|timezone_not_normalized_to_utc
5644067,2077964,1998,1998-05-07T14:00:00,1998-05-07T14:00:00,EST,0.0,47,47057,C,057,GRAINGER,0,0,0,0,,,,0,,0,1,begin_coordinates_missing_or_invalid|county_code_unverified|damage_crops_missing|damage_property_missing|end_coordinates_missing_or_invalid|no_valid_location_points|timezone_not_normalized_to_utc
5644072,2077969,1998,1998-05-07T14:00:00,1998-05-07T14:00:00,EST,0.0,47,47063,C,063,HAMBLEN,0,0,0,0,,,,0,,0,1,begin_coordinates_missing_or_invalid|county_code_unverified|damage_crops_missing|damage_property_missing|end_coordinates_missing_or_invalid|no_valid_location_points|timezone_not_normalized_to_utc
5644364,1061463,1998,1998-05-20T20:35:00,1998-05-20T21:15:00,EST,0.6666666666666666,51,51191,C,191,WASHINGTON,0,0,0,0,,,,0,,0,1,begin_coordinates_missing_or_invalid|county_code_unverified|damage_crops_missing|damage_property_missing|end_coordinates_missing_or_invalid|no_valid_location_points|timezone_not_normalized_to_utc
5644366,2077996,1998,1998-05-21T18:18:00,1998-05-21T18:18:00,EST,0.0,47,47093,C,093,KNOX,0,0,0,0,,,,0,,0,1,begin_coordinates_missing_or_invalid|county_code_unverified|damage_crops_missing|damage_property_missing|end_coordinates_missing_or_invalid|no_valid_location_points|timezone_not_normalized_to_utc
5644376,2078004,1998,1998-05-21T18:16:00,1998-05-21T18:18:00,EST,0.03333333333333333,47,47093,C,093,KNOX,0,0,0,0,,,,0,,0,1,begin_coordinates_missing_or_invalid|county_code_unverified|damage_crops_missing|damage_property_missing|end_coordinates_missing_or_invalid|no_valid_location_points|timezone_not_normalized_to_utc
5644380,2077732,1998,1998-05-22T20:45:00,1998-05-22T20:45:00,CST,0.0,18,18163,C,163,VANDERBURGH,0,0,0,0,,,,0,,0,1,begin_coordinates_missing_or_invalid|county_code_unverified|damage_crops_missing|damage_property_missing|end_coordinates_missing_or_invalid|no_valid_location_points|timezone_not_normalized_to_utc
5644468,2078011,1998,1998-05-26T00:30:00,1998-05-26T00:30:00,EST,0.0,47,47073,C,073,HAWKINS,0,0,0,0,,,,0,,0,1,begin_coordinates_missing_or_invalid|county_code_unverified|damage_crops_missing|damage_property_missing|end_coordinates_missing_or_invalid|no_valid_location_points|timezone_not_normalized_to_utc
5644472,2078015,1998,1998-05-26T15:25:00,1998-05-26T15:25:00,EST,0.0,47,47013,C,013,CAMPBELL,0,0,0,0,,,,0,,0,1,begin_coordinates_missing_or_invalid|county_code_unverified|damage_crops_missing|damage_property_missing|end_coordinates_missing_or_invalid|no_valid_location_points|timezone_not_normalized_to_utc
5644503,2077755,1998,1998-05-01T00:01:00,1998-05-15T22:00:00,CST,357.98333333333335,18,,Z,085,POSEY,0,0,0,0,,,,0,,0,1,begin_coordinates_missing_or_invalid|damage_crops_missing|damage_property_missing|end_coordinates_missing_or_invalid|no_valid_location_points|requires_crosswalk_or_marine_review|timezone_not_normalized_to_utc
5644504,2077755,1998,1998-05-01T00:01:00,1998-05-15T22:00:00,CST,357.98333333333335,18,,Z,087,WARRICK,0,0,0,0,,,,0,,0,1,begin_coordinates_missing_or_invalid|damage_crops_missing|damage_property_missing|end_coordinates_missing_or_invalid|no_valid_location_points|requires_crosswalk_or_marine_review|timezone_not_normalized_to_utc
5644505,2077756,1998,1998-05-01T00:01:00,1998-05-16T19:00:00,CST,378.98333333333335,21,,Z,004,BALLARD,0,0,0,0,,,,0,,0,1,begin_coordinates_missing_or_invalid|damage_crops_missing|damage_property_missing|end_coordinates_missing_or_invalid|no_valid_location_points|requires_crosswalk_or_marine_review|timezone_not_normalized_to_utc
5644506,2077756,1998,1998-05-01T00:01:00,1998-05-16T19:00:00,CST,378.98333333333335,21,,Z,010,CRITTENDEN,0,0,0,0,,,,0,,0,1,begin_coordinates_missing_or_invalid|damage_crops_missing|damage_property_missing|end_coordinates_missing_or_invalid|no_valid_location_points|requires_crosswalk_or_marine_review|timezone_not_normalized_to_utc
5644507,2077756,1998,1998-05-01T00:01:00,1998-05-16T19:00:00,CST,378.98333333333335,21,,Z,007,LIVINGSTON,0,0,0,0,,,,0,,0,1,begin_coordinates_missing_or_invalid|damage_crops_missing|damage_property_missing|end_coordinates_missing_or_invalid|no_valid_location_points|requires_crosswalk_or_marine_review|timezone_not_normalized_to_utc
5644508,2077756,1998,1998-05-01T00:01:00,1998-05-16T19:00:00,CST,378.98333333333335,21,,Z,005,MCCRACKEN,0,0,0,0,,,,0,,0,1,begin_coordinates_missing_or_invalid|damage_crops_missing|damage_property_missing|end_coordinates_missing_or_invalid|no_valid_location_points|requires_crosswalk_or_marine_review|timezone_not_normalized_to_utc
5644509,2077756,1998,1998-05-01T00:01:00,1998-05-16T19:00:00,CST,378.98333333333335,21,,Z,014,UNION,0,0,0,0,,,,0,,0,1,begin_coordinates_missing_or_invalid|damage_crops_missing|damage_property_missing|end_coordinates_missing_or_invalid|no_valid_location_points|requires_crosswalk_or_marine_review|timezone_not_normalized_to_utc
5644510,2077757,1998,1998-05-01T00:01:00,1998-05-20T16:00:00,CST,471.98333333333335,17,,Z,092,ALEXANDER,0,0,0,0,,,,0,,0,1,begin_coordinates_missing_or_invalid|damage_crops_missing|damage_property_missing|end_coordinates_missing_or_invalid|no_valid_location_points|requires_crosswalk_or_marine_review|timezone_not_normalized_to_utc
5644511,2077757,1998,1998-05-01T00:01:00,1998-05-20T16:00:00,CST,471.98333333333335,17,,Z,087,GALLATIN,0,0,0,0,,,,0,,0,1,begin_coordinates_missing_or_invalid|damage_crops_missing|damage_property_missing|end_coordinates_missing_or_invalid|no_valid_location_points|requires_crosswalk_or_marine_review|timezone_not_normalized_to_utc
5644512,2077757,1998,1998-05-01T00:01:00,1998-05-20T16:00:00,CST,471.98333333333335,17,,Z,091,HARDIN,0,0,0,0,,,,0,,0,1,begin_coordinates_missing_or_invalid|damage_crops_missing|damage_property_missing|end_coordinates_missing_or_invalid|no_valid_location_points|requires_crosswalk_or_marine_review|timezone_not_normalized_to_utc
5644513,2077757,1998,1998-05-01T00:01:00,1998-05-20T16:00:00,CST,471.98333333333335,17,,Z,094,MASSAC,0,0,0,0,,,,0,,0,1,begin_coordinates_missing_or_invalid|damage_crops_missing|damage_property_missing|end_coordinates_missing_or_invalid|no_valid_location_points|requires_crosswalk_or_marine_review|timezone_not_normalized_to_utc
5644514,2077757,1998,1998-05-01T00:01:00,1998-05-20T16:00:00,CST,471.98333333333335,17,,Z,090,POPE,0,0,0,0,,,,0,,0,1,begin_coordinates_missing_or_invalid|damage_crops_missing|damage_property_missing|end_coordinates_missing_or_invalid|no_valid_location_points|requires_crosswalk_or_marine_review|timezone_not_normalized_to_utc
5644515,2077757,1998,1998-05-01T00:01:00,1998-05-20T16:00:00,CST,471.98333333333335,17,,Z,093,PULASKI,0,0,0,0,,,,0,,0,1,begin_coordinates_missing_or_invalid|damage_crops_missing|damage_property_missing|end_coordinates_missing_or_invalid|no_valid_location_points|requires_crosswalk_or_marine_review|timezone_not_normalized_to_utc
5644516,2077758,1998,1998-05-01T00:01:00,1998-05-08T08:00:00,CST,175.98333333333332,17,,Z,092,ALEXANDER,0,0,0,0,,,,0,,0,1,begin_coordinates_missing_or_invalid|damage_crops_missing|damage_property_missing|end_coordinates_missing_or_invalid|no_valid_location_points|requires_crosswalk_or_marine_review|timezone_not_normalized_to_utc
5644517,2077758,1998,1998-05-01T00:01:00,1998-05-08T08:00:00,CST,175.98333333333332,17,,Z,084,JACKSON,0,0,0,0,,,,0,,0,1,begin_coordinates_missing_or_invalid|damage_crops_missing|damage_property_missing|end_coordinates_missing_or_invalid|no_valid_location_points|requires_crosswalk_or_marine_review|timezone_not_normalized_to_utc
5644518,2077758,1998,1998-05-01T00:01:00,1998-05-08T08:00:00,CST,175.98333333333332,17,,Z,088,UNION,0,0,0,0,,,,0,,0,1,begin_coordinates_missing_or_invalid|damage_crops_missing|damage_property_missing|end_coordinates_missing_or_invalid|no_valid_location_points|requires_crosswalk_or_marine_review|timezone_not_normalized_to_utc
5644519,2077759,1998,1998-05-01T00:01:00,1998-05-17T18:00:00,CST,401.98333333333335,29,,Z,087,CAPE GIRARDEAU,0,0,0,0,,,,0,,0,1,begin_coordinates_missing_or_invalid|damage_crops_missing|damage_property_missing|end_coordinates_missing_or_invalid|no_valid_location_points|requires_crosswalk_or_marine_review|timezone_not_normalized_to_utc
5644520,2077759,1998,1998-05-01T00:01:00,1998-05-17T18:00:00,CST,401.98333333333335,29,,Z,112,MISSISSIPPI,0,0,0,0,,,,0,,0,1,begin_coordinates_missing_or_invalid|damage_crops_missing|damage_property_missing|end_coordinates_missing_or_invalid|no_valid_location_points|requires_crosswalk_or_marine_review|timezone_not_normalized_to_utc
5644521,2077759,1998,1998-05-01T00:01:00,1998-05-17T18:00:00,CST,401.98333333333335,29,,Z,114,NEW MADRID,0,0,0,0,,,,0,,0,1,begin_coordinates_missing_or_invalid|damage_crops_missing|damage_property_missing|end_coordinates_missing_or_invalid|no_valid_location_points|requires_crosswalk_or_marine_review|timezone_not_normalized_to_utc
5644522,2077760,1998,1998-05-03T11:00:00,1998-05-18T16:00:00,CST,365.0,18,,Z,085,POSEY,0,0,0,0,,,,0,,0,1,begin_coordinates_missing_or_invalid|damage_crops_missing|damage_property_missing|end_coordinates_missing_or_invalid|no_valid_location_points|requires_crosswalk_or_marine_review|timezone_not_normalized_to_utc
5644523,1061209,1998,1998-05-07T11:00:00,1998-05-14T18:00:00,CST,175.0,18,,Z,081,GIBSON,0,0,0,0,,,,0,,0,1,begin_coordinates_missing_or_invalid|damage_crops_missing|damage_property_missing|end_coordinates_missing_or_invalid|no_valid_location_points|requires_crosswalk_or_marine_review|timezone_not_normalized_to_utc
5644524,2077761,1998,1998-05-01T00:01:00,1998-05-16T17:00:00,CST,376.98333333333335,17,,Z,084,JACKSON,0,0,0,0,,,,0,,0,1,begin_coordinates_missing_or_invalid|damage_crops_missing|damage_property_missing|end_coordinates_missing_or_invalid|no_valid_location_points|requires_crosswalk_or_marine_review|timezone_not_normalized_to_utc
5644525,2077762,1998,1998-05-06T03:00:00,1998-05-16T14:00:00,CST,251.0,17,,Z,083,WHITE,0,0,0,0,,,,0,,0,1,begin_coordinates_missing_or_invalid|damage_crops_missing|damage_property_missing|end_coordinates_missing_or_invalid|no_valid_location_points|requires_crosswalk_or_marine_review|timezone_not_normalized_to_utc
5644635,2077767,1998,1998-05-06T23:15:00,1998-05-07T00:15:00,CST,1.0,29,29207,C,207,STODDARD,0,0,0,0,,,,0,,0,1,begin_coordinates_missing_or_invalid|county_code_unverified|damage_crops_missing|damage_property_missing|end_coordinates_missing_or_invalid|no_valid_location_points|timezone_not_normalized_to_utc
5645322,2077532,1998,1998-05-25T03:00:00,1998-05-25T04:00:00,CST,1.0,05,05143,C,143,WASHINGTON,0,0,0,0,5000,,,0,,0,1,begin_coordinates_missing_or_invalid|county_code_unverified|damage_crops_missing|end_coordinates_missing_or_invalid|no_valid_location_points|timezone_not_normalized_to_utc
5645432,2077502,1998,1998-05-18T06:00:00,1998-05-31T23:59:00,CST,329.98333333333335,46,,Z,038,BEADLE,0,0,0,0,,,,0,,0,1,begin_coordinates_missing_or_invalid|damage_crops_missing|damage_property_missing|end_coordinates_missing_or_invalid|no_valid_location_points|requires_crosswalk_or_marine_review|timezone_not_normalized_to_utc
5645433,2077502,1998,1998-05-25T06:00:00,1998-05-31T23:59:00,CST,161.98333333333332,46,,Z,068,BON HOMME,0,0,0,0,,,,0,,0,1,begin_coordinates_missing_or_invalid|damage_crops_missing|damage_property_missing|end_coordinates_missing_or_invalid|no_valid_location_points|requires_crosswalk_or_marine_review|timezone_not_normalized_to_utc
5645434,2077502,1998,1998-05-23T06:00:00,1998-05-31T23:59:00,CST,209.98333333333332,46,,Z,059,DAVISON,0,0,0,0,,,,0,,0,1,begin_coordinates_missing_or_invalid|damage_crops_missing|damage_property_missing|end_coordinates_missing_or_invalid|no_valid_location_points|requires_crosswalk_or_marine_review|timezone_not_normalized_to_utc
5645435,2077502,1998,1998-05-20T06:00:00,1998-05-31T23:59:00,CST,281.98333333333335,46,,Z,060,HANSON,0,0,0,0,,,,0,,0,1,begin_coordinates_missing_or_invalid|damage_crops_missing|damage_property_missing|end_coordinates_missing_or_invalid|no_valid_location_points|requires_crosswalk_or_marine_review|timezone_not_normalized_to_utc
5645436,2077502,1998,1998-05-20T06:00:00,1998-05-31T23:59:00,CST,281.98333333333335,46,,Z,065,HUTCHINSON,0,0,0,0,,,,0,,0,1,begin_coordinates_missing_or_invalid|damage_crops_missing|damage_property_missing|end_coordinates_missing_or_invalid|no_valid_location_points|requires_crosswalk_or_marine_review|timezone_not_normalized_to_utc
5645705,2077331,1998,1998-06-26T01:50:00,1998-06-26T01:50:00,EST,0.0,18,,Z,004,ST. JOSEPH,0,0,0,0,0,,,0,,0,1,begin_coordinates_missing_or_invalid|damage_crops_missing|end_coordinates_missing_or_invalid|no_valid_location_points|requires_crosswalk_or_marine_review|timezone_not_normalized_to_utc
5645715,2077335,1998,1998-06-29T01:20:00,1998-06-29T01:20:00,EST,0.0,18,,Z,034,JAY,0,0,0,0,,,,0,,0,1,begin_coordinates_missing_or_invalid|damage_crops_missing|damage_property_missing|end_coordinates_missing_or_invalid|no_valid_location_points|requires_crosswalk_or_marine_review|timezone_not_normalized_to_utc
5645741,2077340,1998,1998-05-06T15:30:00,1998-05-06T15:30:00,EST,0.0,51,,Z,030,WARREN,0,0,1,0,6000,,,1,,0,1,begin_coordinates_missing_or_invalid|damage_crops_missing|end_coordinates_missing_or_invalid|no_valid_location_points|requires_crosswalk_or_marine_review|timezone_not_normalized_to_utc
5645802,2077274,1998,1998-05-15T14:00:00,1998-05-15T16:00:00,CST,2.0,19,19109,C,109,KOSSUTH,0,0,0,0,20000,,,0,,0,1,begin_coordinates_missing_or_invalid|county_code_unverified|damage_crops_missing|end_coordinates_missing_or_invalid|no_valid_location_points|timezone_not_normalized_to_utc
5645896,2077275,1998,1998-05-19T17:15:00,1998-05-19T20:00:00,CST,2.75,19,19153,C,153,POLK,0,0,0,0,50000,2000,,0,,0,1,begin_coordinates_missing_or_invalid|county_code_unverified|end_coordinates_missing_or_invalid|no_valid_location_points|timezone_not_normalized_to_utc
5645897,2077275,1998,1998-05-19T17:15:00,1998-05-19T20:00:00,CST,2.75,19,19099,C,099,JASPER,0,0,0,0,30000,2000,,0,,0,1,begin_coordinates_missing_or_invalid|county_code_unverified|end_coordinates_missing_or_invalid|no_valid_location_points|timezone_not_normalized_to_utc
5645956,2077371,1998,1998-05-08T00:30:00,1998-05-10T19:00:00,EST,66.5,51,,Z,044,PITTSYLVANIA / DANVILLE,0,0,0,0,,,,0,,0,1,begin_coordinates_missing_or_invalid|damage_crops_missing|damage_property_missing|end_coordinates_missing_or_invalid|no_valid_location_points|requires_crosswalk_or_marine_review|timezone_not_normalized_to_utc
5646459,2077407,1998,1998-05-11T18:00:00,1998-05-13T06:00:00,CST,36.0,46,,Z,037,HAND,0,0,0,0,,,,0,,0,1,begin_coordinates_missing_or_invalid|damage_crops_missing|damage_property_missing|end_coordinates_missing_or_invalid|no_valid_location_points|requires_crosswalk_or_marine_review|timezone_not_normalized_to_utc
5646460,2077408,1998,1998-05-01T00:00:00,1998-05-31T23:59:00,CST,743.9833333333333,46,,Z,006,BROWN,0,0,0,0,,,,0,,0,1,begin_coordinates_missing_or_invalid|damage_crops_missing|damage_property_missing|end_coordinates_missing_or_invalid|no_valid_location_points|requires_crosswalk_or_marine_review|timezone_not_normalized_to_utc
5646465,2077413,1998,1998-05-10T14:00:00,1998-05-13T14:00:00,EST,72.0,36,,Z,063,WESTERN ULSTER,0,0,0,0,,,,0,,0,1,begin_coordinates_missing_or_invalid|damage_crops_missing|damage_property_missing|end_coordinates_missing_or_invalid|no_valid_location_points|requires_crosswalk_or_marine_review|timezone_not_normalized_to_utc
5646466,2077502,1998,1998-05-19T06:00:00,1998-05-31T23:59:00,CST,305.98333333333335,46,,Z,053,SANBORN,0,0,0,0,,,,0,,0,1,begin_coordinates_missing_or_invalid|damage_crops_missing|damage_property_missing|end_coordinates_missing_or_invalid|no_valid_location_points|requires_crosswalk_or_marine_review|timezone_not_normalized_to_utc
5646500,2077271,1998,1998-05-06T21:15:00,1998-05-07T08:30:00,CST,11.25,19,19125,C,125,MARION,0,0,0,0,50000,,,0,,0,1,begin_coordinates_missing_or_invalid|county_code_unverified|damage_crops_missing|end_coordinates_missing_or_invalid|no_valid_location_points|timezone_not_normalized_to_utc
5646501,2077271,1998,1998-05-06T22:00:00,1998-05-07T07:00:00,CST,9.0,19,19117,C,117,LUCAS,0,0,0,0,75000,,,0,,0,1,begin_coordinates_missing_or_invalid|county_code_unverified|damage_crops_missing|end_coordinates_missing_or_invalid|no_valid_location_points|timezone_not_normalized_to_utc
5646502,2077271,1998,1998-05-06T22:00:00,1998-05-06T23:59:00,CST,1.9833333333333334,19,19181,C,181,WARREN,0,0,0,0,50000,,,0,,0,1,begin_coordinates_missing_or_invalid|county_code_unverified|damage_crops_missing|end_coordinates_missing_or_invalid|no_valid_location_points|timezone_not_normalized_to_utc
5646503,2077272,1998,1998-05-09T16:45:00,1998-05-09T19:00:00,CST,2.25,19,19151,C,151,POCAHONTAS,0,0,0,0,30000,,,0,,0,1,begin_coordinates_missing_or_invalid|county_code_unverified|damage_crops_missing|end_coordinates_missing_or_invalid|no_valid_location_points|timezone_not_normalized_to_utc
5646739,2077394,1998,1998-05-08T04:00:00,1998-05-09T14:00:00,EST,34.0,37,,Z,006,CASWELL,0,0,0,0,,,,0,,0,1,begin_coordinates_missing_or_invalid|damage_crops_missing|damage_property_missing|end_coordinates_missing_or_invalid|no_valid_location_points|requires_crosswalk_or_marine_review|timezone_not_normalized_to_utc
5646749,2077403,1998,1998-05-11T18:00:00,1998-05-13T06:00:00,CST,36.0,46,,Z,011,DAY,0,0,0,0,1900000.0,,,0,,0,1,begin_coordinates_missing_or_invalid|damage_crops_missing|end_coordinates_missing_or_invalid|no_valid_location_points|requires_crosswalk_or_marine_review|timezone_not_normalized_to_utc
5646750,2077403,1998,1998-05-11T18:00:00,1998-05-13T06:00:00,CST,36.0,46,,Z,018,SPINK,0,0,0,0,310000.00,,,0,,0,1,begin_coordinates_missing_or_invalid|damage_crops_missing|end_coordinates_missing_or_invalid|no_valid_location_points|requires_crosswalk_or_marine_review|timezone_not_normalized_to_utc
5646751,2077403,1998,1998-05-11T18:00:00,1998-05-13T06:00:00,CST,36.0,46,,Z,019,CLARK,0,0,0,0,260000.00,,,0,,0,1,begin_coordinates_missing_or_invalid|damage_crops_missing|end_coordinates_missing_or_invalid|no_valid_location_points|requires_crosswalk_or_marine_review|timezone_not_normalized_to_utc
5646752,2077403,1998,1998-05-11T18:00:00,1998-05-13T06:00:00,CST,36.0,46,,Z,007,MARSHALL,0,0,0,0,320000.00,,,0,,0,1,begin_coordinates_missing_or_invalid|damage_crops_missing|end_coordinates_missing_or_invalid|no_valid_location_points|requires_crosswalk_or_marine_review|timezone_not_normalized_to_utc
5646753,2077403,1998,1998-05-11T18:00:00,1998-05-13T06:00:00,CST,36.0,46,,Z,006,BROWN,0,0,0,0,460000.00,,,0,,0,1,begin_coordinates_missing_or_invalid|damage_crops_missing|end_coordinates_missing_or_invalid|no_valid_location_points|requires_crosswalk_or_marine_review|timezone_not_normalized_to_utc
5646754,2077403,1998,1998-05-11T18:00:00,1998-05-13T06:00:00,CST,36.0,46,,Z,008,ROBERTS,0,0,0,0,580000.00,,,0,,0,1,begin_coordinates_missing_or_invalid|damage_crops_missing|end_coordinates_missing_or_invalid|no_valid_location_points|requires_crosswalk_or_marine_review|timezone_not_normalized_to_utc
5646765,2077074,1998,1998-05-26T17:00:00,1998-05-29T11:00:00,MST,66.0,16,,Z,012,S WASHINGTON/PAYETTE/S GEM/CANYON/X NW OWYHEE,0,0,0,0,,,,0,,0,1,begin_coordinates_missing_or_invalid|damage_crops_missing|damage_property_missing|end_coordinates_missing_or_invalid|no_valid_location_points|requires_crosswalk_or_marine_review|timezone_not_normalized_to_utc
5646766,2077074,1998,1998-05-26T16:45:00,1998-05-31T23:59:00,MST,127.23333333333333,16,,Z,014,ADA/S ELMORE/NC & NE OWYHEE,0,0,0,0,,,,0,,0,1,begin_coordinates_missing_or_invalid|damage_crops_missing|damage_property_missing|end_coordinates_missing_or_invalid|no_valid_location_points|requires_crosswalk_or_marine_review|timezone_not_normalized_to_utc
5646775,2077083,1998,1998-05-22T12:00:00,1998-05-25T12:00:00,MST,72.0,16,,Z,021,SW & SC BINGHAM/X NW BANNOCK/N POWER,0,0,0,0,,,,0,,0,1,begin_coordinates_missing_or_invalid|damage_crops_missing|damage_property_missing|end_coordinates_missing_or_invalid|no_valid_location_points|requires_crosswalk_or_marine_review|timezone_not_normalized_to_utc
5646776,2077084,1998,1998-05-13T09:00:00,1998-05-13T15:00:00,MST,6.0,41,41045,C,045,MALHEUR,0,0,0,0,,,,0,,0,1,begin_coordinates_missing_or_invalid|county_code_unverified|damage_crops_missing|damage_property_missing|end_coordinates_missing_or_invalid|no_valid_location_points|timezone_not_normalized_to_utc
5646888,2077413,1998,1998-05-10T14:00:00,1998-05-13T14:00:00,EST,72.0,36,,Z,064,EASTERN ULSTER,0,0,0,0,10000,,,0,,0,1,begin_coordinates_missing_or_invalid|damage_crops_missing|end_coordinates_missing_or_invalid|no_valid_location_points|requires_crosswalk_or_marine_review|timezone_not_normalized_to_utc
5646889,2077414,1998,1998-05-10T21:10:00,1998-05-11T07:00:00,EST,9.833333333333334,36,,Z,051,WESTERN ALBANY,0,0,0,0,5000,,,0,,0,1,begin_coordinates_missing_or_invalid|damage_crops_missing|end_coordinates_missing_or_invalid|no_valid_location_points|requires_crosswalk_or_marine_review|timezone_not_normalized_to_utc
5646890,2077414,1998,1998-05-10T21:10:00,1998-05-11T07:00:00,EST,9.833333333333334,36,,Z,052,EASTERN ALBANY,0,0,0,0,8000,,,0,,0,1,begin_coordinates_missing_or_invalid|damage_crops_missing|end_coordinates_missing_or_invalid|no_valid_location_points|requires_crosswalk_or_marine_review|timezone_not_normalized_to_utc
5646897,2077085,1998,1998-05-13T14:00:00,1998-05-13T16:00:00,MST,2.0,16,16073,C,073,OWYHEE,0,0,0,0,,,,0,,0,1,begin_coordinates_missing_or_invalid|county_code_unverified|damage_crops_missing|damage_property_missing|end_coordinates_missing_or_invalid|no_valid_location_points|timezone_not_normalized_to_utc
5646902,2077089,1998,1998-05-11T12:00:00,1998-05-15T12:00:00,MST,96.0,16,,Z,021,SW & SC BINGHAM/X NW BANNOCK/N POWER,0,0,0,0,,,,0,,0,1,begin_coordinates_missing_or_invalid|damage_crops_missing|damage_property_missing|end_coordinates_missing_or_invalid|no_valid_location_points|requires_crosswalk_or_marine_review|timezone_not_normalized_to_utc
5646925,2077282,1998,1998-05-23T19:00:00,1998-05-23T21:45:00,CST,2.75,19,19007,C,007,APPANOOSE,0,0,0,0,50000,5000,,0,,0,1,begin_coordinates_missing_or_invalid|county_code_unverified|end_coordinates_missing_or_invalid|no_valid_location_points|timezone_not_normalized_to_utc
5646926,2077282,1998,1998-05-23T19:00:00,1998-05-23T21:45:00,CST,2.75,19,19051,C,051,DAVIS,0,0,0,0,50000,5000,,0,,0,1,begin_coordinates_missing_or_invalid|county_code_unverified|end_coordinates_missing_or_invalid|no_valid_location_points|timezone_not_normalized_to_utc
5646927,2077282,1998,1998-05-23T19:00:00,1998-05-23T21:45:00,CST,2.75,19,19179,C,179,WAPELLO,0,0,0,0,50000,5000,,0,,0,1,begin_coordinates_missing_or_invalid|county_code_unverified|end_coordinates_missing_or_invalid|no_valid_location_points|timezone_not_normalized_to_utc
5646930,2077282,1998,1998-05-23T18:30:00,1998-05-23T20:30:00,CST,2.0,19,19073,C,073,GREENE,0,0,0,0,30000,2000,,0,,0,1,begin_coordinates_missing_or_invalid|county_code_unverified|end_coordinates_missing_or_invalid|no_valid_location_points|timezone_not_normalized_to_utc
5647035,2077106,1998,1998-05-04T16:30:00,1998-05-06T03:15:00,EST,34.75,39,,Z,008,SANDUSKY,0,0,0,0,,,,0,,0,1,begin_coordinates_missing_or_invalid|damage_crops_missing|damage_property_missing|end_coordinates_missing_or_invalid|no_valid_location_points|requires_crosswalk_or_marine_review|timezone_not_normalized_to_utc
5647089,2077287,1998,1998-05-07T01:00:00,1998-05-08T18:00:00,CST,41.0,19,,Z,083,CLARKE,0,0,0,0,25000,10000,,0,,0,1,begin_coordinates_missing_or_invalid|end_coordinates_missing_or_invalid|no_valid_location_points|requires_crosswalk_or_marine_review|timezone_not_normalized_to_utc
5647090,2077287,1998,1998-05-07T01:00:00,1998-05-08T18:00:00,CST,41.0,19,,Z,096,APPANOOSE,0,0,0,0,25000,10000,,0,,0,1,begin_coordinates_missing_or_invalid|end_coordinates_missing_or_invalid|no_valid_location_points|requires_crosswalk_or_marine_review|timezone_not_normalized_to_utc
5647091,2077287,1998,1998-05-07T01:00:00,1998-05-08T18:00:00,CST,41.0,19,,Z,061,JASPER,0,0,0,0,25000,10000,,0,,0,1,begin_coordinates_missing_or_invalid|end_coordinates_missing_or_invalid|no_valid_location_points|requires_crosswalk_or_marine_review|timezone_not_normalized_to_utc
5647092,2077287,1998,1998-05-07T01:00:00,1998-05-08T18:00:00,CST,41.0,19,,Z,084,LUCAS,0,0,0,0,25000,10000,,0,,0,1,begin_coordinates_missing_or_invalid|end_coordinates_missing_or_invalid|no_valid_location_points|requires_crosswalk_or_marine_review|timezone_not_normalized_to_utc
5647093,2077287,1998,1998-05-07T01:00:00,1998-05-08T18:00:00,CST,41.0,19,,Z,075,MAHASKA,0,0,0,0,25000,10000,,0,,0,1,begin_coordinates_missing_or_invalid|end_coordinates_missing_or_invalid|no_valid_location_points|requires_crosswalk_or_marine_review|timezone_not_normalized_to_utc
5647094,2077287,1998,1998-05-07T01:00:00,1998-05-08T18:00:00,CST,41.0,19,,Z,095,WAYNE,0,0,0,0,25000,10000,,0,,0,1,begin_coordinates_missing_or_invalid|end_coordinates_missing_or_invalid|no_valid_location_points|requires_crosswalk_or_marine_review|timezone_not_normalized_to_utc
5647095,2077287,1998,1998-05-07T01:00:00,1998-05-08T18:00:00,CST,41.0,19,,Z,074,MARION,0,0,0,0,25000,10000,,0,,0,1,begin_coordinates_missing_or_invalid|end_coordinates_missing_or_invalid|no_valid_location_points|requires_crosswalk_or_marine_review|timezone_not_normalized_to_utc
5647096,2077288,1998,1998-05-16T18:00:00,1998-05-18T06:00:00,CST,36.0,19,,Z,034,CALHOUN,0,0,0,0,20000,10000,,0,,0,1,begin_coordinates_missing_or_invalid|end_coordinates_missing_or_invalid|no_valid_location_points|requires_crosswalk_or_marine_review|timezone_not_normalized_to_utc
5647097,2077288,1998,1998-05-16T18:00:00,1998-05-18T06:00:00,CST,36.0,19,,Z,045,CARROLL,0,0,0,0,20000,10000,,0,,0,1,begin_coordinates_missing_or_invalid|end_coordinates_missing_or_invalid|no_valid_location_points|requires_crosswalk_or_marine_review|timezone_not_normalized_to_utc
5647098,2077288,1998,1998-05-16T18:00:00,1998-05-18T06:00:00,CST,36.0,19,,Z,059,DALLAS,0,0,0,0,20000,10000,,0,,0,1,begin_coordinates_missing_or_invalid|end_coordinates_missing_or_invalid|no_valid_location_points|requires_crosswalk_or_marine_review|timezone_not_normalized_to_utc
5647099,2077288,1998,1998-05-16T18:00:00,1998-05-18T06:00:00,CST,36.0,19,,Z,004,EMMET,0,0,0,0,20000,10000,,0,,0,1,begin_coordinates_missing_or_invalid|end_coordinates_missing_or_invalid|no_valid_location_points|requires_crosswalk_or_marine_review|timezone_not_normalized_to_utc
5647100,2077288,1998,1998-05-16T18:00:00,1998-05-18T06:00:00,CST,36.0,19,,Z,046,GREENE,0,0,0,0,20000,10000,,0,,0,1,begin_coordinates_missing_or_invalid|end_coordinates_missing_or_invalid|no_valid_location_points|requires_crosswalk_or_marine_review|timezone_not_normalized_to_utc
5647101,2077288,1998,1998-05-16T18:00:00,1998-05-18T06:00:00,CST,36.0,19,,Z,024,HUMBOLDT,0,0,0,0,20000,10000,,0,,0,1,begin_coordinates_missing_or_invalid|end_coordinates_missing_or_invalid|no_valid_location_points|requires_crosswalk_or_marine_review|timezone_not_normalized_to_utc
5647102,2077288,1998,1998-05-16T18:00:00,1998-05-18T06:00:00,CST,36.0,19,,Z,005,KOSSUTH,0,0,0,0,20000,10000,,0,,0,1,begin_coordinates_missing_or_invalid|end_coordinates_missing_or_invalid|no_valid_location_points|requires_crosswalk_or_marine_review|timezone_not_normalized_to_utc
5647103,2077289,1998,1998-05-24T06:00:00,1998-05-26T12:00:00,CST,54.0,19,,Z,061,JASPER,0,0,0,0,25000,10000,,0,,0,1,begin_coordinates_missing_or_invalid|end_coordinates_missing_or_invalid|no_valid_location_points|requires_crosswalk_or_marine_review|timezone_not_normalized_to_utc
5647104,2077289,1998,1998-05-24T06:00:00,1998-05-26T12:00:00,CST,54.0,19,,Z,083,CLARKE,0,0,0,0,25000,10000,,0,,0,1,begin_coordinates_missing_or_invalid|end_coordinates_missing_or_invalid|no_valid_location_points|requires_crosswalk_or_marine_review|timezone_not_normalized_to_utc
5647105,2077289,1998,1998-05-24T06:00:00,1998-05-26T12:00:00,CST,54.0,19,,Z,084,LUCAS,0,0,0,0,25000,10000,,0,,0,1,begin_coordinates_missing_or_invalid|end_coordinates_missing_or_invalid|no_valid_location_points|requires_crosswalk_or_marine_review|timezone_not_normalized_to_utc
5647208,2077289,1998,1998-05-24T06:00:00,1998-05-26T12:00:00,CST,54.0,19,,Z,075,MAHASKA,0,0,0,0,25000,10000,,0,,0,1,begin_coordinates_missing_or_invalid|end_coordinates_missing_or_invalid|no_valid_location_points|requires_crosswalk_or_marine_review|timezone_not_normalized_to_utc
5647209,2077289,1998,1998-05-24T06:00:00,1998-05-26T12:00:00,CST,54.0,19,,Z,074,MARION,0,0,0,0,25000,10000,,0,,0,1,begin_coordinates_missing_or_invalid|end_coordinates_missing_or_invalid|no_valid_location_points|requires_crosswalk_or_marine_review|timezone_not_normalized_to_utc
5647370,2076958,1998,1998-05-26T15:00:00,1998-05-30T14:00:00,AST,95.0,02,,Z,005,UPPER YUKON VALLEY,0,0,0,0,,,,0,,0,1,begin_coordinates_missing_or_invalid|damage_crops_missing|damage_property_missing|end_coordinates_missing_or_invalid|no_valid_location_points|requires_crosswalk_or_marine_review|timezone_not_normalized_to_utc
5647483,2077326,1998,1998-06-12T19:25:00,1998-06-12T19:25:00,EST,0.0,39,,Z,015,PAULDING,0,0,0,0,,,,0,,0,1,begin_coordinates_missing_or_invalid|damage_crops_missing|damage_property_missing|end_coordinates_missing_or_invalid|no_valid_location_points|requires_crosswalk_or_marine_review|timezone_not_normalized_to_utc
5647718,2078939,1998,1998-03-10T08:00:00,1998-03-14T08:00:00,EST,96.0,12,12027,C,027,DE SOTO,0,0,0,0,20000,0,,0,,0,1,begin_coordinates_missing_or_invalid|county_code_unverified|end_coordinates_missing_or_invalid|no_valid_location_points|timezone_not_normalized_to_utc
5647719,2078940,1998,1998-03-19T08:00:00,1998-03-31T23:59:00,EST,303.98333333333335,12,12105,C,105,POLK,0,0,0,0,0,0,,0,,0,1,begin_coordinates_missing_or_invalid|county_code_unverified|end_coordinates_missing_or_invalid|no_valid_location_points|timezone_not_normalized_to_utc
5647721,2078942,1998,1998-03-19T08:00:00,1998-03-24T08:00:00,EST,120.0,12,12057,C,057,HILLSBOROUGH,0,0,0,0,750000,0,,0,,0,1,begin_coordinates_missing_or_invalid|county_code_unverified|end_coordinates_missing_or_invalid|no_valid_location_points|timezone_not_normalized_to_utc
5647722,2078943,1998,1998-03-19T08:00:00,1998-03-24T08:00:00,EST,120.0,12,12081,C,081,MANATEE,0,0,0,0,100000,0,,0,,0,1,begin_coordinates_missing_or_invalid|county_code_unverified|end_coordinates_missing_or_invalid|no_valid_location_points|timezone_not_normalized_to_utc
5647723,2078944,1998,1998-03-19T08:00:00,1998-03-25T08:00:00,EST,144.0,12,12057,C,057,HILLSBOROUGH,0,0,0,0,375000,0,,0,,0,1,begin_coordinates_missing_or_invalid|county_code_unverified|end_coordinates_missing_or_invalid|no_valid_location_points|timezone_not_normalized_to_utc
5647724,2078945,1998,1998-03-19T08:00:00,1998-03-27T08:00:00,EST,192.0,12,12049,C,049,HARDEE,0,0,0,0,0,0,,0,,0,1,begin_coordinates_missing_or_invalid|county_code_unverified|end_coordinates_missing_or_invalid|no_valid_location_points|timezone_not_normalized_to_utc
5647725,2078946,1998,1998-03-19T08:00:00,1998-03-27T08:00:00,EST,192.0,12,12027,C,027,DE SOTO,0,0,0,0,1000000,0,,0,,0,1,begin_coordinates_missing_or_invalid|county_code_unverified|end_coordinates_missing_or_invalid|no_valid_location_points|timezone_not_normalized_to_utc
5647726,1062535,1998,1998-03-19T08:00:00,1998-03-31T23:59:00,EST,303.98333333333335,12,12115,C,115,SARASOTA,0,0,0,0,200000,0,,0,,0,1,begin_coordinates_missing_or_invalid|county_code_unverified|end_coordinates_missing_or_invalid|no_valid_location_points|timezone_not_normalized_to_utc
5647822,2078951,1998,1998-03-20T01:00:00,1998-03-20T18:00:00,EST,17.0,12,12105,C,105,POLK,0,0,0,0,250000,0,,0,,0,1,begin_coordinates_missing_or_invalid|county_code_unverified|end_coordinates_missing_or_invalid|no_valid_location_points|timezone_not_normalized_to_utc
5647823,2078952,1998,1998-03-20T08:00:00,1998-03-23T08:00:00,EST,72.0,12,12057,C,057,HILLSBOROUGH,0,0,0,0,50000,0,,0,,0,1,begin_coordinates_missing_or_invalid|county_code_unverified|end_coordinates_missing_or_invalid|no_valid_location_points|timezone_not_normalized_to_utc
5647824,2078953,1998,1998-03-20T08:00:00,1998-03-31T23:59:00,EST,279.98333333333335,12,12027,C,027,DE SOTO,0,0,0,0,3800000.0,0,,0,,0,1,begin_coordinates_missing_or_invalid|county_code_unverified|end_coordinates_missing_or_invalid|no_valid_location_points|timezone_not_normalized_to_utc
5647886,2078682,1998,1998-03-07T08:30:00,1998-03-07T11:00:00,CST,2.5,22,22071,C,071,ORLEANS,0,0,0,0,,,,0,,0,1,begin_coordinates_missing_or_invalid|county_code_unverified|damage_crops_missing|damage_property_missing|end_coordinates_missing_or_invalid|no_valid_location_points|timezone_not_normalized_to_utc
5647887,2078683,1998,1998-03-07T08:30:00,1998-03-07T11:00:00,CST,2.5,22,22095,C,095,ST. JOHN THE BAPTIST,0,0,0,0,,,,0,,0,1,begin_coordinates_missing_or_invalid|county_code_unverified|damage_crops_missing|damage_property_missing|end_coordinates_missing_or_invalid|no_valid_location_points|timezone_not_normalized_to_utc
5647888,2078684,1998,1998-03-07T12:00:00,1998-03-07T18:00:00,CST,6.0,22,22087,C,087,ST. BERNARD,0,0,0,0,,,,0,,0,1,begin_coordinates_missing_or_invalid|county_code_unverified|damage_crops_missing|damage_property_missing|end_coordinates_missing_or_invalid|no_valid_location_points|timezone_not_normalized_to_utc
5647889,2078685,1998,1998-03-07T06:00:00,1998-03-07T12:00:00,CST,6.0,22,22051,C,051,JEFFERSON,0,0,0,0,,,,0,,0,1,begin_coordinates_missing_or_invalid|county_code_unverified|damage_crops_missing|damage_property_missing|end_coordinates_missing_or_invalid|no_valid_location_points|timezone_not_normalized_to_utc
5647890,2078686,1998,1998-03-07T06:00:00,1998-03-07T12:00:00,CST,6.0,22,22051,C,051,JEFFERSON,0,0,0,0,,,,0,,0,1,begin_coordinates_missing_or_invalid|county_code_unverified|damage_crops_missing|damage_property_missing|end_coordinates_missing_or_invalid|no_valid_location_points|timezone_not_normalized_to_utc
5647892,2078688,1998,1998-03-07T17:00:00,1998-03-08T01:00:00,CST,8.0,22,22103,C,103,ST. TAMMANY,0,0,0,0,,,,0,,0,1,begin_coordinates_missing_or_invalid|county_code_unverified|damage_crops_missing|damage_property_missing|end_coordinates_missing_or_invalid|no_valid_location_points|timezone_not_normalized_to_utc
5647893,2078689,1998,1998-03-07T06:00:00,1998-03-07T12:00:00,CST,6.0,22,22103,C,103,ST. TAMMANY,0,0,0,0,,,,0,,0,1,begin_coordinates_missing_or_invalid|county_code_unverified|damage_crops_missing|damage_property_missing|end_coordinates_missing_or_invalid|no_valid_location_points|timezone_not_normalized_to_utc
5647926,2078959,1998,1998-03-21T09:00:00,1998-03-22T18:00:00,EST,33.0,12,12055,C,055,HIGHLANDS,0,0,0,0,850000,0,,0,,0,1,begin_coordinates_missing_or_invalid|county_code_unverified|end_coordinates_missing_or_invalid|no_valid_location_points|timezone_not_normalized_to_utc
5647927,2078960,1998,1998-03-21T20:00:00,1998-03-22T18:00:00,EST,22.0,12,12101,C,101,PASCO,0,0,0,0,300000,0,,0,,0,1,begin_coordinates_missing_or_invalid|county_code_unverified|end_coordinates_missing_or_invalid|no_valid_location_points|timezone_not_normalized_to_utc
5647928,2078961,1998,1998-03-21T20:00:00,1998-03-22T18:00:00,EST,22.0,12,12101,C,101,PASCO,0,0,0,0,450000,0,,0,,0,1,begin_coordinates_missing_or_invalid|county_code_unverified|end_coordinates_missing_or_invalid|no_valid_location_points|timezone_not_normalized_to_utc
5647993,2078707,1998,1998-03-08T01:00:00,1998-03-09T12:00:00,CST,35.0,28,,Z,081,HARRISON,0,0,0,0,,,,0,,0,1,begin_coordinates_missing_or_invalid|damage_crops_missing|damage_property_missing|end_coordinates_missing_or_invalid|no_valid_location_points|requires_crosswalk_or_marine_review|timezone_not_normalized_to_utc
5647994,2078707,1998,1998-03-08T01:00:00,1998-03-09T12:00:00,CST,35.0,28,,Z,082,JACKSON,0,0,0,0,,,,0,,0,1,begin_coordinates_missing_or_invalid|damage_crops_missing|damage_property_missing|end_coordinates_missing_or_invalid|no_valid_location_points|requires_crosswalk_or_marine_review|timezone_not_normalized_to_utc
5647999,2078710,1998,1998-03-08T00:00:00,1998-03-09T18:00:00,CST,42.0,22,,Z,040,ST. TAMMANY,0,0,0,0,,,,0,,0,1,begin_coordinates_missing_or_invalid|damage_crops_missing|damage_property_missing|end_coordinates_missing_or_invalid|no_valid_location_points|requires_crosswalk_or_marine_review|timezone_not_normalized_to_utc
5648000,2078710,1998,1998-03-08T00:00:00,1998-03-09T18:00:00,CST,42.0,22,,Z,038,TANGIPAHOA,0,0,0,0,,,,0,,0,1,begin_coordinates_missing_or_invalid|damage_crops_missing|damage_property_missing|end_coordinates_missing_or_invalid|no_valid_location_points|requires_crosswalk_or_marine_review|timezone_not_normalized_to_utc
5648034,2078759,1998,1998-03-16T18:00:00,1998-03-19T18:00:00,CST,72.0,40,,Z,019,LOGAN,0,0,0,0,75000,,,0,,0,1,begin_coordinates_missing_or_invalid|damage_crops_missing|end_coordinates_missing_or_invalid|no_valid_location_points|requires_crosswalk_or_marine_review|timezone_not_normalized_to_utc
5648067,2078973,1998,1998-06-04T22:00:00,1998-06-04T22:00:00,CST,0.0,29,29099,C,099,JEFFERSON,0,0,1,0,,,,1,,0,1,begin_coordinates_missing_or_invalid|county_code_unverified|damage_crops_missing|damage_property_missing|end_coordinates_missing_or_invalid|no_valid_location_points|timezone_not_normalized_to_utc
5648117,2078720,1998,1998-04-29T05:00:00,1998-04-29T10:00:00,CST,5.0,22,22051,C,051,JEFFERSON,0,0,0,0,,,,0,,0,1,begin_coordinates_missing_or_invalid|county_code_unverified|damage_crops_missing|damage_property_missing|end_coordinates_missing_or_invalid|no_valid_location_points|timezone_not_normalized_to_utc
5648118,2078720,1998,1998-04-29T05:00:00,1998-04-29T10:00:00,CST,5.0,22,22071,C,071,ORLEANS,0,0,0,0,,,,0,,0,1,begin_coordinates_missing_or_invalid|county_code_unverified|damage_crops_missing|damage_property_missing|end_coordinates_missing_or_invalid|no_valid_location_points|timezone_not_normalized_to_utc
5648456,2078650,1998,1998-06-11T11:00:00,1998-06-13T17:30:00,EST,54.5,18,,Z,058,FAYETTE,0,0,0,0,,,,0,,0,1,begin_coordinates_missing_or_invalid|damage_crops_missing|damage_property_missing|end_coordinates_missing_or_invalid|no_valid_location_points|requires_crosswalk_or_marine_review|timezone_not_normalized_to_utc
5648457,2078650,1998,1998-06-11T11:00:00,1998-06-13T17:30:00,EST,54.5,18,,Z,074,DEARBORN,0,0,0,0,,,,0,,0,1,begin_coordinates_missing_or_invalid|damage_crops_missing|damage_property_missing|end_coordinates_missing_or_invalid|no_valid_location_points|requires_crosswalk_or_marine_review|timezone_not_normalized_to_utc
5648458,2078650,1998,1998-06-11T11:00:00,1998-06-13T17:30:00,EST,54.5,18,,Z,066,FRANKLIN,0,0,0,0,,,,0,,0,1,begin_coordinates_missing_or_invalid|damage_crops_missing|damage_property_missing|end_coordinates_missing_or_invalid|no_valid_location_points|requires_crosswalk_or_marine_review|timezone_not_normalized_to_utc
5648652,1062714,1998,1998-06-14T22:00:00,1998-06-15T15:00:00,EST,17.0,36,,Z,047,SCHOHARIE,0,0,0,0,5000,,,0,,0,1,begin_coordinates_missing_or_invalid|damage_crops_missing|end_coordinates_missing_or_invalid|no_valid_location_points|requires_crosswalk_or_marine_review|timezone_not_normalized_to_utc
5648653,1062714,1998,1998-06-14T22:00:00,1998-06-15T15:00:00,EST,17.0,36,,Z,048,WESTERN SCHENECTADY,0,0,0,0,,,,0,,0,1,begin_coordinates_missing_or_invalid|damage_crops_missing|damage_property_missing|end_coordinates_missing_or_invalid|no_valid_location_points|requires_crosswalk_or_marine_review|timezone_not_normalized_to_utc
5648654,1062714,1998,1998-06-14T22:00:00,1998-06-15T15:00:00,EST,17.0,36,,Z,040,MONTGOMERY,0,0,0,0,5000,,,0,,0,1,begin_coordinates_missing_or_invalid|damage_crops_missing|end_coordinates_missing_or_invalid|no_valid_location_points|requires_crosswalk_or_marine_review|timezone_not_normalized_to_utc
5648655,2079109,1998,1998-06-15T03:00:00,1998-06-17T09:00:00,EST,54.0,36,,Z,040,MONTGOMERY,0,0,0,0,15000,,,0,,0,1,begin_coordinates_missing_or_invalid|damage_crops_missing|end_coordinates_missing_or_invalid|no_valid_location_points|requires_crosswalk_or_marine_review|timezone_not_normalized_to_utc
5648664,2079115,1998,1998-06-17T06:00:00,1998-06-18T08:00:00,EST,26.0,36,,Z,043,WASHINGTON,0,0,0,0,,,,0,,0,1,begin_coordinates_missing_or_invalid|damage_crops_missing|damage_property_missing|end_coordinates_missing_or_invalid|no_valid_location_points|requires_crosswalk_or_marine_review|timezone_not_normalized_to_utc
5648698,2078662,1998,1998-06-15T09:00:00,1998-06-18T03:00:00,EST,66.0,39,,Z,077,HAMILTON,0,0,0,0,,,,0,,0,1,begin_coordinates_missing_or_invalid|damage_crops_missing|damage_property_missing|end_coordinates_missing_or_invalid|no_valid_location_points|requires_crosswalk_or_marine_review|timezone_not_normalized_to_utc
5649044,1062224,1998,1998-06-29T03:30:00,1998-06-30T15:00:00,EST,35.5,39,,Z,054,MADISON,0,0,0,0,,,,0,,0,1,begin_coordinates_missing_or_invalid|damage_crops_missing|damage_property_missing|end_coordinates_missing_or_invalid|no_valid_location_points|requires_crosswalk_or_marine_review|timezone_not_normalized_to_utc
5649045,1062224,1998,1998-06-29T03:30:00,1998-06-30T15:00:00,EST,35.5,39,,Z,055,FRANKLIN,0,0,0,0,,,,0,,0,1,begin_coordinates_missing_or_invalid|damage_crops_missing|damage_property_missing|end_coordinates_missing_or_invalid|no_valid_location_points|requires_crosswalk_or_marine_review|timezone_not_normalized_to_utc
5649046,1062224,1998,1998-06-29T03:30:00,1998-06-30T15:00:00,EST,35.5,39,,Z,064,PICKAWAY,0,0,0,0,,,,0,,0,1,begin_coordinates_missing_or_invalid|damage_crops_missing|damage_property_missing|end_coordinates_missing_or_invalid|no_valid_location_points|requires_crosswalk_or_marine_review|timezone_not_normalized_to_utc
5649047,1062224,1998,1998-06-29T10:30:00,1998-06-30T23:59:00,EST,37.483333333333334,39,,Z,064,PICKAWAY,0,0,0,0,,,,0,,0,1,begin_coordinates_missing_or_invalid|damage_crops_missing|damage_property_missing|end_coordinates_missing_or_invalid|no_valid_location_points|requires_crosswalk_or_marine_review|timezone_not_normalized_to_utc
5649080,2078891,1998,1998-06-19T07:00:00,1998-06-19T08:00:00,MST,1.0,56,,Z,022,ROCK SPRINGS/GREEN RIVER / SW SWEETWATER,0,0,0,0,,,,0,,0,1,begin_coordinates_missing_or_invalid|damage_crops_missing|damage_property_missing|end_coordinates_missing_or_invalid|no_valid_location_points|requires_crosswalk_or_marine_review|timezone_not_normalized_to_utc
5649092,2078899,1998,1998-03-01T00:00:00,1998-03-03T08:00:00,EST,56.0,12,12115,C,115,SARASOTA,0,0,0,0,0,0,,0,,0,1,begin_coordinates_missing_or_invalid|county_code_unverified|end_coordinates_missing_or_invalid|no_valid_location_points|timezone_not_normalized_to_utc
5649093,2078900,1998,1998-03-01T00:00:00,1998-03-03T08:00:00,EST,56.0,12,12027,C,027,DE SOTO,0,0,0,0,25000,0,,0,,0,1,begin_coordinates_missing_or_invalid|county_code_unverified|end_coordinates_missing_or_invalid|no_valid_location_points|timezone_not_normalized_to_utc
5649094,1062486,1998,1998-03-01T00:00:00,1998-03-16T00:00:00,EST,360.0,12,12105,C,105,POLK,0,0,0,0,0,0,,0,,0,1,begin_coordinates_missing_or_invalid|county_code_unverified|end_coordinates_missing_or_invalid|no_valid_location_points|timezone_not_normalized_to_utc
5649095,2078901,1998,1998-03-01T00:00:00,1998-03-28T23:59:00,EST,671.9833333333333,12,12101,C,101,PASCO,0,0,0,0,10000,0,,0,,0,1,begin_coordinates_missing_or_invalid|county_code_unverified|end_coordinates_missing_or_invalid|no_valid_location_points|timezone_not_normalized_to_utc
5649096,2078902,1998,1998-03-01T00:00:00,1998-03-29T08:00:00,EST,680.0,12,12053,C,053,HERNANDO,0,0,0,0,0,100000,,0,,0,1,begin_coordinates_missing_or_invalid|county_code_unverified|end_coordinates_missing_or_invalid|no_valid_location_points|timezone_not_normalized_to_utc
5649172,2078903,1998,1998-03-01T00:00:00,1998-03-31T23:59:00,EST,743.9833333333333,12,12017,C,017,CITRUS,0,0,0,0,250000,0,,0,,0,1,begin_coordinates_missing_or_invalid|county_code_unverified|end_coordinates_missing_or_invalid|no_valid_location_points|timezone_not_normalized_to_utc
5649173,2078904,1998,1998-03-01T00:00:00,1998-03-31T23:59:00,EST,743.9833333333333,12,12017,C,017,CITRUS,0,0,0,0,500000,0,,0,,0,1,begin_coordinates_missing_or_invalid|county_code_unverified|end_coordinates_missing_or_invalid|no_valid_location_points|timezone_not_normalized_to_utc
5649174,2078905,1998,1998-03-01T00:00:00,1998-03-31T23:59:00,EST,743.9833333333333,12,12101,C,101,PASCO,0,0,0,0,750000,0,,0,,0,1,begin_coordinates_missing_or_invalid|county_code_unverified|end_coordinates_missing_or_invalid|no_valid_location_points|timezone_not_normalized_to_utc
5649183,2078914,1998,1998-03-01T08:00:00,1998-03-02T08:00:00,EST,24.0,12,12057,C,057,HILLSBOROUGH,0,0,0,0,20000,0,,0,,0,1,begin_coordinates_missing_or_invalid|county_code_unverified|end_coordinates_missing_or_invalid|no_valid_location_points|timezone_not_normalized_to_utc
5649184,2078915,1998,1998-03-01T08:00:00,1998-03-03T08:00:00,EST,48.0,12,12057,C,057,HILLSBOROUGH,0,0,0,0,0,0,,0,,0,1,begin_coordinates_missing_or_invalid|county_code_unverified|end_coordinates_missing_or_invalid|no_valid_location_points|timezone_not_normalized_to_utc
5649356,2078938,1998,1998-03-09T08:00:00,1998-03-10T08:00:00,EST,24.0,12,12081,C,081,MANATEE,0,0,0,0,0,0,,0,,0,1,begin_coordinates_missing_or_invalid|county_code_unverified|end_coordinates_missing_or_invalid|no_valid_location_points|timezone_not_normalized_to_utc
5649582,2078583,1998,1998-06-19T13:00:00,1998-06-19T17:00:00,CST,4.0,38,38071,C,071,RAMSEY,0,0,0,0,50000,,,0,,0,1,begin_coordinates_missing_or_invalid|county_code_unverified|damage_crops_missing|end_coordinates_missing_or_invalid|no_valid_location_points|timezone_not_normalized_to_utc
5649693,2078342,1998,1998-06-01T00:00:00,1998-06-01T12:00:00,AST,12.0,02,,Z,004,KOYUKUK-UPPER KOBUK VALLEYS,0,0,0,0,,,,0,,0,1,begin_coordinates_missing_or_invalid|damage_crops_missing|damage_property_missing|end_coordinates_missing_or_invalid|no_valid_location_points|requires_crosswalk_or_marine_review|timezone_not_normalized_to_utc
5649702,2078355,1998,1998-04-01T00:00:00,1998-04-05T04:00:00,EST,100.0,25,,Z,003,EASTERN FRANKLIN,0,0,0,0,,,,0,,0,1,begin_coordinates_missing_or_invalid|damage_crops_missing|damage_property_missing|end_coordinates_missing_or_invalid|no_valid_location_points|requires_crosswalk_or_marine_review|timezone_not_normalized_to_utc
5649703,2078355,1998,1998-04-01T00:00:00,1998-04-06T09:00:00,EST,129.0,25,,Z,010,EASTERN HAMPSHIRE,0,0,0,0,,,,0,,0,1,begin_coordinates_missing_or_invalid|damage_crops_missing|damage_property_missing|end_coordinates_missing_or_invalid|no_valid_location_points|requires_crosswalk_or_marine_review|timezone_not_normalized_to_utc
5649819,1061859,1998,1998-04-01T00:00:00,1998-04-08T14:00:00,EST,182.0,09,,Z,002,HARTFORD,0,0,0,0,,,,0,,0,1,begin_coordinates_missing_or_invalid|damage_crops_missing|damage_property_missing|end_coordinates_missing_or_invalid|no_valid_location_points|requires_crosswalk_or_marine_review|timezone_not_normalized_to_utc
5649834,1061867,1998,1998-06-20T01:00:00,1998-06-20T14:30:00,MST,13.5,30,,Z,028,WHEATLAND/PARK/SWEET GRASS,0,0,0,0,,,,0,,0,1,begin_coordinates_missing_or_invalid|damage_crops_missing|damage_property_missing|end_coordinates_missing_or_invalid|no_valid_location_points|requires_crosswalk_or_marine_review|timezone_not_normalized_to_utc
5649841,2078362,1998,1998-06-26T20:00:00,1998-06-27T08:00:00,MST,12.0,30,,Z,028,WHEATLAND/PARK/SWEET GRASS,0,0,0,0,,,,0,,0,1,begin_coordinates_missing_or_invalid|damage_crops_missing|damage_property_missing|end_coordinates_missing_or_invalid|no_valid_location_points|requires_crosswalk_or_marine_review|timezone_not_normalized_to_utc
5649974,2078618,1998,1998-07-09T06:00:00,1998-07-09T21:00:00,MST,15.0,20,,Z,013,SHERMAN,0,0,0,0,,,,0,,0,1,begin_coordinates_missing_or_invalid|damage_crops_missing|damage_property_missing|end_coordinates_missing_or_invalid|no_valid_location_points|requires_crosswalk_or_marine_review|timezone_not_normalized_to_utc
5650101,2078580,1998,1998-06-24T00:00:00,1998-06-29T23:59:00,CST,143.98333333333332,38,,Z,052,SARGENT,0,0,0,0,250000,,,0,,0,1,begin_coordinates_missing_or_invalid|damage_crops_missing|end_coordinates_missing_or_invalid|no_valid_location_points|requires_crosswalk_or_marine_review|timezone_not_normalized_to_utc
5650190,2078610,1998,1998-05-18T03:00:00,1998-05-20T23:00:00,MST,68.0,08,,Z,007,DEBEQUE RIFLE GLENWOOD SPRINGS CORRIDOR / C SE GARFIELD / NC MESA (PART) / X SW EAGLE / X NC PITKIN,0,0,0,0,1000,,,0,,0,1,begin_coordinates_missing_or_invalid|damage_crops_missing|end_coordinates_missing_or_invalid|no_valid_location_points|requires_crosswalk_or_marine_review|timezone_not_normalized_to_utc
5650259,2078523,1998,1998-06-23T04:00:00,1998-06-23T05:00:00,CST,1.0,29,29095,C,095,JACKSON,0,0,0,0,,,,0,,0,1,begin_coordinates_missing_or_invalid|county_code_unverified|damage_crops_missing|damage_property_missing|end_coordinates_missing_or_invalid|no_valid_location_points|timezone_not_normalized_to_utc
5650287,2078626,1998,1998-07-30T06:00:00,1998-07-31T23:59:00,CST,41.983333333333334,20,,Z,003,DECATUR,0,0,0,0,5000,,,0,,0,1,begin_coordinates_missing_or_invalid|damage_crops_missing|end_coordinates_missing_or_invalid|no_valid_location_points|requires_crosswalk_or_marine_review|timezone_not_normalized_to_utc
5650288,2078626,1998,1998-07-29T19:00:00,1998-07-31T23:59:00,CST,52.983333333333334,20,,Z,002,RAWLINS,0,0,0,0,5000,,,0,,0,1,begin_coordinates_missing_or_invalid|damage_crops_missing|end_coordinates_missing_or_invalid|no_valid_location_points|requires_crosswalk_or_marine_review|timezone_not_normalized_to_utc
5650345,2078526,1998,1998-06-29T04:45:00,1998-06-29T04:45:00,CST,0.0,29,29079,C,079,GRUNDY,0,0,0,0,,,,0,,0,1,begin_coordinates_missing_or_invalid|county_code_unverified|damage_crops_missing|damage_property_missing|end_coordinates_missing_or_invalid|no_valid_location_points|timezone_not_normalized_to_utc
5650516,2078530,1998,1998-06-29T00:00:00,1998-06-29T23:59:00,CST,23.983333333333334,20,,Z,105,JOHNSON,0,0,0,0,,,,0,,0,1,begin_coordinates_missing_or_invalid|damage_crops_missing|damage_property_missing|end_coordinates_missing_or_invalid|no_valid_location_points|requires_crosswalk_or_marine_review|timezone_not_normalized_to_utc
5650517,2078531,1998,1998-06-14T00:00:00,1998-06-20T23:59:00,CST,167.98333333333332,20,,Z,103,LEAVENWORTH,0,0,0,0,,,,0,,0,1,begin_coordinates_missing_or_invalid|damage_crops_missing|damage_property_missing|end_coordinates_missing_or_invalid|no_valid_location_points|requires_crosswalk_or_marine_review|timezone_not_normalized_to_utc
5650518,2078532,1998,1998-06-11T00:00:00,1998-06-11T23:59:00,CST,23.983333333333334,29,,Z,001,ATCHISON,0,0,0,0,,,,0,,0,1,begin_coordinates_missing_or_invalid|damage_crops_missing|damage_property_missing|end_coordinates_missing_or_invalid|no_valid_location_points|requires_crosswalk_or_marine_review|timezone_not_normalized_to_utc
5650519,2078533,1998,1998-06-14T00:00:00,1998-06-16T23:59:00,CST,71.98333333333333,29,,Z,001,ATCHISON,0,0,0,0,,,,0,,0,1,begin_coordinates_missing_or_invalid|damage_crops_missing|damage_property_missing|end_coordinates_missing_or_invalid|no_valid_location_points|requires_crosswalk_or_marine_review|timezone_not_normalized_to_utc
5650520,2078533,1998,1998-06-14T00:00:00,1998-06-14T23:59:00,CST,23.983333333333334,29,,Z,002,NODAWAY,0,0,0,0,,,,0,,0,1,begin_coordinates_missing_or_invalid|damage_crops_missing|damage_property_missing|end_coordinates_missing_or_invalid|no_valid_location_points|requires_crosswalk_or_marine_review|timezone_not_normalized_to_utc
5650521,2078533,1998,1998-06-14T00:00:00,1998-06-14T23:59:00,CST,23.983333333333334,29,,Z,040,HOWARD,0,0,0,0,,,,0,,0,1,begin_coordinates_missing_or_invalid|damage_crops_missing|damage_property_missing|end_coordinates_missing_or_invalid|no_valid_location_points|requires_crosswalk_or_marine_review|timezone_not_normalized_to_utc
5650522,2078533,1998,1998-06-14T00:00:00,1998-06-17T23:59:00,CST,95.98333333333333,29,,Z,020,BUCHANAN,0,0,0,0,,,,0,,0,1,begin_coordinates_missing_or_invalid|damage_crops_missing|damage_property_missing|end_coordinates_missing_or_invalid|no_valid_location_points|requires_crosswalk_or_marine_review|timezone_not_normalized_to_utc
5650523,2078533,1998,1998-06-15T00:00:00,1998-06-19T23:59:00,CST,119.98333333333333,29,,Z,028,PLATTE,0,0,0,0,,,,0,,0,1,begin_coordinates_missing_or_invalid|damage_crops_missing|damage_property_missing|end_coordinates_missing_or_invalid|no_valid_location_points|requires_crosswalk_or_marine_review|timezone_not_normalized_to_utc
5650524,2078533,1998,1998-06-14T00:00:00,1998-06-17T23:59:00,CST,95.98333333333333,29,,Z,032,CHARITON,0,0,0,0,,,,0,,0,1,begin_coordinates_missing_or_invalid|damage_crops_missing|damage_property_missing|end_coordinates_missing_or_invalid|no_valid_location_points|requires_crosswalk_or_marine_review|timezone_not_normalized_to_utc
5650525,2078534,1998,1998-06-20T00:00:00,1998-06-23T23:59:00,CST,95.98333333333333,29,,Z,046,COOPER,0,0,0,0,,,,0,,0,1,begin_coordinates_missing_or_invalid|damage_crops_missing|damage_property_missing|end_coordinates_missing_or_invalid|no_valid_location_points|requires_crosswalk_or_marine_review|timezone_not_normalized_to_utc
5650526,2078534,1998,1998-06-22T00:00:00,1998-06-24T23:59:00,CST,71.98333333333333,29,,Z,044,JOHNSON,0,0,0,0,,,,0,,0,1,begin_coordinates_missing_or_invalid|damage_crops_missing|damage_property_missing|end_coordinates_missing_or_invalid|no_valid_location_points|requires_crosswalk_or_marine_review|timezone_not_normalized_to_utc
5650527,2078534,1998,1998-06-22T00:00:00,1998-06-26T23:59:00,CST,119.98333333333333,29,,Z,039,SALINE,0,0,0,0,,,,0,,0,1,begin_coordinates_missing_or_invalid|damage_crops_missing|damage_property_missing|end_coordinates_missing_or_invalid|no_valid_location_points|requires_crosswalk_or_marine_review|timezone_not_normalized_to_utc
5650528,2078534,1998,1998-06-22T00:00:00,1998-06-23T23:59:00,CST,47.983333333333334,29,,Z,040,HOWARD,0,0,0,0,,,,0,,0,1,begin_coordinates_missing_or_invalid|damage_crops_missing|damage_property_missing|end_coordinates_missing_or_invalid|no_valid_location_points|requires_crosswalk_or_marine_review|timezone_not_normalized_to_utc
5650529,2078534,1998,1998-06-22T00:00:00,1998-06-24T23:59:00,CST,71.98333333333333,29,,Z,054,HENRY,0,0,0,0,,,,0,,0,1,begin_coordinates_missing_or_invalid|damage_crops_missing|damage_property_missing|end_coordinates_missing_or_invalid|no_valid_location_points|requires_crosswalk_or_marine_review|timezone_not_normalized_to_utc
5650530,2078534,1998,1998-06-20T00:00:00,1998-06-24T23:59:00,CST,119.98333333333333,29,,Z,031,CARROLL,0,0,0,0,,,,0,,0,1,begin_coordinates_missing_or_invalid|damage_crops_missing|damage_property_missing|end_coordinates_missing_or_invalid|no_valid_location_points|requires_crosswalk_or_marine_review|timezone_not_normalized_to_utc
5650531,2078534,1998,1998-06-23T00:00:00,1998-06-23T23:59:00,CST,23.983333333333334,29,,Z,028,PLATTE,0,0,0,0,,,,0,,0,1,begin_coordinates_missing_or_invalid|damage_crops_missing|damage_property_missing|end_coordinates_missing_or_invalid|no_valid_location_points|requires_crosswalk_or_marine_review|timezone_not_normalized_to_utc
5650532,2078534,1998,1998-06-23T00:00:00,1998-06-23T23:59:00,CST,23.983333333333334,29,,Z,029,CLAY,0,0,0,0,,,,0,,0,1,begin_coordinates_missing_or_invalid|damage_crops_missing|damage_property_missing|end_coordinates_missing_or_invalid|no_valid_location_points|requires_crosswalk_or_marine_review|timezone_not_normalized_to_utc
5650533,2078534,1998,1998-06-23T00:00:00,1998-06-24T23:59:00,CST,47.983333333333334,29,,Z,030,RAY,0,0,0,0,,,,0,,0,1,begin_coordinates_missing_or_invalid|damage_crops_missing|damage_property_missing|end_coordinates_missing_or_invalid|no_valid_location_points|requires_crosswalk_or_marine_review|timezone_not_normalized_to_utc
5650534,2078534,1998,1998-06-20T00:00:00,1998-06-21T00:00:00,CST,24.0,29,,Z,032,CHARITON,0,0,0,0,,,,0,,0,1,begin_coordinates_missing_or_invalid|damage_crops_missing|damage_property_missing|end_coordinates_missing_or_invalid|no_valid_location_points|requires_crosswalk_or_marine_review|timezone_not_normalized_to_utc
5650535,2078535,1998,1998-06-08T00:00:00,1998-06-09T23:59:00,CST,47.983333333333334,29,,Z,044,JOHNSON,0,0,0,0,,,,0,,0,1,begin_coordinates_missing_or_invalid|damage_crops_missing|damage_property_missing|end_coordinates_missing_or_invalid|no_valid_location_points|requires_crosswalk_or_marine_review|timezone_not_normalized_to_utc
5650536,2078535,1998,1998-06-08T00:00:00,1998-06-09T23:59:00,CST,47.983333333333334,29,,Z,046,COOPER,0,0,0,0,,,,0,,0,1,begin_coordinates_missing_or_invalid|damage_crops_missing|damage_property_missing|end_coordinates_missing_or_invalid|no_valid_location_points|requires_crosswalk_or_marine_review|timezone_not_normalized_to_utc
5650537,2078535,1998,1998-06-08T00:00:00,1998-06-10T23:59:00,CST,71.98333333333333,29,,Z,054,HENRY,0,0,0,0,,,,0,,0,1,begin_coordinates_missing_or_invalid|damage_crops_missing|damage_property_missing|end_coordinates_missing_or_invalid|no_valid_location_points|requires_crosswalk_or_marine_review|timezone_not_normalized_to_utc
5650538,2078536,1998,1998-06-04T00:00:00,1998-06-05T23:59:00,CST,47.983333333333334,29,,Z,046,COOPER,0,0,0,0,,,,0,,0,1,begin_coordinates_missing_or_invalid|damage_crops_missing|damage_property_missing|end_coordinates_missing_or_invalid|no_valid_location_points|requires_crosswalk_or_marine_review|timezone_not_normalized_to_utc
5650539,2078537,1998,1998-06-30T00:00:00,1998-06-30T23:59:00,CST,23.983333333333334,29,,Z,017,ADAIR,0,0,0,0,,,,0,,0,1,begin_coordinates_missing_or_invalid|damage_crops_missing|damage_property_missing|end_coordinates_missing_or_invalid|no_valid_location_points|requires_crosswalk_or_marine_review|timezone_not_normalized_to_utc
5650571,2078236,1998,1998-05-19T21:30:00,1998-05-19T23:50:00,EST,2.3333333333333335,18,18021,C,021,CLAY,0,0,0,0,,,,0,,0,1,begin_coordinates_missing_or_invalid|county_code_unverified|damage_crops_missing|damage_property_missing|end_coordinates_missing_or_invalid|no_valid_location_points|timezone_not_normalized_to_utc
5650572,2078236,1998,1998-05-19T21:30:00,1998-05-19T23:50:00,EST,2.3333333333333335,18,18119,C,119,OWEN,0,0,0,0,,,,0,,0,1,begin_coordinates_missing_or_invalid|county_code_unverified|damage_crops_missing|damage_property_missing|end_coordinates_missing_or_invalid|no_valid_location_points|timezone_not_normalized_to_utc
5650573,2078236,1998,1998-05-19T21:30:00,1998-05-19T23:50:00,EST,2.3333333333333335,18,18167,C,167,VIGO,0,0,0,0,,,,0,,0,1,begin_coordinates_missing_or_invalid|county_code_unverified|damage_crops_missing|damage_property_missing|end_coordinates_missing_or_invalid|no_valid_location_points|timezone_not_normalized_to_utc
5650602,2078537,1998,1998-06-29T00:00:00,1998-06-30T23:59:00,CST,47.983333333333334,29,,Z,032,CHARITON,0,0,0,0,,,,0,,0,1,begin_coordinates_missing_or_invalid|damage_crops_missing|damage_property_missing|end_coordinates_missing_or_invalid|no_valid_location_points|requires_crosswalk_or_marine_review|timezone_not_normalized_to_utc
5650603,2078537,1998,1998-06-29T00:00:00,1998-06-30T23:59:00,CST,47.983333333333334,29,,Z,023,LIVINGSTON,0,0,0,0,,,,0,,0,1,begin_coordinates_missing_or_invalid|damage_crops_missing|damage_property_missing|end_coordinates_missing_or_invalid|no_valid_location_points|requires_crosswalk_or_marine_review|timezone_not_normalized_to_utc
5650604,2078538,1998,1998-06-19T00:00:00,1998-06-19T23:59:00,CST,23.983333333333334,29,,Z,032,CHARITON,0,0,0,0,,,,0,,0,1,begin_coordinates_missing_or_invalid|damage_crops_missing|damage_property_missing|end_coordinates_missing_or_invalid|no_valid_location_points|requires_crosswalk_or_marine_review|timezone_not_normalized_to_utc
5650605,2078539,1998,1998-06-10T00:00:00,1998-06-23T23:59:00,CST,335.98333333333335,29,,Z,020,BUCHANAN,0,0,0,0,,,,0,,0,1,begin_coordinates_missing_or_invalid|damage_crops_missing|damage_property_missing|end_coordinates_missing_or_invalid|no_valid_location_points|requires_crosswalk_or_marine_review|timezone_not_normalized_to_utc
5650606,2078539,1998,1998-06-13T00:00:00,1998-06-24T23:59:00,CST,287.98333333333335,29,,Z,037,JACKSON,0,0,0,0,,,,0,,0,1,begin_coordinates_missing_or_invalid|damage_crops_missing|damage_property_missing|end_coordinates_missing_or_invalid|no_valid_location_points|requires_crosswalk_or_marine_review|timezone_not_normalized_to_utc
5650607,2078539,1998,1998-06-14T00:00:00,1998-06-25T23:59:00,CST,287.98333333333335,29,,Z,038,LAFAYETTE,0,0,0,0,,,,0,,0,1,begin_coordinates_missing_or_invalid|damage_crops_missing|damage_property_missing|end_coordinates_missing_or_invalid|no_valid_location_points|requires_crosswalk_or_marine_review|timezone_not_normalized_to_utc
5650608,2078539,1998,1998-06-15T00:00:00,1998-06-24T23:59:00,CST,239.98333333333332,29,,Z,039,SALINE,0,0,0,0,,,,0,,0,1,begin_coordinates_missing_or_invalid|damage_crops_missing|damage_property_missing|end_coordinates_missing_or_invalid|no_valid_location_points|requires_crosswalk_or_marine_review|timezone_not_normalized_to_utc
5650609,2078539,1998,1998-06-16T00:00:00,1998-06-24T23:59:00,CST,215.98333333333332,29,,Z,040,HOWARD,0,0,0,0,,,,0,,0,1,begin_coordinates_missing_or_invalid|damage_crops_missing|damage_property_missing|end_coordinates_missing_or_invalid|no_valid_location_points|requires_crosswalk_or_marine_review|timezone_not_normalized_to_utc
5650610,2078539,1998,1998-06-15T00:00:00,1998-06-25T23:59:00,CST,263.98333333333335,29,,Z,046,COOPER,0,0,0,0,,,,0,,0,1,begin_coordinates_missing_or_invalid|damage_crops_missing|damage_property_missing|end_coordinates_missing_or_invalid|no_valid_location_points|requires_crosswalk_or_marine_review|timezone_not_normalized_to_utc
5650611,2078540,1998,1998-06-26T00:00:00,1998-06-27T23:59:00,CST,47.983333333333334,29,,Z,020,BUCHANAN,0,0,0,0,,,,0,,0,1,begin_coordinates_missing_or_invalid|damage_crops_missing|damage_property_missing|end_coordinates_missing_or_invalid|no_valid_location_points|requires_crosswalk_or_marine_review|timezone_not_normalized_to_utc
5650612,2078541,1998,1998-06-29T00:00:00,1998-06-30T00:00:00,CST,24.0,29,,Z,020,BUCHANAN,0,0,0,0,,,,0,,0,1,begin_coordinates_missing_or_invalid|damage_crops_missing|damage_property_missing|end_coordinates_missing_or_invalid|no_valid_location_points|requires_crosswalk_or_marine_review|timezone_not_normalized_to_utc
5650613,2078541,1998,1998-06-30T00:00:00,1998-06-30T23:59:00,CST,23.983333333333334,29,,Z,038,LAFAYETTE,0,0,0,0,,,,0,,0,1,begin_coordinates_missing_or_invalid|damage_crops_missing|damage_property_missing|end_coordinates_missing_or_invalid|no_valid_location_points|requires_crosswalk_or_marine_review|timezone_not_normalized_to_utc
5650614,2078542,1998,1998-06-13T00:00:00,1998-06-22T23:59:00,CST,239.98333333333332,20,,Z,025,ATCHISON,0,0,0,0,,,,0,,0,1,begin_coordinates_missing_or_invalid|damage_crops_missing|damage_property_missing|end_coordinates_missing_or_invalid|no_valid_location_points|requires_crosswalk_or_marine_review|timezone_not_normalized_to_utc
5650615,2078542,1998,1998-06-14T00:00:00,1998-06-20T23:59:00,CST,167.98333333333332,20,,Z,103,LEAVENWORTH,0,0,0,0,,,,0,,0,1,begin_coordinates_missing_or_invalid|damage_crops_missing|damage_property_missing|end_coordinates_missing_or_invalid|no_valid_location_points|requires_crosswalk_or_marine_review|timezone_not_normalized_to_utc
5650616,2078542,1998,1998-06-13T00:00:00,1998-06-22T23:59:00,CST,239.98333333333332,20,,Z,102,DONIPHAN,0,0,0,0,,1800000.0,,0,,0,1,begin_coordinates_missing_or_invalid|damage_property_missing|end_coordinates_missing_or_invalid|no_valid_location_points|requires_crosswalk_or_marine_review|timezone_not_normalized_to_utc
5650629,2078243,1998,1998-05-23T07:20:00,1998-05-23T07:20:00,EST,0.0,18,18119,C,119,OWEN,0,0,0,0,,,,0,,0,1,begin_coordinates_missing_or_invalid|county_code_unverified|damage_crops_missing|damage_property_missing|end_coordinates_missing_or_invalid|no_valid_location_points|timezone_not_normalized_to_utc
5650634,2078247,1998,1998-05-29T15:30:00,1998-05-29T16:30:00,EST,1.0,18,18035,C,035,DELAWARE,0,0,0,0,,,,0,,0,1,begin_coordinates_missing_or_invalid|county_code_unverified|damage_crops_missing|damage_property_missing|end_coordinates_missing_or_invalid|no_valid_location_points|timezone_not_normalized_to_utc
5650652,2078256,1998,1998-05-29T23:35:00,1998-05-30T04:00:00,EST,4.416666666666667,18,18027,C,027,DAVIESS,0,0,0,0,,,,0,,0,1,begin_coordinates_missing_or_invalid|county_code_unverified|damage_crops_missing|damage_property_missing|end_coordinates_missing_or_invalid|no_valid_location_points|timezone_not_normalized_to_utc
5650653,2078257,1998,1998-05-30T01:05:00,1998-05-30T04:30:00,EST,3.4166666666666665,18,18005,C,005,BARTHOLOMEW,0,0,0,0,,,,0,,0,1,begin_coordinates_missing_or_invalid|county_code_unverified|damage_crops_missing|damage_property_missing|end_coordinates_missing_or_invalid|no_valid_location_points|timezone_not_normalized_to_utc
5650749,2078467,1998,1998-06-21T16:05:00,1998-06-21T16:45:00,MST,0.6666666666666666,31,31033,C,033,CHEYENNE,0,0,0,0,0,0,,0,,0,1,begin_coordinates_missing_or_invalid|county_code_unverified|end_coordinates_missing_or_invalid|no_valid_location_points|timezone_not_normalized_to_utc
5651432,2080197,1998,1998-06-06T15:35:00,1998-06-08T21:00:00,CST,53.416666666666664,47,,Z,002,OBION,0,0,0,0,20000,97000,,0,,0,1,begin_coordinates_missing_or_invalid|end_coordinates_missing_or_invalid|no_valid_location_points|requires_crosswalk_or_marine_review|timezone_not_normalized_to_utc
5651539,2080207,1998,1998-06-20T05:00:00,1998-06-20T07:00:00,CST,2.0,05,05093,C,093,MISSISSIPPI,0,0,0,0,1000,,,0,,0,1,begin_coordinates_missing_or_invalid|county_code_unverified|damage_crops_missing|end_coordinates_missing_or_invalid|no_valid_location_points|timezone_not_normalized_to_utc
5651599,2080015,1998,1998-06-18T06:00:00,1998-06-18T09:30:00,CST,3.5,31,,Z,031,MADISON,0,0,0,0,500000,,,0,,0,1,begin_coordinates_missing_or_invalid|damage_crops_missing|end_coordinates_missing_or_invalid|no_valid_location_points|requires_crosswalk_or_marine_review|timezone_not_normalized_to_utc
5651600,2080016,1998,1998-06-18T09:00:00,1998-06-18T15:00:00,CST,6.0,31,,Z,042,PLATTE,0,0,0,0,,,,0,,0,1,begin_coordinates_missing_or_invalid|damage_crops_missing|damage_property_missing|end_coordinates_missing_or_invalid|no_valid_location_points|requires_crosswalk_or_marine_review|timezone_not_normalized_to_utc
5651602,2080018,1998,1998-06-09T07:46:00,1998-06-30T17:00:00,CST,513.2333333333333,19,,Z,069,POTTAWATTAMIE,0,0,0,0,,2000000,,0,,0,1,begin_coordinates_missing_or_invalid|damage_property_missing|end_coordinates_missing_or_invalid|no_valid_location_points|requires_crosswalk_or_marine_review|timezone_not_normalized_to_utc
5651603,2080018,1998,1998-06-09T07:46:00,1998-06-30T17:00:00,CST,513.2333333333333,19,,Z,079,MILLS,0,0,0,0,,4000000,,0,,0,1,begin_coordinates_missing_or_invalid|damage_property_missing|end_coordinates_missing_or_invalid|no_valid_location_points|requires_crosswalk_or_marine_review|timezone_not_normalized_to_utc
5651604,2080018,1998,1998-06-09T07:46:00,1998-06-30T17:00:00,CST,513.2333333333333,19,,Z,090,FREMONT,0,0,0,0,,25000000,,0,,0,1,begin_coordinates_missing_or_invalid|damage_property_missing|end_coordinates_missing_or_invalid|no_valid_location_points|requires_crosswalk_or_marine_review|timezone_not_normalized_to_utc
5651605,2080018,1998,1998-06-14T10:00:00,1998-06-17T03:30:00,CST,65.5,19,,Z,091,PAGE,0,0,0,0,,2000000,,0,,0,1,begin_coordinates_missing_or_invalid|damage_property_missing|end_coordinates_missing_or_invalid|no_valid_location_points|requires_crosswalk_or_marine_review|timezone_not_normalized_to_utc
5651606,2080018,1998,1998-06-14T10:00:00,1998-06-17T03:30:00,CST,65.5,19,,Z,080,MONTGOMERY,0,0,0,0,,2000000,,0,,0,1,begin_coordinates_missing_or_invalid|damage_property_missing|end_coordinates_missing_or_invalid|no_valid_location_points|requires_crosswalk_or_marine_review|timezone_not_normalized_to_utc
5651705,2080054,1998,1998-06-10T09:00:00,1998-06-10T17:00:00,EST,8.0,51,,Z,007,TAZEWELL,0,0,0,0,,,,0,,0,1,begin_coordinates_missing_or_invalid|damage_crops_missing|damage_property_missing|end_coordinates_missing_or_invalid|no_valid_location_points|requires_crosswalk_or_marine_review|timezone_not_normalized_to_utc
5651833,2080057,1998,1998-06-21T04:00:00,1998-06-21T21:00:00,EST,17.0,51,,Z,047,BUCKINGHAM,0,0,0,0,,,,0,,0,1,begin_coordinates_missing_or_invalid|damage_crops_missing|damage_property_missing|end_coordinates_missing_or_invalid|no_valid_location_points|requires_crosswalk_or_marine_review|timezone_not_normalized_to_utc
5651933,2079804,1998,1998-05-03T21:40:00,1998-05-03T23:30:00,EST,1.8333333333333333,18,18073,C,073,JASPER,0,0,0,0,,,,0,,0,1,begin_coordinates_missing_or_invalid|county_code_unverified|damage_crops_missing|damage_property_missing|end_coordinates_missing_or_invalid|no_valid_location_points|timezone_not_normalized_to_utc
5652035,1063365,1998,1998-06-16T02:15:00,1998-06-16T03:00:00,EST,0.75,45,45077,C,077,PICKENS,0,0,0,0,,,,0,,0,1,begin_coordinates_missing_or_invalid|county_code_unverified|damage_crops_missing|damage_property_missing|end_coordinates_missing_or_invalid|no_valid_location_points|timezone_not_normalized_to_utc
5652488,2079144,1998,1998-06-20T14:00:00,1998-06-20T18:00:00,CST,4.0,19,19195,C,195,WORTH,0,0,0,0,75000,10000,,0,,0,1,begin_coordinates_missing_or_invalid|county_code_unverified|end_coordinates_missing_or_invalid|no_valid_location_points|timezone_not_normalized_to_utc
5652489,2079144,1998,1998-06-20T14:00:00,1998-06-20T18:00:00,CST,4.0,19,19033,C,033,CERRO GORDO,0,0,0,0,150000,10000,,0,,0,1,begin_coordinates_missing_or_invalid|county_code_unverified|end_coordinates_missing_or_invalid|no_valid_location_points|timezone_not_normalized_to_utc
5652490,2079144,1998,1998-06-20T14:00:00,1998-06-20T18:00:00,CST,4.0,19,19081,C,081,HANCOCK,0,0,0,0,75000,10000,,0,,0,1,begin_coordinates_missing_or_invalid|county_code_unverified|end_coordinates_missing_or_invalid|no_valid_location_points|timezone_not_normalized_to_utc
5652491,2079144,1998,1998-06-20T16:15:00,1998-06-20T19:30:00,CST,3.25,19,19023,C,023,BUTLER,0,0,0,0,50000,5000,,0,,0,1,begin_coordinates_missing_or_invalid|county_code_unverified|end_coordinates_missing_or_invalid|no_valid_location_points|timezone_not_normalized_to_utc
5652492,2079144,1998,1998-06-20T16:15:00,1998-06-20T19:30:00,CST,3.25,19,19013,C,013,BLACK HAWK,0,0,0,0,75000,5000,,0,,0,1,begin_coordinates_missing_or_invalid|county_code_unverified|end_coordinates_missing_or_invalid|no_valid_location_points|timezone_not_normalized_to_utc
5652493,2079144,1998,1998-06-20T16:15:00,1998-06-20T19:30:00,CST,3.25,19,19017,C,017,BREMER,0,0,0,0,50000,5000,,0,,0,1,begin_coordinates_missing_or_invalid|county_code_unverified|end_coordinates_missing_or_invalid|no_valid_location_points|timezone_not_normalized_to_utc
5652494,2079144,1998,1998-06-20T16:15:00,1998-06-20T19:30:00,CST,3.25,19,19033,C,033,CERRO GORDO,0,0,0,0,50000,5000,,0,,0,1,begin_coordinates_missing_or_invalid|county_code_unverified|end_coordinates_missing_or_invalid|no_valid_location_points|timezone_not_normalized_to_utc
5652495,2079144,1998,1998-06-20T16:15:00,1998-06-20T23:00:00,CST,6.75,19,19069,C,069,FRANKLIN,0,0,0,0,100000,15000,,0,,0,1,begin_coordinates_missing_or_invalid|county_code_unverified|end_coordinates_missing_or_invalid|no_valid_location_points|timezone_not_normalized_to_utc
5652496,2079144,1998,1998-06-20T16:15:00,1998-06-20T19:30:00,CST,3.25,19,19075,C,075,GRUNDY,0,0,0,0,50000,5000,,0,,0,1,begin_coordinates_missing_or_invalid|county_code_unverified|end_coordinates_missing_or_invalid|no_valid_location_points|timezone_not_normalized_to_utc
5652497,2079144,1998,1998-06-20T16:15:00,1998-06-20T19:30:00,CST,3.25,19,19081,C,081,HANCOCK,0,0,0,0,50000,5000,,0,,0,1,begin_coordinates_missing_or_invalid|county_code_unverified|end_coordinates_missing_or_invalid|no_valid_location_points|timezone_not_normalized_to_utc
5652498,2079144,1998,1998-06-20T19:00:00,1998-06-20T23:00:00,CST,4.0,19,19083,C,083,HARDIN,0,0,0,0,70000,5000,,0,,0,1,begin_coordinates_missing_or_invalid|county_code_unverified|end_coordinates_missing_or_invalid|no_valid_location_points|timezone_not_normalized_to_utc
5652499,2079144,1998,1998-06-20T19:00:00,1998-06-20T23:00:00,CST,4.0,19,19169,C,169,STORY,0,0,0,0,70000,5000,,0,,0,1,begin_coordinates_missing_or_invalid|county_code_unverified|end_coordinates_missing_or_invalid|no_valid_location_points|timezone_not_normalized_to_utc
5652502,2079144,1998,1998-06-20T14:00:00,1998-06-20T18:00:00,CST,4.0,19,19197,C,197,WRIGHT,0,0,0,0,75000,10000,,0,,0,1,begin_coordinates_missing_or_invalid|county_code_unverified|end_coordinates_missing_or_invalid|no_valid_location_points|timezone_not_normalized_to_utc
5652606,2079623,1998,1998-06-24T00:00:00,1998-06-24T01:30:00,CST,1.5,19,19037,C,037,CHICKASAW,0,0,0,0,20000,,,0,,0,1,begin_coordinates_missing_or_invalid|county_code_unverified|damage_crops_missing|end_coordinates_missing_or_invalid|no_valid_location_points|timezone_not_normalized_to_utc
5652610,2079145,1998,1998-06-24T01:00:00,1998-06-24T04:00:00,CST,3.0,19,19127,C,127,MARSHALL,0,0,0,0,30000,3000,,0,,0,1,begin_coordinates_missing_or_invalid|county_code_unverified|end_coordinates_missing_or_invalid|no_valid_location_points|timezone_not_normalized_to_utc
5652611,2079145,1998,1998-06-24T01:00:00,1998-06-24T04:00:00,CST,3.0,19,19075,C,075,GRUNDY,0,0,0,0,30000,3000,,0,,0,1,begin_coordinates_missing_or_invalid|county_code_unverified|end_coordinates_missing_or_invalid|no_valid_location_points|timezone_not_normalized_to_utc
5652747,2079149,1998,1998-06-27T22:30:00,1998-06-28T01:00:00,CST,2.5,19,19033,C,033,CERRO GORDO,0,0,0,0,50000,10000,,0,,0,1,begin_coordinates_missing_or_invalid|county_code_unverified|end_coordinates_missing_or_invalid|no_valid_location_points|timezone_not_normalized_to_utc
5652748,2079149,1998,1998-06-27T22:30:00,1998-06-28T01:00:00,CST,2.5,19,19013,C,013,BLACK HAWK,0,0,0,0,50000,10000,,0,,0,1,begin_coordinates_missing_or_invalid|county_code_unverified|end_coordinates_missing_or_invalid|no_valid_location_points|timezone_not_normalized_to_utc
5652749,2079149,1998,1998-06-27T22:30:00,1998-06-28T01:00:00,CST,2.5,19,19017,C,017,BREMER,0,0,0,0,50000,10000,,0,,0,1,begin_coordinates_missing_or_invalid|county_code_unverified|end_coordinates_missing_or_invalid|no_valid_location_points|timezone_not_normalized_to_utc
5652750,2079149,1998,1998-06-27T22:30:00,1998-06-28T01:00:00,CST,2.5,19,19023,C,023,BUTLER,0,0,0,0,50000,10000,,0,,0,1,begin_coordinates_missing_or_invalid|county_code_unverified|end_coordinates_missing_or_invalid|no_valid_location_points|timezone_not_normalized_to_utc
5652751,2079149,1998,1998-06-27T22:30:00,1998-06-28T01:00:00,CST,2.5,19,19069,C,069,FRANKLIN,0,0,0,0,50000,10000,,0,,0,1,begin_coordinates_missing_or_invalid|county_code_unverified|end_coordinates_missing_or_invalid|no_valid_location_points|timezone_not_normalized_to_utc
5652752,2079149,1998,1998-06-27T22:30:00,1998-06-28T01:00:00,CST,2.5,19,19075,C,075,GRUNDY,0,0,0,0,50000,10000,,0,,0,1,begin_coordinates_missing_or_invalid|county_code_unverified|end_coordinates_missing_or_invalid|no_valid_location_points|timezone_not_normalized_to_utc
5652753,2079149,1998,1998-06-27T22:30:00,1998-06-28T01:00:00,CST,2.5,19,19083,C,083,HARDIN,0,0,0,0,50000,10000,,0,,0,1,begin_coordinates_missing_or_invalid|county_code_unverified|end_coordinates_missing_or_invalid|no_valid_location_points|timezone_not_normalized_to_utc
5652802,2079227,1998,1998-03-29T15:00:00,1998-03-29T18:00:00,AST,3.0,99,,C,127,SAN JUAN,0,0,0,0,5000,,,0,,0,1,begin_coordinates_missing_or_invalid|damage_crops_missing|end_coordinates_missing_or_invalid|no_valid_location_points|requires_crosswalk_or_marine_review|timezone_not_normalized_to_utc
5652803,2079228,1998,1998-03-30T13:00:00,1998-03-30T15:00:00,AST,2.0,99,,C,127,SAN JUAN,0,0,0,0,,,,0,,0,1,begin_coordinates_missing_or_invalid|damage_crops_missing|damage_property_missing|end_coordinates_missing_or_invalid|no_valid_location_points|requires_crosswalk_or_marine_review|timezone_not_normalized_to_utc
5652811,2079233,1998,1998-04-17T13:00:00,1998-04-17T14:30:00,AST,1.5,99,,C,097,MAYAGUEZ,0,0,0,0,,,,0,,0,1,begin_coordinates_missing_or_invalid|damage_crops_missing|damage_property_missing|end_coordinates_missing_or_invalid|no_valid_location_points|requires_crosswalk_or_marine_review|timezone_not_normalized_to_utc
5652906,2079237,1998,1998-04-19T15:00:00,1998-04-19T18:00:00,AST,3.0,99,,C,069,HUMACAO,0,0,0,0,,,,0,,0,1,begin_coordinates_missing_or_invalid|damage_crops_missing|damage_property_missing|end_coordinates_missing_or_invalid|no_valid_location_points|requires_crosswalk_or_marine_review|timezone_not_normalized_to_utc
5652907,2079238,1998,1998-04-01T00:00:00,1998-04-01T08:00:00,EST,8.0,12,12101,C,101,PASCO,0,0,0,0,100000,0,,0,,0,1,begin_coordinates_missing_or_invalid|county_code_unverified|end_coordinates_missing_or_invalid|no_valid_location_points|timezone_not_normalized_to_utc
5652908,2079239,1998,1998-04-01T00:00:00,1998-04-01T08:00:00,EST,8.0,12,12115,C,115,SARASOTA,0,0,0,0,0,0,,0,,0,1,begin_coordinates_missing_or_invalid|county_code_unverified|end_coordinates_missing_or_invalid|no_valid_location_points|timezone_not_normalized_to_utc
5652909,2079240,1998,1998-04-01T00:00:00,1998-04-01T08:00:00,EST,8.0,12,12027,C,027,DE SOTO,0,0,0,0,10000,0,,0,,0,1,begin_coordinates_missing_or_invalid|county_code_unverified|end_coordinates_missing_or_invalid|no_valid_location_points|timezone_not_normalized_to_utc
5652910,2079241,1998,1998-04-01T00:00:00,1998-04-02T08:00:00,EST,32.0,12,12101,C,101,PASCO,0,0,0,0,2000,0,,0,,0,1,begin_coordinates_missing_or_invalid|county_code_unverified|end_coordinates_missing_or_invalid|no_valid_location_points|timezone_not_normalized_to_utc
5652911,2079242,1998,1998-04-01T00:00:00,1998-04-04T08:00:00,EST,80.0,12,12105,C,105,POLK,0,0,0,0,0,0,,0,,0,1,begin_coordinates_missing_or_invalid|county_code_unverified|end_coordinates_missing_or_invalid|no_valid_location_points|timezone_not_normalized_to_utc
5652912,2079243,1998,1998-04-01T00:00:00,1998-04-07T08:00:00,EST,152.0,12,12017,C,017,CITRUS,0,0,0,0,5000,0,,0,,0,1,begin_coordinates_missing_or_invalid|county_code_unverified|end_coordinates_missing_or_invalid|no_valid_location_points|timezone_not_normalized_to_utc
5652922,2079244,1998,1998-04-01T00:00:00,1998-04-19T08:00:00,EST,440.0,12,12017,C,017,CITRUS,0,0,0,0,300000,0,,0,,0,1,begin_coordinates_missing_or_invalid|county_code_unverified|end_coordinates_missing_or_invalid|no_valid_location_points|timezone_not_normalized_to_utc
5652947,2079649,1998,1998-07-05T09:30:00,1998-07-05T14:00:00,CST,4.5,19,19077,C,077,GUTHRIE,0,0,0,0,30000,5000,,0,,0,1,begin_coordinates_missing_or_invalid|county_code_unverified|end_coordinates_missing_or_invalid|no_valid_location_points|timezone_not_normalized_to_utc
5652948,2079649,1998,1998-07-05T09:30:00,1998-07-05T14:00:00,CST,4.5,19,19001,C,001,ADAIR,0,0,0,0,30000,5000,,0,,0,1,begin_coordinates_missing_or_invalid|county_code_unverified|end_coordinates_missing_or_invalid|no_valid_location_points|timezone_not_normalized_to_utc
5652949,2079650,1998,1998-07-06T03:30:00,1998-07-06T08:00:00,CST,4.5,19,19179,C,179,WAPELLO,0,0,0,0,25000,5000,,0,,0,1,begin_coordinates_missing_or_invalid|county_code_unverified|end_coordinates_missing_or_invalid|no_valid_location_points|timezone_not_normalized_to_utc
5652950,2079650,1998,1998-07-06T03:30:00,1998-07-06T08:00:00,CST,4.5,19,19123,C,123,MAHASKA,0,0,0,0,25000,5000,,0,,0,1,begin_coordinates_missing_or_invalid|county_code_unverified|end_coordinates_missing_or_invalid|no_valid_location_points|timezone_not_normalized_to_utc
5652951,2079650,1998,1998-07-06T03:30:00,1998-07-06T08:00:00,CST,4.5,19,19125,C,125,MARION,0,0,0,0,25000,5000,,0,,0,1,begin_coordinates_missing_or_invalid|county_code_unverified|end_coordinates_missing_or_invalid|no_valid_location_points|timezone_not_normalized_to_utc
5652952,2079650,1998,1998-07-06T03:30:00,1998-07-06T08:00:00,CST,4.5,19,19181,C,181,WARREN,0,0,0,0,25000,5000,,0,,0,1,begin_coordinates_missing_or_invalid|county_code_unverified|end_coordinates_missing_or_invalid|no_valid_location_points|timezone_not_normalized_to_utc
5652967,2079651,1998,1998-07-06T18:00:00,1998-07-06T22:00:00,CST,4.0,19,19161,C,161,SAC,0,0,0,0,50000,10000,,0,,0,1,begin_coordinates_missing_or_invalid|county_code_unverified|end_coordinates_missing_or_invalid|no_valid_location_points|timezone_not_normalized_to_utc
5652968,2079651,1998,1998-07-06T18:00:00,1998-07-06T22:00:00,CST,4.0,19,19027,C,027,CARROLL,0,0,0,0,50000,10000,,0,,0,1,begin_coordinates_missing_or_invalid|county_code_unverified|end_coordinates_missing_or_invalid|no_valid_location_points|timezone_not_normalized_to_utc
5652969,2079651,1998,1998-07-06T19:00:00,1998-07-06T21:00:00,CST,2.0,19,19073,C,073,GREENE,0,0,0,0,25000,5000,,0,,0,1,begin_coordinates_missing_or_invalid|county_code_unverified|end_coordinates_missing_or_invalid|no_valid_location_points|timezone_not_normalized_to_utc
5652985,2079150,1998,1998-06-29T13:00:00,1998-06-29T15:00:00,CST,2.0,19,19169,C,169,STORY,0,0,0,0,50000,10000,,0,,0,1,begin_coordinates_missing_or_invalid|county_code_unverified|end_coordinates_missing_or_invalid|no_valid_location_points|timezone_not_normalized_to_utc
5652986,2079150,1998,1998-06-29T13:00:00,1998-06-29T15:00:00,CST,2.0,19,19049,C,049,DALLAS,0,0,0,0,50000,10000,,0,,0,1,begin_coordinates_missing_or_invalid|county_code_unverified|end_coordinates_missing_or_invalid|no_valid_location_points|timezone_not_normalized_to_utc
5652987,2079150,1998,1998-06-29T13:00:00,1998-06-29T15:00:00,CST,2.0,19,19099,C,099,JASPER,0,0,0,0,50000,10000,,0,,0,1,begin_coordinates_missing_or_invalid|county_code_unverified|end_coordinates_missing_or_invalid|no_valid_location_points|timezone_not_normalized_to_utc
5652988,2079150,1998,1998-06-29T13:00:00,1998-06-29T15:00:00,CST,2.0,19,19127,C,127,MARSHALL,0,0,0,0,50000,10000,,0,,0,1,begin_coordinates_missing_or_invalid|county_code_unverified|end_coordinates_missing_or_invalid|no_valid_location_points|timezone_not_normalized_to_utc
5652989,2079150,1998,1998-06-29T13:00:00,1998-06-29T15:00:00,CST,2.0,19,19153,C,153,POLK,0,0,0,0,75000,10000,,0,,0,1,begin_coordinates_missing_or_invalid|county_code_unverified|end_coordinates_missing_or_invalid|no_valid_location_points|timezone_not_normalized_to_utc
5652990,2079150,1998,1998-06-29T12:00:00,1998-06-29T15:00:00,CST,3.0,19,19025,C,025,CALHOUN,0,0,0,0,50000,10000,,0,,0,1,begin_coordinates_missing_or_invalid|county_code_unverified|end_coordinates_missing_or_invalid|no_valid_location_points|timezone_not_normalized_to_utc
5652991,2079150,1998,1998-06-29T12:00:00,1998-06-29T15:00:00,CST,3.0,19,19069,C,069,FRANKLIN,0,0,0,0,50000,10000,,0,,0,1,begin_coordinates_missing_or_invalid|county_code_unverified|end_coordinates_missing_or_invalid|no_valid_location_points|timezone_not_normalized_to_utc
5652992,2079150,1998,1998-06-29T12:00:00,1998-06-29T15:00:00,CST,3.0,19,19083,C,083,HARDIN,0,0,0,0,50000,10000,,0,,0,1,begin_coordinates_missing_or_invalid|county_code_unverified|end_coordinates_missing_or_invalid|no_valid_location_points|timezone_not_normalized_to_utc
5652993,2079150,1998,1998-06-29T12:00:00,1998-06-29T15:00:00,CST,3.0,19,19091,C,091,HUMBOLDT,0,0,0,0,50000,10000,,0,,0,1,begin_coordinates_missing_or_invalid|county_code_unverified|end_coordinates_missing_or_invalid|no_valid_location_points|timezone_not_normalized_to_utc
5652994,2079150,1998,1998-06-29T12:00:00,1998-06-29T15:00:00,CST,3.0,19,19151,C,151,POCAHONTAS,0,0,0,0,50000,10000,,0,,0,1,begin_coordinates_missing_or_invalid|county_code_unverified|end_coordinates_missing_or_invalid|no_valid_location_points|timezone_not_normalized_to_utc
5652995,2079150,1998,1998-06-29T12:00:00,1998-06-29T15:00:00,CST,3.0,19,19187,C,187,WEBSTER,0,0,0,0,50000,10000,,0,,0,1,begin_coordinates_missing_or_invalid|county_code_unverified|end_coordinates_missing_or_invalid|no_valid_location_points|timezone_not_normalized_to_utc
5652996,2079150,1998,1998-06-29T12:00:00,1998-06-29T15:00:00,CST,3.0,19,19197,C,197,WRIGHT,0,0,0,0,50000,10000,,0,,0,1,begin_coordinates_missing_or_invalid|county_code_unverified|end_coordinates_missing_or_invalid|no_valid_location_points|timezone_not_normalized_to_utc
5653029,2079255,1998,1998-06-18T21:00:00,1998-06-20T07:00:00,MST,34.0,46,,Z,012,BUTTE / EXCEPT X SW BUTTE,0,0,0,0,,,,0,,0,1,begin_coordinates_missing_or_invalid|damage_crops_missing|damage_property_missing|end_coordinates_missing_or_invalid|no_valid_location_points|requires_crosswalk_or_marine_review|timezone_not_normalized_to_utc
5653030,2079255,1998,1998-06-19T10:00:00,1998-06-21T18:00:00,MST,56.0,46,,Z,002,PERKINS,0,0,0,0,,,,0,,0,1,begin_coordinates_missing_or_invalid|damage_crops_missing|damage_property_missing|end_coordinates_missing_or_invalid|no_valid_location_points|requires_crosswalk_or_marine_review|timezone_not_normalized_to_utc
5653031,2079256,1998,1998-06-18T06:00:00,1998-06-18T16:00:00,MST,10.0,46,46103,C,103,PENNINGTON,0,0,0,0,,,,0,,0,1,begin_coordinates_missing_or_invalid|county_code_unverified|damage_crops_missing|damage_property_missing|end_coordinates_missing_or_invalid|no_valid_location_points|timezone_not_normalized_to_utc
5653032,2079256,1998,1998-06-18T06:00:00,1998-06-18T16:00:00,MST,10.0,46,46093,C,093,MEADE,0,0,0,0,,,,0,,0,1,begin_coordinates_missing_or_invalid|county_code_unverified|damage_crops_missing|damage_property_missing|end_coordinates_missing_or_invalid|no_valid_location_points|timezone_not_normalized_to_utc
5653033,2079256,1998,1998-06-18T08:00:00,1998-06-18T16:00:00,MST,8.0,46,46081,C,081,LAWRENCE,0,0,0,0,,,,0,,0,1,begin_coordinates_missing_or_invalid|county_code_unverified|damage_crops_missing|damage_property_missing|end_coordinates_missing_or_invalid|no_valid_location_points|timezone_not_normalized_to_utc
5653034,2079256,1998,1998-06-18T10:00:00,1998-06-18T16:00:00,MST,6.0,46,46019,C,019,BUTTE,0,0,0,0,,,,0,,0,1,begin_coordinates_missing_or_invalid|county_code_unverified|damage_crops_missing|damage_property_missing|end_coordinates_missing_or_invalid|no_valid_location_points|timezone_not_normalized_to_utc
5653089,2079632,1998,1998-06-27T18:45:00,1998-06-27T19:45:00,CST,1.0,27,27109,C,109,OLMSTED,0,0,0,0,,,,0,,0,1,begin_coordinates_missing_or_invalid|county_code_unverified|damage_crops_missing|damage_property_missing|end_coordinates_missing_or_invalid|no_valid_location_points|timezone_not_normalized_to_utc
5653095,2079632,1998,1998-06-27T19:00:00,1998-06-27T21:00:00,CST,2.0,27,27045,C,045,FILLMORE,0,0,0,0,1600.0,2800.0,,0,,0,1,begin_coordinates_missing_or_invalid|county_code_unverified|end_coordinates_missing_or_invalid|no_valid_location_points|timezone_not_normalized_to_utc
5653115,2079633,1998,1998-06-27T20:00:00,1998-06-27T21:03:00,CST,1.05,19,19191,C,191,WINNESHIEK,0,0,0,0,2000,2000,,0,,0,1,begin_coordinates_missing_or_invalid|county_code_unverified|end_coordinates_missing_or_invalid|no_valid_location_points|timezone_not_normalized_to_utc
5653126,2079151,1998,1998-06-08T18:00:00,1998-06-13T06:00:00,CST,108.0,19,,Z,061,JASPER,0,0,0,0,50000,10000,,0,,0,1,begin_coordinates_missing_or_invalid|end_coordinates_missing_or_invalid|no_valid_location_points|requires_crosswalk_or_marine_review|timezone_not_normalized_to_utc
5653127,2079151,1998,1998-06-08T18:00:00,1998-06-13T06:00:00,CST,108.0,19,,Z,027,BUTLER,0,0,0,0,50000,10000,,0,,0,1,begin_coordinates_missing_or_invalid|end_coordinates_missing_or_invalid|no_valid_location_points|requires_crosswalk_or_marine_review|timezone_not_normalized_to_utc
5653128,2079151,1998,1998-06-08T18:00:00,1998-06-13T06:00:00,CST,108.0,19,,Z,059,DALLAS,0,0,0,0,50000,10000,,0,,0,1,begin_coordinates_missing_or_invalid|end_coordinates_missing_or_invalid|no_valid_location_points|requires_crosswalk_or_marine_review|timezone_not_normalized_to_utc
5653129,2079151,1998,1998-06-08T18:00:00,1998-06-13T06:00:00,CST,108.0,19,,Z,037,HARDIN,0,0,0,0,50000,10000,,0,,0,1,begin_coordinates_missing_or_invalid|end_coordinates_missing_or_invalid|no_valid_location_points|requires_crosswalk_or_marine_review|timezone_not_normalized_to_utc
5653130,2079151,1998,1998-06-08T18:00:00,1998-06-13T06:00:00,CST,108.0,19,,Z,075,MAHASKA,0,0,0,0,50000,10000,,0,,0,1,begin_coordinates_missing_or_invalid|end_coordinates_missing_or_invalid|no_valid_location_points|requires_crosswalk_or_marine_review|timezone_not_normalized_to_utc
5653131,2079151,1998,1998-06-08T18:00:00,1998-06-13T06:00:00,CST,108.0,19,,Z,074,MARION,0,0,0,0,50000,10000,,0,,0,1,begin_coordinates_missing_or_invalid|end_coordinates_missing_or_invalid|no_valid_location_points|requires_crosswalk_or_marine_review|timezone_not_normalized_to_utc
5653132,2079151,1998,1998-06-08T18:00:00,1998-06-13T06:00:00,CST,108.0,19,,Z,049,MARSHALL,0,0,0,0,50000,10000,,0,,0,1,begin_coordinates_missing_or_invalid|end_coordinates_missing_or_invalid|no_valid_location_points|requires_crosswalk_or_marine_review|timezone_not_normalized_to_utc
5653133,2079151,1998,1998-06-08T18:00:00,1998-06-13T06:00:00,CST,108.0,19,,Z,060,POLK,0,0,0,0,50000,10000,,0,,0,1,begin_coordinates_missing_or_invalid|end_coordinates_missing_or_invalid|no_valid_location_points|requires_crosswalk_or_marine_review|timezone_not_normalized_to_utc
5653134,2079151,1998,1998-06-08T18:00:00,1998-06-13T06:00:00,CST,108.0,19,,Z,050,TAMA,0,0,0,0,50000,10000,,0,,0,1,begin_coordinates_missing_or_invalid|end_coordinates_missing_or_invalid|no_valid_location_points|requires_crosswalk_or_marine_review|timezone_not_normalized_to_utc
5653135,2079152,1998,1998-06-14T09:00:00,1998-06-16T06:00:00,CST,45.0,19,,Z,037,HARDIN,0,0,0,0,100000.0,20000,,0,,0,1,begin_coordinates_missing_or_invalid|end_coordinates_missing_or_invalid|no_valid_location_points|requires_crosswalk_or_marine_review|timezone_not_normalized_to_utc
5653136,2079152,1998,1998-06-14T09:00:00,1998-06-16T06:00:00,CST,45.0,19,,Z,057,AUDUBON,0,0,0,0,500000.0,75000,,0,,0,1,begin_coordinates_missing_or_invalid|end_coordinates_missing_or_invalid|no_valid_location_points|requires_crosswalk_or_marine_review|timezone_not_normalized_to_utc
5653137,2079152,1998,1998-06-14T09:00:00,1998-06-16T06:00:00,CST,45.0,19,,Z,034,CALHOUN,0,0,0,0,100000.0,20000,,0,,0,1,begin_coordinates_missing_or_invalid|end_coordinates_missing_or_invalid|no_valid_location_points|requires_crosswalk_or_marine_review|timezone_not_normalized_to_utc
5653138,2079152,1998,1998-06-14T09:00:00,1998-06-16T06:00:00,CST,45.0,19,,Z,045,CARROLL,0,0,0,0,100000.0,20000,,0,,0,1,begin_coordinates_missing_or_invalid|end_coordinates_missing_or_invalid|no_valid_location_points|requires_crosswalk_or_marine_review|timezone_not_normalized_to_utc
5653139,2079152,1998,1998-06-14T09:00:00,1998-06-16T06:00:00,CST,45.0,19,,Z,070,CASS,0,0,0,0,2500000.0,200000,,0,,0,1,begin_coordinates_missing_or_invalid|end_coordinates_missing_or_invalid|no_valid_location_points|requires_crosswalk_or_marine_review|timezone_not_normalized_to_utc
5653140,2079152,1998,1998-06-14T09:00:00,1998-06-16T06:00:00,CST,45.0,19,,Z,083,CLARKE,0,0,0,0,100000.0,20000,,0,,0,1,begin_coordinates_missing_or_invalid|end_coordinates_missing_or_invalid|no_valid_location_points|requires_crosswalk_or_marine_review|timezone_not_normalized_to_utc
5653141,2079152,1998,1998-06-14T09:00:00,1998-06-16T06:00:00,CST,45.0,19,,Z,059,DALLAS,0,0,0,0,100000.0,20000,,0,,0,1,begin_coordinates_missing_or_invalid|end_coordinates_missing_or_invalid|no_valid_location_points|requires_crosswalk_or_marine_review|timezone_not_normalized_to_utc
5653142,2079152,1998,1998-06-14T09:00:00,1998-06-16T06:00:00,CST,45.0,19,,Z,046,GREENE,0,0,0,0,100000.0,20000,,0,,0,1,begin_coordinates_missing_or_invalid|end_coordinates_missing_or_invalid|no_valid_location_points|requires_crosswalk_or_marine_review|timezone_not_normalized_to_utc
5653143,2079152,1998,1998-06-14T09:00:00,1998-06-16T06:00:00,CST,45.0,19,,Z,058,GUTHRIE,0,0,0,0,1000000,100000,,0,,0,1,begin_coordinates_missing_or_invalid|end_coordinates_missing_or_invalid|no_valid_location_points|requires_crosswalk_or_marine_review|timezone_not_normalized_to_utc
5653144,2079152,1998,1998-06-14T09:00:00,1998-06-16T06:00:00,CST,45.0,19,,Z,061,JASPER,0,0,0,0,100000.0,20000,,0,,0,1,begin_coordinates_missing_or_invalid|end_coordinates_missing_or_invalid|no_valid_location_points|requires_crosswalk_or_marine_review|timezone_not_normalized_to_utc
5653145,2079152,1998,1998-06-14T09:00:00,1998-06-16T06:00:00,CST,45.0,19,,Z,084,LUCAS,0,0,0,0,100000.0,20000,,0,,0,1,begin_coordinates_missing_or_invalid|end_coordinates_missing_or_invalid|no_valid_location_points|requires_crosswalk_or_marine_review|timezone_not_normalized_to_utc
5653146,2079152,1998,1998-06-14T09:00:00,1998-06-16T06:00:00,CST,45.0,19,,Z,075,MAHASKA,0,0,0,0,100000.0,20000,,0,,0,1,begin_coordinates_missing_or_invalid|end_coordinates_missing_or_invalid|no_valid_location_points|requires_crosswalk_or_marine_review|timezone_not_normalized_to_utc
5653147,2079152,1998,1998-06-14T09:00:00,1998-06-16T06:00:00,CST,45.0,19,,Z,074,MARION,0,0,0,0,100000.0,20000,,0,,0,1,begin_coordinates_missing_or_invalid|end_coordinates_missing_or_invalid|no_valid_location_points|requires_crosswalk_or_marine_review|timezone_not_normalized_to_utc
5653148,2079152,1998,1998-06-14T09:00:00,1998-06-16T06:00:00,CST,45.0,19,,Z,049,MARSHALL,0,0,0,0,100000.0,20000,,0,,0,1,begin_coordinates_missing_or_invalid|end_coordinates_missing_or_invalid|no_valid_location_points|requires_crosswalk_or_marine_review|timezone_not_normalized_to_utc
5653149,2079152,1998,1998-06-14T09:00:00,1998-06-16T06:00:00,CST,45.0,19,,Z,060,POLK,0,0,0,0,100000.0,20000,,0,,0,1,begin_coordinates_missing_or_invalid|end_coordinates_missing_or_invalid|no_valid_location_points|requires_crosswalk_or_marine_review|timezone_not_normalized_to_utc
5653150,2079152,1998,1998-06-14T09:00:00,1998-06-16T06:00:00,CST,45.0,19,,Z,048,STORY,0,0,0,0,100000.0,20000,,0,,0,1,begin_coordinates_missing_or_invalid|end_coordinates_missing_or_invalid|no_valid_location_points|requires_crosswalk_or_marine_review|timezone_not_normalized_to_utc
5653151,2079152,1998,1998-06-14T09:00:00,1998-06-16T06:00:00,CST,45.0,19,,Z,050,TAMA,0,0,0,0,100000.0,20000,,0,,0,1,begin_coordinates_missing_or_invalid|end_coordinates_missing_or_invalid|no_valid_location_points|requires_crosswalk_or_marine_review|timezone_not_normalized_to_utc
5653152,2079153,1998,1998-06-18T02:00:00,1998-06-20T21:00:00,CST,67.0,19,,Z,037,HARDIN,0,0,0,0,100000.0,20000,,0,,0,1,begin_coordinates_missing_or_invalid|end_coordinates_missing_or_invalid|no_valid_location_points|requires_crosswalk_or_marine_review|timezone_not_normalized_to_utc
5653153,2079153,1998,1998-06-18T02:00:00,1998-06-20T21:00:00,CST,67.0,19,,Z,047,BOONE,0,0,0,0,100000.0,20000,,0,,0,1,begin_coordinates_missing_or_invalid|end_coordinates_missing_or_invalid|no_valid_location_points|requires_crosswalk_or_marine_review|timezone_not_normalized_to_utc
5653154,2079153,1998,1998-06-18T02:00:00,1998-06-20T21:00:00,CST,67.0,19,,Z,027,BUTLER,0,0,0,0,100000.0,20000,,0,,0,1,begin_coordinates_missing_or_invalid|end_coordinates_missing_or_invalid|no_valid_location_points|requires_crosswalk_or_marine_review|timezone_not_normalized_to_utc
5653155,2079153,1998,1998-06-18T02:00:00,1998-06-20T21:00:00,CST,67.0,19,,Z,059,DALLAS,0,0,0,0,600000.0,50000,,0,,0,1,begin_coordinates_missing_or_invalid|end_coordinates_missing_or_invalid|no_valid_location_points|requires_crosswalk_or_marine_review|timezone_not_normalized_to_utc
5653156,2079153,1998,1998-06-18T02:00:00,1998-06-20T21:00:00,CST,67.0,19,,Z,024,HUMBOLDT,0,0,0,0,100000.0,20000,,0,,0,1,begin_coordinates_missing_or_invalid|end_coordinates_missing_or_invalid|no_valid_location_points|requires_crosswalk_or_marine_review|timezone_not_normalized_to_utc
5653157,2079153,1998,1998-06-18T02:00:00,1998-06-20T21:00:00,CST,67.0,19,,Z,061,JASPER,0,0,0,0,100000.0,20000,,0,,0,1,begin_coordinates_missing_or_invalid|end_coordinates_missing_or_invalid|no_valid_location_points|requires_crosswalk_or_marine_review|timezone_not_normalized_to_utc
5653158,2079153,1998,1998-06-18T02:00:00,1998-06-20T21:00:00,CST,67.0,19,,Z,072,MADISON,0,0,0,0,100000.0,20000,,0,,0,1,begin_coordinates_missing_or_invalid|end_coordinates_missing_or_invalid|no_valid_location_points|requires_crosswalk_or_marine_review|timezone_not_normalized_to_utc
5653159,2079153,1998,1998-06-18T02:00:00,1998-06-20T21:00:00,CST,67.0,19,,Z,075,MAHASKA,0,0,0,0,100000.0,20000,,0,,0,1,begin_coordinates_missing_or_invalid|end_coordinates_missing_or_invalid|no_valid_location_points|requires_crosswalk_or_marine_review|timezone_not_normalized_to_utc
5653160,2079153,1998,1998-06-18T02:00:00,1998-06-20T21:00:00,CST,67.0,19,,Z,074,MARION,0,0,0,0,100000.0,20000,,0,,0,1,begin_coordinates_missing_or_invalid|end_coordinates_missing_or_invalid|no_valid_location_points|requires_crosswalk_or_marine_review|timezone_not_normalized_to_utc
5653161,2079153,1998,1998-06-18T02:00:00,1998-06-20T21:00:00,CST,67.0,19,,Z,049,MARSHALL,0,0,0,0,100000.0,20000,,0,,0,1,begin_coordinates_missing_or_invalid|end_coordinates_missing_or_invalid|no_valid_location_points|requires_crosswalk_or_marine_review|timezone_not_normalized_to_utc
5653162,2079153,1998,1998-06-18T02:00:00,1998-06-20T21:00:00,CST,67.0,19,,Z,023,POCAHONTAS,0,0,0,0,100000.0,20000,,0,,0,1,begin_coordinates_missing_or_invalid|end_coordinates_missing_or_invalid|no_valid_location_points|requires_crosswalk_or_marine_review|timezone_not_normalized_to_utc
5653163,2079153,1998,1998-06-18T02:00:00,1998-06-20T21:00:00,CST,67.0,19,,Z,060,POLK,0,0,0,0,6000000,100000,,0,,0,1,begin_coordinates_missing_or_invalid|end_coordinates_missing_or_invalid|no_valid_location_points|requires_crosswalk_or_marine_review|timezone_not_normalized_to_utc
5653164,2079153,1998,1998-06-18T02:00:00,1998-06-20T21:00:00,CST,67.0,19,,Z,048,STORY,0,0,0,0,100000.0,20000,,0,,0,1,begin_coordinates_missing_or_invalid|end_coordinates_missing_or_invalid|no_valid_location_points|requires_crosswalk_or_marine_review|timezone_not_normalized_to_utc
5653165,2079153,1998,1998-06-18T02:00:00,1998-06-20T21:00:00,CST,67.0,19,,Z,050,TAMA,0,0,0,0,100000.0,20000,,0,,0,1,begin_coordinates_missing_or_invalid|end_coordinates_missing_or_invalid|no_valid_location_points|requires_crosswalk_or_marine_review|timezone_not_normalized_to_utc
5653166,2079153,1998,1998-06-18T02:00:00,1998-06-20T21:00:00,CST,67.0,19,,Z,073,WARREN,0,0,0,0,750000.00,50000,,0,,0,1,begin_coordinates_missing_or_invalid|end_coordinates_missing_or_invalid|no_valid_location_points|requires_crosswalk_or_marine_review|timezone_not_normalized_to_utc
5653167,2079153,1998,1998-06-18T02:00:00,1998-06-20T21:00:00,CST,67.0,19,,Z,035,WEBSTER,0,0,0,0,100000.0,20000,,0,,0,1,begin_coordinates_missing_or_invalid|end_coordinates_missing_or_invalid|no_valid_location_points|requires_crosswalk_or_marine_review|timezone_not_normalized_to_utc
5653168,2079154,1998,1998-06-21T06:00:00,1998-06-23T18:00:00,CST,60.0,19,,Z,016,HANCOCK,0,0,0,0,100000.0,20000,,0,,0,1,begin_coordinates_missing_or_invalid|end_coordinates_missing_or_invalid|no_valid_location_points|requires_crosswalk_or_marine_review|timezone_not_normalized_to_utc
5653169,2079154,1998,1998-06-21T06:00:00,1998-06-23T18:00:00,CST,60.0,19,,Z,027,BUTLER,0,0,0,0,100000.0,20000,,0,,0,1,begin_coordinates_missing_or_invalid|end_coordinates_missing_or_invalid|no_valid_location_points|requires_crosswalk_or_marine_review|timezone_not_normalized_to_utc
5653250,2079154,1998,1998-06-21T06:00:00,1998-06-23T18:00:00,CST,60.0,19,,Z,017,CERRO GORDO,0,0,0,0,100000.0,20000,,0,,0,1,begin_coordinates_missing_or_invalid|end_coordinates_missing_or_invalid|no_valid_location_points|requires_crosswalk_or_marine_review|timezone_not_normalized_to_utc
5653251,2079154,1998,1998-06-21T06:00:00,1998-06-23T18:00:00,CST,60.0,19,,Z,037,HARDIN,0,0,0,0,100000.0,20000,,0,,0,1,begin_coordinates_missing_or_invalid|end_coordinates_missing_or_invalid|no_valid_location_points|requires_crosswalk_or_marine_review|timezone_not_normalized_to_utc
5653252,2079154,1998,1998-06-21T06:00:00,1998-06-23T18:00:00,CST,60.0,19,,Z,061,JASPER,0,0,0,0,100000.0,20000,,0,,0,1,begin_coordinates_missing_or_invalid|end_coordinates_missing_or_invalid|no_valid_location_points|requires_crosswalk_or_marine_review|timezone_not_normalized_to_utc
5653253,2079154,1998,1998-06-21T06:00:00,1998-06-23T18:00:00,CST,60.0,19,,Z,075,MAHASKA,0,0,0,0,100000.0,20000,,0,,0,1,begin_coordinates_missing_or_invalid|end_coordinates_missing_or_invalid|no_valid_location_points|requires_crosswalk_or_marine_review|timezone_not_normalized_to_utc
5653254,2079154,1998,1998-06-21T06:00:00,1998-06-23T18:00:00,CST,60.0,19,,Z,074,MARION,0,0,0,0,100000.0,20000,,0,,0,1,begin_coordinates_missing_or_invalid|end_coordinates_missing_or_invalid|no_valid_location_points|requires_crosswalk_or_marine_review|timezone_not_normalized_to_utc
5653255,2079154,1998,1998-06-21T06:00:00,1998-06-23T18:00:00,CST,60.0,19,,Z,049,MARSHALL,0,0,0,0,100000.0,20000,,0,,0,1,begin_coordinates_missing_or_invalid|end_coordinates_missing_or_invalid|no_valid_location_points|requires_crosswalk_or_marine_review|timezone_not_normalized_to_utc
5653256,2079154,1998,1998-06-21T06:00:00,1998-06-23T18:00:00,CST,60.0,19,,Z,050,TAMA,0,0,0,0,100000.0,20000,,0,,0,1,begin_coordinates_missing_or_invalid|end_coordinates_missing_or_invalid|no_valid_location_points|requires_crosswalk_or_marine_review|timezone_not_normalized_to_utc
5653257,2079155,1998,1998-06-24T03:00:00,1998-06-27T18:00:00,CST,87.0,19,,Z,016,HANCOCK,0,0,0,0,75000,20000,,0,,0,1,begin_coordinates_missing_or_invalid|end_coordinates_missing_or_invalid|no_valid_location_points|requires_crosswalk_or_marine_review|timezone_not_normalized_to_utc
5653258,2079155,1998,1998-06-24T03:00:00,1998-06-27T18:00:00,CST,87.0,19,,Z,027,BUTLER,0,0,0,0,75000,20000,,0,,0,1,begin_coordinates_missing_or_invalid|end_coordinates_missing_or_invalid|no_valid_location_points|requires_crosswalk_or_marine_review|timezone_not_normalized_to_utc
5653259,2079155,1998,1998-06-24T03:00:00,1998-06-27T18:00:00,CST,87.0,19,,Z,034,CALHOUN,0,0,0,0,75000,20000,,0,,0,1,begin_coordinates_missing_or_invalid|end_coordinates_missing_or_invalid|no_valid_location_points|requires_crosswalk_or_marine_review|timezone_not_normalized_to_utc
5653260,2079155,1998,1998-06-24T03:00:00,1998-06-27T18:00:00,CST,87.0,19,,Z,045,CARROLL,0,0,0,0,75000,20000,,0,,0,1,begin_coordinates_missing_or_invalid|end_coordinates_missing_or_invalid|no_valid_location_points|requires_crosswalk_or_marine_review|timezone_not_normalized_to_utc
5653261,2079155,1998,1998-06-24T03:00:00,1998-06-27T18:00:00,CST,87.0,19,,Z,017,CERRO GORDO,0,0,0,0,75000,20000,,0,,0,1,begin_coordinates_missing_or_invalid|end_coordinates_missing_or_invalid|no_valid_location_points|requires_crosswalk_or_marine_review|timezone_not_normalized_to_utc
5653262,2079155,1998,1998-06-24T03:00:00,1998-06-27T18:00:00,CST,87.0,19,,Z,059,DALLAS,0,0,0,0,75000,20000,,0,,0,1,begin_coordinates_missing_or_invalid|end_coordinates_missing_or_invalid|no_valid_location_points|requires_crosswalk_or_marine_review|timezone_not_normalized_to_utc
5653263,2079155,1998,1998-06-24T03:00:00,1998-06-27T18:00:00,CST,87.0,19,,Z,004,EMMET,0,0,0,0,75000,20000,,0,,0,1,begin_coordinates_missing_or_invalid|end_coordinates_missing_or_invalid|no_valid_location_points|requires_crosswalk_or_marine_review|timezone_not_normalized_to_utc
5653264,2079155,1998,1998-06-24T03:00:00,1998-06-27T18:00:00,CST,87.0,19,,Z,046,GREENE,0,0,0,0,75000,20000,,0,,0,1,begin_coordinates_missing_or_invalid|end_coordinates_missing_or_invalid|no_valid_location_points|requires_crosswalk_or_marine_review|timezone_not_normalized_to_utc
5653265,2079155,1998,1998-06-24T03:00:00,1998-06-27T18:00:00,CST,87.0,19,,Z,036,HAMILTON,0,0,0,0,75000,20000,,0,,0,1,begin_coordinates_missing_or_invalid|end_coordinates_missing_or_invalid|no_valid_location_points|requires_crosswalk_or_marine_review|timezone_not_normalized_to_utc
5653266,2079155,1998,1998-06-24T03:00:00,1998-06-27T18:00:00,CST,87.0,19,,Z,037,HARDIN,0,0,0,0,75000,20000,,0,,0,1,begin_coordinates_missing_or_invalid|end_coordinates_missing_or_invalid|no_valid_location_points|requires_crosswalk_or_marine_review|timezone_not_normalized_to_utc
5653267,2079155,1998,1998-06-24T03:00:00,1998-06-27T18:00:00,CST,87.0,19,,Z,024,HUMBOLDT,0,0,0,0,75000,20000,,0,,0,1,begin_coordinates_missing_or_invalid|end_coordinates_missing_or_invalid|no_valid_location_points|requires_crosswalk_or_marine_review|timezone_not_normalized_to_utc
5653268,2079155,1998,1998-06-24T03:00:00,1998-06-27T18:00:00,CST,87.0,19,,Z,005,KOSSUTH,0,0,0,0,75000,20000,,0,,0,1,begin_coordinates_missing_or_invalid|end_coordinates_missing_or_invalid|no_valid_location_points|requires_crosswalk_or_marine_review|timezone_not_normalized_to_utc
5653269,2079155,1998,1998-06-24T03:00:00,1998-06-27T18:00:00,CST,87.0,19,,Z,049,MARSHALL,0,0,0,0,75000,20000,,0,,0,1,begin_coordinates_missing_or_invalid|end_coordinates_missing_or_invalid|no_valid_location_points|requires_crosswalk_or_marine_review|timezone_not_normalized_to_utc
5653270,2079155,1998,1998-06-24T03:00:00,1998-06-27T18:00:00,CST,87.0,19,,Z,023,POCAHONTAS,0,0,0,0,75000,20000,,0,,0,1,begin_coordinates_missing_or_invalid|end_coordinates_missing_or_invalid|no_valid_location_points|requires_crosswalk_or_marine_review|timezone_not_normalized_to_utc
5653271,2079155,1998,1998-06-24T03:00:00,1998-06-27T18:00:00,CST,87.0,19,,Z,050,TAMA,0,0,0,0,75000,20000,,0,,0,1,begin_coordinates_missing_or_invalid|end_coordinates_missing_or_invalid|no_valid_location_points|requires_crosswalk_or_marine_review|timezone_not_normalized_to_utc
5653272,2079155,1998,1998-06-24T03:00:00,1998-06-27T18:00:00,CST,87.0,19,,Z,035,WEBSTER,0,0,0,0,75000,20000,,0,,0,1,begin_coordinates_missing_or_invalid|end_coordinates_missing_or_invalid|no_valid_location_points|requires_crosswalk_or_marine_review|timezone_not_normalized_to_utc
5653273,2079156,1998,1998-06-28T06:00:00,1998-06-30T18:00:00,CST,60.0,19,,Z,016,HANCOCK,0,0,0,0,75000,20000,,0,,0,1,begin_coordinates_missing_or_invalid|end_coordinates_missing_or_invalid|no_valid_location_points|requires_crosswalk_or_marine_review|timezone_not_normalized_to_utc
5653274,2079156,1998,1998-06-28T06:00:00,1998-06-30T18:00:00,CST,60.0,19,,Z,047,BOONE,0,0,0,0,75000,20000,,0,,0,1,begin_coordinates_missing_or_invalid|end_coordinates_missing_or_invalid|no_valid_location_points|requires_crosswalk_or_marine_review|timezone_not_normalized_to_utc
5653275,2079156,1998,1998-06-28T06:00:00,1998-06-30T18:00:00,CST,60.0,19,,Z,027,BUTLER,0,0,0,0,75000,20000,,0,,0,1,begin_coordinates_missing_or_invalid|end_coordinates_missing_or_invalid|no_valid_location_points|requires_crosswalk_or_marine_review|timezone_not_normalized_to_utc
5653276,2079156,1998,1998-06-28T06:00:00,1998-06-30T18:00:00,CST,60.0,19,,Z,017,CERRO GORDO,0,0,0,0,75000,20000,,0,,0,1,begin_coordinates_missing_or_invalid|end_coordinates_missing_or_invalid|no_valid_location_points|requires_crosswalk_or_marine_review|timezone_not_normalized_to_utc
5653277,2079156,1998,1998-06-28T06:00:00,1998-06-30T18:00:00,CST,60.0,19,,Z,059,DALLAS,0,0,0,0,75000,20000,,0,,0,1,begin_coordinates_missing_or_invalid|end_coordinates_missing_or_invalid|no_valid_location_points|requires_crosswalk_or_marine_review|timezone_not_normalized_to_utc
5653278,2079156,1998,1998-06-28T06:00:00,1998-06-30T18:00:00,CST,60.0,19,,Z,037,HARDIN,0,0,0,0,75000,20000,,0,,0,1,begin_coordinates_missing_or_invalid|end_coordinates_missing_or_invalid|no_valid_location_points|requires_crosswalk_or_marine_review|timezone_not_normalized_to_utc
5653279,2079156,1998,1998-06-28T06:00:00,1998-06-30T18:00:00,CST,60.0,19,,Z,024,HUMBOLDT,0,0,0,0,75000,20000,,0,,0,1,begin_coordinates_missing_or_invalid|end_coordinates_missing_or_invalid|no_valid_location_points|requires_crosswalk_or_marine_review|timezone_not_normalized_to_utc
5653280,2079156,1998,1998-06-28T06:00:00,1998-06-30T18:00:00,CST,60.0,19,,Z,049,MARSHALL,0,0,0,0,75000,20000,,0,,0,1,begin_coordinates_missing_or_invalid|end_coordinates_missing_or_invalid|no_valid_location_points|requires_crosswalk_or_marine_review|timezone_not_normalized_to_utc
5653281,2079156,1998,1998-06-28T06:00:00,1998-06-30T18:00:00,CST,60.0,19,,Z,023,POCAHONTAS,0,0,0,0,75000,20000,,0,,0,1,begin_coordinates_missing_or_invalid|end_coordinates_missing_or_invalid|no_valid_location_points|requires_crosswalk_or_marine_review|timezone_not_normalized_to_utc
5653282,2079156,1998,1998-06-28T06:00:00,1998-06-30T18:00:00,CST,60.0,19,,Z,060,POLK,0,0,0,0,75000,20000,,0,,0,1,begin_coordinates_missing_or_invalid|end_coordinates_missing_or_invalid|no_valid_location_points|requires_crosswalk_or_marine_review|timezone_not_normalized_to_utc
5653283,2079156,1998,1998-06-28T06:00:00,1998-06-30T18:00:00,CST,60.0,19,,Z,050,TAMA,0,0,0,0,75000,20000,,0,,0,1,begin_coordinates_missing_or_invalid|end_coordinates_missing_or_invalid|no_valid_location_points|requires_crosswalk_or_marine_review|timezone_not_normalized_to_utc
5653284,2079156,1998,1998-06-28T06:00:00,1998-06-30T18:00:00,CST,60.0,19,,Z,035,WEBSTER,0,0,0,0,75000,20000,,0,,0,1,begin_coordinates_missing_or_invalid|end_coordinates_missing_or_invalid|no_valid_location_points|requires_crosswalk_or_marine_review|timezone_not_normalized_to_utc
5653698,2079656,1998,1998-07-21T22:30:00,1998-07-22T00:30:00,CST,2.0,19,19009,C,009,AUDUBON,0,0,0,0,10000,5000,,0,,0,1,begin_coordinates_missing_or_invalid|county_code_unverified|end_coordinates_missing_or_invalid|no_valid_location_points|timezone_not_normalized_to_utc
5653699,2079656,1998,1998-07-21T22:30:00,1998-07-22T00:30:00,CST,2.0,19,19001,C,001,ADAIR,0,0,0,0,10000,5000,,0,,0,1,begin_coordinates_missing_or_invalid|county_code_unverified|end_coordinates_missing_or_invalid|no_valid_location_points|timezone_not_normalized_to_utc
5653700,2079656,1998,1998-07-21T22:30:00,1998-07-22T00:30:00,CST,2.0,19,19077,C,077,GUTHRIE,0,0,0,0,10000,5000,,0,,0,1,begin_coordinates_missing_or_invalid|county_code_unverified|end_coordinates_missing_or_invalid|no_valid_location_points|timezone_not_normalized_to_utc
5653701,2079656,1998,1998-07-22T00:00:00,1998-07-22T02:30:00,CST,2.5,19,19123,C,123,MAHASKA,0,0,0,0,10000,5000,,0,,0,1,begin_coordinates_missing_or_invalid|county_code_unverified|end_coordinates_missing_or_invalid|no_valid_location_points|timezone_not_normalized_to_utc
5653702,2079656,1998,1998-07-21T22:30:00,1998-07-22T01:00:00,CST,2.5,19,19153,C,153,POLK,0,0,0,0,15000,5000,,0,,0,1,begin_coordinates_missing_or_invalid|county_code_unverified|end_coordinates_missing_or_invalid|no_valid_location_points|timezone_not_normalized_to_utc
5653703,2079656,1998,1998-07-21T22:30:00,1998-07-22T01:00:00,CST,2.5,19,19049,C,049,DALLAS,0,0,0,0,10000,5000,,0,,0,1,begin_coordinates_missing_or_invalid|county_code_unverified|end_coordinates_missing_or_invalid|no_valid_location_points|timezone_not_normalized_to_utc
5653704,2079657,1998,1998-07-06T03:00:00,1998-07-10T18:00:00,CST,111.0,19,,Z,049,MARSHALL,0,0,0,0,50000,100000.0,,0,,0,1,begin_coordinates_missing_or_invalid|end_coordinates_missing_or_invalid|no_valid_location_points|requires_crosswalk_or_marine_review|timezone_not_normalized_to_utc
5653705,2079657,1998,1998-07-06T03:00:00,1998-07-10T18:00:00,CST,111.0,19,,Z,034,CALHOUN,0,0,0,0,50000,100000.0,,0,,0,1,begin_coordinates_missing_or_invalid|end_coordinates_missing_or_invalid|no_valid_location_points|requires_crosswalk_or_marine_review|timezone_not_normalized_to_utc
5653706,2079657,1998,1998-07-06T03:00:00,1998-07-10T18:00:00,CST,111.0,19,,Z,045,CARROLL,0,0,0,0,50000,100000.0,,0,,0,1,begin_coordinates_missing_or_invalid|end_coordinates_missing_or_invalid|no_valid_location_points|requires_crosswalk_or_marine_review|timezone_not_normalized_to_utc
5653707,2079657,1998,1998-07-06T03:00:00,1998-07-10T18:00:00,CST,111.0,19,,Z,059,DALLAS,0,0,0,0,50000,100000.0,,0,,0,1,begin_coordinates_missing_or_invalid|end_coordinates_missing_or_invalid|no_valid_location_points|requires_crosswalk_or_marine_review|timezone_not_normalized_to_utc
5653708,2079657,1998,1998-07-06T03:00:00,1998-07-10T18:00:00,CST,111.0,19,,Z,046,GREENE,0,0,0,0,50000,100000.0,,0,,0,1,begin_coordinates_missing_or_invalid|end_coordinates_missing_or_invalid|no_valid_location_points|requires_crosswalk_or_marine_review|timezone_not_normalized_to_utc
5653709,2079657,1998,1998-07-06T03:00:00,1998-07-10T18:00:00,CST,111.0,19,,Z,038,GRUNDY,0,0,0,0,50000,100000.0,,0,,0,1,begin_coordinates_missing_or_invalid|end_coordinates_missing_or_invalid|no_valid_location_points|requires_crosswalk_or_marine_review|timezone_not_normalized_to_utc
5653710,2079657,1998,1998-07-06T03:00:00,1998-07-10T18:00:00,CST,111.0,19,,Z,058,GUTHRIE,0,0,0,0,50000,100000.0,,0,,0,1,begin_coordinates_missing_or_invalid|end_coordinates_missing_or_invalid|no_valid_location_points|requires_crosswalk_or_marine_review|timezone_not_normalized_to_utc
5653711,2079657,1998,1998-07-06T03:00:00,1998-07-10T18:00:00,CST,111.0,19,,Z,037,HARDIN,0,0,0,0,50000,100000.0,,0,,0,1,begin_coordinates_missing_or_invalid|end_coordinates_missing_or_invalid|no_valid_location_points|requires_crosswalk_or_marine_review|timezone_not_normalized_to_utc
5653712,2079657,1998,1998-07-06T03:00:00,1998-07-10T18:00:00,CST,111.0,19,,Z,061,JASPER,0,0,0,0,50000,100000.0,,0,,0,1,begin_coordinates_missing_or_invalid|end_coordinates_missing_or_invalid|no_valid_location_points|requires_crosswalk_or_marine_review|timezone_not_normalized_to_utc
5653713,2079657,1998,1998-07-06T03:00:00,1998-07-10T18:00:00,CST,111.0,19,,Z,084,LUCAS,0,0,0,0,50000,100000.0,,0,,0,1,begin_coordinates_missing_or_invalid|end_coordinates_missing_or_invalid|no_valid_location_points|requires_crosswalk_or_marine_review|timezone_not_normalized_to_utc
5653714,2079657,1998,1998-07-06T03:00:00,1998-07-10T18:00:00,CST,111.0,19,,Z,075,MAHASKA,0,0,0,0,50000,100000.0,,0,,0,1,begin_coordinates_missing_or_invalid|end_coordinates_missing_or_invalid|no_valid_location_points|requires_crosswalk_or_marine_review|timezone_not_normalized_to_utc
5653715,2079657,1998,1998-07-06T03:00:00,1998-07-10T18:00:00,CST,111.0,19,,Z,074,MARION,0,0,0,0,50000,100000.0,,0,,0,1,begin_coordinates_missing_or_invalid|end_coordinates_missing_or_invalid|no_valid_location_points|requires_crosswalk_or_marine_review|timezone_not_normalized_to_utc
5653716,2079657,1998,1998-07-06T03:00:00,1998-07-10T18:00:00,CST,111.0,19,,Z,085,MONROE,0,0,0,0,50000,100000.0,,0,,0,1,begin_coordinates_missing_or_invalid|end_coordinates_missing_or_invalid|no_valid_location_points|requires_crosswalk_or_marine_review|timezone_not_normalized_to_utc
5653717,2079657,1998,1998-07-06T03:00:00,1998-07-10T18:00:00,CST,111.0,19,,Z,060,POLK,0,0,0,0,50000,100000.0,,0,,0,1,begin_coordinates_missing_or_invalid|end_coordinates_missing_or_invalid|no_valid_location_points|requires_crosswalk_or_marine_review|timezone_not_normalized_to_utc
5653718,2079657,1998,1998-07-06T03:00:00,1998-07-10T18:00:00,CST,111.0,19,,Z,062,POWESHIEK,0,0,0,0,50000,100000.0,,0,,0,1,begin_coordinates_missing_or_invalid|end_coordinates_missing_or_invalid|no_valid_location_points|requires_crosswalk_or_marine_review|timezone_not_normalized_to_utc
5653719,2079657,1998,1998-07-06T03:00:00,1998-07-10T18:00:00,CST,111.0,19,,Z,086,WAPELLO,0,0,0,0,50000,100000.0,,0,,0,1,begin_coordinates_missing_or_invalid|end_coordinates_missing_or_invalid|no_valid_location_points|requires_crosswalk_or_marine_review|timezone_not_normalized_to_utc
5653720,2079657,1998,1998-07-06T03:00:00,1998-07-10T18:00:00,CST,111.0,19,,Z,073,WARREN,0,0,0,0,50000,100000.0,,0,,0,1,begin_coordinates_missing_or_invalid|end_coordinates_missing_or_invalid|no_valid_location_points|requires_crosswalk_or_marine_review|timezone_not_normalized_to_utc
5653721,2079657,1998,1998-07-06T03:00:00,1998-07-10T18:00:00,CST,111.0,19,,Z,095,WAYNE,0,0,0,0,50000,100000.0,,0,,0,1,begin_coordinates_missing_or_invalid|end_coordinates_missing_or_invalid|no_valid_location_points|requires_crosswalk_or_marine_review|timezone_not_normalized_to_utc
5653920,2079598,1998,1998-06-17T23:00:00,1998-06-18T12:00:00,CST,13.0,46,,Z,017,FAULK,0,0,0,0,,,,0,,0,1,begin_coordinates_missing_or_invalid|damage_crops_missing|damage_property_missing|end_coordinates_missing_or_invalid|no_valid_location_points|requires_crosswalk_or_marine_review|timezone_not_normalized_to_utc
5653968,2079132,1998,1998-06-12T14:30:00,1998-06-12T14:30:00,MST,0.0,16,16001,C,001,ADA,0,0,0,0,,,,0,,0,1,begin_coordinates_missing_or_invalid|county_code_unverified|damage_crops_missing|damage_property_missing|end_coordinates_missing_or_invalid|no_valid_location_points|timezone_not_normalized_to_utc
5654039,2079601,1998,1998-06-26T17:00:00,1998-06-27T17:00:00,CST,24.0,46,,Z,006,BROWN,0,0,0,0,,,,0,,0,1,begin_coordinates_missing_or_invalid|damage_crops_missing|damage_property_missing|end_coordinates_missing_or_invalid|no_valid_location_points|requires_crosswalk_or_marine_review|timezone_not_normalized_to_utc
5654040,2079601,1998,1998-06-26T17:00:00,1998-06-27T17:00:00,CST,24.0,46,,Z,011,DAY,0,0,0,0,,,,0,,0,1,begin_coordinates_missing_or_invalid|damage_crops_missing|damage_property_missing|end_coordinates_missing_or_invalid|no_valid_location_points|requires_crosswalk_or_marine_review|timezone_not_normalized_to_utc
5654041,2079601,1998,1998-06-26T17:00:00,1998-06-27T17:00:00,CST,24.0,46,,Z,007,MARSHALL,0,0,0,0,,,,0,,0,1,begin_coordinates_missing_or_invalid|damage_crops_missing|damage_property_missing|end_coordinates_missing_or_invalid|no_valid_location_points|requires_crosswalk_or_marine_review|timezone_not_normalized_to_utc
5654058,1062741,1998,1998-06-25T08:00:00,1998-06-25T08:30:00,MST,0.5,16,16001,C,001,ADA,0,0,0,0,,,,0,,0,1,begin_coordinates_missing_or_invalid|county_code_unverified|damage_crops_missing|damage_property_missing|end_coordinates_missing_or_invalid|no_valid_location_points|timezone_not_normalized_to_utc
5654077,2079139,1998,1998-06-14T11:00:00,1998-06-14T22:00:00,CST,11.0,19,19073,C,073,GREENE,0,0,0,0,100000.0,75000,,0,,0,1,begin_coordinates_missing_or_invalid|county_code_unverified|end_coordinates_missing_or_invalid|no_valid_location_points|timezone_not_normalized_to_utc
5654078,2079139,1998,1998-06-14T11:00:00,1998-06-14T22:00:00,CST,11.0,19,19009,C,009,AUDUBON,0,0,0,0,100000.0,75000,,0,,0,1,begin_coordinates_missing_or_invalid|county_code_unverified|end_coordinates_missing_or_invalid|no_valid_location_points|timezone_not_normalized_to_utc
5654079,2079139,1998,1998-06-14T11:00:00,1998-06-14T22:00:00,CST,11.0,19,19015,C,015,BOONE,0,0,0,0,100000.0,75000,,0,,0,1,begin_coordinates_missing_or_invalid|county_code_unverified|end_coordinates_missing_or_invalid|no_valid_location_points|timezone_not_normalized_to_utc
5654080,2079139,1998,1998-06-14T11:00:00,1998-06-14T22:00:00,CST,11.0,19,19049,C,049,DALLAS,0,0,0,0,100000.0,75000,,0,,0,1,begin_coordinates_missing_or_invalid|county_code_unverified|end_coordinates_missing_or_invalid|no_valid_location_points|timezone_not_normalized_to_utc
5654081,2079139,1998,1998-06-14T11:00:00,1998-06-14T22:00:00,CST,11.0,19,19077,C,077,GUTHRIE,0,0,0,0,100000.0,75000,,0,,0,1,begin_coordinates_missing_or_invalid|county_code_unverified|end_coordinates_missing_or_invalid|no_valid_location_points|timezone_not_normalized_to_utc
5654082,2079139,1998,1998-06-14T11:00:00,1998-06-14T22:00:00,CST,11.0,19,19127,C,127,MARSHALL,0,0,0,0,100000.0,75000,,0,,0,1,begin_coordinates_missing_or_invalid|county_code_unverified|end_coordinates_missing_or_invalid|no_valid_location_points|timezone_not_normalized_to_utc
5654083,2079139,1998,1998-06-14T11:00:00,1998-06-14T22:00:00,CST,11.0,19,19169,C,169,STORY,0,0,0,0,100000.0,75000,,0,,0,1,begin_coordinates_missing_or_invalid|county_code_unverified|end_coordinates_missing_or_invalid|no_valid_location_points|timezone_not_normalized_to_utc
5654084,2079139,1998,1998-06-14T11:00:00,1998-06-14T22:00:00,CST,11.0,19,19171,C,171,TAMA,0,0,0,0,100000.0,75000,,0,,0,1,begin_coordinates_missing_or_invalid|county_code_unverified|end_coordinates_missing_or_invalid|no_valid_location_points|timezone_not_normalized_to_utc
5654085,2079139,1998,1998-06-14T16:00:00,1998-06-14T22:00:00,CST,6.0,19,19153,C,153,POLK,0,0,0,0,50000,30000,,0,,0,1,begin_coordinates_missing_or_invalid|county_code_unverified|end_coordinates_missing_or_invalid|no_valid_location_points|timezone_not_normalized_to_utc
5654086,2079139,1998,1998-06-14T16:00:00,1998-06-14T22:00:00,CST,6.0,19,19001,C,001,ADAIR,0,0,0,0,50000,30000,,0,,0,1,begin_coordinates_missing_or_invalid|county_code_unverified|end_coordinates_missing_or_invalid|no_valid_location_points|timezone_not_normalized_to_utc
5654087,2079139,1998,1998-06-14T16:00:00,1998-06-14T22:00:00,CST,6.0,19,19039,C,039,CLARKE,0,0,0,0,50000,30000,,0,,0,1,begin_coordinates_missing_or_invalid|county_code_unverified|end_coordinates_missing_or_invalid|no_valid_location_points|timezone_not_normalized_to_utc
5654088,2079139,1998,1998-06-14T16:00:00,1998-06-14T22:00:00,CST,6.0,19,19099,C,099,JASPER,0,0,0,0,50000,30000,,0,,0,1,begin_coordinates_missing_or_invalid|county_code_unverified|end_coordinates_missing_or_invalid|no_valid_location_points|timezone_not_normalized_to_utc
5654089,2079139,1998,1998-06-14T16:00:00,1998-06-14T22:00:00,CST,6.0,19,19117,C,117,LUCAS,0,0,0,0,50000,30000,,0,,0,1,begin_coordinates_missing_or_invalid|county_code_unverified|end_coordinates_missing_or_invalid|no_valid_location_points|timezone_not_normalized_to_utc
5654090,2079139,1998,1998-06-14T16:00:00,1998-06-14T22:00:00,CST,6.0,19,19121,C,121,MADISON,0,0,0,0,50000,30000,,0,,0,1,begin_coordinates_missing_or_invalid|county_code_unverified|end_coordinates_missing_or_invalid|no_valid_location_points|timezone_not_normalized_to_utc
5654091,2079139,1998,1998-06-14T16:00:00,1998-06-14T22:00:00,CST,6.0,19,19123,C,123,MAHASKA,0,0,0,0,50000,30000,,0,,0,1,begin_coordinates_missing_or_invalid|county_code_unverified|end_coordinates_missing_or_invalid|no_valid_location_points|timezone_not_normalized_to_utc
5654092,2079139,1998,1998-06-14T16:00:00,1998-06-14T22:00:00,CST,6.0,19,19125,C,125,MARION,0,0,0,0,50000,30000,,0,,0,1,begin_coordinates_missing_or_invalid|county_code_unverified|end_coordinates_missing_or_invalid|no_valid_location_points|timezone_not_normalized_to_utc
5654093,2079139,1998,1998-06-14T16:00:00,1998-06-14T22:00:00,CST,6.0,19,19135,C,135,MONROE,0,0,0,0,50000,30000,,0,,0,1,begin_coordinates_missing_or_invalid|county_code_unverified|end_coordinates_missing_or_invalid|no_valid_location_points|timezone_not_normalized_to_utc
5654145,2079633,1998,1998-06-27T20:15:00,1998-06-27T21:03:00,CST,0.8,19,19037,C,037,CHICKASAW,0,0,0,0,2000,1300.0,,0,,0,1,begin_coordinates_missing_or_invalid|county_code_unverified|end_coordinates_missing_or_invalid|no_valid_location_points|timezone_not_normalized_to_utc
5654162,2079634,1998,1998-06-27T19:56:00,1998-06-27T21:00:00,CST,1.0666666666666667,55,55063,C,063,LA CROSSE,0,0,0,0,,,,0,,0,1,begin_coordinates_missing_or_invalid|county_code_unverified|damage_crops_missing|damage_property_missing|end_coordinates_missing_or_invalid|no_valid_location_points|timezone_not_normalized_to_utc
5654170,2079139,1998,1998-06-14T16:00:00,1998-06-14T22:00:00,CST,6.0,19,19157,C,157,POWESHIEK,0,0,0,0,50000,30000,,0,,0,1,begin_coordinates_missing_or_invalid|county_code_unverified|end_coordinates_missing_or_invalid|no_valid_location_points|timezone_not_normalized_to_utc
5654171,2079139,1998,1998-06-14T16:00:00,1998-06-14T22:00:00,CST,6.0,19,19179,C,179,WAPELLO,0,0,0,0,50000,30000,,0,,0,1,begin_coordinates_missing_or_invalid|county_code_unverified|end_coordinates_missing_or_invalid|no_valid_location_points|timezone_not_normalized_to_utc
5654172,2079139,1998,1998-06-14T16:00:00,1998-06-14T22:00:00,CST,6.0,19,19181,C,181,WARREN,0,0,0,0,50000,30000,,0,,0,1,begin_coordinates_missing_or_invalid|county_code_unverified|end_coordinates_missing_or_invalid|no_valid_location_points|timezone_not_normalized_to_utc
5654174,2079141,1998,1998-06-15T18:00:00,1998-06-15T21:00:00,CST,3.0,19,19049,C,049,DALLAS,0,0,0,0,20000,5000,,0,,0,1,begin_coordinates_missing_or_invalid|county_code_unverified|end_coordinates_missing_or_invalid|no_valid_location_points|timezone_not_normalized_to_utc
5654176,2079142,1998,1998-06-17T11:00:00,1998-06-17T13:00:00,CST,2.0,19,19049,C,049,DALLAS,0,0,0,0,25000,,,0,,0,1,begin_coordinates_missing_or_invalid|county_code_unverified|damage_crops_missing|end_coordinates_missing_or_invalid|no_valid_location_points|timezone_not_normalized_to_utc
5654177,2079142,1998,1998-06-17T11:00:00,1998-06-17T13:00:00,CST,2.0,19,19123,C,123,MAHASKA,0,0,0,0,25000,,,0,,0,1,begin_coordinates_missing_or_invalid|county_code_unverified|damage_crops_missing|end_coordinates_missing_or_invalid|no_valid_location_points|timezone_not_normalized_to_utc
5654178,2079142,1998,1998-06-17T11:00:00,1998-06-17T13:00:00,CST,2.0,19,19153,C,153,POLK,0,0,0,0,50000,,,0,,0,1,begin_coordinates_missing_or_invalid|county_code_unverified|damage_crops_missing|end_coordinates_missing_or_invalid|no_valid_location_points|timezone_not_normalized_to_utc
5654179,2079142,1998,1998-06-17T11:00:00,1998-06-17T13:00:00,CST,2.0,19,19181,C,181,WARREN,0,0,0,0,30000,,,0,,0,1,begin_coordinates_missing_or_invalid|county_code_unverified|damage_crops_missing|end_coordinates_missing_or_invalid|no_valid_location_points|timezone_not_normalized_to_utc
5654299,2079143,1998,1998-06-18T09:00:00,1998-06-18T12:00:00,CST,3.0,19,19049,C,049,DALLAS,0,0,0,0,30000,,,0,,0,1,begin_coordinates_missing_or_invalid|county_code_unverified|damage_crops_missing|end_coordinates_missing_or_invalid|no_valid_location_points|timezone_not_normalized_to_utc
5654300,2079143,1998,1998-06-18T09:00:00,1998-06-18T12:00:00,CST,3.0,19,19153,C,153,POLK,0,0,0,0,50000,,,0,,0,1,begin_coordinates_missing_or_invalid|county_code_unverified|damage_crops_missing|end_coordinates_missing_or_invalid|no_valid_location_points|timezone_not_normalized_to_utc
5654301,2079143,1998,1998-06-18T09:00:00,1998-06-18T14:00:00,CST,5.0,19,19181,C,181,WARREN,0,0,0,0,50000,,,0,,0,1,begin_coordinates_missing_or_invalid|county_code_unverified|damage_crops_missing|end_coordinates_missing_or_invalid|no_valid_location_points|timezone_not_normalized_to_utc
5654302,2079143,1998,1998-06-18T10:00:00,1998-06-18T13:00:00,CST,3.0,19,19125,C,125,MARION,0,0,0,0,40000,,,0,,0,1,begin_coordinates_missing_or_invalid|county_code_unverified|damage_crops_missing|end_coordinates_missing_or_invalid|no_valid_location_points|timezone_not_normalized_to_utc
5654303,2079143,1998,1998-06-18T10:00:00,1998-06-18T10:00:00,CST,0.0,19,19015,C,015,BOONE,0,0,0,0,40000,,,0,,0,1,begin_coordinates_missing_or_invalid|county_code_unverified|damage_crops_missing|end_coordinates_missing_or_invalid|no_valid_location_points|timezone_not_normalized_to_utc
5654420,2081243,1998,1998-07-06T05:00:00,1998-07-06T08:00:00,CST,3.0,17,17099,C,099,LA SALLE,0,0,0,0,,,,0,,0,1,begin_coordinates_missing_or_invalid|county_code_unverified|damage_crops_missing|damage_property_missing|end_coordinates_missing_or_invalid|no_valid_location_points|timezone_not_normalized_to_utc
5654421,2081243,1998,1998-07-06T05:00:00,1998-07-06T08:00:00,CST,3.0,17,17105,C,105,LIVINGSTON,0,0,0,0,,,,0,,0,1,begin_coordinates_missing_or_invalid|county_code_unverified|damage_crops_missing|damage_property_missing|end_coordinates_missing_or_invalid|no_valid_location_points|timezone_not_normalized_to_utc
5654422,2081243,1998,1998-07-06T05:00:00,1998-07-06T08:00:00,CST,3.0,17,17053,C,053,FORD,0,0,0,0,,,,0,,0,1,begin_coordinates_missing_or_invalid|county_code_unverified|damage_crops_missing|damage_property_missing|end_coordinates_missing_or_invalid|no_valid_location_points|timezone_not_normalized_to_utc
5654423,2081243,1998,1998-07-06T05:00:00,1998-07-06T08:00:00,CST,3.0,17,17075,C,075,IROQUOIS,0,0,0,0,,,,0,,0,1,begin_coordinates_missing_or_invalid|county_code_unverified|damage_crops_missing|damage_property_missing|end_coordinates_missing_or_invalid|no_valid_location_points|timezone_not_normalized_to_utc
5654424,2081244,1998,1998-07-07T05:00:00,1998-07-07T08:00:00,CST,3.0,17,17007,C,007,BOONE,0,0,0,0,,,,0,,0,1,begin_coordinates_missing_or_invalid|county_code_unverified|damage_crops_missing|damage_property_missing|end_coordinates_missing_or_invalid|no_valid_location_points|timezone_not_normalized_to_utc
5654501,2081146,1998,1998-06-22T14:00:00,1998-06-22T23:00:00,EST,9.0,18,18005,C,005,BARTHOLOMEW,0,0,0,0,,,,0,,0,1,begin_coordinates_missing_or_invalid|county_code_unverified|damage_crops_missing|damage_property_missing|end_coordinates_missing_or_invalid|no_valid_location_points|timezone_not_normalized_to_utc
5654502,2081146,1998,1998-06-22T14:00:00,1998-06-22T23:00:00,EST,9.0,18,18013,C,013,BROWN,0,0,0,0,,,,0,,0,1,begin_coordinates_missing_or_invalid|county_code_unverified|damage_crops_missing|damage_property_missing|end_coordinates_missing_or_invalid|no_valid_location_points|timezone_not_normalized_to_utc
5654503,2081146,1998,1998-06-22T14:00:00,1998-06-22T23:00:00,EST,9.0,18,18021,C,021,CLAY,0,0,0,0,,,,0,,0,1,begin_coordinates_missing_or_invalid|county_code_unverified|damage_crops_missing|damage_property_missing|end_coordinates_missing_or_invalid|no_valid_location_points|timezone_not_normalized_to_utc
5654504,2081146,1998,1998-06-22T14:00:00,1998-06-22T23:00:00,EST,9.0,18,18031,C,031,DECATUR,0,0,0,0,,,,0,,0,1,begin_coordinates_missing_or_invalid|county_code_unverified|damage_crops_missing|damage_property_missing|end_coordinates_missing_or_invalid|no_valid_location_points|timezone_not_normalized_to_utc
5654505,2081146,1998,1998-06-22T14:00:00,1998-06-22T23:00:00,EST,9.0,18,18055,C,055,GREENE,0,0,0,0,,,,0,,0,1,begin_coordinates_missing_or_invalid|county_code_unverified|damage_crops_missing|damage_property_missing|end_coordinates_missing_or_invalid|no_valid_location_points|timezone_not_normalized_to_utc
5654506,2081146,1998,1998-06-22T14:00:00,1998-06-22T23:00:00,EST,9.0,18,18071,C,071,JACKSON,0,0,0,0,,,,0,,0,1,begin_coordinates_missing_or_invalid|county_code_unverified|damage_crops_missing|damage_property_missing|end_coordinates_missing_or_invalid|no_valid_location_points|timezone_not_normalized_to_utc
5654507,2081146,1998,1998-06-22T14:00:00,1998-06-22T23:00:00,EST,9.0,18,18079,C,079,JENNINGS,0,0,0,0,,,,0,,0,1,begin_coordinates_missing_or_invalid|county_code_unverified|damage_crops_missing|damage_property_missing|end_coordinates_missing_or_invalid|no_valid_location_points|timezone_not_normalized_to_utc
5654508,2081146,1998,1998-06-22T14:00:00,1998-06-22T23:00:00,EST,9.0,18,18081,C,081,JOHNSON,0,0,0,0,,,,0,,0,1,begin_coordinates_missing_or_invalid|county_code_unverified|damage_crops_missing|damage_property_missing|end_coordinates_missing_or_invalid|no_valid_location_points|timezone_not_normalized_to_utc
5654509,2081146,1998,1998-06-22T14:00:00,1998-06-22T23:00:00,EST,9.0,18,18093,C,093,LAWRENCE,0,0,0,0,,,,0,,0,1,begin_coordinates_missing_or_invalid|county_code_unverified|damage_crops_missing|damage_property_missing|end_coordinates_missing_or_invalid|no_valid_location_points|timezone_not_normalized_to_utc
5654510,2081146,1998,1998-06-22T14:00:00,1998-06-22T23:00:00,EST,9.0,18,18105,C,105,MONROE,0,0,0,0,,,,0,,0,1,begin_coordinates_missing_or_invalid|county_code_unverified|damage_crops_missing|damage_property_missing|end_coordinates_missing_or_invalid|no_valid_location_points|timezone_not_normalized_to_utc
5654511,2081146,1998,1998-06-22T14:00:00,1998-06-22T23:00:00,EST,9.0,18,18109,C,109,MORGAN,0,0,0,0,,,,0,,0,1,begin_coordinates_missing_or_invalid|county_code_unverified|damage_crops_missing|damage_property_missing|end_coordinates_missing_or_invalid|no_valid_location_points|timezone_not_normalized_to_utc
5654512,2081146,1998,1998-06-22T14:00:00,1998-06-22T23:00:00,EST,9.0,18,18119,C,119,OWEN,0,0,0,0,,,,0,,0,1,begin_coordinates_missing_or_invalid|county_code_unverified|damage_crops_missing|damage_property_missing|end_coordinates_missing_or_invalid|no_valid_location_points|timezone_not_normalized_to_utc
5654513,2081146,1998,1998-06-22T14:00:00,1998-06-22T23:00:00,EST,9.0,18,18167,C,167,VIGO,0,0,0,0,,,,0,,0,1,begin_coordinates_missing_or_invalid|county_code_unverified|damage_crops_missing|damage_property_missing|end_coordinates_missing_or_invalid|no_valid_location_points|timezone_not_normalized_to_utc
5654597,2081016,1998,1998-04-03T10:00:00,1998-04-04T08:00:00,EST,22.0,26,,Z,039,OSCEOLA,0,0,0,0,,,,0,,0,1,begin_coordinates_missing_or_invalid|damage_crops_missing|damage_property_missing|end_coordinates_missing_or_invalid|no_valid_location_points|requires_crosswalk_or_marine_review|timezone_not_normalized_to_utc
5654618,2081151,1998,1998-06-29T00:45:00,1998-06-29T09:00:00,EST,8.25,18,,Z,053,OWEN,0,0,0,0,,,,0,,0,1,begin_coordinates_missing_or_invalid|damage_crops_missing|damage_property_missing|end_coordinates_missing_or_invalid|no_valid_location_points|requires_crosswalk_or_marine_review|timezone_not_normalized_to_utc
5654648,1064938,1998,1998-06-19T07:00:00,1998-06-23T07:00:00,EST,96.0,18,,Z,029,TIPPECANOE,0,0,0,0,,,,0,,0,1,begin_coordinates_missing_or_invalid|damage_crops_missing|damage_property_missing|end_coordinates_missing_or_invalid|no_valid_location_points|requires_crosswalk_or_marine_review|timezone_not_normalized_to_utc
5654723,1064938,1998,1998-06-19T07:00:00,1998-06-20T07:00:00,EST,24.0,18,,Z,064,BARTHOLOMEW,0,0,0,0,,,,0,,0,1,begin_coordinates_missing_or_invalid|damage_crops_missing|damage_property_missing|end_coordinates_missing_or_invalid|no_valid_location_points|requires_crosswalk_or_marine_review|timezone_not_normalized_to_utc
5654724,1064938,1998,1998-06-19T07:00:00,1998-06-30T07:00:00,EST,264.0,18,,Z,068,DAVIESS,0,0,0,0,,,,0,,0,1,begin_coordinates_missing_or_invalid|damage_crops_missing|damage_property_missing|end_coordinates_missing_or_invalid|no_valid_location_points|requires_crosswalk_or_marine_review|timezone_not_normalized_to_utc
5654725,1064938,1998,1998-06-19T07:00:00,1998-06-24T07:00:00,EST,120.0,18,,Z,035,FOUNTAIN,0,0,0,0,,,,0,,0,1,begin_coordinates_missing_or_invalid|damage_crops_missing|damage_property_missing|end_coordinates_missing_or_invalid|no_valid_location_points|requires_crosswalk_or_marine_review|timezone_not_normalized_to_utc
5654726,1064938,1998,1998-06-19T07:00:00,1998-06-26T07:00:00,EST,168.0,18,,Z,061,GREENE,0,0,0,0,,,,0,,0,1,begin_coordinates_missing_or_invalid|damage_crops_missing|damage_property_missing|end_coordinates_missing_or_invalid|no_valid_location_points|requires_crosswalk_or_marine_review|timezone_not_normalized_to_utc
5654727,1064938,1998,1998-06-19T07:00:00,1998-06-23T07:00:00,EST,96.0,18,,Z,071,JACKSON,0,0,0,0,,,,0,,0,1,begin_coordinates_missing_or_invalid|damage_crops_missing|damage_property_missing|end_coordinates_missing_or_invalid|no_valid_location_points|requires_crosswalk_or_marine_review|timezone_not_normalized_to_utc
5654728,1064938,1998,1998-06-19T07:00:00,1998-06-30T07:00:00,EST,264.0,18,,Z,067,KNOX,0,0,0,0,,,,0,,0,1,begin_coordinates_missing_or_invalid|damage_crops_missing|damage_property_missing|end_coordinates_missing_or_invalid|no_valid_location_points|requires_crosswalk_or_marine_review|timezone_not_normalized_to_utc
5654729,1064938,1998,1998-06-19T07:00:00,1998-06-23T07:00:00,EST,96.0,18,,Z,070,LAWRENCE,0,0,0,0,,,,0,,0,1,begin_coordinates_missing_or_invalid|damage_crops_missing|damage_property_missing|end_coordinates_missing_or_invalid|no_valid_location_points|requires_crosswalk_or_marine_review|timezone_not_normalized_to_utc
5654730,1064938,1998,1998-06-19T07:00:00,1998-06-24T07:00:00,EST,120.0,18,,Z,069,MARTIN,0,0,0,0,,,,0,,0,1,begin_coordinates_missing_or_invalid|damage_crops_missing|damage_property_missing|end_coordinates_missing_or_invalid|no_valid_location_points|requires_crosswalk_or_marine_review|timezone_not_normalized_to_utc
5654731,1064938,1998,1998-06-19T07:00:00,1998-06-26T07:00:00,EST,168.0,18,,Z,053,OWEN,0,0,0,0,,,,0,,0,1,begin_coordinates_missing_or_invalid|damage_crops_missing|damage_property_missing|end_coordinates_missing_or_invalid|no_valid_location_points|requires_crosswalk_or_marine_review|timezone_not_normalized_to_utc
5654732,1064938,1998,1998-06-19T07:00:00,1998-06-26T07:00:00,EST,168.0,18,,Z,044,PARKE,0,0,0,0,,,,0,,0,1,begin_coordinates_missing_or_invalid|damage_crops_missing|damage_property_missing|end_coordinates_missing_or_invalid|no_valid_location_points|requires_crosswalk_or_marine_review|timezone_not_normalized_to_utc
5654733,1064938,1998,1998-06-19T07:00:00,1998-06-30T07:00:00,EST,264.0,18,,Z,060,SULLIVAN,0,0,0,0,,,,0,,0,1,begin_coordinates_missing_or_invalid|damage_crops_missing|damage_property_missing|end_coordinates_missing_or_invalid|no_valid_location_points|requires_crosswalk_or_marine_review|timezone_not_normalized_to_utc
5654734,1064938,1998,1998-06-19T07:00:00,1998-06-26T07:00:00,EST,168.0,18,,Z,043,VERMILLION,0,0,0,0,,,,0,,0,1,begin_coordinates_missing_or_invalid|damage_crops_missing|damage_property_missing|end_coordinates_missing_or_invalid|no_valid_location_points|requires_crosswalk_or_marine_review|timezone_not_normalized_to_utc
5654735,1064938,1998,1998-06-19T07:00:00,1998-06-27T07:00:00,EST,192.0,18,,Z,051,VIGO,0,0,0,0,,,,0,,0,1,begin_coordinates_missing_or_invalid|damage_crops_missing|damage_property_missing|end_coordinates_missing_or_invalid|no_valid_location_points|requires_crosswalk_or_marine_review|timezone_not_normalized_to_utc
5654736,1064938,1998,1998-06-19T07:00:00,1998-06-24T07:00:00,EST,120.0,18,,Z,028,WARREN,0,0,0,0,,,,0,,0,1,begin_coordinates_missing_or_invalid|damage_crops_missing|damage_property_missing|end_coordinates_missing_or_invalid|no_valid_location_points|requires_crosswalk_or_marine_review|timezone_not_normalized_to_utc
5654836,2081205,1998,1998-07-16T08:30:00,1998-07-16T09:30:00,EST,1.0,21,21061,C,061,EDMONSON,0,0,0,0,,,,0,,0,1,begin_coordinates_missing_or_invalid|county_code_unverified|damage_crops_missing|damage_property_missing|end_coordinates_missing_or_invalid|no_valid_location_points|timezone_not_normalized_to_utc
5655020,2081159,1998,1998-07-21T20:15:00,1998-07-21T20:15:00,EST,0.0,18,,Z,007,STEUBEN,0,0,0,0,,,,0,,0,1,begin_coordinates_missing_or_invalid|damage_crops_missing|damage_property_missing|end_coordinates_missing_or_invalid|no_valid_location_points|requires_crosswalk_or_marine_review|timezone_not_normalized_to_utc
5655023,2081159,1998,1998-07-21T20:20:00,1998-07-21T20:20:00,EST,0.0,18,,Z,007,STEUBEN,0,0,0,0,,,,0,,0,1,begin_coordinates_missing_or_invalid|damage_crops_missing|damage_property_missing|end_coordinates_missing_or_invalid|no_valid_location_points|requires_crosswalk_or_marine_review|timezone_not_normalized_to_utc
5655430,2081075,1998,1998-06-11T08:00:00,1998-06-11T17:00:00,EST,9.0,18,18015,C,015,CARROLL,0,0,0,0,,,,0,,0,1,begin_coordinates_missing_or_invalid|county_code_unverified|damage_crops_missing|damage_property_missing|end_coordinates_missing_or_invalid|no_valid_location_points|timezone_not_normalized_to_utc
5655431,2081075,1998,1998-06-11T08:00:00,1998-06-11T17:00:00,EST,9.0,18,18023,C,023,CLINTON,0,0,0,0,,,,0,,0,1,begin_coordinates_missing_or_invalid|county_code_unverified|damage_crops_missing|damage_property_missing|end_coordinates_missing_or_invalid|no_valid_location_points|timezone_not_normalized_to_utc
5655438,2081207,1998,1998-07-20T09:00:00,1998-07-20T10:00:00,EST,1.0,21,21111,C,111,JEFFERSON,0,0,0,0,,,,0,,0,1,begin_coordinates_missing_or_invalid|county_code_unverified|damage_crops_missing|damage_property_missing|end_coordinates_missing_or_invalid|no_valid_location_points|timezone_not_normalized_to_utc
5655439,2081207,1998,1998-07-20T09:00:00,1998-07-20T10:00:00,EST,1.0,21,21211,C,211,SHELBY,0,0,0,0,,,,0,,0,1,begin_coordinates_missing_or_invalid|county_code_unverified|damage_crops_missing|damage_property_missing|end_coordinates_missing_or_invalid|no_valid_location_points|timezone_not_normalized_to_utc
5655440,2081207,1998,1998-07-20T09:00:00,1998-07-20T10:00:00,EST,1.0,21,21103,C,103,HENRY,0,0,0,0,,,,0,,0,1,begin_coordinates_missing_or_invalid|county_code_unverified|damage_crops_missing|damage_property_missing|end_coordinates_missing_or_invalid|no_valid_location_points|timezone_not_normalized_to_utc
5655441,2081207,1998,1998-07-20T09:00:00,1998-07-20T10:00:00,EST,1.0,21,21185,C,185,OLDHAM,0,0,0,0,,,,0,,0,1,begin_coordinates_missing_or_invalid|county_code_unverified|damage_crops_missing|damage_property_missing|end_coordinates_missing_or_invalid|no_valid_location_points|timezone_not_normalized_to_utc
5655442,2081207,1998,1998-07-20T09:00:00,1998-07-20T10:00:00,EST,1.0,21,21215,C,215,SPENCER,0,0,0,0,,,,0,,0,1,begin_coordinates_missing_or_invalid|county_code_unverified|damage_crops_missing|damage_property_missing|end_coordinates_missing_or_invalid|no_valid_location_points|timezone_not_normalized_to_utc
5655448,2081210,1998,1998-07-20T01:00:00,1998-07-22T01:00:00,EST,48.0,21,,Z,042,BOURBON,0,0,0,0,,,,0,,0,1,begin_coordinates_missing_or_invalid|damage_crops_missing|damage_property_missing|end_coordinates_missing_or_invalid|no_valid_location_points|requires_crosswalk_or_marine_review|timezone_not_normalized_to_utc
5655514,2081034,1998,1998-03-31T18:00:00,1998-03-31T23:59:00,EST,5.983333333333333,23,,Z,020,ANDROSCOGGIN,0,0,0,0,,,,0,,0,1,begin_coordinates_missing_or_invalid|damage_crops_missing|damage_property_missing|end_coordinates_missing_or_invalid|no_valid_location_points|requires_crosswalk_or_marine_review|timezone_not_normalized_to_utc
5655516,2081034,1998,1998-03-31T12:00:00,1998-03-31T23:59:00,EST,11.983333333333333,23,,Z,021,KENNEBEC,0,0,0,0,,,,0,,0,1,begin_coordinates_missing_or_invalid|damage_crops_missing|damage_property_missing|end_coordinates_missing_or_invalid|no_valid_location_points|requires_crosswalk_or_marine_review|timezone_not_normalized_to_utc
5655518,2081034,1998,1998-03-30T01:00:00,1998-03-31T23:59:00,EST,46.983333333333334,23,,Z,014,SOUTHERN SOMERSET,0,0,0,0,,,,0,,0,1,begin_coordinates_missing_or_invalid|damage_crops_missing|damage_property_missing|end_coordinates_missing_or_invalid|no_valid_location_points|requires_crosswalk_or_marine_review|timezone_not_normalized_to_utc
5655528,2081037,1998,1998-03-31T19:00:00,1998-03-31T23:59:00,EST,4.983333333333333,33,,Z,004,NORTHERN CARROLL,0,0,0,0,,,,0,,0,1,begin_coordinates_missing_or_invalid|damage_crops_missing|damage_property_missing|end_coordinates_missing_or_invalid|no_valid_location_points|requires_crosswalk_or_marine_review|timezone_not_normalized_to_utc
5655529,2081037,1998,1998-03-30T05:45:00,1998-03-31T23:59:00,EST,42.233333333333334,33,,Z,001,NORTHERN COOS,0,0,0,0,,,,0,,0,1,begin_coordinates_missing_or_invalid|damage_crops_missing|damage_property_missing|end_coordinates_missing_or_invalid|no_valid_location_points|requires_crosswalk_or_marine_review|timezone_not_normalized_to_utc
5655530,2081037,1998,1998-03-29T15:30:00,1998-03-31T23:59:00,EST,56.483333333333334,33,,Z,003,NORTHERN GRAFTON,0,0,0,0,,,,0,,0,1,begin_coordinates_missing_or_invalid|damage_crops_missing|damage_property_missing|end_coordinates_missing_or_invalid|no_valid_location_points|requires_crosswalk_or_marine_review|timezone_not_normalized_to_utc
5655531,2081037,1998,1998-03-30T05:45:00,1998-03-31T23:59:00,EST,42.233333333333334,33,,Z,002,SOUTHERN COOS,0,0,0,0,,,,0,,0,1,begin_coordinates_missing_or_invalid|damage_crops_missing|damage_property_missing|end_coordinates_missing_or_invalid|no_valid_location_points|requires_crosswalk_or_marine_review|timezone_not_normalized_to_utc
5655532,2081037,1998,1998-03-29T15:30:00,1998-03-31T23:59:00,EST,56.483333333333334,33,,Z,005,SOUTHERN GRAFTON,0,0,0,0,,,,0,,0,1,begin_coordinates_missing_or_invalid|damage_crops_missing|damage_property_missing|end_coordinates_missing_or_invalid|no_valid_location_points|requires_crosswalk_or_marine_review|timezone_not_normalized_to_utc
5655537,2081039,1998,1998-04-01T00:00:00,1998-04-03T09:00:00,EST,57.0,23,,Z,021,KENNEBEC,0,0,0,0,,,,0,,0,1,begin_coordinates_missing_or_invalid|damage_crops_missing|damage_property_missing|end_coordinates_missing_or_invalid|no_valid_location_points|requires_crosswalk_or_marine_review|timezone_not_normalized_to_utc
5655539,2081039,1998,1998-04-01T00:00:00,1998-04-03T08:30:00,EST,56.5,23,,Z,020,ANDROSCOGGIN,0,0,0,0,,,,0,,0,1,begin_coordinates_missing_or_invalid|damage_crops_missing|damage_property_missing|end_coordinates_missing_or_invalid|no_valid_location_points|requires_crosswalk_or_marine_review|timezone_not_normalized_to_utc
5655540,2081039,1998,1998-04-01T00:00:00,1998-04-03T06:00:00,EST,54.0,23,,Z,014,SOUTHERN SOMERSET,0,0,0,0,,,,0,,0,1,begin_coordinates_missing_or_invalid|damage_crops_missing|damage_property_missing|end_coordinates_missing_or_invalid|no_valid_location_points|requires_crosswalk_or_marine_review|timezone_not_normalized_to_utc
5655541,2081040,1998,1998-04-01T08:00:00,1998-04-02T22:00:00,EST,38.0,23,,Z,002,NORTHEAST AROOSTOOK,0,0,0,0,,,,0,,0,1,begin_coordinates_missing_or_invalid|damage_crops_missing|damage_property_missing|end_coordinates_missing_or_invalid|no_valid_location_points|requires_crosswalk_or_marine_review|timezone_not_normalized_to_utc
5655542,2081041,1998,1998-04-18T15:00:00,1998-04-20T14:15:00,EST,47.25,23,,Z,002,NORTHEAST AROOSTOOK,0,0,0,0,,,,0,,0,1,begin_coordinates_missing_or_invalid|damage_crops_missing|damage_property_missing|end_coordinates_missing_or_invalid|no_valid_location_points|requires_crosswalk_or_marine_review|timezone_not_normalized_to_utc
5655543,2081042,1998,1998-04-01T00:00:00,1998-04-01T05:15:00,EST,5.25,33,,Z,004,NORTHERN CARROLL,0,0,0,0,,,,0,,0,1,begin_coordinates_missing_or_invalid|damage_crops_missing|damage_property_missing|end_coordinates_missing_or_invalid|no_valid_location_points|requires_crosswalk_or_marine_review|timezone_not_normalized_to_utc
5655544,2081042,1998,1998-04-01T00:00:00,1998-04-01T12:30:00,EST,12.5,33,,Z,001,NORTHERN COOS,0,0,0,0,,,,0,,0,1,begin_coordinates_missing_or_invalid|damage_crops_missing|damage_property_missing|end_coordinates_missing_or_invalid|no_valid_location_points|requires_crosswalk_or_marine_review|timezone_not_normalized_to_utc
5655545,2081042,1998,1998-04-01T00:00:00,1998-04-04T07:00:00,EST,79.0,33,,Z,003,NORTHERN GRAFTON,0,0,0,0,,,,0,,0,1,begin_coordinates_missing_or_invalid|damage_crops_missing|damage_property_missing|end_coordinates_missing_or_invalid|no_valid_location_points|requires_crosswalk_or_marine_review|timezone_not_normalized_to_utc
5655546,2081075,1998,1998-06-11T08:00:00,1998-06-11T17:00:00,EST,9.0,18,18035,C,035,DELAWARE,0,0,0,0,,,,0,,0,1,begin_coordinates_missing_or_invalid|county_code_unverified|damage_crops_missing|damage_property_missing|end_coordinates_missing_or_invalid|no_valid_location_points|timezone_not_normalized_to_utc
5655547,2081075,1998,1998-06-11T08:00:00,1998-06-11T17:00:00,EST,9.0,18,18045,C,045,FOUNTAIN,0,0,0,0,,,,0,,0,1,begin_coordinates_missing_or_invalid|county_code_unverified|damage_crops_missing|damage_property_missing|end_coordinates_missing_or_invalid|no_valid_location_points|timezone_not_normalized_to_utc
5655548,2081075,1998,1998-06-11T08:00:00,1998-06-11T17:00:00,EST,9.0,18,18057,C,057,HAMILTON,0,0,0,0,,,,0,,0,1,begin_coordinates_missing_or_invalid|county_code_unverified|damage_crops_missing|damage_property_missing|end_coordinates_missing_or_invalid|no_valid_location_points|timezone_not_normalized_to_utc
5655549,2081075,1998,1998-06-11T08:00:00,1998-06-11T17:00:00,EST,9.0,18,18059,C,059,HANCOCK,0,0,0,0,,,,0,,0,1,begin_coordinates_missing_or_invalid|county_code_unverified|damage_crops_missing|damage_property_missing|end_coordinates_missing_or_invalid|no_valid_location_points|timezone_not_normalized_to_utc
5655550,2081075,1998,1998-06-11T08:00:00,1998-06-11T17:00:00,EST,9.0,18,18067,C,067,HOWARD,0,0,0,0,,,,0,,0,1,begin_coordinates_missing_or_invalid|county_code_unverified|damage_crops_missing|damage_property_missing|end_coordinates_missing_or_invalid|no_valid_location_points|timezone_not_normalized_to_utc
5655551,2081075,1998,1998-06-11T08:00:00,1998-06-11T17:00:00,EST,9.0,18,18097,C,097,MARION,0,0,0,0,,,,0,,0,1,begin_coordinates_missing_or_invalid|county_code_unverified|damage_crops_missing|damage_property_missing|end_coordinates_missing_or_invalid|no_valid_location_points|timezone_not_normalized_to_utc
5655552,2081075,1998,1998-06-11T08:00:00,1998-06-11T17:00:00,EST,9.0,18,18107,C,107,MONTGOMERY,0,0,0,0,,,,0,,0,1,begin_coordinates_missing_or_invalid|county_code_unverified|damage_crops_missing|damage_property_missing|end_coordinates_missing_or_invalid|no_valid_location_points|timezone_not_normalized_to_utc
5655553,2081075,1998,1998-06-11T08:00:00,1998-06-11T17:00:00,EST,9.0,18,18121,C,121,PARKE,0,0,0,0,,,,0,,0,1,begin_coordinates_missing_or_invalid|county_code_unverified|damage_crops_missing|damage_property_missing|end_coordinates_missing_or_invalid|no_valid_location_points|timezone_not_normalized_to_utc
5655554,2081075,1998,1998-06-11T08:00:00,1998-06-11T17:00:00,EST,9.0,18,18135,C,135,RANDOLPH,0,0,0,0,,,,0,,0,1,begin_coordinates_missing_or_invalid|county_code_unverified|damage_crops_missing|damage_property_missing|end_coordinates_missing_or_invalid|no_valid_location_points|timezone_not_normalized_to_utc
5655555,2081075,1998,1998-06-11T08:00:00,1998-06-11T17:00:00,EST,9.0,18,18139,C,139,RUSH,0,0,0,0,,,,0,,0,1,begin_coordinates_missing_or_invalid|county_code_unverified|damage_crops_missing|damage_property_missing|end_coordinates_missing_or_invalid|no_valid_location_points|timezone_not_normalized_to_utc
5655556,2081075,1998,1998-06-11T08:00:00,1998-06-11T17:00:00,EST,9.0,18,18145,C,145,SHELBY,0,0,0,0,,,,0,,0,1,begin_coordinates_missing_or_invalid|county_code_unverified|damage_crops_missing|damage_property_missing|end_coordinates_missing_or_invalid|no_valid_location_points|timezone_not_normalized_to_utc
5655557,2081075,1998,1998-06-11T08:00:00,1998-06-11T17:00:00,EST,9.0,18,18157,C,157,TIPPECANOE,0,0,0,0,,,,0,,0,1,begin_coordinates_missing_or_invalid|county_code_unverified|damage_crops_missing|damage_property_missing|end_coordinates_missing_or_invalid|no_valid_location_points|timezone_not_normalized_to_utc
5655558,2081075,1998,1998-06-11T08:00:00,1998-06-11T17:00:00,EST,9.0,18,18159,C,159,TIPTON,0,0,0,0,,,,0,,0,1,begin_coordinates_missing_or_invalid|county_code_unverified|damage_crops_missing|damage_property_missing|end_coordinates_missing_or_invalid|no_valid_location_points|timezone_not_normalized_to_utc
5655559,2081075,1998,1998-06-11T08:00:00,1998-06-11T17:00:00,EST,9.0,18,18165,C,165,VERMILLION,0,0,0,0,,,,0,,0,1,begin_coordinates_missing_or_invalid|county_code_unverified|damage_crops_missing|damage_property_missing|end_coordinates_missing_or_invalid|no_valid_location_points|timezone_not_normalized_to_utc
5655560,2081075,1998,1998-06-11T08:00:00,1998-06-11T17:00:00,EST,9.0,18,18171,C,171,WARREN,0,0,0,0,,,,0,,0,1,begin_coordinates_missing_or_invalid|county_code_unverified|damage_crops_missing|damage_property_missing|end_coordinates_missing_or_invalid|no_valid_location_points|timezone_not_normalized_to_utc
5655639,2081042,1998,1998-04-01T00:00:00,1998-04-04T22:00:00,EST,94.0,33,,Z,002,SOUTHERN COOS,0,0,0,0,,,,0,,0,1,begin_coordinates_missing_or_invalid|damage_crops_missing|damage_property_missing|end_coordinates_missing_or_invalid|no_valid_location_points|requires_crosswalk_or_marine_review|timezone_not_normalized_to_utc
5655640,2081042,1998,1998-04-01T00:00:00,1998-04-05T03:00:00,EST,99.0,33,,Z,005,SOUTHERN GRAFTON,0,0,0,0,,,,0,,0,1,begin_coordinates_missing_or_invalid|damage_crops_missing|damage_property_missing|end_coordinates_missing_or_invalid|no_valid_location_points|requires_crosswalk_or_marine_review|timezone_not_normalized_to_utc
5655693,2081106,1998,1998-06-12T22:00:00,1998-06-14T23:59:00,EST,49.983333333333334,18,,Z,064,BARTHOLOMEW,0,0,0,0,,,,0,,0,1,begin_coordinates_missing_or_invalid|damage_crops_missing|damage_property_missing|end_coordinates_missing_or_invalid|no_valid_location_points|requires_crosswalk_or_marine_review|timezone_not_normalized_to_utc
5655694,2081106,1998,1998-06-12T22:00:00,1998-06-14T23:59:00,EST,49.983333333333334,18,,Z,037,BOONE,0,0,0,0,,,,0,,0,1,begin_coordinates_missing_or_invalid|damage_crops_missing|damage_property_missing|end_coordinates_missing_or_invalid|no_valid_location_points|requires_crosswalk_or_marine_review|timezone_not_normalized_to_utc
5655695,2081106,1998,1998-06-12T22:00:00,1998-06-14T23:59:00,EST,49.983333333333334,18,,Z,021,CARROLL,0,0,0,0,,,,0,,0,1,begin_coordinates_missing_or_invalid|damage_crops_missing|damage_property_missing|end_coordinates_missing_or_invalid|no_valid_location_points|requires_crosswalk_or_marine_review|timezone_not_normalized_to_utc
5655696,2081106,1998,1998-06-12T22:00:00,1998-06-14T23:59:00,EST,49.983333333333334,18,,Z,030,CLINTON,0,0,0,0,,,,0,,0,1,begin_coordinates_missing_or_invalid|damage_crops_missing|damage_property_missing|end_coordinates_missing_or_invalid|no_valid_location_points|requires_crosswalk_or_marine_review|timezone_not_normalized_to_utc
5655697,2081106,1998,1998-06-12T22:00:00,1998-06-17T23:59:00,EST,121.98333333333333,18,,Z,068,DAVIESS,0,0,0,0,,,,0,,0,1,begin_coordinates_missing_or_invalid|damage_crops_missing|damage_property_missing|end_coordinates_missing_or_invalid|no_valid_location_points|requires_crosswalk_or_marine_review|timezone_not_normalized_to_utc
5655698,2081106,1998,1998-06-12T22:00:00,1998-06-14T23:59:00,EST,49.983333333333334,18,,Z,041,DELAWARE,0,0,0,0,,,,0,,0,1,begin_coordinates_missing_or_invalid|damage_crops_missing|damage_property_missing|end_coordinates_missing_or_invalid|no_valid_location_points|requires_crosswalk_or_marine_review|timezone_not_normalized_to_utc
5655704,2081214,1998,1998-06-11T01:00:00,1998-06-11T13:00:00,CST,12.0,17,17105,C,105,LIVINGSTON,0,0,0,0,250000,,,0,,0,1,begin_coordinates_missing_or_invalid|county_code_unverified|damage_crops_missing|end_coordinates_missing_or_invalid|no_valid_location_points|timezone_not_normalized_to_utc
5655764,2081106,1998,1998-06-12T22:00:00,1998-06-14T23:59:00,EST,49.983333333333334,18,,Z,035,FOUNTAIN,0,0,0,0,,,,0,,0,1,begin_coordinates_missing_or_invalid|damage_crops_missing|damage_property_missing|end_coordinates_missing_or_invalid|no_valid_location_points|requires_crosswalk_or_marine_review|timezone_not_normalized_to_utc
5655765,2081106,1998,1998-06-12T22:00:00,1998-06-16T23:59:00,EST,97.98333333333333,18,,Z,061,GREENE,0,0,0,0,,,,0,,0,1,begin_coordinates_missing_or_invalid|damage_crops_missing|damage_property_missing|end_coordinates_missing_or_invalid|no_valid_location_points|requires_crosswalk_or_marine_review|timezone_not_normalized_to_utc
5655766,2081106,1998,1998-06-12T22:00:00,1998-06-14T23:59:00,EST,49.983333333333334,18,,Z,039,HAMILTON,0,0,0,0,,,,0,,0,1,begin_coordinates_missing_or_invalid|damage_crops_missing|damage_property_missing|end_coordinates_missing_or_invalid|no_valid_location_points|requires_crosswalk_or_marine_review|timezone_not_normalized_to_utc
5655767,2081106,1998,1998-06-12T22:00:00,1998-06-14T23:59:00,EST,49.983333333333334,18,,Z,048,HANCOCK,0,0,0,0,,,,0,,0,1,begin_coordinates_missing_or_invalid|damage_crops_missing|damage_property_missing|end_coordinates_missing_or_invalid|no_valid_location_points|requires_crosswalk_or_marine_review|timezone_not_normalized_to_utc
5655768,2081106,1998,1998-06-12T22:00:00,1998-06-14T23:59:00,EST,49.983333333333334,18,,Z,049,HENRY,0,0,0,0,,,,0,,0,1,begin_coordinates_missing_or_invalid|damage_crops_missing|damage_property_missing|end_coordinates_missing_or_invalid|no_valid_location_points|requires_crosswalk_or_marine_review|timezone_not_normalized_to_utc
5655769,2081106,1998,1998-06-12T22:00:00,1998-06-14T23:59:00,EST,49.983333333333334,18,,Z,031,HOWARD,0,0,0,0,,,,0,,0,1,begin_coordinates_missing_or_invalid|damage_crops_missing|damage_property_missing|end_coordinates_missing_or_invalid|no_valid_location_points|requires_crosswalk_or_marine_review|timezone_not_normalized_to_utc
5655770,2081106,1998,1998-06-12T22:00:00,1998-06-14T23:59:00,EST,49.983333333333334,18,,Z,071,JACKSON,0,0,0,0,,,,0,,0,1,begin_coordinates_missing_or_invalid|damage_crops_missing|damage_property_missing|end_coordinates_missing_or_invalid|no_valid_location_points|requires_crosswalk_or_marine_review|timezone_not_normalized_to_utc
5655771,2081106,1998,1998-06-12T22:00:00,1998-06-14T23:59:00,EST,49.983333333333334,18,,Z,055,JOHNSON,0,0,0,0,,,,0,,0,1,begin_coordinates_missing_or_invalid|damage_crops_missing|damage_property_missing|end_coordinates_missing_or_invalid|no_valid_location_points|requires_crosswalk_or_marine_review|timezone_not_normalized_to_utc
5655772,2081106,1998,1998-06-12T22:00:00,1998-06-17T23:59:00,EST,121.98333333333333,18,,Z,067,KNOX,0,0,0,0,,,,0,,0,1,begin_coordinates_missing_or_invalid|damage_crops_missing|damage_property_missing|end_coordinates_missing_or_invalid|no_valid_location_points|requires_crosswalk_or_marine_review|timezone_not_normalized_to_utc
5655773,2081106,1998,1998-06-12T22:00:00,1998-06-17T23:59:00,EST,121.98333333333333,18,,Z,070,LAWRENCE,0,0,0,0,,,,0,,0,1,begin_coordinates_missing_or_invalid|damage_crops_missing|damage_property_missing|end_coordinates_missing_or_invalid|no_valid_location_points|requires_crosswalk_or_marine_review|timezone_not_normalized_to_utc
5655774,2081106,1998,1998-06-12T22:00:00,1998-06-14T23:59:00,EST,49.983333333333334,18,,Z,040,MADISON,0,0,0,0,,,,0,,0,1,begin_coordinates_missing_or_invalid|damage_crops_missing|damage_property_missing|end_coordinates_missing_or_invalid|no_valid_location_points|requires_crosswalk_or_marine_review|timezone_not_normalized_to_utc
5655775,2081106,1998,1998-06-12T22:00:00,1998-06-14T23:59:00,EST,49.983333333333334,18,,Z,047,MARION,0,0,0,0,,,,0,,0,1,begin_coordinates_missing_or_invalid|damage_crops_missing|damage_property_missing|end_coordinates_missing_or_invalid|no_valid_location_points|requires_crosswalk_or_marine_review|timezone_not_normalized_to_utc
5655776,2081106,1998,1998-06-12T22:00:00,1998-06-17T23:59:00,EST,121.98333333333333,18,,Z,069,MARTIN,0,0,0,0,,,,0,,0,1,begin_coordinates_missing_or_invalid|damage_crops_missing|damage_property_missing|end_coordinates_missing_or_invalid|no_valid_location_points|requires_crosswalk_or_marine_review|timezone_not_normalized_to_utc
5655777,2081106,1998,1998-06-12T22:00:00,1998-06-14T23:59:00,EST,49.983333333333334,18,,Z,036,MONTGOMERY,0,0,0,0,,,,0,,0,1,begin_coordinates_missing_or_invalid|damage_crops_missing|damage_property_missing|end_coordinates_missing_or_invalid|no_valid_location_points|requires_crosswalk_or_marine_review|timezone_not_normalized_to_utc
5655778,2081106,1998,1998-06-12T22:00:00,1998-06-14T23:59:00,EST,49.983333333333334,18,,Z,054,MORGAN,0,0,0,0,,,,0,,0,1,begin_coordinates_missing_or_invalid|damage_crops_missing|damage_property_missing|end_coordinates_missing_or_invalid|no_valid_location_points|requires_crosswalk_or_marine_review|timezone_not_normalized_to_utc
5655779,2081106,1998,1998-06-12T22:00:00,1998-06-15T23:59:00,EST,73.98333333333333,18,,Z,053,OWEN,0,0,0,0,,,,0,,0,1,begin_coordinates_missing_or_invalid|damage_crops_missing|damage_property_missing|end_coordinates_missing_or_invalid|no_valid_location_points|requires_crosswalk_or_marine_review|timezone_not_normalized_to_utc
5655780,2081106,1998,1998-06-12T22:00:00,1998-06-14T23:59:00,EST,49.983333333333334,18,,Z,044,PARKE,0,0,0,0,,,,0,,0,1,begin_coordinates_missing_or_invalid|damage_crops_missing|damage_property_missing|end_coordinates_missing_or_invalid|no_valid_location_points|requires_crosswalk_or_marine_review|timezone_not_normalized_to_utc
5655781,2081106,1998,1998-06-12T22:00:00,1998-06-14T23:59:00,EST,49.983333333333334,18,,Z,057,RUSH,0,0,0,0,,,,0,,0,1,begin_coordinates_missing_or_invalid|damage_crops_missing|damage_property_missing|end_coordinates_missing_or_invalid|no_valid_location_points|requires_crosswalk_or_marine_review|timezone_not_normalized_to_utc
5655782,2081106,1998,1998-06-12T22:00:00,1998-06-14T23:59:00,EST,49.983333333333334,18,,Z,056,SHELBY,0,0,0,0,,,,0,,0,1,begin_coordinates_missing_or_invalid|damage_crops_missing|damage_property_missing|end_coordinates_missing_or_invalid|no_valid_location_points|requires_crosswalk_or_marine_review|timezone_not_normalized_to_utc
5655783,2081106,1998,1998-06-12T22:00:00,1998-06-15T23:59:00,EST,73.98333333333333,18,,Z,060,SULLIVAN,0,0,0,0,,,,0,,0,1,begin_coordinates_missing_or_invalid|damage_crops_missing|damage_property_missing|end_coordinates_missing_or_invalid|no_valid_location_points|requires_crosswalk_or_marine_review|timezone_not_normalized_to_utc
5655784,2081106,1998,1998-06-12T22:00:00,1998-06-14T23:59:00,EST,49.983333333333334,18,,Z,029,TIPPECANOE,0,0,0,0,,,,0,,0,1,begin_coordinates_missing_or_invalid|damage_crops_missing|damage_property_missing|end_coordinates_missing_or_invalid|no_valid_location_points|requires_crosswalk_or_marine_review|timezone_not_normalized_to_utc
5655785,2081106,1998,1998-06-12T22:00:00,1998-06-14T23:59:00,EST,49.983333333333334,18,,Z,038,TIPTON,0,0,0,0,,,,0,,0,1,begin_coordinates_missing_or_invalid|damage_crops_missing|damage_property_missing|end_coordinates_missing_or_invalid|no_valid_location_points|requires_crosswalk_or_marine_review|timezone_not_normalized_to_utc
5655786,2081106,1998,1998-06-12T22:00:00,1998-06-14T23:59:00,EST,49.983333333333334,18,,Z,043,VERMILLION,0,0,0,0,,,,0,,0,1,begin_coordinates_missing_or_invalid|damage_crops_missing|damage_property_missing|end_coordinates_missing_or_invalid|no_valid_location_points|requires_crosswalk_or_marine_review|timezone_not_normalized_to_utc
5655787,2081106,1998,1998-06-12T22:00:00,1998-06-14T23:59:00,EST,49.983333333333334,18,,Z,051,VIGO,0,0,0,0,,,,0,,0,1,begin_coordinates_missing_or_invalid|damage_crops_missing|damage_property_missing|end_coordinates_missing_or_invalid|no_valid_location_points|requires_crosswalk_or_marine_review|timezone_not_normalized_to_utc
5655788,2081106,1998,1998-06-12T22:00:00,1998-06-14T23:59:00,EST,49.983333333333334,18,,Z,028,WARREN,0,0,0,0,,,,0,,0,1,begin_coordinates_missing_or_invalid|damage_crops_missing|damage_property_missing|end_coordinates_missing_or_invalid|no_valid_location_points|requires_crosswalk_or_marine_review|timezone_not_normalized_to_utc
5656079,2080905,1998,1998-07-30T04:41:00,1998-07-30T04:41:00,CST,0.0,20,20091,C,091,JOHNSON,0,0,0,0,,,,0,,0,1,begin_coordinates_missing_or_invalid|county_code_unverified|damage_crops_missing|damage_property_missing|end_coordinates_missing_or_invalid|no_valid_location_points|timezone_not_normalized_to_utc
5656080,2080905,1998,1998-07-30T05:00:00,1998-07-30T05:00:00,CST,0.0,20,20209,C,209,WYANDOTTE,0,0,0,0,,,,0,,0,1,begin_coordinates_missing_or_invalid|county_code_unverified|damage_crops_missing|damage_property_missing|end_coordinates_missing_or_invalid|no_valid_location_points|timezone_not_normalized_to_utc
5656081,2080905,1998,1998-07-30T05:00:00,1998-07-30T05:00:00,CST,0.0,20,20103,C,103,LEAVENWORTH,0,0,0,0,,,,0,,0,1,begin_coordinates_missing_or_invalid|county_code_unverified|damage_crops_missing|damage_property_missing|end_coordinates_missing_or_invalid|no_valid_location_points|timezone_not_normalized_to_utc
5656082,2080906,1998,1998-07-30T06:22:00,1998-07-30T06:22:00,CST,0.0,29,29095,C,095,JACKSON,0,0,0,0,,,,0,,0,1,begin_coordinates_missing_or_invalid|county_code_unverified|damage_crops_missing|damage_property_missing|end_coordinates_missing_or_invalid|no_valid_location_points|timezone_not_normalized_to_utc
5656083,2080906,1998,1998-07-30T08:40:00,1998-07-30T08:40:00,CST,0.0,29,29101,C,101,JOHNSON,0,0,0,0,,,,0,,0,1,begin_coordinates_missing_or_invalid|county_code_unverified|damage_crops_missing|damage_property_missing|end_coordinates_missing_or_invalid|no_valid_location_points|timezone_not_normalized_to_utc
5656084,2080906,1998,1998-07-30T03:00:00,1998-07-30T03:00:00,CST,0.0,29,29159,C,159,PETTIS,0,0,0,0,,,,0,,0,1,begin_coordinates_missing_or_invalid|county_code_unverified|damage_crops_missing|damage_property_missing|end_coordinates_missing_or_invalid|no_valid_location_points|timezone_not_normalized_to_utc
5656085,2080906,1998,1998-07-30T06:10:00,1998-07-30T06:10:00,CST,0.0,29,29037,C,037,CASS,0,0,0,0,,,,0,,0,1,begin_coordinates_missing_or_invalid|county_code_unverified|damage_crops_missing|damage_property_missing|end_coordinates_missing_or_invalid|no_valid_location_points|timezone_not_normalized_to_utc
5656087,2080908,1998,1998-07-30T00:00:00,1998-07-30T23:59:00,CST,23.983333333333334,20,,Z,105,JOHNSON,0,0,0,0,,,,0,,0,1,begin_coordinates_missing_or_invalid|damage_crops_missing|damage_property_missing|end_coordinates_missing_or_invalid|no_valid_location_points|requires_crosswalk_or_marine_review|timezone_not_normalized_to_utc
5656088,2080908,1998,1998-07-30T00:00:00,1998-07-31T23:59:00,CST,47.983333333333334,20,,Z,103,LEAVENWORTH,0,0,0,0,,,,0,,0,1,begin_coordinates_missing_or_invalid|damage_crops_missing|damage_property_missing|end_coordinates_missing_or_invalid|no_valid_location_points|requires_crosswalk_or_marine_review|timezone_not_normalized_to_utc
5656089,2080909,1998,1998-07-10T00:00:00,1998-07-10T23:59:00,CST,23.983333333333334,29,,Z,001,ATCHISON,0,0,0,0,,,,0,,0,1,begin_coordinates_missing_or_invalid|damage_crops_missing|damage_property_missing|end_coordinates_missing_or_invalid|no_valid_location_points|requires_crosswalk_or_marine_review|timezone_not_normalized_to_utc
5656090,2080909,1998,1998-07-08T00:00:00,1998-07-12T23:59:00,CST,119.98333333333333,29,,Z,038,LAFAYETTE,0,0,0,0,,,,0,,0,1,begin_coordinates_missing_or_invalid|damage_crops_missing|damage_property_missing|end_coordinates_missing_or_invalid|no_valid_location_points|requires_crosswalk_or_marine_review|timezone_not_normalized_to_utc
5656091,2080910,1998,1998-07-06T00:00:00,1998-07-06T23:59:00,CST,23.983333333333334,29,,Z,046,COOPER,0,0,0,0,,,,0,,0,1,begin_coordinates_missing_or_invalid|damage_crops_missing|damage_property_missing|end_coordinates_missing_or_invalid|no_valid_location_points|requires_crosswalk_or_marine_review|timezone_not_normalized_to_utc
5656092,2080910,1998,1998-07-04T00:00:00,1998-07-06T23:59:00,CST,71.98333333333333,29,,Z,040,HOWARD,0,0,0,0,,,,0,,0,1,begin_coordinates_missing_or_invalid|damage_crops_missing|damage_property_missing|end_coordinates_missing_or_invalid|no_valid_location_points|requires_crosswalk_or_marine_review|timezone_not_normalized_to_utc
5656093,2080910,1998,1998-07-04T00:00:00,1998-07-06T23:59:00,CST,71.98333333333333,29,,Z,032,CHARITON,0,0,0,0,,,,0,,0,1,begin_coordinates_missing_or_invalid|damage_crops_missing|damage_property_missing|end_coordinates_missing_or_invalid|no_valid_location_points|requires_crosswalk_or_marine_review|timezone_not_normalized_to_utc
5656094,2080910,1998,1998-07-05T00:00:00,1998-07-11T23:59:00,CST,167.98333333333332,29,,Z,020,BUCHANAN,0,0,0,0,,,,0,,0,1,begin_coordinates_missing_or_invalid|damage_crops_missing|damage_property_missing|end_coordinates_missing_or_invalid|no_valid_location_points|requires_crosswalk_or_marine_review|timezone_not_normalized_to_utc
5656095,2080911,1998,1998-07-30T00:00:00,1998-07-31T23:59:00,CST,47.983333333333334,29,,Z,046,COOPER,0,0,0,0,,,,0,,0,1,begin_coordinates_missing_or_invalid|damage_crops_missing|damage_property_missing|end_coordinates_missing_or_invalid|no_valid_location_points|requires_crosswalk_or_marine_review|timezone_not_normalized_to_utc
5656096,2080911,1998,1998-07-27T00:00:00,1998-07-31T23:59:00,CST,119.98333333333333,29,,Z,039,SALINE,0,0,0,0,,,,0,,0,1,begin_coordinates_missing_or_invalid|damage_crops_missing|damage_property_missing|end_coordinates_missing_or_invalid|no_valid_location_points|requires_crosswalk_or_marine_review|timezone_not_normalized_to_utc
5656097,2080911,1998,1998-07-29T00:00:00,1998-07-31T23:59:00,CST,71.98333333333333,29,,Z,044,JOHNSON,0,0,0,0,,,,0,,0,1,begin_coordinates_missing_or_invalid|damage_crops_missing|damage_property_missing|end_coordinates_missing_or_invalid|no_valid_location_points|requires_crosswalk_or_marine_review|timezone_not_normalized_to_utc
5656098,2080911,1998,1998-07-30T00:00:00,1998-07-31T23:59:00,CST,47.983333333333334,29,,Z,054,HENRY,0,0,0,0,,,,0,,0,1,begin_coordinates_missing_or_invalid|damage_crops_missing|damage_property_missing|end_coordinates_missing_or_invalid|no_valid_location_points|requires_crosswalk_or_marine_review|timezone_not_normalized_to_utc
5656099,2080911,1998,1998-07-30T00:00:00,1998-07-31T23:59:00,CST,47.983333333333334,29,,Z,037,JACKSON,0,0,0,0,,,,0,,0,1,begin_coordinates_missing_or_invalid|damage_crops_missing|damage_property_missing|end_coordinates_missing_or_invalid|no_valid_location_points|requires_crosswalk_or_marine_review|timezone_not_normalized_to_utc
5656100,2080911,1998,1998-07-30T00:00:00,1998-07-31T23:59:00,CST,47.983333333333334,29,,Z,038,LAFAYETTE,0,0,0,0,,,,0,,0,1,begin_coordinates_missing_or_invalid|damage_crops_missing|damage_property_missing|end_coordinates_missing_or_invalid|no_valid_location_points|requires_crosswalk_or_marine_review|timezone_not_normalized_to_utc
5656101,2080912,1998,1998-07-01T00:00:00,1998-07-01T23:59:00,CST,23.983333333333334,29,,Z,038,LAFAYETTE,0,0,0,0,,,,0,,0,1,begin_coordinates_missing_or_invalid|damage_crops_missing|damage_property_missing|end_coordinates_missing_or_invalid|no_valid_location_points|requires_crosswalk_or_marine_review|timezone_not_normalized_to_utc
5656102,2080912,1998,1998-07-01T00:00:00,1998-07-01T23:59:00,CST,23.983333333333334,29,,Z,046,COOPER,0,0,0,0,,,,0,,0,1,begin_coordinates_missing_or_invalid|damage_crops_missing|damage_property_missing|end_coordinates_missing_or_invalid|no_valid_location_points|requires_crosswalk_or_marine_review|timezone_not_normalized_to_utc
5656103,2080913,1998,1998-07-26T00:00:00,1998-07-27T23:59:00,CST,47.983333333333334,29,,Z,046,COOPER,0,0,0,0,,,,0,,0,1,begin_coordinates_missing_or_invalid|damage_crops_missing|damage_property_missing|end_coordinates_missing_or_invalid|no_valid_location_points|requires_crosswalk_or_marine_review|timezone_not_normalized_to_utc
5656104,2080913,1998,1998-07-26T00:00:00,1998-07-27T23:59:00,CST,47.983333333333334,29,,Z,037,JACKSON,0,0,0,0,,,,0,,0,1,begin_coordinates_missing_or_invalid|damage_crops_missing|damage_property_missing|end_coordinates_missing_or_invalid|no_valid_location_points|requires_crosswalk_or_marine_review|timezone_not_normalized_to_utc
5656137,2080318,1998,1998-06-18T17:30:00,1998-06-18T17:30:00,CST,0.0,55,55065,C,065,LAFAYETTE,0,0,0,0,,,,0,,0,1,begin_coordinates_missing_or_invalid|county_code_unverified|damage_crops_missing|damage_property_missing|end_coordinates_missing_or_invalid|no_valid_location_points|timezone_not_normalized_to_utc
5656160,2080396,1998,1998-05-12T01:00:00,1998-05-13T04:00:00,EST,27.0,25,,Z,005,WESTERN MIDDLESEX,0,0,0,0,,,,0,,0,1,begin_coordinates_missing_or_invalid|damage_crops_missing|damage_property_missing|end_coordinates_missing_or_invalid|no_valid_location_points|requires_crosswalk_or_marine_review|timezone_not_normalized_to_utc
5656161,2080396,1998,1998-05-12T20:00:00,1998-05-16T01:00:00,EST,77.0,25,,Z,013,WESTERN NORFOLK,0,0,0,0,,,,0,,0,1,begin_coordinates_missing_or_invalid|damage_crops_missing|damage_property_missing|end_coordinates_missing_or_invalid|no_valid_location_points|requires_crosswalk_or_marine_review|timezone_not_normalized_to_utc
5656179,1064126,1998,1998-05-11T23:00:00,1998-05-13T00:00:00,EST,25.0,09,,Z,002,HARTFORD,0,0,0,0,,,,0,,0,1,begin_coordinates_missing_or_invalid|damage_crops_missing|damage_property_missing|end_coordinates_missing_or_invalid|no_valid_location_points|requires_crosswalk_or_marine_review|timezone_not_normalized_to_utc
5656207,2080914,1998,1998-07-29T00:00:00,1998-07-29T23:59:00,CST,23.983333333333334,29,,Z,046,COOPER,0,0,0,0,,,,0,,0,1,begin_coordinates_missing_or_invalid|damage_crops_missing|damage_property_missing|end_coordinates_missing_or_invalid|no_valid_location_points|requires_crosswalk_or_marine_review|timezone_not_normalized_to_utc
5656246,2080323,1998,1998-06-26T02:00:00,1998-06-26T08:00:00,CST,6.0,55,55127,C,127,WALWORTH,0,0,0,0,,,,0,,0,1,begin_coordinates_missing_or_invalid|county_code_unverified|damage_crops_missing|damage_property_missing|end_coordinates_missing_or_invalid|no_valid_location_points|timezone_not_normalized_to_utc
5656363,2080325,1998,1998-06-27T01:30:00,1998-06-27T02:30:00,CST,1.0,55,55077,C,077,MARQUETTE,0,0,0,0,,,,0,,0,1,begin_coordinates_missing_or_invalid|county_code_unverified|damage_crops_missing|damage_property_missing|end_coordinates_missing_or_invalid|no_valid_location_points|timezone_not_normalized_to_utc
5656381,2080335,1998,1998-07-26T04:30:00,1998-07-26T07:00:00,CST,2.5,20,20087,C,087,JEFFERSON,0,0,0,0,,,,0,,0,1,begin_coordinates_missing_or_invalid|county_code_unverified|damage_crops_missing|damage_property_missing|end_coordinates_missing_or_invalid|no_valid_location_points|timezone_not_normalized_to_utc
5656382,2080336,1998,1998-07-29T20:00:00,1998-07-29T20:30:00,CST,0.5,20,20131,C,131,NEMAHA,0,0,0,0,,,,0,,0,1,begin_coordinates_missing_or_invalid|county_code_unverified|damage_crops_missing|damage_property_missing|end_coordinates_missing_or_invalid|no_valid_location_points|timezone_not_normalized_to_utc
5656468,2080347,1998,1998-08-14T11:45:00,1998-08-15T10:30:00,AST,22.75,02,,Z,006,SOUTHERN SEWARD PENINSULA-EASTERN NORTON SOUND,0,0,0,0,,,,0,,0,1,begin_coordinates_missing_or_invalid|damage_crops_missing|damage_property_missing|end_coordinates_missing_or_invalid|no_valid_location_points|requires_crosswalk_or_marine_review|timezone_not_normalized_to_utc
5656470,2080349,1998,1998-08-17T10:40:00,1998-08-20T09:30:00,AST,70.83333333333333,02,,Z,007,TANANA VALLEY,0,0,0,0,,,,0,,0,1,begin_coordinates_missing_or_invalid|damage_crops_missing|damage_property_missing|end_coordinates_missing_or_invalid|no_valid_location_points|requires_crosswalk_or_marine_review|timezone_not_normalized_to_utc
5656671,2080700,1998,1998-06-30T05:00:00,1998-06-30T14:21:00,EST,9.35,39,,Z,009,ERIE,0,0,0,0,,,,0,,0,1,begin_coordinates_missing_or_invalid|damage_crops_missing|damage_property_missing|end_coordinates_missing_or_invalid|no_valid_location_points|requires_crosswalk_or_marine_review|timezone_not_normalized_to_utc
5656756,2080450,1998,1998-03-10T09:00:00,1998-03-10T23:00:00,EST,14.0,50,,Z,002,FRANKLIN,0,0,0,0,,,,0,,0,1,begin_coordinates_missing_or_invalid|damage_crops_missing|damage_property_missing|end_coordinates_missing_or_invalid|no_valid_location_points|requires_crosswalk_or_marine_review|timezone_not_normalized_to_utc
5656911,2080486,1998,1998-04-01T18:00:00,1998-04-13T18:00:00,EST,288.0,36,,Z,035,EASTERN ESSEX,0,0,0,0,10000,,,0,,0,1,begin_coordinates_missing_or_invalid|damage_crops_missing|end_coordinates_missing_or_invalid|no_valid_location_points|requires_crosswalk_or_marine_review|timezone_not_normalized_to_utc
5656912,2080486,1998,1998-04-01T18:00:00,1998-04-13T18:00:00,EST,288.0,36,,Z,028,NORTHEAST CLINTON,0,0,0,0,10000,,,0,,0,1,begin_coordinates_missing_or_invalid|damage_crops_missing|end_coordinates_missing_or_invalid|no_valid_location_points|requires_crosswalk_or_marine_review|timezone_not_normalized_to_utc
5656913,2080487,1998,1998-04-01T18:00:00,1998-04-13T18:00:00,EST,288.0,50,,Z,009,ADDISON,0,0,0,0,10000,,,0,,0,1,begin_coordinates_missing_or_invalid|damage_crops_missing|end_coordinates_missing_or_invalid|no_valid_location_points|requires_crosswalk_or_marine_review|timezone_not_normalized_to_utc
5656914,2080487,1998,1998-04-01T18:00:00,1998-04-13T18:00:00,EST,288.0,50,,Z,005,CHITTENDEN,0,0,0,0,10000,,,0,,0,1,begin_coordinates_missing_or_invalid|damage_crops_missing|end_coordinates_missing_or_invalid|no_valid_location_points|requires_crosswalk_or_marine_review|timezone_not_normalized_to_utc
5656915,2080487,1998,1998-04-01T18:00:00,1998-04-13T18:00:00,EST,288.0,50,,Z,002,FRANKLIN,0,0,0,0,10000,,,0,,0,1,begin_coordinates_missing_or_invalid|damage_crops_missing|end_coordinates_missing_or_invalid|no_valid_location_points|requires_crosswalk_or_marine_review|timezone_not_normalized_to_utc
5656916,2080487,1998,1998-04-01T18:00:00,1998-04-13T18:00:00,EST,288.0,50,,Z,001,GRAND ISLE,0,0,0,0,10000,,,0,,0,1,begin_coordinates_missing_or_invalid|damage_crops_missing|end_coordinates_missing_or_invalid|no_valid_location_points|requires_crosswalk_or_marine_review|timezone_not_normalized_to_utc
5657400,2080889,1998,1998-08-05T02:00:00,1998-08-05T04:00:00,CST,2.0,19,19013,C,013,BLACK HAWK,0,0,0,0,10000,,,0,,0,1,begin_coordinates_missing_or_invalid|county_code_unverified|damage_crops_missing|end_coordinates_missing_or_invalid|no_valid_location_points|timezone_not_normalized_to_utc
5657404,2080893,1998,1998-08-14T20:10:00,1998-08-14T22:30:00,CST,2.3333333333333335,19,19047,C,047,CRAWFORD,0,0,0,0,25000,5000,,0,,0,1,begin_coordinates_missing_or_invalid|county_code_unverified|end_coordinates_missing_or_invalid|no_valid_location_points|timezone_not_normalized_to_utc
5657406,2080893,1998,1998-08-14T20:00:00,1998-08-14T22:30:00,CST,2.5,19,19161,C,161,SAC,0,0,0,0,25000,5000,,0,,0,1,begin_coordinates_missing_or_invalid|county_code_unverified|end_coordinates_missing_or_invalid|no_valid_location_points|timezone_not_normalized_to_utc
5657409,2080894,1998,1998-08-20T16:15:00,1998-08-20T18:00:00,CST,1.75,19,19023,C,023,BUTLER,0,0,0,0,25000,,,0,,0,1,begin_coordinates_missing_or_invalid|county_code_unverified|damage_crops_missing|end_coordinates_missing_or_invalid|no_valid_location_points|timezone_not_normalized_to_utc
5657410,2080894,1998,1998-08-20T16:15:00,1998-08-20T18:00:00,CST,1.75,19,19017,C,017,BREMER,0,0,0,0,25000,,,0,,0,1,begin_coordinates_missing_or_invalid|county_code_unverified|damage_crops_missing|end_coordinates_missing_or_invalid|no_valid_location_points|timezone_not_normalized_to_utc
5657640,2082099,1998,1998-07-20T13:00:00,1998-07-20T14:30:00,PST,1.5,06,06073,C,073,SAN DIEGO,0,0,0,0,,,,0,,0,1,begin_coordinates_missing_or_invalid|county_code_unverified|damage_crops_missing|damage_property_missing|end_coordinates_missing_or_invalid|no_valid_location_points|timezone_not_normalized_to_utc
5657641,2082099,1998,1998-07-20T13:00:00,1998-07-20T14:30:00,PST,1.5,06,06073,C,073,SAN DIEGO,0,0,0,0,,,,0,,0,1,begin_coordinates_missing_or_invalid|county_code_unverified|damage_crops_missing|damage_property_missing|end_coordinates_missing_or_invalid|no_valid_location_points|timezone_not_normalized_to_utc
5657707,2082100,1998,1998-07-07T14:30:00,1998-07-07T16:00:00,PST,1.5,06,06073,C,073,SAN DIEGO,0,0,0,0,,,,0,,0,1,begin_coordinates_missing_or_invalid|county_code_unverified|damage_crops_missing|damage_property_missing|end_coordinates_missing_or_invalid|no_valid_location_points|timezone_not_normalized_to_utc
5657854,2082326,1998,1998-07-07T06:00:00,1998-07-07T11:00:00,EST,5.0,18,18027,C,027,DAVIESS,0,0,0,0,,,,0,,0,1,begin_coordinates_missing_or_invalid|county_code_unverified|damage_crops_missing|damage_property_missing|end_coordinates_missing_or_invalid|no_valid_location_points|timezone_not_normalized_to_utc
5657855,2082326,1998,1998-07-07T06:00:00,1998-07-07T11:00:00,EST,5.0,18,18055,C,055,GREENE,0,0,0,0,,,,0,,0,1,begin_coordinates_missing_or_invalid|county_code_unverified|damage_crops_missing|damage_property_missing|end_coordinates_missing_or_invalid|no_valid_location_points|timezone_not_normalized_to_utc
5657856,2082326,1998,1998-07-07T06:00:00,1998-07-07T11:00:00,EST,5.0,18,18083,C,083,KNOX,0,0,0,0,,,,0,,0,1,begin_coordinates_missing_or_invalid|county_code_unverified|damage_crops_missing|damage_property_missing|end_coordinates_missing_or_invalid|no_valid_location_points|timezone_not_normalized_to_utc
5657857,2082326,1998,1998-07-07T06:00:00,1998-07-07T11:00:00,EST,5.0,18,18153,C,153,SULLIVAN,0,0,0,0,,,,0,,0,1,begin_coordinates_missing_or_invalid|county_code_unverified|damage_crops_missing|damage_property_missing|end_coordinates_missing_or_invalid|no_valid_location_points|timezone_not_normalized_to_utc
5657872,2082446,1998,1998-07-13T16:00:00,1998-07-13T19:00:00,EST,3.0,12,12073,C,073,LEON,0,0,0,0,500000,,,0,,0,1,begin_coordinates_missing_or_invalid|county_code_unverified|damage_crops_missing|end_coordinates_missing_or_invalid|no_valid_location_points|timezone_not_normalized_to_utc
5657954,2082146,1998,1998-05-08T17:00:00,1998-05-08T19:00:00,AST,2.0,96,,C,010,ST. CROIX,0,0,0,0,,,,0,,0,1,begin_coordinates_missing_or_invalid|damage_crops_missing|damage_property_missing|end_coordinates_missing_or_invalid|no_valid_location_points|requires_crosswalk_or_marine_review|timezone_not_normalized_to_utc
5657957,2082149,1998,1998-05-14T13:30:00,1998-05-14T15:30:00,AST,2.0,99,,C,127,SAN JUAN,0,0,0,0,20000,,,0,,0,1,begin_coordinates_missing_or_invalid|damage_crops_missing|end_coordinates_missing_or_invalid|no_valid_location_points|requires_crosswalk_or_marine_review|timezone_not_normalized_to_utc
5657958,2082149,1998,1998-05-14T13:30:00,1998-05-14T15:30:00,AST,2.0,99,,C,013,ARECIBO,0,0,0,0,5000,,,0,,0,1,begin_coordinates_missing_or_invalid|damage_crops_missing|end_coordinates_missing_or_invalid|no_valid_location_points|requires_crosswalk_or_marine_review|timezone_not_normalized_to_utc
5657962,2082152,1998,1998-05-18T16:30:00,1998-05-18T18:30:00,AST,2.0,99,,C,013,ARECIBO,0,0,0,0,,,,0,,0,1,begin_coordinates_missing_or_invalid|damage_crops_missing|damage_property_missing|end_coordinates_missing_or_invalid|no_valid_location_points|requires_crosswalk_or_marine_review|timezone_not_normalized_to_utc
5657965,1066033,1998,1998-05-22T15:00:00,1998-05-22T17:00:00,AST,2.0,99,,C,005,AGUADILLA,0,0,0,0,20000,,,0,,0,1,begin_coordinates_missing_or_invalid|damage_crops_missing|end_coordinates_missing_or_invalid|no_valid_location_points|requires_crosswalk_or_marine_review|timezone_not_normalized_to_utc
5657966,2082155,1998,1998-05-23T15:30:00,1998-05-23T18:00:00,AST,2.5,99,,C,127,SAN JUAN,0,0,0,0,40000,,,0,,0,1,begin_coordinates_missing_or_invalid|damage_crops_missing|end_coordinates_missing_or_invalid|no_valid_location_points|requires_crosswalk_or_marine_review|timezone_not_normalized_to_utc
5657968,2082157,1998,1998-05-26T17:00:00,1998-05-26T18:30:00,AST,1.5,99,,C,013,ARECIBO,0,0,0,0,,,,0,,0,1,begin_coordinates_missing_or_invalid|damage_crops_missing|damage_property_missing|end_coordinates_missing_or_invalid|no_valid_location_points|requires_crosswalk_or_marine_review|timezone_not_normalized_to_utc
5657976,1066043,1998,1998-06-03T13:55:00,1998-06-03T18:00:00,AST,4.083333333333333,99,,Z,127,SAN JUAN,0,0,0,0,20000,,,0,,0,1,begin_coordinates_missing_or_invalid|damage_crops_missing|end_coordinates_missing_or_invalid|no_valid_location_points|requires_crosswalk_or_marine_review|timezone_not_normalized_to_utc
5657977,2082164,1998,1998-06-05T14:30:00,1998-06-05T18:00:00,AST,3.5,99,,C,097,MAYAGUEZ,0,0,0,0,,,,0,,0,1,begin_coordinates_missing_or_invalid|damage_crops_missing|damage_property_missing|end_coordinates_missing_or_invalid|no_valid_location_points|requires_crosswalk_or_marine_review|timezone_not_normalized_to_utc
5657993,2082353,1998,1998-07-20T03:00:00,1998-07-20T07:00:00,EST,4.0,18,18081,C,081,JOHNSON,0,0,0,0,,,,0,,0,1,begin_coordinates_missing_or_invalid|county_code_unverified|damage_crops_missing|damage_property_missing|end_coordinates_missing_or_invalid|no_valid_location_points|timezone_not_normalized_to_utc
5658002,2082359,1998,1998-07-22T04:30:00,1998-07-22T09:30:00,EST,5.0,18,18015,C,015,CARROLL,0,0,0,0,,,,0,,0,1,begin_coordinates_missing_or_invalid|county_code_unverified|damage_crops_missing|damage_property_missing|end_coordinates_missing_or_invalid|no_valid_location_points|timezone_not_normalized_to_utc
5658003,2082359,1998,1998-07-22T05:00:00,1998-07-22T09:30:00,EST,4.5,18,18035,C,035,DELAWARE,0,0,0,0,,,,0,,0,1,begin_coordinates_missing_or_invalid|county_code_unverified|damage_crops_missing|damage_property_missing|end_coordinates_missing_or_invalid|no_valid_location_points|timezone_not_normalized_to_utc
5658004,2082359,1998,1998-07-22T05:00:00,1998-07-22T09:30:00,EST,4.5,18,18095,C,095,MADISON,0,0,0,0,,,,0,,0,1,begin_coordinates_missing_or_invalid|county_code_unverified|damage_crops_missing|damage_property_missing|end_coordinates_missing_or_invalid|no_valid_location_points|timezone_not_normalized_to_utc
5658005,2082359,1998,1998-07-22T05:00:00,1998-07-22T08:30:00,EST,3.5,18,18135,C,135,RANDOLPH,0,0,0,0,,,,0,,0,1,begin_coordinates_missing_or_invalid|county_code_unverified|damage_crops_missing|damage_property_missing|end_coordinates_missing_or_invalid|no_valid_location_points|timezone_not_normalized_to_utc
5658006,2082359,1998,1998-07-22T05:00:00,1998-07-22T09:30:00,EST,4.5,18,18159,C,159,TIPTON,0,0,0,0,,,,0,,0,1,begin_coordinates_missing_or_invalid|county_code_unverified|damage_crops_missing|damage_property_missing|end_coordinates_missing_or_invalid|no_valid_location_points|timezone_not_normalized_to_utc
5658011,2082362,1998,1998-07-01T00:00:00,1998-07-12T07:00:00,EST,271.0,18,,Z,068,DAVIESS,0,0,0,0,,,,0,,0,1,begin_coordinates_missing_or_invalid|damage_crops_missing|damage_property_missing|end_coordinates_missing_or_invalid|no_valid_location_points|requires_crosswalk_or_marine_review|timezone_not_normalized_to_utc
5658012,2082362,1998,1998-07-01T00:00:00,1998-07-12T07:00:00,EST,271.0,18,,Z,035,FOUNTAIN,0,0,0,0,,,,0,,0,1,begin_coordinates_missing_or_invalid|damage_crops_missing|damage_property_missing|end_coordinates_missing_or_invalid|no_valid_location_points|requires_crosswalk_or_marine_review|timezone_not_normalized_to_utc
5658013,2082362,1998,1998-07-01T00:00:00,1998-07-12T07:00:00,EST,271.0,18,,Z,067,KNOX,0,0,0,0,,,,0,,0,1,begin_coordinates_missing_or_invalid|damage_crops_missing|damage_property_missing|end_coordinates_missing_or_invalid|no_valid_location_points|requires_crosswalk_or_marine_review|timezone_not_normalized_to_utc
5658014,2082362,1998,1998-07-01T00:00:00,1998-07-12T07:00:00,EST,271.0,18,,Z,044,PARKE,0,0,0,0,,,,0,,0,1,begin_coordinates_missing_or_invalid|damage_crops_missing|damage_property_missing|end_coordinates_missing_or_invalid|no_valid_location_points|requires_crosswalk_or_marine_review|timezone_not_normalized_to_utc
5658015,2082362,1998,1998-07-01T00:00:00,1998-07-12T07:00:00,EST,271.0,18,,Z,060,SULLIVAN,0,0,0,0,,,,0,,0,1,begin_coordinates_missing_or_invalid|damage_crops_missing|damage_property_missing|end_coordinates_missing_or_invalid|no_valid_location_points|requires_crosswalk_or_marine_review|timezone_not_normalized_to_utc
5658016,2082362,1998,1998-07-01T00:00:00,1998-07-12T07:00:00,EST,271.0,18,,Z,029,TIPPECANOE,0,0,0,0,,,,0,,0,1,begin_coordinates_missing_or_invalid|damage_crops_missing|damage_property_missing|end_coordinates_missing_or_invalid|no_valid_location_points|requires_crosswalk_or_marine_review|timezone_not_normalized_to_utc
5658017,2082362,1998,1998-07-01T00:00:00,1998-07-12T07:00:00,EST,271.0,18,,Z,043,VERMILLION,0,0,0,0,,,,0,,0,1,begin_coordinates_missing_or_invalid|damage_crops_missing|damage_property_missing|end_coordinates_missing_or_invalid|no_valid_location_points|requires_crosswalk_or_marine_review|timezone_not_normalized_to_utc
5658018,2082362,1998,1998-07-01T00:00:00,1998-07-12T07:00:00,EST,271.0,18,,Z,051,VIGO,0,0,0,0,,,,0,,0,1,begin_coordinates_missing_or_invalid|damage_crops_missing|damage_property_missing|end_coordinates_missing_or_invalid|no_valid_location_points|requires_crosswalk_or_marine_review|timezone_not_normalized_to_utc
5658019,2082362,1998,1998-07-01T00:00:00,1998-07-12T07:00:00,EST,271.0,18,,Z,028,WARREN,0,0,0,0,,,,0,,0,1,begin_coordinates_missing_or_invalid|damage_crops_missing|damage_property_missing|end_coordinates_missing_or_invalid|no_valid_location_points|requires_crosswalk_or_marine_review|timezone_not_normalized_to_utc
5658020,2082363,1998,1998-07-23T00:00:00,1998-07-28T07:00:00,EST,127.0,18,,Z,035,FOUNTAIN,0,0,0,0,,,,0,,0,1,begin_coordinates_missing_or_invalid|damage_crops_missing|damage_property_missing|end_coordinates_missing_or_invalid|no_valid_location_points|requires_crosswalk_or_marine_review|timezone_not_normalized_to_utc
5658021,2082363,1998,1998-07-24T00:00:00,1998-07-29T07:00:00,EST,127.0,18,,Z,044,PARKE,0,0,0,0,,,,0,,0,1,begin_coordinates_missing_or_invalid|damage_crops_missing|damage_property_missing|end_coordinates_missing_or_invalid|no_valid_location_points|requires_crosswalk_or_marine_review|timezone_not_normalized_to_utc
5658022,2082363,1998,1998-07-25T00:00:00,1998-07-31T07:00:00,EST,151.0,18,,Z,060,SULLIVAN,0,0,0,0,,,,0,,0,1,begin_coordinates_missing_or_invalid|damage_crops_missing|damage_property_missing|end_coordinates_missing_or_invalid|no_valid_location_points|requires_crosswalk_or_marine_review|timezone_not_normalized_to_utc
5658023,2082448,1998,1998-07-13T16:30:00,1998-07-13T16:45:00,EST,0.25,13,13087,C,087,DECATUR,0,0,0,0,,,,0,,0,1,begin_coordinates_missing_or_invalid|county_code_unverified|damage_crops_missing|damage_property_missing|end_coordinates_missing_or_invalid|no_valid_location_points|timezone_not_normalized_to_utc
5658030,2082454,1998,1998-07-30T16:30:00,1998-07-30T18:30:00,EST,2.0,12,12073,C,073,LEON,0,0,0,0,50000,,,0,,0,1,begin_coordinates_missing_or_invalid|county_code_unverified|damage_crops_missing|end_coordinates_missing_or_invalid|no_valid_location_points|timezone_not_normalized_to_utc
5658031,1066359,1998,1998-07-27T15:30:00,1998-07-27T15:30:00,EST,0.0,12,12073,C,073,LEON,0,0,0,0,100000,,,0,,0,1,begin_coordinates_missing_or_invalid|county_code_unverified|damage_crops_missing|end_coordinates_missing_or_invalid|no_valid_location_points|timezone_not_normalized_to_utc
5658036,2082166,1998,1998-06-09T13:50:00,1998-06-09T18:00:00,AST,4.166666666666667,99,,C,097,MAYAGUEZ,0,0,0,0,,,,0,,0,1,begin_coordinates_missing_or_invalid|damage_crops_missing|damage_property_missing|end_coordinates_missing_or_invalid|no_valid_location_points|requires_crosswalk_or_marine_review|timezone_not_normalized_to_utc
5658038,2082168,1998,1998-06-16T19:00:00,1998-06-16T21:00:00,AST,2.0,99,,C,097,MAYAGUEZ,0,0,0,0,,,,0,,0,1,begin_coordinates_missing_or_invalid|damage_crops_missing|damage_property_missing|end_coordinates_missing_or_invalid|no_valid_location_points|requires_crosswalk_or_marine_review|timezone_not_normalized_to_utc
5658039,2082169,1998,1998-06-17T12:00:00,1998-06-17T14:00:00,AST,2.0,99,,C,097,MAYAGUEZ,0,0,0,0,,,,0,,0,1,begin_coordinates_missing_or_invalid|damage_crops_missing|damage_property_missing|end_coordinates_missing_or_invalid|no_valid_location_points|requires_crosswalk_or_marine_review|timezone_not_normalized_to_utc
5658040,2082170,1998,1998-06-17T16:00:00,1998-06-17T18:00:00,AST,2.0,96,,C,030,ST. THOMAS,0,0,0,0,,,,0,,0,1,begin_coordinates_missing_or_invalid|damage_crops_missing|damage_property_missing|end_coordinates_missing_or_invalid|no_valid_location_points|requires_crosswalk_or_marine_review|timezone_not_normalized_to_utc
5658075,2082363,1998,1998-07-22T00:00:00,1998-07-27T07:00:00,EST,127.0,18,,Z,029,TIPPECANOE,0,0,0,0,,,,0,,0,1,begin_coordinates_missing_or_invalid|damage_crops_missing|damage_property_missing|end_coordinates_missing_or_invalid|no_valid_location_points|requires_crosswalk_or_marine_review|timezone_not_normalized_to_utc
5658076,2082363,1998,1998-07-24T00:00:00,1998-07-29T07:00:00,EST,127.0,18,,Z,043,VERMILLION,0,0,0,0,,,,0,,0,1,begin_coordinates_missing_or_invalid|damage_crops_missing|damage_property_missing|end_coordinates_missing_or_invalid|no_valid_location_points|requires_crosswalk_or_marine_review|timezone_not_normalized_to_utc
5658077,2082363,1998,1998-07-25T00:00:00,1998-07-30T07:00:00,EST,127.0,18,,Z,051,VIGO,0,0,0,0,,,,0,,0,1,begin_coordinates_missing_or_invalid|damage_crops_missing|damage_property_missing|end_coordinates_missing_or_invalid|no_valid_location_points|requires_crosswalk_or_marine_review|timezone_not_normalized_to_utc
5658078,2082363,1998,1998-07-23T00:00:00,1998-07-28T07:00:00,EST,127.0,18,,Z,028,WARREN,0,0,0,0,,,,0,,0,1,begin_coordinates_missing_or_invalid|damage_crops_missing|damage_property_missing|end_coordinates_missing_or_invalid|no_valid_location_points|requires_crosswalk_or_marine_review|timezone_not_normalized_to_utc
5658079,2082364,1998,1998-07-20T15:00:00,1998-07-22T07:00:00,EST,40.0,18,,Z,064,BARTHOLOMEW,0,0,0,0,,,,0,,0,1,begin_coordinates_missing_or_invalid|damage_crops_missing|damage_property_missing|end_coordinates_missing_or_invalid|no_valid_location_points|requires_crosswalk_or_marine_review|timezone_not_normalized_to_utc
5658080,2082364,1998,1998-07-20T15:00:00,1998-07-22T07:00:00,EST,40.0,18,,Z,071,JACKSON,0,0,0,0,,,,0,,0,1,begin_coordinates_missing_or_invalid|damage_crops_missing|damage_property_missing|end_coordinates_missing_or_invalid|no_valid_location_points|requires_crosswalk_or_marine_review|timezone_not_normalized_to_utc
5658137,2082176,1998,1998-06-11T18:00:00,1998-06-12T00:00:00,PST,6.0,06,,Z,014,NE & EC SHASTA,0,0,0,0,0,0,,0,,0,1,begin_coordinates_missing_or_invalid|end_coordinates_missing_or_invalid|no_valid_location_points|requires_crosswalk_or_marine_review|timezone_not_normalized_to_utc
5658261,2082305,1998,1998-07-30T17:40:00,1998-07-30T18:00:00,MST,0.3333333333333333,30,30111,C,111,YELLOWSTONE,0,0,0,0,,,,0,,0,1,begin_coordinates_missing_or_invalid|county_code_unverified|damage_crops_missing|damage_property_missing|end_coordinates_missing_or_invalid|no_valid_location_points|timezone_not_normalized_to_utc
5658265,2082306,1998,1998-07-31T15:30:00,1998-07-31T17:00:00,MST,1.5,30,30111,C,111,YELLOWSTONE,0,0,0,0,,,,0,,0,1,begin_coordinates_missing_or_invalid|county_code_unverified|damage_crops_missing|damage_property_missing|end_coordinates_missing_or_invalid|no_valid_location_points|timezone_not_normalized_to_utc
5658657,2082398,1998,1998-06-13T16:19:00,1998-06-13T16:19:00,EST,0.0,09,09011,C,011,NEW LONDON,0,0,0,0,,,,0,,0,1,begin_coordinates_missing_or_invalid|county_code_unverified|damage_crops_missing|damage_property_missing|end_coordinates_missing_or_invalid|no_valid_location_points|timezone_not_normalized_to_utc
5658668,2081956,1998,1998-06-29T04:00:00,1998-06-30T01:00:00,EST,21.0,54,,Z,031,HARRISON,0,0,0,0,5000,,,0,,0,1,begin_coordinates_missing_or_invalid|damage_crops_missing|end_coordinates_missing_or_invalid|no_valid_location_points|requires_crosswalk_or_marine_review|timezone_not_normalized_to_utc
5658669,2081956,1998,1998-06-29T07:00:00,1998-06-30T07:00:00,EST,24.0,54,,Z,008,JACKSON,0,0,0,0,5000,,,0,,0,1,begin_coordinates_missing_or_invalid|damage_crops_missing|end_coordinates_missing_or_invalid|no_valid_location_points|requires_crosswalk_or_marine_review|timezone_not_normalized_to_utc
5658670,2081956,1998,1998-06-29T07:00:00,1998-06-30T07:00:00,EST,24.0,54,,Z,007,MASON,0,0,0,0,5000,,,0,,0,1,begin_coordinates_missing_or_invalid|damage_crops_missing|end_coordinates_missing_or_invalid|no_valid_location_points|requires_crosswalk_or_marine_review|timezone_not_normalized_to_utc
5658955,2081421,1998,1998-06-27T03:00:00,1998-06-27T21:00:00,CST,18.0,27,,Z,078,GOODHUE,0,0,0,0,,,,0,,0,1,begin_coordinates_missing_or_invalid|damage_crops_missing|damage_property_missing|end_coordinates_missing_or_invalid|no_valid_location_points|requires_crosswalk_or_marine_review|timezone_not_normalized_to_utc
5659095,2081920,1998,1998-07-07T14:15:00,1998-07-07T14:15:00,MST,0.0,56,56039,C,039,TETON,0,0,0,0,,,,0,,0,1,begin_coordinates_missing_or_invalid|county_code_unverified|damage_crops_missing|damage_property_missing|end_coordinates_missing_or_invalid|no_valid_location_points|timezone_not_normalized_to_utc
5659196,2081425,1998,1998-06-28T07:00:00,1998-06-29T07:00:00,CST,24.0,27,,Z,069,SCOTT,0,0,0,0,,,,0,,0,1,begin_coordinates_missing_or_invalid|damage_crops_missing|damage_property_missing|end_coordinates_missing_or_invalid|no_valid_location_points|requires_crosswalk_or_marine_review|timezone_not_normalized_to_utc
5659331,2081751,1998,1998-06-15T20:00:00,1998-06-30T23:59:00,CST,363.98333333333335,17,,Z,084,JACKSON,0,0,0,0,,,,0,,0,1,begin_coordinates_missing_or_invalid|damage_crops_missing|damage_property_missing|end_coordinates_missing_or_invalid|no_valid_location_points|requires_crosswalk_or_marine_review|timezone_not_normalized_to_utc
5659332,1065596,1998,1998-06-20T08:00:00,1998-06-20T19:00:00,CST,11.0,29,,Z,100,WAYNE,0,0,0,0,,,,0,,0,1,begin_coordinates_missing_or_invalid|damage_crops_missing|damage_property_missing|end_coordinates_missing_or_invalid|no_valid_location_points|requires_crosswalk_or_marine_review|timezone_not_normalized_to_utc
5659497,2081432,1998,1998-08-19T15:00:00,1998-08-19T17:00:00,CST,2.0,27,27121,C,121,POPE,0,0,0,0,,,,0,,0,1,begin_coordinates_missing_or_invalid|county_code_unverified|damage_crops_missing|damage_property_missing|end_coordinates_missing_or_invalid|no_valid_location_points|timezone_not_normalized_to_utc
5659498,2081432,1998,1998-08-19T16:00:00,1998-08-19T18:00:00,CST,2.0,27,27151,C,151,SWIFT,0,0,0,0,,,,0,,0,1,begin_coordinates_missing_or_invalid|county_code_unverified|damage_crops_missing|damage_property_missing|end_coordinates_missing_or_invalid|no_valid_location_points|timezone_not_normalized_to_utc
5659501,2081432,1998,1998-08-20T01:00:00,1998-08-20T03:00:00,CST,2.0,27,27047,C,047,FREEBORN,0,0,0,0,,,,0,,0,1,begin_coordinates_missing_or_invalid|county_code_unverified|damage_crops_missing|damage_property_missing|end_coordinates_missing_or_invalid|no_valid_location_points|timezone_not_normalized_to_utc
5659529,2081747,1998,1998-06-15T08:00:00,1998-06-30T23:59:00,CST,375.98333333333335,17,,Z,087,GALLATIN,0,0,0,0,,,,0,,0,1,begin_coordinates_missing_or_invalid|damage_crops_missing|damage_property_missing|end_coordinates_missing_or_invalid|no_valid_location_points|requires_crosswalk_or_marine_review|timezone_not_normalized_to_utc
5659530,2081747,1998,1998-06-15T08:00:00,1998-06-30T23:59:00,CST,375.98333333333335,17,,Z,092,ALEXANDER,0,0,0,0,,,,0,,0,1,begin_coordinates_missing_or_invalid|damage_crops_missing|damage_property_missing|end_coordinates_missing_or_invalid|no_valid_location_points|requires_crosswalk_or_marine_review|timezone_not_normalized_to_utc
5659531,2081747,1998,1998-06-15T08:00:00,1998-06-30T23:59:00,CST,375.98333333333335,17,,Z,091,HARDIN,0,0,0,0,,,,0,,0,1,begin_coordinates_missing_or_invalid|damage_crops_missing|damage_property_missing|end_coordinates_missing_or_invalid|no_valid_location_points|requires_crosswalk_or_marine_review|timezone_not_normalized_to_utc
5659532,2081747,1998,1998-06-15T08:00:00,1998-06-30T23:59:00,CST,375.98333333333335,17,,Z,094,MASSAC,0,0,0,0,,,,0,,0,1,begin_coordinates_missing_or_invalid|damage_crops_missing|damage_property_missing|end_coordinates_missing_or_invalid|no_valid_location_points|requires_crosswalk_or_marine_review|timezone_not_normalized_to_utc
5659533,2081747,1998,1998-06-15T08:00:00,1998-06-30T23:59:00,CST,375.98333333333335,17,,Z,093,PULASKI,0,0,0,0,,,,0,,0,1,begin_coordinates_missing_or_invalid|damage_crops_missing|damage_property_missing|end_coordinates_missing_or_invalid|no_valid_location_points|requires_crosswalk_or_marine_review|timezone_not_normalized_to_utc
5659534,2081748,1998,1998-06-19T20:00:00,1998-06-30T23:59:00,CST,267.98333333333335,29,,Z,087,CAPE GIRARDEAU,0,0,0,0,,,,0,,0,1,begin_coordinates_missing_or_invalid|damage_crops_missing|damage_property_missing|end_coordinates_missing_or_invalid|no_valid_location_points|requires_crosswalk_or_marine_review|timezone_not_normalized_to_utc
5659535,2081748,1998,1998-06-19T20:00:00,1998-06-30T23:59:00,CST,267.98333333333335,29,,Z,112,MISSISSIPPI,0,0,0,0,,,,0,,0,1,begin_coordinates_missing_or_invalid|damage_crops_missing|damage_property_missing|end_coordinates_missing_or_invalid|no_valid_location_points|requires_crosswalk_or_marine_review|timezone_not_normalized_to_utc
5659536,2081748,1998,1998-06-19T20:00:00,1998-06-30T23:59:00,CST,267.98333333333335,29,,Z,076,PERRY,0,0,0,0,,,,0,,0,1,begin_coordinates_missing_or_invalid|damage_crops_missing|damage_property_missing|end_coordinates_missing_or_invalid|no_valid_location_points|requires_crosswalk_or_marine_review|timezone_not_normalized_to_utc
5659537,2081749,1998,1998-06-21T09:00:00,1998-06-30T20:00:00,CST,227.0,17,,Z,084,JACKSON,0,0,0,0,,,,0,,0,1,begin_coordinates_missing_or_invalid|damage_crops_missing|damage_property_missing|end_coordinates_missing_or_invalid|no_valid_location_points|requires_crosswalk_or_marine_review|timezone_not_normalized_to_utc
5659538,2081749,1998,1998-06-21T09:00:00,1998-06-30T20:00:00,CST,227.0,17,,Z,092,ALEXANDER,0,0,0,0,,,,0,,0,1,begin_coordinates_missing_or_invalid|damage_crops_missing|damage_property_missing|end_coordinates_missing_or_invalid|no_valid_location_points|requires_crosswalk_or_marine_review|timezone_not_normalized_to_utc
5659539,2081749,1998,1998-06-21T09:00:00,1998-06-30T20:00:00,CST,227.0,17,,Z,088,UNION,0,0,0,0,,,,0,,0,1,begin_coordinates_missing_or_invalid|damage_crops_missing|damage_property_missing|end_coordinates_missing_or_invalid|no_valid_location_points|requires_crosswalk_or_marine_review|timezone_not_normalized_to_utc
5659540,2081750,1998,1998-06-19T08:00:00,1998-06-30T23:59:00,CST,279.98333333333335,18,,Z,085,POSEY,0,0,0,0,5000,,,0,,0,1,begin_coordinates_missing_or_invalid|damage_crops_missing|end_coordinates_missing_or_invalid|no_valid_location_points|requires_crosswalk_or_marine_review|timezone_not_normalized_to_utc
5659541,2081750,1998,1998-06-19T08:00:00,1998-06-30T23:59:00,CST,279.98333333333335,18,,Z,081,GIBSON,0,0,0,0,5000,,,0,,0,1,begin_coordinates_missing_or_invalid|damage_crops_missing|end_coordinates_missing_or_invalid|no_valid_location_points|requires_crosswalk_or_marine_review|timezone_not_normalized_to_utc
5659546,2081758,1998,1998-06-16T02:00:00,1998-06-28T22:00:00,CST,308.0,18,,Z,082,PIKE,0,0,1,0,50000,,,1,,0,1,begin_coordinates_missing_or_invalid|damage_crops_missing|end_coordinates_missing_or_invalid|no_valid_location_points|requires_crosswalk_or_marine_review|timezone_not_normalized_to_utc
5659584,2081435,1998,1998-06-01T00:10:00,1998-06-01T00:10:00,EST,0.0,47,47151,C,151,SCOTT,0,0,0,0,,,,0,,0,1,begin_coordinates_missing_or_invalid|county_code_unverified|damage_crops_missing|damage_property_missing|end_coordinates_missing_or_invalid|no_valid_location_points|timezone_not_normalized_to_utc
5659585,2081436,1998,1998-06-01T00:57:00,1998-06-01T00:57:00,EST,0.0,47,47093,C,093,KNOX,0,0,0,0,,,,0,,0,1,begin_coordinates_missing_or_invalid|county_code_unverified|damage_crops_missing|damage_property_missing|end_coordinates_missing_or_invalid|no_valid_location_points|timezone_not_normalized_to_utc
5659586,2081437,1998,1998-06-01T01:05:00,1998-06-01T01:05:00,EST,0.0,47,47001,C,001,ANDERSON,0,0,0,0,,,,0,,0,1,begin_coordinates_missing_or_invalid|county_code_unverified|damage_crops_missing|damage_property_missing|end_coordinates_missing_or_invalid|no_valid_location_points|timezone_not_normalized_to_utc
5659588,2081439,1998,1998-06-01T01:45:00,1998-06-01T01:45:00,EST,0.0,47,47009,C,009,BLOUNT,0,0,0,0,,,,0,,0,1,begin_coordinates_missing_or_invalid|county_code_unverified|damage_crops_missing|damage_property_missing|end_coordinates_missing_or_invalid|no_valid_location_points|timezone_not_normalized_to_utc
5659589,2081440,1998,1998-06-01T02:02:00,1998-06-01T02:02:00,EST,0.0,47,47155,C,155,SEVIER,0,0,0,0,,,,0,,0,1,begin_coordinates_missing_or_invalid|county_code_unverified|damage_crops_missing|damage_property_missing|end_coordinates_missing_or_invalid|no_valid_location_points|timezone_not_normalized_to_utc
5659592,2081443,1998,1998-06-01T02:25:00,1998-06-01T02:25:00,EST,0.0,47,47009,C,009,BLOUNT,0,0,0,0,,,,0,,0,1,begin_coordinates_missing_or_invalid|county_code_unverified|damage_crops_missing|damage_property_missing|end_coordinates_missing_or_invalid|no_valid_location_points|timezone_not_normalized_to_utc
5659593,2081444,1998,1998-06-01T04:42:00,1998-06-01T04:42:00,EST,0.0,47,47093,C,093,KNOX,0,0,0,0,,,,0,,0,1,begin_coordinates_missing_or_invalid|county_code_unverified|damage_crops_missing|damage_property_missing|end_coordinates_missing_or_invalid|no_valid_location_points|timezone_not_normalized_to_utc
5659594,2081445,1998,1998-06-01T04:44:00,1998-06-01T04:44:00,EST,0.0,47,47009,C,009,BLOUNT,0,0,0,0,,,,0,,0,1,begin_coordinates_missing_or_invalid|county_code_unverified|damage_crops_missing|damage_property_missing|end_coordinates_missing_or_invalid|no_valid_location_points|timezone_not_normalized_to_utc
5659598,2081449,1998,1998-06-02T05:20:00,1998-06-02T05:20:00,EST,0.0,47,47001,C,001,ANDERSON,0,0,0,0,500.0,,,0,,0,1,begin_coordinates_missing_or_invalid|county_code_unverified|damage_crops_missing|end_coordinates_missing_or_invalid|no_valid_location_points|timezone_not_normalized_to_utc
5659601,2081452,1998,1998-06-02T05:40:00,1998-06-02T05:40:00,EST,0.0,47,47093,C,093,KNOX,0,0,0,0,,,,0,,0,1,begin_coordinates_missing_or_invalid|county_code_unverified|damage_crops_missing|damage_property_missing|end_coordinates_missing_or_invalid|no_valid_location_points|timezone_not_normalized_to_utc
5659603,2081454,1998,1998-06-02T05:55:00,1998-06-02T05:55:00,EST,0.0,47,47093,C,093,KNOX,0,0,0,0,,,,0,,0,1,begin_coordinates_missing_or_invalid|county_code_unverified|damage_crops_missing|damage_property_missing|end_coordinates_missing_or_invalid|no_valid_location_points|timezone_not_normalized_to_utc
5659637,2081760,1998,1998-06-09T21:00:00,1998-06-10T06:00:00,CST,9.0,21,,Z,017,CHRISTIAN,0,0,0,0,100000.0,,,0,,0,1,begin_coordinates_missing_or_invalid|damage_crops_missing|end_coordinates_missing_or_invalid|no_valid_location_points|requires_crosswalk_or_marine_review|timezone_not_normalized_to_utc
5659638,2081761,1998,1998-06-18T06:00:00,1998-06-30T08:00:00,CST,290.0,17,,Z,078,WABASH,0,0,0,0,40000,,,0,,0,1,begin_coordinates_missing_or_invalid|damage_crops_missing|end_coordinates_missing_or_invalid|no_valid_location_points|requires_crosswalk_or_marine_review|timezone_not_normalized_to_utc
5659707,2081469,1998,1998-06-05T18:00:00,1998-06-05T18:00:00,CST,0.0,47,47035,C,035,CUMBERLAND,0,0,0,0,,,,0,,0,1,begin_coordinates_missing_or_invalid|county_code_unverified|damage_crops_missing|damage_property_missing|end_coordinates_missing_or_invalid|no_valid_location_points|timezone_not_normalized_to_utc
5659713,2081475,1998,1998-06-05T21:30:00,1998-06-05T21:30:00,EST,0.0,47,47059,C,059,GREENE,0,0,0,0,,,,0,,0,1,begin_coordinates_missing_or_invalid|county_code_unverified|damage_crops_missing|damage_property_missing|end_coordinates_missing_or_invalid|no_valid_location_points|timezone_not_normalized_to_utc
5659719,1065292,1998,1998-06-10T10:30:00,1998-06-10T10:30:00,CST,0.0,47,47035,C,035,CUMBERLAND,0,0,0,0,,,,0,,0,1,begin_coordinates_missing_or_invalid|county_code_unverified|damage_crops_missing|damage_property_missing|end_coordinates_missing_or_invalid|no_valid_location_points|timezone_not_normalized_to_utc
5659723,1065435,1998,1998-05-11T12:00:00,1998-05-12T16:00:00,EST,28.0,34,,Z,004,EASTERN PASSAIC,0,0,0,0,,,,0,,0,1,begin_coordinates_missing_or_invalid|damage_crops_missing|damage_property_missing|end_coordinates_missing_or_invalid|no_valid_location_points|requires_crosswalk_or_marine_review|timezone_not_normalized_to_utc
5659724,1065435,1998,1998-05-11T12:00:00,1998-05-12T16:00:00,EST,28.0,34,,Z,002,WESTERN PASSAIC,0,0,0,0,,,,0,,0,1,begin_coordinates_missing_or_invalid|damage_crops_missing|damage_property_missing|end_coordinates_missing_or_invalid|no_valid_location_points|requires_crosswalk_or_marine_review|timezone_not_normalized_to_utc
5659725,1065435,1998,1998-05-11T12:00:00,1998-05-12T16:00:00,EST,28.0,34,,Z,005,ESSEX,0,0,0,0,,,,0,,0,1,begin_coordinates_missing_or_invalid|damage_crops_missing|damage_property_missing|end_coordinates_missing_or_invalid|no_valid_location_points|requires_crosswalk_or_marine_review|timezone_not_normalized_to_utc
5659797,2081946,1998,1998-06-19T12:00:00,1998-06-20T06:00:00,EST,18.0,54,,Z,031,HARRISON,0,0,0,0,5000,,,0,,0,1,begin_coordinates_missing_or_invalid|damage_crops_missing|end_coordinates_missing_or_invalid|no_valid_location_points|requires_crosswalk_or_marine_review|timezone_not_normalized_to_utc
5659798,2081483,1998,1998-06-10T13:00:00,1998-06-10T13:00:00,EST,0.0,47,47121,C,121,MEIGS,0,0,0,0,,,,0,,0,1,begin_coordinates_missing_or_invalid|county_code_unverified|damage_crops_missing|damage_property_missing|end_coordinates_missing_or_invalid|no_valid_location_points|timezone_not_normalized_to_utc
5659800,2081485,1998,1998-06-10T13:30:00,1998-06-10T13:30:00,EST,0.0,47,47145,C,145,ROANE,0,0,0,0,,,,0,,0,1,begin_coordinates_missing_or_invalid|county_code_unverified|damage_crops_missing|damage_property_missing|end_coordinates_missing_or_invalid|no_valid_location_points|timezone_not_normalized_to_utc
5659902,2081955,1998,1998-06-28T07:00:00,1998-06-29T11:00:00,EST,28.0,39,,Z,067,MORGAN,0,0,0,0,5000,,,0,,0,1,begin_coordinates_missing_or_invalid|damage_crops_missing|end_coordinates_missing_or_invalid|no_valid_location_points|requires_crosswalk_or_marine_review|timezone_not_normalized_to_utc
5659903,2081955,1998,1998-06-28T07:00:00,1998-06-28T11:00:00,EST,4.0,39,,Z,076,WASHINGTON,0,0,0,0,25000,,,0,,0,1,begin_coordinates_missing_or_invalid|damage_crops_missing|end_coordinates_missing_or_invalid|no_valid_location_points|requires_crosswalk_or_marine_review|timezone_not_normalized_to_utc
5659904,2081955,1998,1998-06-29T07:00:00,1998-06-30T07:00:00,EST,24.0,39,,Z,085,MEIGS,0,0,0,0,10000,,,0,,0,1,begin_coordinates_missing_or_invalid|damage_crops_missing|end_coordinates_missing_or_invalid|no_valid_location_points|requires_crosswalk_or_marine_review|timezone_not_normalized_to_utc
5659905,2081955,1998,1998-06-29T07:00:00,1998-06-30T07:00:00,EST,24.0,39,,Z,086,GALLIA,0,0,0,0,10000,,,0,,0,1,begin_coordinates_missing_or_invalid|damage_crops_missing|end_coordinates_missing_or_invalid|no_valid_location_points|requires_crosswalk_or_marine_review|timezone_not_normalized_to_utc
5659935,2081535,1998,1998-06-22T20:00:00,1998-06-22T20:00:00,EST,0.0,47,47163,C,163,SULLIVAN,0,0,0,0,,,,0,,0,1,begin_coordinates_missing_or_invalid|county_code_unverified|damage_crops_missing|damage_property_missing|end_coordinates_missing_or_invalid|no_valid_location_points|timezone_not_normalized_to_utc
5659947,2081547,1998,1998-06-24T16:45:00,1998-06-24T16:45:00,EST,0.0,47,47163,C,163,SULLIVAN,0,0,0,0,,,,0,,0,1,begin_coordinates_missing_or_invalid|county_code_unverified|damage_crops_missing|damage_property_missing|end_coordinates_missing_or_invalid|no_valid_location_points|timezone_not_normalized_to_utc
5660076,2081773,1998,1998-01-26T16:00:00,1998-01-26T19:00:00,PST,3.0,41,,Z,018,COLUMBIA DESCHUTES PLATEAU,0,0,0,0,,,,0,,0,1,begin_coordinates_missing_or_invalid|damage_crops_missing|damage_property_missing|end_coordinates_missing_or_invalid|no_valid_location_points|requires_crosswalk_or_marine_review|timezone_not_normalized_to_utc
5660128,1065408,1998,1998-07-19T18:30:00,1998-07-19T18:30:00,EST,0.0,47,47107,C,107,MCMINN,0,0,0,0,,,,0,,0,1,begin_coordinates_missing_or_invalid|county_code_unverified|damage_crops_missing|damage_property_missing|end_coordinates_missing_or_invalid|no_valid_location_points|timezone_not_normalized_to_utc
5660294,2081813,1998,1998-05-11T04:00:00,1998-05-11T11:00:00,EST,7.0,34,34037,C,037,SUSSEX,0,0,0,0,,0,,0,,0,1,begin_coordinates_missing_or_invalid|county_code_unverified|damage_property_missing|end_coordinates_missing_or_invalid|no_valid_location_points|timezone_not_normalized_to_utc
5660295,2081813,1998,1998-05-09T17:00:00,1998-05-15T01:00:00,EST,128.0,34,,Z,019,BURLINGTON,0,0,0,0,,,,0,,0,1,begin_coordinates_missing_or_invalid|damage_crops_missing|damage_property_missing|end_coordinates_missing_or_invalid|no_valid_location_points|requires_crosswalk_or_marine_review|timezone_not_normalized_to_utc
5660296,2081813,1998,1998-05-10T08:00:00,1998-05-12T14:00:00,EST,54.0,34,,Z,010,SOMERSET,0,0,0,0,,,,0,,0,1,begin_coordinates_missing_or_invalid|damage_crops_missing|damage_property_missing|end_coordinates_missing_or_invalid|no_valid_location_points|requires_crosswalk_or_marine_review|timezone_not_normalized_to_utc
5660297,2081813,1998,1998-05-10T13:00:00,1998-05-16T18:00:00,EST,149.0,34,,Z,008,MORRIS,0,0,0,0,,,,0,,0,1,begin_coordinates_missing_or_invalid|damage_crops_missing|damage_property_missing|end_coordinates_missing_or_invalid|no_valid_location_points|requires_crosswalk_or_marine_review|timezone_not_normalized_to_utc
5660318,2081813,1998,1998-05-10T19:00:00,1998-05-10T23:00:00,EST,4.0,34,34021,C,021,MERCER,0,0,0,0,,0,,0,,0,1,begin_coordinates_missing_or_invalid|county_code_unverified|damage_property_missing|end_coordinates_missing_or_invalid|no_valid_location_points|timezone_not_normalized_to_utc
5660485,2083552,1998,1998-07-21T19:00:00,1998-07-21T22:30:00,MST,3.5,31,31033,C,033,CHEYENNE,0,0,0,0,2000,0,,0,,0,1,begin_coordinates_missing_or_invalid|county_code_unverified|end_coordinates_missing_or_invalid|no_valid_location_points|timezone_not_normalized_to_utc
5660596,2083574,1998,1998-08-06T10:30:00,1998-08-07T11:30:00,EST,25.0,26,,Z,075,WASHTENAW,0,0,0,0,,,,0,,0,1,begin_coordinates_missing_or_invalid|damage_crops_missing|damage_property_missing|end_coordinates_missing_or_invalid|no_valid_location_points|requires_crosswalk_or_marine_review|timezone_not_normalized_to_utc
5660597,2083575,1998,1998-08-06T11:00:00,1998-08-06T22:00:00,EST,11.0,26,,Z,070,MACOMB,0,0,0,0,,,,0,,0,1,begin_coordinates_missing_or_invalid|damage_crops_missing|damage_property_missing|end_coordinates_missing_or_invalid|no_valid_location_points|requires_crosswalk_or_marine_review|timezone_not_normalized_to_utc
5660598,2083576,1998,1998-08-06T17:30:00,1998-08-07T13:00:00,EST,19.5,26,,Z,076,WAYNE,0,0,0,0,,,,0,,0,1,begin_coordinates_missing_or_invalid|damage_crops_missing|damage_property_missing|end_coordinates_missing_or_invalid|no_valid_location_points|requires_crosswalk_or_marine_review|timezone_not_normalized_to_utc
5660599,2083576,1998,1998-08-07T04:00:00,1998-08-07T13:30:00,EST,9.5,26,,Z,076,WAYNE,0,0,0,0,,,,0,,0,1,begin_coordinates_missing_or_invalid|damage_crops_missing|damage_property_missing|end_coordinates_missing_or_invalid|no_valid_location_points|requires_crosswalk_or_marine_review|timezone_not_normalized_to_utc
5660600,2083577,1998,1998-08-01T00:00:00,1998-08-01T23:59:00,CST,23.983333333333334,29,,Z,046,COOPER,0,0,0,0,,,,0,,0,1,begin_coordinates_missing_or_invalid|damage_crops_missing|damage_property_missing|end_coordinates_missing_or_invalid|no_valid_location_points|requires_crosswalk_or_marine_review|timezone_not_normalized_to_utc
5660601,2083577,1998,1998-08-01T00:00:00,1998-08-01T23:59:00,CST,23.983333333333334,29,,Z,021,CLINTON,0,0,0,0,,,,0,,0,1,begin_coordinates_missing_or_invalid|damage_crops_missing|damage_property_missing|end_coordinates_missing_or_invalid|no_valid_location_points|requires_crosswalk_or_marine_review|timezone_not_normalized_to_utc
5660602,2083577,1998,1998-08-01T00:00:00,1998-08-05T23:59:00,CST,119.98333333333333,29,,Z,039,SALINE,0,0,0,0,,,,0,,0,1,begin_coordinates_missing_or_invalid|damage_crops_missing|damage_property_missing|end_coordinates_missing_or_invalid|no_valid_location_points|requires_crosswalk_or_marine_review|timezone_not_normalized_to_utc
5660603,2083577,1998,1998-08-01T00:00:00,1998-08-01T23:59:00,CST,23.983333333333334,29,,Z,038,LAFAYETTE,0,0,0,0,,,,0,,0,1,begin_coordinates_missing_or_invalid|damage_crops_missing|damage_property_missing|end_coordinates_missing_or_invalid|no_valid_location_points|requires_crosswalk_or_marine_review|timezone_not_normalized_to_utc
5660614,2083646,1998,1998-08-25T03:15:00,1998-08-25T03:15:00,EST,0.0,39,,Z,001,WILLIAMS,0,0,0,0,,,,0,,0,1,begin_coordinates_missing_or_invalid|damage_crops_missing|damage_property_missing|end_coordinates_missing_or_invalid|no_valid_location_points|requires_crosswalk_or_marine_review|timezone_not_normalized_to_utc
5660619,2083648,1998,1998-09-21T06:00:00,1998-09-21T08:00:00,EST,2.0,21,21179,C,179,NELSON,0,0,0,0,,,,0,,0,1,begin_coordinates_missing_or_invalid|county_code_unverified|damage_crops_missing|damage_property_missing|end_coordinates_missing_or_invalid|no_valid_location_points|timezone_not_normalized_to_utc
5660647,2083242,1998,1998-08-17T10:00:00,1998-08-17T10:00:00,EST,0.0,09,09011,C,011,NEW LONDON,0,0,0,0,,,,0,,0,1,begin_coordinates_missing_or_invalid|county_code_unverified|damage_crops_missing|damage_property_missing|end_coordinates_missing_or_invalid|no_valid_location_points|timezone_not_normalized_to_utc
5660648,2083197,1998,1998-07-05T16:30:00,1998-07-05T17:30:00,MST,1.0,04,04005,C,005,COCONINO,0,0,0,0,0,0,,0,,0,1,begin_coordinates_missing_or_invalid|county_code_unverified|end_coordinates_missing_or_invalid|no_valid_location_points|timezone_not_normalized_to_utc
5660649,2083197,1998,1998-07-06T00:00:00,1998-07-06T02:00:00,MST,2.0,04,04025,C,025,YAVAPAI,0,0,0,0,1000,0,,0,,0,1,begin_coordinates_missing_or_invalid|county_code_unverified|end_coordinates_missing_or_invalid|no_valid_location_points|timezone_not_normalized_to_utc
5660699,2083656,1998,1998-08-31T15:00:00,1998-08-31T17:30:00,PST,2.5,06,06037,C,037,LOS ANGELES,0,0,0,0,,,,0,,0,1,begin_coordinates_missing_or_invalid|county_code_unverified|damage_crops_missing|damage_property_missing|end_coordinates_missing_or_invalid|no_valid_location_points|timezone_not_normalized_to_utc
5660702,2083659,1998,1998-08-05T07:00:00,1998-08-05T09:00:00,CST,2.0,17,17133,C,133,MONROE,0,0,0,0,,,,0,,0,1,begin_coordinates_missing_or_invalid|county_code_unverified|damage_crops_missing|damage_property_missing|end_coordinates_missing_or_invalid|no_valid_location_points|timezone_not_normalized_to_utc
5660703,2083659,1998,1998-08-05T07:00:00,1998-08-05T09:00:00,CST,2.0,17,17163,C,163,ST. CLAIR,0,0,0,0,,,,0,,0,1,begin_coordinates_missing_or_invalid|county_code_unverified|damage_crops_missing|damage_property_missing|end_coordinates_missing_or_invalid|no_valid_location_points|timezone_not_normalized_to_utc
5660704,2083659,1998,1998-08-05T07:00:00,1998-08-05T09:00:00,CST,2.0,17,17189,C,189,WASHINGTON,0,0,0,0,,,,0,,0,1,begin_coordinates_missing_or_invalid|county_code_unverified|damage_crops_missing|damage_property_missing|end_coordinates_missing_or_invalid|no_valid_location_points|timezone_not_normalized_to_utc
5660709,2083662,1998,1998-08-27T08:30:00,1998-08-27T10:30:00,CST,2.0,29,29019,C,019,BOONE,0,0,0,0,,,,0,,0,1,begin_coordinates_missing_or_invalid|county_code_unverified|damage_crops_missing|damage_property_missing|end_coordinates_missing_or_invalid|no_valid_location_points|timezone_not_normalized_to_utc
5660735,2083197,1998,1998-07-21T20:25:00,1998-07-21T21:25:00,MST,1.0,04,04017,C,017,NAVAJO,0,0,0,0,0,0,,0,,0,1,begin_coordinates_missing_or_invalid|county_code_unverified|end_coordinates_missing_or_invalid|no_valid_location_points|timezone_not_normalized_to_utc
5660736,2083197,1998,1998-07-22T12:30:00,1998-07-22T12:30:00,MST,0.0,04,04025,C,025,YAVAPAI,0,0,0,0,0,0,,0,,0,1,begin_coordinates_missing_or_invalid|county_code_unverified|end_coordinates_missing_or_invalid|no_valid_location_points|timezone_not_normalized_to_utc
5660743,2083197,1998,1998-07-06T15:20:00,1998-07-06T16:46:00,MST,1.4333333333333333,04,04005,C,005,COCONINO,0,0,0,0,0,0,,0,,0,1,begin_coordinates_missing_or_invalid|county_code_unverified|end_coordinates_missing_or_invalid|no_valid_location_points|timezone_not_normalized_to_utc
5660766,2083392,1998,1998-06-14T12:00:00,1998-06-17T02:00:00,EST,62.0,25,,Z,005,WESTERN MIDDLESEX,0,0,0,0,,,,0,,0,1,begin_coordinates_missing_or_invalid|damage_crops_missing|damage_property_missing|end_coordinates_missing_or_invalid|no_valid_location_points|requires_crosswalk_or_marine_review|timezone_not_normalized_to_utc
5660772,2083392,1998,1998-06-15T08:00:00,1998-06-19T20:40:00,EST,108.66666666666667,25,,Z,013,WESTERN NORFOLK,0,0,0,0,,,,0,,0,1,begin_coordinates_missing_or_invalid|damage_crops_missing|damage_property_missing|end_coordinates_missing_or_invalid|no_valid_location_points|requires_crosswalk_or_marine_review|timezone_not_normalized_to_utc
5660773,2083392,1998,1998-06-15T13:00:00,1998-06-16T01:00:00,EST,12.0,25,,Z,005,WESTERN MIDDLESEX,0,0,0,0,,,,0,,0,1,begin_coordinates_missing_or_invalid|damage_crops_missing|damage_property_missing|end_coordinates_missing_or_invalid|no_valid_location_points|requires_crosswalk_or_marine_review|timezone_not_normalized_to_utc
5660778,2083392,1998,1998-06-17T04:00:00,1998-06-23T23:00:00,EST,163.0,25,,Z,005,WESTERN MIDDLESEX,0,0,0,0,,,,0,,0,1,begin_coordinates_missing_or_invalid|damage_crops_missing|damage_property_missing|end_coordinates_missing_or_invalid|no_valid_location_points|requires_crosswalk_or_marine_review|timezone_not_normalized_to_utc
5660779,2083392,1998,1998-06-17T17:00:00,1998-06-19T05:00:00,EST,36.0,25,,Z,006,WESTERN ESSEX,0,0,0,0,,,,0,,0,1,begin_coordinates_missing_or_invalid|damage_crops_missing|damage_property_missing|end_coordinates_missing_or_invalid|no_valid_location_points|requires_crosswalk_or_marine_review|timezone_not_normalized_to_utc
5660780,2083392,1998,1998-06-18T04:00:00,1998-06-18T19:00:00,EST,15.0,25,,Z,006,WESTERN ESSEX,0,0,0,0,,,,0,,0,1,begin_coordinates_missing_or_invalid|damage_crops_missing|damage_property_missing|end_coordinates_missing_or_invalid|no_valid_location_points|requires_crosswalk_or_marine_review|timezone_not_normalized_to_utc
5660781,2083580,1998,1998-08-09T16:30:00,1998-08-09T16:30:00,EST,0.0,13,13059,C,059,CLARKE,0,0,0,0,5000,,,0,,0,1,begin_coordinates_missing_or_invalid|county_code_unverified|damage_crops_missing|end_coordinates_missing_or_invalid|no_valid_location_points|timezone_not_normalized_to_utc
5660897,2083395,1998,1998-06-16T20:00:00,1998-06-18T23:00:00,EST,51.0,33,,Z,012,HILLSBOROUGH,0,0,0,0,,,,0,,0,1,begin_coordinates_missing_or_invalid|damage_crops_missing|damage_property_missing|end_coordinates_missing_or_invalid|no_valid_location_points|requires_crosswalk_or_marine_review|timezone_not_normalized_to_utc
5660900,2083397,1998,1998-06-16T13:30:00,1998-06-20T01:30:00,EST,84.0,09,,Z,002,HARTFORD,0,0,0,0,,,,0,,0,1,begin_coordinates_missing_or_invalid|damage_crops_missing|damage_property_missing|end_coordinates_missing_or_invalid|no_valid_location_points|requires_crosswalk_or_marine_review|timezone_not_normalized_to_utc
5660917,2083401,1998,1998-06-14T20:00:00,1998-06-15T10:00:00,EST,14.0,44,,Z,001,NORTHWEST PROVIDENCE,0,0,0,0,,,,0,,0,1,begin_coordinates_missing_or_invalid|damage_crops_missing|damage_property_missing|end_coordinates_missing_or_invalid|no_valid_location_points|requires_crosswalk_or_marine_review|timezone_not_normalized_to_utc
5660919,2083581,1998,1998-08-20T07:00:00,1998-08-20T07:00:00,EST,0.0,13,13139,C,139,HALL,0,0,0,0,5000,,,0,,0,1,begin_coordinates_missing_or_invalid|county_code_unverified|damage_crops_missing|end_coordinates_missing_or_invalid|no_valid_location_points|timezone_not_normalized_to_utc
5661257,2083521,1998,1998-07-07T18:20:00,1998-07-07T20:15:00,MST,1.9166666666666667,31,31157,C,157,SCOTTS BLUFF,0,0,0,0,1000,0,,0,,0,1,begin_coordinates_missing_or_invalid|county_code_unverified|end_coordinates_missing_or_invalid|no_valid_location_points|timezone_not_normalized_to_utc
5661261,2083524,1998,1998-07-08T13:32:00,1998-07-08T16:00:00,MST,2.466666666666667,31,31045,C,045,DAWES,0,0,0,0,0,0,,0,,0,1,begin_coordinates_missing_or_invalid|county_code_unverified|end_coordinates_missing_or_invalid|no_valid_location_points|timezone_not_normalized_to_utc
5661314,2083698,1998,1998-08-14T19:00:00,1998-08-14T20:30:00,MST,1.5,08,08041,C,041,EL PASO,0,0,0,0,,,,0,,0,1,begin_coordinates_missing_or_invalid|county_code_unverified|damage_crops_missing|damage_property_missing|end_coordinates_missing_or_invalid|no_valid_location_points|timezone_not_normalized_to_utc
5661363,2083244,1998,1998-08-18T16:00:00,1998-08-18T17:00:00,EST,1.0,36,36103,C,103,SUFFOLK,0,0,0,0,,,,0,,0,1,begin_coordinates_missing_or_invalid|county_code_unverified|damage_crops_missing|damage_property_missing|end_coordinates_missing_or_invalid|no_valid_location_points|timezone_not_normalized_to_utc
5661367,2083607,1998,1998-03-09T08:00:00,1998-03-09T10:00:00,EST,2.0,26,,Z,074,JACKSON,0,0,0,0,,,,0,,0,1,begin_coordinates_missing_or_invalid|damage_crops_missing|damage_property_missing|end_coordinates_missing_or_invalid|no_valid_location_points|requires_crosswalk_or_marine_review|timezone_not_normalized_to_utc
5661368,2083608,1998,1998-03-22T19:00:00,1998-03-24T07:00:00,EST,36.0,26,,Z,057,KENT,0,0,0,0,,,,0,,0,1,begin_coordinates_missing_or_invalid|damage_crops_missing|damage_property_missing|end_coordinates_missing_or_invalid|no_valid_location_points|requires_crosswalk_or_marine_review|timezone_not_normalized_to_utc
5661369,2083608,1998,1998-03-22T20:00:00,1998-03-25T12:00:00,EST,64.0,26,,Z,056,OTTAWA,0,0,0,0,,,,0,,0,1,begin_coordinates_missing_or_invalid|damage_crops_missing|damage_property_missing|end_coordinates_missing_or_invalid|no_valid_location_points|requires_crosswalk_or_marine_review|timezone_not_normalized_to_utc
5661461,2083259,1998,1998-07-04T10:00:00,1998-07-04T23:00:00,CST,13.0,18,,Z,087,WARRICK,0,0,0,0,,,,0,,0,1,begin_coordinates_missing_or_invalid|damage_crops_missing|damage_property_missing|end_coordinates_missing_or_invalid|no_valid_location_points|requires_crosswalk_or_marine_review|timezone_not_normalized_to_utc
5661462,2083260,1998,1998-07-01T00:01:00,1998-07-09T22:00:00,CST,213.98333333333332,17,,Z,092,ALEXANDER,0,0,0,0,,,,0,,0,1,begin_coordinates_missing_or_invalid|damage_crops_missing|damage_property_missing|end_coordinates_missing_or_invalid|no_valid_location_points|requires_crosswalk_or_marine_review|timezone_not_normalized_to_utc
5661463,2083260,1998,1998-07-01T00:01:00,1998-07-09T22:00:00,CST,213.98333333333332,17,,Z,087,GALLATIN,0,0,0,0,,,,0,,0,1,begin_coordinates_missing_or_invalid|damage_crops_missing|damage_property_missing|end_coordinates_missing_or_invalid|no_valid_location_points|requires_crosswalk_or_marine_review|timezone_not_normalized_to_utc
5661542,2083689,1998,1998-07-06T21:00:00,1998-07-06T21:58:00,MST,0.9666666666666667,04,04013,C,013,MARICOPA,0,0,0,0,,,,0,,0,1,begin_coordinates_missing_or_invalid|county_code_unverified|damage_crops_missing|damage_property_missing|end_coordinates_missing_or_invalid|no_valid_location_points|timezone_not_normalized_to_utc
5661550,2083261,1998,1998-07-04T02:00:00,1998-07-06T22:00:00,CST,68.0,17,,Z,092,ALEXANDER,0,0,0,0,,,,0,,0,1,begin_coordinates_missing_or_invalid|damage_crops_missing|damage_property_missing|end_coordinates_missing_or_invalid|no_valid_location_points|requires_crosswalk_or_marine_review|timezone_not_normalized_to_utc
5661581,2083392,1998,1998-06-13T13:45:00,1998-06-17T03:00:00,EST,85.25,25,,Z,013,WESTERN NORFOLK,0,0,0,0,570000.00,,,0,,0,1,begin_coordinates_missing_or_invalid|damage_crops_missing|end_coordinates_missing_or_invalid|no_valid_location_points|requires_crosswalk_or_marine_review|timezone_not_normalized_to_utc
5661634,2083712,1998,1998-08-10T12:15:00,1998-08-10T13:15:00,EST,1.0,51,51690,C,690,MARTINSVILLE (C),0,0,0,0,,,,0,,0,1,begin_coordinates_missing_or_invalid|county_code_unverified|damage_crops_missing|damage_property_missing|end_coordinates_missing_or_invalid|no_valid_location_points|timezone_not_normalized_to_utc
5661659,1067240,1998,1998-07-01T00:01:00,1998-07-15T10:00:00,CST,345.98333333333335,17,,Z,084,JACKSON,0,0,0,0,5000,,,0,,0,1,begin_coordinates_missing_or_invalid|damage_crops_missing|end_coordinates_missing_or_invalid|no_valid_location_points|requires_crosswalk_or_marine_review|timezone_not_normalized_to_utc
5661660,1067241,1998,1998-07-01T00:01:00,1998-07-03T17:00:00,CST,64.98333333333333,18,,Z,085,POSEY,0,0,0,0,,,,0,,0,1,begin_coordinates_missing_or_invalid|damage_crops_missing|damage_property_missing|end_coordinates_missing_or_invalid|no_valid_location_points|requires_crosswalk_or_marine_review|timezone_not_normalized_to_utc
5661661,1067242,1998,1998-07-01T00:01:00,1998-07-16T08:00:00,CST,367.98333333333335,29,,Z,087,CAPE GIRARDEAU,0,0,0,0,,,,0,,0,1,begin_coordinates_missing_or_invalid|damage_crops_missing|damage_property_missing|end_coordinates_missing_or_invalid|no_valid_location_points|requires_crosswalk_or_marine_review|timezone_not_normalized_to_utc
5661733,2083149,1998,1998-07-19T18:15:00,1998-07-19T18:45:00,MST,0.5,04,04019,C,019,PIMA,0,0,0,0,,,,0,,0,1,begin_coordinates_missing_or_invalid|county_code_unverified|damage_crops_missing|damage_property_missing|end_coordinates_missing_or_invalid|no_valid_location_points|timezone_not_normalized_to_utc
5661736,2083150,1998,1998-07-21T04:00:00,1998-07-21T05:00:00,MST,1.0,04,04019,C,019,PIMA,0,0,0,0,,,,0,,0,1,begin_coordinates_missing_or_invalid|county_code_unverified|damage_crops_missing|damage_property_missing|end_coordinates_missing_or_invalid|no_valid_location_points|timezone_not_normalized_to_utc
5661758,2083274,1998,1998-07-03T11:45:00,1998-07-03T13:00:00,CST,1.25,21,21145,C,145,MCCRACKEN,0,0,0,0,5000,,,0,,0,1,begin_coordinates_missing_or_invalid|county_code_unverified|damage_crops_missing|end_coordinates_missing_or_invalid|no_valid_location_points|timezone_not_normalized_to_utc
5661759,2083274,1998,1998-07-03T11:45:00,1998-07-03T13:00:00,CST,1.25,21,21007,C,007,BALLARD,0,0,0,0,5000,,,0,,0,1,begin_coordinates_missing_or_invalid|county_code_unverified|damage_crops_missing|end_coordinates_missing_or_invalid|no_valid_location_points|timezone_not_normalized_to_utc
5661824,2083275,1998,1998-07-03T11:40:00,1998-07-03T13:00:00,CST,1.3333333333333333,17,17153,C,153,PULASKI,0,0,0,0,10000,,,0,,0,1,begin_coordinates_missing_or_invalid|county_code_unverified|damage_crops_missing|end_coordinates_missing_or_invalid|no_valid_location_points|timezone_not_normalized_to_utc
5661825,2083276,1998,1998-07-13T17:30:00,1998-07-13T19:00:00,CST,1.5,18,18051,C,051,GIBSON,0,0,0,0,,,,0,,0,1,begin_coordinates_missing_or_invalid|county_code_unverified|damage_crops_missing|damage_property_missing|end_coordinates_missing_or_invalid|no_valid_location_points|timezone_not_normalized_to_utc
5661838,2083279,1998,1998-07-02T15:00:00,1998-07-02T19:00:00,AST,4.0,99,,C,097,MAYAGUEZ,0,0,0,0,,,,0,,0,1,begin_coordinates_missing_or_invalid|damage_crops_missing|damage_property_missing|end_coordinates_missing_or_invalid|no_valid_location_points|requires_crosswalk_or_marine_review|timezone_not_normalized_to_utc
5661839,2083280,1998,1998-07-12T12:30:00,1998-07-12T14:30:00,AST,2.0,99,,C,127,SAN JUAN,0,0,0,0,,,,0,,0,1,begin_coordinates_missing_or_invalid|damage_crops_missing|damage_property_missing|end_coordinates_missing_or_invalid|no_valid_location_points|requires_crosswalk_or_marine_review|timezone_not_normalized_to_utc
5661861,2083500,1998,1998-07-22T17:00:00,1998-07-22T21:00:00,EST,4.0,39,,Z,009,ERIE,0,0,0,0,,,,0,,0,1,begin_coordinates_missing_or_invalid|damage_crops_missing|damage_property_missing|end_coordinates_missing_or_invalid|no_valid_location_points|requires_crosswalk_or_marine_review|timezone_not_normalized_to_utc
5661939,2083525,1998,1998-07-08T18:42:00,1998-07-08T20:40:00,MST,1.9666666666666666,31,31105,C,105,KIMBALL,0,0,0,0,2000,0,,0,,0,1,begin_coordinates_missing_or_invalid|county_code_unverified|end_coordinates_missing_or_invalid|no_valid_location_points|timezone_not_normalized_to_utc
5661940,2083526,1998,1998-07-09T17:17:00,1998-07-09T19:00:00,MST,1.7166666666666666,56,56021,C,021,LARAMIE,0,0,0,0,0,0,,0,,0,1,begin_coordinates_missing_or_invalid|county_code_unverified|end_coordinates_missing_or_invalid|no_valid_location_points|timezone_not_normalized_to_utc
5661941,2083527,1998,1998-07-09T17:17:00,1998-07-09T21:00:00,MST,3.716666666666667,56,56021,C,021,LARAMIE,0,0,0,0,0,0,,0,,0,1,begin_coordinates_missing_or_invalid|county_code_unverified|end_coordinates_missing_or_invalid|no_valid_location_points|timezone_not_normalized_to_utc
5662041,2083544,1998,1998-07-21T19:10:00,1998-07-21T21:00:00,MST,1.8333333333333333,31,31007,C,007,BANNER,0,0,0,0,2000,25000,,0,,0,1,begin_coordinates_missing_or_invalid|county_code_unverified|end_coordinates_missing_or_invalid|no_valid_location_points|timezone_not_normalized_to_utc
5662045,2083547,1998,1998-07-25T14:37:00,1998-07-25T16:45:00,MST,2.1333333333333333,31,31007,C,007,BANNER,0,0,0,0,3000,0,,0,,0,1,begin_coordinates_missing_or_invalid|county_code_unverified|end_coordinates_missing_or_invalid|no_valid_location_points|timezone_not_normalized_to_utc
5662046,2083548,1998,1998-07-25T16:55:00,1998-07-25T19:00:00,MST,2.0833333333333335,31,31033,C,033,CHEYENNE,0,0,0,0,1000,0,,0,,0,1,begin_coordinates_missing_or_invalid|county_code_unverified|end_coordinates_missing_or_invalid|no_valid_location_points|timezone_not_normalized_to_utc
5662063,2083644,1998,1998-08-25T00:48:00,1998-08-25T00:48:00,EST,0.0,26,26021,C,021,BERRIEN,0,0,0,0,,,,0,,0,1,begin_coordinates_missing_or_invalid|county_code_unverified|damage_crops_missing|damage_property_missing|end_coordinates_missing_or_invalid|no_valid_location_points|timezone_not_normalized_to_utc
5662072,2083196,1998,1998-07-06T15:20:00,1998-07-06T16:46:00,MST,1.4333333333333333,04,04005,C,005,COCONINO,0,0,0,0,0,0,,0,,0,1,begin_coordinates_missing_or_invalid|county_code_unverified|end_coordinates_missing_or_invalid|no_valid_location_points|timezone_not_normalized_to_utc
5662085,2082805,1998,1998-07-09T11:00:00,1998-07-09T11:00:00,CST,0.0,38,,Z,049,RANSOM,0,0,0,0,100000,,,0,,0,1,begin_coordinates_missing_or_invalid|damage_crops_missing|end_coordinates_missing_or_invalid|no_valid_location_points|requires_crosswalk_or_marine_review|timezone_not_normalized_to_utc
5662120,2082975,1998,1998-07-14T02:00:00,1998-07-14T03:00:00,CST,1.0,28,28003,C,003,ALCORN,0,0,0,0,500.0,,,0,,0,1,begin_coordinates_missing_or_invalid|county_code_unverified|damage_crops_missing|end_coordinates_missing_or_invalid|no_valid_location_points|timezone_not_normalized_to_utc
5662123,2082978,1998,1998-07-24T07:30:00,1998-07-24T08:00:00,CST,0.5,29,29069,C,069,DUNKLIN,0,0,0,0,50.00,,,0,,0,1,begin_coordinates_missing_or_invalid|county_code_unverified|damage_crops_missing|end_coordinates_missing_or_invalid|no_valid_location_points|timezone_not_normalized_to_utc
5662192,2082983,1998,1998-07-29T05:00:00,1998-07-29T06:00:00,CST,1.0,47,47157,C,157,SHELBY,0,0,0,0,1000,,,0,,0,1,begin_coordinates_missing_or_invalid|county_code_unverified|damage_crops_missing|end_coordinates_missing_or_invalid|no_valid_location_points|timezone_not_normalized_to_utc
5662234,2082729,1998,1998-03-02T00:01:00,1998-03-03T06:30:00,PST,30.483333333333334,06,06099,C,099,STANISLAUS,0,0,0,0,,,,0,,0,1,begin_coordinates_missing_or_invalid|county_code_unverified|damage_crops_missing|damage_property_missing|end_coordinates_missing_or_invalid|no_valid_location_points|timezone_not_normalized_to_utc
5662249,2082985,1998,1998-07-30T01:00:00,1998-07-30T02:00:00,CST,1.0,05,05121,C,121,RANDOLPH,0,0,0,0,1000,,,0,,0,1,begin_coordinates_missing_or_invalid|county_code_unverified|damage_crops_missing|end_coordinates_missing_or_invalid|no_valid_location_points|timezone_not_normalized_to_utc
5662252,2082986,1998,1998-07-30T04:00:00,1998-07-30T05:00:00,CST,1.0,47,47045,C,045,DYER,0,0,0,0,1000,,,0,,0,1,begin_coordinates_missing_or_invalid|county_code_unverified|damage_crops_missing|end_coordinates_missing_or_invalid|no_valid_location_points|timezone_not_normalized_to_utc
5662265,2082992,1998,1998-07-13T12:00:00,1998-07-13T12:30:00,CST,0.5,28,28033,C,033,DE SOTO,0,0,0,0,1000,,,0,,0,1,begin_coordinates_missing_or_invalid|county_code_unverified|damage_crops_missing|end_coordinates_missing_or_invalid|no_valid_location_points|timezone_not_normalized_to_utc
5662266,2082993,1998,1998-07-13T15:00:00,1998-07-13T16:00:00,CST,1.0,47,47167,C,167,TIPTON,0,0,0,0,1000,,,0,,0,1,begin_coordinates_missing_or_invalid|county_code_unverified|damage_crops_missing|end_coordinates_missing_or_invalid|no_valid_location_points|timezone_not_normalized_to_utc
5662288,2082730,1998,1998-03-01T00:01:00,1998-03-31T23:59:00,PST,743.9666666666667,06,,Z,016,C & E GLENN/COLUSA T X W/N SUTTER/SW YUBA/BUTTE T X E,0,0,0,0,,,,0,,0,1,begin_coordinates_missing_or_invalid|damage_crops_missing|damage_property_missing|end_coordinates_missing_or_invalid|no_valid_location_points|requires_crosswalk_or_marine_review|timezone_not_normalized_to_utc
5662361,2082997,1998,1998-07-20T18:00:00,1998-07-20T19:00:00,CST,1.0,55,55105,C,105,ROCK,0,0,0,0,,,,0,,0,1,begin_coordinates_missing_or_invalid|county_code_unverified|damage_crops_missing|damage_property_missing|end_coordinates_missing_or_invalid|no_valid_location_points|timezone_not_normalized_to_utc
5662363,2082997,1998,1998-07-20T16:15:00,1998-07-20T17:30:00,CST,1.25,55,55027,C,027,DODGE,0,0,0,0,,,,0,,0,1,begin_coordinates_missing_or_invalid|county_code_unverified|damage_crops_missing|damage_property_missing|end_coordinates_missing_or_invalid|no_valid_location_points|timezone_not_normalized_to_utc
5662435,2082816,1998,1998-08-03T22:00:00,1998-08-04T02:00:00,EST,4.0,18,18045,C,045,FOUNTAIN,0,0,0,0,,,,0,,0,1,begin_coordinates_missing_or_invalid|county_code_unverified|damage_crops_missing|damage_property_missing|end_coordinates_missing_or_invalid|no_valid_location_points|timezone_not_normalized_to_utc
5662436,2082816,1998,1998-08-03T22:00:00,1998-08-04T02:00:00,EST,4.0,18,18165,C,165,VERMILLION,0,0,0,0,,,,0,,0,1,begin_coordinates_missing_or_invalid|county_code_unverified|damage_crops_missing|damage_property_missing|end_coordinates_missing_or_invalid|no_valid_location_points|timezone_not_normalized_to_utc
5662437,2082816,1998,1998-08-03T22:00:00,1998-08-04T02:00:00,EST,4.0,18,18171,C,171,WARREN,0,0,0,0,,,,0,,0,1,begin_coordinates_missing_or_invalid|county_code_unverified|damage_crops_missing|damage_property_missing|end_coordinates_missing_or_invalid|no_valid_location_points|timezone_not_normalized_to_utc
5662438,2082817,1998,1998-08-06T00:00:00,1998-08-12T07:00:00,EST,151.0,18,,Z,035,FOUNTAIN,0,0,0,0,,,,0,,0,1,begin_coordinates_missing_or_invalid|damage_crops_missing|damage_property_missing|end_coordinates_missing_or_invalid|no_valid_location_points|requires_crosswalk_or_marine_review|timezone_not_normalized_to_utc
5662439,2082817,1998,1998-08-09T07:00:00,1998-08-12T07:00:00,EST,72.0,18,,Z,067,KNOX,0,0,0,0,,,,0,,0,1,begin_coordinates_missing_or_invalid|damage_crops_missing|damage_property_missing|end_coordinates_missing_or_invalid|no_valid_location_points|requires_crosswalk_or_marine_review|timezone_not_normalized_to_utc
5662440,2082817,1998,1998-08-07T00:00:00,1998-08-13T07:00:00,EST,151.0,18,,Z,044,PARKE,0,0,0,0,,,,0,,0,1,begin_coordinates_missing_or_invalid|damage_crops_missing|damage_property_missing|end_coordinates_missing_or_invalid|no_valid_location_points|requires_crosswalk_or_marine_review|timezone_not_normalized_to_utc
5662441,2082817,1998,1998-08-09T07:00:00,1998-08-15T07:00:00,EST,144.0,18,,Z,060,SULLIVAN,0,0,0,0,,,,0,,0,1,begin_coordinates_missing_or_invalid|damage_crops_missing|damage_property_missing|end_coordinates_missing_or_invalid|no_valid_location_points|requires_crosswalk_or_marine_review|timezone_not_normalized_to_utc
5662442,2082817,1998,1998-08-06T00:00:00,1998-08-11T07:00:00,EST,127.0,18,,Z,029,TIPPECANOE,0,0,0,0,,,,0,,0,1,begin_coordinates_missing_or_invalid|damage_crops_missing|damage_property_missing|end_coordinates_missing_or_invalid|no_valid_location_points|requires_crosswalk_or_marine_review|timezone_not_normalized_to_utc
5662443,2082817,1998,1998-08-07T00:00:00,1998-08-13T07:00:00,EST,151.0,18,,Z,043,VERMILLION,0,0,0,0,,,,0,,0,1,begin_coordinates_missing_or_invalid|damage_crops_missing|damage_property_missing|end_coordinates_missing_or_invalid|no_valid_location_points|requires_crosswalk_or_marine_review|timezone_not_normalized_to_utc
5662444,2082817,1998,1998-08-08T07:00:00,1998-08-14T07:00:00,EST,144.0,18,,Z,051,VIGO,0,0,0,0,,,,0,,0,1,begin_coordinates_missing_or_invalid|damage_crops_missing|damage_property_missing|end_coordinates_missing_or_invalid|no_valid_location_points|requires_crosswalk_or_marine_review|timezone_not_normalized_to_utc
5662445,2082817,1998,1998-08-06T00:00:00,1998-08-12T07:00:00,EST,151.0,18,,Z,028,WARREN,0,0,0,0,,,,0,,0,1,begin_coordinates_missing_or_invalid|damage_crops_missing|damage_property_missing|end_coordinates_missing_or_invalid|no_valid_location_points|requires_crosswalk_or_marine_review|timezone_not_normalized_to_utc
5662480,1066473,1998,1998-07-04T16:15:00,1998-07-04T18:15:00,MST,2.0,08,08123,C,123,WELD,0,0,0,0,0,,,0,,0,1,begin_coordinates_missing_or_invalid|county_code_unverified|damage_crops_missing|end_coordinates_missing_or_invalid|no_valid_location_points|timezone_not_normalized_to_utc
5662481,1066474,1998,1998-07-08T20:00:00,1998-07-08T21:15:00,MST,1.25,08,08031,C,031,DENVER,0,0,0,0,,0,,0,,0,1,begin_coordinates_missing_or_invalid|county_code_unverified|damage_property_missing|end_coordinates_missing_or_invalid|no_valid_location_points|timezone_not_normalized_to_utc
5662498,2082763,1998,1998-08-19T19:00:00,1998-08-19T19:20:00,MST,0.3333333333333333,56,56033,C,033,SHERIDAN,0,0,0,0,20000,,,0,,0,1,begin_coordinates_missing_or_invalid|county_code_unverified|damage_crops_missing|end_coordinates_missing_or_invalid|no_valid_location_points|timezone_not_normalized_to_utc
5662761,2083102,1998,1998-07-26T12:00:00,1998-07-27T16:00:00,CST,28.0,29,,Z,055,BENTON,0,0,0,0,27000,,,0,,0,1,begin_coordinates_missing_or_invalid|damage_crops_missing|end_coordinates_missing_or_invalid|no_valid_location_points|requires_crosswalk_or_marine_review|timezone_not_normalized_to_utc
5662762,2083102,1998,1998-07-26T06:20:00,1998-07-27T21:00:00,CST,38.666666666666664,29,,Z,083,DENT,0,0,0,0,124000,,,0,,0,1,begin_coordinates_missing_or_invalid|damage_crops_missing|end_coordinates_missing_or_invalid|no_valid_location_points|requires_crosswalk_or_marine_review|timezone_not_normalized_to_utc
5662763,2083102,1998,1998-07-26T06:00:00,1998-07-27T21:00:00,CST,39.0,29,,Z,058,MARIES,0,0,0,0,419000,,,0,,0,1,begin_coordinates_missing_or_invalid|damage_crops_missing|end_coordinates_missing_or_invalid|no_valid_location_points|requires_crosswalk_or_marine_review|timezone_not_normalized_to_utc
5662764,2083102,1998,1998-07-26T04:00:00,1998-07-27T21:00:00,CST,41.0,29,,Z,057,MILLER,0,0,0,0,456000,4200000.0,,0,,0,1,begin_coordinates_missing_or_invalid|end_coordinates_missing_or_invalid|no_valid_location_points|requires_crosswalk_or_marine_review|timezone_not_normalized_to_utc
5662765,2083102,1998,1998-07-26T03:30:00,1998-07-30T07:00:00,CST,99.5,29,,Z,056,MORGAN,0,0,0,0,1100000.0,2000000,,0,,0,1,begin_coordinates_missing_or_invalid|end_coordinates_missing_or_invalid|no_valid_location_points|requires_crosswalk_or_marine_review|timezone_not_normalized_to_utc
5662766,2083102,1998,1998-07-26T04:00:00,1998-07-27T21:00:00,CST,41.0,29,,Z,071,PHELPS,0,0,0,0,36000,3000,,0,,0,1,begin_coordinates_missing_or_invalid|end_coordinates_missing_or_invalid|no_valid_location_points|requires_crosswalk_or_marine_review|timezone_not_normalized_to_utc
5662767,2083102,1998,1998-07-29T07:00:00,1998-07-30T07:00:00,CST,24.0,29,,Z,098,SHANNON,0,0,0,0,142000,3500.0,,0,,0,1,begin_coordinates_missing_or_invalid|end_coordinates_missing_or_invalid|no_valid_location_points|requires_crosswalk_or_marine_review|timezone_not_normalized_to_utc
5662768,2083102,1998,1998-07-26T03:00:00,1998-07-27T16:00:00,CST,37.0,29,,Z,069,CAMDEN,0,0,0,0,,,,0,,0,1,begin_coordinates_missing_or_invalid|damage_crops_missing|damage_property_missing|end_coordinates_missing_or_invalid|no_valid_location_points|requires_crosswalk_or_marine_review|timezone_not_normalized_to_utc
5662769,2083102,1998,1998-07-27T06:30:00,1998-07-27T16:00:00,CST,9.5,29,,Z,068,HICKORY,0,0,0,0,,,,0,,0,1,begin_coordinates_missing_or_invalid|damage_crops_missing|damage_property_missing|end_coordinates_missing_or_invalid|no_valid_location_points|requires_crosswalk_or_marine_review|timezone_not_normalized_to_utc
5662770,2083102,1998,1998-07-27T05:00:00,1998-07-27T21:00:00,CST,16.0,29,,Z,070,PULASKI,0,0,0,0,,,,0,,0,1,begin_coordinates_missing_or_invalid|damage_crops_missing|damage_property_missing|end_coordinates_missing_or_invalid|no_valid_location_points|requires_crosswalk_or_marine_review|timezone_not_normalized_to_utc
5662797,2082574,1998,1998-07-08T12:30:00,1998-07-09T03:00:00,EST,14.5,36,,Z,012,WYOMING,0,0,2,0,500000.0,,,2,,0,1,begin_coordinates_missing_or_invalid|damage_crops_missing|end_coordinates_missing_or_invalid|no_valid_location_points|requires_crosswalk_or_marine_review|timezone_not_normalized_to_utc
5662798,2082574,1998,1998-07-08T13:00:00,1998-07-08T22:00:00,EST,9.0,36,,Z,011,GENESEE,0,0,0,0,100000,,,0,,0,1,begin_coordinates_missing_or_invalid|damage_crops_missing|end_coordinates_missing_or_invalid|no_valid_location_points|requires_crosswalk_or_marine_review|timezone_not_normalized_to_utc
5662800,2082574,1998,1998-07-08T13:35:00,1998-07-08T19:30:00,EST,5.916666666666667,36,,Z,010,ERIE,0,0,0,0,50000,,,0,,0,1,begin_coordinates_missing_or_invalid|damage_crops_missing|end_coordinates_missing_or_invalid|no_valid_location_points|requires_crosswalk_or_marine_review|timezone_not_normalized_to_utc
5662805,2082574,1998,1998-07-08T20:00:00,1998-07-09T02:00:00,EST,6.0,36,,Z,012,WYOMING,0,0,0,0,500000.0,100000,,0,,0,1,begin_coordinates_missing_or_invalid|end_coordinates_missing_or_invalid|no_valid_location_points|requires_crosswalk_or_marine_review|timezone_not_normalized_to_utc
5662806,2082574,1998,1998-07-08T22:30:00,1998-07-09T04:00:00,EST,5.5,36,,Z,011,GENESEE,0,0,0,0,150000,,,0,,0,1,begin_coordinates_missing_or_invalid|damage_crops_missing|end_coordinates_missing_or_invalid|no_valid_location_points|requires_crosswalk_or_marine_review|timezone_not_normalized_to_utc
5662807,2082574,1998,1998-07-09T05:00:00,1998-07-10T07:30:00,EST,26.5,36,,Z,011,GENESEE,0,0,0,0,75000,,,0,,0,1,begin_coordinates_missing_or_invalid|damage_crops_missing|end_coordinates_missing_or_invalid|no_valid_location_points|requires_crosswalk_or_marine_review|timezone_not_normalized_to_utc
5662808,2082574,1998,1998-07-09T06:45:00,1998-07-09T14:00:00,EST,7.25,36,,Z,012,WYOMING,0,0,0,0,250000,,,0,,0,1,begin_coordinates_missing_or_invalid|damage_crops_missing|end_coordinates_missing_or_invalid|no_valid_location_points|requires_crosswalk_or_marine_review|timezone_not_normalized_to_utc
5662809,2082574,1998,1998-07-09T20:30:00,1998-07-10T16:00:00,EST,19.5,36,,Z,010,ERIE,0,0,0,0,25000,,,0,,0,1,begin_coordinates_missing_or_invalid|damage_crops_missing|end_coordinates_missing_or_invalid|no_valid_location_points|requires_crosswalk_or_marine_review|timezone_not_normalized_to_utc
5662810,2082574,1998,1998-07-09T20:00:00,1998-07-10T05:00:00,EST,9.0,36,,Z,010,ERIE,0,0,0,0,25000,,,0,,0,1,begin_coordinates_missing_or_invalid|damage_crops_missing|end_coordinates_missing_or_invalid|no_valid_location_points|requires_crosswalk_or_marine_review|timezone_not_normalized_to_utc
5662983,2083070,1998,1998-07-26T18:00:00,1998-07-26T21:00:00,MST,3.0,08,08009,C,009,BACA,0,0,0,0,,,,0,,0,1,begin_coordinates_missing_or_invalid|county_code_unverified|damage_crops_missing|damage_property_missing|end_coordinates_missing_or_invalid|no_valid_location_points|timezone_not_normalized_to_utc
5663061,2082873,1998,1998-07-30T20:30:00,1998-07-30T21:30:00,EST,1.0,24,24510,C,510,BALTIMORE CITY (C),0,0,0,0,8000,,,0,,0,1,begin_coordinates_missing_or_invalid|county_code_unverified|damage_crops_missing|end_coordinates_missing_or_invalid|no_valid_location_points|timezone_not_normalized_to_utc
5663114,2082621,1998,1998-08-03T23:00:00,1998-08-04T06:00:00,CST,7.0,17,17043,C,043,DU PAGE,0,0,0,0,,,,0,,0,1,begin_coordinates_missing_or_invalid|county_code_unverified|damage_crops_missing|damage_property_missing|end_coordinates_missing_or_invalid|no_valid_location_points|timezone_not_normalized_to_utc
5663115,2082621,1998,1998-08-03T23:00:00,1998-08-04T06:00:00,CST,7.0,17,17031,C,031,COOK,0,0,0,0,,,,0,,0,1,begin_coordinates_missing_or_invalid|county_code_unverified|damage_crops_missing|damage_property_missing|end_coordinates_missing_or_invalid|no_valid_location_points|timezone_not_normalized_to_utc
5663116,2082621,1998,1998-08-03T23:00:00,1998-08-04T06:00:00,CST,7.0,17,17197,C,197,WILL,0,0,0,0,,,,0,,0,1,begin_coordinates_missing_or_invalid|county_code_unverified|damage_crops_missing|damage_property_missing|end_coordinates_missing_or_invalid|no_valid_location_points|timezone_not_normalized_to_utc
5663117,2082621,1998,1998-08-03T23:00:00,1998-08-04T06:00:00,CST,7.0,17,17091,C,091,KANKAKEE,0,0,0,0,,,,0,,0,1,begin_coordinates_missing_or_invalid|county_code_unverified|damage_crops_missing|damage_property_missing|end_coordinates_missing_or_invalid|no_valid_location_points|timezone_not_normalized_to_utc
5663118,1066543,1998,1998-08-04T11:00:00,1998-08-04T17:00:00,CST,6.0,17,17089,C,089,KANE,0,0,0,0,,,,0,,0,1,begin_coordinates_missing_or_invalid|county_code_unverified|damage_crops_missing|damage_property_missing|end_coordinates_missing_or_invalid|no_valid_location_points|timezone_not_normalized_to_utc
5663119,1066543,1998,1998-08-04T11:00:00,1998-08-04T17:00:00,CST,6.0,17,17043,C,043,DU PAGE,0,0,0,0,,,,0,,0,1,begin_coordinates_missing_or_invalid|county_code_unverified|damage_crops_missing|damage_property_missing|end_coordinates_missing_or_invalid|no_valid_location_points|timezone_not_normalized_to_utc
5663120,1066543,1998,1998-08-04T11:00:00,1998-08-04T17:00:00,CST,6.0,17,17031,C,031,COOK,0,0,1,0,,,,1,,0,1,begin_coordinates_missing_or_invalid|county_code_unverified|damage_crops_missing|damage_property_missing|end_coordinates_missing_or_invalid|no_valid_location_points|timezone_not_normalized_to_utc
5663181,2082794,1998,1998-05-23T23:37:00,1998-05-24T02:30:00,CST,2.8833333333333333,17,17067,C,067,HANCOCK,0,0,0,0,,,,0,,0,1,begin_coordinates_missing_or_invalid|county_code_unverified|damage_crops_missing|damage_property_missing|end_coordinates_missing_or_invalid|no_valid_location_points|timezone_not_normalized_to_utc
5663182,2082795,1998,1998-05-23T23:37:00,1998-05-24T02:30:00,CST,2.8833333333333333,19,19111,C,111,LEE,0,0,0,0,,,,0,,0,1,begin_coordinates_missing_or_invalid|county_code_unverified|damage_crops_missing|damage_property_missing|end_coordinates_missing_or_invalid|no_valid_location_points|timezone_not_normalized_to_utc
5663388,1066578,1998,1998-07-30T09:00:00,1998-07-30T12:00:00,CST,3.0,17,17119,C,119,MADISON,0,0,0,0,,,,0,,0,1,begin_coordinates_missing_or_invalid|county_code_unverified|damage_crops_missing|damage_property_missing|end_coordinates_missing_or_invalid|no_valid_location_points|timezone_not_normalized_to_utc
5663389,1066578,1998,1998-07-30T09:00:00,1998-07-30T12:00:00,CST,3.0,17,17163,C,163,ST. CLAIR,0,0,0,0,,,,0,,0,1,begin_coordinates_missing_or_invalid|county_code_unverified|damage_crops_missing|damage_property_missing|end_coordinates_missing_or_invalid|no_valid_location_points|timezone_not_normalized_to_utc
5663416,2082799,1998,1998-07-07T03:00:00,1998-07-07T04:30:00,CST,1.5,27,27005,C,005,BECKER,0,0,0,0,25000,,,0,,0,1,begin_coordinates_missing_or_invalid|county_code_unverified|damage_crops_missing|end_coordinates_missing_or_invalid|no_valid_location_points|timezone_not_normalized_to_utc
5663467,2082961,1998,1998-07-29T15:00:00,1998-07-29T15:00:00,CST,0.0,05,05145,C,145,WHITE,0,0,0,0,,,,0,,0,1,begin_coordinates_missing_or_invalid|county_code_unverified|damage_crops_missing|damage_property_missing|end_coordinates_missing_or_invalid|no_valid_location_points|timezone_not_normalized_to_utc
5663472,2082965,1998,1998-07-12T22:00:00,1998-07-12T22:00:00,CST,0.0,05,05103,C,103,OUACHITA,0,0,0,0,,,,0,,0,1,begin_coordinates_missing_or_invalid|county_code_unverified|damage_crops_missing|damage_property_missing|end_coordinates_missing_or_invalid|no_valid_location_points|timezone_not_normalized_to_utc
5663909,2084354,1998,1998-09-01T14:30:00,1998-09-01T15:00:00,MST,0.5,49,49021,C,021,IRON,0,0,0,0,2000,1000,,0,,0,1,begin_coordinates_missing_or_invalid|county_code_unverified|end_coordinates_missing_or_invalid|no_valid_location_points|timezone_not_normalized_to_utc
5663913,2148952,1998,1998-09-05T04:00:00,1998-09-05T15:00:00,MST,11.0,49,,Z,019,SC WASHINGTON,0,0,0,0,20000,5000,,0,,0,1,begin_coordinates_missing_or_invalid|end_coordinates_missing_or_invalid|no_valid_location_points|requires_crosswalk_or_marine_review|timezone_not_normalized_to_utc
5663914,2148952,1998,1998-09-05T04:00:00,1998-09-05T15:00:00,MST,11.0,49,,Z,020,KANE T X NW X E/SC GARFIELD,0,0,0,0,10000,2000,,0,,0,1,begin_coordinates_missing_or_invalid|end_coordinates_missing_or_invalid|no_valid_location_points|requires_crosswalk_or_marine_review|timezone_not_normalized_to_utc
5663915,2148952,1998,1998-09-05T04:00:00,1998-09-05T15:00:00,MST,11.0,49,,Z,021,SW SAN JUAN/X E KANE/SE GARFIELD,0,0,0,0,25000,4000,,0,,0,1,begin_coordinates_missing_or_invalid|end_coordinates_missing_or_invalid|no_valid_location_points|requires_crosswalk_or_marine_review|timezone_not_normalized_to_utc
5663916,2148952,1998,1998-09-05T04:00:00,1998-09-05T15:00:00,MST,11.0,49,,Z,017,X NW KANE/XS XE IRON/N W WASHINGTON/NW WC GARFIELD/PIUTE/W WAYNE/SEVIER T C/X E MILLARD/S SANPETE T SC/X SE JUAB/P X NW EMERY/X E BEAVER,0,0,0,0,15000,500.0,,0,,0,1,begin_coordinates_missing_or_invalid|end_coordinates_missing_or_invalid|no_valid_location_points|requires_crosswalk_or_marine_review|timezone_not_normalized_to_utc
5663931,2084434,1998,1998-09-14T17:00:00,1998-09-17T02:00:00,CST,57.0,40,,Z,058,OTTAWA,0,0,0,0,,,,0,,0,1,begin_coordinates_missing_or_invalid|damage_crops_missing|damage_property_missing|end_coordinates_missing_or_invalid|no_valid_location_points|requires_crosswalk_or_marine_review|timezone_not_normalized_to_utc
5663936,2148991,1998,1998-08-07T19:00:00,1998-08-07T21:00:00,AST,2.0,99,,C,097,MAYAGUEZ,0,0,0,0,,,,0,,0,1,begin_coordinates_missing_or_invalid|damage_crops_missing|damage_property_missing|end_coordinates_missing_or_invalid|no_valid_location_points|requires_crosswalk_or_marine_review|timezone_not_normalized_to_utc
5663940,1068638,1998,1998-08-12T13:00:00,1998-08-12T15:00:00,AST,2.0,99,,C,127,SAN JUAN,0,0,0,0,,,,0,,0,1,begin_coordinates_missing_or_invalid|damage_crops_missing|damage_property_missing|end_coordinates_missing_or_invalid|no_valid_location_points|requires_crosswalk_or_marine_review|timezone_not_normalized_to_utc
5663941,1068639,1998,1998-08-12T14:00:00,1998-08-12T16:00:00,AST,2.0,99,,C,005,AGUADILLA,0,0,0,0,,,,0,,0,1,begin_coordinates_missing_or_invalid|damage_crops_missing|damage_property_missing|end_coordinates_missing_or_invalid|no_valid_location_points|requires_crosswalk_or_marine_review|timezone_not_normalized_to_utc
5663972,2149152,1998,1998-08-25T16:00:00,1998-08-27T03:00:00,EST,35.0,39,,Z,009,ERIE,0,0,0,0,500000,,,0,,0,1,begin_coordinates_missing_or_invalid|damage_crops_missing|end_coordinates_missing_or_invalid|no_valid_location_points|requires_crosswalk_or_marine_review|timezone_not_normalized_to_utc
5663973,1069112,1998,1998-08-25T17:00:00,1998-08-29T11:00:00,EST,90.0,39,,Z,008,SANDUSKY,0,0,0,0,50000,,,0,,0,1,begin_coordinates_missing_or_invalid|damage_crops_missing|end_coordinates_missing_or_invalid|no_valid_location_points|requires_crosswalk_or_marine_review|timezone_not_normalized_to_utc
5663974,2084719,1998,1998-08-26T03:00:00,1998-08-27T01:00:00,EST,22.0,39,,Z,006,WOOD,0,0,0,0,75000,,,0,,0,1,begin_coordinates_missing_or_invalid|damage_crops_missing|end_coordinates_missing_or_invalid|no_valid_location_points|requires_crosswalk_or_marine_review|timezone_not_normalized_to_utc
5663976,2084721,1998,1998-08-26T05:15:00,1998-08-27T03:00:00,EST,21.75,39,,Z,019,HURON,0,0,0,0,50000,,,0,,0,1,begin_coordinates_missing_or_invalid|damage_crops_missing|end_coordinates_missing_or_invalid|no_valid_location_points|requires_crosswalk_or_marine_review|timezone_not_normalized_to_utc
5663978,1069117,1998,1998-08-25T21:00:00,1998-08-26T09:00:00,EST,12.0,39,,Z,003,LUCAS,0,0,0,0,,,,0,,0,1,begin_coordinates_missing_or_invalid|damage_crops_missing|damage_property_missing|end_coordinates_missing_or_invalid|no_valid_location_points|requires_crosswalk_or_marine_review|timezone_not_normalized_to_utc
5664004,1068650,1998,1998-08-09T14:30:00,1998-08-09T15:30:00,PST,1.0,06,06065,C,065,RIVERSIDE,0,0,0,0,,,,0,,0,1,begin_coordinates_missing_or_invalid|county_code_unverified|damage_crops_missing|damage_property_missing|end_coordinates_missing_or_invalid|no_valid_location_points|timezone_not_normalized_to_utc
5664005,2148998,1998,1998-08-11T13:00:00,1998-08-11T14:00:00,PST,1.0,06,06071,C,071,SAN BERNARDINO,0,0,0,0,,,,0,,0,1,begin_coordinates_missing_or_invalid|county_code_unverified|damage_crops_missing|damage_property_missing|end_coordinates_missing_or_invalid|no_valid_location_points|timezone_not_normalized_to_utc
5664014,2084442,1998,1998-08-13T13:15:00,1998-08-13T14:15:00,PST,1.0,06,06071,C,071,SAN BERNARDINO,0,0,0,0,,,,0,,0,1,begin_coordinates_missing_or_invalid|county_code_unverified|damage_crops_missing|damage_property_missing|end_coordinates_missing_or_invalid|no_valid_location_points|timezone_not_normalized_to_utc
5664018,2149002,1998,1998-08-31T14:45:00,1998-08-31T15:30:00,PST,0.75,06,06065,C,065,RIVERSIDE,0,0,0,0,,,,0,,0,1,begin_coordinates_missing_or_invalid|county_code_unverified|damage_crops_missing|damage_property_missing|end_coordinates_missing_or_invalid|no_valid_location_points|timezone_not_normalized_to_utc
5664024,2149002,1998,1998-08-31T17:00:00,1998-08-31T18:00:00,PST,1.0,06,06071,C,071,SAN BERNARDINO,0,0,0,0,,,,0,,0,1,begin_coordinates_missing_or_invalid|county_code_unverified|damage_crops_missing|damage_property_missing|end_coordinates_missing_or_invalid|no_valid_location_points|timezone_not_normalized_to_utc
5664044,1069119,1998,1998-08-26T05:15:00,1998-08-26T17:00:00,EST,11.75,39,,Z,019,HURON,0,0,0,0,75000,,,0,,0,1,begin_coordinates_missing_or_invalid|damage_crops_missing|end_coordinates_missing_or_invalid|no_valid_location_points|requires_crosswalk_or_marine_review|timezone_not_normalized_to_utc
5664063,2084409,1998,1998-08-24T17:30:00,1998-08-24T18:15:00,MST,0.75,04,04021,C,021,PINAL,0,0,0,0,,,,0,,0,1,begin_coordinates_missing_or_invalid|county_code_unverified|damage_crops_missing|damage_property_missing|end_coordinates_missing_or_invalid|no_valid_location_points|timezone_not_normalized_to_utc
5664119,2084600,1998,1998-08-07T15:30:00,1998-08-07T16:00:00,CST,0.5,28,28049,C,049,HINDS,0,0,0,0,,,,0,,0,1,begin_coordinates_missing_or_invalid|county_code_unverified|damage_crops_missing|damage_property_missing|end_coordinates_missing_or_invalid|no_valid_location_points|timezone_not_normalized_to_utc
5664166,2084374,1998,1998-08-12T16:00:00,1998-08-12T18:00:00,EST,2.0,12,12071,C,071,LEE,0,0,0,0,5000,0,,0,,0,1,begin_coordinates_missing_or_invalid|county_code_unverified|end_coordinates_missing_or_invalid|no_valid_location_points|timezone_not_normalized_to_utc
5664244,2084390,1998,1998-08-20T13:30:00,1998-08-20T14:30:00,EST,1.0,12,12055,C,055,HIGHLANDS,0,0,0,0,2000,0,,0,,0,1,begin_coordinates_missing_or_invalid|county_code_unverified|end_coordinates_missing_or_invalid|no_valid_location_points|timezone_not_normalized_to_utc
5664322,2148965,1998,1998-08-22T14:00:00,1998-08-22T16:00:00,EST,2.0,12,12103,C,103,PINELLAS,0,0,0,0,10000,0,,0,,0,1,begin_coordinates_missing_or_invalid|county_code_unverified|end_coordinates_missing_or_invalid|no_valid_location_points|timezone_not_normalized_to_utc
5664324,2084393,1998,1998-08-27T19:15:00,1998-08-27T20:30:00,EST,1.25,12,12015,C,015,CHARLOTTE,0,0,0,0,5000,0,,0,,0,1,begin_coordinates_missing_or_invalid|county_code_unverified|end_coordinates_missing_or_invalid|no_valid_location_points|timezone_not_normalized_to_utc
5664325,1068561,1998,1998-08-28T20:00:00,1998-08-28T21:30:00,EST,1.5,12,12105,C,105,POLK,0,0,0,0,2000,0,,0,,0,1,begin_coordinates_missing_or_invalid|county_code_unverified|end_coordinates_missing_or_invalid|no_valid_location_points|timezone_not_normalized_to_utc
5664415,2402804,1998,1998-08-09T07:00:00,1998-08-09T09:00:00,CST,2.0,20,20059,C,059,FRANKLIN,0,0,0,0,,,,0,,0,1,begin_coordinates_missing_or_invalid|county_code_unverified|damage_crops_missing|damage_property_missing|end_coordinates_missing_or_invalid|no_valid_location_points|timezone_not_normalized_to_utc
5664416,2402804,1998,1998-08-09T08:22:00,1998-08-09T08:22:00,CST,0.0,20,20003,C,003,ANDERSON,0,0,0,0,,,,0,,0,1,begin_coordinates_missing_or_invalid|county_code_unverified|damage_crops_missing|damage_property_missing|end_coordinates_missing_or_invalid|no_valid_location_points|timezone_not_normalized_to_utc
5664438,2084471,1998,1998-07-01T00:00:00,1998-07-04T14:00:00,EST,86.0,39,,Z,058,GUERNSEY,0,0,0,0,,,,0,,0,1,begin_coordinates_missing_or_invalid|damage_crops_missing|damage_property_missing|end_coordinates_missing_or_invalid|no_valid_location_points|requires_crosswalk_or_marine_review|timezone_not_normalized_to_utc
5664444,2149034,1998,1998-08-03T17:30:00,1998-08-03T19:30:00,CST,2.0,17,17191,C,191,WAYNE,0,0,0,0,,,,0,,0,1,begin_coordinates_missing_or_invalid|county_code_unverified|damage_crops_missing|damage_property_missing|end_coordinates_missing_or_invalid|no_valid_location_points|timezone_not_normalized_to_utc
5664445,2149035,1998,1998-08-05T20:45:00,1998-08-05T22:15:00,CST,1.5,29,29181,C,181,RIPLEY,0,0,0,0,,,,0,,0,1,begin_coordinates_missing_or_invalid|county_code_unverified|damage_crops_missing|damage_property_missing|end_coordinates_missing_or_invalid|no_valid_location_points|timezone_not_normalized_to_utc
5664446,1068726,1998,1998-08-06T13:00:00,1998-08-06T14:15:00,CST,1.25,18,18163,C,163,VANDERBURGH,0,0,0,0,,,,0,,0,1,begin_coordinates_missing_or_invalid|county_code_unverified|damage_crops_missing|damage_property_missing|end_coordinates_missing_or_invalid|no_valid_location_points|timezone_not_normalized_to_utc
5664447,2149036,1998,1998-08-07T10:00:00,1998-08-07T11:45:00,CST,1.75,21,21145,C,145,MCCRACKEN,0,0,0,0,,,,0,,0,1,begin_coordinates_missing_or_invalid|county_code_unverified|damage_crops_missing|damage_property_missing|end_coordinates_missing_or_invalid|no_valid_location_points|timezone_not_normalized_to_utc
5664448,1068728,1998,1998-08-06T16:30:00,1998-08-07T19:00:00,CST,26.5,18,18173,C,173,WARRICK,0,0,0,0,,,,0,,0,1,begin_coordinates_missing_or_invalid|county_code_unverified|damage_crops_missing|damage_property_missing|end_coordinates_missing_or_invalid|no_valid_location_points|timezone_not_normalized_to_utc
5664449,2084477,1998,1998-08-07T10:00:00,1998-08-07T11:45:00,CST,1.75,17,17127,C,127,MASSAC,0,0,0,0,,,,0,,0,1,begin_coordinates_missing_or_invalid|county_code_unverified|damage_crops_missing|damage_property_missing|end_coordinates_missing_or_invalid|no_valid_location_points|timezone_not_normalized_to_utc
5664462,2084634,1998,1998-08-06T11:20:00,1998-08-06T12:30:00,MST,1.1666666666666667,04,04017,C,017,NAVAJO,0,0,0,0,0,0,,0,,0,1,begin_coordinates_missing_or_invalid|county_code_unverified|end_coordinates_missing_or_invalid|no_valid_location_points|timezone_not_normalized_to_utc
5664494,2084398,1998,1998-09-24T04:00:00,1998-09-24T08:00:00,CST,4.0,20,20111,C,111,LYON,0,0,0,0,,,,0,,0,1,begin_coordinates_missing_or_invalid|county_code_unverified|damage_crops_missing|damage_property_missing|end_coordinates_missing_or_invalid|no_valid_location_points|timezone_not_normalized_to_utc
5664495,2084398,1998,1998-09-24T06:00:00,1998-09-24T10:00:00,CST,4.0,20,20003,C,003,ANDERSON,0,0,0,0,20000,,,0,,0,1,begin_coordinates_missing_or_invalid|county_code_unverified|damage_crops_missing|end_coordinates_missing_or_invalid|no_valid_location_points|timezone_not_normalized_to_utc
5664511,2084406,1998,1998-08-16T18:10:00,1998-08-16T18:45:00,MST,0.5833333333333334,04,04019,C,019,PIMA,0,0,0,0,,,,0,,0,1,begin_coordinates_missing_or_invalid|county_code_unverified|damage_crops_missing|damage_property_missing|end_coordinates_missing_or_invalid|no_valid_location_points|timezone_not_normalized_to_utc
5664514,2084407,1998,1998-08-17T18:00:00,1998-08-17T18:30:00,MST,0.5,04,04019,C,019,PIMA,0,0,0,0,,,,0,,0,1,begin_coordinates_missing_or_invalid|county_code_unverified|damage_crops_missing|damage_property_missing|end_coordinates_missing_or_invalid|no_valid_location_points|timezone_not_normalized_to_utc
5664518,2084481,1998,1998-08-11T22:15:00,1998-08-11T23:15:00,CST,1.0,29,29143,C,143,NEW MADRID,0,0,0,0,,,,0,,0,1,begin_coordinates_missing_or_invalid|county_code_unverified|damage_crops_missing|damage_property_missing|end_coordinates_missing_or_invalid|no_valid_location_points|timezone_not_normalized_to_utc
5664532,2084642,1998,1998-08-24T14:34:00,1998-08-24T16:00:00,MST,1.4333333333333333,04,04025,C,025,YAVAPAI,0,0,0,0,0,0,,0,,0,1,begin_coordinates_missing_or_invalid|county_code_unverified|end_coordinates_missing_or_invalid|no_valid_location_points|timezone_not_normalized_to_utc
5664536,2084643,1998,1998-08-30T17:15:00,1998-08-30T18:30:00,MST,1.25,04,04025,C,025,YAVAPAI,0,0,0,0,0,0,,0,,0,1,begin_coordinates_missing_or_invalid|county_code_unverified|end_coordinates_missing_or_invalid|no_valid_location_points|timezone_not_normalized_to_utc
5664579,2084409,1998,1998-08-24T13:00:00,1998-08-24T13:30:00,MST,0.5,04,04003,C,003,COCHISE,0,0,0,0,,,,0,,0,1,begin_coordinates_missing_or_invalid|county_code_unverified|damage_crops_missing|damage_property_missing|end_coordinates_missing_or_invalid|no_valid_location_points|timezone_not_normalized_to_utc
5664597,2084489,1998,1998-08-05T02:00:00,1998-08-05T08:00:00,CST,6.0,55,55105,C,105,ROCK,0,0,0,0,,,,0,,0,1,begin_coordinates_missing_or_invalid|county_code_unverified|damage_crops_missing|damage_property_missing|end_coordinates_missing_or_invalid|no_valid_location_points|timezone_not_normalized_to_utc
5664601,2149039,1998,1998-08-05T10:00:00,1998-08-05T13:00:00,CST,3.0,55,55079,C,079,MILWAUKEE,0,0,0,0,20000,,,0,,0,1,begin_coordinates_missing_or_invalid|county_code_unverified|damage_crops_missing|end_coordinates_missing_or_invalid|no_valid_location_points|timezone_not_normalized_to_utc
5664606,2149043,1998,1998-08-05T20:00:00,1998-08-05T23:00:00,CST,3.0,55,55127,C,127,WALWORTH,0,0,0,0,,,,0,,0,1,begin_coordinates_missing_or_invalid|county_code_unverified|damage_crops_missing|damage_property_missing|end_coordinates_missing_or_invalid|no_valid_location_points|timezone_not_normalized_to_utc
5664637,2149121,1998,1998-08-20T18:52:00,1998-08-20T22:30:00,CST,3.6333333333333333,17,17085,C,085,JO DAVIESS,0,0,0,0,,,,0,,0,1,begin_coordinates_missing_or_invalid|county_code_unverified|damage_crops_missing|damage_property_missing|end_coordinates_missing_or_invalid|no_valid_location_points|timezone_not_normalized_to_utc
5664804,2084297,1998,1998-01-11T15:00:00,1998-01-11T23:00:00,MST,8.0,49,49005,C,005,CACHE,0,0,0,0,30000,,,0,,0,1,begin_coordinates_missing_or_invalid|county_code_unverified|damage_crops_missing|end_coordinates_missing_or_invalid|no_valid_location_points|timezone_not_normalized_to_utc
5664842,2148970,1998,1998-08-26T20:00:00,1998-08-27T12:00:00,CST,16.0,46,,Z,003,CORSON,0,0,0,0,,,,0,,0,1,begin_coordinates_missing_or_invalid|damage_crops_missing|damage_property_missing|end_coordinates_missing_or_invalid|no_valid_location_points|requires_crosswalk_or_marine_review|timezone_not_normalized_to_utc
5664843,2148970,1998,1998-08-26T20:00:00,1998-08-27T12:00:00,CST,16.0,46,,Z,004,CAMPBELL,0,0,0,0,,,,0,,0,1,begin_coordinates_missing_or_invalid|damage_crops_missing|damage_property_missing|end_coordinates_missing_or_invalid|no_valid_location_points|requires_crosswalk_or_marine_review|timezone_not_normalized_to_utc
5664844,2148970,1998,1998-08-26T20:00:00,1998-08-27T12:00:00,CST,16.0,46,,Z,009,WALWORTH,0,0,0,0,,,,0,,0,1,begin_coordinates_missing_or_invalid|damage_crops_missing|damage_property_missing|end_coordinates_missing_or_invalid|no_valid_location_points|requires_crosswalk_or_marine_review|timezone_not_normalized_to_utc
5664978,2149057,1998,1998-08-12T02:40:00,1998-08-12T04:00:00,CST,1.3333333333333333,47,47113,C,113,MADISON,0,0,0,0,1000,,,0,,0,1,begin_coordinates_missing_or_invalid|county_code_unverified|damage_crops_missing|end_coordinates_missing_or_invalid|no_valid_location_points|timezone_not_normalized_to_utc
5664979,2149057,1998,1998-08-12T05:00:00,1998-08-12T07:00:00,CST,2.0,47,47095,C,095,LAKE,0,0,0,0,1000,,,0,,0,1,begin_coordinates_missing_or_invalid|county_code_unverified|damage_crops_missing|end_coordinates_missing_or_invalid|no_valid_location_points|timezone_not_normalized_to_utc
5664980,2149057,1998,1998-08-12T05:00:00,1998-08-12T07:00:00,CST,2.0,47,47131,C,131,OBION,0,0,0,0,1000,,,0,,0,1,begin_coordinates_missing_or_invalid|county_code_unverified|damage_crops_missing|end_coordinates_missing_or_invalid|no_valid_location_points|timezone_not_normalized_to_utc
5664985,2149061,1998,1998-08-14T09:20:00,1998-08-14T13:00:00,CST,3.6666666666666665,28,28137,C,137,TATE,0,0,0,0,1000,,,0,,0,1,begin_coordinates_missing_or_invalid|county_code_unverified|damage_crops_missing|end_coordinates_missing_or_invalid|no_valid_location_points|timezone_not_normalized_to_utc
5664986,2149061,1998,1998-08-14T10:00:00,1998-08-14T12:00:00,CST,2.0,28,28117,C,117,PRENTISS,0,0,0,0,1000,,,0,,0,1,begin_coordinates_missing_or_invalid|county_code_unverified|damage_crops_missing|end_coordinates_missing_or_invalid|no_valid_location_points|timezone_not_normalized_to_utc
5665030,2084662,1998,1998-08-22T03:05:00,1998-08-22T03:55:00,CST,0.8333333333333334,48,,Z,246,REFUGIO,0,0,0,0,,,,0,,0,1,begin_coordinates_missing_or_invalid|damage_crops_missing|damage_property_missing|end_coordinates_missing_or_invalid|no_valid_location_points|requires_crosswalk_or_marine_review|timezone_not_normalized_to_utc
5665032,2084662,1998,1998-08-22T04:30:00,1998-08-22T04:30:00,CST,0.0,48,,Z,246,REFUGIO,0,0,0,0,,,,0,,0,1,begin_coordinates_missing_or_invalid|damage_crops_missing|damage_property_missing|end_coordinates_missing_or_invalid|no_valid_location_points|requires_crosswalk_or_marine_review|timezone_not_normalized_to_utc
5665071,2084417,1998,1998-08-08T04:35:00,1998-08-08T04:35:00,MST,0.0,04,04015,C,015,MOHAVE,0,0,0,0,,,,0,,0,1,begin_coordinates_missing_or_invalid|county_code_unverified|damage_crops_missing|damage_property_missing|end_coordinates_missing_or_invalid|no_valid_location_points|timezone_not_normalized_to_utc
5665105,2084549,1998,1998-08-04T16:00:00,1998-08-04T16:00:00,CST,0.0,05,05103,C,103,OUACHITA,0,0,0,0,,,,0,,0,1,begin_coordinates_missing_or_invalid|county_code_unverified|damage_crops_missing|damage_property_missing|end_coordinates_missing_or_invalid|no_valid_location_points|timezone_not_normalized_to_utc
5665134,2084662,1998,1998-08-22T07:35:00,1998-08-22T07:35:00,CST,0.0,48,,Z,246,REFUGIO,0,0,0,0,,,,0,,0,1,begin_coordinates_missing_or_invalid|damage_crops_missing|damage_property_missing|end_coordinates_missing_or_invalid|no_valid_location_points|requires_crosswalk_or_marine_review|timezone_not_normalized_to_utc
5665135,2084662,1998,1998-08-22T09:00:00,1998-08-22T09:00:00,CST,0.0,48,,Z,231,LIVE OAK,0,0,0,0,,,,0,,0,1,begin_coordinates_missing_or_invalid|damage_crops_missing|damage_property_missing|end_coordinates_missing_or_invalid|no_valid_location_points|requires_crosswalk_or_marine_review|timezone_not_normalized_to_utc
5665310,2084013,1998,1998-08-01T00:00:00,1998-08-15T23:59:00,CST,359.98333333333335,38,,Z,026,NELSON,0,0,0,0,,,,0,,0,1,begin_coordinates_missing_or_invalid|damage_crops_missing|damage_property_missing|end_coordinates_missing_or_invalid|no_valid_location_points|requires_crosswalk_or_marine_review|timezone_not_normalized_to_utc
5665311,2084014,1998,1998-08-02T00:00:00,1998-08-31T23:59:00,CST,719.9833333333333,38,,Z,015,RAMSEY,0,0,0,0,,,,0,,0,1,begin_coordinates_missing_or_invalid|damage_crops_missing|damage_property_missing|end_coordinates_missing_or_invalid|no_valid_location_points|requires_crosswalk_or_marine_review|timezone_not_normalized_to_utc
5665312,2084014,1998,1998-08-02T00:00:00,1998-08-31T23:59:00,CST,719.9833333333333,38,,Z,014,BENSON,0,0,0,0,,,,0,,0,1,begin_coordinates_missing_or_invalid|damage_crops_missing|damage_property_missing|end_coordinates_missing_or_invalid|no_valid_location_points|requires_crosswalk_or_marine_review|timezone_not_normalized_to_utc
5665357,2083794,1998,1998-07-20T16:00:00,1998-07-20T18:30:00,EST,2.5,12,12015,C,015,CHARLOTTE,0,0,0,0,10000,0,,0,,0,1,begin_coordinates_missing_or_invalid|county_code_unverified|end_coordinates_missing_or_invalid|no_valid_location_points|timezone_not_normalized_to_utc
5665358,2083795,1998,1998-07-20T16:15:00,1998-07-20T19:00:00,EST,2.75,12,12071,C,071,LEE,0,0,0,0,0,0,,0,,0,1,begin_coordinates_missing_or_invalid|county_code_unverified|end_coordinates_missing_or_invalid|no_valid_location_points|timezone_not_normalized_to_utc
5665361,2083798,1998,1998-07-20T17:30:00,1998-07-20T19:00:00,EST,1.5,12,12103,C,103,PINELLAS,0,0,0,0,15000,0,,0,,0,1,begin_coordinates_missing_or_invalid|county_code_unverified|end_coordinates_missing_or_invalid|no_valid_location_points|timezone_not_normalized_to_utc
5665362,2083799,1998,1998-07-20T18:00:00,1998-07-20T19:30:00,EST,1.5,12,12057,C,057,HILLSBOROUGH,0,0,0,0,10000,0,,0,,0,1,begin_coordinates_missing_or_invalid|county_code_unverified|end_coordinates_missing_or_invalid|no_valid_location_points|timezone_not_normalized_to_utc
5665363,2083799,1998,1998-07-20T18:00:00,1998-07-20T19:30:00,EST,1.5,12,12101,C,101,PASCO,0,0,0,0,10000,0,,0,,0,1,begin_coordinates_missing_or_invalid|county_code_unverified|end_coordinates_missing_or_invalid|no_valid_location_points|timezone_not_normalized_to_utc
5665401,1068114,1998,1998-08-06T22:00:00,1998-08-07T02:00:00,CST,4.0,55,,Z,050,MANITOWOC,0,0,0,0,5000,,,0,,0,1,begin_coordinates_missing_or_invalid|damage_crops_missing|end_coordinates_missing_or_invalid|no_valid_location_points|requires_crosswalk_or_marine_review|timezone_not_normalized_to_utc
5665465,2083935,1998,1998-07-05T01:00:00,1998-07-05T04:00:00,CST,3.0,38,,Z,009,WILLIAMS,0,0,0,0,,,,0,,0,1,begin_coordinates_missing_or_invalid|damage_crops_missing|damage_property_missing|end_coordinates_missing_or_invalid|no_valid_location_points|requires_crosswalk_or_marine_review|timezone_not_normalized_to_utc
5665545,2084188,1998,1998-06-13T11:00:00,1998-06-13T13:00:00,EST,2.0,34,34019,C,019,HUNTERDON,0,0,0,0,,,,0,,0,1,begin_coordinates_missing_or_invalid|county_code_unverified|damage_crops_missing|damage_property_missing|end_coordinates_missing_or_invalid|no_valid_location_points|timezone_not_normalized_to_utc
5665546,2084188,1998,1998-06-13T12:00:00,1998-06-13T14:00:00,EST,2.0,34,34027,C,027,MORRIS,0,0,0,0,,,,0,,0,1,begin_coordinates_missing_or_invalid|county_code_unverified|damage_crops_missing|damage_property_missing|end_coordinates_missing_or_invalid|no_valid_location_points|timezone_not_normalized_to_utc
5665895,2148906,1998,1998-06-14T18:00:00,1998-06-14T19:00:00,CST,1.0,19,19113,C,113,LINN,0,0,0,0,2000,,,0,,0,1,begin_coordinates_missing_or_invalid|county_code_unverified|damage_crops_missing|end_coordinates_missing_or_invalid|no_valid_location_points|timezone_not_normalized_to_utc
5665915,2084060,1998,1998-08-25T22:58:00,1998-08-25T22:58:00,EST,0.0,12,,Z,024,NASSAU,0,0,0,0,10000,,,0,,0,1,begin_coordinates_missing_or_invalid|damage_crops_missing|end_coordinates_missing_or_invalid|no_valid_location_points|requires_crosswalk_or_marine_review|timezone_not_normalized_to_utc
5665933,2084261,1998,1998-08-16T20:15:00,1998-08-16T22:15:00,EST,2.0,37,37183,C,183,WAKE,0,0,0,0,40000,,,0,,0,1,begin_coordinates_missing_or_invalid|county_code_unverified|damage_crops_missing|end_coordinates_missing_or_invalid|no_valid_location_points|timezone_not_normalized_to_utc
5665934,2148938,1998,1998-08-08T02:30:00,1998-08-08T04:30:00,EST,2.0,37,37183,C,183,WAKE,0,0,0,0,20000,,,0,,0,1,begin_coordinates_missing_or_invalid|county_code_unverified|damage_crops_missing|end_coordinates_missing_or_invalid|no_valid_location_points|timezone_not_normalized_to_utc
5666043,2148891,1998,1998-05-29T16:00:00,1998-05-29T18:00:00,EST,2.0,42,,Z,032,FAYETTE,0,0,0,0,,,,0,,0,1,begin_coordinates_missing_or_invalid|damage_crops_missing|damage_property_missing|end_coordinates_missing_or_invalid|no_valid_location_points|requires_crosswalk_or_marine_review|timezone_not_normalized_to_utc
5666252,2084100,1998,1998-07-14T09:00:00,1998-07-14T10:30:00,CST,1.5,22,22103,C,103,ST. TAMMANY,0,0,0,0,,,,0,,0,1,begin_coordinates_missing_or_invalid|county_code_unverified|damage_crops_missing|damage_property_missing|end_coordinates_missing_or_invalid|no_valid_location_points|timezone_not_normalized_to_utc
5666352,2148916,1998,1998-08-12T14:40:00,1998-08-12T14:40:00,EST,0.0,12,12111,C,111,ST. LUCIE,0,0,0,0,,,,0,,0,1,begin_coordinates_missing_or_invalid|county_code_unverified|damage_crops_missing|damage_property_missing|end_coordinates_missing_or_invalid|no_valid_location_points|timezone_not_normalized_to_utc
5666365,1067782,1998,1998-07-04T19:00:00,1998-07-04T20:00:00,EST,1.0,12,12119,C,119,SUMTER,0,0,0,0,10000,0,,0,,0,1,begin_coordinates_missing_or_invalid|county_code_unverified|end_coordinates_missing_or_invalid|no_valid_location_points|timezone_not_normalized_to_utc
5666389,1067985,1998,1998-08-09T17:15:00,1998-08-09T18:00:00,CST,0.75,55,55063,C,063,LA CROSSE,0,0,0,0,,,,0,,0,1,begin_coordinates_missing_or_invalid|county_code_unverified|damage_crops_missing|damage_property_missing|end_coordinates_missing_or_invalid|no_valid_location_points|timezone_not_normalized_to_utc
5666492,2083979,1998,1998-07-21T22:57:00,1998-07-22T03:00:00,CST,4.05,17,17131,C,131,MERCER,0,0,0,0,,,,0,,0,1,begin_coordinates_missing_or_invalid|county_code_unverified|damage_crops_missing|damage_property_missing|end_coordinates_missing_or_invalid|no_valid_location_points|timezone_not_normalized_to_utc
5666493,2083979,1998,1998-07-21T22:57:00,1998-07-22T03:00:00,CST,4.05,17,17155,C,155,PUTNAM,0,0,0,0,,,,0,,0,1,begin_coordinates_missing_or_invalid|county_code_unverified|damage_crops_missing|damage_property_missing|end_coordinates_missing_or_invalid|no_valid_location_points|timezone_not_normalized_to_utc
5666494,2083979,1998,1998-07-21T22:57:00,1998-07-22T03:00:00,CST,4.05,17,17161,C,161,ROCK ISLAND,0,0,0,0,,,,0,,0,1,begin_coordinates_missing_or_invalid|county_code_unverified|damage_crops_missing|damage_property_missing|end_coordinates_missing_or_invalid|no_valid_location_points|timezone_not_normalized_to_utc
5666537,2083977,1998,1998-07-09T16:44:00,1998-07-09T18:30:00,CST,1.7666666666666666,19,19183,C,183,WASHINGTON,0,0,0,0,,,,0,,0,1,begin_coordinates_missing_or_invalid|county_code_unverified|damage_crops_missing|damage_property_missing|end_coordinates_missing_or_invalid|no_valid_location_points|timezone_not_normalized_to_utc
5666539,2083978,1998,1998-07-21T22:47:00,1998-07-22T03:00:00,CST,4.216666666666667,19,19107,C,107,KEOKUK,0,0,0,0,,,,0,,0,1,begin_coordinates_missing_or_invalid|county_code_unverified|damage_crops_missing|damage_property_missing|end_coordinates_missing_or_invalid|no_valid_location_points|timezone_not_normalized_to_utc
5666540,2083978,1998,1998-07-21T22:47:00,1998-07-22T03:00:00,CST,4.216666666666667,19,19115,C,115,LOUISA,0,0,0,0,,,,0,,0,1,begin_coordinates_missing_or_invalid|county_code_unverified|damage_crops_missing|damage_property_missing|end_coordinates_missing_or_invalid|no_valid_location_points|timezone_not_normalized_to_utc
5666541,2083978,1998,1998-07-21T22:47:00,1998-07-22T03:00:00,CST,4.216666666666667,19,19139,C,139,MUSCATINE,0,0,0,0,,,,0,,0,1,begin_coordinates_missing_or_invalid|county_code_unverified|damage_crops_missing|damage_property_missing|end_coordinates_missing_or_invalid|no_valid_location_points|timezone_not_normalized_to_utc
5666542,2083978,1998,1998-07-21T22:47:00,1998-07-22T03:00:00,CST,4.216666666666667,19,19183,C,183,WASHINGTON,0,0,0,0,,,,0,,0,1,begin_coordinates_missing_or_invalid|county_code_unverified|damage_crops_missing|damage_property_missing|end_coordinates_missing_or_invalid|no_valid_location_points|timezone_not_normalized_to_utc
5666543,2083979,1998,1998-07-21T22:57:00,1998-07-22T03:00:00,CST,4.05,17,17011,C,011,BUREAU,0,0,0,0,,,,0,,0,1,begin_coordinates_missing_or_invalid|county_code_unverified|damage_crops_missing|damage_property_missing|end_coordinates_missing_or_invalid|no_valid_location_points|timezone_not_normalized_to_utc
5666544,2083979,1998,1998-07-21T22:57:00,1998-07-22T03:00:00,CST,4.05,17,17073,C,073,HENRY,0,0,0,0,,,,0,,0,1,begin_coordinates_missing_or_invalid|county_code_unverified|damage_crops_missing|damage_property_missing|end_coordinates_missing_or_invalid|no_valid_location_points|timezone_not_normalized_to_utc
5666548,2083768,1998,1998-07-09T01:30:00,1998-07-09T04:00:00,EST,2.5,12,12101,C,101,PASCO,0,0,0,0,25000,0,,0,,0,1,begin_coordinates_missing_or_invalid|county_code_unverified|end_coordinates_missing_or_invalid|no_valid_location_points|timezone_not_normalized_to_utc
5666555,2083983,1998,1998-08-18T13:00:00,1998-08-19T18:00:00,CST,29.0,48,,Z,218,ZAVALA,5,0,0,0,15000,0,,0,,0,1,begin_coordinates_missing_or_invalid|end_coordinates_missing_or_invalid|no_valid_location_points|requires_crosswalk_or_marine_review|timezone_not_normalized_to_utc
5666556,2083984,1998,1998-08-18T21:00:00,1998-08-19T16:00:00,CST,19.0,48,,Z,218,ZAVALA,5,0,0,0,75000,0,,0,,0,1,begin_coordinates_missing_or_invalid|end_coordinates_missing_or_invalid|no_valid_location_points|requires_crosswalk_or_marine_review|timezone_not_normalized_to_utc
5666580,2083988,1998,1998-08-23T02:00:00,1998-08-23T19:00:00,CST,17.0,48,,Z,203,UVALDE,20,0,0,0,800000.0,10000,,0,,0,1,begin_coordinates_missing_or_invalid|end_coordinates_missing_or_invalid|no_valid_location_points|requires_crosswalk_or_marine_review|timezone_not_normalized_to_utc
5666581,2083988,1998,1998-08-23T02:00:00,1998-08-23T17:00:00,CST,15.0,48,,Z,185,REAL,20,0,0,0,500000.0,10000,,0,,0,1,begin_coordinates_missing_or_invalid|end_coordinates_missing_or_invalid|no_valid_location_points|requires_crosswalk_or_marine_review|timezone_not_normalized_to_utc
5666582,2083988,1998,1998-08-23T04:00:00,1998-08-23T22:00:00,CST,18.0,48,,Z,218,ZAVALA,10,0,0,0,100000.0,10000,,0,,0,1,begin_coordinates_missing_or_invalid|end_coordinates_missing_or_invalid|no_valid_location_points|requires_crosswalk_or_marine_review|timezone_not_normalized_to_utc
5666593,2084129,1998,1998-08-21T06:00:00,1998-08-21T12:00:00,CST,6.0,31,,Z,032,STANTON,0,0,0,0,,,,0,,0,1,begin_coordinates_missing_or_invalid|damage_crops_missing|damage_property_missing|end_coordinates_missing_or_invalid|no_valid_location_points|requires_crosswalk_or_marine_review|timezone_not_normalized_to_utc
5666616,2084150,1998,1998-08-20T20:00:00,1998-08-21T10:00:00,CST,14.0,31,,Z,042,PLATTE,0,0,0,0,,,,0,,0,1,begin_coordinates_missing_or_invalid|damage_crops_missing|damage_property_missing|end_coordinates_missing_or_invalid|no_valid_location_points|requires_crosswalk_or_marine_review|timezone_not_normalized_to_utc
5666617,2083770,1998,1998-07-10T08:00:00,1998-07-10T11:00:00,EST,3.0,12,12103,C,103,PINELLAS,0,0,0,0,50000,0,,0,,0,1,begin_coordinates_missing_or_invalid|county_code_unverified|end_coordinates_missing_or_invalid|no_valid_location_points|timezone_not_normalized_to_utc
5666618,2083771,1998,1998-07-10T08:00:00,1998-07-10T11:00:00,EST,3.0,12,12017,C,017,CITRUS,0,0,0,0,10000,0,,0,,0,1,begin_coordinates_missing_or_invalid|county_code_unverified|end_coordinates_missing_or_invalid|no_valid_location_points|timezone_not_normalized_to_utc
5666619,2083771,1998,1998-07-10T08:00:00,1998-07-10T11:00:00,EST,3.0,12,12053,C,053,HERNANDO,0,0,0,0,10000,0,,0,,0,1,begin_coordinates_missing_or_invalid|county_code_unverified|end_coordinates_missing_or_invalid|no_valid_location_points|timezone_not_normalized_to_utc
5666631,2083781,1998,1998-07-12T15:30:00,1998-07-12T18:30:00,EST,3.0,12,12027,C,027,DE SOTO,0,0,0,0,2000,0,,0,,0,1,begin_coordinates_missing_or_invalid|county_code_unverified|end_coordinates_missing_or_invalid|no_valid_location_points|timezone_not_normalized_to_utc
5666633,2148888,1998,1998-07-12T16:30:00,1998-07-12T19:30:00,EST,3.0,12,12015,C,015,CHARLOTTE,0,0,0,0,10000,0,,0,,0,1,begin_coordinates_missing_or_invalid|county_code_unverified|end_coordinates_missing_or_invalid|no_valid_location_points|timezone_not_normalized_to_utc
5666645,2083990,1998,1998-08-23T09:00:00,1998-08-23T18:00:00,CST,9.0,48,,Z,186,KERR,20,0,0,0,30000,0,,0,,0,1,begin_coordinates_missing_or_invalid|end_coordinates_missing_or_invalid|no_valid_location_points|requires_crosswalk_or_marine_review|timezone_not_normalized_to_utc
5666649,2083992,1998,1998-08-24T01:00:00,1998-08-24T07:00:00,CST,6.0,48,,Z,183,VAL VERDE,0,0,0,0,50000,0,,0,,0,1,begin_coordinates_missing_or_invalid|end_coordinates_missing_or_invalid|no_valid_location_points|requires_crosswalk_or_marine_review|timezone_not_normalized_to_utc
5666650,2083993,1998,1998-08-24T01:00:00,1998-08-24T14:00:00,CST,13.0,48,,Z,202,KINNEY,0,0,0,0,10000,1000000,,0,,0,1,begin_coordinates_missing_or_invalid|end_coordinates_missing_or_invalid|no_valid_location_points|requires_crosswalk_or_marine_review|timezone_not_normalized_to_utc
5666651,2083993,1998,1998-08-24T16:00:00,1998-08-25T11:00:00,CST,19.0,48,,Z,217,MAVERICK,0,0,0,0,10000,1000000,,0,,0,1,begin_coordinates_missing_or_invalid|end_coordinates_missing_or_invalid|no_valid_location_points|requires_crosswalk_or_marine_review|timezone_not_normalized_to_utc
5666660,2083996,1998,1998-08-25T21:30:00,1998-08-27T09:00:00,CST,35.5,48,,Z,183,VAL VERDE,0,0,0,0,50000,10000,,0,,0,1,begin_coordinates_missing_or_invalid|end_coordinates_missing_or_invalid|no_valid_location_points|requires_crosswalk_or_marine_review|timezone_not_normalized_to_utc
5666695,2083783,1998,1998-07-13T16:30:00,1998-07-13T19:00:00,EST,2.5,12,12115,C,115,SARASOTA,0,0,0,0,15000,0,,0,,0,1,begin_coordinates_missing_or_invalid|county_code_unverified|end_coordinates_missing_or_invalid|no_valid_location_points|timezone_not_normalized_to_utc
5666696,2083784,1998,1998-07-13T17:30:00,1998-07-13T19:00:00,EST,1.5,12,12055,C,055,HIGHLANDS,0,0,0,0,10000,0,,0,,0,1,begin_coordinates_missing_or_invalid|county_code_unverified|end_coordinates_missing_or_invalid|no_valid_location_points|timezone_not_normalized_to_utc
5666698,2083786,1998,1998-07-16T09:30:00,1998-07-16T12:30:00,EST,3.0,12,12017,C,017,CITRUS,0,0,0,0,5000,0,,0,,0,1,begin_coordinates_missing_or_invalid|county_code_unverified|end_coordinates_missing_or_invalid|no_valid_location_points|timezone_not_normalized_to_utc
5666699,2148889,1998,1998-07-18T18:00:00,1998-07-18T21:00:00,EST,3.0,12,12055,C,055,HIGHLANDS,0,0,0,0,50000,0,,0,,0,1,begin_coordinates_missing_or_invalid|county_code_unverified|end_coordinates_missing_or_invalid|no_valid_location_points|timezone_not_normalized_to_utc
5666700,2083787,1998,1998-07-19T14:00:00,1998-07-19T15:00:00,EST,1.0,12,12071,C,071,LEE,0,0,0,0,20000,0,,0,,0,1,begin_coordinates_missing_or_invalid|county_code_unverified|end_coordinates_missing_or_invalid|no_valid_location_points|timezone_not_normalized_to_utc
5666702,2083789,1998,1998-07-19T14:30:00,1998-07-19T16:00:00,EST,1.5,12,12015,C,015,CHARLOTTE,0,0,0,0,10000,0,,0,,0,1,begin_coordinates_missing_or_invalid|county_code_unverified|end_coordinates_missing_or_invalid|no_valid_location_points|timezone_not_normalized_to_utc
5666703,2083790,1998,1998-07-19T16:00:00,1998-07-19T18:00:00,EST,2.0,12,12101,C,101,PASCO,0,0,0,0,10000,0,,0,,0,1,begin_coordinates_missing_or_invalid|county_code_unverified|end_coordinates_missing_or_invalid|no_valid_location_points|timezone_not_normalized_to_utc
5666704,2083790,1998,1998-07-19T16:00:00,1998-07-19T18:00:00,EST,2.0,12,12057,C,057,HILLSBOROUGH,0,0,0,0,10000,0,,0,,0,1,begin_coordinates_missing_or_invalid|county_code_unverified|end_coordinates_missing_or_invalid|no_valid_location_points|timezone_not_normalized_to_utc
5666705,2083790,1998,1998-07-19T16:00:00,1998-07-19T18:00:00,EST,2.0,12,12105,C,105,POLK,0,0,0,0,10000,0,,0,,0,1,begin_coordinates_missing_or_invalid|county_code_unverified|end_coordinates_missing_or_invalid|no_valid_location_points|timezone_not_normalized_to_utc
5666818,2149648,1998,1998-09-12T15:50:00,1998-09-12T18:00:00,MST,2.1666666666666665,16,16005,C,005,BANNOCK,0,0,0,0,,,,0,,0,1,begin_coordinates_missing_or_invalid|county_code_unverified|damage_crops_missing|damage_property_missing|end_coordinates_missing_or_invalid|no_valid_location_points|timezone_not_normalized_to_utc
5666820,2149650,1998,1998-09-12T18:30:00,1998-09-12T19:30:00,MST,1.0,16,16019,C,019,BONNEVILLE,0,0,0,0,,,,0,,0,1,begin_coordinates_missing_or_invalid|county_code_unverified|damage_crops_missing|damage_property_missing|end_coordinates_missing_or_invalid|no_valid_location_points|timezone_not_normalized_to_utc
5666823,2149652,1998,1998-09-30T17:40:00,1998-09-30T17:40:00,MST,0.0,16,16005,C,005,BANNOCK,0,0,0,0,,,,0,,0,1,begin_coordinates_missing_or_invalid|county_code_unverified|damage_crops_missing|damage_property_missing|end_coordinates_missing_or_invalid|no_valid_location_points|timezone_not_normalized_to_utc
5666944,2150102,1998,1998-10-02T16:00:00,1998-10-02T18:00:00,MST,2.0,30,30111,C,111,YELLOWSTONE,0,0,0,0,,,,0,,0,1,begin_coordinates_missing_or_invalid|county_code_unverified|damage_crops_missing|damage_property_missing|end_coordinates_missing_or_invalid|no_valid_location_points|timezone_not_normalized_to_utc
5666953,2149881,1998,1998-10-06T06:00:00,1998-10-07T09:00:00,CST,27.0,05,,Z,019,CRAWFORD,0,0,0,0,,,,0,,0,1,begin_coordinates_missing_or_invalid|damage_crops_missing|damage_property_missing|end_coordinates_missing_or_invalid|no_valid_location_points|requires_crosswalk_or_marine_review|timezone_not_normalized_to_utc
5666954,2149882,1998,1998-10-05T08:00:00,1998-10-06T15:00:00,CST,31.0,40,,Z,060,TULSA,0,0,0,0,,,,0,,0,1,begin_coordinates_missing_or_invalid|damage_crops_missing|damage_property_missing|end_coordinates_missing_or_invalid|no_valid_location_points|requires_crosswalk_or_marine_review|timezone_not_normalized_to_utc
5666955,2149883,1998,1998-10-05T20:00:00,1998-10-07T07:00:00,CST,35.0,40,,Z,056,NOWATA,0,0,0,0,,,,0,,0,1,begin_coordinates_missing_or_invalid|damage_crops_missing|damage_property_missing|end_coordinates_missing_or_invalid|no_valid_location_points|requires_crosswalk_or_marine_review|timezone_not_normalized_to_utc
5666956,2149884,1998,1998-10-03T09:00:00,1998-10-10T05:00:00,CST,164.0,40,,Z,058,OTTAWA,0,0,0,0,,,,0,,0,1,begin_coordinates_missing_or_invalid|damage_crops_missing|damage_property_missing|end_coordinates_missing_or_invalid|no_valid_location_points|requires_crosswalk_or_marine_review|timezone_not_normalized_to_utc
5666957,2149885,1998,1998-10-18T08:00:00,1998-10-20T21:00:00,CST,61.0,40,,Z,058,OTTAWA,0,0,0,0,,,,0,,0,1,begin_coordinates_missing_or_invalid|damage_crops_missing|damage_property_missing|end_coordinates_missing_or_invalid|no_valid_location_points|requires_crosswalk_or_marine_review|timezone_not_normalized_to_utc
5666958,2149886,1998,1998-10-05T05:00:00,1998-10-08T12:00:00,CST,79.0,40,,Z,058,OTTAWA,0,0,0,0,,,,0,,0,1,begin_coordinates_missing_or_invalid|damage_crops_missing|damage_property_missing|end_coordinates_missing_or_invalid|no_valid_location_points|requires_crosswalk_or_marine_review|timezone_not_normalized_to_utc
5666959,2149887,1998,1998-10-06T14:00:00,1998-10-07T20:00:00,CST,30.0,40,,Z,076,LE FLORE,0,0,0,0,,,,0,,0,1,begin_coordinates_missing_or_invalid|damage_crops_missing|damage_property_missing|end_coordinates_missing_or_invalid|no_valid_location_points|requires_crosswalk_or_marine_review|timezone_not_normalized_to_utc
5666960,2149888,1998,1998-10-05T13:00:00,1998-10-12T20:00:00,CST,175.0,40,,Z,066,OKMULGEE,0,0,0,0,,,,0,,0,1,begin_coordinates_missing_or_invalid|damage_crops_missing|damage_property_missing|end_coordinates_missing_or_invalid|no_valid_location_points|requires_crosswalk_or_marine_review|timezone_not_normalized_to_utc
5666961,2149889,1998,1998-10-05T03:00:00,1998-10-05T22:00:00,CST,19.0,40,,Z,059,PAWNEE,0,0,0,0,,,,0,,0,1,begin_coordinates_missing_or_invalid|damage_crops_missing|damage_property_missing|end_coordinates_missing_or_invalid|no_valid_location_points|requires_crosswalk_or_marine_review|timezone_not_normalized_to_utc
5666962,2149890,1998,1998-10-05T03:00:00,1998-10-06T23:00:00,CST,44.0,40,,Z,064,CREEK,0,0,0,0,,,,0,,0,1,begin_coordinates_missing_or_invalid|damage_crops_missing|damage_property_missing|end_coordinates_missing_or_invalid|no_valid_location_points|requires_crosswalk_or_marine_review|timezone_not_normalized_to_utc
5666963,2149891,1998,1998-10-05T03:00:00,1998-10-06T23:00:00,CST,44.0,40,,Z,060,TULSA,0,0,0,0,,,,0,,0,1,begin_coordinates_missing_or_invalid|damage_crops_missing|damage_property_missing|end_coordinates_missing_or_invalid|no_valid_location_points|requires_crosswalk_or_marine_review|timezone_not_normalized_to_utc
5666964,2149892,1998,1998-10-05T08:00:00,1998-10-06T10:00:00,CST,26.0,40,,Z,060,TULSA,0,0,0,0,,,,0,,0,1,begin_coordinates_missing_or_invalid|damage_crops_missing|damage_property_missing|end_coordinates_missing_or_invalid|no_valid_location_points|requires_crosswalk_or_marine_review|timezone_not_normalized_to_utc
5666967,2149893,1998,1998-09-05T15:35:00,1998-09-05T16:15:00,MST,0.6666666666666666,04,04019,C,019,PIMA,0,0,0,0,,,,0,,0,1,begin_coordinates_missing_or_invalid|county_code_unverified|damage_crops_missing|damage_property_missing|end_coordinates_missing_or_invalid|no_valid_location_points|timezone_not_normalized_to_utc
5667460,2149911,1998,1998-10-14T19:00:00,1998-10-14T22:00:00,CST,3.0,19,19113,C,113,LINN,0,0,0,0,,,,0,,0,1,begin_coordinates_missing_or_invalid|county_code_unverified|damage_crops_missing|damage_property_missing|end_coordinates_missing_or_invalid|no_valid_location_points|timezone_not_normalized_to_utc
5667461,2149911,1998,1998-10-14T19:00:00,1998-10-14T22:00:00,CST,3.0,19,19011,C,011,BENTON,0,0,0,0,,,,0,,0,1,begin_coordinates_missing_or_invalid|county_code_unverified|damage_crops_missing|damage_property_missing|end_coordinates_missing_or_invalid|no_valid_location_points|timezone_not_normalized_to_utc
5667701,2149762,1998,1998-09-29T16:00:00,1998-09-29T18:00:00,EST,2.0,13,13119,C,119,FRANKLIN,0,0,0,0,,,,0,,0,1,begin_coordinates_missing_or_invalid|county_code_unverified|damage_crops_missing|damage_property_missing|end_coordinates_missing_or_invalid|no_valid_location_points|timezone_not_normalized_to_utc
5667712,2149765,1998,1998-09-06T16:15:00,1998-09-06T18:00:00,EST,1.75,37,37023,C,023,BURKE,0,0,0,0,,,,0,,0,1,begin_coordinates_missing_or_invalid|county_code_unverified|damage_crops_missing|damage_property_missing|end_coordinates_missing_or_invalid|no_valid_location_points|timezone_not_normalized_to_utc
5667915,2149799,1998,1998-10-17T14:00:00,1998-10-17T18:00:00,CST,4.0,17,17031,C,031,COOK,0,0,0,0,,,,0,,0,1,begin_coordinates_missing_or_invalid|county_code_unverified|damage_crops_missing|damage_property_missing|end_coordinates_missing_or_invalid|no_valid_location_points|timezone_not_normalized_to_utc
5667916,2149799,1998,1998-10-17T14:00:00,1998-10-17T18:00:00,CST,4.0,17,17089,C,089,KANE,0,0,0,0,,,,0,,0,1,begin_coordinates_missing_or_invalid|county_code_unverified|damage_crops_missing|damage_property_missing|end_coordinates_missing_or_invalid|no_valid_location_points|timezone_not_normalized_to_utc
5667917,2149799,1998,1998-10-17T14:00:00,1998-10-17T18:00:00,CST,4.0,17,17037,C,037,DE KALB,0,0,0,0,,,,0,,0,1,begin_coordinates_missing_or_invalid|county_code_unverified|damage_crops_missing|damage_property_missing|end_coordinates_missing_or_invalid|no_valid_location_points|timezone_not_normalized_to_utc
5667918,2149799,1998,1998-10-17T14:00:00,1998-10-17T18:00:00,CST,4.0,17,17099,C,099,LA SALLE,0,0,0,0,,,,0,,0,1,begin_coordinates_missing_or_invalid|county_code_unverified|damage_crops_missing|damage_property_missing|end_coordinates_missing_or_invalid|no_valid_location_points|timezone_not_normalized_to_utc
5667919,2149799,1998,1998-10-17T14:00:00,1998-10-17T18:00:00,CST,4.0,17,17103,C,103,LEE,0,0,0,0,,,,0,,0,1,begin_coordinates_missing_or_invalid|county_code_unverified|damage_crops_missing|damage_property_missing|end_coordinates_missing_or_invalid|no_valid_location_points|timezone_not_normalized_to_utc
5668083,2149842,1998,1998-08-17T11:00:00,1998-08-17T17:00:00,EST,6.0,34,34025,C,025,MONMOUTH,0,0,0,0,,,,0,,0,1,begin_coordinates_missing_or_invalid|county_code_unverified|damage_crops_missing|damage_property_missing|end_coordinates_missing_or_invalid|no_valid_location_points|timezone_not_normalized_to_utc
5668084,2149842,1998,1998-08-17T11:00:00,1998-08-17T17:00:00,EST,6.0,34,34023,C,023,MIDDLESEX,0,0,0,0,,,,0,,0,1,begin_coordinates_missing_or_invalid|county_code_unverified|damage_crops_missing|damage_property_missing|end_coordinates_missing_or_invalid|no_valid_location_points|timezone_not_normalized_to_utc
5668085,2149842,1998,1998-08-17T09:00:00,1998-08-17T15:00:00,EST,6.0,34,34027,C,027,MORRIS,0,0,0,0,,,,0,,0,1,begin_coordinates_missing_or_invalid|county_code_unverified|damage_crops_missing|damage_property_missing|end_coordinates_missing_or_invalid|no_valid_location_points|timezone_not_normalized_to_utc
5668086,2149843,1998,1998-08-17T09:00:00,1998-08-17T15:00:00,EST,6.0,42,42017,C,017,BUCKS,0,0,0,0,,,,0,,0,1,begin_coordinates_missing_or_invalid|county_code_unverified|damage_crops_missing|damage_property_missing|end_coordinates_missing_or_invalid|no_valid_location_points|timezone_not_normalized_to_utc
5668087,2149843,1998,1998-08-17T09:00:00,1998-08-17T15:00:00,EST,6.0,42,42045,C,045,DELAWARE,0,0,0,0,,,,0,,0,1,begin_coordinates_missing_or_invalid|county_code_unverified|damage_crops_missing|damage_property_missing|end_coordinates_missing_or_invalid|no_valid_location_points|timezone_not_normalized_to_utc
5668088,2149843,1998,1998-08-17T09:00:00,1998-08-17T15:00:00,EST,6.0,42,42029,C,029,CHESTER,0,0,0,0,,,,0,,0,1,begin_coordinates_missing_or_invalid|county_code_unverified|damage_crops_missing|damage_property_missing|end_coordinates_missing_or_invalid|no_valid_location_points|timezone_not_normalized_to_utc
5668089,2149843,1998,1998-08-17T09:00:00,1998-08-17T15:00:00,EST,6.0,42,42091,C,091,MONTGOMERY,0,0,0,0,,,,0,,0,1,begin_coordinates_missing_or_invalid|county_code_unverified|damage_crops_missing|damage_property_missing|end_coordinates_missing_or_invalid|no_valid_location_points|timezone_not_normalized_to_utc
5668246,2149370,1998,1998-08-15T20:00:00,1998-08-15T20:00:00,MST,0.0,04,04013,C,013,MARICOPA,0,0,0,0,,,,0,,0,1,begin_coordinates_missing_or_invalid|county_code_unverified|damage_crops_missing|damage_property_missing|end_coordinates_missing_or_invalid|no_valid_location_points|timezone_not_normalized_to_utc
5668260,2149372,1998,1998-09-12T17:15:00,1998-09-12T19:30:00,MST,2.25,56,56037,C,037,SWEETWATER,0,0,0,0,,,,0,,0,1,begin_coordinates_missing_or_invalid|county_code_unverified|damage_crops_missing|damage_property_missing|end_coordinates_missing_or_invalid|no_valid_location_points|timezone_not_normalized_to_utc
5668261,1069435,1998,1998-09-12T19:00:00,1998-09-12T20:30:00,MST,1.5,56,56013,C,013,FREMONT,0,0,0,0,,,,0,,0,1,begin_coordinates_missing_or_invalid|county_code_unverified|damage_crops_missing|damage_property_missing|end_coordinates_missing_or_invalid|no_valid_location_points|timezone_not_normalized_to_utc
5668262,2149373,1998,1998-09-12T20:10:00,1998-09-12T21:30:00,MST,1.3333333333333333,56,56013,C,013,FREMONT,0,0,0,0,,,,0,,0,1,begin_coordinates_missing_or_invalid|county_code_unverified|damage_crops_missing|damage_property_missing|end_coordinates_missing_or_invalid|no_valid_location_points|timezone_not_normalized_to_utc
5668271,2149561,1998,1998-10-05T06:00:00,1998-10-06T18:00:00,CST,36.0,19,,Z,074,MARION,0,0,0,0,25000,5000,,0,,0,1,begin_coordinates_missing_or_invalid|end_coordinates_missing_or_invalid|no_valid_location_points|requires_crosswalk_or_marine_review|timezone_not_normalized_to_utc
5668272,2149561,1998,1998-10-05T06:00:00,1998-10-06T18:00:00,CST,36.0,19,,Z,075,MAHASKA,0,0,0,0,25000,5000,,0,,0,1,begin_coordinates_missing_or_invalid|end_coordinates_missing_or_invalid|no_valid_location_points|requires_crosswalk_or_marine_review|timezone_not_normalized_to_utc
5668450,2149386,1998,1998-09-19T13:00:00,1998-09-19T16:00:00,EST,3.0,12,,Z,051,HILLSBOROUGH,0,0,0,0,100000,0,,0,,0,1,begin_coordinates_missing_or_invalid|end_coordinates_missing_or_invalid|no_valid_location_points|requires_crosswalk_or_marine_review|timezone_not_normalized_to_utc
5668452,2149595,1998,1998-10-24T10:15:00,1998-10-24T11:30:00,PST,1.25,06,06047,C,047,MERCED,6,0,0,0,120000,,,0,,0,1,begin_coordinates_missing_or_invalid|county_code_unverified|damage_crops_missing|end_coordinates_missing_or_invalid|no_valid_location_points|timezone_not_normalized_to_utc
5668517,2149387,1998,1998-09-20T08:00:00,1998-09-30T08:00:00,EST,240.0,12,12057,C,057,HILLSBOROUGH,0,0,0,0,50000,0,,0,,0,1,begin_coordinates_missing_or_invalid|county_code_unverified|end_coordinates_missing_or_invalid|no_valid_location_points|timezone_not_normalized_to_utc
5668518,2149388,1998,1998-09-20T08:00:00,1998-09-29T08:00:00,EST,216.0,12,12057,C,057,HILLSBOROUGH,0,0,0,0,75000,0,,0,,0,1,begin_coordinates_missing_or_invalid|county_code_unverified|end_coordinates_missing_or_invalid|no_valid_location_points|timezone_not_normalized_to_utc
5668519,2149389,1998,1998-09-20T08:00:00,1998-09-22T08:00:00,EST,48.0,12,12081,C,081,MANATEE,0,0,0,0,0,0,,0,,0,1,begin_coordinates_missing_or_invalid|county_code_unverified|end_coordinates_missing_or_invalid|no_valid_location_points|timezone_not_normalized_to_utc
5668520,2149390,1998,1998-09-21T08:00:00,1998-09-30T23:59:00,EST,231.98333333333332,12,12101,C,101,PASCO,0,0,0,0,5000,0,,0,,0,1,begin_coordinates_missing_or_invalid|county_code_unverified|end_coordinates_missing_or_invalid|no_valid_location_points|timezone_not_normalized_to_utc
5668521,2149391,1998,1998-09-22T08:00:00,1998-09-30T23:59:00,EST,207.98333333333332,12,12115,C,115,SARASOTA,0,0,0,0,1000,0,,0,,0,1,begin_coordinates_missing_or_invalid|county_code_unverified|end_coordinates_missing_or_invalid|no_valid_location_points|timezone_not_normalized_to_utc
5668523,2149393,1998,1998-09-25T08:00:00,1998-09-30T23:59:00,EST,135.98333333333332,12,12105,C,105,POLK,0,0,0,0,0,0,,0,,0,1,begin_coordinates_missing_or_invalid|county_code_unverified|end_coordinates_missing_or_invalid|no_valid_location_points|timezone_not_normalized_to_utc
5668524,2149394,1998,1998-09-25T08:00:00,1998-09-27T08:00:00,EST,48.0,12,12081,C,081,MANATEE,0,0,0,0,0,0,,0,,0,1,begin_coordinates_missing_or_invalid|county_code_unverified|end_coordinates_missing_or_invalid|no_valid_location_points|timezone_not_normalized_to_utc
5668719,2149405,1998,1998-09-26T08:00:00,1998-09-30T23:59:00,EST,111.98333333333333,12,12027,C,027,DE SOTO,0,0,0,0,10000,0,,0,,0,1,begin_coordinates_missing_or_invalid|county_code_unverified|end_coordinates_missing_or_invalid|no_valid_location_points|timezone_not_normalized_to_utc
5668720,1069472,1998,1998-09-26T08:00:00,1998-09-30T23:59:00,EST,111.98333333333333,12,12027,C,027,DE SOTO,0,0,0,0,0,0,,0,,0,1,begin_coordinates_missing_or_invalid|county_code_unverified|end_coordinates_missing_or_invalid|no_valid_location_points|timezone_not_normalized_to_utc
5668721,2149406,1998,1998-09-27T08:00:00,1998-09-30T08:00:00,EST,72.0,12,12049,C,049,HARDEE,0,0,0,0,0,0,,0,,0,1,begin_coordinates_missing_or_invalid|county_code_unverified|end_coordinates_missing_or_invalid|no_valid_location_points|timezone_not_normalized_to_utc
5668761,2149603,1998,1998-09-13T03:00:00,1998-09-14T03:00:00,CST,24.0,20,,Z,072,ALLEN,0,0,0,0,50000,,,0,,0,1,begin_coordinates_missing_or_invalid|damage_crops_missing|end_coordinates_missing_or_invalid|no_valid_location_points|requires_crosswalk_or_marine_review|timezone_not_normalized_to_utc
5668762,2149603,1998,1998-09-13T07:00:00,1998-09-14T07:00:00,CST,24.0,20,,Z,100,LABETTE,0,0,0,0,,,,0,,0,1,begin_coordinates_missing_or_invalid|damage_crops_missing|damage_property_missing|end_coordinates_missing_or_invalid|no_valid_location_points|requires_crosswalk_or_marine_review|timezone_not_normalized_to_utc
5668930,2149446,1998,1998-09-06T16:30:00,1998-09-06T17:45:00,MST,1.25,16,16001,C,001,ADA,0,0,0,0,,,,0,,0,1,begin_coordinates_missing_or_invalid|county_code_unverified|damage_crops_missing|damage_property_missing|end_coordinates_missing_or_invalid|no_valid_location_points|timezone_not_normalized_to_utc
5668931,2149446,1998,1998-09-06T16:30:00,1998-09-06T17:20:00,MST,0.8333333333333334,16,16015,C,015,BOISE,0,0,0,0,,,,0,,0,1,begin_coordinates_missing_or_invalid|county_code_unverified|damage_crops_missing|damage_property_missing|end_coordinates_missing_or_invalid|no_valid_location_points|timezone_not_normalized_to_utc
5668933,2149447,1998,1998-09-07T16:25:00,1998-09-07T16:45:00,MST,0.3333333333333333,16,16001,C,001,ADA,0,0,0,0,,,,0,,0,1,begin_coordinates_missing_or_invalid|county_code_unverified|damage_crops_missing|damage_property_missing|end_coordinates_missing_or_invalid|no_valid_location_points|timezone_not_normalized_to_utc
5669391,2149561,1998,1998-10-05T06:00:00,1998-10-06T18:00:00,CST,36.0,19,,Z,085,MONROE,0,0,0,0,25000,5000,,0,,0,1,begin_coordinates_missing_or_invalid|end_coordinates_missing_or_invalid|no_valid_location_points|requires_crosswalk_or_marine_review|timezone_not_normalized_to_utc
5669392,2149562,1998,1998-10-17T06:00:00,1998-10-20T12:00:00,CST,78.0,19,,Z,027,BUTLER,0,0,0,0,70000,10000,,0,,0,1,begin_coordinates_missing_or_invalid|end_coordinates_missing_or_invalid|no_valid_location_points|requires_crosswalk_or_marine_review|timezone_not_normalized_to_utc
5669393,2149562,1998,1998-10-17T06:00:00,1998-10-20T12:00:00,CST,78.0,19,,Z,096,APPANOOSE,0,0,0,0,70000,10000,,0,,0,1,begin_coordinates_missing_or_invalid|end_coordinates_missing_or_invalid|no_valid_location_points|requires_crosswalk_or_marine_review|timezone_not_normalized_to_utc
5669394,2149562,1998,1998-10-17T06:00:00,1998-10-20T12:00:00,CST,78.0,19,,Z,083,CLARKE,0,0,0,0,70000,10000,,0,,0,1,begin_coordinates_missing_or_invalid|end_coordinates_missing_or_invalid|no_valid_location_points|requires_crosswalk_or_marine_review|timezone_not_normalized_to_utc
5669395,2149562,1998,1998-10-17T06:00:00,1998-10-20T12:00:00,CST,78.0,19,,Z,084,LUCAS,0,0,0,0,70000,10000,,0,,0,1,begin_coordinates_missing_or_invalid|end_coordinates_missing_or_invalid|no_valid_location_points|requires_crosswalk_or_marine_review|timezone_not_normalized_to_utc
5669396,2149562,1998,1998-10-17T06:00:00,1998-10-20T12:00:00,CST,78.0,19,,Z,075,MAHASKA,0,0,0,0,70000,10000,,0,,0,1,begin_coordinates_missing_or_invalid|end_coordinates_missing_or_invalid|no_valid_location_points|requires_crosswalk_or_marine_review|timezone_not_normalized_to_utc
5669397,2149562,1998,1998-10-17T06:00:00,1998-10-20T12:00:00,CST,78.0,19,,Z,074,MARION,0,0,0,0,70000,10000,,0,,0,1,begin_coordinates_missing_or_invalid|end_coordinates_missing_or_invalid|no_valid_location_points|requires_crosswalk_or_marine_review|timezone_not_normalized_to_utc
5669398,2149562,1998,1998-10-17T06:00:00,1998-10-20T12:00:00,CST,78.0,19,,Z,085,MONROE,0,0,0,0,70000,10000,,0,,0,1,begin_coordinates_missing_or_invalid|end_coordinates_missing_or_invalid|no_valid_location_points|requires_crosswalk_or_marine_review|timezone_not_normalized_to_utc
5669399,2149562,1998,1998-10-17T06:00:00,1998-10-20T12:00:00,CST,78.0,19,,Z,095,WAYNE,0,0,0,0,70000,10000,,0,,0,1,begin_coordinates_missing_or_invalid|end_coordinates_missing_or_invalid|no_valid_location_points|requires_crosswalk_or_marine_review|timezone_not_normalized_to_utc
5669492,2149566,1998,1998-09-01T00:00:00,1998-09-02T23:59:00,CST,47.983333333333334,29,,Z,020,BUCHANAN,0,0,0,0,,,,0,,0,1,begin_coordinates_missing_or_invalid|damage_crops_missing|damage_property_missing|end_coordinates_missing_or_invalid|no_valid_location_points|requires_crosswalk_or_marine_review|timezone_not_normalized_to_utc
5669493,2149567,1998,1998-09-14T00:00:00,1998-09-14T23:59:00,CST,23.983333333333334,29,,Z,037,JACKSON,0,0,0,0,,,,0,,0,1,begin_coordinates_missing_or_invalid|damage_crops_missing|damage_property_missing|end_coordinates_missing_or_invalid|no_valid_location_points|requires_crosswalk_or_marine_review|timezone_not_normalized_to_utc
5669494,2149567,1998,1998-09-14T00:00:00,1998-09-17T23:59:00,CST,95.98333333333333,29,,Z,054,HENRY,0,0,0,0,,,,0,,0,1,begin_coordinates_missing_or_invalid|damage_crops_missing|damage_property_missing|end_coordinates_missing_or_invalid|no_valid_location_points|requires_crosswalk_or_marine_review|timezone_not_normalized_to_utc
5669495,2149567,1998,1998-09-14T00:00:00,1998-09-16T23:59:00,CST,71.98333333333333,29,,Z,044,JOHNSON,0,0,0,0,,,,0,,0,1,begin_coordinates_missing_or_invalid|damage_crops_missing|damage_property_missing|end_coordinates_missing_or_invalid|no_valid_location_points|requires_crosswalk_or_marine_review|timezone_not_normalized_to_utc
5669496,2149567,1998,1998-09-14T00:00:00,1998-09-21T23:59:00,CST,191.98333333333332,29,,Z,039,SALINE,0,0,0,0,,,,0,,0,1,begin_coordinates_missing_or_invalid|damage_crops_missing|damage_property_missing|end_coordinates_missing_or_invalid|no_valid_location_points|requires_crosswalk_or_marine_review|timezone_not_normalized_to_utc
5669497,2149567,1998,1998-09-13T00:00:00,1998-09-18T23:59:00,CST,143.98333333333332,29,,Z,031,CARROLL,0,0,0,0,,,,0,,0,1,begin_coordinates_missing_or_invalid|damage_crops_missing|damage_property_missing|end_coordinates_missing_or_invalid|no_valid_location_points|requires_crosswalk_or_marine_review|timezone_not_normalized_to_utc
5669498,2149567,1998,1998-09-14T00:00:00,1998-09-14T23:59:00,CST,23.983333333333334,29,,Z,029,CLAY,0,0,0,0,,,,0,,0,1,begin_coordinates_missing_or_invalid|damage_crops_missing|damage_property_missing|end_coordinates_missing_or_invalid|no_valid_location_points|requires_crosswalk_or_marine_review|timezone_not_normalized_to_utc
5669499,2149567,1998,1998-09-14T00:00:00,1998-09-16T23:59:00,CST,71.98333333333333,29,,Z,032,CHARITON,0,0,0,0,,,,0,,0,1,begin_coordinates_missing_or_invalid|damage_crops_missing|damage_property_missing|end_coordinates_missing_or_invalid|no_valid_location_points|requires_crosswalk_or_marine_review|timezone_not_normalized_to_utc
5669500,2149567,1998,1998-09-15T00:00:00,1998-09-15T23:59:00,CST,23.983333333333334,29,,Z,038,LAFAYETTE,0,0,0,0,,,,0,,0,1,begin_coordinates_missing_or_invalid|damage_crops_missing|damage_property_missing|end_coordinates_missing_or_invalid|no_valid_location_points|requires_crosswalk_or_marine_review|timezone_not_normalized_to_utc
5669501,2149567,1998,1998-09-15T00:00:00,1998-09-16T23:59:00,CST,47.983333333333334,29,,Z,046,COOPER,0,0,0,0,,,,0,,0,1,begin_coordinates_missing_or_invalid|damage_crops_missing|damage_property_missing|end_coordinates_missing_or_invalid|no_valid_location_points|requires_crosswalk_or_marine_review|timezone_not_normalized_to_utc
5669502,2149568,1998,1998-09-21T00:00:00,1998-09-25T23:59:00,CST,119.98333333333333,29,,Z,054,HENRY,0,0,0,0,,,,0,,0,1,begin_coordinates_missing_or_invalid|damage_crops_missing|damage_property_missing|end_coordinates_missing_or_invalid|no_valid_location_points|requires_crosswalk_or_marine_review|timezone_not_normalized_to_utc
5669503,2149569,1998,1998-09-30T00:00:00,1998-09-30T23:59:00,CST,23.983333333333334,29,,Z,054,HENRY,0,0,0,0,,,,0,,0,1,begin_coordinates_missing_or_invalid|damage_crops_missing|damage_property_missing|end_coordinates_missing_or_invalid|no_valid_location_points|requires_crosswalk_or_marine_review|timezone_not_normalized_to_utc
5669559,2149334,1998,1998-08-24T15:45:00,1998-08-24T16:00:00,EST,0.25,42,,Z,029,WASHINGTON,0,0,0,0,10000,,,0,,0,1,begin_coordinates_missing_or_invalid|damage_crops_missing|end_coordinates_missing_or_invalid|no_valid_location_points|requires_crosswalk_or_marine_review|timezone_not_normalized_to_utc
5669561,2149335,1998,1998-08-24T15:10:00,1998-08-24T15:30:00,EST,0.3333333333333333,39,,Z,050,JEFFERSON,0,0,0,0,,,,0,,0,1,begin_coordinates_missing_or_invalid|damage_crops_missing|damage_property_missing|end_coordinates_missing_or_invalid|no_valid_location_points|requires_crosswalk_or_marine_review|timezone_not_normalized_to_utc
5669587,2149577,1998,1998-09-04T16:30:00,1998-09-04T19:00:00,MST,2.5,04,04005,C,005,COCONINO,0,0,0,0,0,0,,0,,0,1,begin_coordinates_missing_or_invalid|county_code_unverified|end_coordinates_missing_or_invalid|no_valid_location_points|timezone_not_normalized_to_utc
5669588,2149578,1998,1998-09-05T12:30:00,1998-09-05T12:30:00,MST,0.0,04,04005,C,005,COCONINO,0,0,0,0,0,0,,0,,0,1,begin_coordinates_missing_or_invalid|county_code_unverified|end_coordinates_missing_or_invalid|no_valid_location_points|timezone_not_normalized_to_utc
5669590,1069678,1998,1998-09-11T08:15:00,1998-09-11T15:00:00,MST,6.75,04,04005,C,005,COCONINO,0,0,0,0,0,0,,0,,0,1,begin_coordinates_missing_or_invalid|county_code_unverified|end_coordinates_missing_or_invalid|no_valid_location_points|timezone_not_normalized_to_utc
5669699,2084764,1998,1998-08-21T10:00:00,1998-08-21T14:00:00,CST,4.0,22,22051,C,051,JEFFERSON,0,0,0,0,,,,0,,0,1,begin_coordinates_missing_or_invalid|county_code_unverified|damage_crops_missing|damage_property_missing|end_coordinates_missing_or_invalid|no_valid_location_points|timezone_not_normalized_to_utc
5669739,2084765,1998,1998-08-21T10:00:00,1998-08-21T14:00:00,CST,4.0,22,22071,C,071,ORLEANS,0,0,0,0,,,,0,,0,1,begin_coordinates_missing_or_invalid|county_code_unverified|damage_crops_missing|damage_property_missing|end_coordinates_missing_or_invalid|no_valid_location_points|timezone_not_normalized_to_utc
5669823,2150743,1998,1998-11-02T00:00:00,1998-11-02T23:59:00,CST,23.983333333333334,20,,Z,025,ATCHISON,0,0,0,0,,,,0,,0,1,begin_coordinates_missing_or_invalid|damage_crops_missing|damage_property_missing|end_coordinates_missing_or_invalid|no_valid_location_points|requires_crosswalk_or_marine_review|timezone_not_normalized_to_utc
5669824,2150743,1998,1998-11-01T00:00:00,1998-11-05T23:59:00,CST,119.98333333333333,20,,Z,103,LEAVENWORTH,0,0,0,0,,,,0,,0,1,begin_coordinates_missing_or_invalid|damage_crops_missing|damage_property_missing|end_coordinates_missing_or_invalid|no_valid_location_points|requires_crosswalk_or_marine_review|timezone_not_normalized_to_utc
5669904,2150743,1998,1998-11-02T00:00:00,1998-11-02T23:59:00,CST,23.983333333333334,20,,Z,104,WYANDOTTE,0,0,0,0,,,,0,,0,1,begin_coordinates_missing_or_invalid|damage_crops_missing|damage_property_missing|end_coordinates_missing_or_invalid|no_valid_location_points|requires_crosswalk_or_marine_review|timezone_not_normalized_to_utc
5669905,2150743,1998,1998-11-01T00:00:00,1998-11-06T23:59:00,CST,143.98333333333332,20,,Z,057,MIAMI,0,0,0,0,,,,0,,0,1,begin_coordinates_missing_or_invalid|damage_crops_missing|damage_property_missing|end_coordinates_missing_or_invalid|no_valid_location_points|requires_crosswalk_or_marine_review|timezone_not_normalized_to_utc
5669906,2150743,1998,1998-11-01T00:00:00,1998-11-10T23:59:00,CST,239.98333333333332,20,,Z,060,LINN,0,0,0,0,,,,0,,0,1,begin_coordinates_missing_or_invalid|damage_crops_missing|damage_property_missing|end_coordinates_missing_or_invalid|no_valid_location_points|requires_crosswalk_or_marine_review|timezone_not_normalized_to_utc
5669911,2150745,1998,1998-11-01T00:00:00,1998-11-04T23:59:00,CST,95.98333333333333,29,,Z,037,JACKSON,0,0,0,0,,,,0,,0,1,begin_coordinates_missing_or_invalid|damage_crops_missing|damage_property_missing|end_coordinates_missing_or_invalid|no_valid_location_points|requires_crosswalk_or_marine_review|timezone_not_normalized_to_utc
5669912,2150745,1998,1998-11-01T00:00:00,1998-11-12T23:59:00,CST,287.98333333333335,29,,Z,021,CLINTON,0,0,0,0,,,,0,,0,1,begin_coordinates_missing_or_invalid|damage_crops_missing|damage_property_missing|end_coordinates_missing_or_invalid|no_valid_location_points|requires_crosswalk_or_marine_review|timezone_not_normalized_to_utc
5669913,2150745,1998,1998-11-01T00:00:00,1998-11-04T23:59:00,CST,95.98333333333333,29,,Z,031,CARROLL,0,0,0,0,,,,0,,0,1,begin_coordinates_missing_or_invalid|damage_crops_missing|damage_property_missing|end_coordinates_missing_or_invalid|no_valid_location_points|requires_crosswalk_or_marine_review|timezone_not_normalized_to_utc
5669914,2150745,1998,1998-11-01T00:00:00,1998-11-04T23:59:00,CST,95.98333333333333,29,,Z,030,RAY,0,0,0,0,,,,0,,0,1,begin_coordinates_missing_or_invalid|damage_crops_missing|damage_property_missing|end_coordinates_missing_or_invalid|no_valid_location_points|requires_crosswalk_or_marine_review|timezone_not_normalized_to_utc
5669915,2150745,1998,1998-11-01T00:00:00,1998-11-10T23:59:00,CST,239.98333333333332,29,,Z,044,JOHNSON,0,0,0,0,,,,0,,0,1,begin_coordinates_missing_or_invalid|damage_crops_missing|damage_property_missing|end_coordinates_missing_or_invalid|no_valid_location_points|requires_crosswalk_or_marine_review|timezone_not_normalized_to_utc
5669916,2150745,1998,1998-11-02T00:00:00,1998-11-15T23:59:00,CST,335.98333333333335,29,,Z,039,SALINE,0,0,0,0,,,,0,,0,1,begin_coordinates_missing_or_invalid|damage_crops_missing|damage_property_missing|end_coordinates_missing_or_invalid|no_valid_location_points|requires_crosswalk_or_marine_review|timezone_not_normalized_to_utc
5669917,2150745,1998,1998-11-01T00:00:00,1998-11-02T23:59:00,CST,47.983333333333334,29,,Z,029,CLAY,0,0,0,0,,,,0,,0,1,begin_coordinates_missing_or_invalid|damage_crops_missing|damage_property_missing|end_coordinates_missing_or_invalid|no_valid_location_points|requires_crosswalk_or_marine_review|timezone_not_normalized_to_utc
5669918,2150745,1998,1998-11-02T00:00:00,1998-11-05T23:59:00,CST,95.98333333333333,29,,Z,023,LIVINGSTON,0,0,0,0,,,,0,,0,1,begin_coordinates_missing_or_invalid|damage_crops_missing|damage_property_missing|end_coordinates_missing_or_invalid|no_valid_location_points|requires_crosswalk_or_marine_review|timezone_not_normalized_to_utc
5669919,2150745,1998,1998-11-02T00:00:00,1998-11-12T23:59:00,CST,263.98333333333335,29,,Z,032,CHARITON,0,0,0,0,,,,0,,0,1,begin_coordinates_missing_or_invalid|damage_crops_missing|damage_property_missing|end_coordinates_missing_or_invalid|no_valid_location_points|requires_crosswalk_or_marine_review|timezone_not_normalized_to_utc
5669920,2150745,1998,1998-11-01T00:00:00,1998-11-15T23:59:00,CST,359.98333333333335,29,,Z,038,LAFAYETTE,0,0,0,0,,,,0,,0,1,begin_coordinates_missing_or_invalid|damage_crops_missing|damage_property_missing|end_coordinates_missing_or_invalid|no_valid_location_points|requires_crosswalk_or_marine_review|timezone_not_normalized_to_utc
5669921,2150745,1998,1998-11-02T00:00:00,1998-11-13T23:59:00,CST,287.98333333333335,29,,Z,040,HOWARD,0,0,0,0,,,,0,,0,1,begin_coordinates_missing_or_invalid|damage_crops_missing|damage_property_missing|end_coordinates_missing_or_invalid|no_valid_location_points|requires_crosswalk_or_marine_review|timezone_not_normalized_to_utc
5669922,2150745,1998,1998-11-02T00:00:00,1998-11-14T23:59:00,CST,311.98333333333335,29,,Z,046,COOPER,0,0,0,0,,,,0,,0,1,begin_coordinates_missing_or_invalid|damage_crops_missing|damage_property_missing|end_coordinates_missing_or_invalid|no_valid_location_points|requires_crosswalk_or_marine_review|timezone_not_normalized_to_utc
5669923,2150745,1998,1998-11-01T00:00:00,1998-11-12T23:59:00,CST,287.98333333333335,29,,Z,020,BUCHANAN,0,0,0,0,,,,0,,0,1,begin_coordinates_missing_or_invalid|damage_crops_missing|damage_property_missing|end_coordinates_missing_or_invalid|no_valid_location_points|requires_crosswalk_or_marine_review|timezone_not_normalized_to_utc
5669924,2150745,1998,1998-11-02T00:00:00,1998-11-13T23:59:00,CST,287.98333333333335,29,,Z,028,PLATTE,0,0,0,0,,,,0,,0,1,begin_coordinates_missing_or_invalid|damage_crops_missing|damage_property_missing|end_coordinates_missing_or_invalid|no_valid_location_points|requires_crosswalk_or_marine_review|timezone_not_normalized_to_utc
5669929,2150747,1998,1998-11-12T23:30:00,1998-11-14T18:00:00,CST,42.5,48,,Z,225,LAVACA,0,0,0,0,50000,0,,0,,0,1,begin_coordinates_missing_or_invalid|end_coordinates_missing_or_invalid|no_valid_location_points|requires_crosswalk_or_marine_review|timezone_not_normalized_to_utc
5669930,2150748,1998,1998-11-13T20:30:00,1998-11-14T18:00:00,CST,21.5,48,,Z,223,GONZALES,0,0,0,0,20000,0,,0,,0,1,begin_coordinates_missing_or_invalid|end_coordinates_missing_or_invalid|no_valid_location_points|requires_crosswalk_or_marine_review|timezone_not_normalized_to_utc
5669931,2150748,1998,1998-11-13T21:30:00,1998-11-15T19:00:00,CST,45.5,48,,Z,224,DE WITT,0,0,0,0,15000,0,,0,,0,1,begin_coordinates_missing_or_invalid|end_coordinates_missing_or_invalid|no_valid_location_points|requires_crosswalk_or_marine_review|timezone_not_normalized_to_utc
5669936,2150750,1998,1998-11-13T22:00:00,1998-11-15T19:00:00,CST,45.0,48,,Z,224,DE WITT,0,0,0,0,30000,0,,0,,0,1,begin_coordinates_missing_or_invalid|end_coordinates_missing_or_invalid|no_valid_location_points|requires_crosswalk_or_marine_review|timezone_not_normalized_to_utc
5670201,2150614,1998,1998-11-08T06:15:00,1998-11-08T17:00:00,PST,10.75,06,06073,C,073,SAN DIEGO,0,0,0,0,,,,0,,0,1,begin_coordinates_missing_or_invalid|county_code_unverified|damage_crops_missing|damage_property_missing|end_coordinates_missing_or_invalid|no_valid_location_points|timezone_not_normalized_to_utc
5670204,2150615,1998,1998-11-28T07:00:00,1998-11-29T07:00:00,PST,24.0,06,06071,C,071,SAN BERNARDINO,0,0,0,0,,,,0,,0,1,begin_coordinates_missing_or_invalid|county_code_unverified|damage_crops_missing|damage_property_missing|end_coordinates_missing_or_invalid|no_valid_location_points|timezone_not_normalized_to_utc
5670310,2150452,1998,1998-11-28T09:05:00,1998-11-28T11:00:00,PST,1.9166666666666667,06,06079,C,079,SAN LUIS OBISPO,0,0,0,0,,,,0,,0,1,begin_coordinates_missing_or_invalid|county_code_unverified|damage_crops_missing|damage_property_missing|end_coordinates_missing_or_invalid|no_valid_location_points|timezone_not_normalized_to_utc
5670311,2150452,1998,1998-11-28T09:05:00,1998-11-28T11:00:00,PST,1.9166666666666667,06,06083,C,083,SANTA BARBARA,0,0,0,0,,,,0,,0,1,begin_coordinates_missing_or_invalid|county_code_unverified|damage_crops_missing|damage_property_missing|end_coordinates_missing_or_invalid|no_valid_location_points|timezone_not_normalized_to_utc
5670364,2150632,1998,1998-10-14T05:30:00,1998-10-14T07:30:00,AST,2.0,99,,C,113,PONCE,0,0,0,0,,,,0,,0,1,begin_coordinates_missing_or_invalid|damage_crops_missing|damage_property_missing|end_coordinates_missing_or_invalid|no_valid_location_points|requires_crosswalk_or_marine_review|timezone_not_normalized_to_utc
5670365,2150633,1998,1998-10-19T15:30:00,1998-10-19T17:30:00,AST,2.0,99,,C,097,MAYAGUEZ,0,0,0,0,,,,0,,0,1,begin_coordinates_missing_or_invalid|damage_crops_missing|damage_property_missing|end_coordinates_missing_or_invalid|no_valid_location_points|requires_crosswalk_or_marine_review|timezone_not_normalized_to_utc
5670456,2150635,1998,1998-10-01T00:00:00,1998-10-01T08:00:00,EST,8.0,12,12101,C,101,PASCO,0,0,0,0,1000,0,,0,,0,1,begin_coordinates_missing_or_invalid|county_code_unverified|end_coordinates_missing_or_invalid|no_valid_location_points|timezone_not_normalized_to_utc
5670457,2150636,1998,1998-10-01T00:00:00,1998-10-01T08:00:00,EST,8.0,12,12027,C,027,DE SOTO,0,0,0,0,0,0,,0,,0,1,begin_coordinates_missing_or_invalid|county_code_unverified|end_coordinates_missing_or_invalid|no_valid_location_points|timezone_not_normalized_to_utc
5670458,2150637,1998,1998-10-01T00:00:00,1998-10-06T08:00:00,EST,128.0,12,12027,C,027,DE SOTO,0,0,0,0,10000,0,,0,,0,1,begin_coordinates_missing_or_invalid|county_code_unverified|end_coordinates_missing_or_invalid|no_valid_location_points|timezone_not_normalized_to_utc
5670459,2150638,1998,1998-10-01T00:00:00,1998-10-07T08:00:00,EST,152.0,12,12105,C,105,POLK,0,0,0,0,0,0,,0,,0,1,begin_coordinates_missing_or_invalid|county_code_unverified|end_coordinates_missing_or_invalid|no_valid_location_points|timezone_not_normalized_to_utc
5670460,2150639,1998,1998-10-01T00:00:00,1998-10-09T08:00:00,EST,200.0,12,12115,C,115,SARASOTA,0,0,0,0,1000,0,,0,,0,1,begin_coordinates_missing_or_invalid|county_code_unverified|end_coordinates_missing_or_invalid|no_valid_location_points|timezone_not_normalized_to_utc
5670463,2150642,1998,1998-10-13T08:00:00,1998-10-14T08:00:00,EST,24.0,12,12081,C,081,MANATEE,0,0,0,0,0,0,,0,,0,1,begin_coordinates_missing_or_invalid|county_code_unverified|end_coordinates_missing_or_invalid|no_valid_location_points|timezone_not_normalized_to_utc
5670586,2150650,1998,1998-07-21T19:00:00,1998-07-21T22:00:00,SST,3.0,98,,C,006,GUAM,0,0,0,0,,,,0,,0,1,begin_coordinates_missing_or_invalid|damage_crops_missing|damage_property_missing|end_coordinates_missing_or_invalid|no_valid_location_points|requires_crosswalk_or_marine_review|timezone_not_normalized_to_utc
5670588,2150651,1998,1998-09-11T20:00:00,1998-09-12T00:00:00,SST,4.0,98,,C,006,GUAM,0,0,0,0,,,,0,,0,1,begin_coordinates_missing_or_invalid|damage_crops_missing|damage_property_missing|end_coordinates_missing_or_invalid|no_valid_location_points|requires_crosswalk_or_marine_review|timezone_not_normalized_to_utc
5670589,2150651,1998,1998-09-12T04:00:00,1998-09-12T10:00:00,SST,6.0,98,,C,006,GUAM,0,0,0,0,,,,0,,0,1,begin_coordinates_missing_or_invalid|damage_crops_missing|damage_property_missing|end_coordinates_missing_or_invalid|no_valid_location_points|requires_crosswalk_or_marine_review|timezone_not_normalized_to_utc
5671085,2150894,1998,1998-11-02T14:00:00,1998-11-15T20:00:00,CST,318.0,40,,Z,058,OTTAWA,0,0,0,0,,,,0,,0,1,begin_coordinates_missing_or_invalid|damage_crops_missing|damage_property_missing|end_coordinates_missing_or_invalid|no_valid_location_points|requires_crosswalk_or_marine_review|timezone_not_normalized_to_utc
5671086,2150895,1998,1998-11-02T13:00:00,1998-11-04T23:00:00,CST,58.0,40,,Z,059,PAWNEE,0,0,0,0,,,,0,,0,1,begin_coordinates_missing_or_invalid|damage_crops_missing|damage_property_missing|end_coordinates_missing_or_invalid|no_valid_location_points|requires_crosswalk_or_marine_review|timezone_not_normalized_to_utc
5671087,2150895,1998,1998-11-02T13:00:00,1998-11-04T23:00:00,CST,58.0,40,,Z,054,OSAGE,0,0,0,0,,,,0,,0,1,begin_coordinates_missing_or_invalid|damage_crops_missing|damage_property_missing|end_coordinates_missing_or_invalid|no_valid_location_points|requires_crosswalk_or_marine_review|timezone_not_normalized_to_utc
5671088,2150896,1998,1998-11-10T00:00:00,1998-11-16T08:00:00,CST,152.0,40,,Z,070,MUSKOGEE,0,0,0,0,,,,0,,0,1,begin_coordinates_missing_or_invalid|damage_crops_missing|damage_property_missing|end_coordinates_missing_or_invalid|no_valid_location_points|requires_crosswalk_or_marine_review|timezone_not_normalized_to_utc
5671089,2150897,1998,1998-11-11T07:00:00,1998-11-16T08:00:00,CST,121.0,05,,Z,019,CRAWFORD,0,0,0,0,,,,0,,0,1,begin_coordinates_missing_or_invalid|damage_crops_missing|damage_property_missing|end_coordinates_missing_or_invalid|no_valid_location_points|requires_crosswalk_or_marine_review|timezone_not_normalized_to_utc
5671090,2150897,1998,1998-11-11T07:00:00,1998-11-16T08:00:00,CST,121.0,05,,Z,029,SEBASTIAN,0,0,0,0,,,,0,,0,1,begin_coordinates_missing_or_invalid|damage_crops_missing|damage_property_missing|end_coordinates_missing_or_invalid|no_valid_location_points|requires_crosswalk_or_marine_review|timezone_not_normalized_to_utc
5671179,2150426,1998,1998-10-31T09:30:00,1998-10-31T23:59:00,CST,14.483333333333333,20,,Z,091,HARPER,0,0,0,0,,,,0,,0,1,begin_coordinates_missing_or_invalid|damage_crops_missing|damage_property_missing|end_coordinates_missing_or_invalid|no_valid_location_points|requires_crosswalk_or_marine_review|timezone_not_normalized_to_utc
5671180,2150426,1998,1998-10-31T09:30:00,1998-10-31T23:59:00,CST,14.483333333333333,20,,Z,082,KINGMAN,0,0,0,0,,,,0,,0,1,begin_coordinates_missing_or_invalid|damage_crops_missing|damage_property_missing|end_coordinates_missing_or_invalid|no_valid_location_points|requires_crosswalk_or_marine_review|timezone_not_normalized_to_utc
5671181,2150426,1998,1998-10-31T09:30:00,1998-10-31T23:59:00,CST,14.483333333333333,20,,Z,083,SEDGWICK,0,0,0,0,,,,0,,0,1,begin_coordinates_missing_or_invalid|damage_crops_missing|damage_property_missing|end_coordinates_missing_or_invalid|no_valid_location_points|requires_crosswalk_or_marine_review|timezone_not_normalized_to_utc
5671182,2150426,1998,1998-10-31T09:30:00,1998-10-31T23:59:00,CST,14.483333333333333,20,,Z,092,SUMNER,0,0,0,0,,,,0,,0,1,begin_coordinates_missing_or_invalid|damage_crops_missing|damage_property_missing|end_coordinates_missing_or_invalid|no_valid_location_points|requires_crosswalk_or_marine_review|timezone_not_normalized_to_utc
5671183,2150426,1998,1998-10-31T21:05:00,1998-10-31T23:59:00,CST,2.9,20,,Z,067,RENO,0,0,0,0,,,,0,,0,1,begin_coordinates_missing_or_invalid|damage_crops_missing|damage_property_missing|end_coordinates_missing_or_invalid|no_valid_location_points|requires_crosswalk_or_marine_review|timezone_not_normalized_to_utc
5671370,2150859,1998,1998-11-02T13:00:00,1998-11-02T13:00:00,AST,0.0,99,,C,127,SAN JUAN,0,0,0,0,50000,,,0,,0,1,begin_coordinates_missing_or_invalid|damage_crops_missing|end_coordinates_missing_or_invalid|no_valid_location_points|requires_crosswalk_or_marine_review|timezone_not_normalized_to_utc
5671375,2150864,1998,1998-02-01T08:00:00,1998-02-01T19:00:00,PST,11.0,06,06089,C,089,SHASTA,0,0,0,0,,,,0,,0,1,begin_coordinates_missing_or_invalid|county_code_unverified|damage_crops_missing|damage_property_missing|end_coordinates_missing_or_invalid|no_valid_location_points|timezone_not_normalized_to_utc
5671378,2150866,1998,1998-02-02T01:00:00,1998-02-28T23:59:00,PST,646.9833333333333,06,,Z,016,CENTRAL SACRAMENTO VALLEY,0,0,0,0,,,,0,,0,1,begin_coordinates_missing_or_invalid|damage_crops_missing|damage_property_missing|end_coordinates_missing_or_invalid|no_valid_location_points|requires_crosswalk_or_marine_review|timezone_not_normalized_to_utc
5671379,2150866,1998,1998-02-02T01:00:00,1998-02-28T23:59:00,PST,646.9833333333333,06,,Z,064,CLEAR LAKE/BERRYESSA HIGHLANDS,0,0,0,0,,,,0,,0,1,begin_coordinates_missing_or_invalid|damage_crops_missing|damage_property_missing|end_coordinates_missing_or_invalid|no_valid_location_points|requires_crosswalk_or_marine_review|timezone_not_normalized_to_utc
5671380,2150866,1998,1998-02-02T01:00:00,1998-02-28T23:59:00,PST,646.9833333333333,06,,Z,014,BURNEY BASIN/EASTERN SHASTA COUNTY,0,0,0,0,,,,0,,0,1,begin_coordinates_missing_or_invalid|damage_crops_missing|damage_property_missing|end_coordinates_missing_or_invalid|no_valid_location_points|requires_crosswalk_or_marine_review|timezone_not_normalized_to_utc
5671381,2150866,1998,1998-02-02T01:00:00,1998-02-28T23:59:00,PST,646.9833333333333,06,,Z,013,SHASTA LAKE/NORTH SHASTA COUNTY,0,0,0,0,,,,0,,0,1,begin_coordinates_missing_or_invalid|damage_crops_missing|damage_property_missing|end_coordinates_missing_or_invalid|no_valid_location_points|requires_crosswalk_or_marine_review|timezone_not_normalized_to_utc
5671464,2150866,1998,1998-02-02T01:00:00,1998-02-28T23:59:00,PST,646.9833333333333,06,,Z,015,NORTHERN SACRAMENTO VALLEY,0,0,0,0,,,,0,,0,1,begin_coordinates_missing_or_invalid|damage_crops_missing|damage_property_missing|end_coordinates_missing_or_invalid|no_valid_location_points|requires_crosswalk_or_marine_review|timezone_not_normalized_to_utc
5671465,2150866,1998,1998-02-02T01:00:00,1998-02-28T23:59:00,PST,646.9833333333333,06,,Z,066,NORTHEAST FOOTHILLS/SACRAMENTO VALLEY,0,0,0,0,,,,0,,0,1,begin_coordinates_missing_or_invalid|damage_crops_missing|damage_property_missing|end_coordinates_missing_or_invalid|no_valid_location_points|requires_crosswalk_or_marine_review|timezone_not_normalized_to_utc
5671466,2150866,1998,1998-02-02T01:00:00,1998-02-28T23:59:00,PST,646.9833333333333,06,,Z,018,CARQUINEZ STRAIT AND DELTA,0,0,0,0,,,,0,,0,1,begin_coordinates_missing_or_invalid|damage_crops_missing|damage_property_missing|end_coordinates_missing_or_invalid|no_valid_location_points|requires_crosswalk_or_marine_review|timezone_not_normalized_to_utc
5671467,2150866,1998,1998-02-02T01:00:00,1998-02-28T23:59:00,PST,646.9833333333333,06,,Z,019,NORTHERN SAN JOAQUIN VALLEY,0,0,0,0,,,,0,,0,1,begin_coordinates_missing_or_invalid|damage_crops_missing|damage_property_missing|end_coordinates_missing_or_invalid|no_valid_location_points|requires_crosswalk_or_marine_review|timezone_not_normalized_to_utc
5671468,2150866,1998,1998-02-02T01:00:00,1998-02-28T23:59:00,PST,646.9833333333333,06,,Z,063,MOUNTAINS SOUTHWEST SHASTA COUNTY TO NORTHERN LAKE COUNTY,0,0,0,0,,,,0,,0,1,begin_coordinates_missing_or_invalid|damage_crops_missing|damage_property_missing|end_coordinates_missing_or_invalid|no_valid_location_points|requires_crosswalk_or_marine_review|timezone_not_normalized_to_utc
5671469,2150866,1998,1998-02-02T01:00:00,1998-02-28T23:59:00,PST,646.9833333333333,06,,Z,067,MOTHERLODE/CAMPTONVILLE TO GOVERLAND,0,0,0,0,,,,0,,0,1,begin_coordinates_missing_or_invalid|damage_crops_missing|damage_property_missing|end_coordinates_missing_or_invalid|no_valid_location_points|requires_crosswalk_or_marine_review|timezone_not_normalized_to_utc
5671470,2150866,1998,1998-02-02T01:00:00,1998-02-28T23:59:00,PST,646.9833333333333,06,,Z,017,SOUTHERN SACRAMENTO VALLEY,0,0,0,0,,,,0,,0,1,begin_coordinates_missing_or_invalid|damage_crops_missing|damage_property_missing|end_coordinates_missing_or_invalid|no_valid_location_points|requires_crosswalk_or_marine_review|timezone_not_normalized_to_utc
5671471,2150867,1998,1998-02-02T09:00:00,1998-02-28T23:59:00,PST,638.9833333333333,06,,Z,015,NORTHERN SACRAMENTO VALLEY,0,0,0,0,20800000.0,6500000.0,,0,,0,1,begin_coordinates_missing_or_invalid|end_coordinates_missing_or_invalid|no_valid_location_points|requires_crosswalk_or_marine_review|timezone_not_normalized_to_utc
5671472,2150867,1998,1998-02-02T09:00:00,1998-02-28T23:59:00,PST,638.9833333333333,06,,Z,016,CENTRAL SACRAMENTO VALLEY,0,0,0,0,,,,0,,0,1,begin_coordinates_missing_or_invalid|damage_crops_missing|damage_property_missing|end_coordinates_missing_or_invalid|no_valid_location_points|requires_crosswalk_or_marine_review|timezone_not_normalized_to_utc
5671473,2150868,1998,1998-02-02T02:00:00,1998-02-28T23:59:00,PST,645.9833333333333,06,,Z,017,SOUTHERN SACRAMENTO VALLEY,0,0,0,0,4300000.0,7800000.0,,0,,0,1,begin_coordinates_missing_or_invalid|end_coordinates_missing_or_invalid|no_valid_location_points|requires_crosswalk_or_marine_review|timezone_not_normalized_to_utc
5671474,2150868,1998,1998-02-02T02:00:00,1998-02-28T23:59:00,PST,645.9833333333333,06,,Z,018,CARQUINEZ STRAIT AND DELTA,0,0,1,0,,,,1,,0,1,begin_coordinates_missing_or_invalid|damage_crops_missing|damage_property_missing|end_coordinates_missing_or_invalid|no_valid_location_points|requires_crosswalk_or_marine_review|timezone_not_normalized_to_utc
5671475,2150868,1998,1998-02-02T02:00:00,1998-02-28T23:59:00,PST,645.9833333333333,06,,Z,019,NORTHERN SAN JOAQUIN VALLEY,0,0,1,0,,,,1,,0,1,begin_coordinates_missing_or_invalid|damage_crops_missing|damage_property_missing|end_coordinates_missing_or_invalid|no_valid_location_points|requires_crosswalk_or_marine_review|timezone_not_normalized_to_utc
5671476,2150869,1998,1998-02-02T01:00:00,1998-02-28T23:59:00,PST,646.9833333333333,06,,Z,064,LAKE T N & X SW/W YOLO/X SW COLUSA/E NAPA/X NW SOLANO,0,0,0,0,15000000,,,0,,0,1,begin_coordinates_missing_or_invalid|damage_crops_missing|end_coordinates_missing_or_invalid|no_valid_location_points|requires_crosswalk_or_marine_review|timezone_not_normalized_to_utc
5671477,2150870,1998,1998-02-03T05:00:00,1998-02-21T23:59:00,PST,450.98333333333335,06,,Z,067,X W SIERRA/NE YUBA/W NEVADA/W PLACER T X W/W EL DORADO/W AMADOR T X W/C CALAVERAS/SW TUOLUMNE T X SW,0,0,2,0,,,,2,,0,1,begin_coordinates_missing_or_invalid|damage_crops_missing|damage_property_missing|end_coordinates_missing_or_invalid|no_valid_location_points|requires_crosswalk_or_marine_review|timezone_not_normalized_to_utc
5671501,2150876,1998,1998-11-23T12:45:00,1998-11-23T20:00:00,PST,7.25,06,06089,C,089,SHASTA,0,0,0,0,,,,0,,0,1,begin_coordinates_missing_or_invalid|county_code_unverified|damage_crops_missing|damage_property_missing|end_coordinates_missing_or_invalid|no_valid_location_points|timezone_not_normalized_to_utc
5671883,2150152,1998,1998-10-06T00:00:00,1998-10-12T00:00:00,CST,144.0,29,,Z,041,BOONE,0,0,0,0,,,,0,,0,1,begin_coordinates_missing_or_invalid|damage_crops_missing|damage_property_missing|end_coordinates_missing_or_invalid|no_valid_location_points|requires_crosswalk_or_marine_review|timezone_not_normalized_to_utc
5671884,2150152,1998,1998-10-06T00:00:00,1998-10-12T00:00:00,CST,144.0,29,,Z,047,MONITEAU,0,0,0,0,,,,0,,0,1,begin_coordinates_missing_or_invalid|damage_crops_missing|damage_property_missing|end_coordinates_missing_or_invalid|no_valid_location_points|requires_crosswalk_or_marine_review|timezone_not_normalized_to_utc
5671885,2150152,1998,1998-10-06T00:00:00,1998-10-12T00:00:00,CST,144.0,29,,Z,048,COLE,0,0,0,0,,,,0,,0,1,begin_coordinates_missing_or_invalid|damage_crops_missing|damage_property_missing|end_coordinates_missing_or_invalid|no_valid_location_points|requires_crosswalk_or_marine_review|timezone_not_normalized_to_utc
5671886,2150152,1998,1998-10-06T00:00:00,1998-10-12T00:00:00,CST,144.0,29,,Z,050,CALLAWAY,0,0,0,0,,,,0,,0,1,begin_coordinates_missing_or_invalid|damage_crops_missing|damage_property_missing|end_coordinates_missing_or_invalid|no_valid_location_points|requires_crosswalk_or_marine_review|timezone_not_normalized_to_utc
5671887,2150152,1998,1998-10-06T00:00:00,1998-10-12T00:00:00,CST,144.0,29,,Z,049,OSAGE,0,0,0,0,,,,0,,0,1,begin_coordinates_missing_or_invalid|damage_crops_missing|damage_property_missing|end_coordinates_missing_or_invalid|no_valid_location_points|requires_crosswalk_or_marine_review|timezone_not_normalized_to_utc
5671888,2150152,1998,1998-10-06T00:00:00,1998-10-12T00:00:00,CST,144.0,29,,Z,051,MONTGOMERY,0,0,0,0,,,,0,,0,1,begin_coordinates_missing_or_invalid|damage_crops_missing|damage_property_missing|end_coordinates_missing_or_invalid|no_valid_location_points|requires_crosswalk_or_marine_review|timezone_not_normalized_to_utc
5671889,2150152,1998,1998-10-06T00:00:00,1998-10-12T00:00:00,CST,144.0,29,,Z,059,GASCONADE,0,0,0,0,,,,0,,0,1,begin_coordinates_missing_or_invalid|damage_crops_missing|damage_property_missing|end_coordinates_missing_or_invalid|no_valid_location_points|requires_crosswalk_or_marine_review|timezone_not_normalized_to_utc
5671916,2150395,1998,1998-10-31T00:25:00,1998-10-31T00:32:00,CST,0.11666666666666667,48,,Z,018,ARMSTRONG,0,0,0,0,,,,0,,0,1,begin_coordinates_missing_or_invalid|damage_crops_missing|damage_property_missing|end_coordinates_missing_or_invalid|no_valid_location_points|requires_crosswalk_or_marine_review|timezone_not_normalized_to_utc
5671960,2150003,1998,1998-09-05T18:05:00,1998-09-05T18:35:00,PST,0.5,32,32031,C,031,WASHOE,0,0,0,0,0,,,0,,0,1,begin_coordinates_missing_or_invalid|county_code_unverified|damage_crops_missing|end_coordinates_missing_or_invalid|no_valid_location_points|timezone_not_normalized_to_utc
5671961,2150004,1998,1998-09-05T18:30:00,1998-09-05T18:40:00,PST,0.16666666666666666,32,32031,C,031,WASHOE,0,0,0,0,0,,,0,,0,1,begin_coordinates_missing_or_invalid|county_code_unverified|damage_crops_missing|end_coordinates_missing_or_invalid|no_valid_location_points|timezone_not_normalized_to_utc
5671976,2150152,1998,1998-10-06T00:00:00,1998-10-12T00:00:00,CST,144.0,29,,Z,060,WARREN,0,0,0,0,,,,0,,0,1,begin_coordinates_missing_or_invalid|damage_crops_missing|damage_property_missing|end_coordinates_missing_or_invalid|no_valid_location_points|requires_crosswalk_or_marine_review|timezone_not_normalized_to_utc
5671977,2150152,1998,1998-10-06T00:00:00,1998-10-12T00:00:00,CST,144.0,29,,Z,062,FRANKLIN,0,0,0,0,,,,0,,0,1,begin_coordinates_missing_or_invalid|damage_crops_missing|damage_property_missing|end_coordinates_missing_or_invalid|no_valid_location_points|requires_crosswalk_or_marine_review|timezone_not_normalized_to_utc
5671978,2150152,1998,1998-10-06T00:00:00,1998-10-12T00:00:00,CST,144.0,29,,Z,061,ST. CHARLES,0,0,0,0,,,,0,,0,1,begin_coordinates_missing_or_invalid|damage_crops_missing|damage_property_missing|end_coordinates_missing_or_invalid|no_valid_location_points|requires_crosswalk_or_marine_review|timezone_not_normalized_to_utc
5671979,2150152,1998,1998-10-06T00:00:00,1998-10-12T00:00:00,CST,144.0,29,,Z,063,ST. LOUIS,0,0,0,0,,,,0,,0,1,begin_coordinates_missing_or_invalid|damage_crops_missing|damage_property_missing|end_coordinates_missing_or_invalid|no_valid_location_points|requires_crosswalk_or_marine_review|timezone_not_normalized_to_utc
5672064,2150021,1998,1998-09-16T22:30:00,1998-09-17T17:00:00,CST,18.5,48,,Z,169,KIMBLE,0,0,0,0,,,,0,,0,1,begin_coordinates_missing_or_invalid|damage_crops_missing|damage_property_missing|end_coordinates_missing_or_invalid|no_valid_location_points|requires_crosswalk_or_marine_review|timezone_not_normalized_to_utc
5672070,2150024,1998,1998-09-02T14:00:00,1998-09-02T15:30:00,AST,1.5,99,,C,127,SAN JUAN,0,0,0,0,,,,0,,0,1,begin_coordinates_missing_or_invalid|damage_crops_missing|damage_property_missing|end_coordinates_missing_or_invalid|no_valid_location_points|requires_crosswalk_or_marine_review|timezone_not_normalized_to_utc
5672071,2150025,1998,1998-09-03T10:30:00,1998-09-03T13:30:00,AST,3.0,99,,C,097,MAYAGUEZ,0,0,0,0,,,,0,,0,1,begin_coordinates_missing_or_invalid|damage_crops_missing|damage_property_missing|end_coordinates_missing_or_invalid|no_valid_location_points|requires_crosswalk_or_marine_review|timezone_not_normalized_to_utc
5672072,2150026,1998,1998-09-05T14:00:00,1998-09-05T16:00:00,AST,2.0,99,,C,097,MAYAGUEZ,0,0,0,0,,,,0,,0,1,begin_coordinates_missing_or_invalid|damage_crops_missing|damage_property_missing|end_coordinates_missing_or_invalid|no_valid_location_points|requires_crosswalk_or_marine_review|timezone_not_normalized_to_utc
5672075,2150028,1998,1998-09-07T13:00:00,1998-09-07T15:00:00,AST,2.0,99,,C,005,AGUADILLA,0,0,0,0,,,,0,,0,1,begin_coordinates_missing_or_invalid|damage_crops_missing|damage_property_missing|end_coordinates_missing_or_invalid|no_valid_location_points|requires_crosswalk_or_marine_review|timezone_not_normalized_to_utc
5672076,2150029,1998,1998-09-08T13:00:00,1998-09-08T15:00:00,AST,2.0,99,,C,005,AGUADILLA,0,0,0,0,10000,,,0,,0,1,begin_coordinates_missing_or_invalid|damage_crops_missing|end_coordinates_missing_or_invalid|no_valid_location_points|requires_crosswalk_or_marine_review|timezone_not_normalized_to_utc
5672077,2150030,1998,1998-09-08T17:00:00,1998-09-08T19:00:00,AST,2.0,99,,C,069,HUMACAO,0,0,0,0,10000,,,0,,0,1,begin_coordinates_missing_or_invalid|damage_crops_missing|end_coordinates_missing_or_invalid|no_valid_location_points|requires_crosswalk_or_marine_review|timezone_not_normalized_to_utc
5672078,2150031,1998,1998-09-12T15:00:00,1998-09-12T17:30:00,AST,2.5,99,,C,097,MAYAGUEZ,0,0,0,0,,,,0,,0,1,begin_coordinates_missing_or_invalid|damage_crops_missing|damage_property_missing|end_coordinates_missing_or_invalid|no_valid_location_points|requires_crosswalk_or_marine_review|timezone_not_normalized_to_utc
5672079,2150032,1998,1998-09-13T13:00:00,1998-09-13T15:00:00,AST,2.0,99,,C,005,AGUADILLA,0,0,0,0,,,,0,,0,1,begin_coordinates_missing_or_invalid|damage_crops_missing|damage_property_missing|end_coordinates_missing_or_invalid|no_valid_location_points|requires_crosswalk_or_marine_review|timezone_not_normalized_to_utc
5672081,2150034,1998,1998-09-18T13:00:00,1998-09-18T15:00:00,AST,2.0,99,,C,005,AGUADILLA,0,0,0,0,,,,0,,0,1,begin_coordinates_missing_or_invalid|damage_crops_missing|damage_property_missing|end_coordinates_missing_or_invalid|no_valid_location_points|requires_crosswalk_or_marine_review|timezone_not_normalized_to_utc
5672082,2150035,1998,1998-09-18T15:00:00,1998-09-18T18:00:00,AST,3.0,99,,C,127,SAN JUAN,0,0,0,0,,,,0,,0,1,begin_coordinates_missing_or_invalid|damage_crops_missing|damage_property_missing|end_coordinates_missing_or_invalid|no_valid_location_points|requires_crosswalk_or_marine_review|timezone_not_normalized_to_utc
5672084,2150037,1998,1998-09-26T18:00:00,1998-09-26T20:00:00,AST,2.0,99,,C,127,SAN JUAN,0,0,0,0,,,,0,,0,1,begin_coordinates_missing_or_invalid|damage_crops_missing|damage_property_missing|end_coordinates_missing_or_invalid|no_valid_location_points|requires_crosswalk_or_marine_review|timezone_not_normalized_to_utc
5672271,2150417,1998,1998-10-07T00:00:00,1998-10-07T03:00:00,EST,3.0,45,45045,C,045,GREENVILLE,0,0,0,0,,,,0,,0,1,begin_coordinates_missing_or_invalid|county_code_unverified|damage_crops_missing|damage_property_missing|end_coordinates_missing_or_invalid|no_valid_location_points|timezone_not_normalized_to_utc
5672434,2150052,1998,1998-10-05T00:15:00,1998-10-06T10:00:00,CST,33.75,20,,Z,059,ANDERSON,0,0,0,0,,1000,,0,,0,1,begin_coordinates_missing_or_invalid|damage_property_missing|end_coordinates_missing_or_invalid|no_valid_location_points|requires_crosswalk_or_marine_review|timezone_not_normalized_to_utc
5672435,2150052,1998,1998-10-05T00:15:00,1998-10-06T10:00:00,CST,33.75,20,,Z,055,OSAGE,0,0,0,0,,1000,,0,,0,1,begin_coordinates_missing_or_invalid|damage_property_missing|end_coordinates_missing_or_invalid|no_valid_location_points|requires_crosswalk_or_marine_review|timezone_not_normalized_to_utc
5672436,2150052,1998,1998-10-05T00:15:00,1998-10-06T10:00:00,CST,33.75,20,,Z,056,FRANKLIN,0,0,0,0,,1000,,0,,0,1,begin_coordinates_missing_or_invalid|damage_property_missing|end_coordinates_missing_or_invalid|no_valid_location_points|requires_crosswalk_or_marine_review|timezone_not_normalized_to_utc
5672440,2150053,1998,1998-10-17T03:00:00,1998-10-17T09:00:00,CST,6.0,20,20177,C,177,SHAWNEE,0,0,0,0,,,,0,,0,1,begin_coordinates_missing_or_invalid|county_code_unverified|damage_crops_missing|damage_property_missing|end_coordinates_missing_or_invalid|no_valid_location_points|timezone_not_normalized_to_utc
5672517,2150300,1998,1998-10-17T10:00:00,1998-10-18T15:00:00,CST,29.0,48,,Z,173,WILLIAMSON,0,0,0,0,30000,10000,,0,,0,1,begin_coordinates_missing_or_invalid|end_coordinates_missing_or_invalid|no_valid_location_points|requires_crosswalk_or_marine_review|timezone_not_normalized_to_utc
5672518,2150301,1998,1998-10-17T10:00:00,1998-10-18T15:00:00,CST,29.0,48,,Z,192,TRAVIS,50,0,0,0,1000000,50000,,0,,0,1,begin_coordinates_missing_or_invalid|end_coordinates_missing_or_invalid|no_valid_location_points|requires_crosswalk_or_marine_review|timezone_not_normalized_to_utc
5672519,2150302,1998,1998-10-17T10:00:00,1998-10-19T12:00:00,CST,50.0,48,,Z,193,BASTROP,10,0,0,0,8000000,50000,,0,,0,1,begin_coordinates_missing_or_invalid|end_coordinates_missing_or_invalid|no_valid_location_points|requires_crosswalk_or_marine_review|timezone_not_normalized_to_utc
5672520,2150302,1998,1998-10-17T18:00:00,1998-10-20T18:00:00,CST,72.0,48,,Z,209,FAYETTE,5,0,0,0,200000,100000,,0,,0,1,begin_coordinates_missing_or_invalid|end_coordinates_missing_or_invalid|no_valid_location_points|requires_crosswalk_or_marine_review|timezone_not_normalized_to_utc
5672521,2150303,1998,1998-10-17T22:00:00,1998-10-20T02:00:00,CST,52.0,48,,Z,225,LAVACA,5,0,0,0,200000,100000,,0,,0,1,begin_coordinates_missing_or_invalid|end_coordinates_missing_or_invalid|no_valid_location_points|requires_crosswalk_or_marine_review|timezone_not_normalized_to_utc
5672522,2150304,1998,1998-10-17T10:00:00,1998-10-19T18:00:00,CST,56.0,48,,Z,191,HAYS,25,0,0,0,4000000,50000,,0,,0,1,begin_coordinates_missing_or_invalid|end_coordinates_missing_or_invalid|no_valid_location_points|requires_crosswalk_or_marine_review|timezone_not_normalized_to_utc
5672523,2150305,1998,1998-10-17T10:00:00,1998-10-19T10:00:00,CST,48.0,48,,Z,191,HAYS,25,0,0,0,4000000,50000,,0,,0,1,begin_coordinates_missing_or_invalid|end_coordinates_missing_or_invalid|no_valid_location_points|requires_crosswalk_or_marine_review|timezone_not_normalized_to_utc
5672524,2150305,1998,1998-10-17T12:00:00,1998-10-19T18:00:00,CST,54.0,48,,Z,208,CALDWELL,50,0,0,0,50000000,100000,,0,,0,1,begin_coordinates_missing_or_invalid|end_coordinates_missing_or_invalid|no_valid_location_points|requires_crosswalk_or_marine_review|timezone_not_normalized_to_utc
5672525,2150305,1998,1998-10-17T20:00:00,1998-10-20T18:00:00,CST,70.0,48,,Z,223,GONZALES,50,0,0,0,8000000,500000,,0,,0,1,begin_coordinates_missing_or_invalid|end_coordinates_missing_or_invalid|no_valid_location_points|requires_crosswalk_or_marine_review|timezone_not_normalized_to_utc
5672526,2150306,1998,1998-10-17T12:00:00,1998-10-19T18:00:00,CST,54.0,48,,Z,208,CALDWELL,50,0,0,0,30000000,50000,,0,,0,1,begin_coordinates_missing_or_invalid|end_coordinates_missing_or_invalid|no_valid_location_points|requires_crosswalk_or_marine_review|timezone_not_normalized_to_utc
5672527,2150307,1998,1998-10-17T10:00:00,1998-10-19T18:00:00,CST,56.0,48,,Z,206,COMAL,50,0,0,0,8000000,100000,,0,,0,1,begin_coordinates_missing_or_invalid|end_coordinates_missing_or_invalid|no_valid_location_points|requires_crosswalk_or_marine_review|timezone_not_normalized_to_utc
5672532,2150402,1998,1998-10-25T13:17:00,1998-10-25T15:15:00,MST,1.9666666666666666,04,04005,C,005,COCONINO,0,0,0,0,0,0,,0,,0,1,begin_coordinates_missing_or_invalid|county_code_unverified|end_coordinates_missing_or_invalid|no_valid_location_points|timezone_not_normalized_to_utc
5672565,2150064,1998,1998-09-11T08:23:00,1998-09-11T08:23:00,MST,0.0,04,04015,C,015,MOHAVE,0,0,0,0,,,,0,,0,1,begin_coordinates_missing_or_invalid|county_code_unverified|damage_crops_missing|damage_property_missing|end_coordinates_missing_or_invalid|no_valid_location_points|timezone_not_normalized_to_utc
5672606,2150308,1998,1998-10-17T10:00:00,1998-10-18T15:00:00,CST,29.0,48,,Z,224,DE WITT,50,0,0,0,1000000,50000,,0,,0,1,begin_coordinates_missing_or_invalid|end_coordinates_missing_or_invalid|no_valid_location_points|requires_crosswalk_or_marine_review|timezone_not_normalized_to_utc
5672607,2150309,1998,1998-10-17T10:00:00,1998-10-19T18:00:00,CST,56.0,48,,Z,206,COMAL,50,0,0,0,200000000,500000,,0,,0,1,begin_coordinates_missing_or_invalid|end_coordinates_missing_or_invalid|no_valid_location_points|requires_crosswalk_or_marine_review|timezone_not_normalized_to_utc
5672608,2150309,1998,1998-10-17T15:00:00,1998-10-19T18:00:00,CST,51.0,48,,Z,207,GUADALUPE,50,0,0,0,30000000,50000,,0,,0,1,begin_coordinates_missing_or_invalid|end_coordinates_missing_or_invalid|no_valid_location_points|requires_crosswalk_or_marine_review|timezone_not_normalized_to_utc
5672609,2150309,1998,1998-10-17T22:00:00,1998-10-20T08:00:00,CST,58.0,48,,Z,223,GONZALES,150,0,0,0,8000000,500000,,0,,0,1,begin_coordinates_missing_or_invalid|end_coordinates_missing_or_invalid|no_valid_location_points|requires_crosswalk_or_marine_review|timezone_not_normalized_to_utc
5672610,2150309,1998,1998-10-18T05:00:00,1998-10-21T18:00:00,CST,85.0,48,,Z,224,DE WITT,500,0,0,0,30000000,500000,,0,,0,1,begin_coordinates_missing_or_invalid|end_coordinates_missing_or_invalid|no_valid_location_points|requires_crosswalk_or_marine_review|timezone_not_normalized_to_utc
5672611,1070489,1998,1998-10-17T08:00:00,1998-10-19T12:00:00,CST,52.0,48,,Z,205,BEXAR,100,0,0,0,8000000,50000,,0,,0,1,begin_coordinates_missing_or_invalid|end_coordinates_missing_or_invalid|no_valid_location_points|requires_crosswalk_or_marine_review|timezone_not_normalized_to_utc
5672612,1070489,1998,1998-10-17T10:00:00,1998-10-19T14:00:00,CST,52.0,48,,Z,207,GUADALUPE,250,0,0,0,5000000,80000,,0,,0,1,begin_coordinates_missing_or_invalid|end_coordinates_missing_or_invalid|no_valid_location_points|requires_crosswalk_or_marine_review|timezone_not_normalized_to_utc
5672613,1070489,1998,1998-10-17T14:00:00,1998-10-19T22:00:00,CST,56.0,48,,Z,221,WILSON,150,0,0,0,50000000,50000,,0,,0,1,begin_coordinates_missing_or_invalid|end_coordinates_missing_or_invalid|no_valid_location_points|requires_crosswalk_or_marine_review|timezone_not_normalized_to_utc
5672614,1070489,1998,1998-10-17T22:00:00,1998-10-20T12:00:00,CST,62.0,48,,Z,222,KARNES,50,0,0,0,3000000,50000,,0,,0,1,begin_coordinates_missing_or_invalid|end_coordinates_missing_or_invalid|no_valid_location_points|requires_crosswalk_or_marine_review|timezone_not_normalized_to_utc
5672615,2150310,1998,1998-10-17T08:00:00,1998-10-20T12:00:00,CST,76.0,48,,Z,205,BEXAR,100,0,0,0,8000000,80000,,0,,0,1,begin_coordinates_missing_or_invalid|end_coordinates_missing_or_invalid|no_valid_location_points|requires_crosswalk_or_marine_review|timezone_not_normalized_to_utc
5672616,2150311,1998,1998-10-17T23:00:00,1998-10-18T10:00:00,CST,11.0,48,,Z,203,UVALDE,0,0,0,0,20000,80000,,0,,0,1,begin_coordinates_missing_or_invalid|end_coordinates_missing_or_invalid|no_valid_location_points|requires_crosswalk_or_marine_review|timezone_not_normalized_to_utc
5672809,2150219,1998,1998-05-03T05:00:00,1998-05-05T20:00:00,EST,63.0,39,,Z,058,GUERNSEY,0,0,0,0,,,,0,,0,1,begin_coordinates_missing_or_invalid|damage_crops_missing|damage_property_missing|end_coordinates_missing_or_invalid|no_valid_location_points|requires_crosswalk_or_marine_review|timezone_not_normalized_to_utc
5672913,2150336,1998,1998-10-28T00:10:00,1998-10-28T11:30:00,CST,11.333333333333334,01,,Z,063,LOWER MOBILE,0,0,0,0,5000,,,0,,0,1,begin_coordinates_missing_or_invalid|damage_crops_missing|end_coordinates_missing_or_invalid|no_valid_location_points|requires_crosswalk_or_marine_review|timezone_not_normalized_to_utc
5673003,1070401,1998,1998-10-25T16:00:00,1998-10-25T18:30:00,PST,2.5,06,06071,C,071,SAN BERNARDINO,0,0,0,0,,,,0,,0,1,begin_coordinates_missing_or_invalid|county_code_unverified|damage_crops_missing|damage_property_missing|end_coordinates_missing_or_invalid|no_valid_location_points|timezone_not_normalized_to_utc
5673004,1070401,1998,1998-10-25T16:00:00,1998-10-25T18:30:00,PST,2.5,06,06065,C,065,RIVERSIDE,0,0,0,0,,,,0,,0,1,begin_coordinates_missing_or_invalid|county_code_unverified|damage_crops_missing|damage_property_missing|end_coordinates_missing_or_invalid|no_valid_location_points|timezone_not_normalized_to_utc
5673107,2150112,1998,1998-10-04T00:00:00,1998-10-08T23:59:00,CST,119.98333333333333,20,,Z,103,LEAVENWORTH,0,0,0,0,,,,0,,0,1,begin_coordinates_missing_or_invalid|damage_crops_missing|damage_property_missing|end_coordinates_missing_or_invalid|no_valid_location_points|requires_crosswalk_or_marine_review|timezone_not_normalized_to_utc
5673108,2150112,1998,1998-10-05T00:00:00,1998-10-05T00:00:00,CST,0.0,20,,Z,104,WYANDOTTE,0,0,0,0,,,,0,,0,1,begin_coordinates_missing_or_invalid|damage_crops_missing|damage_property_missing|end_coordinates_missing_or_invalid|no_valid_location_points|requires_crosswalk_or_marine_review|timezone_not_normalized_to_utc
5673109,2150112,1998,1998-10-05T00:00:00,1998-10-09T23:59:00,CST,119.98333333333333,20,,Z,057,MIAMI,0,0,0,0,,,,0,,0,1,begin_coordinates_missing_or_invalid|damage_crops_missing|damage_property_missing|end_coordinates_missing_or_invalid|no_valid_location_points|requires_crosswalk_or_marine_review|timezone_not_normalized_to_utc
5673110,2150112,1998,1998-10-05T00:00:00,1998-10-11T23:59:00,CST,167.98333333333332,20,,Z,060,LINN,0,0,0,0,,,,0,,0,1,begin_coordinates_missing_or_invalid|damage_crops_missing|damage_property_missing|end_coordinates_missing_or_invalid|no_valid_location_points|requires_crosswalk_or_marine_review|timezone_not_normalized_to_utc
5673111,2150112,1998,1998-10-04T00:00:00,1998-10-05T23:59:00,CST,47.983333333333334,20,,Z,105,JOHNSON,0,0,0,0,,,,0,,0,1,begin_coordinates_missing_or_invalid|damage_crops_missing|damage_property_missing|end_coordinates_missing_or_invalid|no_valid_location_points|requires_crosswalk_or_marine_review|timezone_not_normalized_to_utc
5673112,2150113,1998,1998-10-17T00:00:00,1998-10-17T23:59:00,CST,23.983333333333334,20,,Z,025,ATCHISON,0,0,0,0,,,,0,,0,1,begin_coordinates_missing_or_invalid|damage_crops_missing|damage_property_missing|end_coordinates_missing_or_invalid|no_valid_location_points|requires_crosswalk_or_marine_review|timezone_not_normalized_to_utc
5673113,2150114,1998,1998-10-04T00:00:00,1998-10-08T23:59:00,CST,119.98333333333333,29,,Z,037,JACKSON,0,0,0,0,,,,0,,0,1,begin_coordinates_missing_or_invalid|damage_crops_missing|damage_property_missing|end_coordinates_missing_or_invalid|no_valid_location_points|requires_crosswalk_or_marine_review|timezone_not_normalized_to_utc
5673114,2150114,1998,1998-10-01T00:00:00,1998-10-08T23:59:00,CST,191.98333333333332,29,,Z,054,HENRY,0,0,0,0,,,,0,,0,1,begin_coordinates_missing_or_invalid|damage_crops_missing|damage_property_missing|end_coordinates_missing_or_invalid|no_valid_location_points|requires_crosswalk_or_marine_review|timezone_not_normalized_to_utc
5673203,2150114,1998,1998-10-04T00:00:00,1998-10-06T23:59:00,CST,71.98333333333333,29,,Z,044,JOHNSON,0,0,0,0,,,,0,,0,1,begin_coordinates_missing_or_invalid|damage_crops_missing|damage_property_missing|end_coordinates_missing_or_invalid|no_valid_location_points|requires_crosswalk_or_marine_review|timezone_not_normalized_to_utc
5673204,2150114,1998,1998-10-05T00:00:00,1998-10-10T23:59:00,CST,143.98333333333332,29,,Z,039,SALINE,0,0,0,0,,,,0,,0,1,begin_coordinates_missing_or_invalid|damage_crops_missing|damage_property_missing|end_coordinates_missing_or_invalid|no_valid_location_points|requires_crosswalk_or_marine_review|timezone_not_normalized_to_utc
5673205,2150114,1998,1998-10-04T00:00:00,1998-10-08T23:59:00,CST,119.98333333333333,29,,Z,031,CARROLL,0,0,0,0,,,,0,,0,1,begin_coordinates_missing_or_invalid|damage_crops_missing|damage_property_missing|end_coordinates_missing_or_invalid|no_valid_location_points|requires_crosswalk_or_marine_review|timezone_not_normalized_to_utc
5673206,2150114,1998,1998-10-04T00:00:00,1998-10-06T23:59:00,CST,71.98333333333333,29,,Z,030,RAY,0,0,0,0,,,,0,,0,1,begin_coordinates_missing_or_invalid|damage_crops_missing|damage_property_missing|end_coordinates_missing_or_invalid|no_valid_location_points|requires_crosswalk_or_marine_review|timezone_not_normalized_to_utc
5673207,2150114,1998,1998-10-04T00:00:00,1998-10-06T23:59:00,CST,71.98333333333333,29,,Z,029,CLAY,0,0,0,0,,,,0,,0,1,begin_coordinates_missing_or_invalid|damage_crops_missing|damage_property_missing|end_coordinates_missing_or_invalid|no_valid_location_points|requires_crosswalk_or_marine_review|timezone_not_normalized_to_utc
5673208,2150114,1998,1998-10-04T00:00:00,1998-10-06T23:59:00,CST,71.98333333333333,29,,Z,014,DAVIESS,0,0,0,0,,,,0,,0,1,begin_coordinates_missing_or_invalid|damage_crops_missing|damage_property_missing|end_coordinates_missing_or_invalid|no_valid_location_points|requires_crosswalk_or_marine_review|timezone_not_normalized_to_utc
5673209,2150114,1998,1998-10-05T00:00:00,1998-10-08T23:59:00,CST,95.98333333333333,29,,Z,023,LIVINGSTON,0,0,0,0,,,,0,,0,1,begin_coordinates_missing_or_invalid|damage_crops_missing|damage_property_missing|end_coordinates_missing_or_invalid|no_valid_location_points|requires_crosswalk_or_marine_review|timezone_not_normalized_to_utc
5673210,2150114,1998,1998-10-05T00:00:00,1998-10-11T23:59:00,CST,167.98333333333332,29,,Z,032,CHARITON,0,0,0,0,,,,0,,0,1,begin_coordinates_missing_or_invalid|damage_crops_missing|damage_property_missing|end_coordinates_missing_or_invalid|no_valid_location_points|requires_crosswalk_or_marine_review|timezone_not_normalized_to_utc
5673211,2150114,1998,1998-10-04T00:00:00,1998-10-09T23:59:00,CST,143.98333333333332,29,,Z,038,LAFAYETTE,0,0,0,0,,,,0,,0,1,begin_coordinates_missing_or_invalid|damage_crops_missing|damage_property_missing|end_coordinates_missing_or_invalid|no_valid_location_points|requires_crosswalk_or_marine_review|timezone_not_normalized_to_utc
5673212,2150114,1998,1998-10-05T00:00:00,1998-10-10T23:59:00,CST,143.98333333333332,29,,Z,040,HOWARD,0,0,0,0,,,,0,,0,1,begin_coordinates_missing_or_invalid|damage_crops_missing|damage_property_missing|end_coordinates_missing_or_invalid|no_valid_location_points|requires_crosswalk_or_marine_review|timezone_not_normalized_to_utc
5673213,2150114,1998,1998-10-05T00:00:00,1998-10-11T23:59:00,CST,167.98333333333332,29,,Z,046,COOPER,0,0,0,0,,,,0,,0,1,begin_coordinates_missing_or_invalid|damage_crops_missing|damage_property_missing|end_coordinates_missing_or_invalid|no_valid_location_points|requires_crosswalk_or_marine_review|timezone_not_normalized_to_utc
5673214,2150114,1998,1998-10-04T00:00:00,1998-10-07T23:59:00,CST,95.98333333333333,29,,Z,020,BUCHANAN,0,0,0,0,,,,0,,0,1,begin_coordinates_missing_or_invalid|damage_crops_missing|damage_property_missing|end_coordinates_missing_or_invalid|no_valid_location_points|requires_crosswalk_or_marine_review|timezone_not_normalized_to_utc
5673215,2150114,1998,1998-10-05T00:00:00,1998-10-09T23:59:00,CST,119.98333333333333,29,,Z,028,PLATTE,0,0,0,0,,,,0,,0,1,begin_coordinates_missing_or_invalid|damage_crops_missing|damage_property_missing|end_coordinates_missing_or_invalid|no_valid_location_points|requires_crosswalk_or_marine_review|timezone_not_normalized_to_utc
5673216,2150115,1998,1998-10-17T00:00:00,1998-10-19T23:59:00,CST,71.98333333333333,29,,Z,054,HENRY,0,0,0,0,,,,0,,0,1,begin_coordinates_missing_or_invalid|damage_crops_missing|damage_property_missing|end_coordinates_missing_or_invalid|no_valid_location_points|requires_crosswalk_or_marine_review|timezone_not_normalized_to_utc
5673217,2150115,1998,1998-10-17T00:00:00,1998-10-19T23:59:00,CST,71.98333333333333,29,,Z,044,JOHNSON,0,0,0,0,,,,0,,0,1,begin_coordinates_missing_or_invalid|damage_crops_missing|damage_property_missing|end_coordinates_missing_or_invalid|no_valid_location_points|requires_crosswalk_or_marine_review|timezone_not_normalized_to_utc
5673218,2150115,1998,1998-10-17T00:00:00,1998-10-23T23:59:00,CST,167.98333333333332,29,,Z,039,SALINE,0,0,0,0,,,,0,,0,1,begin_coordinates_missing_or_invalid|damage_crops_missing|damage_property_missing|end_coordinates_missing_or_invalid|no_valid_location_points|requires_crosswalk_or_marine_review|timezone_not_normalized_to_utc
5673219,2150115,1998,1998-10-17T00:00:00,1998-10-18T23:59:00,CST,47.983333333333334,29,,Z,029,CLAY,0,0,0,0,,,,0,,0,1,begin_coordinates_missing_or_invalid|damage_crops_missing|damage_property_missing|end_coordinates_missing_or_invalid|no_valid_location_points|requires_crosswalk_or_marine_review|timezone_not_normalized_to_utc
5673220,2150115,1998,1998-10-18T00:00:00,1998-10-19T23:59:00,CST,47.983333333333334,29,,Z,023,LIVINGSTON,0,0,0,0,,,,0,,0,1,begin_coordinates_missing_or_invalid|damage_crops_missing|damage_property_missing|end_coordinates_missing_or_invalid|no_valid_location_points|requires_crosswalk_or_marine_review|timezone_not_normalized_to_utc
5673221,2150115,1998,1998-10-17T00:00:00,1998-10-21T23:59:00,CST,119.98333333333333,29,,Z,032,CHARITON,0,0,0,0,,,,0,,0,1,begin_coordinates_missing_or_invalid|damage_crops_missing|damage_property_missing|end_coordinates_missing_or_invalid|no_valid_location_points|requires_crosswalk_or_marine_review|timezone_not_normalized_to_utc
5673222,2150115,1998,1998-10-19T00:00:00,1998-10-21T23:59:00,CST,71.98333333333333,29,,Z,046,COOPER,0,0,0,0,,,,0,,0,1,begin_coordinates_missing_or_invalid|damage_crops_missing|damage_property_missing|end_coordinates_missing_or_invalid|no_valid_location_points|requires_crosswalk_or_marine_review|timezone_not_normalized_to_utc
5673223,2150115,1998,1998-10-19T00:00:00,1998-10-19T23:59:00,CST,23.983333333333334,29,,Z,028,PLATTE,0,0,0,0,,,,0,,0,1,begin_coordinates_missing_or_invalid|damage_crops_missing|damage_property_missing|end_coordinates_missing_or_invalid|no_valid_location_points|requires_crosswalk_or_marine_review|timezone_not_normalized_to_utc
5673224,2150115,1998,1998-10-18T00:00:00,1998-10-18T23:59:00,CST,23.983333333333334,29,,Z,040,HOWARD,0,0,0,0,,,,0,,0,1,begin_coordinates_missing_or_invalid|damage_crops_missing|damage_property_missing|end_coordinates_missing_or_invalid|no_valid_location_points|requires_crosswalk_or_marine_review|timezone_not_normalized_to_utc
5673225,2150116,1998,1998-10-31T00:00:00,1998-10-31T23:59:00,CST,23.983333333333334,29,,Z,029,CLAY,0,0,0,0,,,,0,,0,1,begin_coordinates_missing_or_invalid|damage_crops_missing|damage_property_missing|end_coordinates_missing_or_invalid|no_valid_location_points|requires_crosswalk_or_marine_review|timezone_not_normalized_to_utc
5673531,2151530,1998,1998-12-02T07:00:00,1998-12-03T04:00:00,PST,21.0,06,06023,C,023,HUMBOLDT,0,0,0,0,,,,0,,0,1,begin_coordinates_missing_or_invalid|county_code_unverified|damage_crops_missing|damage_property_missing|end_coordinates_missing_or_invalid|no_valid_location_points|timezone_not_normalized_to_utc
5673532,2151530,1998,1998-12-02T07:00:00,1998-12-03T04:00:00,PST,21.0,06,06015,C,015,DEL NORTE,0,0,0,0,,,,0,,0,1,begin_coordinates_missing_or_invalid|county_code_unverified|damage_crops_missing|damage_property_missing|end_coordinates_missing_or_invalid|no_valid_location_points|timezone_not_normalized_to_utc
5674157,2151400,1998,1998-11-25T08:00:00,1998-11-27T20:00:00,PST,60.0,41,,Z,001,NORTHERN COAST,0,0,0,0,,,,0,,0,1,begin_coordinates_missing_or_invalid|damage_crops_missing|damage_property_missing|end_coordinates_missing_or_invalid|no_valid_location_points|requires_crosswalk_or_marine_review|timezone_not_normalized_to_utc
5674158,2151400,1998,1998-11-25T08:00:00,1998-11-26T22:00:00,PST,38.0,41,,Z,002,CENTRAL COAST,0,0,0,0,,,,0,,0,1,begin_coordinates_missing_or_invalid|damage_crops_missing|damage_property_missing|end_coordinates_missing_or_invalid|no_valid_location_points|requires_crosswalk_or_marine_review|timezone_not_normalized_to_utc
5674159,2151400,1998,1998-11-25T08:00:00,1998-11-28T20:00:00,PST,84.0,41,,Z,004,NORTHERN WILLAMETTE VALLEY INCLUDING PORTLAND METRO AREA,0,0,0,0,,,,0,,0,1,begin_coordinates_missing_or_invalid|damage_crops_missing|damage_property_missing|end_coordinates_missing_or_invalid|no_valid_location_points|requires_crosswalk_or_marine_review|timezone_not_normalized_to_utc
5674160,2151400,1998,1998-11-25T08:00:00,1998-11-27T22:00:00,PST,62.0,41,,Z,005,CENTRAL WILLAMETTE VALLEY INCLUDING SALEM,0,0,0,0,,,,0,,0,1,begin_coordinates_missing_or_invalid|damage_crops_missing|damage_property_missing|end_coordinates_missing_or_invalid|no_valid_location_points|requires_crosswalk_or_marine_review|timezone_not_normalized_to_utc
5674161,2151401,1998,1998-11-25T10:00:00,1998-11-26T21:00:00,PST,35.0,53,,Z,021,W PACIFIC,0,0,0,0,,,,0,,0,1,begin_coordinates_missing_or_invalid|damage_crops_missing|damage_property_missing|end_coordinates_missing_or_invalid|no_valid_location_points|requires_crosswalk_or_marine_review|timezone_not_normalized_to_utc
5674165,2151405,1998,1998-12-04T17:00:00,1998-12-04T19:00:00,AST,2.0,96,,C,010,ST. CROIX,0,0,0,0,,,,0,,0,1,begin_coordinates_missing_or_invalid|damage_crops_missing|damage_property_missing|end_coordinates_missing_or_invalid|no_valid_location_points|requires_crosswalk_or_marine_review|timezone_not_normalized_to_utc
5674166,1071703,1998,1998-12-05T07:00:00,1998-12-05T09:00:00,AST,2.0,96,,C,010,ST. CROIX,0,0,0,0,,,,0,,0,1,begin_coordinates_missing_or_invalid|damage_crops_missing|damage_property_missing|end_coordinates_missing_or_invalid|no_valid_location_points|requires_crosswalk_or_marine_review|timezone_not_normalized_to_utc
5674167,2151406,1998,1998-12-27T08:00:00,1998-12-27T10:00:00,AST,2.0,99,,C,069,HUMACAO,0,0,0,0,,,,0,,0,1,begin_coordinates_missing_or_invalid|damage_crops_missing|damage_property_missing|end_coordinates_missing_or_invalid|no_valid_location_points|requires_crosswalk_or_marine_review|timezone_not_normalized_to_utc
5674487,2151572,1998,1998-12-01T00:00:00,1998-12-05T18:15:00,PST,114.25,41,,Z,003,NW DOUGLAS/COOS/CURRY,0,0,0,0,,,,0,,0,1,begin_coordinates_missing_or_invalid|damage_crops_missing|damage_property_missing|end_coordinates_missing_or_invalid|no_valid_location_points|requires_crosswalk_or_marine_review|timezone_not_normalized_to_utc
5674501,2151580,1998,1998-12-29T02:15:00,1998-12-30T22:00:00,PST,43.75,41,,Z,003,NW DOUGLAS/COOS/CURRY,0,0,0,0,,,,0,,0,1,begin_coordinates_missing_or_invalid|damage_crops_missing|damage_property_missing|end_coordinates_missing_or_invalid|no_valid_location_points|requires_crosswalk_or_marine_review|timezone_not_normalized_to_utc
5674797,1071970,1998,1998-09-25T16:00:00,1998-09-26T09:00:00,SST,17.0,97,,Z,002,TUTUILA,0,0,0,0,,,,0,,0,1,begin_coordinates_missing_or_invalid|damage_crops_missing|damage_property_missing|end_coordinates_missing_or_invalid|no_valid_location_points|requires_crosswalk_or_marine_review|timezone_not_normalized_to_utc
5674847,2151352,1998,1998-12-21T14:00:00,1998-12-21T16:00:00,CST,2.0,18,18051,C,051,GIBSON,0,0,0,0,,,,0,,0,1,begin_coordinates_missing_or_invalid|county_code_unverified|damage_crops_missing|damage_property_missing|end_coordinates_missing_or_invalid|no_valid_location_points|timezone_not_normalized_to_utc
5674848,2151352,1998,1998-12-21T14:00:00,1998-12-21T16:00:00,CST,2.0,18,18129,C,129,POSEY,0,0,0,0,,,,0,,0,1,begin_coordinates_missing_or_invalid|county_code_unverified|damage_crops_missing|damage_property_missing|end_coordinates_missing_or_invalid|no_valid_location_points|timezone_not_normalized_to_utc
5674849,2151352,1998,1998-12-21T14:00:00,1998-12-21T16:00:00,CST,2.0,18,18163,C,163,VANDERBURGH,0,0,0,0,,,,0,,0,1,begin_coordinates_missing_or_invalid|county_code_unverified|damage_crops_missing|damage_property_missing|end_coordinates_missing_or_invalid|no_valid_location_points|timezone_not_normalized_to_utc
5674850,2151352,1998,1998-12-21T14:00:00,1998-12-21T16:00:00,CST,2.0,18,18173,C,173,WARRICK,0,0,0,0,,,,0,,0,1,begin_coordinates_missing_or_invalid|county_code_unverified|damage_crops_missing|damage_property_missing|end_coordinates_missing_or_invalid|no_valid_location_points|timezone_not_normalized_to_utc
5675244,2151277,1998,1998-10-13T15:00:00,1998-10-13T16:00:00,HST,1.0,15,15001,C,001,HAWAII,0,0,0,0,,,,0,,0,1,begin_coordinates_missing_or_invalid|county_code_unverified|damage_crops_missing|damage_property_missing|end_coordinates_missing_or_invalid|no_valid_location_points|timezone_not_normalized_to_utc
5675245,2151278,1998,1998-10-15T05:00:00,1998-10-15T11:00:00,HST,6.0,15,15001,C,001,HAWAII,0,0,0,0,,,,0,,0,1,begin_coordinates_missing_or_invalid|county_code_unverified|damage_crops_missing|damage_property_missing|end_coordinates_missing_or_invalid|no_valid_location_points|timezone_not_normalized_to_utc
5675280,2151285,1998,1998-11-17T14:30:00,1998-11-17T20:30:00,HST,6.0,15,15009,C,009,MAUI,0,0,0,0,,,,0,,0,1,begin_coordinates_missing_or_invalid|county_code_unverified|damage_crops_missing|damage_property_missing|end_coordinates_missing_or_invalid|no_valid_location_points|timezone_not_normalized_to_utc
5675533,2151610,1998,1998-12-28T05:00:00,1998-12-28T10:00:00,PST,5.0,41,,Z,019,NORTHEAST OREGON,0,0,0,0,,,,0,,0,1,begin_coordinates_missing_or_invalid|damage_crops_missing|damage_property_missing|end_coordinates_missing_or_invalid|no_valid_location_points|requires_crosswalk_or_marine_review|timezone_not_normalized_to_utc
5675534,2151611,1998,1998-12-29T12:00:00,1998-12-30T16:00:00,PST,28.0,41,,Z,017,FOOTHILLS OF THE BLUE MOUNTAINS,0,0,0,0,,,,0,,0,1,begin_coordinates_missing_or_invalid|damage_crops_missing|damage_property_missing|end_coordinates_missing_or_invalid|no_valid_location_points|requires_crosswalk_or_marine_review|timezone_not_normalized_to_utc
5675535,2151612,1998,1998-12-28T11:00:00,1998-12-29T09:00:00,PST,22.0,53,,Z,027,YAKIMA VALLEY,0,0,0,0,,,,0,,0,1,begin_coordinates_missing_or_invalid|damage_crops_missing|damage_property_missing|end_coordinates_missing_or_invalid|no_valid_location_points|requires_crosswalk_or_marine_review|timezone_not_normalized_to_utc
5675536,2151612,1998,1998-12-29T17:00:00,1998-12-31T10:00:00,PST,41.0,53,,Z,025,EAST SLOPES SOUTHERN CASCADES,0,0,0,0,,,,0,,0,1,begin_coordinates_missing_or_invalid|damage_crops_missing|damage_property_missing|end_coordinates_missing_or_invalid|no_valid_location_points|requires_crosswalk_or_marine_review|timezone_not_normalized_to_utc
5675537,2151612,1998,1998-12-28T11:00:00,1998-12-29T11:00:00,PST,24.0,53,,Z,026,E KITTITAS,0,0,0,0,,,,0,,0,1,begin_coordinates_missing_or_invalid|damage_crops_missing|damage_property_missing|end_coordinates_missing_or_invalid|no_valid_location_points|requires_crosswalk_or_marine_review|timezone_not_normalized_to_utc
5675541,2151614,1998,1998-11-28T15:30:00,1998-11-28T16:53:00,MST,1.3833333333333333,04,04027,C,027,YUMA,0,0,0,0,,,,0,,0,1,begin_coordinates_missing_or_invalid|county_code_unverified|damage_crops_missing|damage_property_missing|end_coordinates_missing_or_invalid|no_valid_location_points|timezone_not_normalized_to_utc
5675560,2151300,1998,1998-12-31T04:00:00,1998-12-31T07:00:00,HST,3.0,15,15009,C,009,MAUI,0,0,0,0,,,,0,,0,1,begin_coordinates_missing_or_invalid|county_code_unverified|damage_crops_missing|damage_property_missing|end_coordinates_missing_or_invalid|no_valid_location_points|timezone_not_normalized_to_utc
5675561,2151301,1998,1998-11-01T00:01:00,1998-11-05T23:59:00,CST,119.96666666666667,20,,Z,072,ALLEN,0,0,0,0,,,,0,,0,1,begin_coordinates_missing_or_invalid|damage_crops_missing|damage_property_missing|end_coordinates_missing_or_invalid|no_valid_location_points|requires_crosswalk_or_marine_review|timezone_not_normalized_to_utc
5675562,2151301,1998,1998-11-01T00:01:00,1998-11-05T23:59:00,CST,119.96666666666667,20,,Z,049,SALINE,0,0,0,0,200000,,,0,,0,1,begin_coordinates_missing_or_invalid|damage_crops_missing|end_coordinates_missing_or_invalid|no_valid_location_points|requires_crosswalk_or_marine_review|timezone_not_normalized_to_utc
5675563,2151301,1998,1998-11-01T00:01:00,1998-11-05T23:59:00,CST,119.96666666666667,20,,Z,051,MCPHERSON,0,0,0,0,1500000.0,,,0,,0,1,begin_coordinates_missing_or_invalid|damage_crops_missing|end_coordinates_missing_or_invalid|no_valid_location_points|requires_crosswalk_or_marine_review|timezone_not_normalized_to_utc
5675564,2151301,1998,1998-11-01T00:01:00,1998-11-05T23:59:00,CST,119.96666666666667,20,,Z,091,HARPER,0,0,0,0,1000000,,,0,,0,1,begin_coordinates_missing_or_invalid|damage_crops_missing|end_coordinates_missing_or_invalid|no_valid_location_points|requires_crosswalk_or_marine_review|timezone_not_normalized_to_utc
5675565,2151301,1998,1998-11-01T00:01:00,1998-11-05T23:59:00,CST,119.96666666666667,20,,Z,068,HARVEY,0,0,1,0,1000000,,,1,,0,1,begin_coordinates_missing_or_invalid|damage_crops_missing|end_coordinates_missing_or_invalid|no_valid_location_points|requires_crosswalk_or_marine_review|timezone_not_normalized_to_utc
5675566,2151301,1998,1998-11-01T00:01:00,1998-11-05T23:59:00,CST,119.96666666666667,20,,Z,052,MARION,0,0,0,0,2250000.00,,,0,,0,1,begin_coordinates_missing_or_invalid|damage_crops_missing|end_coordinates_missing_or_invalid|no_valid_location_points|requires_crosswalk_or_marine_review|timezone_not_normalized_to_utc
5675567,2151301,1998,1998-11-01T00:01:00,1998-11-05T23:59:00,CST,119.96666666666667,20,,Z,083,SEDGWICK,0,0,0,0,4000000,,,0,,0,1,begin_coordinates_missing_or_invalid|damage_crops_missing|end_coordinates_missing_or_invalid|no_valid_location_points|requires_crosswalk_or_marine_review|timezone_not_normalized_to_utc
5675568,2151301,1998,1998-11-01T00:01:00,1998-11-05T23:59:00,CST,119.96666666666667,20,,Z,092,SUMNER,2,0,0,0,1000000,,,0,,0,1,begin_coordinates_missing_or_invalid|damage_crops_missing|end_coordinates_missing_or_invalid|no_valid_location_points|requires_crosswalk_or_marine_review|timezone_not_normalized_to_utc
5675569,2151301,1998,1998-11-01T00:01:00,1998-11-05T23:59:00,CST,119.96666666666667,20,,Z,069,BUTLER,0,0,0,0,10000000,,,0,,0,1,begin_coordinates_missing_or_invalid|damage_crops_missing|end_coordinates_missing_or_invalid|no_valid_location_points|requires_crosswalk_or_marine_review|timezone_not_normalized_to_utc
5675570,2151301,1998,1998-11-01T00:01:00,1998-11-05T23:59:00,CST,119.96666666666667,20,,Z,093,COWLEY,0,0,0,0,8000000,,,0,,0,1,begin_coordinates_missing_or_invalid|damage_crops_missing|end_coordinates_missing_or_invalid|no_valid_location_points|requires_crosswalk_or_marine_review|timezone_not_normalized_to_utc
5675571,2151301,1998,1998-11-01T00:01:00,1998-11-05T23:59:00,CST,119.96666666666667,20,,Z,053,CHASE,0,0,0,0,2000000,,,0,,0,1,begin_coordinates_missing_or_invalid|damage_crops_missing|end_coordinates_missing_or_invalid|no_valid_location_points|requires_crosswalk_or_marine_review|timezone_not_normalized_to_utc
5675572,2151301,1998,1998-11-01T00:01:00,1998-11-05T23:59:00,CST,119.96666666666667,20,,Z,070,GREENWOOD,0,0,0,0,500000,,,0,,0,1,begin_coordinates_missing_or_invalid|damage_crops_missing|end_coordinates_missing_or_invalid|no_valid_location_points|requires_crosswalk_or_marine_review|timezone_not_normalized_to_utc
5675573,2151301,1998,1998-11-01T00:01:00,1998-11-05T23:59:00,CST,119.96666666666667,20,,Z,096,NEOSHO,0,0,0,0,500000,,,0,,0,1,begin_coordinates_missing_or_invalid|damage_crops_missing|end_coordinates_missing_or_invalid|no_valid_location_points|requires_crosswalk_or_marine_review|timezone_not_normalized_to_utc
5675574,2151301,1998,1998-11-01T00:01:00,1998-11-05T23:59:00,CST,119.96666666666667,20,,Z,095,WILSON,0,0,0,0,,,,0,,0,1,begin_coordinates_missing_or_invalid|damage_crops_missing|damage_property_missing|end_coordinates_missing_or_invalid|no_valid_location_points|requires_crosswalk_or_marine_review|timezone_not_normalized_to_utc
5675698,2151187,1998,1998-10-06T15:23:00,1998-10-06T17:00:00,EST,1.6166666666666667,26,26081,C,081,KENT,0,0,0,0,,,,0,,0,1,begin_coordinates_missing_or_invalid|county_code_unverified|damage_crops_missing|damage_property_missing|end_coordinates_missing_or_invalid|no_valid_location_points|timezone_not_normalized_to_utc
5675808,2151195,1998,1998-06-14T20:15:00,1998-06-16T01:30:00,EST,29.25,23,,Z,012,SOUTHERN OXFORD,0,0,0,0,35000,,,0,,0,1,begin_coordinates_missing_or_invalid|damage_crops_missing|end_coordinates_missing_or_invalid|no_valid_location_points|requires_crosswalk_or_marine_review|timezone_not_normalized_to_utc
5675809,2151195,1998,1998-06-14T14:30:00,1998-06-16T21:30:00,EST,55.0,23,,Z,020,ANDROSCOGGIN,0,0,0,0,,,,0,,0,1,begin_coordinates_missing_or_invalid|damage_crops_missing|damage_property_missing|end_coordinates_missing_or_invalid|no_valid_location_points|requires_crosswalk_or_marine_review|timezone_not_normalized_to_utc
5675810,2151195,1998,1998-06-14T23:15:00,1998-06-16T10:00:00,EST,34.75,23,,Z,021,KENNEBEC,0,0,0,0,,,,0,,0,1,begin_coordinates_missing_or_invalid|damage_crops_missing|damage_property_missing|end_coordinates_missing_or_invalid|no_valid_location_points|requires_crosswalk_or_marine_review|timezone_not_normalized_to_utc
5675811,2151195,1998,1998-06-14T13:00:00,1998-06-16T06:00:00,EST,41.0,23,,Z,014,SOUTHERN SOMERSET,0,0,0,0,,,,0,,0,1,begin_coordinates_missing_or_invalid|damage_crops_missing|damage_property_missing|end_coordinates_missing_or_invalid|no_valid_location_points|requires_crosswalk_or_marine_review|timezone_not_normalized_to_utc
5675812,2151195,1998,1998-06-14T01:00:00,1998-06-15T01:30:00,EST,24.5,23,,Z,024,COASTAL CUMBERLAND,0,0,0,0,25000,,,0,,0,1,begin_coordinates_missing_or_invalid|damage_crops_missing|end_coordinates_missing_or_invalid|no_valid_location_points|requires_crosswalk_or_marine_review|timezone_not_normalized_to_utc
5675813,2151196,1998,1998-06-14T16:30:00,1998-06-15T03:00:00,EST,10.5,33,,Z,005,SOUTHERN GRAFTON,0,0,0,0,25000,,,0,,0,1,begin_coordinates_missing_or_invalid|damage_crops_missing|end_coordinates_missing_or_invalid|no_valid_location_points|requires_crosswalk_or_marine_review|timezone_not_normalized_to_utc
5675814,2151196,1998,1998-06-13T20:00:00,1998-06-15T14:45:00,EST,42.75,33,,Z,004,NORTHERN CARROLL,0,0,0,0,150000,,,0,,0,1,begin_coordinates_missing_or_invalid|damage_crops_missing|end_coordinates_missing_or_invalid|no_valid_location_points|requires_crosswalk_or_marine_review|timezone_not_normalized_to_utc
5675815,2151197,1998,1998-06-17T07:30:00,1998-06-18T09:30:00,EST,26.0,23,,Z,020,ANDROSCOGGIN,0,0,0,0,25000,,,0,,0,1,begin_coordinates_missing_or_invalid|damage_crops_missing|end_coordinates_missing_or_invalid|no_valid_location_points|requires_crosswalk_or_marine_review|timezone_not_normalized_to_utc
5675816,2151197,1998,1998-06-16T15:30:00,1998-06-19T05:00:00,EST,61.5,23,,Z,024,COASTAL CUMBERLAND,0,0,0,0,25000,,,0,,0,1,begin_coordinates_missing_or_invalid|damage_crops_missing|end_coordinates_missing_or_invalid|no_valid_location_points|requires_crosswalk_or_marine_review|timezone_not_normalized_to_utc
5675817,2151197,1998,1998-06-17T08:00:00,1998-06-20T12:00:00,EST,76.0,23,,Z,023,COASTAL YORK,0,0,0,0,50000,,,0,,0,1,begin_coordinates_missing_or_invalid|damage_crops_missing|end_coordinates_missing_or_invalid|no_valid_location_points|requires_crosswalk_or_marine_review|timezone_not_normalized_to_utc
5675818,2151197,1998,1998-06-17T08:00:00,1998-06-20T12:00:00,EST,76.0,23,,Z,018,INTERIOR YORK,0,0,0,0,50000,,,0,,0,1,begin_coordinates_missing_or_invalid|damage_crops_missing|end_coordinates_missing_or_invalid|no_valid_location_points|requires_crosswalk_or_marine_review|timezone_not_normalized_to_utc
5675819,2151197,1998,1998-06-17T09:00:00,1998-06-18T08:00:00,EST,23.0,23,,Z,014,SOUTHERN SOMERSET,0,0,0,0,35000,,,0,,0,1,begin_coordinates_missing_or_invalid|damage_crops_missing|end_coordinates_missing_or_invalid|no_valid_location_points|requires_crosswalk_or_marine_review|timezone_not_normalized_to_utc
5675820,2151198,1998,1998-06-16T10:45:00,1998-06-17T06:45:00,EST,20.0,33,,Z,004,NORTHERN CARROLL,0,0,0,0,,,,0,,0,1,begin_coordinates_missing_or_invalid|damage_crops_missing|damage_property_missing|end_coordinates_missing_or_invalid|no_valid_location_points|requires_crosswalk_or_marine_review|timezone_not_normalized_to_utc
5675821,1071480,1998,1998-06-27T11:00:00,1998-06-28T07:45:00,EST,20.75,23,,Z,024,COASTAL CUMBERLAND,0,0,0,0,50000,,,0,,0,1,begin_coordinates_missing_or_invalid|damage_crops_missing|end_coordinates_missing_or_invalid|no_valid_location_points|requires_crosswalk_or_marine_review|timezone_not_normalized_to_utc
5675822,1071480,1998,1998-06-27T11:00:00,1998-06-28T07:45:00,EST,20.75,23,,Z,014,SOUTHERN SOMERSET,0,0,0,0,50000,,,0,,0,1,begin_coordinates_missing_or_invalid|damage_crops_missing|end_coordinates_missing_or_invalid|no_valid_location_points|requires_crosswalk_or_marine_review|timezone_not_normalized_to_utc
5675823,2151199,1998,1998-06-27T09:00:00,1998-06-27T21:00:00,EST,12.0,33,,Z,005,SOUTHERN GRAFTON,0,0,0,0,,,,0,,0,1,begin_coordinates_missing_or_invalid|damage_crops_missing|damage_property_missing|end_coordinates_missing_or_invalid|no_valid_location_points|requires_crosswalk_or_marine_review|timezone_not_normalized_to_utc
5676081,2150943,1998,1998-12-01T00:00:00,1998-12-02T23:59:00,CST,47.983333333333334,20,,Z,057,MIAMI,0,0,0,0,,,,0,,0,1,begin_coordinates_missing_or_invalid|damage_crops_missing|damage_property_missing|end_coordinates_missing_or_invalid|no_valid_location_points|requires_crosswalk_or_marine_review|timezone_not_normalized_to_utc
5676082,2150943,1998,1998-12-02T00:00:00,1998-12-03T23:59:00,CST,47.983333333333334,20,,Z,060,LINN,0,0,0,0,,,,0,,0,1,begin_coordinates_missing_or_invalid|damage_crops_missing|damage_property_missing|end_coordinates_missing_or_invalid|no_valid_location_points|requires_crosswalk_or_marine_review|timezone_not_normalized_to_utc
5676083,2150944,1998,1998-12-07T00:00:00,1998-12-08T23:59:00,CST,47.983333333333334,20,,Z,057,MIAMI,0,0,0,0,,,,0,,0,1,begin_coordinates_missing_or_invalid|damage_crops_missing|damage_property_missing|end_coordinates_missing_or_invalid|no_valid_location_points|requires_crosswalk_or_marine_review|timezone_not_normalized_to_utc
5676084,2150944,1998,1998-12-08T00:00:00,1998-12-09T23:59:00,CST,47.983333333333334,20,,Z,060,LINN,0,0,0,0,,,,0,,0,1,begin_coordinates_missing_or_invalid|damage_crops_missing|damage_property_missing|end_coordinates_missing_or_invalid|no_valid_location_points|requires_crosswalk_or_marine_review|timezone_not_normalized_to_utc
5676085,2150945,1998,1998-12-01T00:00:00,1998-12-08T23:59:00,CST,191.98333333333332,29,,Z,054,HENRY,0,0,0,0,,,,0,,0,1,begin_coordinates_missing_or_invalid|damage_crops_missing|damage_property_missing|end_coordinates_missing_or_invalid|no_valid_location_points|requires_crosswalk_or_marine_review|timezone_not_normalized_to_utc
5676086,2150945,1998,1998-12-07T00:00:00,1998-12-07T23:59:00,CST,23.983333333333334,29,,Z,031,CARROLL,0,0,0,0,,,,0,,0,1,begin_coordinates_missing_or_invalid|damage_crops_missing|damage_property_missing|end_coordinates_missing_or_invalid|no_valid_location_points|requires_crosswalk_or_marine_review|timezone_not_normalized_to_utc
5676087,2150945,1998,1998-12-01T00:00:00,1998-12-04T23:59:00,CST,95.98333333333333,29,,Z,030,RAY,0,0,0,0,,,,0,,0,1,begin_coordinates_missing_or_invalid|damage_crops_missing|damage_property_missing|end_coordinates_missing_or_invalid|no_valid_location_points|requires_crosswalk_or_marine_review|timezone_not_normalized_to_utc
5676088,2150945,1998,1998-12-07T00:00:00,1998-12-07T23:59:00,CST,23.983333333333334,29,,Z,044,JOHNSON,0,0,0,0,,,,0,,0,1,begin_coordinates_missing_or_invalid|damage_crops_missing|damage_property_missing|end_coordinates_missing_or_invalid|no_valid_location_points|requires_crosswalk_or_marine_review|timezone_not_normalized_to_utc
5676089,2150945,1998,1998-12-07T00:00:00,1998-12-10T23:59:00,CST,95.98333333333333,29,,Z,039,SALINE,0,0,0,0,,,,0,,0,1,begin_coordinates_missing_or_invalid|damage_crops_missing|damage_property_missing|end_coordinates_missing_or_invalid|no_valid_location_points|requires_crosswalk_or_marine_review|timezone_not_normalized_to_utc
5676090,2150945,1998,1998-12-06T00:00:00,1998-12-06T23:59:00,CST,23.983333333333334,29,,Z,029,CLAY,0,0,0,0,,,,0,,0,1,begin_coordinates_missing_or_invalid|damage_crops_missing|damage_property_missing|end_coordinates_missing_or_invalid|no_valid_location_points|requires_crosswalk_or_marine_review|timezone_not_normalized_to_utc
5676091,2150945,1998,1998-12-07T00:00:00,1998-12-08T23:59:00,CST,47.983333333333334,29,,Z,032,CHARITON,0,0,0,0,,,,0,,0,1,begin_coordinates_missing_or_invalid|damage_crops_missing|damage_property_missing|end_coordinates_missing_or_invalid|no_valid_location_points|requires_crosswalk_or_marine_review|timezone_not_normalized_to_utc
5676095,2150948,1998,1998-11-20T10:00:00,1998-11-22T04:00:00,PST,42.0,06,06023,C,023,HUMBOLDT,0,0,0,0,,,,0,,0,1,begin_coordinates_missing_or_invalid|county_code_unverified|damage_crops_missing|damage_property_missing|end_coordinates_missing_or_invalid|no_valid_location_points|timezone_not_normalized_to_utc
5676096,2150948,1998,1998-11-20T10:00:00,1998-11-22T04:00:00,PST,42.0,06,06015,C,015,DEL NORTE,0,0,0,0,,,,0,,0,1,begin_coordinates_missing_or_invalid|county_code_unverified|damage_crops_missing|damage_property_missing|end_coordinates_missing_or_invalid|no_valid_location_points|timezone_not_normalized_to_utc
5676270,2151096,1998,1998-12-26T10:00:00,1998-12-28T17:00:00,MST,55.0,49,,Z,009,WESTERN UNITA MOUNTAINS,0,0,0,0,2000,0,,0,,0,1,begin_coordinates_missing_or_invalid|end_coordinates_missing_or_invalid|no_valid_location_points|requires_crosswalk_or_marine_review|timezone_not_normalized_to_utc
5676271,2151096,1998,1998-12-26T10:00:00,1998-12-28T17:00:00,MST,55.0,49,,Z,011,WESTERN UNITA BASIN,0,0,0,0,,,,0,,0,1,begin_coordinates_missing_or_invalid|damage_crops_missing|damage_property_missing|end_coordinates_missing_or_invalid|no_valid_location_points|requires_crosswalk_or_marine_review|timezone_not_normalized_to_utc
5676272,2151096,1998,1998-12-26T10:00:00,1998-12-28T17:00:00,MST,55.0,49,,Z,010,WASATCH PLATEAU/BOOK CLIFFS,0,0,0,0,,,,0,,0,1,begin_coordinates_missing_or_invalid|damage_crops_missing|damage_property_missing|end_coordinates_missing_or_invalid|no_valid_location_points|requires_crosswalk_or_marine_review|timezone_not_normalized_to_utc
5676331,2151256,1998,1998-10-10T12:30:00,1998-10-11T21:30:00,EST,33.0,23,,Z,024,COASTAL CUMBERLAND,0,0,0,0,,,,0,,0,1,begin_coordinates_missing_or_invalid|damage_crops_missing|damage_property_missing|end_coordinates_missing_or_invalid|no_valid_location_points|requires_crosswalk_or_marine_review|timezone_not_normalized_to_utc
5676332,2151256,1998,1998-10-10T12:30:00,1998-10-11T21:30:00,EST,33.0,23,,Z,019,INTERIOR CUMBERLAND,0,0,0,0,,,,0,,0,1,begin_coordinates_missing_or_invalid|damage_crops_missing|damage_property_missing|end_coordinates_missing_or_invalid|no_valid_location_points|requires_crosswalk_or_marine_review|timezone_not_normalized_to_utc
5676661,2150958,1998,1998-09-03T17:00:00,1998-09-03T20:00:00,HST,3.0,15,15001,C,001,HAWAII,0,0,0,0,,,,0,,0,1,begin_coordinates_missing_or_invalid|county_code_unverified|damage_crops_missing|damage_property_missing|end_coordinates_missing_or_invalid|no_valid_location_points|timezone_not_normalized_to_utc
5677026,2150963,1998,1998-10-17T12:00:00,1998-10-28T23:00:00,CST,275.0,48,,Z,226,WHARTON,0,0,0,0,,,,0,,0,1,begin_coordinates_missing_or_invalid|damage_crops_missing|damage_property_missing|end_coordinates_missing_or_invalid|no_valid_location_points|requires_crosswalk_or_marine_review|timezone_not_normalized_to_utc
5677027,2150963,1998,1998-10-17T12:00:00,1998-10-28T23:00:00,CST,275.0,48,,Z,237,BRAZORIA,0,0,0,0,,,,0,,0,1,begin_coordinates_missing_or_invalid|damage_crops_missing|damage_property_missing|end_coordinates_missing_or_invalid|no_valid_location_points|requires_crosswalk_or_marine_review|timezone_not_normalized_to_utc
5677028,2150963,1998,1998-10-17T12:00:00,1998-10-28T23:00:00,CST,275.0,48,,Z,196,BRAZOS,0,0,0,0,,,,0,,0,1,begin_coordinates_missing_or_invalid|damage_crops_missing|damage_property_missing|end_coordinates_missing_or_invalid|no_valid_location_points|requires_crosswalk_or_marine_review|timezone_not_normalized_to_utc
5677029,2150963,1998,1998-10-17T12:00:00,1998-10-28T23:00:00,CST,275.0,48,,Z,210,COLORADO,0,0,0,0,,,,0,,0,1,begin_coordinates_missing_or_invalid|damage_crops_missing|damage_property_missing|end_coordinates_missing_or_invalid|no_valid_location_points|requires_crosswalk_or_marine_review|timezone_not_normalized_to_utc
5677030,2150963,1998,1998-10-17T12:00:00,1998-10-28T23:00:00,CST,275.0,48,,Z,227,FORT BEND,0,0,0,0,,,,0,,0,1,begin_coordinates_missing_or_invalid|damage_crops_missing|damage_property_missing|end_coordinates_missing_or_invalid|no_valid_location_points|requires_crosswalk_or_marine_review|timezone_not_normalized_to_utc
5677031,2150963,1998,1998-10-17T12:00:00,1998-10-28T23:00:00,CST,275.0,48,,Z,198,GRIMES,0,0,0,0,,,,0,,0,1,begin_coordinates_missing_or_invalid|damage_crops_missing|damage_property_missing|end_coordinates_missing_or_invalid|no_valid_location_points|requires_crosswalk_or_marine_review|timezone_not_normalized_to_utc
5677032,2150963,1998,1998-10-17T12:00:00,1998-10-28T23:00:00,CST,275.0,48,,Z,213,HARRIS,0,0,1,0,,,,1,,0,1,begin_coordinates_missing_or_invalid|damage_crops_missing|damage_property_missing|end_coordinates_missing_or_invalid|no_valid_location_points|requires_crosswalk_or_marine_review|timezone_not_normalized_to_utc
5677033,2150963,1998,1998-10-17T12:00:00,1998-10-28T23:00:00,CST,275.0,48,,Z,235,JACKSON,0,0,0,0,,,,0,,0,1,begin_coordinates_missing_or_invalid|damage_crops_missing|damage_property_missing|end_coordinates_missing_or_invalid|no_valid_location_points|requires_crosswalk_or_marine_review|timezone_not_normalized_to_utc
5677034,2150963,1998,1998-10-17T12:00:00,1998-10-28T23:00:00,CST,275.0,48,,Z,200,LIBERTY,0,0,0,0,,,,0,,0,1,begin_coordinates_missing_or_invalid|damage_crops_missing|damage_property_missing|end_coordinates_missing_or_invalid|no_valid_location_points|requires_crosswalk_or_marine_review|timezone_not_normalized_to_utc
5677035,2150963,1998,1998-10-17T12:00:00,1998-10-28T23:00:00,CST,275.0,48,,Z,176,MADISON,0,0,0,0,,,,0,,0,1,begin_coordinates_missing_or_invalid|damage_crops_missing|damage_property_missing|end_coordinates_missing_or_invalid|no_valid_location_points|requires_crosswalk_or_marine_review|timezone_not_normalized_to_utc
5677036,2150963,1998,1998-10-17T12:00:00,1998-10-28T23:00:00,CST,275.0,48,,Z,236,MATAGORDA,0,0,0,0,,,,0,,0,1,begin_coordinates_missing_or_invalid|damage_crops_missing|damage_property_missing|end_coordinates_missing_or_invalid|no_valid_location_points|requires_crosswalk_or_marine_review|timezone_not_normalized_to_utc
5677037,2150963,1998,1998-10-17T12:00:00,1998-10-28T23:00:00,CST,275.0,48,,Z,199,MONTGOMERY,0,0,0,0,,,,0,,0,1,begin_coordinates_missing_or_invalid|damage_crops_missing|damage_property_missing|end_coordinates_missing_or_invalid|no_valid_location_points|requires_crosswalk_or_marine_review|timezone_not_normalized_to_utc
5677038,2150964,1998,1998-11-12T12:00:00,1998-11-30T12:00:00,CST,432.0,48,,Z,213,HARRIS,0,0,0,0,,,,0,,0,1,begin_coordinates_missing_or_invalid|damage_crops_missing|damage_property_missing|end_coordinates_missing_or_invalid|no_valid_location_points|requires_crosswalk_or_marine_review|timezone_not_normalized_to_utc
5677039,2150964,1998,1998-11-12T12:00:00,1998-11-30T12:00:00,CST,432.0,48,,Z,237,BRAZORIA,0,0,0,0,,,,0,,0,1,begin_coordinates_missing_or_invalid|damage_crops_missing|damage_property_missing|end_coordinates_missing_or_invalid|no_valid_location_points|requires_crosswalk_or_marine_review|timezone_not_normalized_to_utc
5677040,2150964,1998,1998-11-12T12:00:00,1998-11-30T12:00:00,CST,432.0,48,,Z,196,BRAZOS,0,0,0,0,,,,0,,0,1,begin_coordinates_missing_or_invalid|damage_crops_missing|damage_property_missing|end_coordinates_missing_or_invalid|no_valid_location_points|requires_crosswalk_or_marine_review|timezone_not_normalized_to_utc
5677041,2150964,1998,1998-11-12T12:00:00,1998-11-30T12:00:00,CST,432.0,48,,Z,210,COLORADO,0,0,0,0,,,,0,,0,1,begin_coordinates_missing_or_invalid|damage_crops_missing|damage_property_missing|end_coordinates_missing_or_invalid|no_valid_location_points|requires_crosswalk_or_marine_review|timezone_not_normalized_to_utc
5677042,2150964,1998,1998-11-12T12:00:00,1998-11-30T12:00:00,CST,432.0,48,,Z,227,FORT BEND,0,0,0,0,,,,0,,0,1,begin_coordinates_missing_or_invalid|damage_crops_missing|damage_property_missing|end_coordinates_missing_or_invalid|no_valid_location_points|requires_crosswalk_or_marine_review|timezone_not_normalized_to_utc
5677043,2150964,1998,1998-11-12T12:00:00,1998-11-30T12:00:00,CST,432.0,48,,Z,235,JACKSON,0,0,0,0,,,,0,,0,1,begin_coordinates_missing_or_invalid|damage_crops_missing|damage_property_missing|end_coordinates_missing_or_invalid|no_valid_location_points|requires_crosswalk_or_marine_review|timezone_not_normalized_to_utc
5677044,2150964,1998,1998-11-12T12:00:00,1998-11-30T12:00:00,CST,432.0,48,,Z,200,LIBERTY,0,0,0,0,,,,0,,0,1,begin_coordinates_missing_or_invalid|damage_crops_missing|damage_property_missing|end_coordinates_missing_or_invalid|no_valid_location_points|requires_crosswalk_or_marine_review|timezone_not_normalized_to_utc
5677045,2150964,1998,1998-11-12T12:00:00,1998-11-30T12:00:00,CST,432.0,48,,Z,176,MADISON,0,0,0,0,,,,0,,0,1,begin_coordinates_missing_or_invalid|damage_crops_missing|damage_property_missing|end_coordinates_missing_or_invalid|no_valid_location_points|requires_crosswalk_or_marine_review|timezone_not_normalized_to_utc
5677046,2150964,1998,1998-11-12T12:00:00,1998-11-30T12:00:00,CST,432.0,48,,Z,236,MATAGORDA,0,0,0,0,,,,0,,0,1,begin_coordinates_missing_or_invalid|damage_crops_missing|damage_property_missing|end_coordinates_missing_or_invalid|no_valid_location_points|requires_crosswalk_or_marine_review|timezone_not_normalized_to_utc
5677047,2150964,1998,1998-11-12T12:00:00,1998-11-30T12:00:00,CST,432.0,48,,Z,199,MONTGOMERY,0,0,0,0,,,,0,,0,1,begin_coordinates_missing_or_invalid|damage_crops_missing|damage_property_missing|end_coordinates_missing_or_invalid|no_valid_location_points|requires_crosswalk_or_marine_review|timezone_not_normalized_to_utc
5677048,2150964,1998,1998-11-12T12:00:00,1998-11-30T12:00:00,CST,432.0,48,,Z,179,POLK,0,0,0,0,,,,0,,0,1,begin_coordinates_missing_or_invalid|damage_crops_missing|damage_property_missing|end_coordinates_missing_or_invalid|no_valid_location_points|requires_crosswalk_or_marine_review|timezone_not_normalized_to_utc
5677049,2150964,1998,1998-11-12T12:00:00,1998-11-30T12:00:00,CST,432.0,48,,Z,178,SAN JACINTO,0,0,0,0,,,,0,,0,1,begin_coordinates_missing_or_invalid|damage_crops_missing|damage_property_missing|end_coordinates_missing_or_invalid|no_valid_location_points|requires_crosswalk_or_marine_review|timezone_not_normalized_to_utc
5677050,2150964,1998,1998-11-12T12:00:00,1998-11-30T12:00:00,CST,432.0,48,,Z,226,WHARTON,0,0,0,0,,,,0,,0,1,begin_coordinates_missing_or_invalid|damage_crops_missing|damage_property_missing|end_coordinates_missing_or_invalid|no_valid_location_points|requires_crosswalk_or_marine_review|timezone_not_normalized_to_utc
5677250,2151085,1998,1998-11-26T00:00:00,1998-11-26T18:00:00,PST,18.0,53,,Z,018,WEST SLOPES CENTRAL CASCADES AND PASSES,0,0,0,0,,,,0,,0,1,begin_coordinates_missing_or_invalid|damage_crops_missing|damage_property_missing|end_coordinates_missing_or_invalid|no_valid_location_points|requires_crosswalk_or_marine_review|timezone_not_normalized_to_utc
5677251,2151085,1998,1998-11-26T00:00:00,1998-11-26T18:00:00,PST,18.0,53,,Z,020,SOUTHWEST INTERIOR,0,0,0,0,,,,0,,0,1,begin_coordinates_missing_or_invalid|damage_crops_missing|damage_property_missing|end_coordinates_missing_or_invalid|no_valid_location_points|requires_crosswalk_or_marine_review|timezone_not_normalized_to_utc
5677252,2151085,1998,1998-11-26T00:00:00,1998-11-26T18:00:00,PST,18.0,53,,Z,011,SOUTHWEST INTERIOR,0,0,0,0,,,,0,,0,1,begin_coordinates_missing_or_invalid|damage_crops_missing|damage_property_missing|end_coordinates_missing_or_invalid|no_valid_location_points|requires_crosswalk_or_marine_review|timezone_not_normalized_to_utc
5677619,2150997,1998,1998-11-21T07:45:00,1998-11-27T04:00:00,PST,140.25,41,,Z,003,NW DOUGLAS/COOS/CURRY,0,0,0,0,,,,0,,0,1,begin_coordinates_missing_or_invalid|damage_crops_missing|damage_property_missing|end_coordinates_missing_or_invalid|no_valid_location_points|requires_crosswalk_or_marine_review|timezone_not_normalized_to_utc
5677620,2150998,1998,1998-11-21T15:00:00,1998-11-22T21:00:00,PST,30.0,41,,Z,003,NW DOUGLAS/COOS/CURRY,0,0,0,0,,,,0,,0,1,begin_coordinates_missing_or_invalid|damage_crops_missing|damage_property_missing|end_coordinates_missing_or_invalid|no_valid_location_points|requires_crosswalk_or_marine_review|timezone_not_normalized_to_utc
5677661,2151701,1998,1998-12-02T00:00:00,1998-12-03T00:00:00,PST,24.0,41,,Z,006,BENTON/W & C LINN/C LANE,0,0,0,0,,,,0,,0,1,begin_coordinates_missing_or_invalid|damage_crops_missing|damage_property_missing|end_coordinates_missing_or_invalid|no_valid_location_points|requires_crosswalk_or_marine_review|timezone_not_normalized_to_utc
5677662,2151701,1998,1998-12-02T00:00:00,1998-12-03T00:00:00,PST,24.0,41,,Z,001,CLATSOP/TILLAMOOK,0,0,0,0,,,,0,,0,1,begin_coordinates_missing_or_invalid|damage_crops_missing|damage_property_missing|end_coordinates_missing_or_invalid|no_valid_location_points|requires_crosswalk_or_marine_review|timezone_not_normalized_to_utc
5677663,2151701,1998,1998-12-02T00:00:00,1998-12-03T00:00:00,PST,24.0,41,,Z,002,LINCOLN/W X LANE,0,0,0,0,,,,0,,0,1,begin_coordinates_missing_or_invalid|damage_crops_missing|damage_property_missing|end_coordinates_missing_or_invalid|no_valid_location_points|requires_crosswalk_or_marine_review|timezone_not_normalized_to_utc
5677664,2151701,1998,1998-12-02T00:00:00,1998-12-03T00:00:00,PST,24.0,41,,Z,005,YAMHILL/POLK/C & W MARION/SW CLACKAMAS,0,0,0,0,,,,0,,0,1,begin_coordinates_missing_or_invalid|damage_crops_missing|damage_property_missing|end_coordinates_missing_or_invalid|no_valid_location_points|requires_crosswalk_or_marine_review|timezone_not_normalized_to_utc
5677665,2151702,1998,1998-12-02T00:00:00,1998-12-03T00:00:00,PST,24.0,53,,Z,021,W PACIFIC,0,0,0,0,,,,0,,0,1,begin_coordinates_missing_or_invalid|damage_crops_missing|damage_property_missing|end_coordinates_missing_or_invalid|no_valid_location_points|requires_crosswalk_or_marine_review|timezone_not_normalized_to_utc
5677712,2151717,1998,1998-12-27T12:00:00,1998-12-30T12:00:00,PST,72.0,41,,Z,001,CLATSOP/TILLAMOOK,0,0,0,0,500000,,,0,,0,1,begin_coordinates_missing_or_invalid|damage_crops_missing|end_coordinates_missing_or_invalid|no_valid_location_points|requires_crosswalk_or_marine_review|timezone_not_normalized_to_utc
5677713,2151717,1998,1998-12-27T12:00:00,1998-12-30T12:00:00,PST,72.0,41,,Z,002,LINCOLN/W X LANE,0,0,0,0,500000,,,0,,0,1,begin_coordinates_missing_or_invalid|damage_crops_missing|end_coordinates_missing_or_invalid|no_valid_location_points|requires_crosswalk_or_marine_review|timezone_not_normalized_to_utc
5677714,2151717,1998,1998-12-27T17:00:00,1998-12-30T12:00:00,PST,67.0,41,,Z,004,COLUMBIA/C & W MULTNOMAH/WASHINGTON/NW CLACKAMAS,0,0,0,0,500000,,,0,,0,1,begin_coordinates_missing_or_invalid|damage_crops_missing|end_coordinates_missing_or_invalid|no_valid_location_points|requires_crosswalk_or_marine_review|timezone_not_normalized_to_utc
5677715,2151717,1998,1998-12-27T17:00:00,1998-12-30T12:00:00,PST,67.0,41,,Z,005,YAMHILL/POLK/C & W MARION/SW CLACKAMAS,0,0,0,0,500000,,,0,,0,1,begin_coordinates_missing_or_invalid|damage_crops_missing|end_coordinates_missing_or_invalid|no_valid_location_points|requires_crosswalk_or_marine_review|timezone_not_normalized_to_utc
5677716,2151717,1998,1998-12-27T17:00:00,1998-12-30T12:00:00,PST,67.0,41,,Z,006,BENTON/W & C LINN/C LANE,0,0,0,0,,,,0,,0,1,begin_coordinates_missing_or_invalid|damage_crops_missing|damage_property_missing|end_coordinates_missing_or_invalid|no_valid_location_points|requires_crosswalk_or_marine_review|timezone_not_normalized_to_utc
5677717,2151718,1998,1998-12-27T12:00:00,1998-12-28T18:00:00,PST,30.0,53,,Z,021,W PACIFIC,0,0,0,0,,,,0,,0,1,begin_coordinates_missing_or_invalid|damage_crops_missing|damage_property_missing|end_coordinates_missing_or_invalid|no_valid_location_points|requires_crosswalk_or_marine_review|timezone_not_normalized_to_utc
5677718,2151718,1998,1998-12-27T12:00:00,1998-12-30T12:00:00,PST,72.0,53,,Z,020,E PACIFIC/W LEWIS/WAHKIAKUM,0,0,0,0,500000,,,0,,0,1,begin_coordinates_missing_or_invalid|damage_crops_missing|end_coordinates_missing_or_invalid|no_valid_location_points|requires_crosswalk_or_marine_review|timezone_not_normalized_to_utc
5677993,2151756,1998,1998-12-23T03:00:00,1998-12-23T15:00:00,MST,12.0,08,,Z,005,UPPER YAMPA RIVER BASIN/STEAMBOAT SPRINGS AND VICINITY / C ROUTT,0,0,0,0,500.0,,,0,,0,1,begin_coordinates_missing_or_invalid|damage_crops_missing|end_coordinates_missing_or_invalid|no_valid_location_points|requires_crosswalk_or_marine_review|timezone_not_normalized_to_utc
