event_id,episode_id,year,begin_time_local,end_time_local,timezone,duration_hours,state_fips,county_fips,area_type,area_code,area_name,injuries_direct,injuries_indirect,deaths_direct,deaths_indirect,damage_property_usd,damage_crops_usd,flood_cause,fatality_records,location_points,year_is_partial,core_fields_valid,quality_flags
1299367,208571,2026,2026-01-05T16:04:00,2026-01-05T16:04:00,PST-8,0.0,06,06097,C,097,SONOMA,0,0,0,0,0.00,0.00,Heavy Rain,0,"[[38.4777,-123.0263],[38.4766,-123.0251],[38.4765,-123.021],[38.477,-123.0211],[38.4781,-123.0243]]",1,1,county_code_unverified|timezone_not_normalized_to_utc
1299368,208571,2026,2026-01-05T16:25:00,2026-01-05T16:25:00,PST-8,0.0,06,06081,C,081,SAN MATEO,0,0,0,0,0.00,0.00,Heavy Rain,0,"[[37.581,-122.4034],[37.5809,-122.4037],[37.5836,-122.4059],[37.5836,-122.4055]]",1,1,county_code_unverified|timezone_not_normalized_to_utc
1299369,208571,2026,2026-01-05T20:43:00,2026-01-05T20:43:00,PST-8,0.0,06,06085,C,085,SANTA CLARA,0,0,0,0,0.00,0.00,Heavy Rain,0,"[[37.4504,-122.1252],[37.4504,-122.125],[37.4486,-122.1231],[37.4486,-122.1232]]",1,1,county_code_unverified|timezone_not_normalized_to_utc
1299371,208571,2026,2026-01-05T14:36:00,2026-01-05T14:36:00,PST-8,0.0,06,06001,C,001,ALAMEDA,0,0,0,0,0.00,0.00,Heavy Rain,0,"[[37.8,-122.28],[37.7957,-122.2693],[37.796,-122.2692],[37.8001,-122.2793]]",1,1,county_code_unverified|timezone_not_normalized_to_utc
1299372,208571,2026,2026-01-05T17:34:00,2026-01-05T17:34:00,PST-8,0.0,06,06013,C,013,CONTRA COSTA,0,0,0,0,0.00,0.00,Heavy Rain,0,"[[37.8112,-121.9929],[37.8113,-121.9932],[37.8071,-121.9915],[37.8073,-121.9911]]",1,1,county_code_unverified|timezone_not_normalized_to_utc
1299373,208571,2026,2026-01-05T17:45:00,2026-01-05T17:45:00,PST-8,0.0,06,06001,C,001,ALAMEDA,0,0,0,0,0.00,0.00,Heavy Rain,0,"[[37.8206,-122.2062],[37.8208,-122.2057],[37.821,-122.2058],[37.8221,-122.2073],[37.8221,-122.2075]]",1,1,county_code_unverified|timezone_not_normalized_to_utc
1299374,208571,2026,2026-01-05T20:23:00,2026-01-05T20:23:00,PST-8,0.0,06,06001,C,001,ALAMEDA,0,0,0,0,0.00,0.00,Heavy Rain,0,"[[37.7309,-122.1899],[37.731,-122.1899],[37.7313,-122.1887],[37.7301,-122.1874],[37.73,-122.1875]]",1,1,county_code_unverified|timezone_not_normalized_to_utc
1299375,208571,2026,2026-01-05T21:31:00,2026-01-05T21:31:00,PST-8,0.0,06,06087,C,087,SANTA CRUZ,0,0,0,0,0.00,0.00,Heavy Rain,0,"[[37.0046,-122.0734],[37.0045,-122.0736],[37.0067,-122.075],[37.0067,-122.0747],[37.0059,-122.0738]]",1,1,county_code_unverified|timezone_not_normalized_to_utc
1299376,208571,2026,2026-01-05T14:29:00,2026-01-05T14:29:00,PST-8,0.0,06,06097,C,097,SONOMA,0,0,0,0,0.00,0.00,Heavy Rain,0,"[[38.1505,-122.4503],[38.1513,-122.4484],[38.1515,-122.4475],[38.1515,-122.4474],[38.1503,-122.4503]]",1,1,county_code_unverified|timezone_not_normalized_to_utc
1299377,208571,2026,2026-01-05T15:52:00,2026-01-05T15:52:00,PST-8,0.0,06,06097,C,097,SONOMA,0,0,0,0,0.00,0.00,Heavy Rain,0,"[[38.2253,-122.5733],[38.2251,-122.5735],[38.2259,-122.575],[38.2261,-122.5748]]",1,1,county_code_unverified|timezone_not_normalized_to_utc
1299379,208571,2026,2026-01-05T19:35:00,2026-01-05T19:35:00,PST-8,0.0,06,06097,C,097,SONOMA,0,0,0,0,0.00,0.00,Heavy Rain,0,"[[38.24,-122.45],[38.236,-122.4608],[38.2368,-122.4611],[38.2391,-122.4539],[38.2431,-122.4486],[38.2429,-122.4482]]",1,1,county_code_unverified|timezone_not_normalized_to_utc
1299380,208571,2026,2026-01-05T17:49:00,2026-01-05T17:49:00,PST-8,0.0,06,06097,C,097,SONOMA,0,0,0,0,0.00,0.00,Heavy Rain,0,"[[38.5215,-122.8165],[38.5268,-122.8166],[38.5268,-122.817],[38.5216,-122.8174]]",1,1,county_code_unverified|timezone_not_normalized_to_utc
1299381,208571,2026,2026-01-05T18:38:00,2026-01-05T18:38:00,PST-8,0.0,06,06097,C,097,SONOMA,0,0,0,0,0.00,0.00,Heavy Rain,0,"[[38.3539,-122.7412],[38.3523,-122.7349],[38.3512,-122.7365],[38.3516,-122.7415]]",1,1,county_code_unverified|timezone_not_normalized_to_utc
1299383,208571,2026,2026-01-05T18:55:00,2026-01-05T18:55:00,PST-8,0.0,06,06097,C,097,SONOMA,0,0,0,0,0.00,0.00,Heavy Rain,0,"[[38.4673,-122.8161],[38.4667,-122.8159],[38.467,-122.7699],[38.4672,-122.7699]]",1,1,county_code_unverified|timezone_not_normalized_to_utc
1299384,208571,2026,2026-01-03T03:58:00,2026-01-03T03:58:00,PST-8,0.0,06,06097,C,097,SONOMA,0,0,0,0,0.00,0.00,Heavy Rain,0,"[[38.2455,-122.4378],[38.2442,-122.4456],[38.2453,-122.4457],[38.2467,-122.4381]]",1,1,county_code_unverified|timezone_not_normalized_to_utc
1299459,208571,2026,2026-01-06T11:55:00,2026-01-06T11:55:00,PST-8,0.0,06,06053,C,053,MONTEREY,0,0,0,0,0.00,0.00,Heavy Rain,0,"[[36.1203,-121.6329],[36.0071,-121.587],[36.0013,-121.5],[36.1211,-121.6286]]",1,1,county_code_unverified|timezone_not_normalized_to_utc
1300921,208571,2026,2026-01-04T07:42:00,2026-01-04T07:42:00,PST-8,0.0,06,06053,C,053,MONTEREY,0,0,0,0,0.00,0.00,Heavy Rain,0,"[[36.63,-121.54],[36.6299,-121.5401],[36.6298,-121.5399],[36.63,-121.5398]]",1,1,county_code_unverified|timezone_not_normalized_to_utc
1300922,208571,2026,2026-01-04T09:28:00,2026-01-04T09:28:00,PST-8,0.0,06,06053,C,053,MONTEREY,0,0,0,0,0.00,0.00,Heavy Rain,0,"[[36.6418,-121.5715],[36.6416,-121.5713],[36.6415,-121.5715],[36.6416,-121.5718]]",1,1,county_code_unverified|timezone_not_normalized_to_utc
1300923,208571,2026,2026-01-04T10:31:00,2026-01-04T10:31:00,PST-8,0.0,06,06087,C,087,SANTA CRUZ,0,0,0,0,0.00,0.00,Heavy Rain,0,"[[37.0402,-121.9433],[37.0442,-121.9419],[37.0437,-121.941],[37.0399,-121.9421]]",1,1,county_code_unverified|timezone_not_normalized_to_utc
1300924,208571,2026,2026-01-04T11:00:00,2026-01-04T11:00:00,PST-8,0.0,06,06053,C,053,MONTEREY,0,0,0,0,0.00,0.00,Heavy Rain,0,"[[36.6007,-121.8925],[36.5995,-121.8928],[36.5991,-121.89],[36.6005,-121.89],[36.601,-121.8923]]",1,1,county_code_unverified|timezone_not_normalized_to_utc
1300925,208571,2026,2026-01-04T11:50:00,2026-01-04T11:50:00,PST-8,0.0,06,06069,C,069,SAN BENITO,0,0,0,0,0.00,0.00,Heavy Rain,0,"[[36.8572,-121.5473],[36.8568,-121.5469],[36.8566,-121.5474],[36.857,-121.5478]]",1,1,county_code_unverified|timezone_not_normalized_to_utc
1300926,208571,2026,2026-01-04T12:14:00,2026-01-04T12:14:00,PST-8,0.0,06,06001,C,001,ALAMEDA,0,0,0,0,0.00,0.00,Heavy Rain,0,"[[37.7081,-122.1226],[37.7077,-122.1226],[37.7066,-122.1204],[37.7068,-122.1205]]",1,1,county_code_unverified|timezone_not_normalized_to_utc
1300927,208571,2026,2026-01-04T02:19:00,2026-01-04T02:19:00,PST-8,0.0,06,06055,C,055,NAPA,0,0,0,0,0.00,0.00,Heavy Rain,0,"[[38.4111,-122.2035],[38.4045,-122.2062],[38.4045,-122.2037],[38.411,-122.2025]]",1,1,county_code_unverified|timezone_not_normalized_to_utc
1300928,208571,2026,2026-01-03T04:57:00,2026-01-03T04:57:00,PST-8,0.0,06,06055,C,055,NAPA,0,0,0,0,0.00,0.00,Heavy Rain,0,"[[38.498,-122.2518],[38.4963,-122.2452],[38.4938,-122.2477],[38.4956,-122.2529]]",1,1,county_code_unverified|timezone_not_normalized_to_utc
1300929,208571,2026,2026-01-05T17:30:00,2026-01-07T21:45:00,PST-8,52.25,06,06097,C,097,SONOMA,0,0,0,0,0.00,0.00,Heavy Rain,0,"[[38.4945,-122.8534],[38.4935,-122.8531],[38.4939,-122.8525],[38.4946,-122.8529]]",1,1,county_code_unverified|timezone_not_normalized_to_utc
1300930,208571,2026,2026-01-03T09:15:00,2026-01-03T15:30:00,PST-8,6.25,06,06097,C,097,SONOMA,0,0,0,0,0.00,0.00,Heavy Rain,0,"[[38.3741,-122.769],[38.3731,-122.769],[38.3731,-122.7683],[38.3741,-122.7683]]",1,1,county_code_unverified|timezone_not_normalized_to_utc
1300931,208571,2026,2026-01-05T12:00:00,2026-01-06T09:00:00,PST-8,21.0,06,06097,C,097,SONOMA,0,0,0,0,0.00,0.00,Heavy Rain,0,"[[38.3741,-122.769],[38.3731,-122.769],[38.3731,-122.7683],[38.3741,-122.7683]]",1,1,county_code_unverified|timezone_not_normalized_to_utc
1300932,208571,2026,2026-01-05T17:15:00,2026-01-06T10:15:00,PST-8,17.0,06,06097,C,097,SONOMA,0,0,0,0,0.00,0.00,Heavy Rain,0,"[[38.7136,-122.8953],[38.7119,-122.8971],[38.7115,-122.8965],[38.7131,-122.8942]]",1,1,county_code_unverified|timezone_not_normalized_to_utc
1305970,209504,2026,2026-01-05T18:00:00,2026-01-05T23:59:00,HST-10,5.983333333333333,15,15001,C,001,HAWAII,0,0,0,0,0.00,0.00,Heavy Rain,0,"[[19.4553,-155.2892],[19.3919,-155.2506],[19.1757,-155.4634],[19.2395,-155.5067]]",1,1,county_code_unverified|timezone_not_normalized_to_utc
1306552,209588,2026,2026-01-27T00:00:00,2026-01-29T18:23:00,MST-7,66.38333333333334,16,16059,C,059,LEMHI,0,0,0,0,0.00,0.00,Ice Jam,0,"[[44.9396,-113.6392],[44.9398,-113.6411],[44.9437,-113.6415],[44.944,-113.6401]]",1,1,county_code_unverified|timezone_not_normalized_to_utc
1307837,209724,2026,2026-02-17T18:00:00,2026-02-18T12:00:00,PST-8,18.0,06,06069,C,069,SAN BENITO,1,0,1,0,0.00,0.00,Heavy Rain,1,"[[36.7095,-121.244],[36.7093,-121.244],[36.7091,-121.2424],[36.7093,-121.2424]]",1,1,county_code_unverified|timezone_not_normalized_to_utc
1308058,209758,2026,2026-01-03T12:00:00,2026-01-04T12:00:00,PST-8,24.0,06,06007,C,007,BUTTE,0,0,0,0,0.00,0.00,Heavy Rain,0,"[[39.63,-121.95],[39.6254,-122.0323],[39.5813,-122.0151],[39.593,-121.9462]]",1,1,county_code_unverified|timezone_not_normalized_to_utc
1308060,209758,2026,2026-01-03T14:00:00,2026-01-04T08:00:00,PST-8,18.0,06,06067,C,067,SACRAMENTO,0,0,0,0,0.00,0.00,Heavy Rain,0,"[[38.64,-121.15],[38.6365,-121.1485],[38.6381,-121.1591],[38.6439,-121.159],[38.6444,-121.1539]]",1,1,county_code_unverified|timezone_not_normalized_to_utc
1308061,209758,2026,2026-01-03T15:11:00,2026-01-04T08:11:00,PST-8,17.0,06,06113,C,113,YOLO,0,0,0,0,0.00,0.00,Heavy Rain,0,"[[38.73,-122.01],[38.7405,-122.0037],[38.7332,-121.9892],[38.7305,-121.9975]]",1,1,county_code_unverified|timezone_not_normalized_to_utc
1308063,209758,2026,2026-01-03T15:22:00,2026-01-04T08:22:00,PST-8,17.0,06,06077,C,077,SAN JOAQUIN,0,0,0,0,0.00,0.00,Heavy Rain,0,"[[37.96,-121.27],[37.9604,-121.2773],[37.9503,-121.2735],[37.9525,-121.2672]]",1,1,county_code_unverified|timezone_not_normalized_to_utc
1308064,209758,2026,2026-01-03T16:40:00,2026-01-04T09:40:00,PST-8,17.0,06,06017,C,017,EL DORADO,0,0,0,0,0.00,0.00,Heavy Rain,0,"[[38.66,-121.0],[38.6606,-120.9936],[38.6548,-120.9941],[38.6538,-120.9993]]",1,1,county_code_unverified|timezone_not_normalized_to_utc
1308066,209758,2026,2026-01-03T17:00:00,2026-01-04T10:00:00,PST-8,17.0,06,06017,C,017,EL DORADO,0,0,0,0,0.00,0.00,Heavy Rain,0,"[[38.65,-120.97],[38.663,-120.978],[38.6673,-120.9631],[38.6573,-120.9536]]",1,1,county_code_unverified|timezone_not_normalized_to_utc
1308067,209758,2026,2026-01-03T17:30:00,2026-01-04T17:30:00,PST-8,24.0,06,06089,C,089,SHASTA,0,0,0,0,0.00,0.00,Heavy Rain,0,"[[40.36,-122.89],[40.3482,-122.8873],[40.3363,-122.8609],[40.3508,-122.8306],[40.3652,-122.8687]]",1,1,county_code_unverified|timezone_not_normalized_to_utc
1308068,209758,2026,2026-01-03T17:45:00,2026-01-04T09:45:00,PST-8,16.0,06,06077,C,077,SAN JOAQUIN,0,0,0,0,0.00,0.00,Heavy Rain,0,"[[38.24,-121.05],[38.2344,-121.0584],[38.2333,-121.044],[38.238,-121.0397]]",1,1,county_code_unverified|timezone_not_normalized_to_utc
1308070,209758,2026,2026-01-03T17:47:00,2026-01-04T11:47:00,PST-8,18.0,06,06007,C,007,BUTTE,0,0,0,0,0.00,0.00,Heavy Rain,0,"[[39.81,-121.58],[39.8086,-121.5732],[39.8182,-121.5751],[39.8157,-121.5861]]",1,1,county_code_unverified|timezone_not_normalized_to_utc
1308071,209758,2026,2026-01-03T17:50:00,2026-01-04T09:50:00,PST-8,16.0,06,06089,C,089,SHASTA,0,0,0,0,0.00,0.00,Heavy Rain,0,"[[40.91,-122.38],[40.9067,-122.4],[40.872,-122.3952],[40.8825,-122.3603]]",1,1,county_code_unverified|timezone_not_normalized_to_utc
1308073,209758,2026,2026-01-03T21:55:00,2026-01-04T15:55:00,PST-8,18.0,06,06063,C,063,PLUMAS,0,0,0,0,0.00,0.00,Heavy Rain,0,"[[40.01,-121.25],[39.9897,-121.2418],[39.9933,-121.261],[40.0071,-121.2602]]",1,1,county_code_unverified|timezone_not_normalized_to_utc
1308075,209758,2026,2026-01-03T22:22:00,2026-01-04T09:22:00,PST-8,11.0,06,06099,C,099,STANISLAUS,0,0,0,0,0.00,0.00,Heavy Rain,0,"[[37.59,-120.74],[37.596,-120.7472],[37.596,-120.74],[37.5908,-120.7375]]",1,1,county_code_unverified|timezone_not_normalized_to_utc
1308076,209758,2026,2026-01-04T04:31:00,2026-01-04T22:31:00,PST-8,18.0,06,06067,C,067,SACRAMENTO,0,0,0,0,0.00,0.00,Heavy Rain,0,"[[38.58,-121.47],[38.5808,-121.4578],[38.5709,-121.4584],[38.5745,-121.4709]]",1,1,county_code_unverified|timezone_not_normalized_to_utc
1308077,209758,2026,2026-01-04T05:05:00,2026-01-04T20:05:00,PST-8,15.0,06,06067,C,067,SACRAMENTO,0,0,0,0,0.00,0.00,Heavy Rain,0,"[[38.63,-121.22],[38.6385,-121.2122],[38.6283,-121.2088],[38.6279,-121.2176]]",1,1,county_code_unverified|timezone_not_normalized_to_utc
1308078,209758,2026,2026-01-04T05:06:00,2026-01-04T21:06:00,PST-8,16.0,06,06067,C,067,SACRAMENTO,0,0,0,0,0.00,0.00,Heavy Rain,0,"[[38.4759,-121.4288],[38.4833,-121.4201],[38.4683,-121.412],[38.4691,-121.4248]]",1,1,county_code_unverified|timezone_not_normalized_to_utc
1308079,209758,2026,2026-01-04T05:59:00,2026-01-04T21:59:00,PST-8,16.0,06,06113,C,113,YOLO,0,0,0,0,0.00,0.00,Heavy Rain,0,"[[38.67,-121.73],[38.6851,-121.7358],[38.6823,-121.7783],[38.6709,-121.7675]]",1,1,county_code_unverified|timezone_not_normalized_to_utc
1308080,209758,2026,2026-01-04T06:19:00,2026-01-04T22:19:00,PST-8,16.0,06,06067,C,067,SACRAMENTO,0,0,0,0,0.00,0.00,Heavy Rain,0,"[[38.5731,-121.5023],[38.5807,-121.5105],[38.5692,-121.5184],[38.5659,-121.508]]",1,1,county_code_unverified|timezone_not_normalized_to_utc
1308082,209758,2026,2026-01-04T09:16:00,2026-01-04T21:16:00,PST-8,12.0,06,06067,C,067,SACRAMENTO,0,0,0,0,0.00,0.00,Heavy Rain,0,"[[38.5286,-121.5136],[38.5362,-121.5121],[38.5362,-121.5193],[38.5253,-121.5243],[38.524,-121.5137]]",1,1,county_code_unverified|timezone_not_normalized_to_utc
1308083,209758,2026,2026-01-04T12:59:00,2026-01-04T23:59:00,PST-8,11.0,06,06005,C,005,AMADOR,0,0,0,0,0.00,0.00,Heavy Rain,0,"[[38.29,-120.91],[38.2852,-120.915],[38.2828,-120.9127],[38.2867,-120.9036]]",1,1,county_code_unverified|timezone_not_normalized_to_utc
1308084,209758,2026,2026-01-04T14:02:00,2026-01-04T23:02:00,PST-8,9.0,06,06061,C,061,PLACER,0,0,0,0,0.00,0.00,Heavy Rain,0,"[[38.9,-121.43],[38.895,-121.4313],[38.896,-121.4216],[38.8996,-121.4228]]",1,1,county_code_unverified|timezone_not_normalized_to_utc
1308085,209758,2026,2026-01-04T14:24:00,2026-01-05T14:24:00,PST-8,24.0,06,06077,C,077,SAN JOAQUIN,0,0,0,0,0.00,0.00,Heavy Rain,0,"[[37.79,-121.28],[37.7941,-121.2861],[37.7885,-121.2914],[37.7866,-121.283]]",1,1,county_code_unverified|timezone_not_normalized_to_utc
1308086,209758,2026,2026-01-04T14:49:00,2026-01-04T22:49:00,PST-8,8.0,06,06061,C,061,PLACER,0,0,0,0,0.00,0.00,Heavy Rain,0,"[[38.77,-121.16],[38.7709,-121.1657],[38.7728,-121.1648],[38.7724,-121.1608]]",1,1,county_code_unverified|timezone_not_normalized_to_utc
1308087,209758,2026,2026-01-04T14:50:00,2026-01-04T22:50:00,PST-8,8.0,06,06089,C,089,SHASTA,0,0,0,0,0.00,0.00,Heavy Rain,0,"[[40.67,-122.35],[40.6719,-122.3692],[40.7021,-122.3504],[40.6991,-122.3295]]",1,1,county_code_unverified|timezone_not_normalized_to_utc
1308088,209758,2026,2026-01-04T14:58:00,2026-01-04T23:58:00,PST-8,9.0,06,06017,C,017,EL DORADO,0,0,0,0,0.00,0.00,Heavy Rain,0,"[[38.72,-120.83],[38.7199,-120.8314],[38.7232,-120.8328],[38.7234,-120.831]]",1,1,county_code_unverified|timezone_not_normalized_to_utc
1308089,209758,2026,2026-01-04T15:02:00,2026-01-04T23:02:00,PST-8,8.0,06,06061,C,061,PLACER,0,0,0,0,0.00,0.00,Heavy Rain,0,"[[38.93,-121.25],[38.93,-121.2448],[38.9255,-121.2442],[38.9257,-121.249]]",1,1,county_code_unverified|timezone_not_normalized_to_utc
1308090,209758,2026,2026-01-04T16:21:00,2026-01-04T23:21:00,PST-8,7.0,06,06009,C,009,CALAVERAS,0,0,0,0,0.00,0.00,Heavy Rain,0,"[[38.18,-120.92],[38.1765,-120.9202],[38.1765,-120.9158],[38.1804,-120.9141]]",1,1,county_code_unverified|timezone_not_normalized_to_utc
1308091,209758,2026,2026-01-04T16:39:00,2026-01-04T18:39:00,PST-8,2.0,06,06067,C,067,SACRAMENTO,0,0,0,0,0.00,0.00,Heavy Rain,0,"[[38.55,-121.34],[38.5424,-121.3429],[38.5402,-121.3323],[38.5475,-121.3309]]",1,1,county_code_unverified|timezone_not_normalized_to_utc
1308092,209758,2026,2026-01-05T16:13:00,2026-01-05T23:13:00,PST-8,7.0,06,06007,C,007,BUTTE,0,0,0,0,0.00,0.00,Heavy Rain,0,"[[39.79,-121.89],[39.7876,-121.8957],[39.7991,-121.9124],[39.8029,-121.9013]]",1,1,county_code_unverified|timezone_not_normalized_to_utc
1308926,209722,2026,2026-02-10T19:40:00,2026-02-11T08:45:00,PST-8,13.083333333333334,06,06053,C,053,MONTEREY,0,0,0,0,0.00,0.00,Heavy Rain,0,"[[36.1795,-121.7016],[36.0158,-121.5824],[35.8756,-121.4678],[35.775,-121.3373],[35.7854,-121.3169],[36.0088,-121.4782],[36.1825,-121.6908]]",1,1,county_code_unverified|timezone_not_normalized_to_utc
1309108,209351,2026,2026-01-25T17:26:00,2026-01-25T22:00:00,EST-5,4.566666666666666,54,54011,C,011,CABELL,0,0,0,0,0.00,0.00,Heavy Rain / Snow Melt,0,"[[38.4265,-82.3955],[38.4269,-82.3898],[38.4314,-82.3893],[38.4316,-82.3907],[38.4301,-82.3948]]",1,1,county_code_unverified|timezone_not_normalized_to_utc
1309112,209351,2026,2026-01-25T19:30:00,2026-01-25T22:30:00,EST-5,3.0,54,54043,C,043,LINCOLN,0,0,0,0,0.00,0.00,Heavy Rain / Snow Melt,0,"[[38.2917,-82.1378],[38.2686,-82.133],[38.2654,-82.0693],[38.2797,-82.0629],[38.2897,-82.0753]]",1,1,county_code_unverified|timezone_not_normalized_to_utc
1309113,209351,2026,2026-01-25T16:54:00,2026-01-25T22:00:00,EST-5,5.1,54,54043,C,043,LINCOLN,0,0,0,0,0.00,0.00,Heavy Rain / Snow Melt,0,"[[38.223,-81.9709],[38.2331,-81.961],[38.2424,-81.991],[38.2445,-82.0108],[38.2361,-82.0125]]",1,1,county_code_unverified|timezone_not_normalized_to_utc
1309116,209351,2026,2026-01-25T15:54:00,2026-01-25T20:00:00,EST-5,4.1,54,54045,C,045,LOGAN,0,0,0,0,0.00,0.00,Heavy Rain / Snow Melt,0,"[[37.9911,-82.0044],[37.9708,-81.9823],[37.9532,-81.9369],[37.9671,-81.9317],[37.992,-81.9985]]",1,1,county_code_unverified|timezone_not_normalized_to_utc
1309141,209864,2026,2026-02-20T07:46:00,2026-02-20T08:46:00,EST-5,1.0,42,42133,C,133,YORK,0,0,0,0,0.00,0.00,Heavy Rain / Snow Melt,0,"[[39.9462,-76.8287],[39.9463,-76.8277],[39.9456,-76.8275],[39.9455,-76.8285]]",1,1,county_code_unverified|timezone_not_normalized_to_utc
1309381,209907,2026,2026-02-20T11:25:00,2026-02-20T16:25:00,EST-5,5.0,54,54045,C,045,LOGAN,0,0,0,0,0.00,0.00,Heavy Rain,0,"[[37.981,-81.992],[37.9831,-81.9887],[37.9627,-81.9338],[37.9482,-81.9318],[37.948,-81.9389],[37.9727,-81.9851]]",1,1,county_code_unverified|timezone_not_normalized_to_utc
1309456,209947,2026,2026-03-06T02:25:00,2026-03-06T03:45:00,EST-5,1.3333333333333333,42,42117,C,117,TIOGA,0,0,0,0,0.00,0.00,Heavy Rain / Snow Melt,0,"[[41.9132,-77.5364],[41.9133,-77.536],[41.9126,-77.5357],[41.9126,-77.5363]]",1,1,county_code_unverified|timezone_not_normalized_to_utc
1309480,209948,2026,2026-02-19T22:30:00,2026-02-20T00:30:00,EST-5,2.0,18,18047,C,047,FRANKLIN,0,0,0,0,0.00,0.00,Heavy Rain,0,"[[39.432,-85.0449],[39.4321,-85.0417],[39.4298,-85.039],[39.4297,-85.0422]]",1,1,county_code_unverified|timezone_not_normalized_to_utc
1309481,209948,2026,2026-02-19T22:30:00,2026-02-20T00:30:00,EST-5,2.0,18,18047,C,047,FRANKLIN,0,0,0,0,0.00,0.00,Heavy Rain,0,"[[39.35,-84.84],[39.3478,-84.8399],[39.3483,-84.8483],[39.35,-84.8478]]",1,1,county_code_unverified|timezone_not_normalized_to_utc
1309487,209950,2026,2026-02-19T23:00:00,2026-02-20T01:00:00,EST-5,2.0,39,39049,C,049,FRANKLIN,0,0,0,0,0.00,0.00,Heavy Rain,0,"[[39.84,-83.04],[39.8483,-83.0385],[39.8436,-83.0649],[39.8358,-83.0511]]",1,1,county_code_unverified|timezone_not_normalized_to_utc
1309496,209950,2026,2026-02-19T23:30:00,2026-02-20T01:30:00,EST-5,2.0,39,39001,C,001,ADAMS,0,0,0,0,0.00,0.00,Heavy Rain,0,"[[38.97,-83.33],[38.9735,-83.3342],[38.9711,-83.3367],[38.9684,-83.3324]]",1,1,county_code_unverified|timezone_not_normalized_to_utc
1309502,209950,2026,2026-02-20T00:30:00,2026-02-20T02:30:00,EST-5,2.0,39,39049,C,049,FRANKLIN,0,0,0,0,0.00,0.00,Heavy Rain,0,"[[40.1333,-83.0369],[40.1322,-83.0367],[40.1323,-83.0354],[40.1336,-83.035]]",1,1,county_code_unverified|timezone_not_normalized_to_utc
1309503,209950,2026,2026-02-20T01:00:00,2026-02-20T03:00:00,EST-5,2.0,39,39057,C,057,GREENE,0,0,0,0,0.00,0.00,Heavy Rain,0,"[[39.6,-83.81],[39.5903,-83.8243],[39.5864,-83.8045],[39.5947,-83.7948]]",1,1,county_code_unverified|timezone_not_normalized_to_utc
1309504,209950,2026,2026-02-20T01:00:00,2026-02-20T03:00:00,EST-5,2.0,39,39057,C,057,GREENE,0,0,0,0,0.00,0.00,Heavy Rain,0,"[[39.6816,-83.7449],[39.6943,-83.7536],[39.705,-83.7345],[39.6778,-83.7307]]",1,1,county_code_unverified|timezone_not_normalized_to_utc
1309505,209950,2026,2026-02-20T04:00:00,2026-02-20T06:00:00,EST-5,2.0,39,39113,C,113,MONTGOMERY,0,0,0,0,0.00,0.00,Heavy Rain,0,"[[39.7,-84.21],[39.6974,-84.2097],[39.7069,-84.199],[39.7103,-84.2039]]",1,1,county_code_unverified|timezone_not_normalized_to_utc
1309592,209942,2026,2026-02-16T02:58:00,2026-02-16T18:58:00,PST-8,16.0,06,06007,C,007,BUTTE,0,0,0,0,0.00,0.00,Heavy Rain,0,"[[39.7,-121.79],[39.7026,-121.7791],[39.7415,-121.819],[39.7338,-121.831]]",1,1,county_code_unverified|timezone_not_normalized_to_utc
1309593,209942,2026,2026-02-16T03:14:00,2026-02-16T18:14:00,PST-8,15.0,06,06077,C,077,SAN JOAQUIN,0,0,0,0,0.00,0.00,Heavy Rain,0,"[[37.9483,-121.2908],[37.9501,-121.2852],[37.9517,-121.2858],[37.9511,-121.2898]]",1,1,county_code_unverified|timezone_not_normalized_to_utc
1309596,209942,2026,2026-02-16T07:00:00,2026-02-16T20:00:00,PST-8,13.0,06,06067,C,067,SACRAMENTO,0,0,0,0,0.00,0.00,Heavy Rain,0,"[[38.61,-121.26],[38.6063,-121.2703],[38.6015,-121.2679],[38.6101,-121.2551],[38.6143,-121.2532]]",1,1,county_code_unverified|timezone_not_normalized_to_utc
1309598,209942,2026,2026-02-16T07:08:00,2026-02-16T20:08:00,PST-8,13.0,06,06077,C,077,SAN JOAQUIN,0,0,0,0,0.00,0.00,Heavy Rain,0,"[[37.99,-121.25],[37.9878,-121.2535],[37.9934,-121.2548],[37.9964,-121.2505]]",1,1,county_code_unverified|timezone_not_normalized_to_utc
1309599,209942,2026,2026-02-16T08:41:00,2026-02-16T20:41:00,PST-8,12.0,06,06113,C,113,YOLO,0,0,0,0,0.00,0.00,Heavy Rain,0,"[[38.64,-121.8],[38.6436,-121.7995],[38.6426,-121.8054],[38.6399,-121.8046]]",1,1,county_code_unverified|timezone_not_normalized_to_utc
1309601,209942,2026,2026-02-16T08:48:00,2026-02-16T18:48:00,PST-8,10.0,06,06067,C,067,SACRAMENTO,0,0,0,0,0.00,0.00,Heavy Rain,0,"[[38.64,-121.19],[38.6417,-121.1904],[38.6437,-121.169],[38.6409,-121.1694]]",1,1,county_code_unverified|timezone_not_normalized_to_utc
1309602,209942,2026,2026-02-16T09:20:00,2026-02-16T18:20:00,PST-8,9.0,06,06067,C,067,SACRAMENTO,0,0,0,0,0.00,0.00,Heavy Rain,0,"[[38.61,-121.27],[38.6102,-121.2717],[38.6062,-121.2716],[38.6083,-121.268]]",1,1,county_code_unverified|timezone_not_normalized_to_utc
1309603,209942,2026,2026-02-16T09:27:00,2026-02-16T18:27:00,PST-8,9.0,06,06067,C,067,SACRAMENTO,0,0,0,0,0.00,0.00,Heavy Rain,0,"[[38.64,-121.11],[38.6462,-121.1095],[38.645,-121.121],[38.641,-121.1209]]",1,1,county_code_unverified|timezone_not_normalized_to_utc
1309604,209942,2026,2026-02-16T09:34:00,2026-02-16T18:34:00,PST-8,9.0,06,06077,C,077,SAN JOAQUIN,0,0,0,0,0.00,0.00,Heavy Rain,0,"[[38.02,-121.36],[38.0246,-121.3629],[38.0259,-121.3577],[38.0199,-121.3544]]",1,1,county_code_unverified|timezone_not_normalized_to_utc
1309605,209942,2026,2026-02-16T10:00:00,2026-02-16T21:00:00,PST-8,11.0,06,06067,C,067,SACRAMENTO,0,0,0,0,0.00,0.00,Heavy Rain,0,"[[38.48,-121.42],[38.4771,-121.4309],[38.468,-121.4223],[38.4716,-121.4153]]",1,1,county_code_unverified|timezone_not_normalized_to_utc
1309607,209942,2026,2026-02-16T10:00:00,2026-02-16T22:00:00,PST-8,12.0,06,06113,C,113,YOLO,0,0,0,0,0.00,0.00,Heavy Rain,0,"[[38.59,-121.52],[38.59,-121.5207],[38.5925,-121.5207],[38.5921,-121.5186]]",1,1,county_code_unverified|timezone_not_normalized_to_utc
1309608,209942,2026,2026-02-16T14:27:00,2026-02-16T23:27:00,PST-8,9.0,06,06067,C,067,SACRAMENTO,0,0,0,0,0.00,0.00,Heavy Rain,0,"[[38.48,-121.42],[38.4796,-121.4235],[38.4821,-121.424],[38.4825,-121.4214]]",1,1,county_code_unverified|timezone_not_normalized_to_utc
1309609,209942,2026,2026-02-16T15:20:00,2026-02-16T23:20:00,PST-8,8.0,06,06067,C,067,SACRAMENTO,0,0,0,0,0.00,0.00,Heavy Rain,0,"[[38.49,-121.16],[38.4956,-121.1583],[38.4958,-121.1636],[38.4907,-121.1684]]",1,1,county_code_unverified|timezone_not_normalized_to_utc
1309610,209942,2026,2026-02-16T15:41:00,2026-02-16T23:41:00,PST-8,8.0,06,06077,C,077,SAN JOAQUIN,0,0,0,0,0.00,0.00,Heavy Rain,0,"[[37.94,-120.94],[37.9421,-120.9491],[37.9496,-120.9463],[37.9483,-120.9348]]",1,1,county_code_unverified|timezone_not_normalized_to_utc
1309611,209942,2026,2026-02-16T16:43:00,2026-02-16T23:43:00,PST-8,7.0,06,06061,C,061,PLACER,0,0,0,0,0.00,0.00,Heavy Rain,0,"[[39.29,-120.68],[39.2935,-120.6849],[39.2981,-120.675],[39.2975,-120.6709]]",1,1,county_code_unverified|timezone_not_normalized_to_utc
1309758,209907,2026,2026-02-20T12:05:00,2026-02-20T23:06:00,EST-5,11.016666666666667,54,54083,C,083,RANDOLPH,0,0,0,0,0.00,0.00,Heavy Rain / Snow Melt,0,"[[38.733,-79.962],[38.7335,-79.9556],[38.7311,-79.9553],[38.7303,-79.9618]]",1,1,county_code_unverified|timezone_not_normalized_to_utc
1310205,210028,2026,2026-01-03T10:02:00,2026-01-03T10:02:00,PST-8,0.0,06,06029,C,029,KERN,0,0,0,0,0.00,0.00,Heavy Rain,0,"[[35.79,-119.25],[35.7907,-119.2507],[35.7903,-119.2508],[35.79,-119.2505]]",1,1,county_code_unverified|timezone_not_normalized_to_utc
1310206,210028,2026,2026-01-03T10:50:00,2026-01-03T10:50:00,PST-8,0.0,06,06029,C,029,KERN,0,0,0,0,0.00,0.00,Heavy Rain,0,"[[35.5,-119.16],[35.5087,-119.1678],[35.5045,-119.1756],[35.4999,-119.1684]]",1,1,county_code_unverified|timezone_not_normalized_to_utc
1310208,210028,2026,2026-01-03T11:16:00,2026-01-03T11:16:00,PST-8,0.0,06,06029,C,029,KERN,0,0,0,0,0.00,0.00,Heavy Rain,0,"[[35.1532,-119.4561],[35.1528,-119.4563],[35.1528,-119.4565],[35.1532,-119.4564]]",1,1,county_code_unverified|timezone_not_normalized_to_utc
1310209,210028,2026,2026-01-03T12:52:00,2026-01-03T12:52:00,PST-8,0.0,06,06029,C,029,KERN,0,0,0,0,0.00,0.00,Heavy Rain,0,"[[35.4028,-119.0406],[35.4033,-119.0409],[35.4029,-119.0412],[35.4027,-119.041]]",1,1,county_code_unverified|timezone_not_normalized_to_utc
1310768,209935,2026,2026-03-04T01:51:00,2026-03-04T12:47:00,EST-5,10.933333333333334,54,54107,C,107,WOOD,0,0,0,0,0.00,0.00,Heavy Rain,0,"[[39.2078,-81.4733],[39.22,-81.46],[39.2181,-81.426],[39.2412,-81.402],[39.2419,-81.3939],[39.2306,-81.398],[39.21,-81.426],[39.2055,-81.4698]]",1,1,county_code_unverified|timezone_not_normalized_to_utc
1310771,209935,2026,2026-03-04T06:46:00,2026-03-04T12:47:00,EST-5,6.016666666666667,54,54107,C,107,WOOD,0,0,0,0,0.00,0.00,Heavy Rain,0,"[[39.1353,-81.7104],[39.1283,-81.7208],[39.127,-81.7177],[39.132,-81.7057],[39.1242,-81.6704],[39.135,-81.6703],[39.1324,-81.6858]]",1,1,county_code_unverified|timezone_not_normalized_to_utc
1310772,209935,2026,2026-03-04T07:38:00,2026-03-04T08:30:00,EST-5,0.8666666666666667,54,54085,C,085,RITCHIE,0,0,0,0,0.00,0.00,Heavy Rain,0,"[[39.16,-81.05],[39.1619,-81.0456],[39.1614,-81.0421],[39.1554,-81.0471],[39.1562,-81.0507]]",1,1,county_code_unverified|timezone_not_normalized_to_utc
1310773,209935,2026,2026-03-06T20:06:00,2026-03-06T23:06:00,EST-5,3.0,54,54097,C,097,UPSHUR,0,0,0,0,10000.00,0.00,Heavy Rain,0,"[[39.0133,-80.1924],[39.013,-80.1942],[39.0093,-80.1962],[39.0046,-80.188],[39.0072,-80.1874]]",1,1,county_code_unverified|timezone_not_normalized_to_utc
1310776,209935,2026,2026-03-06T20:06:00,2026-03-06T23:06:00,EST-5,3.0,54,54097,C,097,UPSHUR,0,0,0,0,10000.00,0.00,Heavy Rain,0,"[[39.0133,-80.1924],[39.013,-80.1942],[39.0093,-80.1962],[39.0046,-80.188],[39.0072,-80.1874]]",1,1,county_code_unverified|timezone_not_normalized_to_utc
1310873,210200,2026,2026-02-24T16:15:00,2026-02-26T10:45:00,PST-8,42.5,41,41011,C,011,COOS,0,0,0,0,0.00,0.00,Heavy Rain,0,"[[43.07,-124.16],[43.1,-124.12],[43.23,-124.22],[43.16,-124.41],[43.12,-124.42]]",1,1,county_code_unverified|timezone_not_normalized_to_utc
1311023,210214,2026,2026-03-05T00:10:00,2026-03-05T02:10:00,EST-5,2.0,39,39017,C,017,BUTLER,0,0,0,0,25000.00,0.00,Heavy Rain,0,"[[39.39,-84.65],[39.3943,-84.6502],[39.3931,-84.6577],[39.389,-84.6573]]",1,1,county_code_unverified|timezone_not_normalized_to_utc
1311025,210214,2026,2026-03-05T01:13:00,2026-03-05T03:13:00,EST-5,2.0,39,39017,C,017,BUTLER,0,0,0,0,10000.00,0.00,Heavy Rain,0,"[[39.55,-84.38],[39.552,-84.3824],[39.5502,-84.3849],[39.5484,-84.3841]]",1,1,county_code_unverified|timezone_not_normalized_to_utc
1311031,210214,2026,2026-03-05T07:22:00,2026-03-05T09:22:00,EST-5,2.0,39,39057,C,057,GREENE,0,0,0,0,0.00,0.00,Heavy Rain,0,"[[39.62,-83.93],[39.6208,-83.9327],[39.6162,-83.9362],[39.6167,-83.9301]]",1,1,county_code_unverified|timezone_not_normalized_to_utc
1311032,210214,2026,2026-03-05T07:22:00,2026-03-05T09:22:00,EST-5,2.0,39,39057,C,057,GREENE,0,0,0,0,0.00,0.00,Heavy Rain,0,"[[39.6148,-83.8648],[39.6181,-83.8724],[39.6171,-83.8806],[39.6126,-83.8722]]",1,1,county_code_unverified|timezone_not_normalized_to_utc
1311034,210214,2026,2026-03-05T07:27:00,2026-03-05T09:27:00,EST-5,2.0,39,39047,C,047,FAYETTE,0,0,0,0,0.00,0.00,Heavy Rain,0,"[[39.48,-83.46],[39.4782,-83.4586],[39.4808,-83.4554],[39.4821,-83.4598]]",1,1,county_code_unverified|timezone_not_normalized_to_utc
1311038,210214,2026,2026-03-05T08:00:00,2026-03-05T10:00:00,EST-5,2.0,39,39045,C,045,FAIRFIELD,0,0,0,0,0.00,0.00,Heavy Rain,0,"[[39.83,-82.79],[39.8323,-82.7936],[39.8375,-82.7888],[39.8353,-82.7847]]",1,1,county_code_unverified|timezone_not_normalized_to_utc
1311039,210214,2026,2026-03-05T08:00:00,2026-03-05T10:00:00,EST-5,2.0,39,39045,C,045,FAIRFIELD,0,0,0,0,0.00,0.00,Heavy Rain,0,"[[39.8254,-82.5651],[39.8216,-82.5672],[39.8185,-82.554],[39.8233,-82.5524]]",1,1,county_code_unverified|timezone_not_normalized_to_utc
1311045,210214,2026,2026-03-05T09:00:00,2026-03-05T11:00:00,EST-5,2.0,39,39027,C,027,CLINTON,0,0,0,0,0.00,0.00,Heavy Rain,0,"[[39.56,-83.83],[39.554,-83.8364],[39.555,-83.829],[39.5587,-83.8272]]",1,1,county_code_unverified|timezone_not_normalized_to_utc
1311047,210214,2026,2026-03-05T09:00:00,2026-03-05T11:00:00,EST-5,2.0,39,39027,C,027,CLINTON,0,0,0,0,0.00,0.00,Heavy Rain,0,"[[39.29,-83.9],[39.2882,-83.8951],[39.2848,-83.8984],[39.2853,-83.9053]]",1,1,county_code_unverified|timezone_not_normalized_to_utc
1311049,210214,2026,2026-03-05T12:55:00,2026-03-05T14:55:00,EST-5,2.0,39,39129,C,129,PICKAWAY,0,0,0,0,0.00,0.00,Heavy Rain,0,"[[39.7136,-82.9604],[39.7137,-82.9591],[39.7127,-82.9593],[39.7128,-82.9602]]",1,1,county_code_unverified|timezone_not_normalized_to_utc
1311050,210214,2026,2026-03-05T12:55:00,2026-03-05T14:55:00,EST-5,2.0,39,39129,C,129,PICKAWAY,0,0,0,0,0.00,0.00,Heavy Rain,0,"[[39.5,-82.77],[39.4965,-82.7626],[39.4931,-82.765],[39.4979,-82.7705]]",1,1,county_code_unverified|timezone_not_normalized_to_utc
1311051,210214,2026,2026-03-05T13:00:00,2026-03-05T15:00:00,EST-5,2.0,39,39073,C,073,HOCKING,0,0,0,0,0.00,0.00,Heavy Rain,0,"[[39.4629,-82.7334],[39.4615,-82.7351],[39.4628,-82.7377],[39.4647,-82.7357]]",1,1,county_code_unverified|timezone_not_normalized_to_utc
1311052,210214,2026,2026-03-05T13:15:00,2026-03-05T15:15:00,EST-5,2.0,39,39057,C,057,GREENE,0,0,0,0,0.00,0.00,Heavy Rain,0,"[[39.75,-83.74],[39.7479,-83.7318],[39.7466,-83.7348],[39.7474,-83.7424]]",1,1,county_code_unverified|timezone_not_normalized_to_utc
1311111,210056,2026,2026-01-01T05:01:00,2026-01-01T05:01:00,PST-8,0.0,06,06059,C,059,ORANGE,0,0,0,0,0.00,0.00,Heavy Rain,0,"[[33.6846,-118.0378],[33.7013,-118.0536],[33.7019,-118.0521],[33.6853,-118.0371]]",1,1,county_code_unverified|timezone_not_normalized_to_utc
1311112,210056,2026,2026-01-01T06:30:00,2026-01-01T06:30:00,PST-8,0.0,06,06073,C,073,SAN DIEGO,0,0,0,0,0.00,0.00,Heavy Rain,0,"[[32.734,-117.1698],[32.7322,-117.1702],[32.7322,-117.1697],[32.734,-117.1692]]",1,1,county_code_unverified|timezone_not_normalized_to_utc
1311113,210056,2026,2026-01-01T06:36:00,2026-01-01T06:36:00,PST-8,0.0,06,06073,C,073,SAN DIEGO,0,0,0,0,0.00,0.00,Heavy Rain,0,"[[32.8069,-117.2166],[32.8072,-117.2155],[32.8066,-117.2151],[32.8064,-117.2162]]",1,1,county_code_unverified|timezone_not_normalized_to_utc
1311519,210056,2026,2026-01-01T07:46:00,2026-01-01T07:46:00,PST-8,0.0,06,06073,C,073,SAN DIEGO,0,0,0,0,0.00,0.00,Heavy Rain,0,"[[32.7094,-117.0118],[32.7095,-117.0094],[32.709,-117.0094],[32.7088,-117.0115]]",1,1,county_code_unverified|timezone_not_normalized_to_utc
1311544,210056,2026,2026-01-01T09:18:00,2026-01-01T09:18:00,PST-8,0.0,06,06073,C,073,SAN DIEGO,0,0,0,0,0.00,0.00,Heavy Rain,0,"[[32.762,-117.1651],[32.7622,-117.1631],[32.761,-117.1631],[32.7609,-117.1649]]",1,1,county_code_unverified|timezone_not_normalized_to_utc
1311546,210056,2026,2026-01-01T10:13:00,2026-01-01T10:13:00,PST-8,0.0,06,06073,C,073,SAN DIEGO,0,0,0,0,0.00,0.00,Heavy Rain,0,"[[32.8906,-117.2081],[32.8898,-117.2044],[32.8877,-117.2042],[32.8895,-117.2081]]",1,1,county_code_unverified|timezone_not_normalized_to_utc
1311855,210284,2026,2026-03-05T01:59:00,2026-03-05T01:59:00,CST-6,0.0,29,29161,C,161,PHELPS,0,0,0,0,0.00,0.00,Heavy Rain,0,"[[37.946,-91.7779],[37.9461,-91.7764],[37.9454,-91.7741],[37.9454,-91.7781]]",1,1,county_code_unverified|timezone_not_normalized_to_utc
1311858,210284,2026,2026-03-05T02:28:00,2026-03-05T03:28:00,CST-6,1.0,29,29161,C,161,PHELPS,0,0,0,0,0.00,0.00,Heavy Rain,0,"[[37.68,-91.81],[37.6827,-91.8078],[37.6851,-91.81],[37.6837,-91.8123]]",1,1,county_code_unverified|timezone_not_normalized_to_utc
1311860,210284,2026,2026-03-05T03:05:00,2026-03-05T05:05:00,CST-6,2.0,29,29065,C,065,DENT,0,0,0,0,0.00,0.00,Heavy Rain,0,"[[37.77,-91.36],[37.777,-91.3635],[37.7771,-91.376],[37.7717,-91.3727]]",1,1,county_code_unverified|timezone_not_normalized_to_utc
1311863,210284,2026,2026-03-05T05:46:00,2026-03-05T07:46:00,CST-6,2.0,29,29229,C,229,WRIGHT,0,0,0,0,0.00,0.00,Heavy Rain,0,"[[37.3,-92.51],[37.2921,-92.5007],[37.2885,-92.5049],[37.2937,-92.5118]]",1,1,county_code_unverified|timezone_not_normalized_to_utc
1311864,210284,2026,2026-03-05T05:50:00,2026-03-05T07:50:00,CST-6,2.0,29,29229,C,229,WRIGHT,0,0,0,0,0.00,0.00,Heavy Rain,0,"[[37.17,-92.53],[37.1722,-92.5251],[37.1675,-92.5278],[37.1671,-92.5319]]",1,1,county_code_unverified|timezone_not_normalized_to_utc
1311871,210284,2026,2026-03-05T07:29:00,2026-03-05T09:29:00,CST-6,2.0,29,29203,C,203,SHANNON,0,0,0,0,0.00,0.00,Heavy Rain,0,"[[37.11,-91.2],[37.1072,-91.1986],[37.1078,-91.2045],[37.1113,-91.2021]]",1,1,county_code_unverified|timezone_not_normalized_to_utc
1311873,210284,2026,2026-03-05T07:56:00,2026-03-05T09:56:00,CST-6,2.0,29,29067,C,067,DOUGLAS,0,0,0,0,0.00,0.00,Heavy Rain,0,"[[36.97,-92.73],[36.9688,-92.7184],[36.9632,-92.724],[36.9631,-92.7302]]",1,1,county_code_unverified|timezone_not_normalized_to_utc
1311874,210284,2026,2026-03-05T08:00:00,2026-03-05T09:00:00,CST-6,1.0,29,29043,C,043,CHRISTIAN,0,0,0,0,0.00,0.00,Heavy Rain,0,"[[36.93,-93.0],[36.9269,-92.9996],[36.9254,-93.0044],[36.9292,-93.0082]]",1,1,county_code_unverified|timezone_not_normalized_to_utc
1311876,210284,2026,2026-03-05T08:00:00,2026-03-05T09:00:00,CST-6,1.0,29,29043,C,043,CHRISTIAN,0,0,0,0,0.00,0.00,Heavy Rain,0,"[[36.97,-92.93],[36.9746,-92.9271],[36.9753,-92.9306],[36.973,-92.9334]]",1,1,county_code_unverified|timezone_not_normalized_to_utc
1311883,210284,2026,2026-03-05T08:00:00,2026-03-05T09:00:00,CST-6,1.0,29,29043,C,043,CHRISTIAN,0,0,0,0,0.00,0.00,Heavy Rain,0,"[[36.9753,-92.9214],[36.9745,-92.9241],[36.9729,-92.9233],[36.9741,-92.9204]]",1,1,county_code_unverified|timezone_not_normalized_to_utc
1311885,210284,2026,2026-03-05T08:00:00,2026-03-05T09:00:00,CST-6,1.0,29,29043,C,043,CHRISTIAN,0,0,0,0,0.00,0.00,Heavy Rain,0,"[[37.08,-93.4],[37.079,-93.3977],[37.0793,-93.401],[37.0805,-93.4011]]",1,1,county_code_unverified|timezone_not_normalized_to_utc
1311886,210284,2026,2026-03-05T08:24:00,2026-03-05T09:24:00,CST-6,1.0,29,29067,C,067,DOUGLAS,0,0,0,0,0.00,0.00,Heavy Rain,0,"[[37.01,-92.52],[37.0089,-92.5167],[37.0083,-92.5202],[37.0092,-92.5224]]",1,1,county_code_unverified|timezone_not_normalized_to_utc
1311888,210284,2026,2026-03-05T08:32:00,2026-03-05T09:32:00,CST-6,1.0,29,29153,C,153,OZARK,0,0,0,0,0.00,0.00,Heavy Rain,0,"[[36.78,-92.37],[36.7831,-92.3609],[36.7864,-92.3673],[36.7838,-92.3738]]",1,1,county_code_unverified|timezone_not_normalized_to_utc
1311889,210284,2026,2026-03-05T16:02:00,2026-03-05T17:02:00,CST-6,1.0,29,29215,C,215,TEXAS,0,0,0,0,0.00,0.00,Heavy Rain,0,"[[37.46,-91.99],[37.4571,-91.9899],[37.4599,-91.9864],[37.4641,-91.9873]]",1,1,county_code_unverified|timezone_not_normalized_to_utc
1311891,210284,2026,2026-03-05T17:19:00,2026-03-05T18:19:00,CST-6,1.0,29,29153,C,153,OZARK,0,0,0,0,0.00,0.00,Heavy Rain,0,"[[36.64,-92.23],[36.6403,-92.2228],[36.646,-92.2212],[36.6456,-92.2297]]",1,1,county_code_unverified|timezone_not_normalized_to_utc
1311932,210291,2026,2026-03-07T07:29:00,2026-03-07T09:29:00,CST-6,2.0,29,29203,C,203,SHANNON,0,0,0,0,0.00,0.00,Heavy Rain,0,"[[37.11,-91.2],[37.1088,-91.1968],[37.1072,-91.2021],[37.1091,-91.2038]]",1,1,county_code_unverified|timezone_not_normalized_to_utc
1311933,210291,2026,2026-03-07T07:37:00,2026-03-07T09:37:00,CST-6,2.0,29,29065,C,065,DENT,0,0,0,0,0.00,0.00,Heavy Rain,0,"[[37.78,-91.37],[37.7769,-91.3647],[37.7707,-91.3687],[37.7749,-91.3734]]",1,1,county_code_unverified|timezone_not_normalized_to_utc
1311934,210291,2026,2026-03-07T07:42:00,2026-03-07T09:42:00,CST-6,2.0,29,29009,C,009,BARRY,0,0,0,0,0.00,0.00,Heavy Rain,0,"[[36.82,-93.79],[36.8182,-93.7844],[36.816,-93.7873],[36.8185,-93.792]]",1,1,county_code_unverified|timezone_not_normalized_to_utc
1311935,210291,2026,2026-03-07T08:24:00,2026-03-07T10:24:00,CST-6,2.0,29,29067,C,067,DOUGLAS,0,0,0,0,0.00,0.00,Heavy Rain,0,"[[37.01,-92.52],[37.0089,-92.5181],[37.0083,-92.5209],[37.0102,-92.5216]]",1,1,county_code_unverified|timezone_not_normalized_to_utc
1311936,210291,2026,2026-03-07T08:51:00,2026-03-07T09:51:00,CST-6,1.0,29,29229,C,229,WRIGHT,0,0,0,0,0.00,0.00,Heavy Rain,0,"[[37.44,-92.45],[37.4468,-92.4475],[37.4477,-92.4535],[37.4424,-92.4555]]",1,1,county_code_unverified|timezone_not_normalized_to_utc
1311937,210291,2026,2026-03-07T08:57:00,2026-03-07T09:57:00,CST-6,1.0,29,29065,C,065,DENT,0,0,0,0,0.00,0.00,Heavy Rain,0,"[[37.61,-91.4],[37.6102,-91.3973],[37.6129,-91.3973],[37.6132,-91.4037]]",1,1,county_code_unverified|timezone_not_normalized_to_utc
1311938,210291,2026,2026-03-07T09:03:00,2026-03-07T10:03:00,CST-6,1.0,29,29153,C,153,OZARK,0,0,0,0,0.00,0.00,Heavy Rain,0,"[[36.78,-92.37],[36.7834,-92.3613],[36.7866,-92.3679],[36.7848,-92.373]]",1,1,county_code_unverified|timezone_not_normalized_to_utc
1311939,210291,2026,2026-03-07T08:52:00,2026-03-07T10:40:00,CST-6,1.8,29,29225,C,225,WEBSTER,0,0,0,0,0.00,0.00,Heavy Rain,0,"[[37.1,-92.92],[37.0955,-92.9092],[37.0917,-92.9201],[37.0975,-92.9267]]",1,1,county_code_unverified|timezone_not_normalized_to_utc
1311940,210291,2026,2026-03-07T09:59:00,2026-03-07T10:59:00,CST-6,1.0,29,29153,C,153,OZARK,0,0,0,0,0.00,0.00,Heavy Rain,0,"[[36.54,-92.4],[36.5376,-92.3938],[36.5333,-92.3959],[36.5376,-92.4]]",1,1,county_code_unverified|timezone_not_normalized_to_utc
1311941,210291,2026,2026-03-07T10:11:00,2026-03-07T11:11:00,CST-6,1.0,29,29215,C,215,TEXAS,0,0,0,0,0.00,0.00,Heavy Rain,0,"[[37.46,-91.97],[37.464,-91.9825],[37.4661,-91.9887],[37.4605,-91.9913]]",1,1,county_code_unverified|timezone_not_normalized_to_utc
1311942,210291,2026,2026-03-07T10:34:00,2026-03-07T11:34:00,CST-6,1.0,29,29067,C,067,DOUGLAS,0,0,0,0,0.00,0.00,Heavy Rain,0,"[[37.04,-92.19],[37.0395,-92.1848],[37.0358,-92.1904],[37.0377,-92.1943]]",1,1,county_code_unverified|timezone_not_normalized_to_utc
1311943,210291,2026,2026-03-07T10:37:00,2026-03-07T11:37:00,CST-6,1.0,29,29015,C,015,BENTON,0,0,0,0,0.00,0.00,Heavy Rain,0,"[[38.43,-93.08],[38.4366,-93.0677],[38.4368,-93.077],[38.4343,-93.087]]",1,1,county_code_unverified|timezone_not_normalized_to_utc
1311944,210291,2026,2026-03-07T13:11:00,2026-03-07T14:11:00,CST-6,1.0,29,29203,C,203,SHANNON,0,0,0,0,0.00,0.00,Heavy Rain,0,"[[37.38,-91.55],[37.3783,-91.5465],[37.3772,-91.5509],[37.3756,-91.5571]]",1,1,county_code_unverified|timezone_not_normalized_to_utc
1312082,209781,2026,2026-01-08T19:20:00,2026-01-08T22:30:00,CST-6,3.1666666666666665,17,17043,C,043,DU PAGE,0,0,0,0,0.00,0.00,Heavy Rain,0,"[[41.726,-88.2649],[41.874,-88.262],[41.9444,-87.9203],[41.8898,-87.9205],[41.717,-87.915],[41.6857,-87.9828],[41.6857,-88.0307],[41.7304,-88.0307]]",1,1,county_code_unverified|timezone_not_normalized_to_utc
1312084,209781,2026,2026-01-08T20:30:00,2026-01-08T22:30:00,CST-6,2.0,17,17197,C,197,WILL,0,0,0,0,0.00,0.00,Heavy Rain,0,"[[41.5402,-88.1301],[41.5402,-88.0612],[41.504,-88.0612],[41.504,-88.1301]]",1,1,county_code_unverified|timezone_not_normalized_to_utc
1312095,209781,2026,2026-01-08T19:15:00,2026-01-08T22:30:00,CST-6,3.25,17,17031,C,031,COOK,0,0,0,0,0.00,0.00,Heavy Rain,0,"[[42.1586,-87.9701],[42.1586,-87.9037],[42.0534,-87.9037],[42.0534,-87.9701]]",1,1,county_code_unverified|timezone_not_normalized_to_utc
1312518,210383,2026,2026-03-16T14:30:00,2026-03-16T16:00:00,EST-5,1.5,51,51600,C,600,FAIRFAX (C),0,0,0,0,0.00,0.00,Heavy Rain,0,"[[38.9609,-77.2505],[38.9584,-77.2509],[38.9578,-77.2398],[38.9613,-77.2419]]",1,1,county_code_unverified|timezone_not_normalized_to_utc
1312521,210383,2026,2026-03-16T14:30:00,2026-03-16T16:00:00,EST-5,1.5,51,51059,C,059,FAIRFAX,0,0,0,0,0.00,0.00,Heavy Rain,0,"[[38.8451,-77.2441],[38.863,-77.2435],[38.8516,-77.1803],[38.8196,-77.2131],[38.8196,-77.2342]]",1,1,county_code_unverified|timezone_not_normalized_to_utc
1312719,210405,2026,2026-02-24T22:30:00,2026-02-25T22:00:00,PST-8,23.5,06,06103,C,103,TEHAMA,0,0,0,0,0.00,0.00,Heavy Rain / Snow Melt,0,"[[40.0682,-122.1351],[40.0754,-122.0527],[39.9771,-122.0307],[39.9897,-122.1353]]",1,1,county_code_unverified|timezone_not_normalized_to_utc
1312727,210405,2026,2026-02-25T05:15:00,2026-02-26T00:00:00,PST-8,18.75,06,06103,C,103,TEHAMA,0,0,0,0,0.00,0.00,Heavy Rain / Snow Melt,0,"[[39.9464,-122.1111],[39.9495,-122.0529],[39.9074,-122.0436],[39.8923,-122.1155]]",1,1,county_code_unverified|timezone_not_normalized_to_utc
1312731,210405,2026,2026-02-26T08:00:00,2026-02-26T12:15:00,PST-8,4.25,06,06021,C,021,GLENN,0,0,0,0,0.00,0.00,Heavy Rain / Snow Melt,0,"[[39.64,-122.0001],[39.6418,-121.9683],[39.6118,-121.9636],[39.6122,-121.9953]]",1,1,county_code_unverified|timezone_not_normalized_to_utc
1313161,209935,2026,2026-03-06T04:49:00,2026-03-06T14:52:00,EST-5,10.05,54,54083,C,083,RANDOLPH,0,0,0,0,0.00,0.00,Heavy Rain,0,"[[38.7619,-79.9363],[38.6918,-79.9808],[38.6667,-79.99],[38.6746,-80.0174],[38.7729,-79.9568]]",1,1,county_code_unverified|timezone_not_normalized_to_utc
1313164,209936,2026,2026-03-04T06:00:00,2026-03-05T17:30:00,EST-5,35.5,39,39163,C,163,VINTON,0,0,0,0,0.00,0.00,Heavy Rain,0,"[[39.2469,-82.4764],[39.2474,-82.4575],[39.2356,-82.4358],[39.2322,-82.4367],[39.2324,-82.4485],[39.2432,-82.4742]]",1,1,county_code_unverified|timezone_not_normalized_to_utc
1313165,209936,2026,2026-03-04T06:40:00,2026-03-05T17:30:00,EST-5,34.833333333333336,39,39163,C,163,VINTON,0,0,0,0,0.00,0.00,Heavy Rain,0,"[[39.2673,-82.4762],[39.2663,-82.4744],[39.2607,-82.4732],[39.2591,-82.4737],[39.2596,-82.479]]",1,1,county_code_unverified|timezone_not_normalized_to_utc
1313168,209936,2026,2026-03-04T07:23:00,2026-03-05T17:30:00,EST-5,34.11666666666667,39,39163,C,163,VINTON,0,0,0,0,10000.00,0.00,Heavy Rain,0,"[[39.146,-82.52],[39.1461,-82.5158],[39.1624,-82.4345],[39.1676,-82.45],[39.1608,-82.526]]",1,1,county_code_unverified|timezone_not_normalized_to_utc
1313171,209936,2026,2026-03-05T04:59:00,2026-03-05T17:30:00,EST-5,12.516666666666667,39,39163,C,163,VINTON,0,0,0,0,0.00,0.00,Heavy Rain,0,"[[39.39,-82.5],[39.3861,-82.3944],[39.3608,-82.3782],[39.3169,-82.3967],[39.2811,-82.4649],[39.3864,-82.5011]]",1,1,county_code_unverified|timezone_not_normalized_to_utc
1313173,209936,2026,2026-03-04T06:34:00,2026-03-05T17:30:00,EST-5,34.93333333333333,39,39105,C,105,MEIGS,0,0,0,0,0.00,0.00,Heavy Rain,0,"[[39.0744,-82.3147],[39.0566,-82.3136],[39.0465,-82.2757],[39.0196,-82.0686],[39.0294,-82.0654],[39.0538,-82.1325]]",1,1,county_code_unverified|timezone_not_normalized_to_utc
1313174,209936,2026,2026-03-04T07:05:00,2026-03-05T17:30:00,EST-5,34.416666666666664,39,39105,C,105,MEIGS,0,0,0,0,0.00,0.00,Heavy Rain,0,"[[39.11,-82.11],[39.0455,-82.0656],[39.0464,-82.059],[39.0616,-82.0509],[39.1107,-82.0854],[39.1275,-82.1325],[39.1255,-82.1337]]",1,1,county_code_unverified|timezone_not_normalized_to_utc
1313177,209936,2026,2026-03-05T08:10:00,2026-03-05T17:30:00,EST-5,9.333333333333334,39,39009,C,009,ATHENS,0,0,0,0,0.00,0.00,Heavy Rain,0,"[[39.35,-82.25],[39.3469,-82.2531],[39.3705,-82.2777],[39.3733,-82.2744],[39.3731,-82.263]]",1,1,county_code_unverified|timezone_not_normalized_to_utc
1313178,209936,2026,2026-03-05T07:53:00,2026-03-06T06:31:00,EST-5,22.633333333333333,39,39009,C,009,ATHENS,0,0,0,0,0.00,0.00,Heavy Rain,0,"[[39.4942,-82.0911],[39.473,-82.0782],[39.4771,-82.0656],[39.5184,-82.083],[39.5521,-82.099],[39.5517,-82.1055],[39.5352,-82.1094]]",1,1,county_code_unverified|timezone_not_normalized_to_utc
1313194,209936,2026,2026-03-05T09:00:00,2026-03-05T17:30:00,EST-5,8.5,39,39009,C,009,ATHENS,0,0,0,0,0.00,0.00,Heavy Rain,0,"[[39.25,-81.81],[39.2757,-81.8312],[39.2781,-81.8265],[39.2688,-81.818],[39.2587,-81.8115],[39.2509,-81.8078]]",1,1,county_code_unverified|timezone_not_normalized_to_utc
1313195,209936,2026,2026-03-05T09:00:00,2026-03-05T17:30:00,EST-5,8.5,39,39009,C,009,ATHENS,0,0,0,0,0.00,0.00,Heavy Rain,0,"[[39.2906,-82.1887],[39.2896,-82.1886],[39.2949,-82.1655],[39.2965,-82.167],[39.2943,-82.179]]",1,1,county_code_unverified|timezone_not_normalized_to_utc
1313198,209936,2026,2026-03-05T09:00:00,2026-03-05T17:30:00,EST-5,8.5,39,39009,C,009,ATHENS,0,0,0,0,0.00,0.00,Heavy Rain,0,"[[39.3808,-82.2526],[39.3828,-82.2497],[39.3818,-82.2477],[39.3796,-82.2521]]",1,1,county_code_unverified|timezone_not_normalized_to_utc
1313199,209936,2026,2026-03-05T09:00:00,2026-03-06T10:00:00,EST-5,25.0,39,39009,C,009,ATHENS,0,0,0,0,0.00,0.00,Heavy Rain,0,"[[39.39,-81.97],[39.3942,-81.9677],[39.3975,-81.961],[39.3795,-81.9442],[39.3777,-81.9456],[39.3758,-81.958],[39.3828,-81.9655]]",1,1,county_code_unverified|timezone_not_normalized_to_utc
1313200,209936,2026,2026-03-05T09:00:00,2026-03-06T10:00:00,EST-5,25.0,39,39009,C,009,ATHENS,0,0,0,0,0.00,0.00,Heavy Rain,0,"[[39.4699,-82.0787],[39.4699,-82.0763],[39.4582,-82.0733],[39.4569,-82.0765]]",1,1,county_code_unverified|timezone_not_normalized_to_utc
1313202,209936,2026,2026-03-05T05:13:00,2026-03-06T06:03:00,EST-5,24.833333333333332,39,39167,C,167,WASHINGTON,0,0,0,0,0.00,0.00,Heavy Rain,0,"[[39.6274,-81.4555],[39.6276,-81.458],[39.6293,-81.4611],[39.6318,-81.4619],[39.6347,-81.4626],[39.6352,-81.4603],[39.6317,-81.4595]]",1,1,county_code_unverified|timezone_not_normalized_to_utc
1313203,209936,2026,2026-03-05T08:07:00,2026-03-06T10:00:00,EST-5,25.883333333333333,39,39127,C,127,PERRY,0,0,0,0,0.00,0.00,Heavy Rain,0,"[[39.6,-82.34],[39.6001,-82.3381],[39.6056,-82.3375],[39.605,-82.3401]]",1,1,county_code_unverified|timezone_not_normalized_to_utc
1313204,209936,2026,2026-03-05T15:45:00,2026-03-05T17:30:00,EST-5,1.75,39,39079,C,079,JACKSON,0,0,0,0,0.00,0.00,Heavy Rain,0,"[[39.02,-82.5],[39.0185,-82.4981],[39.0152,-82.4993],[39.017,-82.5105],[39.0198,-82.5084]]",1,1,county_code_unverified|timezone_not_normalized_to_utc
1313205,209936,2026,2026-03-05T12:19:00,2026-03-06T11:53:00,EST-5,23.566666666666666,39,39167,C,167,WASHINGTON,0,0,0,0,0.00,0.00,Heavy Rain,0,"[[39.5202,-81.409],[39.521,-81.4212],[39.5009,-81.431],[39.4738,-81.4177],[39.4764,-81.4095]]",1,1,county_code_unverified|timezone_not_normalized_to_utc
1313206,209936,2026,2026-03-05T08:48:00,2026-03-06T08:46:00,EST-5,23.966666666666665,39,39167,C,167,WASHINGTON,0,0,0,0,0.00,0.00,Heavy Rain,0,"[[39.5688,-81.1504],[39.5703,-81.198],[39.5619,-81.2116],[39.5448,-81.2102],[39.5428,-81.1977],[39.5532,-81.1743]]",1,1,county_code_unverified|timezone_not_normalized_to_utc
1313207,209936,2026,2026-03-04T08:07:00,2026-03-05T16:05:00,EST-5,31.966666666666665,39,39105,C,105,MEIGS,0,0,0,0,0.00,0.00,Heavy Rain,0,"[[39.069,-81.9014],[39.0635,-81.8689],[39.0578,-81.8692],[39.0596,-81.8969]]",1,1,county_code_unverified|timezone_not_normalized_to_utc
1314405,210551,2026,2026-01-26T06:00:00,2026-01-26T12:00:00,EST-5,6.0,21,21013,C,013,BELL,0,0,0,0,100.00,100.00,Heavy Rain / Snow Melt,0,"[[36.7762,-83.6338],[36.777,-83.6282],[36.7762,-83.6279],[36.7756,-83.6336]]",1,1,county_code_unverified|timezone_not_normalized_to_utc
1315367,210657,2026,2026-01-21T08:00:00,2026-01-21T14:00:00,HST-10,6.0,15,15009,C,009,MAUI,0,0,0,0,0.00,0.00,Heavy Rain,0,"[[20.9099,-156.3971],[20.9132,-156.3887],[20.9102,-156.3886],[20.9077,-156.3961]]",1,1,county_code_unverified|timezone_not_normalized_to_utc
1315956,210734,2026,2026-02-16T07:45:00,2026-02-25T04:00:00,CST-6,212.25,05,05147,C,147,WOODRUFF,0,0,0,0,0.00,0.00,Heavy Rain,0,"[[35.2701,-91.2369],[35.2701,-91.2361],[35.2693,-91.236],[35.2695,-91.2367]]",1,1,county_code_unverified|timezone_not_normalized_to_utc
1316317,210778,2026,2026-03-11T17:45:00,2026-03-11T19:45:00,EST-5,2.0,39,39001,C,001,ADAMS,0,0,0,0,0.00,0.00,Heavy Rain,0,"[[38.9892,-83.3801],[38.9891,-83.3794],[38.9887,-83.3797],[38.9888,-83.3802]]",1,1,county_code_unverified|timezone_not_normalized_to_utc
1316318,210778,2026,2026-03-11T18:23:00,2026-03-11T20:23:00,EST-5,2.0,39,39027,C,027,CLINTON,0,0,0,0,0.00,0.00,Heavy Rain,0,"[[39.29,-83.9],[39.2855,-83.904],[39.2845,-83.8979],[39.2871,-83.8964]]",1,1,county_code_unverified|timezone_not_normalized_to_utc
1316319,210778,2026,2026-03-11T18:47:00,2026-03-11T20:47:00,EST-5,2.0,39,39071,C,071,HIGHLAND,0,0,0,0,0.00,0.00,Heavy Rain,0,"[[39.21,-83.55],[39.2132,-83.5452],[39.2104,-83.5419],[39.2098,-83.5471]]",1,1,county_code_unverified|timezone_not_normalized_to_utc
1316320,210778,2026,2026-03-11T18:51:00,2026-03-11T20:51:00,EST-5,2.0,39,39073,C,073,HOCKING,0,0,0,0,0.00,0.00,Heavy Rain,0,"[[39.52,-82.45],[39.5173,-82.4562],[39.5146,-82.4544],[39.515,-82.4505]]",1,1,county_code_unverified|timezone_not_normalized_to_utc
1316494,210076,2026,2026-03-03T21:01:00,2026-03-03T23:01:00,EST-5,2.0,18,18081,C,081,JOHNSON,0,0,0,0,25000.00,0.00,Heavy Rain,0,"[[39.5414,-86.1211],[39.5804,-86.0848],[39.5498,-86.0551],[39.5298,-86.0967]]",1,1,county_code_unverified|timezone_not_normalized_to_utc
1316678,210835,2026,2026-01-04T05:00:00,2026-01-04T16:00:00,PST-8,11.0,06,06023,C,023,HUMBOLDT,0,0,0,0,0.00,0.00,Heavy Rain,0,"[[40.6701,-124.2052],[40.6687,-124.2045],[40.6691,-124.2025],[40.6712,-124.2021]]",1,1,county_code_unverified|timezone_not_normalized_to_utc
1316959,210865,2026,2026-01-05T08:12:00,2026-01-05T08:12:00,PST-8,0.0,06,06045,C,045,MENDOCINO,0,0,0,0,0.00,0.00,Heavy Rain,0,"[[39.1972,-123.7438],[39.196,-123.7449],[39.1936,-123.7387],[39.1942,-123.7381]]",1,1,county_code_unverified|timezone_not_normalized_to_utc
1316960,210865,2026,2026-01-05T14:08:00,2026-01-05T14:08:00,PST-8,0.0,06,06033,C,033,LAKE,0,0,0,0,0.00,0.00,Heavy Rain,0,"[[39.1124,-122.8207],[39.1116,-122.8198],[39.1118,-122.8194],[39.1127,-122.8202]]",1,1,county_code_unverified|timezone_not_normalized_to_utc
1316961,210865,2026,2026-01-01T14:29:00,2026-01-05T14:29:00,PST-8,96.0,06,06045,C,045,MENDOCINO,0,0,0,0,0.00,0.00,Heavy Rain,0,"[[38.9547,-123.1008],[38.9532,-123.099],[38.9529,-123.0972],[38.9555,-123.1]]",1,1,county_code_unverified|timezone_not_normalized_to_utc
1316962,210865,2026,2026-01-05T14:50:00,2026-01-05T14:50:00,PST-8,0.0,06,06045,C,045,MENDOCINO,0,0,0,0,0.00,0.00,Heavy Rain,0,"[[39.1381,-123.1912],[39.1365,-123.192],[39.1361,-123.1903],[39.1378,-123.1893]]",1,1,county_code_unverified|timezone_not_normalized_to_utc
1316964,210865,2026,2026-01-05T17:29:00,2026-01-05T17:29:00,PST-8,0.0,06,06033,C,033,LAKE,0,0,0,0,0.00,0.00,Heavy Rain,0,"[[38.9827,-122.844],[38.9819,-122.8439],[38.9819,-122.8431],[38.983,-122.8427]]",1,1,county_code_unverified|timezone_not_normalized_to_utc
1316965,210865,2026,2026-01-05T13:00:00,2026-01-06T08:00:00,PST-8,19.0,06,06045,C,045,MENDOCINO,0,0,0,0,0.00,0.00,Heavy Rain,0,"[[38.9717,-123.1134],[38.9707,-123.1132],[38.9709,-123.1082],[38.9848,-123.103],[38.9966,-123.1107]]",1,1,county_code_unverified|timezone_not_normalized_to_utc
1316966,210865,2026,2026-01-05T20:00:00,2026-01-06T12:00:00,PST-8,16.0,06,06033,C,033,LAKE,0,0,0,0,0.00,0.00,Heavy Rain,0,"[[39.1563,-122.9954],[39.1555,-122.9953],[39.1565,-122.9922],[39.1571,-122.9924],[39.1579,-122.9934]]",1,1,county_code_unverified|timezone_not_normalized_to_utc
1316968,210865,2026,2026-01-05T14:15:00,2026-01-05T14:15:00,PST-8,0.0,06,06033,C,033,LAKE,0,0,0,0,0.00,0.00,Heavy Rain,0,"[[39.0633,-122.9491],[39.0628,-122.9494],[39.0622,-122.9479],[39.0625,-122.9474]]",1,1,county_code_unverified|timezone_not_normalized_to_utc
1316970,210865,2026,2026-01-05T10:00:00,2026-01-06T13:00:00,PST-8,27.0,06,06045,C,045,MENDOCINO,0,0,0,0,0.00,0.00,Heavy Rain,0,"[[39.1564,-123.6102],[39.1928,-123.7232],[39.1857,-123.7301],[39.1459,-123.6149]]",1,1,county_code_unverified|timezone_not_normalized_to_utc
1318303,211025,2026,2026-04-14T18:30:00,2026-04-14T20:30:00,EST-5,2.0,39,39107,C,107,MERCER,0,0,0,0,0.00,0.00,Heavy Rain,0,"[[40.55,-84.57],[40.5395,-84.5779],[40.5637,-84.5868],[40.5631,-84.5448],[40.5469,-84.5488]]",1,1,county_code_unverified|timezone_not_normalized_to_utc
1319747,211215,2026,2026-02-16T11:15:00,2026-02-16T12:30:00,PST-8,1.25,06,06037,C,037,LOS ANGELES,0,0,0,0,0.00,0.00,Heavy Rain,0,"[[34.0134,-118.491],[34.0128,-118.4923],[34.0118,-118.4908],[34.0122,-118.489]]",1,1,county_code_unverified|timezone_not_normalized_to_utc
1319748,211215,2026,2026-02-16T11:20:00,2026-02-16T12:30:00,PST-8,1.1666666666666667,06,06037,C,037,LOS ANGELES,0,0,0,0,0.00,0.00,Heavy Rain,0,"[[34.0675,-118.0414],[34.068,-118.0445],[34.0699,-118.0437],[34.0695,-118.0416]]",1,1,county_code_unverified|timezone_not_normalized_to_utc
1319749,211215,2026,2026-02-16T11:22:00,2026-02-16T12:30:00,PST-8,1.1333333333333333,06,06037,C,037,LOS ANGELES,0,0,0,0,0.00,0.00,Heavy Rain,0,"[[34.38,-118.57],[34.3802,-118.5632],[34.3766,-118.5623],[34.3774,-118.5667]]",1,1,county_code_unverified|timezone_not_normalized_to_utc
1319750,211215,2026,2026-02-16T11:26:00,2026-02-16T12:30:00,PST-8,1.0666666666666667,06,06037,C,037,LOS ANGELES,0,0,0,0,0.00,0.00,Heavy Rain,0,"[[34.28,-118.51],[34.2786,-118.4993],[34.2754,-118.4998],[34.277,-118.5084]]",1,1,county_code_unverified|timezone_not_normalized_to_utc
1319751,211215,2026,2026-02-16T11:28:00,2026-02-16T12:30:00,PST-8,1.0333333333333334,06,06037,C,037,LOS ANGELES,0,0,0,0,0.00,0.00,Heavy Rain,0,"[[34.27,-118.48],[34.2698,-118.4673],[34.2629,-118.4692],[34.2634,-118.4762]]",1,1,county_code_unverified|timezone_not_normalized_to_utc
1319752,211215,2026,2026-02-16T11:41:00,2026-02-16T12:30:00,PST-8,0.8166666666666667,06,06037,C,037,LOS ANGELES,0,0,0,0,0.00,0.00,Heavy Rain,0,"[[34.2277,-118.3867],[34.2253,-118.3869],[34.2271,-118.3912],[34.2281,-118.3895]]",1,1,county_code_unverified|timezone_not_normalized_to_utc
1319753,211215,2026,2026-02-16T11:45:00,2026-02-16T12:30:00,PST-8,0.75,06,06037,C,037,LOS ANGELES,0,0,0,0,0.00,0.00,Heavy Rain,0,"[[34.01,-118.28],[34.0144,-118.28],[34.0148,-118.2823],[34.0103,-118.2825]]",1,1,county_code_unverified|timezone_not_normalized_to_utc
1319754,211215,2026,2026-02-16T11:49:00,2026-02-16T12:45:00,PST-8,0.9333333333333333,06,06037,C,037,LOS ANGELES,0,0,0,0,0.00,0.00,Heavy Rain,0,"[[33.88,-118.19],[33.8734,-118.1883],[33.8722,-118.1971],[33.8806,-118.1951]]",1,1,county_code_unverified|timezone_not_normalized_to_utc
1319755,211215,2026,2026-02-16T11:50:00,2026-02-16T12:45:00,PST-8,0.9166666666666666,06,06037,C,037,LOS ANGELES,0,0,0,0,0.00,0.00,Heavy Rain,0,"[[34.03,-118.25],[34.0262,-118.2459],[34.0242,-118.2488],[34.0267,-118.2537]]",1,1,county_code_unverified|timezone_not_normalized_to_utc
1319756,211215,2026,2026-02-16T11:56:00,2026-02-16T12:45:00,PST-8,0.8166666666666667,06,06037,C,037,LOS ANGELES,0,0,0,0,0.00,0.00,Heavy Rain,0,"[[33.875,-118.1704],[33.8751,-118.1671],[33.8774,-118.1674],[33.877,-118.1693]]",1,1,county_code_unverified|timezone_not_normalized_to_utc
1319803,211225,2026,2026-03-27T03:56:00,2026-03-27T05:56:00,EST-5,2.0,39,39049,C,049,FRANKLIN,0,0,0,0,0.00,0.00,Heavy Rain,0,"[[39.9198,-83.0098],[39.9173,-83.0107],[39.9179,-83.0156],[39.9204,-83.0139]]",1,1,county_code_unverified|timezone_not_normalized_to_utc
1319804,211225,2026,2026-03-27T03:56:00,2026-03-27T05:56:00,EST-5,2.0,39,39049,C,049,FRANKLIN,0,0,0,0,0.00,0.00,Heavy Rain,0,"[[40.03,-83.03],[40.0293,-83.0344],[40.0276,-83.0341],[40.029,-83.03]]",1,1,county_code_unverified|timezone_not_normalized_to_utc
1319805,211225,2026,2026-03-27T03:56:00,2026-03-27T05:56:00,EST-5,2.0,39,39049,C,049,FRANKLIN,0,0,0,0,0.00,0.00,Heavy Rain,0,"[[40.08,-82.88],[40.0809,-82.881],[40.0806,-82.8831],[40.0799,-82.8826]]",1,1,county_code_unverified|timezone_not_normalized_to_utc
1319924,210768,2026,2026-03-11T23:40:00,2026-03-12T20:57:00,EST-5,21.283333333333335,39,39167,C,167,WASHINGTON,0,0,0,0,0.00,0.00,Heavy Rain,0,"[[39.6325,-81.463],[39.6324,-81.4589],[39.6296,-81.4527],[39.627,-81.4528],[39.6268,-81.4604]]",1,1,county_code_unverified|timezone_not_normalized_to_utc
1319925,210768,2026,2026-03-12T00:05:00,2026-03-12T12:17:00,EST-5,12.2,39,39009,C,009,ATHENS,0,0,0,0,0.00,0.00,Heavy Rain,0,"[[39.4853,-82.0847],[39.4849,-82.0798],[39.4975,-82.0859],[39.504,-82.0843],[39.5096,-82.0861],[39.507,-82.0878],[39.4937,-82.0894]]",1,1,county_code_unverified|timezone_not_normalized_to_utc
1320001,211264,2026,2026-03-11T16:55:00,2026-03-11T18:55:00,EST-5,2.0,18,18047,C,047,FRANKLIN,0,0,0,0,0.00,0.00,Heavy Rain,0,"[[39.48,-85.26],[39.4864,-85.2582],[39.4843,-85.2523],[39.4807,-85.2532]]",1,1,county_code_unverified|timezone_not_normalized_to_utc
1320002,211264,2026,2026-03-11T16:55:00,2026-03-11T18:55:00,EST-5,2.0,18,18047,C,047,FRANKLIN,0,0,0,0,0.00,0.00,Heavy Rain,0,"[[39.51,-85.23],[39.5094,-85.2313],[39.5084,-85.2301],[39.5092,-85.2282]]",1,1,county_code_unverified|timezone_not_normalized_to_utc
1320003,211265,2026,2026-03-05T06:27:00,2026-03-05T08:27:00,EST-5,2.0,18,18047,C,047,FRANKLIN,0,0,0,0,0.00,0.00,Heavy Rain,0,"[[39.43,-85.05],[39.4275,-85.0541],[39.4251,-85.0529],[39.4283,-85.0474]]",1,1,county_code_unverified|timezone_not_normalized_to_utc
1320004,211265,2026,2026-03-05T07:00:00,2026-03-05T09:00:00,EST-5,2.0,18,18137,C,137,RIPLEY,0,0,0,0,0.00,0.00,Heavy Rain,0,"[[39.29,-85.23],[39.2905,-85.2258],[39.2918,-85.2257],[39.2917,-85.227]]",1,1,county_code_unverified|timezone_not_normalized_to_utc
1320005,211265,2026,2026-03-05T10:02:00,2026-03-05T12:02:00,EST-5,2.0,18,18137,C,137,RIPLEY,0,0,0,0,0.00,0.00,Heavy Rain,0,"[[38.9978,-85.1617],[38.9767,-85.15],[38.9754,-85.1613],[38.9996,-85.1854]]",1,1,county_code_unverified|timezone_not_normalized_to_utc
1320044,210769,2026,2026-03-27T11:43:00,2026-03-27T22:52:00,EST-5,11.15,39,39167,C,167,WASHINGTON,0,0,0,0,0.00,0.00,Heavy Rain,0,"[[39.5687,-81.2063],[39.5698,-81.1641],[39.5652,-81.1627],[39.5572,-81.1688],[39.4964,-81.2409],[39.4528,-81.3134],[39.4607,-81.3359],[39.5446,-81.247]]",1,1,county_code_unverified|timezone_not_normalized_to_utc
1320046,210769,2026,2026-03-27T07:24:00,2026-03-28T04:09:00,EST-5,20.75,39,39167,C,167,WASHINGTON,0,0,0,0,0.00,0.00,Heavy Rain,0,"[[39.6351,-81.4636],[39.6356,-81.4601],[39.6302,-81.4587],[39.6303,-81.4521],[39.6261,-81.4519],[39.626,-81.4605]]",1,1,county_code_unverified|timezone_not_normalized_to_utc
1320047,210769,2026,2026-03-27T15:16:00,2026-03-27T18:16:00,EST-5,3.0,39,39009,C,009,ATHENS,0,0,0,0,0.00,0.00,Heavy Rain,0,"[[39.5,-82.0853],[39.5001,-82.0868],[39.495,-82.0902],[39.4903,-82.0874],[39.4909,-82.085]]",1,1,county_code_unverified|timezone_not_normalized_to_utc
1320048,209935,2026,2026-03-04T06:55:00,2026-03-04T09:30:00,EST-5,2.5833333333333335,54,54021,C,021,GILMER,0,0,0,0,0.00,0.00,Heavy Rain,0,"[[39.0399,-80.812],[39.0375,-80.8234],[39.0015,-80.8339],[38.9961,-80.8233],[39.0021,-80.8152]]",1,1,county_code_unverified|timezone_not_normalized_to_utc
1320426,209804,2026,2026-02-26T19:06:00,2026-02-27T01:00:00,CST-6,5.9,01,01043,C,043,CULLMAN,0,0,0,0,0.00,0.00,Heavy Rain,0,"[[34.29,-86.82],[34.2756,-86.8252],[34.2763,-86.8332],[34.2903,-86.8237]]",1,1,county_code_unverified|timezone_not_normalized_to_utc
1320433,210820,2026,2026-03-13T14:00:00,2026-03-14T16:00:00,PST-8,26.0,16,16035,C,035,CLEARWATER,0,0,0,0,500000.00,10000.00,Heavy Rain / Snow Melt,0,"[[46.4855,-116.3105],[46.5003,-116.2515],[46.432,-116.1869],[46.4312,-116.2552]]",1,1,county_code_unverified|timezone_not_normalized_to_utc
1320619,211024,2026,2026-04-27T22:30:00,2026-04-28T00:30:00,EST-5,2.0,21,21041,C,041,CARROLL,0,0,0,0,0.00,0.00,Heavy Rain,0,"[[38.6801,-85.1598],[38.6794,-85.161],[38.679,-85.1607],[38.6798,-85.1594]]",1,1,county_code_unverified|timezone_not_normalized_to_utc
1320710,211417,2026,2026-02-16T12:20:00,2026-02-16T12:20:00,PST-8,0.0,06,06059,C,059,ORANGE,0,0,0,0,0.00,0.00,Heavy Rain,0,"[[33.68,-118.03],[33.6789,-118.032],[33.6775,-118.03],[33.6787,-118.0289]]",1,1,county_code_unverified|timezone_not_normalized_to_utc
1320711,211417,2026,2026-02-16T15:00:00,2026-02-16T15:00:00,PST-8,0.0,06,06071,C,071,SAN BERNARDINO,0,0,0,0,0.00,0.00,Heavy Rain,0,"[[34.25,-117.46],[34.2485,-117.458],[34.2496,-117.457],[34.2509,-117.4588]]",1,1,county_code_unverified|timezone_not_normalized_to_utc
1320740,211373,2026,2026-04-04T04:00:00,2026-04-04T07:00:00,CST-6,3.0,17,17197,C,197,WILL,0,0,0,0,0.00,0.00,Heavy Rain,0,"[[41.6945,-88.0455],[41.7028,-88.0405],[41.7018,-88.0351],[41.6933,-88.0398]]",1,1,county_code_unverified|timezone_not_normalized_to_utc
1321246,211356,2026,2026-02-03T09:40:00,2026-02-03T09:40:00,AST-4,0.0,99,,C,119,RIO GRANDE,0,0,0,0,1500.00,0.00,Heavy Rain,0,"[[18.37,-65.83],[18.3721,-65.8305],[18.3726,-65.8275],[18.3704,-65.8277]]",1,1,requires_crosswalk_or_marine_review|timezone_not_normalized_to_utc
1321308,211492,2026,2026-02-15T07:03:00,2026-02-15T07:03:00,AST-4,0.0,99,,C,127,SAN JUAN,0,0,0,0,1500.00,0.00,Heavy Rain,0,"[[18.37,-66.05],[18.3711,-66.0501],[18.3713,-66.049],[18.37,-66.049]]",1,1,requires_crosswalk_or_marine_review|timezone_not_normalized_to_utc
1321309,211492,2026,2026-02-15T09:20:00,2026-02-15T09:20:00,AST-4,0.0,99,,C,115,QUEBRADILLAS,0,0,0,0,1500.00,0.00,Heavy Rain,0,"[[18.4,-66.91],[18.4017,-66.9102],[18.4028,-66.9083],[18.3997,-66.9088]]",1,1,requires_crosswalk_or_marine_review|timezone_not_normalized_to_utc
1321310,211492,2026,2026-02-15T09:28:00,2026-02-15T09:28:00,AST-4,0.0,99,,C,061,GUAYNABO,0,0,0,0,5000.00,0.00,Heavy Rain,0,"[[18.3,-66.13],[18.2984,-66.1351],[18.3022,-66.1363],[18.3028,-66.1306]]",1,1,requires_crosswalk_or_marine_review|timezone_not_normalized_to_utc
1321311,211492,2026,2026-02-15T10:39:00,2026-02-15T10:39:00,AST-4,0.0,99,,C,025,CAGUAS,0,0,0,0,1500.00,0.00,Heavy Rain,0,"[[18.3,-66.06],[18.2998,-66.0636],[18.3032,-66.0649],[18.3041,-66.0619]]",1,1,requires_crosswalk_or_marine_review|timezone_not_normalized_to_utc
1321313,211492,2026,2026-02-15T12:45:00,2026-02-15T12:45:00,AST-4,0.0,99,,C,103,NAGUABO,0,0,0,0,1500.00,0.00,Heavy Rain,0,"[[18.21,-65.78],[18.2174,-65.7767],[18.2148,-65.7698],[18.2089,-65.7745]]",1,1,requires_crosswalk_or_marine_review|timezone_not_normalized_to_utc
1321319,211492,2026,2026-02-17T17:53:00,2026-02-17T17:53:00,AST-4,0.0,99,,C,107,OROCOVIS,0,0,0,0,3000.00,0.00,Heavy Rain,0,"[[18.19,-66.47],[18.1915,-66.4705],[18.1917,-66.4694],[18.1902,-66.4693]]",1,1,requires_crosswalk_or_marine_review|timezone_not_normalized_to_utc
1321320,211492,2026,2026-02-17T18:55:00,2026-02-17T18:55:00,AST-4,0.0,99,,C,153,YAUCO,0,0,0,0,1500.00,0.00,Heavy Rain,0,"[[18.05,-66.85],[18.0509,-66.8541],[18.0549,-66.8536],[18.0546,-66.8484]]",1,1,requires_crosswalk_or_marine_review|timezone_not_normalized_to_utc
1321321,211492,2026,2026-02-18T18:12:00,2026-02-18T18:12:00,AST-4,0.0,99,,C,125,SAN GERMAN,0,0,0,0,5000.00,0.00,Heavy Rain,0,"[[18.07,-67.05],[18.07,-67.0529],[18.0721,-67.0524],[18.0716,-67.0493]]",1,1,requires_crosswalk_or_marine_review|timezone_not_normalized_to_utc
1321331,211492,2026,2026-02-18T18:50:00,2026-02-18T18:50:00,AST-4,0.0,99,,C,113,PONCE,0,0,0,0,1500.00,0.00,Heavy Rain,0,"[[17.9972,-66.6428],[17.9973,-66.6457],[17.9962,-66.6458],[17.9962,-66.6428]]",1,1,requires_crosswalk_or_marine_review|timezone_not_normalized_to_utc
1321338,211492,2026,2026-02-18T19:15:00,2026-02-18T19:15:00,AST-4,0.0,99,,C,121,SABANA GRANDE,0,0,0,0,15000.00,0.00,Heavy Rain,0,"[[18.07,-66.96],[18.0715,-66.9599],[18.0717,-66.9588],[18.0703,-66.9583]]",1,1,requires_crosswalk_or_marine_review|timezone_not_normalized_to_utc
1321340,211492,2026,2026-02-18T20:23:00,2026-02-18T20:23:00,AST-4,0.0,99,,C,121,SABANA GRANDE,0,0,0,0,1500.00,0.00,Heavy Rain,0,"[[18.05,-66.97],[18.0439,-66.9737],[18.0406,-66.964],[18.0486,-66.9599]]",1,1,requires_crosswalk_or_marine_review|timezone_not_normalized_to_utc
1321341,211492,2026,2026-02-18T20:31:00,2026-02-18T20:31:00,AST-4,0.0,99,,C,079,LAJAS,0,0,0,0,1500.00,0.00,Heavy Rain,0,"[[18.05,-66.98],[18.0512,-66.9864],[18.0479,-66.9852],[18.0481,-66.9803]]",1,1,requires_crosswalk_or_marine_review|timezone_not_normalized_to_utc
1321408,211509,2026,2026-02-18T06:29:00,2026-02-19T10:30:00,EST-5,28.016666666666666,42,42073,C,073,LAWRENCE,0,0,0,0,5000.00,0.00,Ice Jam,0,"[[41.0882,-80.2862],[41.0903,-80.2886],[41.0831,-80.3109],[41.0795,-80.301]]",1,1,county_code_unverified|timezone_not_normalized_to_utc
1321440,211509,2026,2026-02-21T09:30:00,2026-02-21T19:30:00,EST-5,10.0,42,42005,C,005,ARMSTRONG,0,0,0,0,100000.00,0.00,Ice Jam,0,"[[40.9457,-79.5489],[40.9538,-79.5522],[40.9544,-79.5445],[40.9413,-79.5372],[40.9384,-79.5412]]",1,1,county_code_unverified|timezone_not_normalized_to_utc
1323789,211833,2026,2026-03-10T19:30:00,2026-03-10T22:00:00,CST-6,2.5,55,55101,C,101,RACINE,0,0,0,0,3000.00,0.00,Heavy Rain,0,"[[42.6637,-88.2975],[42.6802,-88.1421],[42.6693,-87.9345],[42.7304,-87.9327],[42.7252,-88.1424],[42.6858,-88.2967]]",1,1,county_code_unverified|timezone_not_normalized_to_utc
1324007,210933,2026,2026-03-11T02:00:00,2026-03-11T03:00:00,EST-5,1.0,18,18099,C,099,MARSHALL,0,0,0,0,5000.00,0.00,Heavy Rain,0,"[[41.45,-86.08],[41.4504,-86.0765],[41.4455,-86.0774],[41.446,-86.0798]]",1,1,county_code_unverified|timezone_not_normalized_to_utc
1324025,211867,2026,2026-04-11T07:15:00,2026-04-11T10:15:00,CST-6,3.0,20,20201,C,201,WASHINGTON,0,0,0,0,10000.00,0.00,Heavy Rain,0,"[[39.83,-97.09],[39.8321,-97.0725],[39.8204,-97.0722],[39.822,-97.0905]]",1,1,county_code_unverified|timezone_not_normalized_to_utc
1324028,211867,2026,2026-04-11T10:25:00,2026-04-11T13:25:00,CST-6,3.0,20,20131,C,131,NEMAHA,0,0,0,0,10000.00,10000.00,Heavy Rain,0,"[[39.83,-96.05],[39.8338,-96.0476],[39.835,-96.0511],[39.8298,-96.053]]",1,1,county_code_unverified|timezone_not_normalized_to_utc
1324243,210078,2026,2026-03-04T15:00:00,2026-03-04T22:00:00,EST-5,7.0,18,18005,C,005,BARTHOLOMEW,0,0,0,0,5000.00,0.00,Heavy Rain,0,"[[39.1904,-85.8812],[39.217,-85.8742],[39.222,-85.8329],[39.2193,-85.8311],[39.2008,-85.8622],[39.1771,-85.8714],[39.1478,-85.897],[39.1599,-85.9039]]",1,1,county_code_unverified|timezone_not_normalized_to_utc
1324281,211857,2026,2026-04-02T01:40:00,2026-04-02T04:00:00,CST-6,2.3333333333333335,29,29141,C,141,MORGAN,0,0,0,0,0.00,0.00,Heavy Rain,0,"[[38.58,-92.96],[38.5734,-92.9662],[38.572,-92.9519],[38.5784,-92.9512]]",1,1,county_code_unverified|timezone_not_normalized_to_utc
1324282,211857,2026,2026-04-02T07:27:00,2026-04-02T11:00:00,CST-6,3.55,29,29015,C,015,BENTON,0,0,0,0,0.00,0.00,Heavy Rain,0,"[[38.21,-93.11],[38.21,-93.1128],[38.2067,-93.1097],[38.208,-93.1079]]",1,1,county_code_unverified|timezone_not_normalized_to_utc
1324283,211857,2026,2026-04-02T08:07:00,2026-04-02T11:00:00,CST-6,2.8833333333333333,29,29015,C,015,BENTON,0,0,0,0,0.00,0.00,Heavy Rain,0,"[[38.2,-93.18],[38.2059,-93.1815],[38.2043,-93.1718],[38.2002,-93.1705]]",1,1,county_code_unverified|timezone_not_normalized_to_utc
1324284,211893,2026,2026-04-16T03:59:00,2026-04-16T18:00:00,CST-6,14.016666666666667,29,29105,C,105,LACLEDE,0,0,0,0,0.00,0.00,Heavy Rain,0,"[[37.8,-92.43],[37.8053,-92.4311],[37.8057,-92.4267],[37.8012,-92.427]]",1,1,county_code_unverified|timezone_not_normalized_to_utc
1324285,211893,2026,2026-04-16T04:23:00,2026-04-16T12:00:00,CST-6,7.616666666666666,29,29011,C,011,BARTON,0,0,0,0,0.00,0.00,Heavy Rain,0,"[[37.4,-94.31],[37.3972,-94.3072],[37.3976,-94.3123],[37.3996,-94.3124]]",1,1,county_code_unverified|timezone_not_normalized_to_utc
1324286,211893,2026,2026-04-16T08:01:00,2026-04-16T12:00:00,CST-6,3.9833333333333334,29,29011,C,011,BARTON,0,0,0,0,0.00,0.00,Heavy Rain,0,"[[37.53,-94.27],[37.5249,-94.2713],[37.5253,-94.2657],[37.5301,-94.2662]]",1,1,county_code_unverified|timezone_not_normalized_to_utc
1324290,210118,2026,2026-03-11T13:30:00,2026-03-11T15:30:00,EST-5,2.0,18,18083,C,083,KNOX,0,0,0,0,5000.00,0.00,Heavy Rain,0,"[[38.8722,-87.3172],[38.8716,-87.2959],[38.8468,-87.298],[38.8475,-87.3222]]",1,1,county_code_unverified|timezone_not_normalized_to_utc
1324291,210118,2026,2026-03-11T13:30:00,2026-03-11T15:30:00,EST-5,2.0,18,18013,C,013,BROWN,0,0,0,0,10000.00,0.00,Heavy Rain,0,"[[39.1641,-86.3337],[39.1654,-86.3284],[39.1577,-86.3278],[39.1581,-86.3334]]",1,1,county_code_unverified|timezone_not_normalized_to_utc
1324353,211901,2026,2026-04-02T06:58:00,2026-04-02T12:00:00,CST-6,5.033333333333333,20,20011,C,011,BOURBON,0,0,0,0,0.00,0.00,Heavy Rain,0,"[[38.01,-94.76],[38.0092,-94.7565],[38.0062,-94.7572],[38.007,-94.7635]]",1,1,county_code_unverified|timezone_not_normalized_to_utc
1324360,211901,2026,2026-04-02T09:00:00,2026-04-02T12:00:00,CST-6,3.0,20,20011,C,011,BOURBON,0,0,0,0,0.00,0.00,Heavy Rain,0,"[[38.01,-94.69],[38.0112,-94.6999],[38.0057,-94.7006],[38.0051,-94.6897]]",1,1,county_code_unverified|timezone_not_normalized_to_utc
1324906,211988,2026,2026-04-17T08:00:00,2026-04-18T17:00:00,CST-6,33.0,55,55087,C,087,OUTAGAMIE,0,0,0,0,4600000.00,0.00,Heavy Rain,0,"[[44.3449,-88.7379],[44.4656,-88.7423],[44.4721,-88.5249],[44.3385,-88.5448]]",1,1,county_code_unverified|timezone_not_normalized_to_utc
1324910,211988,2026,2026-04-16T10:00:00,2026-04-22T10:00:00,CST-6,144.0,55,55135,C,135,WAUPACA,0,0,0,0,0.00,0.00,Heavy Rain,0,"[[44.4318,-88.7403],[44.3572,-88.8937],[44.242,-88.9404],[44.2436,-88.8252],[44.3522,-88.7372]]",1,1,county_code_unverified|timezone_not_normalized_to_utc
1324914,211988,2026,2026-04-17T19:00:00,2026-04-20T19:00:00,CST-6,72.0,55,55139,C,139,WINNEBAGO,0,0,0,0,0.00,0.00,Heavy Rain,0,"[[44.2426,-88.8935],[44.1955,-88.8446],[44.2102,-88.7971],[44.2422,-88.8291]]",1,1,county_code_unverified|timezone_not_normalized_to_utc
1325523,212051,2026,2026-03-09T09:00:00,2026-03-10T08:15:00,EST-5,23.25,36,36093,C,093,SCHENECTADY,0,0,0,0,3500.00,0.00,Ice Jam,0,"[[42.7894,-73.8452],[42.7749,-73.8241],[42.7769,-73.822],[42.7916,-73.8396]]",1,1,county_code_unverified|timezone_not_normalized_to_utc
1325525,212051,2026,2026-03-09T15:00:00,2026-03-10T08:15:00,EST-5,17.25,36,36091,C,091,SARATOGA,0,0,0,0,500.00,0.00,Ice Jam,0,"[[42.7971,-73.7703],[42.7967,-73.7696],[42.7979,-73.7686],[42.7994,-73.7671],[42.7998,-73.768]]",1,1,county_code_unverified|timezone_not_normalized_to_utc
1325671,212059,2026,2026-03-31T21:54:00,2026-03-31T23:59:00,EST-5,2.0833333333333335,36,36065,C,065,ONEIDA,0,0,0,0,10000.00,0.00,Heavy Rain,0,"[[43.1597,-75.332],[43.156,-75.3285],[43.1649,-75.3213],[43.1685,-75.3257]]",1,1,county_code_unverified|timezone_not_normalized_to_utc
1325740,212074,2026,2026-03-08T06:50:00,2026-03-08T09:15:00,CST-6,2.4166666666666665,48,48029,C,029,BEXAR,0,0,0,0,0.00,0.00,Heavy Rain,0,"[[29.35,-98.45],[29.3628,-98.4157],[29.3259,-98.3813],[29.3055,-98.4258]]",1,1,county_code_unverified|timezone_not_normalized_to_utc
1325868,210078,2026,2026-03-06T06:00:00,2026-03-06T09:00:00,EST-5,3.0,18,18071,C,071,JACKSON,0,0,1,0,70000.00,0.00,Heavy Rain,1,"[[38.9906,-85.9252],[38.9825,-85.8959],[38.945,-85.928],[38.924,-85.9744],[38.9483,-85.997]]",1,1,county_code_unverified|timezone_not_normalized_to_utc
1325899,210078,2026,2026-03-09T05:00:00,2026-03-09T23:00:00,EST-5,18.0,18,18101,C,101,MARTIN,0,0,1,0,20000.00,0.00,Heavy Rain,1,"[[38.6643,-86.8297],[38.6499,-86.7965],[38.664,-86.7766],[38.6777,-86.7906],[38.6811,-86.8168]]",1,1,county_code_unverified|timezone_not_normalized_to_utc
1325902,210078,2026,2026-03-09T00:00:00,2026-03-09T09:00:00,EST-5,9.0,18,18093,C,093,LAWRENCE,0,0,2,0,20000.00,0.00,Heavy Rain,2,"[[38.7539,-86.3829],[38.7617,-86.3017],[38.7773,-86.3079],[38.7776,-86.3791]]",1,1,county_code_unverified|timezone_not_normalized_to_utc
1325959,212100,2026,2026-03-18T08:40:00,2026-03-19T10:00:00,EST-5,25.333333333333332,23,23021,C,021,PISCATAQUIS,0,0,0,0,0.00,0.00,Ice Jam,0,"[[45.2331,-68.6478],[45.2429,-68.6456],[45.2731,-68.6841],[45.2931,-68.7512],[45.2825,-68.7887]]",1,1,county_code_unverified|timezone_not_normalized_to_utc
1325960,212102,2026,2026-03-17T10:00:00,2026-03-20T11:00:00,EST-5,73.0,23,23021,C,021,PISCATAQUIS,0,0,0,0,0.00,0.00,Ice Jam,0,"[[46.0927,-67.8815],[46.1193,-67.8465],[46.1322,-67.8725],[46.1107,-67.8896]]",1,1,county_code_unverified|timezone_not_normalized_to_utc
1325961,212103,2026,2026-03-18T12:30:00,2026-03-18T16:00:00,EST-5,3.5,23,23003,C,003,AROOSTOOK,0,0,0,0,0.00,0.00,Ice Jam,0,"[[46.1108,-67.9463],[46.0981,-67.9437],[46.0845,-67.9063],[46.1149,-67.824],[46.1274,-67.8639]]",1,1,county_code_unverified|timezone_not_normalized_to_utc
1326208,211681,2026,2026-04-22T17:25:00,2026-04-23T13:00:00,CST-6,19.583333333333332,48,48239,C,239,JACKSON,0,0,0,0,0.00,0.00,Heavy Rain,0,"[[29.2286,-96.6622],[29.2286,-96.6591],[29.229,-96.6591],[29.229,-96.6622]]",1,1,county_code_unverified|timezone_not_normalized_to_utc
1326266,212139,2026,2026-03-12T09:00:00,2026-03-16T11:14:00,EST-5,98.23333333333333,36,36113,C,113,WARREN,0,0,0,0,3500.00,0.00,Ice Jam,0,"[[43.5258,-73.8217],[43.5105,-73.8178],[43.5107,-73.8127],[43.5264,-73.8193]]",1,1,county_code_unverified|timezone_not_normalized_to_utc
1326267,212139,2026,2026-03-12T09:00:00,2026-03-16T11:14:00,EST-5,98.23333333333333,36,36113,C,113,WARREN,0,0,0,0,3500.00,0.00,Ice Jam,0,"[[43.4965,-73.8048],[43.4932,-73.8049],[43.4933,-73.7999],[43.4966,-73.8006]]",1,1,county_code_unverified|timezone_not_normalized_to_utc
1326268,212139,2026,2026-03-12T09:00:00,2026-03-16T11:14:00,EST-5,98.23333333333333,36,36113,C,113,WARREN,0,0,0,0,5000.00,0.00,Ice Jam,0,"[[43.514,-73.8143],[43.5152,-73.8096],[43.5124,-73.8046],[43.5117,-73.8041],[43.5075,-73.8043],[43.5041,-73.8037],[43.5032,-73.8082]]",1,1,county_code_unverified|timezone_not_normalized_to_utc
1326350,212146,2026,2026-04-04T01:00:00,2026-04-04T08:00:00,EST-5,7.0,26,26021,C,021,BERRIEN,0,0,0,0,0.00,0.00,Heavy Rain,0,"[[42.01,-86.52],[42.0154,-86.5174],[42.016,-86.5152],[42.011,-86.517]]",1,1,county_code_unverified|timezone_not_normalized_to_utc
1326351,212146,2026,2026-04-04T01:00:00,2026-04-04T17:00:00,EST-5,16.0,26,26021,C,021,BERRIEN,0,0,0,0,0.00,0.00,Heavy Rain,0,"[[42.1888,-86.3011],[42.1886,-86.2982],[42.1883,-86.2982],[42.1883,-86.3011]]",1,1,county_code_unverified|timezone_not_normalized_to_utc
1326407,212051,2026,2026-03-09T09:00:00,2026-03-10T08:15:00,EST-5,23.25,36,36093,C,093,SCHENECTADY,0,0,0,0,3500.00,0.00,Ice Jam,0,"[[42.8129,-73.9499],[42.8152,-73.949],[42.8173,-73.9534],[42.8152,-73.9559]]",1,1,county_code_unverified|timezone_not_normalized_to_utc
1326459,212153,2026,2026-05-25T21:00:00,2026-05-25T23:30:00,EST-5,2.5,51,51083,C,083,HALIFAX,0,0,0,0,0.00,0.00,Heavy Rain,0,"[[36.6956,-78.9074],[36.6944,-78.9076],[36.6944,-78.9068],[36.6959,-78.9066],[36.6967,-78.909],[36.6965,-78.9114],[36.696,-78.9114],[36.6962,-78.9092]]",1,1,county_code_unverified|timezone_not_normalized_to_utc
1327005,212231,2026,2026-05-23T08:30:00,2026-05-23T09:15:00,EST-5,0.75,42,42123,C,123,WARREN,0,0,0,0,0.00,0.00,Heavy Rain,0,"[[41.8795,-79.3394],[41.8796,-79.3388],[41.8785,-79.3386],[41.8787,-79.3395]]",1,1,county_code_unverified|timezone_not_normalized_to_utc
1327146,212244,2026,2026-03-06T20:21:00,2026-03-06T20:21:00,EST-5,0.0,26,26065,C,065,INGHAM,0,0,0,0,0.00,0.00,Heavy Rain,0,"[[42.74,-84.51],[42.7404,-84.5112],[42.7413,-84.5112],[42.7412,-84.5097]]",1,1,county_code_unverified|timezone_not_normalized_to_utc
1327147,212244,2026,2026-03-10T20:05:00,2026-03-10T20:05:00,EST-5,0.0,26,26139,C,139,OTTAWA,0,0,0,0,0.00,0.00,Heavy Rain,0,"[[42.91,-85.88],[42.9064,-85.8802],[42.9066,-85.8835],[42.9102,-85.8832]]",1,1,county_code_unverified|timezone_not_normalized_to_utc
1327149,212244,2026,2026-03-10T20:19:00,2026-03-10T20:19:00,EST-5,0.0,26,26139,C,139,OTTAWA,0,0,0,0,0.00,0.00,Heavy Rain,0,"[[42.83,-86.08],[42.8314,-86.0576],[42.8251,-86.0569],[42.8256,-86.0799]]",1,1,county_code_unverified|timezone_not_normalized_to_utc
1327151,212244,2026,2026-03-10T20:32:00,2026-03-10T20:32:00,EST-5,0.0,26,26081,C,081,KENT,0,0,0,0,0.00,0.00,Heavy Rain,0,"[[42.89,-85.72],[42.8919,-85.7196],[42.8921,-85.7223],[42.8904,-85.7219]]",1,1,county_code_unverified|timezone_not_normalized_to_utc
1327152,212244,2026,2026-03-10T20:50:00,2026-03-10T20:50:00,EST-5,0.0,26,26081,C,081,KENT,0,0,0,0,0.00,0.00,Heavy Rain,0,"[[42.97,-85.61],[42.9703,-85.612],[42.9697,-85.6121],[42.9696,-85.6101]]",1,1,county_code_unverified|timezone_not_normalized_to_utc
1327165,212249,2026,2026-05-20T11:30:00,2026-05-20T12:15:00,CST-6,0.75,48,48003,C,003,ANDREWS,0,0,0,0,0.00,0.00,Heavy Rain,0,"[[32.3228,-102.5455],[32.3218,-102.5496],[32.3246,-102.5501],[32.3253,-102.5471]]",1,1,county_code_unverified|timezone_not_normalized_to_utc
1327176,212163,2026,2026-03-31T20:15:00,2026-03-31T23:59:00,EST-5,3.7333333333333334,36,36043,C,043,HERKIMER,0,0,0,0,250000.00,0.00,Heavy Rain / Snow Melt,0,"[[43.219,-75.0754],[43.1336,-75.0009],[43.0412,-75.0062],[43.0469,-74.9555],[43.1541,-74.9459],[43.2416,-75.0653]]",1,1,county_code_unverified|timezone_not_normalized_to_utc
1327177,212250,2026,2026-04-01T00:00:00,2026-04-03T17:15:00,EST-5,65.25,36,36043,C,043,HERKIMER,0,0,0,0,250000.00,0.00,Heavy Rain / Snow Melt,0,"[[43.219,-75.0754],[43.1336,-75.0009],[43.0412,-75.0062],[43.0469,-74.9555],[43.1541,-74.9459],[43.2416,-75.0653]]",1,1,county_code_unverified|timezone_not_normalized_to_utc
1327295,212202,2026,2026-04-04T06:00:00,2026-04-04T18:00:00,EST-5,12.0,26,26125,C,125,OAKLAND,0,0,0,0,500000.00,0.00,Heavy Rain,0,"[[42.8725,-83.4955],[42.8722,-83.6898],[42.7348,-83.686],[42.7494,-83.4631]]",1,1,county_code_unverified|timezone_not_normalized_to_utc
1327748,212256,2026,2026-03-17T03:00:00,2026-03-17T12:00:00,EST-5,9.0,33,33009,C,009,GRAFTON,0,0,0,0,0.00,0.00,Heavy Rain / Snow Melt,0,"[[43.9877,-71.6821],[43.9883,-71.6756],[43.959,-71.6765],[43.9591,-71.6855]]",1,1,county_code_unverified|timezone_not_normalized_to_utc
1327752,212256,2026,2026-03-17T09:00:00,2026-03-17T15:00:00,EST-5,6.0,33,33003,C,003,CARROLL,0,0,0,0,0.00,0.00,Heavy Rain / Snow Melt,0,"[[43.98,-71.12],[43.9808,-71.0366],[44.0,-70.9935],[44.0158,-71.0008],[44.0118,-71.0797],[44.0949,-71.1418],[44.084,-71.1631]]",1,1,county_code_unverified|timezone_not_normalized_to_utc
1327916,212345,2026,2026-03-14T04:00:00,2026-03-15T10:30:00,PST-8,30.5,53,53013,C,013,COLUMBIA,0,0,0,0,0.00,0.00,Heavy Rain / Snow Melt,0,"[[46.3259,-117.9763],[46.3252,-117.9754],[46.3163,-117.9781],[46.3152,-117.9813],[46.3202,-117.9923]]",1,1,county_code_unverified|timezone_not_normalized_to_utc
1327917,212345,2026,2026-03-14T04:00:00,2026-03-15T21:36:00,PST-8,41.6,53,53071,C,071,WALLA WALLA,0,0,0,0,0.00,0.00,Heavy Rain / Snow Melt,0,"[[46.2744,-118.1649],[46.273,-118.1487],[46.2699,-118.1442],[46.2678,-118.1403],[46.2686,-118.1518],[46.2715,-118.1625]]",1,1,county_code_unverified|timezone_not_normalized_to_utc
1327959,212349,2026,2026-03-24T16:50:00,2026-03-24T19:15:00,AST-4,2.4166666666666665,99,,C,111,PENUELAS,0,0,0,0,1000.00,0.00,Heavy Rain,0,"[[18.0964,-66.7382],[18.0978,-66.7363],[18.0961,-66.7354],[18.0954,-66.737]]",1,1,requires_crosswalk_or_marine_review|timezone_not_normalized_to_utc
1327987,212349,2026,2026-03-25T09:36:00,2026-03-25T17:00:00,AST-4,7.4,99,,C,143,VEGA ALTA,0,0,0,0,10000.00,0.00,Heavy Rain,0,"[[18.43,-66.35],[18.432,-66.3519],[18.4331,-66.3507],[18.4321,-66.3492]]",1,1,requires_crosswalk_or_marine_review|timezone_not_normalized_to_utc
1327991,212349,2026,2026-03-25T11:08:00,2026-03-25T17:00:00,AST-4,5.866666666666666,99,,C,145,VEGA BAJA,0,0,0,0,15000.00,0.00,Heavy Rain,0,"[[18.45,-66.37],[18.4432,-66.3731],[18.4447,-66.3772],[18.4506,-66.3734]]",1,1,requires_crosswalk_or_marine_review|timezone_not_normalized_to_utc
1328034,212349,2026,2026-03-26T12:13:00,2026-03-26T12:13:00,AST-4,0.0,99,,C,127,SAN JUAN,0,0,0,0,3000.00,0.00,Heavy Rain,0,"[[18.42,-66.09],[18.4168,-66.0875],[18.4168,-66.0915],[18.419,-66.0925]]",1,1,requires_crosswalk_or_marine_review|timezone_not_normalized_to_utc
1328038,212349,2026,2026-03-27T21:00:00,2026-03-27T21:00:00,AST-4,0.0,99,,C,099,MOCA,0,0,0,0,1000.00,0.00,Heavy Rain,0,"[[18.3773,-67.1142],[18.3781,-67.1179],[18.3748,-67.1207],[18.3729,-67.1152]]",1,1,requires_crosswalk_or_marine_review|timezone_not_normalized_to_utc
1328039,212349,2026,2026-03-27T21:30:00,2026-03-27T21:30:00,AST-4,0.0,99,,C,143,VEGA ALTA,0,0,0,0,1000.00,0.00,Heavy Rain,0,"[[18.41,-66.34],[18.413,-66.3325],[18.411,-66.3307],[18.408,-66.3381]]",1,1,requires_crosswalk_or_marine_review|timezone_not_normalized_to_utc
1328041,212349,2026,2026-03-28T13:00:00,2026-03-28T13:00:00,AST-4,0.0,99,,C,103,NAGUABO,0,0,0,0,1500.00,0.00,Heavy Rain,0,"[[18.19,-65.72],[18.1883,-65.713],[18.1898,-65.7113],[18.1918,-65.7163]]",1,1,requires_crosswalk_or_marine_review|timezone_not_normalized_to_utc
1328042,212349,2026,2026-03-28T16:10:00,2026-03-28T16:10:00,AST-4,0.0,99,,C,153,YAUCO,0,0,0,0,3000.00,0.00,Heavy Rain,0,"[[18.02,-66.84],[18.02,-66.8431],[18.0263,-66.8451],[18.0267,-66.8404]]",1,1,requires_crosswalk_or_marine_review|timezone_not_normalized_to_utc
1328043,212349,2026,2026-03-28T16:11:00,2026-03-28T16:11:00,AST-4,0.0,99,,C,103,NAGUABO,0,0,0,0,1500.00,0.00,Heavy Rain,0,"[[18.21,-65.78],[18.2095,-65.7761],[18.2142,-65.7701],[18.2164,-65.7756]]",1,1,requires_crosswalk_or_marine_review|timezone_not_normalized_to_utc
1328073,212012,2026,2026-05-18T15:16:00,2026-05-18T19:00:00,EST-5,3.7333333333333334,18,18083,C,083,KNOX,0,0,0,0,10000.00,0.00,Heavy Rain,0,"[[38.8478,-87.3245],[38.8981,-87.304],[38.8871,-87.2387],[38.8416,-87.2849]]",1,1,county_code_unverified|timezone_not_normalized_to_utc
1328074,212012,2026,2026-05-18T15:41:00,2026-05-18T19:00:00,EST-5,3.316666666666667,18,18083,C,083,KNOX,0,0,0,0,25000.00,0.00,Heavy Rain,0,"[[38.74,-87.44],[38.763,-87.5118],[38.6651,-87.5739],[38.6221,-87.5021]]",1,1,county_code_unverified|timezone_not_normalized_to_utc
1328075,212012,2026,2026-05-18T15:41:00,2026-05-18T19:00:00,EST-5,3.316666666666667,18,18083,C,083,KNOX,0,0,0,0,10000.00,0.00,Heavy Rain,0,"[[38.81,-87.35],[38.818,-87.3985],[38.8429,-87.3517],[38.8281,-87.3316]]",1,1,county_code_unverified|timezone_not_normalized_to_utc
1328076,212012,2026,2026-05-18T17:00:00,2026-05-18T19:00:00,EST-5,2.0,18,18109,C,109,MORGAN,0,0,0,0,100000.00,0.00,Heavy Rain,0,"[[39.4081,-86.6048],[39.4362,-86.523],[39.3986,-86.4964],[39.3794,-86.5666]]",1,1,county_code_unverified|timezone_not_normalized_to_utc
1328077,212012,2026,2026-05-18T17:09:00,2026-05-18T19:09:00,EST-5,2.0,18,18083,C,083,KNOX,0,0,0,0,0.00,0.00,Heavy Rain,0,"[[38.77,-87.32],[38.7844,-87.323],[38.7846,-87.2923],[38.7593,-87.2909]]",1,1,county_code_unverified|timezone_not_normalized_to_utc
1328078,212012,2026,2026-05-18T17:30:00,2026-05-18T19:30:00,EST-5,2.0,18,18133,C,133,PUTNAM,0,0,0,0,25000.00,0.00,Heavy Rain,0,"[[39.62,-86.86],[39.6513,-86.8958],[39.658,-86.8264],[39.6282,-86.8226]]",1,1,county_code_unverified|timezone_not_normalized_to_utc
1328079,212012,2026,2026-05-18T18:00:00,2026-05-18T20:00:00,EST-5,2.0,18,18059,C,059,HANCOCK,0,0,0,0,25000.00,0.00,Heavy Rain,0,"[[39.7722,-85.7924],[39.8062,-85.7901],[39.8014,-85.7403],[39.7685,-85.7426]]",1,1,county_code_unverified|timezone_not_normalized_to_utc
1328080,212012,2026,2026-05-18T18:00:00,2026-05-18T20:00:00,EST-5,2.0,18,18097,C,097,MARION,0,0,0,0,150000.00,0.00,Heavy Rain,0,"[[39.7473,-86.2789],[39.9486,-86.2845],[39.8972,-85.9988],[39.6729,-85.9828],[39.6869,-86.287]]",1,1,county_code_unverified|timezone_not_normalized_to_utc
1328081,212012,2026,2026-05-18T18:00:00,2026-05-18T20:00:00,EST-5,2.0,18,18119,C,119,OWEN,0,0,0,0,50000.00,0.00,Heavy Rain,0,"[[39.31,-86.88],[39.3306,-86.6853],[39.2363,-86.7053],[39.2498,-86.8387]]",1,1,county_code_unverified|timezone_not_normalized_to_utc
1328086,212359,2026,2026-03-12T06:30:00,2026-03-15T19:13:00,CST-6,84.71666666666667,05,05147,C,147,WOODRUFF,0,0,0,0,0.00,0.00,Heavy Rain,0,"[[35.2697,-91.2374],[35.2698,-91.2362],[35.2695,-91.2362],[35.2693,-91.237]]",1,1,county_code_unverified|timezone_not_normalized_to_utc
1328111,212368,2026,2026-03-13T09:15:00,2026-03-13T09:15:00,EST-5,0.0,12,12099,C,099,PALM BEACH,0,0,0,0,0.00,0.00,Heavy Rain,0,"[[26.78,-80.05],[26.7854,-80.0512],[26.7886,-80.0948],[26.7747,-80.0941],[26.7733,-80.0522]]",1,1,county_code_unverified|timezone_not_normalized_to_utc
1328235,212211,2026,2026-03-14T00:30:00,2026-03-14T10:00:00,PST-8,9.5,53,53075,C,075,WHITMAN,0,0,0,0,30000.00,0.00,Heavy Rain / Snow Melt,0,"[[46.73,-117.17],[46.7286,-117.1834],[46.7361,-117.177],[46.7387,-117.174]]",1,1,county_code_unverified|timezone_not_normalized_to_utc
1328236,212211,2026,2026-03-14T17:12:00,2026-03-14T19:12:00,PST-8,2.0,53,53075,C,075,WHITMAN,0,0,0,0,5000.00,0.00,Heavy Rain / Snow Melt,0,"[[46.74,-117.33],[46.7409,-117.3287],[46.7414,-117.3295],[46.7407,-117.3303]]",1,1,county_code_unverified|timezone_not_normalized_to_utc
1328252,212213,2026,2026-03-13T20:08:00,2026-03-14T09:30:00,PST-8,13.366666666666667,16,16057,C,057,LATAH,0,0,0,0,15000.00,0.00,Heavy Rain / Snow Melt,0,"[[46.74,-116.97],[46.7122,-116.9668],[46.7091,-117.032],[46.7409,-117.0069]]",1,1,county_code_unverified|timezone_not_normalized_to_utc
1328707,212212,2026,2026-03-18T18:45:00,2026-03-18T20:45:00,PST-8,2.0,53,53007,C,007,CHELAN,0,0,0,0,10000.00,0.00,Heavy Rain / Snow Melt,0,"[[47.5105,-120.4739],[47.5097,-120.4739],[47.5096,-120.4731],[47.5102,-120.4725]]",1,1,county_code_unverified|timezone_not_normalized_to_utc
1328708,212212,2026,2026-03-20T09:00:00,2026-03-20T12:00:00,PST-8,3.0,53,53007,C,007,CHELAN,0,0,0,0,1000.00,0.00,Heavy Rain / Snow Melt,0,"[[48.36,-120.74],[48.3604,-120.7396],[48.3605,-120.7399],[48.3602,-120.7402]]",1,1,county_code_unverified|timezone_not_normalized_to_utc
1328709,212212,2026,2026-03-20T13:00:00,2026-03-20T16:00:00,PST-8,3.0,53,53007,C,007,CHELAN,0,0,0,0,2000.00,0.00,Heavy Rain / Snow Melt,0,"[[47.4782,-120.3819],[47.4772,-120.3838],[47.4772,-120.3859],[47.4786,-120.3836]]",1,1,county_code_unverified|timezone_not_normalized_to_utc
1328808,211795,2026,2026-04-11T12:13:00,2026-04-12T06:13:00,PST-8,18.0,06,06067,C,067,SACRAMENTO,0,0,0,0,0.00,0.00,Heavy Rain,0,"[[38.64,-121.45],[38.6474,-121.4516],[38.6463,-121.4631],[38.6383,-121.462]]",1,1,county_code_unverified|timezone_not_normalized_to_utc
1328810,211795,2026,2026-04-11T12:32:00,2026-04-12T06:32:00,PST-8,18.0,06,06067,C,067,SACRAMENTO,0,0,0,0,0.00,0.00,Heavy Rain,0,"[[38.59,-121.45],[38.5891,-121.4396],[38.5792,-121.4597],[38.5845,-121.4655]]",1,1,county_code_unverified|timezone_not_normalized_to_utc
1328812,211795,2026,2026-04-11T12:39:00,2026-04-12T06:39:00,PST-8,18.0,06,06067,C,067,SACRAMENTO,0,0,0,0,0.00,0.00,Heavy Rain,0,"[[38.53,-121.37],[38.5319,-121.3734],[38.5445,-121.3739],[38.5437,-121.3676]]",1,1,county_code_unverified|timezone_not_normalized_to_utc
1328814,211795,2026,2026-04-11T17:09:00,2026-04-12T09:09:00,PST-8,16.0,06,06061,C,061,PLACER,0,0,0,0,0.00,0.00,Heavy Rain,0,"[[38.83,-121.17],[38.8411,-121.1735],[38.8449,-121.1605],[38.8414,-121.1479]]",1,1,county_code_unverified|timezone_not_normalized_to_utc
1328817,211795,2026,2026-04-11T17:10:00,2026-04-12T09:10:00,PST-8,16.0,06,06061,C,061,PLACER,0,0,0,0,0.00,0.00,Heavy Rain,0,"[[38.8863,-121.1427],[38.8864,-121.1156],[38.8743,-121.1126],[38.8698,-121.1382]]",1,1,county_code_unverified|timezone_not_normalized_to_utc
1328819,211795,2026,2026-04-11T17:30:00,2026-04-12T06:30:00,PST-8,13.0,06,06067,C,067,SACRAMENTO,0,0,0,0,0.00,0.00,Heavy Rain,0,"[[38.64,-121.4],[38.6439,-121.402],[38.6409,-121.393],[38.64,-121.3957]]",1,1,county_code_unverified|timezone_not_normalized_to_utc
1328827,211795,2026,2026-04-11T18:09:00,2026-04-12T05:09:00,PST-8,11.0,06,06057,C,057,NEVADA,0,0,0,0,0.00,0.00,Heavy Rain,0,"[[39.0579,-121.101],[39.0185,-121.1059],[39.0222,-121.083],[39.055,-121.0823]]",1,1,county_code_unverified|timezone_not_normalized_to_utc
1328834,211795,2026,2026-04-11T18:25:00,2026-04-12T04:25:00,PST-8,10.0,06,06017,C,017,EL DORADO,0,0,0,0,0.00,0.00,Heavy Rain,0,"[[38.72,-120.83],[38.7245,-120.8439],[38.7377,-120.8245],[38.7262,-120.8166]]",1,1,county_code_unverified|timezone_not_normalized_to_utc
1329193,212500,2026,2026-05-19T20:01:00,2026-05-19T22:01:00,EST-5,2.0,39,39057,C,057,GREENE,0,0,0,0,0.00,0.00,Heavy Rain,0,"[[39.74,-83.81],[39.7422,-83.8062],[39.7433,-83.8064],[39.7431,-83.8097]]",1,1,county_code_unverified|timezone_not_normalized_to_utc
1329194,212500,2026,2026-05-19T20:30:00,2026-05-19T22:30:00,EST-5,2.0,39,39091,C,091,LOGAN,0,0,0,0,0.00,0.00,Heavy Rain,0,"[[40.25,-83.76],[40.2528,-83.7577],[40.2531,-83.7596],[40.2517,-83.7616]]",1,1,county_code_unverified|timezone_not_normalized_to_utc
1329201,212502,2026,2026-05-22T19:30:00,2026-05-22T21:30:00,EST-5,2.0,21,21117,C,117,KENTON,0,0,0,0,0.00,0.00,Heavy Rain,0,"[[38.9576,-84.5961],[38.9552,-84.5955],[38.9561,-84.5913],[38.9589,-84.5923]]",1,1,county_code_unverified|timezone_not_normalized_to_utc
1329226,212502,2026,2026-05-23T08:36:00,2026-05-23T10:36:00,EST-5,2.0,21,21187,C,187,OWEN,0,0,0,0,0.00,0.00,Heavy Rain,0,"[[38.6705,-84.8999],[38.6649,-84.8885],[38.6678,-84.8824],[38.6735,-84.8961]]",1,1,county_code_unverified|timezone_not_normalized_to_utc
1329231,212503,2026,2026-05-24T13:47:00,2026-05-24T15:47:00,EST-5,2.0,21,21161,C,161,MASON,0,0,0,0,0.00,0.00,Heavy Rain,0,"[[38.6576,-83.9046],[38.6569,-83.9118],[38.6517,-83.9164],[38.651,-83.9079]]",1,1,county_code_unverified|timezone_not_normalized_to_utc
1329232,212503,2026,2026-05-24T14:55:00,2026-05-24T16:55:00,EST-5,2.0,21,21201,C,201,ROBERTSON,0,0,0,0,0.00,0.00,Heavy Rain,0,"[[38.47,-84.05],[38.4721,-84.0531],[38.4705,-84.0549],[38.4695,-84.0535]]",1,1,county_code_unverified|timezone_not_normalized_to_utc
1329233,212503,2026,2026-05-24T15:47:00,2026-05-24T17:47:00,EST-5,2.0,21,21161,C,161,MASON,0,0,0,0,0.00,0.00,Heavy Rain,0,"[[38.51,-83.76],[38.5122,-83.7625],[38.5127,-83.7562],[38.5101,-83.7568]]",1,1,county_code_unverified|timezone_not_normalized_to_utc
1329234,212503,2026,2026-05-24T15:47:00,2026-05-24T17:47:00,EST-5,2.0,21,21161,C,161,MASON,0,0,0,0,0.00,0.00,Heavy Rain,0,"[[38.57,-83.87],[38.5695,-83.8663],[38.5675,-83.8655],[38.5684,-83.8692]]",1,1,county_code_unverified|timezone_not_normalized_to_utc
1329235,212504,2026,2026-05-27T15:18:00,2026-05-27T17:18:00,EST-5,2.0,18,18047,C,047,FRANKLIN,0,0,0,0,0.00,0.00,Heavy Rain,0,"[[39.4859,-85.2529],[39.4879,-85.2562],[39.4854,-85.2597],[39.4841,-85.2555]]",1,1,county_code_unverified|timezone_not_normalized_to_utc
1329236,212504,2026,2026-05-27T15:20:00,2026-05-27T17:20:00,EST-5,2.0,18,18047,C,047,FRANKLIN,0,0,0,0,0.00,0.00,Heavy Rain,0,"[[39.45,-85.06],[39.4492,-85.0666],[39.4446,-85.0635],[39.4459,-85.0606]]",1,1,county_code_unverified|timezone_not_normalized_to_utc
1329237,212504,2026,2026-05-27T15:25:00,2026-05-27T17:25:00,EST-5,2.0,18,18047,C,047,FRANKLIN,0,0,0,0,0.00,0.00,Heavy Rain,0,"[[39.5248,-85.0484],[39.5222,-85.0509],[39.5215,-85.0467],[39.5238,-85.0466]]",1,1,county_code_unverified|timezone_not_normalized_to_utc
1329325,212498,2026,2026-06-04T04:00:00,2026-06-04T12:00:00,MST-7,8.0,35,35005,C,005,CHAVES,0,0,0,0,0.00,0.00,Heavy Rain,0,"[[33.1,-104.22],[33.0953,-104.2257],[33.0947,-104.2211],[33.0994,-104.2178]]",1,1,county_code_unverified|timezone_not_normalized_to_utc
1330103,212616,2026,2026-05-26T09:15:00,2026-05-26T14:00:00,CST-6,4.75,48,48227,C,227,HOWARD,0,0,0,0,0.00,0.00,Heavy Rain,0,"[[32.2611,-101.4998],[32.2598,-101.504],[32.2584,-101.5026],[32.2593,-101.4994]]",1,1,county_code_unverified|timezone_not_normalized_to_utc
1330104,212616,2026,2026-05-26T09:15:00,2026-05-26T14:00:00,CST-6,4.75,48,48227,C,227,HOWARD,0,0,0,0,0.00,0.00,Heavy Rain,0,"[[32.4223,-101.5787],[32.4071,-101.5696],[32.4201,-101.5206],[32.4353,-101.523]]",1,1,county_code_unverified|timezone_not_normalized_to_utc
1330118,212620,2026,2026-06-10T12:44:00,2026-06-10T13:44:00,EST-5,1.0,42,42087,C,087,MIFFLIN,0,0,0,0,0.00,0.00,Heavy Rain,0,"[[40.5948,-77.5699],[40.5953,-77.5693],[40.595,-77.5692],[40.5946,-77.5697]]",1,1,county_code_unverified|timezone_not_normalized_to_utc
1330634,212207,2026,2026-04-15T22:00:00,2026-04-16T08:00:00,CST-6,10.0,55,55079,C,079,MILWAUKEE,0,0,0,0,0.00,0.00,Heavy Rain,0,"[[43.1743,-88.0104],[43.1891,-87.8902],[42.9603,-87.8538],[42.9584,-88.0227]]",1,1,county_code_unverified|timezone_not_normalized_to_utc
1331050,212745,2026,2026-04-30T16:40:00,2026-04-30T17:00:00,AST-4,0.3333333333333333,99,,C,067,HORMIGUEROS,0,0,0,0,1500.00,0.00,Heavy Rain,0,"[[18.1537,-67.1449],[18.149,-67.1431],[18.1495,-67.1424],[18.1541,-67.1442]]",1,1,requires_crosswalk_or_marine_review|timezone_not_normalized_to_utc
1331052,211809,2026,2026-04-20T23:12:00,2026-04-21T08:12:00,PST-8,9.0,06,06113,C,113,YOLO,0,0,0,0,0.00,0.00,Heavy Rain,0,"[[38.56,-121.64],[38.5685,-121.6406],[38.5636,-121.6599],[38.5586,-121.6531]]",1,1,county_code_unverified|timezone_not_normalized_to_utc
1331053,211809,2026,2026-04-20T23:53:00,2026-04-21T08:53:00,PST-8,9.0,06,06067,C,067,SACRAMENTO,0,0,0,0,0.00,0.00,Heavy Rain,0,"[[38.65,-121.38],[38.649,-121.3691],[38.6435,-121.3738],[38.6436,-121.3851]]",1,1,county_code_unverified|timezone_not_normalized_to_utc
1331054,211809,2026,2026-04-21T01:54:00,2026-04-21T10:54:00,PST-8,9.0,06,06077,C,077,SAN JOAQUIN,0,0,0,0,0.00,0.00,Heavy Rain,0,"[[37.9662,-121.2639],[38.0071,-121.2713],[38.0293,-121.207],[37.9908,-121.1901]]",1,1,county_code_unverified|timezone_not_normalized_to_utc
1331055,211809,2026,2026-04-21T01:57:00,2026-04-21T10:57:00,PST-8,9.0,06,06067,C,067,SACRAMENTO,0,0,0,0,0.00,0.00,Heavy Rain,0,"[[38.5253,-121.5243],[38.5286,-121.522],[38.5272,-121.5177],[38.5237,-121.5185]]",1,1,county_code_unverified|timezone_not_normalized_to_utc
1331056,211809,2026,2026-04-21T04:46:00,2026-04-21T12:46:00,PST-8,8.0,06,06067,C,067,SACRAMENTO,0,0,0,0,0.00,0.00,Heavy Rain,0,"[[38.64,-121.12],[38.6477,-121.1208],[38.6466,-121.1103],[38.6416,-121.1072]]",1,1,county_code_unverified|timezone_not_normalized_to_utc
1331057,211809,2026,2026-04-21T05:39:00,2026-04-21T12:39:00,PST-8,7.0,06,06067,C,067,SACRAMENTO,0,0,0,0,0.00,0.00,Heavy Rain,0,"[[38.6116,-121.2734],[38.6046,-121.2724],[38.6066,-121.2672],[38.6112,-121.2681]]",1,1,county_code_unverified|timezone_not_normalized_to_utc
1331058,211809,2026,2026-04-21T11:56:00,2026-04-21T19:56:00,PST-8,8.0,06,06067,C,067,SACRAMENTO,0,0,0,0,0.00,0.00,Heavy Rain,0,"[[38.66,-121.26],[38.6647,-121.2611],[38.6649,-121.2559],[38.6619,-121.256]]",1,1,county_code_unverified|timezone_not_normalized_to_utc
1331059,211809,2026,2026-04-21T12:12:00,2026-04-21T19:12:00,PST-8,7.0,06,06061,C,061,PLACER,0,0,0,0,0.00,0.00,Heavy Rain,0,"[[38.74,-121.17],[38.7452,-121.1674],[38.7457,-121.1741],[38.7421,-121.1731]]",1,1,county_code_unverified|timezone_not_normalized_to_utc
1331061,211809,2026,2026-04-21T12:30:00,2026-04-21T19:30:00,PST-8,7.0,06,06077,C,077,SAN JOAQUIN,0,0,0,0,0.00,0.00,Heavy Rain,0,"[[37.975,-121.2685],[37.9762,-121.267],[37.9741,-121.2646],[37.972,-121.2683]]",1,1,county_code_unverified|timezone_not_normalized_to_utc
1331062,211809,2026,2026-04-21T12:34:00,2026-04-21T20:34:00,PST-8,8.0,06,06061,C,061,PLACER,0,0,0,0,0.00,0.00,Heavy Rain,0,"[[38.74,-121.17],[38.7392,-121.1696],[38.7396,-121.1683],[38.7404,-121.1685]]",1,1,county_code_unverified|timezone_not_normalized_to_utc
1331063,211809,2026,2026-04-21T13:40:00,2026-04-21T21:40:00,PST-8,8.0,06,06009,C,009,CALAVERAS,0,0,0,0,0.00,0.00,Heavy Rain,0,"[[38.2,-120.7],[38.2136,-120.7073],[38.2137,-120.6864],[38.2038,-120.6834]]",1,1,county_code_unverified|timezone_not_normalized_to_utc
1331064,211809,2026,2026-04-21T14:27:00,2026-04-21T21:27:00,PST-8,7.0,06,06099,C,099,STANISLAUS,0,0,0,0,0.00,0.00,Heavy Rain,0,"[[37.7,-121.08],[37.7138,-121.0804],[37.7093,-121.0582],[37.6922,-121.0634]]",1,1,county_code_unverified|timezone_not_normalized_to_utc
1331065,211809,2026,2026-04-21T14:50:00,2026-04-21T21:50:00,PST-8,7.0,06,06099,C,099,STANISLAUS,0,0,0,0,0.00,0.00,Heavy Rain,0,"[[37.71,-121.08],[37.7082,-121.0868],[37.7011,-121.0872],[37.7076,-121.0741]]",1,1,county_code_unverified|timezone_not_normalized_to_utc
1331067,211809,2026,2026-04-21T15:24:00,2026-04-21T22:24:00,PST-8,7.0,06,06099,C,099,STANISLAUS,0,0,0,0,0.00,0.00,Heavy Rain,0,"[[37.7,-121.1],[37.7087,-121.098],[37.7064,-121.0902],[37.702,-121.0901]]",1,1,county_code_unverified|timezone_not_normalized_to_utc
1331068,211809,2026,2026-04-21T15:47:00,2026-04-21T22:47:00,PST-8,7.0,06,06077,C,077,SAN JOAQUIN,0,0,0,0,0.00,0.00,Heavy Rain,0,"[[38.14,-121.26],[38.1352,-121.262],[38.135,-121.2509],[38.1392,-121.2528]]",1,1,county_code_unverified|timezone_not_normalized_to_utc
1331070,211809,2026,2026-04-21T16:41:00,2026-04-21T23:41:00,PST-8,7.0,06,06067,C,067,SACRAMENTO,0,0,0,0,0.00,0.00,Heavy Rain,0,"[[38.49,-121.16],[38.5088,-121.1617],[38.5002,-121.1407],[38.4911,-121.1468]]",1,1,county_code_unverified|timezone_not_normalized_to_utc
1331071,211809,2026,2026-04-21T18:46:00,2026-04-21T23:46:00,PST-8,5.0,06,06103,C,103,TEHAMA,0,0,0,0,0.00,0.00,Heavy Rain,0,"[[39.91,-122.12],[39.9054,-122.1192],[39.9055,-122.1282],[39.9095,-122.127]]",1,1,county_code_unverified|timezone_not_normalized_to_utc
1331072,211809,2026,2026-04-21T18:50:00,2026-04-21T23:50:00,PST-8,5.0,06,06067,C,067,SACRAMENTO,0,0,0,0,0.00,0.00,Heavy Rain,0,"[[38.61,-121.27],[38.6111,-121.2723],[38.6058,-121.2727],[38.6078,-121.2691]]",1,1,county_code_unverified|timezone_not_normalized_to_utc
1331073,211809,2026,2026-04-21T19:50:00,2026-04-22T06:50:00,PST-8,11.0,06,06103,C,103,TEHAMA,0,0,0,0,0.00,0.00,Heavy Rain,0,"[[39.9034,-122.1375],[39.91,-122.14],[39.9087,-122.1447],[39.9043,-122.1444]]",1,1,county_code_unverified|timezone_not_normalized_to_utc
1331074,211809,2026,2026-04-21T20:05:00,2026-04-22T06:05:00,PST-8,10.0,06,06103,C,103,TEHAMA,0,0,0,0,0.00,0.00,Heavy Rain,0,"[[39.86,-122.2],[39.8598,-122.1871],[39.8539,-122.1896],[39.8561,-122.2018]]",1,1,county_code_unverified|timezone_not_normalized_to_utc
1331154,212706,2026,2026-04-20T14:00:00,2026-04-23T09:30:00,CST-6,67.5,29,29157,C,157,PERRY,0,0,0,0,0.00,0.00,Heavy Rain,0,"[[37.8786,-89.8002],[37.9048,-89.8445]]",1,1,county_code_unverified|location_points_from_details|timezone_not_normalized_to_utc
1331155,212708,2026,2026-04-29T01:30:00,2026-04-30T23:59:00,CST-6,46.483333333333334,29,29157,C,157,PERRY,0,0,0,0,0.00,0.00,Heavy Rain,0,"[[37.8786,-89.8002],[37.9048,-89.8445]]",1,1,county_code_unverified|location_points_from_details|timezone_not_normalized_to_utc
1331156,212708,2026,2026-04-30T04:30:00,2026-04-30T23:59:00,CST-6,19.483333333333334,29,29031,C,031,CAPE GIRARDEAU,0,0,0,0,0.00,0.00,Heavy Rain,0,"[[37.3374,-89.4757],[37.3464,-89.4364]]",1,1,county_code_unverified|location_points_from_details|timezone_not_normalized_to_utc
1331157,212707,2026,2026-04-28T20:00:00,2026-04-30T23:59:00,EST-5,51.983333333333334,18,18125,C,125,PIKE,0,0,0,0,0.00,0.00,Heavy Rain,0,"[[38.5447,-87.3648],[38.5303,-87.4635]]",1,1,county_code_unverified|location_points_from_details|timezone_not_normalized_to_utc
1331229,212777,2026,2026-04-01T18:10:00,2026-04-01T22:30:00,AST-4,4.333333333333333,99,,C,111,PENUELAS,0,0,0,0,1000.00,0.00,Heavy Rain,0,"[[18.0504,-66.7055],[18.0504,-66.7062],[18.0501,-66.7062],[18.0502,-66.7055],[18.0503,-66.7053]]",1,1,requires_crosswalk_or_marine_review|timezone_not_normalized_to_utc
1331230,212777,2026,2026-04-01T18:10:00,2026-04-01T22:30:00,AST-4,4.333333333333333,99,,C,113,PONCE,0,0,0,0,400.00,0.00,Heavy Rain,0,"[[18.0227,-66.6551],[18.0235,-66.6537],[18.0208,-66.6517],[18.0199,-66.6529]]",1,1,requires_crosswalk_or_marine_review|timezone_not_normalized_to_utc
1331242,212777,2026,2026-04-02T13:20:00,2026-04-02T15:30:00,AST-4,2.1666666666666665,99,,C,153,YAUCO,0,0,0,0,2000.00,0.00,Heavy Rain,0,"[[18.0133,-66.867],[18.0132,-66.8671],[18.0132,-66.8667],[18.0134,-66.8667]]",1,1,requires_crosswalk_or_marine_review|timezone_not_normalized_to_utc
1331244,212777,2026,2026-04-03T15:34:00,2026-04-03T17:30:00,AST-4,1.9333333333333333,99,,C,023,CABO ROJO,0,0,0,0,400.00,0.00,Heavy Rain,0,"[[18.0489,-67.1989],[18.0471,-67.1993],[18.0466,-67.1974],[18.0491,-67.1969]]",1,1,requires_crosswalk_or_marine_review|timezone_not_normalized_to_utc
1331253,212777,2026,2026-04-04T12:43:00,2026-04-04T15:00:00,AST-4,2.283333333333333,99,,C,061,GUAYNABO,0,0,0,0,1000.00,0.00,Heavy Rain,0,"[[18.357,-66.1164],[18.3565,-66.1159],[18.3575,-66.1152],[18.3578,-66.1157]]",1,1,requires_crosswalk_or_marine_review|timezone_not_normalized_to_utc
1331255,212777,2026,2026-04-04T13:14:00,2026-04-04T15:00:00,AST-4,1.7666666666666666,99,,C,127,SAN JUAN,0,0,0,0,1000.00,0.00,Heavy Rain,0,"[[18.3282,-66.0699],[18.3285,-66.0717],[18.3281,-66.0717],[18.3277,-66.0712],[18.3276,-66.0702]]",1,1,requires_crosswalk_or_marine_review|timezone_not_normalized_to_utc
1331259,212778,2026,2026-04-06T07:40:00,2026-04-06T14:30:00,AST-4,6.833333333333333,99,,C,103,NAGUABO,0,0,0,0,400.00,0.00,Heavy Rain,0,"[[18.2121,-65.7779],[18.2112,-65.7769],[18.2138,-65.773],[18.2157,-65.774]]",1,1,requires_crosswalk_or_marine_review|timezone_not_normalized_to_utc
1331261,212778,2026,2026-04-07T03:45:00,2026-04-07T13:00:00,AST-4,9.25,99,,C,103,NAGUABO,0,0,0,0,400.00,0.00,Heavy Rain,0,"[[18.2179,-65.7834],[18.216,-65.7818],[18.2175,-65.7803],[18.2186,-65.7818]]",1,1,requires_crosswalk_or_marine_review|timezone_not_normalized_to_utc
1331264,212778,2026,2026-04-07T09:30:00,2026-04-07T12:30:00,AST-4,3.0,99,,C,119,RIO GRANDE,0,0,0,0,2000.00,0.00,Heavy Rain,0,"[[18.3681,-65.836],[18.3737,-65.8298],[18.3751,-65.8271],[18.3742,-65.821],[18.3659,-65.8182],[18.3621,-65.8181],[18.3602,-65.8393]]",1,1,requires_crosswalk_or_marine_review|timezone_not_normalized_to_utc
1331437,211376,2026,2026-04-14T20:15:00,2026-04-15T00:00:00,CST-6,3.75,17,17201,C,201,WINNEBAGO,0,0,0,0,0.00,0.00,Heavy Rain,0,"[[42.2886,-89.1318],[42.2877,-89.1318],[42.2878,-89.1177],[42.2887,-89.1177]]",1,1,county_code_unverified|timezone_not_normalized_to_utc
1331473,211895,2026,2026-04-18T02:02:00,2026-04-18T06:00:00,CST-6,3.966666666666667,29,29057,C,057,DADE,0,0,0,0,0.00,0.00,Heavy Rain,0,"[[37.52,-93.95],[37.5177,-93.9511],[37.5174,-93.9465],[37.5201,-93.9454],[37.5213,-93.9489]]",1,1,county_code_unverified|timezone_not_normalized_to_utc
1331474,211895,2026,2026-04-18T06:53:00,2026-04-18T10:41:00,CST-6,3.8,29,29097,C,097,JASPER,0,0,0,0,0.00,0.00,Heavy Rain,0,"[[37.18,-94.45],[37.1682,-94.4471],[37.1689,-94.4626],[37.1804,-94.4618]]",1,1,county_code_unverified|timezone_not_normalized_to_utc
1331476,211895,2026,2026-04-18T08:10:00,2026-04-18T10:30:00,CST-6,2.3333333333333335,29,29059,C,059,DALLAS,0,0,0,0,0.00,0.00,Heavy Rain,0,"[[37.61,-93.07],[37.6109,-93.0644],[37.6149,-93.068],[37.6128,-93.0742]]",1,1,county_code_unverified|timezone_not_normalized_to_utc
1331477,211895,2026,2026-04-18T10:10:00,2026-04-18T12:00:00,CST-6,1.8333333333333333,29,29141,C,141,MORGAN,0,0,0,0,0.00,0.00,Heavy Rain,0,"[[38.58,-92.96],[38.5754,-92.9637],[38.5742,-92.9544],[38.5789,-92.9539]]",1,1,county_code_unverified|timezone_not_normalized_to_utc
1331478,211895,2026,2026-04-18T11:45:00,2026-04-18T14:00:00,CST-6,2.25,29,29229,C,229,WRIGHT,0,0,0,0,0.00,0.00,Heavy Rain,0,"[[37.45,-92.45],[37.4419,-92.4592],[37.4388,-92.4481],[37.4519,-92.4415],[37.4602,-92.4448]]",1,1,county_code_unverified|timezone_not_normalized_to_utc
1331479,211895,2026,2026-04-18T12:06:00,2026-04-18T14:00:00,CST-6,1.9,29,29215,C,215,TEXAS,0,0,0,0,0.00,0.00,Heavy Rain,0,"[[37.46,-91.99],[37.4565,-91.9869],[37.46,-91.9809],[37.4654,-91.9846],[37.4649,-91.9907]]",1,1,county_code_unverified|timezone_not_normalized_to_utc
1331480,211895,2026,2026-04-18T13:47:00,2026-04-18T16:00:00,CST-6,2.216666666666667,29,29229,C,229,WRIGHT,0,0,0,0,0.00,0.00,Heavy Rain,0,"[[37.31,-92.4],[37.3181,-92.4034],[37.319,-92.3893],[37.3091,-92.3867]]",1,1,county_code_unverified|timezone_not_normalized_to_utc
1331481,211895,2026,2026-04-18T18:34:00,2026-04-18T20:00:00,CST-6,1.4333333333333333,29,29097,C,097,JASPER,0,0,0,0,0.00,0.00,Heavy Rain,0,"[[37.23,-94.42],[37.2202,-94.4242],[37.2196,-94.4125],[37.2293,-94.4135]]",1,1,county_code_unverified|timezone_not_normalized_to_utc
1331482,211895,2026,2026-04-18T18:36:00,2026-04-18T20:00:00,CST-6,1.4,29,29217,C,217,VERNON,0,0,0,0,0.00,0.00,Heavy Rain,0,"[[37.98,-94.56],[37.9833,-94.5595],[37.9846,-94.5639],[37.981,-94.5657]]",1,1,county_code_unverified|timezone_not_normalized_to_utc
1331491,211896,2026,2026-04-15T19:13:00,2026-04-15T23:40:00,CST-6,4.45,29,29167,C,167,POLK,0,0,0,0,0.00,0.00,Heavy Rain,0,"[[37.69,-93.44],[37.6646,-93.4278],[37.6615,-93.4473],[37.6893,-93.4468]]",1,1,county_code_unverified|timezone_not_normalized_to_utc
1331603,212825,2026,2026-04-12T16:16:00,2026-04-12T18:00:00,AST-4,1.7333333333333334,99,,C,067,HORMIGUEROS,0,0,0,0,1500.00,0.00,Heavy Rain,0,"[[18.1238,-67.124],[18.1227,-67.1215],[18.1214,-67.1222],[18.1227,-67.1247]]",1,1,requires_crosswalk_or_marine_review|timezone_not_normalized_to_utc
1331607,212825,2026,2026-04-13T13:01:00,2026-04-13T15:00:00,AST-4,1.9833333333333334,99,,C,023,CABO ROJO,0,0,0,0,1500.00,0.00,Heavy Rain,0,"[[18.0915,-67.1344],[18.092,-67.1355],[18.0935,-67.1341],[18.0929,-67.1331]]",1,1,requires_crosswalk_or_marine_review|timezone_not_normalized_to_utc
1331612,212825,2026,2026-04-13T21:23:00,2026-04-13T23:00:00,AST-4,1.6166666666666667,99,,C,023,CABO ROJO,0,0,0,0,2000.00,0.00,Heavy Rain,0,"[[18.13,-67.14],[18.132,-67.138],[18.129,-67.1336],[18.1268,-67.136]]",1,1,requires_crosswalk_or_marine_review|timezone_not_normalized_to_utc
1331615,212828,2026,2026-04-15T13:05:00,2026-04-15T14:20:00,EST-5,1.25,18,18099,C,099,MARSHALL,0,0,0,0,0.00,0.00,Heavy Rain,0,"[[41.35,-86.31],[41.3596,-86.3102],[41.3604,-86.3003],[41.3513,-86.3025]]",1,1,county_code_unverified|timezone_not_normalized_to_utc
1331622,212829,2026,2026-04-15T14:30:00,2026-04-15T16:30:00,EST-5,2.0,39,39039,C,039,DEFIANCE,0,0,0,0,0.00,0.00,Heavy Rain,0,"[[41.29,-84.77],[41.303,-84.7686],[41.3007,-84.7578],[41.2902,-84.7583]]",1,1,county_code_unverified|timezone_not_normalized_to_utc
1331739,211900,2026,2026-04-28T13:14:00,2026-04-28T19:00:00,CST-6,5.766666666666667,29,29077,C,077,GREENE,0,0,0,0,0.00,0.00,Heavy Rain,0,"[[37.14,-93.33],[37.1402,-93.3326],[37.139,-93.3327],[37.139,-93.3303]]",1,1,county_code_unverified|timezone_not_normalized_to_utc
1331741,211900,2026,2026-04-28T11:03:00,2026-04-28T11:03:00,CST-6,0.0,29,29077,C,077,GREENE,0,0,0,0,0.00,0.00,Heavy Rain,0,"[[37.21,-93.23],[37.2123,-93.2295],[37.2122,-93.2354],[37.2103,-93.2356]]",1,1,county_code_unverified|timezone_not_normalized_to_utc
1331743,211900,2026,2026-04-28T12:56:00,2026-04-28T12:56:00,CST-6,0.0,29,29077,C,077,GREENE,0,0,0,0,0.00,0.00,Heavy Rain,0,"[[37.11,-93.33],[37.1025,-93.3401],[37.099,-93.3307],[37.104,-93.3175],[37.1157,-93.3203]]",1,1,county_code_unverified|timezone_not_normalized_to_utc
1331745,211900,2026,2026-04-28T12:20:00,2026-04-28T12:20:00,CST-6,0.0,29,29077,C,077,GREENE,0,0,0,0,0.00,0.00,Heavy Rain,0,"[[37.17,-93.24],[37.1752,-93.2381],[37.1752,-93.2288],[37.1528,-93.2351],[37.1554,-93.2517]]",1,1,county_code_unverified|timezone_not_normalized_to_utc
1331747,211900,2026,2026-04-28T14:00:00,2026-04-28T14:00:00,CST-6,0.0,29,29077,C,077,GREENE,0,0,0,0,0.00,0.00,Heavy Rain,0,"[[37.13,-93.42],[37.1336,-93.4193],[37.134,-93.4229],[37.1303,-93.4236]]",1,1,county_code_unverified|timezone_not_normalized_to_utc
1331750,211900,2026,2026-04-28T14:36:00,2026-04-28T14:36:00,CST-6,0.0,29,29067,C,067,DOUGLAS,0,0,0,0,0.00,0.00,Heavy Rain,0,"[[36.9433,-92.5931],[36.9395,-92.5946],[36.9559,-92.629],[36.9587,-92.6199]]",1,1,county_code_unverified|timezone_not_normalized_to_utc
1331793,212825,2026,2026-04-13T13:10:00,2026-04-13T15:30:00,AST-4,2.3333333333333335,99,,C,111,PENUELAS,0,0,0,0,1500.00,0.00,Heavy Rain,0,"[[18.0863,-66.7319],[18.0862,-66.7318],[18.0863,-66.7317],[18.0864,-66.7318]]",1,1,requires_crosswalk_or_marine_review|timezone_not_normalized_to_utc
1331811,212865,2026,2026-05-30T19:45:00,2026-05-30T19:45:00,MST-7,0.0,31,31105,C,105,KIMBALL,0,0,0,0,0.00,0.00,Heavy Rain,0,"[[41.16,-103.79],[41.1605,-103.8165],[41.1483,-103.8166],[41.1481,-103.7974]]",1,1,county_code_unverified|timezone_not_normalized_to_utc
1332144,212707,2026,2026-04-29T12:15:00,2026-04-30T23:59:00,CST-6,35.733333333333334,18,18051,C,051,GIBSON,0,0,0,0,0.00,0.00,Heavy Rain,0,"[[38.4965,-87.5057],[38.4492,-87.6025]]",1,1,county_code_unverified|location_points_from_details|timezone_not_normalized_to_utc
1332545,212520,2026,2026-04-16T13:15:00,2026-04-30T22:45:00,CST-6,345.5,55,55105,C,105,ROCK,0,0,0,0,1000.00,0.00,Heavy Rain,0,"[[42.74,-89.1],[42.74,-89.03],[42.65,-88.99],[42.48,-89.02],[42.48,-89.1],[42.61,-89.09]]",1,1,county_code_unverified|timezone_not_normalized_to_utc
1332561,212903,2026,2026-05-27T09:00:00,2026-05-27T09:00:00,CST-6,0.0,48,48057,C,057,CALHOUN,0,0,0,0,0.00,0.00,Heavy Rain,0,"[[28.4486,-96.4033],[28.4418,-96.4183],[28.4427,-96.4188],[28.4495,-96.4038]]",1,1,county_code_unverified|timezone_not_normalized_to_utc
1332766,212963,2026,2026-04-01T01:00:00,2026-04-01T08:30:00,EST-5,7.5,36,36011,C,011,CAYUGA,0,0,0,0,50000.00,0.00,Heavy Rain,0,"[[42.7034,-76.435],[42.7075,-76.4255],[42.7579,-76.46],[42.7532,-76.4708]]",1,1,county_code_unverified|timezone_not_normalized_to_utc
1332767,212963,2026,2026-04-01T01:00:00,2026-04-01T23:00:00,EST-5,22.0,36,36023,C,023,CORTLAND,0,0,0,0,25000.00,0.00,Heavy Rain,0,"[[42.6171,-76.1605],[42.6179,-76.1412],[42.5887,-76.1196],[42.4433,-76.0202],[42.4212,-76.0835],[42.5856,-76.1709]]",1,1,county_code_unverified|timezone_not_normalized_to_utc
1332913,212520,2026,2026-04-19T07:00:00,2026-04-30T03:00:00,CST-6,260.0,55,55105,C,105,ROCK,0,0,0,0,1000.00,0.00,Heavy Rain,0,"[[42.81,-88.98],[42.8,-89.03],[42.77,-89.11],[42.82,-89.13],[42.86,-89.07],[42.88,-89.03]]",1,1,county_code_unverified|timezone_not_normalized_to_utc
1332915,212520,2026,2026-04-18T08:22:00,2026-04-30T23:45:00,CST-6,303.3833333333333,55,55055,C,055,JEFFERSON,0,0,0,0,1000.00,0.00,Heavy Rain,0,"[[42.93,-88.94],[42.9035,-88.86],[42.83,-88.92],[42.81,-89.0],[42.85,-89.07],[42.9,-89.02]]",1,1,county_code_unverified|timezone_not_normalized_to_utc
1332916,212520,2026,2026-04-17T01:00:00,2026-04-30T23:15:00,CST-6,334.25,55,55055,C,055,JEFFERSON,0,0,0,0,1000.00,0.00,Heavy Rain,0,"[[42.95,-88.87],[42.95,-88.76],[42.91,-88.78],[42.86,-88.87],[42.92,-88.95],[42.94,-88.9]]",1,1,county_code_unverified|timezone_not_normalized_to_utc
1332917,212520,2026,2026-04-15T18:47:00,2026-04-21T08:17:00,CST-6,133.5,55,55133,C,133,WAUKESHA,0,0,0,0,1000.00,0.00,Heavy Rain,0,"[[43.04,-88.24],[43.03,-88.18],[43.0,-88.21],[42.95,-88.25],[42.97,-88.29],[43.02,-88.26]]",1,1,county_code_unverified|timezone_not_normalized_to_utc
1332926,212520,2026,2026-04-15T15:45:00,2026-04-30T12:45:00,CST-6,357.0,55,55059,C,059,KENOSHA,0,0,0,0,1000.00,0.00,Heavy Rain,0,"[[42.62,-88.3],[42.62,-88.17],[42.55,-88.14],[42.46,-88.14],[42.46,-88.22],[42.55,-88.24]]",1,1,county_code_unverified|timezone_not_normalized_to_utc
1332930,212520,2026,2026-04-14T07:58:00,2026-04-21T23:52:00,CST-6,183.9,55,55021,C,021,COLUMBIA,0,0,0,0,1000.00,0.00,Heavy Rain,0,"[[43.61,-89.66],[43.53,-89.34],[43.38,-89.47],[43.43,-89.6],[43.49,-89.52],[43.52,-89.58],[43.53,-89.69]]",1,1,county_code_unverified|timezone_not_normalized_to_utc
1332938,212858,2026,2026-04-18T06:06:00,2026-04-18T12:00:00,AST-4,5.9,99,,C,003,AGUADA,0,0,0,0,2000.00,0.00,Heavy Rain,0,"[[18.4036,-67.157],[18.4015,-67.1591],[18.3986,-67.1612],[18.3983,-67.1606],[18.3997,-67.1595],[18.4033,-67.1562]]",1,1,requires_crosswalk_or_marine_review|timezone_not_normalized_to_utc
1332939,212858,2026,2026-04-18T16:27:00,2026-04-18T23:00:00,AST-4,6.55,99,,C,003,AGUADA,0,0,0,0,1500.00,0.00,Heavy Rain,0,"[[18.4035,-67.1542],[18.4039,-67.155],[18.3993,-67.1569],[18.3924,-67.1584],[18.3824,-67.1609],[18.3765,-67.1602],[18.374,-67.156],[18.3773,-67.1587]]",1,1,requires_crosswalk_or_marine_review|timezone_not_normalized_to_utc
1332940,212858,2026,2026-04-18T17:14:00,2026-04-18T21:00:00,AST-4,3.7666666666666666,99,,C,003,AGUADA,0,0,0,0,1500.00,0.00,Heavy Rain,0,"[[18.3828,-67.1999],[18.383,-67.2027],[18.3834,-67.2025],[18.3832,-67.1999]]",1,1,requires_crosswalk_or_marine_review|timezone_not_normalized_to_utc
1332941,212858,2026,2026-04-18T16:27:00,2026-04-18T23:00:00,AST-4,6.55,99,,C,003,AGUADA,0,0,0,0,1000.00,0.00,Heavy Rain,0,"[[18.3965,-67.1661],[18.3969,-67.1663],[18.3985,-67.1612],[18.3979,-67.1612]]",1,1,requires_crosswalk_or_marine_review|timezone_not_normalized_to_utc
1332942,212858,2026,2026-04-18T17:02:00,2026-04-18T23:00:00,AST-4,5.966666666666667,99,,C,003,AGUADA,0,0,0,0,1000.00,0.00,Heavy Rain,0,"[[18.3931,-67.1638],[18.3915,-67.1653],[18.3911,-67.165],[18.393,-67.1631],[18.3955,-67.1618],[18.3958,-67.1628]]",1,1,requires_crosswalk_or_marine_review|timezone_not_normalized_to_utc
1332943,212858,2026,2026-04-18T16:27:00,2026-04-18T23:00:00,AST-4,6.55,99,,C,003,AGUADA,0,0,0,0,1000.00,0.00,Heavy Rain,0,"[[18.3945,-67.1629],[18.3931,-67.1578],[18.3939,-67.1576],[18.3953,-67.1624]]",1,1,requires_crosswalk_or_marine_review|timezone_not_normalized_to_utc
1332944,212858,2026,2026-04-18T16:27:00,2026-04-18T23:00:00,AST-4,6.55,99,,C,003,AGUADA,0,0,0,0,1000.00,0.00,Heavy Rain,0,"[[18.3927,-67.1643],[18.3926,-67.1639],[18.3935,-67.1633],[18.3937,-67.1636]]",1,1,requires_crosswalk_or_marine_review|timezone_not_normalized_to_utc
1332945,212858,2026,2026-04-16T20:40:00,2026-04-16T22:30:00,AST-4,1.8333333333333333,99,,C,063,GURABO,0,0,0,0,1000.00,0.00,Heavy Rain,0,"[[18.2693,-65.9957],[18.2687,-65.9931],[18.2698,-65.9926],[18.2704,-65.9955]]",1,1,requires_crosswalk_or_marine_review|timezone_not_normalized_to_utc
1333316,213026,2026,2026-05-29T20:55:00,2026-05-29T20:55:00,EST-5,0.0,12,12031,C,031,DUVAL,0,0,0,0,20000.00,0.00,Heavy Rain,0,"[[30.33,-81.71],[30.3335,-81.7106],[30.3404,-81.6842],[30.3345,-81.6805]]",1,1,county_code_unverified|timezone_not_normalized_to_utc
1333317,213026,2026,2026-05-29T21:05:00,2026-05-29T21:05:00,EST-5,0.0,12,12031,C,031,DUVAL,0,0,0,0,10000.00,0.00,Heavy Rain,0,"[[30.3022,-81.71],[30.2994,-81.7079],[30.3018,-81.7036],[30.3038,-81.7057]]",1,1,county_code_unverified|timezone_not_normalized_to_utc
1333318,213026,2026,2026-05-29T21:19:00,2026-05-29T21:19:00,EST-5,0.0,12,12031,C,031,DUVAL,0,0,0,0,10000.00,0.00,Heavy Rain,0,"[[30.35,-81.64],[30.3502,-81.637],[30.3489,-81.6372],[30.3488,-81.6401]]",1,1,county_code_unverified|timezone_not_normalized_to_utc
1333319,213026,2026,2026-05-29T22:02:00,2026-05-29T22:02:00,EST-5,0.0,12,12031,C,031,DUVAL,0,0,0,0,10000.00,0.00,Heavy Rain,0,"[[30.3358,-81.648],[30.334,-81.6482],[30.3341,-81.6522],[30.336,-81.6523]]",1,1,county_code_unverified|timezone_not_normalized_to_utc
1333320,213026,2026,2026-05-30T17:30:00,2026-05-30T17:30:00,EST-5,0.0,12,12107,C,107,PUTNAM,0,0,0,0,0.00,0.00,Heavy Rain,0,"[[29.64,-81.65],[29.6444,-81.6509],[29.6452,-81.6398],[29.641,-81.6403]]",1,1,county_code_unverified|timezone_not_normalized_to_utc
1333321,213026,2026,2026-05-31T16:55:00,2026-05-31T16:55:00,EST-5,0.0,12,12031,C,031,DUVAL,0,0,0,0,0.00,0.00,Heavy Rain,0,"[[30.39,-81.7],[30.391,-81.6942],[30.388,-81.6934],[30.3875,-81.7002]]",1,1,county_code_unverified|timezone_not_normalized_to_utc
1333333,212858,2026,2026-04-17T20:00:00,2026-04-18T05:19:00,AST-4,9.316666666666666,99,,C,003,AGUADA,0,0,0,0,1000.00,0.00,Heavy Rain,0,"[[18.3988,-67.1613],[18.3984,-67.1606],[18.3994,-67.1595],[18.4,-67.1602]]",1,1,requires_crosswalk_or_marine_review|timezone_not_normalized_to_utc
1333334,212858,2026,2026-04-17T16:45:00,2026-04-17T19:32:00,AST-4,2.783333333333333,99,,C,085,LAS PIEDRAS,0,0,0,0,1000.00,0.00,Heavy Rain,0,"[[18.2158,-65.837],[18.2159,-65.8367],[18.2162,-65.8366],[18.2161,-65.8369]]",1,1,requires_crosswalk_or_marine_review|timezone_not_normalized_to_utc
1333337,212858,2026,2026-04-17T13:41:00,2026-04-18T05:19:00,AST-4,15.633333333333333,99,,C,003,AGUADA,0,0,0,0,1500.00,0.00,Heavy Rain,0,"[[18.3972,-67.1684],[18.3974,-67.1692],[18.3976,-67.1691],[18.3977,-67.1694],[18.3979,-67.1696],[18.3981,-67.1695],[18.3979,-67.1684]]",1,1,requires_crosswalk_or_marine_review|timezone_not_normalized_to_utc
1333338,212858,2026,2026-04-17T15:23:00,2026-04-18T05:19:00,AST-4,13.933333333333334,99,,C,131,SAN SEBASTIAN,0,0,0,0,1000.00,0.00,Heavy Rain,0,"[[18.336,-67.0057],[18.3358,-67.0032],[18.3357,-67.0027],[18.3361,-67.0026],[18.3362,-67.0031],[18.3366,-67.0053]]",1,1,requires_crosswalk_or_marine_review|timezone_not_normalized_to_utc
1333339,212858,2026,2026-04-17T15:12:00,2026-04-17T17:30:00,AST-4,2.3,99,,C,131,SAN SEBASTIAN,0,0,0,0,1000.00,0.00,Heavy Rain,0,"[[18.3721,-66.992],[18.3718,-66.9926],[18.371,-66.9922],[18.3713,-66.9916]]",1,1,requires_crosswalk_or_marine_review|timezone_not_normalized_to_utc
1333340,212858,2026,2026-04-17T14:50:00,2026-04-17T16:45:00,AST-4,1.9166666666666667,99,,C,097,MAYAGUEZ,0,0,0,0,1000.00,0.00,Heavy Rain,0,"[[18.1914,-67.1437],[18.1931,-67.1433],[18.193,-67.1429],[18.1914,-67.1432]]",1,1,requires_crosswalk_or_marine_review|timezone_not_normalized_to_utc
1333341,212858,2026,2026-04-17T14:40:00,2026-04-17T16:45:00,AST-4,2.0833333333333335,99,,C,023,CABO ROJO,0,0,0,0,400.00,0.00,Heavy Rain,0,"[[18.0942,-67.1569],[18.0943,-67.1566],[18.0959,-67.1567],[18.0958,-67.157]]",1,1,requires_crosswalk_or_marine_review|timezone_not_normalized_to_utc
1333342,212858,2026,2026-04-17T16:15:00,2026-04-17T17:50:00,AST-4,1.5833333333333333,99,,C,021,BAYAMON,0,0,0,0,1500.00,0.00,Heavy Rain,0,"[[18.3904,-66.1465],[18.3903,-66.1462],[18.3922,-66.1449],[18.3923,-66.1451]]",1,1,requires_crosswalk_or_marine_review|timezone_not_normalized_to_utc
1333343,212858,2026,2026-04-17T17:21:00,2026-04-17T19:30:00,AST-4,2.15,99,,C,125,SAN GERMAN,0,0,0,0,1000.00,0.00,Heavy Rain,0,"[[18.0863,-67.0814],[18.0862,-67.0808],[18.0954,-67.0782],[18.0955,-67.0792]]",1,1,requires_crosswalk_or_marine_review|timezone_not_normalized_to_utc
1333491,213038,2026,2026-06-24T10:00:00,2026-06-24T16:30:00,CST-6,6.5,47,47085,C,085,HUMPHREYS,0,0,0,0,0.00,0.00,Heavy Rain,0,"[[36.0,-87.89],[36.0,-87.83],[35.84,-87.76],[35.84,-87.82],[35.82,-87.83]]",1,1,county_code_unverified|timezone_not_normalized_to_utc
1333496,213038,2026,2026-06-24T10:00:00,2026-06-24T16:30:00,CST-6,6.5,47,47135,C,135,PERRY,0,0,0,0,0.00,0.00,Heavy Rain,0,"[[35.84,-87.76],[35.79,-87.74],[35.66,-87.78],[35.66,-87.85],[35.79,-87.82],[35.82,-87.83],[35.84,-87.82]]",1,1,county_code_unverified|timezone_not_normalized_to_utc
1333678,211378,2026,2026-04-15T03:00:00,2026-04-15T07:00:00,CST-6,4.0,17,17097,C,097,LAKE,0,0,0,0,0.00,0.00,Heavy Rain,0,"[[42.2689,-88.1894],[42.2628,-88.1726],[42.2745,-88.1709],[42.2743,-88.1892]]",1,1,county_code_unverified|timezone_not_normalized_to_utc
1333679,211378,2026,2026-04-15T03:00:00,2026-04-15T07:00:00,CST-6,4.0,17,17097,C,097,LAKE,0,0,0,0,0.00,0.00,Heavy Rain,0,"[[42.348,-87.8946],[42.3503,-87.8636],[42.37,-87.8652],[42.37,-87.8947]]",1,1,county_code_unverified|timezone_not_normalized_to_utc
1333680,211378,2026,2026-04-15T03:00:00,2026-04-15T07:00:00,CST-6,4.0,17,17097,C,097,LAKE,0,0,0,0,0.00,0.00,Heavy Rain,0,"[[42.3786,-87.9147],[42.3784,-87.8854],[42.4641,-87.8811],[42.4641,-87.9187]]",1,1,county_code_unverified|timezone_not_normalized_to_utc
1333681,211378,2026,2026-04-15T03:00:00,2026-04-15T07:00:00,CST-6,4.0,17,17097,C,097,LAKE,0,0,0,0,0.00,0.00,Heavy Rain,0,"[[42.4906,-87.822],[42.4567,-87.8243],[42.4572,-87.8545],[42.4915,-87.8526]]",1,1,county_code_unverified|timezone_not_normalized_to_utc
1333682,211378,2026,2026-04-15T03:00:00,2026-04-15T07:00:00,CST-6,4.0,17,17097,C,097,LAKE,0,0,0,0,0.00,0.00,Heavy Rain,0,"[[42.4504,-88.0962],[42.4479,-88.0869],[42.4433,-88.087],[42.4432,-88.097]]",1,1,county_code_unverified|timezone_not_normalized_to_utc
1333711,213061,2026,2026-04-20T16:16:00,2026-04-20T20:00:00,CST-6,3.7333333333333334,48,48029,C,029,BEXAR,0,0,0,0,0.00,0.00,Heavy Rain,0,"[[29.68,-98.66],[29.679,-98.6548],[29.6756,-98.6564],[29.6782,-98.6616]]",1,1,county_code_unverified|timezone_not_normalized_to_utc
1333722,213061,2026,2026-04-20T16:38:00,2026-04-20T20:00:00,CST-6,3.3666666666666667,48,48029,C,029,BEXAR,0,0,0,0,0.00,0.00,Heavy Rain,0,"[[29.61,-98.65],[29.6082,-98.6485],[29.6075,-98.6517],[29.6108,-98.6521]]",1,1,county_code_unverified|timezone_not_normalized_to_utc
1333730,213061,2026,2026-04-21T06:00:00,2026-04-21T13:10:00,CST-6,7.166666666666667,48,48029,C,029,BEXAR,0,0,1,0,0.00,0.00,Heavy Rain,1,"[[29.3979,-98.4286],[29.404,-98.4333],[29.4087,-98.4265],[29.403,-98.4222]]",1,1,county_code_unverified|timezone_not_normalized_to_utc
1333772,212188,2026,2026-04-14T16:01:00,2026-04-14T17:01:00,CST-6,1.0,55,55025,C,025,DANE,0,0,0,0,1000.00,0.00,Heavy Rain,0,"[[43.114,-89.4832],[43.0871,-89.4845],[43.0858,-89.541],[43.1189,-89.5402]]",1,1,county_code_unverified|timezone_not_normalized_to_utc
1333843,212188,2026,2026-04-14T18:45:00,2026-04-14T21:00:00,CST-6,2.25,55,55131,C,131,WASHINGTON,0,0,0,0,1000.00,0.00,Heavy Rain,0,"[[43.1926,-88.0649],[43.2348,-88.0913],[43.2352,-88.1613],[43.193,-88.1591]]",1,1,county_code_unverified|timezone_not_normalized_to_utc
1333878,211765,2026,2026-04-14T18:00:00,2026-04-14T21:00:00,CST-6,3.0,40,40031,C,031,COMANCHE,0,0,0,0,0.00,0.00,Heavy Rain,0,"[[34.6091,-98.3913],[34.6086,-98.3913],[34.6086,-98.3894],[34.6091,-98.3894]]",1,1,county_code_unverified|timezone_not_normalized_to_utc
1334015,212207,2026,2026-04-15T21:00:00,2026-04-16T02:00:00,CST-6,5.0,55,55127,C,127,WALWORTH,0,0,0,0,1000.00,0.00,Heavy Rain,0,"[[42.6895,-88.3139],[42.495,-88.311],[42.4922,-88.7564],[42.6544,-88.7389]]",1,1,county_code_unverified|timezone_not_normalized_to_utc
1334022,212207,2026,2026-04-15T19:40:00,2026-04-15T22:30:00,CST-6,2.8333333333333335,55,55105,C,105,ROCK,0,0,0,0,1000.00,0.00,Heavy Rain,0,"[[42.57,-88.87],[42.5704,-88.8619],[42.559,-88.8623],[42.5589,-88.8672]]",1,1,county_code_unverified|timezone_not_normalized_to_utc
1334043,213115,2026,2026-04-27T18:15:00,2026-04-27T18:15:00,CST-6,0.0,17,17119,C,119,MADISON,0,0,0,0,0.00,0.00,Heavy Rain,0,"[[38.9,-90.04],[38.9,-90.0409],[38.9011,-90.0409],[38.901,-90.0401]]",1,1,county_code_unverified|timezone_not_normalized_to_utc
1334130,213122,2026,2026-05-18T18:58:00,2026-05-18T18:58:00,CST-6,0.0,29,29219,C,219,WARREN,0,0,0,0,0.00,0.00,Heavy Rain,0,"[[38.6664,-91.1289],[38.6664,-91.1352],[38.664,-91.135],[38.664,-91.1288]]",1,1,county_code_unverified|timezone_not_normalized_to_utc
1334144,213124,2026,2026-05-31T11:30:00,2026-05-31T11:30:00,CST-6,0.0,29,29019,C,019,BOONE,0,0,0,0,0.00,0.00,Heavy Rain,0,"[[38.63,-92.67],[38.6308,-92.6701],[38.6309,-92.6693],[38.63,-92.6692]]",1,1,county_code_unverified|timezone_not_normalized_to_utc
1334145,213124,2026,2026-05-31T12:00:00,2026-05-31T12:00:00,CST-6,0.0,29,29019,C,019,BOONE,0,0,0,0,0.00,0.00,Heavy Rain,0,"[[38.97,-92.43],[38.9712,-92.4295],[38.971,-92.428],[38.97,-92.4282]]",1,1,county_code_unverified|timezone_not_normalized_to_utc
1334151,212527,2026,2026-04-17T18:00:00,2026-04-17T21:00:00,CST-6,3.0,55,55027,C,027,DODGE,0,0,0,0,5000.00,0.00,Heavy Rain,0,"[[43.3476,-88.4387],[43.3483,-88.4367],[43.346,-88.4355],[43.3459,-88.4373]]",1,1,county_code_unverified|timezone_not_normalized_to_utc
1334154,213127,2026,2026-06-07T09:44:00,2026-06-07T13:50:00,CST-6,4.1,29,29019,C,019,BOONE,0,0,0,0,0.00,0.00,Heavy Rain,0,"[[38.96,-92.29],[38.92,-92.36],[38.88,-92.36],[38.78,-92.27],[38.77,-92.25]]",1,1,county_code_unverified|timezone_not_normalized_to_utc
1334156,213127,2026,2026-06-07T09:38:00,2026-06-08T04:29:00,CST-6,18.85,29,29019,C,019,BOONE,0,0,0,0,0.00,0.00,Heavy Rain,0,"[[39.23,-92.28],[38.97,-92.43],[38.76,-92.18],[38.99,-92.3]]",1,1,county_code_unverified|timezone_not_normalized_to_utc
1334160,213127,2026,2026-06-08T12:31:00,2026-06-08T12:57:00,CST-6,0.43333333333333335,29,29019,C,019,BOONE,0,0,0,0,0.00,0.00,Heavy Rain,0,"[[38.943,-92.2764],[38.96,-92.4],[39.0027,-92.3964],[38.9991,-92.2685]]",1,1,county_code_unverified|timezone_not_normalized_to_utc
1334161,213127,2026,2026-06-08T04:00:00,2026-06-08T08:30:00,CST-6,4.5,29,29051,C,051,COLE,0,0,0,0,20000.00,0.00,Heavy Rain,0,"[[38.47,-92.4],[38.46,-92.39],[38.49,-92.24],[38.53,-92.27]]",1,1,county_code_unverified|timezone_not_normalized_to_utc
1334162,213127,2026,2026-06-08T04:00:00,2026-06-08T08:30:00,CST-6,4.5,29,29051,C,051,COLE,0,0,0,0,20000.00,0.00,Heavy Rain,0,"[[38.47,-92.4],[38.46,-92.39],[38.49,-92.24],[38.53,-92.27]]",1,1,county_code_unverified|timezone_not_normalized_to_utc
1334165,213129,2026,2026-06-08T18:48:00,2026-06-08T18:48:00,CST-6,0.0,17,17121,C,121,MARION,0,0,0,0,0.00,0.00,Heavy Rain,0,"[[38.6067,-88.939],[38.6048,-88.9389],[38.605,-88.9424],[38.6068,-88.943]]",1,1,county_code_unverified|timezone_not_normalized_to_utc
1334167,213129,2026,2026-06-08T16:33:00,2026-06-08T16:33:00,CST-6,0.0,17,17149,C,149,PIKE,0,0,0,0,0.00,0.00,Heavy Rain,0,"[[39.53,-90.65],[39.5305,-90.6435],[39.5281,-90.6436],[39.5283,-90.6492]]",1,1,county_code_unverified|timezone_not_normalized_to_utc
1334168,213130,2026,2026-06-11T19:31:00,2026-06-11T21:35:00,CST-6,2.066666666666667,29,29127,C,127,MARION,0,0,0,0,20000.00,0.00,Heavy Rain,0,"[[39.79,-91.65],[39.81,-91.56],[39.8021,-91.5541],[39.7809,-91.6459]]",1,1,county_code_unverified|timezone_not_normalized_to_utc
1334304,211380,2026,2026-04-17T19:15:00,2026-04-17T23:00:00,CST-6,3.75,17,17111,C,111,MCHENRY,0,0,0,0,0.00,0.00,Heavy Rain,0,"[[42.4581,-88.5239],[42.4538,-88.5295],[42.4548,-88.5331],[42.4593,-88.5254]]",1,1,county_code_unverified|timezone_not_normalized_to_utc
1334305,211380,2026,2026-04-17T19:30:00,2026-04-17T23:00:00,CST-6,3.5,17,17111,C,111,MCHENRY,0,0,0,0,0.00,0.00,Heavy Rain,0,"[[42.3946,-88.6142],[42.3951,-88.6184],[42.3803,-88.6206],[42.3802,-88.6147]]",1,1,county_code_unverified|timezone_not_normalized_to_utc
1334306,211380,2026,2026-04-17T20:00:00,2026-04-18T00:00:00,CST-6,4.0,17,17097,C,097,LAKE,0,0,0,0,0.00,0.00,Heavy Rain,0,"[[42.3916,-88.1774],[42.3929,-88.1767],[42.3873,-88.1638],[42.3858,-88.1649]]",1,1,county_code_unverified|timezone_not_normalized_to_utc
1334307,211380,2026,2026-04-17T20:15:00,2026-04-18T00:00:00,CST-6,3.75,17,17097,C,097,LAKE,0,0,0,0,0.00,0.00,Heavy Rain,0,"[[42.3622,-87.9979],[42.358,-87.9991],[42.3581,-88.0043],[42.3624,-88.0026]]",1,1,county_code_unverified|timezone_not_normalized_to_utc
1334308,211380,2026,2026-04-17T20:15:00,2026-04-18T00:00:00,CST-6,3.75,17,17097,C,097,LAKE,0,0,0,0,0.00,0.00,Heavy Rain,0,"[[42.3102,-87.8795],[42.3106,-87.875],[42.3062,-87.8742],[42.3065,-87.8787]]",1,1,county_code_unverified|timezone_not_normalized_to_utc
1334309,211380,2026,2026-04-17T21:50:00,2026-04-17T23:30:00,CST-6,1.6666666666666667,17,17031,C,031,COOK,0,0,0,0,0.00,0.00,Heavy Rain,0,"[[42.1522,-87.9582],[42.1523,-87.958],[42.1531,-87.9593],[42.1529,-87.9595]]",1,1,county_code_unverified|timezone_not_normalized_to_utc
1334310,211380,2026,2026-04-17T22:20:00,2026-04-18T02:40:00,CST-6,4.333333333333333,17,17031,C,031,COOK,0,0,0,0,0.00,0.00,Heavy Rain,0,"[[42.1524,-87.816],[42.1519,-87.8161],[42.1521,-87.8183],[42.1525,-87.8184]]",1,1,county_code_unverified|timezone_not_normalized_to_utc
1334336,211384,2026,2026-04-27T18:30:00,2026-04-27T23:00:00,CST-6,4.5,17,17053,C,053,FORD,0,0,0,0,0.00,0.00,Heavy Rain,0,"[[40.4687,-88.1071],[40.469,-88.0793],[40.4459,-88.0788],[40.4458,-88.1076]]",1,1,county_code_unverified|timezone_not_normalized_to_utc
1334444,213128,2026,2026-04-13T07:00:00,2026-04-26T20:00:00,EST-5,325.0,26,26061,C,061,HOUGHTON,0,0,0,0,0.00,0.00,Heavy Rain / Snow Melt,0,"[[46.9391,-88.553],[46.888,-88.5533],[46.8869,-88.6016],[46.9534,-88.5897],[47.023,-88.5052],[46.9502,-88.5088]]",1,1,county_code_unverified|timezone_not_normalized_to_utc
1334456,213164,2026,2026-06-07T19:32:00,2026-06-07T19:32:00,CST-6,0.0,29,29043,C,043,CHRISTIAN,0,0,0,0,0.00,0.00,Heavy Rain,0,"[[37.07,-93.07],[37.0732,-93.0547],[37.0701,-93.0484],[37.0654,-93.0501]]",1,1,county_code_unverified|timezone_not_normalized_to_utc
1334460,213164,2026,2026-06-08T00:24:00,2026-06-08T01:24:00,CST-6,1.0,29,29131,C,131,MILLER,0,0,0,0,0.00,0.00,Heavy Rain,0,"[[38.27,-92.66],[38.275,-92.6585],[38.2737,-92.6553],[38.2711,-92.6545]]",1,1,county_code_unverified|timezone_not_normalized_to_utc
1334463,213164,2026,2026-06-08T05:38:00,2026-06-08T06:38:00,CST-6,1.0,29,29145,C,145,NEWTON,0,0,0,0,0.00,0.00,Heavy Rain,0,"[[36.89,-94.53],[36.8934,-94.5279],[36.893,-94.5236],[36.8901,-94.5266]]",1,1,county_code_unverified|timezone_not_normalized_to_utc
1334472,213164,2026,2026-06-08T08:09:00,2026-06-08T10:09:00,CST-6,2.0,29,29109,C,109,LAWRENCE,0,0,0,0,0.00,0.00,Heavy Rain,0,"[[37.07,-93.84],[37.0699,-93.8443],[37.0728,-93.8491],[37.0759,-93.8424]]",1,1,county_code_unverified|timezone_not_normalized_to_utc
1334476,213164,2026,2026-06-08T12:12:00,2026-06-08T13:12:00,CST-6,1.0,29,29119,C,119,MCDONALD,0,0,0,0,0.00,0.00,Heavy Rain,0,"[[36.73,-94.32],[36.7376,-94.3134],[36.7337,-94.308],[36.7292,-94.3097]]",1,1,county_code_unverified|timezone_not_normalized_to_utc
1334477,213164,2026,2026-06-08T12:22:00,2026-06-08T13:22:00,CST-6,1.0,29,29009,C,009,BARRY,0,0,0,0,0.00,0.00,Heavy Rain,0,"[[36.82,-93.79],[36.821,-93.7776],[36.8125,-93.7821],[36.8132,-93.7917]]",1,1,county_code_unverified|timezone_not_normalized_to_utc
1334478,213164,2026,2026-06-08T14:06:00,2026-06-08T15:06:00,CST-6,1.0,29,29109,C,109,LAWRENCE,0,0,0,0,0.00,0.00,Heavy Rain,0,"[[37.12,-93.91],[37.1188,-93.8728],[37.1004,-93.8848],[37.106,-93.9186]]",1,1,county_code_unverified|timezone_not_normalized_to_utc
1334479,213164,2026,2026-06-08T14:24:00,2026-06-08T15:24:00,CST-6,1.0,29,29077,C,077,GREENE,0,0,0,0,0.00,0.00,Heavy Rain,0,"[[37.19,-93.58],[37.1895,-93.5861],[37.1922,-93.5838],[37.192,-93.5811]]",1,1,county_code_unverified|timezone_not_normalized_to_utc
1334505,213168,2026,2026-06-13T09:47:00,2026-06-13T10:47:00,CST-6,1.0,29,29185,C,185,ST. CLAIR,0,0,0,0,0.00,0.00,Heavy Rain,0,"[[37.88,-93.72],[37.8781,-93.7155],[37.875,-93.7156],[37.8771,-93.7221]]",1,1,county_code_unverified|timezone_not_normalized_to_utc
1334512,213168,2026,2026-06-13T13:00:00,2026-06-13T15:00:00,CST-6,2.0,29,29067,C,067,DOUGLAS,0,0,0,0,0.00,0.00,Heavy Rain,0,"[[37.04,-92.19],[37.039,-92.1845],[37.0335,-92.1912],[37.0377,-92.1948]]",1,1,county_code_unverified|timezone_not_normalized_to_utc
1334690,213181,2026,2026-04-14T01:00:00,2026-04-15T22:00:00,CST-6,45.0,55,55053,C,053,JACKSON,0,0,0,0,0.00,0.00,Heavy Rain,0,"[[44.3063,-90.8339],[44.2967,-90.8465],[44.2888,-90.8484],[44.2895,-90.8559],[44.2874,-90.8557],[44.287,-90.8448],[44.2959,-90.8429],[44.3043,-90.8307]]",1,1,county_code_unverified|timezone_not_normalized_to_utc
1334691,213181,2026,2026-04-15T13:30:00,2026-04-18T07:30:00,CST-6,66.0,55,55121,C,121,TREMPEALEAU,0,0,0,0,0.00,0.00,Heavy Rain,0,"[[44.0591,-91.2846],[44.063,-91.277],[44.0642,-91.2803],[44.0616,-91.2847],[44.0662,-91.3067],[44.0634,-91.3112],[44.0636,-91.3066]]",1,1,county_code_unverified|timezone_not_normalized_to_utc
1334692,213181,2026,2026-04-14T19:00:00,2026-04-21T15:00:00,CST-6,164.0,55,55057,C,057,JUNEAU,0,0,0,0,0.00,0.00,Heavy Rain,0,"[[43.8798,-90.161],[43.8736,-90.1532],[43.8701,-90.1536],[43.8702,-90.1462],[43.869,-90.1463],[43.8681,-90.1596],[43.8749,-90.1572],[43.8793,-90.162]]",1,1,county_code_unverified|timezone_not_normalized_to_utc
1334693,213181,2026,2026-04-15T15:30:00,2026-04-22T06:00:00,CST-6,158.5,55,55057,C,057,JUNEAU,0,0,0,0,0.00,0.00,Heavy Rain,0,"[[44.0265,-90.0727],[44.0255,-90.0716],[44.0252,-90.0694],[44.0235,-90.0694],[44.0236,-90.066],[44.0257,-90.0691],[44.0262,-90.0712],[44.0275,-90.0707]]",1,1,county_code_unverified|timezone_not_normalized_to_utc
1334694,213181,2026,2026-04-18T01:00:00,2026-04-21T07:30:00,CST-6,78.5,55,55043,C,043,GRANT,0,0,0,0,0.00,0.00,Heavy Rain,0,"[[43.2006,-90.4091],[43.2031,-90.4649],[43.2096,-90.509],[43.1924,-90.5105],[43.1971,-90.4431],[43.1964,-90.4077]]",1,1,county_code_unverified|timezone_not_normalized_to_utc
1334703,213128,2026,2026-04-12T09:00:00,2026-04-27T20:00:00,CST-6,371.0,26,26109,C,109,MENOMINEE,0,0,0,0,877000.00,0.00,Heavy Rain / Snow Melt,0,"[[45.6782,-87.7791],[45.7362,-87.4211],[45.4321,-87.598],[45.4546,-87.747]]",1,1,county_code_unverified|timezone_not_normalized_to_utc
1334704,213128,2026,2026-04-12T10:00:00,2026-04-26T20:00:00,EST-5,346.0,26,26041,C,041,DELTA,0,0,0,0,550000.00,0.00,Heavy Rain / Snow Melt,0,"[[45.6697,-87.1586],[45.8021,-87.2568],[45.9391,-86.977],[45.8413,-86.6326]]",1,1,county_code_unverified|timezone_not_normalized_to_utc
1334713,213128,2026,2026-04-13T01:00:00,2026-04-23T10:00:00,CST-6,249.0,26,26043,C,043,DICKINSON,0,0,0,0,0.00,0.00,Heavy Rain / Snow Melt,0,"[[45.7767,-87.8357],[45.7845,-87.9633],[46.0964,-88.1224],[46.1072,-87.9624]]",1,1,county_code_unverified|timezone_not_normalized_to_utc
1334714,213128,2026,2026-04-13T17:00:00,2026-04-21T03:00:00,CST-6,178.0,26,26071,C,071,IRON,0,0,0,0,379000.00,0.00,Heavy Rain / Snow Melt,0,"[[46.0615,-88.176],[46.0736,-88.3985],[46.24,-88.4826],[46.347,-88.3195]]",1,1,county_code_unverified|timezone_not_normalized_to_utc
1334716,213128,2026,2026-04-13T07:00:00,2026-04-23T23:00:00,EST-5,256.0,26,26103,C,103,MARQUETTE,0,0,0,0,638000.00,0.00,Heavy Rain / Snow Melt,0,"[[46.6202,-87.4341],[46.6096,-87.8708],[46.5922,-88.2305],[46.2791,-88.1605],[46.1657,-87.7087],[46.1658,-87.1539],[46.2381,-86.9094],[46.5525,-87.0454]]",1,1,county_code_unverified|timezone_not_normalized_to_utc
1334736,213186,2026,2026-06-22T11:45:00,2026-06-22T13:45:00,CST-6,2.0,29,29119,C,119,MCDONALD,0,0,0,0,0.00,0.00,Heavy Rain,0,"[[36.58,-94.19],[36.6043,-94.1715],[36.6116,-94.1867],[36.5924,-94.1998]]",1,1,county_code_unverified|timezone_not_normalized_to_utc
1334737,213186,2026,2026-06-22T12:13:00,2026-06-22T14:13:00,CST-6,2.0,29,29009,C,009,BARRY,0,0,0,0,0.00,0.00,Heavy Rain,0,"[[36.82,-93.79],[36.8221,-93.7819],[36.8114,-93.7819],[36.8128,-93.7882]]",1,1,county_code_unverified|timezone_not_normalized_to_utc
1334770,213187,2026,2026-06-26T05:10:00,2026-06-26T07:10:00,CST-6,2.0,29,29167,C,167,POLK,0,0,0,0,0.00,0.00,Heavy Rain,0,"[[37.43,-93.27],[37.4316,-93.2766],[37.4267,-93.2821],[37.4255,-93.2708]]",1,1,county_code_unverified|timezone_not_normalized_to_utc
1334771,213187,2026,2026-06-26T05:56:00,2026-06-26T08:56:00,CST-6,3.0,29,29225,C,225,WEBSTER,0,0,0,0,0.00,0.00,Heavy Rain,0,"[[37.19,-92.87],[37.1905,-92.8526],[37.1807,-92.8588],[37.1823,-92.8675]]",1,1,county_code_unverified|timezone_not_normalized_to_utc
1334772,213187,2026,2026-06-26T06:30:00,2026-06-26T08:30:00,CST-6,2.0,29,29225,C,225,WEBSTER,0,0,0,0,0.00,0.00,Heavy Rain,0,"[[37.15,-92.77],[37.1506,-92.7623],[37.1482,-92.7601],[37.1472,-92.7688]]",1,1,county_code_unverified|timezone_not_normalized_to_utc
1334773,213187,2026,2026-06-26T07:35:00,2026-06-26T09:35:00,CST-6,2.0,29,29067,C,067,DOUGLAS,0,0,0,0,0.00,0.00,Heavy Rain,0,"[[37.04,-92.19],[37.0437,-92.184],[37.0366,-92.1872],[37.0378,-92.1954]]",1,1,county_code_unverified|timezone_not_normalized_to_utc
1334783,213187,2026,2026-06-27T14:59:00,2026-06-27T18:59:00,CST-6,4.0,29,29153,C,153,OZARK,0,0,0,0,0.00,0.00,Heavy Rain,0,"[[36.78,-92.37],[36.7798,-92.3652],[36.7859,-92.3635],[36.7866,-92.3686]]",1,1,county_code_unverified|timezone_not_normalized_to_utc
1334784,213187,2026,2026-06-27T16:02:00,2026-06-27T19:02:00,CST-6,3.0,29,29067,C,067,DOUGLAS,0,0,0,0,0.00,0.00,Heavy Rain,0,"[[37.03,-92.42],[37.0678,-92.4291],[37.0715,-92.3897],[37.0366,-92.3856]]",1,1,county_code_unverified|timezone_not_normalized_to_utc
1334785,213187,2026,2026-06-27T16:36:00,2026-06-27T19:36:00,CST-6,3.0,29,29153,C,153,OZARK,0,0,0,0,0.00,0.00,Heavy Rain,0,"[[36.71,-92.27],[36.7112,-92.2645],[36.7012,-92.2571],[36.7018,-92.2798]]",1,1,county_code_unverified|timezone_not_normalized_to_utc
1334786,213187,2026,2026-06-27T18:27:00,2026-06-27T19:27:00,CST-6,1.0,29,29153,C,153,OZARK,0,0,0,0,0.00,0.00,Heavy Rain,0,"[[36.64,-92.22],[36.6456,-92.2207],[36.6453,-92.2281],[36.6396,-92.2286]]",1,1,county_code_unverified|timezone_not_normalized_to_utc
1335021,213222,2026,2026-04-08T16:00:00,2026-04-08T16:00:00,EST-5,0.0,12,12099,C,099,PALM BEACH,0,0,0,0,2000.00,0.00,Heavy Rain,0,"[[26.77,-80.09],[26.7751,-80.0897],[26.7748,-80.074],[26.7678,-80.0777]]",1,1,county_code_unverified|timezone_not_normalized_to_utc
1335023,213222,2026,2026-04-08T16:30:00,2026-04-08T16:30:00,EST-5,0.0,12,12099,C,099,PALM BEACH,0,0,0,0,0.00,0.00,Heavy Rain,0,"[[26.59,-80.04],[26.5633,-80.0477],[26.5638,-80.0368],[26.5902,-80.0335]]",1,1,county_code_unverified|timezone_not_normalized_to_utc
1335024,213222,2026,2026-04-08T16:55:00,2026-04-08T16:55:00,EST-5,0.0,12,12099,C,099,PALM BEACH,0,0,0,0,1000.00,0.00,Heavy Rain,0,"[[26.62,-80.05],[26.6219,-80.0629],[26.6077,-80.0646],[26.6085,-80.0481]]",1,1,county_code_unverified|timezone_not_normalized_to_utc
1335069,213224,2026,2026-05-19T19:11:00,2026-05-19T23:00:00,CST-6,3.816666666666667,48,48053,C,053,BURNET,0,0,0,0,0.00,0.00,Heavy Rain,0,"[[30.8779,-98.1549],[30.8734,-98.1455],[30.8669,-98.1523],[30.875,-98.1599]]",1,1,county_code_unverified|timezone_not_normalized_to_utc
1335083,213158,2026,2026-06-18T16:50:00,2026-06-18T17:50:00,CST-6,1.0,01,01073,C,073,JEFFERSON,0,0,0,0,0.00,0.00,Heavy Rain,0,"[[33.6788,-86.6791],[33.66,-86.6674],[33.66,-86.66],[33.681,-86.6641]]",1,1,county_code_unverified|timezone_not_normalized_to_utc
1335093,213237,2026,2026-04-22T08:38:00,2026-04-23T05:42:00,PST-8,21.066666666666666,41,41059,C,059,UMATILLA,0,0,0,0,0.00,0.00,Heavy Rain,0,"[[45.7295,-118.2753],[45.7282,-118.2796],[45.7262,-118.2784],[45.7285,-118.269],[45.7311,-118.2629],[45.733,-118.2636]]",1,1,county_code_unverified|timezone_not_normalized_to_utc
1335157,212891,2026,2026-05-24T20:57:00,2026-05-25T00:15:00,EST-5,3.3,54,54033,C,033,HARRISON,0,0,0,0,0.00,0.00,Heavy Rain,0,"[[39.2746,-80.3662],[39.2756,-80.3582],[39.2728,-80.3506],[39.2675,-80.3583]]",1,1,county_code_unverified|timezone_not_normalized_to_utc
1335165,212892,2026,2026-05-23T04:32:00,2026-05-23T15:46:00,EST-5,11.233333333333333,39,39167,C,167,WASHINGTON,0,0,0,0,0.00,0.00,Heavy Rain,0,"[[39.5723,-81.2063],[39.5619,-81.1675],[39.5312,-81.2066],[39.5436,-81.2356]]",1,1,county_code_unverified|timezone_not_normalized_to_utc
1335166,212892,2026,2026-05-25T12:00:00,2026-05-25T20:05:00,EST-5,8.083333333333334,39,39167,C,167,WASHINGTON,0,0,0,0,0.00,0.00,Heavy Rain,0,"[[39.635,-81.463],[39.6271,-81.4611],[39.6263,-81.4523],[39.6319,-81.4556]]",1,1,county_code_unverified|timezone_not_normalized_to_utc
1335169,212892,2026,2026-05-24T22:50:00,2026-05-25T15:24:00,EST-5,16.566666666666666,39,39009,C,009,ATHENS,0,0,0,0,0.00,0.00,Heavy Rain,0,"[[39.474,-82.0946],[39.4713,-82.0719],[39.4874,-82.0692],[39.5089,-82.0749],[39.509,-82.0927]]",1,1,county_code_unverified|timezone_not_normalized_to_utc
1335175,212892,2026,2026-05-23T08:10:00,2026-05-23T11:10:00,EST-5,3.0,39,39009,C,009,ATHENS,0,0,0,0,0.00,0.00,Heavy Rain,0,"[[39.4856,-82.0841],[39.487,-82.0815],[39.5163,-82.0874],[39.515,-82.0932],[39.4937,-82.0899]]",1,1,county_code_unverified|timezone_not_normalized_to_utc
1335189,212892,2026,2026-05-24T15:59:00,2026-05-24T19:51:00,EST-5,3.8666666666666667,39,39127,C,127,PERRY,0,0,0,0,0.00,0.00,Heavy Rain,0,"[[39.71,-82.29],[39.6889,-82.2726],[39.6029,-82.3288],[39.608,-82.3472],[39.6757,-82.3186]]",1,1,county_code_unverified|timezone_not_normalized_to_utc
1335194,212892,2026,2026-05-24T15:44:00,2026-05-24T18:44:00,EST-5,3.0,39,39079,C,079,JACKSON,0,0,0,0,0.00,0.00,Heavy Rain,0,"[[39.1371,-82.5445],[39.1296,-82.5653],[39.1339,-82.5799],[39.1574,-82.625],[39.1698,-82.6333],[39.1741,-82.6214]]",1,1,county_code_unverified|timezone_not_normalized_to_utc
1335223,213244,2026,2026-05-24T17:07:00,2026-05-24T20:07:00,EST-5,3.0,21,21089,C,089,GREENUP,0,0,0,0,0.00,0.00,Heavy Rain,0,"[[38.5702,-82.9236],[38.5676,-82.861],[38.585,-82.8477],[38.5787,-82.8451],[38.5614,-82.8476],[38.557,-82.8716],[38.5632,-82.9238]]",1,1,county_code_unverified|timezone_not_normalized_to_utc
1335351,213211,2026,2026-05-21T17:40:00,2026-05-21T20:40:00,CST-6,3.0,48,48027,C,027,BELL,0,0,0,0,0.00,0.00,Heavy Rain,0,"[[31.0977,-97.7582],[31.0867,-97.7581],[31.0864,-97.7471],[31.0962,-97.7481]]",1,1,county_code_unverified|timezone_not_normalized_to_utc
1335413,213269,2026,2026-06-04T11:00:00,2026-06-07T05:00:00,CST-6,66.0,46,46011,C,011,BROOKINGS,0,0,0,0,0.00,0.00,Heavy Rain,0,"[[44.5436,-96.937],[44.5437,-96.8614],[44.51,-96.83],[44.51,-96.9]]",1,1,county_code_unverified|timezone_not_normalized_to_utc
1335418,213269,2026,2026-06-05T07:00:00,2026-06-07T05:00:00,CST-6,46.0,46,46011,C,011,BROOKINGS,0,0,0,0,0.00,0.00,Heavy Rain,0,"[[44.54,-96.96],[44.54,-96.87],[44.46,-96.86],[44.32,-96.85],[44.32,-96.92],[44.43,-96.94]]",1,1,county_code_unverified|timezone_not_normalized_to_utc
1335563,212893,2026,2026-05-27T14:15:00,2026-05-27T15:30:00,EST-5,1.25,54,54001,C,001,BARBOUR,0,0,0,0,0.00,0.00,Heavy Rain,0,"[[39.0222,-79.9541],[39.0091,-79.9715],[39.01,-79.99],[39.0192,-80.0368],[39.0395,-80.0712],[39.0757,-80.1383],[39.0819,-80.129]]",1,1,county_code_unverified|timezone_not_normalized_to_utc
1335582,212893,2026,2026-05-27T15:49:00,2026-05-27T18:49:00,EST-5,3.0,54,54035,C,035,JACKSON,0,0,0,0,0.00,0.00,Heavy Rain,0,"[[38.76,-81.76],[38.7642,-81.76],[38.7627,-81.7439],[38.7552,-81.7387],[38.755,-81.741]]",1,1,county_code_unverified|timezone_not_normalized_to_utc
1335586,212893,2026,2026-05-27T14:35:00,2026-05-27T15:30:00,EST-5,0.9166666666666666,54,54041,C,041,LEWIS,0,0,0,0,0.00,0.00,Heavy Rain,0,"[[39.0419,-80.7027],[39.0382,-80.6971],[39.0569,-80.6682],[39.0832,-80.6482],[39.0857,-80.662]]",1,1,county_code_unverified|timezone_not_normalized_to_utc
1335590,212893,2026,2026-05-27T18:30:00,2026-05-28T03:20:00,EST-5,8.833333333333334,54,54041,C,041,LEWIS,0,0,0,0,0.00,0.00,Heavy Rain,0,"[[39.0915,-80.5325],[39.1097,-80.5175],[39.1105,-80.4924],[39.0981,-80.4791]]",1,1,county_code_unverified|timezone_not_normalized_to_utc
1335603,212893,2026,2026-05-28T03:56:00,2026-05-28T06:56:00,EST-5,3.0,54,54033,C,033,HARRISON,0,0,0,0,0.00,0.00,Heavy Rain,0,"[[39.2183,-80.3797],[39.2175,-80.3762],[39.2239,-80.372],[39.2258,-80.3781]]",1,1,county_code_unverified|timezone_not_normalized_to_utc
1335604,212893,2026,2026-05-28T04:17:00,2026-05-28T07:17:00,EST-5,3.0,54,54033,C,033,HARRISON,0,0,0,0,0.00,0.00,Heavy Rain,0,"[[39.1927,-80.2828],[39.193,-80.2793],[39.1867,-80.2773],[39.1865,-80.2817]]",1,1,county_code_unverified|timezone_not_normalized_to_utc
1335605,212893,2026,2026-05-28T06:49:00,2026-05-28T09:49:00,EST-5,3.0,54,54033,C,033,HARRISON,0,0,0,0,0.00,0.00,Heavy Rain,0,"[[39.2117,-80.3871],[39.2092,-80.3791],[39.2243,-80.3715],[39.2355,-80.3791],[39.2378,-80.3969]]",1,1,county_code_unverified|timezone_not_normalized_to_utc
1335606,212893,2026,2026-05-27T22:33:00,2026-05-28T03:00:00,EST-5,4.45,54,54033,C,033,HARRISON,0,0,0,0,0.00,0.00,Heavy Rain,0,"[[39.1386,-80.4553],[39.141,-80.4545],[39.1437,-80.4586],[39.1486,-80.4734],[39.1475,-80.4741]]",1,1,county_code_unverified|timezone_not_normalized_to_utc
1335607,212893,2026,2026-05-28T01:02:00,2026-05-28T06:33:00,EST-5,5.516666666666667,54,54021,C,021,GILMER,0,0,0,0,0.00,0.00,Heavy Rain,0,"[[38.9357,-80.8419],[38.9305,-80.8404],[38.9297,-80.8259],[38.9364,-80.8296]]",1,1,county_code_unverified|timezone_not_normalized_to_utc
1335608,212893,2026,2026-05-27T23:37:00,2026-05-28T11:25:00,EST-5,11.8,54,54033,C,033,HARRISON,0,0,0,0,0.00,0.00,Heavy Rain,0,"[[39.2742,-80.3696],[39.2704,-80.3566],[39.2813,-80.3496],[39.2876,-80.3559]]",1,1,county_code_unverified|timezone_not_normalized_to_utc
1335609,212908,2026,2026-05-27T16:15:00,2026-05-28T05:47:00,EST-5,13.533333333333333,39,39167,C,167,WASHINGTON,0,0,0,0,0.00,0.00,Heavy Rain,0,"[[39.6318,-81.4623],[39.627,-81.4592],[39.6263,-81.4516],[39.6302,-81.453]]",1,1,county_code_unverified|timezone_not_normalized_to_utc
1335610,212908,2026,2026-05-27T22:50:00,2026-05-27T23:44:00,EST-5,0.9,39,39167,C,167,WASHINGTON,0,0,0,0,0.00,0.00,Heavy Rain,0,"[[39.5669,-81.1882],[39.5655,-81.2122],[39.5492,-81.2069],[39.5481,-81.1981]]",1,1,county_code_unverified|timezone_not_normalized_to_utc
1335611,212908,2026,2026-05-27T19:55:00,2026-05-27T23:26:00,EST-5,3.5166666666666666,39,39167,C,167,WASHINGTON,0,0,0,0,0.00,0.00,Heavy Rain,0,"[[39.5544,-81.6152],[39.5448,-81.6138],[39.537,-81.642],[39.5482,-81.6554],[39.5575,-81.655]]",1,1,county_code_unverified|timezone_not_normalized_to_utc
1335612,212910,2026,2026-05-27T22:20:00,2026-05-28T00:01:00,EST-5,1.6833333333333333,21,21043,C,043,CARTER,0,0,0,0,0.00,0.00,Heavy Rain,0,"[[38.2954,-83.253],[38.2941,-83.2535],[38.2865,-83.2432],[38.2835,-83.2162],[38.2899,-83.1879],[38.2927,-83.1901]]",1,1,county_code_unverified|timezone_not_normalized_to_utc
1335671,213278,2026,2026-06-02T20:00:00,2026-06-03T04:00:00,MST-7,8.0,46,46102,C,102,OGLALA LAKOTA,0,0,0,0,1000000.00,250000.00,Heavy Rain,0,"[[43.0089,-102.9879],[43.2032,-102.9934],[43.4441,-102.4022],[43.2505,-102.3019]]",1,1,county_code_unverified|timezone_not_normalized_to_utc
1335710,213034,2026,2026-05-26T16:59:00,2026-05-26T17:48:00,EST-5,0.8166666666666667,45,45081,C,081,SALUDA,0,0,0,0,0.00,0.00,Heavy Rain,0,"[[33.9974,-81.7673],[33.9961,-81.7676],[33.9956,-81.7656],[33.9973,-81.7654]]",1,1,county_code_unverified|timezone_not_normalized_to_utc
1335712,213309,2026,2026-05-27T19:45:00,2026-05-27T20:45:00,EST-5,1.0,45,45063,C,063,LEXINGTON,0,0,0,0,0.00,0.00,Heavy Rain,0,"[[33.9694,-81.4019],[33.969,-81.404],[33.966,-81.4031],[33.9665,-81.4021]]",1,1,county_code_unverified|timezone_not_normalized_to_utc
1335713,213309,2026,2026-05-27T19:47:00,2026-05-27T20:47:00,EST-5,1.0,45,45063,C,063,LEXINGTON,0,0,0,0,0.00,0.00,Heavy Rain,0,"[[33.9081,-81.3912],[33.9091,-81.3918],[33.9102,-81.3858],[33.9095,-81.3857]]",1,1,county_code_unverified|timezone_not_normalized_to_utc
1335790,213318,2026,2026-05-28T06:15:00,2026-05-28T07:15:00,CST-6,1.0,48,48295,C,295,LIPSCOMB,0,0,0,0,1000.00,0.00,Heavy Rain,0,"[[36.443,-100.3151],[36.4439,-100.3046],[36.4382,-100.3027],[36.4379,-100.3135]]",1,1,county_code_unverified|timezone_not_normalized_to_utc
1335851,213271,2026,2026-06-06T03:30:00,2026-06-06T06:30:00,CST-6,3.0,48,48145,C,145,FALLS,0,0,0,0,0.00,0.00,Heavy Rain,0,"[[31.1328,-97.0566],[31.0636,-96.9998],[31.0842,-96.9537],[31.1583,-96.9959]]",1,1,county_code_unverified|timezone_not_normalized_to_utc
1335913,213295,2026,2026-06-18T17:50:00,2026-06-19T09:00:00,EST-5,15.166666666666666,39,39163,C,163,VINTON,0,0,0,0,0.00,0.00,Heavy Rain,0,"[[39.3333,-82.3346],[39.2287,-82.3665],[39.2293,-82.4556],[39.3231,-82.457]]",1,1,county_code_unverified|timezone_not_normalized_to_utc
1335929,213329,2026,2026-05-23T05:42:00,2026-05-23T07:42:00,EST-5,2.0,39,39113,C,113,MONTGOMERY,0,0,0,0,5000.00,0.00,Heavy Rain,0,"[[39.87,-84.07],[39.8763,-84.0669],[39.8758,-84.0613],[39.871,-84.0632]]",1,1,county_code_unverified|timezone_not_normalized_to_utc
1335930,213329,2026,2026-05-23T06:00:00,2026-05-23T08:00:00,EST-5,2.0,39,39135,C,135,PREBLE,0,0,0,0,0.00,0.00,Heavy Rain,0,"[[39.58,-84.55],[39.5772,-84.5534],[39.5743,-84.5489],[39.5789,-84.5461]]",1,1,county_code_unverified|timezone_not_normalized_to_utc
1335931,213329,2026,2026-05-23T06:30:00,2026-05-23T08:30:00,EST-5,2.0,39,39041,C,041,DELAWARE,0,0,0,0,0.00,0.00,Heavy Rain,0,"[[40.28,-83.23],[40.2825,-83.2309],[40.283,-83.2339],[40.2805,-83.2347]]",1,1,county_code_unverified|timezone_not_normalized_to_utc
1335935,213329,2026,2026-05-23T06:30:00,2026-05-23T08:30:00,EST-5,2.0,39,39113,C,113,MONTGOMERY,0,0,0,0,40000.00,0.00,Heavy Rain,0,"[[39.8614,-84.2555],[39.8591,-84.2551],[39.8593,-84.2529],[39.8612,-84.2543]]",1,1,county_code_unverified|timezone_not_normalized_to_utc
1335936,213329,2026,2026-05-23T08:00:00,2026-05-23T10:00:00,EST-5,2.0,39,39041,C,041,DELAWARE,0,0,0,0,0.00,0.00,Heavy Rain,0,"[[40.41,-83.16],[40.4135,-83.1659],[40.407,-83.1667],[40.4055,-83.163]]",1,1,county_code_unverified|timezone_not_normalized_to_utc
1335937,213329,2026,2026-05-23T08:32:00,2026-05-23T10:32:00,EST-5,2.0,39,39065,C,065,HARDIN,0,0,0,0,0.00,0.00,Heavy Rain,0,"[[40.5356,-83.526],[40.5341,-83.5255],[40.5343,-83.524],[40.5356,-83.5245]]",1,1,county_code_unverified|timezone_not_normalized_to_utc
1335938,213329,2026,2026-05-23T09:15:00,2026-05-23T11:15:00,EST-5,2.0,39,39091,C,091,LOGAN,0,0,0,0,0.00,0.00,Heavy Rain,0,"[[40.4731,-83.656],[40.4696,-83.6573],[40.4686,-83.6537],[40.4723,-83.6515]]",1,1,county_code_unverified|timezone_not_normalized_to_utc
1335939,213329,2026,2026-05-23T10:03:00,2026-05-23T12:03:00,EST-5,2.0,39,39091,C,091,LOGAN,0,0,0,0,0.00,0.00,Heavy Rain,0,"[[40.5,-83.57],[40.4806,-83.5902],[40.4728,-83.5548],[40.5029,-83.5376]]",1,1,county_code_unverified|timezone_not_normalized_to_utc
1335940,213329,2026,2026-05-23T11:00:00,2026-05-23T13:00:00,EST-5,2.0,39,39091,C,091,LOGAN,0,0,0,0,0.00,0.00,Heavy Rain,0,"[[40.45,-83.58],[40.4565,-83.5761],[40.4579,-83.5577],[40.4504,-83.5555]]",1,1,county_code_unverified|timezone_not_normalized_to_utc
1335941,213329,2026,2026-05-23T11:25:00,2026-05-23T13:25:00,EST-5,2.0,39,39057,C,057,GREENE,0,0,0,0,3000.00,0.00,Heavy Rain,0,"[[39.8464,-84.0384],[39.8433,-84.0384],[39.8431,-84.0332],[39.8473,-84.0351]]",1,1,county_code_unverified|timezone_not_normalized_to_utc
1335944,213329,2026,2026-05-23T13:49:00,2026-05-23T15:49:00,EST-5,2.0,39,39021,C,021,CHAMPAIGN,0,0,0,0,5000.00,0.00,Heavy Rain,0,"[[40.16,-83.85],[40.1592,-83.8349],[40.1505,-83.8355],[40.1517,-83.8482]]",1,1,county_code_unverified|timezone_not_normalized_to_utc
1335946,213329,2026,2026-05-23T14:05:00,2026-05-23T16:05:00,EST-5,2.0,39,39109,C,109,MIAMI,0,0,0,0,0.00,0.00,Heavy Rain,0,"[[40.14,-84.03],[40.1422,-84.0287],[40.1422,-84.0368],[40.1395,-84.0367]]",1,1,county_code_unverified|timezone_not_normalized_to_utc
1335981,213271,2026,2026-06-06T06:10:00,2026-06-06T08:00:00,CST-6,1.8333333333333333,48,48331,C,331,MILAM,0,0,0,0,50000.00,0.00,Heavy Rain,0,"[[30.8769,-96.5903],[31.1076,-96.6091],[31.045,-97.1269],[30.6669,-97.0814]]",1,1,county_code_unverified|timezone_not_normalized_to_utc
1336395,213385,2026,2026-05-24T12:52:00,2026-05-24T14:52:00,EST-5,2.0,39,39001,C,001,ADAMS,0,0,0,0,0.00,0.00,Heavy Rain,0,"[[38.78,-83.56],[38.7826,-83.5666],[38.7875,-83.5622],[38.7843,-83.554]]",1,1,county_code_unverified|timezone_not_normalized_to_utc
1336398,213385,2026,2026-05-24T14:57:00,2026-05-24T16:57:00,EST-5,2.0,39,39001,C,001,ADAMS,0,0,0,0,0.00,0.00,Heavy Rain,0,"[[38.82,-83.39],[38.8273,-83.3917],[38.8274,-83.3977],[38.8211,-83.3936]]",1,1,county_code_unverified|timezone_not_normalized_to_utc
1336402,213385,2026,2026-05-24T19:00:00,2026-05-24T21:00:00,EST-5,2.0,39,39073,C,073,HOCKING,0,0,0,0,0.00,0.00,Heavy Rain,0,"[[39.55,-82.4],[39.5481,-82.3922],[39.5518,-82.391],[39.5527,-82.3953]]",1,1,county_code_unverified|timezone_not_normalized_to_utc
1336403,213385,2026,2026-05-24T19:00:00,2026-05-24T21:00:00,EST-5,2.0,39,39073,C,073,HOCKING,0,0,0,0,0.00,0.00,Heavy Rain,0,"[[39.47,-82.74],[39.4728,-82.7435],[39.4676,-82.7453],[39.4676,-82.7373]]",1,1,county_code_unverified|timezone_not_normalized_to_utc
1336404,213385,2026,2026-05-24T19:00:00,2026-05-24T21:00:00,EST-5,2.0,39,39073,C,073,HOCKING,0,0,0,0,0.00,0.00,Heavy Rain,0,"[[39.4159,-82.606],[39.413,-82.6043],[39.4156,-82.6003],[39.4173,-82.603]]",1,1,county_code_unverified|timezone_not_normalized_to_utc
1336424,213388,2026,2026-06-27T17:30:00,2026-06-27T19:30:00,EST-5,2.0,18,18101,C,101,MARTIN,0,0,0,0,5000.00,0.00,Heavy Rain,0,"[[38.6202,-86.9072],[38.5848,-86.7397],[38.6374,-86.7197],[38.7001,-86.8746]]",1,1,county_code_unverified|timezone_not_normalized_to_utc
1336531,213379,2026,2026-05-19T10:15:00,2026-05-19T10:28:00,CST-6,0.21666666666666667,29,29185,C,185,ST. CLAIR,0,0,0,0,0.00,0.00,Heavy Rain,0,"[[37.94,-93.75],[37.9421,-93.7549],[37.9472,-93.7411],[37.9389,-93.7391]]",1,1,county_code_unverified|timezone_not_normalized_to_utc
1336532,213379,2026,2026-05-19T05:19:00,2026-05-19T10:28:00,CST-6,5.15,29,29085,C,085,HICKORY,0,0,0,0,0.00,0.00,Heavy Rain,0,"[[37.85,-93.24],[37.8507,-93.2416],[37.8572,-93.2407],[37.8534,-93.2359]]",1,1,county_code_unverified|timezone_not_normalized_to_utc
1336533,213379,2026,2026-05-19T06:07:00,2026-05-19T10:28:00,CST-6,4.35,29,29085,C,085,HICKORY,0,0,0,0,0.00,0.00,Heavy Rain,0,"[[37.94,-93.21],[37.9398,-93.2225],[37.9528,-93.2233],[37.9533,-93.2097]]",1,1,county_code_unverified|timezone_not_normalized_to_utc
1336534,213379,2026,2026-05-19T06:45:00,2026-05-19T10:28:00,CST-6,3.716666666666667,29,29085,C,085,HICKORY,0,0,0,0,0.00,0.00,Heavy Rain,0,"[[37.91,-93.11],[37.8942,-93.1053],[37.8926,-93.0969],[37.9149,-93.0848]]",1,1,county_code_unverified|timezone_not_normalized_to_utc
1336535,213379,2026,2026-05-19T07:55:00,2026-05-19T10:28:00,CST-6,2.55,29,29141,C,141,MORGAN,0,0,0,0,0.00,0.00,Heavy Rain,0,"[[38.58,-92.95],[38.5818,-92.968],[38.5713,-92.9687],[38.5688,-92.947]]",1,1,county_code_unverified|timezone_not_normalized_to_utc
1336536,213379,2026,2026-05-19T10:15:00,2026-05-19T10:28:00,CST-6,0.21666666666666667,29,29185,C,185,ST. CLAIR,0,0,0,0,20000.00,0.00,Heavy Rain,0,"[[37.85,-93.69],[37.854,-93.6921],[37.8444,-93.7086],[37.8387,-93.708],[37.8407,-93.6934]]",1,1,county_code_unverified|timezone_not_normalized_to_utc
1336537,213379,2026,2026-05-19T10:15:00,2026-05-19T10:28:00,CST-6,0.21666666666666667,29,29185,C,185,ST. CLAIR,0,0,0,0,0.00,0.00,Heavy Rain,0,"[[37.8525,-93.7146],[37.8572,-93.7132],[37.8539,-93.7038],[37.827,-93.7034],[37.8267,-93.7119]]",1,1,county_code_unverified|timezone_not_normalized_to_utc
1336538,213379,2026,2026-05-19T13:10:00,2026-05-19T14:03:00,CST-6,0.8833333333333333,29,29119,C,119,MCDONALD,0,0,0,0,0.00,0.00,Heavy Rain,0,"[[36.7216,-94.3196],[36.7323,-94.3222],[36.7462,-94.3164],[36.7318,-94.2954]]",1,1,county_code_unverified|timezone_not_normalized_to_utc
1336539,213379,2026,2026-05-19T17:17:00,2026-05-20T07:29:00,CST-6,14.2,29,29011,C,011,BARTON,0,0,0,0,0.00,0.00,Heavy Rain,0,"[[37.3597,-94.2857],[37.3636,-94.2848],[37.3642,-94.2972],[37.3598,-94.2986]]",1,1,county_code_unverified|timezone_not_normalized_to_utc
1336541,213406,2026,2026-05-23T17:29:00,2026-05-23T22:00:00,CST-6,4.516666666666667,29,29097,C,097,JASPER,0,0,0,0,0.00,0.00,Heavy Rain,0,"[[37.28,-94.49],[37.2913,-94.4918],[37.2927,-94.4829],[37.2574,-94.4835],[37.2588,-94.4947]]",1,1,county_code_unverified|timezone_not_normalized_to_utc
1336542,213406,2026,2026-05-23T17:32:00,2026-05-23T22:00:00,CST-6,4.466666666666667,29,29097,C,097,JASPER,0,0,0,0,0.00,0.00,Heavy Rain,0,"[[37.3,-94.5],[37.2997,-94.523],[37.3078,-94.5244],[37.3068,-94.4934]]",1,1,county_code_unverified|timezone_not_normalized_to_utc
1336543,213406,2026,2026-05-23T14:55:00,2026-05-23T23:45:00,CST-6,8.833333333333334,29,29009,C,009,BARRY,0,0,0,0,0.00,0.00,Heavy Rain,0,"[[36.7576,-94.0575],[36.76,-94.06],[36.8183,-94.061],[36.8182,-94.0474]]",1,1,county_code_unverified|timezone_not_normalized_to_utc
1336544,213406,2026,2026-05-23T17:18:00,2026-05-23T20:25:00,CST-6,3.1166666666666667,29,29059,C,059,DALLAS,0,0,0,0,0.00,0.00,Heavy Rain,0,"[[37.61,-92.85],[37.6064,-92.8984],[37.6164,-92.9012],[37.6189,-92.8476]]",1,1,county_code_unverified|timezone_not_normalized_to_utc
1336545,213406,2026,2026-05-23T14:55:00,2026-05-23T23:45:00,CST-6,8.833333333333334,29,29009,C,009,BARRY,0,0,0,0,0.00,0.00,Heavy Rain,0,"[[36.84,-94.05],[36.8206,-94.0519],[36.8214,-94.0582],[36.8405,-94.0569]]",1,1,county_code_unverified|timezone_not_normalized_to_utc
1336765,213386,2026,2026-05-27T04:59:00,2026-05-27T06:59:00,EST-5,2.0,39,39049,C,049,FRANKLIN,0,0,0,0,0.00,0.00,Heavy Rain,0,"[[39.9137,-83.0684],[39.9168,-83.067],[39.9164,-83.0628],[39.9138,-83.0652]]",1,1,county_code_unverified|timezone_not_normalized_to_utc
1336766,213386,2026,2026-05-27T06:30:00,2026-05-27T08:30:00,EST-5,2.0,39,39049,C,049,FRANKLIN,0,0,0,0,5000.00,0.00,Heavy Rain,0,"[[39.9,-83.02],[39.9013,-83.0261],[39.8981,-83.0273],[39.8987,-83.0227]]",1,1,county_code_unverified|timezone_not_normalized_to_utc
1336767,213386,2026,2026-05-27T08:45:00,2026-05-27T10:45:00,EST-5,2.0,39,39113,C,113,MONTGOMERY,0,0,0,0,0.00,0.00,Heavy Rain,0,"[[39.83,-84.39],[39.8302,-84.3921],[39.8286,-84.3897],[39.8292,-84.3886]]",1,1,county_code_unverified|timezone_not_normalized_to_utc
1336768,213386,2026,2026-05-27T08:52:00,2026-05-27T10:52:00,EST-5,2.0,39,39057,C,057,GREENE,0,0,0,0,0.00,0.00,Heavy Rain,0,"[[39.8484,-84.038],[39.8461,-84.0323],[39.843,-84.0319],[39.8433,-84.0387]]",1,1,county_code_unverified|timezone_not_normalized_to_utc
1336769,213386,2026,2026-05-27T09:40:00,2026-05-27T11:40:00,EST-5,2.0,39,39023,C,023,CLARK,0,0,0,0,0.00,0.00,Heavy Rain,0,"[[39.91,-83.91],[39.9059,-83.906],[39.9073,-83.9001],[39.911,-83.9048]]",1,1,county_code_unverified|timezone_not_normalized_to_utc
1336771,213386,2026,2026-05-27T10:00:00,2026-05-27T12:00:00,EST-5,2.0,39,39097,C,097,MADISON,0,0,0,0,0.00,0.00,Heavy Rain,0,"[[39.96,-83.43],[39.989,-83.4164],[39.993,-83.4265],[39.955,-83.4414]]",1,1,county_code_unverified|timezone_not_normalized_to_utc
1336776,213386,2026,2026-05-27T10:54:00,2026-05-27T12:54:00,EST-5,2.0,39,39135,C,135,PREBLE,0,0,0,0,0.00,0.00,Heavy Rain,0,"[[39.87,-84.68],[39.8742,-84.6789],[39.874,-84.6733],[39.8706,-84.6737]]",1,1,county_code_unverified|timezone_not_normalized_to_utc
1336777,213386,2026,2026-05-27T10:57:00,2026-05-27T12:57:00,EST-5,2.0,39,39135,C,135,PREBLE,0,0,0,0,0.00,0.00,Heavy Rain,0,"[[39.7913,-84.4836],[39.7991,-84.4845],[39.7971,-84.4909],[39.7904,-84.4877]]",1,1,county_code_unverified|timezone_not_normalized_to_utc
1336779,213386,2026,2026-05-27T11:06:00,2026-05-27T13:06:00,EST-5,2.0,39,39113,C,113,MONTGOMERY,0,0,0,0,0.00,0.00,Heavy Rain,0,"[[39.85,-84.35],[39.8453,-84.3497],[39.8462,-84.3556],[39.8483,-84.3537]]",1,1,county_code_unverified|timezone_not_normalized_to_utc
1336780,213386,2026,2026-05-27T11:25:00,2026-05-27T13:25:00,EST-5,2.0,39,39097,C,097,MADISON,0,0,0,0,0.00,0.00,Heavy Rain,0,"[[39.895,-83.4359],[39.8979,-83.4316],[39.8991,-83.4344],[39.8969,-83.4379]]",1,1,county_code_unverified|timezone_not_normalized_to_utc
1336781,213386,2026,2026-05-27T11:40:00,2026-05-27T13:40:00,EST-5,2.0,39,39045,C,045,FAIRFIELD,0,0,0,0,0.00,0.00,Heavy Rain,0,"[[39.76,-82.43],[39.7606,-82.4282],[39.7589,-82.4278],[39.7581,-82.431]]",1,1,county_code_unverified|timezone_not_normalized_to_utc
1336782,213386,2026,2026-05-27T13:13:00,2026-05-27T15:13:00,EST-5,2.0,39,39097,C,097,MADISON,0,0,0,0,0.00,0.00,Heavy Rain,0,"[[39.95,-83.49],[39.9473,-83.49],[39.9471,-83.4969],[39.9495,-83.4963]]",1,1,county_code_unverified|timezone_not_normalized_to_utc
1336783,213386,2026,2026-05-27T13:43:00,2026-05-27T15:43:00,EST-5,2.0,39,39023,C,023,CLARK,0,0,0,0,10000.00,0.00,Heavy Rain,0,"[[39.8815,-83.7048],[39.8833,-83.7074],[39.8822,-83.7098],[39.8813,-83.7073]]",1,1,county_code_unverified|timezone_not_normalized_to_utc
1336787,213386,2026,2026-05-27T15:26:00,2026-05-27T17:26:00,EST-5,2.0,39,39023,C,023,CLARK,0,0,0,0,5000.00,0.00,Heavy Rain,0,"[[39.9239,-83.6815],[39.9244,-83.6796],[39.9235,-83.6784],[39.9234,-83.6803]]",1,1,county_code_unverified|timezone_not_normalized_to_utc
1336788,213386,2026,2026-05-27T16:10:00,2026-05-27T18:10:00,EST-5,2.0,39,39023,C,023,CLARK,0,0,0,0,0.00,0.00,Heavy Rain,0,"[[39.85,-83.77],[39.8534,-83.7688],[39.8527,-83.7662],[39.8495,-83.7678]]",1,1,county_code_unverified|timezone_not_normalized_to_utc
1336791,213433,2026,2026-05-25T12:15:00,2026-05-25T12:15:00,EST-5,0.0,39,39113,C,113,MONTGOMERY,0,0,0,1,0.00,0.00,Heavy Rain,1,"[[39.8712,-84.2871],[39.8714,-84.286],[39.8707,-84.286],[39.8704,-84.2867]]",1,1,county_code_unverified|timezone_not_normalized_to_utc
1336799,213435,2026,2026-05-31T02:30:00,2026-05-31T02:30:00,EST-5,0.0,39,39089,C,089,LICKING,0,0,0,1,0.00,0.00,Heavy Rain,1,"[[40.0593,-82.3388],[40.0588,-82.3392],[40.0591,-82.3398],[40.0598,-82.3393]]",1,1,county_code_unverified|timezone_not_normalized_to_utc
1336867,213407,2026,2026-05-28T13:25:00,2026-05-29T10:00:00,CST-6,20.583333333333332,29,29185,C,185,ST. CLAIR,0,0,0,0,25000.00,0.00,Heavy Rain,0,"[[38.07,-93.9],[38.0685,-93.9013],[38.0674,-93.8937],[38.0711,-93.8905]]",1,1,county_code_unverified|timezone_not_normalized_to_utc
1336869,213407,2026,2026-05-29T09:47:00,2026-05-29T10:00:00,CST-6,0.21666666666666667,29,29077,C,077,GREENE,0,0,0,0,0.00,0.00,Heavy Rain,0,"[[37.24,-93.49],[37.2457,-93.5016],[37.2571,-93.4955],[37.2501,-93.477]]",1,1,county_code_unverified|timezone_not_normalized_to_utc
1336877,213407,2026,2026-05-29T10:22:00,2026-05-29T12:00:00,CST-6,1.6333333333333333,29,29091,C,091,HOWELL,0,0,0,0,0.00,0.00,Heavy Rain,0,"[[36.7,-92.03],[36.687,-92.0397],[36.6647,-91.9775],[36.6839,-91.9009],[36.7359,-91.9107],[36.7678,-91.989]]",1,1,county_code_unverified|timezone_not_normalized_to_utc
1336878,213407,2026,2026-05-28T12:30:00,2026-05-29T09:00:00,CST-6,20.5,29,29225,C,225,WEBSTER,0,0,0,0,0.00,0.00,Heavy Rain,0,"[[37.17,-92.86],[37.2652,-92.866],[37.2618,-92.9042],[37.1746,-92.8707]]",1,1,county_code_unverified|timezone_not_normalized_to_utc
1336982,213407,2026,2026-05-29T09:45:00,2026-05-29T10:00:00,CST-6,0.25,29,29077,C,077,GREENE,0,0,0,0,0.00,0.00,Heavy Rain,0,"[[37.26,-93.14],[37.2633,-93.1292],[37.1862,-93.1117],[37.1795,-93.1374],[37.2262,-93.1423]]",1,1,county_code_unverified|timezone_not_normalized_to_utc
1336986,213407,2026,2026-05-28T18:15:00,2026-05-29T12:00:00,CST-6,17.75,29,29153,C,153,OZARK,0,0,0,0,0.00,0.00,Heavy Rain,0,"[[36.78,-92.37],[36.784,-92.3602],[36.7865,-92.3676],[36.7836,-92.3735]]",1,1,county_code_unverified|timezone_not_normalized_to_utc
1336988,213407,2026,2026-05-28T18:40:00,2026-05-29T10:00:00,CST-6,15.333333333333334,29,29105,C,105,LACLEDE,0,0,0,0,0.00,0.00,Heavy Rain,0,"[[37.55,-92.47],[37.5558,-92.4868],[37.5661,-92.4821],[37.5629,-92.4647]]",1,1,county_code_unverified|timezone_not_normalized_to_utc
1337422,213300,2026,2026-06-23T03:02:00,2026-06-23T08:32:00,EST-5,5.5,54,54005,C,005,BOONE,0,0,0,0,0.00,0.00,Heavy Rain,0,"[[37.953,-81.7192],[37.9532,-81.7134],[37.9587,-81.7145],[37.9588,-81.7201]]",1,1,county_code_unverified|timezone_not_normalized_to_utc
1337424,213300,2026,2026-06-23T02:21:00,2026-06-23T08:32:00,EST-5,6.183333333333334,54,54005,C,005,BOONE,0,0,0,0,0.00,0.00,Heavy Rain,0,"[[37.9743,-81.8284],[37.95,-81.82],[37.9508,-81.8116],[37.9766,-81.8186]]",1,1,county_code_unverified|timezone_not_normalized_to_utc
1337435,213300,2026,2026-06-23T04:54:00,2026-06-23T07:45:00,EST-5,2.85,54,54001,C,001,BARBOUR,0,0,0,0,10000.00,0.00,Heavy Rain,0,"[[38.0245,-81.8373],[38.0335,-81.8405],[38.0582,-81.8377],[38.0571,-81.8126],[37.9937,-81.8082],[37.995,-81.8213]]",1,1,county_code_unverified|timezone_not_normalized_to_utc
1337731,213300,2026,2026-06-23T03:25:00,2026-06-23T07:45:00,EST-5,4.333333333333333,54,54019,C,019,FAYETTE,0,0,0,0,0.00,0.00,Heavy Rain,0,"[[37.9019,-81.2655],[37.8971,-81.2663],[37.8968,-81.2641],[37.9022,-81.2627]]",1,1,county_code_unverified|timezone_not_normalized_to_utc
1337732,213300,2026,2026-06-23T06:55:00,2026-06-23T09:55:00,EST-5,3.0,54,54005,C,005,BOONE,0,0,0,0,0.00,0.00,Heavy Rain,0,"[[38.0555,-81.8205],[38.0544,-81.8089],[38.0559,-81.8092],[38.056,-81.82]]",1,1,county_code_unverified|timezone_not_normalized_to_utc
1337733,213300,2026,2026-06-22T22:51:00,2026-06-23T01:30:00,EST-5,2.65,54,54045,C,045,LOGAN,0,0,0,0,0.00,0.00,Heavy Rain,0,"[[37.7529,-82.0032],[37.752,-81.9847],[37.8115,-81.9768],[37.8569,-81.9952],[37.8486,-82.0219]]",1,1,county_code_unverified|timezone_not_normalized_to_utc
1337882,213168,2026,2026-06-14T10:15:00,2026-06-14T10:15:00,CST-6,0.0,29,29145,C,145,NEWTON,0,0,1,0,0.00,0.00,Heavy Rain,1,"[[36.94,-94.23],[36.9397,-94.2244],[36.9432,-94.2244],[36.9434,-94.2285]]",1,1,county_code_unverified|timezone_not_normalized_to_utc
1338317,212646,2026,2026-06-11T16:21:00,2026-06-11T17:51:00,EST-5,1.5,42,42047,C,047,ELK,0,0,0,0,0.00,0.00,Heavy Rain,0,"[[41.3613,-78.621],[41.3617,-78.6208],[41.3617,-78.6199],[41.3613,-78.62]]",1,1,county_code_unverified|timezone_not_normalized_to_utc
1338394,213243,2026,2026-06-29T04:27:00,2026-06-29T07:45:00,MST-7,3.3,46,46117,C,117,STANLEY,0,0,0,0,0.00,0.00,Heavy Rain,0,"[[44.4,-100.42],[44.4081,-100.378],[44.34,-100.35],[44.34,-100.41]]",1,1,county_code_unverified|timezone_not_normalized_to_utc
1338435,213596,2026,2026-05-01T11:15:00,2026-05-01T14:00:00,CST-6,2.75,48,48013,C,013,ATASCOSA,0,0,0,0,0.00,0.00,Heavy Rain,0,"[[28.9749,-98.4691],[28.9553,-98.4726],[28.9476,-98.5076],[28.9799,-98.5046]]",1,1,county_code_unverified|timezone_not_normalized_to_utc
1338502,213452,2026,2026-05-30T20:38:00,2026-05-31T01:30:00,CST-6,4.866666666666666,29,29109,C,109,LAWRENCE,0,0,0,0,0.00,0.00,Heavy Rain,0,"[[36.95,-93.72],[36.9626,-93.7242],[36.9633,-93.7143],[36.9501,-93.7125]]",1,1,county_code_unverified|timezone_not_normalized_to_utc
1339077,213699,2026,2026-06-10T06:15:00,2026-06-10T08:15:00,EST-5,2.0,18,18137,C,137,RIPLEY,0,0,0,0,0.00,0.00,Heavy Rain,0,"[[39.06,-85.19],[39.0646,-85.1907],[39.0648,-85.1852],[39.0562,-85.1846]]",1,1,county_code_unverified|timezone_not_normalized_to_utc
1339078,213699,2026,2026-06-10T06:15:00,2026-06-10T08:15:00,EST-5,2.0,18,18137,C,137,RIPLEY,0,0,0,0,0.00,0.00,Heavy Rain,0,"[[39.23,-85.24],[39.2267,-85.2453],[39.2232,-85.2408],[39.2274,-85.2361]]",1,1,county_code_unverified|timezone_not_normalized_to_utc
1339079,213700,2026,2026-06-10T02:30:00,2026-06-10T04:30:00,EST-5,2.0,39,39107,C,107,MERCER,0,0,0,0,0.00,0.00,Heavy Rain,0,"[[40.5273,-84.8025],[40.5305,-84.8023],[40.5314,-84.7702],[40.5257,-84.771]]",1,1,county_code_unverified|timezone_not_normalized_to_utc
1339105,213168,2026,2026-06-14T15:10:00,2026-06-14T15:10:00,CST-6,0.0,29,29077,C,077,GREENE,0,1,3,0,0.00,0.00,Heavy Rain,3,"[[37.1134,-93.2654],[37.1143,-93.2613],[37.1099,-93.2605],[37.1107,-93.2666]]",1,1,county_code_unverified|timezone_not_normalized_to_utc
1339121,212688,2026,2026-06-10T19:30:00,2026-06-10T22:30:00,CST-6,3.0,20,20149,C,149,POTTAWATOMIE,0,0,0,0,30000.00,30000.00,Heavy Rain,0,"[[39.21,-96.31],[39.1926,-96.288],[39.1859,-96.317],[39.2134,-96.3264]]",1,1,county_code_unverified|timezone_not_normalized_to_utc
1339173,212589,2026,2026-05-28T11:37:00,2026-05-31T23:59:00,MST-7,84.36666666666666,30,30029,C,029,FLATHEAD,0,0,0,0,0.00,0.00,Heavy Rain / Snow Melt,0,"[[48.3814,-114.0774],[48.344,-114.2127],[48.366,-114.2319],[48.4043,-114.1021]]",1,1,county_code_unverified|timezone_not_normalized_to_utc
1339175,212589,2026,2026-05-29T17:07:00,2026-05-31T23:59:00,MST-7,54.86666666666667,30,30047,C,047,LAKE,0,0,0,0,4000.00,0.00,Heavy Rain / Snow Melt,0,"[[48.0038,-114.0837],[47.3777,-114.1807],[47.2875,-113.9454],[48.0062,-114.0305]]",1,1,county_code_unverified|timezone_not_normalized_to_utc
1339591,213759,2026,2026-06-13T19:30:00,2026-06-13T22:30:00,CST-6,3.0,48,48211,C,211,HEMPHILL,0,0,0,0,100.00,0.00,Heavy Rain,0,"[[35.9096,-100.3878],[35.9096,-100.3926],[35.9186,-100.3827],[35.9172,-100.3794]]",1,1,county_code_unverified|timezone_not_normalized_to_utc
1340661,213964,2026,2026-05-03T23:32:00,2026-05-05T12:00:00,AKST-9,36.46666666666667,02,02845,C,845,NENANA,0,0,0,0,20000.00,0.00,Heavy Rain / Snow Melt,0,"[[64.3504,-149.0519],[64.3441,-149.0515],[64.3442,-149.031],[64.3529,-149.0376]]",1,1,county_code_unverified|timezone_not_normalized_to_utc
1340664,213964,2026,2026-05-05T16:34:00,2026-05-06T16:30:00,AKST-9,23.933333333333334,02,02835,C,835,FORTYMILE COUNTRY,0,0,0,0,0.00,0.00,Ice Jam,0,"[[64.7483,-141.0504],[64.7484,-141.0045],[64.7632,-141.0142],[64.7592,-141.0562]]",1,1,county_code_unverified|timezone_not_normalized_to_utc
1340665,213964,2026,2026-05-06T17:39:00,2026-05-10T12:00:00,AKST-9,90.35,02,02833,C,833,YUKON FLATS,0,0,0,0,20000.00,0.00,Ice Jam,0,"[[66.6717,-143.7949],[66.643,-143.789],[66.649,-143.6474],[66.6827,-143.6961]]",1,1,county_code_unverified|timezone_not_normalized_to_utc
1340676,213964,2026,2026-05-08T22:02:00,2026-05-13T22:00:00,AKST-9,119.96666666666667,02,02828,C,828,LOWER KOYUKUK VALLEY,0,0,0,0,120000.00,0.00,Ice Jam,0,"[[66.0217,-154.3379],[66.0221,-154.1854],[66.1283,-154.1411],[66.1364,-154.2848]]",1,1,county_code_unverified|timezone_not_normalized_to_utc
1340683,213967,2026,2026-05-13T04:34:00,2026-05-15T19:30:00,AKST-9,62.93333333333333,02,02833,C,833,YUKON FLATS,0,0,0,0,5000.00,0.00,Heavy Rain / Snow Melt,0,"[[66.0058,-149.3402],[65.901,-149.0573],[66.0028,-148.7222],[66.1028,-148.9895]]",1,1,county_code_unverified|timezone_not_normalized_to_utc
1340685,213968,2026,2026-05-18T09:35:00,2026-05-23T01:00:00,AKST-9,111.41666666666667,02,02830,C,830,LOWER YUKON AND INNOKO VALLEYS,0,0,0,0,10000.00,0.00,Heavy Rain / Snow Melt,0,"[[62.8518,-160.2357],[62.8422,-159.9583],[62.969,-159.9007],[62.987,-160.1767]]",1,1,county_code_unverified|timezone_not_normalized_to_utc
1340696,213968,2026,2026-05-18T08:02:00,2026-05-25T01:00:00,AKST-9,160.96666666666667,02,02826,C,826,LOWER YUKON RIVER,0,0,0,0,0.00,0.00,Ice Jam,0,"[[61.8196,-161.473],[61.7187,-161.4592],[61.7413,-161.188],[61.8315,-161.2268]]",1,1,county_code_unverified|timezone_not_normalized_to_utc
1340704,213968,2026,2026-05-22T12:42:00,2026-05-25T01:00:00,AKST-9,60.3,02,02826,C,826,LOWER YUKON RIVER,0,0,0,0,125000.00,0.00,Ice Jam,0,"[[61.9269,-162.5918],[61.7303,-162.1606],[61.8768,-161.8035],[62.0407,-162.3281]]",1,1,county_code_unverified|timezone_not_normalized_to_utc
1340707,213968,2026,2026-05-22T22:06:00,2026-05-27T01:00:00,AKST-9,98.9,02,02826,C,826,LOWER YUKON RIVER,0,0,0,0,200000.00,0.00,Ice Jam,0,"[[61.8272,-163.1174],[61.8899,-162.5433],[62.046,-162.6202],[61.9345,-163.1077]]",1,1,county_code_unverified|timezone_not_normalized_to_utc
1340708,213968,2026,2026-05-18T09:37:00,2026-05-25T01:00:00,AKST-9,159.38333333333333,02,02830,C,830,LOWER YUKON AND INNOKO VALLEYS,0,0,0,0,75000.00,0.00,Ice Jam,0,"[[62.1999,-159.899],[62.1337,-159.8578],[62.1893,-159.6181],[62.2756,-159.7732]]",1,1,county_code_unverified|timezone_not_normalized_to_utc
1340709,213968,2026,2026-05-22T22:06:00,2026-05-28T05:00:00,AKST-9,126.9,02,02826,C,826,LOWER YUKON RIVER,0,0,0,0,100000.00,0.00,Ice Jam,0,"[[61.9798,-163.316],[62.0551,-162.9759],[62.107,-163.1508],[62.0232,-163.3718]]",1,1,county_code_unverified|timezone_not_normalized_to_utc
1340710,213968,2026,2026-05-22T10:30:00,2026-05-27T01:00:00,AKST-9,110.5,02,02825,C,825,YUKON DELTA COAST,0,0,0,0,5000.00,0.00,Ice Jam,0,"[[62.0417,-164.0632],[62.046,-163.621],[62.1378,-163.6326],[62.1779,-164.0562]]",1,1,county_code_unverified|timezone_not_normalized_to_utc
1340712,213969,2026,2026-05-24T09:46:00,2026-05-28T17:00:00,AKST-9,103.23333333333333,02,02825,C,825,YUKON DELTA COAST,0,0,0,0,125000.00,0.00,Ice Jam,0,"[[62.79,-164.5524],[62.7483,-164.5634],[62.7789,-164.4236],[62.7941,-164.4861]]",1,1,county_code_unverified|timezone_not_normalized_to_utc
1340713,213969,2026,2026-05-25T19:59:00,2026-05-27T07:00:00,AKST-9,35.016666666666666,02,02825,C,825,YUKON DELTA COAST,0,0,0,0,10000.00,0.00,Ice Jam,0,"[[62.667,-164.7643],[62.6069,-164.5638],[62.7084,-164.4531],[62.7119,-164.6781]]",1,1,county_code_unverified|timezone_not_normalized_to_utc
1340790,213963,2026,2026-05-26T19:32:00,2026-05-26T22:15:00,CST-6,2.716666666666667,48,48171,C,171,GILLESPIE,0,0,0,0,0.00,0.00,Heavy Rain,0,"[[30.4106,-99.1063],[30.4129,-99.1901],[30.4351,-99.169],[30.4362,-99.1147]]",1,1,county_code_unverified|timezone_not_normalized_to_utc
1340806,213596,2026,2026-05-01T12:00:00,2026-05-01T13:00:00,CST-6,1.0,48,48255,C,255,KARNES,0,0,0,0,0.00,0.00,Heavy Rain,0,"[[28.9109,-97.8853],[28.8912,-97.8789],[28.8538,-97.8893],[28.8855,-97.9289],[28.9113,-97.9097]]",1,1,county_code_unverified|timezone_not_normalized_to_utc
1340837,213173,2026,2026-06-28T07:45:00,2026-06-28T07:50:00,MST-7,0.08333333333333333,30,30091,C,091,SHERIDAN,0,0,0,0,0.00,0.00,Heavy Rain,0,"[[48.83,-104.12],[48.8302,-104.1225],[48.8272,-104.1225],[48.8274,-104.1207]]",1,1,county_code_unverified|timezone_not_normalized_to_utc
1340928,214000,2026,2026-06-10T08:55:00,2026-06-10T08:55:00,EST-5,0.0,13,13127,C,127,GLYNN,0,0,0,0,0.00,0.00,Heavy Rain,0,"[[31.1436,-81.5897],[31.1439,-81.5873],[31.1407,-81.5869],[31.1397,-81.589]]",1,1,county_code_unverified|timezone_not_normalized_to_utc
1341019,214009,2026,2026-06-19T11:21:00,2026-06-19T11:21:00,EST-5,0.0,13,13161,C,161,JEFF DAVIS,0,0,0,0,0.00,0.00,Heavy Rain,0,"[[31.77,-82.61],[31.7701,-82.6019],[31.7577,-82.6002],[31.7575,-82.6073]]",1,1,county_code_unverified|timezone_not_normalized_to_utc
1341035,214009,2026,2026-06-19T13:45:00,2026-06-19T13:45:00,EST-5,0.0,13,13065,C,065,CLINCH,0,0,0,0,0.00,0.00,Heavy Rain,0,"[[30.99,-82.87],[30.9995,-82.871],[30.9989,-82.8754],[30.9857,-82.8739],[30.9864,-82.8666]]",1,1,county_code_unverified|timezone_not_normalized_to_utc
1341036,214009,2026,2026-06-19T13:45:00,2026-06-19T13:45:00,EST-5,0.0,13,13065,C,065,CLINCH,0,0,0,0,0.00,0.00,Heavy Rain,0,"[[31.04,-82.75],[31.0416,-82.7457],[31.0327,-82.7409],[31.031,-82.7469]]",1,1,county_code_unverified|timezone_not_normalized_to_utc
1341150,214035,2026,2026-06-10T23:00:00,2026-06-11T02:00:00,CST-6,3.0,17,17113,C,113,MCLEAN,0,0,0,0,0.00,0.00,Heavy Rain,0,"[[40.5261,-89.0233],[40.5264,-89.0191],[40.5081,-89.0166],[40.5072,-89.024]]",1,1,county_code_unverified|timezone_not_normalized_to_utc
1341152,214035,2026,2026-06-11T04:55:00,2026-06-11T07:55:00,CST-6,3.0,17,17203,C,203,WOODFORD,0,0,0,0,0.00,0.00,Heavy Rain,0,"[[40.7706,-89.3265],[40.686,-89.3251],[40.6971,-89.2114],[40.7695,-89.224]]",1,1,county_code_unverified|timezone_not_normalized_to_utc
1341154,214035,2026,2026-06-11T01:30:00,2026-06-11T09:30:00,CST-6,8.0,17,17113,C,113,MCLEAN,0,0,0,0,0.00,0.00,Heavy Rain,0,"[[40.6693,-88.7863],[40.6513,-88.7851],[40.651,-88.7679],[40.6675,-88.7687]]",1,1,county_code_unverified|timezone_not_normalized_to_utc
1341221,214050,2026,2026-06-07T04:15:00,2026-06-07T10:15:00,CST-6,6.0,17,17183,C,183,VERMILION,0,0,0,0,0.00,0.00,Heavy Rain,0,"[[40.1257,-87.62],[40.1268,-87.6153],[40.1221,-87.6131],[40.1213,-87.6175]]",1,1,county_code_unverified|timezone_not_normalized_to_utc
1341223,214050,2026,2026-06-07T04:35:00,2026-06-07T10:35:00,CST-6,6.0,17,17183,C,183,VERMILION,0,0,0,0,0.00,0.00,Heavy Rain,0,"[[40.1337,-87.6245],[40.134,-87.618],[40.1287,-87.619],[40.1294,-87.6255]]",1,1,county_code_unverified|timezone_not_normalized_to_utc
1341253,214009,2026,2026-06-20T19:19:00,2026-06-20T19:19:00,EST-5,0.0,13,13039,C,039,CAMDEN,0,0,0,0,0.00,0.00,Heavy Rain,0,"[[30.92,-81.71],[30.9241,-81.7135],[30.9248,-81.7176],[30.919,-81.7156]]",1,1,county_code_unverified|timezone_not_normalized_to_utc
1341254,214009,2026,2026-06-20T19:40:00,2026-06-20T19:40:00,EST-5,0.0,13,13049,C,049,CHARLTON,0,0,0,0,0.00,0.00,Heavy Rain,0,"[[30.83,-82.01],[30.8311,-82.0105],[30.8307,-82.0123],[30.83,-82.0121]]",1,1,county_code_unverified|timezone_not_normalized_to_utc
1341347,214064,2026,2026-05-21T19:00:00,2026-05-21T19:00:00,CST-6,0.0,48,48327,C,327,MENARD,0,0,0,0,0.00,0.00,Heavy Rain,0,"[[30.92,-99.81],[30.9217,-99.8106],[30.9216,-99.812],[30.92,-99.8117]]",1,1,county_code_unverified|timezone_not_normalized_to_utc
1341349,214064,2026,2026-05-21T19:14:00,2026-05-21T19:14:00,CST-6,0.0,48,48327,C,327,MENARD,0,0,0,0,0.00,0.00,Heavy Rain,0,"[[30.92,-99.78],[30.9179,-99.7801],[30.9183,-99.7785],[30.9204,-99.7788]]",1,1,county_code_unverified|timezone_not_normalized_to_utc
1341396,212253,2026,2026-05-27T15:48:00,2026-05-27T17:00:00,EST-5,1.2,18,18139,C,139,RUSH,0,0,0,0,5000.00,0.00,Heavy Rain,0,"[[39.51,-85.32],[39.498,-85.2929],[39.4796,-85.2938],[39.4821,-85.3512],[39.5049,-85.3435]]",1,1,county_code_unverified|timezone_not_normalized_to_utc
1341881,214102,2026,2026-06-16T12:30:00,2026-06-16T17:00:00,CST-6,4.5,48,48339,C,339,MONTGOMERY,0,0,1,0,0.00,0.00,Heavy Rain,1,"[[30.1918,-95.6078],[30.1909,-95.6124],[30.0887,-95.8967],[29.9981,-95.8034],[30.0605,-95.6732],[30.0503,-95.4785],[30.1933,-95.3735],[30.1482,-95.5577]]",1,1,county_code_unverified|timezone_not_normalized_to_utc
1342372,214233,2026,2026-05-15T05:00:00,2026-05-15T23:00:00,EST-5,18.0,33,33003,C,003,CARROLL,0,0,0,0,0.00,0.00,Heavy Rain,0,"[[44.0774,-71.1521],[44.0842,-71.1337],[44.0067,-71.0826],[44.0071,-71.0341],[43.9757,-71.0363],[43.956,-71.1377]]",1,1,county_code_unverified|timezone_not_normalized_to_utc
1342376,214233,2026,2026-05-15T08:00:00,2026-05-15T11:00:00,EST-5,3.0,33,33009,C,009,GRAFTON,0,0,0,0,0.00,0.00,Heavy Rain,0,"[[43.782,-71.6846],[43.7787,-71.664],[43.7263,-71.6526],[43.7285,-71.6719],[43.7607,-71.695]]",1,1,county_code_unverified|timezone_not_normalized_to_utc
1342395,212123,2026,2026-05-24T11:30:00,2026-05-24T17:30:00,CST-6,6.0,01,01071,C,071,JACKSON,0,0,0,0,0.00,0.00,Heavy Rain,0,"[[34.75,-86.03],[34.7407,-86.0277],[34.7391,-86.0402],[34.7499,-86.0404]]",1,1,county_code_unverified|timezone_not_normalized_to_utc
1342503,213364,2026,2026-05-08T18:00:00,2026-05-08T20:00:00,CST-6,2.0,40,40051,C,051,GRADY,0,0,0,0,0.00,0.00,Heavy Rain,0,"[[35.0205,-97.9354],[35.0135,-97.9354],[35.0135,-97.9343],[35.0205,-97.9343]]",1,1,county_code_unverified|timezone_not_normalized_to_utc
1342737,214259,2026,2026-06-10T02:11:00,2026-06-10T11:00:00,EST-5,8.816666666666666,39,39143,C,143,SANDUSKY,0,0,0,0,0.00,0.00,Heavy Rain,0,"[[41.4483,-83.2227],[41.3842,-83.2385],[41.3945,-83.116],[41.4642,-83.133]]",1,1,county_code_unverified|timezone_not_normalized_to_utc
1342740,214259,2026,2026-06-10T02:16:00,2026-06-10T12:00:00,EST-5,9.733333333333333,39,39143,C,143,SANDUSKY,0,0,0,0,0.00,0.00,Heavy Rain,0,"[[41.3786,-83.0326],[41.3422,-83.0326],[41.3778,-82.8775],[41.4084,-82.8824]]",1,1,county_code_unverified|timezone_not_normalized_to_utc
1342748,214259,2026,2026-06-10T03:16:00,2026-06-10T13:00:00,EST-5,9.733333333333333,39,39143,C,143,SANDUSKY,0,0,0,0,0.00,0.00,Heavy Rain,0,"[[41.4127,-82.9622],[41.4048,-82.962],[41.4017,-82.927],[41.4129,-82.9305]]",1,1,county_code_unverified|timezone_not_normalized_to_utc
1342834,213967,2026,2026-05-14T16:10:00,2026-05-18T22:00:00,AKST-9,101.83333333333333,02,02829,C,829,MIDDLE YUKON VALLEY,0,0,0,0,30000.00,0.00,Ice Jam,0,"[[64.8231,-157.8151],[64.643,-156.8602],[64.8386,-156.4189],[64.8558,-157.0766],[64.9477,-157.8053]]",1,1,county_code_unverified|timezone_not_normalized_to_utc
1342847,214009,2026,2026-06-19T14:00:00,2026-06-19T14:00:00,EST-5,0.0,13,13001,C,001,APPLING,0,0,0,0,0.00,0.00,Heavy Rain,0,"[[31.5035,-82.1472],[31.5065,-82.1465],[31.5059,-82.1351],[31.5042,-82.1353]]",1,1,county_code_unverified|timezone_not_normalized_to_utc
1342852,214270,2026,2026-05-01T00:00:00,2026-05-02T11:59:00,CST-6,35.983333333333334,55,55055,C,055,JEFFERSON,0,0,0,0,1000.00,0.00,Heavy Rain,0,"[[42.95,-88.87],[42.95,-88.76],[42.91,-88.78],[42.86,-88.87],[42.92,-88.95],[42.94,-88.9]]",1,1,county_code_unverified|timezone_not_normalized_to_utc
1342869,214270,2026,2026-05-01T00:00:00,2026-05-04T11:59:00,CST-6,83.98333333333333,55,55055,C,055,JEFFERSON,0,0,0,0,1000.00,0.00,Heavy Rain,0,"[[42.93,-88.94],[42.9035,-88.86],[42.83,-88.92],[42.81,-89.0],[42.85,-89.07],[42.9,-89.02]]",1,1,county_code_unverified|timezone_not_normalized_to_utc
1343147,213704,2026,2026-06-18T09:00:00,2026-06-18T11:00:00,EST-5,2.0,18,18137,C,137,RIPLEY,0,0,0,0,0.00,0.00,Heavy Rain,0,"[[39.0,-85.19],[39.0027,-85.1892],[39.0021,-85.1832],[39.0003,-85.184]]",1,1,county_code_unverified|timezone_not_normalized_to_utc
1343148,213704,2026,2026-06-18T00:30:00,2026-06-18T02:30:00,EST-5,2.0,18,18137,C,137,RIPLEY,0,0,0,0,0.00,0.00,Heavy Rain,0,"[[38.9737,-85.1574],[38.9665,-85.1569],[38.9662,-85.1473],[38.9722,-85.146]]",1,1,county_code_unverified|timezone_not_normalized_to_utc
1343307,213832,2026,2026-05-25T11:30:00,2026-05-25T12:30:00,CST-6,1.0,28,28045,C,045,HANCOCK,0,0,0,0,0.00,0.00,Heavy Rain,0,"[[30.41,-89.38],[30.4164,-89.3857],[30.4164,-89.382],[30.4143,-89.3795]]",1,1,county_code_unverified|timezone_not_normalized_to_utc
1343825,213706,2026,2026-06-18T00:00:00,2026-06-18T02:00:00,EST-5,2.0,39,39061,C,061,HAMILTON,0,0,0,0,5000.00,0.00,Heavy Rain,0,"[[39.14,-84.44],[39.1353,-84.4438],[39.1333,-84.435],[39.1398,-84.4319]]",1,1,county_code_unverified|timezone_not_normalized_to_utc
1343827,213706,2026,2026-06-18T00:00:00,2026-06-18T02:00:00,EST-5,2.0,39,39061,C,061,HAMILTON,0,0,0,0,0.00,0.00,Heavy Rain,0,"[[39.1352,-84.5383],[39.1348,-84.5245],[39.1509,-84.5336],[39.1501,-84.543]]",1,1,county_code_unverified|timezone_not_normalized_to_utc
1343834,213706,2026,2026-06-18T00:15:00,2026-06-18T02:15:00,EST-5,2.0,39,39061,C,061,HAMILTON,0,0,0,0,20000.00,0.00,Heavy Rain,0,"[[39.1539,-84.4071],[39.15,-84.41],[39.1492,-84.4078],[39.1543,-84.4053]]",1,1,county_code_unverified|timezone_not_normalized_to_utc
1343838,213706,2026,2026-06-18T00:30:00,2026-06-18T02:30:00,EST-5,2.0,39,39061,C,061,HAMILTON,0,0,0,0,40000.00,0.00,Heavy Rain,0,"[[39.1583,-84.5552],[39.1585,-84.562],[39.1521,-84.561],[39.1508,-84.557]]",1,1,county_code_unverified|timezone_not_normalized_to_utc
1343894,213706,2026,2026-06-18T00:15:00,2026-06-18T02:15:00,EST-5,2.0,39,39061,C,061,HAMILTON,0,0,0,0,5000.00,0.00,Heavy Rain,0,"[[39.1562,-84.5144],[39.1567,-84.5121],[39.1554,-84.5119],[39.1553,-84.5139]]",1,1,county_code_unverified|timezone_not_normalized_to_utc
1343900,213706,2026,2026-06-18T01:00:00,2026-06-18T03:00:00,EST-5,2.0,39,39165,C,165,WARREN,0,0,0,0,0.00,0.00,Heavy Rain,0,"[[39.3716,-84.2135],[39.3727,-84.2129],[39.3729,-84.2151],[39.372,-84.2157]]",1,1,county_code_unverified|timezone_not_normalized_to_utc
1343939,214397,2026,2026-04-30T04:30:00,2026-04-30T23:59:00,CST-6,19.483333333333334,17,17003,C,003,ALEXANDER,0,0,0,0,0.00,0.00,Heavy Rain,0,"[[37.3323,-89.4787],[37.2533,-89.4583]]",1,1,county_code_unverified|location_points_from_details|timezone_not_normalized_to_utc
1343971,213706,2026,2026-06-18T06:00:00,2026-06-18T08:00:00,EST-5,2.0,39,39071,C,071,HIGHLAND,0,0,0,0,3000.00,0.00,Heavy Rain,0,"[[39.18,-83.55],[39.1781,-83.5509],[39.1796,-83.5536],[39.1814,-83.5519]]",1,1,county_code_unverified|timezone_not_normalized_to_utc
1343983,213707,2026,2026-06-28T00:00:00,2026-06-28T02:00:00,EST-5,2.0,39,39023,C,023,CLARK,0,0,0,0,0.00,0.00,Heavy Rain,0,"[[39.8801,-83.8824],[39.8772,-83.881],[39.8781,-83.8778],[39.8802,-83.8776]]",1,1,county_code_unverified|timezone_not_normalized_to_utc
1344074,214423,2026,2026-05-07T19:30:00,2026-05-07T19:30:00,AST-4,0.0,99,,C,113,PONCE,0,0,0,0,3500.00,0.00,Heavy Rain,0,"[[18.03,-66.6],[18.026,-66.5945],[18.0233,-66.6007],[18.0281,-66.6042]]",1,1,requires_crosswalk_or_marine_review|timezone_not_normalized_to_utc
1344075,214423,2026,2026-05-07T20:30:00,2026-05-07T20:30:00,AST-4,0.0,99,,C,113,PONCE,0,0,0,0,1500.00,0.00,Heavy Rain,0,"[[18.01,-66.6],[18.0127,-66.5973],[18.0134,-66.6009],[18.0101,-66.6024]]",1,1,requires_crosswalk_or_marine_review|timezone_not_normalized_to_utc
1344076,214423,2026,2026-05-07T20:30:00,2026-05-07T20:30:00,AST-4,0.0,99,,C,113,PONCE,0,0,0,0,1500.00,0.00,Heavy Rain,0,"[[18.0,-66.61],[18.004,-66.6089],[18.0043,-66.613],[18.0005,-66.6124]]",1,1,requires_crosswalk_or_marine_review|timezone_not_normalized_to_utc
1344079,214424,2026,2026-05-12T13:41:00,2026-05-12T13:41:00,AST-4,0.0,99,,C,127,SAN JUAN,0,0,0,0,1500.00,0.00,Heavy Rain,0,"[[18.44,-66.05],[18.4409,-66.0497],[18.44,-66.0478],[18.4385,-66.0486]]",1,1,requires_crosswalk_or_marine_review|timezone_not_normalized_to_utc
1344080,214424,2026,2026-05-12T13:49:00,2026-05-12T13:49:00,AST-4,0.0,99,,C,127,SAN JUAN,0,0,0,0,5000.00,0.00,Heavy Rain,0,"[[18.4501,-66.0544],[18.4477,-66.0546],[18.4478,-66.0568],[18.4503,-66.0559]]",1,1,requires_crosswalk_or_marine_review|timezone_not_normalized_to_utc
1344084,214424,2026,2026-05-12T13:50:00,2026-05-12T13:50:00,AST-4,0.0,99,,C,127,SAN JUAN,0,0,0,0,5000.00,0.00,Heavy Rain,0,"[[18.45,-66.06],[18.4478,-66.0602],[18.4479,-66.0619],[18.45,-66.0612]]",1,1,requires_crosswalk_or_marine_review|timezone_not_normalized_to_utc
1344085,214424,2026,2026-05-12T13:57:00,2026-05-12T13:57:00,AST-4,0.0,99,,C,127,SAN JUAN,0,0,0,0,5000.00,0.00,Heavy Rain,0,"[[18.44,-66.06],[18.4396,-66.0594],[18.4389,-66.0605],[18.4398,-66.061]]",1,1,requires_crosswalk_or_marine_review|timezone_not_normalized_to_utc
1344091,214426,2026,2026-05-27T16:48:00,2026-05-27T16:48:00,AST-4,0.0,99,,C,003,AGUADA,0,0,0,0,1500.00,0.00,Heavy Rain,0,"[[18.38,-67.2],[18.3836,-67.199],[18.3843,-67.2006],[18.3803,-67.2011]]",1,1,requires_crosswalk_or_marine_review|timezone_not_normalized_to_utc
1344509,214481,2026,2026-06-15T22:30:00,2026-06-17T08:00:00,AKST-9,33.5,02,02812,C,812,SOUTH SLOPES OF THE CENTRAL BROOKS RANGE,0,0,0,0,10000.00,0.00,Heavy Rain / Snow Melt,0,"[[67.2358,-150.3249],[67.1894,-150.1079],[67.4453,-150.0143],[67.4634,-150.105]]",1,1,county_code_unverified|timezone_not_normalized_to_utc
1344510,214482,2026,2026-05-30T11:00:00,2026-05-30T14:00:00,EST-5,3.0,37,37179,C,179,UNION,0,0,0,0,1000.00,0.00,Heavy Rain,0,"[[35.104,-80.672],[35.083,-80.647],[35.123,-80.577],[35.144,-80.609]]",1,1,county_code_unverified|timezone_not_normalized_to_utc
1344702,214502,2026,2026-06-11T01:30:00,2026-06-11T03:00:00,EST-5,1.5,33,33003,C,003,CARROLL,0,0,0,0,0.00,0.00,Heavy Rain,0,"[[43.934,-71.1233],[43.9358,-71.1192],[43.9373,-71.1239],[43.9359,-71.1257]]",1,1,county_code_unverified|timezone_not_normalized_to_utc
1344703,214502,2026,2026-06-11T01:30:00,2026-06-11T03:00:00,EST-5,1.5,33,33003,C,003,CARROLL,0,0,0,0,0.00,0.00,Heavy Rain,0,"[[43.9356,-71.1301],[43.9337,-71.1376],[43.9361,-71.1387],[43.9368,-71.1313]]",1,1,county_code_unverified|timezone_not_normalized_to_utc
1344706,214502,2026,2026-06-11T02:00:00,2026-06-11T03:00:00,EST-5,1.0,33,33003,C,003,CARROLL,0,0,0,0,0.00,0.00,Heavy Rain,0,"[[43.8855,-71.1804],[43.8911,-71.1812],[43.884,-71.2145],[43.8819,-71.2291],[43.8736,-71.2217]]",1,1,county_code_unverified|timezone_not_normalized_to_utc
1344708,214502,2026,2026-06-11T02:57:00,2026-06-11T04:00:00,EST-5,1.05,33,33003,C,003,CARROLL,0,0,0,0,0.00,0.00,Heavy Rain,0,"[[43.91,-71.07],[43.9179,-71.0652],[43.9222,-71.0783],[43.9114,-71.088]]",1,1,county_code_unverified|timezone_not_normalized_to_utc
1344852,213077,2026,2026-06-11T13:55:00,2026-06-11T15:00:00,CST-6,1.0833333333333333,18,18089,C,089,LAKE,0,0,0,0,0.00,0.00,Heavy Rain,0,"[[41.4154,-87.3311],[41.4154,-87.3181],[41.408,-87.32],[41.408,-87.3311]]",1,1,county_code_unverified|timezone_not_normalized_to_utc
1344853,213077,2026,2026-06-11T18:45:00,2026-06-11T20:00:00,CST-6,1.25,18,18089,C,089,LAKE,0,0,0,0,0.00,0.00,Heavy Rain,0,"[[41.3786,-87.4148],[41.3786,-87.4103],[41.3764,-87.4103],[41.3764,-87.4148]]",1,1,county_code_unverified|timezone_not_normalized_to_utc
1344857,213076,2026,2026-06-11T16:30:00,2026-06-11T18:00:00,CST-6,1.5,17,17201,C,201,WINNEBAGO,0,0,0,0,0.00,0.00,Heavy Rain,0,"[[42.2888,-89.1096],[42.2888,-89.1044],[42.2875,-89.1044],[42.2875,-89.1096]]",1,1,county_code_unverified|timezone_not_normalized_to_utc
1344859,213076,2026,2026-06-11T17:50:00,2026-06-11T20:30:00,CST-6,2.6666666666666665,17,17097,C,097,LAKE,0,0,0,0,0.00,0.00,Heavy Rain,0,"[[42.35,-88.04],[42.4949,-88.04],[42.492,-87.8056],[42.3928,-87.8033],[42.35,-87.8283]]",1,1,county_code_unverified|timezone_not_normalized_to_utc
1344860,213076,2026,2026-06-11T18:30:00,2026-06-11T20:00:00,CST-6,1.5,17,17197,C,197,WILL,0,0,0,0,0.00,0.00,Heavy Rain,0,"[[41.4489,-87.6405],[41.4489,-87.6211],[41.4364,-87.6211],[41.4364,-87.6405]]",1,1,county_code_unverified|timezone_not_normalized_to_utc
1345179,213076,2026,2026-06-11T17:30:00,2026-06-11T19:30:00,CST-6,2.0,17,17037,C,037,DE KALB,0,0,0,0,0.00,0.00,Heavy Rain,0,"[[42.1061,-88.9359],[42.0804,-88.9359],[42.0804,-88.8138],[42.1061,-88.8138]]",1,1,county_code_unverified|timezone_not_normalized_to_utc
1345192,213076,2026,2026-06-11T17:00:00,2026-06-11T19:00:00,CST-6,2.0,17,17007,C,007,BOONE,0,0,0,0,0.00,0.00,Heavy Rain,0,"[[42.3431,-88.885],[42.2483,-88.885],[42.2483,-88.827],[42.3431,-88.827]]",1,1,county_code_unverified|timezone_not_normalized_to_utc
1345195,213076,2026,2026-06-11T17:45:00,2026-06-11T19:30:00,CST-6,1.75,17,17111,C,111,MCHENRY,0,0,0,0,0.00,0.00,Heavy Rain,0,"[[42.3253,-88.4478],[42.3151,-88.4478],[42.3151,-88.4372],[42.3253,-88.4372]]",1,1,county_code_unverified|timezone_not_normalized_to_utc
1345196,213076,2026,2026-06-11T17:45:00,2026-06-11T19:45:00,CST-6,2.0,17,17111,C,111,MCHENRY,0,0,0,0,0.00,0.00,Heavy Rain,0,"[[42.344,-88.2761],[42.335,-88.2761],[42.335,-88.2725],[42.344,-88.2725]]",1,1,county_code_unverified|timezone_not_normalized_to_utc
1345198,213084,2026,2026-06-21T23:30:00,2026-06-22T02:30:00,CST-6,3.0,18,18127,C,127,PORTER,0,0,0,0,0.00,0.00,Heavy Rain,0,"[[41.5855,-87.1892],[41.5717,-87.1892],[41.5717,-87.1704],[41.5854,-87.1704]]",1,1,county_code_unverified|timezone_not_normalized_to_utc
1345377,213168,2026,2026-06-13T22:34:00,2026-06-13T22:34:00,CST-6,0.0,29,29185,C,185,ST. CLAIR,0,0,0,0,0.00,0.00,Heavy Rain,0,"[[38.18,-94.03],[38.181,-94.0366],[38.1747,-94.0378],[38.1727,-94.0289]]",1,1,county_code_unverified|timezone_not_normalized_to_utc
1345387,213168,2026,2026-06-13T23:09:00,2026-06-13T23:09:00,CST-6,0.0,29,29097,C,097,JASPER,0,0,0,0,0.00,0.00,Heavy Rain,0,"[[37.2,-94.54],[37.2028,-94.5374],[37.2029,-94.5419],[37.1995,-94.5441]]",1,1,county_code_unverified|timezone_not_normalized_to_utc
1345390,213168,2026,2026-06-13T23:27:00,2026-06-13T23:27:00,CST-6,0.0,29,29077,C,077,GREENE,0,0,0,0,0.00,0.00,Heavy Rain,0,"[[37.12,-93.35],[37.1203,-93.3525],[37.119,-93.3523],[37.1193,-93.3507]]",1,1,county_code_unverified|timezone_not_normalized_to_utc
1345400,213168,2026,2026-06-13T23:47:00,2026-06-13T23:47:00,CST-6,0.0,29,29059,C,059,DALLAS,0,0,0,0,0.00,0.00,Heavy Rain,0,"[[37.64,-93.09],[37.6431,-93.0846],[37.6455,-93.0926],[37.6404,-93.0992]]",1,1,county_code_unverified|timezone_not_normalized_to_utc
1345403,213168,2026,2026-06-14T00:02:00,2026-06-14T00:02:00,CST-6,0.0,29,29077,C,077,GREENE,0,0,0,0,0.00,0.00,Heavy Rain,0,"[[37.2,-93.26],[37.2001,-93.2634],[37.1982,-93.2635],[37.1987,-93.2604]]",1,1,county_code_unverified|timezone_not_normalized_to_utc
1345412,213168,2026,2026-06-14T00:13:00,2026-06-14T00:13:00,CST-6,0.0,29,29077,C,077,GREENE,0,0,0,0,0.00,0.00,Heavy Rain,0,"[[37.21,-93.26],[37.2102,-93.2628],[37.2087,-93.2631],[37.2085,-93.2601]]",1,1,county_code_unverified|timezone_not_normalized_to_utc
1345449,213168,2026,2026-06-14T03:48:00,2026-06-14T03:48:00,CST-6,0.0,29,29119,C,119,MCDONALD,0,0,0,0,0.00,0.00,Heavy Rain,0,"[[36.73,-94.36],[36.7311,-94.3679],[36.726,-94.3705],[36.7265,-94.3536]]",1,1,county_code_unverified|timezone_not_normalized_to_utc
1345454,213168,2026,2026-06-14T04:06:00,2026-06-14T04:06:00,CST-6,0.0,29,29067,C,067,DOUGLAS,0,0,0,0,0.00,0.00,Heavy Rain,0,"[[36.97,-92.73],[36.9683,-92.7199],[36.962,-92.7224],[36.9641,-92.733]]",1,1,county_code_unverified|timezone_not_normalized_to_utc
1345455,213168,2026,2026-06-14T04:08:00,2026-06-14T04:08:00,CST-6,0.0,29,29067,C,067,DOUGLAS,0,0,0,0,0.00,0.00,Heavy Rain,0,"[[36.96,-92.62],[36.9589,-92.6297],[36.9543,-92.624],[36.9553,-92.6163]]",1,1,county_code_unverified|timezone_not_normalized_to_utc
1345456,213168,2026,2026-06-14T05:48:00,2026-06-14T05:48:00,CST-6,0.0,29,29009,C,009,BARRY,0,0,0,0,0.00,0.00,Heavy Rain,0,"[[36.77,-93.87],[36.7756,-93.8668],[36.7755,-93.872],[36.7706,-93.8755]]",1,1,county_code_unverified|timezone_not_normalized_to_utc
1345465,213168,2026,2026-06-14T08:55:00,2026-06-14T08:55:00,CST-6,0.0,29,29097,C,097,JASPER,0,0,0,0,0.00,0.00,Heavy Rain,0,"[[37.3,-94.36],[37.3007,-94.3521],[37.2955,-94.3543],[37.2954,-94.3624]]",1,1,county_code_unverified|timezone_not_normalized_to_utc
1345702,214617,2026,2026-06-29T07:00:00,2026-06-30T11:00:00,MST-7,28.0,30,30035,C,035,GLACIER,0,0,0,0,0.00,0.00,Heavy Rain / Snow Melt,0,"[[48.8212,-113.7427],[48.8097,-113.683],[48.8479,-113.531],[48.8113,-113.5047],[48.7791,-113.6481],[48.758,-113.6839],[48.7723,-113.7346]]",1,1,county_code_unverified|timezone_not_normalized_to_utc
1346307,214661,2026,2026-06-20T18:20:00,2026-06-20T19:20:00,CST-6,1.0,12,12059,C,059,HOLMES,0,0,0,0,0.00,0.00,Heavy Rain,0,"[[30.87,-85.69],[30.8677,-85.6936],[30.8633,-85.6894],[30.8652,-85.6857]]",1,1,county_code_unverified|timezone_not_normalized_to_utc
1346391,214671,2026,2026-05-03T22:30:00,2026-05-07T09:00:00,CST-6,82.5,05,05147,C,147,WOODRUFF,0,0,0,0,0.00,0.00,Heavy Rain,0,"[[35.2698,-91.2367],[35.2696,-91.2374],[35.2694,-91.2372],[35.2695,-91.2364]]",1,1,county_code_unverified|timezone_not_normalized_to_utc
1346393,214672,2026,2026-05-31T01:42:00,2026-05-31T23:59:00,CST-6,22.283333333333335,05,05147,C,147,WOODRUFF,0,0,0,0,0.00,0.00,Heavy Rain,0,"[[35.2703,-91.237],[35.2702,-91.2363],[35.2695,-91.2363],[35.2695,-91.237]]",1,1,county_code_unverified|timezone_not_normalized_to_utc
1346828,213085,2026,2026-06-24T18:00:00,2026-06-24T19:30:00,CST-6,1.5,17,17043,C,043,DU PAGE,0,0,0,0,0.00,0.00,Heavy Rain,0,"[[41.9546,-88.0808],[41.9549,-88.0704],[41.954,-88.0704],[41.9537,-88.0808]]",1,1,county_code_unverified|timezone_not_normalized_to_utc
1346830,213085,2026,2026-06-24T18:10:00,2026-06-24T19:30:00,CST-6,1.3333333333333333,17,17043,C,043,DU PAGE,0,0,0,0,0.00,0.00,Heavy Rain,0,"[[41.9314,-87.9973],[41.9314,-87.9919],[41.9281,-87.9919],[41.9281,-87.9973]]",1,1,county_code_unverified|timezone_not_normalized_to_utc
1346836,213085,2026,2026-06-24T17:45:00,2026-06-24T21:30:00,CST-6,3.75,17,17031,C,031,COOK,0,0,0,0,0.00,0.00,Heavy Rain,0,"[[42.0271,-88.1948],[41.9904,-88.1948],[41.9904,-88.1284],[42.0271,-88.1284]]",1,1,county_code_unverified|timezone_not_normalized_to_utc
1346839,213085,2026,2026-06-24T17:40:00,2026-06-24T18:30:00,CST-6,0.8333333333333334,17,17089,C,089,KANE,0,0,0,0,0.00,0.00,Heavy Rain,0,"[[42.0375,-88.2877],[42.0327,-88.2842],[42.0324,-88.2851],[42.0373,-88.2885]]",1,1,county_code_unverified|timezone_not_normalized_to_utc
1346842,213085,2026,2026-06-24T18:25:00,2026-06-24T19:30:00,CST-6,1.0833333333333333,17,17031,C,031,COOK,0,0,0,0,0.00,0.00,Heavy Rain,0,"[[41.93,-87.8427],[41.9296,-87.8401],[41.9291,-87.8402],[41.9295,-87.8428]]",1,1,county_code_unverified|timezone_not_normalized_to_utc
1346843,213085,2026,2026-06-24T19:00:00,2026-06-24T21:00:00,CST-6,2.0,17,17031,C,031,COOK,0,0,0,0,0.00,0.00,Heavy Rain,0,"[[41.6666,-87.7624],[41.6579,-87.7455],[41.6458,-87.745],[41.6458,-87.7581],[41.6542,-87.7624]]",1,1,county_code_unverified|timezone_not_normalized_to_utc
1346844,213085,2026,2026-06-24T18:45:00,2026-06-24T21:00:00,CST-6,2.25,17,17043,C,043,DU PAGE,0,0,0,0,0.00,0.00,Heavy Rain,0,"[[41.7686,-88.1541],[41.7686,-88.1007],[41.7273,-88.1007],[41.726,-88.1541]]",1,1,county_code_unverified|timezone_not_normalized_to_utc
1347193,214748,2026,2026-06-24T10:00:00,2026-06-24T20:00:00,EST-5,10.0,26,26013,C,013,BARAGA,0,0,0,0,1000.00,0.00,Heavy Rain,0,"[[46.7543,-88.4585],[46.7606,-88.4467],[46.7628,-88.4527],[46.7585,-88.4625]]",1,1,county_code_unverified|timezone_not_normalized_to_utc
1347265,212711,2026,2026-04-16T16:40:00,2026-04-16T17:50:00,CST-6,1.1666666666666667,29,29207,C,207,STODDARD,0,0,0,0,0.00,0.00,Heavy Rain,0,"[[36.9545,-90.1887],[36.9575,-90.1499]]",1,1,county_code_unverified|location_points_from_details|timezone_not_normalized_to_utc
1347755,214838,2026,2026-06-08T13:53:00,2026-06-08T16:53:00,CST-6,3.0,17,17173,C,173,SHELBY,0,0,0,0,0.00,0.00,Heavy Rain,0,"[[39.3995,-88.8052],[39.3996,-88.8038],[39.399,-88.8037],[39.399,-88.8052]]",1,1,county_code_unverified|timezone_not_normalized_to_utc
1347756,214838,2026,2026-06-08T13:53:00,2026-06-08T16:53:00,CST-6,3.0,17,17173,C,173,SHELBY,0,0,0,0,0.00,0.00,Heavy Rain,0,"[[39.4187,-88.8186],[39.391,-88.8207],[39.3916,-88.7741],[39.4229,-88.7783]]",1,1,county_code_unverified|timezone_not_normalized_to_utc
1347757,214838,2026,2026-06-08T14:50:00,2026-06-08T17:50:00,CST-6,3.0,17,17035,C,035,CUMBERLAND,0,0,0,0,0.00,0.00,Heavy Rain,0,"[[39.2522,-88.1567],[39.2527,-88.1516],[39.246,-88.1524],[39.2461,-88.1572]]",1,1,county_code_unverified|timezone_not_normalized_to_utc
1347758,214838,2026,2026-06-08T15:13:00,2026-06-08T18:13:00,CST-6,3.0,17,17057,C,057,FULTON,0,0,0,0,0.00,0.00,Heavy Rain,0,"[[40.5751,-90.05],[40.5818,-89.9992],[40.5296,-89.9932],[40.5213,-90.0494]]",1,1,county_code_unverified|timezone_not_normalized_to_utc
1347760,214838,2026,2026-06-08T19:26:00,2026-06-08T22:26:00,CST-6,3.0,17,17167,C,167,SANGAMON,0,0,0,0,0.00,0.00,Heavy Rain,0,"[[39.8005,-89.6676],[39.7905,-89.6669],[39.7908,-89.607],[39.805,-89.6093]]",1,1,county_code_unverified|timezone_not_normalized_to_utc
1348924,214987,2026,2026-06-29T06:17:00,2026-06-29T09:45:00,MST-7,3.466666666666667,30,30029,C,029,FLATHEAD,0,0,0,0,0.00,0.00,Heavy Rain,0,"[[48.9827,-114.2833],[48.4674,-113.7011],[48.5732,-113.5143],[48.989,-113.9827]]",1,1,county_code_unverified|timezone_not_normalized_to_utc
1348927,214987,2026,2026-06-29T06:17:00,2026-06-30T09:45:00,MST-7,27.466666666666665,30,30047,C,047,LAKE,0,0,0,0,0.00,0.00,Heavy Rain,0,"[[47.6778,-114.497],[47.6766,-113.9999],[47.2207,-113.9944],[47.275,-114.4737]]",1,1,county_code_unverified|timezone_not_normalized_to_utc
1349363,215060,2026,2026-06-11T15:30:00,2026-06-11T17:30:00,CST-6,2.0,55,55045,C,045,GREEN,0,0,0,0,0.00,0.00,Heavy Rain,0,"[[42.67,-89.37],[42.6721,-89.3529],[42.6782,-89.3618],[42.6767,-89.3723]]",1,1,county_code_unverified|timezone_not_normalized_to_utc
1349422,213085,2026,2026-06-24T19:00:00,2026-06-24T21:00:00,CST-6,2.0,17,17031,C,031,COOK,0,0,0,0,0.00,0.00,Heavy Rain,0,"[[41.716,-87.6106],[41.716,-87.5987],[41.7106,-87.5987],[41.7106,-87.6106]]",1,1,county_code_unverified|timezone_not_normalized_to_utc
1349424,213085,2026,2026-06-24T19:00:00,2026-06-24T21:00:00,CST-6,2.0,17,17031,C,031,COOK,0,0,0,0,0.00,0.00,Heavy Rain,0,"[[41.6645,-87.5908],[41.661,-87.5837],[41.6563,-87.5834],[41.6563,-87.5905],[41.6612,-87.5944]]",1,1,county_code_unverified|timezone_not_normalized_to_utc
1349425,213085,2026,2026-06-24T19:00:00,2026-06-24T21:00:00,CST-6,2.0,17,17197,C,197,WILL,0,0,0,0,0.00,0.00,Heavy Rain,0,"[[41.7078,-88.0829],[41.7078,-88.0031],[41.6739,-87.9646],[41.6546,-87.9646],[41.6546,-88.028],[41.6735,-88.0829]]",1,1,county_code_unverified|timezone_not_normalized_to_utc
1349441,213086,2026,2026-06-24T19:30:00,2026-06-24T22:00:00,CST-6,2.5,18,18089,C,089,LAKE,0,0,0,0,0.00,0.00,Heavy Rain,0,"[[41.5836,-87.3684],[41.5836,-87.309],[41.553,-87.309],[41.553,-87.3684]]",1,1,county_code_unverified|timezone_not_normalized_to_utc
1349446,213086,2026,2026-06-24T19:30:00,2026-06-24T22:00:00,CST-6,2.5,18,18089,C,089,LAKE,0,0,0,0,0.00,0.00,Heavy Rain,0,"[[41.6158,-87.4916],[41.6135,-87.4801],[41.6076,-87.4801],[41.6104,-87.4917]]",1,1,county_code_unverified|timezone_not_normalized_to_utc
1349448,213086,2026,2026-06-24T19:40:00,2026-06-24T22:00:00,CST-6,2.3333333333333335,18,18089,C,089,LAKE,0,0,0,0,0.00,0.00,Heavy Rain,0,"[[41.5761,-87.4684],[41.5761,-87.454],[41.5719,-87.454],[41.5719,-87.4684]]",1,1,county_code_unverified|timezone_not_normalized_to_utc
1349991,213083,2026,2026-06-17T15:00:00,2026-06-17T17:00:00,CST-6,2.0,18,18127,C,127,PORTER,0,0,0,0,0.00,0.00,Heavy Rain,0,"[[41.5902,-87.1937],[41.5902,-87.1663],[41.5698,-87.1663],[41.5698,-87.1937]]",1,1,county_code_unverified|timezone_not_normalized_to_utc
1349998,213083,2026,2026-06-17T15:20:00,2026-06-17T17:30:00,CST-6,2.1666666666666665,18,18127,C,127,PORTER,0,0,0,0,0.00,0.00,Heavy Rain,0,"[[41.6202,-87.0737],[41.6202,-87.0463],[41.5998,-87.0463],[41.5998,-87.0737]]",1,1,county_code_unverified|timezone_not_normalized_to_utc
1351447,215306,2026,2026-06-24T19:23:00,2026-06-24T20:23:00,CST-6,1.0,31,31111,C,111,LINCOLN,0,0,0,0,0.00,0.00,Heavy Rain,0,"[[41.14,-100.77],[41.1209,-100.7756],[41.1209,-100.7593],[41.1366,-100.7588]]",1,1,county_code_unverified|timezone_not_normalized_to_utc
1351609,214940,2026,2026-06-21T16:01:00,2026-06-21T19:01:00,CST-6,3.0,17,17029,C,029,COLES,0,0,0,0,0.00,0.00,Heavy Rain,0,"[[39.38,-88.35],[39.3881,-88.3491],[39.388,-88.3532],[39.3801,-88.3529]]",1,1,county_code_unverified|timezone_not_normalized_to_utc
1351613,215325,2026,2026-06-27T14:50:00,2026-06-27T17:50:00,CST-6,3.0,17,17029,C,029,COLES,0,0,0,0,0.00,0.00,Heavy Rain,0,"[[39.4847,-88.1775],[39.4847,-88.1766],[39.4839,-88.1764],[39.4839,-88.1774]]",1,1,county_code_unverified|timezone_not_normalized_to_utc
1351655,215332,2026,2026-06-28T07:43:00,2026-06-28T09:43:00,EST-5,2.0,47,47013,C,013,CAMPBELL,0,0,0,0,0.00,0.00,Heavy Rain,0,"[[36.3301,-84.1964],[36.3344,-84.1841],[36.3284,-84.1813],[36.3244,-84.192]]",1,1,county_code_unverified|timezone_not_normalized_to_utc
1351658,215332,2026,2026-06-28T09:00:00,2026-06-28T11:00:00,EST-5,2.0,47,47013,C,013,CAMPBELL,0,0,0,0,0.00,0.00,Heavy Rain,0,"[[36.3414,-84.1451],[36.3474,-84.1362],[36.3404,-84.134],[36.3382,-84.1408]]",1,1,county_code_unverified|timezone_not_normalized_to_utc
1351662,215332,2026,2026-06-28T09:00:00,2026-06-28T11:00:00,EST-5,2.0,47,47013,C,013,CAMPBELL,0,0,0,0,0.00,0.00,Heavy Rain,0,"[[36.4112,-84.1698],[36.4164,-84.1688],[36.4164,-84.1597],[36.4095,-84.1618]]",1,1,county_code_unverified|timezone_not_normalized_to_utc
1352140,213271,2026,2026-06-05T13:30:00,2026-06-05T15:30:00,CST-6,2.0,48,48331,C,331,MILAM,0,0,0,0,0.00,0.00,Heavy Rain,0,"[[30.8402,-97.0906],[30.8378,-97.0718],[30.823,-97.0724],[30.8284,-97.0911]]",1,1,county_code_unverified|timezone_not_normalized_to_utc
1352149,214110,2026,2026-06-05T02:45:00,2026-06-06T02:45:00,CST-6,24.0,31,31147,C,147,RICHARDSON,0,0,0,0,0.00,0.00,Heavy Rain,0,"[[40.0629,-95.7113],[40.0136,-95.5617],[40.0423,-95.5203],[40.0389,-95.5702],[40.0786,-95.6903]]",1,1,county_code_unverified|timezone_not_normalized_to_utc
1355085,215728,2026,2026-06-24T18:45:00,2026-06-24T21:45:00,CST-6,3.0,17,17203,C,203,WOODFORD,0,0,0,0,0.00,0.00,Heavy Rain,0,"[[40.741,-89.2895],[40.7467,-89.2527],[40.6923,-89.2299],[40.6868,-89.2998]]",1,1,county_code_unverified|timezone_not_normalized_to_utc
1355086,215728,2026,2026-06-24T18:45:00,2026-06-24T21:45:00,CST-6,3.0,17,17203,C,203,WOODFORD,0,0,0,0,0.00,0.00,Heavy Rain,0,"[[40.8001,-89.307],[40.8092,-89.2244],[40.7765,-89.2204],[40.7765,-89.3033]]",1,1,county_code_unverified|timezone_not_normalized_to_utc
1355130,215060,2026,2026-06-11T17:30:00,2026-06-11T19:30:00,CST-6,2.0,55,55127,C,127,WALWORTH,0,0,0,0,0.00,0.00,Heavy Rain,0,"[[42.4936,-88.7442],[42.7829,-88.7212],[42.808,-88.3231],[42.4947,-88.3101]]",1,1,county_code_unverified|timezone_not_normalized_to_utc
1355696,215703,2026,2026-06-18T08:09:00,2026-06-23T08:00:00,CST-6,119.85,22,22097,C,097,ST. LANDRY,0,0,0,0,500000.00,0.00,Heavy Rain,0,"[[30.7542,-91.7643],[30.5367,-91.7496],[30.5412,-91.8122],[30.85,-92.0753],[30.85,-91.8351]]",1,1,county_code_unverified|timezone_not_normalized_to_utc
1355753,214344,2026,2026-06-06T20:00:00,2026-06-06T23:00:00,CST-6,3.0,40,40039,C,039,CUSTER,0,0,0,0,0.00,0.00,Heavy Rain,0,"[[35.4936,-98.6419],[35.4932,-98.6419],[35.4932,-98.6399],[35.4936,-98.6399]]",1,1,county_code_unverified|timezone_not_normalized_to_utc
1355754,214345,2026,2026-06-07T05:30:00,2026-06-07T08:30:00,CST-6,3.0,48,48009,C,009,ARCHER,0,0,0,0,0.00,0.00,Heavy Rain,0,"[[33.4672,-98.6777],[33.511,-98.6683],[33.511,-98.6532],[33.4672,-98.6666]]",1,1,county_code_unverified|timezone_not_normalized_to_utc
1355759,214353,2026,2026-06-23T12:30:00,2026-06-23T14:30:00,CST-6,2.0,40,40005,C,005,ATOKA,0,0,0,0,0.00,0.00,Heavy Rain,0,"[[34.3752,-96.2165],[34.3745,-96.2165],[34.3745,-96.214],[34.3752,-96.214]]",1,1,county_code_unverified|timezone_not_normalized_to_utc
1355781,214358,2026,2026-06-30T09:00:00,2026-06-30T09:00:00,CST-6,0.0,40,40103,C,103,NOBLE,0,0,0,0,50000.00,0.00,Heavy Rain,0,"[[36.3483,-97.3396],[36.3459,-97.3396],[36.3459,-97.3347],[36.3496,-97.3363]]",1,1,county_code_unverified|timezone_not_normalized_to_utc
1356510,215924,2026,2026-06-02T18:35:00,2026-06-02T18:35:00,EST-5,0.0,12,12086,C,086,MIAMI-DADE,0,0,0,0,15000.00,0.00,Heavy Rain,0,"[[25.79,-80.21],[25.7967,-80.2097],[25.7971,-80.2209],[25.7857,-80.2194]]",1,1,county_code_unverified|timezone_not_normalized_to_utc
1356907,215301,2026,2026-06-01T00:00:00,2026-06-05T21:15:00,CST-6,117.25,05,05147,C,147,WOODRUFF,0,0,0,0,0.00,0.00,Heavy Rain,0,"[[35.2699,-91.2361],[35.2691,-91.2377],[35.2687,-91.2369],[35.2694,-91.2358]]",1,1,county_code_unverified|timezone_not_normalized_to_utc
1356918,215302,2026,2026-06-24T00:45:00,2026-06-29T17:15:00,CST-6,136.5,05,05147,C,147,WOODRUFF,0,0,0,0,0.00,0.00,Heavy Rain,0,"[[35.27,-91.2361],[35.2692,-91.238],[35.2686,-91.237],[35.2694,-91.2355]]",1,1,county_code_unverified|timezone_not_normalized_to_utc
1357428,216027,2026,2026-06-05T11:00:00,2026-06-05T13:00:00,EST-5,2.0,12,12087,C,087,MONROE,0,0,0,0,0.00,0.00,Heavy Rain,0,"[[24.56,-81.81],[24.5474,-81.8089],[24.5645,-81.7483],[24.5791,-81.7544]]",1,1,county_code_unverified|timezone_not_normalized_to_utc
1357871,215973,2026,2026-06-28T17:00:00,2026-06-28T17:00:00,EST-5,0.0,21,21111,C,111,JEFFERSON,0,0,0,1,0.00,0.00,Heavy Rain,1,"[[38.0969,-85.5605],[38.0901,-85.5538],[38.0989,-85.5453],[38.1026,-85.5557],[38.1014,-85.5619]]",1,1,county_code_unverified|timezone_not_normalized_to_utc
1360210,215224,2026,2026-06-21T06:00:00,2026-06-23T00:00:00,CST-6,42.0,20,20179,C,179,SHERIDAN,0,0,0,0,0.00,0.00,Heavy Rain,0,"[[39.3425,-100.3188],[39.3424,-100.3184],[39.3425,-100.3184]]",1,1,county_code_unverified|timezone_not_normalized_to_utc
1360214,215224,2026,2026-06-20T20:00:00,2026-06-21T04:00:00,CST-6,8.0,20,20179,C,179,SHERIDAN,0,0,0,0,50000.00,0.00,Heavy Rain,0,"[[39.3423,-100.4609],[39.3423,-100.4607],[39.3355,-100.4604],[39.3355,-100.4609]]",1,1,county_code_unverified|timezone_not_normalized_to_utc
1360217,215224,2026,2026-06-20T20:00:00,2026-06-21T04:00:00,CST-6,8.0,20,20179,C,179,SHERIDAN,0,0,0,0,10000.00,0.00,Heavy Rain,0,"[[39.5391,-100.6834],[39.5389,-100.6835],[39.539,-100.6816],[39.5391,-100.6817]]",1,1,county_code_unverified|timezone_not_normalized_to_utc
1360221,215224,2026,2026-06-20T21:00:00,2026-06-21T05:00:00,CST-6,8.0,20,20179,C,179,SHERIDAN,0,0,0,0,0.00,0.00,Heavy Rain,0,"[[39.2926,-100.661],[39.2924,-100.661],[39.2924,-100.6603],[39.2926,-100.6603]]",1,1,county_code_unverified|timezone_not_normalized_to_utc
1360222,215224,2026,2026-06-20T21:00:00,2026-06-21T06:00:00,CST-6,9.0,20,20179,C,179,SHERIDAN,0,0,0,0,0.00,0.00,Heavy Rain,0,"[[39.3939,-100.6156],[39.3938,-100.6155],[39.3938,-100.6151],[39.3939,-100.6152]]",1,1,county_code_unverified|timezone_not_normalized_to_utc
1360225,215224,2026,2026-06-20T21:00:00,2026-06-21T06:00:00,CST-6,9.0,20,20179,C,179,SHERIDAN,0,0,0,0,0.00,0.00,Heavy Rain,0,"[[39.4086,-100.6994],[39.4084,-100.6994],[39.4085,-100.6992],[39.4086,-100.6992]]",1,1,county_code_unverified|timezone_not_normalized_to_utc
1360227,215224,2026,2026-06-20T23:00:00,2026-06-22T17:00:00,CST-6,42.0,20,20179,C,179,SHERIDAN,0,0,0,0,0.00,0.00,Heavy Rain,0,"[[39.3425,-100.3188],[39.3424,-100.3188],[39.3424,-100.3183],[39.3425,-100.3184]]",1,1,county_code_unverified|timezone_not_normalized_to_utc
1360228,215224,2026,2026-06-21T00:00:00,2026-06-22T17:00:00,CST-6,41.0,20,20179,C,179,SHERIDAN,0,0,0,0,0.00,0.00,Heavy Rain,0,"[[39.1999,-100.5359],[39.1999,-100.536],[39.2001,-100.536],[39.2001,-100.5358]]",1,1,county_code_unverified|timezone_not_normalized_to_utc
1360800,215224,2026,2026-06-21T00:00:00,2026-06-22T17:00:00,CST-6,41.0,20,20179,C,179,SHERIDAN,0,0,0,0,0.00,0.00,Heavy Rain,0,"[[39.1677,-100.387],[39.1674,-100.387],[39.1674,-100.3869],[39.1677,-100.3869]]",1,1,county_code_unverified|timezone_not_normalized_to_utc
1360802,215224,2026,2026-06-21T01:00:00,2026-06-23T08:00:00,CST-6,55.0,20,20179,C,179,SHERIDAN,0,0,0,0,0.00,0.00,Heavy Rain,0,"[[39.1347,-100.1831],[39.1344,-100.1831],[39.1344,-100.1829],[39.1347,-100.1828]]",1,1,county_code_unverified|timezone_not_normalized_to_utc
1361394,215224,2026,2026-06-21T00:00:00,2026-06-22T17:00:00,CST-6,41.0,20,20179,C,179,SHERIDAN,0,0,0,0,0.00,0.00,Heavy Rain,0,"[[39.3349,-100.5351],[39.3348,-100.5351],[39.3348,-100.5349],[39.3349,-100.5349]]",1,1,county_code_unverified|timezone_not_normalized_to_utc
