event_id,episode_id,year,begin_time_local,end_time_local,timezone,duration_hours,state_fips,county_fips,area_type,area_code,area_name,injuries_direct,injuries_indirect,deaths_direct,deaths_indirect,damage_property_usd,damage_crops_usd,flood_cause,fatality_records,location_points,year_is_partial,core_fields_valid,quality_flags
991027,164161,2022,2022-01-01T14:45:00,2022-01-01T15:45:00,EST-5,1.0,21,21161,C,161,MASON,0,0,0,0,0.00,0.00,Heavy Rain,0,"[[38.4967,-83.7566],[38.4931,-83.7566],[38.493,-83.7527],[38.4977,-83.7529]]",0,1,county_code_unverified|timezone_not_normalized_to_utc
991028,164161,2022,2022-01-01T15:00:00,2022-01-01T16:00:00,EST-5,1.0,21,21161,C,161,MASON,0,0,0,0,0.00,0.00,Heavy Rain,0,"[[38.5,-83.76],[38.4967,-83.7586],[38.4946,-83.7654],[38.4977,-83.7671]]",0,1,county_code_unverified|timezone_not_normalized_to_utc
992021,164336,2022,2022-01-04T12:15:00,2022-01-07T22:30:00,PST-8,82.25,41,41011,C,011,COOS,0,0,0,0,0.00,0.00,Heavy Rain / Snow Melt,0,"[[43.16,-124.41],[43.23,-124.22],[43.1,-124.12],[43.07,-124.16],[43.12,-124.42]]",0,1,county_code_unverified|timezone_not_normalized_to_utc
992304,164378,2022,2022-01-09T15:00:00,2022-01-09T21:00:00,EST-5,6.0,54,54099,C,099,WAYNE,0,0,0,0,500.00,0.00,Heavy Rain,0,"[[38.0585,-82.4364],[38.0398,-82.4397],[38.041,-82.4132],[38.0694,-82.4098]]",0,1,county_code_unverified|timezone_not_normalized_to_utc
992305,164378,2022,2022-01-09T22:45:00,2022-01-10T02:00:00,EST-5,3.25,54,54075,C,075,POCAHONTAS,0,0,0,0,2000.00,0.00,Heavy Rain,0,"[[38.3937,-80.0999],[38.3827,-80.0976],[38.3861,-80.0814],[38.3979,-80.0837]]",0,1,county_code_unverified|timezone_not_normalized_to_utc
992392,164395,2022,2022-01-01T19:30:00,2022-01-02T15:36:00,EST-5,20.1,54,54105,C,105,WIRT,0,0,0,0,500.00,0.00,Heavy Rain,0,"[[39.0034,-81.4437],[38.9961,-81.4444],[38.9961,-81.4327],[39.0058,-81.4317]]",0,1,county_code_unverified|timezone_not_normalized_to_utc
992394,164395,2022,2022-01-01T20:00:00,2022-01-02T08:30:00,EST-5,12.5,54,54041,C,041,LEWIS,0,0,0,0,500.00,0.00,Heavy Rain,0,"[[39.0015,-80.3826],[38.9986,-80.3845],[38.9975,-80.3748],[39.0006,-80.3742]]",0,1,county_code_unverified|timezone_not_normalized_to_utc
992395,164395,2022,2022-01-01T16:30:00,2022-01-02T08:30:00,EST-5,16.0,54,54033,C,033,HARRISON,0,0,0,0,500.00,0.00,Heavy Rain,0,"[[39.26,-80.2753],[39.2581,-80.2746],[39.2605,-80.2648],[39.2642,-80.2643]]",0,1,county_code_unverified|timezone_not_normalized_to_utc
992397,164395,2022,2022-01-01T23:45:00,2022-01-02T01:45:00,EST-5,2.0,54,54083,C,083,RANDOLPH,0,0,0,0,500.00,0.00,Heavy Rain,0,"[[38.8851,-80.0051],[38.8724,-80.0063],[38.8745,-79.9633],[38.8923,-79.9606]]",0,1,county_code_unverified|timezone_not_normalized_to_utc
992399,164395,2022,2022-01-01T19:00:00,2022-01-02T08:30:00,EST-5,13.5,54,54079,C,079,PUTNAM,0,0,0,0,3000.00,0.00,Heavy Rain,0,"[[38.3141,-82.0444],[38.3305,-82.0418],[38.3368,-82.0342],[38.4299,-82.0445],[38.6312,-81.7864],[38.4792,-81.7419],[38.3976,-81.9109],[38.3199,-81.9447]]",0,1,county_code_unverified|timezone_not_normalized_to_utc
992404,164395,2022,2022-01-01T17:30:00,2022-01-02T08:30:00,EST-5,15.0,54,54039,C,039,KANAWHA,0,0,0,0,2000.00,0.00,Heavy Rain,0,"[[38.4331,-81.8192],[38.4317,-81.814],[38.4334,-81.7429],[38.4134,-81.7401],[38.4171,-81.8279]]",0,1,county_code_unverified|timezone_not_normalized_to_utc
992406,164395,2022,2022-01-01T18:30:00,2022-01-02T08:30:00,EST-5,14.0,54,54039,C,039,KANAWHA,0,0,0,0,1000.00,0.00,Heavy Rain,0,"[[38.4931,-81.6558],[38.3581,-81.55],[38.3944,-81.4285],[38.5392,-81.5744]]",0,1,county_code_unverified|timezone_not_normalized_to_utc
992409,164395,2022,2022-01-01T18:45:00,2022-01-02T08:30:00,EST-5,13.75,54,54059,C,059,MINGO,0,0,0,0,1000.00,0.00,Heavy Rain,0,"[[37.6757,-82.2812],[37.6647,-82.2718],[37.6682,-82.2619],[37.6794,-82.272]]",0,1,county_code_unverified|timezone_not_normalized_to_utc
993300,164395,2022,2022-01-01T19:30:00,2022-01-01T22:30:00,EST-5,3.0,54,54011,C,011,CABELL,0,0,0,0,1000.00,0.00,Heavy Rain,0,"[[38.4112,-82.3782],[38.4113,-82.3832],[38.4083,-82.3831],[38.4079,-82.3778]]",0,1,county_code_unverified|timezone_not_normalized_to_utc
993301,164395,2022,2022-01-01T19:30:00,2022-01-01T23:30:00,EST-5,4.0,54,54011,C,011,CABELL,0,0,0,0,3000.00,0.00,Heavy Rain,0,"[[38.4229,-82.2858],[38.4231,-82.2944],[38.4169,-82.2935],[38.4168,-82.2851]]",0,1,county_code_unverified|timezone_not_normalized_to_utc
993302,164395,2022,2022-01-01T19:30:00,2022-01-01T22:30:00,EST-5,3.0,54,54099,C,099,WAYNE,0,0,0,0,3000.00,0.00,Heavy Rain,0,"[[38.0531,-82.4333],[38.0469,-82.4336],[38.0466,-82.4255],[38.0532,-82.4256]]",0,1,county_code_unverified|timezone_not_normalized_to_utc
993305,164395,2022,2022-01-01T22:30:00,2022-01-02T02:30:00,EST-5,4.0,54,54095,C,095,TYLER,0,0,0,0,1000.00,0.00,Heavy Rain,0,"[[39.4919,-80.9259],[39.4909,-80.9312],[39.4881,-80.9324],[39.4871,-80.9299],[39.4887,-80.9279]]",0,1,county_code_unverified|timezone_not_normalized_to_utc
993308,164395,2022,2022-01-01T23:55:00,2022-01-02T02:55:00,EST-5,3.0,54,54097,C,097,UPSHUR,0,0,0,0,1000.00,0.00,Heavy Rain,0,"[[38.8939,-80.2263],[38.8946,-80.2328],[38.8875,-80.2324],[38.8878,-80.2263]]",0,1,county_code_unverified|timezone_not_normalized_to_utc
993311,164395,2022,2022-01-01T23:45:00,2022-01-02T02:45:00,EST-5,3.0,54,54097,C,097,UPSHUR,0,0,0,0,1000.00,0.00,Heavy Rain,0,"[[38.9919,-80.2075],[38.9924,-80.2127],[38.9875,-80.2121],[38.9878,-80.2093]]",0,1,county_code_unverified|timezone_not_normalized_to_utc
993312,164395,2022,2022-01-02T01:50:00,2022-01-02T04:50:00,EST-5,3.0,54,54017,C,017,DODDRIDGE,0,0,0,0,500.00,0.00,Heavy Rain,0,"[[39.3034,-80.7757],[39.3035,-80.7834],[39.2964,-80.7836],[39.2976,-80.7748]]",0,1,county_code_unverified|timezone_not_normalized_to_utc
993313,164395,2022,2022-01-02T02:15:00,2022-01-02T05:15:00,EST-5,3.0,54,54053,C,053,MASON,0,0,0,0,1000.00,0.00,Heavy Rain,0,"[[38.8908,-81.9709],[38.8873,-81.9897],[38.87,-81.9898],[38.8736,-81.9662]]",0,1,county_code_unverified|timezone_not_normalized_to_utc
993314,164395,2022,2022-01-02T02:15:00,2022-01-02T05:15:00,EST-5,3.0,54,54099,C,099,WAYNE,0,0,0,0,1000.00,0.00,Heavy Rain,0,"[[38.0523,-82.4269],[38.052,-82.4321],[38.0484,-82.4314],[38.0485,-82.4269]]",0,1,county_code_unverified|timezone_not_normalized_to_utc
993315,164395,2022,2022-01-02T03:45:00,2022-01-02T06:45:00,EST-5,3.0,54,54081,C,081,RALEIGH,0,0,0,0,1000.00,0.00,Heavy Rain,0,"[[37.7779,-81.0588],[37.7789,-81.0781],[37.7619,-81.0784],[37.7623,-81.0598]]",0,1,county_code_unverified|timezone_not_normalized_to_utc
993319,164395,2022,2022-01-02T04:45:00,2022-01-02T08:00:00,EST-5,3.25,54,54047,C,047,MCDOWELL,0,0,0,0,1000.00,0.00,Heavy Rain,0,"[[37.3399,-81.4271],[37.3396,-81.4496],[37.3226,-81.4495],[37.3229,-81.4307]]",0,1,county_code_unverified|timezone_not_normalized_to_utc
993321,164537,2022,2022-01-01T18:30:00,2022-01-01T21:30:00,EST-5,3.0,39,39053,C,053,GALLIA,0,0,0,0,2000.00,0.00,Heavy Rain,0,"[[38.938,-82.2634],[38.9391,-82.2929],[38.9204,-82.2923],[38.9196,-82.267]]",0,1,county_code_unverified|timezone_not_normalized_to_utc
994065,164537,2022,2022-01-01T18:40:00,2022-01-01T21:40:00,EST-5,3.0,39,39087,C,087,LAWRENCE,0,0,0,0,1000.00,0.00,Heavy Rain,0,"[[38.6334,-82.4557],[38.6339,-82.4651],[38.6257,-82.4634],[38.6254,-82.4557]]",0,1,county_code_unverified|timezone_not_normalized_to_utc
994069,164537,2022,2022-01-01T20:50:00,2022-01-01T23:50:00,EST-5,3.0,39,39163,C,163,VINTON,0,0,0,0,1000.00,0.00,Heavy Rain,0,"[[39.2433,-82.3857],[39.2435,-82.3939],[39.2361,-82.3935],[39.2358,-82.3854]]",0,1,county_code_unverified|timezone_not_normalized_to_utc
994072,164537,2022,2022-01-01T20:50:00,2022-01-01T23:50:00,EST-5,3.0,39,39053,C,053,GALLIA,0,0,0,0,2000.00,0.00,Heavy Rain,0,"[[38.8133,-82.3149],[38.8148,-82.3241],[38.8056,-82.3247],[38.8052,-82.3132]]",0,1,county_code_unverified|timezone_not_normalized_to_utc
994083,164537,2022,2022-01-01T20:50:00,2022-01-01T23:50:00,EST-5,3.0,39,39053,C,053,GALLIA,0,0,0,0,1000.00,0.00,Heavy Rain,0,"[[38.9355,-82.2742],[38.9355,-82.2867],[38.925,-82.2843],[38.9254,-82.2755]]",0,1,county_code_unverified|timezone_not_normalized_to_utc
994119,164537,2022,2022-01-01T20:50:00,2022-01-01T23:50:00,EST-5,3.0,39,39053,C,053,GALLIA,0,0,0,0,1000.00,0.00,Heavy Rain,0,"[[38.9387,-82.1144],[38.9387,-82.1111],[38.9396,-82.1113],[38.9453,-82.1095],[38.9454,-82.116]]",0,1,county_code_unverified|timezone_not_normalized_to_utc
994131,164537,2022,2022-01-01T20:50:00,2022-01-01T23:50:00,EST-5,3.0,39,39087,C,087,LAWRENCE,0,0,0,0,1000.00,0.00,Heavy Rain,0,"[[38.4457,-82.3791],[38.4459,-82.3974],[38.4371,-82.3963],[38.4359,-82.3827]]",0,1,county_code_unverified|timezone_not_normalized_to_utc
994132,164537,2022,2022-01-01T20:50:00,2022-01-01T23:50:00,EST-5,3.0,39,39087,C,087,LAWRENCE,0,0,0,0,1000.00,0.00,Heavy Rain,0,"[[38.6245,-82.6551],[38.6242,-82.6645],[38.6164,-82.6622],[38.6173,-82.6532]]",0,1,county_code_unverified|timezone_not_normalized_to_utc
994133,164537,2022,2022-01-01T20:50:00,2022-01-01T23:50:00,EST-5,3.0,39,39105,C,105,MEIGS,0,0,0,0,1000.00,0.00,Heavy Rain,0,"[[39.0453,-82.0523],[39.0456,-82.0692],[39.0337,-82.0671],[39.0329,-82.0547]]",0,1,county_code_unverified|timezone_not_normalized_to_utc
994134,164537,2022,2022-01-01T20:50:00,2022-01-01T23:50:00,EST-5,3.0,39,39105,C,105,MEIGS,0,0,0,0,1000.00,0.00,Heavy Rain,0,"[[39.0724,-82.3071],[39.0729,-82.3131],[39.068,-82.3129],[39.0679,-82.3078]]",0,1,county_code_unverified|timezone_not_normalized_to_utc
994135,164537,2022,2022-01-01T20:50:00,2022-01-01T23:50:00,EST-5,3.0,39,39105,C,105,MEIGS,0,0,0,0,1000.00,0.00,Heavy Rain,0,"[[39.1336,-82.1257],[39.1339,-82.1328],[39.1253,-82.1348],[39.1242,-82.1266]]",0,1,county_code_unverified|timezone_not_normalized_to_utc
994163,164653,2022,2022-01-01T14:30:00,2022-01-01T18:00:00,EST-5,3.5,21,21043,C,043,CARTER,0,0,0,0,2000.00,0.00,Heavy Rain,0,"[[38.3515,-83.0983],[38.3516,-83.1013],[38.3488,-83.1019],[38.3489,-83.0983]]",0,1,county_code_unverified|timezone_not_normalized_to_utc
995688,164894,2022,2022-01-20T21:30:00,2022-01-21T00:30:00,EST-5,3.0,12,12011,C,011,BROWARD,0,0,0,0,0.00,0.00,Heavy Rain,0,"[[26.0201,-80.1295],[26.0203,-80.1597],[26.0712,-80.1628],[26.0751,-80.1343]]",0,1,county_code_unverified|timezone_not_normalized_to_utc
997041,165075,2022,2022-02-03T22:57:00,2022-02-05T05:32:00,EST-5,30.583333333333332,39,39167,C,167,WASHINGTON,0,0,0,0,1000.00,0.00,Heavy Rain,0,"[[39.5211,-81.4223],[39.5035,-81.4365],[39.4988,-81.4189],[39.5194,-81.4051]]",0,1,county_code_unverified|timezone_not_normalized_to_utc
997042,165074,2022,2022-02-04T15:35:00,2022-02-04T23:46:00,EST-5,8.183333333333334,54,54021,C,021,GILMER,0,0,0,0,1000.00,0.00,Heavy Rain,0,"[[38.9331,-80.8303],[38.9297,-80.8313],[38.9324,-80.8439],[38.9375,-80.8392]]",0,1,county_code_unverified|timezone_not_normalized_to_utc
997043,165075,2022,2022-02-03T20:20:00,2022-02-05T01:59:00,EST-5,29.65,39,39167,C,167,WASHINGTON,0,0,0,0,500.00,0.00,Heavy Rain,0,"[[39.5625,-81.2061],[39.5611,-81.2045],[39.5626,-81.2013],[39.5653,-81.2032]]",0,1,county_code_unverified|timezone_not_normalized_to_utc
997044,165076,2022,2022-02-04T09:18:00,2022-02-04T21:30:00,EST-5,12.2,21,21043,C,043,CARTER,0,0,0,0,1500.00,0.00,Heavy Rain,0,"[[38.2992,-82.9903],[38.3887,-82.9899],[38.3823,-82.8812],[38.2856,-82.9101]]",0,1,county_code_unverified|timezone_not_normalized_to_utc
997045,165074,2022,2022-02-04T11:05:00,2022-02-04T12:50:00,EST-5,1.75,54,54043,C,043,LINCOLN,0,0,0,0,500.00,0.00,Heavy Rain,0,"[[38.2579,-82.0479],[38.2605,-82.0391],[38.2517,-82.0319],[38.2485,-82.0408]]",0,1,county_code_unverified|timezone_not_normalized_to_utc
997046,165074,2022,2022-02-03T23:00:00,2022-02-05T11:30:00,EST-5,36.5,54,54095,C,095,TYLER,0,0,0,0,2000.00,0.00,Heavy Rain,0,"[[39.4771,-81.0019],[39.4726,-80.9964],[39.4746,-80.9939],[39.4798,-80.9991]]",0,1,county_code_unverified|timezone_not_normalized_to_utc
997047,165074,2022,2022-02-03T20:05:00,2022-02-05T04:53:00,EST-5,32.8,54,54095,C,095,TYLER,0,0,0,0,6000.00,0.00,Heavy Rain,0,"[[39.4831,-80.8795],[39.4788,-80.8789],[39.4775,-80.8621],[39.4825,-80.8615]]",0,1,county_code_unverified|timezone_not_normalized_to_utc
997048,165074,2022,2022-02-04T06:36:00,2022-02-04T16:34:00,EST-5,9.966666666666667,54,54017,C,017,DODDRIDGE,0,0,0,0,500.00,0.00,Heavy Rain,0,"[[39.2686,-80.7366],[39.2648,-80.7307],[39.2674,-80.7284],[39.2718,-80.7352]]",0,1,county_code_unverified|timezone_not_normalized_to_utc
997055,165075,2022,2022-02-03T23:25:00,2022-02-05T10:36:00,EST-5,35.18333333333333,39,39105,C,105,MEIGS,0,0,0,0,500.00,0.00,Heavy Rain,0,"[[39.0672,-81.8879],[39.0606,-81.8864],[39.0613,-81.8775],[39.0713,-81.8794]]",0,1,county_code_unverified|timezone_not_normalized_to_utc
997180,165075,2022,2022-02-04T05:46:00,2022-02-06T22:52:00,EST-5,65.1,39,39087,C,087,LAWRENCE,0,0,0,0,7000.00,0.00,Heavy Rain,0,"[[38.5998,-82.5033],[38.5926,-82.5021],[38.5935,-82.4882],[38.6004,-82.4864]]",0,1,county_code_unverified|timezone_not_normalized_to_utc
997202,165074,2022,2022-02-04T19:00:00,2022-02-04T19:45:00,EST-5,0.75,54,54033,C,033,HARRISON,0,0,0,0,3000.00,0.00,Heavy Rain,0,"[[39.2375,-80.3651],[39.2427,-80.3671],[39.2435,-80.3558],[39.2357,-80.3543]]",0,1,county_code_unverified|timezone_not_normalized_to_utc
997206,165074,2022,2022-02-04T10:06:00,2022-02-05T03:15:00,EST-5,17.15,54,54033,C,033,HARRISON,0,0,0,0,2000.00,0.00,Heavy Rain,0,"[[39.4247,-80.2791],[39.4188,-80.2785],[39.4189,-80.2734],[39.4257,-80.2731]]",0,1,county_code_unverified|timezone_not_normalized_to_utc
997210,165075,2022,2022-02-03T18:55:00,2022-02-04T22:17:00,EST-5,27.366666666666667,39,39167,C,167,WASHINGTON,0,0,0,0,3000.00,0.00,Heavy Rain,0,"[[39.6335,-81.4654],[39.6279,-81.4644],[39.6284,-81.4576],[39.6341,-81.4581]]",0,1,county_code_unverified|timezone_not_normalized_to_utc
997245,165074,2022,2022-02-04T02:30:00,2022-02-04T12:00:00,EST-5,9.5,54,54087,C,087,ROANE,0,0,0,0,1500.00,0.00,Heavy Rain,0,"[[38.9003,-81.4645],[38.7648,-81.3723],[38.7969,-81.29],[38.9191,-81.4205]]",0,1,county_code_unverified|timezone_not_normalized_to_utc
997251,165074,2022,2022-02-03T16:30:00,2022-02-04T22:00:00,EST-5,29.5,54,54107,C,107,WOOD,0,0,0,0,1000.00,0.00,Heavy Rain,0,"[[39.1175,-81.7205],[39.1041,-81.6693],[39.2675,-81.4949],[39.2981,-81.4871],[39.2956,-81.5315],[39.2536,-81.5652]]",0,1,county_code_unverified|timezone_not_normalized_to_utc
997257,165074,2022,2022-02-03T16:15:00,2022-02-04T13:39:00,EST-5,21.4,54,54107,C,107,WOOD,0,0,0,0,1000.00,0.00,Heavy Rain,0,"[[39.1937,-81.5154],[39.1691,-81.5298],[39.1538,-81.3901],[39.1822,-81.3581]]",0,1,county_code_unverified|timezone_not_normalized_to_utc
997259,165074,2022,2022-02-03T23:30:00,2022-02-04T10:00:00,EST-5,10.5,54,54011,C,011,CABELL,0,0,0,0,1000.00,0.00,Heavy Rain,0,"[[38.4154,-82.4502],[38.4005,-82.443],[38.4071,-82.3987],[38.4308,-82.4009]]",0,1,county_code_unverified|timezone_not_normalized_to_utc
997261,165074,2022,2022-02-04T10:00:00,2022-02-04T21:00:00,EST-5,11.0,54,54085,C,085,RITCHIE,0,0,1,0,0.00,0.00,Heavy Rain,1,"[[39.1249,-81.2843],[39.121,-81.2781],[39.1216,-81.2767],[39.1261,-81.2818]]",0,1,county_code_unverified|timezone_not_normalized_to_utc
997264,165074,2022,2022-02-03T23:30:00,2022-02-04T10:00:00,EST-5,10.5,54,54079,C,079,PUTNAM,0,0,0,0,500.00,0.00,Heavy Rain,0,"[[38.4351,-82.0407],[38.3973,-82.0372],[38.3987,-81.9169],[38.5397,-81.8027],[38.5725,-81.928]]",0,1,county_code_unverified|timezone_not_normalized_to_utc
997270,165074,2022,2022-02-04T01:00:00,2022-02-04T18:27:00,EST-5,17.45,54,54083,C,083,RANDOLPH,0,0,0,0,2000.00,0.00,Heavy Rain,0,"[[38.7419,-79.9723],[38.724,-79.9844],[38.7206,-79.9614],[38.7385,-79.9507]]",0,1,county_code_unverified|timezone_not_normalized_to_utc
997272,165074,2022,2022-02-04T01:30:00,2022-02-04T18:27:00,EST-5,16.95,54,54075,C,075,POCAHONTAS,0,0,0,0,500.00,0.00,Heavy Rain,0,"[[38.424,-79.8906],[38.391,-79.9002],[38.3846,-79.8444],[38.4307,-79.8193]]",0,1,county_code_unverified|timezone_not_normalized_to_utc
997274,165074,2022,2022-02-03T15:00:00,2022-02-04T21:00:00,EST-5,30.0,54,54033,C,033,HARRISON,0,0,0,0,8000.00,0.00,Heavy Rain,0,"[[39.4012,-80.5221],[39.4331,-80.5015],[39.4273,-80.2759],[39.4174,-80.2549],[39.3054,-80.2064],[39.286,-80.2073],[39.3279,-80.4324]]",0,1,county_code_unverified|timezone_not_normalized_to_utc
997512,165118,2022,2022-01-02T22:05:00,2022-01-02T22:05:00,EST-5,0.0,13,13161,C,161,JEFF DAVIS,0,0,0,0,0.00,0.00,Heavy Rain,0,"[[31.87,-82.6],[31.8521,-82.416],[31.8063,-82.5083],[31.8219,-82.6203]]",0,1,county_code_unverified|timezone_not_normalized_to_utc
997579,165075,2022,2022-02-03T16:00:00,2022-02-04T10:00:00,EST-5,18.0,39,39115,C,115,MORGAN,0,0,0,0,500.00,0.00,Heavy Rain,0,"[[39.6954,-81.8052],[39.6871,-81.8042],[39.6865,-81.775],[39.696,-81.7775]]",0,1,county_code_unverified|timezone_not_normalized_to_utc
997587,165075,2022,2022-02-03T15:00:00,2022-02-04T22:00:00,EST-5,31.0,39,39009,C,009,ATHENS,0,0,0,0,3000.00,0.00,Heavy Rain,0,"[[39.4562,-82.1667],[39.3025,-82.286],[39.2984,-82.2453],[39.2118,-82.2514],[39.1997,-81.8889],[39.4264,-81.8761],[39.4482,-82.0662],[39.5477,-82.0786]]",0,1,county_code_unverified|timezone_not_normalized_to_utc
997594,165075,2022,2022-02-03T19:30:00,2022-02-04T18:00:00,EST-5,22.5,39,39167,C,167,WASHINGTON,0,0,0,0,2000.00,0.00,Heavy Rain,0,"[[39.5284,-81.2287],[39.5608,-81.2201],[39.5878,-81.3871],[39.6292,-81.4544],[39.6438,-81.4571],[39.6443,-81.469],[39.5815,-81.4676],[39.5538,-81.4192]]",0,1,county_code_unverified|timezone_not_normalized_to_utc
997600,165075,2022,2022-02-03T17:30:00,2022-02-04T21:00:00,EST-5,27.5,39,39053,C,053,GALLIA,0,0,0,0,2000.00,0.00,Heavy Rain,0,"[[38.8005,-82.4523],[38.7433,-82.4581],[38.6785,-82.3507],[38.6615,-82.2339],[38.8001,-82.2393]]",0,1,county_code_unverified|timezone_not_normalized_to_utc
997604,165075,2022,2022-02-03T17:30:00,2022-02-04T22:00:00,EST-5,28.5,39,39053,C,053,GALLIA,0,0,0,0,500.00,0.00,Heavy Rain,0,"[[38.9352,-82.2998],[38.9107,-82.2954],[38.9566,-82.1144],[38.9858,-82.1155],[38.9871,-82.3043]]",0,1,county_code_unverified|timezone_not_normalized_to_utc
997607,165075,2022,2022-02-03T14:45:00,2022-02-04T22:00:00,EST-5,31.25,39,39163,C,163,VINTON,0,0,0,0,2000.00,0.00,Heavy Rain,0,"[[39.3789,-82.4841],[39.1465,-82.5341],[39.1376,-82.3691],[39.3428,-82.3401]]",0,1,county_code_unverified|timezone_not_normalized_to_utc
997613,165075,2022,2022-02-03T17:30:00,2022-02-04T21:00:00,EST-5,27.5,39,39087,C,087,LAWRENCE,0,0,0,0,500.00,0.00,Heavy Rain,0,"[[38.6649,-82.6995],[38.6004,-82.7099],[38.5832,-82.3954],[38.6588,-82.3812]]",0,1,county_code_unverified|timezone_not_normalized_to_utc
997616,165075,2022,2022-02-03T17:00:00,2022-02-04T22:00:00,EST-5,29.0,39,39105,C,105,MEIGS,0,0,0,0,1500.00,0.00,Heavy Rain,0,"[[39.1967,-82.3004],[39.0222,-82.3173],[39.016,-82.0537],[39.0501,-82.0151],[39.1768,-81.7837]]",0,1,county_code_unverified|timezone_not_normalized_to_utc
997758,165076,2022,2022-02-03T20:40:00,2022-02-04T20:45:00,EST-5,24.083333333333332,21,21019,C,019,BOYD,0,0,0,0,1000.00,0.00,Heavy Rain,0,"[[38.474,-82.7045],[38.4727,-82.7113],[38.47,-82.7143],[38.4665,-82.7131],[38.4666,-82.7054]]",0,1,county_code_unverified|timezone_not_normalized_to_utc
997764,165076,2022,2022-02-03T22:30:00,2022-02-04T09:55:00,EST-5,11.416666666666666,21,21127,C,127,LAWRENCE,0,0,0,0,500.00,0.00,Heavy Rain,0,"[[38.1031,-82.6063],[38.1036,-82.6137],[38.097,-82.6139],[38.0966,-82.606]]",0,1,county_code_unverified|timezone_not_normalized_to_utc
997802,165076,2022,2022-02-03T23:30:00,2022-02-04T20:30:00,EST-5,21.0,21,21043,C,043,CARTER,0,0,0,0,1000.00,0.00,Heavy Rain,0,"[[38.3832,-82.9262],[38.3831,-82.9345],[38.3772,-82.9335],[38.3765,-82.9249]]",0,1,county_code_unverified|timezone_not_normalized_to_utc
997803,165076,2022,2022-02-04T00:00:00,2022-02-04T14:55:00,EST-5,14.916666666666666,21,21127,C,127,LAWRENCE,0,0,0,0,1000.00,0.00,Heavy Rain,0,"[[38.0017,-82.7874],[38.0019,-82.7939],[37.9972,-82.7934],[37.9975,-82.7871]]",0,1,county_code_unverified|timezone_not_normalized_to_utc
997805,165076,2022,2022-02-04T00:10:00,2022-02-04T14:55:00,EST-5,14.75,21,21127,C,127,LAWRENCE,0,0,0,0,500.00,0.00,Heavy Rain,0,"[[38.0418,-82.8779],[38.0429,-82.8824],[38.0388,-82.8819],[38.0389,-82.8779]]",0,1,county_code_unverified|timezone_not_normalized_to_utc
997808,165076,2022,2022-02-04T01:30:00,2022-02-04T14:55:00,EST-5,13.416666666666666,21,21127,C,127,LAWRENCE,0,0,0,0,500.00,0.00,Heavy Rain,0,"[[38.1818,-82.7121],[38.1789,-82.7119],[38.1786,-82.7081],[38.1812,-82.7081]]",0,1,county_code_unverified|timezone_not_normalized_to_utc
997813,165076,2022,2022-02-04T03:20:00,2022-02-04T14:55:00,EST-5,11.583333333333334,21,21019,C,019,BOYD,0,0,0,0,1000.00,0.00,Heavy Rain,0,"[[38.3257,-82.7124],[38.3255,-82.7242],[38.3152,-82.7229],[38.3162,-82.7131]]",0,1,county_code_unverified|timezone_not_normalized_to_utc
997814,165076,2022,2022-02-04T03:20:00,2022-02-04T20:55:00,EST-5,17.583333333333332,21,21019,C,019,BOYD,0,0,0,0,1000.00,0.00,Heavy Rain,0,"[[38.4229,-82.5965],[38.4221,-82.6038],[38.4159,-82.6021],[38.4178,-82.5963]]",0,1,county_code_unverified|timezone_not_normalized_to_utc
997815,165076,2022,2022-02-04T03:20:00,2022-02-04T20:55:00,EST-5,17.583333333333332,21,21019,C,019,BOYD,0,0,0,0,1000.00,0.00,Heavy Rain,0,"[[38.4732,-82.7041],[38.4716,-82.7119],[38.466,-82.7121],[38.4658,-82.7048]]",0,1,county_code_unverified|timezone_not_normalized_to_utc
997825,165076,2022,2022-02-03T20:40:00,2022-02-04T20:55:00,EST-5,24.25,21,21019,C,019,BOYD,0,0,0,0,1000.00,0.00,Heavy Rain,0,"[[38.4882,-82.6568],[38.4879,-82.6785],[38.4724,-82.6771],[38.4711,-82.6613]]",0,1,county_code_unverified|timezone_not_normalized_to_utc
998350,165230,2022,2022-01-02T10:00:00,2022-01-02T14:30:00,EST-5,4.5,51,51185,C,185,TAZEWELL,0,0,0,0,10000.00,0.00,Heavy Rain,0,"[[37.0957,-81.7798],[37.0973,-81.7897],[37.0936,-81.7973],[37.1034,-81.8052],[37.09,-81.8232],[37.0878,-81.8179],[37.096,-81.8065],[37.0864,-81.8]]",0,1,county_code_unverified|timezone_not_normalized_to_utc
998428,165235,2022,2022-02-17T14:00:00,2022-02-17T23:00:00,EST-5,9.0,39,39165,C,165,WARREN,0,0,0,0,0.00,0.00,Heavy Rain,0,"[[39.3665,-84.1777],[39.3673,-84.1702],[39.3635,-84.1702],[39.3639,-84.1806]]",0,1,county_code_unverified|timezone_not_normalized_to_utc
998429,165235,2022,2022-02-17T17:00:00,2022-02-17T19:00:00,EST-5,2.0,39,39165,C,165,WARREN,0,0,0,0,0.00,0.00,Heavy Rain,0,"[[39.51,-84.24],[39.5072,-84.2411],[39.5065,-84.2376],[39.5099,-84.2356]]",0,1,county_code_unverified|timezone_not_normalized_to_utc
998430,165235,2022,2022-02-17T17:00:00,2022-02-17T19:00:00,EST-5,2.0,39,39165,C,165,WARREN,0,0,0,0,0.00,0.00,Heavy Rain,0,"[[39.43,-84.21],[39.4321,-84.2099],[39.4321,-84.208],[39.4302,-84.2089]]",0,1,county_code_unverified|timezone_not_normalized_to_utc
998431,165235,2022,2022-02-17T17:00:00,2022-02-17T19:00:00,EST-5,2.0,39,39165,C,165,WARREN,0,0,0,0,0.00,0.00,Heavy Rain,0,"[[39.35,-84.13],[39.3553,-84.1318],[39.3556,-84.1282],[39.3501,-84.1275]]",0,1,county_code_unverified|timezone_not_normalized_to_utc
998432,165235,2022,2022-02-17T17:00:00,2022-02-17T19:00:00,EST-5,2.0,39,39165,C,165,WARREN,0,0,0,0,0.00,0.00,Heavy Rain,0,"[[39.4216,-84.2421],[39.4216,-84.2445],[39.4227,-84.2442],[39.4225,-84.2415]]",0,1,county_code_unverified|timezone_not_normalized_to_utc
998433,165235,2022,2022-02-17T18:00:00,2022-02-17T20:00:00,EST-5,2.0,39,39015,C,015,BROWN,0,0,0,0,0.00,0.00,Heavy Rain,0,"[[39.03,-83.92],[39.0324,-83.9228],[39.0338,-83.9215],[39.0338,-83.9198]]",0,1,county_code_unverified|timezone_not_normalized_to_utc
998434,165235,2022,2022-02-17T22:00:00,2022-02-18T00:00:00,EST-5,2.0,39,39073,C,073,HOCKING,0,0,0,0,0.00,0.00,Heavy Rain,0,"[[39.4736,-82.7437],[39.4754,-82.7429],[39.4742,-82.7401],[39.4729,-82.741]]",0,1,county_code_unverified|timezone_not_normalized_to_utc
998435,165235,2022,2022-02-17T23:00:00,2022-02-18T01:00:00,EST-5,2.0,39,39073,C,073,HOCKING,0,0,0,0,0.00,0.00,Heavy Rain,0,"[[39.5,-82.63],[39.5052,-82.6325],[39.5067,-82.6253],[39.5021,-82.6242]]",0,1,county_code_unverified|timezone_not_normalized_to_utc
998436,165235,2022,2022-02-17T23:00:00,2022-02-18T01:00:00,EST-5,2.0,39,39073,C,073,HOCKING,0,0,0,0,0.00,0.00,Heavy Rain,0,"[[39.64,-82.43],[39.6183,-82.4233],[39.6172,-82.4321],[39.6475,-82.4369]]",0,1,county_code_unverified|timezone_not_normalized_to_utc
998437,165235,2022,2022-02-17T23:00:00,2022-02-18T01:00:00,EST-5,2.0,39,39089,C,089,LICKING,0,0,0,0,0.00,0.00,Heavy Rain,0,"[[39.94,-82.44],[39.9414,-82.4445],[39.9455,-82.4441],[39.9442,-82.4392]]",0,1,county_code_unverified|timezone_not_normalized_to_utc
998438,165235,2022,2022-02-17T23:00:00,2022-02-18T01:00:00,EST-5,2.0,39,39089,C,089,LICKING,0,0,0,0,0.00,0.00,Heavy Rain,0,"[[39.973,-82.6463],[39.9728,-82.6449],[39.9762,-82.6449],[39.9761,-82.6468]]",0,1,county_code_unverified|timezone_not_normalized_to_utc
998439,165235,2022,2022-02-17T23:00:00,2022-02-18T01:00:00,EST-5,2.0,39,39089,C,089,LICKING,0,0,0,0,0.00,0.00,Heavy Rain,0,"[[40.12,-82.52],[40.1272,-82.5191],[40.1277,-82.5147],[40.1204,-82.5161]]",0,1,county_code_unverified|timezone_not_normalized_to_utc
998440,165235,2022,2022-02-17T23:00:00,2022-02-18T01:00:00,EST-5,2.0,39,39045,C,045,FAIRFIELD,0,0,0,0,0.00,0.00,Heavy Rain,0,"[[39.6616,-82.6316],[39.6665,-82.5143],[39.7669,-82.5109],[39.7736,-82.6378]]",0,1,county_code_unverified|timezone_not_normalized_to_utc
998441,165235,2022,2022-02-17T23:00:00,2022-02-18T01:00:00,EST-5,2.0,39,39129,C,129,PICKAWAY,0,0,0,0,0.00,0.00,Heavy Rain,0,"[[39.58,-83.07],[39.5709,-83.0682],[39.5718,-83.0625],[39.5813,-83.0671]]",0,1,county_code_unverified|timezone_not_normalized_to_utc
998442,165235,2022,2022-02-17T23:00:00,2022-02-18T01:00:00,EST-5,2.0,39,39129,C,129,PICKAWAY,0,0,0,0,0.00,0.00,Heavy Rain,0,"[[39.61,-82.95],[39.6102,-82.9568],[39.6181,-82.9556],[39.617,-82.9529]]",0,1,county_code_unverified|timezone_not_normalized_to_utc
998443,165235,2022,2022-02-17T23:00:00,2022-02-18T01:00:00,EST-5,2.0,39,39129,C,129,PICKAWAY,0,0,0,0,0.00,0.00,Heavy Rain,0,"[[39.79,-83.12],[39.7892,-83.125],[39.7772,-83.116],[39.7787,-83.1087]]",0,1,county_code_unverified|timezone_not_normalized_to_utc
998444,165235,2022,2022-02-17T18:00:00,2022-02-18T01:00:00,EST-5,7.0,39,39141,C,141,ROSS,0,0,0,0,10000.00,0.00,Heavy Rain,0,"[[39.45,-82.93],[39.4451,-82.9345],[39.4419,-82.9277],[39.4519,-82.9188]]",0,1,county_code_unverified|timezone_not_normalized_to_utc
998445,165235,2022,2022-02-17T23:00:00,2022-02-18T01:00:00,EST-5,2.0,39,39131,C,131,PIKE,0,0,0,0,10000.00,0.00,Heavy Rain,0,"[[39.08,-83.14],[39.0642,-83.1267],[39.0713,-83.1163],[39.0852,-83.1336]]",0,1,county_code_unverified|timezone_not_normalized_to_utc
998446,165235,2022,2022-02-17T23:00:00,2022-02-18T01:00:00,EST-5,2.0,39,39131,C,131,PIKE,0,0,0,0,0.00,0.00,Heavy Rain,0,"[[39.09,-83.21],[39.093,-83.2248],[39.0986,-83.2217],[39.097,-83.2055]]",0,1,county_code_unverified|timezone_not_normalized_to_utc
998447,165235,2022,2022-02-18T00:00:00,2022-02-18T02:00:00,EST-5,2.0,39,39045,C,045,FAIRFIELD,0,0,0,0,0.00,0.00,Heavy Rain,0,"[[39.92,-82.55],[39.9197,-82.558],[39.9242,-82.5573],[39.9229,-82.5491]]",0,1,county_code_unverified|timezone_not_normalized_to_utc
998448,165235,2022,2022-02-18T00:00:00,2022-02-18T02:00:00,EST-5,2.0,39,39089,C,089,LICKING,0,0,0,0,0.00,0.00,Heavy Rain,0,"[[39.94,-82.56],[39.9409,-82.5688],[39.935,-82.5693],[39.9351,-82.5559]]",0,1,county_code_unverified|timezone_not_normalized_to_utc
998449,165235,2022,2022-02-17T20:00:00,2022-02-18T02:00:00,EST-5,6.0,39,39057,C,057,GREENE,0,0,0,0,0.00,0.00,Heavy Rain,0,"[[39.63,-84.06],[39.6188,-84.0616],[39.6167,-84.0233],[39.6256,-84.0237]]",0,1,county_code_unverified|timezone_not_normalized_to_utc
998450,165235,2022,2022-02-18T07:30:00,2022-02-18T09:30:00,EST-5,2.0,39,39023,C,023,CLARK,0,0,0,0,0.00,0.00,Heavy Rain,0,"[[39.87,-83.99],[39.8688,-83.9991],[39.8769,-84.0033],[39.8809,-83.9918]]",0,1,county_code_unverified|timezone_not_normalized_to_utc
998451,165235,2022,2022-02-18T07:00:00,2022-02-18T09:00:00,EST-5,2.0,39,39023,C,023,CLARK,0,0,0,0,0.00,0.00,Heavy Rain,0,"[[39.9121,-83.5723],[39.91,-83.5878],[39.9144,-83.586],[39.9189,-83.5692]]",0,1,county_code_unverified|timezone_not_normalized_to_utc
998452,165235,2022,2022-02-18T07:00:00,2022-02-18T09:00:00,EST-5,2.0,39,39027,C,027,CLINTON,0,0,0,0,0.00,0.00,Heavy Rain,0,"[[39.5554,-83.8119],[39.5586,-83.8096],[39.5557,-83.7937],[39.5497,-83.7928]]",0,1,county_code_unverified|timezone_not_normalized_to_utc
998453,165235,2022,2022-02-18T07:00:00,2022-02-18T09:00:00,EST-5,2.0,39,39045,C,045,FAIRFIELD,0,0,0,0,0.00,0.00,Heavy Rain,0,"[[39.68,-82.64],[39.7559,-82.6479],[39.7605,-82.5551],[39.6955,-82.5469]]",0,1,county_code_unverified|timezone_not_normalized_to_utc
998454,165235,2022,2022-02-18T07:00:00,2022-02-18T09:00:00,EST-5,2.0,39,39047,C,047,FAYETTE,0,0,0,0,0.00,0.00,Heavy Rain,0,"[[39.4669,-83.4592],[39.4718,-83.459],[39.47,-83.43],[39.4642,-83.4357]]",0,1,county_code_unverified|timezone_not_normalized_to_utc
998455,165235,2022,2022-02-18T07:00:00,2022-02-18T09:00:00,EST-5,2.0,39,39047,C,047,FAYETTE,0,0,0,0,0.00,0.00,Heavy Rain,0,"[[39.5736,-83.3655],[39.58,-83.37],[39.5762,-83.3784],[39.5711,-83.3698]]",0,1,county_code_unverified|timezone_not_normalized_to_utc
998456,165235,2022,2022-02-18T07:00:00,2022-02-18T09:00:00,EST-5,2.0,39,39047,C,047,FAYETTE,0,0,0,0,0.00,0.00,Heavy Rain,0,"[[39.6527,-83.5635],[39.6498,-83.5585],[39.6516,-83.5543],[39.6536,-83.5623]]",0,1,county_code_unverified|timezone_not_normalized_to_utc
998457,165235,2022,2022-02-18T07:00:00,2022-02-18T09:00:00,EST-5,2.0,39,39047,C,047,FAYETTE,0,0,0,0,0.00,0.00,Heavy Rain,0,"[[39.69,-83.34],[39.6914,-83.345],[39.6962,-83.3429],[39.695,-83.3384]]",0,1,county_code_unverified|timezone_not_normalized_to_utc
998458,165235,2022,2022-02-18T07:00:00,2022-02-18T09:00:00,EST-5,2.0,39,39071,C,071,HIGHLAND,0,0,0,0,0.00,0.00,Heavy Rain,0,"[[39.2,-83.77],[39.196,-83.772],[39.2034,-83.7765],[39.2035,-83.7719]]",0,1,county_code_unverified|timezone_not_normalized_to_utc
998459,165235,2022,2022-02-18T07:00:00,2022-02-18T09:00:00,EST-5,2.0,39,39097,C,097,MADISON,0,0,0,0,0.00,0.00,Heavy Rain,0,"[[39.9092,-83.4401],[39.8806,-83.4897],[39.847,-83.4391],[39.8819,-83.4036]]",0,1,county_code_unverified|timezone_not_normalized_to_utc
998460,165235,2022,2022-02-18T07:00:00,2022-02-18T09:00:00,EST-5,2.0,39,39141,C,141,ROSS,0,0,0,0,0.00,0.00,Heavy Rain,0,"[[39.3069,-83.0735],[39.3997,-83.0725],[39.3736,-82.9116],[39.2972,-82.9273]]",0,1,county_code_unverified|timezone_not_normalized_to_utc
998461,165235,2022,2022-02-18T07:00:00,2022-02-18T09:00:00,EST-5,2.0,39,39165,C,165,WARREN,0,0,0,0,0.00,0.00,Heavy Rain,0,"[[39.3718,-84.216],[39.3724,-84.2154],[39.3724,-84.2145],[39.372,-84.2145]]",0,1,county_code_unverified|timezone_not_normalized_to_utc
998462,165235,2022,2022-02-18T07:00:00,2022-02-18T09:00:00,EST-5,2.0,39,39165,C,165,WARREN,0,0,0,0,0.00,0.00,Heavy Rain,0,"[[39.5,-84.1],[39.5003,-84.1025],[39.4978,-84.1028],[39.4973,-84.1009]]",0,1,county_code_unverified|timezone_not_normalized_to_utc
998463,165235,2022,2022-02-18T08:00:00,2022-02-18T10:00:00,EST-5,2.0,39,39057,C,057,GREENE,0,0,0,0,5000.00,0.00,Heavy Rain,0,"[[39.8848,-84.0083],[39.8851,-84.0069],[39.8846,-84.0068],[39.8843,-84.0075]]",0,1,county_code_unverified|timezone_not_normalized_to_utc
998467,165236,2022,2022-02-03T17:00:00,2022-02-03T19:00:00,EST-5,2.0,39,39073,C,073,HOCKING,0,0,0,0,0.00,0.00,Heavy Rain,0,"[[39.537,-82.4363],[39.547,-82.4231],[39.5489,-82.4328],[39.5414,-82.4429]]",0,1,county_code_unverified|timezone_not_normalized_to_utc
998470,165238,2022,2022-02-17T17:00:00,2022-02-17T19:00:00,EST-5,2.0,21,21187,C,187,OWEN,0,0,0,0,0.00,0.00,Heavy Rain,0,"[[38.54,-84.87],[38.5441,-84.871],[38.5446,-84.8692],[38.5408,-84.867]]",0,1,county_code_unverified|timezone_not_normalized_to_utc
998471,165238,2022,2022-02-17T17:00:00,2022-02-17T19:00:00,EST-5,2.0,21,21191,C,191,PENDLETON,0,0,0,0,0.00,0.00,Heavy Rain,0,"[[38.73,-84.5],[38.7349,-84.5039],[38.7423,-84.5027],[38.7427,-84.4996]]",0,1,county_code_unverified|timezone_not_normalized_to_utc
998472,165238,2022,2022-02-17T17:00:00,2022-02-17T19:00:00,EST-5,2.0,21,21191,C,191,PENDLETON,0,0,0,0,0.00,0.00,Heavy Rain,0,"[[38.76,-84.46],[38.7658,-84.4634],[38.7669,-84.4575],[38.763,-84.4516]]",0,1,county_code_unverified|timezone_not_normalized_to_utc
998473,165238,2022,2022-02-17T17:00:00,2022-02-17T19:00:00,EST-5,2.0,21,21161,C,161,MASON,0,0,0,0,0.00,0.00,Heavy Rain,0,"[[38.69,-83.82],[38.6978,-83.8213],[38.692,-83.8026],[38.689,-83.8044]]",0,1,county_code_unverified|timezone_not_normalized_to_utc
998474,165238,2022,2022-02-17T18:00:00,2022-02-17T20:00:00,EST-5,2.0,21,21037,C,037,CAMPBELL,0,0,0,0,0.00,0.00,Heavy Rain,0,"[[39.0553,-84.4415],[39.0551,-84.437],[39.0558,-84.435],[39.0574,-84.4356]]",0,1,county_code_unverified|timezone_not_normalized_to_utc
998475,165238,2022,2022-02-17T19:00:00,2022-02-17T21:00:00,EST-5,2.0,21,21023,C,023,BRACKEN,0,0,0,0,0.00,0.00,Heavy Rain,0,"[[38.58,-84.1157],[38.5645,-84.1095],[38.5705,-84.1841],[38.5889,-84.181],[38.592,-84.1295]]",0,1,county_code_unverified|timezone_not_normalized_to_utc
998476,165237,2022,2022-02-17T15:00:00,2022-02-17T17:00:00,EST-5,2.0,18,18137,C,137,RIPLEY,0,0,0,0,0.00,0.00,Heavy Rain,0,"[[39.12,-85.18],[39.1163,-85.1803],[39.1177,-85.1571],[39.121,-85.1565]]",0,1,county_code_unverified|timezone_not_normalized_to_utc
998477,165237,2022,2022-02-17T17:00:00,2022-02-17T19:00:00,EST-5,2.0,18,18047,C,047,FRANKLIN,0,0,0,0,0.00,0.00,Heavy Rain,0,"[[39.42,-85.04],[39.4211,-85.0324],[39.4148,-85.0338],[39.4125,-85.0467],[39.4155,-85.054]]",0,1,county_code_unverified|timezone_not_normalized_to_utc
998478,165237,2022,2022-02-17T17:00:00,2022-02-17T19:00:00,EST-5,2.0,18,18047,C,047,FRANKLIN,0,0,0,0,0.00,0.00,Heavy Rain,0,"[[39.43,-85.04],[39.4328,-85.0399],[39.4365,-85.0317],[39.4349,-85.0199],[39.4276,-85.0183]]",0,1,county_code_unverified|timezone_not_normalized_to_utc
998479,165237,2022,2022-02-17T17:00:00,2022-02-17T19:00:00,EST-5,2.0,18,18115,C,115,OHIO,0,0,0,0,0.00,0.00,Heavy Rain,0,"[[38.9,-84.99],[38.8878,-84.9907],[38.8879,-84.983],[38.9034,-84.9844]]",0,1,county_code_unverified|timezone_not_normalized_to_utc
998480,165237,2022,2022-02-17T17:00:00,2022-02-17T19:00:00,EST-5,2.0,18,18115,C,115,OHIO,0,0,0,0,0.00,0.00,Heavy Rain,0,"[[39.031,-84.8931],[39.03,-84.8817],[39.0,-84.86],[38.9977,-84.876]]",0,1,county_code_unverified|timezone_not_normalized_to_utc
998481,165237,2022,2022-02-17T18:00:00,2022-02-17T20:00:00,EST-5,2.0,18,18137,C,137,RIPLEY,0,0,0,0,0.00,0.00,Heavy Rain,0,"[[38.9714,-85.163],[38.9742,-85.1512],[38.9703,-85.1312],[38.9606,-85.1264]]",0,1,county_code_unverified|timezone_not_normalized_to_utc
998482,165237,2022,2022-02-18T07:00:00,2022-02-18T09:00:00,EST-5,2.0,18,18155,C,155,SWITZERLAND,0,0,0,0,0.00,0.00,Heavy Rain,0,"[[38.79,-84.94],[38.7971,-84.9441],[38.8001,-84.9336],[38.7836,-84.93],[38.7835,-84.9349]]",0,1,county_code_unverified|timezone_not_normalized_to_utc
998678,165252,2022,2022-01-01T12:11:00,2022-01-01T20:00:00,CST-6,7.816666666666666,29,29153,C,153,OZARK,0,0,0,0,0.00,0.00,Heavy Rain,0,"[[36.54,-92.41],[36.5405,-92.3926],[36.5314,-92.3951],[36.534,-92.405]]",0,1,county_code_unverified|timezone_not_normalized_to_utc
998679,165252,2022,2022-01-01T16:55:00,2022-01-02T02:00:00,CST-6,9.083333333333334,29,29229,C,229,WRIGHT,0,0,0,0,0.00,0.00,Heavy Rain,0,"[[37.17,-92.53],[37.1655,-92.5341],[37.1637,-92.5273],[37.1678,-92.5249]]",0,1,county_code_unverified|timezone_not_normalized_to_utc
998681,165254,2022,2022-02-17T08:07:00,2022-02-17T16:00:00,CST-6,7.883333333333334,29,29225,C,225,WEBSTER,0,0,0,0,0.00,0.00,Heavy Rain,0,"[[37.1,-92.92],[37.0952,-92.9175],[37.0932,-92.9227],[37.0983,-92.925]]",0,1,county_code_unverified|timezone_not_normalized_to_utc
998682,165254,2022,2022-02-17T08:09:00,2022-02-17T16:00:00,CST-6,7.85,29,29067,C,067,DOUGLAS,0,0,0,0,0.00,0.00,Heavy Rain,0,"[[37.04,-92.19],[37.0388,-92.192],[37.0365,-92.1901],[37.0387,-92.1874]]",0,1,county_code_unverified|timezone_not_normalized_to_utc
998683,165254,2022,2022-02-17T08:12:00,2022-02-17T16:00:00,CST-6,7.8,29,29065,C,065,DENT,0,0,0,0,0.00,0.00,Heavy Rain,0,"[[37.78,-91.37],[37.7712,-91.3664],[37.7714,-91.3766],[37.7794,-91.3759]]",0,1,county_code_unverified|timezone_not_normalized_to_utc
998684,165254,2022,2022-02-17T08:13:00,2022-02-17T16:00:00,CST-6,7.783333333333333,29,29203,C,203,SHANNON,0,0,0,0,0.00,0.00,Heavy Rain,0,"[[37.39,-91.19],[37.3896,-91.1895],[37.3893,-91.1901],[37.3898,-91.1904]]",0,1,county_code_unverified|timezone_not_normalized_to_utc
998685,165254,2022,2022-02-17T08:52:00,2022-02-17T16:00:00,CST-6,7.133333333333334,29,29067,C,067,DOUGLAS,0,0,0,0,0.00,0.00,Heavy Rain,0,"[[36.97,-92.73],[36.9654,-92.7206],[36.9621,-92.724],[36.9647,-92.7314]]",0,1,county_code_unverified|timezone_not_normalized_to_utc
998686,165254,2022,2022-02-17T08:54:00,2022-02-17T16:00:00,CST-6,7.1,29,29067,C,067,DOUGLAS,0,0,0,0,0.00,0.00,Heavy Rain,0,"[[37.01,-92.52],[37.009,-92.5198],[37.0091,-92.5218],[37.0102,-92.5214]]",0,1,county_code_unverified|timezone_not_normalized_to_utc
998687,165254,2022,2022-02-17T09:04:00,2022-02-17T16:00:00,CST-6,6.933333333333334,29,29229,C,229,WRIGHT,0,0,0,0,0.00,0.00,Heavy Rain,0,"[[37.17,-92.53],[37.1648,-92.5358],[37.1637,-92.5266],[37.1684,-92.5243]]",0,1,county_code_unverified|timezone_not_normalized_to_utc
998688,165254,2022,2022-02-17T09:06:00,2022-02-17T16:00:00,CST-6,6.9,29,29229,C,229,WRIGHT,0,0,0,0,0.00,0.00,Heavy Rain,0,"[[37.31,-92.4],[37.3128,-92.3944],[37.3158,-92.4004],[37.3135,-92.4038]]",0,1,county_code_unverified|timezone_not_normalized_to_utc
998689,165254,2022,2022-02-17T09:19:00,2022-02-17T16:00:00,CST-6,6.683333333333334,29,29067,C,067,DOUGLAS,0,0,0,0,0.00,0.00,Heavy Rain,0,"[[36.96,-92.62],[36.9553,-92.6271],[36.9526,-92.6203],[36.9567,-92.6168]]",0,1,county_code_unverified|timezone_not_normalized_to_utc
998691,165254,2022,2022-02-17T09:26:00,2022-02-17T16:00:00,CST-6,6.566666666666666,29,29065,C,065,DENT,0,0,0,0,0.00,0.00,Heavy Rain,0,"[[37.61,-91.4],[37.61,-91.3959],[37.6127,-91.3968],[37.6129,-91.4005]]",0,1,county_code_unverified|timezone_not_normalized_to_utc
998692,165254,2022,2022-02-17T09:29:00,2022-02-17T16:00:00,CST-6,6.516666666666667,29,29215,C,215,TEXAS,0,0,0,0,0.00,0.00,Heavy Rain,0,"[[37.1,-91.89],[37.0962,-91.8936],[37.0996,-91.9023],[37.104,-91.8972]]",0,1,county_code_unverified|timezone_not_normalized_to_utc
998693,165254,2022,2022-02-17T11:13:00,2022-02-17T16:00:00,CST-6,4.783333333333333,29,29229,C,229,WRIGHT,0,0,0,0,0.00,0.00,Heavy Rain,0,"[[37.09,-92.49],[37.0878,-92.4896],[37.0879,-92.4952],[37.09,-92.495]]",0,1,county_code_unverified|timezone_not_normalized_to_utc
998724,165189,2022,2022-01-01T11:29:00,2022-01-01T18:00:00,CST-6,6.516666666666667,21,21107,C,107,HOPKINS,0,0,0,0,0.00,0.00,Heavy Rain,0,"[[37.18,-87.57],[37.27,-87.52],[37.2879,-87.48],[37.2,-87.47]]",0,1,county_code_unverified|timezone_not_normalized_to_utc
998725,165261,2022,2022-01-01T11:53:00,2022-01-01T13:30:00,CST-6,1.6166666666666667,18,18163,C,163,VANDERBURGH,0,0,0,0,0.00,0.00,Heavy Rain,0,"[[37.97,-87.51],[37.9615,-87.5862],[37.9986,-87.5655],[37.9944,-87.5177]]",0,1,county_code_unverified|timezone_not_normalized_to_utc
998727,165189,2022,2022-01-01T05:00:00,2022-01-01T19:00:00,CST-6,14.0,21,21047,C,047,CHRISTIAN,0,0,0,0,0.00,0.00,Heavy Rain,0,"[[36.8564,-87.3595],[36.8508,-87.4239],[36.824,-87.4952],[36.8137,-87.4795],[36.8266,-87.4195]]",0,1,county_code_unverified|timezone_not_normalized_to_utc
998728,165263,2022,2022-01-09T11:45:00,2022-01-09T19:00:00,CST-6,7.25,21,21047,C,047,CHRISTIAN,0,0,0,0,0.00,0.00,Heavy Rain,0,"[[36.8504,-87.3355],[36.8062,-87.4916],[36.8277,-87.4885],[36.8564,-87.3535]]",0,1,county_code_unverified|timezone_not_normalized_to_utc
998729,165264,2022,2022-01-04T23:00:00,2022-01-16T14:00:00,CST-6,279.0,21,21225,C,225,UNION,0,0,0,0,0.00,0.00,Heavy Rain,0,"[[37.7715,-87.9361],[37.7831,-87.9757],[37.7717,-87.9818],[37.7622,-87.9505]]",0,1,county_code_unverified|timezone_not_normalized_to_utc
998730,165264,2022,2022-01-02T05:00:00,2022-01-08T09:00:00,CST-6,148.0,21,21177,C,177,MUHLENBERG,0,0,0,0,0.00,0.00,Heavy Rain,0,"[[37.27,-86.98],[37.2583,-86.9826],[37.3041,-86.9993],[37.3049,-86.9854]]",0,1,county_code_unverified|timezone_not_normalized_to_utc
998731,165264,2022,2022-01-05T06:00:00,2022-01-08T06:00:00,CST-6,72.0,21,21149,C,149,MCLEAN,0,0,0,0,0.00,0.00,Heavy Rain,0,"[[37.53,-87.27],[37.5359,-87.2584],[37.5332,-87.2556],[37.5259,-87.2714]]",0,1,county_code_unverified|timezone_not_normalized_to_utc
998732,165263,2022,2022-01-09T10:00:00,2022-01-15T17:00:00,CST-6,151.0,21,21177,C,177,MUHLENBERG,0,0,0,0,0.00,0.00,Heavy Rain,0,"[[37.27,-86.98],[37.2616,-86.9849],[37.3005,-86.9979],[37.3005,-86.9843]]",0,1,county_code_unverified|timezone_not_normalized_to_utc
998734,165263,2022,2022-01-09T11:00:00,2022-01-15T00:30:00,CST-6,133.5,21,21149,C,149,MCLEAN,0,0,0,0,0.00,0.00,Heavy Rain,0,"[[37.53,-87.27],[37.5355,-87.2601],[37.5329,-87.2577],[37.525,-87.2696]]",0,1,county_code_unverified|timezone_not_normalized_to_utc
998884,165299,2022,2022-01-15T17:08:00,2022-01-15T20:00:00,AST-4,2.8666666666666667,99,,C,105,NARANJITO,0,0,0,0,30000.00,0.00,Heavy Rain,0,"[[18.2859,-66.2537],[18.2873,-66.2539],[18.2875,-66.2526],[18.2859,-66.2524]]",0,1,requires_crosswalk_or_marine_review|timezone_not_normalized_to_utc
998887,165299,2022,2022-01-15T17:08:00,2022-01-15T20:00:00,AST-4,2.8666666666666667,99,,C,047,COROZAL,0,0,0,0,0.00,0.00,Heavy Rain,0,"[[18.338,-66.2877],[18.34,-66.2829],[18.336,-66.2811],[18.3343,-66.2869]]",0,1,requires_crosswalk_or_marine_review|timezone_not_normalized_to_utc
999479,165353,2022,2022-01-04T03:00:00,2022-01-17T12:00:00,CST-6,321.0,17,17059,C,059,GALLATIN,0,0,0,0,0.00,0.00,Heavy Rain,0,"[[37.7,-88.13],[37.6795,-88.1552],[37.6777,-88.1448],[37.6995,-88.1236]]",0,1,county_code_unverified|timezone_not_normalized_to_utc
999480,165353,2022,2022-01-09T00:15:00,2022-01-12T12:15:00,CST-6,84.0,17,17151,C,151,POPE,0,0,0,0,0.00,0.00,Heavy Rain,0,"[[37.3528,-88.4861],[37.3541,-88.4794],[37.3687,-88.4756],[37.3681,-88.4834]]",0,1,county_code_unverified|timezone_not_normalized_to_utc
999481,165353,2022,2022-01-08T08:00:00,2022-01-14T15:00:00,CST-6,151.0,17,17069,C,069,HARDIN,0,0,0,0,0.00,0.00,Heavy Rain,0,"[[37.45,-88.3],[37.431,-88.3362],[37.4273,-88.3288],[37.4412,-88.297]]",0,1,county_code_unverified|timezone_not_normalized_to_utc
999482,165353,2022,2022-01-08T06:00:00,2022-01-17T12:00:00,CST-6,222.0,17,17153,C,153,PULASKI,0,0,0,0,0.00,0.00,Heavy Rain,0,"[[37.18,-89.08],[37.13,-89.1169],[37.1283,-89.1009],[37.1774,-89.0732]]",0,1,county_code_unverified|timezone_not_normalized_to_utc
999483,165353,2022,2022-01-08T06:00:00,2022-01-17T12:00:00,CST-6,222.0,17,17127,C,127,MASSAC,0,0,0,0,0.00,0.00,Heavy Rain,0,"[[37.2,-88.85],[37.12,-88.63],[37.1141,-88.6374],[37.1927,-88.8523]]",0,1,county_code_unverified|timezone_not_normalized_to_utc
999484,165353,2022,2022-01-04T03:00:00,2022-01-10T12:00:00,CST-6,153.0,17,17193,C,193,WHITE,0,0,0,0,0.00,0.00,Heavy Rain,0,"[[38.03,-88.05],[38.1441,-87.9358],[38.166,-87.9768],[38.0809,-88.0526]]",0,1,county_code_unverified|timezone_not_normalized_to_utc
999485,165353,2022,2022-01-04T01:00:00,2022-01-08T21:00:00,CST-6,116.0,17,17185,C,185,WABASH,0,0,0,0,0.00,0.00,Heavy Rain,0,"[[38.4056,-87.7594],[38.4041,-87.75],[38.4503,-87.7337],[38.4507,-87.7437]]",0,1,county_code_unverified|timezone_not_normalized_to_utc
999490,165357,2022,2022-01-03T18:00:00,2022-01-15T12:00:00,CST-6,282.0,18,18173,C,173,WARRICK,0,0,0,0,0.00,0.00,Heavy Rain,0,"[[37.9377,-87.3993],[37.9144,-87.3447],[37.9231,-87.3369],[37.942,-87.391]]",0,1,county_code_unverified|timezone_not_normalized_to_utc
999492,165357,2022,2022-01-04T04:30:00,2022-01-16T06:00:00,CST-6,289.5,18,18129,C,129,POSEY,0,0,0,0,0.00,0.00,Heavy Rain,0,"[[37.93,-87.9],[37.9008,-87.9336],[37.9,-87.9271],[37.9228,-87.9037]]",0,1,county_code_unverified|timezone_not_normalized_to_utc
999493,165357,2022,2022-01-03T06:00:00,2022-01-08T14:00:00,CST-6,128.0,18,18051,C,051,GIBSON,0,0,0,0,0.00,0.00,Heavy Rain,0,"[[38.28,-87.83],[38.3991,-87.7364],[38.3996,-87.7532],[38.3491,-87.8131]]",0,1,county_code_unverified|timezone_not_normalized_to_utc
999497,165357,2022,2022-01-03T01:15:00,2022-01-10T12:15:00,CST-6,179.0,18,18129,C,129,POSEY,0,0,0,0,0.00,0.00,Heavy Rain,0,"[[38.111,-87.9449],[38.1136,-87.9482],[38.1282,-87.9441],[38.1271,-87.9382]]",0,1,county_code_unverified|timezone_not_normalized_to_utc
999501,165357,2022,2022-01-01T08:00:00,2022-01-12T10:00:00,EST-5,266.0,18,18125,C,125,PIKE,0,0,0,0,0.00,0.00,Heavy Rain,0,"[[38.5109,-87.2868],[38.5479,-87.1905],[38.5499,-87.2052],[38.5422,-87.2454]]",0,1,county_code_unverified|timezone_not_normalized_to_utc
999503,165357,2022,2022-01-02T08:00:00,2022-01-13T09:00:00,CST-6,265.0,18,18051,C,051,GIBSON,0,0,0,0,0.00,0.00,Heavy Rain,0,"[[38.491,-87.5417],[38.5027,-87.5161],[38.4998,-87.473],[38.4888,-87.489]]",0,1,county_code_unverified|timezone_not_normalized_to_utc
999518,165189,2022,2022-01-01T09:00:00,2022-01-01T17:00:00,CST-6,8.0,21,21145,C,145,MCCRACKEN,0,0,0,0,0.00,0.00,Heavy Rain,0,"[[37.0208,-88.6366],[36.9652,-88.6442],[36.9333,-88.5271],[36.9815,-88.5187]]",0,1,county_code_unverified|timezone_not_normalized_to_utc
999550,165263,2022,2022-01-09T09:00:00,2022-01-09T15:00:00,CST-6,6.0,21,21039,C,039,CARLISLE,0,0,0,0,0.00,0.00,Heavy Rain,0,"[[36.8957,-89.0005],[36.8706,-88.9859],[36.8894,-88.9117],[36.9169,-88.9231]]",0,1,county_code_unverified|timezone_not_normalized_to_utc
999555,165263,2022,2022-01-09T09:00:00,2022-01-09T18:00:00,CST-6,9.0,21,21157,C,157,MARSHALL,0,0,0,0,0.00,0.00,Heavy Rain,0,"[[36.87,-88.47],[36.8086,-88.4477],[36.8053,-88.2965],[36.8811,-88.319]]",0,1,county_code_unverified|timezone_not_normalized_to_utc
1000153,165494,2022,2022-02-22T06:00:00,2022-02-22T14:00:00,CST-6,8.0,29,29149,C,149,OREGON,0,0,0,0,0.00,0.00,Heavy Rain,0,"[[36.53,-91.44],[36.5286,-91.4485],[36.5216,-91.4495],[36.5227,-91.4356],[36.5289,-91.4316]]",0,1,county_code_unverified|timezone_not_normalized_to_utc
1000620,165263,2022,2022-01-09T11:00:00,2022-01-12T16:00:00,CST-6,77.0,21,21145,C,145,MCCRACKEN,1,0,0,0,0.00,0.00,Heavy Rain,0,"[[37.0465,-88.5859],[37.0263,-88.5986],[37.0285,-88.6069],[37.0506,-88.6038]]",0,1,county_code_unverified|timezone_not_normalized_to_utc
1000928,165573,2022,2022-02-25T06:00:00,2022-02-25T08:00:00,EST-5,2.0,39,39001,C,001,ADAMS,0,0,0,0,0.00,0.00,Heavy Rain,0,"[[38.8,-83.31],[38.7984,-83.3118],[38.7994,-83.3179],[38.8017,-83.3154]]",0,1,county_code_unverified|timezone_not_normalized_to_utc
1001086,165590,2022,2022-02-17T21:00:00,2022-02-18T04:15:00,EST-5,7.25,54,54079,C,079,PUTNAM,0,0,0,0,2000.00,0.00,Heavy Rain,0,"[[38.5479,-82.0511],[38.3775,-82.0401],[38.5009,-81.7691],[38.6081,-81.8111]]",0,1,county_code_unverified|timezone_not_normalized_to_utc
1001090,165590,2022,2022-02-17T21:00:00,2022-02-18T04:15:00,EST-5,7.25,54,54087,C,087,ROANE,0,0,0,0,500.00,0.00,Heavy Rain,0,"[[38.7416,-81.3913],[38.716,-81.3998],[38.7168,-81.3633],[38.7436,-81.3625]]",0,1,county_code_unverified|timezone_not_normalized_to_utc
1001091,165590,2022,2022-02-17T21:00:00,2022-02-18T04:15:00,EST-5,7.25,54,54039,C,039,KANAWHA,0,0,0,0,500.00,0.00,Heavy Rain,0,"[[38.4274,-81.8125],[38.3449,-81.8071],[38.4439,-81.5771],[38.4572,-81.5493],[38.4914,-81.6521]]",0,1,county_code_unverified|timezone_not_normalized_to_utc
1001095,165592,2022,2022-02-18T07:30:00,2022-02-19T08:51:00,EST-5,25.35,39,39009,C,009,ATHENS,0,0,0,0,5000.00,0.00,Heavy Rain,0,"[[39.5281,-82.0564],[39.4505,-82.0672],[39.4362,-81.8713],[39.2125,-81.8921],[39.2235,-82.2567],[39.4299,-82.2511],[39.4604,-82.1554],[39.5285,-82.1446]]",0,1,county_code_unverified|timezone_not_normalized_to_utc
1001374,165652,2022,2022-03-07T06:00:00,2022-03-07T08:00:00,EST-5,2.0,39,39135,C,135,PREBLE,0,0,0,0,0.00,0.00,Heavy Rain,0,"[[39.8161,-84.6915],[39.698,-84.7283],[39.6835,-84.5485],[39.8207,-84.5512]]",0,1,county_code_unverified|timezone_not_normalized_to_utc
1001375,165652,2022,2022-03-07T07:00:00,2022-03-07T09:00:00,EST-5,2.0,39,39021,C,021,CHAMPAIGN,0,0,0,0,0.00,0.00,Heavy Rain,0,"[[40.075,-83.8277],[40.1535,-83.8066],[40.1433,-83.6917],[40.0761,-83.7072]]",0,1,county_code_unverified|timezone_not_normalized_to_utc
1001376,165652,2022,2022-03-07T07:00:00,2022-03-07T09:00:00,EST-5,2.0,39,39023,C,023,CLARK,0,0,0,0,0.00,0.00,Heavy Rain,0,"[[39.9894,-83.9033],[39.8553,-83.9221],[39.8546,-83.6963],[39.959,-83.6781]]",0,1,county_code_unverified|timezone_not_normalized_to_utc
1001377,165652,2022,2022-03-07T07:30:00,2022-03-07T09:30:00,EST-5,2.0,39,39091,C,091,LOGAN,0,0,0,0,0.00,0.00,Heavy Rain,0,"[[40.49,-83.92],[40.4961,-83.9218],[40.4902,-83.9248],[40.4874,-83.9227]]",0,1,county_code_unverified|timezone_not_normalized_to_utc
1001378,165652,2022,2022-03-07T08:00:00,2022-03-07T10:00:00,EST-5,2.0,39,39057,C,057,GREENE,0,0,0,0,0.00,0.00,Heavy Rain,0,"[[39.63,-84.06],[39.6301,-84.0678],[39.6199,-84.062],[39.6235,-84.0569]]",0,1,county_code_unverified|timezone_not_normalized_to_utc
1001379,165652,2022,2022-03-07T10:00:00,2022-03-07T12:00:00,EST-5,2.0,39,39001,C,001,ADAMS,0,0,0,0,0.00,0.00,Heavy Rain,0,"[[38.7442,-83.6147],[38.7472,-83.6197],[38.7367,-83.6268],[38.736,-83.6209]]",0,1,county_code_unverified|timezone_not_normalized_to_utc
1001380,165652,2022,2022-03-07T10:00:00,2022-03-07T12:00:00,EST-5,2.0,39,39135,C,135,PREBLE,0,0,0,0,0.00,0.00,Heavy Rain,0,"[[39.5743,-84.6452],[39.5749,-84.6494],[39.5951,-84.6562],[39.5937,-84.644]]",0,1,county_code_unverified|timezone_not_normalized_to_utc
1001391,165592,2022,2022-02-17T22:00:00,2022-02-18T08:00:00,EST-5,10.0,39,39053,C,053,GALLIA,0,0,0,0,1500.00,0.00,Heavy Rain,0,"[[38.8613,-82.4439],[38.6844,-82.4659],[38.6745,-82.2657],[38.852,-82.2448]]",0,1,county_code_unverified|timezone_not_normalized_to_utc
1001395,165592,2022,2022-02-18T07:30:00,2022-02-19T08:51:00,EST-5,25.35,39,39053,C,053,GALLIA,0,0,0,0,3000.00,0.00,Heavy Rain,0,"[[38.9924,-82.4331],[38.9622,-82.1066],[38.7955,-82.2204],[38.675,-82.2707],[38.6845,-82.467],[38.7865,-82.4638]]",0,1,county_code_unverified|timezone_not_normalized_to_utc
1001411,165592,2022,2022-02-18T07:30:00,2022-02-19T08:51:00,EST-5,25.35,39,39079,C,079,JACKSON,0,0,0,0,500.00,0.00,Heavy Rain,0,"[[38.89,-82.76],[38.8836,-82.7508],[38.878,-82.74],[38.9054,-82.7011],[38.9112,-82.7121]]",0,1,county_code_unverified|timezone_not_normalized_to_utc
1001413,165592,2022,2022-02-18T07:30:00,2022-02-19T08:51:00,EST-5,25.35,39,39105,C,105,MEIGS,0,0,0,0,500.00,0.00,Heavy Rain,0,"[[39.02,-82.07],[39.031,-82.1434],[39.052,-82.1308],[39.0384,-82.077],[39.0603,-82.0296],[39.0486,-82.0223],[39.0206,-82.0534]]",0,1,county_code_unverified|timezone_not_normalized_to_utc
1001414,165592,2022,2022-02-18T03:00:00,2022-02-19T08:51:00,EST-5,29.85,39,39115,C,115,MORGAN,0,0,0,0,1000.00,0.00,Heavy Rain,0,"[[39.7312,-81.8048],[39.7382,-81.6717],[39.5967,-81.6822],[39.5997,-81.7297],[39.5209,-81.7396],[39.5259,-81.8332]]",0,1,county_code_unverified|timezone_not_normalized_to_utc
1001416,165592,2022,2022-02-18T07:30:00,2022-02-19T08:51:00,EST-5,25.35,39,39127,C,127,PERRY,0,0,0,0,2000.00,0.00,Heavy Rain,0,"[[39.8951,-82.3235],[39.8641,-82.1792],[39.7522,-82.1738],[39.7176,-82.0591],[39.6629,-82.0652],[39.6799,-82.3461]]",0,1,county_code_unverified|timezone_not_normalized_to_utc
1001419,165592,2022,2022-02-18T07:30:00,2022-02-19T08:51:00,EST-5,25.35,39,39163,C,163,VINTON,0,0,0,0,500.00,0.00,Heavy Rain,0,"[[39.39,-82.51],[39.3898,-82.5151],[39.3879,-82.5151],[39.3819,-82.4866],[39.3863,-82.4835]]",0,1,county_code_unverified|timezone_not_normalized_to_utc
1001423,165592,2022,2022-02-18T00:00:00,2022-02-19T08:51:00,EST-5,32.85,39,39167,C,167,WASHINGTON,0,0,0,0,500.00,0.00,Heavy Rain,0,"[[39.6396,-81.4685],[39.6418,-81.4545],[39.6231,-81.4544],[39.5731,-81.3441],[39.5433,-81.3441],[39.5462,-81.4661]]",0,1,county_code_unverified|timezone_not_normalized_to_utc
1001463,165654,2022,2022-03-07T05:00:00,2022-03-07T07:00:00,EST-5,2.0,18,18047,C,047,FRANKLIN,0,0,0,0,0.00,0.00,Heavy Rain,0,"[[39.3319,-85.2415],[39.3365,-85.2409],[39.3364,-85.2384],[39.3305,-85.2386]]",0,1,county_code_unverified|timezone_not_normalized_to_utc
1001488,165663,2022,2022-03-06T23:00:00,2022-03-07T04:00:00,CST-6,5.0,29,29225,C,225,WEBSTER,0,0,0,0,0.00,0.00,Heavy Rain,0,"[[37.3,-92.99],[37.2984,-92.9894],[37.298,-92.991],[37.3001,-92.9914],[37.3016,-92.9903]]",0,1,county_code_unverified|timezone_not_normalized_to_utc
1001489,165663,2022,2022-03-07T03:00:00,2022-03-07T08:00:00,CST-6,5.0,29,29169,C,169,PULASKI,0,0,0,0,0.00,0.00,Heavy Rain,0,"[[37.93,-92.13],[37.9283,-92.1181],[37.9236,-92.1215],[37.9251,-92.1314]]",0,1,county_code_unverified|timezone_not_normalized_to_utc
1001490,165663,2022,2022-03-07T06:00:00,2022-03-07T12:00:00,CST-6,6.0,29,29065,C,065,DENT,0,0,0,0,0.00,0.00,Heavy Rain,0,"[[37.78,-91.37],[37.7732,-91.3682],[37.7731,-91.3747],[37.7789,-91.3753]]",0,1,county_code_unverified|timezone_not_normalized_to_utc
1001592,165677,2022,2022-02-24T20:30:00,2022-02-25T03:00:00,EST-5,6.5,54,54039,C,039,KANAWHA,0,0,0,0,500.00,0.00,Heavy Rain,0,"[[38.3679,-81.7532],[38.3749,-81.7409],[38.3668,-81.7299],[38.3604,-81.7441]]",0,1,county_code_unverified|timezone_not_normalized_to_utc
1001594,165677,2022,2022-02-24T23:00:00,2022-02-25T05:00:00,EST-5,6.0,54,54087,C,087,ROANE,0,0,0,0,1500.00,0.00,Heavy Rain,0,"[[38.8991,-81.4717],[38.6386,-81.4728],[38.6513,-81.2694],[38.8872,-81.326]]",0,1,county_code_unverified|timezone_not_normalized_to_utc
1001600,165453,2022,2022-02-03T22:57:00,2022-02-05T05:32:00,EST-5,30.583333333333332,39,39167,C,167,WASHINGTON,0,0,0,0,1000.00,0.00,Heavy Rain,0,"[[39.5085,-81.4247],[39.5111,-81.4228],[39.5093,-81.4198],[39.5064,-81.4219]]",0,1,county_code_unverified|timezone_not_normalized_to_utc
1001633,165592,2022,2022-02-18T10:54:00,2022-02-19T13:25:00,EST-5,26.516666666666666,39,39167,C,167,WASHINGTON,0,0,0,0,500.00,0.00,Heavy Rain,0,"[[39.5064,-81.4219],[39.5081,-81.4262],[39.5121,-81.4227],[39.5105,-81.4191]]",0,1,county_code_unverified|timezone_not_normalized_to_utc
1001642,165592,2022,2022-02-19T16:26:00,2022-02-19T22:00:00,EST-5,5.566666666666666,39,39009,C,009,ATHENS,0,0,0,0,1000.00,0.00,Heavy Rain,0,"[[39.3354,-82.0861],[39.3297,-82.0662],[39.3151,-82.0775],[39.3203,-82.0943]]",0,1,county_code_unverified|timezone_not_normalized_to_utc
1001672,165681,2022,2022-03-04T06:44:00,2022-03-04T09:44:00,PST-8,3.0,06,06029,C,029,KERN,0,0,0,0,0.00,0.00,Heavy Rain,0,"[[35.3403,-118.9137],[35.3403,-118.9148],[35.3397,-118.9147],[35.3398,-118.9139]]",0,1,county_code_unverified|timezone_not_normalized_to_utc
1001694,165592,2022,2022-02-18T06:19:00,2022-02-19T00:08:00,EST-5,17.816666666666666,39,39167,C,167,WASHINGTON,0,0,0,0,1000.00,0.00,Heavy Rain,0,"[[39.5631,-81.2071],[39.5611,-81.2047],[39.5634,-81.1991],[39.5667,-81.2011]]",0,1,county_code_unverified|timezone_not_normalized_to_utc
1001697,165693,2022,2022-02-25T14:35:00,2022-02-26T02:48:00,EST-5,12.216666666666667,39,39167,C,167,WASHINGTON,0,0,0,0,500.00,0.00,Heavy Rain,0,"[[39.5667,-81.2011],[39.563,-81.1968],[39.5574,-81.2045],[39.5607,-81.2119]]",0,1,county_code_unverified|timezone_not_normalized_to_utc
1001699,165590,2022,2022-02-18T12:42:00,2022-02-18T20:50:00,EST-5,8.133333333333333,54,54095,C,095,TYLER,0,0,0,0,500.00,0.00,Heavy Rain,0,"[[39.4817,-81.0084],[39.4668,-81.0042],[39.4703,-80.9842],[39.4858,-80.9938]]",0,1,county_code_unverified|timezone_not_normalized_to_utc
1001816,165590,2022,2022-02-18T07:41:00,2022-02-18T16:25:00,EST-5,8.733333333333333,54,54095,C,095,TYLER,0,0,0,0,250.00,0.00,Heavy Rain,0,"[[39.4832,-80.8807],[39.4775,-80.8791],[39.4765,-80.8613],[39.4843,-80.8597]]",0,1,county_code_unverified|timezone_not_normalized_to_utc
1001817,165592,2022,2022-02-18T02:23:00,2022-02-19T14:51:00,EST-5,36.46666666666667,39,39167,C,167,WASHINGTON,0,0,0,0,8000.00,0.00,Heavy Rain,0,"[[39.5531,-81.6444],[39.5456,-81.6513],[39.5379,-81.6412],[39.542,-81.6271],[39.5544,-81.625]]",0,1,county_code_unverified|timezone_not_normalized_to_utc
1001818,165693,2022,2022-02-25T15:10:00,2022-02-26T02:12:00,EST-5,11.033333333333333,39,39167,C,167,WASHINGTON,0,0,0,0,500.00,0.00,Heavy Rain,0,"[[39.5544,-81.625],[39.552,-81.6505],[39.5399,-81.6408],[39.5432,-81.6249]]",0,1,county_code_unverified|timezone_not_normalized_to_utc
1001819,165715,2022,2022-02-22T22:18:00,2022-02-23T17:15:00,EST-5,18.95,39,39167,C,167,WASHINGTON,0,0,0,0,500.00,0.00,Heavy Rain,0,"[[39.5432,-81.6249],[39.5546,-81.6228],[39.5531,-81.6521],[39.5408,-81.6461]]",0,1,county_code_unverified|timezone_not_normalized_to_utc
1001820,165715,2022,2022-02-22T19:40:00,2022-02-23T11:25:00,EST-5,15.75,39,39115,C,115,MORGAN,0,0,0,0,5000.00,0.00,Heavy Rain,0,"[[39.6565,-81.8738],[39.6594,-81.8609],[39.6444,-81.8407],[39.6395,-81.8521]]",0,1,county_code_unverified|timezone_not_normalized_to_utc
1001821,165592,2022,2022-02-18T03:18:00,2022-02-19T13:15:00,EST-5,33.95,39,39115,C,115,MORGAN,0,0,0,0,10000.00,0.00,Heavy Rain,0,"[[39.6348,-81.8564],[39.6362,-81.8258],[39.6697,-81.8301],[39.6669,-81.8871]]",0,1,county_code_unverified|timezone_not_normalized_to_utc
1001822,165592,2022,2022-02-19T08:15:00,2022-02-19T20:26:00,EST-5,12.183333333333334,39,39105,C,105,MEIGS,0,0,0,0,3000.00,0.00,Heavy Rain,0,"[[39.1108,-81.7434],[39.1443,-81.745],[39.1781,-81.7571],[39.1785,-81.7672],[39.0817,-81.7747],[39.0959,-81.7486]]",0,1,county_code_unverified|timezone_not_normalized_to_utc
1001830,165677,2022,2022-02-26T21:33:00,2022-02-28T04:07:00,EST-5,30.566666666666666,54,54053,C,053,MASON,0,0,0,0,2000.00,0.00,Heavy Rain,0,"[[38.8268,-82.1507],[38.8193,-82.1042],[38.8755,-82.0826],[38.8757,-82.1381]]",0,1,county_code_unverified|timezone_not_normalized_to_utc
1001833,165592,2022,2022-02-18T07:31:00,2022-02-19T01:11:00,EST-5,17.666666666666668,39,39009,C,009,ATHENS,0,0,0,0,250.00,0.00,Heavy Rain,0,"[[39.0598,-81.8903],[39.0696,-81.8916],[39.0695,-81.8708],[39.0591,-81.8717]]",0,1,county_code_unverified|timezone_not_normalized_to_utc
1001835,165074,2022,2022-02-04T06:10:00,2022-02-04T22:51:00,EST-5,16.683333333333334,54,54083,C,083,RANDOLPH,0,0,0,0,500.00,0.00,Heavy Rain,0,"[[38.734,-79.9633],[38.7301,-79.9632],[38.7294,-79.952],[38.7351,-79.9505]]",0,1,county_code_unverified|timezone_not_normalized_to_utc
1001837,165592,2022,2022-02-18T02:24:00,2022-02-19T07:45:00,EST-5,29.35,39,39167,C,167,WASHINGTON,0,0,0,0,1500.00,0.00,Heavy Rain,0,"[[39.6349,-81.4638],[39.6274,-81.4618],[39.628,-81.4543],[39.636,-81.4538]]",0,1,county_code_unverified|timezone_not_normalized_to_utc
1001838,165715,2022,2022-02-23T02:35:00,2022-02-23T15:12:00,EST-5,12.616666666666667,39,39167,C,167,WASHINGTON,0,0,0,0,500.00,0.00,Heavy Rain,0,"[[39.636,-81.4538],[39.6355,-81.464],[39.6267,-81.4616],[39.6275,-81.4533]]",0,1,county_code_unverified|timezone_not_normalized_to_utc
1001839,165693,2022,2022-02-25T13:00:00,2022-02-26T04:55:00,EST-5,15.916666666666666,39,39167,C,167,WASHINGTON,0,0,0,0,500.00,0.00,Heavy Rain,0,"[[39.6275,-81.4552],[39.6351,-81.4551],[39.6349,-81.4641],[39.6277,-81.4622]]",0,1,county_code_unverified|timezone_not_normalized_to_utc
1002837,165863,2022,2022-03-06T20:00:00,2022-03-06T23:00:00,EST-5,3.0,54,54039,C,039,KANAWHA,0,0,0,0,500.00,0.00,Heavy Rain,0,"[[38.3921,-81.5473],[38.391,-81.5684],[38.3709,-81.5684],[38.3712,-81.5497]]",0,1,county_code_unverified|timezone_not_normalized_to_utc
1002841,165863,2022,2022-03-06T20:30:00,2022-03-06T23:30:00,EST-5,3.0,54,54039,C,039,KANAWHA,0,0,0,0,500.00,0.00,Heavy Rain,0,"[[38.4427,-81.7666],[38.4426,-81.7736],[38.4369,-81.7729],[38.4367,-81.7659]]",0,1,county_code_unverified|timezone_not_normalized_to_utc
1002846,165863,2022,2022-03-06T22:15:00,2022-03-07T01:15:00,EST-5,3.0,54,54039,C,039,KANAWHA,0,0,0,0,500.00,0.00,Heavy Rain,0,"[[38.3727,-81.7368],[38.3731,-81.7425],[38.3676,-81.7414],[38.3677,-81.7371]]",0,1,county_code_unverified|timezone_not_normalized_to_utc
1002853,165864,2022,2022-03-07T13:20:00,2022-03-07T15:45:00,EST-5,2.4166666666666665,21,21019,C,019,BOYD,0,0,0,0,500.00,0.00,Heavy Rain,0,"[[38.3331,-82.7763],[38.3332,-82.7823],[38.3268,-82.7829],[38.3271,-82.7754]]",0,1,county_code_unverified|timezone_not_normalized_to_utc
1002854,165864,2022,2022-03-07T13:20:00,2022-03-07T15:45:00,EST-5,2.4166666666666665,21,21043,C,043,CARTER,0,0,0,0,500.00,0.00,Heavy Rain,0,"[[38.3228,-82.8066],[38.3229,-82.8135],[38.3166,-82.8127],[38.3169,-82.8062]]",0,1,county_code_unverified|timezone_not_normalized_to_utc
1002856,165864,2022,2022-03-07T13:25:00,2022-03-07T15:45:00,EST-5,2.3333333333333335,21,21043,C,043,CARTER,0,0,0,0,500.00,0.00,Heavy Rain,0,"[[38.2419,-82.9075],[38.2423,-82.9132],[38.2376,-82.9131],[38.2375,-82.9064]]",0,1,county_code_unverified|timezone_not_normalized_to_utc
1002861,165864,2022,2022-03-07T13:25:00,2022-03-07T15:45:00,EST-5,2.3333333333333335,21,21043,C,043,CARTER,0,0,0,0,500.00,0.00,Heavy Rain,0,"[[38.2539,-82.9094],[38.2524,-82.9261],[38.2355,-82.9177],[38.2356,-82.9062]]",0,1,county_code_unverified|timezone_not_normalized_to_utc
1002862,165864,2022,2022-03-07T13:30:00,2022-03-07T15:45:00,EST-5,2.25,21,21019,C,019,BOYD,0,0,0,0,500.00,0.00,Heavy Rain,0,"[[38.3171,-82.716],[38.3157,-82.7259],[38.3087,-82.7236],[38.3092,-82.7159]]",0,1,county_code_unverified|timezone_not_normalized_to_utc
1002864,165864,2022,2022-03-07T13:30:00,2022-03-07T15:45:00,EST-5,2.25,21,21019,C,019,BOYD,0,0,0,0,500.00,0.00,Heavy Rain,0,"[[38.311,-82.7152],[38.3111,-82.7239],[38.3042,-82.7215],[38.3047,-82.715]]",0,1,county_code_unverified|timezone_not_normalized_to_utc
1003518,165764,2022,2022-01-27T04:00:00,2022-01-27T06:00:00,CST-6,2.0,17,17091,C,091,KANKAKEE,0,0,0,0,0.00,0.00,Ice Jam,0,"[[41.2306,-88.0436],[41.2174,-88.0228],[41.2135,-87.9965],[41.2042,-87.9965],[41.2059,-88.0229],[41.2123,-88.0358],[41.2194,-88.0436]]",0,1,county_code_unverified|timezone_not_normalized_to_utc
1004102,166078,2022,2022-01-02T20:15:00,2022-01-07T16:30:00,CST-6,116.25,05,05121,C,121,RANDOLPH,0,0,0,0,0.00,0.00,Heavy Rain,0,"[[36.2685,-90.9682],[36.2694,-90.9462],[36.228,-90.9713],[36.2299,-91.0015]]",0,1,county_code_unverified|timezone_not_normalized_to_utc
1004103,166078,2022,2022-01-01T10:37:00,2022-01-18T04:37:00,CST-6,402.0,05,05075,C,075,LAWRENCE,0,0,0,0,0.00,0.00,Heavy Rain,0,"[[36.1143,-91.0949],[36.1086,-91.0705],[36.0654,-91.1004],[36.0739,-91.1236]]",0,1,county_code_unverified|timezone_not_normalized_to_utc
1004104,166078,2022,2022-01-02T14:12:00,2022-01-25T17:05:00,CST-6,554.8833333333333,05,05147,C,147,WOODRUFF,0,0,0,0,0.00,0.00,Heavy Rain,0,"[[35.2944,-91.4195],[35.3033,-91.3445],[35.2476,-91.3358],[35.2414,-91.4295]]",0,1,county_code_unverified|timezone_not_normalized_to_utc
1004107,166078,2022,2022-01-03T03:45:00,2022-01-26T22:15:00,CST-6,570.5,05,05147,C,147,WOODRUFF,0,0,0,0,0.00,0.00,Heavy Rain,0,"[[35.2765,-91.2445],[35.2781,-91.23],[35.2499,-91.2366],[35.2511,-91.259]]",0,1,county_code_unverified|timezone_not_normalized_to_utc
1004109,166081,2022,2022-01-09T04:20:00,2022-01-12T00:59:00,CST-6,68.65,05,05121,C,121,RANDOLPH,0,0,0,0,0.00,0.00,Heavy Rain,0,"[[36.2847,-90.9717],[36.2726,-90.9165],[36.2155,-90.9593],[36.2275,-91.0055]]",0,1,county_code_unverified|timezone_not_normalized_to_utc
1004111,166081,2022,2022-01-11T14:51:00,2022-01-28T01:30:00,CST-6,394.65,05,05095,C,095,MONROE,0,0,0,0,0.00,0.00,Heavy Rain,0,"[[34.7085,-91.3347],[34.7128,-91.3141],[34.6594,-91.2903],[34.6512,-91.33]]",0,1,county_code_unverified|timezone_not_normalized_to_utc
1004267,164358,2022,2022-01-03T09:20:00,2022-01-05T03:40:00,PST-8,42.333333333333336,41,41003,C,003,BENTON,0,0,0,0,0.00,0.00,Heavy Rain,0,"[[44.5391,-123.3834],[44.5306,-123.3083],[44.5578,-123.2788],[44.5529,-123.2618],[44.5135,-123.2907],[44.5298,-123.3861]]",0,1,county_code_unverified|timezone_not_normalized_to_utc
1004268,164358,2022,2022-01-04T09:00:00,2022-01-04T20:20:00,PST-8,11.333333333333334,41,41053,C,053,POLK,0,0,0,0,0.00,0.00,Heavy Rain,0,"[[44.7917,-123.2484],[44.7823,-123.207],[44.7609,-123.2078],[44.7763,-123.256]]",0,1,county_code_unverified|timezone_not_normalized_to_utc
1004276,166009,2022,2022-01-06T13:00:00,2022-01-08T12:20:00,PST-8,47.333333333333336,41,41057,C,057,TILLAMOOK,0,0,0,0,0.00,0.00,Heavy Rain,0,"[[45.6971,-123.7995],[45.7088,-123.849],[45.7373,-123.8648],[45.7186,-123.8873],[45.692,-123.8631],[45.6901,-123.8]]",0,1,county_code_unverified|timezone_not_normalized_to_utc
1004279,166009,2022,2022-01-06T09:45:00,2022-01-07T17:30:00,PST-8,31.75,41,41057,C,057,TILLAMOOK,0,0,0,0,0.00,0.00,Heavy Rain,0,"[[45.4725,-123.7636],[45.4811,-123.7799],[45.4824,-123.852],[45.4631,-123.8543],[45.4672,-123.7641]]",0,1,county_code_unverified|timezone_not_normalized_to_utc
1004280,166009,2022,2022-01-07T00:30:00,2022-01-08T09:00:00,PST-8,32.5,41,41053,C,053,POLK,0,0,0,0,0.00,0.00,Heavy Rain,0,"[[44.791,-123.2564],[44.7839,-123.2079],[44.7621,-123.2062],[44.7746,-123.256]]",0,1,county_code_unverified|timezone_not_normalized_to_utc
1004282,166009,2022,2022-01-06T15:00:00,2022-01-06T15:00:00,PST-8,0.0,41,41007,C,007,CLATSOP,0,0,0,0,0.00,0.00,Heavy Rain,0,"[[46.0932,-123.7432],[46.0959,-123.7356],[46.0946,-123.7353],[46.0925,-123.7428]]",0,1,county_code_unverified|timezone_not_normalized_to_utc
1004283,166009,2022,2022-01-06T12:00:00,2022-01-06T12:00:00,PST-8,0.0,41,41009,C,009,COLUMBIA,0,0,0,0,25000.00,0.00,Heavy Rain,0,"[[46.0064,-123.2416],[46.0008,-123.2515],[45.9987,-123.2498],[46.0023,-123.2384]]",0,1,county_code_unverified|timezone_not_normalized_to_utc
1004284,166008,2022,2022-01-06T06:40:00,2022-01-08T03:40:00,PST-8,45.0,53,53069,C,069,WAHKIAKUM,0,0,0,0,0.00,0.00,Heavy Rain,0,"[[46.3592,-123.5597],[46.2974,-123.6775],[46.3217,-123.7044],[46.3637,-123.6128]]",0,1,county_code_unverified|timezone_not_normalized_to_utc
1004286,166008,2022,2022-01-06T11:40:00,2022-01-07T11:30:00,PST-8,23.833333333333332,53,53049,C,049,PACIFIC,0,0,0,0,0.00,0.00,Heavy Rain,0,"[[46.3766,-123.7602],[46.3924,-123.8334],[46.3808,-123.8459],[46.3614,-123.8142],[46.3652,-123.7575]]",0,1,county_code_unverified|timezone_not_normalized_to_utc
1004287,166008,2022,2022-01-06T16:20:00,2022-01-07T17:50:00,PST-8,25.5,53,53049,C,049,PACIFIC,0,0,0,0,990000.00,0.00,Heavy Rain,0,"[[46.57,-123.556],[46.7101,-123.6822],[46.6822,-123.8015],[46.5338,-123.5922]]",0,1,county_code_unverified|timezone_not_normalized_to_utc
1004290,166008,2022,2022-01-06T13:30:00,2022-01-07T23:00:00,PST-8,33.5,53,53015,C,015,COWLITZ,0,0,0,0,0.00,0.00,Heavy Rain,0,"[[46.2902,-122.929],[46.1069,-122.9359],[46.1076,-122.8833],[46.2923,-122.8809]]",0,1,county_code_unverified|timezone_not_normalized_to_utc
1004294,166113,2022,2022-01-11T23:45:00,2022-01-12T23:30:00,PST-8,23.75,53,53069,C,069,WAHKIAKUM,0,0,0,0,0.00,0.00,Heavy Rain,0,"[[46.3595,-123.5799],[46.3581,-123.6141],[46.3237,-123.6828],[46.316,-123.6514],[46.3507,-123.5744]]",0,1,county_code_unverified|timezone_not_normalized_to_utc
1004601,166173,2022,2022-02-04T13:00:00,2022-02-04T15:00:00,EST-5,2.0,51,51187,C,187,WARREN,0,0,0,0,0.00,0.00,Heavy Rain,0,"[[39.003,-78.0524],[39.0038,-78.0523],[39.0037,-78.0515],[39.0028,-78.0519]]",0,1,county_code_unverified|timezone_not_normalized_to_utc
1005275,166011,2022,2022-01-01T17:03:00,2022-01-01T23:00:00,EST-5,5.95,21,21065,C,065,ESTILL,0,0,0,0,0.00,0.00,Heavy Rain,0,"[[37.6242,-84.0061],[37.638,-83.9896],[37.6415,-83.9901],[37.6445,-83.9822],[37.6355,-83.977],[37.6182,-83.9979]]",0,1,county_code_unverified|timezone_not_normalized_to_utc
1005282,166011,2022,2022-01-01T17:03:00,2022-01-01T23:00:00,EST-5,5.95,21,21065,C,065,ESTILL,0,0,0,0,0.00,0.00,Heavy Rain,0,"[[37.6622,-84.0031],[37.6612,-84.0008],[37.6709,-84.0011],[37.6795,-84.0046],[37.678,-84.0075]]",0,1,county_code_unverified|timezone_not_normalized_to_utc
1005286,166011,2022,2022-01-01T21:00:00,2022-01-01T23:30:00,EST-5,2.5,21,21203,C,203,ROCKCASTLE,0,0,0,0,0.00,0.00,Heavy Rain,0,"[[37.3,-84.22],[37.2954,-84.214],[37.2808,-84.2168],[37.2777,-84.2013],[37.2991,-84.1597],[37.3026,-84.162],[37.3141,-84.1765],[37.3021,-84.1924]]",0,1,county_code_unverified|timezone_not_normalized_to_utc
1005293,166011,2022,2022-01-01T21:00:00,2022-01-01T23:30:00,EST-5,2.5,21,21203,C,203,ROCKCASTLE,0,0,0,0,0.00,0.00,Heavy Rain,0,"[[37.3007,-84.1592],[37.3018,-84.147],[37.307,-84.1331],[37.3197,-84.1326],[37.3216,-84.1405],[37.3129,-84.1552],[37.3022,-84.1629]]",0,1,county_code_unverified|timezone_not_normalized_to_utc
1005298,166011,2022,2022-01-01T21:00:00,2022-01-01T23:30:00,EST-5,2.5,21,21203,C,203,ROCKCASTLE,0,0,0,0,0.00,0.00,Heavy Rain,0,"[[37.2433,-84.2182],[37.2366,-84.2233],[37.2279,-84.237],[37.2251,-84.2586],[37.23,-84.2654],[37.2434,-84.2505],[37.2511,-84.2317]]",0,1,county_code_unverified|timezone_not_normalized_to_utc
1005315,166011,2022,2022-01-01T21:00:00,2022-01-01T23:30:00,EST-5,2.5,21,21203,C,203,ROCKCASTLE,0,0,0,0,0.00,0.00,Heavy Rain,0,"[[37.4,-84.27],[37.3778,-84.2708],[37.3734,-84.2698],[37.3739,-84.2646],[37.4078,-84.2543],[37.4148,-84.2552],[37.4173,-84.267]]",0,1,county_code_unverified|timezone_not_normalized_to_utc
1005540,164692,2022,2022-01-06T16:00:00,2022-01-11T04:00:00,PST-8,108.0,53,53027,C,027,GRAYS HARBOR,0,0,2,0,3390000.00,0.00,Heavy Rain / Snow Melt,2,"[[46.8503,-123.1191],[46.7683,-123.8854],[47.3888,-124.2891],[47.1471,-123.1822]]",0,1,county_code_unverified|timezone_not_normalized_to_utc
1005595,166011,2022,2022-01-01T16:17:00,2022-01-01T23:00:00,EST-5,6.716666666666667,21,21199,C,199,PULASKI,0,0,0,0,0.00,0.00,Heavy Rain,0,"[[37.23,-84.52],[37.2284,-84.5232],[37.2325,-84.5278],[37.2342,-84.5235]]",0,1,county_code_unverified|timezone_not_normalized_to_utc
1005597,166011,2022,2022-01-01T16:19:00,2022-01-01T23:00:00,EST-5,6.683333333333334,21,21199,C,199,PULASKI,0,0,0,0,4000.00,0.00,Heavy Rain,0,"[[37.26,-84.57],[37.2561,-84.566],[37.2658,-84.5384],[37.2686,-84.5398]]",0,1,county_code_unverified|timezone_not_normalized_to_utc
1005599,166011,2022,2022-01-01T16:21:00,2022-01-01T23:00:00,EST-5,6.65,21,21199,C,199,PULASKI,0,0,0,0,0.00,0.00,Heavy Rain,0,"[[37.1765,-84.6091],[37.1259,-84.5847],[37.18,-84.53],[37.2115,-84.5284],[37.2018,-84.5797]]",0,1,county_code_unverified|timezone_not_normalized_to_utc
1005615,166011,2022,2022-01-01T16:23:00,2022-01-01T23:00:00,EST-5,6.616666666666666,21,21199,C,199,PULASKI,0,0,0,0,0.00,0.00,Heavy Rain,0,"[[37.2115,-84.658],[37.2107,-84.6511],[37.2133,-84.6505],[37.2139,-84.6568]]",0,1,county_code_unverified|timezone_not_normalized_to_utc
1005712,166282,2022,2022-02-18T18:00:00,2022-02-28T23:59:00,CST-6,245.98333333333332,05,05075,C,075,LAWRENCE,0,0,0,0,0.00,0.00,Heavy Rain,0,"[[36.1108,-91.0944],[36.1066,-91.073],[36.0835,-91.0959],[36.0966,-91.1149]]",0,1,county_code_unverified|timezone_not_normalized_to_utc
1005714,166282,2022,2022-02-18T03:30:00,2022-02-28T23:59:00,CST-6,260.48333333333335,05,05147,C,147,WOODRUFF,0,0,0,0,0.00,0.00,Heavy Rain,0,"[[35.2764,-91.246],[35.2768,-91.2302],[35.2516,-91.2351],[35.2536,-91.2572]]",0,1,county_code_unverified|timezone_not_normalized_to_utc
1005716,166282,2022,2022-02-21T04:52:00,2022-02-28T23:59:00,CST-6,187.11666666666667,05,05121,C,121,RANDOLPH,0,0,0,0,0.00,0.00,Heavy Rain,0,"[[36.2804,-90.9592],[36.2735,-90.938],[36.2296,-90.9701],[36.2385,-90.9997]]",0,1,county_code_unverified|timezone_not_normalized_to_utc
1005718,166282,2022,2022-02-20T06:30:00,2022-02-28T23:59:00,CST-6,209.48333333333332,05,05147,C,147,WOODRUFF,0,0,0,0,0.00,0.00,Heavy Rain,0,"[[35.2988,-91.4459],[35.3127,-91.3529],[35.2245,-91.344],[35.2199,-91.4317]]",0,1,county_code_unverified|timezone_not_normalized_to_utc
1005719,166283,2022,2022-02-25T14:00:00,2022-02-28T23:59:00,CST-6,81.98333333333333,05,05095,C,095,MONROE,0,0,0,0,0.00,0.00,Heavy Rain,0,"[[34.7045,-91.3837],[34.7212,-91.3189],[34.6638,-91.2883],[34.6513,-91.3501]]",0,1,county_code_unverified|timezone_not_normalized_to_utc
1006149,166153,2022,2022-02-18T02:01:00,2022-02-18T11:33:00,EST-5,9.533333333333333,36,36057,C,057,MONTGOMERY,0,0,0,0,0.00,0.00,Heavy Rain,0,"[[42.9121,-74.562],[42.8979,-74.5138],[42.9269,-74.4438],[42.9202,-74.4329],[42.892,-74.472],[42.8923,-74.5311],[42.9057,-74.5604]]",0,1,county_code_unverified|timezone_not_normalized_to_utc
1006150,166153,2022,2022-02-18T02:30:00,2022-02-18T11:31:00,EST-5,9.016666666666667,36,36043,C,043,HERKIMER,0,0,0,0,0.00,0.00,Heavy Rain,0,"[[43.7187,-74.9619],[43.7732,-74.8498],[43.7733,-74.8182],[43.7591,-74.8176],[43.7511,-74.8713],[43.7123,-74.9557]]",0,1,county_code_unverified|timezone_not_normalized_to_utc
1006175,166153,2022,2022-02-18T07:00:00,2022-02-18T10:00:00,EST-5,3.0,36,36113,C,113,WARREN,0,0,0,0,50000.00,0.00,Heavy Rain,0,"[[43.4239,-73.7174],[43.4231,-73.7122],[43.4202,-73.7117],[43.4209,-73.7169]]",0,1,county_code_unverified|timezone_not_normalized_to_utc
1006497,166153,2022,2022-02-18T01:00:00,2022-02-18T11:30:00,EST-5,10.5,36,36057,C,057,MONTGOMERY,0,0,0,0,0.00,0.00,Ice Jam,0,"[[42.8531,-74.6556],[42.8402,-74.6527],[42.8406,-74.5768],[42.8541,-74.5857]]",0,1,county_code_unverified|timezone_not_normalized_to_utc
1006498,166153,2022,2022-02-18T00:30:00,2022-02-18T09:30:00,EST-5,9.0,36,36057,C,057,MONTGOMERY,0,0,0,0,0.00,0.00,Heavy Rain,0,"[[42.9449,-74.6273],[42.9478,-74.6143],[42.9353,-74.6078],[42.9335,-74.6179]]",0,1,county_code_unverified|timezone_not_normalized_to_utc
1006499,166153,2022,2022-02-18T13:30:00,2022-02-19T02:00:00,EST-5,12.5,36,36043,C,043,HERKIMER,0,0,0,0,35000.00,0.00,Ice Jam,0,"[[43.1016,-74.7725],[43.092,-74.7693],[43.0932,-74.762],[43.1024,-74.7666]]",0,1,county_code_unverified|timezone_not_normalized_to_utc
1006548,165820,2022,2022-02-17T17:15:00,2022-02-17T19:15:00,CST-6,2.0,21,21047,C,047,CHRISTIAN,0,0,0,0,0.00,0.00,Heavy Rain,0,"[[36.8573,-87.3896],[36.8356,-87.4075],[36.8384,-87.3377],[36.8566,-87.3357]]",0,1,county_code_unverified|timezone_not_normalized_to_utc
1006549,165821,2022,2022-02-17T13:30:00,2022-02-18T23:15:00,CST-6,33.75,29,29223,C,223,WAYNE,0,0,0,0,0.00,0.00,Heavy Rain,0,"[[37.1588,-90.4667],[37.1568,-90.5003],[37.2147,-90.5249],[37.2154,-90.4906]]",0,1,county_code_unverified|timezone_not_normalized_to_utc
1006550,165817,2022,2022-02-18T02:00:00,2022-02-20T13:30:00,CST-6,59.5,17,17191,C,191,WAYNE,0,0,0,0,0.00,0.00,Heavy Rain,0,"[[38.35,-88.58],[38.3592,-88.5694],[38.3221,-88.5217],[38.309,-88.5303]]",0,1,county_code_unverified|timezone_not_normalized_to_utc
1006551,165817,2022,2022-02-19T14:00:00,2022-02-28T23:59:00,CST-6,225.98333333333332,17,17193,C,193,WHITE,0,0,0,0,0.00,0.00,Heavy Rain,0,"[[38.08,-88.17],[38.119,-88.1676],[38.1171,-88.1429],[38.0606,-88.1377]]",0,1,county_code_unverified|timezone_not_normalized_to_utc
1006552,165817,2022,2022-02-20T00:45:00,2022-02-23T17:00:00,CST-6,88.25,17,17055,C,055,FRANKLIN,0,0,0,0,0.00,0.00,Heavy Rain,0,"[[37.9004,-89.0249],[37.88,-89.0],[37.9273,-88.9852],[37.9987,-88.9527],[38.0013,-88.9744],[37.97,-89.0214]]",0,1,county_code_unverified|timezone_not_normalized_to_utc
1006553,165817,2022,2022-02-22T00:45:00,2022-02-28T23:59:00,CST-6,167.23333333333332,17,17077,C,077,JACKSON,0,0,0,0,0.00,0.00,Heavy Rain,0,"[[37.77,-89.33],[37.7703,-89.3123],[37.7467,-89.3307],[37.7549,-89.3339]]",0,1,county_code_unverified|timezone_not_normalized_to_utc
1006554,165817,2022,2022-02-19T16:45:00,2022-02-28T23:59:00,CST-6,223.23333333333332,17,17185,C,185,WABASH,0,0,0,0,0.00,0.00,Heavy Rain,0,"[[38.4209,-87.7492],[38.3949,-87.7619],[38.3953,-87.7568],[38.417,-87.7426]]",0,1,county_code_unverified|timezone_not_normalized_to_utc
1006555,165817,2022,2022-02-19T16:45:00,2022-02-28T23:59:00,CST-6,223.23333333333332,17,17193,C,193,WHITE,0,0,0,0,0.00,0.00,Heavy Rain,0,"[[38.03,-88.05],[38.1106,-88.0201],[38.1077,-87.9928],[38.0493,-87.9867]]",0,1,county_code_unverified|timezone_not_normalized_to_utc
1006556,165817,2022,2022-02-20T08:30:00,2022-02-28T23:59:00,CST-6,207.48333333333332,17,17059,C,059,GALLATIN,0,0,0,0,0.00,0.00,Heavy Rain,0,"[[37.7,-88.13],[37.6683,-88.1622],[37.669,-88.1514],[37.6964,-88.1288]]",0,1,county_code_unverified|timezone_not_normalized_to_utc
1006557,165817,2022,2022-02-22T04:00:00,2022-02-28T23:59:00,CST-6,163.98333333333332,17,17151,C,151,POPE,0,0,0,0,0.00,0.00,Heavy Rain,0,"[[37.37,-88.48],[37.3379,-88.4945],[37.3363,-88.4854],[37.3657,-88.4765]]",0,1,county_code_unverified|timezone_not_normalized_to_utc
1006558,165817,2022,2022-02-22T04:00:00,2022-02-28T23:59:00,CST-6,163.98333333333332,17,17127,C,127,MASSAC,0,0,0,0,0.00,0.00,Heavy Rain,0,"[[37.15,-88.73],[37.1407,-88.7329],[37.115,-88.6268],[37.1231,-88.6328]]",0,1,county_code_unverified|timezone_not_normalized_to_utc
1006559,165817,2022,2022-02-22T04:00:00,2022-02-28T23:59:00,CST-6,163.98333333333332,17,17153,C,153,PULASKI,0,0,0,0,0.00,0.00,Heavy Rain,0,"[[37.18,-89.08],[37.1122,-89.1312],[37.1145,-89.1162],[37.1708,-89.0771]]",0,1,county_code_unverified|timezone_not_normalized_to_utc
1006560,165817,2022,2022-02-22T04:00:00,2022-02-28T23:59:00,CST-6,163.98333333333332,17,17003,C,003,ALEXANDER,0,0,0,0,0.00,0.00,Heavy Rain,0,"[[37.0,-89.18],[37.0398,-89.1846],[37.0413,-89.1804],[37.0087,-89.1698]]",0,1,county_code_unverified|timezone_not_normalized_to_utc
1006561,165820,2022,2022-02-18T10:00:00,2022-02-28T23:59:00,CST-6,253.98333333333332,21,21177,C,177,MUHLENBERG,0,0,0,0,0.00,0.00,Heavy Rain,0,"[[37.27,-86.98],[37.3168,-86.984],[37.3205,-86.9922],[37.2666,-86.9865]]",0,1,county_code_unverified|timezone_not_normalized_to_utc
1006562,165820,2022,2022-02-22T00:15:00,2022-02-28T23:59:00,CST-6,167.73333333333332,21,21149,C,149,MCLEAN,0,0,0,0,0.00,0.00,Heavy Rain,0,"[[37.53,-87.27],[37.5202,-87.2685],[37.5207,-87.2353],[37.5309,-87.2392],[37.5351,-87.2519]]",0,1,county_code_unverified|timezone_not_normalized_to_utc
1006563,165820,2022,2022-02-21T06:30:00,2022-02-28T23:59:00,CST-6,185.48333333333332,21,21225,C,225,UNION,0,0,0,0,0.00,0.00,Heavy Rain,0,"[[37.7774,-87.9408],[37.7685,-87.9586],[37.7629,-87.9587],[37.7668,-87.9408]]",0,1,county_code_unverified|timezone_not_normalized_to_utc
1006564,165820,2022,2022-02-22T00:10:00,2022-02-28T23:59:00,CST-6,167.81666666666666,21,21139,C,139,LIVINGSTON,0,0,0,0,0.00,0.00,Heavy Rain,0,"[[37.1322,-88.4139],[37.0638,-88.4602],[37.0652,-88.4502],[37.1235,-88.4118]]",0,1,county_code_unverified|timezone_not_normalized_to_utc
1006565,165820,2022,2022-02-22T00:10:00,2022-02-28T23:59:00,CST-6,167.81666666666666,21,21145,C,145,MCCRACKEN,0,0,0,0,0.00,0.00,Heavy Rain,0,"[[37.1053,-88.6132],[37.1344,-88.7229],[37.128,-88.7332],[37.0975,-88.6241]]",0,1,county_code_unverified|timezone_not_normalized_to_utc
1006566,165818,2022,2022-02-22T06:00:00,2022-02-28T23:59:00,CST-6,161.98333333333332,18,18051,C,051,GIBSON,0,0,0,0,0.00,0.00,Heavy Rain,0,"[[38.42,-87.58],[38.3969,-87.6343],[38.3833,-87.6205],[38.3961,-87.5689]]",0,1,county_code_unverified|timezone_not_normalized_to_utc
1006567,165818,2022,2022-02-19T16:45:00,2022-02-28T23:59:00,CST-6,223.23333333333332,18,18051,C,051,GIBSON,0,0,0,0,0.00,0.00,Heavy Rain,0,"[[38.4,-87.73],[38.3108,-87.8406],[38.3383,-87.8261],[38.3916,-87.7602]]",0,1,county_code_unverified|timezone_not_normalized_to_utc
1006568,165818,2022,2022-02-19T16:45:00,2022-02-28T23:59:00,CST-6,223.23333333333332,18,18129,C,129,POSEY,0,0,0,0,0.00,0.00,Heavy Rain,0,"[[38.13,-87.93],[38.1298,-87.9418],[38.0975,-87.957],[38.0995,-87.9471]]",0,1,county_code_unverified|timezone_not_normalized_to_utc
1006569,165818,2022,2022-02-18T12:00:00,2022-02-28T23:59:00,CST-6,251.98333333333332,18,18051,C,051,GIBSON,0,0,0,0,0.00,0.00,Heavy Rain,0,"[[38.48,-87.53],[38.5,-87.5416],[38.5069,-87.4766],[38.4989,-87.4756]]",0,1,county_code_unverified|timezone_not_normalized_to_utc
1006570,165818,2022,2022-02-18T06:00:00,2022-02-28T23:59:00,EST-5,257.98333333333335,18,18125,C,125,PIKE,0,0,0,0,0.00,0.00,Heavy Rain,0,"[[38.5,-87.28],[38.5127,-87.2874],[38.5473,-87.2095],[38.535,-87.2117]]",0,1,county_code_unverified|timezone_not_normalized_to_utc
1006571,165818,2022,2022-02-20T00:30:00,2022-02-28T23:59:00,CST-6,215.48333333333332,18,18173,C,173,WARRICK,0,0,0,0,0.00,0.00,Heavy Rain,0,"[[37.9418,-87.3912],[37.9227,-87.3491],[37.9216,-87.3577],[37.9358,-87.3898]]",0,1,county_code_unverified|timezone_not_normalized_to_utc
1006572,165818,2022,2022-02-20T16:30:00,2022-02-28T23:59:00,CST-6,199.48333333333332,18,18129,C,129,POSEY,0,0,0,0,0.00,0.00,Heavy Rain,0,"[[37.9214,-87.9112],[37.8868,-87.9463],[37.8884,-87.9351],[37.9174,-87.9076]]",0,1,county_code_unverified|timezone_not_normalized_to_utc
1006573,166421,2022,2022-02-08T17:45:00,2022-02-13T06:00:00,CST-6,108.25,17,17059,C,059,GALLATIN,0,0,0,0,0.00,0.00,Heavy Rain,0,"[[37.7,-88.13],[37.6817,-88.1507],[37.6789,-88.143],[37.6971,-88.127]]",0,1,county_code_unverified|timezone_not_normalized_to_utc
1006574,166422,2022,2022-02-07T05:45:00,2022-02-11T16:15:00,CST-6,106.5,18,18173,C,173,WARRICK,0,0,0,0,0.00,0.00,Heavy Rain,0,"[[37.9404,-87.3867],[37.9104,-87.3168],[37.9035,-87.3255],[37.9358,-87.3904]]",0,1,county_code_unverified|timezone_not_normalized_to_utc
1006575,166422,2022,2022-02-08T08:00:00,2022-02-13T06:00:00,CST-6,118.0,18,18129,C,129,POSEY,0,0,0,0,0.00,0.00,Heavy Rain,0,"[[37.9208,-87.9112],[37.8932,-87.9401],[37.8929,-87.9335],[37.9167,-87.909]]",0,1,county_code_unverified|timezone_not_normalized_to_utc
1006576,166423,2022,2022-02-09T22:30:00,2022-02-12T06:45:00,CST-6,56.25,21,21225,C,225,UNION,0,0,0,0,0.00,0.00,Heavy Rain,0,"[[37.7702,-87.9485],[37.7818,-87.9755],[37.7737,-87.9774],[37.7643,-87.9434]]",0,1,county_code_unverified|timezone_not_normalized_to_utc
1006577,166423,2022,2022-02-04T22:30:00,2022-02-09T06:00:00,CST-6,103.5,21,21177,C,177,MUHLENBERG,0,0,0,0,0.00,0.00,Heavy Rain,0,"[[37.27,-86.98],[37.2944,-86.9798],[37.2956,-86.9876],[37.2701,-86.9871]]",0,1,county_code_unverified|timezone_not_normalized_to_utc
1006623,165820,2022,2022-02-17T11:00:00,2022-02-17T16:00:00,CST-6,5.0,21,21233,C,233,WEBSTER,0,0,0,0,0.00,0.00,Heavy Rain,0,"[[37.42,-87.82],[37.467,-87.751],[37.4638,-87.6959],[37.4098,-87.7109]]",0,1,county_code_unverified|timezone_not_normalized_to_utc
1006625,165820,2022,2022-02-17T13:00:00,2022-02-17T20:00:00,CST-6,7.0,21,21107,C,107,HOPKINS,0,0,0,0,0.00,0.00,Heavy Rain,0,"[[37.17,-87.7],[37.18,-87.38],[37.42,-87.48],[37.37,-87.58]]",0,1,county_code_unverified|timezone_not_normalized_to_utc
1007015,165734,2022,2022-02-22T12:30:00,2022-02-22T20:00:00,CST-6,7.5,21,21039,C,039,CARLISLE,0,0,0,0,0.00,0.00,Heavy Rain,0,"[[36.908,-88.944],[36.8904,-88.9399],[36.8854,-88.9648],[36.9028,-88.9639]]",0,1,county_code_unverified|timezone_not_normalized_to_utc
1007060,166160,2022,2022-02-19T19:30:00,2022-02-28T12:40:00,EST-5,209.16666666666666,36,36113,C,113,WARREN,0,0,0,0,0.00,0.00,Ice Jam,0,"[[43.4813,-73.8255],[43.4841,-73.8187],[43.4796,-73.8119],[43.476,-73.821]]",0,1,county_code_unverified|timezone_not_normalized_to_utc
1007068,166485,2022,2022-04-08T04:20:00,2022-04-08T04:20:00,EST-5,0.0,25,25005,C,005,BRISTOL,0,0,0,0,4000.00,0.00,Heavy Rain,0,"[[41.6608,-70.9352],[41.6597,-70.9344],[41.6601,-70.9337],[41.661,-70.9343]]",0,1,county_code_unverified|timezone_not_normalized_to_utc
1007069,166485,2022,2022-04-08T04:40:00,2022-04-08T04:40:00,EST-5,0.0,25,25005,C,005,BRISTOL,0,0,0,0,2000.00,0.00,Heavy Rain,0,"[[41.7106,-70.9151],[41.71,-70.916],[41.7099,-70.9151],[41.7106,-70.914]]",0,1,county_code_unverified|timezone_not_normalized_to_utc
1007070,166485,2022,2022-04-08T04:44:00,2022-04-08T04:44:00,EST-5,0.0,25,25005,C,005,BRISTOL,0,0,0,0,2000.00,0.00,Heavy Rain,0,"[[41.6692,-70.9205],[41.6681,-70.9217],[41.6679,-70.9213],[41.6691,-70.92]]",0,1,county_code_unverified|timezone_not_normalized_to_utc
1007330,166536,2022,2022-03-11T12:30:00,2022-03-11T17:00:00,EST-5,4.5,12,12001,C,001,ALACHUA,0,0,0,0,0.00,0.00,Heavy Rain,0,"[[29.6502,-82.3553],[29.65,-82.36],[29.6529,-82.3592],[29.6526,-82.3556]]",0,1,county_code_unverified|timezone_not_normalized_to_utc
1007333,166536,2022,2022-03-12T05:51:00,2022-03-12T05:51:00,EST-5,0.0,12,12121,C,121,SUWANNEE,0,0,0,0,0.00,0.00,Heavy Rain,0,"[[30.2977,-82.9795],[30.3,-82.98],[30.3011,-82.9845],[30.2983,-82.9847]]",0,1,county_code_unverified|timezone_not_normalized_to_utc
1007334,166536,2022,2022-03-12T11:02:00,2022-03-12T11:02:00,EST-5,0.0,12,12031,C,031,DUVAL,0,0,0,0,0.00,0.00,Heavy Rain,0,"[[30.3182,-81.7015],[30.32,-81.7],[30.3206,-81.7018],[30.3189,-81.7028]]",0,1,county_code_unverified|timezone_not_normalized_to_utc
1007369,165280,2022,2022-02-23T03:03:00,2022-02-23T09:00:00,CST-6,5.95,01,01071,C,071,JACKSON,0,0,0,0,0.00,0.00,Heavy Rain,0,"[[34.65,-86.07],[34.652,-86.0629],[34.6546,-86.0652],[34.6532,-86.0713]]",0,1,county_code_unverified|timezone_not_normalized_to_utc
1007370,165280,2022,2022-02-23T03:19:00,2022-02-23T09:00:00,CST-6,5.683333333333334,01,01071,C,071,JACKSON,0,0,0,0,0.00,0.00,Heavy Rain,0,"[[34.64,-86.27],[34.6367,-86.2687],[34.6367,-86.2737],[34.6402,-86.2738]]",0,1,county_code_unverified|timezone_not_normalized_to_utc
1007371,165280,2022,2022-02-23T04:22:00,2022-02-23T10:00:00,CST-6,5.633333333333334,01,01071,C,071,JACKSON,0,0,0,0,0.00,0.00,Heavy Rain,0,"[[34.79,-85.98],[34.7906,-85.9747],[34.7862,-85.9727],[34.7853,-85.9805]]",0,1,county_code_unverified|timezone_not_normalized_to_utc
1007372,165280,2022,2022-02-23T05:30:00,2022-02-23T11:00:00,CST-6,5.5,01,01071,C,071,JACKSON,0,0,0,0,0.00,0.00,Heavy Rain,0,"[[34.88,-86.01],[34.8841,-86.0026],[34.8823,-85.9887],[34.8763,-85.9954]]",0,1,county_code_unverified|timezone_not_normalized_to_utc
1007373,165280,2022,2022-02-23T10:55:00,2022-02-23T17:00:00,CST-6,6.083333333333333,01,01071,C,071,JACKSON,0,0,0,0,0.00,0.00,Heavy Rain,0,"[[34.86,-86.2],[34.8648,-86.1974],[34.8602,-86.1879],[34.8501,-86.1968]]",0,1,county_code_unverified|timezone_not_normalized_to_utc
1007379,165281,2022,2022-02-23T08:20:00,2022-02-23T14:00:00,CST-6,5.666666666666667,47,47103,C,103,LINCOLN,0,0,0,0,0.00,0.00,Heavy Rain,0,"[[35.22,-86.63],[35.2266,-86.6298],[35.229,-86.6139],[35.2187,-86.6134]]",0,1,county_code_unverified|timezone_not_normalized_to_utc
1007380,165281,2022,2022-02-23T08:20:00,2022-02-23T14:00:00,CST-6,5.666666666666667,47,47103,C,103,LINCOLN,0,0,0,0,0.00,0.00,Heavy Rain,0,"[[35.26,-86.64],[35.2715,-86.6389],[35.2711,-86.6571],[35.2542,-86.6443]]",0,1,county_code_unverified|timezone_not_normalized_to_utc
1007381,165281,2022,2022-02-23T08:21:00,2022-02-23T14:00:00,CST-6,5.65,47,47103,C,103,LINCOLN,0,0,0,0,0.00,0.00,Heavy Rain,0,"[[35.15,-86.65],[35.1524,-86.6529],[35.1548,-86.6492],[35.1514,-86.6453]]",0,1,county_code_unverified|timezone_not_normalized_to_utc
1007382,165281,2022,2022-02-23T08:41:00,2022-02-23T14:00:00,CST-6,5.316666666666666,47,47103,C,103,LINCOLN,0,0,0,0,0.00,0.00,Heavy Rain,0,"[[35.16,-86.65],[35.1533,-86.6907],[35.1345,-86.6867],[35.1496,-86.6407]]",0,1,county_code_unverified|timezone_not_normalized_to_utc
1007570,166312,2022,2022-03-12T11:15:00,2022-03-12T11:15:00,EST-5,0.0,12,12053,C,053,HERNANDO,0,0,0,0,0.00,0.00,Heavy Rain,0,"[[28.5601,-82.6397],[28.56,-82.64],[28.5563,-82.639],[28.5565,-82.6386]]",0,1,county_code_unverified|timezone_not_normalized_to_utc
1008193,166633,2022,2022-03-02T08:00:00,2022-03-04T10:00:00,PST-8,50.0,16,16079,C,079,SHOSHONE,0,0,0,0,10000.00,10000.00,Heavy Rain / Snow Melt,0,"[[47.5362,-116.4207],[47.5443,-116.2655],[47.5644,-116.2688],[47.5546,-116.4196]]",0,1,county_code_unverified|timezone_not_normalized_to_utc
1008194,166633,2022,2022-03-02T08:00:00,2022-03-04T10:00:00,PST-8,50.0,16,16055,C,055,KOOTENAI,0,0,0,0,0.00,10000.00,Heavy Rain / Snow Melt,0,"[[47.53,-116.43],[47.5497,-116.4325],[47.5566,-116.3535],[47.5403,-116.3629]]",0,1,county_code_unverified|timezone_not_normalized_to_utc
1008201,166633,2022,2022-03-03T12:00:00,2022-03-04T12:00:00,PST-8,24.0,16,16057,C,057,LATAH,0,0,0,0,5000.00,5000.00,Heavy Rain / Snow Melt,0,"[[46.9169,-116.8968],[46.9183,-116.8959],[46.918,-116.8942],[46.9168,-116.895]]",0,1,county_code_unverified|timezone_not_normalized_to_utc
1008414,166697,2022,2022-03-01T00:00:00,2022-03-15T10:00:00,CST-6,346.0,18,18173,C,173,WARRICK,0,0,0,0,0.00,0.00,Heavy Rain,0,"[[37.9197,-87.3556],[37.928,-87.3562],[37.943,-87.3936],[37.9377,-87.3947]]",0,1,county_code_unverified|timezone_not_normalized_to_utc
1008415,166697,2022,2022-03-01T00:00:00,2022-03-17T08:00:00,CST-6,392.0,18,18129,C,129,POSEY,0,0,0,0,0.00,0.00,Heavy Rain,0,"[[37.93,-87.9],[37.8889,-87.9491],[37.8862,-87.9347],[37.9236,-87.899]]",0,1,county_code_unverified|timezone_not_normalized_to_utc
1008416,166697,2022,2022-03-01T00:00:00,2022-03-19T10:00:00,CST-6,442.0,18,18129,C,129,POSEY,0,0,0,0,0.00,0.00,Heavy Rain,0,"[[38.13,-87.93],[38.09,-87.9452],[38.096,-87.9587],[38.1307,-87.941]]",0,1,county_code_unverified|timezone_not_normalized_to_utc
1008417,166697,2022,2022-03-01T00:00:00,2022-03-08T14:00:00,CST-6,182.0,18,18051,C,051,GIBSON,0,0,0,0,0.00,0.00,Heavy Rain,0,"[[38.4048,-87.5854],[38.4036,-87.5493],[38.3972,-87.5525],[38.401,-87.5846]]",0,1,county_code_unverified|timezone_not_normalized_to_utc
1008418,166697,2022,2022-03-01T00:00:00,2022-03-18T13:00:00,CST-6,421.0,18,18051,C,051,GIBSON,0,0,0,0,0.00,0.00,Heavy Rain,0,"[[38.4,-87.73],[38.3093,-87.8115],[38.3165,-87.8336],[38.401,-87.7526]]",0,1,county_code_unverified|timezone_not_normalized_to_utc
1008419,166697,2022,2022-03-01T00:00:00,2022-03-18T09:00:00,CST-6,417.0,18,18051,C,051,GIBSON,0,0,0,0,0.00,0.00,Heavy Rain,0,"[[38.4932,-87.5395],[38.5026,-87.515],[38.4925,-87.484],[38.4892,-87.5408]]",0,1,county_code_unverified|timezone_not_normalized_to_utc
1008420,166697,2022,2022-03-01T00:00:00,2022-03-17T13:00:00,EST-5,397.0,18,18125,C,125,PIKE,0,0,0,0,0.00,0.00,Heavy Rain,0,"[[38.5,-87.28],[38.5379,-87.1816],[38.551,-87.2004],[38.5193,-87.2707]]",0,1,county_code_unverified|timezone_not_normalized_to_utc
1008421,166699,2022,2022-03-01T00:00:00,2022-03-04T06:00:00,CST-6,78.0,21,21059,C,059,DAVIESS,0,0,0,0,0.00,0.00,Heavy Rain,0,"[[37.77,-87.12],[37.7824,-87.1319],[37.7848,-87.0747],[37.7789,-87.0801]]",0,1,county_code_unverified|timezone_not_normalized_to_utc
1008422,166699,2022,2022-03-01T00:00:00,2022-03-18T15:00:00,CST-6,423.0,21,21225,C,225,UNION,0,0,0,0,0.00,0.00,Heavy Rain,0,"[[37.7714,-87.9445],[37.7751,-87.9718],[37.7687,-87.9829],[37.7632,-87.9437]]",0,1,county_code_unverified|timezone_not_normalized_to_utc
1008423,166699,2022,2022-03-01T00:00:00,2022-03-12T06:00:00,CST-6,270.0,21,21139,C,139,LIVINGSTON,0,0,0,0,0.00,0.00,Heavy Rain,0,"[[37.13,-88.4],[37.1303,-88.418],[37.0613,-88.4691],[37.0602,-88.4608]]",0,1,county_code_unverified|timezone_not_normalized_to_utc
1008424,166699,2022,2022-03-01T00:00:00,2022-03-17T05:00:00,CST-6,389.0,21,21145,C,145,MCCRACKEN,0,0,0,0,0.00,0.00,Heavy Rain,0,"[[37.08,-88.63],[37.1552,-88.8213],[37.1819,-88.8185],[37.1103,-88.6223]]",0,1,county_code_unverified|timezone_not_normalized_to_utc
1008425,166699,2022,2022-03-01T00:00:00,2022-03-10T11:00:00,CST-6,227.0,21,21177,C,177,MUHLENBERG,0,0,0,0,0.00,0.00,Heavy Rain,0,"[[37.27,-86.98],[37.2673,-86.9852],[37.311,-86.9951],[37.3107,-86.9869]]",0,1,county_code_unverified|timezone_not_normalized_to_utc
1008426,166699,2022,2022-03-01T00:00:00,2022-03-02T20:30:00,CST-6,44.5,21,21149,C,149,MCLEAN,0,0,0,0,0.00,0.00,Heavy Rain,0,"[[37.53,-87.27],[37.5211,-87.2688],[37.5318,-87.2512],[37.5367,-87.2576]]",0,1,county_code_unverified|timezone_not_normalized_to_utc
1008429,166664,2022,2022-03-31T06:00:00,2022-03-31T23:15:00,CST-6,17.25,29,29223,C,223,WAYNE,0,0,0,0,0.00,0.00,Heavy Rain,0,"[[37.2081,-90.5076],[37.1773,-90.5],[37.1795,-90.4905],[37.2072,-90.4976]]",0,1,county_code_unverified|timezone_not_normalized_to_utc
1008430,166700,2022,2022-03-01T00:00:00,2022-03-12T16:00:00,CST-6,280.0,29,29143,C,143,NEW MADRID,0,0,0,0,0.00,0.00,Heavy Rain,0,"[[36.6,-89.53],[36.5767,-89.5183],[36.5349,-89.4565],[36.5692,-89.4545]]",0,1,county_code_unverified|timezone_not_normalized_to_utc
1008431,166701,2022,2022-03-01T00:00:00,2022-03-01T14:00:00,CST-6,14.0,17,17077,C,077,JACKSON,0,0,0,0,0.00,0.00,Heavy Rain,0,"[[37.7712,-89.3215],[37.7531,-89.3463],[37.7462,-89.3426],[37.7662,-89.3148]]",0,1,county_code_unverified|timezone_not_normalized_to_utc
1008432,166701,2022,2022-03-01T00:00:00,2022-03-13T22:45:00,CST-6,310.75,17,17193,C,193,WHITE,0,0,0,0,0.00,0.00,Heavy Rain,0,"[[38.0522,-88.1503],[38.0813,-88.1339],[38.0841,-88.1525],[38.0612,-88.1743]]",0,1,county_code_unverified|timezone_not_normalized_to_utc
1008433,166701,2022,2022-03-01T00:00:00,2022-03-19T10:00:00,CST-6,442.0,17,17193,C,193,WHITE,0,0,0,0,0.00,0.00,Heavy Rain,0,"[[38.03,-88.05],[38.1361,-87.993],[38.1275,-87.9436],[38.028,-88.0212]]",0,1,county_code_unverified|timezone_not_normalized_to_utc
1008434,166701,2022,2022-03-01T00:00:00,2022-03-18T13:00:00,CST-6,421.0,17,17185,C,185,WABASH,0,0,0,0,0.00,0.00,Heavy Rain,0,"[[38.416,-87.7437],[38.4509,-87.734],[38.4526,-87.7457],[38.4213,-87.7575]]",0,1,county_code_unverified|timezone_not_normalized_to_utc
1008435,166701,2022,2022-03-01T00:00:00,2022-03-19T19:00:00,CST-6,451.0,17,17003,C,003,ALEXANDER,0,0,0,0,0.00,0.00,Heavy Rain,0,"[[36.9863,-89.1351],[37.0258,-89.1763],[37.0211,-89.1837],[36.9828,-89.1489]]",0,1,county_code_unverified|timezone_not_normalized_to_utc
1008441,166701,2022,2022-03-01T00:00:00,2022-03-20T01:00:00,CST-6,457.0,17,17153,C,153,PULASKI,0,0,0,0,0.00,0.00,Heavy Rain,0,"[[37.18,-89.08],[37.1754,-89.0685],[37.1297,-89.101],[37.138,-89.111]]",0,1,county_code_unverified|timezone_not_normalized_to_utc
1008446,166701,2022,2022-03-01T00:00:00,2022-03-17T05:00:00,CST-6,389.0,17,17127,C,127,MASSAC,0,0,0,0,0.00,0.00,Heavy Rain,0,"[[37.15,-88.73],[37.1414,-88.7375],[37.1183,-88.6326],[37.1269,-88.6353]]",0,1,county_code_unverified|timezone_not_normalized_to_utc
1008450,166701,2022,2022-03-01T00:00:00,2022-03-17T03:30:00,CST-6,387.5,17,17151,C,151,POPE,0,0,0,0,0.00,0.00,Heavy Rain,0,"[[37.37,-88.48],[37.3369,-88.4863],[37.3396,-88.4935],[37.3672,-88.4832]]",0,1,county_code_unverified|timezone_not_normalized_to_utc
1008451,166701,2022,2022-03-01T00:00:00,2022-03-20T03:00:00,CST-6,459.0,17,17059,C,059,GALLATIN,0,0,0,0,0.00,0.00,Heavy Rain,0,"[[37.7,-88.13],[37.6589,-88.1716],[37.6589,-88.1582],[37.6944,-88.1283]]",0,1,county_code_unverified|timezone_not_normalized_to_utc
1008452,166702,2022,2022-03-25T12:30:00,2022-03-31T23:59:00,CST-6,155.48333333333332,17,17193,C,193,WHITE,0,0,0,0,0.00,0.00,Heavy Rain,0,"[[38.03,-88.05],[38.0319,-88.0378],[37.9781,-88.0158],[37.9797,-88.0428]]",0,1,county_code_unverified|timezone_not_normalized_to_utc
1008453,166703,2022,2022-03-25T12:30:00,2022-03-31T23:59:00,CST-6,155.48333333333332,18,18129,C,129,POSEY,0,0,0,0,0.00,0.00,Heavy Rain,0,"[[38.1294,-87.9431],[38.0965,-87.9577],[38.097,-87.9503],[38.1269,-87.9385]]",0,1,county_code_unverified|timezone_not_normalized_to_utc
1008465,166660,2022,2022-03-30T16:15:00,2022-03-30T17:35:00,CST-6,1.3333333333333333,17,17199,C,199,WILLIAMSON,0,0,0,0,0.00,0.00,Heavy Rain,0,"[[37.8,-89.03],[37.75,-89.08],[37.78,-89.12],[37.82,-89.13]]",0,1,county_code_unverified|timezone_not_normalized_to_utc
1008474,166489,2022,2022-03-06T14:37:00,2022-03-06T14:47:00,CST-6,0.16666666666666666,21,21177,C,177,MUHLENBERG,0,0,0,0,0.00,0.00,Heavy Rain,0,"[[37.22,-87.19],[37.2009,-87.1961],[37.1997,-87.1767],[37.2178,-87.1738]]",0,1,county_code_unverified|timezone_not_normalized_to_utc
1008479,166490,2022,2022-03-06T18:26:00,2022-03-06T19:30:00,CST-6,1.0666666666666667,29,29207,C,207,STODDARD,0,0,0,0,0.00,0.00,Heavy Rain,0,"[[36.9145,-89.92],[36.9,-89.9019],[36.8855,-89.92],[36.9,-89.9381]]",0,1,county_code_unverified|timezone_not_normalized_to_utc
1008753,166769,2022,2022-02-17T09:00:00,2022-02-18T08:30:00,EST-5,23.5,26,26147,C,147,ST. CLAIR,0,0,0,0,0.00,0.00,Heavy Rain / Snow Melt,0,"[[43.164,-82.6432],[43.1655,-82.5845],[43.1143,-82.5806],[43.0994,-82.637]]",0,1,county_code_unverified|timezone_not_normalized_to_utc
1008894,166161,2022,2022-02-22T20:30:00,2022-02-23T19:45:00,EST-5,23.25,36,36057,C,057,MONTGOMERY,0,0,0,0,0.00,0.00,Heavy Rain,0,"[[42.9528,-74.4064],[42.9452,-74.3939],[42.9522,-74.3747],[42.9591,-74.3883]]",0,1,county_code_unverified|timezone_not_normalized_to_utc
1008895,166161,2022,2022-02-23T06:00:00,2022-02-23T20:00:00,EST-5,14.0,36,36043,C,043,HERKIMER,0,0,0,0,0.00,0.00,Ice Jam,0,"[[43.1,-74.7743],[43.0913,-74.7678],[43.0951,-74.7622],[43.1029,-74.7676]]",0,1,county_code_unverified|timezone_not_normalized_to_utc
1008896,166161,2022,2022-02-24T10:30:00,2022-02-24T13:00:00,EST-5,2.5,36,36041,C,041,HAMILTON,0,0,0,0,50000.00,0.00,Ice Jam,0,"[[43.3093,-74.2579],[43.2709,-74.2383],[43.2719,-74.2277],[43.3048,-74.2372]]",0,1,county_code_unverified|timezone_not_normalized_to_utc
1008908,166444,2022,2022-02-05T11:47:00,2022-02-05T21:00:00,AST-4,9.216666666666667,99,,C,127,SAN JUAN,0,0,0,0,0.00,0.00,Heavy Rain,0,"[[18.3948,-66.0963],[18.3948,-66.0958],[18.3937,-66.0959],[18.3939,-66.0962]]",0,1,requires_crosswalk_or_marine_review|timezone_not_normalized_to_utc
1008909,166444,2022,2022-02-05T12:53:00,2022-02-05T21:00:00,AST-4,8.116666666666667,99,,C,127,SAN JUAN,0,0,0,0,0.00,0.00,Heavy Rain,0,"[[18.4127,-66.0207],[18.4124,-66.0207],[18.4125,-66.0203],[18.4127,-66.0204]]",0,1,requires_crosswalk_or_marine_review|timezone_not_normalized_to_utc
1008910,166444,2022,2022-02-05T13:18:00,2022-02-05T21:00:00,AST-4,7.7,99,,C,021,BAYAMON,0,0,0,0,0.00,0.00,Heavy Rain,0,"[[18.42,-66.19],[18.4194,-66.1908],[18.4193,-66.1884],[18.42,-66.1884]]",0,1,requires_crosswalk_or_marine_review|timezone_not_normalized_to_utc
1008912,166444,2022,2022-02-05T14:30:00,2022-02-05T21:00:00,AST-4,6.5,99,,C,127,SAN JUAN,0,0,0,0,0.00,0.00,Heavy Rain,0,"[[18.41,-66.02],[18.4103,-66.0211],[18.4091,-66.0211],[18.4092,-66.0199]]",0,1,requires_crosswalk_or_marine_review|timezone_not_normalized_to_utc
1008913,166444,2022,2022-02-05T14:30:00,2022-02-05T21:00:00,AST-4,6.5,99,,C,127,SAN JUAN,0,0,0,0,0.00,0.00,Heavy Rain,0,"[[18.44,-66.05],[18.4403,-66.0502],[18.4377,-66.0528],[18.4369,-66.0513]]",0,1,requires_crosswalk_or_marine_review|timezone_not_normalized_to_utc
1008914,166444,2022,2022-02-05T16:26:00,2022-02-05T21:00:00,AST-4,4.566666666666666,99,,C,061,GUAYNABO,0,0,0,0,0.00,0.00,Heavy Rain,0,"[[18.402,-66.112],[18.4032,-66.1075],[18.3978,-66.1041],[18.3963,-66.1108]]",0,1,requires_crosswalk_or_marine_review|timezone_not_normalized_to_utc
1008915,166444,2022,2022-02-05T16:54:00,2022-02-05T21:00:00,AST-4,4.1,99,,C,001,ADJUNTAS,0,0,0,0,0.00,0.00,Heavy Rain,0,"[[18.3946,-66.1454],[18.3945,-66.1429],[18.3921,-66.1428],[18.3923,-66.1461]]",0,1,requires_crosswalk_or_marine_review|timezone_not_normalized_to_utc
1008916,166444,2022,2022-02-05T18:02:00,2022-02-05T21:00:00,AST-4,2.966666666666667,99,,C,031,CAROLINA,0,0,0,0,0.00,0.00,Heavy Rain,0,"[[18.38,-65.98],[18.3836,-65.98],[18.3842,-65.9778],[18.381,-65.977]]",0,1,requires_crosswalk_or_marine_review|timezone_not_normalized_to_utc
1008949,166563,2022,2022-02-04T02:15:00,2022-02-04T03:00:00,EST-5,0.75,21,21065,C,065,ESTILL,0,0,0,0,0.00,0.00,Heavy Rain,0,"[[37.6779,-84.0075],[37.6689,-84.0035],[37.6623,-84.0029],[37.6616,-84.0005],[37.669,-84.001],[37.6761,-84.0028],[37.6797,-84.0051]]",0,1,county_code_unverified|timezone_not_normalized_to_utc
1008956,166563,2022,2022-02-03T22:45:00,2022-02-04T02:00:00,EST-5,3.25,21,21129,C,129,LEE,0,0,0,0,0.00,0.00,Heavy Rain,0,"[[37.663,-83.8217],[37.6604,-83.8239],[37.6585,-83.8216],[37.6476,-83.8],[37.6499,-83.7977],[37.6554,-83.804]]",0,1,county_code_unverified|timezone_not_normalized_to_utc
1008957,166563,2022,2022-02-03T22:15:00,2022-02-04T02:00:00,EST-5,3.75,21,21175,C,175,MORGAN,0,0,0,0,0.00,0.00,Heavy Rain,0,"[[38.0175,-83.2719],[38.0198,-83.2712],[38.0283,-83.2877],[38.0268,-83.2886]]",0,1,county_code_unverified|timezone_not_normalized_to_utc
1008959,166563,2022,2022-02-03T08:30:00,2022-02-03T21:00:00,EST-5,12.5,21,21121,C,121,KNOX,0,0,0,0,0.00,0.00,Heavy Rain,0,"[[36.8788,-83.8819],[36.8796,-83.8804],[36.8895,-83.8784],[36.8891,-83.8768],[36.8843,-83.8778],[36.8794,-83.8788],[36.8771,-83.8798],[36.8767,-83.8815]]",0,1,county_code_unverified|timezone_not_normalized_to_utc
1008961,166563,2022,2022-02-03T20:30:00,2022-02-03T22:30:00,EST-5,2.0,21,21121,C,121,KNOX,0,0,0,0,0.00,0.00,Heavy Rain,0,"[[36.9161,-83.923],[36.931,-83.9192],[36.9324,-83.9205],[36.9308,-83.9223],[36.9271,-83.9243],[36.917,-83.925]]",0,1,county_code_unverified|timezone_not_normalized_to_utc
1008962,166563,2022,2022-02-04T06:09:00,2022-02-04T09:00:00,EST-5,2.85,21,21013,C,013,BELL,0,0,0,0,0.00,0.00,Heavy Rain,0,"[[36.7753,-83.6339],[36.7754,-83.6331],[36.7758,-83.6236],[36.7771,-83.6198],[36.7794,-83.6151],[36.7802,-83.6155],[36.7764,-83.6342]]",0,1,county_code_unverified|timezone_not_normalized_to_utc
1008964,166563,2022,2022-02-04T07:10:00,2022-02-04T09:00:00,EST-5,1.8333333333333333,21,21121,C,121,KNOX,0,0,0,0,0.00,0.00,Heavy Rain,0,"[[36.919,-83.9058],[36.9205,-83.9051],[36.9289,-83.9106],[36.9283,-83.914]]",0,1,county_code_unverified|timezone_not_normalized_to_utc
1008965,166563,2022,2022-02-04T09:22:00,2022-02-04T11:30:00,EST-5,2.1333333333333333,21,21121,C,121,KNOX,0,0,0,0,0.00,0.00,Heavy Rain,0,"[[36.7527,-83.8329],[36.7517,-83.8334],[36.7505,-83.8304],[36.7504,-83.8261],[36.7518,-83.8254]]",0,1,county_code_unverified|timezone_not_normalized_to_utc
1009023,166802,2022,2022-03-23T20:00:00,2022-03-23T21:00:00,EST-5,1.0,51,51035,C,035,CARROLL,0,0,0,0,3000.00,0.00,Heavy Rain,0,"[[36.7078,-80.9546],[36.7058,-80.9523],[36.7066,-80.9505],[36.7084,-80.9525]]",0,1,county_code_unverified|timezone_not_normalized_to_utc
1009025,166803,2022,2022-02-24T12:00:00,2022-02-24T20:00:00,EST-5,8.0,51,51173,C,173,SMYTH,0,0,0,0,0.00,0.00,Heavy Rain,0,"[[36.8825,-81.8451],[36.7908,-81.6857],[36.7412,-81.6329],[36.8087,-81.3414],[36.9453,-81.4761],[36.9116,-81.6764],[36.917,-81.7922]]",0,1,county_code_unverified|timezone_not_normalized_to_utc
1009314,166822,2022,2022-02-28T03:26:00,2022-02-28T23:59:00,PST-8,20.55,53,53069,C,069,WAHKIAKUM,0,0,0,0,0.00,0.00,Heavy Rain,0,"[[46.3601,-123.6141],[46.3057,-123.6951],[46.2979,-123.6783],[46.3518,-123.6033]]",0,1,county_code_unverified|timezone_not_normalized_to_utc
1009319,166689,2022,2022-02-28T15:25:00,2022-02-28T23:59:00,PST-8,8.566666666666666,41,41057,C,057,TILLAMOOK,0,0,0,0,0.00,0.00,Heavy Rain,0,"[[45.4766,-123.7361],[45.4957,-123.8741],[45.4795,-123.8894],[45.4605,-123.7386]]",0,1,county_code_unverified|timezone_not_normalized_to_utc
1009322,166689,2022,2022-02-28T21:30:00,2022-02-28T23:59:00,PST-8,2.4833333333333334,41,41057,C,057,TILLAMOOK,0,0,0,0,0.00,0.00,Heavy Rain,0,"[[45.7384,-123.8761],[45.7381,-123.7396],[45.6923,-123.7443],[45.6905,-123.8714]]",0,1,county_code_unverified|timezone_not_normalized_to_utc
1009339,165975,2022,2022-02-18T10:00:00,2022-02-18T13:00:00,CST-6,3.0,17,17099,C,099,LA SALLE,0,0,0,0,0.00,0.00,Ice Jam,0,"[[41.2109,-88.9202],[41.2109,-88.9396],[41.2094,-88.9403],[41.2053,-88.9298],[41.2082,-88.9202]]",0,1,county_code_unverified|timezone_not_normalized_to_utc
1009705,166886,2022,2022-02-23T05:24:00,2022-02-23T07:00:00,CST-6,1.6,47,47153,C,153,SEQUATCHIE,0,0,0,0,0.00,0.00,Heavy Rain,0,"[[35.2205,-85.3951],[35.2145,-85.37],[35.1855,-85.37],[35.2,-85.3877]]",0,1,county_code_unverified|timezone_not_normalized_to_utc
1009706,166886,2022,2022-02-23T06:00:00,2022-02-23T08:00:00,EST-5,2.0,47,47065,C,065,HAMILTON,0,0,0,0,0.00,0.00,Heavy Rain,0,"[[35.309,-85.17],[35.0233,-85.0365],[34.9886,-85.355],[35.159,-85.35]]",0,1,county_code_unverified|timezone_not_normalized_to_utc
1009707,166886,2022,2022-02-23T06:50:00,2022-02-23T08:10:00,EST-5,1.3333333333333333,47,47155,C,155,SEVIER,0,0,0,0,0.00,0.00,Heavy Rain,0,"[[35.9424,-83.57],[35.87,-83.4807],[35.8188,-83.5069],[35.7976,-83.57],[35.8188,-83.6331],[35.87,-83.6593]]",0,1,county_code_unverified|timezone_not_normalized_to_utc
1009709,166886,2022,2022-02-23T07:00:00,2022-02-23T08:30:00,EST-5,1.5,47,47093,C,093,KNOX,0,0,0,0,0.00,0.00,Heavy Rain,0,"[[35.99,-83.69],[35.9917,-83.7048],[35.9795,-83.7053],[35.9711,-83.68]]",0,1,county_code_unverified|timezone_not_normalized_to_utc
1009710,166886,2022,2022-02-23T07:00:00,2022-02-23T08:30:00,EST-5,1.5,47,47001,C,001,ANDERSON,0,0,0,0,0.00,0.00,Heavy Rain,0,"[[36.0398,-84.3173],[36.0295,-84.3047],[36.0233,-84.3163],[36.0247,-84.33],[36.0355,-84.33]]",0,1,county_code_unverified|timezone_not_normalized_to_utc
1009711,166886,2022,2022-02-23T07:00:00,2022-02-23T08:30:00,EST-5,1.5,47,47173,C,173,UNION,0,0,0,0,0.00,0.00,Heavy Rain,0,"[[36.1799,-83.7403],[36.1847,-83.749],[36.1949,-83.7363],[36.1866,-83.7369]]",0,1,county_code_unverified|timezone_not_normalized_to_utc
1009712,166886,2022,2022-02-23T09:00:00,2022-02-23T10:30:00,EST-5,1.5,47,47059,C,059,GREENE,0,0,0,0,0.00,0.00,Heavy Rain,0,"[[36.2524,-82.98],[36.18,-82.8904],[36.1076,-82.98],[36.18,-83.0697]]",0,1,county_code_unverified|timezone_not_normalized_to_utc
1009713,166886,2022,2022-02-23T11:00:00,2022-02-23T12:15:00,EST-5,1.25,47,47073,C,073,HAWKINS,0,0,0,0,0.00,0.00,Heavy Rain,0,"[[36.4977,-82.9332],[36.5212,-82.9137],[36.5007,-82.8882],[36.47,-82.922]]",0,1,county_code_unverified|timezone_not_normalized_to_utc
1009714,166886,2022,2022-02-24T10:50:00,2022-02-24T12:00:00,EST-5,1.1666666666666667,47,47179,C,179,WASHINGTON,0,0,0,0,0.00,0.00,Heavy Rain,0,"[[36.4345,-82.47],[36.42,-82.452],[36.3983,-82.47],[36.42,-82.497]]",0,1,county_code_unverified|timezone_not_normalized_to_utc
1009716,166886,2022,2022-02-24T11:00:00,2022-02-24T12:30:00,EST-5,1.5,47,47073,C,073,HAWKINS,0,0,0,0,0.00,0.00,Heavy Rain,0,"[[36.28,-83.05],[36.25,-83.08],[36.2602,-83.0927],[36.357,-83.135],[36.357,-83.025]]",0,1,county_code_unverified|timezone_not_normalized_to_utc
1009717,166886,2022,2022-02-24T11:15:00,2022-02-24T12:45:00,EST-5,1.5,47,47057,C,057,GRAINGER,0,0,0,0,0.00,0.00,Heavy Rain,0,"[[36.1893,-83.532],[36.22,-83.4803],[36.28,-83.5],[36.25,-83.67],[36.15,-83.6821]]",0,1,county_code_unverified|timezone_not_normalized_to_utc
1010212,166947,2022,2022-02-18T17:00:00,2022-02-19T02:00:00,EST-5,9.0,33,33019,C,019,SULLIVAN,0,0,0,0,0.00,0.00,Ice Jam,0,"[[43.3907,-72.3494],[43.393,-72.3656],[43.3858,-72.3627],[43.364,-72.3332],[43.3698,-72.319]]",0,1,county_code_unverified|timezone_not_normalized_to_utc
1010213,166947,2022,2022-02-23T02:00:00,2022-02-23T06:00:00,EST-5,4.0,33,33019,C,019,SULLIVAN,0,0,0,0,0.00,0.00,Ice Jam,0,"[[43.38,-72.35],[43.3823,-72.3644],[43.3945,-72.3652],[43.3879,-72.3489]]",0,1,county_code_unverified|timezone_not_normalized_to_utc
1010635,165976,2022,2022-02-22T12:45:00,2022-02-22T17:00:00,CST-6,4.25,17,17093,C,093,KENDALL,0,0,0,0,0.00,0.00,Heavy Rain,0,"[[41.5933,-88.5815],[41.627,-88.5633],[41.6445,-88.5286],[41.6512,-88.4524],[41.6376,-88.4543],[41.6066,-88.5199]]",0,1,county_code_unverified|timezone_not_normalized_to_utc
1010637,165976,2022,2022-02-22T10:50:00,2022-02-22T17:00:00,CST-6,6.166666666666667,17,17099,C,099,LA SALLE,0,0,0,0,0.00,0.00,Heavy Rain,0,"[[41.3105,-88.8795],[41.3105,-88.7878],[41.2641,-88.7878],[41.2641,-88.8795]]",0,1,county_code_unverified|timezone_not_normalized_to_utc
1010640,165976,2022,2022-02-22T13:15:00,2022-02-22T18:00:00,CST-6,4.75,17,17197,C,197,WILL,0,0,0,0,0.00,0.00,Heavy Rain,0,"[[41.6045,-88.0962],[41.6045,-88.0838],[41.5966,-88.0838],[41.5966,-88.0962]]",0,1,county_code_unverified|timezone_not_normalized_to_utc
1011060,167083,2022,2022-02-17T16:54:00,2022-02-17T16:54:00,CST-6,0.0,47,47037,C,037,DAVIDSON,0,0,0,0,0.00,0.00,Heavy Rain,0,"[[36.1461,-86.8105],[36.1468,-86.8091],[36.1465,-86.809],[36.1459,-86.8103]]",0,1,county_code_unverified|timezone_not_normalized_to_utc
1011091,167085,2022,2022-02-22T09:23:00,2022-02-22T09:23:00,CST-6,0.0,47,47161,C,161,STEWART,0,0,0,0,0.00,0.00,Heavy Rain,0,"[[36.4857,-87.8276],[36.4843,-87.8253],[36.4839,-87.8259],[36.4851,-87.8282]]",0,1,county_code_unverified|timezone_not_normalized_to_utc
1011199,166035,2022,2022-03-22T19:47:00,2022-03-23T02:00:00,CST-6,6.216666666666667,01,01103,C,103,MORGAN,0,0,0,0,0.00,0.00,Heavy Rain,0,"[[34.568,-86.9756],[34.5683,-86.9715],[34.5667,-86.9716],[34.5664,-86.9756]]",0,1,county_code_unverified|timezone_not_normalized_to_utc
1011203,166035,2022,2022-03-22T21:50:00,2022-03-23T03:00:00,CST-6,5.166666666666667,01,01103,C,103,MORGAN,0,0,0,0,0.00,0.00,Heavy Rain,0,"[[34.4406,-87.0385],[34.4285,-87.0328],[34.4255,-87.0452],[34.4404,-87.0458]]",0,1,county_code_unverified|timezone_not_normalized_to_utc
1011205,166035,2022,2022-03-22T22:16:00,2022-03-23T04:00:00,CST-6,5.733333333333333,01,01103,C,103,MORGAN,0,0,0,0,0.00,0.00,Heavy Rain,0,"[[34.4593,-86.826],[34.4639,-86.8106],[34.4715,-86.813],[34.4655,-86.8299]]",0,1,county_code_unverified|timezone_not_normalized_to_utc
1011219,166391,2022,2022-02-17T20:41:00,2022-02-18T03:30:00,EST-5,6.816666666666666,42,42073,C,073,LAWRENCE,0,0,0,0,20000.00,0.00,Ice Jam,0,"[[40.9943,-80.1895],[40.9936,-80.1893],[40.9941,-80.1926],[40.9957,-80.1912],[40.9957,-80.1897],[40.9966,-80.1879]]",0,1,county_code_unverified|timezone_not_normalized_to_utc
1011221,166391,2022,2022-02-17T21:02:00,2022-02-17T22:02:00,EST-5,1.0,42,42007,C,007,BEAVER,0,0,0,0,1000.00,0.00,Heavy Rain,0,"[[40.5916,-80.2393],[40.5914,-80.2414],[40.5928,-80.2422],[40.5931,-80.2399]]",0,1,county_code_unverified|timezone_not_normalized_to_utc
1011225,166391,2022,2022-02-17T21:04:00,2022-02-17T21:04:00,EST-5,0.0,42,42073,C,073,LAWRENCE,0,0,0,0,5000.00,0.00,Heavy Rain,0,"[[40.9826,-80.3054],[40.9834,-80.3063],[40.9829,-80.3074],[40.9824,-80.3068]]",0,1,county_code_unverified|timezone_not_normalized_to_utc
1011280,167113,2022,2022-03-19T17:00:00,2022-03-19T23:00:00,EST-5,6.0,12,12065,C,065,JEFFERSON,0,0,0,0,0.00,0.00,Heavy Rain,0,"[[30.49,-83.81],[30.4835,-83.8103],[30.4836,-83.7764],[30.4921,-83.7711],[30.4976,-83.8079]]",0,1,county_code_unverified|timezone_not_normalized_to_utc
1011362,167085,2022,2022-02-22T21:06:00,2022-02-22T21:06:00,CST-6,0.0,47,47185,C,185,WHITE,0,0,0,0,0.00,0.00,Heavy Rain,0,"[[35.8891,-85.384],[35.8618,-85.424],[35.9244,-85.4958],[35.9544,-85.4818]]",0,1,county_code_unverified|timezone_not_normalized_to_utc
1011363,167085,2022,2022-02-22T21:19:00,2022-02-22T21:19:00,CST-6,0.0,47,47031,C,031,COFFEE,0,0,0,0,0.00,0.00,Heavy Rain,0,"[[35.3747,-86.191],[35.3741,-86.1905],[35.3743,-86.1901],[35.3749,-86.1906]]",0,1,county_code_unverified|timezone_not_normalized_to_utc
1011364,167085,2022,2022-02-22T21:41:00,2022-02-22T21:41:00,CST-6,0.0,47,47003,C,003,BEDFORD,0,0,0,0,0.00,0.00,Heavy Rain,0,"[[35.4241,-86.5934],[35.4211,-86.5332],[35.3823,-86.5409],[35.3849,-86.5945]]",0,1,county_code_unverified|timezone_not_normalized_to_utc
1011365,167085,2022,2022-02-22T21:46:00,2022-02-22T21:46:00,CST-6,0.0,47,47003,C,003,BEDFORD,0,0,0,0,0.00,0.00,Heavy Rain,0,"[[35.3979,-86.4218],[35.3942,-86.3954],[35.38,-86.4028],[35.3789,-86.4207]]",0,1,county_code_unverified|timezone_not_normalized_to_utc
1011493,166136,2022,2022-02-17T13:00:00,2022-02-18T06:00:00,EST-5,17.0,39,39151,C,151,STARK,0,0,0,0,775000.00,0.00,Heavy Rain / Snow Melt,0,"[[40.6679,-81.4496],[40.6611,-81.2507],[40.7915,-81.2574],[40.8575,-81.2135],[40.8662,-81.3233],[40.8991,-81.4133],[40.8903,-81.6243],[40.657,-81.6295]]",0,1,county_code_unverified|timezone_not_normalized_to_utc
1011500,166409,2022,2022-02-17T20:00:00,2022-02-17T21:00:00,EST-5,1.0,39,39119,C,119,MUSKINGUM,0,0,0,0,5000.00,0.00,Heavy Rain,0,"[[39.9042,-82.0201],[39.9041,-82.0198],[39.9033,-82.0203],[39.9034,-82.021]]",0,1,county_code_unverified|timezone_not_normalized_to_utc
1011501,166409,2022,2022-02-17T21:00:00,2022-02-17T23:00:00,EST-5,2.0,39,39157,C,157,TUSCARAWAS,0,0,0,0,0.00,0.00,Heavy Rain,0,"[[40.4682,-81.4623],[40.4899,-81.4134],[40.5478,-81.4725],[40.5307,-81.5269]]",0,1,county_code_unverified|timezone_not_normalized_to_utc
1011502,166409,2022,2022-02-17T22:00:00,2022-02-18T01:00:00,EST-5,3.0,39,39067,C,067,HARRISON,0,0,0,0,5000.00,0.00,Heavy Rain,0,"[[40.1909,-81.1999],[40.1898,-81.1954],[40.172,-81.1426],[40.1613,-81.1523],[40.1822,-81.2104]]",0,1,county_code_unverified|timezone_not_normalized_to_utc
1011503,166409,2022,2022-02-17T23:00:00,2022-02-18T01:00:00,EST-5,2.0,39,39031,C,031,COSHOCTON,0,0,0,0,5000.00,0.00,Heavy Rain,0,"[[40.3134,-81.8905],[40.2704,-81.9355],[40.2368,-81.8503],[40.2965,-81.8379]]",0,1,county_code_unverified|timezone_not_normalized_to_utc
1011504,167131,2022,2022-02-03T17:49:00,2022-02-03T21:00:00,EST-5,3.183333333333333,42,42051,C,051,FAYETTE,0,0,0,0,0.00,0.00,Heavy Rain,0,"[[39.9745,-79.6125],[39.9752,-79.6239],[39.9881,-79.6145],[39.9977,-79.6022]]",0,1,county_code_unverified|timezone_not_normalized_to_utc
1011505,167131,2022,2022-02-04T06:09:00,2022-02-04T08:09:00,EST-5,2.0,42,42129,C,129,WESTMORELAND,0,0,0,0,15000.00,0.00,Heavy Rain,0,"[[40.2006,-79.6247],[40.1953,-79.6206],[40.1964,-79.6187],[40.202,-79.6233]]",0,1,county_code_unverified|timezone_not_normalized_to_utc
1011506,167131,2022,2022-02-04T06:18:00,2022-02-04T09:18:00,EST-5,3.0,42,42129,C,129,WESTMORELAND,0,0,0,0,5000.00,0.00,Heavy Rain,0,"[[40.2335,-79.5819],[40.2316,-79.5842],[40.2312,-79.5794],[40.233,-79.58]]",0,1,county_code_unverified|timezone_not_normalized_to_utc
1011507,167131,2022,2022-02-04T07:30:00,2022-02-04T09:30:00,EST-5,2.0,42,42129,C,129,WESTMORELAND,0,0,0,0,50000.00,0.00,Heavy Rain,0,"[[40.22,-79.53],[40.2179,-79.532],[40.2207,-79.5369],[40.2217,-79.5339]]",0,1,county_code_unverified|timezone_not_normalized_to_utc
1011509,167131,2022,2022-02-04T07:30:00,2022-02-04T09:30:00,EST-5,2.0,42,42129,C,129,WESTMORELAND,0,0,0,0,1000.00,0.00,Heavy Rain,0,"[[40.2235,-79.7031],[40.2211,-79.6972],[40.2199,-79.6972],[40.2202,-79.7003],[40.2221,-79.7066]]",0,1,county_code_unverified|timezone_not_normalized_to_utc
1011514,167131,2022,2022-02-04T08:30:00,2022-02-04T10:30:00,EST-5,2.0,42,42129,C,129,WESTMORELAND,0,0,0,0,5000.00,0.00,Heavy Rain,0,"[[40.31,-79.38],[40.3085,-79.3945],[40.2917,-79.3755],[40.2981,-79.3729]]",0,1,county_code_unverified|timezone_not_normalized_to_utc
1011516,167131,2022,2022-02-04T09:22:00,2022-02-04T11:22:00,EST-5,2.0,42,42129,C,129,WESTMORELAND,0,0,0,0,1000.00,0.00,Heavy Rain,0,"[[40.29,-79.37],[40.2994,-79.37],[40.2986,-79.3766],[40.2897,-79.3732]]",0,1,county_code_unverified|timezone_not_normalized_to_utc
1011522,167132,2022,2022-02-03T19:22:00,2022-02-03T22:23:00,EST-5,3.0166666666666666,39,39059,C,059,GUERNSEY,0,0,0,0,1000.00,0.00,Heavy Rain,0,"[[39.9,-81.54],[39.885,-81.5412],[39.8839,-81.5487],[39.9016,-81.5497]]",0,1,county_code_unverified|timezone_not_normalized_to_utc
1011524,167132,2022,2022-02-03T19:51:00,2022-02-03T22:51:00,EST-5,3.0,39,39121,C,121,NOBLE,0,0,0,0,5000.00,0.00,Heavy Rain,0,"[[39.75,-81.51],[39.8693,-81.5298],[39.8154,-81.6369],[39.7461,-81.6093]]",0,1,county_code_unverified|timezone_not_normalized_to_utc
1011525,167132,2022,2022-02-03T23:00:00,2022-02-04T01:00:00,EST-5,2.0,39,39121,C,121,NOBLE,0,0,0,0,1000.00,0.00,Heavy Rain,0,"[[39.65,-81.31],[39.6501,-81.3141],[39.6667,-81.3126],[39.667,-81.3065]]",0,1,county_code_unverified|timezone_not_normalized_to_utc
1011527,167132,2022,2022-02-04T00:00:00,2022-02-04T02:00:00,EST-5,2.0,39,39111,C,111,MONROE,0,0,0,0,1000.00,0.00,Heavy Rain,0,"[[39.59,-81.16],[39.599,-81.1642],[39.6054,-81.1655],[39.6057,-81.1612],[39.5952,-81.1545],[39.5893,-81.1573]]",0,1,county_code_unverified|timezone_not_normalized_to_utc
1011529,167132,2022,2022-02-04T00:00:00,2022-02-04T02:00:00,EST-5,2.0,39,39121,C,121,NOBLE,0,0,0,0,1000.00,0.00,Heavy Rain,0,"[[39.62,-81.36],[39.6205,-81.3524],[39.6247,-81.354],[39.6245,-81.3608]]",0,1,county_code_unverified|timezone_not_normalized_to_utc
1011531,167132,2022,2022-02-04T01:00:00,2022-02-04T04:00:00,EST-5,3.0,39,39111,C,111,MONROE,0,0,0,0,1000.00,0.00,Heavy Rain,0,"[[39.7608,-81.1947],[39.7598,-81.1968],[39.7629,-81.2008],[39.7641,-81.1985]]",0,1,county_code_unverified|timezone_not_normalized_to_utc
1011533,167132,2022,2022-02-04T01:00:00,2022-02-04T06:00:00,EST-5,5.0,39,39121,C,121,NOBLE,0,0,0,0,1000.00,0.00,Heavy Rain,0,"[[39.74,-81.5],[39.7186,-81.4716],[39.704,-81.456],[39.7173,-81.4543],[39.74,-81.4913]]",0,1,county_code_unverified|timezone_not_normalized_to_utc
1011535,167132,2022,2022-02-04T10:50:00,2022-02-04T15:50:00,EST-5,5.0,39,39119,C,119,MUSKINGUM,0,0,0,0,100000.00,0.00,Ice Jam,0,"[[39.9797,-81.9857],[39.9805,-81.987],[39.9904,-81.9791],[39.9899,-81.9782],[39.9854,-81.9807]]",0,1,county_code_unverified|timezone_not_normalized_to_utc
1011543,167133,2022,2022-02-03T21:38:00,2022-02-03T23:38:00,EST-5,2.0,54,54049,C,049,MARION,0,0,0,0,1000.00,0.00,Heavy Rain,0,"[[39.5269,-80.4252],[39.5277,-80.4297],[39.5303,-80.4277],[39.53,-80.4255]]",0,1,county_code_unverified|timezone_not_normalized_to_utc
1011547,167133,2022,2022-02-03T21:39:00,2022-02-03T23:39:00,EST-5,2.0,54,54049,C,049,MARION,0,0,0,0,1000.00,0.00,Heavy Rain,0,"[[39.533,-80.3434],[39.534,-80.3453],[39.5367,-80.3437],[39.5366,-80.3414]]",0,1,county_code_unverified|timezone_not_normalized_to_utc
1011552,167133,2022,2022-02-03T21:40:00,2022-02-03T23:40:00,EST-5,2.0,54,54049,C,049,MARION,0,0,0,0,5000.00,0.00,Heavy Rain,0,"[[39.48,-80.15],[39.486,-80.1631],[39.5024,-80.1318],[39.4866,-80.1325]]",0,1,county_code_unverified|timezone_not_normalized_to_utc
1011557,167134,2022,2022-02-25T09:48:00,2022-02-25T12:48:00,EST-5,3.0,42,42129,C,129,WESTMORELAND,0,0,0,0,10000.00,0.00,Heavy Rain,0,"[[40.22,-79.55],[40.2276,-79.5478],[40.2249,-79.5377],[40.2177,-79.5319]]",0,1,county_code_unverified|timezone_not_normalized_to_utc
1011645,166173,2022,2022-02-04T13:45:00,2022-02-04T15:20:00,EST-5,1.5833333333333333,51,51187,C,187,WARREN,0,0,0,0,0.00,0.00,Heavy Rain,0,"[[38.9411,-78.0819],[38.9368,-78.0864],[38.9324,-78.0761],[38.9377,-78.0738]]",0,1,county_code_unverified|timezone_not_normalized_to_utc
1011646,166173,2022,2022-02-04T13:55:00,2022-02-04T15:15:00,EST-5,1.3333333333333333,51,51187,C,187,WARREN,0,0,0,0,0.00,0.00,Heavy Rain,0,"[[38.9266,-78.1274],[38.9196,-78.116],[38.9575,-78.0841],[38.9561,-78.1076]]",0,1,county_code_unverified|timezone_not_normalized_to_utc
1011647,166173,2022,2022-02-04T13:55:00,2022-02-04T15:00:00,EST-5,1.0833333333333333,51,51187,C,187,WARREN,0,0,0,0,0.00,0.00,Heavy Rain,0,"[[39.01,-78.21],[39.0009,-78.1901],[39.0074,-78.1834],[39.016,-78.2058]]",0,1,county_code_unverified|timezone_not_normalized_to_utc
1011648,166173,2022,2022-02-04T14:00:00,2022-02-04T16:00:00,EST-5,2.0,51,51187,C,187,WARREN,0,0,0,0,0.00,0.00,Heavy Rain,0,"[[38.9412,-78.0879],[38.9403,-78.0854],[38.9427,-78.0831],[38.9433,-78.0849]]",0,1,county_code_unverified|timezone_not_normalized_to_utc
1011649,166173,2022,2022-02-04T14:15:00,2022-02-04T16:00:00,EST-5,1.75,51,51187,C,187,WARREN,0,0,0,0,0.00,0.00,Heavy Rain,0,"[[38.95,-78.1],[38.9422,-78.1034],[38.9421,-78.0941],[38.9484,-78.0948]]",0,1,county_code_unverified|timezone_not_normalized_to_utc
1011651,166173,2022,2022-02-04T13:06:00,2022-02-04T16:00:00,EST-5,2.9,51,51171,C,171,SHENANDOAH,0,0,0,0,0.00,0.00,Heavy Rain,0,"[[38.8,-78.46],[38.7663,-78.5011],[38.7594,-78.4862],[38.7963,-78.4502]]",0,1,county_code_unverified|timezone_not_normalized_to_utc
1011652,166173,2022,2022-02-04T13:06:00,2022-02-04T16:00:00,EST-5,2.9,51,51171,C,171,SHENANDOAH,0,0,0,0,0.00,0.00,Heavy Rain,0,"[[38.86,-78.73],[38.8582,-78.7134],[38.8646,-78.7103],[38.8667,-78.7267]]",0,1,county_code_unverified|timezone_not_normalized_to_utc
1011653,166173,2022,2022-02-04T13:34:00,2022-02-04T15:35:00,EST-5,2.0166666666666666,51,51069,C,069,FREDERICK,0,0,0,0,0.00,0.00,Heavy Rain,0,"[[39.2399,-78.2871],[39.2138,-78.2178],[39.2277,-78.2097],[39.2478,-78.2819]]",0,1,county_code_unverified|timezone_not_normalized_to_utc
1011654,166173,2022,2022-02-04T13:34:00,2022-02-04T15:35:00,EST-5,2.0166666666666666,51,51069,C,069,FREDERICK,0,0,0,0,0.00,0.00,Heavy Rain,0,"[[39.29,-78.18],[39.2939,-78.1781],[39.3,-78.2057],[39.2973,-78.2073]]",0,1,county_code_unverified|timezone_not_normalized_to_utc
1011655,166173,2022,2022-02-04T13:34:00,2022-02-04T15:35:00,EST-5,2.0166666666666666,51,51069,C,069,FREDERICK,0,0,0,0,0.00,0.00,Heavy Rain,0,"[[39.3855,-78.3023],[39.4187,-78.267],[39.4271,-78.2783],[39.3916,-78.3073]]",0,1,county_code_unverified|timezone_not_normalized_to_utc
1011656,166173,2022,2022-02-04T14:24:00,2022-02-04T16:25:00,EST-5,2.0166666666666666,51,51059,C,059,FAIRFAX,0,0,0,0,0.00,0.00,Heavy Rain,0,"[[38.85,-77.25],[38.8445,-77.249],[38.8458,-77.2448],[38.851,-77.2465]]",0,1,county_code_unverified|timezone_not_normalized_to_utc
1011657,166173,2022,2022-02-04T14:54:00,2022-02-04T17:00:00,EST-5,2.1,51,51165,C,165,ROCKINGHAM,0,0,0,0,0.00,0.00,Heavy Rain,0,"[[38.62,-78.8],[38.6167,-78.7962],[38.627,-78.785],[38.6301,-78.7935]]",0,1,county_code_unverified|timezone_not_normalized_to_utc
1011658,166173,2022,2022-02-04T14:54:00,2022-02-04T17:00:00,EST-5,2.1,51,51165,C,165,ROCKINGHAM,0,0,0,0,0.00,0.00,Heavy Rain,0,"[[38.64,-78.93],[38.6418,-78.9238],[38.6488,-78.9303],[38.644,-78.9353]]",0,1,county_code_unverified|timezone_not_normalized_to_utc
1011659,166173,2022,2022-02-04T15:19:00,2022-02-04T18:00:00,EST-5,2.683333333333333,51,51015,C,015,AUGUSTA,0,0,0,0,0.00,0.00,Heavy Rain,0,"[[38.0118,-78.9918],[38.0121,-78.9861],[38.0265,-78.9882],[38.0269,-78.9928]]",0,1,county_code_unverified|timezone_not_normalized_to_utc
1011660,166173,2022,2022-02-04T15:29:00,2022-02-04T17:00:00,EST-5,1.5166666666666666,51,51153,C,153,PRINCE WILLIAM,0,0,0,0,0.00,0.00,Heavy Rain,0,"[[38.7071,-77.6075],[38.7024,-77.5936],[38.7347,-77.5863],[38.7395,-77.5977]]",0,1,county_code_unverified|timezone_not_normalized_to_utc
1011661,166173,2022,2022-02-04T15:36:00,2022-02-04T18:00:00,EST-5,2.4,51,51061,C,061,FAUQUIER,0,0,0,0,0.00,0.00,Heavy Rain,0,"[[38.55,-77.79],[38.5487,-77.786],[38.5697,-77.7635],[38.5724,-77.7717]]",0,1,county_code_unverified|timezone_not_normalized_to_utc
1011662,166173,2022,2022-02-04T16:06:00,2022-02-04T19:00:00,EST-5,2.9,51,51047,C,047,CULPEPER,0,0,0,0,0.00,0.00,Heavy Rain,0,"[[38.4,-77.92],[38.4071,-77.9272],[38.3867,-77.9317],[38.3834,-77.9159]]",0,1,county_code_unverified|timezone_not_normalized_to_utc
1011663,166173,2022,2022-02-04T19:05:00,2022-02-04T21:00:00,EST-5,1.9166666666666667,51,51153,C,153,PRINCE WILLIAM,0,0,0,0,0.00,0.00,Heavy Rain,0,"[[38.62,-77.55],[38.6222,-77.5591],[38.6151,-77.5601],[38.6145,-77.5484]]",0,1,county_code_unverified|timezone_not_normalized_to_utc
1011664,166173,2022,2022-02-04T20:58:00,2022-02-04T23:00:00,EST-5,2.033333333333333,51,51153,C,153,PRINCE WILLIAM,0,0,0,0,0.00,0.00,Heavy Rain,0,"[[38.72,-77.59],[38.7326,-77.5989],[38.6912,-77.6261],[38.6889,-77.6]]",0,1,county_code_unverified|timezone_not_normalized_to_utc
1011886,167176,2022,2022-03-24T15:35:00,2022-03-24T15:35:00,EST-5,0.0,12,12031,C,031,DUVAL,0,0,0,0,400000.00,0.00,Heavy Rain,0,"[[30.3278,-81.6909],[30.3275,-81.6902],[30.3271,-81.6909],[30.3274,-81.6912]]",0,1,county_code_unverified|timezone_not_normalized_to_utc
1011939,167194,2022,2022-03-22T10:00:00,2022-03-22T13:00:00,CST-6,3.0,05,05001,C,001,ARKANSAS,0,0,0,0,0.00,0.00,Heavy Rain,0,"[[34.2,-91.49],[34.1993,-91.5202],[34.2199,-91.5198],[34.2191,-91.488]]",0,1,county_code_unverified|timezone_not_normalized_to_utc
1012092,166136,2022,2022-02-17T23:00:00,2022-02-18T12:00:00,EST-5,13.0,39,39133,C,133,PORTAGE,0,0,0,0,0.00,0.00,Heavy Rain / Snow Melt,0,"[[40.9935,-81.2593],[41.0478,-81.0478],[41.0994,-81.0245],[41.129,-81.0542],[41.0538,-81.256]]",0,1,county_code_unverified|timezone_not_normalized_to_utc
1012093,166136,2022,2022-02-17T23:00:00,2022-02-18T11:00:00,EST-5,12.0,39,39099,C,099,MAHONING,0,0,0,0,150000.00,0.00,Heavy Rain / Snow Melt,0,"[[41.1238,-80.7963],[41.0116,-80.7957],[40.9866,-80.6629],[41.0229,-80.5278],[41.1326,-80.5682],[41.1331,-80.7882]]",0,1,county_code_unverified|timezone_not_normalized_to_utc
1012094,166136,2022,2022-02-17T23:00:00,2022-02-18T12:00:00,EST-5,13.0,39,39155,C,155,TRUMBULL,0,0,0,0,250000.00,0.00,Heavy Rain / Snow Melt,0,"[[41.135,-80.7721],[41.1345,-80.547],[41.1685,-80.5213],[41.461,-80.5271],[41.4663,-80.6291],[41.2545,-80.8958]]",0,1,county_code_unverified|timezone_not_normalized_to_utc
1012103,167218,2022,2022-02-17T21:30:00,2022-02-19T19:00:00,EST-5,45.5,42,42039,C,039,CRAWFORD,0,0,0,0,0.00,0.00,Heavy Rain / Snow Melt,0,"[[41.5586,-80.254],[41.5016,-80.0276],[41.7292,-79.7165],[41.84,-79.7924],[41.8355,-80.1897],[41.7228,-80.2522]]",0,1,county_code_unverified|timezone_not_normalized_to_utc
1012733,167327,2022,2022-03-18T13:25:00,2022-03-18T18:00:00,CST-6,4.583333333333333,29,29229,C,229,WRIGHT,0,0,0,0,0.00,0.00,Heavy Rain,0,"[[37.17,-92.53],[37.1695,-92.5238],[37.1635,-92.5253],[37.1645,-92.5358]]",0,1,county_code_unverified|timezone_not_normalized_to_utc
1012734,167327,2022,2022-03-18T13:54:00,2022-03-18T18:00:00,CST-6,4.1,29,29067,C,067,DOUGLAS,0,0,0,0,0.00,0.00,Heavy Rain,0,"[[36.95,-92.61],[36.9447,-92.5938],[36.9385,-92.5921],[36.9499,-92.6265],[36.9599,-92.6193]]",0,1,county_code_unverified|timezone_not_normalized_to_utc
1012735,167327,2022,2022-03-18T16:58:00,2022-03-18T22:00:00,CST-6,5.033333333333333,29,29067,C,067,DOUGLAS,0,0,0,0,0.00,0.00,Heavy Rain,0,"[[36.97,-92.73],[36.9557,-92.7337],[36.954,-92.7243],[36.9682,-92.7193]]",0,1,county_code_unverified|timezone_not_normalized_to_utc
1012738,167328,2022,2022-03-22T07:00:00,2022-03-22T15:00:00,CST-6,8.0,29,29229,C,229,WRIGHT,0,0,0,0,0.00,0.00,Heavy Rain,0,"[[37.17,-92.53],[37.1645,-92.5369],[37.1622,-92.5255],[37.1694,-92.5233]]",0,1,county_code_unverified|timezone_not_normalized_to_utc
1012739,167328,2022,2022-03-22T07:35:00,2022-03-22T15:00:00,CST-6,7.416666666666667,29,29067,C,067,DOUGLAS,0,0,0,0,0.00,0.00,Heavy Rain,0,"[[36.97,-92.73],[36.9634,-92.7352],[36.9591,-92.7227],[36.9682,-92.7181]]",0,1,county_code_unverified|timezone_not_normalized_to_utc
1012748,167329,2022,2022-03-30T14:45:00,2022-03-30T22:00:00,CST-6,7.25,29,29065,C,065,DENT,0,0,0,0,0.00,0.00,Heavy Rain,0,"[[37.61,-91.4],[37.6115,-91.3884],[37.6211,-91.4019],[37.617,-91.4141]]",0,1,county_code_unverified|timezone_not_normalized_to_utc
1012749,167329,2022,2022-03-30T14:45:00,2022-03-30T22:00:00,CST-6,7.25,29,29065,C,065,DENT,0,0,0,0,0.00,0.00,Heavy Rain,0,"[[37.78,-91.37],[37.7707,-91.3634],[37.7665,-91.3756],[37.7774,-91.3811]]",0,1,county_code_unverified|timezone_not_normalized_to_utc
1012750,167329,2022,2022-03-30T14:45:00,2022-03-30T22:00:00,CST-6,7.25,29,29153,C,153,OZARK,0,0,0,0,0.00,0.00,Heavy Rain,0,"[[36.64,-92.23],[36.6385,-92.2178],[36.6455,-92.2172],[36.6472,-92.2306]]",0,1,county_code_unverified|timezone_not_normalized_to_utc
1012751,167329,2022,2022-03-30T14:45:00,2022-03-30T22:00:00,CST-6,7.25,29,29153,C,153,OZARK,0,0,0,0,0.00,0.00,Heavy Rain,0,"[[36.71,-92.27],[36.7086,-92.2592],[36.6992,-92.2614],[36.7045,-92.2781]]",0,1,county_code_unverified|timezone_not_normalized_to_utc
1012752,167329,2022,2022-03-30T15:30:00,2022-03-30T23:00:00,CST-6,7.5,29,29067,C,067,DOUGLAS,0,0,0,0,0.00,0.00,Heavy Rain,0,"[[37.04,-92.19],[37.0388,-92.1859],[37.0352,-92.1887],[37.0371,-92.1929]]",0,1,county_code_unverified|timezone_not_normalized_to_utc
1012753,167329,2022,2022-03-30T15:30:00,2022-03-30T23:00:00,CST-6,7.5,29,29091,C,091,HOWELL,0,0,0,0,0.00,0.00,Heavy Rain,0,"[[36.93,-91.88],[36.9283,-91.8931],[36.9418,-91.8893],[36.9412,-91.8794]]",0,1,county_code_unverified|timezone_not_normalized_to_utc
1012754,167329,2022,2022-03-30T15:30:00,2022-03-30T23:00:00,CST-6,7.5,29,29215,C,215,TEXAS,0,0,0,0,0.00,0.00,Heavy Rain,0,"[[37.08,-91.74],[37.0747,-91.7431],[37.0719,-91.7223],[37.0811,-91.7218]]",0,1,county_code_unverified|timezone_not_normalized_to_utc
1012755,167329,2022,2022-03-30T15:30:00,2022-03-30T23:00:00,CST-6,7.5,29,29215,C,215,TEXAS,0,0,0,0,0.00,0.00,Heavy Rain,0,"[[37.1,-91.89],[37.0947,-91.9012],[37.1009,-91.9043],[37.1047,-91.8933]]",0,1,county_code_unverified|timezone_not_normalized_to_utc
1012756,167329,2022,2022-03-30T16:00:00,2022-03-31T00:00:00,CST-6,8.0,29,29203,C,203,SHANNON,0,0,0,0,0.00,0.00,Heavy Rain,0,"[[37.11,-91.2],[37.1069,-91.2003],[37.1075,-91.2056],[37.1109,-91.2031]]",0,1,county_code_unverified|timezone_not_normalized_to_utc
1012757,167329,2022,2022-03-30T16:00:00,2022-03-31T00:00:00,CST-6,8.0,29,29203,C,203,SHANNON,0,0,0,0,0.00,0.00,Heavy Rain,0,"[[37.22,-91.63],[37.2191,-91.626],[37.2159,-91.6308],[37.2178,-91.6364]]",0,1,county_code_unverified|timezone_not_normalized_to_utc
1012758,167329,2022,2022-03-30T17:00:00,2022-03-31T01:00:00,CST-6,8.0,29,29229,C,229,WRIGHT,0,0,0,0,0.00,0.00,Heavy Rain,0,"[[37.44,-92.45],[37.4468,-92.4468],[37.4485,-92.4544],[37.4431,-92.4559]]",0,1,county_code_unverified|timezone_not_normalized_to_utc
1012759,167329,2022,2022-03-30T17:59:00,2022-03-31T01:00:00,CST-6,7.016666666666667,29,29161,C,161,PHELPS,0,0,0,0,0.00,0.00,Heavy Rain,0,"[[37.83,-91.86],[37.8226,-91.8546],[37.8194,-91.8644],[37.8305,-91.8725]]",0,1,county_code_unverified|timezone_not_normalized_to_utc
1012772,167335,2022,2022-04-19T15:00:00,2022-04-19T20:00:00,EST-5,5.0,23,23029,C,029,WASHINGTON,0,0,0,0,0.00,0.00,Heavy Rain,0,"[[44.4521,-67.8304],[44.5743,-67.2618],[44.8026,-66.9406],[45.1999,-67.1905],[45.2486,-67.748],[44.8693,-67.9787]]",0,1,county_code_unverified|timezone_not_normalized_to_utc
1012773,167333,2022,2022-04-13T13:00:00,2022-04-15T01:00:00,EST-5,36.0,23,23003,C,003,AROOSTOOK,0,0,0,0,0.00,0.00,Ice Jam,0,"[[46.9651,-69.4437],[46.9611,-69.5618],[46.8876,-69.5472],[46.9481,-69.4464]]",0,1,county_code_unverified|timezone_not_normalized_to_utc
1012774,167332,2022,2022-04-12T21:30:00,2022-04-12T23:00:00,EST-5,1.5,23,23003,C,003,AROOSTOOK,0,0,0,0,0.00,0.00,Ice Jam,0,"[[47.0973,-69.0404],[47.1812,-68.9182],[47.1618,-68.8845],[47.1123,-68.9274],[47.0745,-69.0387]]",0,1,county_code_unverified|timezone_not_normalized_to_utc
1012775,167331,2022,2022-04-11T18:00:00,2022-04-12T09:00:00,EST-5,15.0,23,23003,C,003,AROOSTOOK,0,0,0,0,0.00,0.00,Heavy Rain / Snow Melt,0,"[[46.7737,-67.8127],[46.7713,-67.8121],[46.7729,-67.8054],[46.774,-67.809]]",0,1,county_code_unverified|timezone_not_normalized_to_utc
1012776,167330,2022,2022-04-10T00:00:00,2022-04-11T13:30:00,EST-5,37.5,23,23003,C,003,AROOSTOOK,0,0,0,0,0.00,0.00,Ice Jam,0,"[[46.7583,-68.2439],[46.7754,-68.2038],[46.784,-68.1584],[46.7596,-68.0732],[46.74,-68.0783],[46.7445,-68.2636]]",0,1,county_code_unverified|timezone_not_normalized_to_utc
1012792,167341,2022,2022-04-15T17:25:00,2022-04-15T19:26:00,AST-4,2.0166666666666666,99,,C,127,SAN JUAN,0,0,0,0,10000.00,0.00,Heavy Rain,0,"[[18.39,-66.1],[18.3934,-66.0991],[18.3924,-66.0971],[18.3901,-66.0973]]",0,1,requires_crosswalk_or_marine_review|timezone_not_normalized_to_utc
1012793,167341,2022,2022-04-15T18:40:00,2022-04-15T19:25:00,AST-4,0.75,99,,C,127,SAN JUAN,0,0,0,0,0.00,0.00,Heavy Rain,0,"[[18.39,-66.1],[18.3952,-66.0993],[18.3939,-66.094],[18.3889,-66.0959]]",0,1,requires_crosswalk_or_marine_review|timezone_not_normalized_to_utc
1012794,167341,2022,2022-04-15T18:40:00,2022-04-15T19:30:00,AST-4,0.8333333333333334,99,,C,127,SAN JUAN,0,0,0,0,0.00,0.00,Heavy Rain,0,"[[18.41,-66.02],[18.4107,-66.0216],[18.4052,-66.0212],[18.4061,-66.0189]]",0,1,requires_crosswalk_or_marine_review|timezone_not_normalized_to_utc
1012796,167341,2022,2022-04-15T18:40:00,2022-04-15T19:30:00,AST-4,0.8333333333333334,99,,C,127,SAN JUAN,0,0,0,0,0.00,0.00,Heavy Rain,0,"[[18.44,-66.05],[18.4398,-66.0598],[18.4341,-66.0592],[18.4335,-66.0479]]",0,1,requires_crosswalk_or_marine_review|timezone_not_normalized_to_utc
1012797,167341,2022,2022-04-15T18:21:00,2022-04-15T19:30:00,AST-4,1.15,99,,C,127,SAN JUAN,0,0,0,0,0.00,0.00,Heavy Rain,0,"[[18.39,-66.07],[18.4006,-66.0684],[18.4011,-66.0622],[18.3899,-66.0647]]",0,1,requires_crosswalk_or_marine_review|timezone_not_normalized_to_utc
1012801,167346,2022,2022-04-30T08:20:00,2022-04-30T10:15:00,AST-4,1.9166666666666667,99,,C,127,SAN JUAN,0,0,0,0,0.00,0.00,Heavy Rain,0,"[[18.4156,-66.0778],[18.4169,-66.0777],[18.4186,-66.0748],[18.4178,-66.0741]]",0,1,requires_crosswalk_or_marine_review|timezone_not_normalized_to_utc
1013112,167395,2022,2022-03-19T19:10:00,2022-03-19T23:00:00,EST-5,3.8333333333333335,36,36057,C,057,MONTGOMERY,0,0,0,0,0.00,0.00,Heavy Rain,0,"[[42.84,-74.24],[42.9815,-74.3351],[42.9994,-74.1058],[42.8645,-74.1264]]",0,1,county_code_unverified|timezone_not_normalized_to_utc
1013325,167438,2022,2022-04-24T20:54:00,2022-04-24T23:00:00,CST-6,2.1,17,17191,C,191,WAYNE,0,0,0,0,0.00,0.00,Heavy Rain,0,"[[38.4211,-88.4],[38.45,-88.363],[38.479,-88.4],[38.45,-88.437]]",0,1,county_code_unverified|timezone_not_normalized_to_utc
1013330,167205,2022,2022-04-13T19:40:00,2022-04-14T22:00:00,CST-6,26.333333333333332,21,21105,C,105,HICKMAN,0,0,0,0,0.00,0.00,Heavy Rain,0,"[[36.68,-89.1],[36.6729,-89.1106],[36.6578,-89.0931],[36.6685,-89.086]]",0,1,county_code_unverified|timezone_not_normalized_to_utc
1013333,167442,2022,2022-04-12T04:30:00,2022-04-14T20:30:00,CST-6,64.0,21,21039,C,039,CARLISLE,0,0,0,0,0.00,0.00,Heavy Rain,0,"[[36.8945,-88.9368],[36.9098,-88.947],[36.9026,-88.9837],[36.8843,-88.9665]]",0,1,county_code_unverified|timezone_not_normalized_to_utc
1013338,167442,2022,2022-04-12T06:00:00,2022-04-14T20:00:00,CST-6,62.0,21,21157,C,157,MARSHALL,0,0,0,0,0.00,0.00,Heavy Rain,0,"[[36.8665,-88.3249],[36.87,-88.3346],[36.8628,-88.3398],[36.86,-88.3316]]",0,1,county_code_unverified|timezone_not_normalized_to_utc
1013341,167205,2022,2022-04-13T17:30:00,2022-04-13T19:30:00,CST-6,2.0,21,21055,C,055,CRITTENDEN,0,0,0,0,0.00,0.00,Heavy Rain,0,"[[37.359,-88.08],[37.33,-88.0436],[37.3011,-88.08],[37.33,-88.1164]]",0,1,county_code_unverified|timezone_not_normalized_to_utc
1013610,167205,2022,2022-04-13T20:30:00,2022-04-18T05:30:00,CST-6,105.0,21,21177,C,177,MUHLENBERG,0,0,0,0,0.00,0.00,Heavy Rain,0,"[[37.2605,-86.9719],[37.3091,-86.9887],[37.3093,-86.9943],[37.2603,-86.9813]]",0,1,county_code_unverified|timezone_not_normalized_to_utc
1013613,167442,2022,2022-04-12T10:15:00,2022-04-12T14:45:00,CST-6,4.5,21,21047,C,047,CHRISTIAN,0,0,0,0,0.00,0.00,Heavy Rain,0,"[[36.85,-87.45],[36.8404,-87.4252],[36.8501,-87.4204],[36.8569,-87.4439]]",0,1,county_code_unverified|timezone_not_normalized_to_utc
1013614,167475,2022,2022-04-01T00:00:00,2022-04-02T05:00:00,CST-6,29.0,17,17193,C,193,WHITE,0,0,0,0,0.00,0.00,Heavy Rain,0,"[[38.0311,-88.0355],[38.03,-88.05],[38.1174,-87.9779],[38.1139,-87.9531],[38.0668,-87.9696]]",0,1,county_code_unverified|timezone_not_normalized_to_utc
1013615,167476,2022,2022-04-01T00:00:00,2022-04-02T05:00:00,CST-6,29.0,18,18129,C,129,POSEY,0,0,0,0,0.00,0.00,Heavy Rain,0,"[[38.1299,-87.9435],[38.0641,-87.9687],[38.0627,-87.9597],[38.1239,-87.94]]",0,1,county_code_unverified|timezone_not_normalized_to_utc
1013617,167477,2022,2022-04-14T09:00:00,2022-04-20T14:00:00,EST-5,149.0,18,18125,C,125,PIKE,0,0,0,0,5000.00,0.00,Heavy Rain,0,"[[38.5,-87.28],[38.5154,-87.2932],[38.5432,-87.2495],[38.5539,-87.1944],[38.5373,-87.1927]]",0,1,county_code_unverified|timezone_not_normalized_to_utc
1013618,167477,2022,2022-04-15T09:00:00,2022-04-21T17:00:00,CST-6,152.0,18,18051,C,051,GIBSON,0,0,0,0,5000.00,0.00,Heavy Rain,0,"[[38.4981,-87.5418],[38.5096,-87.47],[38.5012,-87.4742],[38.492,-87.4951],[38.4892,-87.5311]]",0,1,county_code_unverified|timezone_not_normalized_to_utc
1014178,167571,2022,2022-03-28T11:53:00,2022-03-28T11:53:00,PST-8,0.0,06,06059,C,059,ORANGE,0,0,0,0,0.00,0.00,Heavy Rain,0,"[[33.6691,-117.8894],[33.6729,-117.8829],[33.6779,-117.8885],[33.674,-117.8912]]",0,1,county_code_unverified|timezone_not_normalized_to_utc
1014185,167572,2022,2022-03-01T00:00:00,2022-03-18T20:45:00,CST-6,428.75,05,05075,C,075,LAWRENCE,0,0,0,0,0.00,0.00,Heavy Rain,0,"[[36.1093,-91.0957],[36.1076,-91.0782],[36.0853,-91.1002],[36.0921,-91.1192]]",0,1,county_code_unverified|timezone_not_normalized_to_utc
1014186,167572,2022,2022-03-01T00:00:00,2022-03-04T19:45:00,CST-6,91.75,05,05121,C,121,RANDOLPH,0,0,0,0,0.00,0.00,Heavy Rain,0,"[[36.2684,-90.9654],[36.2692,-90.9424],[36.2417,-90.96],[36.2502,-90.9874]]",0,1,county_code_unverified|timezone_not_normalized_to_utc
1014187,167572,2022,2022-03-02T20:15:00,2022-03-13T00:00:00,CST-6,243.75,05,05145,C,145,WHITE,0,0,0,0,0.00,0.00,Heavy Rain,0,"[[35.1413,-91.4558],[35.1357,-91.4428],[35.1128,-91.4302],[35.1125,-91.4525]]",0,1,county_code_unverified|timezone_not_normalized_to_utc
1014188,167571,2022,2022-03-28T22:27:00,2022-03-28T22:27:00,PST-8,0.0,06,06073,C,073,SAN DIEGO,0,0,0,0,0.00,0.00,Heavy Rain,0,"[[33.1941,-117.2502],[33.1954,-117.2489],[33.1956,-117.2501],[33.1943,-117.2512]]",0,1,county_code_unverified|timezone_not_normalized_to_utc
1014189,167572,2022,2022-03-01T00:00:00,2022-03-31T23:59:00,CST-6,743.9833333333333,05,05147,C,147,WOODRUFF,0,0,0,0,0.00,0.00,Heavy Rain,0,"[[35.3063,-91.427],[35.3127,-91.3323],[35.2322,-91.3623],[35.2338,-91.4116]]",0,1,county_code_unverified|timezone_not_normalized_to_utc
1014190,167571,2022,2022-03-28T22:29:00,2022-03-28T22:29:00,PST-8,0.0,06,06073,C,073,SAN DIEGO,0,0,0,0,0.00,0.00,Heavy Rain,0,"[[32.65,-117.06],[32.6483,-117.0638],[32.6472,-117.0629],[32.6476,-117.0591]]",0,1,county_code_unverified|timezone_not_normalized_to_utc
1014191,167572,2022,2022-03-03T11:00:00,2022-03-19T22:00:00,CST-6,395.0,05,05117,C,117,PRAIRIE,0,0,0,0,0.00,0.00,Heavy Rain,0,"[[34.9876,-91.5049],[34.9884,-91.4761],[34.956,-91.4669],[34.9523,-91.495]]",0,1,county_code_unverified|timezone_not_normalized_to_utc
1014192,167572,2022,2022-03-01T00:00:00,2022-03-31T23:59:00,CST-6,743.9833333333333,05,05095,C,095,MONROE,0,0,0,0,0.00,0.00,Heavy Rain,0,"[[34.7026,-91.3654],[34.7163,-91.2974],[34.6437,-91.2887],[34.6429,-91.3603]]",0,1,county_code_unverified|timezone_not_normalized_to_utc
1014193,167572,2022,2022-03-01T00:00:00,2022-03-07T22:00:00,CST-6,166.0,05,05147,C,147,WOODRUFF,0,0,0,0,0.00,0.00,Heavy Rain,0,"[[35.2841,-91.2482],[35.2835,-91.2239],[35.245,-91.2288],[35.2461,-91.2588]]",0,1,county_code_unverified|timezone_not_normalized_to_utc
1014194,167573,2022,2022-03-07T21:30:00,2022-03-13T18:00:00,CST-6,140.5,05,05121,C,121,RANDOLPH,0,0,0,0,0.00,0.00,Heavy Rain,0,"[[36.2728,-90.9583],[36.268,-90.9347],[36.23,-90.974],[36.2367,-90.9961]]",0,1,county_code_unverified|timezone_not_normalized_to_utc
1014195,167574,2022,2022-03-12T03:30:00,2022-03-13T14:00:00,CST-6,34.5,05,05147,C,147,WOODRUFF,0,0,0,0,0.00,0.00,Heavy Rain,0,"[[35.2792,-91.2495],[35.2811,-91.2238],[35.2414,-91.2228],[35.2434,-91.2545]]",0,1,county_code_unverified|timezone_not_normalized_to_utc
1014589,167550,2022,2022-04-30T17:30:00,2022-04-30T20:00:00,CST-6,2.5,17,17007,C,007,BOONE,0,0,0,0,0.00,0.00,Heavy Rain,0,"[[42.3721,-88.827],[42.3721,-88.8155],[42.3708,-88.8155],[42.3708,-88.827]]",0,1,county_code_unverified|timezone_not_normalized_to_utc
1014760,167669,2022,2022-03-19T15:00:00,2022-03-22T01:30:00,CST-6,58.5,27,27155,C,155,TRAVERSE,0,0,0,0,0.00,0.00,Heavy Rain / Snow Melt,0,"[[45.7206,-96.3215],[45.7,-96.3603],[45.6703,-96.319],[45.67,-96.253],[45.712,-96.252]]",0,1,county_code_unverified|timezone_not_normalized_to_utc
1014798,167680,2022,2022-05-14T16:30:00,2022-05-14T17:30:00,EST-5,1.0,21,21187,C,187,OWEN,0,0,0,0,0.00,0.00,Heavy Rain,0,"[[38.54,-84.84],[38.5413,-84.8298],[38.5329,-84.834],[38.5349,-84.8433]]",0,1,county_code_unverified|timezone_not_normalized_to_utc
1014801,167677,2022,2022-05-14T20:00:00,2022-05-14T21:00:00,EST-5,1.0,18,18047,C,047,FRANKLIN,0,0,0,0,0.00,0.00,Heavy Rain,0,"[[39.5,-85.15],[39.4958,-85.1578],[39.4944,-85.1553],[39.4977,-85.1467]]",0,1,county_code_unverified|timezone_not_normalized_to_utc
1014802,167678,2022,2022-05-14T16:30:00,2022-05-14T17:30:00,EST-5,1.0,39,39049,C,049,FRANKLIN,0,0,0,0,0.00,0.00,Heavy Rain,0,"[[40.0212,-83.0301],[40.0212,-83.0284],[40.0217,-83.0279],[40.0218,-83.03]]",0,1,county_code_unverified|timezone_not_normalized_to_utc
1014805,167678,2022,2022-05-14T19:00:00,2022-05-14T21:00:00,EST-5,2.0,39,39047,C,047,FAYETTE,0,0,0,0,0.00,0.00,Heavy Rain,0,"[[39.5882,-83.4789],[39.5786,-83.3371],[39.4737,-83.3539],[39.4728,-83.5027]]",0,1,county_code_unverified|timezone_not_normalized_to_utc
1014807,167632,2022,2022-05-06T11:00:00,2022-05-06T13:00:00,EST-5,2.0,39,39089,C,089,LICKING,0,0,0,0,0.00,0.00,Heavy Rain,0,"[[39.9595,-82.502],[39.9576,-82.5025],[39.9567,-82.4975],[39.9606,-82.4969]]",0,1,county_code_unverified|timezone_not_normalized_to_utc
1014808,167632,2022,2022-05-06T13:00:00,2022-05-06T15:00:00,EST-5,2.0,39,39025,C,025,CLERMONT,0,0,0,0,0.00,0.00,Heavy Rain,0,"[[39.0,-84.25],[39.0097,-84.2718],[39.0129,-84.2691],[39.0061,-84.2495]]",0,1,county_code_unverified|timezone_not_normalized_to_utc
1014809,167632,2022,2022-05-06T15:00:00,2022-05-06T16:30:00,EST-5,1.5,39,39165,C,165,WARREN,0,0,0,0,0.00,0.00,Heavy Rain,0,"[[39.41,-84.15],[39.4098,-84.1536],[39.4143,-84.1576],[39.4149,-84.1504]]",0,1,county_code_unverified|timezone_not_normalized_to_utc
1014810,167632,2022,2022-05-06T15:30:00,2022-05-06T17:00:00,EST-5,1.5,39,39027,C,027,CLINTON,0,0,0,0,0.00,0.00,Heavy Rain,0,"[[39.5664,-83.8082],[39.5717,-83.808],[39.5712,-83.8035],[39.5668,-83.8045]]",0,1,county_code_unverified|timezone_not_normalized_to_utc
1014811,167632,2022,2022-05-06T15:30:00,2022-05-06T17:00:00,EST-5,1.5,39,39027,C,027,CLINTON,0,0,0,0,0.00,0.00,Heavy Rain,0,"[[39.5452,-83.7981],[39.5484,-83.7928],[39.5463,-83.7898],[39.5439,-83.7935]]",0,1,county_code_unverified|timezone_not_normalized_to_utc
1015322,167684,2022,2022-04-07T04:54:00,2022-04-07T04:54:00,EST-5,0.0,12,12089,C,089,NASSAU,0,0,0,0,0.00,0.00,Heavy Rain,0,"[[30.5549,-81.8241],[30.5554,-81.8228],[30.5571,-81.823],[30.5564,-81.8246],[30.5557,-81.8251]]",0,1,county_code_unverified|timezone_not_normalized_to_utc
1015323,167684,2022,2022-04-07T05:20:00,2022-04-07T05:20:00,EST-5,0.0,12,12089,C,089,NASSAU,0,0,0,0,0.00,0.00,Heavy Rain,0,"[[30.6401,-81.4576],[30.6389,-81.458],[30.6391,-81.4554],[30.6403,-81.4557]]",0,1,county_code_unverified|timezone_not_normalized_to_utc
1015324,167684,2022,2022-04-07T09:00:00,2022-04-07T09:00:00,EST-5,0.0,12,12089,C,089,NASSAU,0,0,0,0,0.00,0.00,Heavy Rain,0,"[[30.63,-81.6],[30.6293,-81.5988],[30.6281,-81.5989],[30.6282,-81.5998]]",0,1,county_code_unverified|timezone_not_normalized_to_utc
1015437,167550,2022,2022-04-30T15:30:00,2022-04-30T17:30:00,CST-6,2.0,17,17043,C,043,DU PAGE,0,0,0,0,0.00,0.00,Heavy Rain,0,"[[41.8506,-88.0779],[41.8506,-88.0767],[41.8472,-88.0767],[41.8472,-88.0779]]",0,1,county_code_unverified|timezone_not_normalized_to_utc
1015438,167550,2022,2022-04-30T15:30:00,2022-04-30T17:30:00,CST-6,2.0,17,17043,C,043,DU PAGE,0,0,0,0,0.00,0.00,Heavy Rain,0,"[[41.8597,-88.057],[41.8597,-88.0551],[41.8588,-88.0551],[41.8588,-88.057]]",0,1,county_code_unverified|timezone_not_normalized_to_utc
1015439,167550,2022,2022-04-30T16:00:00,2022-04-30T17:30:00,CST-6,1.5,17,17031,C,031,COOK,0,0,0,0,0.00,0.00,Heavy Rain,0,"[[41.8695,-87.8641],[41.8695,-87.862],[41.8691,-87.862],[41.8691,-87.8641]]",0,1,county_code_unverified|timezone_not_normalized_to_utc
1015523,167632,2022,2022-05-06T13:30:00,2022-05-06T15:30:00,EST-5,2.0,39,39061,C,061,HAMILTON,0,0,0,0,0.00,0.00,Heavy Rain,0,"[[39.16,-84.45],[39.1617,-84.4611],[39.1691,-84.4583],[39.1666,-84.4463]]",0,1,county_code_unverified|timezone_not_normalized_to_utc
1015524,167632,2022,2022-05-06T16:00:00,2022-05-06T18:00:00,EST-5,2.0,39,39017,C,017,BUTLER,0,0,0,0,0.00,0.00,Heavy Rain,0,"[[39.4,-84.42],[39.4035,-84.4197],[39.4072,-84.4242],[39.403,-84.4285]]",0,1,county_code_unverified|timezone_not_normalized_to_utc
1015525,167632,2022,2022-05-06T16:00:00,2022-05-06T18:00:00,EST-5,2.0,39,39129,C,129,PICKAWAY,0,0,0,0,0.00,0.00,Heavy Rain,0,"[[39.52,-82.82],[39.5221,-82.8339],[39.5281,-82.8298],[39.5251,-82.8191]]",0,1,county_code_unverified|timezone_not_normalized_to_utc
1015526,167632,2022,2022-05-06T16:30:00,2022-05-06T18:30:00,EST-5,2.0,39,39145,C,145,SCIOTO,0,0,0,0,0.00,0.00,Heavy Rain,0,"[[38.7989,-83.0061],[38.8007,-83.0177],[38.8081,-83.015],[38.8057,-83.0047]]",0,1,county_code_unverified|timezone_not_normalized_to_utc
1015527,167632,2022,2022-05-06T17:00:00,2022-05-06T19:00:00,EST-5,2.0,39,39015,C,015,BROWN,0,0,0,0,0.00,0.00,Heavy Rain,0,"[[38.65,-83.75],[38.6533,-83.7521],[38.6644,-83.7725],[38.6537,-83.7612]]",0,1,county_code_unverified|timezone_not_normalized_to_utc
1015531,167795,2022,2022-03-22T17:00:00,2022-03-23T13:00:00,CST-6,20.0,05,05019,C,019,CLARK,0,0,0,0,0.00,0.00,Heavy Rain,0,"[[34.1226,-93.0498],[34.1148,-93.045],[34.119,-93.0393],[34.1244,-93.0444]]",0,1,county_code_unverified|timezone_not_normalized_to_utc
1015537,167795,2022,2022-03-24T07:30:00,2022-03-31T23:59:00,CST-6,184.48333333333332,05,05013,C,013,CALHOUN,0,0,0,0,0.00,0.00,Heavy Rain,0,"[[33.3471,-92.5471],[33.2988,-92.5193],[33.3328,-92.4745],[33.3804,-92.5221]]",0,1,county_code_unverified|timezone_not_normalized_to_utc
1015538,167632,2022,2022-05-06T17:00:00,2022-05-06T19:00:00,EST-5,2.0,39,39001,C,001,ADAMS,0,0,0,0,0.00,0.00,Heavy Rain,0,"[[38.69,-83.59],[38.6857,-83.61],[38.6875,-83.6108],[38.6915,-83.5911]]",0,1,county_code_unverified|timezone_not_normalized_to_utc
1015539,167632,2022,2022-05-06T17:00:00,2022-05-06T19:00:00,EST-5,2.0,39,39001,C,001,ADAMS,0,0,0,0,0.00,0.00,Heavy Rain,0,"[[38.78,-83.56],[38.7715,-83.5748],[38.7777,-83.58],[38.7808,-83.5681]]",0,1,county_code_unverified|timezone_not_normalized_to_utc
1015540,167795,2022,2022-03-24T02:00:00,2022-03-28T09:15:00,CST-6,103.25,05,05103,C,103,OUACHITA,0,0,0,0,0.00,0.00,Heavy Rain,0,"[[33.5974,-92.8257],[33.5933,-92.8197],[33.5952,-92.8129],[33.6019,-92.8192]]",0,1,county_code_unverified|timezone_not_normalized_to_utc
1015541,167632,2022,2022-05-06T18:30:00,2022-05-06T20:00:00,EST-5,1.5,39,39073,C,073,HOCKING,0,0,0,0,0.00,0.00,Heavy Rain,0,"[[39.5188,-82.4555],[39.5192,-82.4543],[39.5182,-82.4532],[39.517,-82.4558]]",0,1,county_code_unverified|timezone_not_normalized_to_utc
1015543,167795,2022,2022-03-22T12:30:00,2022-03-23T06:30:00,CST-6,18.0,05,05125,C,125,SALINE,0,0,0,0,0.00,0.00,Heavy Rain,0,"[[34.5669,-92.6191],[34.5452,-92.6253],[34.5467,-92.6125],[34.5685,-92.6071]]",0,1,county_code_unverified|timezone_not_normalized_to_utc
1015545,167795,2022,2022-03-23T15:30:00,2022-03-24T21:00:00,CST-6,29.5,05,05105,C,105,PERRY,0,0,0,0,0.00,0.00,Heavy Rain,0,"[[35.0076,-92.7211],[35.0171,-92.7215],[35.0134,-92.7305],[35.0066,-92.7277]]",0,1,county_code_unverified|timezone_not_normalized_to_utc
1015546,167795,2022,2022-03-22T16:15:00,2022-03-31T23:59:00,CST-6,223.73333333333332,05,05075,C,075,LAWRENCE,0,0,0,0,0.00,0.00,Heavy Rain,0,"[[36.1017,-91.1022],[36.0966,-91.0956],[36.1007,-91.0911],[36.1057,-91.0963]]",0,1,county_code_unverified|timezone_not_normalized_to_utc
1015547,167795,2022,2022-03-24T20:00:00,2022-03-31T23:59:00,CST-6,171.98333333333332,05,05117,C,117,PRAIRIE,0,0,0,0,0.00,0.00,Heavy Rain,0,"[[34.9823,-91.4964],[34.9712,-91.4896],[34.9776,-91.481],[34.9866,-91.4879]]",0,1,county_code_unverified|timezone_not_normalized_to_utc
1015549,167795,2022,2022-03-25T17:15:00,2022-03-31T23:59:00,CST-6,150.73333333333332,05,05147,C,147,WOODRUFF,0,0,0,0,0.00,0.00,Heavy Rain,0,"[[35.2853,-91.2494],[35.2517,-91.2554],[35.2503,-91.2347],[35.285,-91.2287]]",0,1,county_code_unverified|timezone_not_normalized_to_utc
1015686,167619,2022,2022-05-06T16:00:00,2022-05-07T01:45:00,EST-5,9.75,54,54087,C,087,ROANE,0,0,0,0,5000.00,0.00,Heavy Rain,0,"[[38.8052,-81.3441],[38.8072,-81.3547],[38.7979,-81.3558],[38.797,-81.3455]]",0,1,county_code_unverified|timezone_not_normalized_to_utc
1015861,167847,2022,2022-03-01T00:00:00,2022-03-01T12:00:00,PST-8,12.0,53,53015,C,015,COWLITZ,0,0,0,0,25000.00,0.00,Heavy Rain,0,"[[46.3432,-122.8206],[46.343,-122.8197],[46.3429,-122.8198]]",0,1,county_code_unverified|timezone_not_normalized_to_utc
1016020,167873,2022,2022-03-17T15:45:00,2022-03-21T08:00:00,CST-6,88.25,46,46057,C,057,HAMLIN,0,0,0,0,0.00,0.00,Heavy Rain / Snow Melt,0,"[[44.8,-97.09],[44.63,-97.01],[44.55,-96.93],[44.55,-96.9],[44.67,-96.98],[44.8,-97.05]]",0,1,county_code_unverified|timezone_not_normalized_to_utc
1016211,167898,2022,2022-03-07T03:00:00,2022-03-07T17:15:00,CST-6,14.25,55,55121,C,121,TREMPEALEAU,0,0,0,0,0.00,0.00,Heavy Rain,0,"[[44.2719,-91.4832],[44.263,-91.4986],[44.2512,-91.5214],[44.2477,-91.5391],[44.2415,-91.5248],[44.2559,-91.4929],[44.2671,-91.4778]]",0,1,county_code_unverified|timezone_not_normalized_to_utc
1016212,167898,2022,2022-03-08T14:52:00,2022-03-09T19:45:00,CST-6,28.883333333333333,55,55121,C,121,TREMPEALEAU,0,0,0,0,0.00,0.00,Heavy Rain,0,"[[44.1341,-91.5568],[44.1322,-91.5526],[44.1291,-91.5517],[44.1245,-91.548],[44.1239,-91.549],[44.129,-91.553],[44.1335,-91.5579]]",0,1,county_code_unverified|timezone_not_normalized_to_utc
1016213,167899,2022,2022-03-23T14:25:00,2022-03-24T19:05:00,CST-6,28.666666666666668,55,55053,C,053,JACKSON,0,0,0,0,0.00,0.00,Heavy Rain,0,"[[44.3063,-90.8339],[44.2967,-90.8465],[44.2888,-90.8484],[44.2895,-90.8559],[44.2874,-90.8557],[44.287,-90.8448],[44.2959,-90.8429],[44.3043,-90.8307]]",0,1,county_code_unverified|timezone_not_normalized_to_utc
1016214,167899,2022,2022-03-25T20:50:00,2022-03-26T21:15:00,CST-6,24.416666666666668,55,55121,C,121,TREMPEALEAU,0,0,0,0,0.00,0.00,Heavy Rain,0,"[[44.0591,-91.2846],[44.063,-91.277],[44.0642,-91.2803],[44.0616,-91.2847],[44.0662,-91.3067],[44.0634,-91.3112],[44.0636,-91.3066]]",0,1,county_code_unverified|timezone_not_normalized_to_utc
1016215,167899,2022,2022-03-26T08:00:00,2022-03-27T12:00:00,CST-6,28.0,55,55057,C,057,JUNEAU,0,0,0,0,0.00,0.00,Heavy Rain,0,"[[44.0265,-90.0727],[44.0255,-90.0716],[44.0252,-90.0694],[44.0235,-90.0671],[44.0236,-90.066],[44.0257,-90.0691],[44.0262,-90.0712],[44.0275,-90.0707]]",0,1,county_code_unverified|timezone_not_normalized_to_utc
1016580,167965,2022,2022-05-22T17:56:00,2022-05-22T17:56:00,EST-5,0.0,12,12053,C,053,HERNANDO,0,0,0,0,30000.00,0.00,Heavy Rain,0,"[[28.46,-82.6268],[28.4598,-82.6261],[28.4586,-82.6266],[28.4589,-82.6274]]",0,1,county_code_unverified|timezone_not_normalized_to_utc
1016720,167906,2022,2022-05-10T20:00:00,2022-05-10T22:00:00,CST-6,2.0,48,48501,C,501,YOAKUM,0,0,0,0,0.00,0.00,Heavy Rain,0,"[[32.9908,-102.8498],[32.9855,-102.788],[32.9611,-102.7946],[32.9582,-102.8489]]",0,1,county_code_unverified|timezone_not_normalized_to_utc
1017005,168027,2022,2022-04-17T16:50:00,2022-04-17T18:50:00,CST-6,2.0,12,12063,C,063,JACKSON,0,0,0,0,0.00,0.00,Heavy Rain,0,"[[30.7364,-85.0582],[30.7329,-85.0581],[30.7335,-85.0521],[30.7365,-85.0534]]",0,1,county_code_unverified|timezone_not_normalized_to_utc
1017017,166498,2022,2022-04-06T16:00:00,2022-04-06T17:00:00,EST-5,1.0,12,12073,C,073,LEON,0,0,0,0,0.00,0.00,Heavy Rain,0,"[[30.5642,-84.2191],[30.567,-84.2144],[30.5783,-84.2205],[30.5757,-84.2258]]",0,1,county_code_unverified|timezone_not_normalized_to_utc
1017049,168028,2022,2022-05-22T11:00:00,2022-05-22T12:00:00,CST-6,1.0,48,48505,C,505,ZAPATA,0,0,0,0,0.00,0.00,Heavy Rain,0,"[[26.9242,-99.2491],[26.9229,-99.2534],[26.9214,-99.2521],[26.9238,-99.2488]]",0,1,county_code_unverified|timezone_not_normalized_to_utc
1017050,168028,2022,2022-05-22T11:00:00,2022-05-22T11:00:00,CST-6,0.0,48,48505,C,505,ZAPATA,0,0,0,0,0.00,0.00,Heavy Rain,0,"[[26.904,-99.2686],[26.9037,-99.2683],[26.9035,-99.2688],[26.9038,-99.269]]",0,1,county_code_unverified|timezone_not_normalized_to_utc
1017102,168031,2022,2022-05-20T07:30:00,2022-05-20T08:30:00,EST-5,1.0,21,21117,C,117,KENTON,0,0,0,0,0.00,0.00,Heavy Rain,0,"[[39.0874,-84.5153],[39.0859,-84.5155],[39.0865,-84.5099],[39.088,-84.5103]]",0,1,county_code_unverified|timezone_not_normalized_to_utc
1017104,168032,2022,2022-05-20T06:00:00,2022-05-20T07:00:00,EST-5,1.0,39,39165,C,165,WARREN,0,0,0,0,100000.00,0.00,Heavy Rain,0,"[[39.31,-84.29],[39.3057,-84.1947],[39.3764,-84.121],[39.4819,-84.2756],[39.4175,-84.314]]",0,1,county_code_unverified|timezone_not_normalized_to_utc
1017106,168032,2022,2022-05-20T06:45:00,2022-05-20T07:45:00,EST-5,1.0,39,39061,C,061,HAMILTON,0,0,0,0,0.00,0.00,Heavy Rain,0,"[[39.28,-84.43],[39.2858,-84.4318],[39.2847,-84.4255],[39.2808,-84.427]]",0,1,county_code_unverified|timezone_not_normalized_to_utc
1017208,168025,2022,2022-03-23T21:00:00,2022-03-24T03:00:00,EST-5,6.0,37,37089,C,089,HENDERSON,0,0,0,0,1000.00,0.00,Heavy Rain,0,"[[35.312,-82.457],[35.312,-82.463],[35.299,-82.463],[35.299,-82.457]]",0,1,county_code_unverified|timezone_not_normalized_to_utc
1017277,168059,2022,2022-05-27T12:00:00,2022-05-27T15:00:00,EST-5,3.0,51,51125,C,125,NELSON,0,0,0,0,0.00,0.00,Heavy Rain,0,"[[37.8649,-79.1345],[37.8743,-79.127],[37.8756,-79.1301],[37.8667,-79.1369]]",0,1,county_code_unverified|timezone_not_normalized_to_utc
1017313,168042,2022,2022-05-21T15:00:00,2022-05-21T16:00:00,EST-5,1.0,18,18029,C,029,DEARBORN,0,0,0,0,0.00,0.00,Heavy Rain,0,"[[39.07,-84.9],[39.0631,-84.9004],[39.0612,-84.8965],[39.0652,-84.8923]]",0,1,county_code_unverified|timezone_not_normalized_to_utc
1017440,168073,2022,2022-05-26T17:30:00,2022-05-26T18:30:00,EST-5,1.0,39,39001,C,001,ADAMS,0,0,0,0,0.00,0.00,Heavy Rain,0,"[[38.7448,-83.5217],[38.7454,-83.5218],[38.7448,-83.5233],[38.7441,-83.5238],[38.7442,-83.5232]]",0,1,county_code_unverified|timezone_not_normalized_to_utc
1017442,168073,2022,2022-05-26T17:30:00,2022-05-26T18:30:00,EST-5,1.0,39,39001,C,001,ADAMS,0,0,0,0,0.00,0.00,Heavy Rain,0,"[[38.84,-83.48],[38.8357,-83.5141],[38.8626,-83.4922],[38.8596,-83.4533]]",0,1,county_code_unverified|timezone_not_normalized_to_utc
1017448,168073,2022,2022-05-26T18:00:00,2022-05-26T19:00:00,EST-5,1.0,39,39001,C,001,ADAMS,0,0,0,0,0.00,0.00,Heavy Rain,0,"[[38.79,-83.54],[38.7857,-83.5404],[38.7867,-83.5436],[38.7911,-83.5444]]",0,1,county_code_unverified|timezone_not_normalized_to_utc
1017451,168073,2022,2022-05-26T18:15:00,2022-05-26T19:15:00,EST-5,1.0,39,39131,C,131,PIKE,0,0,0,0,0.00,0.00,Heavy Rain,0,"[[39.16,-83.22],[39.1539,-83.2195],[39.1474,-83.2123],[39.1536,-83.2107]]",0,1,county_code_unverified|timezone_not_normalized_to_utc
1017453,168073,2022,2022-05-26T19:30:00,2022-05-26T20:30:00,EST-5,1.0,39,39141,C,141,ROSS,0,0,0,0,0.00,0.00,Heavy Rain,0,"[[39.2271,-83.2371],[39.2494,-83.2246],[39.2442,-83.2987],[39.2133,-83.2903]]",0,1,county_code_unverified|timezone_not_normalized_to_utc
1017628,168114,2022,2022-05-06T11:06:00,2022-05-06T13:06:00,EST-5,2.0,21,21235,C,235,WHITLEY,0,0,0,0,8000.00,0.00,Heavy Rain,0,"[[36.9174,-84.134],[36.9167,-84.1335],[36.9169,-84.133],[36.9176,-84.1334],[36.9177,-84.1338]]",0,1,county_code_unverified|timezone_not_normalized_to_utc
1017634,168114,2022,2022-05-06T11:17:00,2022-05-06T13:17:00,EST-5,2.0,21,21235,C,235,WHITLEY,0,0,0,0,0.00,0.00,Heavy Rain,0,"[[36.9494,-84.0963],[36.9494,-84.0953],[36.9499,-84.0954],[36.9498,-84.0962]]",0,1,county_code_unverified|timezone_not_normalized_to_utc
1017696,168114,2022,2022-05-06T11:17:00,2022-05-06T13:15:00,EST-5,1.9666666666666666,21,21121,C,121,KNOX,0,0,0,0,0.00,0.00,Heavy Rain,0,"[[36.9516,-84.0952],[36.9505,-84.0954],[36.9522,-84.0881],[36.954,-84.078],[36.9556,-84.0786]]",0,1,county_code_unverified|timezone_not_normalized_to_utc
1017709,168114,2022,2022-05-06T13:00:00,2022-05-06T15:00:00,EST-5,2.0,21,21071,C,071,FLOYD,0,0,0,0,0.00,0.00,Heavy Rain,0,"[[37.6889,-82.8362],[37.6908,-82.8214],[37.681,-82.8217],[37.6824,-82.834]]",0,1,county_code_unverified|timezone_not_normalized_to_utc
1018117,168184,2022,2022-06-01T19:00:00,2022-06-01T20:00:00,EST-5,1.0,18,18041,C,041,FAYETTE,0,0,0,0,0.00,0.00,Heavy Rain,0,"[[39.6646,-85.111],[39.665,-85.11],[39.6637,-85.11],[39.664,-85.1115]]",0,1,county_code_unverified|timezone_not_normalized_to_utc
1018192,168208,2022,2022-04-25T08:00:00,2022-04-27T01:45:00,CST-6,41.75,40,40079,C,079,LE FLORE,0,0,0,0,0.00,0.00,Heavy Rain,0,"[[35.11,-94.65],[35.19,-94.66],[35.24,-94.53],[35.34,-94.46],[35.28,-94.44]]",0,1,county_code_unverified|timezone_not_normalized_to_utc
1018274,168216,2022,2022-05-01T01:40:00,2022-05-02T20:56:00,CST-6,43.266666666666666,46,46013,C,013,BROWN,0,0,0,0,0.00,0.00,Planned Dam Release,0,"[[45.85,-98.68],[45.77,-98.51],[45.72,-98.52],[45.71,-98.6],[45.78,-98.69],[45.85,-98.72]]",0,1,county_code_unverified|timezone_not_normalized_to_utc
1018277,168217,2022,2022-05-01T00:00:00,2022-05-31T23:59:00,CST-6,743.9833333333333,46,46013,C,013,BROWN,0,0,0,0,0.00,49000.00,Heavy Rain / Snow Melt,0,"[[45.86,-98.24],[45.86,-98.17],[45.63,-98.27],[45.52,-98.18],[45.52,-98.3],[45.63,-98.37]]",0,1,county_code_unverified|timezone_not_normalized_to_utc
1018290,168221,2022,2022-06-02T15:57:00,2022-06-02T17:57:00,EST-5,2.0,24,24031,C,031,MONTGOMERY,0,0,0,0,0.00,0.00,Heavy Rain,0,"[[38.9881,-77.0774],[38.9883,-77.0818],[38.9877,-77.0817],[38.9875,-77.0775]]",0,1,county_code_unverified|timezone_not_normalized_to_utc
1018592,168256,2022,2022-05-07T05:34:00,2022-05-31T23:59:00,CST-6,594.4166666666666,46,46013,C,013,BROWN,0,0,0,0,0.00,0.00,Heavy Rain,0,"[[45.52,-98.18],[45.15,-98.35],[45.15,-98.45],[45.52,-98.3]]",0,1,county_code_unverified|timezone_not_normalized_to_utc
1018597,168257,2022,2022-05-20T20:41:00,2022-05-31T23:59:00,CST-6,267.3,46,46115,C,115,SPINK,0,0,0,0,0.00,0.00,Heavy Rain,0,"[[45.15,-98.35],[44.96,-98.45],[44.92,-98.52],[44.97,-98.54],[45.15,-98.45]]",0,1,county_code_unverified|timezone_not_normalized_to_utc
1018652,168261,2022,2022-05-10T14:06:00,2022-05-11T03:55:00,CST-6,13.816666666666666,46,46109,C,109,ROBERTS,0,0,0,0,0.00,0.00,Heavy Rain,0,"[[45.59,-96.85],[45.58,-96.87],[45.62,-96.9],[45.64,-96.86],[45.61,-96.87]]",0,1,county_code_unverified|timezone_not_normalized_to_utc
1018665,168263,2022,2022-05-12T13:58:00,2022-05-13T09:47:00,CST-6,19.816666666666666,46,46029,C,029,CODINGTON,0,0,0,0,0.00,0.00,Heavy Rain,0,"[[45.03,-97.06],[44.98,-97.09],[44.97,-97.13],[45.0,-97.13],[45.04,-97.11]]",0,1,county_code_unverified|timezone_not_normalized_to_utc
1018672,168216,2022,2022-05-02T21:03:00,2022-05-05T04:29:00,CST-6,55.43333333333333,46,46013,C,013,BROWN,0,0,0,0,0.00,0.00,Planned Dam Release,0,"[[45.6,-98.49],[45.71,-98.6],[45.72,-98.52],[45.61,-98.44]]",0,1,county_code_unverified|timezone_not_normalized_to_utc
1018898,168291,2022,2022-04-01T00:00:00,2022-04-03T16:30:00,CST-6,64.5,05,05013,C,013,CALHOUN,0,0,0,0,0.00,0.00,Heavy Rain,0,"[[33.3216,-92.5219],[33.3459,-92.4786],[33.2776,-92.4118],[33.2619,-92.4692]]",0,1,county_code_unverified|timezone_not_normalized_to_utc
1018902,168291,2022,2022-04-02T17:30:00,2022-04-08T06:30:00,CST-6,133.0,05,05121,C,121,RANDOLPH,0,0,0,0,0.00,0.00,Heavy Rain,0,"[[36.2909,-90.9363],[36.2879,-90.9121],[36.2307,-90.9432],[36.231,-91.0125]]",0,1,county_code_unverified|timezone_not_normalized_to_utc
1018905,168291,2022,2022-04-01T00:00:00,2022-04-30T23:59:00,CST-6,719.9833333333333,05,05075,C,075,LAWRENCE,0,0,0,0,0.00,0.00,Heavy Rain,0,"[[36.1151,-91.1045],[36.1119,-91.0608],[36.0657,-91.0889],[36.0849,-91.1469]]",0,1,county_code_unverified|timezone_not_normalized_to_utc
1018909,168291,2022,2022-04-01T00:00:00,2022-04-30T23:59:00,CST-6,719.9833333333333,05,05147,C,147,WOODRUFF,0,0,0,0,0.00,0.00,Heavy Rain,0,"[[35.301,-91.4468],[35.3048,-91.3469],[35.2259,-91.349],[35.2363,-91.4178]]",0,1,county_code_unverified|timezone_not_normalized_to_utc
1018914,168291,2022,2022-04-01T00:00:00,2022-04-30T23:59:00,CST-6,719.9833333333333,05,05117,C,117,PRAIRIE,0,0,0,0,0.00,0.00,Heavy Rain,0,"[[34.9889,-91.5064],[34.996,-91.4636],[34.9387,-91.444],[34.9365,-91.5016]]",0,1,county_code_unverified|timezone_not_normalized_to_utc
1018915,168291,2022,2022-04-01T00:00:00,2022-04-30T23:59:00,CST-6,719.9833333333333,05,05095,C,095,MONROE,0,0,0,0,0.00,0.00,Heavy Rain,0,"[[34.7044,-91.3755],[34.7201,-91.2883],[34.6313,-91.2806],[34.6295,-91.3593]]",0,1,county_code_unverified|timezone_not_normalized_to_utc
1018917,168291,2022,2022-04-01T00:00:00,2022-04-30T23:59:00,CST-6,719.9833333333333,05,05147,C,147,WOODRUFF,0,0,0,0,0.00,0.00,Heavy Rain,0,"[[35.2801,-91.2481],[35.2816,-91.2254],[35.2511,-91.2201],[35.2496,-91.2535]]",0,1,county_code_unverified|timezone_not_normalized_to_utc
1018962,168298,2022,2022-04-08T07:00:00,2022-04-11T06:45:00,CST-6,71.75,05,05013,C,013,CALHOUN,0,0,0,0,0.00,0.00,Heavy Rain,0,"[[33.3217,-92.5058],[33.3271,-92.4722],[33.281,-92.4234],[33.278,-92.473]]",0,1,county_code_unverified|timezone_not_normalized_to_utc
1018963,168298,2022,2022-04-06T04:45:00,2022-04-30T23:59:00,CST-6,595.2333333333333,05,05145,C,145,WHITE,0,0,0,0,0.00,0.00,Heavy Rain,0,"[[35.1605,-91.4719],[35.1651,-91.4217],[35.0738,-91.4129],[35.0735,-91.4819]]",0,1,county_code_unverified|timezone_not_normalized_to_utc
1018964,168299,2022,2022-04-16T19:00:00,2022-04-17T18:00:00,CST-6,23.0,05,05019,C,019,CLARK,0,0,0,0,0.00,0.00,Heavy Rain,0,"[[34.1568,-93.0692],[34.1654,-93.006],[34.0636,-92.9681],[34.0465,-93.0371]]",0,1,county_code_unverified|timezone_not_normalized_to_utc
1018965,168299,2022,2022-04-15T09:00:00,2022-04-30T21:00:00,CST-6,372.0,05,05103,C,103,OUACHITA,0,0,0,0,0.00,0.00,Heavy Rain,0,"[[33.6201,-92.8475],[33.6319,-92.8084],[33.5652,-92.7781],[33.5523,-92.8317]]",0,1,county_code_unverified|timezone_not_normalized_to_utc
1018966,168299,2022,2022-04-15T19:00:00,2022-04-30T23:59:00,CST-6,364.98333333333335,05,05013,C,013,CALHOUN,0,0,0,0,0.00,0.00,Heavy Rain,0,"[[33.3167,-92.4967],[33.3283,-92.4755],[33.2907,-92.4443],[33.2817,-92.4727]]",0,1,county_code_unverified|timezone_not_normalized_to_utc
1018967,168299,2022,2022-04-14T18:30:00,2022-04-30T23:59:00,CST-6,389.48333333333335,05,05121,C,121,RANDOLPH,0,0,0,0,0.00,0.00,Heavy Rain,0,"[[36.2787,-90.9574],[36.2682,-90.9224],[36.2281,-90.9705],[36.2364,-91.0052]]",0,1,county_code_unverified|timezone_not_normalized_to_utc
1018969,168300,2022,2022-04-26T10:30:00,2022-04-27T08:15:00,CST-6,21.75,05,05105,C,105,PERRY,0,0,0,0,0.00,0.00,Heavy Rain,0,"[[35.0183,-92.743],[35.0201,-92.7097],[34.9916,-92.7127],[34.9955,-92.7348]]",0,1,county_code_unverified|timezone_not_normalized_to_utc
1018970,168300,2022,2022-04-25T18:15:00,2022-04-27T05:45:00,CST-6,35.5,05,05149,C,149,YELL,0,0,0,0,0.00,0.00,Heavy Rain,0,"[[35.0631,-93.4196],[35.0755,-93.3632],[35.0463,-93.3568],[35.0421,-93.4327]]",0,1,county_code_unverified|timezone_not_normalized_to_utc
1019033,168287,2022,2022-04-25T05:50:00,2022-04-25T12:00:00,CST-6,6.166666666666667,29,29229,C,229,WRIGHT,0,0,0,0,0.00,0.00,Heavy Rain,0,"[[37.17,-92.53],[37.1643,-92.5354],[37.1636,-92.5237],[37.169,-92.5225]]",0,1,county_code_unverified|timezone_not_normalized_to_utc
1019034,168287,2022,2022-04-25T07:43:00,2022-04-25T12:00:00,CST-6,4.283333333333333,29,29009,C,009,BARRY,0,0,0,0,0.00,0.00,Heavy Rain,0,"[[36.82,-93.79],[36.8189,-93.7846],[36.8165,-93.7868],[36.8182,-93.7928]]",0,1,county_code_unverified|timezone_not_normalized_to_utc
1019035,168287,2022,2022-04-25T05:30:00,2022-04-25T12:00:00,CST-6,6.5,29,29067,C,067,DOUGLAS,0,0,0,0,0.00,0.00,Heavy Rain,0,"[[36.97,-92.73],[36.9624,-92.7332],[36.962,-92.7205],[36.9689,-92.7191]]",0,1,county_code_unverified|timezone_not_normalized_to_utc
1019036,168287,2022,2022-04-25T07:50:00,2022-04-25T12:00:00,CST-6,4.166666666666667,29,29009,C,009,BARRY,0,0,0,0,0.00,0.00,Heavy Rain,0,"[[36.77,-93.81],[36.7693,-93.8163],[36.7753,-93.8153],[36.7754,-93.8079]]",0,1,county_code_unverified|timezone_not_normalized_to_utc
1019045,167308,2022,2022-04-11T14:30:00,2022-04-11T20:00:00,CST-6,5.5,29,29105,C,105,LACLEDE,0,0,0,0,0.00,0.00,Heavy Rain,0,"[[37.8,-92.43],[37.8055,-92.433],[37.8058,-92.4263],[37.8011,-92.4249]]",0,1,county_code_unverified|timezone_not_normalized_to_utc
1019052,168286,2022,2022-04-21T06:19:00,2022-04-21T13:00:00,CST-6,6.683333333333334,29,29009,C,009,BARRY,0,0,0,0,0.00,0.00,Heavy Rain,0,"[[36.77,-93.81],[36.766,-93.8103],[36.7661,-93.8176],[36.7752,-93.8168],[36.7754,-93.8082]]",0,1,county_code_unverified|timezone_not_normalized_to_utc
1019053,168286,2022,2022-04-21T06:51:00,2022-04-21T13:00:00,CST-6,6.15,29,29009,C,009,BARRY,0,0,0,0,0.00,0.00,Heavy Rain,0,"[[36.82,-93.79],[36.8182,-93.7833],[36.8149,-93.7863],[36.8177,-93.7924]]",0,1,county_code_unverified|timezone_not_normalized_to_utc
1019054,168286,2022,2022-04-21T06:47:00,2022-04-21T13:00:00,CST-6,6.216666666666667,29,29145,C,145,NEWTON,0,0,0,0,0.00,0.00,Heavy Rain,0,"[[36.76,-94.19],[36.7627,-94.1949],[36.7683,-94.2034],[36.765,-94.2074],[36.7533,-94.1931],[36.7575,-94.1875]]",0,1,county_code_unverified|timezone_not_normalized_to_utc
1019055,168286,2022,2022-04-21T07:07:00,2022-04-21T13:00:00,CST-6,5.883333333333334,29,29119,C,119,MCDONALD,0,0,0,0,0.00,0.00,Heavy Rain,0,"[[36.73,-94.32],[36.7381,-94.3159],[36.7325,-94.3006],[36.7256,-94.3096]]",0,1,county_code_unverified|timezone_not_normalized_to_utc
1019056,168286,2022,2022-04-21T08:32:00,2022-04-21T15:00:00,CST-6,6.466666666666667,29,29119,C,119,MCDONALD,0,0,0,0,0.00,0.00,Heavy Rain,0,"[[36.68,-94.09],[36.6636,-94.1007],[36.6653,-94.113],[36.6857,-94.1003]]",0,1,county_code_unverified|timezone_not_normalized_to_utc
1019058,168283,2022,2022-04-13T09:41:00,2022-04-13T17:00:00,CST-6,7.316666666666666,29,29043,C,043,CHRISTIAN,0,0,0,0,0.00,0.00,Heavy Rain,0,"[[36.92,-93.32],[36.9256,-93.3323],[36.929,-93.3236],[36.9256,-93.3176]]",0,1,county_code_unverified|timezone_not_normalized_to_utc
1019059,168283,2022,2022-04-13T13:59:00,2022-04-13T21:00:00,CST-6,7.016666666666667,29,29225,C,225,WEBSTER,0,0,0,0,0.00,0.00,Heavy Rain,0,"[[37.1,-92.92],[37.0945,-92.9163],[37.0932,-92.9227],[37.0983,-92.924]]",0,1,county_code_unverified|timezone_not_normalized_to_utc
1019060,168283,2022,2022-04-13T14:00:00,2022-04-13T21:00:00,CST-6,7.0,29,29225,C,225,WEBSTER,0,0,0,0,0.00,0.00,Heavy Rain,0,"[[37.301,-92.9974],[37.2962,-92.9981],[37.2966,-92.9881],[37.3007,-92.9866]]",0,1,county_code_unverified|timezone_not_normalized_to_utc
1019061,168283,2022,2022-04-13T14:03:00,2022-04-13T21:00:00,CST-6,6.95,29,29105,C,105,LACLEDE,0,0,0,0,0.00,0.00,Heavy Rain,0,"[[37.6,-92.54],[37.5974,-92.5501],[37.6022,-92.5518],[37.6044,-92.5429]]",0,1,county_code_unverified|timezone_not_normalized_to_utc
1019062,168283,2022,2022-04-13T15:39:00,2022-04-13T21:00:00,CST-6,5.35,29,29161,C,161,PHELPS,0,0,0,0,0.00,0.00,Heavy Rain,0,"[[37.9,-91.84],[37.8935,-91.841],[37.8921,-91.8321],[37.8985,-91.8323]]",0,1,county_code_unverified|timezone_not_normalized_to_utc
1019063,168283,2022,2022-04-13T15:41:00,2022-04-13T21:00:00,CST-6,5.316666666666666,29,29229,C,229,WRIGHT,0,0,0,0,0.00,0.00,Heavy Rain,0,"[[37.31,-92.4],[37.3138,-92.3931],[37.3176,-92.3999],[37.3123,-92.4043]]",0,1,county_code_unverified|timezone_not_normalized_to_utc
1019064,168283,2022,2022-04-13T16:08:00,2022-04-13T21:00:00,CST-6,4.866666666666666,29,29161,C,161,PHELPS,0,0,0,0,0.00,0.00,Heavy Rain,0,"[[37.78,-92.02],[37.7652,-92.01],[37.7595,-92.0174],[37.7664,-92.0296],[37.7804,-92.0295]]",0,1,county_code_unverified|timezone_not_normalized_to_utc
1019065,168283,2022,2022-04-13T18:56:00,2022-04-13T21:00:00,CST-6,2.066666666666667,29,29153,C,153,OZARK,0,0,0,0,0.00,0.00,Heavy Rain,0,"[[36.71,-92.27],[36.7088,-92.2597],[36.7019,-92.2637],[36.7057,-92.272]]",0,1,county_code_unverified|timezone_not_normalized_to_utc
1019314,168367,2022,2022-05-24T02:20:00,2022-05-24T06:05:00,EST-5,3.75,54,54055,C,055,MERCER,0,0,0,0,0.00,0.00,Heavy Rain,0,"[[37.3557,-80.8961],[37.3545,-80.8959],[37.354,-80.8962],[37.3537,-80.8956],[37.3545,-80.8952],[37.3555,-80.8955]]",0,1,county_code_unverified|timezone_not_normalized_to_utc
1019659,168454,2022,2022-04-28T02:00:00,2022-04-30T23:59:00,CST-6,69.98333333333333,46,46013,C,013,BROWN,0,0,0,0,0.00,0.00,Heavy Rain / Snow Melt,0,"[[45.93,-98.22],[45.61,-98.38],[45.54,-98.29],[45.93,-98.13]]",0,1,county_code_unverified|timezone_not_normalized_to_utc
1019673,168456,2022,2022-05-27T03:15:00,2022-05-27T09:10:00,EST-5,5.916666666666667,37,37189,C,189,WATAUGA,0,0,0,0,0.00,0.00,Heavy Rain,0,"[[36.2433,-81.831],[36.2394,-81.8258],[36.2422,-81.8066],[36.2413,-81.8004],[36.2355,-81.8188],[36.2377,-81.8271],[36.2435,-81.8338]]",0,1,county_code_unverified|timezone_not_normalized_to_utc
1019770,168461,2022,2022-04-13T09:15:00,2022-04-16T00:00:00,EST-5,62.75,26,26061,C,061,HOUGHTON,0,0,0,0,0.00,0.00,Heavy Rain / Snow Melt,0,"[[46.7766,-88.7288],[46.7759,-88.7213],[46.7687,-88.7277],[46.7694,-88.7316]]",0,1,county_code_unverified|timezone_not_normalized_to_utc
1019771,168461,2022,2022-04-14T00:00:00,2022-04-16T00:00:00,EST-5,48.0,26,26061,C,061,HOUGHTON,0,0,0,0,0.00,0.00,Heavy Rain / Snow Melt,0,"[[47.0063,-88.515],[46.9895,-88.5148],[46.9892,-88.5074],[47.0062,-88.5079]]",0,1,county_code_unverified|timezone_not_normalized_to_utc
1019772,168462,2022,2022-04-23T23:00:00,2022-04-27T23:00:00,EST-5,96.0,26,26061,C,061,HOUGHTON,0,0,0,0,0.00,0.00,Heavy Rain / Snow Melt,0,"[[46.7828,-88.7251],[46.7813,-88.7179],[46.7713,-88.7258],[46.7735,-88.7312]]",0,1,county_code_unverified|timezone_not_normalized_to_utc
1019773,168462,2022,2022-04-25T00:00:00,2022-04-29T00:00:00,EST-5,96.0,26,26061,C,061,HOUGHTON,0,0,0,0,0.00,0.00,Heavy Rain / Snow Melt,0,"[[47.0057,-88.515],[46.9911,-88.5147],[46.9918,-88.5058],[47.0062,-88.5072]]",0,1,county_code_unverified|timezone_not_normalized_to_utc
1019774,168463,2022,2022-04-26T10:00:00,2022-04-26T16:00:00,CST-6,6.0,26,26071,C,071,IRON,0,0,0,0,0.00,0.00,Heavy Rain / Snow Melt,0,"[[46.1063,-88.3383],[46.1075,-88.3331],[46.1,-88.3206],[46.0992,-88.3237]]",0,1,county_code_unverified|timezone_not_normalized_to_utc
1019775,168464,2022,2022-04-14T00:00:00,2022-04-15T00:00:00,EST-5,24.0,26,26103,C,103,MARQUETTE,0,0,0,0,0.00,0.00,Heavy Rain / Snow Melt,0,"[[46.4996,-87.3512],[46.488,-87.3215],[46.4863,-87.3249],[46.4959,-87.3537]]",0,1,county_code_unverified|timezone_not_normalized_to_utc
1019776,168465,2022,2022-04-25T06:30:00,2022-04-26T04:45:00,EST-5,22.25,26,26103,C,103,MARQUETTE,0,0,0,0,0.00,0.00,Heavy Rain / Snow Melt,0,"[[46.5002,-87.889],[46.4969,-87.8839],[46.4981,-87.8833],[46.5008,-87.8872]]",0,1,county_code_unverified|timezone_not_normalized_to_utc
1019777,168466,2022,2022-04-14T08:00:00,2022-04-16T03:45:00,EST-5,43.75,26,26041,C,041,DELTA,0,0,0,0,0.00,0.00,Heavy Rain / Snow Melt,0,"[[45.8414,-86.6775],[45.8421,-86.6631],[45.8638,-86.6658],[45.8624,-86.6785]]",0,1,county_code_unverified|timezone_not_normalized_to_utc
1019778,168467,2022,2022-04-27T14:00:00,2022-04-27T14:30:00,EST-5,0.5,26,26103,C,103,MARQUETTE,0,0,0,0,5000.00,0.00,Heavy Rain / Snow Melt,0,"[[46.4339,-87.952],[46.4336,-87.9517],[46.4337,-87.9514],[46.434,-87.9517]]",0,1,county_code_unverified|timezone_not_normalized_to_utc
1019826,168471,2022,2022-04-28T16:45:00,2022-04-29T21:45:00,CST-6,29.0,46,46013,C,013,BROWN,0,0,0,0,0.00,0.00,Planned Dam Release,0,"[[45.85,-98.68],[45.77,-98.51],[45.72,-98.52],[45.71,-98.6],[45.78,-98.69],[45.85,-98.72]]",0,1,county_code_unverified|timezone_not_normalized_to_utc
1019953,168481,2022,2022-05-24T07:45:00,2022-05-24T12:05:00,EST-5,4.333333333333333,51,51071,C,071,GILES,0,0,0,0,0.00,0.00,Heavy Rain,0,"[[37.322,-80.822],[37.3176,-80.8315],[37.3131,-80.8441],[37.315,-80.8444],[37.3191,-80.8375],[37.3232,-80.8293],[37.324,-80.8225]]",0,1,county_code_unverified|timezone_not_normalized_to_utc
1019966,168481,2022,2022-05-24T03:20:00,2022-05-24T06:50:00,EST-5,3.5,51,51185,C,185,TAZEWELL,0,0,0,0,0.00,0.00,Heavy Rain,0,"[[37.2724,-81.3066],[37.27,-81.3048],[37.2706,-81.3032],[37.273,-81.3051]]",0,1,county_code_unverified|timezone_not_normalized_to_utc
1020029,168494,2022,2022-06-08T22:05:00,2022-06-08T23:50:00,EST-5,1.75,24,24005,C,005,BALTIMORE,0,0,0,0,0.00,0.00,Heavy Rain,0,"[[39.2307,-76.6666],[39.2103,-76.6985],[39.2158,-76.7077],[39.2256,-76.6847],[39.2314,-76.6728]]",0,1,county_code_unverified|timezone_not_normalized_to_utc
1020030,168494,2022,2022-06-08T22:00:00,2022-06-09T03:15:00,EST-5,5.25,24,24027,C,027,HOWARD,0,0,0,0,0.00,0.00,Heavy Rain,0,"[[39.121,-76.8124],[39.0786,-76.7724],[39.0806,-76.7699],[39.0917,-76.7669],[39.1058,-76.7769],[39.1174,-76.7948],[39.122,-76.8045]]",0,1,county_code_unverified|timezone_not_normalized_to_utc
1020031,168494,2022,2022-06-08T18:53:00,2022-06-08T20:53:00,EST-5,2.0,24,24031,C,031,MONTGOMERY,0,0,0,0,0.00,0.00,Heavy Rain,0,"[[39.1036,-77.2067],[39.1025,-77.2063],[39.1031,-77.2053],[39.104,-77.2057]]",0,1,county_code_unverified|timezone_not_normalized_to_utc
1020032,168494,2022,2022-06-08T19:05:00,2022-06-08T21:05:00,EST-5,2.0,24,24031,C,031,MONTGOMERY,0,0,0,0,0.00,0.00,Heavy Rain,0,"[[39.1661,-77.1991],[39.166,-77.1993],[39.1659,-77.1992],[39.1661,-77.199]]",0,1,county_code_unverified|timezone_not_normalized_to_utc
1020033,168494,2022,2022-06-08T19:14:00,2022-06-08T21:14:00,EST-5,2.0,24,24031,C,031,MONTGOMERY,0,0,0,0,0.00,0.00,Heavy Rain,0,"[[39.158,-77.1924],[39.1574,-77.1923],[39.1575,-77.1916],[39.1579,-77.1917]]",0,1,county_code_unverified|timezone_not_normalized_to_utc
1020034,168494,2022,2022-06-08T19:16:00,2022-06-08T21:16:00,EST-5,2.0,24,24031,C,031,MONTGOMERY,0,0,0,0,0.00,0.00,Heavy Rain,0,"[[39.1601,-77.2163],[39.1598,-77.2163],[39.1599,-77.2159],[39.1601,-77.216]]",0,1,county_code_unverified|timezone_not_normalized_to_utc
1020165,168507,2022,2022-04-13T00:28:00,2022-04-13T05:06:00,CST-6,4.633333333333334,27,27109,C,109,OLMSTED,0,0,0,0,0.00,0.00,Heavy Rain,0,"[[44.0362,-92.1053],[44.0383,-92.1059],[44.0386,-92.1055],[44.0375,-92.1042],[44.0366,-92.104],[44.0362,-92.1046],[44.0353,-92.1031],[44.0349,-92.1033]]",0,1,county_code_unverified|timezone_not_normalized_to_utc
1020470,168554,2022,2022-06-13T03:43:00,2022-06-13T03:43:00,EST-5,0.0,44,44007,C,007,PROVIDENCE,0,0,0,0,5000.00,0.00,Heavy Rain,0,"[[41.7756,-71.326],[41.7707,-71.3281],[41.7876,-71.3391],[41.7917,-71.3309]]",0,1,county_code_unverified|timezone_not_normalized_to_utc
1021100,168654,2022,2022-04-08T01:45:00,2022-04-10T02:00:00,EST-5,48.25,36,36025,C,025,DELAWARE,0,0,0,0,5000000.00,0.00,Heavy Rain,0,"[[42.0455,-75.084],[41.9886,-75.1913],[41.9661,-75.1566],[42.0252,-75.0128]]",0,1,county_code_unverified|timezone_not_normalized_to_utc
1021182,168263,2022,2022-05-12T17:00:00,2022-05-16T03:45:00,CST-6,82.75,46,46029,C,029,CODINGTON,0,0,0,0,0.00,20000.00,Heavy Rain,0,"[[44.64,-96.95],[44.6,-97.0],[44.69,-97.06],[44.8,-97.09],[44.8,-97.03]]",0,1,county_code_unverified|timezone_not_normalized_to_utc
1021184,168263,2022,2022-05-12T11:45:00,2022-05-12T17:45:00,MST-7,6.0,46,46031,C,031,CORSON,0,0,0,0,0.00,0.00,Heavy Rain,0,"[[45.67,-100.56],[45.71,-100.59],[45.76,-100.71],[45.78,-100.69],[45.73,-100.55],[45.66,-100.52]]",0,1,county_code_unverified|timezone_not_normalized_to_utc
1021390,168445,2022,2022-05-03T07:00:00,2022-05-03T12:00:00,CST-6,5.0,17,17031,C,031,COOK,0,0,0,0,0.00,0.00,Heavy Rain,0,"[[41.5871,-87.9075],[41.5789,-87.9103],[41.563,-87.9097],[41.563,-87.9088],[41.579,-87.9076],[41.5824,-87.9045],[41.5871,-87.9042]]",0,1,county_code_unverified|timezone_not_normalized_to_utc
1021391,168445,2022,2022-05-03T07:00:00,2022-05-03T13:00:00,CST-6,6.0,17,17197,C,197,WILL,0,0,0,0,0.00,0.00,Heavy Rain,0,"[[41.4259,-87.9643],[41.4237,-87.9643],[41.4262,-87.7619],[41.4277,-87.762]]",0,1,county_code_unverified|timezone_not_normalized_to_utc
1021392,168445,2022,2022-05-03T07:00:00,2022-05-03T12:00:00,CST-6,5.0,17,17031,C,031,COOK,0,0,0,0,0.00,0.00,Heavy Rain,0,"[[42.0049,-87.7462],[42.0049,-87.6591],[41.9686,-87.6494],[41.9686,-87.7462]]",0,1,county_code_unverified|timezone_not_normalized_to_utc
1021394,168445,2022,2022-05-03T07:00:00,2022-05-03T13:00:00,CST-6,6.0,17,17043,C,043,DU PAGE,0,0,0,0,0.00,0.00,Heavy Rain,0,"[[41.8802,-88.1237],[41.8802,-88.0815],[41.857,-88.0815],[41.857,-88.1237]]",0,1,county_code_unverified|timezone_not_normalized_to_utc
1021395,168445,2022,2022-05-03T07:00:00,2022-05-03T13:00:00,CST-6,6.0,17,17043,C,043,DU PAGE,0,0,0,0,0.00,0.00,Heavy Rain,0,"[[41.9178,-87.943],[41.9084,-87.9184],[41.9033,-87.9184],[41.9033,-87.943]]",0,1,county_code_unverified|timezone_not_normalized_to_utc
1021396,165719,2022,2022-03-05T17:35:00,2022-03-05T19:00:00,CST-6,1.4166666666666667,55,55021,C,021,COLUMBIA,0,0,0,0,10000.00,0.00,Heavy Rain,0,"[[43.3293,-89.5745],[43.293,-89.4959],[43.5708,-89.0432],[43.6015,-89.1118]]",0,1,county_code_unverified|timezone_not_normalized_to_utc
1021397,165719,2022,2022-03-05T18:15:00,2022-03-05T19:45:00,CST-6,1.5,55,55039,C,039,FOND DU LAC,0,0,0,0,1000.00,0.00,Heavy Rain,0,"[[43.6984,-88.8414],[43.6534,-88.7802],[43.7601,-88.375],[43.81,-88.4823]]",0,1,county_code_unverified|timezone_not_normalized_to_utc
1021608,168724,2022,2022-05-04T15:25:00,2022-05-04T18:25:00,CST-6,3.0,20,20173,C,173,SEDGWICK,0,0,0,0,100.00,100.00,Heavy Rain,0,"[[37.7,-97.44],[37.7194,-97.4406],[37.7191,-97.446],[37.7004,-97.4455]]",0,1,county_code_unverified|timezone_not_normalized_to_utc
1021609,168724,2022,2022-05-04T15:45:00,2022-05-04T18:45:00,CST-6,3.0,20,20173,C,173,SEDGWICK,0,0,0,0,100.00,100.00,Heavy Rain,0,"[[37.67,-97.3],[37.6688,-97.3001],[37.6689,-97.2985],[37.67,-97.2985]]",0,1,county_code_unverified|timezone_not_normalized_to_utc
1021610,168724,2022,2022-05-04T17:53:00,2022-05-04T19:53:00,CST-6,2.0,20,20015,C,015,BUTLER,0,0,0,0,100.00,100.00,Heavy Rain,0,"[[37.92,-96.86],[37.9065,-96.8581],[37.9068,-96.8826],[37.9198,-96.8802]]",0,1,county_code_unverified|timezone_not_normalized_to_utc
1022018,168764,2022,2022-06-14T00:25:00,2022-06-14T02:25:00,EST-5,2.0,39,39105,C,105,MEIGS,0,0,0,0,1000.00,0.00,Heavy Rain,0,"[[39.0678,-81.9415],[39.0678,-81.9608],[39.0554,-81.9534],[39.0548,-81.9391]]",0,1,county_code_unverified|timezone_not_normalized_to_utc
1022141,167619,2022,2022-05-07T15:35:00,2022-05-08T09:12:00,EST-5,17.616666666666667,54,54097,C,097,UPSHUR,0,0,0,0,2000.00,0.00,Heavy Rain,0,"[[39.0176,-80.2383],[39.0089,-80.1849],[38.9727,-80.2001],[38.9789,-80.2511]]",0,1,county_code_unverified|timezone_not_normalized_to_utc
1022143,167619,2022,2022-05-07T09:02:00,2022-05-08T03:20:00,EST-5,18.3,54,54021,C,021,GILMER,0,0,0,0,3000.00,0.00,Heavy Rain,0,"[[38.9325,-80.8509],[38.9251,-80.8325],[38.9361,-80.819],[38.9463,-80.8358]]",0,1,county_code_unverified|timezone_not_normalized_to_utc
1022145,167619,2022,2022-05-06T20:35:00,2022-05-07T01:15:00,EST-5,4.666666666666667,54,54043,C,043,LINCOLN,0,0,0,0,250.00,0.00,Heavy Rain,0,"[[38.2604,-82.0473],[38.2479,-82.0403],[38.2524,-82.03],[38.2638,-82.0403]]",0,1,county_code_unverified|timezone_not_normalized_to_utc
1022146,167619,2022,2022-05-07T19:54:00,2022-05-08T04:37:00,EST-5,8.716666666666667,54,54095,C,095,TYLER,0,0,0,0,250.00,0.00,Heavy Rain,0,"[[39.4761,-81.0014],[39.4709,-80.9996],[39.4715,-80.9895],[39.4805,-80.9986]]",0,1,county_code_unverified|timezone_not_normalized_to_utc
1022147,167619,2022,2022-05-07T12:37:00,2022-05-08T01:49:00,EST-5,13.2,54,54095,C,095,TYLER,0,0,0,0,250.00,0.00,Heavy Rain,0,"[[39.4822,-80.8741],[39.4782,-80.8711],[39.4791,-80.8617],[39.4846,-80.8651]]",0,1,county_code_unverified|timezone_not_normalized_to_utc
1022148,167619,2022,2022-05-07T08:10:00,2022-05-07T17:17:00,EST-5,9.116666666666667,54,54017,C,017,DODDRIDGE,0,0,0,0,500.00,0.00,Heavy Rain,0,"[[39.2697,-80.7401],[39.2742,-80.7341],[39.2669,-80.7242],[39.2627,-80.7307]]",0,1,county_code_unverified|timezone_not_normalized_to_utc
1022154,167619,2022,2022-05-08T19:07:00,2022-05-10T03:11:00,EST-5,32.06666666666667,54,54053,C,053,MASON,0,0,0,0,2000.00,0.00,Heavy Rain,0,"[[38.8392,-82.1439],[38.8541,-82.1399],[38.8531,-82.1283],[38.8357,-82.133]]",0,1,county_code_unverified|timezone_not_normalized_to_utc
1022157,167619,2022,2022-05-07T11:47:00,2022-05-07T18:20:00,EST-5,6.55,54,54083,C,083,RANDOLPH,0,0,0,0,250.00,0.00,Heavy Rain,0,"[[38.9172,-80.0898],[38.9231,-80.0885],[38.9227,-80.0863],[38.9165,-80.0879]]",0,1,county_code_unverified|timezone_not_normalized_to_utc
1022170,168612,2022,2022-04-07T19:30:00,2022-04-08T02:30:00,EST-5,7.0,36,36043,C,043,HERKIMER,0,0,0,0,0.00,0.00,Heavy Rain,0,"[[43.0028,-75.0336],[43.0353,-75.0313],[43.0425,-74.9591],[42.999,-74.9701]]",0,1,county_code_unverified|timezone_not_normalized_to_utc
1022178,168612,2022,2022-04-07T19:30:00,2022-04-08T10:00:00,EST-5,14.5,36,36057,C,057,MONTGOMERY,0,0,0,0,160000.00,0.00,Heavy Rain,0,"[[43.0232,-74.7235],[42.8669,-74.7482],[42.8014,-74.4255],[42.8986,-74.1007],[42.9775,-74.1062],[42.9785,-74.5504]]",0,1,county_code_unverified|timezone_not_normalized_to_utc
1022181,168612,2022,2022-04-07T20:00:00,2022-04-08T07:00:00,EST-5,11.0,36,36035,C,035,FULTON,0,0,0,0,20000.00,0.00,Heavy Rain,0,"[[42.9919,-74.4311],[43.0922,-74.3809],[43.0862,-74.2814],[42.9898,-74.3363]]",0,1,county_code_unverified|timezone_not_normalized_to_utc
1022191,168612,2022,2022-04-07T20:30:00,2022-04-08T05:00:00,EST-5,8.5,36,36095,C,095,SCHOHARIE,0,0,0,0,20000.00,0.00,Heavy Rain,0,"[[42.5211,-74.68],[42.3863,-74.507],[42.3792,-74.3861],[42.5393,-74.355],[42.7192,-74.4306],[42.7544,-74.6342],[42.6263,-74.6132]]",0,1,county_code_unverified|timezone_not_normalized_to_utc
1022198,168612,2022,2022-04-07T23:00:00,2022-04-08T11:00:00,EST-5,12.0,36,36113,C,113,WARREN,0,0,0,0,75000.00,0.00,Heavy Rain,0,"[[43.6677,-74.0467],[43.4428,-74.0042],[43.4239,-73.8421],[43.3031,-73.7803],[43.339,-73.6196],[43.7392,-73.6759]]",0,1,county_code_unverified|timezone_not_normalized_to_utc
1022204,168612,2022,2022-04-07T21:00:00,2022-04-08T04:00:00,EST-5,7.0,36,36091,C,091,SARATOGA,0,0,0,0,1000.00,0.00,Heavy Rain,0,"[[43.2055,-74.0879],[43.2164,-74.0813],[43.2144,-74.0714],[43.2042,-74.079]]",0,1,county_code_unverified|timezone_not_normalized_to_utc
1022205,168612,2022,2022-04-07T23:00:00,2022-04-08T07:00:00,EST-5,8.0,36,36091,C,091,SARATOGA,0,0,0,0,75000.00,0.00,Heavy Rain,0,"[[42.9818,-73.6134],[42.9988,-73.6093],[43.0102,-73.5985],[43.017,-73.6341],[42.9862,-73.6537]]",0,1,county_code_unverified|timezone_not_normalized_to_utc
1022208,168612,2022,2022-04-07T23:00:00,2022-04-08T10:00:00,EST-5,11.0,36,36091,C,091,SARATOGA,0,0,0,0,5000.00,0.00,Heavy Rain,0,"[[43.105,-73.9384],[42.867,-73.8926],[42.8321,-73.7693],[42.8716,-73.6998],[43.1029,-73.7056]]",0,1,county_code_unverified|timezone_not_normalized_to_utc
1022213,168612,2022,2022-04-07T23:00:00,2022-04-08T06:00:00,EST-5,7.0,36,36093,C,093,SCHENECTADY,0,0,0,0,0.00,0.00,Heavy Rain,0,"[[42.8806,-74.0571],[42.8905,-74.0495],[42.8884,-74.0383],[42.8802,-74.049]]",0,1,county_code_unverified|timezone_not_normalized_to_utc
1022217,168612,2022,2022-04-08T07:00:00,2022-04-08T22:00:00,EST-5,15.0,36,36093,C,093,SCHENECTADY,0,0,0,0,20000.00,0.00,Heavy Rain,0,"[[42.8218,-73.9555],[42.8157,-73.9469],[42.8342,-73.9161],[42.8377,-73.9306]]",0,1,county_code_unverified|timezone_not_normalized_to_utc
1022220,168612,2022,2022-04-07T22:00:00,2022-04-08T04:00:00,EST-5,6.0,36,36001,C,001,ALBANY,0,0,0,0,0.00,0.00,Heavy Rain,0,"[[42.749,-73.7051],[42.7469,-73.6934],[42.7388,-73.6952],[42.7416,-73.7031]]",0,1,county_code_unverified|timezone_not_normalized_to_utc
1022221,168612,2022,2022-04-07T23:00:00,2022-04-08T05:00:00,EST-5,6.0,36,36001,C,001,ALBANY,0,0,0,0,0.00,0.00,Heavy Rain,0,"[[42.4548,-73.8713],[42.4643,-73.8023],[42.5327,-73.7859],[42.5403,-73.8216]]",0,1,county_code_unverified|timezone_not_normalized_to_utc
1022223,168612,2022,2022-04-07T22:00:00,2022-04-08T06:00:00,EST-5,8.0,36,36039,C,039,GREENE,0,0,0,0,20000.00,0.00,Heavy Rain,0,"[[42.3726,-73.8385],[42.3361,-73.8466],[42.325,-73.7833],[42.3727,-73.794]]",0,1,county_code_unverified|timezone_not_normalized_to_utc
1022225,168612,2022,2022-04-07T23:00:00,2022-04-08T06:00:00,EST-5,7.0,36,36039,C,039,GREENE,0,0,0,0,20000.00,0.00,Heavy Rain,0,"[[42.2998,-74.0578],[42.3324,-73.9965],[42.2388,-73.8414],[42.223,-73.8565],[42.1919,-73.8651]]",0,1,county_code_unverified|timezone_not_normalized_to_utc
1022226,168612,2022,2022-04-07T23:00:00,2022-04-08T06:00:00,EST-5,7.0,36,36039,C,039,GREENE,0,0,0,0,0.00,0.00,Heavy Rain,0,"[[42.1819,-74.0232],[42.1888,-74.003],[42.1704,-73.9946],[42.1677,-74.0244]]",0,1,county_code_unverified|timezone_not_normalized_to_utc
1022230,168612,2022,2022-04-07T20:15:00,2022-04-08T10:00:00,EST-5,13.75,36,36111,C,111,ULSTER,0,0,0,0,50000.00,0.00,Heavy Rain,0,"[[41.7521,-74.5328],[41.6011,-73.9658],[41.8743,-73.9512],[41.9401,-73.9735],[42.1096,-73.9288],[42.1182,-74.0541],[42.0736,-74.0794],[42.0952,-74.2328]]",0,1,county_code_unverified|timezone_not_normalized_to_utc
1022235,168612,2022,2022-04-07T23:00:00,2022-04-08T06:00:00,EST-5,7.0,36,36083,C,083,RENSSELAER,0,0,0,0,0.00,0.00,Heavy Rain,0,"[[42.5939,-73.7096],[42.5977,-73.7055],[42.5923,-73.699],[42.59,-73.7049]]",0,1,county_code_unverified|timezone_not_normalized_to_utc
1022240,168612,2022,2022-04-07T23:00:00,2022-04-08T06:00:00,EST-5,7.0,36,36021,C,021,COLUMBIA,0,0,0,0,0.00,0.00,Heavy Rain,0,"[[42.2456,-73.8153],[42.2216,-73.8377],[42.1817,-73.8539],[42.1732,-73.8353],[42.2411,-73.7939]]",0,1,county_code_unverified|timezone_not_normalized_to_utc
1022243,168612,2022,2022-04-07T23:00:00,2022-04-08T09:00:00,EST-5,10.0,36,36027,C,027,DUTCHESS,0,0,0,0,20000.00,0.00,Heavy Rain,0,"[[41.7545,-73.9336],[41.6502,-73.9438],[41.5321,-73.6518],[41.5424,-73.5449],[41.6457,-73.5383]]",0,1,county_code_unverified|timezone_not_normalized_to_utc
1022269,168613,2022,2022-04-08T01:00:00,2022-04-08T09:00:00,EST-5,8.0,50,50025,C,025,WINDHAM,0,0,0,0,5000.00,0.00,Heavy Rain,0,"[[42.8498,-72.5811],[42.8523,-72.5661],[42.8476,-72.5657],[42.8467,-72.5774]]",0,1,county_code_unverified|timezone_not_normalized_to_utc
1022274,168612,2022,2022-04-07T22:00:00,2022-04-08T07:00:00,EST-5,9.0,36,36035,C,035,FULTON,0,0,0,0,20000.00,0.00,Heavy Rain,0,"[[43.0927,-74.2956],[43.0919,-74.2631],[43.1118,-74.2453],[43.1139,-74.2787]]",0,1,county_code_unverified|timezone_not_normalized_to_utc
1022279,168612,2022,2022-04-07T22:00:00,2022-04-08T07:00:00,EST-5,9.0,36,36035,C,035,FULTON,0,0,0,0,1000.00,0.00,Heavy Rain,0,"[[43.1476,-74.1273],[43.145,-74.1113],[43.2115,-74.0661],[43.2131,-74.0882]]",0,1,county_code_unverified|timezone_not_normalized_to_utc
1022284,168796,2022,2022-04-30T22:15:00,2022-04-30T23:59:00,CST-6,1.7333333333333334,46,46013,C,013,BROWN,0,0,0,0,0.00,0.00,Planned Dam Release,0,"[[45.85,-98.68],[45.77,-98.51],[45.72,-98.52],[45.71,-98.6],[45.78,-98.69],[45.85,-98.72]]",0,1,county_code_unverified|timezone_not_normalized_to_utc
1022887,167619,2022,2022-05-07T13:45:00,2022-05-08T06:22:00,EST-5,16.616666666666667,54,54001,C,001,BARBOUR,0,0,0,0,500.00,0.00,Heavy Rain,0,"[[39.0328,-79.9403],[39.0325,-79.93],[39.025,-79.9315],[39.0252,-79.9386]]",0,1,county_code_unverified|timezone_not_normalized_to_utc
1022888,167619,2022,2022-05-07T10:40:00,2022-05-07T23:40:00,EST-5,13.0,54,54083,C,083,RANDOLPH,0,0,0,0,0.00,0.00,Heavy Rain,0,"[[38.7336,-79.961],[38.7294,-79.9612],[38.7293,-79.9552],[38.7348,-79.9545]]",0,1,county_code_unverified|timezone_not_normalized_to_utc
1022891,168861,2022,2022-06-22T17:41:00,2022-06-22T19:41:00,EST-5,2.0,51,51139,C,139,PAGE,0,0,0,0,0.00,0.00,Heavy Rain,0,"[[38.5452,-78.6127],[38.5445,-78.6128],[38.5441,-78.6096],[38.5449,-78.6094]]",0,1,county_code_unverified|timezone_not_normalized_to_utc
1022892,168861,2022,2022-06-22T17:54:00,2022-06-22T19:54:00,EST-5,2.0,51,51079,C,079,GREENE,0,0,0,0,0.00,0.00,Heavy Rain,0,"[[38.3327,-78.4471],[38.3329,-78.4469],[38.3328,-78.4468],[38.3326,-78.447]]",0,1,county_code_unverified|timezone_not_normalized_to_utc
1022893,168861,2022,2022-06-22T18:00:00,2022-06-22T20:00:00,EST-5,2.0,51,51003,C,003,ALBEMARLE,0,0,0,0,0.00,0.00,Heavy Rain,0,"[[38.0444,-78.5144],[38.0446,-78.5143],[38.0443,-78.514],[38.0441,-78.5141]]",0,1,county_code_unverified|timezone_not_normalized_to_utc
1022894,167619,2022,2022-05-07T15:04:00,2022-05-08T02:51:00,EST-5,11.783333333333333,54,54001,C,001,BARBOUR,0,0,0,0,500.00,0.00,Heavy Rain,0,"[[39.1546,-80.0485],[39.1407,-80.0454],[39.1422,-80.0271],[39.1593,-80.0312]]",0,1,county_code_unverified|timezone_not_normalized_to_utc
1022895,168861,2022,2022-06-22T19:40:00,2022-06-22T21:40:00,EST-5,2.0,51,51069,C,069,FREDERICK,0,0,0,0,0.00,0.00,Heavy Rain,0,"[[39.233,-78.2492],[39.2327,-78.2496],[39.2325,-78.249],[39.2329,-78.2486]]",0,1,county_code_unverified|timezone_not_normalized_to_utc
1022896,167619,2022,2022-05-07T20:11:00,2022-05-08T02:15:00,EST-5,6.066666666666666,54,54033,C,033,HARRISON,0,0,0,0,250.00,0.00,Heavy Rain,0,"[[39.246,-80.3686],[39.2314,-80.3637],[39.232,-80.349],[39.2497,-80.3544]]",0,1,county_code_unverified|timezone_not_normalized_to_utc
1022897,168861,2022,2022-06-22T20:21:00,2022-06-22T22:21:00,EST-5,2.0,51,51187,C,187,WARREN,0,0,0,0,0.00,0.00,Heavy Rain,0,"[[38.9027,-78.2112],[38.9034,-78.2093],[38.904,-78.2109],[38.903,-78.212]]",0,1,county_code_unverified|timezone_not_normalized_to_utc
1022902,168861,2022,2022-06-22T20:33:00,2022-06-22T22:33:00,EST-5,2.0,51,51187,C,187,WARREN,0,0,0,0,0.00,0.00,Heavy Rain,0,"[[38.8295,-78.3386],[38.829,-78.3385],[38.829,-78.338],[38.8296,-78.3382]]",0,1,county_code_unverified|timezone_not_normalized_to_utc
1022903,168861,2022,2022-06-22T20:54:00,2022-06-22T22:54:00,EST-5,2.0,51,51187,C,187,WARREN,0,0,0,0,0.00,0.00,Heavy Rain,0,"[[38.8171,-78.3118],[38.8245,-78.3071],[38.8259,-78.3098],[38.8179,-78.3137]]",0,1,county_code_unverified|timezone_not_normalized_to_utc
1022912,168864,2022,2022-06-08T15:15:00,2022-06-08T16:15:00,EST-5,1.0,39,39001,C,001,ADAMS,0,0,0,0,0.00,0.00,Heavy Rain,0,"[[38.71,-83.51],[38.7065,-83.5091],[38.7068,-83.5173],[38.7091,-83.5166]]",0,1,county_code_unverified|timezone_not_normalized_to_utc
1022935,168861,2022,2022-06-23T00:00:00,2022-06-23T03:10:00,EST-5,3.1666666666666665,51,51059,C,059,FAIRFAX,0,0,0,0,0.00,0.00,Heavy Rain,0,"[[38.8459,-77.2377],[38.8465,-77.2368],[38.8477,-77.2379],[38.8471,-77.2394],[38.8463,-77.2394]]",0,1,county_code_unverified|timezone_not_normalized_to_utc
1022941,168873,2022,2022-06-23T01:00:00,2022-06-23T04:00:00,EST-5,3.0,11,11001,C,001,DISTRICT OF COLUMBIA,0,0,0,0,0.00,0.00,Heavy Rain,0,"[[38.9842,-77.0428],[38.9805,-77.0457],[38.9777,-77.0451],[38.9752,-77.0413],[38.9757,-77.0391],[38.9806,-77.0396],[38.9826,-77.039],[38.9843,-77.041]]",0,1,county_code_unverified|timezone_not_normalized_to_utc
1022953,168874,2022,2022-06-23T00:14:00,2022-06-23T02:14:00,EST-5,2.0,24,24031,C,031,MONTGOMERY,0,0,0,0,0.00,0.00,Heavy Rain,0,"[[39.0078,-77.0796],[39.0086,-77.0801],[39.0097,-77.0778],[39.0101,-77.0754],[39.0093,-77.0754],[39.0083,-77.0768]]",0,1,county_code_unverified|timezone_not_normalized_to_utc
1022956,168875,2022,2022-05-04T02:00:00,2022-05-04T04:00:00,EST-5,2.0,51,51059,C,059,FAIRFAX,0,0,0,0,0.00,0.00,Heavy Rain,0,"[[38.8463,-77.2376],[38.846,-77.238],[38.8457,-77.2375],[38.8463,-77.2372]]",0,1,county_code_unverified|timezone_not_normalized_to_utc
1022957,168875,2022,2022-05-04T02:00:00,2022-05-04T04:00:00,EST-5,2.0,51,51171,C,171,SHENANDOAH,0,0,0,0,0.00,0.00,Heavy Rain,0,"[[38.883,-78.7077],[38.8833,-78.7072],[38.8829,-78.7069],[38.8826,-78.7075]]",0,1,county_code_unverified|timezone_not_normalized_to_utc
1023089,168892,2022,2022-04-24T17:42:00,2022-04-25T01:00:00,CST-6,7.3,48,48181,C,181,GRAYSON,0,0,0,0,100000.00,0.00,Heavy Rain,0,"[[33.62,-96.61],[33.6299,-96.6147],[33.6308,-96.6116],[33.6206,-96.6091]]",0,1,county_code_unverified|timezone_not_normalized_to_utc
1023090,168892,2022,2022-04-24T20:52:00,2022-04-25T03:00:00,CST-6,6.133333333333334,48,48147,C,147,FANNIN,0,0,0,0,0.00,0.00,Heavy Rain,0,"[[33.4278,-95.9574],[33.4293,-95.9307],[33.4107,-95.9277],[33.415,-95.96]]",0,1,county_code_unverified|timezone_not_normalized_to_utc
1023618,168974,2022,2022-06-12T16:30:00,2022-06-12T17:30:00,EST-5,1.0,39,39107,C,107,MERCER,0,0,0,0,0.00,0.00,Heavy Rain,0,"[[40.5532,-84.5757],[40.552,-84.5754],[40.5521,-84.5743],[40.5535,-84.5744]]",0,1,county_code_unverified|timezone_not_normalized_to_utc
1023620,168974,2022,2022-06-12T18:45:00,2022-06-12T19:45:00,EST-5,1.0,39,39021,C,021,CHAMPAIGN,0,0,0,0,0.00,0.00,Heavy Rain,0,"[[40.05,-83.9],[40.0543,-83.8992],[40.0537,-83.8869],[40.0504,-83.888]]",0,1,county_code_unverified|timezone_not_normalized_to_utc
1023649,167941,2022,2022-04-13T05:15:00,2022-04-13T18:45:00,CST-6,13.5,19,19033,C,033,CERRO GORDO,0,0,0,0,0.00,0.00,Heavy Rain,0,"[[43.29,-93.28],[43.14,-93.02],[43.01,-93.02],[43.28,-93.5]]",0,1,county_code_unverified|timezone_not_normalized_to_utc
1023919,166719,2022,2022-04-14T10:30:00,2022-04-14T10:30:00,CST-6,0.0,01,01033,C,033,COLBERT,0,0,0,0,0.00,0.00,Heavy Rain,0,"[[34.5992,-87.3355],[34.5983,-87.3348],[34.5983,-87.3357],[34.5991,-87.3362]]",0,1,county_code_unverified|timezone_not_normalized_to_utc
1024227,169034,2022,2022-05-21T16:14:00,2022-05-21T16:14:00,EST-5,0.0,12,12019,C,019,CLAY,0,0,0,0,0.00,200.00,Heavy Rain,0,"[[30.1,-81.8],[30.0988,-81.8011],[30.0985,-81.7997],[30.1002,-81.7988]]",0,1,county_code_unverified|timezone_not_normalized_to_utc
1024541,168724,2022,2022-05-05T04:20:00,2022-05-05T07:20:00,CST-6,3.0,20,20015,C,015,BUTLER,0,0,0,0,100.00,100.00,Heavy Rain,0,"[[37.83,-96.85],[37.8338,-96.8314],[37.7971,-96.8488],[37.8199,-96.88]]",0,1,county_code_unverified|timezone_not_normalized_to_utc
1024579,168724,2022,2022-05-05T09:00:00,2022-05-05T11:00:00,CST-6,2.0,20,20035,C,035,COWLEY,0,0,0,0,100.00,100.00,Heavy Rain,0,"[[37.27,-96.97],[37.2338,-96.9629],[37.2268,-97.0061],[37.252,-97.0042]]",0,1,county_code_unverified|timezone_not_normalized_to_utc
1024927,168142,2022,2022-04-13T14:00:00,2022-04-13T21:00:00,CST-6,7.0,05,05015,C,015,CARROLL,0,0,1,0,0.00,0.00,Heavy Rain,1,"[[36.3229,-93.5334],[36.3069,-93.5336],[36.2907,-93.4952],[36.3091,-93.4864]]",0,1,county_code_unverified|timezone_not_normalized_to_utc
1024938,169135,2022,2022-04-21T12:24:00,2022-04-21T19:15:00,PST-8,6.85,06,06077,C,077,SAN JOAQUIN,0,0,0,0,0.00,0.00,Heavy Rain,0,"[[38.35,-120.98],[38.24,-120.75],[37.8,-121.27],[37.94,-121.41]]",0,1,county_code_unverified|timezone_not_normalized_to_utc
1024941,169192,2022,2022-05-12T21:45:00,2022-05-15T20:30:00,CST-6,70.75,17,17059,C,059,GALLATIN,0,0,0,0,0.00,0.00,Heavy Rain,0,"[[37.7,-88.13],[37.6877,-88.1442],[37.6849,-88.1389],[37.6975,-88.126]]",0,1,county_code_unverified|timezone_not_normalized_to_utc
1024946,169195,2022,2022-05-11T22:15:00,2022-05-14T12:45:00,CST-6,62.5,18,18173,C,173,WARRICK,0,0,0,0,0.00,0.00,Heavy Rain,0,"[[37.9289,-87.3584],[37.9414,-87.3945],[37.9386,-87.3956],[37.9268,-87.3647]]",0,1,county_code_unverified|timezone_not_normalized_to_utc
1024947,169195,2022,2022-05-13T03:00:00,2022-05-15T11:00:00,CST-6,56.0,18,18129,C,129,POSEY,0,0,0,0,0.00,0.00,Heavy Rain,0,"[[37.93,-87.9],[37.9136,-87.9198],[37.9118,-87.9164],[37.925,-87.9016]]",0,1,county_code_unverified|timezone_not_normalized_to_utc
1024950,169198,2022,2022-05-06T13:30:00,2022-05-13T11:00:00,CST-6,165.5,29,29031,C,031,CAPE GIRARDEAU,0,0,0,0,0.00,0.00,Heavy Rain,0,"[[37.27,-89.55],[37.2793,-89.5196],[37.2545,-89.5089],[37.2468,-89.541]]",0,1,county_code_unverified|timezone_not_normalized_to_utc
1024959,169199,2022,2022-05-07T18:00:00,2022-05-12T00:30:00,CST-6,102.5,17,17003,C,003,ALEXANDER,0,0,0,0,0.00,0.00,Heavy Rain,0,"[[37.22,-89.47],[37.1917,-89.46],[37.1963,-89.4515],[37.2166,-89.461]]",0,1,county_code_unverified|timezone_not_normalized_to_utc
1024962,169202,2022,2022-05-06T01:15:00,2022-05-06T14:30:00,CST-6,13.25,29,29223,C,223,WAYNE,0,0,0,0,0.00,0.00,Heavy Rain,0,"[[37.2031,-90.5095],[37.1738,-90.5004],[37.1776,-90.4891],[37.2026,-90.4996]]",0,1,county_code_unverified|timezone_not_normalized_to_utc
1024972,169202,2022,2022-05-05T07:20:00,2022-05-05T09:00:00,CST-6,1.6666666666666667,29,29035,C,035,CARTER,0,0,0,0,0.00,0.00,Heavy Rain,0,"[[37.0145,-91.02],[37.0,-91.0019],[36.9855,-91.02],[37.0,-91.0381]]",0,1,county_code_unverified|timezone_not_normalized_to_utc
1025029,169208,2022,2022-05-21T09:00:00,2022-05-24T16:00:00,EST-5,79.0,18,18125,C,125,PIKE,0,0,0,0,0.00,15000.00,Heavy Rain,0,"[[38.5095,-87.2939],[38.5059,-87.2876],[38.5153,-87.2506],[38.527,-87.2547]]",0,1,county_code_unverified|timezone_not_normalized_to_utc
1025030,169208,2022,2022-05-22T11:00:00,2022-05-24T22:00:00,CST-6,59.0,18,18051,C,051,GIBSON,0,0,0,0,0.00,15000.00,Heavy Rain,0,"[[38.4983,-87.5398],[38.5075,-87.4832],[38.4957,-87.4815],[38.4917,-87.5395]]",0,1,county_code_unverified|timezone_not_normalized_to_utc
1025295,168695,2022,2022-06-13T17:45:00,2022-06-13T20:00:00,CST-6,2.25,17,17031,C,031,COOK,0,0,0,0,0.00,0.00,Heavy Rain,0,"[[41.9631,-87.7694],[41.9631,-87.6532],[41.8762,-87.6328],[41.8762,-87.7282]]",0,1,county_code_unverified|timezone_not_normalized_to_utc
1025515,169134,2022,2022-06-22T00:00:00,2022-06-22T23:59:00,PST-8,23.983333333333334,06,06073,C,073,SAN DIEGO,0,0,0,0,0.00,0.00,Heavy Rain,0,"[[33.2881,-116.3941],[33.2883,-116.3929],[33.2888,-116.3931],[33.2886,-116.3942]]",0,1,county_code_unverified|timezone_not_normalized_to_utc
1025658,168991,2022,2022-05-05T12:43:00,2022-05-05T14:15:00,CST-6,1.5333333333333334,05,05099,C,099,NEVADA,0,0,0,0,0.00,0.00,Heavy Rain,0,"[[33.77,-93.39],[33.7686,-93.39],[33.7686,-93.3832],[33.7703,-93.3833]]",0,1,county_code_unverified|timezone_not_normalized_to_utc
1025980,169392,2022,2022-07-02T18:15:00,2022-07-02T20:15:00,EST-5,2.0,24,24015,C,015,CECIL,0,0,0,0,0.00,0.00,Heavy Rain,0,"[[39.7092,-76.1151],[39.704,-76.11],[39.7029,-76.1118],[39.7083,-76.1176]]",0,1,county_code_unverified|timezone_not_normalized_to_utc
1025981,169392,2022,2022-07-02T19:43:00,2022-07-02T21:43:00,EST-5,2.0,24,24005,C,005,BALTIMORE,0,0,0,0,0.00,0.00,Heavy Rain,0,"[[39.2979,-76.6863],[39.2976,-76.6863],[39.2979,-76.6789],[39.2981,-76.6788]]",0,1,county_code_unverified|timezone_not_normalized_to_utc
1025982,169392,2022,2022-07-02T19:55:00,2022-07-02T21:55:00,EST-5,2.0,24,24005,C,005,BALTIMORE,0,0,0,0,0.00,0.00,Heavy Rain,0,"[[39.3063,-76.6468],[39.3005,-76.6461],[39.3006,-76.6454],[39.3066,-76.6456]]",0,1,county_code_unverified|timezone_not_normalized_to_utc
1026023,169396,2022,2022-07-03T01:47:00,2022-07-03T03:47:00,EST-5,2.0,11,11001,C,001,DISTRICT OF COLUMBIA,0,0,0,0,0.00,0.00,Heavy Rain,0,"[[38.91,-77.05],[38.9137,-77.0542],[38.9133,-77.0572],[38.9104,-77.0517]]",0,1,county_code_unverified|timezone_not_normalized_to_utc
1026024,169396,2022,2022-07-03T01:50:00,2022-07-03T03:50:00,EST-5,2.0,11,11001,C,001,DISTRICT OF COLUMBIA,0,0,0,0,0.00,0.00,Heavy Rain,0,"[[38.92,-77.05],[38.9381,-77.0536],[38.9396,-77.052],[38.9381,-77.0501],[38.9372,-77.0469],[38.9315,-77.0462],[38.9287,-77.0422],[38.9243,-77.044]]",0,1,county_code_unverified|timezone_not_normalized_to_utc
1026439,169462,2022,2022-04-07T20:24:00,2022-04-07T20:54:00,EST-5,0.5,34,34003,C,003,BERGEN,0,0,0,0,0.00,0.00,Heavy Rain,0,"[[40.9801,-74.1224],[40.98,-74.1211],[40.9817,-74.1201],[40.9819,-74.1214]]",0,1,county_code_unverified|timezone_not_normalized_to_utc
1026440,169462,2022,2022-04-07T20:28:00,2022-04-07T20:58:00,EST-5,0.5,34,34003,C,003,BERGEN,0,0,0,0,0.00,0.00,Heavy Rain,0,"[[40.95,-74.07],[40.9511,-74.0728],[40.9482,-74.0727],[40.9482,-74.071]]",0,1,county_code_unverified|timezone_not_normalized_to_utc
1026441,169462,2022,2022-04-07T20:44:00,2022-04-07T21:14:00,EST-5,0.5,34,34003,C,003,BERGEN,0,0,0,0,0.00,0.00,Heavy Rain,0,"[[40.989,-74.1227],[40.9886,-74.1199],[40.9842,-74.1213],[40.9848,-74.1242]]",0,1,county_code_unverified|timezone_not_normalized_to_utc
1026442,169462,2022,2022-04-07T20:47:00,2022-04-07T21:17:00,EST-5,0.5,34,34003,C,003,BERGEN,0,0,0,0,0.00,0.00,Heavy Rain,0,"[[40.98,-74.08],[40.9815,-74.0856],[40.9784,-74.0862],[40.9782,-74.0812]]",0,1,county_code_unverified|timezone_not_normalized_to_utc
1026443,169462,2022,2022-04-07T21:12:00,2022-04-07T21:42:00,EST-5,0.5,34,34003,C,003,BERGEN,0,0,0,0,0.00,0.00,Heavy Rain,0,"[[40.932,-74.1141],[40.9329,-74.1112],[40.9321,-74.1087],[40.9304,-74.1122]]",0,1,county_code_unverified|timezone_not_normalized_to_utc
1026444,169463,2022,2022-04-07T21:01:00,2022-04-07T21:31:00,EST-5,0.5,36,36087,C,087,ROCKLAND,0,0,0,0,0.00,0.00,Heavy Rain,0,"[[41.1079,-74.0332],[41.0991,-74.0336],[41.099,-74.0318],[41.107,-74.0314]]",0,1,county_code_unverified|timezone_not_normalized_to_utc
1026445,169463,2022,2022-04-07T21:39:00,2022-04-07T22:09:00,EST-5,0.5,36,36087,C,087,ROCKLAND,0,0,0,0,0.00,0.00,Heavy Rain,0,"[[41.1147,-74.1418],[41.1133,-74.1427],[41.1111,-74.1155],[41.1135,-74.1151]]",0,1,county_code_unverified|timezone_not_normalized_to_utc
1026446,169463,2022,2022-04-07T21:42:00,2022-04-07T22:12:00,EST-5,0.5,36,36087,C,087,ROCKLAND,0,0,0,0,0.00,0.00,Heavy Rain,0,"[[41.1261,-74.0471],[41.1253,-74.0472],[41.1251,-74.0344],[41.1259,-74.034]]",0,1,county_code_unverified|timezone_not_normalized_to_utc
1026447,169463,2022,2022-04-07T22:50:00,2022-04-07T23:20:00,EST-5,0.5,36,36087,C,087,ROCKLAND,0,0,0,0,0.00,0.00,Heavy Rain,0,"[[41.0952,-73.9606],[41.0935,-73.9612],[41.0928,-73.9492],[41.0953,-73.9493]]",0,1,county_code_unverified|timezone_not_normalized_to_utc
1026448,169463,2022,2022-04-07T22:25:00,2022-04-07T22:55:00,EST-5,0.5,36,36087,C,087,ROCKLAND,0,0,0,0,0.00,0.00,Heavy Rain,0,"[[41.0724,-74.0452],[41.0714,-74.044],[41.0748,-74.0369],[41.0778,-74.0364],[41.076,-74.041]]",0,1,county_code_unverified|timezone_not_normalized_to_utc
1026449,169463,2022,2022-04-07T22:53:00,2022-04-07T23:23:00,EST-5,0.5,36,36087,C,087,ROCKLAND,0,0,0,0,0.00,0.00,Heavy Rain,0,"[[41.063,-74.0075],[41.0626,-74.0123],[41.0595,-74.012],[41.0604,-74.0078]]",0,1,county_code_unverified|timezone_not_normalized_to_utc
1026450,169402,2022,2022-06-24T22:45:00,2022-06-25T02:30:00,MST-7,3.75,04,04013,C,013,MARICOPA,0,0,0,0,0.00,0.00,Heavy Rain,0,"[[33.2511,-111.8659],[33.2385,-111.8674],[33.2335,-111.8633],[33.2385,-111.8606],[33.2499,-111.861]]",0,1,county_code_unverified|timezone_not_normalized_to_utc
1026603,169462,2022,2022-04-07T21:15:00,2022-04-08T13:00:00,EST-5,15.75,34,34003,C,003,BERGEN,0,0,0,0,0.00,0.00,Heavy Rain,0,"[[40.891,-74.0806],[40.891,-74.0799],[40.8896,-74.0806],[40.8896,-74.0817]]",0,1,county_code_unverified|timezone_not_normalized_to_utc
1026604,169462,2022,2022-04-07T23:30:00,2022-04-08T14:45:00,EST-5,15.25,34,34003,C,003,BERGEN,0,0,0,0,0.00,0.00,Heavy Rain,0,"[[41.099,-74.1628],[41.0986,-74.1613],[41.0965,-74.1641],[41.0976,-74.1656]]",0,1,county_code_unverified|timezone_not_normalized_to_utc
1026945,169542,2022,2022-06-18T17:55:00,2022-06-18T17:55:00,EST-5,0.0,12,12071,C,071,LEE,0,0,0,0,0.00,0.00,Heavy Rain,0,"[[26.64,-81.98],[26.6419,-81.9812],[26.6423,-81.9796],[26.6402,-81.9787]]",0,1,county_code_unverified|timezone_not_normalized_to_utc
1026949,169546,2022,2022-06-20T18:10:00,2022-06-20T18:10:00,EST-5,0.0,12,12071,C,071,LEE,0,0,0,0,0.00,0.00,Heavy Rain,0,"[[26.68,-81.96],[26.6834,-81.9604],[26.684,-81.9547],[26.6814,-81.9553]]",0,1,county_code_unverified|timezone_not_normalized_to_utc
1026955,169549,2022,2022-06-26T16:28:00,2022-06-26T16:28:00,EST-5,0.0,12,12081,C,081,MANATEE,0,0,0,0,0.00,0.00,Heavy Rain,0,"[[27.46,-82.6],[27.4601,-82.6024],[27.4622,-82.6025],[27.4621,-82.6001]]",0,1,county_code_unverified|timezone_not_normalized_to_utc
1026957,169549,2022,2022-06-26T17:00:00,2022-06-26T17:00:00,EST-5,0.0,12,12071,C,071,LEE,0,0,0,0,0.00,0.00,Heavy Rain,0,"[[26.63,-81.96],[26.6301,-81.9594],[26.6294,-81.9592],[26.6294,-81.9599]]",0,1,county_code_unverified|timezone_not_normalized_to_utc
1026959,169549,2022,2022-06-26T18:00:00,2022-06-26T18:00:00,EST-5,0.0,12,12081,C,081,MANATEE,0,0,0,0,0.00,0.00,Heavy Rain,0,"[[27.46,-82.59],[27.4607,-82.5901],[27.4607,-82.5894],[27.4601,-82.5894]]",0,1,county_code_unverified|timezone_not_normalized_to_utc
1026970,169534,2022,2022-06-04T06:57:00,2022-06-04T06:57:00,EST-5,0.0,12,12071,C,071,LEE,0,0,0,0,0.00,0.00,Heavy Rain,0,"[[26.63,-81.97],[26.6301,-81.9747],[26.6311,-81.9749],[26.6311,-81.9701]]",0,1,county_code_unverified|timezone_not_normalized_to_utc
1027107,169590,2022,2022-05-01T11:00:00,2022-05-01T17:00:00,MST-7,6.0,38,38041,C,041,HETTINGER,0,0,2,0,30000.00,0.00,Heavy Rain / Snow Melt,2,"[[46.3837,-102.4234],[46.3835,-102.4176],[46.3812,-102.4166],[46.3816,-102.4239]]",0,1,county_code_unverified|timezone_not_normalized_to_utc
1027143,168995,2022,2022-05-05T15:32:00,2022-05-05T17:00:00,CST-6,1.4666666666666666,22,22017,C,017,CADDO,0,0,0,0,0.00,0.00,Heavy Rain,0,"[[32.4447,-93.9528],[32.4444,-93.9529],[32.4443,-93.9516],[32.4447,-93.9516]]",0,1,county_code_unverified|timezone_not_normalized_to_utc
1027170,168325,2022,2022-05-05T04:46:00,2022-05-05T10:00:00,CST-6,5.233333333333333,20,20037,C,037,CRAWFORD,0,0,0,0,0.00,0.00,Heavy Rain,0,"[[37.47,-94.67],[37.4146,-94.6611],[37.4154,-94.746],[37.5021,-94.7555],[37.5123,-94.6683]]",0,1,county_code_unverified|timezone_not_normalized_to_utc
1027171,168325,2022,2022-05-05T05:45:00,2022-05-05T05:45:00,CST-6,0.0,20,20037,C,037,CRAWFORD,0,0,0,0,0.00,0.00,Heavy Rain,0,"[[37.3906,-94.7381],[37.4013,-94.738],[37.402,-94.7488],[37.3915,-94.7477]]",0,1,county_code_unverified|timezone_not_normalized_to_utc
1027178,169618,2022,2022-05-09T08:00:00,2022-05-31T23:59:00,CST-6,543.9833333333333,46,46005,C,005,BEADLE,0,0,0,0,0.00,62000.00,Heavy Rain / Snow Melt,0,"[[44.63,-98.33],[44.63,-98.21],[44.49,-98.1],[44.2,-98.1],[44.2,-98.22],[44.47,-98.24]]",0,1,county_code_unverified|timezone_not_normalized_to_utc
1027179,169619,2022,2022-05-26T04:15:00,2022-05-31T23:59:00,CST-6,139.73333333333332,46,46111,C,111,SANBORN,0,0,0,0,0.00,57000.00,Heavy Rain / Snow Melt,0,"[[44.2,-98.22],[44.2,-98.1],[44.02,-98.02],[43.93,-97.98],[43.93,-98.12],[44.09,-98.16]]",0,1,county_code_unverified|timezone_not_normalized_to_utc
1027180,169619,2022,2022-05-30T12:00:00,2022-05-31T23:59:00,CST-6,35.983333333333334,46,46111,C,111,SANBORN,0,0,0,0,0.00,0.00,Heavy Rain / Snow Melt,0,"[[43.93,-98.12],[43.93,-97.88],[43.8506,-97.949],[43.851,-98.0918]]",0,1,county_code_unverified|timezone_not_normalized_to_utc
1027181,169619,2022,2022-05-30T12:00:00,2022-05-31T23:59:00,CST-6,35.983333333333334,46,46035,C,035,DAVISON,0,0,0,0,0.00,305000.00,Heavy Rain / Snow Melt,0,"[[43.851,-98.0918],[43.8506,-97.9673],[43.5607,-97.9647],[43.51,-97.97]]",0,1,county_code_unverified|timezone_not_normalized_to_utc
1027182,169619,2022,2022-05-30T12:00:00,2022-05-31T23:59:00,CST-6,35.983333333333334,46,46061,C,061,HANSON,0,0,0,0,0.00,54000.00,Heavy Rain / Snow Melt,0,"[[43.8506,-97.9673],[43.8506,-97.949],[43.7,-97.89],[43.5,-97.7166],[43.499,-97.9532],[43.5607,-97.9647]]",0,1,county_code_unverified|timezone_not_normalized_to_utc
1027188,169619,2022,2022-05-30T12:00:00,2022-05-31T23:59:00,CST-6,35.983333333333334,46,46067,C,067,HUTCHINSON,0,0,0,0,0.00,220000.00,Heavy Rain / Snow Melt,0,"[[43.499,-97.9532],[43.5,-97.7166],[43.4,-97.63],[43.38,-97.77]]",0,1,county_code_unverified|timezone_not_normalized_to_utc
1027193,169625,2022,2022-05-21T09:17:00,2022-05-21T17:00:00,CST-6,7.716666666666667,29,29161,C,161,PHELPS,0,0,0,0,0.00,0.00,Heavy Rain,0,"[[37.9,-91.84],[37.8939,-91.8411],[37.8919,-91.8322],[37.8996,-91.8335]]",0,1,county_code_unverified|timezone_not_normalized_to_utc
1027194,169625,2022,2022-05-21T11:16:00,2022-05-21T18:00:00,CST-6,6.733333333333333,29,29009,C,009,BARRY,0,0,0,0,0.00,0.00,Heavy Rain,0,"[[36.82,-93.79],[36.8166,-93.791],[36.8159,-93.7839],[36.8192,-93.7839]]",0,1,county_code_unverified|timezone_not_normalized_to_utc
1027195,169625,2022,2022-05-21T11:16:00,2022-05-21T18:00:00,CST-6,6.733333333333333,29,29229,C,229,WRIGHT,0,0,0,0,0.00,0.00,Heavy Rain,0,"[[37.44,-92.45],[37.4455,-92.4457],[37.448,-92.4535],[37.4439,-92.4615]]",0,1,county_code_unverified|timezone_not_normalized_to_utc
1027196,169625,2022,2022-05-21T11:20:00,2022-05-21T18:00:00,CST-6,6.666666666666667,29,29161,C,161,PHELPS,0,0,0,0,0.00,0.00,Heavy Rain,0,"[[37.78,-92.02],[37.7633,-92.0097],[37.7587,-92.0348],[37.7823,-92.0435]]",0,1,county_code_unverified|timezone_not_normalized_to_utc
1027197,169625,2022,2022-05-21T12:05:00,2022-05-21T18:00:00,CST-6,5.916666666666667,29,29109,C,109,LAWRENCE,0,0,0,0,0.00,0.00,Heavy Rain,0,"[[37.14,-93.95],[37.1319,-93.9512],[37.1324,-93.945],[37.1403,-93.9463]]",0,1,county_code_unverified|timezone_not_normalized_to_utc
1027198,169627,2022,2022-05-13T02:00:00,2022-05-14T13:00:00,CST-6,35.0,46,46011,C,011,BROOKINGS,0,0,0,0,0.00,0.00,Heavy Rain,0,"[[44.5436,-96.937],[44.5437,-96.8614],[44.51,-96.83],[44.51,-96.9]]",0,1,county_code_unverified|timezone_not_normalized_to_utc
1027199,169627,2022,2022-05-13T19:00:00,2022-05-15T08:00:00,CST-6,37.0,46,46011,C,011,BROOKINGS,0,0,0,0,0.00,0.00,Heavy Rain,0,"[[44.54,-96.96],[44.54,-96.87],[44.46,-96.86],[44.32,-96.85],[44.32,-96.92],[44.43,-96.94]]",0,1,county_code_unverified|timezone_not_normalized_to_utc
1027209,169630,2022,2022-05-11T23:00:00,2022-05-12T22:00:00,CST-6,23.0,27,27117,C,117,PIPESTONE,0,0,0,0,0.00,0.00,Heavy Rain,0,"[[44.06,-96.42],[44.08,-96.36],[44.1,-96.3],[44.06,-96.29],[44.04,-96.38],[44.0,-96.39],[44.01,-96.42]]",0,1,county_code_unverified|timezone_not_normalized_to_utc
1027273,169630,2022,2022-05-11T23:00:00,2022-05-12T22:00:00,CST-6,23.0,27,27117,C,117,PIPESTONE,0,0,0,0,0.00,0.00,Heavy Rain,0,"[[44.02,-96.4],[44.04,-96.36],[44.04,-96.29],[43.97,-96.3],[43.97,-96.34],[44.0,-96.34]]",0,1,county_code_unverified|timezone_not_normalized_to_utc
1027274,169630,2022,2022-05-12T04:00:00,2022-05-12T16:00:00,CST-6,12.0,27,27117,C,117,PIPESTONE,0,0,0,0,0.00,0.00,Heavy Rain,0,"[[44.01,-96.42],[43.99,-96.38],[43.911,-96.4527],[43.988,-96.4527]]",0,1,county_code_unverified|timezone_not_normalized_to_utc
1027275,169627,2022,2022-05-12T04:00:00,2022-05-12T16:00:00,CST-6,12.0,46,46101,C,101,MOODY,0,0,0,0,0.00,0.00,Heavy Rain,0,"[[43.988,-96.4527],[43.911,-96.4527],[43.85,-96.53],[43.94,-96.51]]",0,1,county_code_unverified|timezone_not_normalized_to_utc
1027293,169630,2022,2022-05-12T23:00:00,2022-05-14T04:00:00,CST-6,29.0,27,27081,C,081,LINCOLN,0,0,0,0,0.00,0.00,Heavy Rain,0,"[[44.35,-96.14],[44.4,-96.08],[44.3286,-96.0792],[44.348,-96.11]]",0,1,county_code_unverified|timezone_not_normalized_to_utc
1027296,169630,2022,2022-05-12T23:00:00,2022-05-14T04:00:00,CST-6,29.0,27,27083,C,083,LYON,0,0,0,0,0.00,0.00,Heavy Rain,0,"[[44.4,-96.08],[44.35,-95.98],[44.41,-95.91],[44.36,-95.85],[44.29,-95.97],[44.3286,-96.0792]]",0,1,county_code_unverified|timezone_not_normalized_to_utc
1027304,169663,2022,2022-05-31T12:00:00,2022-05-31T23:59:00,CST-6,11.983333333333333,46,46011,C,011,BROOKINGS,0,0,0,0,0.00,0.00,Heavy Rain,0,"[[44.5436,-96.937],[44.5437,-96.8614],[44.51,-96.83],[44.51,-96.9]]",0,1,county_code_unverified|timezone_not_normalized_to_utc
1027374,167617,2022,2022-05-07T13:22:00,2022-05-08T07:45:00,EST-5,18.383333333333333,39,39167,C,167,WASHINGTON,0,0,0,0,500.00,0.00,Heavy Rain,0,"[[39.5037,-81.4312],[39.5218,-81.4216],[39.5194,-81.4074],[39.4977,-81.4222]]",0,1,county_code_unverified|timezone_not_normalized_to_utc
1027375,167617,2022,2022-05-07T08:54:00,2022-05-08T01:45:00,EST-5,16.85,39,39167,C,167,WASHINGTON,0,0,0,0,500.00,0.00,Heavy Rain,0,"[[39.5614,-81.2079],[39.5686,-81.201],[39.5624,-81.1954],[39.5575,-81.2063]]",0,1,county_code_unverified|timezone_not_normalized_to_utc
1027377,167617,2022,2022-05-07T10:00:00,2022-05-07T16:45:00,EST-5,6.75,39,39167,C,167,WASHINGTON,0,0,0,0,500.00,0.00,Heavy Rain,0,"[[39.5576,-81.6607],[39.5362,-81.6432],[39.546,-81.6064],[39.5629,-81.5994],[39.5741,-81.654]]",0,1,county_code_unverified|timezone_not_normalized_to_utc
1027378,167617,2022,2022-05-06T23:24:00,2022-05-08T00:13:00,EST-5,24.816666666666666,39,39167,C,167,WASHINGTON,0,0,0,0,0.00,0.00,Heavy Rain,0,"[[39.6361,-81.4629],[39.6262,-81.4617],[39.6267,-81.4543],[39.6353,-81.4537]]",0,1,county_code_unverified|timezone_not_normalized_to_utc
1027428,169624,2022,2022-05-19T13:14:00,2022-05-19T20:00:00,CST-6,6.766666666666667,29,29225,C,225,WEBSTER,0,0,0,0,0.00,0.00,Heavy Rain,0,"[[37.31,-92.99],[37.3031,-92.9894],[37.3032,-93.0072],[37.3078,-93.0155],[37.3129,-93.0127]]",0,1,county_code_unverified|timezone_not_normalized_to_utc
1027429,169624,2022,2022-05-19T15:00:00,2022-05-19T23:00:00,CST-6,8.0,29,29105,C,105,LACLEDE,0,0,0,0,0.00,0.00,Heavy Rain,0,"[[37.51,-92.52],[37.5167,-92.5081],[37.5138,-92.4898],[37.5056,-92.4866],[37.506,-92.521]]",0,1,county_code_unverified|timezone_not_normalized_to_utc
1027430,169624,2022,2022-05-19T16:02:00,2022-05-19T23:00:00,CST-6,6.966666666666667,29,29169,C,169,PULASKI,0,0,0,0,0.00,0.00,Heavy Rain,0,"[[37.6526,-92.2428],[37.6076,-92.2472],[37.6081,-92.1836],[37.6501,-92.1269],[37.6794,-92.1947]]",0,1,county_code_unverified|timezone_not_normalized_to_utc
1027431,169624,2022,2022-05-19T15:36:00,2022-05-19T23:00:00,CST-6,7.4,29,29161,C,161,PHELPS,0,0,0,0,0.00,0.00,Heavy Rain,0,"[[37.94,-91.83],[37.9347,-91.8282],[37.9342,-91.8428],[37.943,-91.8432]]",0,1,county_code_unverified|timezone_not_normalized_to_utc
1027501,168326,2022,2022-05-02T18:48:00,2022-05-03T02:00:00,CST-6,7.2,29,29091,C,091,HOWELL,0,0,0,0,0.00,0.00,Heavy Rain,0,"[[36.52,-91.8],[36.5174,-91.8004],[36.5174,-91.7949],[36.5201,-91.7947]]",0,1,county_code_unverified|timezone_not_normalized_to_utc
1027696,169719,2022,2022-06-11T07:45:00,2022-06-11T23:15:00,PST-8,15.5,16,16049,C,049,IDAHO,0,0,0,0,0.00,0.00,Heavy Rain / Snow Melt,0,"[[45.8859,-115.9325],[46.1423,-115.9185],[46.0662,-116.2981],[45.8655,-116.3047]]",0,1,county_code_unverified|timezone_not_normalized_to_utc
1027763,169721,2022,2022-06-14T09:04:00,2022-06-15T14:50:00,MST-7,29.766666666666666,30,30053,C,053,LINCOLN,0,0,0,0,0.00,0.00,Heavy Rain,0,"[[48.5152,-115.5361],[48.916,-115.5993],[48.9116,-115.9715],[48.4437,-115.9653]]",0,1,county_code_unverified|timezone_not_normalized_to_utc
1027776,169721,2022,2022-06-12T09:00:00,2022-06-26T17:25:00,MST-7,344.4166666666667,30,30029,C,029,FLATHEAD,0,0,0,0,0.00,0.00,Heavy Rain / Snow Melt,0,"[[48.1983,-114.3033],[48.0891,-114.2033],[48.0732,-114.0856],[48.3909,-114.1221],[48.3962,-114.2336]]",0,1,county_code_unverified|timezone_not_normalized_to_utc
1027778,169721,2022,2022-06-12T11:45:00,2022-06-13T04:45:00,MST-7,17.0,30,30063,C,063,MISSOULA,0,0,0,0,0.00,0.00,Heavy Rain / Snow Melt,0,"[[46.8746,-114.0583],[46.8701,-114.0614],[46.8711,-114.0663],[46.8755,-114.0622]]",0,1,county_code_unverified|timezone_not_normalized_to_utc
1027791,169721,2022,2022-06-12T05:45:00,2022-06-13T12:00:00,MST-7,30.25,30,30063,C,063,MISSOULA,0,0,0,0,0.00,0.00,Heavy Rain / Snow Melt,0,"[[46.8317,-114.0486],[46.64,-114.0413],[46.6462,-114.0738],[46.8274,-114.1138]]",0,1,county_code_unverified|timezone_not_normalized_to_utc
1027922,169746,2022,2022-05-03T02:04:00,2022-05-03T10:00:00,CST-6,7.933333333333334,29,29067,C,067,DOUGLAS,0,0,0,0,0.00,0.00,Heavy Rain,0,"[[36.97,-92.73],[36.9604,-92.733],[36.9595,-92.721],[36.9685,-92.719]]",0,1,county_code_unverified|timezone_not_normalized_to_utc
1027923,169746,2022,2022-05-03T02:05:00,2022-05-03T10:00:00,CST-6,7.916666666666667,29,29009,C,009,BARRY,0,0,0,0,0.00,0.00,Heavy Rain,0,"[[36.8182,-93.7822],[36.8134,-93.7849],[36.8193,-93.8018],[36.8257,-93.7979]]",0,1,county_code_unverified|timezone_not_normalized_to_utc
1027924,169746,2022,2022-05-03T02:06:00,2022-05-03T10:00:00,CST-6,7.9,29,29009,C,009,BARRY,0,0,0,0,0.00,0.00,Heavy Rain,0,"[[36.78,-93.69],[36.7807,-93.6768],[36.7732,-93.6776],[36.773,-93.6901]]",0,1,county_code_unverified|timezone_not_normalized_to_utc
1027925,169746,2022,2022-05-03T05:57:00,2022-05-03T12:00:00,CST-6,6.05,29,29091,C,091,HOWELL,0,0,0,0,0.00,0.00,Heavy Rain,0,"[[36.6996,-92.0607],[36.7021,-92.0633],[36.7029,-92.0618],[36.701,-92.0588]]",0,1,county_code_unverified|timezone_not_normalized_to_utc
1027926,169746,2022,2022-05-03T06:05:00,2022-05-03T12:00:00,CST-6,5.916666666666667,29,29229,C,229,WRIGHT,0,0,0,0,0.00,0.00,Heavy Rain,0,"[[37.17,-92.53],[37.1647,-92.5347],[37.1634,-92.5273],[37.1686,-92.5249]]",0,1,county_code_unverified|timezone_not_normalized_to_utc
1027927,169746,2022,2022-05-03T08:00:00,2022-05-03T16:00:00,CST-6,8.0,29,29067,C,067,DOUGLAS,0,0,0,0,0.00,0.00,Heavy Rain,0,"[[36.96,-92.62],[36.9524,-92.6112],[36.9474,-92.6174],[36.9566,-92.6307]]",0,1,county_code_unverified|timezone_not_normalized_to_utc
1027928,169746,2022,2022-05-03T08:00:00,2022-05-03T16:00:00,CST-6,8.0,29,29067,C,067,DOUGLAS,0,0,0,0,0.00,0.00,Heavy Rain,0,"[[37.01,-92.52],[37.0102,-92.5209],[37.0092,-92.5213],[37.0091,-92.5198]]",0,1,county_code_unverified|timezone_not_normalized_to_utc
1027929,169746,2022,2022-05-03T08:00:00,2022-05-03T16:00:00,CST-6,8.0,29,29153,C,153,OZARK,0,0,0,0,0.00,0.00,Heavy Rain,0,"[[36.78,-92.37],[36.7827,-92.3605],[36.7869,-92.3674],[36.7846,-92.3734]]",0,1,county_code_unverified|timezone_not_normalized_to_utc
1027932,169617,2022,2022-05-04T16:19:00,2022-05-05T02:00:00,CST-6,9.683333333333334,29,29119,C,119,MCDONALD,0,0,0,0,0.00,0.00,Heavy Rain,0,"[[36.72,-94.32],[36.7244,-94.3095],[36.734,-94.309],[36.729,-94.3247]]",0,1,county_code_unverified|timezone_not_normalized_to_utc
1027933,169617,2022,2022-05-04T21:59:00,2022-05-05T05:00:00,CST-6,7.016666666666667,29,29229,C,229,WRIGHT,0,0,0,0,0.00,0.00,Heavy Rain,0,"[[37.44,-92.45],[37.446,-92.447],[37.4484,-92.4565],[37.4423,-92.4583]]",0,1,county_code_unverified|timezone_not_normalized_to_utc
1027934,169617,2022,2022-05-04T22:57:00,2022-05-05T05:00:00,CST-6,6.05,29,29225,C,225,WEBSTER,0,0,0,0,0.00,0.00,Heavy Rain,0,"[[37.1,-92.92],[37.0946,-92.9182],[37.0928,-92.924],[37.0997,-92.9254]]",0,1,county_code_unverified|timezone_not_normalized_to_utc
1027935,169617,2022,2022-05-04T23:50:00,2022-05-05T05:00:00,CST-6,5.166666666666667,29,29011,C,011,BARTON,0,0,0,0,0.00,0.00,Heavy Rain,0,"[[37.41,-94.56],[37.4094,-94.5494],[37.4203,-94.5497],[37.4198,-94.5613]]",0,1,county_code_unverified|timezone_not_normalized_to_utc
1027936,169617,2022,2022-05-04T23:56:00,2022-05-05T05:00:00,CST-6,5.066666666666666,29,29085,C,085,HICKORY,0,0,0,0,0.00,0.00,Heavy Rain,0,"[[37.89,-93.25],[37.8872,-93.2447],[37.8921,-93.2387],[37.8942,-93.2465]]",0,1,county_code_unverified|timezone_not_normalized_to_utc
1027954,169617,2022,2022-05-05T00:01:00,2022-05-05T08:00:00,CST-6,7.983333333333333,29,29229,C,229,WRIGHT,0,0,0,0,0.00,0.00,Heavy Rain,0,"[[37.32,-92.4],[37.3114,-92.4136],[37.3048,-92.3939],[37.3175,-92.3871]]",0,1,county_code_unverified|timezone_not_normalized_to_utc
1027955,169617,2022,2022-05-05T00:26:00,2022-05-05T08:00:00,CST-6,7.566666666666666,29,29057,C,057,DADE,0,0,0,0,0.00,0.00,Heavy Rain,0,"[[37.39,-93.97],[37.3893,-93.9748],[37.3913,-93.9744],[37.3909,-93.9703]]",0,1,county_code_unverified|timezone_not_normalized_to_utc
1027956,169617,2022,2022-05-05T00:35:00,2022-05-05T08:00:00,CST-6,7.416666666666667,29,29077,C,077,GREENE,0,0,0,0,0.00,0.00,Heavy Rain,0,"[[37.15,-93.2],[37.1477,-93.202],[37.1496,-93.2064],[37.1515,-93.204]]",0,1,county_code_unverified|timezone_not_normalized_to_utc
1027957,169617,2022,2022-05-05T00:37:00,2022-05-05T08:00:00,CST-6,7.383333333333334,29,29167,C,167,POLK,0,0,0,0,0.00,0.00,Heavy Rain,0,"[[37.55,-93.39],[37.5564,-93.3971],[37.56,-93.3866],[37.5545,-93.3819]]",0,1,county_code_unverified|timezone_not_normalized_to_utc
1027958,169617,2022,2022-05-05T01:51:00,2022-05-05T08:00:00,CST-6,6.15,29,29077,C,077,GREENE,0,0,0,0,0.00,0.00,Heavy Rain,0,"[[37.27,-93.37],[37.2702,-93.3647],[37.2727,-93.3643],[37.2733,-93.3695],[37.2733,-93.3734]]",0,1,county_code_unverified|timezone_not_normalized_to_utc
1027959,169617,2022,2022-05-05T01:55:00,2022-05-05T08:00:00,CST-6,6.083333333333333,29,29167,C,167,POLK,0,0,0,0,0.00,0.00,Heavy Rain,0,"[[37.46,-93.24],[37.4495,-93.2387],[37.4501,-93.2524],[37.4596,-93.2512]]",0,1,county_code_unverified|timezone_not_normalized_to_utc
1027960,169617,2022,2022-05-05T01:58:00,2022-05-05T08:00:00,CST-6,6.033333333333333,29,29009,C,009,BARRY,0,0,0,0,0.00,0.00,Heavy Rain,0,"[[36.59,-93.83],[36.5752,-93.8173],[36.5683,-93.8493],[36.5867,-93.8576],[36.603,-93.84]]",0,1,county_code_unverified|timezone_not_normalized_to_utc
1027961,169617,2022,2022-05-05T02:06:00,2022-05-05T08:00:00,CST-6,5.9,29,29209,C,209,STONE,0,0,0,0,0.00,0.00,Heavy Rain,0,"[[36.95,-93.39],[36.9465,-93.4034],[36.9429,-93.3928],[36.9462,-93.3838]]",0,1,county_code_unverified|timezone_not_normalized_to_utc
1027962,169617,2022,2022-05-05T02:32:00,2022-05-05T08:00:00,CST-6,5.466666666666667,29,29077,C,077,GREENE,0,0,0,0,0.00,0.00,Heavy Rain,0,"[[37.19,-93.37],[37.1936,-93.3644],[37.1913,-93.3568],[37.187,-93.3619]]",0,1,county_code_unverified|timezone_not_normalized_to_utc
1028069,169753,2022,2022-07-09T03:25:00,2022-07-09T05:25:00,EST-5,2.0,11,11001,C,001,DISTRICT OF COLUMBIA,0,0,0,0,0.00,0.00,Heavy Rain,0,"[[38.87,-76.99],[38.868,-76.9828],[38.9006,-76.9332],[38.9084,-76.9477]]",0,1,county_code_unverified|timezone_not_normalized_to_utc
1028070,169753,2022,2022-07-09T04:10:00,2022-07-09T06:10:00,EST-5,2.0,11,11001,C,001,DISTRICT OF COLUMBIA,0,0,0,0,0.00,0.00,Heavy Rain,0,"[[38.88,-76.97],[38.8914,-76.9614],[38.8901,-76.9541],[38.8777,-76.9642]]",0,1,county_code_unverified|timezone_not_normalized_to_utc
1028074,169751,2022,2022-07-09T02:15:00,2022-07-09T09:40:00,EST-5,7.416666666666667,51,51059,C,059,FAIRFAX,0,0,0,0,0.00,0.00,Heavy Rain,0,"[[38.9528,-77.2912],[38.9533,-77.2917],[38.9536,-77.2912],[38.9532,-77.2909]]",0,1,county_code_unverified|timezone_not_normalized_to_utc
1028092,169751,2022,2022-07-09T01:01:00,2022-07-09T03:01:00,EST-5,2.0,51,51013,C,013,ARLINGTON,0,0,0,0,0.00,0.00,Heavy Rain,0,"[[38.842,-77.0825],[38.8439,-77.0809],[38.8443,-77.083],[38.8427,-77.0839]]",0,1,county_code_unverified|timezone_not_normalized_to_utc
1028095,169751,2022,2022-07-09T03:18:00,2022-07-09T05:18:00,EST-5,2.0,51,51061,C,061,FAUQUIER,0,0,0,0,0.00,0.00,Heavy Rain,0,"[[38.653,-77.7841],[38.6545,-77.7835],[38.6542,-77.7818],[38.6525,-77.7821]]",0,1,county_code_unverified|timezone_not_normalized_to_utc
1028100,169751,2022,2022-07-09T03:20:00,2022-07-09T05:20:00,EST-5,2.0,51,51047,C,047,CULPEPER,0,0,0,0,0.00,0.00,Heavy Rain,0,"[[38.6037,-77.9973],[38.6018,-78.0018],[38.6022,-78.0049],[38.6043,-78.0046],[38.6047,-78.0017]]",0,1,county_code_unverified|timezone_not_normalized_to_utc
1028122,169752,2022,2022-07-09T07:45:00,2022-07-09T10:45:00,EST-5,3.0,24,24037,C,037,ST. MARY'S,0,0,0,0,0.00,0.00,Heavy Rain,0,"[[38.2925,-76.4907],[38.2937,-76.4893],[38.2959,-76.4888],[38.2962,-76.4897],[38.2932,-76.4916]]",0,1,county_code_unverified|timezone_not_normalized_to_utc
1028125,169752,2022,2022-07-09T07:49:00,2022-07-09T11:00:00,EST-5,3.183333333333333,24,24037,C,037,ST. MARY'S,0,0,0,0,0.00,0.00,Heavy Rain,0,"[[38.3721,-76.7919],[38.3632,-76.7781],[38.3639,-76.7706],[38.3749,-76.788]]",0,1,county_code_unverified|timezone_not_normalized_to_utc
1028128,169752,2022,2022-07-09T00:15:00,2022-07-09T03:15:00,EST-5,3.0,24,24031,C,031,MONTGOMERY,0,0,0,0,0.00,0.00,Heavy Rain,0,"[[39.04,-77.0908],[39.0415,-77.0857],[39.0424,-77.0869],[39.041,-77.0905]]",0,1,county_code_unverified|timezone_not_normalized_to_utc
1028130,169752,2022,2022-07-09T09:09:00,2022-07-09T12:09:00,EST-5,3.0,24,24003,C,003,ANNE ARUNDEL,0,0,0,0,0.00,0.00,Heavy Rain,0,"[[38.9169,-76.592],[38.9194,-76.5972],[38.9243,-76.5977],[38.9244,-76.5933],[38.9175,-76.5879]]",0,1,county_code_unverified|timezone_not_normalized_to_utc
1028133,169752,2022,2022-07-09T07:59:00,2022-07-09T10:59:00,EST-5,3.0,24,24037,C,037,ST. MARY'S,0,0,0,0,0.00,0.00,Heavy Rain,0,"[[38.3026,-76.6544],[38.3044,-76.6594],[38.3069,-76.6586],[38.3068,-76.6534]]",0,1,county_code_unverified|timezone_not_normalized_to_utc
1028153,169757,2022,2022-07-07T01:30:00,2022-07-07T03:30:00,EST-5,2.0,24,24003,C,003,ANNE ARUNDEL,0,0,0,0,0.00,0.00,Heavy Rain,0,"[[39.17,-76.6],[39.0898,-76.7303],[39.0543,-76.6758],[39.0399,-76.5725],[39.1371,-76.5271]]",0,1,county_code_unverified|timezone_not_normalized_to_utc
1028155,169757,2022,2022-07-07T03:15:00,2022-07-07T05:15:00,EST-5,2.0,24,24013,C,013,CARROLL,0,0,0,0,0.00,0.00,Heavy Rain,0,"[[39.67,-77.18],[39.7087,-77.2179],[39.7174,-77.1903],[39.7137,-77.1337],[39.6816,-77.1576]]",0,1,county_code_unverified|timezone_not_normalized_to_utc
1028361,169767,2022,2022-06-10T17:00:00,2022-06-10T19:00:00,CST-6,2.0,55,55133,C,133,WAUKESHA,0,0,0,0,30000.00,0.00,Heavy Rain,0,"[[43.0669,-88.5277],[43.118,-88.5196],[43.1341,-88.4807],[43.1299,-88.4368],[43.0642,-88.4635]]",0,1,county_code_unverified|timezone_not_normalized_to_utc
1028500,169617,2022,2022-05-05T02:40:00,2022-05-05T10:00:00,CST-6,7.333333333333333,29,29167,C,167,POLK,0,0,0,0,0.00,0.00,Heavy Rain,0,"[[37.6,-93.31],[37.6051,-93.3111],[37.6037,-93.3039],[37.6003,-93.3062]]",0,1,county_code_unverified|timezone_not_normalized_to_utc
1028501,169617,2022,2022-05-05T02:58:00,2022-05-05T10:00:00,CST-6,7.033333333333333,29,29009,C,009,BARRY,0,0,0,0,0.00,0.00,Heavy Rain,0,"[[36.92,-93.92],[36.9209,-93.9037],[36.9347,-93.9015],[36.9344,-93.9229]]",0,1,county_code_unverified|timezone_not_normalized_to_utc
1028502,169617,2022,2022-05-05T03:01:00,2022-05-05T10:00:00,CST-6,6.983333333333333,29,29059,C,059,DALLAS,0,0,0,0,0.00,0.00,Heavy Rain,0,"[[37.58,-92.89],[37.5792,-92.9103],[37.5884,-92.9108],[37.5892,-92.8897]]",0,1,county_code_unverified|timezone_not_normalized_to_utc
1028503,169617,2022,2022-05-05T03:03:00,2022-05-05T10:00:00,CST-6,6.95,29,29059,C,059,DALLAS,0,0,0,0,0.00,0.00,Heavy Rain,0,"[[37.53,-92.86],[37.5298,-92.8644],[37.5337,-92.8639],[37.5339,-92.8596]]",0,1,county_code_unverified|timezone_not_normalized_to_utc
1028504,169617,2022,2022-05-05T03:07:00,2022-05-05T10:00:00,CST-6,6.883333333333334,29,29059,C,059,DALLAS,0,0,0,0,0.00,0.00,Heavy Rain,0,"[[37.7,-93.17],[37.7138,-93.1732],[37.715,-93.1555],[37.7025,-93.1494]]",0,1,county_code_unverified|timezone_not_normalized_to_utc
1028505,169617,2022,2022-05-05T03:18:00,2022-05-05T10:00:00,CST-6,6.7,29,29097,C,097,JASPER,0,0,0,0,0.00,0.00,Heavy Rain,0,"[[37.34,-94.19],[37.3403,-94.1949],[37.3446,-94.195],[37.3442,-94.1888]]",0,1,county_code_unverified|timezone_not_normalized_to_utc
1028506,169617,2022,2022-05-05T03:22:00,2022-05-05T10:00:00,CST-6,6.633333333333334,29,29057,C,057,DADE,0,0,0,0,0.00,0.00,Heavy Rain,0,"[[37.56,-93.95],[37.5732,-93.9522],[37.5734,-93.9415],[37.5603,-93.9419]]",0,1,county_code_unverified|timezone_not_normalized_to_utc
1028507,169617,2022,2022-05-05T03:29:00,2022-05-05T10:00:00,CST-6,6.516666666666667,29,29225,C,225,WEBSTER,0,0,0,0,0.00,0.00,Heavy Rain,0,"[[37.45,-92.93],[37.4451,-92.9245],[37.4509,-92.9169],[37.4547,-92.9237]]",0,1,county_code_unverified|timezone_not_normalized_to_utc
1028508,169617,2022,2022-05-05T03:32:00,2022-05-05T10:00:00,CST-6,6.466666666666667,29,29167,C,167,POLK,0,0,0,0,0.00,0.00,Heavy Rain,0,"[[37.72,-93.21],[37.7222,-93.2356],[37.7153,-93.2382],[37.716,-93.2086]]",0,1,county_code_unverified|timezone_not_normalized_to_utc
1028509,169617,2022,2022-05-05T03:41:00,2022-05-05T10:00:00,CST-6,6.316666666666666,29,29057,C,057,DADE,0,0,0,0,0.00,0.00,Heavy Rain,0,"[[37.33,-93.75],[37.3242,-93.7473],[37.3296,-93.7358],[37.3343,-93.7426]]",0,1,county_code_unverified|timezone_not_normalized_to_utc
1028510,169617,2022,2022-05-05T03:55:00,2022-05-05T10:00:00,CST-6,6.083333333333333,29,29043,C,043,CHRISTIAN,0,0,0,0,0.00,0.00,Heavy Rain,0,"[[37.07,-93.33],[37.0705,-93.3207],[37.0664,-93.3214],[37.0662,-93.3296]]",0,1,county_code_unverified|timezone_not_normalized_to_utc
1028511,169617,2022,2022-05-05T03:59:00,2022-05-05T10:00:00,CST-6,6.016666666666667,29,29225,C,225,WEBSTER,0,0,0,0,0.00,0.00,Heavy Rain,0,"[[37.43,-92.99],[37.43,-92.9921],[37.4281,-92.9925],[37.4278,-92.9891]]",0,1,county_code_unverified|timezone_not_normalized_to_utc
1028512,169617,2022,2022-05-05T04:03:00,2022-05-05T10:00:00,CST-6,5.95,29,29167,C,167,POLK,0,0,0,0,0.00,0.00,Heavy Rain,0,"[[37.79,-93.24],[37.7836,-93.2421],[37.7856,-93.2484],[37.7907,-93.2441]]",0,1,county_code_unverified|timezone_not_normalized_to_utc
1028513,169617,2022,2022-05-05T04:06:00,2022-05-05T10:00:00,CST-6,5.9,29,29059,C,059,DALLAS,0,0,0,0,0.00,0.00,Heavy Rain,0,"[[37.69,-93.14],[37.6846,-93.1383],[37.6853,-93.1483],[37.6902,-93.1485]]",0,1,county_code_unverified|timezone_not_normalized_to_utc
1028514,169617,2022,2022-05-05T04:09:00,2022-05-05T10:00:00,CST-6,5.85,29,29059,C,059,DALLAS,0,0,0,0,0.00,0.00,Heavy Rain,0,"[[37.64,-92.91],[37.6351,-92.9084],[37.6341,-92.9173],[37.6404,-92.9178]]",0,1,county_code_unverified|timezone_not_normalized_to_utc
1028515,169617,2022,2022-05-05T04:11:00,2022-05-05T10:00:00,CST-6,5.816666666666666,29,29213,C,213,TANEY,0,0,0,0,0.00,0.00,Heavy Rain,0,"[[36.57,-93.13],[36.5729,-93.1338],[36.5753,-93.1294],[36.5714,-93.1287]]",0,1,county_code_unverified|timezone_not_normalized_to_utc
1028516,169617,2022,2022-05-05T04:13:00,2022-05-05T10:00:00,CST-6,5.783333333333333,29,29225,C,225,WEBSTER,0,0,0,0,0.00,0.00,Heavy Rain,0,"[[37.43,-92.97],[37.4376,-92.9855],[37.4423,-92.973],[37.436,-92.9677]]",0,1,county_code_unverified|timezone_not_normalized_to_utc
1028517,169617,2022,2022-05-05T04:07:00,2022-05-05T10:00:00,CST-6,5.883333333333334,29,29225,C,225,WEBSTER,0,0,0,0,0.00,0.00,Heavy Rain,0,"[[37.18,-92.78],[37.1807,-92.7692],[37.1881,-92.7735],[37.1954,-92.7744],[37.1953,-92.7881]]",0,1,county_code_unverified|timezone_not_normalized_to_utc
1028518,169617,2022,2022-05-05T04:31:00,2022-05-05T10:00:00,CST-6,5.483333333333333,29,29109,C,109,LAWRENCE,0,0,0,0,0.00,0.00,Heavy Rain,0,"[[37.14,-93.95],[37.1445,-93.9502],[37.1446,-93.9446],[37.14,-93.9453]]",0,1,county_code_unverified|timezone_not_normalized_to_utc
1028519,169617,2022,2022-05-05T04:40:00,2022-05-05T10:00:00,CST-6,5.333333333333333,29,29209,C,209,STONE,0,0,0,0,0.00,0.00,Heavy Rain,0,"[[36.93,-93.5],[36.9339,-93.5003],[36.9341,-93.4936],[36.9289,-93.4943]]",0,1,county_code_unverified|timezone_not_normalized_to_utc
1028520,169617,2022,2022-05-05T04:41:00,2022-05-05T10:00:00,CST-6,5.316666666666666,29,29209,C,209,STONE,0,0,0,0,0.00,0.00,Heavy Rain,0,"[[36.84,-93.53],[36.8433,-93.5331],[36.844,-93.5299],[36.8404,-93.5277]]",0,1,county_code_unverified|timezone_not_normalized_to_utc
1028521,169617,2022,2022-05-05T04:44:00,2022-05-05T10:00:00,CST-6,5.266666666666667,29,29109,C,109,LAWRENCE,0,0,0,0,0.00,0.00,Heavy Rain,0,"[[37.02,-93.99],[37.0333,-93.9898],[37.0349,-93.9824],[37.0185,-93.9847],[37.0166,-93.9936]]",0,1,county_code_unverified|timezone_not_normalized_to_utc
1028522,169617,2022,2022-05-05T04:49:00,2022-05-05T10:00:00,CST-6,5.183333333333334,29,29209,C,209,STONE,0,0,0,0,0.00,0.00,Heavy Rain,0,"[[36.92,-93.5],[36.9131,-93.5018],[36.9082,-93.491],[36.9212,-93.4885]]",0,1,county_code_unverified|timezone_not_normalized_to_utc
1028523,169617,2022,2022-05-05T05:02:00,2022-05-05T12:00:00,CST-6,6.966666666666667,29,29145,C,145,NEWTON,0,0,0,0,0.00,0.00,Heavy Rain,0,"[[36.95,-94.15],[36.9459,-94.1503],[36.946,-94.1371],[36.9499,-94.137]]",0,1,county_code_unverified|timezone_not_normalized_to_utc
1028524,169617,2022,2022-05-05T05:07:00,2022-05-05T12:00:00,CST-6,6.883333333333334,29,29011,C,011,BARTON,0,0,0,0,0.00,0.00,Heavy Rain,0,"[[37.62,-94.55],[37.6189,-94.5505],[37.6186,-94.5484],[37.62,-94.5483]]",0,1,county_code_unverified|timezone_not_normalized_to_utc
1028525,169617,2022,2022-05-05T05:10:00,2022-05-05T12:00:00,CST-6,6.833333333333333,29,29043,C,043,CHRISTIAN,0,0,0,0,0.00,0.00,Heavy Rain,0,"[[37.07,-93.05],[37.0661,-93.0536],[37.0694,-93.0605],[37.0725,-93.0554]]",0,1,county_code_unverified|timezone_not_normalized_to_utc
1028526,169617,2022,2022-05-05T05:12:00,2022-05-05T12:00:00,CST-6,6.8,29,29225,C,225,WEBSTER,0,0,0,0,0.00,0.00,Heavy Rain,0,"[[37.21,-92.87],[37.208,-92.8666],[37.2105,-92.8646],[37.2114,-92.8684]]",0,1,county_code_unverified|timezone_not_normalized_to_utc
1028527,169617,2022,2022-05-05T05:14:00,2022-05-05T12:00:00,CST-6,6.766666666666667,29,29077,C,077,GREENE,0,0,0,0,0.00,0.00,Heavy Rain,0,"[[37.39,-93.22],[37.3874,-93.2199],[37.388,-93.2284],[37.3908,-93.2275]]",0,1,county_code_unverified|timezone_not_normalized_to_utc
1028528,169617,2022,2022-05-05T05:16:00,2022-05-05T12:00:00,CST-6,6.733333333333333,29,29167,C,167,POLK,0,0,0,0,0.00,0.00,Heavy Rain,0,"[[37.8,-93.49],[37.793,-93.4893],[37.7933,-93.5114],[37.8004,-93.5126]]",0,1,county_code_unverified|timezone_not_normalized_to_utc
1028529,169617,2022,2022-05-05T05:17:00,2022-05-05T12:00:00,CST-6,6.716666666666667,29,29167,C,167,POLK,0,0,0,0,0.00,0.00,Heavy Rain,0,"[[37.62,-93.31],[37.607,-93.303],[37.606,-93.3172],[37.62,-93.3258]]",0,1,county_code_unverified|timezone_not_normalized_to_utc
1028530,169617,2022,2022-05-05T05:21:00,2022-05-05T12:00:00,CST-6,6.65,29,29105,C,105,LACLEDE,0,0,0,0,0.00,0.00,Heavy Rain,0,"[[37.61,-92.55],[37.6009,-92.5355],[37.5958,-92.5459],[37.609,-92.562]]",0,1,county_code_unverified|timezone_not_normalized_to_utc
1028533,169617,2022,2022-05-05T05:42:00,2022-05-05T12:00:00,CST-6,6.3,29,29215,C,215,TEXAS,0,0,0,0,0.00,0.00,Heavy Rain,0,"[[37.44,-92.169],[37.4389,-92.1698],[37.4395,-92.1712],[37.4406,-92.1701]]",0,1,county_code_unverified|timezone_not_normalized_to_utc
1028534,169617,2022,2022-05-05T05:43:00,2022-05-05T12:00:00,CST-6,6.283333333333333,29,29215,C,215,TEXAS,0,0,0,0,0.00,0.00,Heavy Rain,0,"[[37.3285,-92.0396],[37.3285,-92.0417],[37.3311,-92.0418],[37.331,-92.0396]]",0,1,county_code_unverified|timezone_not_normalized_to_utc
1028536,169617,2022,2022-05-05T05:44:00,2022-05-05T12:00:00,CST-6,6.266666666666667,29,29215,C,215,TEXAS,0,0,0,0,0.00,0.00,Heavy Rain,0,"[[37.28,-92.07],[37.2801,-92.0717],[37.2811,-92.071],[37.281,-92.0695]]",0,1,county_code_unverified|timezone_not_normalized_to_utc
1028539,169617,2022,2022-05-05T05:46:00,2022-05-05T12:00:00,CST-6,6.233333333333333,29,29153,C,153,OZARK,0,0,0,0,0.00,0.00,Heavy Rain,0,"[[36.53,-92.38],[36.5453,-92.3789],[36.5416,-92.4118],[36.5304,-92.4075]]",0,1,county_code_unverified|timezone_not_normalized_to_utc
1028542,169617,2022,2022-05-05T05:47:00,2022-05-05T12:00:00,CST-6,6.216666666666667,29,29229,C,229,WRIGHT,0,0,0,0,0.00,0.00,Heavy Rain,0,"[[37.39,-92.62],[37.395,-92.6177],[37.3939,-92.634],[37.3888,-92.6318]]",0,1,county_code_unverified|timezone_not_normalized_to_utc
1028543,169617,2022,2022-05-05T05:48:00,2022-05-05T12:00:00,CST-6,6.2,29,29105,C,105,LACLEDE,0,0,0,0,0.00,0.00,Heavy Rain,0,"[[37.5,-92.63],[37.4981,-92.6234],[37.4958,-92.6246],[37.4963,-92.6328],[37.4995,-92.634]]",0,1,county_code_unverified|timezone_not_normalized_to_utc
1028544,169617,2022,2022-05-05T05:50:00,2022-05-05T12:00:00,CST-6,6.166666666666667,29,29153,C,153,OZARK,0,0,0,0,0.00,0.00,Heavy Rain,0,"[[36.78,-92.37],[36.7836,-92.3608],[36.7865,-92.3678],[36.7843,-92.3726]]",0,1,county_code_unverified|timezone_not_normalized_to_utc
1028545,169617,2022,2022-05-05T05:52:00,2022-05-05T12:00:00,CST-6,6.133333333333334,29,29213,C,213,TANEY,0,0,0,0,0.00,0.00,Heavy Rain,0,"[[36.72,-92.88],[36.7218,-92.885],[36.7182,-92.8855],[36.7175,-92.8793]]",0,1,county_code_unverified|timezone_not_normalized_to_utc
1028546,169617,2022,2022-05-05T05:55:00,2022-05-05T12:00:00,CST-6,6.083333333333333,29,29077,C,077,GREENE,0,0,0,0,0.00,0.00,Heavy Rain,0,"[[37.33,-93.47],[37.3318,-93.467],[37.3337,-93.4703],[37.3322,-93.4738]]",0,1,county_code_unverified|timezone_not_normalized_to_utc
1028547,169617,2022,2022-05-05T05:43:00,2022-05-05T12:00:00,CST-6,6.283333333333333,29,29169,C,169,PULASKI,0,0,0,0,5000.00,0.00,Heavy Rain,0,"[[37.96,-92.3],[37.9553,-92.3002],[37.9561,-92.313],[37.9604,-92.3101]]",0,1,county_code_unverified|timezone_not_normalized_to_utc
1028548,169617,2022,2022-05-05T06:04:00,2022-05-05T12:00:00,CST-6,5.933333333333334,29,29043,C,043,CHRISTIAN,0,0,0,0,0.00,0.00,Heavy Rain,0,"[[37.0,-93.15],[37.0038,-93.1497],[37.004,-93.1558],[37.001,-93.1551]]",0,1,county_code_unverified|timezone_not_normalized_to_utc
1028549,169617,2022,2022-05-05T06:05:00,2022-05-05T12:00:00,CST-6,5.916666666666667,29,29105,C,105,LACLEDE,0,0,0,0,0.00,0.00,Heavy Rain,0,"[[37.6,-92.54],[37.6047,-92.5443],[37.6026,-92.55],[37.5984,-92.545]]",0,1,county_code_unverified|timezone_not_normalized_to_utc
1028550,169617,2022,2022-05-05T10:37:00,2022-05-05T18:00:00,CST-6,7.383333333333334,29,29119,C,119,MCDONALD,0,0,0,0,0.00,0.00,Heavy Rain,0,"[[36.5,-94.11],[36.5045,-94.1049],[36.5071,-94.1087],[36.5035,-94.1124]]",0,1,county_code_unverified|timezone_not_normalized_to_utc
1028551,169617,2022,2022-05-05T10:37:00,2022-05-05T18:00:00,CST-6,7.383333333333334,29,29119,C,119,MCDONALD,0,0,0,0,0.00,0.00,Heavy Rain,0,"[[36.62,-94.18],[36.6222,-94.1816],[36.6226,-94.179],[36.6205,-94.1784]]",0,1,county_code_unverified|timezone_not_normalized_to_utc
1028552,169617,2022,2022-05-05T10:37:00,2022-05-05T18:00:00,CST-6,7.383333333333334,29,29119,C,119,MCDONALD,0,0,0,0,0.00,0.00,Heavy Rain,0,"[[36.66,-94.11],[36.6592,-94.1028],[36.6674,-94.0987],[36.6687,-94.1082]]",0,1,county_code_unverified|timezone_not_normalized_to_utc
1028553,169617,2022,2022-05-05T10:37:00,2022-05-05T18:00:00,CST-6,7.383333333333334,29,29119,C,119,MCDONALD,0,0,0,0,0.00,0.00,Heavy Rain,0,"[[36.73,-94.31],[36.7329,-94.3085],[36.7351,-94.3143],[36.7322,-94.3161]]",0,1,county_code_unverified|timezone_not_normalized_to_utc
1028554,169617,2022,2022-05-05T11:38:00,2022-05-05T18:00:00,CST-6,6.366666666666666,29,29119,C,119,MCDONALD,0,0,0,0,0.00,0.00,Heavy Rain,0,"[[36.57,-94.43],[36.5665,-94.4383],[36.5639,-94.4159],[36.5697,-94.4167]]",0,1,county_code_unverified|timezone_not_normalized_to_utc
1028555,169617,2022,2022-05-05T14:43:00,2022-05-05T18:00:00,CST-6,3.283333333333333,29,29119,C,119,MCDONALD,0,0,0,0,0.00,0.00,Heavy Rain,0,"[[36.59,-94.46],[36.5887,-94.4502],[36.5704,-94.4549],[36.5751,-94.4729],[36.5871,-94.4689]]",0,1,county_code_unverified|timezone_not_normalized_to_utc
1028556,169617,2022,2022-05-05T12:22:00,2022-05-05T18:00:00,CST-6,5.633333333333334,29,29119,C,119,MCDONALD,0,0,0,0,0.00,0.00,Heavy Rain,0,"[[36.57,-94.5],[36.5628,-94.4958],[36.5581,-94.5148],[36.5728,-94.5197],[36.5832,-94.506]]",0,1,county_code_unverified|timezone_not_normalized_to_utc
1028558,169617,2022,2022-05-05T14:44:00,2022-05-05T18:00:00,CST-6,3.2666666666666666,29,29119,C,119,MCDONALD,0,0,0,0,0.00,0.00,Heavy Rain,0,"[[36.58,-94.51],[36.5753,-94.5051],[36.5706,-94.5161],[36.5794,-94.5226]]",0,1,county_code_unverified|timezone_not_normalized_to_utc
1028559,169617,2022,2022-05-05T10:37:00,2022-05-05T18:00:00,CST-6,7.383333333333334,29,29145,C,145,NEWTON,0,0,0,0,0.00,0.00,Heavy Rain,0,"[[36.77,-94.2],[36.7629,-94.1962],[36.7618,-94.208],[36.7704,-94.2115]]",0,1,county_code_unverified|timezone_not_normalized_to_utc
1028560,169617,2022,2022-05-05T10:37:00,2022-05-05T18:00:00,CST-6,7.383333333333334,29,29145,C,145,NEWTON,0,0,0,0,0.00,0.00,Heavy Rain,0,"[[36.87,-94.19],[36.8757,-94.1897],[36.8757,-94.18],[36.8706,-94.1815]]",0,1,county_code_unverified|timezone_not_normalized_to_utc
1028561,169617,2022,2022-05-05T18:09:00,2022-05-06T02:00:00,CST-6,7.85,29,29145,C,145,NEWTON,0,0,0,0,0.00,0.00,Heavy Rain,0,"[[36.89,-94.37],[36.8971,-94.3756],[36.8997,-94.3679],[36.8935,-94.3636]]",0,1,county_code_unverified|timezone_not_normalized_to_utc
1028562,169617,2022,2022-05-05T10:37:00,2022-05-05T18:00:00,CST-6,7.383333333333334,29,29097,C,097,JASPER,0,0,0,0,0.00,0.00,Heavy Rain,0,"[[37.16,-94.16],[37.1515,-94.1623],[37.1509,-94.1516],[37.1593,-94.1512]]",0,1,county_code_unverified|timezone_not_normalized_to_utc
1028564,169617,2022,2022-05-05T10:37:00,2022-05-05T18:00:00,CST-6,7.383333333333334,29,29097,C,097,JASPER,0,0,0,0,0.00,0.00,Heavy Rain,0,"[[37.18,-94.45],[37.1706,-94.45],[37.1715,-94.4614],[37.1795,-94.4606]]",0,1,county_code_unverified|timezone_not_normalized_to_utc
1028566,169617,2022,2022-05-05T18:25:00,2022-05-06T02:00:00,CST-6,7.583333333333333,29,29097,C,097,JASPER,0,0,0,0,0.00,0.00,Heavy Rain,0,"[[37.23,-94.45],[37.2361,-94.4515],[37.2398,-94.4466],[37.2337,-94.4435]]",0,1,county_code_unverified|timezone_not_normalized_to_utc
1028567,169617,2022,2022-05-05T10:37:00,2022-05-05T18:00:00,CST-6,7.383333333333334,29,29097,C,097,JASPER,0,0,0,0,0.00,0.00,Heavy Rain,0,"[[37.23,-94.42],[37.2219,-94.4214],[37.2214,-94.4119],[37.2275,-94.4118]]",0,1,county_code_unverified|timezone_not_normalized_to_utc
1028568,169617,2022,2022-05-05T10:37:00,2022-05-05T18:00:00,CST-6,7.383333333333334,29,29097,C,097,JASPER,0,0,0,0,0.00,0.00,Heavy Rain,0,"[[37.3,-94.36],[37.2952,-94.3621],[37.2945,-94.3527],[37.2991,-94.3521]]",0,1,county_code_unverified|timezone_not_normalized_to_utc
1028571,169617,2022,2022-05-05T10:37:00,2022-05-05T18:00:00,CST-6,7.383333333333334,29,29097,C,097,JASPER,0,0,0,0,0.00,0.00,Heavy Rain,0,"[[37.34,-94.34],[37.3393,-94.344],[37.3355,-94.3402],[37.3379,-94.3362]]",0,1,county_code_unverified|timezone_not_normalized_to_utc
1028572,169617,2022,2022-05-05T10:37:00,2022-05-05T18:00:00,CST-6,7.383333333333334,29,29097,C,097,JASPER,0,0,0,0,0.00,0.00,Heavy Rain,0,"[[37.35,-94.3],[37.3532,-94.3008],[37.3541,-94.2963],[37.3504,-94.2958]]",0,1,county_code_unverified|timezone_not_normalized_to_utc
1028576,169617,2022,2022-05-05T10:37:00,2022-05-05T18:00:00,CST-6,7.383333333333334,29,29011,C,011,BARTON,0,0,0,0,0.00,0.00,Heavy Rain,0,"[[37.4,-94.31],[37.3976,-94.315],[37.3962,-94.3072],[37.3997,-94.3053]]",0,1,county_code_unverified|timezone_not_normalized_to_utc
1028578,169617,2022,2022-05-05T10:37:00,2022-05-05T18:00:00,CST-6,7.383333333333334,29,29011,C,011,BARTON,0,0,0,0,0.00,0.00,Heavy Rain,0,"[[37.58,-94.14],[37.5865,-94.1383],[37.5877,-94.1473],[37.5823,-94.1507]]",0,1,county_code_unverified|timezone_not_normalized_to_utc
1028582,169617,2022,2022-05-05T17:53:00,2022-05-06T02:00:00,CST-6,8.116666666666667,29,29011,C,011,BARTON,0,0,0,0,0.00,0.00,Heavy Rain,0,"[[37.49,-94.29],[37.4905,-94.2984],[37.4991,-94.2984],[37.4987,-94.2887]]",0,1,county_code_unverified|timezone_not_normalized_to_utc
1028585,169617,2022,2022-05-05T20:44:00,2022-05-06T02:00:00,CST-6,5.266666666666667,29,29217,C,217,VERNON,0,0,0,0,0.00,0.00,Heavy Rain,0,"[[37.8,-94.52],[37.7937,-94.5225],[37.7937,-94.5115],[37.8004,-94.5099]]",0,1,county_code_unverified|timezone_not_normalized_to_utc
1028587,169617,2022,2022-05-05T11:06:00,2022-05-05T18:00:00,CST-6,6.9,29,29217,C,217,VERNON,0,0,0,0,0.00,0.00,Heavy Rain,0,"[[37.98,-94.56],[37.9798,-94.5654],[37.9834,-94.5652],[37.9833,-94.56]]",0,1,county_code_unverified|timezone_not_normalized_to_utc
1028588,169617,2022,2022-05-05T10:37:00,2022-05-05T18:00:00,CST-6,7.383333333333334,29,29009,C,009,BARRY,0,0,0,0,0.00,0.00,Heavy Rain,0,"[[36.7,-93.85],[36.6939,-93.8511],[36.695,-93.861],[36.7009,-93.8574]]",0,1,county_code_unverified|timezone_not_normalized_to_utc
1028589,169617,2022,2022-05-05T10:37:00,2022-05-05T18:00:00,CST-6,7.383333333333334,29,29009,C,009,BARRY,0,0,0,0,0.00,0.00,Heavy Rain,0,"[[36.77,-93.81],[36.7695,-93.8172],[36.7761,-93.8173],[36.7752,-93.8084]]",0,1,county_code_unverified|timezone_not_normalized_to_utc
1028590,169617,2022,2022-05-05T10:37:00,2022-05-05T18:00:00,CST-6,7.383333333333334,29,29009,C,009,BARRY,0,0,0,0,0.00,0.00,Heavy Rain,0,"[[36.82,-93.79],[36.8196,-93.7852],[36.8161,-93.7865],[36.8177,-93.7918]]",0,1,county_code_unverified|timezone_not_normalized_to_utc
1028591,169617,2022,2022-05-05T10:37:00,2022-05-05T18:00:00,CST-6,7.383333333333334,29,29109,C,109,LAWRENCE,0,0,0,0,0.00,0.00,Heavy Rain,0,"[[37.25,-93.73],[37.2535,-93.7341],[37.2548,-93.7272],[37.2516,-93.7268]]",0,1,county_code_unverified|timezone_not_normalized_to_utc
1028592,169617,2022,2022-05-05T17:08:00,2022-05-06T02:00:00,CST-6,8.866666666666667,29,29057,C,057,DADE,0,0,0,0,0.00,0.00,Heavy Rain,0,"[[37.45,-93.73],[37.448,-93.706],[37.439,-93.7038],[37.4382,-93.7326],[37.4456,-93.7397]]",0,1,county_code_unverified|timezone_not_normalized_to_utc
1028593,169617,2022,2022-05-05T10:37:00,2022-05-05T18:00:00,CST-6,7.383333333333334,29,29039,C,039,CEDAR,0,0,0,0,0.00,0.00,Heavy Rain,0,"[[37.77,-93.89],[37.7688,-93.879],[37.7598,-93.8809],[37.7612,-93.8992],[37.7707,-93.9017]]",0,1,county_code_unverified|timezone_not_normalized_to_utc
1028594,169617,2022,2022-05-05T15:37:00,2022-05-05T23:00:00,CST-6,7.383333333333334,29,29039,C,039,CEDAR,0,0,0,0,0.00,0.00,Heavy Rain,0,"[[37.83,-93.88],[37.8299,-93.8709],[37.8351,-93.8701],[37.8357,-93.8797]]",0,1,county_code_unverified|timezone_not_normalized_to_utc
1028595,169617,2022,2022-05-05T21:04:00,2022-05-06T02:00:00,CST-6,4.933333333333334,29,29209,C,209,STONE,0,0,0,0,0.00,0.00,Heavy Rain,0,"[[36.85,-93.46],[36.8458,-93.4559],[36.8452,-93.4648],[36.8498,-93.4672]]",0,1,county_code_unverified|timezone_not_normalized_to_utc
1028596,169617,2022,2022-05-05T20:00:00,2022-05-06T02:00:00,CST-6,6.0,29,29209,C,209,STONE,0,0,0,0,0.00,0.00,Heavy Rain,0,"[[36.94,-93.39],[36.9358,-93.3826],[36.9404,-93.3803],[36.9424,-93.3876]]",0,1,county_code_unverified|timezone_not_normalized_to_utc
1028597,169617,2022,2022-05-05T10:37:00,2022-05-05T18:00:00,CST-6,7.383333333333334,29,29077,C,077,GREENE,0,0,0,0,0.00,0.00,Heavy Rain,0,"[[37.19,-93.56],[37.1948,-93.5595],[37.1947,-93.5669],[37.1908,-93.5661]]",0,1,county_code_unverified|timezone_not_normalized_to_utc
1028598,169617,2022,2022-05-05T10:37:00,2022-05-05T18:00:00,CST-6,7.383333333333334,29,29085,C,085,HICKORY,0,0,0,0,0.00,0.00,Heavy Rain,0,"[[38.02,-93.14],[38.0202,-93.1524],[38.0262,-93.152],[38.0256,-93.1398]]",0,1,county_code_unverified|timezone_not_normalized_to_utc
1028599,169617,2022,2022-05-05T14:52:00,2022-05-05T23:00:00,CST-6,8.133333333333333,29,29015,C,015,BENTON,0,0,0,0,0.00,0.00,Heavy Rain,0,"[[38.2,-93.18],[38.1995,-93.1731],[38.2057,-93.1741],[38.2057,-93.1789]]",0,1,county_code_unverified|timezone_not_normalized_to_utc
1028600,169617,2022,2022-05-05T08:23:00,2022-05-05T18:00:00,CST-6,9.616666666666667,29,29141,C,141,MORGAN,0,0,0,0,0.00,0.00,Heavy Rain,0,"[[38.58,-92.96],[38.5742,-92.9636],[38.5735,-92.953],[38.5784,-92.9528]]",0,1,county_code_unverified|timezone_not_normalized_to_utc
1028743,169795,2022,2022-05-15T14:36:00,2022-05-15T17:15:00,EST-5,2.65,36,36093,C,093,SCHENECTADY,0,0,0,0,0.00,0.00,Heavy Rain,0,"[[42.83,-73.96],[42.8218,-73.9644],[42.8245,-73.9748],[42.832,-73.9663]]",0,1,county_code_unverified|timezone_not_normalized_to_utc
1028920,169815,2022,2022-06-05T14:30:00,2022-06-05T20:00:00,MST-7,5.5,16,16027,C,027,CANYON,0,0,0,0,0.00,0.00,Heavy Rain,0,"[[43.66,-116.54],[43.6603,-116.5387],[43.66,-116.5387],[43.6598,-116.5368],[43.6604,-116.5352],[43.6614,-116.5368],[43.6627,-116.5389],[43.6622,-116.5419]]",0,1,county_code_unverified|timezone_not_normalized_to_utc
1028921,169815,2022,2022-06-05T15:13:00,2022-06-05T20:00:00,MST-7,4.783333333333333,16,16015,C,015,BOISE,0,0,0,0,0.00,0.00,Heavy Rain,0,"[[43.83,-116.2],[43.8208,-116.2116],[43.8206,-116.2008],[43.8269,-116.1983]]",0,1,county_code_unverified|timezone_not_normalized_to_utc
1028922,169815,2022,2022-06-05T17:18:00,2022-06-05T19:18:00,MST-7,2.0,16,16047,C,047,GOODING,0,0,0,0,0.00,0.00,Heavy Rain,0,"[[42.76,-114.7],[42.7583,-114.7009],[42.7589,-114.7028],[42.7604,-114.7011]]",0,1,county_code_unverified|timezone_not_normalized_to_utc
1028944,169815,2022,2022-06-05T13:00:00,2022-06-05T23:01:00,MST-7,10.016666666666667,16,16027,C,027,CANYON,0,0,0,0,0.00,0.00,Heavy Rain,0,"[[43.6524,-116.4848],[43.6494,-116.4893],[43.6524,-116.4915],[43.6534,-116.4882]]",0,1,county_code_unverified|timezone_not_normalized_to_utc
1029406,169887,2022,2022-06-01T06:15:00,2022-06-01T07:15:00,CST-6,1.0,17,17109,C,109,MCDONOUGH,0,0,0,0,0.00,0.00,Heavy Rain,0,"[[40.33,-90.64],[40.3196,-90.6386],[40.3288,-90.6198],[40.332,-90.6236]]",0,1,county_code_unverified|timezone_not_normalized_to_utc
1029450,169476,2022,2022-05-06T21:05:00,2022-05-06T22:05:00,EST-5,1.0,42,42125,C,125,WASHINGTON,0,0,0,0,10000.00,0.00,Heavy Rain,0,"[[39.9966,-80.3763],[39.9938,-80.3747],[39.9913,-80.381],[39.9946,-80.3829]]",0,1,county_code_unverified|timezone_not_normalized_to_utc
1029451,169476,2022,2022-05-07T02:17:00,2022-05-07T03:17:00,EST-5,1.0,42,42063,C,063,INDIANA,0,0,0,0,20000.00,0.00,Heavy Rain,0,"[[40.6933,-79.1779],[40.6932,-79.1773],[40.6911,-79.1788],[40.6916,-79.1794]]",0,1,county_code_unverified|timezone_not_normalized_to_utc
1029452,169476,2022,2022-05-07T04:30:00,2022-05-07T09:30:00,EST-5,5.0,42,42073,C,073,LAWRENCE,0,0,0,0,10000.00,0.00,Heavy Rain,0,"[[40.837,-80.2696],[40.7911,-80.1787],[40.805,-80.1767],[40.843,-80.2642]]",0,1,county_code_unverified|timezone_not_normalized_to_utc
1029455,169894,2022,2022-04-01T00:00:00,2022-04-01T18:00:00,CST-6,18.0,40,40089,C,089,MCCURTAIN,0,0,1,0,0.00,0.00,Heavy Rain,1,"[[34.3975,-94.6878],[34.3964,-94.6881],[34.396,-94.6859],[34.3973,-94.6858]]",0,1,county_code_unverified|timezone_not_normalized_to_utc
1029502,169899,2022,2022-05-06T21:15:00,2022-05-06T23:15:00,EST-5,2.0,39,39111,C,111,MONROE,0,0,0,0,10000.00,0.00,Heavy Rain,0,"[[39.76,-81.12],[39.7613,-81.1283],[39.7675,-81.1266],[39.765,-81.1188]]",0,1,county_code_unverified|timezone_not_normalized_to_utc
1029524,169906,2022,2022-06-01T00:00:00,2022-06-30T23:59:00,CST-6,719.9833333333333,46,46013,C,013,BROWN,0,0,0,0,0.00,0.00,Heavy Rain,0,"[[45.93,-98.22],[45.61,-98.38],[45.54,-98.29],[45.53,-98.19],[45.65,-98.27],[45.93,-98.13]]",0,1,county_code_unverified|timezone_not_normalized_to_utc
1029526,169906,2022,2022-06-01T00:00:00,2022-06-30T23:59:00,CST-6,719.9833333333333,46,46013,C,013,BROWN,0,0,0,0,0.00,0.00,Heavy Rain,0,"[[45.54,-98.29],[45.25,-98.43],[45.25,-98.33],[45.53,-98.19]]",0,1,county_code_unverified|timezone_not_normalized_to_utc
1029533,169906,2022,2022-06-01T00:00:00,2022-06-30T23:59:00,CST-6,719.9833333333333,46,46115,C,115,SPINK,0,0,0,0,0.00,2000.00,Heavy Rain,0,"[[45.15,-98.35],[44.96,-98.45],[44.92,-98.52],[44.97,-98.54],[45.15,-98.45]]",0,1,county_code_unverified|timezone_not_normalized_to_utc
1029537,169916,2022,2022-06-01T00:00:00,2022-06-04T20:00:00,CST-6,92.0,46,46057,C,057,HAMLIN,0,0,0,0,0.00,0.00,Heavy Rain,0,"[[44.8,-97.09],[44.63,-97.01],[44.55,-96.93],[44.55,-96.9],[44.67,-96.98],[44.8,-97.05]]",0,1,county_code_unverified|timezone_not_normalized_to_utc
1029542,169916,2022,2022-06-01T00:00:00,2022-06-01T05:00:00,CST-6,5.0,46,46029,C,029,CODINGTON,0,0,0,0,0.00,0.00,Heavy Rain,0,"[[45.15,-97.21],[44.94,-97.2],[44.81,-97.1],[44.8,-97.03],[44.95,-97.13],[45.15,-97.16]]",0,1,county_code_unverified|timezone_not_normalized_to_utc
1029714,169950,2022,2022-05-24T14:45:00,2022-05-24T17:45:00,CST-6,3.0,29,29047,C,047,CLAY,0,0,0,0,0.00,0.00,Heavy Rain,0,"[[39.3144,-94.309],[39.3188,-94.2825],[39.3285,-94.2858],[39.3262,-94.3146]]",0,1,county_code_unverified|timezone_not_normalized_to_utc
1029809,169780,2022,2022-05-05T11:18:00,2022-05-05T13:00:00,CST-6,1.7,48,48213,C,213,HENDERSON,0,0,0,0,0.00,0.00,Heavy Rain,0,"[[32.2816,-96.1217],[32.2814,-96.1155],[32.28,-96.1156],[32.2801,-96.1216]]",0,1,county_code_unverified|timezone_not_normalized_to_utc
1029938,169975,2022,2022-07-15T17:30:00,2022-07-15T17:30:00,MST-7,0.0,08,08077,C,077,MESA,0,0,0,0,500.00,0.00,Heavy Rain,0,"[[39.057,-108.5613],[39.0565,-108.5616],[39.0563,-108.5613],[39.0566,-108.5609]]",0,1,county_code_unverified|timezone_not_normalized_to_utc
1029941,169975,2022,2022-07-15T19:19:00,2022-07-15T19:19:00,MST-7,0.0,08,08077,C,077,MESA,0,0,0,0,500.00,0.00,Heavy Rain,0,"[[39.0654,-108.5675],[39.0654,-108.5681],[39.0653,-108.568],[39.0653,-108.5676]]",0,1,county_code_unverified|timezone_not_normalized_to_utc
1029943,169975,2022,2022-07-15T19:23:00,2022-07-15T19:23:00,MST-7,0.0,08,08077,C,077,MESA,0,0,0,0,250.00,0.00,Heavy Rain,0,"[[39.09,-108.56],[39.0901,-108.56],[39.0901,-108.5597],[39.09,-108.5598]]",0,1,county_code_unverified|timezone_not_normalized_to_utc
1029951,167619,2022,2022-05-06T17:30:00,2022-05-07T03:30:00,EST-5,10.0,54,54015,C,015,CLAY,0,0,0,0,0.00,0.00,Heavy Rain,0,"[[38.5786,-81.0412],[38.5454,-81.0424],[38.5501,-81.0044],[38.5794,-81.0135]]",0,1,county_code_unverified|timezone_not_normalized_to_utc
1030147,169897,2022,2022-05-19T19:55:00,2022-05-19T22:00:00,CST-6,2.0833333333333335,55,55063,C,063,LA CROSSE,0,0,0,0,0.00,0.00,Heavy Rain,0,"[[43.8158,-91.2168],[43.8126,-91.2284],[43.7878,-91.2282],[43.7882,-91.2149]]",0,1,county_code_unverified|timezone_not_normalized_to_utc
1030289,169999,2022,2022-05-26T20:00:00,2022-05-27T03:30:00,EST-5,7.5,37,37089,C,089,HENDERSON,0,0,0,0,1000.00,0.00,Heavy Rain,0,"[[35.312,-82.457],[35.312,-82.463],[35.299,-82.463],[35.299,-82.457]]",0,1,county_code_unverified|timezone_not_normalized_to_utc
1030290,169999,2022,2022-05-27T00:00:00,2022-05-27T05:00:00,EST-5,5.0,37,37175,C,175,TRANSYLVANIA,0,0,0,0,1000.00,0.00,Heavy Rain,0,"[[35.135,-82.824],[35.249,-82.693],[35.292,-82.697],[35.159,-82.849]]",0,1,county_code_unverified|timezone_not_normalized_to_utc
1030320,169306,2022,2022-05-07T00:15:00,2022-05-07T16:15:00,PST-8,16.0,16,16049,C,049,IDAHO,0,0,0,0,0.00,0.00,Heavy Rain / Snow Melt,0,"[[46.188,-115.9592],[46.4993,-115.01],[45.4067,-116.1683],[45.4479,-116.3609],[45.96,-116.2271]]",0,1,county_code_unverified|timezone_not_normalized_to_utc
1030463,170056,2022,2022-05-13T18:45:00,2022-05-13T21:45:00,CST-6,3.0,17,17169,C,169,SCHUYLER,0,0,0,0,0.00,0.00,Heavy Rain,0,"[[40.2366,-90.6664],[40.2373,-90.6517],[40.2277,-90.6519],[40.2274,-90.6656]]",0,1,county_code_unverified|timezone_not_normalized_to_utc
1030483,170060,2022,2022-05-06T22:00:00,2022-05-08T22:00:00,AKST-9,48.0,02,02221,C,221,WRN TANANA VLY WRN YUKON VLY,0,0,0,0,282000.00,0.00,Ice Jam,0,"[[65.0034,-150.6034],[65.0059,-150.6228],[65.0046,-150.6284],[65.0017,-150.6339],[64.9977,-150.6501],[64.9872,-150.6591],[64.9861,-150.6317],[65.0001,-150.5919]]",0,1,county_code_unverified|timezone_not_normalized_to_utc
1030531,170065,2022,2022-05-10T13:00:00,2022-05-31T23:59:00,CST-6,514.9833333333333,27,27071,C,071,KOOCHICHING,0,0,0,0,0.00,0.00,Heavy Rain / Snow Melt,0,"[[48.5917,-93.4657],[48.6272,-93.3444],[48.6427,-93.2074],[48.6234,-93.1781],[48.6281,-93.09],[48.1439,-93.091],[48.3566,-93.4261]]",0,1,county_code_unverified|timezone_not_normalized_to_utc
1030532,170065,2022,2022-05-10T13:00:00,2022-05-31T23:59:00,CST-6,514.9833333333333,27,27137,C,137,ST. LOUIS,0,0,0,0,0.00,0.00,Heavy Rain / Snow Melt,0,"[[48.2029,-91.7923],[47.866,-91.8175],[47.8745,-92.6744],[48.1433,-93.0942],[48.6273,-93.092],[48.5532,-92.7505],[48.3857,-92.0386]]",0,1,county_code_unverified|timezone_not_normalized_to_utc
1030811,169036,2022,2022-06-22T19:49:00,2022-06-22T21:00:00,EST-5,1.1833333333333333,42,42013,C,013,BLAIR,0,0,0,0,0.00,0.00,Heavy Rain,0,"[[40.4648,-78.4003],[40.4673,-78.3871],[40.4518,-78.3816],[40.4498,-78.3995]]",0,1,county_code_unverified|timezone_not_normalized_to_utc
1031134,170116,2022,2022-05-10T17:00:00,2022-05-11T18:00:00,AKST-9,25.0,02,02227,C,227,UPPER KUSKOKWIM VALLEY,0,0,0,0,301000.00,0.00,Ice Jam,0,"[[62.9454,-155.5751],[62.9608,-155.5962],[62.9584,-155.6232],[62.9489,-155.6264],[62.9436,-155.6229],[62.9414,-155.6064]]",0,1,county_code_unverified|timezone_not_normalized_to_utc
1031288,169731,2022,2022-07-05T18:45:00,2022-07-06T16:00:00,CST-6,21.25,17,17111,C,111,MCHENRY,0,0,0,0,0.00,0.00,Heavy Rain,0,"[[42.4513,-88.7062],[42.1537,-88.706],[42.1543,-88.1996],[42.3097,-88.1989]]",0,1,county_code_unverified|timezone_not_normalized_to_utc
1031296,169731,2022,2022-07-06T00:00:00,2022-07-07T12:00:00,CST-6,36.0,17,17007,C,007,BOONE,0,0,0,0,0.00,0.00,Heavy Rain,0,"[[42.2614,-88.7488],[42.2637,-88.7245],[42.2568,-88.7099],[42.2554,-88.712],[42.2585,-88.7317],[42.258,-88.7487]]",0,1,county_code_unverified|timezone_not_normalized_to_utc
1031303,169731,2022,2022-07-06T00:00:00,2022-07-07T12:00:00,CST-6,36.0,17,17037,C,037,DE KALB,0,0,0,0,0.00,0.00,Heavy Rain,0,"[[42.1109,-88.6882],[42.1096,-88.6814],[42.1056,-88.6814],[42.1056,-88.6866]]",0,1,county_code_unverified|timezone_not_normalized_to_utc
1031309,169731,2022,2022-07-05T19:40:00,2022-07-06T03:00:00,CST-6,7.333333333333333,17,17089,C,089,KANE,0,0,0,0,0.00,0.00,Heavy Rain,0,"[[42.1093,-88.5476],[42.1093,-88.4962],[42.0818,-88.4962],[42.0818,-88.5476]]",0,1,county_code_unverified|timezone_not_normalized_to_utc
1031314,169731,2022,2022-07-05T21:00:00,2022-07-07T21:00:00,CST-6,48.0,17,17089,C,089,KANE,0,0,0,0,0.00,0.00,Heavy Rain,0,"[[42.1401,-88.5524],[42.1401,-88.5076],[42.1251,-88.5076],[42.1251,-88.5524]]",0,1,county_code_unverified|timezone_not_normalized_to_utc
1031318,168351,2022,2022-04-05T08:30:00,2022-04-05T10:00:00,CST-6,1.5,28,28073,C,073,LAMAR,0,0,0,0,0.00,0.00,Heavy Rain,0,"[[31.4191,-89.5424],[31.4191,-89.5415],[31.4183,-89.5415],[31.4183,-89.5424]]",0,1,county_code_unverified|timezone_not_normalized_to_utc
1031321,170127,2022,2022-05-01T00:00:00,2022-05-18T10:45:00,CST-6,418.75,05,05013,C,013,CALHOUN,0,0,0,0,0.00,0.00,Heavy Rain,0,"[[33.3299,-92.5639],[33.2685,-92.491],[33.305,-92.4262],[33.3624,-92.4933]]",0,1,county_code_unverified|timezone_not_normalized_to_utc
1031322,170127,2022,2022-05-01T00:00:00,2022-05-16T18:15:00,CST-6,378.25,05,05121,C,121,RANDOLPH,0,0,0,0,0.00,0.00,Heavy Rain,0,"[[36.2524,-90.9806],[36.2415,-90.9659],[36.2553,-90.9504],[36.2649,-90.9689]]",0,1,county_code_unverified|timezone_not_normalized_to_utc
1031323,170127,2022,2022-05-01T00:00:00,2022-05-31T16:00:00,CST-6,736.0,05,05075,C,075,LAWRENCE,0,0,0,0,0.00,0.00,Heavy Rain,0,"[[36.112,-91.0932],[36.1073,-91.0719],[36.0825,-91.0935],[36.0934,-91.1179]]",0,1,county_code_unverified|timezone_not_normalized_to_utc
1031324,170127,2022,2022-05-03T08:15:00,2022-05-03T21:00:00,CST-6,12.75,05,05121,C,121,RANDOLPH,0,0,0,0,0.00,0.00,Heavy Rain,0,"[[36.2043,-91.1802],[36.1988,-91.1649],[36.2087,-91.1568],[36.2109,-91.1726]]",0,1,county_code_unverified|timezone_not_normalized_to_utc
1031325,170127,2022,2022-05-02T22:55:00,2022-05-03T01:45:00,CST-6,2.8333333333333335,05,05135,C,135,SHARP,0,0,0,0,0.00,0.00,Heavy Rain,0,"[[36.3177,-91.5037],[36.2972,-91.4741],[36.3206,-91.4591],[36.3308,-91.4881]]",0,1,county_code_unverified|timezone_not_normalized_to_utc
1031647,170165,2022,2022-05-28T16:00:00,2022-05-29T15:01:00,PST-8,23.016666666666666,41,41059,C,059,UMATILLA,0,0,0,0,0.00,0.00,Heavy Rain,0,"[[45.62,-118.68],[45.4,-118.75],[45.4,-118.73],[45.51,-118.61],[45.53,-118.69]]",0,1,county_code_unverified|timezone_not_normalized_to_utc
1031683,168351,2022,2022-04-05T11:00:00,2022-04-05T15:30:00,CST-6,4.5,28,28073,C,073,LAMAR,0,0,0,0,5000.00,0.00,Heavy Rain,0,"[[31.4241,-89.5477],[31.4241,-89.5469],[31.4221,-89.5479],[31.4227,-89.55]]",0,1,county_code_unverified|timezone_not_normalized_to_utc
1031761,170177,2022,2022-05-01T15:27:00,2022-05-01T15:27:00,AST-4,0.0,99,,C,013,ARECIBO,0,0,0,0,0.00,0.00,Heavy Rain,0,"[[18.47,-66.758],[18.4677,-66.758],[18.4677,-66.7552],[18.4696,-66.7532]]",0,1,requires_crosswalk_or_marine_review|timezone_not_normalized_to_utc
1031762,170178,2022,2022-05-03T00:45:00,2022-05-03T00:45:00,AST-4,0.0,99,,C,143,VEGA ALTA,0,0,0,0,0.00,0.00,Heavy Rain,0,"[[18.42,-66.32],[18.4096,-66.321],[18.4105,-66.3153],[18.4184,-66.3168]]",0,1,requires_crosswalk_or_marine_review|timezone_not_normalized_to_utc
1031772,170180,2022,2022-06-11T18:15:00,2022-06-11T19:00:00,EST-5,0.75,13,13299,C,299,WARE,0,0,0,0,500.00,0.00,Heavy Rain,0,"[[31.2374,-82.38],[31.237,-82.3286],[31.1982,-82.3356],[31.1988,-82.3795]]",0,1,county_code_unverified|timezone_not_normalized_to_utc
1031777,170178,2022,2022-05-03T04:00:00,2022-05-03T04:00:00,AST-4,0.0,99,,C,033,CATANO,0,0,0,0,0.00,0.00,Heavy Rain,0,"[[18.425,-66.1336],[18.4284,-66.1402],[18.4316,-66.1344],[18.4259,-66.1286]]",0,1,requires_crosswalk_or_marine_review|timezone_not_normalized_to_utc
1031779,170178,2022,2022-05-03T04:00:00,2022-05-03T04:00:00,AST-4,0.0,99,,C,033,CATANO,0,0,0,0,0.00,0.00,Heavy Rain,0,"[[18.4368,-66.1551],[18.4348,-66.1551],[18.4351,-66.1497],[18.4369,-66.1504]]",0,1,requires_crosswalk_or_marine_review|timezone_not_normalized_to_utc
1031783,170178,2022,2022-05-03T02:57:00,2022-05-03T02:57:00,AST-4,0.0,99,,C,127,SAN JUAN,0,0,0,0,0.00,0.00,Heavy Rain,0,"[[18.4236,-66.0958],[18.4259,-66.0921],[18.4266,-66.094],[18.4246,-66.0956]]",0,1,requires_crosswalk_or_marine_review|timezone_not_normalized_to_utc
1031860,169577,2022,2022-05-05T04:00:00,2022-05-06T18:00:00,CST-6,38.0,40,40037,C,037,CREEK,0,0,0,0,0.00,0.00,Heavy Rain,0,"[[35.98,-96.09],[36.02,-96.09],[36.04,-96.07],[36.03,-96.03],[36.01,-96.03],[36.02,-96.06],[36.01,-96.07],[35.99,-96.07]]",0,1,county_code_unverified|timezone_not_normalized_to_utc
1031862,169577,2022,2022-05-05T03:00:00,2022-05-09T21:00:00,CST-6,114.0,40,40115,C,115,OTTAWA,0,0,0,0,0.00,0.00,Heavy Rain,0,"[[36.81,-94.88],[36.89,-94.78],[36.99,-94.91],[36.99,-95.1]]",0,1,county_code_unverified|timezone_not_normalized_to_utc
1031865,169577,2022,2022-05-05T04:15:00,2022-05-08T23:30:00,CST-6,91.25,40,40115,C,115,OTTAWA,0,0,0,0,0.00,0.00,Heavy Rain,0,"[[36.99,-94.73],[36.94,-94.77],[36.84,-94.78],[36.84,-94.7],[36.98,-94.69]]",0,1,county_code_unverified|timezone_not_normalized_to_utc
1031877,169577,2022,2022-05-05T00:45:00,2022-05-06T15:00:00,CST-6,38.25,40,40001,C,001,ADAIR,0,0,0,0,0.00,0.00,Heavy Rain,0,"[[36.15,-94.61],[36.12,-94.6],[36.1226,-94.5563],[36.1495,-94.5608]]",0,1,county_code_unverified|timezone_not_normalized_to_utc
1031882,169577,2022,2022-05-05T07:40:00,2022-05-05T16:00:00,CST-6,8.333333333333334,40,40135,C,135,SEQUOYAH,0,0,0,0,0.00,0.00,Heavy Rain,0,"[[35.621,-95.085],[35.6214,-95.081],[35.6231,-95.0813],[35.6228,-95.0851]]",0,1,county_code_unverified|timezone_not_normalized_to_utc
1031883,169577,2022,2022-05-04T18:15:00,2022-05-06T22:15:00,CST-6,52.0,40,40001,C,001,ADAIR,0,0,0,0,0.00,0.00,Heavy Rain,0,"[[36.11,-94.78],[36.1,-94.79],[36.1,-94.78],[36.11,-94.77]]",0,1,county_code_unverified|timezone_not_normalized_to_utc
1031884,169577,2022,2022-05-05T07:45:00,2022-05-05T16:00:00,CST-6,8.25,40,40107,C,107,OKFUSKEE,0,0,0,0,0.00,0.00,Heavy Rain,0,"[[35.57,-96.3878],[35.5699,-96.3629],[35.5632,-96.3634],[35.5635,-96.3872]]",0,1,county_code_unverified|timezone_not_normalized_to_utc
1031885,169577,2022,2022-05-05T08:38:00,2022-05-05T14:00:00,CST-6,5.366666666666666,40,40037,C,037,CREEK,0,0,0,0,0.00,0.00,Heavy Rain,0,"[[35.8134,-96.5068],[35.8107,-96.5148],[35.8093,-96.5138],[35.8116,-96.506]]",0,1,county_code_unverified|timezone_not_normalized_to_utc
1031886,168994,2022,2022-05-05T12:30:00,2022-05-05T17:15:00,CST-6,4.75,48,48073,C,073,CHEROKEE,0,0,0,0,0.00,0.00,Heavy Rain,0,"[[32.0155,-95.0523],[32.0166,-95.0477],[32.015,-95.0471],[32.014,-95.0516]]",0,1,county_code_unverified|timezone_not_normalized_to_utc
1031887,169577,2022,2022-05-04T20:45:00,2022-05-07T19:45:00,CST-6,71.0,40,40021,C,021,CHEROKEE,0,0,0,0,0.00,0.00,Heavy Rain,0,"[[35.92,-94.97],[35.86,-94.93],[35.98,-94.87],[35.98,-94.93]]",0,1,county_code_unverified|timezone_not_normalized_to_utc
1031888,169577,2022,2022-05-05T09:12:00,2022-05-05T14:00:00,CST-6,4.8,40,40097,C,097,MAYES,0,0,0,0,0.00,0.00,Heavy Rain,0,"[[36.3666,-95.0569],[36.3727,-95.0685],[36.3916,-95.0657],[36.3803,-95.0533]]",0,1,county_code_unverified|timezone_not_normalized_to_utc
1031891,168994,2022,2022-05-05T13:19:00,2022-05-05T17:15:00,CST-6,3.933333333333333,48,48183,C,183,GREGG,0,0,0,0,0.00,0.00,Heavy Rain,0,"[[32.52,-94.76],[32.5136,-94.7604],[32.5131,-94.7638],[32.5202,-94.7642]]",0,1,county_code_unverified|timezone_not_normalized_to_utc
1031893,169577,2022,2022-05-05T04:15:00,2022-05-05T15:30:00,CST-6,11.25,40,40021,C,021,CHEROKEE,0,0,0,0,0.00,0.00,Heavy Rain,0,"[[35.78,-94.93],[35.78,-94.81],[35.94,-94.77],[35.94,-94.9]]",0,1,county_code_unverified|timezone_not_normalized_to_utc
1031894,168994,2022,2022-05-05T13:59:00,2022-05-05T17:15:00,CST-6,3.2666666666666666,48,48401,C,401,RUSK,0,0,0,0,0.00,0.00,Heavy Rain,0,"[[32.1447,-94.9176],[32.1414,-94.9175],[32.1408,-94.9253],[32.1452,-94.9251]]",0,1,county_code_unverified|timezone_not_normalized_to_utc
1031896,168994,2022,2022-05-05T13:59:00,2022-05-05T17:15:00,CST-6,3.2666666666666666,48,48401,C,401,RUSK,0,0,0,0,0.00,0.00,Heavy Rain,0,"[[32.18,-94.89],[32.1763,-94.8902],[32.1766,-94.8929],[32.1804,-94.8923]]",0,1,county_code_unverified|timezone_not_normalized_to_utc
1031897,169577,2022,2022-05-05T10:45:00,2022-05-06T05:15:00,CST-6,18.5,40,40079,C,079,LE FLORE,0,0,0,0,0.00,0.00,Heavy Rain,0,"[[35.13,-94.68],[34.95,-94.71],[34.95,-94.61],[35.06,-94.54],[35.13,-94.56]]",0,1,county_code_unverified|timezone_not_normalized_to_utc
1031898,168994,2022,2022-05-05T13:59:00,2022-05-05T17:15:00,CST-6,3.2666666666666666,48,48401,C,401,RUSK,0,0,0,0,0.00,0.00,Heavy Rain,0,"[[32.1818,-94.9012],[32.1825,-94.8967],[32.1805,-94.8928],[32.1796,-94.9007]]",0,1,county_code_unverified|timezone_not_normalized_to_utc
1031899,169577,2022,2022-05-05T14:45:00,2022-05-08T03:15:00,CST-6,60.5,40,40079,C,079,LE FLORE,0,0,0,0,0.00,0.00,Heavy Rain,0,"[[35.4,-94.49],[35.21,-94.7],[35.04,-94.62],[35.2068,-94.4433],[35.4023,-94.4384]]",0,1,county_code_unverified|timezone_not_normalized_to_utc
1031902,169580,2022,2022-05-05T07:04:00,2022-05-05T16:00:00,CST-6,8.933333333333334,05,05007,C,007,BENTON,0,0,0,0,0.00,0.00,Heavy Rain,0,"[[36.42,-94.45],[36.4674,-94.4367],[36.4769,-94.4656],[36.4298,-94.4707]]",0,1,county_code_unverified|timezone_not_normalized_to_utc
1031903,169577,2022,2022-05-04T20:30:00,2022-05-12T21:30:00,CST-6,193.0,40,40111,C,111,OKMULGEE,0,0,0,0,0.00,0.00,Heavy Rain,0,"[[35.72,-95.97],[35.71,-96.17],[35.41,-95.88],[35.488,-95.8342]]",0,1,county_code_unverified|timezone_not_normalized_to_utc
1031907,169580,2022,2022-05-05T06:56:00,2022-05-05T16:00:00,CST-6,9.066666666666666,05,05143,C,143,WASHINGTON,0,0,0,0,0.00,0.00,Heavy Rain,0,"[[36.103,-94.3416],[36.1039,-94.3455],[36.1023,-94.346],[36.1018,-94.3419]]",0,1,county_code_unverified|timezone_not_normalized_to_utc
1031924,169580,2022,2022-05-05T11:30:00,2022-05-07T23:00:00,CST-6,59.5,05,05033,C,033,CRAWFORD,0,0,0,0,0.00,0.00,Heavy Rain,0,"[[35.45,-94.44],[35.46,-94.37],[35.41,-94.33],[35.36,-94.23],[35.33,-94.27],[35.37,-94.36],[35.42,-94.37],[35.39,-94.42]]",0,1,county_code_unverified|timezone_not_normalized_to_utc
1032013,170127,2022,2022-05-05T19:55:00,2022-05-05T22:10:00,CST-6,2.25,05,05135,C,135,SHARP,0,0,0,0,0.00,0.00,Heavy Rain,0,"[[36.3226,-91.5087],[36.3294,-91.4937],[36.3109,-91.4577],[36.3024,-91.4679]]",0,1,county_code_unverified|timezone_not_normalized_to_utc
1032016,170127,2022,2022-05-01T00:00:00,2022-05-31T23:59:00,CST-6,743.9833333333333,05,05147,C,147,WOODRUFF,0,0,0,0,0.00,0.00,Heavy Rain,0,"[[35.2979,-91.4465],[35.315,-91.3936],[35.2694,-91.3587],[35.2437,-91.4169]]",0,1,county_code_unverified|timezone_not_normalized_to_utc
1032020,170127,2022,2022-05-01T00:00:00,2022-05-19T20:00:00,CST-6,452.0,05,05145,C,145,WHITE,0,0,0,0,0.00,0.00,Heavy Rain,0,"[[35.142,-91.4557],[35.1439,-91.4269],[35.1071,-91.4185],[35.1059,-91.4647]]",0,1,county_code_unverified|timezone_not_normalized_to_utc
1032063,170219,2022,2022-05-26T15:05:00,2022-05-26T15:05:00,AST-4,0.0,99,,C,125,SAN GERMAN,0,0,0,0,0.00,0.00,Heavy Rain,0,"[[18.103,-67.0555],[18.1045,-67.055],[18.1036,-67.0524],[18.1025,-67.0532]]",0,1,requires_crosswalk_or_marine_review|timezone_not_normalized_to_utc
1032457,168875,2022,2022-05-04T02:00:00,2022-05-04T04:00:00,EST-5,2.0,51,51171,C,171,SHENANDOAH,0,0,0,0,0.00,0.00,Heavy Rain,0,"[[39.0727,-78.4112],[39.0749,-78.4097],[39.0738,-78.4073],[39.0723,-78.4086]]",0,1,county_code_unverified|timezone_not_normalized_to_utc
1032459,168875,2022,2022-05-04T02:05:00,2022-05-04T04:05:00,EST-5,2.0,51,51059,C,059,FAIRFAX,0,0,0,0,0.00,0.00,Heavy Rain,0,"[[38.8542,-77.2484],[38.8451,-77.248],[38.8465,-77.2455],[38.8541,-77.2455],[38.8558,-77.247]]",0,1,county_code_unverified|timezone_not_normalized_to_utc
1032461,168875,2022,2022-05-04T06:35:00,2022-05-04T08:35:00,EST-5,2.0,51,51059,C,059,FAIRFAX,0,0,0,0,0.00,0.00,Heavy Rain,0,"[[38.8459,-77.2386],[38.8455,-77.2372],[38.8464,-77.2365],[38.8468,-77.2378]]",0,1,county_code_unverified|timezone_not_normalized_to_utc
1032465,170296,2022,2022-05-06T17:15:00,2022-05-06T19:15:00,EST-5,2.0,24,24021,C,021,FREDERICK,0,0,0,0,0.00,0.00,Heavy Rain,0,"[[39.4595,-77.5837],[39.4476,-77.561],[39.4506,-77.5597],[39.4612,-77.5822]]",0,1,county_code_unverified|timezone_not_normalized_to_utc
1032467,170296,2022,2022-05-06T17:15:00,2022-05-06T19:15:00,EST-5,2.0,24,24021,C,021,FREDERICK,0,0,0,0,0.00,0.00,Heavy Rain,0,"[[39.6402,-77.3977],[39.6422,-77.3938],[39.6426,-77.3892],[39.6409,-77.3904],[39.6393,-77.3965]]",0,1,county_code_unverified|timezone_not_normalized_to_utc
1032470,170296,2022,2022-05-06T17:15:00,2022-05-06T19:15:00,EST-5,2.0,24,24021,C,021,FREDERICK,0,0,0,0,0.00,0.00,Heavy Rain,0,"[[39.6593,-77.3636],[39.6559,-77.3586],[39.656,-77.3549],[39.6622,-77.3596]]",0,1,county_code_unverified|timezone_not_normalized_to_utc
1032474,170296,2022,2022-05-06T17:15:00,2022-05-06T19:15:00,EST-5,2.0,24,24021,C,021,FREDERICK,0,0,0,0,0.00,0.00,Heavy Rain,0,"[[39.6733,-77.2782],[39.6767,-77.2745],[39.6783,-77.2766],[39.6738,-77.2796]]",0,1,county_code_unverified|timezone_not_normalized_to_utc
1032475,170296,2022,2022-05-06T17:15:00,2022-05-06T19:15:00,EST-5,2.0,24,24021,C,021,FREDERICK,0,0,0,0,0.00,0.00,Heavy Rain,0,"[[39.6712,-77.3021],[39.6732,-77.3012],[39.6725,-77.2954],[39.6702,-77.2962]]",0,1,county_code_unverified|timezone_not_normalized_to_utc
1032480,170296,2022,2022-05-06T17:15:00,2022-05-06T19:15:00,EST-5,2.0,24,24021,C,021,FREDERICK,0,0,0,0,0.00,0.00,Heavy Rain,0,"[[39.6892,-77.3197],[39.6892,-77.3163],[39.693,-77.315],[39.6926,-77.3191]]",0,1,county_code_unverified|timezone_not_normalized_to_utc
1032483,170296,2022,2022-05-06T17:15:00,2022-05-06T19:15:00,EST-5,2.0,24,24021,C,021,FREDERICK,0,0,0,0,0.00,0.00,Heavy Rain,0,"[[39.7027,-77.3451],[39.704,-77.3422],[39.7053,-77.3425],[39.7042,-77.3555],[39.7028,-77.3554]]",0,1,county_code_unverified|timezone_not_normalized_to_utc
1032485,170296,2022,2022-05-06T17:15:00,2022-05-06T19:15:00,EST-5,2.0,24,24021,C,021,FREDERICK,0,0,0,0,0.00,0.00,Heavy Rain,0,"[[39.7068,-77.3281],[39.7072,-77.3264],[39.7086,-77.3268],[39.7083,-77.3288]]",0,1,county_code_unverified|timezone_not_normalized_to_utc
1032486,170296,2022,2022-05-06T17:15:00,2022-05-06T19:15:00,EST-5,2.0,24,24021,C,021,FREDERICK,0,0,0,0,0.00,0.00,Heavy Rain,0,"[[39.7196,-77.3927],[39.7187,-77.3938],[39.7152,-77.3933],[39.7156,-77.3911],[39.7186,-77.3912],[39.7192,-77.3892],[39.7198,-77.389],[39.7198,-77.3913]]",0,1,county_code_unverified|timezone_not_normalized_to_utc
1032487,170296,2022,2022-05-06T17:40:00,2022-05-06T19:40:00,EST-5,2.0,24,24021,C,021,FREDERICK,0,0,0,0,0.00,0.00,Heavy Rain,0,"[[39.5741,-77.3928],[39.5706,-77.3927],[39.5664,-77.3902],[39.5597,-77.3867],[39.5592,-77.3786],[39.5771,-77.3734]]",0,1,county_code_unverified|timezone_not_normalized_to_utc
1032489,170296,2022,2022-05-06T20:15:00,2022-05-06T22:15:00,EST-5,2.0,24,24021,C,021,FREDERICK,0,0,0,0,0.00,0.00,Heavy Rain,0,"[[39.63,-77.29],[39.6301,-77.2868],[39.6411,-77.2776],[39.6417,-77.2823]]",0,1,county_code_unverified|timezone_not_normalized_to_utc
1032490,170296,2022,2022-05-06T22:33:00,2022-05-07T00:33:00,EST-5,2.0,24,24001,C,001,ALLEGANY,0,0,0,0,0.00,0.00,Heavy Rain,0,"[[39.65,-79.18],[39.6437,-79.1772],[39.6432,-79.1802],[39.651,-79.1834]]",0,1,county_code_unverified|timezone_not_normalized_to_utc
1032492,170296,2022,2022-05-07T03:30:00,2022-05-07T05:30:00,EST-5,2.0,24,24031,C,031,MONTGOMERY,0,0,0,0,0.00,0.00,Heavy Rain,0,"[[39.2134,-77.0917],[39.2157,-77.0898],[39.2151,-77.0881],[39.213,-77.09]]",0,1,county_code_unverified|timezone_not_normalized_to_utc
1032493,170296,2022,2022-05-07T05:00:00,2022-05-07T09:00:00,EST-5,4.0,24,24031,C,031,MONTGOMERY,0,0,0,0,0.00,0.00,Heavy Rain,0,"[[39.1932,-77.0424],[39.1951,-77.0394],[39.1937,-77.0389],[39.1923,-77.0418]]",0,1,county_code_unverified|timezone_not_normalized_to_utc
1032494,170296,2022,2022-05-07T11:20:00,2022-05-07T13:20:00,EST-5,2.0,24,24043,C,043,WASHINGTON,0,0,0,0,0.00,0.00,Heavy Rain,0,"[[39.6754,-78.044],[39.6774,-78.0436],[39.6775,-78.0388],[39.6749,-78.0402]]",0,1,county_code_unverified|timezone_not_normalized_to_utc
1032496,170299,2022,2022-05-22T20:06:00,2022-05-22T22:06:00,EST-5,2.0,24,24009,C,009,CALVERT,0,0,0,0,0.00,0.00,Heavy Rain,0,"[[38.7,-76.63],[38.6982,-76.6327],[38.6968,-76.6308],[38.6994,-76.627]]",0,1,county_code_unverified|timezone_not_normalized_to_utc
1032527,170300,2022,2022-05-06T22:15:00,2022-05-07T02:15:00,EST-5,4.0,51,51003,C,003,ALBEMARLE,0,0,0,0,0.00,0.00,Heavy Rain,0,"[[38.1537,-78.694],[38.1367,-78.6873],[38.1314,-78.6751],[38.1398,-78.6554],[38.1731,-78.669],[38.1815,-78.6889],[38.1662,-78.7036]]",0,1,county_code_unverified|timezone_not_normalized_to_utc
1032528,170300,2022,2022-05-07T01:17:00,2022-05-07T03:17:00,EST-5,2.0,51,51059,C,059,FAIRFAX,0,0,0,0,0.00,0.00,Heavy Rain,0,"[[38.8449,-77.248],[38.8463,-77.2454],[38.849,-77.2459],[38.8486,-77.2483]]",0,1,county_code_unverified|timezone_not_normalized_to_utc
1032529,170300,2022,2022-05-07T01:17:00,2022-05-07T03:17:00,EST-5,2.0,51,51059,C,059,FAIRFAX,0,0,0,0,0.00,0.00,Heavy Rain,0,"[[38.95,-77.29],[38.9531,-77.2935],[38.9552,-77.2923],[38.9536,-77.2888]]",0,1,county_code_unverified|timezone_not_normalized_to_utc
1032530,170300,2022,2022-05-07T07:18:00,2022-05-07T09:18:00,EST-5,2.0,51,51107,C,107,LOUDOUN,0,0,0,0,0.00,0.00,Heavy Rain,0,"[[38.9352,-77.5684],[38.9347,-77.5682],[38.9349,-77.5675],[38.9356,-77.5676]]",0,1,county_code_unverified|timezone_not_normalized_to_utc
1032531,170300,2022,2022-05-07T07:18:00,2022-05-07T09:18:00,EST-5,2.0,51,51107,C,107,LOUDOUN,0,0,0,0,0.00,0.00,Heavy Rain,0,"[[38.9587,-77.568],[38.958,-77.568],[38.9583,-77.5668],[38.959,-77.5668]]",0,1,county_code_unverified|timezone_not_normalized_to_utc
1032532,170300,2022,2022-05-07T07:30:00,2022-05-07T09:30:00,EST-5,2.0,51,51107,C,107,LOUDOUN,0,0,0,0,0.00,0.00,Heavy Rain,0,"[[39.06,-77.54],[39.0613,-77.5427],[39.0623,-77.5415],[39.0619,-77.5398]]",0,1,county_code_unverified|timezone_not_normalized_to_utc
1032533,170300,2022,2022-05-07T09:14:00,2022-05-07T11:14:00,EST-5,2.0,51,51069,C,069,FREDERICK,0,0,0,0,0.00,0.00,Heavy Rain,0,"[[39.1602,-78.0871],[39.1577,-78.0816],[39.1258,-78.0957],[39.1187,-78.1051],[39.128,-78.1044]]",0,1,county_code_unverified|timezone_not_normalized_to_utc
1032534,170300,2022,2022-05-07T09:16:00,2022-05-07T11:16:00,EST-5,2.0,51,51069,C,069,FREDERICK,0,0,0,0,0.00,0.00,Heavy Rain,0,"[[39.0749,-78.1419],[39.0742,-78.1372],[39.0746,-78.1363],[39.0752,-78.1369],[39.0756,-78.1417]]",0,1,county_code_unverified|timezone_not_normalized_to_utc
1032535,170300,2022,2022-05-07T09:59:00,2022-05-07T11:59:00,EST-5,2.0,51,51059,C,059,FAIRFAX,0,0,0,0,0.00,0.00,Heavy Rain,0,"[[38.8967,-77.3534],[38.8976,-77.3516],[38.8988,-77.3526],[38.8982,-77.3544]]",0,1,county_code_unverified|timezone_not_normalized_to_utc
1032543,170301,2022,2022-05-06T21:32:00,2022-05-06T23:32:00,EST-5,2.0,54,54057,C,057,MINERAL,0,0,0,0,0.00,0.00,Heavy Rain,0,"[[39.3387,-78.9318],[39.3393,-78.9303],[39.3462,-78.9359],[39.3578,-78.9485],[39.358,-78.962],[39.356,-78.9607]]",0,1,county_code_unverified|timezone_not_normalized_to_utc
1032545,170301,2022,2022-05-07T12:43:00,2022-05-07T14:43:00,EST-5,2.0,54,54027,C,027,HAMPSHIRE,0,0,0,0,0.00,0.00,Heavy Rain,0,"[[39.3,-78.44],[39.2873,-78.4524],[39.2771,-78.408],[39.3356,-78.3542],[39.3621,-78.3862],[39.3399,-78.4545]]",0,1,county_code_unverified|timezone_not_normalized_to_utc
1032570,170300,2022,2022-05-07T01:41:00,2022-05-07T03:05:00,EST-5,1.4,51,51059,C,059,FAIRFAX,0,0,0,0,0.00,0.00,Heavy Rain,0,"[[38.8459,-77.2383],[38.8456,-77.2375],[38.8457,-77.235],[38.8465,-77.235],[38.8473,-77.2374],[38.8494,-77.2388],[38.8499,-77.2412]]",0,1,county_code_unverified|timezone_not_normalized_to_utc
1032571,170301,2022,2022-05-07T11:50:00,2022-05-10T05:45:00,EST-5,65.91666666666667,54,54065,C,065,MORGAN,0,0,0,0,0.00,0.00,Heavy Rain,0,"[[39.5831,-78.3236],[39.6096,-78.2937],[39.6059,-78.2668],[39.5293,-78.3266],[39.4733,-78.3712],[39.4816,-78.4022]]",0,1,county_code_unverified|timezone_not_normalized_to_utc
1032572,170301,2022,2022-05-07T18:30:00,2022-05-08T09:30:00,EST-5,15.0,54,54003,C,003,BERKELEY,0,0,0,0,0.00,0.00,Heavy Rain,0,"[[39.5129,-78.0379],[39.5105,-78.039],[39.5081,-78.0396],[39.5078,-78.0359],[39.5134,-78.032],[39.5158,-78.032],[39.5152,-78.0394]]",0,1,county_code_unverified|timezone_not_normalized_to_utc
1032573,170301,2022,2022-05-07T21:11:00,2022-05-09T12:38:00,EST-5,39.45,54,54037,C,037,JEFFERSON,0,0,0,0,0.00,0.00,Heavy Rain,0,"[[39.4281,-77.7945],[39.4447,-77.7811],[39.4662,-77.7735],[39.5104,-77.7911],[39.5274,-77.8722]]",0,1,county_code_unverified|timezone_not_normalized_to_utc
1032575,170307,2022,2022-05-22T21:35:00,2022-05-22T22:20:00,EST-5,0.75,51,51059,C,059,FAIRFAX,0,0,0,0,0.00,0.00,Heavy Rain,0,"[[38.9531,-77.292],[38.9524,-77.2915],[38.9532,-77.2906],[38.9539,-77.2912]]",0,1,county_code_unverified|timezone_not_normalized_to_utc
1032576,170301,2022,2022-05-07T16:09:00,2022-05-07T16:15:00,EST-5,0.1,54,54003,C,003,BERKELEY,0,0,0,0,0.00,0.00,Heavy Rain,0,"[[39.4189,-77.9384],[39.4194,-77.9361],[39.424,-77.9372],[39.4262,-77.9409],[39.425,-77.9413]]",0,1,county_code_unverified|timezone_not_normalized_to_utc
1032577,170299,2022,2022-05-24T15:00:00,2022-05-24T17:35:00,EST-5,2.5833333333333335,24,24037,C,037,ST. MARY'S,0,0,0,0,0.00,0.00,Heavy Rain,0,"[[38.2372,-76.501],[38.2364,-76.4963],[38.2303,-76.4933],[38.2303,-76.4959]]",0,1,county_code_unverified|timezone_not_normalized_to_utc
1032579,170296,2022,2022-05-07T21:30:00,2022-05-08T09:31:00,EST-5,12.016666666666667,24,24043,C,043,WASHINGTON,0,0,0,0,0.00,0.00,Heavy Rain,0,"[[39.7076,-77.8316],[39.7073,-77.8382],[39.7172,-77.8289],[39.718,-77.8232],[39.7139,-77.8224]]",0,1,county_code_unverified|timezone_not_normalized_to_utc
1032584,170296,2022,2022-05-08T01:36:00,2022-05-09T20:57:00,EST-5,43.35,24,24031,C,031,MONTGOMERY,0,0,0,0,0.00,0.00,Heavy Rain,0,"[[39.0955,-77.4721],[39.0985,-77.4669],[39.124,-77.4961],[39.1551,-77.5189],[39.1552,-77.5217],[39.1471,-77.5231],[39.1238,-77.5177]]",0,1,county_code_unverified|timezone_not_normalized_to_utc
1032586,170296,2022,2022-05-08T06:55:00,2022-05-09T08:59:00,EST-5,26.066666666666666,24,24031,C,031,MONTGOMERY,0,0,0,0,0.00,0.00,Heavy Rain,0,"[[39.3046,-77.6053],[39.316,-77.6607],[39.3221,-77.6684],[39.3255,-77.6645],[39.3074,-77.6057]]",0,1,county_code_unverified|timezone_not_normalized_to_utc
1032589,170296,2022,2022-05-08T18:00:00,2022-05-09T05:05:00,EST-5,11.083333333333334,24,24031,C,031,MONTGOMERY,0,0,0,0,0.00,0.00,Heavy Rain,0,"[[38.955,-77.1317],[38.9561,-77.1296],[38.9613,-77.135],[38.9696,-77.1459],[38.971,-77.1586],[38.9687,-77.1594]]",0,1,county_code_unverified|timezone_not_normalized_to_utc
1032592,170296,2022,2022-05-07T06:24:00,2022-05-08T11:24:00,EST-5,29.0,24,24021,C,021,FREDERICK,0,0,0,0,0.00,0.00,Heavy Rain,0,"[[39.3962,-77.3638],[39.3153,-77.4033],[39.3193,-77.4346],[39.3848,-77.3989],[39.4,-77.38]]",0,1,county_code_unverified|timezone_not_normalized_to_utc
1032596,170296,2022,2022-05-07T08:47:00,2022-05-07T16:40:00,EST-5,7.883333333333334,24,24021,C,021,FREDERICK,0,0,0,0,0.00,0.00,Heavy Rain,0,"[[39.6966,-77.221],[39.7056,-77.2186],[39.7025,-77.2098],[39.693,-77.2098]]",0,1,county_code_unverified|timezone_not_normalized_to_utc
1032602,170296,2022,2022-05-07T12:09:00,2022-05-07T18:37:00,EST-5,6.466666666666667,24,24001,C,001,ALLEGANY,0,0,0,0,0.00,0.00,Heavy Rain,0,"[[39.6563,-78.3456],[39.649,-78.3431],[39.6465,-78.3379],[39.6524,-78.337],[39.6586,-78.3402]]",0,1,county_code_unverified|timezone_not_normalized_to_utc
1032957,170366,2022,2022-05-20T15:45:00,2022-05-20T17:00:00,EST-5,1.25,12,12099,C,099,PALM BEACH,0,0,0,0,0.00,0.00,Heavy Rain,0,"[[26.3755,-80.0771],[26.3755,-80.076],[26.3672,-80.0776],[26.3677,-80.0785]]",0,1,county_code_unverified|timezone_not_normalized_to_utc
1032959,170366,2022,2022-05-20T17:08:00,2022-05-20T19:00:00,EST-5,1.8666666666666667,12,12011,C,011,BROWARD,0,0,0,0,0.00,0.00,Heavy Rain,0,"[[26.1484,-80.3222],[26.1481,-80.3271],[26.1472,-80.3232],[26.1483,-80.3201]]",0,1,county_code_unverified|timezone_not_normalized_to_utc
1033079,170373,2022,2022-05-29T17:12:00,2022-05-29T18:30:00,EST-5,1.3,12,12011,C,011,BROWARD,0,0,0,0,0.00,0.00,Heavy Rain,0,"[[26.18,-80.14],[26.1785,-80.1398],[26.1788,-80.1378],[26.1804,-80.1382]]",0,1,county_code_unverified|timezone_not_normalized_to_utc
1033101,170374,2022,2022-05-09T16:00:00,2022-05-13T08:00:00,AKST-9,88.0,02,02220,C,220,YUKON FLATS NEARBY UPLANDS,0,0,0,0,0.00,0.00,Ice Jam,0,"[[65.8287,-144.0639],[65.8292,-144.0743],[65.8252,-144.0748],[65.8236,-144.069],[65.8251,-144.0606]]",0,1,county_code_unverified|timezone_not_normalized_to_utc
1033117,170379,2022,2022-06-03T19:00:00,2022-06-03T19:00:00,CST-6,0.0,48,48439,C,439,TARRANT,0,0,1,0,10000.00,0.00,Heavy Rain,1,"[[32.6274,-97.092],[32.627,-97.0891],[32.6255,-97.0902],[32.6261,-97.0924]]",0,1,county_code_unverified|timezone_not_normalized_to_utc
1033146,170379,2022,2022-06-01T14:45:00,2022-06-01T15:00:00,CST-6,0.25,48,48121,C,121,DENTON,1,1,1,0,0.00,0.00,Heavy Rain,1,"[[33.0288,-97.0002],[33.0285,-96.9976],[33.0263,-96.9977],[33.0265,-97.0018],[33.0285,-97.0023]]",0,1,county_code_unverified|timezone_not_normalized_to_utc
1033153,170382,2022,2022-06-05T19:30:00,2022-06-06T13:00:00,CST-6,17.5,19,19049,C,049,DALLAS,0,0,0,0,0.00,0.00,Heavy Rain,0,"[[41.77,-94.16],[41.7752,-94.2098],[41.7255,-94.2077],[41.7278,-94.1568]]",0,1,county_code_unverified|timezone_not_normalized_to_utc
1033155,170382,2022,2022-06-05T19:30:00,2022-06-06T13:00:00,CST-6,17.5,19,19077,C,077,GUTHRIE,0,0,0,0,0.00,0.00,Heavy Rain,0,"[[41.82,-94.47],[41.8197,-94.4888],[41.8008,-94.4859],[41.8018,-94.4648]]",0,1,county_code_unverified|timezone_not_normalized_to_utc
1033213,170387,2022,2022-06-15T05:30:00,2022-06-15T15:30:00,CST-6,10.0,19,19015,C,015,BOONE,0,0,0,0,0.00,0.00,Heavy Rain,0,"[[41.91,-94.07],[41.9105,-94.0755],[41.9048,-94.0755],[41.905,-94.0702]]",0,1,county_code_unverified|timezone_not_normalized_to_utc
1033395,170405,2022,2022-07-16T15:40:00,2022-07-16T17:40:00,EST-5,2.0,24,24005,C,005,BALTIMORE,0,0,0,0,0.00,0.00,Heavy Rain,0,"[[39.33,-76.65],[39.3239,-76.6905],[39.2988,-76.6822],[39.3071,-76.619],[39.3282,-76.5953],[39.3402,-76.62]]",0,1,county_code_unverified|timezone_not_normalized_to_utc
1033398,170405,2022,2022-07-16T17:10:00,2022-07-16T19:10:00,EST-5,2.0,24,24033,C,033,PRINCE GEORGE'S,0,0,0,0,0.00,0.00,Heavy Rain,0,"[[38.9821,-76.9383],[39.0221,-76.9324],[39.0198,-76.9156],[38.9811,-76.9309]]",0,1,county_code_unverified|timezone_not_normalized_to_utc
1033402,170405,2022,2022-07-16T18:03:00,2022-07-16T20:03:00,EST-5,2.0,24,24003,C,003,ANNE ARUNDEL,0,0,0,0,0.00,0.00,Heavy Rain,0,"[[38.9214,-76.5593],[38.9142,-76.5524],[38.9175,-76.5488],[38.925,-76.5573]]",0,1,county_code_unverified|timezone_not_normalized_to_utc
1033403,170405,2022,2022-07-16T18:02:00,2022-07-16T20:02:00,EST-5,2.0,24,24003,C,003,ANNE ARUNDEL,0,0,0,0,0.00,0.00,Heavy Rain,0,"[[38.928,-76.5997],[38.9264,-76.5991],[38.9265,-76.5965],[38.9288,-76.5981]]",0,1,county_code_unverified|timezone_not_normalized_to_utc
1033404,170405,2022,2022-07-16T19:53:00,2022-07-16T21:53:00,EST-5,2.0,24,24033,C,033,PRINCE GEORGE'S,0,0,0,0,0.00,0.00,Heavy Rain,0,"[[38.9152,-76.9312],[38.916,-76.9334],[38.9194,-76.9315],[38.9188,-76.926]]",0,1,county_code_unverified|timezone_not_normalized_to_utc
1033405,170405,2022,2022-07-16T19:40:00,2022-07-16T21:40:00,EST-5,2.0,24,24033,C,033,PRINCE GEORGE'S,0,0,0,0,0.00,0.00,Heavy Rain,0,"[[38.9828,-76.826],[38.984,-76.8227],[38.9856,-76.8229],[38.9851,-76.8263]]",0,1,county_code_unverified|timezone_not_normalized_to_utc
1033406,170405,2022,2022-07-16T19:40:00,2022-07-16T21:40:00,EST-5,2.0,24,24033,C,033,PRINCE GEORGE'S,0,0,0,0,0.00,0.00,Heavy Rain,0,"[[38.9828,-76.826],[38.984,-76.8227],[38.9856,-76.8229],[38.9851,-76.8263]]",0,1,county_code_unverified|timezone_not_normalized_to_utc
1033407,170405,2022,2022-07-16T20:15:00,2022-07-16T22:15:00,EST-5,2.0,24,24033,C,033,PRINCE GEORGE'S,0,0,0,0,0.00,0.00,Heavy Rain,0,"[[38.9885,-76.8166],[38.9873,-76.8185],[38.9885,-76.82],[38.9892,-76.8172]]",0,1,county_code_unverified|timezone_not_normalized_to_utc
1033423,170406,2022,2022-07-16T18:13:00,2022-07-16T20:13:00,EST-5,2.0,51,51510,C,510,ALEXANDRIA (C),0,0,0,0,0.00,0.00,Heavy Rain,0,"[[38.8351,-77.0577],[38.8356,-77.0575],[38.8357,-77.0579],[38.8353,-77.0581]]",0,1,county_code_unverified|timezone_not_normalized_to_utc
1033430,170407,2022,2022-07-16T18:00:00,2022-07-16T20:00:00,EST-5,2.0,11,11001,C,001,DISTRICT OF COLUMBIA,0,0,0,0,0.00,0.00,Heavy Rain,0,"[[38.9235,-76.9876],[38.9101,-76.9852],[38.9114,-76.9781],[38.9293,-76.9757]]",0,1,county_code_unverified|timezone_not_normalized_to_utc
1033432,170415,2022,2022-07-12T21:29:00,2022-07-12T23:29:00,EST-5,2.0,51,51137,C,137,ORANGE,0,0,0,0,0.00,0.00,Heavy Rain,0,"[[38.2638,-78.1554],[38.2631,-78.1547],[38.2636,-78.154],[38.2644,-78.1549]]",0,1,county_code_unverified|timezone_not_normalized_to_utc
1033475,170436,2022,2022-04-12T21:00:00,2022-04-13T07:00:00,CST-6,10.0,55,55129,C,129,WASHBURN,0,0,0,0,20000.00,0.00,Heavy Rain,0,"[[45.713,-92.0309],[45.7135,-92.0255],[45.71,-92.0244],[45.7097,-92.0312]]",0,1,county_code_unverified|timezone_not_normalized_to_utc
1033481,170441,2022,2022-07-16T16:00:00,2022-07-16T16:00:00,MST-7,0.0,08,08091,C,091,OURAY,0,0,0,0,1000.00,0.00,Heavy Rain,0,"[[38.0972,-107.7105],[38.096,-107.7093],[38.0967,-107.7084],[38.0985,-107.7097]]",0,1,county_code_unverified|timezone_not_normalized_to_utc
1033482,169954,2022,2022-05-12T23:00:00,2022-05-13T12:00:00,CST-6,13.0,27,27031,C,031,COOK,0,0,0,0,0.00,0.00,Heavy Rain,0,"[[47.6383,-90.7087],[47.6387,-90.7077],[47.6362,-90.7066],[47.6364,-90.7074]]",0,1,county_code_unverified|timezone_not_normalized_to_utc
1033511,170446,2022,2022-07-03T15:35:00,2022-07-03T15:35:00,MST-7,0.0,30,30097,C,097,SWEET GRASS,0,0,0,0,0.00,0.00,Heavy Rain,0,"[[45.84,-109.96],[45.829,-109.973],[45.8171,-109.9432],[45.841,-109.9234]]",0,1,county_code_unverified|timezone_not_normalized_to_utc
1033531,170127,2022,2022-05-01T00:00:00,2022-05-30T19:00:00,CST-6,715.0,05,05117,C,117,PRAIRIE,0,0,0,0,0.00,0.00,Heavy Rain,0,"[[34.9983,-91.5053],[34.9994,-91.4774],[34.9528,-91.4691],[34.9559,-91.4999]]",0,1,county_code_unverified|timezone_not_normalized_to_utc
1033533,170127,2022,2022-05-01T00:00:00,2022-05-31T23:59:00,CST-6,743.9833333333333,05,05095,C,095,MONROE,0,0,0,0,0.00,0.00,Heavy Rain,0,"[[34.7056,-91.3369],[34.7102,-91.308],[34.6685,-91.2968],[34.6632,-91.3318]]",0,1,county_code_unverified|timezone_not_normalized_to_utc
1033536,170127,2022,2022-05-01T00:00:00,2022-05-02T19:30:00,CST-6,43.5,05,05147,C,147,WOODRUFF,0,0,0,0,0.00,0.00,Heavy Rain,0,"[[35.2761,-91.2474],[35.2759,-91.2294],[35.2554,-91.2339],[35.2583,-91.2524]]",0,1,county_code_unverified|timezone_not_normalized_to_utc
1033540,170127,2022,2022-05-03T19:45:00,2022-05-05T01:15:00,CST-6,29.5,05,05147,C,147,WOODRUFF,0,0,0,0,0.00,0.00,Heavy Rain,0,"[[35.2803,-91.2445],[35.2828,-91.2254],[35.2524,-91.2256],[35.2553,-91.253]]",0,1,county_code_unverified|timezone_not_normalized_to_utc
1033549,170451,2022,2022-05-07T02:00:00,2022-05-12T20:30:00,CST-6,138.5,05,05103,C,103,OUACHITA,0,0,0,0,0.00,0.00,Heavy Rain,0,"[[33.6008,-92.8445],[33.6114,-92.8122],[33.5805,-92.7816],[33.5666,-92.8136]]",0,1,county_code_unverified|timezone_not_normalized_to_utc
1033558,170451,2022,2022-05-07T08:30:00,2022-05-09T05:45:00,CST-6,45.25,05,05029,C,029,CONWAY,0,0,0,0,0.00,0.00,Heavy Rain,0,"[[35.1566,-92.8025],[35.1405,-92.6665],[35.0318,-92.6593],[35.1011,-92.9047]]",0,1,county_code_unverified|timezone_not_normalized_to_utc
1033559,170451,2022,2022-05-06T18:30:00,2022-05-10T21:00:00,CST-6,98.5,05,05105,C,105,PERRY,0,0,0,0,0.00,0.00,Heavy Rain,0,"[[35.0197,-92.7163],[34.9911,-92.7153],[34.993,-92.7427],[35.0234,-92.7374]]",0,1,county_code_unverified|timezone_not_normalized_to_utc
1033563,170451,2022,2022-05-06T00:30:00,2022-05-07T21:30:00,CST-6,45.0,05,05149,C,149,YELL,0,0,0,0,0.00,0.00,Heavy Rain,0,"[[35.0585,-93.4042],[35.0691,-93.3776],[35.0613,-93.3738],[35.0516,-93.4003]]",0,1,county_code_unverified|timezone_not_normalized_to_utc
1033567,170451,2022,2022-05-06T03:15:00,2022-05-06T20:00:00,CST-6,16.75,05,05121,C,121,RANDOLPH,0,0,0,0,0.00,0.00,Heavy Rain,0,"[[36.2127,-91.1855],[36.2033,-91.1495],[36.1871,-91.1708],[36.1989,-91.1979]]",0,1,county_code_unverified|timezone_not_normalized_to_utc
1033578,170451,2022,2022-05-07T05:30:00,2022-05-10T06:15:00,CST-6,72.75,05,05067,C,067,JACKSON,0,0,0,0,0.00,0.00,Heavy Rain,0,"[[35.6331,-91.3007],[35.6381,-91.2689],[35.566,-91.2757],[35.5759,-91.3476]]",0,1,county_code_unverified|timezone_not_normalized_to_utc
1033579,170451,2022,2022-05-06T09:00:00,2022-05-14T02:30:00,CST-6,185.5,05,05147,C,147,WOODRUFF,0,0,0,0,0.00,0.00,Heavy Rain,0,"[[35.2757,-91.2434],[35.2798,-91.2263],[35.2564,-91.2285],[35.257,-91.256]]",0,1,county_code_unverified|timezone_not_normalized_to_utc
1033581,170456,2022,2022-05-24T18:30:00,2022-05-29T16:30:00,CST-6,118.0,05,05013,C,013,CALHOUN,0,0,0,0,0.00,0.00,Heavy Rain,0,"[[33.3207,-92.5216],[33.3393,-92.4782],[33.2803,-92.4354],[33.2674,-92.4898]]",0,1,county_code_unverified|timezone_not_normalized_to_utc
1033582,170456,2022,2022-05-25T13:00:00,2022-05-31T23:59:00,CST-6,154.98333333333332,05,05147,C,147,WOODRUFF,0,0,0,0,0.00,0.00,Heavy Rain,0,"[[35.2762,-91.2445],[35.2771,-91.2297],[35.2599,-91.2331],[35.2601,-91.2487]]",0,1,county_code_unverified|timezone_not_normalized_to_utc
1034093,170505,2022,2022-07-06T00:00:00,2022-07-06T02:00:00,EST-5,2.0,39,39049,C,049,FRANKLIN,0,0,0,0,0.00,0.00,Heavy Rain,0,"[[40.0566,-82.8673],[40.0563,-82.862],[40.0534,-82.8613],[40.0538,-82.8675]]",0,1,county_code_unverified|timezone_not_normalized_to_utc
1034099,170505,2022,2022-07-06T03:00:00,2022-07-06T04:30:00,EST-5,1.5,39,39159,C,159,UNION,0,0,0,0,0.00,0.00,Heavy Rain,0,"[[40.22,-83.43],[40.2582,-83.3899],[40.2787,-83.39],[40.2442,-83.4515]]",0,1,county_code_unverified|timezone_not_normalized_to_utc
1034104,170507,2022,2022-06-01T00:00:00,2022-06-26T15:00:00,CST-6,615.0,05,05147,C,147,WOODRUFF,0,0,0,0,0.00,0.00,Heavy Rain,0,"[[35.2926,-91.4192],[35.3018,-91.3616],[35.2732,-91.3551],[35.2682,-91.4155]]",0,1,county_code_unverified|timezone_not_normalized_to_utc
1034105,170507,2022,2022-06-01T00:00:00,2022-06-13T08:00:00,CST-6,296.0,05,05095,C,095,MONROE,0,0,0,0,0.00,0.00,Heavy Rain,0,"[[34.6962,-91.3648],[34.7115,-91.3011],[34.6542,-91.2754],[34.6496,-91.3534]]",0,1,county_code_unverified|timezone_not_normalized_to_utc
1034106,170507,2022,2022-06-01T00:00:00,2022-06-04T12:00:00,CST-6,84.0,05,05147,C,147,WOODRUFF,0,0,0,0,0.00,0.00,Heavy Rain,0,"[[35.276,-91.2441],[35.2776,-91.2276],[35.2575,-91.2286],[35.2599,-91.2503]]",0,1,county_code_unverified|timezone_not_normalized_to_utc
1034107,170508,2022,2022-06-10T21:23:00,2022-06-11T10:48:00,CST-6,13.416666666666666,05,05019,C,019,CLARK,0,0,0,0,0.00,0.00,Heavy Rain,0,"[[34.1498,-93.0639],[34.1488,-93.0151],[34.0966,-93.0151],[34.0949,-93.0625]]",0,1,county_code_unverified|timezone_not_normalized_to_utc
1034108,170508,2022,2022-06-12T18:15:00,2022-06-16T15:22:00,CST-6,93.11666666666666,05,05103,C,103,OUACHITA,0,0,0,0,0.00,0.00,Heavy Rain,0,"[[33.6084,-92.849],[33.6149,-92.802],[33.5702,-92.7852],[33.566,-92.8317]]",0,1,county_code_unverified|timezone_not_normalized_to_utc
1034109,170508,2022,2022-06-12T09:45:00,2022-06-20T18:15:00,CST-6,200.5,05,05013,C,013,CALHOUN,0,0,0,0,0.00,0.00,Heavy Rain,0,"[[33.3118,-92.5107],[33.3311,-92.4691],[33.2826,-92.4371],[33.2714,-92.4887]]",0,1,county_code_unverified|timezone_not_normalized_to_utc
1034110,170508,2022,2022-06-08T20:51:00,2022-06-14T20:15:00,CST-6,143.4,05,05105,C,105,PERRY,0,0,0,0,0.00,0.00,Heavy Rain,0,"[[35.0171,-92.7414],[35.0207,-92.7179],[34.997,-92.7113],[34.9968,-92.7354]]",0,1,county_code_unverified|timezone_not_normalized_to_utc
1034111,170508,2022,2022-06-09T04:21:00,2022-06-10T07:37:00,CST-6,27.266666666666666,05,05149,C,149,YELL,0,0,0,0,0.00,0.00,Heavy Rain,0,"[[35.0571,-93.407],[35.0675,-93.378],[35.057,-93.3706],[35.0505,-93.4038]]",0,1,county_code_unverified|timezone_not_normalized_to_utc
1034113,170508,2022,2022-06-11T07:00:00,2022-06-12T10:50:00,CST-6,27.833333333333332,05,05149,C,149,YELL,0,0,0,0,0.00,0.00,Heavy Rain,0,"[[35.0633,-93.422],[35.0711,-93.3695],[35.057,-93.3706],[35.0499,-93.4175]]",0,1,county_code_unverified|timezone_not_normalized_to_utc
1034114,170508,2022,2022-06-08T21:45:00,2022-06-09T11:12:00,CST-6,13.45,05,05125,C,125,SALINE,0,0,0,0,0.00,0.00,Heavy Rain,0,"[[34.5718,-92.6196],[34.5723,-92.6002],[34.5388,-92.5973],[34.5378,-92.6285]]",0,1,county_code_unverified|timezone_not_normalized_to_utc
1034371,170543,2022,2022-07-01T14:06:00,2022-07-01T14:06:00,EST-5,0.0,12,12071,C,071,LEE,0,0,0,0,0.00,0.00,Heavy Rain,0,"[[26.64,-81.85],[26.6405,-81.8595],[26.6462,-81.8505],[26.643,-81.8471]]",0,1,county_code_unverified|timezone_not_normalized_to_utc
1034372,170543,2022,2022-07-01T14:40:00,2022-07-01T14:40:00,EST-5,0.0,12,12071,C,071,LEE,0,0,0,0,0.00,0.00,Heavy Rain,0,"[[26.61,-81.86],[26.6106,-81.8522],[26.6045,-81.8507],[26.6044,-81.8598]]",0,1,county_code_unverified|timezone_not_normalized_to_utc
1034398,170549,2022,2022-06-01T20:15:00,2022-06-05T10:45:00,CST-6,86.5,40,40115,C,115,OTTAWA,0,0,0,0,0.00,0.00,Heavy Rain,0,"[[36.81,-94.88],[36.89,-94.78],[36.99,-94.91],[36.99,-95.1]]",0,1,county_code_unverified|timezone_not_normalized_to_utc
1034399,170550,2022,2022-06-06T16:00:00,2022-06-08T11:15:00,CST-6,43.25,40,40115,C,115,OTTAWA,0,0,0,0,0.00,0.00,Heavy Rain,0,"[[36.81,-94.88],[36.89,-94.78],[36.99,-94.91],[36.99,-95.1]]",0,1,county_code_unverified|timezone_not_normalized_to_utc
1034885,170610,2022,2022-06-13T10:06:00,2022-06-13T12:15:00,CST-6,2.15,27,27169,C,169,WINONA,0,0,0,0,0.00,0.00,Heavy Rain,0,"[[44.0529,-91.6888],[44.0289,-91.6096],[44.0481,-91.6127],[44.0624,-91.6793]]",0,1,county_code_unverified|timezone_not_normalized_to_utc
1034893,170610,2022,2022-06-13T13:03:00,2022-06-13T15:15:00,CST-6,2.2,27,27169,C,169,WINONA,0,0,0,0,5000.00,0.00,Heavy Rain,0,"[[43.86,-91.64],[43.8631,-91.6473],[43.904,-91.5835],[43.9108,-91.4537],[43.8876,-91.4694]]",0,1,county_code_unverified|timezone_not_normalized_to_utc
1034897,170612,2022,2022-06-13T10:09:00,2022-06-13T12:15:00,CST-6,2.1,55,55063,C,063,LA CROSSE,0,0,0,0,0.00,0.00,Heavy Rain,0,"[[43.7943,-91.2534],[43.7562,-91.2029],[43.821,-91.2177],[43.8137,-91.2552]]",0,1,county_code_unverified|timezone_not_normalized_to_utc
1035083,170628,2022,2022-06-07T20:20:00,2022-06-07T20:20:00,CST-6,0.0,31,31055,C,055,DOUGLAS,0,0,0,0,0.00,0.00,Heavy Rain,0,"[[41.23,-95.99],[41.23,-95.9905],[41.2305,-95.9905],[41.2305,-95.99]]",0,1,county_code_unverified|timezone_not_normalized_to_utc
1035220,168538,2022,2022-06-14T18:59:00,2022-06-14T23:08:00,EST-5,4.15,54,54083,C,083,RANDOLPH,0,0,0,0,250.00,0.00,Heavy Rain,0,"[[38.9228,-80.0884],[38.917,-80.0899],[38.9166,-80.0874],[38.9218,-80.0857]]",0,1,county_code_unverified|timezone_not_normalized_to_utc
1035222,168538,2022,2022-06-14T19:17:00,2022-06-15T03:05:00,EST-5,7.8,54,54083,C,083,RANDOLPH,0,0,0,0,250.00,0.00,Heavy Rain,0,"[[38.7384,-79.9657],[38.7248,-79.9731],[38.7218,-79.9564],[38.737,-79.949]]",0,1,county_code_unverified|timezone_not_normalized_to_utc
1035225,170144,2022,2022-06-17T06:29:00,2022-06-18T16:28:00,EST-5,33.983333333333334,39,39009,C,009,ATHENS,0,0,0,0,750.00,0.00,Heavy Rain,0,"[[39.5075,-81.4299],[39.5039,-81.4203],[39.5205,-81.4106],[39.5213,-81.4221]]",0,1,county_code_unverified|timezone_not_normalized_to_utc
1035226,170144,2022,2022-06-17T01:00:00,2022-06-17T15:01:00,EST-5,14.016666666666667,39,39167,C,167,WASHINGTON,0,0,0,0,500.00,0.00,Heavy Rain,0,"[[39.563,-81.2077],[39.5606,-81.2051],[39.5636,-81.2002],[39.5663,-81.2037]]",0,1,county_code_unverified|timezone_not_normalized_to_utc
1035231,168764,2022,2022-06-14T12:52:00,2022-06-15T16:38:00,EST-5,27.766666666666666,39,39105,C,105,MEIGS,0,0,0,0,500.00,0.00,Heavy Rain,0,"[[39.0655,-81.8864],[39.0612,-81.8861],[39.0614,-81.8777],[39.0681,-81.8777]]",0,1,county_code_unverified|timezone_not_normalized_to_utc
1035241,170144,2022,2022-06-17T00:59:00,2022-06-18T10:40:00,EST-5,33.68333333333333,39,39167,C,167,WASHINGTON,0,0,0,0,500.00,0.00,Heavy Rain,0,"[[39.6349,-81.4653],[39.6292,-81.4638],[39.6295,-81.4555],[39.6351,-81.4544]]",0,1,county_code_unverified|timezone_not_normalized_to_utc
1035419,170607,2022,2022-08-01T12:15:00,2022-08-01T14:15:00,PST-8,2.0,06,06029,C,029,KERN,0,0,0,0,0.00,0.00,Heavy Rain,0,"[[35.1293,-118.4503],[35.1314,-118.4498],[35.1311,-118.4452],[35.1289,-118.4454]]",0,1,county_code_unverified|timezone_not_normalized_to_utc
1035420,170607,2022,2022-08-01T13:59:00,2022-08-01T16:59:00,PST-8,3.0,06,06029,C,029,KERN,0,0,0,0,0.00,0.00,Heavy Rain,0,"[[35.3,-118.0],[35.3009,-118.0011],[35.3001,-118.0016],[35.2996,-118.0004]]",0,1,county_code_unverified|timezone_not_normalized_to_utc
1035484,170541,2022,2022-06-08T17:43:00,2022-06-08T19:30:00,CST-6,1.7833333333333334,40,40135,C,135,SEQUOYAH,0,0,0,0,0.00,0.00,Heavy Rain,0,"[[35.5005,-94.9608],[35.4891,-94.9623],[35.4927,-94.9794],[35.5031,-94.9776]]",0,1,county_code_unverified|timezone_not_normalized_to_utc
1035500,170545,2022,2022-06-10T08:02:00,2022-06-10T13:30:00,CST-6,5.466666666666667,40,40135,C,135,SEQUOYAH,0,0,0,0,50000.00,0.00,Heavy Rain,0,"[[35.47,-94.8355],[35.4607,-94.8358],[35.4599,-94.8211],[35.4718,-94.8242]]",0,1,county_code_unverified|timezone_not_normalized_to_utc
1035503,170545,2022,2022-06-10T09:05:00,2022-06-10T13:30:00,CST-6,4.416666666666667,40,40135,C,135,SEQUOYAH,0,0,0,0,0.00,0.00,Heavy Rain,0,"[[35.4866,-94.9632],[35.4849,-94.9649],[35.4831,-94.9614],[35.4848,-94.9593]]",0,1,county_code_unverified|timezone_not_normalized_to_utc
1035510,170546,2022,2022-06-10T07:59:00,2022-06-10T13:30:00,CST-6,5.516666666666667,05,05131,C,131,SEBASTIAN,0,0,0,0,0.00,0.00,Heavy Rain,0,"[[35.109,-94.27],[35.1124,-94.269],[35.1127,-94.2657],[35.1086,-94.2664]]",0,1,county_code_unverified|timezone_not_normalized_to_utc
1035515,170546,2022,2022-06-10T09:22:00,2022-06-10T13:30:00,CST-6,4.133333333333334,05,05131,C,131,SEBASTIAN,0,0,0,0,0.00,0.00,Heavy Rain,0,"[[35.2125,-94.2534],[35.2082,-94.2452],[35.2131,-94.2406],[35.218,-94.2501]]",0,1,county_code_unverified|timezone_not_normalized_to_utc
1035519,170546,2022,2022-06-10T10:16:00,2022-06-10T13:30:00,CST-6,3.2333333333333334,05,05131,C,131,SEBASTIAN,0,0,0,0,0.00,0.00,Heavy Rain,0,"[[35.07,-94.23],[35.0647,-94.26],[35.0509,-94.2569],[35.0556,-94.2243]]",0,1,county_code_unverified|timezone_not_normalized_to_utc
1035534,170668,2022,2022-07-16T17:15:00,2022-07-16T17:15:00,EST-5,0.0,12,12103,C,103,PINELLAS,0,0,0,0,0.00,0.00,Heavy Rain,0,"[[27.78,-82.67],[27.7806,-82.6655],[27.7765,-82.6649],[27.7769,-82.6702]]",0,1,county_code_unverified|timezone_not_normalized_to_utc
1035537,170668,2022,2022-07-16T17:37:00,2022-07-16T17:37:00,EST-5,0.0,12,12057,C,057,HILLSBOROUGH,0,0,0,0,0.00,0.00,Heavy Rain,0,"[[27.94,-82.47],[27.9425,-82.4698],[27.9419,-82.4639],[27.9393,-82.4636]]",0,1,county_code_unverified|timezone_not_normalized_to_utc
1035558,170673,2022,2022-07-23T17:55:00,2022-07-23T17:55:00,EST-5,0.0,12,12101,C,101,PASCO,0,0,0,0,0.00,0.00,Heavy Rain,0,"[[28.19,-82.62],[28.1917,-82.6072],[28.1859,-82.6048],[28.1854,-82.6189]]",0,1,county_code_unverified|timezone_not_normalized_to_utc
1035573,170677,2022,2022-07-26T15:26:00,2022-07-26T15:26:00,EST-5,0.0,12,12101,C,101,PASCO,0,0,0,0,0.00,0.00,Heavy Rain,0,"[[28.28,-82.68],[28.2811,-82.672],[28.2775,-82.6716],[28.2778,-82.68]]",0,1,county_code_unverified|timezone_not_normalized_to_utc
1035784,170719,2022,2022-07-30T17:00:00,2022-07-30T17:00:00,MST-7,0.0,08,08085,C,085,MONTROSE,0,0,0,0,5000.00,2000.00,Heavy Rain,0,"[[38.4214,-107.808],[38.4213,-107.807],[38.4217,-107.807],[38.4217,-107.8082]]",0,1,county_code_unverified|timezone_not_normalized_to_utc
1035801,170690,2022,2022-07-17T17:30:00,2022-07-17T19:00:00,EST-5,1.5,39,39159,C,159,UNION,0,0,0,0,0.00,0.00,Heavy Rain,0,"[[40.1353,-83.1812],[40.1325,-83.1834],[40.1252,-83.1701],[40.1294,-83.1653]]",0,1,county_code_unverified|timezone_not_normalized_to_utc
1036224,170794,2022,2022-08-04T22:03:00,2022-08-05T03:00:00,EST-5,4.95,24,24005,C,005,BALTIMORE,0,0,0,0,0.00,0.00,Heavy Rain,0,"[[39.2562,-76.6098],[39.2612,-76.6604],[39.3069,-76.6588],[39.3077,-76.588],[39.298,-76.5519],[39.265,-76.5591]]",0,1,county_code_unverified|timezone_not_normalized_to_utc
1036227,170795,2022,2022-08-05T16:11:00,2022-08-05T18:11:00,EST-5,2.0,11,11001,C,001,DISTRICT OF COLUMBIA,0,0,0,0,0.00,0.00,Heavy Rain,0,"[[38.8954,-76.9517],[38.8955,-76.953],[38.8963,-76.9526],[38.8962,-76.9508]]",0,1,county_code_unverified|timezone_not_normalized_to_utc
1036239,170796,2022,2022-08-04T22:45:00,2022-08-05T00:45:00,EST-5,2.0,11,11001,C,001,DISTRICT OF COLUMBIA,0,0,0,0,0.00,0.00,Heavy Rain,0,"[[38.9075,-77.09],[38.922,-76.9936],[38.8982,-77.0162],[38.8968,-77.0454]]",0,1,county_code_unverified|timezone_not_normalized_to_utc
1036240,170795,2022,2022-08-05T15:58:00,2022-08-05T17:58:00,EST-5,2.0,11,11001,C,001,DISTRICT OF COLUMBIA,0,0,0,0,0.00,0.00,Heavy Rain,0,"[[38.9205,-76.9702],[38.9199,-76.9708],[38.9194,-76.97],[38.92,-76.9692]]",0,1,county_code_unverified|timezone_not_normalized_to_utc
1036242,170795,2022,2022-08-05T16:24:00,2022-08-05T18:24:00,EST-5,2.0,11,11001,C,001,DISTRICT OF COLUMBIA,0,0,0,0,0.00,0.00,Heavy Rain,0,"[[38.9115,-76.9338],[38.9122,-76.9348],[38.9128,-76.9343],[38.9119,-76.9329]]",0,1,county_code_unverified|timezone_not_normalized_to_utc
1036243,170797,2022,2022-08-05T18:00:00,2022-08-05T20:00:00,EST-5,2.0,24,24005,C,005,BALTIMORE,0,0,0,0,0.00,0.00,Heavy Rain,0,"[[39.2845,-76.5872],[39.2827,-76.5848],[39.2839,-76.5837],[39.2851,-76.5862]]",0,1,county_code_unverified|timezone_not_normalized_to_utc
1036245,170798,2022,2022-08-05T16:47:00,2022-08-05T18:47:00,EST-5,2.0,51,51177,C,177,SPOTSYLVANIA,0,0,0,0,0.00,0.00,Heavy Rain,0,"[[38.2023,-77.5753],[38.2018,-77.5754],[38.2017,-77.5747],[38.2023,-77.5747]]",0,1,county_code_unverified|timezone_not_normalized_to_utc
1036246,170798,2022,2022-08-05T16:54:00,2022-08-05T18:54:00,EST-5,2.0,51,51059,C,059,FAIRFAX,0,0,0,0,0.00,0.00,Heavy Rain,0,"[[38.9565,-77.205],[38.9564,-77.206],[38.9589,-77.2057],[38.958,-77.2043]]",0,1,county_code_unverified|timezone_not_normalized_to_utc
1036247,170798,2022,2022-08-05T17:16:00,2022-08-05T19:16:00,EST-5,2.0,51,51059,C,059,FAIRFAX,0,0,0,0,0.00,0.00,Heavy Rain,0,"[[38.9253,-77.2649],[38.9249,-77.2638],[38.9253,-77.2635],[38.9255,-77.2645]]",0,1,county_code_unverified|timezone_not_normalized_to_utc
1036256,168831,2022,2022-06-12T18:45:00,2022-06-13T07:00:00,MST-7,12.25,46,46103,C,103,PENNINGTON,0,0,0,0,0.00,0.00,Heavy Rain,0,"[[44.2,-102.37],[44.38,-102.29],[44.33,-102.01],[44.13,-102.01]]",0,1,county_code_unverified|timezone_not_normalized_to_utc
1036273,168831,2022,2022-06-12T23:00:00,2022-06-13T11:00:00,MST-7,12.0,46,46055,C,055,HAAKON,0,0,0,0,0.00,0.00,Heavy Rain,0,"[[44.0,-101.8],[44.35,-101.57],[44.32,-101.17],[44.168,-101.17],[44.16,-101.05],[44.0,-101.06]]",0,1,county_code_unverified|timezone_not_normalized_to_utc
1036423,170531,2022,2022-06-07T20:15:00,2022-06-07T22:00:00,MST-7,1.75,20,20181,C,181,SHERMAN,0,0,0,0,0.00,0.00,Heavy Rain,0,"[[39.3534,-101.7075],[39.3532,-101.7076],[39.3533,-101.7078],[39.3534,-101.7076]]",0,1,county_code_unverified|timezone_not_normalized_to_utc
1036528,170840,2022,2022-06-12T00:00:00,2022-06-15T00:00:00,MST-7,72.0,56,56029,C,029,PARK,0,0,0,0,0.00,0.00,Heavy Rain / Snow Melt,0,"[[44.989,-110.6935],[44.989,-110.6892],[44.9527,-110.6509],[44.9512,-110.6737],[44.9872,-110.6988]]",0,1,county_code_unverified|timezone_not_normalized_to_utc
1036538,170840,2022,2022-06-12T00:00:00,2022-06-15T00:00:00,MST-7,72.0,56,56029,C,029,PARK,0,0,0,0,25000000.00,0.00,Heavy Rain / Snow Melt,0,"[[44.8702,-110.1688],[44.8862,-110.2175],[44.9229,-110.2804],[44.9767,-110.5258],[44.9158,-110.4084]]",0,1,county_code_unverified|timezone_not_normalized_to_utc
1036544,170840,2022,2022-06-12T00:00:00,2022-06-15T00:00:00,MST-7,72.0,56,56029,C,029,PARK,0,0,0,0,0.00,0.00,Heavy Rain / Snow Melt,0,"[[44.7966,-110.4579],[44.7968,-110.4236],[44.7629,-110.4446],[44.7679,-110.4552]]",0,1,county_code_unverified|timezone_not_normalized_to_utc
1036549,170840,2022,2022-06-12T00:00:00,2022-06-15T00:00:00,MST-7,72.0,56,56029,C,029,PARK,0,0,0,0,0.00,0.00,Heavy Rain / Snow Melt,0,"[[44.7215,-110.5046],[44.7204,-110.4917],[44.7132,-110.4951],[44.7155,-110.5059]]",0,1,county_code_unverified|timezone_not_normalized_to_utc
1036778,170870,2022,2022-06-11T12:00:00,2022-06-13T18:00:00,MST-7,54.0,56,56013,C,013,FREMONT,0,0,0,0,0.00,0.00,Heavy Rain / Snow Melt,0,"[[43.3323,-109.1832],[43.348,-109.1485],[43.3293,-109.1265],[43.3166,-109.1597]]",0,1,county_code_unverified|timezone_not_normalized_to_utc
1036781,170870,2022,2022-06-11T12:00:00,2022-06-13T18:00:00,MST-7,54.0,56,56013,C,013,FREMONT,0,0,0,0,0.00,0.00,Heavy Rain / Snow Melt,0,"[[43.1455,-108.728],[43.1528,-108.7183],[43.1427,-108.6973],[43.1367,-108.7081]]",0,1,county_code_unverified|timezone_not_normalized_to_utc
1036783,170870,2022,2022-06-11T12:00:00,2022-06-13T18:00:00,MST-7,54.0,56,56013,C,013,FREMONT,0,0,0,0,0.00,0.00,Heavy Rain / Snow Melt,0,"[[43.0146,-108.3975],[43.0049,-108.3973],[43.0077,-108.3823],[43.0148,-108.3875]]",0,1,county_code_unverified|timezone_not_normalized_to_utc
1037265,170927,2022,2022-06-05T02:40:00,2022-06-05T05:40:00,CST-6,3.0,20,20169,C,169,SALINE,0,0,0,0,100.00,100.00,Heavy Rain,0,"[[38.7,-97.42],[38.6947,-97.4141],[38.6917,-97.426],[38.7001,-97.432]]",0,1,county_code_unverified|timezone_not_normalized_to_utc
1037266,170927,2022,2022-06-05T18:33:00,2022-06-05T20:33:00,CST-6,2.0,20,20167,C,167,RUSSELL,0,0,0,0,500.00,500.00,Heavy Rain,0,"[[38.9,-98.87],[38.8803,-98.8771],[38.8795,-98.8417],[38.9017,-98.8453]]",0,1,county_code_unverified|timezone_not_normalized_to_utc
1037267,170927,2022,2022-06-05T22:40:00,2022-06-05T23:40:00,CST-6,1.0,20,20173,C,173,SEDGWICK,0,0,0,0,100.00,100.00,Heavy Rain,0,"[[37.72,-97.36],[37.7149,-97.3588],[37.7164,-97.3532],[37.7205,-97.3535]]",0,1,county_code_unverified|timezone_not_normalized_to_utc
1037268,170927,2022,2022-06-05T22:46:00,2022-06-05T23:46:00,CST-6,1.0,20,20173,C,173,SEDGWICK,0,0,0,0,100.00,100.00,Heavy Rain,0,"[[37.7,-97.39],[37.6959,-97.39],[37.6953,-97.389],[37.7004,-97.3886]]",0,1,county_code_unverified|timezone_not_normalized_to_utc
1037269,170927,2022,2022-06-05T22:47:00,2022-06-05T23:58:00,CST-6,1.1833333333333333,20,20173,C,173,SEDGWICK,0,0,0,0,20000.00,100.00,Heavy Rain,0,"[[37.69,-97.28],[37.6912,-97.2656],[37.6824,-97.2676],[37.682,-97.2813]]",0,1,county_code_unverified|timezone_not_normalized_to_utc
1037270,170927,2022,2022-06-05T22:55:00,2022-06-06T02:55:00,CST-6,4.0,20,20173,C,173,SEDGWICK,0,0,0,0,100.00,100.00,Heavy Rain,0,"[[37.7,-97.26],[37.7035,-97.2267],[37.6845,-97.2306],[37.6836,-97.2616]]",0,1,county_code_unverified|timezone_not_normalized_to_utc
1037271,170927,2022,2022-06-05T22:58:00,2022-06-06T02:58:00,CST-6,4.0,20,20173,C,173,SEDGWICK,0,0,0,0,100.00,100.00,Heavy Rain,0,"[[37.53,-97.25],[37.571,-97.2393],[37.5658,-97.2723],[37.5342,-97.2638]]",0,1,county_code_unverified|timezone_not_normalized_to_utc
1037272,170927,2022,2022-06-05T23:28:00,2022-06-06T02:28:00,CST-6,3.0,20,20173,C,173,SEDGWICK,0,0,0,0,10000.00,100.00,Heavy Rain,0,"[[37.66,-97.28],[37.6748,-97.306],[37.6442,-97.3041],[37.6488,-97.2644]]",0,1,county_code_unverified|timezone_not_normalized_to_utc
1037274,170927,2022,2022-06-05T23:33:00,2022-06-06T02:33:00,CST-6,3.0,20,20173,C,173,SEDGWICK,0,0,0,0,100.00,100.00,Heavy Rain,0,"[[37.69,-97.34],[37.6812,-97.341],[37.6814,-97.3313],[37.6899,-97.3325]]",0,1,county_code_unverified|timezone_not_normalized_to_utc
1037275,170927,2022,2022-06-05T23:35:00,2022-06-06T02:35:00,CST-6,3.0,20,20173,C,173,SEDGWICK,0,0,0,0,100.00,100.00,Heavy Rain,0,"[[37.56,-97.27],[37.5372,-97.2654],[37.5484,-97.2394],[37.5756,-97.247]]",0,1,county_code_unverified|timezone_not_normalized_to_utc
1037302,170469,2022,2022-04-13T17:00:00,2022-04-13T17:55:00,CST-6,0.9166666666666666,28,28011,C,011,BOLIVAR,0,0,0,0,5000.00,0.00,Heavy Rain,0,"[[33.76,-90.75],[33.76,-90.7],[33.72,-90.7],[33.72,-90.75]]",0,1,county_code_unverified|timezone_not_normalized_to_utc
1037365,169773,2022,2022-06-15T17:52:00,2022-06-15T18:30:00,CST-6,0.6333333333333333,55,55025,C,025,DANE,0,0,0,0,0.00,0.00,Heavy Rain,0,"[[43.1836,-89.4466],[43.1835,-89.451],[43.1842,-89.451],[43.1838,-89.4467]]",0,1,county_code_unverified|timezone_not_normalized_to_utc
1037366,169773,2022,2022-06-15T18:32:00,2022-06-15T19:32:00,CST-6,1.0,55,55027,C,027,DODGE,0,0,0,0,0.00,0.00,Heavy Rain,0,"[[43.4754,-88.8396],[43.4604,-88.8401],[43.4602,-88.8374],[43.475,-88.8376]]",0,1,county_code_unverified|timezone_not_normalized_to_utc
1037370,169773,2022,2022-06-15T21:00:00,2022-06-15T23:00:00,CST-6,2.0,55,55027,C,027,DODGE,0,0,0,0,0.00,0.00,Heavy Rain,0,"[[43.3847,-88.4026],[43.4025,-88.4026],[43.4017,-88.4003],[43.3848,-88.4009]]",0,1,county_code_unverified|timezone_not_normalized_to_utc
1037375,169773,2022,2022-06-15T21:00:00,2022-06-15T23:30:00,CST-6,2.5,55,55027,C,027,DODGE,0,0,0,0,0.00,0.00,Heavy Rain,0,"[[43.3482,-88.4432],[43.3449,-88.4429],[43.3453,-88.4312],[43.348,-88.4315]]",0,1,county_code_unverified|timezone_not_normalized_to_utc
1037388,169773,2022,2022-06-15T21:00:00,2022-06-15T23:30:00,CST-6,2.5,55,55133,C,133,WAUKESHA,0,0,0,0,1000.00,0.00,Heavy Rain,0,"[[43.1046,-88.3752],[43.1059,-88.3638],[43.1254,-88.3661],[43.1265,-88.374]]",0,1,county_code_unverified|timezone_not_normalized_to_utc
1037389,169773,2022,2022-06-15T21:00:00,2022-06-15T23:30:00,CST-6,2.5,55,55133,C,133,WAUKESHA,0,0,0,0,1000.00,0.00,Heavy Rain,0,"[[43.0147,-88.4031],[43.0151,-88.4046],[43.031,-88.4055],[43.0304,-88.4027]]",0,1,county_code_unverified|timezone_not_normalized_to_utc
1037762,170979,2022,2022-06-01T00:00:00,2022-06-30T23:59:00,CST-6,719.9833333333333,46,46005,C,005,BEADLE,0,0,0,0,0.00,69000.00,Heavy Rain,0,"[[44.63,-98.33],[44.63,-98.21],[44.49,-98.1],[44.2,-98.1],[44.2,-98.22],[44.47,-98.24]]",0,1,county_code_unverified|timezone_not_normalized_to_utc
1037960,170979,2022,2022-06-01T00:00:00,2022-06-30T23:59:00,CST-6,719.9833333333333,46,46111,C,111,SANBORN,0,0,0,0,0.00,180000.00,Heavy Rain,0,"[[44.2,-98.22],[44.2,-98.1],[44.02,-98.02],[43.93,-97.98],[43.93,-98.12],[44.09,-98.16]]",0,1,county_code_unverified|timezone_not_normalized_to_utc
1037961,170979,2022,2022-06-01T00:00:00,2022-06-30T23:59:00,CST-6,719.9833333333333,46,46111,C,111,SANBORN,0,0,0,0,0.00,0.00,Heavy Rain,0,"[[43.93,-98.12],[43.93,-97.98],[43.8506,-97.949],[43.851,-98.0918]]",0,1,county_code_unverified|timezone_not_normalized_to_utc
1037962,170979,2022,2022-06-01T00:00:00,2022-06-30T23:59:00,CST-6,719.9833333333333,46,46035,C,035,DAVISON,0,0,0,0,0.00,5000.00,Heavy Rain,0,"[[43.851,-98.0918],[43.8506,-97.9673],[43.5607,-97.9647],[43.51,-97.97]]",0,1,county_code_unverified|timezone_not_normalized_to_utc
1037963,170979,2022,2022-06-01T00:00:00,2022-06-30T23:59:00,CST-6,719.9833333333333,46,46061,C,061,HANSON,0,0,0,0,0.00,54000.00,Heavy Rain,0,"[[43.8506,-97.9673],[43.8506,-97.949],[43.7,-97.89],[43.5,-97.7166],[43.499,-97.9532],[43.5607,-97.9647]]",0,1,county_code_unverified|timezone_not_normalized_to_utc
1037964,170979,2022,2022-06-01T00:00:00,2022-06-30T23:59:00,CST-6,719.9833333333333,46,46067,C,067,HUTCHINSON,0,0,0,0,0.00,100000.00,Heavy Rain,0,"[[43.499,-97.9532],[43.5,-97.7166],[43.4,-97.63],[43.38,-97.77]]",0,1,county_code_unverified|timezone_not_normalized_to_utc
1038064,171028,2022,2022-05-21T22:00:00,2022-05-30T10:00:00,AKST-9,204.0,02,02215,C,215,LOWER YUKON VALLEY,0,0,0,0,0.00,0.00,Ice Jam,0,"[[62.6575,-159.5332],[62.664,-159.5443],[62.668,-159.5603],[62.6908,-159.5729],[62.6973,-159.5675],[62.6975,-159.5824],[62.6738,-159.5774],[62.6577,-159.5627]]",0,1,county_code_unverified|timezone_not_normalized_to_utc
1038462,169219,2022,2022-06-01T05:50:00,2022-06-01T07:50:00,CST-6,2.0,20,20001,C,001,ALLEN,0,0,0,0,100.00,100.00,Heavy Rain,0,"[[37.82,-95.4],[37.8214,-95.3877],[37.8182,-95.3886],[37.8185,-95.3989]]",0,1,county_code_unverified|timezone_not_normalized_to_utc
1038497,171083,2022,2022-06-01T00:00:00,2022-06-01T06:00:00,CST-6,6.0,46,46011,C,011,BROOKINGS,0,0,0,0,0.00,0.00,Heavy Rain,0,"[[44.5436,-96.937],[44.5437,-96.8614],[44.51,-96.83],[44.51,-96.9]]",0,1,county_code_unverified|timezone_not_normalized_to_utc
1038499,171083,2022,2022-06-01T00:00:00,2022-06-04T19:00:00,CST-6,91.0,46,46011,C,011,BROOKINGS,0,0,0,0,0.00,0.00,Heavy Rain,0,"[[44.54,-96.96],[44.54,-96.87],[44.46,-96.88],[44.32,-96.85],[44.32,-96.92],[44.43,-96.94]]",0,1,county_code_unverified|timezone_not_normalized_to_utc
1038810,171007,2022,2022-06-08T08:15:00,2022-06-08T11:15:00,CST-6,3.0,40,40039,C,039,CUSTER,0,0,0,0,0.00,0.00,Heavy Rain,0,"[[35.53,-98.76],[35.5213,-98.7401],[35.507,-98.763],[35.5225,-98.7796]]",0,1,county_code_unverified|timezone_not_normalized_to_utc
1038812,171007,2022,2022-06-08T08:18:00,2022-06-08T11:18:00,CST-6,3.0,40,40027,C,027,CLEVELAND,0,0,0,0,0.00,0.00,Heavy Rain,0,"[[35.21,-97.41],[35.1726,-97.3908],[35.1815,-97.4957],[35.2458,-97.4949],[35.2457,-97.4113]]",0,1,county_code_unverified|timezone_not_normalized_to_utc
1038817,171007,2022,2022-06-08T08:30:00,2022-06-08T11:30:00,CST-6,3.0,40,40015,C,015,CADDO,0,0,0,0,0.00,0.00,Heavy Rain,0,"[[35.3297,-98.6759],[35.2959,-98.6656],[35.2948,-98.5723],[35.3469,-98.5913]]",0,1,county_code_unverified|timezone_not_normalized_to_utc
1038818,171007,2022,2022-06-08T08:30:00,2022-06-08T11:30:00,CST-6,3.0,40,40087,C,087,MCCLAIN,0,0,0,0,0.00,0.00,Heavy Rain,0,"[[35.03,-97.65],[35.0133,-97.6349],[35.0288,-97.6028],[35.0515,-97.6404]]",0,1,county_code_unverified|timezone_not_normalized_to_utc
1038833,171007,2022,2022-06-08T09:54:00,2022-06-08T12:54:00,CST-6,3.0,40,40123,C,123,PONTOTOC,0,0,0,0,0.00,0.00,Heavy Rain,0,"[[34.88,-96.59],[34.8735,-96.5818],[34.867,-96.5953],[34.8759,-96.602]]",0,1,county_code_unverified|timezone_not_normalized_to_utc
1038851,171115,2022,2022-06-12T18:50:00,2022-06-12T21:47:00,EST-5,2.95,36,36043,C,043,HERKIMER,0,0,0,0,0.00,0.00,Heavy Rain,0,"[[43.0666,-75.1658],[43.0698,-75.1458],[43.0468,-75.1151],[43.0396,-75.1368]]",0,1,county_code_unverified|timezone_not_normalized_to_utc
1038855,171117,2022,2022-06-05T07:00:00,2022-06-09T09:00:00,CST-6,98.0,19,19059,C,059,DICKINSON,0,0,0,0,0.00,0.00,Heavy Rain,0,"[[43.41,-95.27],[43.41,-95.21],[43.34,-95.2],[43.31,-95.15],[43.2555,-95.1609],[43.2554,-95.2648],[43.3,-95.25]]",0,1,county_code_unverified|timezone_not_normalized_to_utc
1038870,171120,2022,2022-07-01T14:00:00,2022-07-01T15:00:00,EST-5,1.0,12,12031,C,031,DUVAL,0,0,0,0,0.00,0.00,Heavy Rain,0,"[[30.2957,-81.4016],[30.2958,-81.4011],[30.2951,-81.4008],[30.295,-81.4015]]",0,1,county_code_unverified|timezone_not_normalized_to_utc
1038872,171120,2022,2022-07-01T14:30:00,2022-07-01T15:30:00,EST-5,1.0,12,12031,C,031,DUVAL,0,0,0,0,0.00,0.00,Heavy Rain,0,"[[30.2894,-81.3937],[30.2895,-81.3926],[30.2877,-81.3925],[30.2879,-81.3931]]",0,1,county_code_unverified|timezone_not_normalized_to_utc
1038877,171088,2022,2022-06-13T06:00:00,2022-06-13T18:00:00,CST-6,12.0,46,46083,C,083,LINCOLN,0,0,0,0,0.00,1000.00,Heavy Rain,0,"[[43.36,-96.77],[43.34,-96.63],[43.32,-96.6],[43.28,-96.58],[43.27,-96.59],[43.31,-96.61],[43.32,-96.65],[43.34,-96.77]]",0,1,county_code_unverified|timezone_not_normalized_to_utc
1038963,171147,2022,2022-06-11T00:00:00,2022-06-11T22:00:00,PST-8,22.0,41,41051,C,051,MULTNOMAH,0,0,0,0,0.00,0.00,Heavy Rain,0,"[[45.4833,-122.5196],[45.4972,-122.4261],[45.4824,-122.4219],[45.4699,-122.518]]",0,1,county_code_unverified|timezone_not_normalized_to_utc
1039085,171167,2022,2022-07-17T22:52:00,2022-07-17T23:50:00,CST-6,0.9666666666666667,18,18163,C,163,VANDERBURGH,0,0,0,0,0.00,0.00,Heavy Rain,0,"[[37.98,-87.55],[37.98,-87.5133],[38.0005,-87.524],[38.009,-87.55]]",0,1,county_code_unverified|timezone_not_normalized_to_utc
1039091,171168,2022,2022-07-17T22:31:00,2022-07-17T23:55:00,CST-6,1.4,21,21101,C,101,HENDERSON,0,0,0,0,0.00,0.00,Heavy Rain,0,"[[37.8,-87.56],[37.8011,-87.5722],[37.7905,-87.5614],[37.7908,-87.5435]]",0,1,county_code_unverified|timezone_not_normalized_to_utc
1039099,171174,2022,2022-07-02T16:25:00,2022-07-02T16:25:00,EST-5,0.0,12,12031,C,031,DUVAL,0,0,0,0,0.00,0.00,Heavy Rain,0,"[[30.3196,-81.6313],[30.3198,-81.6302],[30.3186,-81.6292],[30.3184,-81.6304]]",0,1,county_code_unverified|timezone_not_normalized_to_utc
1039102,171174,2022,2022-07-02T16:35:00,2022-07-02T16:35:00,EST-5,0.0,12,12031,C,031,DUVAL,0,0,0,0,0.00,0.00,Heavy Rain,0,"[[30.3494,-81.6512],[30.3494,-81.6499],[30.3474,-81.6502],[30.3478,-81.651]]",0,1,county_code_unverified|timezone_not_normalized_to_utc
1039103,171174,2022,2022-07-02T16:40:00,2022-07-02T16:40:00,EST-5,0.0,12,12031,C,031,DUVAL,0,0,0,0,0.00,0.00,Heavy Rain,0,"[[30.3472,-81.6385],[30.3472,-81.6357],[30.3441,-81.6353],[30.3444,-81.6378]]",0,1,county_code_unverified|timezone_not_normalized_to_utc
1039106,170745,2022,2022-07-27T06:15:00,2022-07-27T08:15:00,CST-6,2.0,17,17185,C,185,WABASH,0,0,0,0,0.00,0.00,Heavy Rain,0,"[[38.4098,-87.7569],[38.4302,-87.7569],[38.4302,-87.7831],[38.4098,-87.7831]]",0,1,county_code_unverified|timezone_not_normalized_to_utc
1039108,170745,2022,2022-07-27T07:00:00,2022-07-27T08:30:00,CST-6,1.5,17,17193,C,193,WHITE,0,0,0,0,0.00,0.00,Heavy Rain,0,"[[38.08,-88.17],[37.98,-88.32],[38.051,-88.3496],[38.1,-88.33]]",0,1,county_code_unverified|timezone_not_normalized_to_utc
1039110,171176,2022,2022-07-28T14:55:00,2022-07-28T17:45:00,CST-6,2.8333333333333335,17,17145,C,145,PERRY,0,0,0,0,0.00,0.00,Heavy Rain,0,"[[38.03,-89.5884],[38.0154,-89.5889],[38.0173,-89.5714],[38.0321,-89.5749]]",0,1,county_code_unverified|timezone_not_normalized_to_utc
1039252,171148,2022,2022-06-10T00:00:00,2022-06-13T23:59:00,MST-7,95.98333333333333,30,30009,C,009,CARBON,0,0,0,0,0.00,0.00,Heavy Rain / Snow Melt,0,"[[45.1677,-109.2503],[45.1795,-109.2452],[45.1803,-109.2534],[45.1738,-109.2518]]",0,1,county_code_unverified|timezone_not_normalized_to_utc
1039298,171201,2022,2022-07-27T07:30:00,2022-07-27T10:30:00,EST-5,3.0,54,54019,C,019,FAYETTE,0,0,0,0,750.00,0.00,Heavy Rain,0,"[[38.064,-81.1531],[37.9475,-81.1778],[37.943,-80.8582],[38.0495,-80.8689]]",0,1,county_code_unverified|timezone_not_normalized_to_utc
1039541,169420,2022,2022-07-04T20:00:00,2022-07-04T20:00:00,MST-7,0.0,30,30069,C,069,PETROLEUM,0,0,0,0,0.00,0.00,Heavy Rain,0,"[[47.025,-108.3747],[47.0303,-108.3087],[46.9884,-108.3165],[46.9874,-108.375]]",0,1,county_code_unverified|timezone_not_normalized_to_utc
1039720,171241,2022,2022-08-14T17:00:00,2022-08-14T17:00:00,MST-7,0.0,08,08077,C,077,MESA,0,0,0,0,250.00,0.00,Heavy Rain,0,"[[39.24,-108.16],[39.2356,-108.155],[39.2317,-108.1608],[39.237,-108.1654]]",0,1,county_code_unverified|timezone_not_normalized_to_utc
1039721,171241,2022,2022-08-14T18:47:00,2022-08-14T18:47:00,MST-7,0.0,08,08085,C,085,MONTROSE,0,0,0,0,0.00,0.00,Heavy Rain,0,"[[38.42,-107.95],[38.4205,-107.9499],[38.4205,-107.9488],[38.4201,-107.9488]]",0,1,county_code_unverified|timezone_not_normalized_to_utc
1039723,171244,2022,2022-08-15T13:53:00,2022-08-15T13:53:00,MST-7,0.0,08,08083,C,083,MONTEZUMA,0,0,0,0,250.00,0.00,Heavy Rain,0,"[[37.3034,-108.6162],[37.3034,-108.6158],[37.3038,-108.6154],[37.3037,-108.6161]]",0,1,county_code_unverified|timezone_not_normalized_to_utc
1039724,171244,2022,2022-08-15T14:00:00,2022-08-15T14:00:00,MST-7,0.0,08,08083,C,083,MONTEZUMA,0,0,0,0,100.00,0.00,Heavy Rain,0,"[[37.3476,-108.5906],[37.3474,-108.5906],[37.3475,-108.5903],[37.3476,-108.5903]]",0,1,county_code_unverified|timezone_not_normalized_to_utc
1039726,171246,2022,2022-08-15T15:45:00,2022-08-15T15:45:00,MST-7,0.0,49,49019,C,019,GRAND,0,0,0,0,250.00,0.00,Heavy Rain,0,"[[38.9434,-109.8207],[38.9436,-109.8209],[38.9437,-109.8204],[38.9436,-109.8203]]",0,1,county_code_unverified|timezone_not_normalized_to_utc
1039744,171046,2022,2022-07-05T14:00:00,2022-07-05T16:00:00,EST-5,2.0,54,54043,C,043,LINCOLN,0,0,0,0,200.00,0.00,Heavy Rain,0,"[[38.2225,-81.9671],[38.2172,-81.9614],[38.2206,-81.9525],[38.2268,-81.9613]]",0,1,county_code_unverified|timezone_not_normalized_to_utc
1039822,169728,2022,2022-07-04T16:25:00,2022-07-04T18:00:00,CST-6,1.5833333333333333,17,17075,C,075,IROQUOIS,0,0,0,0,0.00,0.00,Heavy Rain,0,"[[40.5995,-88.0382],[40.5994,-88.0378],[40.6,-88.0376],[40.6001,-88.038]]",0,1,county_code_unverified|timezone_not_normalized_to_utc
1039857,169771,2022,2022-06-13T16:50:00,2022-06-13T17:50:00,CST-6,1.0,55,55079,C,079,MILWAUKEE,0,0,3,0,0.00,0.00,Heavy Rain,3,"[[42.9777,-87.9472],[42.9865,-87.9559],[42.9921,-87.9531],[42.9946,-87.9447],[43.0091,-87.9143],[43.0125,-87.9016],[42.9961,-87.9074]]",0,1,county_code_unverified|timezone_not_normalized_to_utc
1039884,171267,2022,2022-06-30T13:55:00,2022-06-30T17:45:00,AST-4,3.8333333333333335,99,,C,097,MAYAGUEZ,0,0,0,0,0.00,0.00,Heavy Rain,0,"[[18.2196,-67.1559],[18.2189,-67.1546],[18.2178,-67.1556],[18.218,-67.157]]",0,1,requires_crosswalk_or_marine_review|timezone_not_normalized_to_utc
1040046,171291,2022,2022-04-12T06:53:00,2022-04-12T07:00:00,CST-6,0.11666666666666667,21,21213,C,213,SIMPSON,0,0,1,0,0.00,0.00,Heavy Rain,1,"[[36.8085,-86.513],[36.8078,-86.5126],[36.8081,-86.5118],[36.8088,-86.5121]]",0,1,county_code_unverified|timezone_not_normalized_to_utc
1040085,171293,2022,2022-07-30T16:02:00,2022-07-30T16:02:00,PST-8,0.0,06,06071,C,071,SAN BERNARDINO,0,0,0,0,0.00,0.00,Heavy Rain,0,"[[34.54,-116.95],[34.5415,-116.9412],[34.5375,-116.9416],[34.5376,-116.9487]]",0,1,county_code_unverified|timezone_not_normalized_to_utc
1040086,171293,2022,2022-07-30T16:03:00,2022-07-30T16:03:00,PST-8,0.0,06,06071,C,071,SAN BERNARDINO,0,0,0,0,0.00,0.00,Heavy Rain,0,"[[34.62,-116.98],[34.6164,-116.9585],[34.6067,-116.9668],[34.6099,-116.9836]]",0,1,county_code_unverified|timezone_not_normalized_to_utc
1040087,171293,2022,2022-07-30T16:12:00,2022-07-30T16:12:00,PST-8,0.0,06,06071,C,071,SAN BERNARDINO,0,0,0,0,0.00,0.00,Heavy Rain,0,"[[34.72,-117.19],[34.7243,-117.2015],[34.7193,-117.2033],[34.7185,-117.1927]]",0,1,county_code_unverified|timezone_not_normalized_to_utc
1040088,171293,2022,2022-07-31T10:57:00,2022-07-31T10:57:00,PST-8,0.0,06,06071,C,071,SAN BERNARDINO,0,0,0,0,0.00,0.00,Heavy Rain,0,"[[34.25,-116.81],[34.2496,-116.8202],[34.2435,-116.8179],[34.2458,-116.8077]]",0,1,county_code_unverified|timezone_not_normalized_to_utc
1040089,171293,2022,2022-07-31T10:58:00,2022-07-31T10:58:00,PST-8,0.0,06,06071,C,071,SAN BERNARDINO,0,0,0,0,0.00,0.00,Heavy Rain,0,"[[34.26,-116.84],[34.2599,-116.845],[34.2627,-116.8448],[34.2627,-116.8401]]",0,1,county_code_unverified|timezone_not_normalized_to_utc
1040091,171293,2022,2022-07-31T17:10:00,2022-07-31T17:10:00,PST-8,0.0,06,06071,C,071,SAN BERNARDINO,0,0,0,0,0.00,0.00,Heavy Rain,0,"[[34.52,-117.42],[34.5229,-117.3791],[34.4973,-117.3784],[34.4983,-117.4165]]",0,1,county_code_unverified|timezone_not_normalized_to_utc
1040123,171306,2022,2022-08-07T20:20:00,2022-08-07T22:20:00,EST-5,2.0,21,21193,C,193,PERRY,0,0,0,0,0.00,0.00,Heavy Rain,0,"[[37.2575,-83.2902],[37.2639,-83.2936],[37.2629,-83.2961],[37.2552,-83.2913],[37.2523,-83.2837],[37.2545,-83.2758],[37.2559,-83.2758]]",0,1,county_code_unverified|timezone_not_normalized_to_utc
1040190,171201,2022,2022-07-27T05:12:00,2022-07-27T14:17:00,EST-5,9.083333333333334,54,54101,C,101,WEBSTER,0,0,0,0,500.00,0.00,Heavy Rain,0,"[[38.1061,-80.8797],[38.1104,-80.8766],[38.1114,-80.8743],[38.1098,-80.8742],[38.1053,-80.8785]]",0,1,county_code_unverified|timezone_not_normalized_to_utc
1040191,171189,2022,2022-07-28T06:00:00,2022-07-28T17:15:00,EST-5,11.25,51,51051,C,051,DICKENSON,0,0,0,0,500.00,0.00,Heavy Rain,0,"[[37.1259,-82.4395],[37.1211,-82.4424],[37.1196,-82.4384],[37.1247,-82.4348]]",0,1,county_code_unverified|timezone_not_normalized_to_utc
1040226,171338,2022,2022-08-20T16:05:00,2022-08-20T20:15:00,MST-7,4.166666666666667,35,35005,C,005,CHAVES,0,0,0,0,50000.00,0.00,Heavy Rain,0,"[[33.9073,-104.6293],[33.7508,-104.6141],[33.6145,-104.5881],[33.6368,-104.4878],[33.9243,-104.5476]]",0,1,county_code_unverified|timezone_not_normalized_to_utc
1040297,168198,2022,2022-06-02T20:36:00,2022-06-03T01:15:00,CST-6,4.65,01,01077,C,077,LAUDERDALE,0,0,0,0,0.00,0.00,Heavy Rain,0,"[[34.8401,-87.7091],[34.8616,-87.7252],[34.855,-87.7339],[34.8359,-87.7118]]",0,1,county_code_unverified|timezone_not_normalized_to_utc
1040448,169581,2022,2022-07-09T22:12:00,2022-07-09T22:12:00,MST-7,0.0,30,30033,C,033,GARFIELD,0,0,0,0,0.00,0.00,Heavy Rain,0,"[[47.13,-106.68],[47.1352,-106.664],[47.1246,-106.6471],[47.1194,-106.6643]]",0,1,county_code_unverified|timezone_not_normalized_to_utc
1040741,171430,2022,2022-08-01T08:53:00,2022-08-01T10:00:00,EST-5,1.1166666666666667,21,21159,C,159,MARTIN,0,0,0,0,0.00,0.00,Heavy Rain,0,"[[37.7832,-82.4452],[37.7847,-82.4436],[37.7244,-82.4351],[37.7056,-82.4193],[37.697,-82.4168],[37.7066,-82.4354],[37.7246,-82.4505],[37.772,-82.4538]]",0,1,county_code_unverified|timezone_not_normalized_to_utc
1040825,171443,2022,2022-08-08T13:58:00,2022-08-08T13:58:00,PST-8,0.0,06,06071,C,071,SAN BERNARDINO,0,0,0,0,0.00,0.00,Heavy Rain,0,"[[34.46,-116.96],[34.4604,-116.9681],[34.4573,-116.968],[34.4574,-116.9538],[34.4601,-116.9538]]",0,1,county_code_unverified|timezone_not_normalized_to_utc
1040876,171050,2022,2022-07-12T23:30:00,2022-07-13T07:54:00,EST-5,8.4,54,54047,C,047,MCDOWELL,0,0,0,0,2000.00,0.00,Heavy Rain,0,"[[37.4018,-81.8058],[37.3896,-81.8121],[37.3862,-81.7991],[37.4011,-81.7905]]",0,1,county_code_unverified|timezone_not_normalized_to_utc
1040878,171452,2022,2022-07-18T11:12:00,2022-07-18T15:42:00,EST-5,4.5,39,39167,C,167,WASHINGTON,0,0,0,0,500.00,0.00,Heavy Rain,0,"[[39.6331,-81.4634],[39.6293,-81.4621],[39.6303,-81.4584],[39.6341,-81.4585]]",0,1,county_code_unverified|timezone_not_normalized_to_utc
1040935,170626,2022,2022-07-31T20:40:00,2022-07-31T22:30:00,EST-5,1.8333333333333333,51,51031,C,031,CAMPBELL,0,0,0,0,0.00,0.00,Heavy Rain,0,"[[37.318,-79.2607],[37.3176,-79.2601],[37.3183,-79.2596],[37.3188,-79.2602]]",0,1,county_code_unverified|timezone_not_normalized_to_utc
1041193,171492,2022,2022-06-04T00:00:00,2022-06-04T15:00:00,EST-5,15.0,12,12087,C,087,MONROE,0,0,0,0,20000.00,0.00,Heavy Rain,0,"[[25.173,-80.4013],[24.9808,-80.5725],[24.9652,-80.5411],[25.1466,-80.3482]]",0,1,county_code_unverified|timezone_not_normalized_to_utc
1041216,171509,2022,2022-07-06T18:24:00,2022-07-06T18:24:00,MST-7,0.0,31,31161,C,161,SHERIDAN,0,0,0,0,0.00,0.00,Heavy Rain,0,"[[42.74,-102.38],[42.7437,-102.3858],[42.7445,-102.3804],[42.7421,-102.3754]]",0,1,county_code_unverified|timezone_not_normalized_to_utc
1041220,171497,2022,2022-06-01T00:00:00,2022-06-30T23:59:00,CST-6,719.9833333333333,27,27071,C,071,KOOCHICHING,0,0,0,0,0.00,0.00,Heavy Rain / Snow Melt,0,"[[48.6,-93.467],[48.6272,-93.3444],[48.6427,-93.2074],[48.6234,-93.1781],[48.6281,-93.09],[48.1439,-93.091],[48.3566,-93.4261]]",0,1,county_code_unverified|timezone_not_normalized_to_utc
1041222,171497,2022,2022-06-01T00:00:00,2022-06-30T23:59:00,CST-6,719.9833333333333,27,27137,C,137,ST. LOUIS,0,0,0,0,0.00,0.00,Heavy Rain / Snow Melt,0,"[[48.2029,-91.7923],[47.866,-91.8175],[47.8745,-92.6744],[48.1433,-93.0942],[48.6273,-93.09],[48.5532,-92.7505],[48.3857,-92.0386]]",0,1,county_code_unverified|timezone_not_normalized_to_utc
1041252,170610,2022,2022-06-15T12:26:00,2022-06-15T13:33:00,CST-6,1.1166666666666667,27,27169,C,169,WINONA,0,0,0,0,0.00,0.00,Heavy Rain,0,"[[44.0362,-92.1053],[44.0383,-92.1059],[44.0386,-92.1055],[44.0375,-92.1042],[44.0366,-92.104],[44.0362,-92.1046],[44.0353,-92.1031],[44.0349,-92.1033]]",0,1,county_code_unverified|timezone_not_normalized_to_utc
1041255,170612,2022,2022-06-13T20:07:00,2022-06-16T06:30:00,CST-6,58.38333333333333,55,55063,C,063,LA CROSSE,0,0,0,0,0.00,0.00,Heavy Rain,0,"[[43.8615,-91.2103],[43.8568,-91.2164],[43.8377,-91.2184],[43.8368,-91.2161],[43.8583,-91.2106],[43.8602,-91.198],[43.8616,-91.1989]]",0,1,county_code_unverified|timezone_not_normalized_to_utc
1041299,171526,2022,2022-07-24T18:00:00,2022-07-25T01:00:00,MST-7,7.0,46,46103,C,103,PENNINGTON,0,0,0,0,0.00,0.00,Heavy Rain,0,"[[44.05,-103.19],[44.07,-103.18],[44.024,-103.048],[43.982,-103.034]]",0,1,county_code_unverified|timezone_not_normalized_to_utc
1041337,171357,2022,2022-06-16T19:30:00,2022-06-16T20:30:00,CST-6,1.0,12,12063,C,063,JACKSON,0,0,0,0,0.00,0.00,Heavy Rain,0,"[[30.9921,-85.419],[30.9921,-85.4025],[30.9879,-85.4015],[30.9881,-85.4178]]",0,1,county_code_unverified|timezone_not_normalized_to_utc
1041366,171530,2022,2022-06-25T09:40:00,2022-06-25T10:40:00,CST-6,1.0,12,12005,C,005,BAY,0,0,0,0,0.00,0.00,Heavy Rain,0,"[[30.21,-85.84],[30.2065,-85.8478],[30.1873,-85.8025],[30.2033,-85.7996]]",0,1,county_code_unverified|timezone_not_normalized_to_utc
1041367,171530,2022,2022-06-25T16:00:00,2022-06-25T17:00:00,EST-5,1.0,12,12073,C,073,LEON,0,0,0,0,0.00,0.00,Heavy Rain,0,"[[30.373,-84.4126],[30.3753,-84.4048],[30.3965,-84.4059],[30.3965,-84.4131]]",0,1,county_code_unverified|timezone_not_normalized_to_utc
1041368,171530,2022,2022-06-28T09:30:00,2022-06-28T10:30:00,EST-5,1.0,12,12129,C,129,WAKULLA,0,0,0,0,0.00,0.00,Heavy Rain,0,"[[30.14,-84.31],[30.1487,-84.3092],[30.1473,-84.3194],[30.1375,-84.3176]]",0,1,county_code_unverified|timezone_not_normalized_to_utc
1041386,171541,2022,2022-08-25T21:55:00,2022-08-25T21:55:00,EST-5,0.0,51,51161,C,161,ROANOKE,0,0,0,0,0.00,0.00,Heavy Rain,0,"[[37.3149,-79.9331],[37.3128,-79.9329],[37.31,-79.93],[37.3109,-79.9294],[37.3129,-79.9314],[37.315,-79.9317],[37.3164,-79.9306],[37.3168,-79.9315]]",0,1,county_code_unverified|timezone_not_normalized_to_utc
1041388,171541,2022,2022-08-25T22:10:00,2022-08-25T23:40:00,EST-5,1.5,51,51161,C,161,ROANOKE,0,0,0,0,0.00,0.00,Heavy Rain,0,"[[37.2778,-79.912],[37.2778,-79.9098],[37.2785,-79.9096],[37.2786,-79.9109],[37.2785,-79.9123],[37.2791,-79.9136],[37.2787,-79.9137]]",0,1,county_code_unverified|timezone_not_normalized_to_utc
1041395,171541,2022,2022-08-25T21:00:00,2022-08-25T21:00:00,EST-5,0.0,51,51023,C,023,BOTETOURT,0,0,0,0,15000.00,0.00,Heavy Rain,0,"[[37.3542,-79.9137],[37.354,-79.9135],[37.3541,-79.9134],[37.3543,-79.9136]]",0,1,county_code_unverified|timezone_not_normalized_to_utc
1041438,171549,2022,2022-06-10T15:20:00,2022-06-10T19:00:00,EST-5,3.6666666666666665,12,12099,C,099,PALM BEACH,0,0,0,0,0.00,0.00,Heavy Rain,0,"[[26.9656,-80.1026],[26.9665,-80.0934],[26.959,-80.092],[26.9589,-80.1006]]",0,1,county_code_unverified|timezone_not_normalized_to_utc
1041445,171549,2022,2022-06-10T14:00:00,2022-06-10T17:30:00,EST-5,3.5,12,12086,C,086,MIAMI-DADE,0,0,0,0,0.00,0.00,Heavy Rain,0,"[[25.5065,-80.4148],[25.4623,-80.437],[25.4635,-80.4196],[25.508,-80.401]]",0,1,county_code_unverified|timezone_not_normalized_to_utc
1041475,171358,2022,2022-06-14T15:30:00,2022-06-14T16:30:00,EST-5,1.0,13,13095,C,095,DOUGHERTY,0,0,0,0,0.00,0.00,Heavy Rain,0,"[[31.6068,-84.186],[31.5734,-84.1681],[31.5786,-84.1344],[31.5999,-84.1473]]",0,1,county_code_unverified|timezone_not_normalized_to_utc
1041561,171558,2022,2022-08-10T18:45:00,2022-08-10T20:45:00,EST-5,2.0,54,54027,C,027,HAMPSHIRE,0,0,0,0,0.00,0.00,Heavy Rain,0,"[[39.3296,-78.5783],[39.3266,-78.5809],[39.3278,-78.5827],[39.3312,-78.5802]]",0,1,county_code_unverified|timezone_not_normalized_to_utc
1041732,170430,2022,2022-07-23T05:00:00,2022-07-23T11:00:00,CST-6,6.0,17,17043,C,043,DU PAGE,0,0,0,0,0.00,0.00,Heavy Rain,0,"[[41.9002,-87.9425],[41.8995,-87.9352],[41.8987,-87.9352],[41.8994,-87.9424]]",0,1,county_code_unverified|timezone_not_normalized_to_utc
1041745,170430,2022,2022-07-23T07:30:00,2022-07-24T07:30:00,CST-6,24.0,17,17097,C,097,LAKE,0,0,0,0,0.00,0.00,Heavy Rain,0,"[[42.4778,-87.8015],[42.3275,-87.833],[42.2738,-87.8299],[42.1585,-87.771],[42.1605,-87.9074],[42.3088,-88.1204],[42.4043,-88.0008],[42.4636,-87.95]]",0,1,county_code_unverified|timezone_not_normalized_to_utc
1041758,170430,2022,2022-07-23T05:00:00,2022-07-23T07:00:00,CST-6,2.0,17,17031,C,031,COOK,0,0,0,0,0.00,0.00,Heavy Rain,0,"[[41.8208,-87.7352],[41.8273,-87.7147],[41.8254,-87.7136],[41.8189,-87.7342]]",0,1,county_code_unverified|timezone_not_normalized_to_utc
1041761,171338,2022,2022-08-21T07:45:00,2022-08-22T18:45:00,MST-7,35.0,35,35005,C,005,CHAVES,0,0,0,0,500000.00,0.00,Heavy Rain,0,"[[34.0954,-104.1659],[34.1017,-104.4001],[33.7148,-104.4402],[33.4086,-104.448],[33.4148,-104.313]]",0,1,county_code_unverified|timezone_not_normalized_to_utc
1041762,171338,2022,2022-08-21T03:00:00,2022-08-27T04:00:00,MST-7,145.0,35,35005,C,005,CHAVES,0,0,0,0,500000.00,0.00,Heavy Rain,0,"[[33.4058,-104.4233],[33.407,-104.3747],[33.354,-104.3283],[33.1884,-104.2877],[32.9819,-104.2619],[32.9741,-104.3983]]",0,1,county_code_unverified|timezone_not_normalized_to_utc
1041799,171615,2022,2022-07-03T15:00:00,2022-07-03T15:00:00,EST-5,0.0,12,12035,C,035,FLAGLER,0,0,0,0,0.00,0.00,Heavy Rain,0,"[[29.6178,-81.2614],[29.618,-81.2599],[29.6127,-81.2571],[29.6124,-81.2582]]",0,1,county_code_unverified|timezone_not_normalized_to_utc
1042083,171655,2022,2022-06-25T14:00:00,2022-06-25T16:00:00,EST-5,2.0,12,12011,C,011,BROWARD,0,0,0,0,0.00,0.00,Heavy Rain,0,"[[26.0964,-80.2208],[26.1028,-80.2479],[26.1367,-80.2439],[26.1318,-80.2211]]",0,1,county_code_unverified|timezone_not_normalized_to_utc
1042310,171707,2022,2022-07-16T11:15:00,2022-07-16T11:15:00,EST-5,0.0,12,12109,C,109,ST. JOHNS,0,0,0,0,0.00,0.00,Heavy Rain,0,"[[29.89,-81.32],[29.8947,-81.314],[29.8896,-81.3098],[29.886,-81.3159]]",0,1,county_code_unverified|timezone_not_normalized_to_utc
1042311,171707,2022,2022-07-16T12:00:00,2022-07-16T12:00:00,EST-5,0.0,12,12019,C,019,CLAY,0,0,0,0,0.00,0.00,Heavy Rain,0,"[[30.19,-81.74],[30.1852,-81.7407],[30.1858,-81.7346],[30.1893,-81.7335]]",0,1,county_code_unverified|timezone_not_normalized_to_utc
1042324,171709,2022,2022-06-07T12:00:00,2022-06-08T16:00:00,EST-5,28.0,12,12086,C,086,MIAMI-DADE,0,0,0,0,0.00,0.00,Heavy Rain,0,"[[25.5875,-80.3234],[25.5868,-80.3177],[25.5716,-80.3199],[25.5711,-80.3264]]",0,1,county_code_unverified|timezone_not_normalized_to_utc
1042400,171725,2022,2022-08-10T16:37:00,2022-08-10T18:37:00,MST-7,2.0,16,16001,C,001,ADA,0,0,0,0,0.00,0.00,Heavy Rain,0,"[[43.54,-116.27],[43.5438,-116.271],[43.5424,-116.2767],[43.5388,-116.2724]]",0,1,county_code_unverified|timezone_not_normalized_to_utc
1042401,171725,2022,2022-08-10T17:22:00,2022-08-10T19:22:00,MST-7,2.0,16,16073,C,073,OWYHEE,0,0,0,0,0.00,0.00,Heavy Rain,0,"[[43.22,-116.55],[43.2273,-116.5537],[43.2245,-116.5553],[43.2195,-116.5512]]",0,1,county_code_unverified|timezone_not_normalized_to_utc
1042423,171556,2022,2022-08-10T16:19:00,2022-08-10T18:19:00,EST-5,2.0,24,24017,C,017,CHARLES,0,0,0,0,0.00,0.00,Heavy Rain,0,"[[38.652,-76.8551],[38.652,-76.8541],[38.6523,-76.8541],[38.6523,-76.8552]]",0,1,county_code_unverified|timezone_not_normalized_to_utc
1042424,171556,2022,2022-08-10T16:21:00,2022-08-10T18:21:00,EST-5,2.0,24,24017,C,017,CHARLES,0,0,0,0,0.00,0.00,Heavy Rain,0,"[[38.5329,-77.0947],[38.5375,-77.0861],[38.5406,-77.0885],[38.536,-77.0961]]",0,1,county_code_unverified|timezone_not_normalized_to_utc
1042425,171556,2022,2022-08-10T16:28:00,2022-08-10T18:28:00,EST-5,2.0,24,24033,C,033,PRINCE GEORGE'S,0,0,0,0,0.00,0.00,Heavy Rain,0,"[[38.9589,-76.9209],[38.9587,-76.9189],[38.9599,-76.919],[38.9602,-76.9205]]",0,1,county_code_unverified|timezone_not_normalized_to_utc
1042426,171556,2022,2022-08-10T16:30:00,2022-08-10T18:30:00,EST-5,2.0,24,24033,C,033,PRINCE GEORGE'S,0,0,0,0,0.00,0.00,Heavy Rain,0,"[[38.9297,-76.8919],[38.9351,-76.8777],[38.9382,-76.8849],[38.9317,-76.8928]]",0,1,county_code_unverified|timezone_not_normalized_to_utc
1042427,171556,2022,2022-08-10T16:32:00,2022-08-10T18:32:00,EST-5,2.0,24,24033,C,033,PRINCE GEORGE'S,0,0,0,0,0.00,0.00,Heavy Rain,0,"[[38.9779,-76.8727],[38.9789,-76.8737],[38.9781,-76.875],[38.9775,-76.8742]]",0,1,county_code_unverified|timezone_not_normalized_to_utc
1042428,171556,2022,2022-08-10T16:35:00,2022-08-10T18:35:00,EST-5,2.0,24,24033,C,033,PRINCE GEORGE'S,0,0,0,0,0.00,0.00,Heavy Rain,0,"[[38.9902,-76.8132],[38.9882,-76.817],[38.989,-76.8174],[38.9908,-76.8142]]",0,1,county_code_unverified|timezone_not_normalized_to_utc
1042429,171556,2022,2022-08-10T17:03:00,2022-08-10T19:03:00,EST-5,2.0,24,24033,C,033,PRINCE GEORGE'S,0,0,0,0,0.00,0.00,Heavy Rain,0,"[[38.7543,-76.9922],[38.7543,-76.9938],[38.7558,-76.9937],[38.7555,-76.9923]]",0,1,county_code_unverified|timezone_not_normalized_to_utc
1042430,171556,2022,2022-08-10T17:14:00,2022-08-10T19:14:00,EST-5,2.0,24,24033,C,033,PRINCE GEORGE'S,0,0,0,0,0.00,0.00,Heavy Rain,0,"[[39.0,-76.88],[38.9937,-76.8789],[38.9905,-76.8652],[39.0022,-76.8674]]",0,1,county_code_unverified|timezone_not_normalized_to_utc
1042431,171556,2022,2022-08-10T17:30:00,2022-08-10T19:30:00,EST-5,2.0,24,24003,C,003,ANNE ARUNDEL,0,0,0,0,0.00,0.00,Heavy Rain,0,"[[39.01,-76.69],[38.9627,-76.9811],[38.9056,-76.9031],[38.911,-76.7566],[38.9708,-76.6701]]",0,1,county_code_unverified|timezone_not_normalized_to_utc
1042432,171556,2022,2022-08-10T17:45:00,2022-08-10T19:45:00,EST-5,2.0,24,24033,C,033,PRINCE GEORGE'S,0,0,0,0,0.00,0.00,Heavy Rain,0,"[[38.82,-76.76],[38.8149,-76.7574],[38.8143,-76.7455],[38.8197,-76.7377],[38.8258,-76.7394],[38.8269,-76.7532]]",0,1,county_code_unverified|timezone_not_normalized_to_utc
1042468,171557,2022,2022-08-10T13:58:00,2022-08-10T15:58:00,EST-5,2.0,51,51015,C,015,AUGUSTA,0,0,0,0,0.00,0.00,Dam / Levee Break,0,"[[38.2392,-79.1671],[38.2387,-79.167],[38.2387,-79.1664],[38.2393,-79.1665]]",0,1,county_code_unverified|timezone_not_normalized_to_utc
1042469,171557,2022,2022-08-10T14:41:00,2022-08-10T16:41:00,EST-5,2.0,51,51015,C,015,AUGUSTA,0,0,0,0,0.00,0.00,Heavy Rain,0,"[[38.3546,-79.1347],[38.3628,-79.132],[38.3615,-79.1278],[38.3542,-79.1296]]",0,1,county_code_unverified|timezone_not_normalized_to_utc
1042470,171557,2022,2022-08-10T15:44:00,2022-08-10T17:44:00,EST-5,2.0,51,51047,C,047,CULPEPER,0,0,0,0,0.00,0.00,Heavy Rain,0,"[[38.4016,-77.7347],[38.4006,-77.7353],[38.4002,-77.7339],[38.4014,-77.7331],[38.4018,-77.734]]",0,1,county_code_unverified|timezone_not_normalized_to_utc
1042471,171557,2022,2022-08-10T15:51:00,2022-08-10T17:51:00,EST-5,2.0,51,51059,C,059,FAIRFAX,0,0,0,0,0.00,0.00,Heavy Rain,0,"[[38.9284,-77.3061],[38.9303,-77.3058],[38.9303,-77.3041],[38.9287,-77.3041]]",0,1,county_code_unverified|timezone_not_normalized_to_utc
1042472,171557,2022,2022-08-10T15:56:00,2022-08-10T17:56:00,EST-5,2.0,51,51059,C,059,FAIRFAX,0,0,0,0,0.00,0.00,Heavy Rain,0,"[[38.9666,-77.288],[38.9655,-77.2885],[38.965,-77.287],[38.9664,-77.2862]]",0,1,county_code_unverified|timezone_not_normalized_to_utc
1042473,171557,2022,2022-08-10T16:15:00,2022-08-10T18:15:00,EST-5,2.0,51,51059,C,059,FAIRFAX,0,0,0,0,0.00,0.00,Heavy Rain,0,"[[38.8719,-77.3364],[38.8708,-77.3352],[38.8714,-77.3341],[38.8722,-77.3353]]",0,1,county_code_unverified|timezone_not_normalized_to_utc
1042474,171557,2022,2022-08-10T16:15:00,2022-08-10T18:15:00,EST-5,2.0,51,51059,C,059,FAIRFAX,0,0,0,0,0.00,0.00,Heavy Rain,0,"[[38.8759,-77.3488],[38.876,-77.3479],[38.8765,-77.3481],[38.8764,-77.3488]]",0,1,county_code_unverified|timezone_not_normalized_to_utc
1042475,171557,2022,2022-08-10T16:24:00,2022-08-10T18:24:00,EST-5,2.0,51,51047,C,047,CULPEPER,0,0,0,0,0.00,0.00,Heavy Rain,0,"[[38.5505,-78.0496],[38.5521,-78.0464],[38.5529,-78.0476],[38.5512,-78.0503]]",0,1,county_code_unverified|timezone_not_normalized_to_utc
1042476,171557,2022,2022-08-10T16:31:00,2022-08-10T18:31:00,EST-5,2.0,51,51061,C,061,FAUQUIER,0,0,0,0,0.00,0.00,Heavy Rain,0,"[[38.5525,-77.6685],[38.552,-77.6685],[38.5521,-77.6677],[38.5526,-77.6677]]",0,1,county_code_unverified|timezone_not_normalized_to_utc
1042477,171557,2022,2022-08-10T16:37:00,2022-08-10T18:37:00,EST-5,2.0,51,51047,C,047,CULPEPER,0,0,0,0,0.00,0.00,Heavy Rain,0,"[[38.5008,-77.8949],[38.5019,-77.8923],[38.5028,-77.8935],[38.5022,-77.8951]]",0,1,county_code_unverified|timezone_not_normalized_to_utc
1042478,171557,2022,2022-08-10T16:43:00,2022-08-10T18:43:00,EST-5,2.0,51,51510,C,510,ALEXANDRIA (C),0,0,0,0,0.00,0.00,Heavy Rain,0,"[[38.8,-77.04],[38.8093,-77.0392],[38.8119,-77.053],[38.8006,-77.0452]]",0,1,county_code_unverified|timezone_not_normalized_to_utc
1042479,171557,2022,2022-08-10T16:44:00,2022-08-10T18:44:00,EST-5,2.0,51,51061,C,061,FAUQUIER,0,0,0,0,0.00,0.00,Heavy Rain,0,"[[38.6,-77.71],[38.5871,-77.6954],[38.5824,-77.7054],[38.6005,-77.7207]]",0,1,county_code_unverified|timezone_not_normalized_to_utc
1042480,171557,2022,2022-08-10T21:00:00,2022-08-10T23:00:00,EST-5,2.0,51,51069,C,069,FREDERICK,0,0,0,0,0.00,0.00,Heavy Rain,0,"[[39.1047,-78.1949],[39.1074,-78.1986],[39.1086,-78.197],[39.1052,-78.1937]]",0,1,county_code_unverified|timezone_not_normalized_to_utc
1042486,171735,2022,2022-08-10T16:33:00,2022-08-10T18:33:00,EST-5,2.0,11,11001,C,001,DISTRICT OF COLUMBIA,0,0,0,0,0.00,0.00,Heavy Rain,0,"[[38.8925,-77.0137],[38.8924,-77.0107],[38.8971,-77.0097],[38.8966,-77.0146]]",0,1,county_code_unverified|timezone_not_normalized_to_utc
1042488,171735,2022,2022-08-10T16:34:00,2022-08-10T18:34:00,EST-5,2.0,11,11001,C,001,DISTRICT OF COLUMBIA,0,0,0,0,0.00,0.00,Heavy Rain,0,"[[38.903,-77.0565],[38.9084,-77.0487],[38.9167,-77.0526],[38.9182,-77.0612]]",0,1,county_code_unverified|timezone_not_normalized_to_utc
1042767,171786,2022,2022-08-21T10:50:00,2022-08-21T12:50:00,EST-5,2.0,51,51125,C,125,NELSON,0,0,0,0,0.00,0.00,Heavy Rain,0,"[[37.7636,-78.8712],[37.7522,-78.8779],[37.7491,-78.8712],[37.7646,-78.8618]]",0,1,county_code_unverified|timezone_not_normalized_to_utc
1042771,171786,2022,2022-08-21T09:45:00,2022-08-21T11:45:00,EST-5,2.0,51,51015,C,015,AUGUSTA,0,0,0,0,0.00,0.00,Heavy Rain,0,"[[38.0823,-78.8971],[38.0809,-78.9009],[38.0776,-78.8986],[38.0799,-78.8933]]",0,1,county_code_unverified|timezone_not_normalized_to_utc
1042772,171786,2022,2022-08-21T11:12:00,2022-08-21T13:12:00,EST-5,2.0,51,51003,C,003,ALBEMARLE,0,0,0,0,0.00,0.00,Heavy Rain,0,"[[38.0394,-78.5064],[38.0393,-78.507],[38.0398,-78.5069],[38.0398,-78.5063]]",0,1,county_code_unverified|timezone_not_normalized_to_utc
1042777,171787,2022,2022-08-21T21:10:00,2022-08-21T23:10:00,EST-5,2.0,24,24025,C,025,HARFORD,0,0,0,0,0.00,0.00,Heavy Rain,0,"[[39.5221,-76.1427],[39.5224,-76.1399],[39.5247,-76.1394],[39.5234,-76.1438]]",0,1,county_code_unverified|timezone_not_normalized_to_utc
1042778,171787,2022,2022-08-21T22:04:00,2022-08-22T00:04:00,EST-5,2.0,24,24025,C,025,HARFORD,0,0,0,0,0.00,0.00,Heavy Rain,0,"[[39.4431,-76.3545],[39.4404,-76.3544],[39.4397,-76.3481],[39.4439,-76.3484]]",0,1,county_code_unverified|timezone_not_normalized_to_utc
1042779,171787,2022,2022-08-21T22:12:00,2022-08-22T00:12:00,EST-5,2.0,24,24037,C,037,ST. MARY'S,0,0,0,0,0.00,0.00,Heavy Rain,0,"[[38.3677,-76.7839],[38.3668,-76.7826],[38.3673,-76.7817],[38.3685,-76.7821]]",0,1,county_code_unverified|timezone_not_normalized_to_utc
1042781,171787,2022,2022-08-21T22:30:00,2022-08-21T22:30:00,EST-5,0.0,24,24025,C,025,HARFORD,0,0,0,0,0.00,0.00,Heavy Rain,0,"[[39.53,-76.35],[39.5279,-76.351],[39.5262,-76.3493],[39.5291,-76.3478]]",0,1,county_code_unverified|timezone_not_normalized_to_utc
1042783,171787,2022,2022-08-21T23:15:00,2022-08-22T01:15:00,EST-5,2.0,24,24037,C,037,ST. MARY'S,0,0,0,0,0.00,0.00,Heavy Rain,0,"[[38.2924,-76.7615],[38.2949,-76.7553],[38.2977,-76.7588],[38.2931,-76.7642]]",0,1,county_code_unverified|timezone_not_normalized_to_utc
1042784,171787,2022,2022-08-21T23:19:00,2022-08-22T01:19:00,EST-5,2.0,24,24025,C,025,HARFORD,0,0,0,0,0.00,0.00,Heavy Rain,0,"[[39.4423,-76.3166],[39.4439,-76.3077],[39.446,-76.3085],[39.4438,-76.3189]]",0,1,county_code_unverified|timezone_not_normalized_to_utc
1042785,171787,2022,2022-08-22T07:20:00,2022-08-22T09:20:00,EST-5,2.0,24,24025,C,025,HARFORD,0,0,0,0,0.00,0.00,Heavy Rain,0,"[[39.5825,-76.4699],[39.5828,-76.468],[39.5836,-76.4695],[39.583,-76.4705]]",0,1,county_code_unverified|timezone_not_normalized_to_utc
1042786,171787,2022,2022-08-22T17:27:00,2022-08-22T19:27:00,EST-5,2.0,24,24005,C,005,BALTIMORE,0,0,0,0,0.00,0.00,Heavy Rain,0,"[[39.4243,-76.4965],[39.4198,-76.5024],[39.4208,-76.5115],[39.4262,-76.5048]]",0,1,county_code_unverified|timezone_not_normalized_to_utc
1042787,171787,2022,2022-08-22T17:00:00,2022-08-22T19:00:00,EST-5,2.0,24,24025,C,025,HARFORD,0,0,0,0,0.00,0.00,Heavy Rain,0,"[[39.5017,-76.373],[39.5012,-76.3744],[39.5022,-76.374],[39.5023,-76.3731]]",0,1,county_code_unverified|timezone_not_normalized_to_utc
1042788,171787,2022,2022-08-22T16:50:00,2022-08-22T18:50:00,EST-5,2.0,24,24025,C,025,HARFORD,0,0,0,0,0.00,0.00,Heavy Rain,0,"[[39.4179,-76.3661],[39.4182,-76.3664],[39.4184,-76.366],[39.4181,-76.3656]]",0,1,county_code_unverified|timezone_not_normalized_to_utc
1042790,171787,2022,2022-08-21T22:30:00,2022-08-22T00:30:00,EST-5,2.0,24,24025,C,025,HARFORD,0,0,0,0,0.00,0.00,Heavy Rain,0,"[[39.5012,-76.1692],[39.5006,-76.1679],[39.5032,-76.1661],[39.5035,-76.1682]]",0,1,county_code_unverified|timezone_not_normalized_to_utc
1042791,170840,2022,2022-06-13T00:00:00,2022-06-13T18:15:00,MST-7,18.25,56,56029,C,029,PARK,0,0,0,0,0.00,0.00,Heavy Rain / Snow Melt,0,"[[44.9286,-110.3938],[44.9294,-110.3922],[44.9285,-110.3918],[44.9283,-110.3929]]",0,1,county_code_unverified|timezone_not_normalized_to_utc
1042796,171564,2022,2022-06-05T16:20:00,2022-06-05T16:45:00,PST-8,0.4166666666666667,16,16069,C,069,NEZ PERCE,0,0,0,0,1000.00,0.00,Heavy Rain,0,"[[46.39,-117.04],[46.39,-117.0404],[46.3899,-117.0404],[46.3899,-117.0402]]",0,1,county_code_unverified|timezone_not_normalized_to_utc
1042878,171799,2022,2022-06-07T05:00:00,2022-06-07T13:30:00,CST-6,8.5,19,19153,C,153,POLK,0,0,0,0,0.00,0.00,Heavy Rain,0,"[[41.57,-93.61],[41.56,-93.68],[41.58,-93.67],[41.59,-93.62]]",0,1,county_code_unverified|timezone_not_normalized_to_utc
1042879,171800,2022,2022-06-15T10:00:00,2022-06-15T21:00:00,CST-6,11.0,19,19169,C,169,STORY,0,0,0,0,0.00,0.00,Heavy Rain,0,"[[42.01,-93.62],[42.01,-93.57],[41.74,-93.35],[41.68,-93.35],[41.8,-93.52]]",0,1,county_code_unverified|timezone_not_normalized_to_utc
1043024,171826,2022,2022-06-13T00:00:00,2022-06-15T13:00:00,MST-7,61.0,16,16043,C,043,FREMONT,0,0,0,0,10000.00,0.00,Heavy Rain,0,"[[44.7195,-111.37],[44.43,-110.9647],[44.1405,-111.37],[44.43,-111.7754]]",0,1,county_code_unverified|timezone_not_normalized_to_utc
1043030,171565,2022,2022-06-05T12:30:00,2022-06-05T13:00:00,PST-8,0.5,53,53007,C,007,CHELAN,0,0,0,0,10000.00,0.00,Heavy Rain,0,"[[47.88,-120.07],[47.8794,-120.0683],[47.8786,-120.0695],[47.8793,-120.0707]]",0,1,county_code_unverified|timezone_not_normalized_to_utc
1043034,171565,2022,2022-06-05T17:00:00,2022-06-05T17:30:00,PST-8,0.5,53,53063,C,063,SPOKANE,0,0,0,0,5000.00,0.00,Heavy Rain,0,"[[47.77,-117.32],[47.7642,-117.3164],[47.7641,-117.3272],[47.7699,-117.3266]]",0,1,county_code_unverified|timezone_not_normalized_to_utc
1043035,171695,2022,2022-07-27T15:20:00,2022-07-28T08:45:00,EST-5,17.416666666666668,54,54025,C,025,GREENBRIER,0,0,0,0,0.00,0.00,Heavy Rain,0,"[[37.9565,-80.6995],[37.9526,-80.6705],[37.9668,-80.6954],[38.0111,-80.7426],[38.0041,-80.7547],[37.9798,-80.7641],[37.9776,-80.7552],[37.9894,-80.7449]]",0,1,county_code_unverified|timezone_not_normalized_to_utc
1043162,171567,2022,2022-06-12T18:00:00,2022-06-12T21:00:00,PST-8,3.0,16,16061,C,061,LEWIS,0,0,0,0,2000.00,0.00,Heavy Rain / Snow Melt,0,"[[46.25,-116.62],[46.2508,-116.6139],[46.2478,-116.6171],[46.2482,-116.6204]]",0,1,county_code_unverified|timezone_not_normalized_to_utc
1043165,171567,2022,2022-06-12T20:00:00,2022-06-13T03:00:00,PST-8,7.0,16,16069,C,069,NEZ PERCE,0,0,0,0,1000.00,0.00,Heavy Rain / Snow Melt,0,"[[46.35,-116.82],[46.3527,-116.8232],[46.3491,-116.827],[46.348,-116.8244]]",0,1,county_code_unverified|timezone_not_normalized_to_utc
1043168,171567,2022,2022-06-12T21:18:00,2022-06-13T02:18:00,PST-8,5.0,16,16069,C,069,NEZ PERCE,0,0,0,0,1000.00,0.00,Heavy Rain / Snow Melt,0,"[[46.36,-116.72],[46.3601,-116.7187],[46.3588,-116.7195],[46.3589,-116.72]]",0,1,county_code_unverified|timezone_not_normalized_to_utc
1043177,171567,2022,2022-06-12T21:40:00,2022-06-13T02:40:00,PST-8,5.0,16,16069,C,069,NEZ PERCE,0,0,0,0,1000000.00,0.00,Heavy Rain,0,"[[46.36,-116.78],[46.3567,-116.7793],[46.357,-116.7852],[46.3596,-116.7849]]",0,1,county_code_unverified|timezone_not_normalized_to_utc
1043184,171567,2022,2022-06-12T21:40:00,2022-06-13T02:40:00,PST-8,5.0,16,16069,C,069,NEZ PERCE,0,0,0,0,750000.00,0.00,Heavy Rain,0,"[[46.36,-116.78],[46.3567,-116.7793],[46.357,-116.7852],[46.3596,-116.7849]]",0,1,county_code_unverified|timezone_not_normalized_to_utc
1043186,171567,2022,2022-06-12T21:22:00,2022-06-13T03:22:00,PST-8,6.0,16,16069,C,069,NEZ PERCE,0,0,0,0,20000.00,0.00,Heavy Rain,0,"[[46.36,-116.79],[46.3606,-116.7918],[46.3603,-116.7921],[46.3593,-116.7904]]",0,1,county_code_unverified|timezone_not_normalized_to_utc
1043188,171567,2022,2022-06-12T22:00:00,2022-06-13T04:00:00,PST-8,6.0,16,16069,C,069,NEZ PERCE,0,0,0,0,20000.00,0.00,Heavy Rain,0,"[[46.4,-116.8],[46.4,-116.8002],[46.3996,-116.8001],[46.3997,-116.7997]]",0,1,county_code_unverified|timezone_not_normalized_to_utc
1043189,171567,2022,2022-06-12T22:00:00,2022-06-13T04:00:00,PST-8,6.0,16,16069,C,069,NEZ PERCE,0,0,0,0,8000.00,0.00,Heavy Rain,0,"[[46.51,-116.55],[46.5098,-116.5513],[46.5082,-116.5503],[46.5081,-116.549]]",0,1,county_code_unverified|timezone_not_normalized_to_utc
1043190,171567,2022,2022-06-12T22:00:00,2022-06-13T07:00:00,PST-8,9.0,16,16055,C,055,KOOTENAI,0,0,0,0,20000.00,0.00,Heavy Rain,0,"[[47.7,-116.79],[47.7002,-116.79],[47.7002,-116.7903],[47.7001,-116.7903]]",0,1,county_code_unverified|timezone_not_normalized_to_utc
1043196,171567,2022,2022-06-12T22:00:00,2022-06-13T13:00:00,PST-8,15.0,16,16057,C,057,LATAH,0,0,0,0,0.00,0.00,Heavy Rain,0,"[[46.72,-116.94],[46.7203,-116.9477],[46.7158,-116.9473],[46.716,-116.939]]",0,1,county_code_unverified|timezone_not_normalized_to_utc
1043199,171567,2022,2022-06-12T22:45:00,2022-06-13T13:45:00,PST-8,15.0,16,16069,C,069,NEZ PERCE,0,0,0,0,0.00,0.00,Heavy Rain,0,"[[46.45,-116.85],[46.4489,-116.8448],[46.4457,-116.8436],[46.4477,-116.8521]]",0,1,county_code_unverified|timezone_not_normalized_to_utc
1043205,171832,2022,2022-06-13T07:00:00,2022-06-14T19:30:00,PST-8,36.5,53,53071,C,071,WALLA WALLA,0,0,0,0,0.00,0.00,Heavy Rain,0,"[[46.0438,-118.1573],[46.0443,-118.1451],[46.0062,-118.1063],[46.006,-118.1251]]",0,1,county_code_unverified|timezone_not_normalized_to_utc
1043209,171568,2022,2022-06-12T20:00:00,2022-06-13T14:00:00,PST-8,18.0,53,53063,C,063,SPOKANE,0,0,0,0,0.00,0.00,Heavy Rain,0,"[[47.6524,-117.4346],[47.6519,-117.4361],[47.6505,-117.4359],[47.6507,-117.4346]]",0,1,county_code_unverified|timezone_not_normalized_to_utc
1043211,171568,2022,2022-06-12T22:00:00,2022-06-13T19:00:00,PST-8,21.0,53,53075,C,075,WHITMAN,0,0,0,0,0.00,0.00,Heavy Rain,0,"[[46.92,-117.08],[46.9228,-117.0843],[46.9234,-117.0777],[46.92,-117.0754]]",0,1,county_code_unverified|timezone_not_normalized_to_utc
1043212,171568,2022,2022-06-12T21:00:00,2022-06-13T21:00:00,PST-8,24.0,53,53063,C,063,SPOKANE,0,0,0,0,10000.00,0.00,Heavy Rain,0,"[[47.84,-117.19],[47.8391,-117.1858],[47.8381,-117.1863],[47.8383,-117.1903]]",0,1,county_code_unverified|timezone_not_normalized_to_utc
1043216,171832,2022,2022-06-13T07:00:00,2022-06-14T19:30:00,PST-8,36.5,53,53071,C,071,WALLA WALLA,0,0,0,0,0.00,0.00,Heavy Rain,0,"[[46.0195,-118.3147],[46.0176,-118.3147],[46.022,-118.3671],[46.0261,-118.3678],[46.0268,-118.3401]]",0,1,county_code_unverified|timezone_not_normalized_to_utc
1043496,171872,2022,2022-08-08T16:29:00,2022-08-08T16:29:00,EST-5,0.0,12,12103,C,103,PINELLAS,0,0,0,0,0.00,0.00,Heavy Rain,0,"[[27.8068,-82.6996],[27.8068,-82.7009],[27.8059,-82.7003],[27.8059,-82.6994]]",0,1,county_code_unverified|timezone_not_normalized_to_utc
1043754,171944,2022,2022-08-13T12:40:00,2022-08-13T12:40:00,PST-8,0.0,06,06073,C,073,SAN DIEGO,0,0,0,0,0.00,0.00,Heavy Rain,0,"[[32.63,-116.5],[32.6392,-116.458],[32.6252,-116.4549],[32.5962,-116.487]]",0,1,county_code_unverified|timezone_not_normalized_to_utc
1043755,171944,2022,2022-08-13T13:23:00,2022-08-13T13:23:00,PST-8,0.0,06,06073,C,073,SAN DIEGO,0,0,0,0,0.00,0.00,Heavy Rain,0,"[[33.38,-116.77],[33.3895,-116.7679],[33.386,-116.7478],[33.3763,-116.7538]]",0,1,county_code_unverified|timezone_not_normalized_to_utc
1043756,171944,2022,2022-08-13T14:00:00,2022-08-13T14:00:00,PST-8,0.0,06,06073,C,073,SAN DIEGO,0,0,0,0,0.00,0.00,Heavy Rain,0,"[[33.25,-116.67],[33.2569,-116.6741],[33.2501,-116.6857],[33.244,-116.6805]]",0,1,county_code_unverified|timezone_not_normalized_to_utc
1043997,171954,2022,2022-07-24T20:30:00,2022-07-25T16:00:00,MST-7,19.5,08,08063,C,063,KIT CARSON,0,0,0,0,0.00,0.00,Heavy Rain,0,"[[39.3745,-103.1548],[39.1417,-103.1554],[39.1567,-102.9874],[39.2436,-102.894],[39.3317,-102.7629],[39.4346,-102.7028]]",0,1,county_code_unverified|timezone_not_normalized_to_utc
1044028,171956,2022,2022-07-28T03:00:00,2022-07-28T11:00:00,MST-7,8.0,08,08063,C,063,KIT CARSON,0,0,0,0,0.00,0.00,Heavy Rain,0,"[[39.36,-102.743],[39.3129,-102.7433],[39.2299,-102.6548],[39.1718,-102.5206],[39.1736,-102.3515],[39.3157,-102.3534],[39.3303,-102.5385],[39.388,-102.6311]]",0,1,county_code_unverified|timezone_not_normalized_to_utc
1044031,171859,2022,2022-08-28T16:00:00,2022-08-28T18:30:00,CST-6,2.5,17,17037,C,037,DE KALB,0,0,0,0,0.00,0.00,Heavy Rain,0,"[[41.9402,-88.7638],[41.9402,-88.7362],[41.9198,-88.7362],[41.9198,-88.7638]]",0,1,county_code_unverified|timezone_not_normalized_to_utc
1044215,171981,2022,2022-07-29T10:00:00,2022-07-29T14:00:00,MST-7,4.0,08,08125,C,125,YUMA,0,0,0,0,0.00,0.00,Heavy Rain,0,"[[39.7504,-102.2562],[39.7501,-102.2562],[39.7501,-102.2559],[39.7506,-102.2559]]",0,1,county_code_unverified|timezone_not_normalized_to_utc
1044216,171982,2022,2022-07-29T14:00:00,2022-07-29T21:00:00,MST-7,7.0,20,20071,C,071,GREELEY,0,0,0,0,0.00,0.00,Heavy Rain,0,"[[38.4946,-101.8279],[38.4945,-101.8279],[38.4944,-101.8275],[38.4946,-101.8275]]",0,1,county_code_unverified|timezone_not_normalized_to_utc
1044468,171251,2022,2022-08-06T12:00:00,2022-08-06T22:00:00,PST-8,10.0,32,32023,C,023,NYE,0,0,0,0,0.00,0.00,Dam / Levee Break,0,"[[38.8517,-115.6572],[38.8513,-115.6566],[38.8499,-115.6598],[38.8505,-115.6596]]",0,1,county_code_unverified|timezone_not_normalized_to_utc
1044636,171454,2022,2022-08-02T07:00:00,2022-08-02T13:45:00,EST-5,6.75,54,54035,C,035,JACKSON,0,0,0,0,5000.00,0.00,Heavy Rain,0,"[[38.8337,-81.8191],[38.7047,-81.7034],[38.7467,-81.634],[38.8699,-81.7634]]",0,1,county_code_unverified|timezone_not_normalized_to_utc
1044782,172095,2022,2022-07-06T20:30:00,2022-07-08T10:00:00,MST-7,37.5,08,08017,C,017,CHEYENNE,0,0,0,0,10.00,10.00,Heavy Rain,0,"[[38.7922,-102.2213],[38.7922,-102.2211],[38.792,-102.2211],[38.792,-102.2213]]",0,1,county_code_unverified|timezone_not_normalized_to_utc
1044921,172121,2022,2022-07-21T15:30:00,2022-07-21T17:00:00,EST-5,1.5,50,50003,C,003,BENNINGTON,0,0,0,0,0.00,0.00,Heavy Rain,0,"[[42.8931,-73.219],[42.8945,-73.1738],[42.87,-73.1745],[42.8744,-73.2225]]",0,1,county_code_unverified|timezone_not_normalized_to_utc
1045049,172105,2022,2022-07-02T14:44:00,2022-07-02T22:30:00,AST-4,7.766666666666667,99,,C,057,GUAYAMA,0,0,0,0,0.00,0.00,Heavy Rain,0,"[[18.0361,-66.1319],[18.0418,-66.1248],[18.0298,-66.1162],[18.025,-66.1337]]",0,1,requires_crosswalk_or_marine_review|timezone_not_normalized_to_utc
1045056,172105,2022,2022-07-03T12:40:00,2022-07-03T14:40:00,AST-4,2.0,99,,C,087,LOIZA,0,0,0,0,0.00,0.00,Heavy Rain,0,"[[18.4334,-65.8819],[18.4341,-65.8733],[18.4263,-65.8773],[18.4302,-65.8862]]",0,1,requires_crosswalk_or_marine_review|timezone_not_normalized_to_utc
1045057,172105,2022,2022-07-06T20:44:00,2022-07-06T22:45:00,AST-4,2.0166666666666666,99,,C,015,ARROYO,0,0,0,0,0.00,0.00,Heavy Rain,0,"[[17.9647,-66.0624],[17.964,-66.059],[17.9601,-66.0593],[17.9626,-66.0643]]",0,1,requires_crosswalk_or_marine_review|timezone_not_normalized_to_utc
1045065,172155,2022,2022-07-10T13:30:00,2022-07-10T16:00:00,AST-4,2.5,99,,C,021,BAYAMON,0,0,0,0,0.00,0.00,Heavy Rain,0,"[[18.3836,-66.1399],[18.3823,-66.1401],[18.3829,-66.1362],[18.3842,-66.1365]]",0,1,requires_crosswalk_or_marine_review|timezone_not_normalized_to_utc
1045076,172155,2022,2022-07-10T13:30:00,2022-07-10T16:00:00,AST-4,2.5,99,,C,021,BAYAMON,0,0,0,0,0.00,0.00,Heavy Rain,0,"[[18.3914,-66.1645],[18.3909,-66.1637],[18.3931,-66.1619],[18.3936,-66.1626]]",0,1,requires_crosswalk_or_marine_review|timezone_not_normalized_to_utc
1045089,172155,2022,2022-07-10T13:59:00,2022-07-10T15:30:00,AST-4,1.5166666666666666,99,,C,021,BAYAMON,0,0,0,0,0.00,0.00,Heavy Rain,0,"[[18.3888,-66.1538],[18.3896,-66.1537],[18.3895,-66.1526],[18.3886,-66.1529]]",0,1,requires_crosswalk_or_marine_review|timezone_not_normalized_to_utc
1045091,172155,2022,2022-07-10T14:51:00,2022-07-10T15:51:00,AST-4,1.0,99,,C,137,TOA BAJA,0,0,0,0,0.00,0.00,Heavy Rain,0,"[[18.4182,-66.2226],[18.4186,-66.2185],[18.4143,-66.218],[18.4147,-66.2231]]",0,1,requires_crosswalk_or_marine_review|timezone_not_normalized_to_utc
1045092,172155,2022,2022-07-10T15:06:00,2022-07-10T16:18:00,AST-4,1.2,99,,C,127,SAN JUAN,0,0,0,0,0.00,0.00,Heavy Rain,0,"[[18.4098,-66.068],[18.4092,-66.0712],[18.4075,-66.0713],[18.4078,-66.0674]]",0,1,requires_crosswalk_or_marine_review|timezone_not_normalized_to_utc
1045093,172155,2022,2022-07-10T15:18:00,2022-07-10T17:15:00,AST-4,1.95,99,,C,005,AGUADILLA,0,0,0,0,0.00,0.00,Heavy Rain,0,"[[18.4411,-67.1302],[18.4333,-67.1318],[18.4378,-67.1161],[18.4456,-67.1201]]",0,1,requires_crosswalk_or_marine_review|timezone_not_normalized_to_utc
1045219,172183,2022,2022-08-21T15:00:00,2022-08-21T16:46:00,AST-4,1.7666666666666666,99,,C,127,SAN JUAN,0,0,0,0,0.00,0.00,Heavy Rain,0,"[[18.3893,-66.0786],[18.3877,-66.0793],[18.388,-66.0737],[18.3897,-66.0744]]",0,1,requires_crosswalk_or_marine_review|timezone_not_normalized_to_utc
1045220,172183,2022,2022-08-21T15:00:00,2022-08-21T16:46:00,AST-4,1.7666666666666666,99,,C,061,GUAYNABO,0,0,0,0,0.00,0.00,Heavy Rain,0,"[[18.4107,-66.1111],[18.4078,-66.111],[18.4105,-66.1068],[18.4119,-66.1082]]",0,1,requires_crosswalk_or_marine_review|timezone_not_normalized_to_utc
1045229,172183,2022,2022-08-21T15:00:00,2022-08-21T16:41:00,AST-4,1.6833333333333333,99,,C,127,SAN JUAN,0,0,0,0,0.00,0.00,Heavy Rain,0,"[[18.4263,-66.0923],[18.4245,-66.085],[18.4196,-66.0882],[18.4203,-66.0975]]",0,1,requires_crosswalk_or_marine_review|timezone_not_normalized_to_utc
1045230,172183,2022,2022-08-21T15:00:00,2022-08-21T16:41:00,AST-4,1.6833333333333333,99,,C,127,SAN JUAN,0,0,0,0,0.00,0.00,Heavy Rain,0,"[[18.3893,-66.0713],[18.3896,-66.0652],[18.3825,-66.066],[18.3813,-66.0725]]",0,1,requires_crosswalk_or_marine_review|timezone_not_normalized_to_utc
1045231,172183,2022,2022-08-21T15:35:00,2022-08-21T16:46:00,AST-4,1.1833333333333333,99,,C,127,SAN JUAN,0,0,0,0,0.00,0.00,Heavy Rain,0,"[[18.3426,-66.0697],[18.3436,-66.0672],[18.3378,-66.0627],[18.3361,-66.0651]]",0,1,requires_crosswalk_or_marine_review|timezone_not_normalized_to_utc
1045235,172183,2022,2022-08-21T15:34:00,2022-08-21T16:30:00,AST-4,0.9333333333333333,99,,C,131,SAN SEBASTIAN,0,0,0,0,0.00,0.00,Heavy Rain,0,"[[18.3498,-67.002],[18.3486,-67.002],[18.3482,-66.9985],[18.3493,-66.9981]]",0,1,requires_crosswalk_or_marine_review|timezone_not_normalized_to_utc
1045245,172183,2022,2022-08-21T17:02:00,2022-08-21T19:00:00,AST-4,1.9666666666666666,99,,C,139,TRUJILLO ALTO,0,0,0,0,0.00,0.00,Heavy Rain,0,"[[18.3205,-66.0198],[18.3232,-66.0224],[18.3231,-66.0204],[18.3246,-66.0197],[18.3243,-66.0243],[18.3234,-66.0257],[18.3188,-66.024]]",0,1,requires_crosswalk_or_marine_review|timezone_not_normalized_to_utc
1045251,172183,2022,2022-08-21T08:00:00,2022-08-21T10:00:00,AST-4,2.0,99,,C,069,HUMACAO,0,0,0,0,0.00,0.00,Heavy Rain,0,"[[18.1312,-65.8265],[18.1342,-65.8216],[18.1284,-65.8162],[18.1227,-65.822]]",0,1,requires_crosswalk_or_marine_review|timezone_not_normalized_to_utc
1045256,172183,2022,2022-08-22T16:00:00,2022-08-22T16:15:00,AST-4,0.25,99,,C,039,CIALES,0,0,0,0,0.00,0.00,Heavy Rain,0,"[[18.2573,-66.5187],[18.2572,-66.5088],[18.2416,-66.5126],[18.2441,-66.5228]]",0,1,requires_crosswalk_or_marine_review|timezone_not_normalized_to_utc
1045265,172183,2022,2022-08-22T16:27:00,2022-08-22T17:00:00,AST-4,0.55,99,,C,031,CAROLINA,0,0,0,0,0.00,0.00,Heavy Rain,0,"[[18.3822,-65.9744],[18.3812,-65.9747],[18.3801,-65.9717],[18.3816,-65.9707]]",0,1,requires_crosswalk_or_marine_review|timezone_not_normalized_to_utc
1045269,172183,2022,2022-08-22T16:30:00,2022-08-22T17:00:00,AST-4,0.5,99,,C,127,SAN JUAN,0,0,0,0,0.00,0.00,Heavy Rain,0,"[[18.4323,-66.0956],[18.4222,-66.0904],[18.4312,-66.0788],[18.4386,-66.0861]]",0,1,requires_crosswalk_or_marine_review|timezone_not_normalized_to_utc
1045473,172183,2022,2022-08-22T16:30:00,2022-08-22T17:00:00,AST-4,0.5,99,,C,127,SAN JUAN,0,0,0,0,0.00,0.00,Heavy Rain,0,"[[18.3999,-66.0414],[18.4002,-66.0391],[18.3959,-66.0383],[18.3964,-66.0411]]",0,1,requires_crosswalk_or_marine_review|timezone_not_normalized_to_utc
1045475,172183,2022,2022-08-22T16:30:00,2022-08-22T18:30:00,AST-4,2.0,99,,C,127,SAN JUAN,0,0,0,0,0.00,0.00,Heavy Rain,0,"[[18.4008,-66.1109],[18.4015,-66.1073],[18.3987,-66.1069],[18.3986,-66.1079],[18.3992,-66.1103]]",0,1,requires_crosswalk_or_marine_review|timezone_not_normalized_to_utc
1045478,172183,2022,2022-08-22T16:30:00,2022-08-22T17:00:00,AST-4,0.5,99,,C,127,SAN JUAN,0,0,0,0,0.00,0.00,Heavy Rain,0,"[[18.4001,-66.0411],[18.4003,-66.0395],[18.3993,-66.0394],[18.3994,-66.041]]",0,1,requires_crosswalk_or_marine_review|timezone_not_normalized_to_utc
1045480,172183,2022,2022-08-22T16:41:00,2022-08-22T18:00:00,AST-4,1.3166666666666667,99,,C,025,CAGUAS,0,0,0,0,0.00,0.00,Heavy Rain,0,"[[18.2676,-66.0407],[18.2688,-66.0381],[18.2672,-66.0372],[18.2662,-66.0402]]",0,1,requires_crosswalk_or_marine_review|timezone_not_normalized_to_utc
1045484,172183,2022,2022-08-22T17:00:00,2022-08-22T18:36:00,AST-4,1.6,99,,C,127,SAN JUAN,0,0,0,0,0.00,0.00,Heavy Rain,0,"[[18.4457,-66.0459],[18.4458,-66.0452],[18.443,-66.046],[18.4433,-66.0466]]",0,1,requires_crosswalk_or_marine_review|timezone_not_normalized_to_utc
1045490,172183,2022,2022-08-22T17:00:00,2022-08-22T18:37:00,AST-4,1.6166666666666667,99,,C,127,SAN JUAN,0,0,0,0,0.00,0.00,Heavy Rain,0,"[[18.3904,-66.011],[18.3894,-66.0109],[18.3896,-66.009],[18.3905,-66.0091]]",0,1,requires_crosswalk_or_marine_review|timezone_not_normalized_to_utc
1045491,172183,2022,2022-08-22T17:30:00,2022-08-22T18:36:00,AST-4,1.1,99,,C,127,SAN JUAN,0,0,0,0,0.00,0.00,Heavy Rain,0,"[[18.4004,-66.0223],[18.4016,-66.0189],[18.3977,-66.0185],[18.3977,-66.0219]]",0,1,requires_crosswalk_or_marine_review|timezone_not_normalized_to_utc
1045495,172183,2022,2022-08-23T15:15:00,2022-08-23T17:00:00,AST-4,1.75,99,,C,099,MOCA,0,0,0,0,0.00,0.00,Heavy Rain,0,"[[18.3679,-67.0985],[18.3713,-67.0994],[18.3719,-67.0923],[18.3684,-67.0906]]",0,1,requires_crosswalk_or_marine_review|timezone_not_normalized_to_utc
1045524,172222,2022,2022-07-29T23:15:00,2022-07-29T23:15:00,CST-6,0.0,29,29043,C,043,CHRISTIAN,0,0,0,0,0.00,0.00,Heavy Rain,0,"[[36.99,-93.22],[36.9864,-93.2294],[36.9809,-93.2228],[36.9859,-93.2143]]",0,1,county_code_unverified|timezone_not_normalized_to_utc
1045613,172235,2022,2022-08-18T15:00:00,2022-08-18T17:00:00,EST-5,2.0,12,12031,C,031,DUVAL,0,0,0,0,30000.00,0.00,Heavy Rain,0,"[[30.34,-81.68],[30.3515,-81.6759],[30.3523,-81.6509],[30.3342,-81.6509]]",0,1,county_code_unverified|timezone_not_normalized_to_utc
1045690,172242,2022,2022-08-27T17:00:00,2022-08-27T18:00:00,AST-4,1.0,99,,C,003,AGUADA,0,0,0,0,0.00,0.00,Heavy Rain,0,"[[18.3749,-67.1945],[18.3761,-67.1921],[18.3728,-67.1911],[18.3709,-67.1934]]",0,1,requires_crosswalk_or_marine_review|timezone_not_normalized_to_utc
1045691,172242,2022,2022-08-27T17:00:00,2022-08-27T18:00:00,AST-4,1.0,99,,C,003,AGUADA,0,0,0,0,0.00,0.00,Heavy Rain,0,"[[18.376,-67.179],[18.3747,-67.178],[18.3759,-67.1769],[18.3766,-67.1783]]",0,1,requires_crosswalk_or_marine_review|timezone_not_normalized_to_utc
1045692,172242,2022,2022-08-27T17:00:00,2022-08-27T18:00:00,AST-4,1.0,99,,C,003,AGUADA,0,0,0,0,0.00,0.00,Heavy Rain,0,"[[18.379,-67.192],[18.3776,-67.1925],[18.3768,-67.1882],[18.3779,-67.1878]]",0,1,requires_crosswalk_or_marine_review|timezone_not_normalized_to_utc
1045693,172242,2022,2022-08-31T14:40:00,2022-08-31T16:00:00,AST-4,1.3333333333333333,99,,C,125,SAN GERMAN,0,0,0,0,0.00,0.00,Heavy Rain,0,"[[18.1372,-67.0725],[18.1367,-67.071],[18.1384,-67.0702],[18.1386,-67.0722]]",0,1,requires_crosswalk_or_marine_review|timezone_not_normalized_to_utc
1045694,172242,2022,2022-08-31T14:25:00,2022-08-31T16:00:00,AST-4,1.5833333333333333,99,,C,125,SAN GERMAN,0,0,0,0,0.00,0.00,Heavy Rain,0,"[[18.132,-67.0721],[18.1327,-67.0693],[18.1279,-67.0695],[18.1293,-67.074]]",0,1,requires_crosswalk_or_marine_review|timezone_not_normalized_to_utc
1045695,172242,2022,2022-08-31T14:27:00,2022-08-31T16:00:00,AST-4,1.55,99,,C,113,PONCE,0,0,0,0,0.00,0.00,Heavy Rain,0,"[[17.9985,-66.6087],[17.9963,-66.597],[17.9874,-66.6021],[17.9913,-66.6124]]",0,1,requires_crosswalk_or_marine_review|timezone_not_normalized_to_utc
1045774,172270,2022,2022-08-24T12:50:00,2022-08-24T12:50:00,PST-8,0.0,06,06065,C,065,RIVERSIDE,0,0,0,0,0.00,0.00,Heavy Rain,0,"[[33.5537,-116.7346],[33.549,-116.7337],[33.5484,-116.7464],[33.5559,-116.7452]]",0,1,county_code_unverified|timezone_not_normalized_to_utc
1045791,172266,2022,2022-09-11T15:15:00,2022-09-11T18:15:00,PST-8,3.0,06,06107,C,107,TULARE,0,0,0,0,0.00,0.00,Heavy Rain / Burn Area,0,"[[36.7173,-118.9416],[36.7182,-118.9477],[36.72,-118.9473],[36.7188,-118.9414]]",0,1,county_code_unverified|timezone_not_normalized_to_utc
1045795,172273,2022,2022-08-16T11:30:00,2022-08-16T11:30:00,PST-8,0.0,06,06071,C,071,SAN BERNARDINO,0,0,0,0,0.00,0.00,Heavy Rain,0,"[[34.16,-116.91],[34.1589,-116.9115],[34.1614,-116.9154],[34.1631,-116.9125],[34.1618,-116.909]]",0,1,county_code_unverified|timezone_not_normalized_to_utc
1045796,172267,2022,2022-09-12T11:59:00,2022-09-12T14:59:00,PST-8,3.0,06,06029,C,029,KERN,0,0,0,0,0.00,0.00,Heavy Rain,0,"[[35.1424,-118.3146],[35.1435,-118.3137],[35.1433,-118.3121],[35.1421,-118.313]]",0,1,county_code_unverified|timezone_not_normalized_to_utc
1045797,172267,2022,2022-09-12T12:03:00,2022-09-12T15:03:00,PST-8,3.0,06,06029,C,029,KERN,0,0,0,0,0.00,0.00,Heavy Rain,0,"[[35.11,-118.6],[35.1076,-118.5998],[35.1078,-118.6039],[35.1104,-118.6037]]",0,1,county_code_unverified|timezone_not_normalized_to_utc
1045808,172275,2022,2022-07-01T00:00:00,2022-07-11T14:00:00,CST-6,254.0,27,27137,C,137,ST. LOUIS,0,0,0,0,1400000.00,0.00,Heavy Rain / Snow Melt,0,"[[48.2029,-91.7923],[47.866,-91.8175],[47.8745,-92.6744],[48.1433,-93.0942],[48.6273,-93.0942],[48.5532,-92.7505],[48.3857,-92.0386]]",0,1,county_code_unverified|timezone_not_normalized_to_utc
1045809,172275,2022,2022-07-01T00:00:00,2022-07-11T14:00:00,CST-6,254.0,27,27071,C,071,KOOCHICHING,0,0,0,0,2400000.00,0.00,Heavy Rain / Snow Melt,0,"[[48.6,-93.467],[48.6272,-93.3444],[48.6427,-93.2074],[48.6234,-93.1781],[48.6281,-93.09],[48.1439,-93.091],[48.3566,-93.4261]]",0,1,county_code_unverified|timezone_not_normalized_to_utc
1045891,172295,2022,2022-07-25T16:04:00,2022-07-25T18:04:00,MST-7,2.0,08,08041,C,041,EL PASO,0,0,0,0,0.00,0.00,Heavy Rain,0,"[[38.7528,-104.7421],[38.7525,-104.7417],[38.7521,-104.7422],[38.7525,-104.7425]]",0,1,county_code_unverified|timezone_not_normalized_to_utc
1046220,172349,2022,2022-09-07T11:07:00,2022-09-07T13:07:00,EST-5,2.0,24,24043,C,043,WASHINGTON,0,0,0,0,0.00,0.00,Heavy Rain,0,"[[39.6322,-77.7238],[39.6318,-77.7238],[39.6319,-77.7219],[39.6325,-77.7222]]",0,1,county_code_unverified|timezone_not_normalized_to_utc
1046222,172349,2022,2022-09-07T10:43:00,2022-09-07T12:43:00,EST-5,2.0,24,24043,C,043,WASHINGTON,0,0,0,0,0.00,0.00,Heavy Rain,0,"[[39.6703,-77.7196],[39.6695,-77.7196],[39.6694,-77.7188],[39.6704,-77.7188]]",0,1,county_code_unverified|timezone_not_normalized_to_utc
1046225,172349,2022,2022-09-07T10:43:00,2022-09-07T12:43:00,EST-5,2.0,24,24043,C,043,WASHINGTON,0,0,0,0,0.00,0.00,Heavy Rain,0,"[[39.6703,-77.7196],[39.6695,-77.7196],[39.6694,-77.7188],[39.6704,-77.7188]]",0,1,county_code_unverified|timezone_not_normalized_to_utc
1046230,172350,2022,2022-09-12T15:16:00,2022-09-12T17:16:00,EST-5,2.0,24,24005,C,005,BALTIMORE,0,0,0,0,0.00,0.00,Heavy Rain,0,"[[39.465,-76.5727],[39.4652,-76.5718],[39.4645,-76.5719],[39.4645,-76.573]]",0,1,county_code_unverified|timezone_not_normalized_to_utc
1046231,172350,2022,2022-09-12T16:20:00,2022-09-12T18:20:00,EST-5,2.0,24,24005,C,005,BALTIMORE,0,0,0,0,0.00,0.00,Heavy Rain,0,"[[39.3983,-76.6493],[39.3983,-76.648],[39.3994,-76.6481],[39.3991,-76.6494]]",0,1,county_code_unverified|timezone_not_normalized_to_utc
1046232,172350,2022,2022-09-12T16:48:00,2022-09-12T18:48:00,EST-5,2.0,24,24005,C,005,BALTIMORE,0,0,0,0,0.00,0.00,Heavy Rain,0,"[[39.4475,-76.8145],[39.4472,-76.8148],[39.4466,-76.8143],[39.4473,-76.8136]]",0,1,county_code_unverified|timezone_not_normalized_to_utc
1046246,172356,2022,2022-07-08T14:45:00,2022-07-08T16:03:00,EST-5,1.3,12,12019,C,019,CLAY,0,0,0,0,0.00,0.00,Heavy Rain,0,"[[30.0,-81.68],[29.9981,-81.686],[29.9878,-81.6824],[29.9901,-81.6767]]",0,1,county_code_unverified|timezone_not_normalized_to_utc
1046268,172359,2022,2022-07-11T16:10:00,2022-07-11T17:20:00,EST-5,1.1666666666666667,12,12031,C,031,DUVAL,0,0,0,0,0.00,0.00,Heavy Rain,0,"[[30.2766,-81.7244],[30.2821,-81.7665],[30.304,-81.7669],[30.3211,-81.7208]]",0,1,county_code_unverified|timezone_not_normalized_to_utc
1046270,172359,2022,2022-07-11T16:30:00,2022-07-11T17:39:00,EST-5,1.15,12,12031,C,031,DUVAL,0,0,0,0,0.00,0.00,Heavy Rain,0,"[[30.42,-81.58],[30.4299,-81.5813],[30.4303,-81.5783],[30.4227,-81.5712]]",0,1,county_code_unverified|timezone_not_normalized_to_utc
1046275,172361,2022,2022-07-12T16:20:00,2022-07-12T16:20:00,EST-5,0.0,13,13127,C,127,GLYNN,0,0,0,0,0.00,0.00,Heavy Rain,0,"[[31.17,-81.39],[31.1649,-81.3807],[31.1448,-81.3961],[31.1663,-81.4109]]",0,1,county_code_unverified|timezone_not_normalized_to_utc
1046499,172296,2022,2022-07-26T18:26:00,2022-07-26T20:26:00,MST-7,2.0,08,08101,C,101,PUEBLO,0,0,0,0,0.00,0.00,Heavy Rain,0,"[[38.4,-104.62],[38.4035,-104.6194],[38.4032,-104.6174],[38.4004,-104.6183]]",0,1,county_code_unverified|timezone_not_normalized_to_utc
1046537,172404,2022,2022-08-05T15:39:00,2022-08-05T15:39:00,EST-5,0.0,25,25017,C,017,MIDDLESEX,0,0,0,0,0.00,0.00,Heavy Rain,0,"[[42.35,-71.19],[42.3503,-71.1876],[42.3495,-71.1876],[42.3494,-71.1897]]",0,1,county_code_unverified|timezone_not_normalized_to_utc
1046538,172404,2022,2022-08-05T17:02:00,2022-08-05T17:02:00,EST-5,0.0,25,25023,C,023,PLYMOUTH,0,0,0,0,4000.00,0.00,Heavy Rain,0,"[[41.96,-70.68],[41.9577,-70.6774],[41.9585,-70.6758],[41.9614,-70.6786]]",0,1,county_code_unverified|timezone_not_normalized_to_utc
1046571,172408,2022,2022-08-07T18:25:00,2022-08-07T18:25:00,EST-5,0.0,25,25017,C,017,MIDDLESEX,0,0,0,0,0.00,0.00,Heavy Rain,0,"[[42.4227,-71.1658],[42.4225,-71.1655],[42.4228,-71.1654],[42.4228,-71.1656]]",0,1,county_code_unverified|timezone_not_normalized_to_utc
1046616,172426,2022,2022-08-11T02:36:00,2022-08-11T12:13:00,EST-5,9.616666666666667,39,39105,C,105,MEIGS,0,0,0,0,250.00,0.00,Heavy Rain,0,"[[39.0663,-81.8851],[39.0612,-81.8852],[39.061,-81.8792],[39.0664,-81.8783]]",0,1,county_code_unverified|timezone_not_normalized_to_utc
1046732,172443,2022,2022-08-09T17:34:00,2022-08-09T17:35:00,EST-5,0.016666666666666666,25,25005,C,005,BRISTOL,0,0,0,0,20000.00,0.00,Heavy Rain,0,"[[41.6846,-71.1632],[41.6862,-71.1414],[41.6839,-71.1436],[41.6829,-71.1642]]",0,1,county_code_unverified|timezone_not_normalized_to_utc
1046735,172443,2022,2022-08-09T18:14:00,2022-08-09T18:50:00,EST-5,0.6,25,25005,C,005,BRISTOL,0,0,0,0,0.00,0.00,Heavy Rain,0,"[[41.673,-70.9205],[41.6668,-70.9222],[41.6665,-70.9252],[41.6745,-70.9224]]",0,1,county_code_unverified|timezone_not_normalized_to_utc
1046957,172214,2022,2022-07-23T13:40:00,2022-07-23T15:45:00,CST-6,2.0833333333333335,27,27099,C,099,MOWER,0,0,0,0,0.00,0.00,Heavy Rain,0,"[[43.674,-92.9298],[43.6514,-92.9281],[43.6405,-92.9886],[43.6644,-93.0294],[43.7019,-92.986]]",0,1,county_code_unverified|timezone_not_normalized_to_utc
1046976,172494,2022,2022-07-08T17:35:00,2022-07-08T18:35:00,EST-5,1.0,13,13321,C,321,WORTH,0,0,0,0,0.00,0.00,Heavy Rain,0,"[[31.5392,-83.8351],[31.5407,-83.8351],[31.5408,-83.8375],[31.5396,-83.8375]]",0,1,county_code_unverified|timezone_not_normalized_to_utc
1046977,172494,2022,2022-07-08T18:15:00,2022-07-08T19:15:00,EST-5,1.0,13,13321,C,321,WORTH,0,0,0,0,0.00,0.00,Heavy Rain,0,"[[31.36,-83.93],[31.3815,-83.9241],[31.3833,-83.9439],[31.3668,-83.9422]]",0,1,county_code_unverified|timezone_not_normalized_to_utc
1046978,172494,2022,2022-07-08T18:35:00,2022-07-08T19:35:00,EST-5,1.0,13,13205,C,205,MITCHELL,0,0,0,0,0.00,0.00,Heavy Rain,0,"[[31.22,-84.19],[31.2381,-84.1849],[31.2414,-84.2191],[31.2205,-84.2205]]",0,1,county_code_unverified|timezone_not_normalized_to_utc
1046979,172494,2022,2022-07-08T19:10:00,2022-07-08T20:10:00,EST-5,1.0,13,13205,C,205,MITCHELL,0,0,0,0,0.00,0.00,Heavy Rain,0,"[[31.12,-84.23],[31.1301,-84.2266],[31.1315,-84.2386],[31.1195,-84.2359]]",0,1,county_code_unverified|timezone_not_normalized_to_utc
1047176,172526,2022,2022-08-22T14:28:00,2022-08-22T14:28:00,EST-5,0.0,12,12031,C,031,DUVAL,0,0,0,0,0.00,0.00,Heavy Rain,0,"[[30.29,-81.39],[30.2901,-81.3927],[30.286,-81.3924],[30.2869,-81.3893]]",0,1,county_code_unverified|timezone_not_normalized_to_utc
1047220,172532,2022,2022-07-01T00:00:00,2022-07-31T23:59:00,CST-6,743.9833333333333,46,46013,C,013,BROWN,0,0,0,0,0.00,0.00,Heavy Rain,0,"[[45.86,-98.24],[45.63,-98.37],[45.52,-98.3],[45.52,-98.18],[45.63,-98.27],[45.86,-98.17]]",0,1,county_code_unverified|timezone_not_normalized_to_utc
1047221,172532,2022,2022-07-01T00:00:00,2022-07-31T23:59:00,CST-6,743.9833333333333,46,46013,C,013,BROWN,0,0,0,0,0.00,0.00,Heavy Rain,0,"[[45.52,-98.18],[45.15,-98.35],[45.15,-98.45],[45.52,-98.3]]",0,1,county_code_unverified|timezone_not_normalized_to_utc
1047222,172532,2022,2022-07-01T00:00:00,2022-07-31T23:59:00,CST-6,743.9833333333333,46,46115,C,115,SPINK,0,0,1,0,0.00,0.00,Heavy Rain,1,"[[45.15,-98.35],[44.96,-98.45],[44.92,-98.52],[44.97,-98.54],[45.15,-98.45]]",0,1,county_code_unverified|timezone_not_normalized_to_utc
1047460,172547,2022,2022-07-12T18:45:00,2022-07-12T19:10:00,CST-6,0.4166666666666667,48,48381,C,381,RANDALL,0,0,0,0,0.00,0.00,Heavy Rain,0,"[[34.978,-101.9242],[34.978,-101.9117],[34.9709,-101.9117],[34.9709,-101.9241]]",0,1,county_code_unverified|timezone_not_normalized_to_utc
1047571,172590,2022,2022-08-23T17:15:00,2022-08-23T18:30:00,EST-5,1.25,12,12001,C,001,ALACHUA,0,0,0,0,1000.00,0.00,Heavy Rain,0,"[[29.67,-82.34],[29.6687,-82.357],[29.6404,-82.357],[29.6448,-82.3353]]",0,1,county_code_unverified|timezone_not_normalized_to_utc
1047573,172590,2022,2022-08-23T16:30:00,2022-08-23T18:00:00,EST-5,1.5,12,12001,C,001,ALACHUA,0,0,0,0,0.00,0.00,Heavy Rain,0,"[[29.64,-82.1],[29.6427,-82.1008],[29.6417,-82.1099],[29.6383,-82.108]]",0,1,county_code_unverified|timezone_not_normalized_to_utc
1047579,172590,2022,2022-08-23T18:50:00,2022-08-23T19:30:00,EST-5,0.6666666666666666,12,12019,C,019,CLAY,0,0,0,0,0.00,0.00,Heavy Rain,0,"[[30.1794,-81.7267],[30.1735,-81.7266],[30.1739,-81.7301],[30.1796,-81.7292]]",0,1,county_code_unverified|timezone_not_normalized_to_utc
1047667,172603,2022,2022-08-26T14:00:00,2022-08-26T14:30:00,EST-5,0.5,12,12035,C,035,FLAGLER,0,0,0,0,0.00,0.00,Heavy Rain,0,"[[29.55,-81.23],[29.5453,-81.2302],[29.5443,-81.2328],[29.5491,-81.2381]]",0,1,county_code_unverified|timezone_not_normalized_to_utc
1047670,172603,2022,2022-08-26T13:00:00,2022-08-26T14:30:00,EST-5,1.5,12,12035,C,035,FLAGLER,0,0,0,0,0.00,0.00,Heavy Rain,0,"[[29.4722,-81.3755],[29.4581,-81.3772],[29.4605,-81.3677],[29.4728,-81.3679]]",0,1,county_code_unverified|timezone_not_normalized_to_utc
1047691,172603,2022,2022-08-26T17:00:00,2022-08-26T19:55:00,EST-5,2.9166666666666665,12,12023,C,023,COLUMBIA,0,0,0,0,0.00,0.00,Heavy Rain,0,"[[30.16,-82.65],[30.1566,-82.6493],[30.1578,-82.6441],[30.1623,-82.6436]]",0,1,county_code_unverified|timezone_not_normalized_to_utc
1047991,172637,2022,2022-07-01T00:00:00,2022-07-31T23:59:00,CST-6,743.9833333333333,46,46005,C,005,BEADLE,0,0,0,0,0.00,10000.00,Heavy Rain,0,"[[44.63,-98.33],[44.63,-98.21],[44.49,-98.1],[44.2,-98.1],[44.2,-98.22],[44.47,-98.24]]",0,1,county_code_unverified|timezone_not_normalized_to_utc
1047992,172637,2022,2022-07-01T00:00:00,2022-07-31T23:59:00,CST-6,743.9833333333333,46,46111,C,111,SANBORN,0,0,0,0,0.00,140000.00,Heavy Rain,0,"[[44.2,-98.22],[44.2,-98.1],[44.02,-98.02],[43.93,-97.98],[43.93,-98.12],[44.09,-98.16]]",0,1,county_code_unverified|timezone_not_normalized_to_utc
1047993,172637,2022,2022-07-01T00:00:00,2022-07-31T23:59:00,CST-6,743.9833333333333,46,46111,C,111,SANBORN,0,0,0,0,0.00,0.00,Heavy Rain,0,"[[43.93,-98.12],[43.93,-97.98],[43.8506,-97.949],[43.851,-98.0918]]",0,1,county_code_unverified|timezone_not_normalized_to_utc
1047994,172637,2022,2022-07-01T00:00:00,2022-07-31T23:59:00,CST-6,743.9833333333333,46,46035,C,035,DAVISON,0,0,0,0,0.00,0.00,Heavy Rain,0,"[[43.851,-98.0918],[43.8506,-97.9673],[43.5607,-97.9647],[43.51,-97.97]]",0,1,county_code_unverified|timezone_not_normalized_to_utc
1047995,172637,2022,2022-07-01T00:00:00,2022-07-31T23:59:00,CST-6,743.9833333333333,46,46061,C,061,HANSON,0,0,0,0,0.00,73000.00,Heavy Rain,0,"[[43.8506,-97.9673],[43.8506,-97.949],[43.7,-97.89],[43.5,-97.7166],[43.499,-97.9532],[43.5607,-97.9647]]",0,1,county_code_unverified|timezone_not_normalized_to_utc
1047996,172637,2022,2022-07-01T00:00:00,2022-07-31T23:59:00,CST-6,743.9833333333333,46,46067,C,067,HUTCHINSON,0,0,0,0,0.00,113000.00,Heavy Rain,0,"[[43.499,-97.9532],[43.5,-97.7166],[43.4,-97.63],[43.38,-97.77]]",0,1,county_code_unverified|timezone_not_normalized_to_utc
1047997,172638,2022,2022-07-05T20:30:00,2022-07-06T02:00:00,CST-6,5.5,46,46099,C,099,MINNEHAHA,0,0,0,0,0.00,0.00,Heavy Rain,0,"[[43.72,-96.54],[43.72,-96.48],[43.62,-96.54],[43.58,-96.54],[43.58,-96.61],[43.65,-96.61]]",0,1,county_code_unverified|timezone_not_normalized_to_utc
1047998,172639,2022,2022-07-09T10:00:00,2022-07-13T02:00:00,CST-6,88.0,19,19059,C,059,DICKINSON,0,0,0,0,0.00,0.00,Heavy Rain,0,"[[43.501,-95.2208],[43.501,-95.1949],[43.47,-95.19],[43.41,-95.24],[43.43,-95.28]]",0,1,county_code_unverified|timezone_not_normalized_to_utc
1047999,172639,2022,2022-07-08T06:00:00,2022-07-15T07:00:00,CST-6,169.0,19,19059,C,059,DICKINSON,0,0,0,0,0.00,0.00,Heavy Rain,0,"[[43.41,-95.27],[43.41,-95.21],[43.34,-95.2],[43.31,-95.15],[43.2555,-95.1609],[43.2554,-95.2648],[43.3,-95.25]]",0,1,county_code_unverified|timezone_not_normalized_to_utc
1048000,172639,2022,2022-07-08T06:00:00,2022-07-15T07:00:00,CST-6,169.0,19,19041,C,041,CLAY,0,0,0,0,0.00,0.00,Heavy Rain,0,"[[43.2554,-95.2648],[43.2555,-95.1609],[43.21,-95.17],[43.21,-95.28]]",0,1,county_code_unverified|timezone_not_normalized_to_utc
1048001,172639,2022,2022-07-10T08:00:00,2022-07-14T04:00:00,CST-6,92.0,19,19041,C,041,CLAY,0,0,0,0,0.00,0.00,Heavy Rain,0,"[[43.255,-95.184],[43.21,-95.17],[43.14,-95.23],[43.24,-95.29],[43.255,-95.2764]]",0,1,county_code_unverified|timezone_not_normalized_to_utc
1048022,172643,2022,2022-07-05T08:00:00,2022-07-05T09:00:00,EST-5,1.0,18,18183,C,183,WHITLEY,0,0,0,0,5000.00,0.00,Heavy Rain,0,"[[41.2302,-85.3202],[41.2308,-85.3195],[41.2308,-85.3188],[41.2303,-85.3191]]",0,1,county_code_unverified|timezone_not_normalized_to_utc
1048250,172672,2022,2022-07-19T15:47:00,2022-07-21T12:32:00,AKST-9,44.75,02,02101,C,101,ANCHORAGE MUNI TO BIRD CREEK,0,0,0,0,0.00,0.00,Heavy Rain,0,"[[61.1394,-149.9233],[61.1394,-149.9234]]",0,1,county_code_unverified|timezone_not_normalized_to_utc
1048251,172672,2022,2022-07-19T20:09:00,2022-07-21T11:22:00,AKST-9,39.21666666666667,02,02145,C,145,SUSITNA VALLEY,0,0,0,0,0.00,0.00,Heavy Rain,0,"[[61.7676,-150.0681],[61.7679,-150.0622],[61.768,-150.0552],[61.7668,-150.0518]]",0,1,county_code_unverified|timezone_not_normalized_to_utc
1048252,172672,2022,2022-07-19T21:00:00,2022-07-21T12:35:00,AKST-9,39.583333333333336,02,02111,C,111,MATANUSKA VALLEY,0,0,0,0,0.00,0.00,Heavy Rain,0,"[[61.7103,-149.2297],[61.7114,-149.2297],[61.7124,-149.2297],[61.7131,-149.2314]]",0,1,county_code_unverified|timezone_not_normalized_to_utc
1048480,171695,2022,2022-07-27T08:50:00,2022-07-27T09:00:00,EST-5,0.16666666666666666,54,54025,C,025,GREENBRIER,0,0,0,0,0.00,0.00,Heavy Rain,0,"[[37.9702,-80.769],[37.9731,-80.7668],[37.9725,-80.7659],[37.9702,-80.768],[37.9678,-80.7682],[37.9677,-80.7692]]",0,1,county_code_unverified|timezone_not_normalized_to_utc
1048494,172718,2022,2022-07-17T17:06:00,2022-07-17T18:06:00,EST-5,1.0,26,26027,C,027,CASS,0,0,0,0,1000.00,0.00,Heavy Rain,0,"[[41.98,-86.11],[41.9799,-86.1103],[41.9802,-86.1113],[41.9806,-86.1107]]",0,1,county_code_unverified|timezone_not_normalized_to_utc
1048531,171590,2022,2022-07-23T21:27:00,2022-07-23T22:27:00,CST-6,1.0,55,55027,C,027,DODGE,0,0,0,0,1000.00,0.00,Heavy Rain,0,"[[43.4405,-88.8587],[43.4455,-88.8068],[43.4715,-88.8039],[43.4811,-88.8387],[43.4671,-88.8493]]",0,1,county_code_unverified|timezone_not_normalized_to_utc
1048534,171590,2022,2022-07-23T21:20:00,2022-07-23T22:20:00,CST-6,1.0,55,55027,C,027,DODGE,0,0,0,0,1000.00,0.00,Heavy Rain,0,"[[43.6007,-88.7178],[43.6316,-88.7133],[43.6319,-88.7602],[43.6006,-88.7309]]",0,1,county_code_unverified|timezone_not_normalized_to_utc
1048637,172737,2022,2022-09-11T21:00:00,2022-09-12T17:00:00,CST-6,20.0,55,55133,C,133,WAUKESHA,0,0,0,0,25000.00,0.00,Heavy Rain,0,"[[43.0521,-88.2936],[43.0898,-88.1288],[43.0894,-88.067],[42.9351,-88.062],[42.9751,-88.3192]]",0,1,county_code_unverified|timezone_not_normalized_to_utc
1048652,172737,2022,2022-09-11T22:00:00,2022-09-12T17:00:00,CST-6,19.0,55,55079,C,079,MILWAUKEE,0,0,0,0,15000.00,0.00,Heavy Rain,0,"[[42.8435,-88.0096],[42.8426,-87.8462],[42.9326,-87.8477],[42.9908,-88.0676],[42.8848,-88.0676]]",0,1,county_code_unverified|timezone_not_normalized_to_utc
1049053,172778,2022,2022-07-23T14:37:00,2022-07-23T16:15:00,CST-6,1.6333333333333333,55,55063,C,063,LA CROSSE,0,0,0,0,0.00,0.00,Heavy Rain,0,"[[43.8131,-91.2548],[43.813,-91.2175],[43.7629,-91.2106],[43.7916,-91.2523]]",0,1,county_code_unverified|timezone_not_normalized_to_utc
1049074,172453,2022,2022-08-23T13:43:00,2022-08-23T13:43:00,EST-5,0.0,44,44007,C,007,PROVIDENCE,0,0,0,0,0.00,0.00,Heavy Rain,0,"[[41.9028,-71.3878],[41.904,-71.3888],[41.9037,-71.3895],[41.9028,-71.3883]]",0,1,county_code_unverified|timezone_not_normalized_to_utc
1049131,172787,2022,2022-07-21T08:00:00,2022-07-21T10:00:00,EST-5,2.0,47,47093,C,093,KNOX,0,0,0,0,20000.00,0.00,Heavy Rain,0,"[[35.9572,-83.9458],[35.9608,-83.9414],[35.954,-83.9382],[35.9499,-83.9403]]",0,1,county_code_unverified|timezone_not_normalized_to_utc
1049188,172796,2022,2022-07-25T13:50:00,2022-07-25T15:00:00,EST-5,1.1666666666666667,47,47155,C,155,SEVIER,0,0,0,0,0.00,0.00,Heavy Rain,0,"[[35.85,-83.3821],[35.8355,-83.4],[35.85,-83.4179],[35.86,-83.3949]]",0,1,county_code_unverified|timezone_not_normalized_to_utc
1049190,172796,2022,2022-07-25T20:25:00,2022-07-25T21:45:00,EST-5,1.3333333333333333,47,47145,C,145,ROANE,0,0,0,0,0.00,0.00,Heavy Rain,0,"[[35.8995,-84.6053],[35.92,-84.6068],[35.9251,-84.5737],[35.9445,-84.55],[35.9402,-84.5374],[35.9047,-84.5611]]",0,1,county_code_unverified|timezone_not_normalized_to_utc
1049436,172563,2022,2022-07-28T04:30:00,2022-07-28T17:45:00,EST-5,13.25,21,21133,C,133,LETCHER,0,0,0,0,0.00,0.00,Heavy Rain,0,"[[37.129,-83.055],[37.1118,-83.0612],[37.0215,-82.9584],[37.1192,-82.7283],[37.1807,-82.609],[37.2607,-82.7556],[37.2402,-82.8833]]",0,1,county_code_unverified|timezone_not_normalized_to_utc
1049437,172563,2022,2022-07-28T12:00:00,2022-07-29T05:00:00,EST-5,17.0,21,21193,C,193,PERRY,0,0,0,0,0.00,0.00,Heavy Rain,0,"[[37.1971,-83.0124],[37.1769,-83.1806],[37.2254,-83.2754],[37.327,-83.3871],[37.2708,-83.5102],[37.3418,-83.5358],[37.4271,-83.2126],[37.406,-83.1467]]",0,1,county_code_unverified|timezone_not_normalized_to_utc
1049442,172563,2022,2022-07-28T05:00:00,2022-07-30T12:00:00,EST-5,55.0,21,21025,C,025,BREATHITT,0,0,0,0,0.00,0.00,Heavy Rain,0,"[[37.4979,-83.0998],[37.3536,-83.3979],[37.3299,-83.5405],[37.5036,-83.5695],[37.6372,-83.5173],[37.6868,-83.4],[37.6335,-83.164],[37.5105,-82.9948]]",0,1,county_code_unverified|timezone_not_normalized_to_utc
1049468,172563,2022,2022-07-28T08:30:00,2022-07-29T03:30:00,EST-5,19.0,21,21071,C,071,FLOYD,0,0,0,0,0.00,0.00,Heavy Rain,0,"[[37.5068,-82.8246],[37.5054,-82.8713],[37.4838,-82.8597],[37.467,-82.8336],[37.4327,-82.8135],[37.4371,-82.7921],[37.5759,-82.7178],[37.585,-82.7701]]",0,1,county_code_unverified|timezone_not_normalized_to_utc
1049478,172563,2022,2022-07-29T22:47:00,2022-07-30T01:00:00,EST-5,2.216666666666667,21,21129,C,129,LEE,0,0,0,0,0.00,0.00,Heavy Rain,0,"[[37.5709,-83.7078],[37.5717,-83.7075],[37.5733,-83.7089],[37.5748,-83.7116],[37.5747,-83.7126],[37.5734,-83.7115],[37.571,-83.7083]]",0,1,county_code_unverified|timezone_not_normalized_to_utc
1049481,172563,2022,2022-07-28T12:28:00,2022-07-28T14:30:00,EST-5,2.033333333333333,21,21013,C,013,BELL,0,0,0,0,0.00,0.00,Heavy Rain,0,"[[36.7751,-83.6344],[36.776,-83.6217],[36.7771,-83.6219],[36.777,-83.6271],[36.7761,-83.6346]]",0,1,county_code_unverified|timezone_not_normalized_to_utc
1049485,172563,2022,2022-07-28T09:00:00,2022-07-28T14:00:00,EST-5,5.0,21,21237,C,237,WOLFE,0,0,0,0,0.00,0.00,Heavy Rain,0,"[[37.7294,-83.3369],[37.764,-83.3518],[37.7848,-83.3693],[37.7899,-83.4292],[37.8036,-83.4292],[37.7951,-83.3602],[37.7683,-83.345],[37.7364,-83.323]]",0,1,county_code_unverified|timezone_not_normalized_to_utc
1049730,172878,2022,2022-08-02T07:45:00,2022-08-19T18:00:00,CST-6,418.25,17,17193,C,193,WHITE,0,0,0,0,0.00,10000.00,Heavy Rain,0,"[[38.089,-88.1407],[38.0551,-88.1342],[38.0529,-88.1674],[38.0723,-88.1644]]",0,1,county_code_unverified|timezone_not_normalized_to_utc
1049815,172891,2022,2022-08-26T15:26:00,2022-08-26T15:26:00,EST-5,0.0,09,09003,C,003,HARTFORD,0,0,0,0,0.00,0.00,Heavy Rain,0,"[[41.9148,-72.7414],[41.9168,-72.7343],[41.9143,-72.7301],[41.9125,-72.7395]]",0,1,county_code_unverified|timezone_not_normalized_to_utc
1050125,172929,2022,2022-07-31T08:00:00,2022-07-31T23:00:00,MST-7,15.0,04,04005,C,005,COCONINO,0,0,0,0,0.00,0.00,Heavy Rain,0,"[[36.3036,-111.1262],[36.0023,-111.4378],[35.9246,-111.5454],[35.9044,-111.4805],[36.1046,-110.9555]]",0,1,county_code_unverified|timezone_not_normalized_to_utc
1050212,172782,2022,2022-07-24T09:23:00,2022-07-24T14:30:00,CST-6,5.116666666666666,19,19005,C,005,ALLAMAKEE,0,0,0,0,0.00,0.00,Heavy Rain,0,"[[43.422,-91.5073],[43.4289,-91.5018],[43.4282,-91.4999],[43.4204,-91.5062],[43.4203,-91.5081],[43.4259,-91.5197],[43.4266,-91.5194]]",0,1,county_code_unverified|timezone_not_normalized_to_utc
1050291,172948,2022,2022-07-06T15:00:00,2022-07-06T17:00:00,EST-5,2.0,12,12021,C,021,COLLIER,0,0,0,0,0.00,0.00,Heavy Rain,0,"[[26.1436,-81.7605],[26.1411,-81.7605],[26.1413,-81.7566],[26.1437,-81.7567]]",0,1,county_code_unverified|timezone_not_normalized_to_utc
1050309,172954,2022,2022-07-16T19:45:00,2022-07-16T21:00:00,EST-5,1.25,12,12011,C,011,BROWARD,0,0,0,0,0.00,0.00,Heavy Rain,0,"[[26.0042,-80.3011],[26.0064,-80.3094],[26.0094,-80.3094],[26.0092,-80.3024]]",0,1,county_code_unverified|timezone_not_normalized_to_utc
1050416,172889,2022,2022-08-26T14:34:00,2022-08-26T14:34:00,EST-5,0.0,25,25027,C,027,WORCESTER,0,0,0,0,0.00,0.00,Heavy Rain,0,"[[42.2263,-71.7935],[42.2247,-71.796],[42.2243,-71.7944],[42.226,-71.7923]]",0,1,county_code_unverified|timezone_not_normalized_to_utc
1050699,173005,2022,2022-08-08T08:39:00,2022-08-10T11:52:00,AKST-9,51.21666666666667,02,02111,C,111,MATANUSKA VALLEY,0,0,0,0,0.00,0.00,Heavy Rain,0,"[[61.6711,-149.5246],[61.6739,-149.4346],[61.655,-149.3811],[61.6211,-149.3901],[61.6002,-149.4463],[61.6117,-149.5277],[61.6638,-149.554]]",0,1,county_code_unverified|timezone_not_normalized_to_utc
1050701,173005,2022,2022-08-10T12:14:00,2022-08-11T12:15:00,AKST-9,24.016666666666666,02,02111,C,111,MATANUSKA VALLEY,0,0,0,0,0.00,0.00,Heavy Rain,0,"[[61.6291,-149.8281],[61.6192,-149.8258],[61.6135,-149.8128],[61.613,-149.7945],[61.6175,-149.7843],[61.6263,-149.7875],[61.6325,-149.7981],[61.6331,-149.8167]]",0,1,county_code_unverified|timezone_not_normalized_to_utc
1050702,173005,2022,2022-08-10T12:14:00,2022-08-11T12:15:00,AKST-9,24.016666666666666,02,02145,C,145,SUSITNA VALLEY,0,0,0,0,0.00,0.00,Heavy Rain,0,"[[61.5937,-149.7605],[61.5982,-149.671],[61.622,-149.6561],[61.6383,-149.6798],[61.6311,-149.7917],[61.6213,-149.8094],[61.6027,-149.7935]]",0,1,county_code_unverified|timezone_not_normalized_to_utc
1050703,173006,2022,2022-08-18T12:17:00,2022-08-20T15:22:00,AKST-9,51.083333333333336,02,02131,C,131,NERN P.W. SND,0,0,0,0,0.00,0.00,Heavy Rain,0,"[[61.0884,-146.2021],[61.089,-146.226],[61.0791,-146.2061],[61.0705,-146.1693],[61.0748,-146.1394]]",0,1,county_code_unverified|timezone_not_normalized_to_utc
1050705,173007,2022,2022-08-18T13:28:00,2022-08-27T16:00:00,AKST-9,218.53333333333333,02,02121,C,121,KENAI PENINSULA,0,0,0,0,0.00,0.00,Heavy Rain,0,"[[60.5147,-150.7079],[60.5154,-150.7018],[60.5143,-150.7054],[60.5144,-150.7066]]",0,1,county_code_unverified|timezone_not_normalized_to_utc
1050799,173020,2022,2022-08-21T13:30:00,2022-08-22T00:00:00,EST-5,10.5,42,42021,C,021,CAMBRIA,0,0,0,0,0.00,0.00,Heavy Rain,0,"[[40.3595,-78.8704],[40.3697,-78.8941],[40.3936,-78.8808],[40.3873,-78.8541],[40.373,-78.85]]",0,1,county_code_unverified|timezone_not_normalized_to_utc
1050814,172737,2022,2022-09-11T21:00:00,2022-09-12T17:00:00,CST-6,20.0,55,55101,C,101,RACINE,0,0,0,0,15000.00,1000.00,Heavy Rain,0,"[[42.8413,-87.8278],[42.7779,-87.7647],[42.668,-87.806],[42.6724,-88.3044],[42.8413,-88.3057]]",0,1,county_code_unverified|timezone_not_normalized_to_utc
1050936,173049,2022,2022-08-29T19:10:00,2022-08-29T20:00:00,EST-5,0.8333333333333334,21,21193,C,193,PERRY,0,0,0,0,5000.00,0.00,Heavy Rain,0,"[[37.2486,-83.1882],[37.2518,-83.1905],[37.2529,-83.1952],[37.2483,-83.1964],[37.2472,-83.1931],[37.2471,-83.1892]]",0,1,county_code_unverified|timezone_not_normalized_to_utc
1050942,173052,2022,2022-08-04T04:00:00,2022-08-04T06:00:00,EST-5,2.0,21,21187,C,187,OWEN,0,0,0,0,0.00,0.00,Heavy Rain,0,"[[38.62,-84.92],[38.6233,-84.932],[38.6518,-84.9498],[38.6527,-84.9353]]",0,1,county_code_unverified|timezone_not_normalized_to_utc
1050951,173055,2022,2022-08-05T16:00:00,2022-08-05T17:30:00,EST-5,1.5,39,39011,C,011,AUGLAIZE,0,0,0,0,0.00,0.00,Heavy Rain,0,"[[40.5359,-84.4022],[40.5604,-84.4022],[40.5582,-84.3647],[40.5332,-84.3641]]",0,1,county_code_unverified|timezone_not_normalized_to_utc
1050954,173057,2022,2022-08-06T10:00:00,2022-08-06T12:00:00,EST-5,2.0,39,39025,C,025,CLERMONT,0,0,0,0,5000.00,0.00,Heavy Rain,0,"[[38.971,-84.0763],[38.9721,-84.0854],[38.961,-84.084],[38.9605,-84.0782]]",0,1,county_code_unverified|timezone_not_normalized_to_utc
1050958,173060,2022,2022-08-09T21:00:00,2022-08-09T23:00:00,EST-5,2.0,21,21077,C,077,GALLATIN,0,0,0,0,0.00,0.00,Heavy Rain,0,"[[38.76,-84.87],[38.7589,-84.8722],[38.7551,-84.8737],[38.7544,-84.8715]]",0,1,county_code_unverified|timezone_not_normalized_to_utc
1050963,173058,2022,2022-08-09T21:00:00,2022-08-09T23:00:00,EST-5,2.0,18,18155,C,155,SWITZERLAND,0,0,0,0,0.00,0.00,Heavy Rain,0,"[[38.8906,-84.9389],[38.8906,-84.9422],[38.8892,-84.9458],[38.888,-84.9445],[38.8886,-84.9394]]",0,1,county_code_unverified|timezone_not_normalized_to_utc
1050964,173059,2022,2022-08-10T18:00:00,2022-08-10T20:00:00,EST-5,2.0,39,39145,C,145,SCIOTO,0,0,0,0,0.00,0.00,Heavy Rain,0,"[[38.91,-83.03],[38.9104,-83.0601],[38.8984,-83.0588],[38.9023,-83.0259]]",0,1,county_code_unverified|timezone_not_normalized_to_utc
1050999,173063,2022,2022-08-20T20:00:00,2022-08-20T22:00:00,EST-5,2.0,39,39073,C,073,HOCKING,0,0,0,0,0.00,0.00,Heavy Rain,0,"[[39.4854,-82.4357],[39.4784,-82.4375],[39.4769,-82.429],[39.4867,-82.4286]]",0,1,county_code_unverified|timezone_not_normalized_to_utc
1051020,171276,2022,2022-08-04T13:00:00,2022-08-04T14:00:00,PST-8,1.0,32,32005,C,005,DOUGLAS,0,0,0,0,0.00,0.00,Heavy Rain,0,"[[38.87,-119.8],[38.8654,-119.8037],[38.8645,-119.8004],[38.8694,-119.7983]]",0,1,county_code_unverified|timezone_not_normalized_to_utc
1051498,173118,2022,2022-09-30T15:00:00,2022-09-30T15:00:00,MST-7,0.0,08,08077,C,077,MESA,0,0,0,0,1000.00,0.00,Heavy Rain,0,"[[39.076,-108.5364],[39.0777,-108.5382],[39.0777,-108.5342],[39.0765,-108.5341]]",0,1,county_code_unverified|timezone_not_normalized_to_utc
1051504,173121,2022,2022-09-22T07:45:00,2022-09-22T07:45:00,MST-7,0.0,08,08067,C,067,LA PLATA,0,0,0,0,1000.00,0.00,Heavy Rain,0,"[[37.3006,-107.8713],[37.3008,-107.8712],[37.3006,-107.8707],[37.3005,-107.8707]]",0,1,county_code_unverified|timezone_not_normalized_to_utc
1051533,173130,2022,2022-08-21T12:30:00,2022-08-21T14:30:00,EST-5,2.0,39,39021,C,021,CHAMPAIGN,0,0,0,0,0.00,0.00,Heavy Rain,0,"[[40.02,-83.59],[40.0235,-83.5912],[40.0253,-83.5885],[40.0223,-83.5858]]",0,1,county_code_unverified|timezone_not_normalized_to_utc
1051535,173130,2022,2022-08-21T13:00:00,2022-08-21T14:30:00,EST-5,1.5,39,39049,C,049,FRANKLIN,0,0,0,0,0.00,0.00,Heavy Rain,0,"[[39.9223,-83.1508],[39.9231,-83.1492],[39.9229,-83.1481],[39.9211,-83.151]]",0,1,county_code_unverified|timezone_not_normalized_to_utc
1051538,173130,2022,2022-08-21T13:30:00,2022-08-21T15:00:00,EST-5,1.5,39,39049,C,049,FRANKLIN,0,0,0,0,0.00,0.00,Heavy Rain,0,"[[39.9934,-83.0419],[39.9923,-83.0414],[39.9921,-83.0394],[39.9939,-83.0393]]",0,1,county_code_unverified|timezone_not_normalized_to_utc
1051540,173130,2022,2022-08-21T14:00:00,2022-08-21T15:00:00,EST-5,1.0,39,39049,C,049,FRANKLIN,0,0,0,0,0.00,0.00,Heavy Rain,0,"[[40.08,-82.98],[40.0839,-82.9774],[40.0841,-82.9726],[40.0793,-82.9739]]",0,1,county_code_unverified|timezone_not_normalized_to_utc
1051542,173130,2022,2022-08-21T14:30:00,2022-08-21T15:00:00,EST-5,0.5,39,39049,C,049,FRANKLIN,0,0,0,0,0.00,0.00,Heavy Rain,0,"[[40.1245,-82.9455],[40.1229,-82.9456],[40.1235,-82.9431],[40.125,-82.9439]]",0,1,county_code_unverified|timezone_not_normalized_to_utc
1051543,173130,2022,2022-08-21T15:15:00,2022-08-21T16:30:00,EST-5,1.25,39,39025,C,025,CLERMONT,0,0,0,0,0.00,0.00,Heavy Rain,0,"[[39.16,-84.07],[39.1617,-84.0701],[39.1592,-84.0593],[39.1568,-84.0607]]",0,1,county_code_unverified|timezone_not_normalized_to_utc
1051544,173130,2022,2022-08-21T16:00:00,2022-08-21T17:30:00,EST-5,1.5,39,39015,C,015,BROWN,0,0,0,0,0.00,0.00,Heavy Rain,0,"[[39.19,-83.93],[39.1915,-83.947],[39.1655,-83.9487],[39.1644,-83.9203]]",0,1,county_code_unverified|timezone_not_normalized_to_utc
1051550,173130,2022,2022-08-21T16:30:00,2022-08-21T18:00:00,EST-5,1.5,39,39073,C,073,HOCKING,0,0,0,0,0.00,0.00,Heavy Rain,0,"[[39.47,-82.74],[39.4815,-82.7452],[39.5081,-82.7142],[39.4983,-82.7075]]",0,1,county_code_unverified|timezone_not_normalized_to_utc
1051551,173130,2022,2022-08-21T16:30:00,2022-08-21T18:00:00,EST-5,1.5,39,39073,C,073,HOCKING,0,0,0,0,0.00,0.00,Heavy Rain,0,"[[39.61,-82.43],[39.6027,-82.4307],[39.6027,-82.4243],[39.6095,-82.4248]]",0,1,county_code_unverified|timezone_not_normalized_to_utc
1051553,173134,2022,2022-09-13T09:10:00,2022-09-13T10:25:00,EST-5,1.25,44,44009,C,009,WASHINGTON,0,0,0,0,3000.00,0.00,Heavy Rain,0,"[[41.4344,-71.4572],[41.432,-71.4965],[41.4238,-71.4914],[41.4284,-71.4551]]",0,1,county_code_unverified|timezone_not_normalized_to_utc
1051554,173134,2022,2022-09-13T09:29:00,2022-09-13T09:29:00,EST-5,0.0,44,44009,C,009,WASHINGTON,0,0,0,0,300.00,0.00,Heavy Rain,0,"[[41.2019,-71.5701],[41.2018,-71.5708],[41.2013,-71.5699],[41.2019,-71.5696]]",0,1,county_code_unverified|timezone_not_normalized_to_utc
1051558,173130,2022,2022-08-21T17:30:00,2022-08-21T18:30:00,EST-5,1.0,39,39113,C,113,MONTGOMERY,0,0,0,0,0.00,0.00,Heavy Rain,0,"[[39.8018,-84.2412],[39.8026,-84.2407],[39.8028,-84.2365],[39.8021,-84.237]]",0,1,county_code_unverified|timezone_not_normalized_to_utc
1051561,173130,2022,2022-08-21T17:30:00,2022-08-21T19:00:00,EST-5,1.5,39,39113,C,113,MONTGOMERY,0,0,0,0,0.00,0.00,Heavy Rain,0,"[[39.787,-84.1907],[39.7854,-84.1911],[39.7852,-84.1862],[39.7888,-84.187]]",0,1,county_code_unverified|timezone_not_normalized_to_utc
1051564,173130,2022,2022-08-21T19:30:00,2022-08-21T20:30:00,EST-5,1.0,39,39015,C,015,BROWN,0,0,0,0,0.00,0.00,Heavy Rain,0,"[[39.19,-83.9296],[39.1898,-83.9358],[39.1951,-83.9351],[39.1947,-83.9313]]",0,1,county_code_unverified|timezone_not_normalized_to_utc
1051597,173142,2022,2022-09-05T03:24:00,2022-09-05T03:24:00,EST-5,0.0,25,25017,C,017,MIDDLESEX,0,0,0,0,0.00,0.00,Heavy Rain,0,"[[42.5709,-71.1575],[42.5702,-71.1613],[42.569,-71.1578],[42.5709,-71.156]]",0,1,county_code_unverified|timezone_not_normalized_to_utc
1051598,173142,2022,2022-09-05T04:12:00,2022-09-05T04:12:00,EST-5,0.0,25,25017,C,017,MIDDLESEX,0,0,0,0,0.00,0.00,Heavy Rain,0,"[[42.5007,-71.1416],[42.5005,-71.1436],[42.5001,-71.1423],[42.5003,-71.1409]]",0,1,county_code_unverified|timezone_not_normalized_to_utc
1051601,173142,2022,2022-09-05T07:32:00,2022-09-05T07:32:00,EST-5,0.0,25,25017,C,017,MIDDLESEX,0,0,0,0,0.00,0.00,Heavy Rain,0,"[[42.5288,-71.2274],[42.5289,-71.2278],[42.5286,-71.2277],[42.5287,-71.2273]]",0,1,county_code_unverified|timezone_not_normalized_to_utc
1051603,173142,2022,2022-09-05T08:56:00,2022-09-05T08:56:00,EST-5,0.0,25,25027,C,027,WORCESTER,0,0,0,0,0.00,0.00,Heavy Rain,0,"[[42.074,-72.0364],[42.0745,-72.0395],[42.0732,-72.0376],[42.0737,-72.0352]]",0,1,county_code_unverified|timezone_not_normalized_to_utc
1051605,173142,2022,2022-09-05T09:17:00,2022-09-05T09:17:00,EST-5,0.0,25,25027,C,027,WORCESTER,0,0,0,0,0.00,0.00,Heavy Rain,0,"[[42.1168,-71.8648],[42.1164,-71.8669],[42.1153,-71.8648],[42.1162,-71.863]]",0,1,county_code_unverified|timezone_not_normalized_to_utc
1051608,173142,2022,2022-09-05T11:24:00,2022-09-05T11:24:00,EST-5,0.0,25,25027,C,027,WORCESTER,0,0,0,0,0.00,0.00,Heavy Rain,0,"[[42.1482,-71.5094],[42.1485,-71.5118],[42.1472,-71.5098],[42.1479,-71.5086]]",0,1,county_code_unverified|timezone_not_normalized_to_utc
1051609,173143,2022,2022-09-05T11:15:00,2022-09-05T11:15:00,EST-5,0.0,44,44007,C,007,PROVIDENCE,0,0,0,0,0.00,0.00,Heavy Rain,0,"[[41.9043,-71.6911],[41.903,-71.6954],[41.9022,-71.6914],[41.9035,-71.6905]]",0,1,county_code_unverified|timezone_not_normalized_to_utc
1051610,173143,2022,2022-09-05T12:41:00,2022-09-05T12:41:00,EST-5,0.0,44,44007,C,007,PROVIDENCE,0,0,0,0,0.00,0.00,Heavy Rain,0,"[[41.9519,-71.4003],[41.9521,-71.4015],[41.9515,-71.4007],[41.9518,-71.3996]]",0,1,county_code_unverified|timezone_not_normalized_to_utc
1051618,173142,2022,2022-09-05T05:37:00,2022-09-05T05:37:00,EST-5,0.0,25,25021,C,021,NORFOLK,0,0,0,0,0.00,0.00,Heavy Rain,0,"[[42.1082,-71.1818],[42.1071,-71.1851],[42.1126,-71.1873],[42.1129,-71.1764]]",0,1,county_code_unverified|timezone_not_normalized_to_utc
1051619,173142,2022,2022-09-05T07:55:00,2022-09-05T07:55:00,EST-5,0.0,25,25017,C,017,MIDDLESEX,0,0,0,0,0.00,0.00,Heavy Rain,0,"[[42.2222,-71.4215],[42.2223,-71.4213],[42.2224,-71.4214],[42.2223,-71.4216]]",0,1,county_code_unverified|timezone_not_normalized_to_utc
1051678,173166,2022,2022-09-01T15:11:00,2022-09-01T15:11:00,EST-5,0.0,12,12019,C,019,CLAY,0,0,0,0,0.00,0.00,Heavy Rain,0,"[[30.11,-81.8],[30.1083,-81.795],[30.1073,-81.7966],[30.1073,-81.7987]]",0,1,county_code_unverified|timezone_not_normalized_to_utc
1051688,173168,2022,2022-09-03T15:45:00,2022-09-03T17:45:00,EST-5,2.0,18,18155,C,155,SWITZERLAND,0,0,0,0,0.00,0.00,Heavy Rain,0,"[[38.87,-85.18],[38.8688,-85.1879],[38.8759,-85.1893],[38.8756,-85.1774]]",0,1,county_code_unverified|timezone_not_normalized_to_utc
1051747,173180,2022,2022-09-04T07:00:00,2022-09-04T08:30:00,CST-6,1.5,17,17081,C,081,JEFFERSON,0,0,0,0,0.00,0.00,Heavy Rain,0,"[[38.3642,-89.0315],[38.3598,-88.9178],[38.2511,-88.9091],[38.3057,-89.0438]]",0,1,county_code_unverified|timezone_not_normalized_to_utc
1051761,173170,2022,2022-09-04T23:30:00,2022-09-05T01:30:00,EST-5,2.0,39,39017,C,017,BUTLER,0,0,0,0,0.00,0.00,Heavy Rain,0,"[[39.46,-84.68],[39.4611,-84.6844],[39.456,-84.6849],[39.4571,-84.6806]]",0,1,county_code_unverified|timezone_not_normalized_to_utc
1051762,173170,2022,2022-09-05T00:30:00,2022-09-05T02:30:00,EST-5,2.0,39,39017,C,017,BUTLER,0,0,0,0,0.00,0.00,Heavy Rain,0,"[[39.3937,-84.7649],[39.3886,-84.7649],[39.3897,-84.7571],[39.3928,-84.7582]]",0,1,county_code_unverified|timezone_not_normalized_to_utc
1051763,173170,2022,2022-09-05T00:30:00,2022-09-05T02:30:00,EST-5,2.0,39,39017,C,017,BUTLER,0,0,0,0,0.00,0.00,Heavy Rain,0,"[[39.3786,-84.742],[39.3746,-84.7423],[39.3749,-84.7335],[39.3791,-84.7328]]",0,1,county_code_unverified|timezone_not_normalized_to_utc
1051764,173170,2022,2022-09-05T02:30:00,2022-09-05T03:30:00,EST-5,1.0,39,39165,C,165,WARREN,0,0,0,0,5000.00,0.00,Heavy Rain,0,"[[39.5572,-84.3088],[39.5646,-84.3035],[39.5629,-84.2988],[39.5573,-84.3056]]",0,1,county_code_unverified|timezone_not_normalized_to_utc
1051765,173186,2022,2022-08-02T02:15:00,2022-08-18T06:30:00,CST-6,388.25,05,05147,C,147,WOODRUFF,0,0,0,0,0.00,0.00,Heavy Rain,0,"[[35.2786,-91.2459],[35.2791,-91.2267],[35.2517,-91.2266],[35.2526,-91.257]]",0,1,county_code_unverified|timezone_not_normalized_to_utc
1051767,173170,2022,2022-09-05T07:00:00,2022-09-05T08:30:00,EST-5,1.5,39,39027,C,027,CLINTON,0,0,0,0,0.00,0.00,Heavy Rain,0,"[[39.2703,-83.9751],[39.2679,-83.9727],[39.2696,-83.9697],[39.2753,-83.9727]]",0,1,county_code_unverified|timezone_not_normalized_to_utc
1051768,173170,2022,2022-09-05T07:30:00,2022-09-05T09:30:00,EST-5,2.0,39,39165,C,165,WARREN,0,0,0,0,0.00,0.00,Heavy Rain,0,"[[39.5,-83.99],[39.5045,-83.9895],[39.5036,-83.9778],[39.4991,-83.9826]]",0,1,county_code_unverified|timezone_not_normalized_to_utc
1051979,173222,2022,2022-08-17T11:00:00,2022-08-17T21:00:00,AKST-9,10.0,02,02018,C,018,TAIYA INLET,0,0,0,0,0.00,0.00,Heavy Rain,0,"[[59.4813,-135.3427],[59.4851,-135.3786],[59.5304,-135.365],[59.6257,-135.3524],[59.6864,-135.2783],[59.6688,-135.2392]]",0,1,county_code_unverified|timezone_not_normalized_to_utc
1052018,173227,2022,2022-08-03T20:44:00,2022-08-03T23:44:00,CST-6,3.0,17,17115,C,115,MACON,0,0,0,0,0.00,0.00,Heavy Rain,0,"[[39.77,-88.86],[39.7704,-88.8629],[39.7676,-88.8631],[39.7672,-88.8579]]",0,1,county_code_unverified|timezone_not_normalized_to_utc
1052124,173245,2022,2022-08-06T15:40:00,2022-08-06T16:25:00,MST-7,0.75,16,16019,C,019,BONNEVILLE,0,0,0,0,0.00,0.00,Heavy Rain,0,"[[43.499,-111.98],[43.4391,-111.9736],[43.4391,-112.0864],[43.5005,-112.0582]]",0,1,county_code_unverified|timezone_not_normalized_to_utc
1052249,173271,2022,2022-09-04T19:08:00,2022-09-04T19:08:00,EST-5,0.0,12,12003,C,003,BAKER,0,0,0,0,0.00,0.00,Heavy Rain,0,"[[30.29,-82.08],[30.2889,-82.0798],[30.2884,-82.0819],[30.2898,-82.082]]",0,1,county_code_unverified|timezone_not_normalized_to_utc
1052250,173272,2022,2022-09-08T20:40:00,2022-09-08T20:40:00,EST-5,0.0,13,13127,C,127,GLYNN,0,0,0,0,0.00,0.00,Heavy Rain,0,"[[31.1416,-81.4901],[31.1393,-81.4952],[31.1302,-81.4916],[31.1311,-81.4822]]",0,1,county_code_unverified|timezone_not_normalized_to_utc
1052252,173274,2022,2022-09-08T21:14:00,2022-09-08T21:14:00,EST-5,0.0,12,12031,C,031,DUVAL,0,0,0,0,0.00,0.00,Heavy Rain,0,"[[30.2186,-81.7432],[30.2183,-81.7411],[30.2168,-81.741],[30.2168,-81.7432]]",0,1,county_code_unverified|timezone_not_normalized_to_utc
1052262,173275,2022,2022-09-09T15:18:00,2022-09-09T15:18:00,EST-5,0.0,12,12031,C,031,DUVAL,0,0,0,0,0.00,0.00,Heavy Rain,0,"[[30.29,-81.49],[30.2851,-81.4918],[30.2836,-81.4878],[30.2895,-81.4873]]",0,1,county_code_unverified|timezone_not_normalized_to_utc
1052264,173275,2022,2022-09-09T15:45:00,2022-09-09T15:45:00,EST-5,0.0,12,12109,C,109,ST. JOHNS,0,0,0,0,0.00,0.00,Heavy Rain,0,"[[29.9,-81.32],[29.9011,-81.3118],[29.8893,-81.3095],[29.8867,-81.3179]]",0,1,county_code_unverified|timezone_not_normalized_to_utc
1052266,173275,2022,2022-09-09T18:35:00,2022-09-09T18:35:00,EST-5,0.0,12,12001,C,001,ALACHUA,0,0,0,0,0.00,0.00,Heavy Rain,0,"[[29.5926,-82.4253],[29.59,-82.43],[29.5952,-82.4339],[29.5978,-82.4259]]",0,1,county_code_unverified|timezone_not_normalized_to_utc
1052313,173290,2022,2022-10-14T08:10:00,2022-10-14T08:10:00,EST-5,0.0,25,25021,C,021,NORFOLK,0,0,0,0,0.00,0.00,Heavy Rain,0,"[[42.3187,-71.1288],[42.3174,-71.1632],[42.315,-71.1629],[42.3162,-71.1291]]",0,1,county_code_unverified|timezone_not_normalized_to_utc
1052336,173301,2022,2022-09-18T18:00:00,2022-09-18T18:00:00,EST-5,0.0,12,12107,C,107,PUTNAM,0,0,0,0,0.00,0.00,Heavy Rain,0,"[[29.5415,-81.8741],[29.54,-81.89],[29.5575,-81.8813],[29.5562,-81.8721]]",0,1,county_code_unverified|timezone_not_normalized_to_utc
1052367,173307,2022,2022-08-01T00:00:00,2022-08-30T23:59:00,CST-6,719.9833333333333,46,46013,C,013,BROWN,0,0,0,0,0.00,0.00,Heavy Rain,0,"[[45.86,-98.24],[45.86,-98.17],[45.63,-98.27],[45.52,-98.18],[45.52,-98.3],[45.63,-98.37]]",0,1,county_code_unverified|timezone_not_normalized_to_utc
1052368,173307,2022,2022-08-01T00:00:00,2022-08-31T23:59:00,CST-6,743.9833333333333,46,46013,C,013,BROWN,0,0,0,0,0.00,0.00,Heavy Rain,0,"[[45.54,-98.29],[45.25,-98.43],[45.25,-98.33],[45.53,-98.19]]",0,1,county_code_unverified|timezone_not_normalized_to_utc
1052369,173307,2022,2022-08-01T00:00:00,2022-08-15T18:15:00,CST-6,354.25,46,46115,C,115,SPINK,0,0,0,0,0.00,0.00,Heavy Rain,0,"[[45.15,-98.35],[44.96,-98.45],[44.92,-98.52],[44.97,-98.54],[45.15,-98.45]]",0,1,county_code_unverified|timezone_not_normalized_to_utc
1052451,173125,2022,2022-08-05T14:20:00,2022-08-05T16:00:00,EST-5,1.6666666666666667,51,51590,C,590,DANVILLE (C),0,0,0,0,0.00,0.00,Heavy Rain,0,"[[36.5591,-79.4053],[36.56,-79.4054],[36.5601,-79.4048],[36.5591,-79.4048]]",0,1,county_code_unverified|timezone_not_normalized_to_utc
1052525,173332,2022,2022-08-21T14:15:00,2022-08-21T14:15:00,EST-5,0.0,51,51067,C,067,FRANKLIN,0,0,0,0,1000.00,0.00,Heavy Rain,0,"[[36.8978,-80.1559],[36.8967,-80.1556],[36.8975,-80.154],[36.898,-80.1545]]",0,1,county_code_unverified|timezone_not_normalized_to_utc
1052714,173387,2022,2022-08-30T14:30:00,2022-08-30T16:00:00,EST-5,1.5,36,36113,C,113,WARREN,0,0,0,0,0.00,0.00,Heavy Rain,0,"[[43.3124,-73.6577],[43.3177,-73.6374],[43.3062,-73.6313],[43.3069,-73.6426],[43.3031,-73.6493]]",0,1,county_code_unverified|timezone_not_normalized_to_utc
1052733,173400,2022,2022-08-28T16:00:00,2022-08-28T16:00:00,EST-5,0.0,12,12007,C,007,BRADFORD,0,0,0,0,35000.00,0.00,Heavy Rain,0,"[[29.9612,-82.1114],[29.9599,-82.1022],[29.9476,-82.1075],[29.9506,-82.1237]]",0,1,county_code_unverified|timezone_not_normalized_to_utc
1052735,173400,2022,2022-08-28T16:32:00,2022-08-28T16:32:00,EST-5,0.0,12,12003,C,003,BAKER,0,0,0,0,1000.00,0.00,Heavy Rain,0,"[[30.28,-82.12],[30.2863,-82.1171],[30.2793,-82.1645],[30.2732,-82.1637]]",0,1,county_code_unverified|timezone_not_normalized_to_utc
1052738,173400,2022,2022-08-28T16:00:00,2022-08-28T19:00:00,EST-5,3.0,12,12001,C,001,ALACHUA,0,0,0,0,1000.00,0.00,Heavy Rain,0,"[[29.6776,-82.4307],[29.6648,-82.4161],[29.6537,-82.4542],[29.6602,-82.4529]]",0,1,county_code_unverified|timezone_not_normalized_to_utc
1052752,173400,2022,2022-08-28T16:35:00,2022-08-28T18:15:00,EST-5,1.6666666666666667,12,12001,C,001,ALACHUA,0,0,0,0,1000.00,0.00,Heavy Rain,0,"[[29.73,-82.37],[29.7293,-82.3798],[29.7353,-82.3864],[29.7384,-82.3713]]",0,1,county_code_unverified|timezone_not_normalized_to_utc
1052758,173404,2022,2022-08-30T15:16:00,2022-08-30T16:00:00,EST-5,0.7333333333333333,12,12003,C,003,BAKER,0,0,0,0,2000.00,0.00,Heavy Rain,0,"[[30.36,-82.06],[30.3602,-82.0622],[30.3582,-82.0632],[30.3583,-82.0582]]",0,1,county_code_unverified|timezone_not_normalized_to_utc
1052814,173420,2022,2022-08-05T23:27:00,2022-08-06T07:00:00,CST-6,7.55,29,29043,C,043,CHRISTIAN,0,0,0,0,0.00,0.00,Heavy Rain,0,"[[37.08,-93.4],[37.0792,-93.4006],[37.0813,-93.4031],[37.0819,-93.4004]]",0,1,county_code_unverified|timezone_not_normalized_to_utc
1052864,173254,2022,2022-09-03T16:52:00,2022-09-03T19:45:00,CST-6,2.8833333333333333,48,48029,C,029,BEXAR,0,0,0,0,0.00,0.00,Heavy Rain,0,"[[29.592,-98.4753],[29.5899,-98.4673],[29.5991,-98.463],[29.5996,-98.4682]]",0,1,county_code_unverified|timezone_not_normalized_to_utc
1052868,173254,2022,2022-09-03T17:46:00,2022-09-03T19:45:00,CST-6,1.9833333333333334,48,48029,C,029,BEXAR,0,0,0,0,0.00,0.00,Heavy Rain,0,"[[29.5679,-98.5783],[29.5812,-98.5192],[29.6022,-98.5285],[29.5889,-98.5849]]",0,1,county_code_unverified|timezone_not_normalized_to_utc
1053015,173469,2022,2022-08-17T16:39:00,2022-08-17T17:15:00,CST-6,0.6,12,12005,C,005,BAY,0,0,0,0,0.00,0.00,Heavy Rain,0,"[[30.189,-85.6485],[30.1889,-85.6511],[30.1904,-85.6509],[30.19,-85.6486]]",0,1,county_code_unverified|timezone_not_normalized_to_utc
1053026,173474,2022,2022-08-31T13:40:00,2022-08-31T13:40:00,CST-6,0.0,48,48441,C,441,TAYLOR,0,0,0,0,0.00,0.00,Heavy Rain,0,"[[32.4601,-99.7492],[32.46,-99.7492],[32.4601,-99.749]]",0,1,county_code_unverified|timezone_not_normalized_to_utc
1053038,173476,2022,2022-08-31T18:23:00,2022-08-31T19:00:00,EST-5,0.6166666666666667,12,12065,C,065,JEFFERSON,0,0,0,0,0.00,0.00,Heavy Rain,0,"[[30.3644,-83.9919],[30.3812,-83.9872],[30.3862,-83.9425],[30.3645,-83.9433]]",0,1,county_code_unverified|timezone_not_normalized_to_utc
1053047,173478,2022,2022-08-07T12:55:00,2022-08-07T13:30:00,EST-5,0.5833333333333334,13,13287,C,287,TURNER,0,0,0,0,0.00,0.00,Heavy Rain,0,"[[31.689,-83.6764],[31.6929,-83.6743],[31.6943,-83.6796],[31.6912,-83.6815]]",0,1,county_code_unverified|timezone_not_normalized_to_utc
1053401,173491,2022,2022-09-02T18:22:00,2022-09-03T02:00:00,CST-6,7.633333333333334,29,29067,C,067,DOUGLAS,0,0,0,0,0.00,0.00,Heavy Rain,0,"[[36.96,-92.62],[36.9534,-92.6123],[36.9503,-92.6254],[36.9579,-92.6304]]",0,1,county_code_unverified|timezone_not_normalized_to_utc
1053402,173491,2022,2022-09-02T22:34:00,2022-09-03T02:00:00,CST-6,3.433333333333333,29,29067,C,067,DOUGLAS,0,0,0,0,0.00,0.00,Heavy Rain,0,"[[36.98,-92.71],[36.9787,-92.7052],[36.9826,-92.7014],[36.9834,-92.7065]]",0,1,county_code_unverified|timezone_not_normalized_to_utc
1053403,173491,2022,2022-09-02T22:39:00,2022-09-03T02:00:00,CST-6,3.35,29,29067,C,067,DOUGLAS,0,0,0,0,0.00,0.00,Heavy Rain,0,"[[37.01,-92.52],[37.0108,-92.5219],[37.0088,-92.5225],[37.0083,-92.5197]]",0,1,county_code_unverified|timezone_not_normalized_to_utc
1053404,173491,2022,2022-09-03T03:36:00,2022-09-03T09:00:00,CST-6,5.4,29,29153,C,153,OZARK,0,0,0,0,0.00,0.00,Heavy Rain,0,"[[36.64,-92.23],[36.6458,-92.231],[36.6478,-92.2199],[36.6409,-92.2185]]",0,1,county_code_unverified|timezone_not_normalized_to_utc
1053415,173548,2022,2022-08-01T00:00:00,2022-08-19T20:30:00,CST-6,452.5,46,46005,C,005,BEADLE,0,0,0,0,0.00,26000.00,Heavy Rain,0,"[[44.63,-98.33],[44.63,-98.21],[44.49,-98.1],[44.2,-98.1],[44.2,-98.22],[44.47,-98.24]]",0,1,county_code_unverified|timezone_not_normalized_to_utc
1053416,173548,2022,2022-08-01T00:00:00,2022-08-04T15:15:00,CST-6,87.25,46,46111,C,111,SANBORN,0,0,0,0,0.00,0.00,Heavy Rain,0,"[[43.93,-98.12],[43.93,-97.98],[43.8506,-97.949],[43.851,-98.0918]]",0,1,county_code_unverified|timezone_not_normalized_to_utc
1053417,173548,2022,2022-08-01T00:00:00,2022-08-04T15:15:00,CST-6,87.25,46,46035,C,035,DAVISON,0,0,0,0,0.00,0.00,Heavy Rain,0,"[[43.851,-98.0918],[43.8506,-97.9673],[43.5607,-97.9647],[43.51,-97.97]]",0,1,county_code_unverified|timezone_not_normalized_to_utc
1053418,173548,2022,2022-08-01T00:00:00,2022-08-04T15:15:00,CST-6,87.25,46,46061,C,061,HANSON,0,0,0,0,0.00,0.00,Heavy Rain,0,"[[43.8506,-97.9673],[43.8506,-97.949],[43.7,-97.89],[43.5,-97.7166],[43.499,-97.9532],[43.5607,-97.9647]]",0,1,county_code_unverified|timezone_not_normalized_to_utc
1053419,173548,2022,2022-08-01T00:00:00,2022-08-04T15:15:00,CST-6,87.25,46,46067,C,067,HUTCHINSON,0,0,0,0,0.00,45000.00,Heavy Rain,0,"[[43.499,-97.9532],[43.5,-97.7166],[43.4,-97.63],[43.38,-97.77]]",0,1,county_code_unverified|timezone_not_normalized_to_utc
1053525,173005,2022,2022-08-08T08:39:00,2022-08-11T00:00:00,AKST-9,63.35,02,02145,C,145,SUSITNA VALLEY,0,0,0,0,0.00,0.00,Heavy Rain,0,"[[61.6335,-149.7729],[61.6293,-149.8045],[61.6187,-149.7996],[61.6143,-149.782],[61.6119,-149.7484],[61.6199,-149.7409],[61.6322,-149.7386],[61.6341,-149.7556]]",0,1,county_code_unverified|timezone_not_normalized_to_utc
1053549,173573,2022,2022-08-16T09:30:00,2022-08-16T15:18:00,CST-6,5.8,20,20023,C,023,CHEYENNE,0,0,0,0,0.00,0.00,Heavy Rain,0,"[[39.91,-101.7],[39.9102,-101.7081],[39.916,-101.7068],[39.9162,-101.6986]]",0,1,county_code_unverified|timezone_not_normalized_to_utc
1053556,173247,2022,2022-08-22T09:56:00,2022-08-22T11:30:00,CST-6,1.5666666666666667,48,48439,C,439,TARRANT,0,0,0,0,0.00,0.00,Heavy Rain,0,"[[32.9729,-97.2438],[32.96,-97.25],[32.9226,-97.2391],[32.9288,-97.2586],[32.9573,-97.2567],[32.973,-97.253]]",0,1,county_code_unverified|timezone_not_normalized_to_utc
1053557,173247,2022,2022-08-22T12:00:00,2022-08-22T21:00:00,CST-6,9.0,48,48113,C,113,DALLAS,0,0,0,0,500000000.00,0.00,Heavy Rain,0,"[[32.6455,-97.0428],[32.6373,-96.5926],[32.9288,-96.6186],[32.9196,-96.9482]]",0,1,county_code_unverified|timezone_not_normalized_to_utc
1053730,173080,2022,2022-09-29T07:03:00,2022-09-29T07:03:00,EST-5,0.0,12,12035,C,035,FLAGLER,0,0,0,0,0.00,0.00,Heavy Rain / Tropical System,0,"[[29.47,-81.27],[29.4625,-81.2624],[29.4756,-81.252],[29.4777,-81.2637]]",0,1,county_code_unverified|timezone_not_normalized_to_utc
1053731,173080,2022,2022-09-29T07:05:00,2022-09-29T07:05:00,EST-5,0.0,12,12035,C,035,FLAGLER,0,0,0,0,0.00,0.00,Heavy Rain / Tropical System,0,"[[29.5975,-81.2714],[29.5686,-81.2546],[29.5795,-81.2384],[29.6055,-81.254]]",0,1,county_code_unverified|timezone_not_normalized_to_utc
1053733,173080,2022,2022-09-29T12:30:00,2022-09-29T12:30:00,EST-5,0.0,12,12035,C,035,FLAGLER,0,0,0,0,0.00,0.00,Heavy Rain / Tropical System,0,"[[29.39,-81.37],[29.4039,-81.4027],[29.4263,-81.3661],[29.4044,-81.342]]",0,1,county_code_unverified|timezone_not_normalized_to_utc
1053748,173080,2022,2022-09-30T16:43:00,2022-09-30T16:43:00,EST-5,0.0,12,12035,C,035,FLAGLER,0,0,0,0,0.00,0.00,Heavy Rain / Tropical System,0,"[[29.4529,-81.1188],[29.4517,-81.1182],[29.4525,-81.1163],[29.4539,-81.1169]]",0,1,county_code_unverified|timezone_not_normalized_to_utc
1053934,173676,2022,2022-09-03T04:45:00,2022-09-03T06:30:00,EST-5,1.75,26,26047,C,047,EMMET,0,0,0,0,5000.00,0.00,Heavy Rain,0,"[[45.4317,-84.9934],[45.4317,-84.9932],[45.4315,-84.9932],[45.4315,-84.9934]]",0,1,county_code_unverified|timezone_not_normalized_to_utc
1053978,173685,2022,2022-08-21T13:22:00,2022-08-21T15:00:00,MST-7,1.6333333333333333,35,35017,C,017,GRANT,0,0,0,0,0.00,0.00,Heavy Rain,0,"[[32.7038,-107.8983],[32.7199,-107.8258],[32.6443,-107.8199],[32.6498,-107.8965]]",0,1,county_code_unverified|timezone_not_normalized_to_utc
1053987,173687,2022,2022-08-22T15:00:00,2022-08-23T23:59:00,MST-7,32.983333333333334,35,35017,C,017,GRANT,0,0,0,0,0.00,0.00,Heavy Rain,0,"[[32.9448,-108.6116],[32.9495,-108.6024],[32.9322,-108.5926],[32.9308,-108.602]]",0,1,county_code_unverified|timezone_not_normalized_to_utc
1054029,173696,2022,2022-08-24T15:30:00,2022-08-24T19:00:00,PST-8,3.5,06,06065,C,065,RIVERSIDE,0,0,0,0,0.00,0.00,Heavy Rain,0,"[[33.7231,-115.4138],[33.7226,-115.3494],[33.8201,-115.2117],[33.9505,-115.1844],[33.9723,-115.29]]",0,1,county_code_unverified|timezone_not_normalized_to_utc
1054090,173736,2022,2022-08-25T15:00:00,2022-08-25T17:00:00,EST-5,2.0,12,12021,C,021,COLLIER,0,0,0,0,0.00,0.00,Heavy Rain,0,"[[26.26,-81.69],[26.2611,-81.7084],[26.2258,-81.7076],[26.2267,-81.6841]]",0,1,county_code_unverified|timezone_not_normalized_to_utc
1054122,173750,2022,2022-08-16T03:18:00,2022-08-16T10:30:00,CST-6,7.2,48,48131,C,131,DUVAL,0,0,0,0,100000.00,0.00,Heavy Rain,0,"[[27.4368,-98.5119],[27.4543,-98.5023],[27.4707,-98.5248],[27.4505,-98.5458],[27.4354,-98.5496],[27.4308,-98.5292]]",0,1,county_code_unverified|timezone_not_normalized_to_utc
1054125,173750,2022,2022-08-16T12:00:00,2022-08-17T12:00:00,CST-6,24.0,48,48479,C,479,WEBB,0,0,0,0,0.00,0.00,Heavy Rain,0,"[[27.945,-98.8759],[27.9456,-98.8817],[27.9406,-98.882],[27.9401,-98.8768]]",0,1,county_code_unverified|timezone_not_normalized_to_utc
1054259,173247,2022,2022-08-22T10:44:00,2022-08-22T15:00:00,CST-6,4.266666666666667,48,48439,C,439,TARRANT,0,0,0,0,0.00,0.00,Heavy Rain,0,"[[32.7524,-97.3397],[32.7549,-97.3413],[32.754,-97.3464],[32.7371,-97.3573],[32.735,-97.3511]]",0,1,county_code_unverified|timezone_not_normalized_to_utc
1054278,173751,2022,2022-08-20T21:00:00,2022-08-20T23:30:00,MST-7,2.5,04,04003,C,003,COCHISE,0,0,0,0,0.00,0.00,Heavy Rain,0,"[[31.7271,-109.658],[31.5875,-109.7111],[31.583,-109.8487],[31.7628,-109.8395]]",0,1,county_code_unverified|timezone_not_normalized_to_utc
1054309,173821,2022,2022-08-22T02:30:00,2022-08-23T05:00:00,MST-7,26.5,04,04011,C,011,GREENLEE,0,0,0,0,250000.00,0.00,Heavy Rain,0,"[[32.7237,-109.0998],[32.7203,-109.1012],[32.7201,-109.1042],[32.7234,-109.107],[32.7318,-109.1088],[32.7273,-109.1018],[32.7258,-109.1005]]",0,1,county_code_unverified|timezone_not_normalized_to_utc
1054326,173821,2022,2022-08-22T23:30:00,2022-08-23T07:30:00,MST-7,8.0,04,04009,C,009,GRAHAM,0,0,0,0,0.00,0.00,Heavy Rain,0,"[[32.8236,-109.6233],[32.8258,-109.6456],[32.8329,-109.6416],[32.8283,-109.624]]",0,1,county_code_unverified|timezone_not_normalized_to_utc
1054389,173705,2022,2022-08-20T00:00:00,2022-08-20T13:00:00,MST-7,13.0,04,04027,C,027,YUMA,0,0,0,0,0.00,0.00,Heavy Rain,0,"[[32.9294,-113.5403],[32.9289,-113.5399],[32.9345,-113.5276],[32.9351,-113.528]]",0,1,county_code_unverified|timezone_not_normalized_to_utc
1054427,173841,2022,2022-08-26T13:20:00,2022-08-26T13:20:00,CST-6,0.0,47,47099,C,099,LAWRENCE,0,0,0,0,0.00,0.00,Heavy Rain,0,"[[35.2738,-87.3414],[35.2739,-87.3409],[35.2702,-87.3402],[35.2702,-87.3408]]",0,1,county_code_unverified|timezone_not_normalized_to_utc
1054429,173839,2022,2022-08-19T14:27:00,2022-08-19T14:27:00,CST-6,0.0,47,47149,C,149,RUTHERFORD,0,0,0,0,0.00,0.00,Heavy Rain,0,"[[36.0167,-86.4154],[36.0156,-86.4076],[36.0139,-86.4069],[36.0137,-86.4076],[36.016,-86.4155]]",0,1,county_code_unverified|timezone_not_normalized_to_utc
1054433,173838,2022,2022-08-10T12:22:00,2022-08-10T12:22:00,CST-6,0.0,47,47149,C,149,RUTHERFORD,0,0,0,0,0.00,0.00,Heavy Rain,0,"[[35.9163,-86.4237],[35.912,-86.3182],[35.8047,-86.3351],[35.8126,-86.4501]]",0,1,county_code_unverified|timezone_not_normalized_to_utc
1054435,173838,2022,2022-08-10T12:24:00,2022-08-10T12:24:00,CST-6,0.0,47,47185,C,185,WHITE,0,0,0,0,0.00,0.00,Heavy Rain,0,"[[35.9311,-85.7803],[35.9394,-85.7871],[35.9523,-85.8055],[35.9507,-85.8061],[35.9421,-85.7979],[35.9307,-85.7821]]",0,1,county_code_unverified|timezone_not_normalized_to_utc
1054441,173838,2022,2022-08-10T13:50:00,2022-08-10T13:50:00,CST-6,0.0,47,47141,C,141,PUTNAM,0,0,0,0,0.00,0.00,Heavy Rain,0,"[[36.1125,-85.6956],[36.1348,-85.4796],[36.2272,-85.5115],[36.1284,-85.6958]]",0,1,county_code_unverified|timezone_not_normalized_to_utc
1054561,173866,2022,2022-08-29T15:10:00,2022-08-29T15:10:00,CST-6,0.0,48,48375,C,375,POTTER,0,0,0,0,0.00,0.00,Heavy Rain,0,"[[35.28,-101.72],[35.2812,-101.7185],[35.2804,-101.717],[35.2794,-101.7185]]",0,1,county_code_unverified|timezone_not_normalized_to_utc
1054563,173866,2022,2022-08-29T15:20:00,2022-08-29T15:20:00,CST-6,0.0,48,48375,C,375,POTTER,0,0,0,0,0.00,0.00,Heavy Rain,0,"[[35.296,-101.6934],[35.296,-101.6865],[35.2898,-101.6865],[35.2898,-101.6926]]",0,1,county_code_unverified|timezone_not_normalized_to_utc
1054564,173866,2022,2022-08-29T16:00:00,2022-08-29T16:20:00,CST-6,0.3333333333333333,48,48381,C,381,RANDALL,0,0,0,0,0.00,0.00,Heavy Rain,0,"[[34.9793,-101.6839],[34.9786,-101.6787],[34.9755,-101.6768],[34.9748,-101.6798]]",0,1,county_code_unverified|timezone_not_normalized_to_utc
1054619,173891,2022,2022-08-21T17:00:00,2022-08-22T08:00:00,MST-7,15.0,04,04007,C,007,GILA,0,0,0,0,0.00,0.00,Heavy Rain,0,"[[33.872,-111.3127],[33.824,-111.288],[33.7873,-111.2599],[33.793,-111.2519],[33.8716,-111.3059]]",0,1,county_code_unverified|timezone_not_normalized_to_utc
1054727,173748,2022,2022-08-29T03:00:00,2022-08-29T06:00:00,CST-6,3.0,40,40009,C,009,BECKHAM,0,0,0,0,0.00,0.00,Heavy Rain,0,"[[35.2072,-99.5251],[35.2094,-99.4896],[35.1446,-99.4945],[35.1485,-99.518]]",0,1,county_code_unverified|timezone_not_normalized_to_utc
1054736,173748,2022,2022-08-29T15:25:00,2022-08-29T18:25:00,CST-6,3.0,40,40031,C,031,COMANCHE,0,0,0,0,0.00,0.00,Heavy Rain,0,"[[34.64,-98.46],[34.5707,-98.4834],[34.5755,-98.3924],[34.6461,-98.373]]",0,1,county_code_unverified|timezone_not_normalized_to_utc
1054740,173748,2022,2022-08-29T17:00:00,2022-08-29T20:00:00,CST-6,3.0,40,40141,C,141,TILLMAN,0,0,0,0,0.00,0.00,Heavy Rain,0,"[[34.4083,-99.0322],[34.4076,-98.9932],[34.3785,-98.997],[34.3782,-99.0383]]",0,1,county_code_unverified|timezone_not_normalized_to_utc
1054908,173932,2022,2022-08-24T11:00:00,2022-08-25T18:00:00,MST-7,31.0,04,04003,C,003,COCHISE,0,0,0,0,1500000.00,0.00,Dam / Levee Break,0,"[[31.7154,-109.6628],[31.6832,-109.671],[31.6746,-109.6954],[31.7112,-109.6952]]",0,1,county_code_unverified|timezone_not_normalized_to_utc
1055243,173822,2022,2022-09-11T06:15:00,2022-09-11T11:00:00,CST-6,4.75,17,17093,C,093,KENDALL,0,0,0,0,0.00,0.00,Heavy Rain,0,"[[41.6902,-88.3637],[41.6902,-88.3363],[41.6698,-88.3363],[41.6698,-88.3637]]",0,1,county_code_unverified|timezone_not_normalized_to_utc
1055247,173822,2022,2022-09-11T07:30:00,2022-09-11T11:15:00,CST-6,3.75,17,17043,C,043,DU PAGE,0,0,0,0,0.00,0.00,Heavy Rain,0,"[[41.8011,-87.9958],[41.8011,-87.9919],[41.7981,-87.9919],[41.7981,-87.9958]]",0,1,county_code_unverified|timezone_not_normalized_to_utc
1055260,173822,2022,2022-09-11T07:00:00,2022-09-11T11:00:00,CST-6,4.0,17,17043,C,043,DU PAGE,0,0,0,0,0.00,0.00,Heavy Rain,0,"[[41.7905,-88.1775],[41.7905,-88.1226],[41.7312,-88.1226],[41.7312,-88.1775]]",0,1,county_code_unverified|timezone_not_normalized_to_utc
1055263,173807,2022,2022-08-24T22:15:00,2022-08-24T23:59:00,PST-8,1.7333333333333334,06,06071,C,071,SAN BERNARDINO,0,0,0,0,1000.00,0.00,Heavy Rain,0,"[[34.1131,-115.4884],[34.1125,-115.4821],[34.1099,-115.4788],[34.1107,-115.4858]]",0,1,county_code_unverified|timezone_not_normalized_to_utc
1055273,173822,2022,2022-09-11T13:00:00,2022-09-11T18:00:00,CST-6,5.0,17,17097,C,097,LAKE,0,0,0,0,0.00,0.00,Heavy Rain,0,"[[42.3531,-88.0537],[42.3531,-88.0282],[42.3334,-88.0282],[42.3334,-88.0537]]",0,1,county_code_unverified|timezone_not_normalized_to_utc
1055278,173822,2022,2022-09-11T13:29:00,2022-09-11T16:30:00,CST-6,3.0166666666666666,17,17031,C,031,COOK,0,0,0,0,0.00,0.00,Heavy Rain,0,"[[42.0398,-87.8928],[42.0398,-87.876],[42.0285,-87.876],[42.0285,-87.8928]]",0,1,county_code_unverified|timezone_not_normalized_to_utc
1055288,173994,2022,2022-08-14T14:00:00,2022-08-14T15:30:00,CST-6,1.5,48,48061,C,061,CAMERON,0,0,0,0,0.00,0.00,Heavy Rain,0,"[[26.1301,-97.6363],[26.1309,-97.4949],[26.2001,-97.4066],[26.2237,-97.5197]]",0,1,county_code_unverified|timezone_not_normalized_to_utc
1055581,174041,2022,2022-08-30T15:00:00,2022-08-31T03:00:00,AKST-9,12.0,02,02025,C,025,JUNEAU BOROUGH,0,0,0,0,0.00,0.00,Heavy Rain,0,"[[58.3625,-134.5824],[58.3643,-134.5837],[58.3662,-134.5795],[58.3655,-134.5773],[58.3635,-134.5789],[58.3628,-134.58]]",0,1,county_code_unverified|timezone_not_normalized_to_utc
1055681,173847,2022,2022-09-04T14:00:00,2022-09-04T15:00:00,EST-5,1.0,13,13027,C,027,BROOKS,0,0,0,0,0.00,0.00,Heavy Rain,0,"[[30.71,-83.61],[30.7098,-83.6089],[30.7094,-83.6089],[30.7095,-83.6103]]",0,1,county_code_unverified|timezone_not_normalized_to_utc
1055686,174054,2022,2022-10-17T22:23:00,2022-10-17T22:23:00,EST-5,0.0,25,25009,C,009,ESSEX,0,0,0,0,0.00,0.00,Heavy Rain,0,"[[42.6922,-71.1658],[42.6918,-71.1672],[42.6915,-71.1669],[42.692,-71.1658]]",0,1,county_code_unverified|timezone_not_normalized_to_utc
1055698,173848,2022,2022-09-12T18:49:00,2022-09-12T19:15:00,EST-5,0.43333333333333335,12,12073,C,073,LEON,0,0,0,0,0.00,0.00,Heavy Rain,0,"[[30.49,-84.33],[30.49,-84.3256],[30.4925,-84.3262],[30.4917,-84.3299]]",0,1,county_code_unverified|timezone_not_normalized_to_utc
1055699,173848,2022,2022-09-12T18:57:00,2022-09-12T19:30:00,EST-5,0.55,12,12073,C,073,LEON,0,0,0,0,0.00,0.00,Heavy Rain,0,"[[30.4693,-84.2987],[30.4693,-84.3003],[30.4707,-84.3004],[30.4706,-84.299]]",0,1,county_code_unverified|timezone_not_normalized_to_utc
1055718,174063,2022,2022-08-17T06:00:00,2022-08-19T06:00:00,CST-6,48.0,48,48283,C,283,LA SALLE,0,0,0,0,0.00,0.00,Heavy Rain,0,"[[28.1586,-98.9713],[28.0334,-98.974],[28.0405,-98.8058],[28.181,-98.8123]]",0,1,county_code_unverified|timezone_not_normalized_to_utc
1055719,174063,2022,2022-08-18T06:00:00,2022-08-21T18:00:00,CST-6,84.0,48,48311,C,311,MCMULLEN,0,0,0,0,0.00,0.00,Heavy Rain,0,"[[28.1723,-98.7501],[28.0921,-98.7487],[28.1865,-98.6636],[28.2963,-98.555],[28.3242,-98.3811],[28.4214,-98.3802],[28.3925,-98.5583]]",0,1,county_code_unverified|timezone_not_normalized_to_utc
1055720,174063,2022,2022-08-21T06:00:00,2022-08-24T06:00:00,CST-6,72.0,48,48297,C,297,LIVE OAK,0,0,0,0,0.00,0.00,Heavy Rain,0,"[[28.4592,-98.1315],[28.3351,-98.0448],[28.2868,-98.0066],[28.2656,-98.0702],[28.3602,-98.1192],[28.41,-98.1755],[28.3844,-98.2579],[28.394,-98.3203]]",0,1,county_code_unverified|timezone_not_normalized_to_utc
1055758,174065,2022,2022-09-04T15:24:00,2022-09-04T16:45:00,AST-4,1.35,99,,C,069,HUMACAO,0,0,0,0,0.00,0.00,Heavy Rain,0,"[[18.1091,-65.8202],[18.1097,-65.8193],[18.1071,-65.8178],[18.107,-65.8201]]",0,1,requires_crosswalk_or_marine_review|timezone_not_normalized_to_utc
1055760,174067,2022,2022-09-13T12:59:00,2022-09-13T15:59:00,EST-5,3.0,36,36093,C,093,SCHENECTADY,0,0,0,0,0.00,0.00,Heavy Rain,0,"[[42.8,-73.93],[42.812,-73.954],[42.8233,-73.9435],[42.8147,-73.9254]]",0,1,county_code_unverified|timezone_not_normalized_to_utc
1055761,174067,2022,2022-09-13T12:30:00,2022-09-13T14:30:00,EST-5,2.0,36,36093,C,093,SCHENECTADY,0,0,0,0,0.00,0.00,Heavy Rain,0,"[[42.78,-73.95],[42.7844,-73.9795],[42.7978,-73.9637],[42.7911,-73.9542]]",0,1,county_code_unverified|timezone_not_normalized_to_utc
1055762,174067,2022,2022-09-13T12:30:00,2022-09-13T14:30:00,EST-5,2.0,36,36091,C,091,SARATOGA,0,0,0,0,0.00,0.00,Heavy Rain,0,"[[42.95,-73.64],[42.9533,-73.6518],[42.9367,-73.6639],[42.9355,-73.6455]]",0,1,county_code_unverified|timezone_not_normalized_to_utc
1055763,174067,2022,2022-09-13T12:30:00,2022-09-13T14:30:00,EST-5,2.0,36,36091,C,091,SARATOGA,0,0,0,0,0.00,0.00,Heavy Rain,0,"[[42.99,-73.85],[43.0968,-73.7299],[42.8802,-73.7105],[42.8944,-73.8311]]",0,1,county_code_unverified|timezone_not_normalized_to_utc
1055765,174067,2022,2022-09-13T12:30:00,2022-09-13T14:30:00,EST-5,2.0,36,36091,C,091,SARATOGA,0,0,0,0,0.00,0.00,Heavy Rain,0,"[[42.9,-73.69],[42.9025,-73.6911],[42.9023,-73.6882],[42.9008,-73.6885]]",0,1,county_code_unverified|timezone_not_normalized_to_utc
1055766,174067,2022,2022-09-13T12:30:00,2022-09-13T14:30:00,EST-5,2.0,36,36093,C,093,SCHENECTADY,0,0,0,0,0.00,0.00,Heavy Rain,0,"[[42.81,-73.95],[42.8037,-73.9511],[42.806,-73.9427],[42.8111,-73.946]]",0,1,county_code_unverified|timezone_not_normalized_to_utc
1055783,174067,2022,2022-09-13T12:30:00,2022-09-13T14:30:00,EST-5,2.0,36,36001,C,001,ALBANY,0,0,0,0,0.00,0.00,Heavy Rain,0,"[[42.7,-73.89],[42.7146,-73.9174],[42.7013,-73.9241],[42.6933,-73.9]]",0,1,county_code_unverified|timezone_not_normalized_to_utc
1055790,174065,2022,2022-09-07T15:00:00,2022-09-07T16:15:00,AST-4,1.25,99,,C,089,LUQUILLO,0,0,0,0,0.00,0.00,Heavy Rain,0,"[[18.3479,-65.7269],[18.3481,-65.7245],[18.3455,-65.7259],[18.3454,-65.7287]]",0,1,requires_crosswalk_or_marine_review|timezone_not_normalized_to_utc
1055792,174068,2022,2022-09-09T14:26:00,2022-09-09T14:26:00,PST-8,0.0,06,06073,C,073,SAN DIEGO,0,0,0,0,0.00,0.00,Heavy Rain / Tropical System,0,"[[33.29,-116.12],[33.2795,-116.1042],[33.2799,-116.1548],[33.2889,-116.1447]]",0,1,county_code_unverified|timezone_not_normalized_to_utc
1055796,174065,2022,2022-09-07T14:20:00,2022-09-07T16:15:00,AST-4,1.9166666666666667,99,,C,089,LUQUILLO,0,0,0,0,0.00,0.00,Heavy Rain,0,"[[18.3801,-65.7207],[18.3814,-65.7182],[18.3797,-65.7168],[18.3784,-65.7194]]",0,1,requires_crosswalk_or_marine_review|timezone_not_normalized_to_utc
1055797,174065,2022,2022-09-07T15:30:00,2022-09-07T16:15:00,AST-4,0.75,99,,C,089,LUQUILLO,0,0,0,0,0.00,0.00,Heavy Rain,0,"[[18.3739,-65.7386],[18.3705,-65.7415],[18.3683,-65.7363],[18.3736,-65.7344]]",0,1,requires_crosswalk_or_marine_review|timezone_not_normalized_to_utc
1055798,174065,2022,2022-09-09T13:00:00,2022-09-09T15:00:00,AST-4,2.0,99,,C,127,SAN JUAN,0,0,0,0,0.00,0.00,Heavy Rain,0,"[[18.4015,-66.1009],[18.3978,-66.1041],[18.3935,-66.1005],[18.3979,-66.0961]]",0,1,requires_crosswalk_or_marine_review|timezone_not_normalized_to_utc
1055801,174068,2022,2022-09-10T08:51:00,2022-09-10T08:51:00,PST-8,0.0,06,06065,C,065,RIVERSIDE,0,0,0,0,0.00,0.00,Heavy Rain / Tropical System,0,"[[33.75,-116.27],[33.7465,-116.262],[33.7432,-116.2648],[33.7488,-116.2764]]",0,1,county_code_unverified|timezone_not_normalized_to_utc
1055802,174069,2022,2022-09-10T13:00:00,2022-09-10T15:00:00,AST-4,2.0,99,,C,021,BAYAMON,0,0,0,0,0.00,0.00,Heavy Rain,0,"[[18.372,-66.1905],[18.3698,-66.1926],[18.3657,-66.1886],[18.3705,-66.1838]]",0,1,requires_crosswalk_or_marine_review|timezone_not_normalized_to_utc
1055805,174069,2022,2022-09-09T16:15:00,2022-09-09T17:15:00,AST-4,1.0,99,,C,145,VEGA BAJA,0,0,0,0,0.00,0.00,Heavy Rain,0,"[[18.3882,-66.4286],[18.3879,-66.4257],[18.3853,-66.4261],[18.3863,-66.4296]]",0,1,requires_crosswalk_or_marine_review|timezone_not_normalized_to_utc
1055810,174069,2022,2022-09-10T14:15:00,2022-09-10T15:15:00,AST-4,1.0,99,,C,031,CAROLINA,0,0,0,0,0.00,0.00,Heavy Rain,0,"[[18.4306,-65.9814],[18.4326,-65.9793],[18.4307,-65.977],[18.4282,-65.9807]]",0,1,requires_crosswalk_or_marine_review|timezone_not_normalized_to_utc
1055811,174068,2022,2022-09-12T15:00:00,2022-09-12T15:00:00,PST-8,0.0,06,06065,C,065,RIVERSIDE,0,0,0,0,0.00,0.00,Heavy Rain / Tropical System,0,"[[33.96,-117.35],[33.9617,-117.3496],[33.9616,-117.3474],[33.9583,-117.3465],[33.9584,-117.3492]]",0,1,county_code_unverified|timezone_not_normalized_to_utc
1055812,174069,2022,2022-09-10T14:20:00,2022-09-10T16:45:00,AST-4,2.4166666666666665,99,,C,125,SAN GERMAN,0,0,0,0,0.00,0.00,Heavy Rain,0,"[[18.1,-67.03],[18.096,-67.0338],[18.0952,-67.0293],[18.0981,-67.0265]]",0,1,requires_crosswalk_or_marine_review|timezone_not_normalized_to_utc
1055813,174068,2022,2022-09-12T14:59:00,2022-09-12T14:59:00,PST-8,0.0,06,06065,C,065,RIVERSIDE,0,0,0,0,0.00,0.00,Heavy Rain / Tropical System,0,"[[33.8383,-117.2796],[33.8384,-117.2777],[33.8426,-117.278],[33.8427,-117.2796]]",0,1,county_code_unverified|timezone_not_normalized_to_utc
1055814,174069,2022,2022-09-10T14:15:00,2022-09-10T15:15:00,AST-4,1.0,99,,C,031,CAROLINA,0,0,0,0,0.00,0.00,Heavy Rain,0,"[[18.3808,-65.9729],[18.3791,-65.9654],[18.377,-65.9658],[18.3766,-65.9735]]",0,1,requires_crosswalk_or_marine_review|timezone_not_normalized_to_utc
1055815,174069,2022,2022-09-10T14:15:00,2022-09-10T15:15:00,AST-4,1.0,99,,C,031,CAROLINA,0,0,0,0,0.00,0.00,Heavy Rain,0,"[[18.3934,-65.9464],[18.3952,-65.9491],[18.3921,-65.9496],[18.3921,-65.947]]",0,1,requires_crosswalk_or_marine_review|timezone_not_normalized_to_utc
1055979,174085,2022,2022-09-05T19:00:00,2022-09-05T20:15:00,EST-5,1.25,36,36111,C,111,ULSTER,0,0,0,0,0.00,0.00,Heavy Rain,0,"[[41.97,-73.99],[41.9806,-73.9935],[41.9893,-73.9562],[41.9744,-73.9523]]",0,1,county_code_unverified|timezone_not_normalized_to_utc
1056104,174123,2022,2022-09-02T19:20:00,2022-09-02T19:20:00,CST-6,0.0,47,47149,C,149,RUTHERFORD,0,0,0,0,0.00,0.00,Heavy Rain,0,"[[35.88,-86.56],[35.8832,-86.5588],[35.883,-86.5563],[35.8801,-86.5566],[35.8776,-86.555],[35.8762,-86.5552],[35.8775,-86.558]]",0,1,county_code_unverified|timezone_not_normalized_to_utc
1056456,174185,2022,2022-09-21T18:30:00,2022-09-21T23:00:00,MST-7,4.5,16,16005,C,005,BANNOCK,0,0,0,0,1000.00,0.00,Heavy Rain,0,"[[42.9314,-112.3462],[42.8086,-112.3463],[42.8086,-112.5137],[42.9314,-112.5138]]",0,1,county_code_unverified|timezone_not_normalized_to_utc
1056558,174199,2022,2022-11-11T10:14:00,2022-11-12T02:00:00,EST-5,15.766666666666667,37,37189,C,189,WATAUGA,0,0,0,0,0.00,0.00,Heavy Rain,0,"[[36.2377,-81.8266],[36.2383,-81.8219],[36.2364,-81.8202],[36.2368,-81.8175],[36.2373,-81.8201],[36.2394,-81.8215],[36.239,-81.8262],[36.2407,-81.8289]]",0,1,county_code_unverified|timezone_not_normalized_to_utc
1056562,174199,2022,2022-11-11T16:00:00,2022-11-11T16:00:00,EST-5,0.0,37,37189,C,189,WATAUGA,0,0,0,0,1000.00,0.00,Heavy Rain,0,"[[36.1916,-81.6351],[36.192,-81.63],[36.1991,-81.642],[36.2011,-81.6435],[36.2033,-81.6487],[36.2026,-81.6506],[36.1997,-81.645],[36.1976,-81.6444]]",0,1,county_code_unverified|timezone_not_normalized_to_utc
1056563,174199,2022,2022-11-11T15:54:00,2022-11-11T16:48:00,EST-5,0.9,37,37189,C,189,WATAUGA,0,0,0,0,0.00,0.00,Heavy Rain,0,"[[36.2039,-81.6497],[36.2081,-81.6534],[36.2094,-81.6555],[36.2108,-81.6558],[36.211,-81.6551],[36.2096,-81.6549],[36.2084,-81.6527],[36.2049,-81.6494]]",0,1,county_code_unverified|timezone_not_normalized_to_utc
1056564,174199,2022,2022-11-11T11:00:00,2022-11-11T17:00:00,EST-5,6.0,37,37189,C,189,WATAUGA,0,0,0,0,0.00,0.00,Heavy Rain,0,"[[36.2029,-81.6504],[36.2004,-81.6503],[36.1995,-81.6489],[36.1954,-81.6493],[36.1983,-81.6474],[36.1999,-81.6478],[36.201,-81.6492],[36.2042,-81.6491]]",0,1,county_code_unverified|timezone_not_normalized_to_utc
1056565,174199,2022,2022-11-11T21:00:00,2022-11-12T02:20:00,EST-5,5.333333333333333,37,37009,C,009,ASHE,0,0,0,0,0.00,0.00,Heavy Rain,0,"[[36.3928,-81.4065],[36.3972,-81.4074],[36.3972,-81.4081],[36.3933,-81.408]]",0,1,county_code_unverified|timezone_not_normalized_to_utc
1056653,174199,2022,2022-11-11T14:00:00,2022-11-11T20:00:00,EST-5,6.0,37,37189,C,189,WATAUGA,0,0,0,0,5000.00,0.00,Heavy Rain,0,"[[36.2669,-81.8873],[36.269,-81.8848],[36.2687,-81.8835],[36.267,-81.8814],[36.2675,-81.8809],[36.2694,-81.8831],[36.2696,-81.8851],[36.268,-81.8874]]",0,1,county_code_unverified|timezone_not_normalized_to_utc
1056654,174199,2022,2022-11-11T13:30:00,2022-11-11T19:00:00,EST-5,5.5,37,37189,C,189,WATAUGA,0,0,0,0,2000.00,0.00,Heavy Rain,0,"[[36.2084,-81.7769],[36.2121,-81.774],[36.2131,-81.7766],[36.214,-81.7769],[36.2148,-81.7796],[36.2098,-81.7777],[36.2093,-81.7785],[36.2082,-81.779]]",0,1,county_code_unverified|timezone_not_normalized_to_utc
1056814,174274,2022,2022-09-04T12:00:00,2022-09-04T22:00:00,CST-6,10.0,01,01019,C,019,CHEROKEE,0,0,0,0,0.00,0.00,Heavy Rain,0,"[[34.2697,-85.5675],[34.2606,-85.5355],[34.3104,-85.4675],[34.3561,-85.477]]",0,1,county_code_unverified|timezone_not_normalized_to_utc
1057247,174374,2022,2022-09-03T10:00:00,2022-09-03T13:00:00,EST-5,3.0,45,45073,C,073,OCONEE,0,0,0,0,0.00,0.00,Heavy Rain,0,"[[34.748,-83.111],[34.722,-83.147],[34.679,-83.158],[34.669,-83.056],[34.747,-83.093]]",0,1,county_code_unverified|timezone_not_normalized_to_utc
1057432,174411,2022,2022-09-28T16:00:00,2022-09-28T16:00:00,PST-8,0.0,06,06065,C,065,RIVERSIDE,0,0,0,0,0.00,0.00,Heavy Rain,0,"[[33.75,-116.72],[33.7632,-116.7047],[33.7437,-116.6879],[33.732,-116.7255]]",0,1,county_code_unverified|timezone_not_normalized_to_utc
1057442,174056,2022,2022-10-03T15:00:00,2022-10-09T20:00:00,MST-7,149.0,04,04017,C,017,NAVAJO,0,0,0,0,0.00,0.00,Heavy Rain,0,"[[35.0558,-110.5276],[34.931,-110.0079],[34.5588,-109.9699],[34.8221,-111.0924],[35.8485,-111.7053],[36.3524,-111.8532]]",0,1,county_code_unverified|timezone_not_normalized_to_utc
1057736,174468,2022,2022-10-18T23:00:00,2022-10-19T03:00:00,EST-5,4.0,23,23021,C,021,PISCATAQUIS,0,0,0,0,0.00,0.00,Heavy Rain,0,"[[45.1889,-68.8928],[45.1861,-68.8965],[45.1892,-68.8986],[45.1897,-68.8952]]",0,1,county_code_unverified|timezone_not_normalized_to_utc
1058002,174340,2022,2022-09-01T00:00:00,2022-09-01T01:45:00,CST-6,1.75,46,46013,C,013,BROWN,0,0,0,0,0.00,0.00,Heavy Rain / Snow Melt,0,"[[45.86,-98.24],[45.86,-98.17],[45.63,-98.27],[45.52,-98.18],[45.52,-98.3],[45.63,-98.37]]",0,1,county_code_unverified|timezone_not_normalized_to_utc
1058003,174340,2022,2022-09-01T00:00:00,2022-09-23T12:30:00,CST-6,540.5,46,46013,C,013,BROWN,0,0,0,0,0.00,0.00,Heavy Rain / Snow Melt,0,"[[45.52,-98.18],[45.15,-98.35],[45.15,-98.45],[45.52,-98.3]]",0,1,county_code_unverified|timezone_not_normalized_to_utc
1058026,174516,2022,2022-09-03T14:00:00,2022-09-04T20:00:00,CST-6,30.0,48,48355,C,355,NUECES,0,0,0,0,0.00,0.00,Heavy Rain,0,"[[27.6476,-97.4398],[27.5778,-97.4398],[27.5751,-97.4751],[27.6657,-97.4743]]",0,1,county_code_unverified|timezone_not_normalized_to_utc
1058035,174516,2022,2022-09-04T16:00:00,2022-09-05T18:00:00,CST-6,26.0,48,48007,C,007,ARANSAS,0,0,0,0,0.00,0.00,Heavy Rain,0,"[[27.559,-97.649],[27.5672,-97.4806],[27.6082,-97.4807],[27.6214,-97.6402]]",0,1,county_code_unverified|timezone_not_normalized_to_utc
1058275,174569,2022,2022-09-28T16:00:00,2022-09-29T22:00:00,EST-5,30.0,12,12069,C,069,LAKE,0,0,0,0,4500000.00,0.00,Heavy Rain / Tropical System,0,"[[29.1674,-81.523],[29.1784,-81.5439],[29.1575,-81.5249],[29.1329,-81.5132]]",0,1,county_code_unverified|timezone_not_normalized_to_utc
1058282,174569,2022,2022-09-28T14:00:00,2022-09-30T23:59:00,EST-5,57.983333333333334,12,12097,C,097,OSCEOLA,0,0,1,0,245000000.00,0.00,Heavy Rain / Tropical System,1,"[[28.1684,-81.1433],[28.1797,-81.3151],[28.3273,-81.4878],[28.3266,-81.1229]]",0,1,county_code_unverified|timezone_not_normalized_to_utc
1058319,174569,2022,2022-09-28T14:00:00,2022-09-30T23:59:00,EST-5,57.983333333333334,12,12117,C,117,SEMINOLE,0,0,0,0,241000000.00,0.00,Heavy Rain / Tropical System,0,"[[28.6479,-81.4181],[28.8054,-81.3426],[28.7497,-81.0611],[28.625,-81.1235]]",0,1,county_code_unverified|timezone_not_normalized_to_utc
1058341,174569,2022,2022-09-28T00:00:00,2022-09-30T23:59:00,EST-5,71.98333333333333,12,12127,C,127,VOLUSIA,0,0,4,0,340000000.00,0.00,Heavy Rain / Tropical System,4,"[[29.2695,-81.1075],[28.9236,-80.9507],[28.9511,-80.8391],[29.3013,-81.0468]]",0,1,county_code_unverified|timezone_not_normalized_to_utc
1058349,174569,2022,2022-09-28T14:00:00,2022-09-30T23:59:00,EST-5,57.983333333333334,12,12009,C,009,BREVARD,0,0,0,0,7500000.00,0.00,Heavy Rain / Tropical System,0,"[[28.5758,-80.874],[28.6762,-80.8855],[28.6818,-80.9299],[28.5786,-80.916]]",0,1,county_code_unverified|timezone_not_normalized_to_utc
1058372,174544,2022,2022-09-17T05:30:00,2022-09-17T05:30:00,AST-4,0.0,99,,C,103,NAGUABO,0,0,0,0,3500.00,0.00,Heavy Rain / Tropical System,0,"[[18.21,-65.8],[18.2132,-65.8001],[18.2136,-65.7981],[18.2111,-65.7976]]",0,1,requires_crosswalk_or_marine_review|timezone_not_normalized_to_utc
1058409,174569,2022,2022-09-27T22:00:00,2022-09-28T10:00:00,EST-5,12.0,12,12061,C,061,INDIAN RIVER,0,0,0,0,0.00,0.00,Heavy Rain / Tropical System,0,"[[27.6668,-80.4367],[27.673,-80.3612],[27.6112,-80.3452],[27.6069,-80.4181]]",0,1,county_code_unverified|timezone_not_normalized_to_utc
1058410,174569,2022,2022-09-27T22:00:00,2022-09-28T10:00:00,EST-5,12.0,12,12111,C,111,ST. LUCIE,0,0,0,0,0.00,0.00,Heavy Rain / Tropical System,0,"[[27.2685,-80.3787],[27.3085,-80.2255],[27.4911,-80.3012],[27.471,-80.4062]]",0,1,county_code_unverified|timezone_not_normalized_to_utc
1058411,174569,2022,2022-09-28T14:00:00,2022-09-30T23:59:00,EST-5,57.983333333333334,12,12095,C,095,ORANGE,0,0,0,0,206000000.00,0.00,Heavy Rain / Tropical System,0,"[[28.43,-81.32],[28.5133,-81.5109],[28.683,-81.3607],[28.6046,-81.1947]]",0,1,county_code_unverified|timezone_not_normalized_to_utc
1058412,174569,2022,2022-09-27T20:00:00,2022-09-28T08:00:00,EST-5,12.0,12,12085,C,085,MARTIN,0,0,0,1,0.00,0.00,Heavy Rain / Tropical System,1,"[[27.146,-80.2742],[27.2154,-80.3149],[27.2425,-80.2146],[27.1577,-80.1873]]",0,1,county_code_unverified|timezone_not_normalized_to_utc
1058413,174569,2022,2022-09-27T20:00:00,2022-09-28T08:00:00,EST-5,12.0,12,12093,C,093,OKEECHOBEE,0,0,0,0,0.00,0.00,Heavy Rain / Tropical System,0,"[[27.2101,-80.8416],[27.2093,-80.7498],[27.278,-80.7541],[27.2761,-80.84]]",0,1,county_code_unverified|timezone_not_normalized_to_utc
1058422,174625,2022,2022-09-27T16:30:00,2022-09-27T20:00:00,EST-5,3.5,42,42049,C,049,ERIE,0,0,0,0,30000.00,0.00,Heavy Rain,0,"[[41.9923,-80.4209],[41.9942,-80.4158],[41.9969,-80.4169],[41.9947,-80.4231]]",0,1,county_code_unverified|timezone_not_normalized_to_utc
1058491,174544,2022,2022-09-18T14:14:00,2022-09-18T14:14:00,AST-4,0.0,99,,C,123,SALINAS,0,0,0,0,3500.00,0.00,Heavy Rain / Tropical System,0,"[[17.9804,-66.2252],[17.9799,-66.2252],[17.9799,-66.2241],[17.9804,-66.2243]]",0,1,requires_crosswalk_or_marine_review|timezone_not_normalized_to_utc
1058499,174544,2022,2022-09-18T14:42:00,2022-09-18T14:42:00,AST-4,0.0,99,,C,109,PATILLAS,0,0,0,0,3500.00,0.00,Heavy Rain / Tropical System,0,"[[18.0,-66.01],[17.9994,-66.0122],[17.9966,-66.0108],[17.9976,-66.0089]]",0,1,requires_crosswalk_or_marine_review|timezone_not_normalized_to_utc
1058521,174544,2022,2022-09-18T15:53:00,2022-09-18T15:53:00,AST-4,0.0,99,,C,025,CAGUAS,0,0,0,0,3500.00,0.00,Heavy Rain / Tropical System,0,"[[18.21,-66.04],[18.2083,-66.0429],[18.2064,-66.0436],[18.206,-66.0413]]",0,1,requires_crosswalk_or_marine_review|timezone_not_normalized_to_utc
1058552,174544,2022,2022-09-18T22:10:00,2022-09-18T22:10:00,AST-4,0.0,99,,C,035,CAYEY,0,0,0,0,3500.00,0.00,Heavy Rain / Tropical System,0,"[[18.11,-66.16],[18.1124,-66.1626],[18.1129,-66.1583],[18.112,-66.1585]]",0,1,requires_crosswalk_or_marine_review|timezone_not_normalized_to_utc
1058557,174544,2022,2022-09-19T13:59:00,2022-09-19T13:59:00,AST-4,0.0,99,,C,113,PONCE,0,0,0,0,3500.00,0.00,Heavy Rain / Tropical System,0,"[[18.0,-66.63],[18.0052,-66.629],[18.006,-66.6216],[18.0015,-66.6231]]",0,1,requires_crosswalk_or_marine_review|timezone_not_normalized_to_utc
1058565,174544,2022,2022-09-19T07:30:00,2022-09-19T07:30:00,AST-4,0.0,99,,C,137,TOA BAJA,0,0,0,0,3500.00,0.00,Heavy Rain / Tropical System,0,"[[18.4455,-66.2334],[18.4425,-66.2346],[18.4423,-66.2335],[18.4451,-66.2328]]",0,1,requires_crosswalk_or_marine_review|timezone_not_normalized_to_utc
1058577,174544,2022,2022-09-19T06:12:00,2022-09-19T06:12:00,AST-4,0.0,99,,C,123,SALINAS,0,0,0,0,3500.00,0.00,Heavy Rain / Tropical System,0,"[[17.9762,-66.2948],[17.9748,-66.2952],[17.9733,-66.2883],[17.9752,-66.288]]",0,1,requires_crosswalk_or_marine_review|timezone_not_normalized_to_utc
1058685,174638,2022,2022-09-17T20:00:00,2022-09-17T20:00:00,EST-5,0.0,12,12081,C,081,MANATEE,0,0,0,0,50000.00,0.00,Heavy Rain,0,"[[27.39,-82.49],[27.3907,-82.4857],[27.3869,-82.4852],[27.3871,-82.4897]]",0,1,county_code_unverified|timezone_not_normalized_to_utc
1058950,174428,2022,2022-09-26T22:00:00,2022-09-27T04:00:00,AKST-9,6.0,02,02325,C,325,JUNEAU BOROUGH,0,0,0,0,0.00,0.00,Heavy Rain,0,"[[58.3675,-134.5782],[58.3669,-134.5755],[58.3626,-134.5787],[58.3626,-134.5834],[58.3645,-134.5844],[58.365,-134.5827]]",0,1,county_code_unverified|timezone_not_normalized_to_utc
1058965,174445,2022,2022-10-27T15:00:00,2022-10-27T19:00:00,AKST-9,4.0,02,02325,C,325,JUNEAU BOROUGH,0,0,0,0,0.00,0.00,Dam / Levee Break,0,"[[58.414,-134.6005],[58.4372,-134.5868],[58.4343,-134.5328],[58.4152,-134.5383],[58.4045,-134.5572],[58.4005,-134.572],[58.4063,-134.5972]]",0,1,county_code_unverified|timezone_not_normalized_to_utc
1059052,174428,2022,2022-09-26T09:00:00,2022-09-27T07:00:00,AKST-9,22.0,02,02318,C,318,TAIYA INLET,0,0,0,0,0.00,0.00,Heavy Rain,0,"[[59.492,-135.3661],[59.4923,-135.3401],[59.5878,-135.3008],[59.6465,-135.2612],[59.6649,-135.3459],[59.5519,-135.3764]]",0,1,county_code_unverified|timezone_not_normalized_to_utc
1059103,174723,2022,2022-10-13T19:30:00,2022-10-13T21:26:00,EST-5,1.9333333333333333,36,36001,C,001,ALBANY,0,0,0,0,0.00,0.00,Heavy Rain,0,"[[42.6295,-73.8653],[42.6299,-73.8639],[42.6294,-73.8635],[42.6292,-73.8651]]",0,1,county_code_unverified|timezone_not_normalized_to_utc
1059193,174475,2022,2022-09-18T09:30:00,2022-09-18T10:30:00,PST-8,1.0,06,06087,C,087,SANTA CRUZ,0,0,0,0,0.00,0.00,Heavy Rain,0,"[[37.033,-122.0223],[37.0335,-122.0222],[37.0334,-122.022],[37.033,-122.0221]]",0,1,county_code_unverified|timezone_not_normalized_to_utc
1059206,174475,2022,2022-09-18T22:00:00,2022-09-19T02:00:00,PST-8,4.0,06,06053,C,053,MONTEREY,0,0,0,0,0.00,0.00,Heavy Rain,0,"[[36.6186,-121.9094],[36.6193,-121.9142],[36.62,-121.9141],[36.6193,-121.9093]]",0,1,county_code_unverified|timezone_not_normalized_to_utc
1059221,174475,2022,2022-09-18T09:30:00,2022-09-19T01:30:00,PST-8,16.0,06,06053,C,053,MONTEREY,0,0,0,0,0.00,0.00,Heavy Rain,0,"[[36.5076,-121.934],[36.1717,-121.6466],[35.7787,-121.2918],[35.7649,-121.3248],[35.8883,-121.4635],[36.0512,-121.6348],[36.2508,-121.904],[36.4891,-121.9445]]",0,1,county_code_unverified|timezone_not_normalized_to_utc
1059362,174755,2022,2022-10-15T14:24:00,2022-10-15T14:45:00,PST-8,0.35,06,06065,C,065,RIVERSIDE,0,0,0,0,0.00,0.00,Heavy Rain,0,"[[33.57,-116.0],[33.5717,-115.9767],[33.5938,-115.9817],[33.5734,-116.0092]]",0,1,county_code_unverified|timezone_not_normalized_to_utc
1059574,174776,2022,2022-10-02T15:30:00,2022-10-02T16:30:00,AST-4,1.0,99,,C,051,DORAD,0,0,0,0,0.00,0.00,Heavy Rain,0,"[[18.4344,-66.2838],[18.4333,-66.2854],[18.4324,-66.2843],[18.4337,-66.2814]]",0,1,requires_crosswalk_or_marine_review|timezone_not_normalized_to_utc
1059576,174776,2022,2022-10-02T16:00:00,2022-10-02T16:30:00,AST-4,0.5,99,,C,051,DORAD,0,0,0,0,10000.00,0.00,Heavy Rain,0,"[[18.408,-66.2826],[18.4084,-66.281],[18.4061,-66.2804],[18.4058,-66.283]]",0,1,requires_crosswalk_or_marine_review|timezone_not_normalized_to_utc
1059577,174776,2022,2022-10-02T16:20:00,2022-10-02T17:30:00,AST-4,1.1666666666666667,99,,C,091,MANATI,0,0,0,0,0.00,0.00,Heavy Rain,0,"[[18.4522,-66.4831],[18.4524,-66.4809],[18.4491,-66.4807],[18.4499,-66.4832]]",0,1,requires_crosswalk_or_marine_review|timezone_not_normalized_to_utc
1059588,174776,2022,2022-10-04T14:00:00,2022-10-04T16:30:00,AST-4,2.5,99,,C,061,GUAYNABO,0,0,0,0,0.00,0.00,Heavy Rain,0,"[[18.4119,-66.1034],[18.4128,-66.1041],[18.4109,-66.1049],[18.4101,-66.1038]]",0,1,requires_crosswalk_or_marine_review|timezone_not_normalized_to_utc
1059593,174776,2022,2022-10-04T14:34:00,2022-10-04T16:00:00,AST-4,1.4333333333333333,99,,C,061,GUAYNABO,0,0,0,0,0.00,0.00,Heavy Rain,0,"[[18.4012,-66.1066],[18.399,-66.1078],[18.3966,-66.1072],[18.3986,-66.1047]]",0,1,requires_crosswalk_or_marine_review|timezone_not_normalized_to_utc
1059601,174779,2022,2022-10-08T15:05:00,2022-10-08T16:00:00,AST-4,0.9166666666666666,99,,C,111,PENUELAS,0,0,0,0,0.00,0.00,Heavy Rain,0,"[[18.0965,-66.7379],[18.0974,-66.7342],[18.0955,-66.7338],[18.095,-66.7374]]",0,1,requires_crosswalk_or_marine_review|timezone_not_normalized_to_utc
1059604,174779,2022,2022-10-10T14:00:00,2022-10-10T17:00:00,AST-4,3.0,99,,C,021,BAYAMON,0,0,0,0,0.00,0.00,Heavy Rain,0,"[[18.3863,-66.175],[18.3917,-66.169],[18.3875,-66.1628],[18.3816,-66.1707]]",0,1,requires_crosswalk_or_marine_review|timezone_not_normalized_to_utc
1059607,174779,2022,2022-10-10T14:20:00,2022-10-10T17:00:00,AST-4,2.6666666666666665,99,,C,021,BAYAMON,0,0,0,0,0.00,0.00,Heavy Rain,0,"[[18.4196,-66.1801],[18.4193,-66.1789],[18.4182,-66.1787],[18.4185,-66.1811]]",0,1,requires_crosswalk_or_marine_review|timezone_not_normalized_to_utc
1059614,174780,2022,2022-10-15T18:35:00,2022-10-15T21:30:00,AST-4,2.9166666666666665,99,,C,099,MOCA,0,0,0,0,10000.00,0.00,Heavy Rain,0,"[[18.3811,-67.13],[18.3818,-67.1274],[18.3799,-67.1264],[18.379,-67.1294]]",0,1,requires_crosswalk_or_marine_review|timezone_not_normalized_to_utc
1059660,174781,2022,2022-10-26T20:20:00,2022-10-26T21:10:00,AST-4,0.8333333333333334,99,,C,103,NAGUABO,0,0,0,0,0.00,0.00,Heavy Rain,0,"[[18.2446,-65.7104],[18.243,-65.6964],[18.2345,-65.6972],[18.2372,-65.7129]]",0,1,requires_crosswalk_or_marine_review|timezone_not_normalized_to_utc
1059661,174781,2022,2022-10-26T20:44:00,2022-10-26T21:30:00,AST-4,0.7666666666666667,99,,C,119,RIO GRANDE,0,0,0,0,0.00,0.00,Heavy Rain,0,"[[18.3799,-65.813],[18.3817,-65.804],[18.3777,-65.8028],[18.375,-65.8126]]",0,1,requires_crosswalk_or_marine_review|timezone_not_normalized_to_utc
1059667,174781,2022,2022-10-26T20:46:00,2022-10-26T21:30:00,AST-4,0.7333333333333333,99,,C,119,RIO GRANDE,0,0,0,0,0.00,0.00,Heavy Rain,0,"[[18.3599,-65.7723],[18.3602,-65.7672],[18.3578,-65.765],[18.3578,-65.7724]]",0,1,requires_crosswalk_or_marine_review|timezone_not_normalized_to_utc
1059668,174781,2022,2022-10-26T20:48:00,2022-10-26T21:45:00,AST-4,0.95,99,,C,119,RIO GRANDE,0,0,0,0,0.00,0.00,Heavy Rain,0,"[[18.3505,-65.8202],[18.3493,-65.8234],[18.3468,-65.8223],[18.3485,-65.8189]]",0,1,requires_crosswalk_or_marine_review|timezone_not_normalized_to_utc
1059669,174781,2022,2022-10-26T21:00:00,2022-10-26T22:00:00,AST-4,1.0,99,,C,103,NAGUABO,0,0,0,0,0.00,0.00,Heavy Rain,0,"[[18.2214,-65.6889],[18.2262,-65.6814],[18.2218,-65.6769],[18.2187,-65.6832]]",0,1,requires_crosswalk_or_marine_review|timezone_not_normalized_to_utc
1059670,174781,2022,2022-10-27T21:26:00,2022-10-27T22:00:00,AST-4,0.5666666666666667,99,,C,127,SAN JUAN,0,0,0,0,10000.00,0.00,Heavy Rain,0,"[[18.3377,-66.0808],[18.3386,-66.0756],[18.3362,-66.0749],[18.3351,-66.0807]]",0,1,requires_crosswalk_or_marine_review|timezone_not_normalized_to_utc
1059671,174781,2022,2022-10-27T22:30:00,2022-10-27T23:30:00,AST-4,1.0,99,,C,069,HUMACAO,0,0,0,0,10000.00,0.00,Heavy Rain,0,"[[18.1542,-65.8155],[18.1661,-65.8032],[18.1561,-65.7978],[18.1457,-65.8058]]",0,1,requires_crosswalk_or_marine_review|timezone_not_normalized_to_utc
1059673,174781,2022,2022-10-27T11:10:00,2022-10-27T16:00:00,AST-4,4.833333333333333,99,,C,113,PONCE,0,0,0,0,0.00,0.00,Heavy Rain,0,"[[18.0262,-66.5955],[18.0318,-66.5899],[18.0306,-66.5849],[18.0233,-66.5888]]",0,1,requires_crosswalk_or_marine_review|timezone_not_normalized_to_utc
1059689,174794,2022,2022-10-30T21:30:00,2022-10-30T22:30:00,AST-4,1.0,99,,C,113,PONCE,0,0,0,0,0.00,0.00,Heavy Rain,0,"[[18.0159,-66.5917],[18.0173,-66.5816],[18.0085,-66.5823],[18.0072,-66.5938]]",0,1,requires_crosswalk_or_marine_review|timezone_not_normalized_to_utc
1059690,174794,2022,2022-10-30T21:55:00,2022-10-30T22:30:00,AST-4,0.5833333333333334,99,,C,113,PONCE,0,0,0,0,0.00,0.00,Heavy Rain,0,"[[18.0211,-66.556],[18.0137,-66.5359],[18.0018,-66.5413],[18.0095,-66.5683]]",0,1,requires_crosswalk_or_marine_review|timezone_not_normalized_to_utc
1059692,174794,2022,2022-10-30T21:50:00,2022-10-30T22:30:00,AST-4,0.6666666666666666,99,,C,113,PONCE,0,0,0,0,0.00,0.00,Heavy Rain,0,"[[18.0254,-66.6521],[18.0266,-66.6483],[18.0235,-66.6474],[18.0234,-66.652]]",0,1,requires_crosswalk_or_marine_review|timezone_not_normalized_to_utc
1059804,174826,2022,2022-11-12T01:06:00,2022-11-12T14:01:00,EST-5,12.916666666666666,39,39167,C,167,WASHINGTON,0,0,0,0,200.00,0.00,Heavy Rain,0,"[[39.5624,-81.2065],[39.5604,-81.2037],[39.5622,-81.1981],[39.5666,-81.2001]]",0,1,county_code_unverified|timezone_not_normalized_to_utc
1060464,174921,2022,2022-12-10T19:19:00,2022-12-10T21:19:00,PST-8,2.0,06,06047,C,047,MERCED,0,0,0,0,0.00,0.00,Heavy Rain,0,"[[37.53,-120.43],[37.5291,-120.4301],[37.5292,-120.4291],[37.5303,-120.4291]]",0,1,county_code_unverified|timezone_not_normalized_to_utc
1060465,174921,2022,2022-12-10T20:06:00,2022-12-10T22:06:00,PST-8,2.0,06,06019,C,019,FRESNO,0,0,0,0,0.00,0.00,Heavy Rain,0,"[[36.8402,-119.7102],[36.8405,-119.7104],[36.8412,-119.7094],[36.841,-119.7092]]",0,1,county_code_unverified|timezone_not_normalized_to_utc
1060466,174921,2022,2022-12-10T20:07:00,2022-12-10T22:07:00,PST-8,2.0,06,06047,C,047,MERCED,0,0,0,0,0.00,0.00,Heavy Rain,0,"[[37.3342,-120.579],[37.3352,-120.5787],[37.3338,-120.5728],[37.3328,-120.5734]]",0,1,county_code_unverified|timezone_not_normalized_to_utc
1060467,174921,2022,2022-12-10T20:21:00,2022-12-10T22:21:00,PST-8,2.0,06,06047,C,047,MERCED,0,0,0,0,0.00,0.00,Heavy Rain,0,"[[37.3464,-120.5499],[37.3467,-120.5498],[37.3466,-120.5494],[37.3463,-120.5496]]",0,1,county_code_unverified|timezone_not_normalized_to_utc
1060468,174921,2022,2022-12-10T20:51:00,2022-12-10T22:51:00,PST-8,2.0,06,06047,C,047,MERCED,0,0,0,0,0.00,0.00,Heavy Rain,0,"[[37.3608,-120.724],[37.3608,-120.7235],[37.3603,-120.7235],[37.3603,-120.7241]]",0,1,county_code_unverified|timezone_not_normalized_to_utc
1060469,174921,2022,2022-12-10T21:04:00,2022-12-10T23:04:00,PST-8,2.0,06,06019,C,019,FRESNO,0,0,0,0,0.00,0.00,Heavy Rain,0,"[[36.6031,-120.5821],[36.6077,-120.5871],[36.6061,-120.5917],[36.6018,-120.5858]]",0,1,county_code_unverified|timezone_not_normalized_to_utc
1060470,174921,2022,2022-12-10T21:06:00,2022-12-10T23:06:00,PST-8,2.0,06,06019,C,019,FRESNO,0,0,0,0,0.00,0.00,Heavy Rain,0,"[[36.4367,-120.3992],[36.442,-120.4024],[36.4414,-120.3965],[36.4392,-120.395]]",0,1,county_code_unverified|timezone_not_normalized_to_utc
1060471,174921,2022,2022-12-10T21:24:00,2022-12-10T23:24:00,PST-8,2.0,06,06047,C,047,MERCED,0,0,0,0,0.00,0.00,Heavy Rain,0,"[[37.45,-120.65],[37.4466,-120.6504],[37.4465,-120.6473],[37.4501,-120.6475]]",0,1,county_code_unverified|timezone_not_normalized_to_utc
1060501,174927,2022,2022-12-07T11:08:00,2022-12-07T11:08:00,CST-6,0.0,47,47119,C,119,MAURY,0,0,0,0,0.00,0.00,Heavy Rain,0,"[[35.7495,-86.9221],[35.7491,-86.9228],[35.751,-86.9305],[35.7512,-86.9302]]",0,1,county_code_unverified|timezone_not_normalized_to_utc
1060502,174927,2022,2022-12-07T11:08:00,2022-12-07T11:08:00,CST-6,0.0,47,47187,C,187,WILLIAMSON,0,0,0,0,0.00,0.00,Heavy Rain,0,"[[35.7598,-86.9221],[35.7592,-86.9225],[35.761,-86.9248],[35.7616,-86.9239]]",0,1,county_code_unverified|timezone_not_normalized_to_utc
1060504,174927,2022,2022-12-07T11:08:00,2022-12-07T11:08:00,CST-6,0.0,47,47187,C,187,WILLIAMSON,0,0,0,0,0.00,0.00,Heavy Rain,0,"[[35.9917,-87.0927],[35.9917,-87.0955],[36.0089,-87.0968],[36.0095,-87.094],[36.0002,-87.092]]",0,1,county_code_unverified|timezone_not_normalized_to_utc
1060505,174927,2022,2022-12-07T12:16:00,2022-12-07T12:16:00,CST-6,0.0,47,47119,C,119,MAURY,0,0,0,0,0.00,0.00,Heavy Rain,0,"[[35.7718,-86.9216],[35.7751,-86.92],[35.774,-86.9158],[35.7705,-86.9168]]",0,1,county_code_unverified|timezone_not_normalized_to_utc
1060506,174927,2022,2022-12-07T13:10:00,2022-12-07T13:10:00,CST-6,0.0,47,47119,C,119,MAURY,0,0,0,0,0.00,0.00,Heavy Rain,0,"[[35.66,-86.85],[35.664,-86.8507],[35.6653,-86.835],[35.663,-86.8333]]",0,1,county_code_unverified|timezone_not_normalized_to_utc
1060507,174927,2022,2022-12-07T14:00:00,2022-12-07T14:00:00,CST-6,0.0,47,47119,C,119,MAURY,0,0,0,0,0.00,0.00,Heavy Rain,0,"[[35.7099,-86.9031],[35.7116,-86.899],[35.7092,-86.8968],[35.7085,-86.8972],[35.7083,-86.901]]",0,1,county_code_unverified|timezone_not_normalized_to_utc
1060508,174927,2022,2022-12-07T14:00:00,2022-12-07T14:00:00,CST-6,0.0,47,47187,C,187,WILLIAMSON,0,0,0,0,0.00,0.00,Heavy Rain,0,"[[35.84,-86.68],[35.838,-86.6641],[35.8344,-86.6654],[35.8398,-86.6923],[35.8424,-86.6879]]",0,1,county_code_unverified|timezone_not_normalized_to_utc
1060509,174927,2022,2022-12-07T15:00:00,2022-12-07T15:00:00,CST-6,0.0,47,47003,C,003,BEDFORD,0,0,0,0,0.00,0.00,Heavy Rain,0,"[[35.5949,-86.4797],[35.5893,-86.4783],[35.5871,-86.4414],[35.5905,-86.4412]]",0,1,county_code_unverified|timezone_not_normalized_to_utc
1060510,174927,2022,2022-12-07T15:00:00,2022-12-07T15:00:00,CST-6,0.0,47,47003,C,003,BEDFORD,0,0,0,0,0.00,0.00,Heavy Rain,0,"[[35.6569,-86.4898],[35.6576,-86.5032],[35.6489,-86.5056],[35.6514,-86.4902]]",0,1,county_code_unverified|timezone_not_normalized_to_utc
1060511,174927,2022,2022-12-07T15:00:00,2022-12-07T15:00:00,CST-6,0.0,47,47117,C,117,MARSHALL,0,0,0,0,0.00,0.00,Heavy Rain,0,"[[35.6938,-86.6946],[35.6894,-86.694],[35.6866,-86.7103],[35.6885,-86.7264],[35.6907,-86.724]]",0,1,county_code_unverified|timezone_not_normalized_to_utc
1060546,174473,2022,2022-09-16T22:00:00,2022-09-18T00:00:00,AKST-9,26.0,02,02155,C,155,KUSKOKWIM DELTA,0,0,0,0,0.00,0.00,Heavy Rain / Tropical System,0,"[[60.6893,-161.9941],[60.6999,-161.7518],[60.7337,-161.6896],[60.7983,-161.7464],[60.7882,-161.8014]]",0,1,county_code_unverified|timezone_not_normalized_to_utc
1060559,174946,2022,2022-09-08T21:00:00,2022-09-09T15:00:00,AKST-9,18.0,02,02131,C,131,NERN P.W. SND,0,0,0,0,0.00,0.00,Heavy Rain,0,"[[61.0845,-146.268],[61.0477,-146.088],[61.043,-145.9351],[61.0652,-145.8976],[61.0831,-146.1604],[61.105,-146.2208]]",0,1,county_code_unverified|timezone_not_normalized_to_utc
1060561,174946,2022,2022-09-08T22:34:00,2022-09-09T16:06:00,AKST-9,17.533333333333335,02,02135,C,135,SERN P.W. SND,0,0,0,0,0.00,0.00,Heavy Rain,0,"[[60.5409,-145.7617],[60.5313,-145.7573],[60.5315,-145.6986],[60.5419,-145.6658],[60.5494,-145.6995]]",0,1,county_code_unverified|timezone_not_normalized_to_utc
1060564,174948,2022,2022-09-03T14:30:00,2022-09-07T12:57:00,AKST-9,94.45,02,02125,C,125,WRN P.W. SND & KENAI MTNS,0,0,0,0,0.00,0.00,Dam / Levee Break,0,"[[60.3139,-149.2969],[60.4636,-149.3326],[60.5244,-149.9369],[60.3977,-150.1044]]",0,1,county_code_unverified|timezone_not_normalized_to_utc
1060567,174948,2022,2022-09-03T14:30:00,2022-09-07T12:57:00,AKST-9,94.45,02,02121,C,121,KENAI PENINSULA,0,0,0,0,0.00,0.00,Dam / Levee Break,0,"[[60.3089,-149.3338],[60.5359,-149.6057],[60.5662,-150.9227],[60.4435,-150.5595],[60.3485,-150.0871]]",0,1,county_code_unverified|timezone_not_normalized_to_utc
1060640,174862,2022,2022-10-13T13:30:00,2022-10-13T15:30:00,EST-5,2.0,12,12086,C,086,MIAMI-DADE,0,0,0,0,0.00,0.00,Heavy Rain,0,"[[25.7608,-80.1927],[25.7606,-80.1919],[25.7603,-80.1919],[25.7604,-80.1928]]",0,1,county_code_unverified|timezone_not_normalized_to_utc
1060642,174864,2022,2022-10-09T12:00:00,2022-10-09T14:45:00,EST-5,2.75,12,12086,C,086,MIAMI-DADE,0,0,0,0,0.00,0.00,Heavy Rain,0,"[[25.84,-80.34],[25.8417,-80.3402],[25.8418,-80.3378],[25.8402,-80.3376]]",0,1,county_code_unverified|timezone_not_normalized_to_utc
1060951,175023,2022,2022-11-08T11:00:00,2022-11-08T11:00:00,PST-8,0.0,06,06073,C,073,SAN DIEGO,0,0,0,0,0.00,0.00,Heavy Rain,0,"[[32.7901,-117.0802],[32.73,-117.0372],[32.7134,-117.0677],[32.784,-117.1107]]",0,1,county_code_unverified|timezone_not_normalized_to_utc
1060952,175023,2022,2022-11-08T13:50:00,2022-11-08T13:50:00,PST-8,0.0,06,06073,C,073,SAN DIEGO,0,0,0,0,0.00,0.00,Heavy Rain,0,"[[32.7945,-116.97],[32.7985,-116.9487],[32.8121,-116.953],[32.8112,-116.9795]]",0,1,county_code_unverified|timezone_not_normalized_to_utc
1061170,175031,2022,2022-11-26T15:15:00,2022-11-26T15:45:00,CST-6,0.5,22,22103,C,103,ST. TAMMANY,0,0,0,0,0.00,0.00,Heavy Rain,0,"[[30.4024,-90.1124],[30.4038,-90.1164],[30.4022,-90.1174],[30.4013,-90.1131]]",0,1,county_code_unverified|timezone_not_normalized_to_utc
1061375,175009,2022,2022-10-15T11:30:00,2022-10-15T13:30:00,PST-8,2.0,06,06025,C,025,IMPERIAL,0,0,0,0,0.00,0.00,Heavy Rain,0,"[[32.8035,-115.5801],[32.78,-115.5786],[32.7804,-115.5408],[32.8026,-115.5434]]",0,1,county_code_unverified|timezone_not_normalized_to_utc
1061456,175106,2022,2022-10-14T06:00:00,2022-10-14T10:00:00,EST-5,4.0,33,33007,C,007,COOS,0,0,0,0,5000.00,0.00,Heavy Rain,0,"[[44.3681,-71.2577],[44.3007,-71.1329],[44.3791,-71.0947],[44.4113,-71.2206]]",0,1,county_code_unverified|timezone_not_normalized_to_utc
1061457,175107,2022,2022-10-14T16:30:00,2022-10-14T22:00:00,EST-5,5.5,23,23017,C,017,OXFORD,0,0,0,0,0.00,0.00,Heavy Rain,0,"[[44.661,-70.7568],[44.6703,-70.6966],[44.639,-70.6735],[44.6246,-70.7499]]",0,1,county_code_unverified|timezone_not_normalized_to_utc
1061462,175107,2022,2022-10-14T11:00:00,2022-10-14T22:00:00,EST-5,11.0,23,23017,C,017,OXFORD,0,0,0,0,0.00,0.00,Heavy Rain,0,"[[44.67,-70.58],[44.6536,-70.618],[44.7263,-70.6677],[44.737,-70.6304],[44.712,-70.5724]]",0,1,county_code_unverified|timezone_not_normalized_to_utc
1061463,175106,2022,2022-10-14T14:00:00,2022-10-15T01:00:00,EST-5,11.0,33,33003,C,003,CARROLL,0,0,0,0,0.00,0.00,Heavy Rain,0,"[[43.98,-71.12],[43.9962,-71.0986],[44.0493,-71.1004],[44.0596,-71.1537]]",0,1,county_code_unverified|timezone_not_normalized_to_utc
1061464,175108,2022,2022-10-18T06:00:00,2022-10-18T10:00:00,EST-5,4.0,23,23011,C,011,KENNEBEC,0,0,0,0,0.00,0.00,Heavy Rain,0,"[[44.2537,-69.796],[44.3114,-69.7617],[44.3333,-69.854],[44.2862,-69.8528]]",0,1,county_code_unverified|timezone_not_normalized_to_utc
1061465,174444,2022,2022-10-17T08:00:00,2022-10-17T10:00:00,AKST-9,2.0,02,02318,C,318,TAIYA INLET,0,0,0,0,0.00,0.00,Heavy Rain,0,"[[59.4892,-135.3402],[59.4927,-135.3706],[59.5681,-135.3572],[59.631,-135.3441],[59.6843,-135.2788],[59.6453,-135.2656]]",0,1,county_code_unverified|timezone_not_normalized_to_utc
1061467,174443,2022,2022-10-14T00:30:00,2022-10-15T00:31:00,AKST-9,24.016666666666666,02,02318,C,318,TAIYA INLET,0,0,0,0,0.00,0.00,Heavy Rain,0,"[[59.4856,-135.3728],[59.5324,-135.3831],[59.6135,-135.3418],[59.6874,-135.2735],[59.6784,-135.2473],[59.5252,-135.3222],[59.4711,-135.3296]]",0,1,county_code_unverified|timezone_not_normalized_to_utc
1061469,174440,2022,2022-10-01T06:00:00,2022-10-01T15:00:00,AKST-9,9.0,02,02325,C,325,JUNEAU BOROUGH,0,0,0,0,0.00,0.00,Heavy Rain,0,"[[58.3623,-134.5815],[58.3629,-134.5825],[58.3643,-134.5836],[58.3661,-134.5785],[58.3656,-134.5779],[58.3647,-134.5781],[58.3633,-134.5797]]",0,1,county_code_unverified|timezone_not_normalized_to_utc
1061470,174440,2022,2022-10-01T00:03:00,2022-10-01T18:00:00,AKST-9,17.95,02,02318,C,318,TAIYA INLET,0,0,0,0,0.00,0.00,Heavy Rain,0,"[[59.4819,-135.339],[59.486,-135.3734],[59.5663,-135.3741],[59.6196,-135.3471],[59.6906,-135.2661],[59.6854,-135.2462]]",0,1,county_code_unverified|timezone_not_normalized_to_utc
1061529,175117,2022,2022-12-27T05:34:00,2022-12-27T07:34:00,PST-8,2.0,06,06019,C,019,FRESNO,0,0,0,0,0.00,0.00,Heavy Rain,0,"[[37.2008,-119.243],[37.2008,-119.2405],[37.2002,-119.2407],[37.2001,-119.2428]]",0,1,county_code_unverified|timezone_not_normalized_to_utc
1061530,175117,2022,2022-12-27T09:33:00,2022-12-27T11:33:00,PST-8,2.0,06,06047,C,047,MERCED,0,0,0,0,0.00,0.00,Heavy Rain,0,"[[37.0845,-121.1023],[37.0828,-121.1028],[37.0825,-121.1002],[37.0838,-121.0995]]",0,1,county_code_unverified|timezone_not_normalized_to_utc
1061532,175117,2022,2022-12-27T10:02:00,2022-12-27T12:02:00,PST-8,2.0,06,06019,C,019,FRESNO,0,0,0,0,0.00,0.00,Heavy Rain,0,"[[37.24,-119.16],[37.2397,-119.1609],[37.2404,-119.1614],[37.2405,-119.1605]]",0,1,county_code_unverified|timezone_not_normalized_to_utc
1061533,175117,2022,2022-12-27T10:52:00,2022-12-27T12:52:00,PST-8,2.0,06,06019,C,019,FRESNO,0,0,0,0,0.00,0.00,Heavy Rain,0,"[[36.7067,-119.4592],[36.7045,-119.4597],[36.7047,-119.4565],[36.7066,-119.4566]]",0,1,county_code_unverified|timezone_not_normalized_to_utc
1061534,175117,2022,2022-12-27T11:26:00,2022-12-27T13:26:00,PST-8,2.0,06,06043,C,043,MARIPOSA,0,0,0,0,0.00,0.00,Heavy Rain,0,"[[37.6795,-119.7593],[37.679,-119.7593],[37.6791,-119.7618],[37.6798,-119.7617]]",0,1,county_code_unverified|timezone_not_normalized_to_utc
1061909,173399,2022,2022-10-11T03:00:00,2022-10-11T10:00:00,GST10,7.0,98,,C,006,GUAM,0,0,0,0,0.00,0.00,Heavy Rain,0,"[[13.4358,144.6778],[13.4465,144.6826],[13.4456,144.6853],[13.4353,144.6799]]",0,1,requires_crosswalk_or_marine_review|timezone_not_normalized_to_utc
1062054,173399,2022,2022-10-11T03:00:00,2022-10-11T10:00:00,GST10,7.0,98,,C,006,GUAM,0,0,0,0,500.00,0.00,Heavy Rain,0,"[[13.2555,144.6894],[13.256,144.6899],[13.2571,144.6887],[13.2567,144.6881]]",0,1,requires_crosswalk_or_marine_review|timezone_not_normalized_to_utc
1062088,173399,2022,2022-10-11T07:40:00,2022-10-11T11:36:00,GST10,3.933333333333333,98,,C,006,GUAM,0,0,0,0,0.00,0.00,Heavy Rain,0,"[[13.4219,144.7817],[13.4259,144.782],[13.426,144.7827],[13.4223,144.7822]]",0,1,requires_crosswalk_or_marine_review|timezone_not_normalized_to_utc
1062207,175209,2022,2022-12-10T08:00:00,2022-12-10T16:00:00,CST-6,8.0,29,29009,C,009,BARRY,0,0,0,0,0.00,0.00,Heavy Rain,0,"[[36.58,-93.83],[36.5886,-93.8376],[36.5855,-93.8436],[36.5744,-93.8354],[36.5737,-93.8178],[36.5807,-93.8169]]",0,1,county_code_unverified|timezone_not_normalized_to_utc
1062208,175209,2022,2022-12-10T08:30:00,2022-12-10T16:00:00,CST-6,7.5,29,29213,C,213,TANEY,0,0,0,0,0.00,0.00,Heavy Rain,0,"[[36.62,-93.17],[36.62,-93.1566],[36.625,-93.1558],[36.6237,-93.1681]]",0,1,county_code_unverified|timezone_not_normalized_to_utc
1062209,175209,2022,2022-12-10T09:10:00,2022-12-10T16:00:00,CST-6,6.833333333333333,29,29009,C,009,BARRY,0,0,0,0,0.00,0.00,Heavy Rain,0,"[[36.68,-93.87],[36.6704,-93.8818],[36.6672,-93.8609],[36.6812,-93.8496],[36.6936,-93.8502],[36.6936,-93.8659]]",0,1,county_code_unverified|timezone_not_normalized_to_utc
1062277,175193,2022,2022-12-31T01:12:00,2022-12-31T04:12:00,PST-8,3.0,06,06039,C,039,MADERA,0,0,0,0,0.00,0.00,Heavy Rain,0,"[[37.2922,-119.5211],[37.2922,-119.5209],[37.2921,-119.521],[37.2921,-119.5212]]",0,1,county_code_unverified|timezone_not_normalized_to_utc
1062278,175193,2022,2022-12-31T04:30:00,2022-12-31T07:30:00,PST-8,3.0,06,06043,C,043,MARIPOSA,0,0,0,0,0.00,0.00,Heavy Rain / Burn Area,0,"[[37.6072,-119.9648],[37.6054,-119.9629],[37.6028,-119.9667],[37.6042,-119.9691]]",0,1,county_code_unverified|timezone_not_normalized_to_utc
1062279,175193,2022,2022-12-31T06:41:00,2022-12-31T09:41:00,PST-8,3.0,06,06043,C,043,MARIPOSA,0,0,0,0,0.00,0.00,Heavy Rain,0,"[[37.5069,-120.1176],[37.5025,-120.1163],[37.5011,-120.1198],[37.5051,-120.1212]]",0,1,county_code_unverified|timezone_not_normalized_to_utc
1062280,175193,2022,2022-12-31T12:23:00,2022-12-31T15:23:00,PST-8,3.0,06,06043,C,043,MARIPOSA,0,0,0,0,0.00,0.00,Heavy Rain / Burn Area,0,"[[37.5135,-119.8946],[37.512,-119.8952],[37.5125,-119.8932],[37.5137,-119.8927]]",0,1,county_code_unverified|timezone_not_normalized_to_utc
1062281,175193,2022,2022-12-31T12:25:00,2022-12-31T15:25:00,PST-8,3.0,06,06047,C,047,MERCED,0,0,0,0,0.00,0.00,Heavy Rain,0,"[[37.058,-120.8916],[37.058,-120.8969],[37.0553,-120.8967],[37.0556,-120.8916]]",0,1,county_code_unverified|timezone_not_normalized_to_utc
1062282,175193,2022,2022-12-31T12:33:00,2022-12-31T15:33:00,PST-8,3.0,06,06043,C,043,MARIPOSA,0,0,0,0,0.00,0.00,Heavy Rain,0,"[[37.5,-119.63],[37.5,-119.6324],[37.5012,-119.6325],[37.5013,-119.6307]]",0,1,county_code_unverified|timezone_not_normalized_to_utc
1062288,175193,2022,2022-12-31T13:55:00,2022-12-31T16:55:00,PST-8,3.0,06,06043,C,043,MARIPOSA,0,0,0,0,0.00,0.00,Heavy Rain,0,"[[37.5566,-119.9292],[37.5545,-119.931],[37.5558,-119.9334],[37.5573,-119.9308]]",0,1,county_code_unverified|timezone_not_normalized_to_utc
1062293,175193,2022,2022-12-31T14:42:00,2022-12-31T17:42:00,PST-8,3.0,06,06043,C,043,MARIPOSA,0,0,0,0,0.00,0.00,Heavy Rain,0,"[[37.5082,-119.8245],[37.5076,-119.8257],[37.5066,-119.8235],[37.5077,-119.8228]]",0,1,county_code_unverified|timezone_not_normalized_to_utc
1062296,175193,2022,2022-12-31T15:28:00,2022-12-31T18:28:00,PST-8,3.0,06,06039,C,039,MADERA,0,0,0,0,0.00,0.00,Heavy Rain,0,"[[37.18,-119.63],[37.1777,-119.6317],[37.1774,-119.6298],[37.1791,-119.6282]]",0,1,county_code_unverified|timezone_not_normalized_to_utc
1062321,175193,2022,2022-12-31T18:32:00,2022-12-31T21:32:00,PST-8,3.0,06,06029,C,029,KERN,0,0,0,0,0.00,0.00,Heavy Rain,0,"[[35.2702,-119.0226],[35.2629,-119.0194],[35.2631,-119.0252],[35.2699,-119.0266]]",0,1,county_code_unverified|timezone_not_normalized_to_utc
1062326,175193,2022,2022-12-31T18:35:00,2022-12-31T21:35:00,PST-8,3.0,06,06029,C,029,KERN,0,0,0,0,0.00,0.00,Heavy Rain,0,"[[35.3201,-119.0376],[35.3152,-119.0368],[35.3162,-119.0337],[35.3201,-119.0348]]",0,1,county_code_unverified|timezone_not_normalized_to_utc
1062349,175117,2022,2022-12-27T14:17:00,2022-12-27T16:17:00,PST-8,2.0,06,06107,C,107,TULARE,0,0,0,0,0.00,0.00,Heavy Rain,0,"[[36.2,-119.49],[36.1747,-119.4882],[36.1746,-119.4992],[36.204,-119.4994]]",0,1,county_code_unverified|timezone_not_normalized_to_utc
1062367,175117,2022,2022-12-27T16:43:00,2022-12-27T18:43:00,PST-8,2.0,06,06029,C,029,KERN,0,0,0,0,0.00,0.00,Heavy Rain,0,"[[35.27,-119.02],[35.2626,-119.0192],[35.2624,-119.0244],[35.27,-119.0257]]",0,1,county_code_unverified|timezone_not_normalized_to_utc
1062370,175117,2022,2022-12-27T17:18:00,2022-12-27T19:18:00,PST-8,2.0,06,06029,C,029,KERN,0,0,0,0,0.00,0.00,Heavy Rain,0,"[[35.27,-119.32],[35.2728,-119.3173],[35.2688,-119.3113],[35.2676,-119.3136]]",0,1,county_code_unverified|timezone_not_normalized_to_utc
1062371,175117,2022,2022-12-27T18:13:00,2022-12-27T20:13:00,PST-8,2.0,06,06029,C,029,KERN,0,0,0,0,0.00,0.00,Heavy Rain,0,"[[35.3768,-119.1101],[35.3748,-119.1099],[35.3752,-119.1114],[35.3769,-119.1116]]",0,1,county_code_unverified|timezone_not_normalized_to_utc
1062372,175117,2022,2022-12-27T18:26:00,2022-12-27T20:26:00,PST-8,2.0,06,06029,C,029,KERN,0,0,0,0,0.00,0.00,Heavy Rain,0,"[[35.3532,-118.9861],[35.3532,-118.9846],[35.3517,-118.9845],[35.3515,-118.9864]]",0,1,county_code_unverified|timezone_not_normalized_to_utc
1062373,175117,2022,2022-12-27T18:56:00,2022-12-27T20:56:00,PST-8,2.0,06,06029,C,029,KERN,0,0,0,0,0.00,0.00,Heavy Rain,0,"[[35.5296,-119.3082],[35.5312,-119.3026],[35.5279,-119.3007],[35.5276,-119.3057]]",0,1,county_code_unverified|timezone_not_normalized_to_utc
1062374,175193,2022,2022-12-31T19:09:00,2022-12-31T22:09:00,PST-8,3.0,06,06029,C,029,KERN,0,0,0,0,0.00,0.00,Heavy Rain,0,"[[35.3164,-119.0339],[35.3203,-119.0351],[35.3206,-119.0383],[35.3157,-119.0382]]",0,1,county_code_unverified|timezone_not_normalized_to_utc
1062375,175193,2022,2022-12-31T19:13:00,2022-12-31T22:13:00,PST-8,3.0,06,06047,C,047,MERCED,0,0,0,0,0.00,0.00,Heavy Rain,0,"[[36.97,-120.84],[36.968,-120.84],[36.9679,-120.8351],[36.9699,-120.8351]]",0,1,county_code_unverified|timezone_not_normalized_to_utc
1062376,175193,2022,2022-12-31T19:18:00,2022-12-31T22:18:00,PST-8,3.0,06,06019,C,019,FRESNO,0,0,0,0,0.00,0.00,Heavy Rain,0,"[[37.0807,-119.3137],[37.0804,-119.3126],[37.079,-119.3123],[37.0788,-119.3131]]",0,1,county_code_unverified|timezone_not_normalized_to_utc
1062377,175193,2022,2022-12-31T19:41:00,2022-12-31T22:41:00,PST-8,3.0,06,06043,C,043,MARIPOSA,0,0,0,0,0.00,0.00,Heavy Rain / Burn Area,0,"[[37.6088,-119.9649],[37.6226,-119.9592],[37.6212,-119.9465],[37.607,-119.9549]]",0,1,county_code_unverified|timezone_not_normalized_to_utc
1062379,175193,2022,2022-12-31T19:50:00,2022-12-31T22:50:00,PST-8,3.0,06,06047,C,047,MERCED,0,0,0,0,0.00,0.00,Heavy Rain,0,"[[37.07,-121.21],[37.0708,-121.2135],[37.0722,-121.2119],[37.0716,-121.2094]]",0,1,county_code_unverified|timezone_not_normalized_to_utc
1062392,175193,2022,2022-12-31T19:57:00,2022-12-31T22:57:00,PST-8,3.0,06,06019,C,019,FRESNO,0,0,0,0,0.00,0.00,Heavy Rain,0,"[[36.7567,-119.1651],[36.7599,-119.16],[36.7549,-119.1606],[36.7546,-119.1654]]",0,1,county_code_unverified|timezone_not_normalized_to_utc
1062393,175193,2022,2022-12-31T20:33:00,2022-12-31T23:33:00,PST-8,3.0,06,06019,C,019,FRESNO,0,0,0,0,0.00,0.00,Heavy Rain,0,"[[36.8622,-119.3496],[36.8614,-119.3499],[36.8613,-119.3512],[36.8623,-119.3513]]",0,1,county_code_unverified|timezone_not_normalized_to_utc
1062394,175193,2022,2022-12-31T20:35:00,2022-12-31T23:35:00,PST-8,3.0,06,06019,C,019,FRESNO,0,0,0,0,0.00,0.00,Heavy Rain,0,"[[36.8156,-119.3724],[36.8162,-119.3674],[36.8148,-119.3673],[36.8141,-119.372]]",0,1,county_code_unverified|timezone_not_normalized_to_utc
1062395,175193,2022,2022-12-31T21:11:00,2022-12-31T23:59:00,PST-8,2.8,06,06043,C,043,MARIPOSA,0,0,0,0,0.00,0.00,Heavy Rain,0,"[[37.4035,-120.1328],[37.4081,-120.1278],[37.4075,-120.1246],[37.4034,-120.1283]]",0,1,county_code_unverified|timezone_not_normalized_to_utc
1062411,175193,2022,2022-12-31T21:54:00,2022-12-31T23:59:00,PST-8,2.0833333333333335,06,06039,C,039,MADERA,0,0,0,0,0.00,0.00,Heavy Rain,0,"[[36.9685,-119.7952],[36.9687,-119.7926],[36.9658,-119.7929],[36.9659,-119.7954]]",0,1,county_code_unverified|timezone_not_normalized_to_utc
1062412,175193,2022,2022-12-31T22:00:00,2022-12-31T23:59:00,PST-8,1.9833333333333334,06,06029,C,029,KERN,0,0,0,0,0.00,0.00,Heavy Rain,0,"[[35.5287,-118.6594],[35.5293,-118.6567],[35.5284,-118.6569],[35.5281,-118.6588]]",0,1,county_code_unverified|timezone_not_normalized_to_utc
1062413,175193,2022,2022-12-31T22:18:00,2022-12-31T23:59:00,PST-8,1.6833333333333333,06,06107,C,107,TULARE,0,0,0,0,0.00,0.00,Heavy Rain,0,"[[36.1023,-118.8596],[36.1034,-118.8594],[36.1035,-118.8607],[36.1023,-118.8604]]",0,1,county_code_unverified|timezone_not_normalized_to_utc
1062414,175193,2022,2022-12-31T22:24:00,2022-12-31T23:59:00,PST-8,1.5833333333333333,06,06043,C,043,MARIPOSA,0,0,0,0,0.00,0.00,Heavy Rain,0,"[[37.4307,-119.7301],[37.4314,-119.7293],[37.4304,-119.7284],[37.4301,-119.7293]]",0,1,county_code_unverified|timezone_not_normalized_to_utc
1062416,175193,2022,2022-12-31T22:27:00,2022-12-31T23:59:00,PST-8,1.5333333333333334,06,06019,C,019,FRESNO,0,0,0,0,0.00,0.00,Heavy Rain,0,"[[36.87,-119.56],[36.8715,-119.5622],[36.8729,-119.56],[36.8716,-119.5583]]",0,1,county_code_unverified|timezone_not_normalized_to_utc
1062417,175193,2022,2022-12-31T22:57:00,2022-12-31T23:59:00,PST-8,1.0333333333333334,06,06019,C,019,FRESNO,0,0,0,0,0.00,0.00,Heavy Rain,0,"[[37.0698,-119.4057],[37.0681,-119.4088],[37.0628,-119.4005],[37.066,-119.3961]]",0,1,county_code_unverified|timezone_not_normalized_to_utc
1062497,175242,2022,2022-12-22T20:30:00,2022-12-23T00:15:00,EST-5,3.75,51,51003,C,003,ALBEMARLE,0,0,0,0,0.00,0.00,Heavy Rain,0,"[[38.1298,-78.5494],[38.1281,-78.5498],[38.1298,-78.5474],[38.1315,-78.5484]]",0,1,county_code_unverified|timezone_not_normalized_to_utc
1062498,175242,2022,2022-12-22T20:00:00,2022-12-23T01:00:00,EST-5,5.0,51,51137,C,137,ORANGE,0,0,0,0,0.00,0.00,Heavy Rain,0,"[[38.2347,-78.1417],[38.2314,-78.1393],[38.23,-78.1454],[38.2402,-78.1504],[38.2414,-78.1451]]",0,1,county_code_unverified|timezone_not_normalized_to_utc
1062499,175242,2022,2022-12-22T20:00:00,2022-12-23T01:00:00,EST-5,5.0,51,51137,C,137,ORANGE,0,0,0,0,0.00,0.00,Heavy Rain,0,"[[38.3063,-77.8821],[38.3058,-77.8824],[38.3058,-77.8815],[38.3064,-77.8814]]",0,1,county_code_unverified|timezone_not_normalized_to_utc
1062500,175242,2022,2022-12-22T20:00:00,2022-12-23T08:00:00,EST-5,12.0,51,51079,C,079,GREENE,0,0,0,0,0.00,0.00,Heavy Rain,0,"[[38.3115,-78.4536],[38.2884,-78.4634],[38.2868,-78.4285],[38.3091,-78.4252]]",0,1,county_code_unverified|timezone_not_normalized_to_utc
1062501,175242,2022,2022-12-22T20:00:00,2022-12-23T08:00:00,EST-5,12.0,51,51113,C,113,MADISON,0,0,0,0,0.00,0.00,Heavy Rain,0,"[[38.3992,-78.2879],[38.3519,-78.2758],[38.3703,-78.2383],[38.408,-78.2518]]",0,1,county_code_unverified|timezone_not_normalized_to_utc
1062502,175242,2022,2022-12-22T20:00:00,2022-12-23T08:00:00,EST-5,12.0,51,51113,C,113,MADISON,0,0,0,0,0.00,0.00,Heavy Rain,0,"[[38.3831,-78.1834],[38.3824,-78.1838],[38.3825,-78.1829],[38.3834,-78.1828]]",0,1,county_code_unverified|timezone_not_normalized_to_utc
1062504,175242,2022,2022-12-22T20:58:00,2022-12-23T07:52:00,EST-5,10.9,51,51113,C,113,MADISON,0,0,0,0,0.00,0.00,Heavy Rain,0,"[[38.325,-78.0947],[38.3242,-78.0954],[38.324,-78.0944],[38.3252,-78.0935],[38.3259,-78.0941]]",0,1,county_code_unverified|timezone_not_normalized_to_utc
1062505,175242,2022,2022-12-22T23:10:00,2022-12-23T07:30:00,EST-5,8.333333333333334,51,51047,C,047,CULPEPER,0,0,0,0,0.00,0.00,Heavy Rain,0,"[[38.5933,-77.9667],[38.5918,-77.965],[38.5931,-77.9636],[38.5952,-77.9648]]",0,1,county_code_unverified|timezone_not_normalized_to_utc
1062506,175242,2022,2022-12-22T19:30:00,2022-12-23T09:30:00,EST-5,14.0,51,51047,C,047,CULPEPER,0,0,0,0,0.00,0.00,Heavy Rain,0,"[[38.5951,-78.0257],[38.5945,-78.0245],[38.5908,-78.0283],[38.591,-78.0312]]",0,1,county_code_unverified|timezone_not_normalized_to_utc
1062507,175242,2022,2022-12-22T23:00:00,2022-12-23T10:15:00,EST-5,11.25,51,51157,C,157,RAPPAHANNOCK,0,0,0,0,0.00,0.00,Heavy Rain,0,"[[38.6578,-78.135],[38.6549,-78.1433],[38.6491,-78.1239],[38.6544,-78.1219]]",0,1,county_code_unverified|timezone_not_normalized_to_utc
1062508,175242,2022,2022-12-22T23:00:00,2022-12-23T10:15:00,EST-5,11.25,51,51157,C,157,RAPPAHANNOCK,0,0,0,0,0.00,0.00,Heavy Rain,0,"[[38.6485,-78.0987],[38.6434,-78.0984],[38.6438,-78.0712],[38.6597,-78.0727]]",0,1,county_code_unverified|timezone_not_normalized_to_utc
1062509,175243,2022,2022-12-22T21:30:00,2022-12-23T08:00:00,EST-5,10.5,24,24021,C,021,FREDERICK,0,0,0,0,0.00,0.00,Heavy Rain,0,"[[39.3484,-77.4262],[39.348,-77.4269],[39.3479,-77.4261],[39.3491,-77.4255]]",0,1,county_code_unverified|timezone_not_normalized_to_utc
1062510,175242,2022,2022-12-22T22:16:00,2022-12-23T02:15:00,EST-5,3.9833333333333334,51,51107,C,107,LOUDOUN,0,0,0,0,0.00,0.00,Heavy Rain,0,"[[39.1159,-77.5328],[39.1117,-77.5389],[39.1107,-77.5153],[39.1168,-77.5176]]",0,1,county_code_unverified|timezone_not_normalized_to_utc
1062512,175242,2022,2022-12-22T22:15:00,2022-12-23T02:07:00,EST-5,3.8666666666666667,51,51107,C,107,LOUDOUN,0,0,0,0,0.00,0.00,Heavy Rain,0,"[[39.0643,-77.5626],[39.0593,-77.5604],[39.0597,-77.5527],[39.0633,-77.5553]]",0,1,county_code_unverified|timezone_not_normalized_to_utc
1062513,175242,2022,2022-12-22T22:15:00,2022-12-23T02:05:00,EST-5,3.8333333333333335,51,51107,C,107,LOUDOUN,0,0,0,0,0.00,0.00,Heavy Rain,0,"[[39.0163,-77.5695],[39.0148,-77.5703],[39.0124,-77.566],[39.0144,-77.5662]]",0,1,county_code_unverified|timezone_not_normalized_to_utc
1062514,175242,2022,2022-12-22T22:20:00,2022-12-23T05:25:00,EST-5,7.083333333333333,51,51107,C,107,LOUDOUN,0,0,0,0,0.00,0.00,Heavy Rain,0,"[[39.192,-77.6163],[39.1913,-77.6146],[39.1898,-77.615],[39.1905,-77.6161]]",0,1,county_code_unverified|timezone_not_normalized_to_utc
1062515,175242,2022,2022-12-22T22:16:00,2022-12-23T02:00:00,EST-5,3.7333333333333334,51,51107,C,107,LOUDOUN,0,0,0,0,0.00,0.00,Heavy Rain,0,"[[39.2897,-77.6143],[39.2879,-77.6144],[39.2883,-77.6086],[39.2892,-77.6097]]",0,1,county_code_unverified|timezone_not_normalized_to_utc
1062518,175243,2022,2022-12-23T05:33:00,2022-12-23T10:52:00,EST-5,5.316666666666666,24,24021,C,021,FREDERICK,0,0,0,0,0.00,0.00,Heavy Rain,0,"[[39.6995,-77.2148],[39.7037,-77.2207],[39.7049,-77.2169],[39.6992,-77.2126]]",0,1,county_code_unverified|timezone_not_normalized_to_utc
1062519,175242,2022,2022-12-22T22:25:00,2022-12-23T00:25:00,EST-5,2.0,51,51059,C,059,FAIRFAX,0,0,0,0,0.00,0.00,Heavy Rain,0,"[[38.8467,-77.2375],[38.846,-77.2385],[38.8457,-77.2371],[38.8464,-77.2368]]",0,1,county_code_unverified|timezone_not_normalized_to_utc
1062520,175242,2022,2022-12-22T23:10:00,2022-12-23T07:30:00,EST-5,8.333333333333334,51,51047,C,047,CULPEPER,0,0,0,0,0.00,0.00,Heavy Rain,0,"[[38.5301,-77.8363],[38.5404,-77.8261],[38.5308,-77.8116],[38.5195,-77.8035]]",0,1,county_code_unverified|timezone_not_normalized_to_utc
1062521,175242,2022,2022-12-22T23:10:00,2022-12-23T07:30:00,EST-5,8.333333333333334,51,51061,C,061,FAUQUIER,0,0,0,0,0.00,0.00,Heavy Rain,0,"[[38.5301,-77.8363],[38.5434,-77.8306],[38.5307,-77.7963],[38.5202,-77.8102]]",0,1,county_code_unverified|timezone_not_normalized_to_utc
1062524,175245,2022,2022-12-23T12:45:00,2022-12-23T15:31:00,EST-5,2.7666666666666666,54,54003,C,003,BERKELEY,0,0,0,0,0.00,0.00,Heavy Rain,0,"[[39.4165,-77.9392],[39.4159,-77.9325],[39.4607,-77.914],[39.4657,-77.929],[39.441,-77.9383]]",0,1,county_code_unverified|timezone_not_normalized_to_utc
1062526,175247,2022,2022-12-15T20:30:00,2022-12-16T00:51:00,EST-5,4.35,24,24037,C,037,ST. MARY'S,0,0,0,0,0.00,0.00,Heavy Rain,0,"[[38.2435,-76.5049],[38.2463,-76.5064],[38.243,-76.5083],[38.2426,-76.5056],[38.2326,-76.496],[38.2337,-76.4928]]",0,1,county_code_unverified|timezone_not_normalized_to_utc
1062528,175247,2022,2022-12-15T03:37:00,2022-12-16T12:45:00,EST-5,33.13333333333333,24,24033,C,033,PRINCE GEORGE'S,0,0,0,0,0.00,0.00,Heavy Rain,0,"[[38.8161,-76.7474],[38.8141,-76.7532],[38.8123,-76.7517],[38.8144,-76.7441]]",0,1,county_code_unverified|timezone_not_normalized_to_utc
1062933,174623,2022,2022-11-29T13:41:00,2022-11-29T19:20:00,CST-6,5.65,01,01033,C,033,COLBERT,0,0,0,0,0.00,0.00,Heavy Rain,0,"[[34.77,-87.67],[34.775,-87.6734],[34.7678,-87.6951],[34.7628,-87.6784]]",0,1,county_code_unverified|timezone_not_normalized_to_utc
1063614,175242,2022,2022-12-22T22:50:00,2022-12-22T23:50:00,EST-5,1.0,51,51107,C,107,LOUDOUN,0,0,0,0,0.00,0.00,Heavy Rain,0,"[[39.072,-77.6842],[39.0669,-77.6806],[39.0688,-77.6781],[39.0725,-77.6819]]",0,1,county_code_unverified|timezone_not_normalized_to_utc
1063619,175242,2022,2022-12-22T19:45:00,2022-12-22T22:00:00,EST-5,2.25,51,51061,C,061,FAUQUIER,0,0,0,0,0.00,0.00,Heavy Rain,0,"[[38.5671,-77.774],[38.565,-77.772],[38.5678,-77.7681],[38.5694,-77.7704]]",0,1,county_code_unverified|timezone_not_normalized_to_utc
1063625,175242,2022,2022-12-22T21:43:00,2022-12-23T00:00:00,EST-5,2.283333333333333,51,51153,C,153,PRINCE WILLIAM,0,0,0,0,0.00,0.00,Heavy Rain,0,"[[38.9016,-77.6298],[38.8993,-77.6296],[38.8992,-77.6253],[38.9012,-77.6257]]",0,1,county_code_unverified|timezone_not_normalized_to_utc
1063630,175242,2022,2022-12-22T21:43:00,2022-12-23T00:00:00,EST-5,2.283333333333333,51,51153,C,153,PRINCE WILLIAM,0,0,0,0,0.00,0.00,Heavy Rain,0,"[[38.8589,-77.6874],[38.8573,-77.6859],[38.8589,-77.6842],[38.8598,-77.6861]]",0,1,county_code_unverified|timezone_not_normalized_to_utc
1063642,175242,2022,2022-12-22T21:44:00,2022-12-23T00:00:00,EST-5,2.2666666666666666,51,51153,C,153,PRINCE WILLIAM,0,0,0,0,0.00,0.00,Heavy Rain,0,"[[38.8558,-77.6471],[38.8555,-77.6471],[38.8554,-77.6462],[38.8557,-77.6462]]",0,1,county_code_unverified|timezone_not_normalized_to_utc
1063648,175242,2022,2022-12-23T02:21:00,2022-12-23T04:29:00,EST-5,2.1333333333333333,51,51153,C,153,PRINCE WILLIAM,0,0,0,0,0.00,0.00,Heavy Rain,0,"[[38.825,-77.5751],[38.8234,-77.5748],[38.8234,-77.5716],[38.8257,-77.5723]]",0,1,county_code_unverified|timezone_not_normalized_to_utc
1063672,175242,2022,2022-12-23T02:25:00,2022-12-23T04:35:00,EST-5,2.1666666666666665,51,51153,C,153,PRINCE WILLIAM,0,0,0,0,0.00,0.00,Heavy Rain,0,"[[38.7267,-77.5318],[38.7272,-77.531],[38.7266,-77.5304],[38.7261,-77.5311]]",0,1,county_code_unverified|timezone_not_normalized_to_utc
1063681,175242,2022,2022-12-22T22:23:00,2022-12-23T00:24:00,EST-5,2.0166666666666666,51,51153,C,153,PRINCE WILLIAM,0,0,0,0,0.00,0.00,Heavy Rain,0,"[[38.7135,-77.5812],[38.7126,-77.5819],[38.7118,-77.5801],[38.7129,-77.5794]]",0,1,county_code_unverified|timezone_not_normalized_to_utc
1063688,175242,2022,2022-12-23T05:45:00,2022-12-23T11:00:00,EST-5,5.25,51,51107,C,107,LOUDOUN,0,0,0,0,0.00,0.00,Heavy Rain,0,"[[39.0307,-77.6254],[39.0211,-77.6233],[39.0257,-77.6117],[39.0326,-77.6185]]",0,1,county_code_unverified|timezone_not_normalized_to_utc
1063704,175242,2022,2022-12-23T07:10:00,2022-12-24T01:50:00,EST-5,18.666666666666668,51,51630,C,630,FREDERICKSBURG (C),0,0,0,0,0.00,0.00,Heavy Rain,0,"[[38.3228,-77.4681],[38.3188,-77.4709],[38.313,-77.465],[38.3166,-77.4603]]",0,1,county_code_unverified|timezone_not_normalized_to_utc
1063725,175395,2022,2022-10-09T17:40:00,2022-10-09T17:40:00,EST-5,0.0,12,12071,C,071,LEE,0,0,0,0,0.00,0.00,Heavy Rain,0,"[[26.56,-81.9],[26.5605,-81.8968],[26.5585,-81.897],[26.5588,-81.9001]]",0,1,county_code_unverified|timezone_not_normalized_to_utc
1063837,175408,2022,2022-11-03T17:20:00,2022-11-03T19:45:00,AST-4,2.4166666666666665,99,,C,001,ADJUNTAS,0,0,0,0,0.00,0.00,Heavy Rain,0,"[[18.1624,-66.7264],[18.1621,-66.7266],[18.1619,-66.726],[18.1622,-66.7258]]",0,1,requires_crosswalk_or_marine_review|timezone_not_normalized_to_utc
1063855,175408,2022,2022-11-05T09:30:00,2022-11-05T18:00:00,AST-4,8.5,99,,C,123,SALINAS,0,0,0,0,0.00,0.00,Heavy Rain,0,"[[17.9716,-66.2196],[17.9722,-66.2161],[17.9689,-66.2143],[17.9666,-66.2203]]",0,1,requires_crosswalk_or_marine_review|timezone_not_normalized_to_utc
1063877,175408,2022,2022-11-05T10:00:00,2022-11-05T13:30:00,AST-4,3.5,99,,C,037,CEIBA,0,0,0,0,0.00,0.00,Heavy Rain,0,"[[18.2765,-65.6465],[18.2776,-65.6464],[18.2774,-65.6451],[18.2765,-65.6452]]",0,1,requires_crosswalk_or_marine_review|timezone_not_normalized_to_utc
1063880,175408,2022,2022-11-05T10:00:00,2022-11-05T13:30:00,AST-4,3.5,99,,C,037,CEIBA,0,0,0,0,0.00,0.00,Heavy Rain,0,"[[18.2672,-65.6491],[18.2682,-65.6479],[18.2676,-65.6471],[18.2662,-65.6484]]",0,1,requires_crosswalk_or_marine_review|timezone_not_normalized_to_utc
1063882,175408,2022,2022-11-05T10:00:00,2022-11-05T13:30:00,AST-4,3.5,99,,C,037,CEIBA,0,0,0,0,0.00,0.00,Heavy Rain,0,"[[18.2436,-65.6612],[18.2415,-65.6574],[18.2541,-65.6513],[18.2551,-65.6529]]",0,1,requires_crosswalk_or_marine_review|timezone_not_normalized_to_utc
1063888,175415,2022,2022-11-01T09:45:00,2022-11-01T10:30:00,CST-6,0.75,48,48273,C,273,KLEBERG,0,0,0,0,0.00,0.00,Heavy Rain,0,"[[27.52,-97.87],[27.5198,-97.8802],[27.522,-97.8801],[27.522,-97.8681]]",0,1,county_code_unverified|timezone_not_normalized_to_utc
1063892,175408,2022,2022-11-05T14:15:00,2022-11-05T18:00:00,AST-4,3.75,99,,C,133,SANTA ISABEL,0,0,0,0,0.00,0.00,Heavy Rain,0,"[[17.9657,-66.3722],[17.9681,-66.374],[17.9686,-66.3702],[17.967,-66.3699]]",0,1,requires_crosswalk_or_marine_review|timezone_not_normalized_to_utc
1063895,175408,2022,2022-11-05T17:06:00,2022-11-05T22:00:00,AST-4,4.9,99,,C,133,SANTA ISABEL,0,0,0,0,0.00,0.00,Heavy Rain,0,"[[17.9765,-66.4074],[17.9767,-66.4068],[17.9759,-66.4063],[17.9757,-66.4073]]",0,1,requires_crosswalk_or_marine_review|timezone_not_normalized_to_utc
1063899,175408,2022,2022-11-05T17:45:00,2022-11-05T22:00:00,AST-4,4.25,99,,C,111,PENUELAS,0,0,0,0,0.00,0.00,Heavy Rain,0,"[[18.0305,-66.5971],[18.0284,-66.5947],[18.0305,-66.5929],[18.0315,-66.5939]]",0,1,requires_crosswalk_or_marine_review|timezone_not_normalized_to_utc
1063905,175408,2022,2022-11-05T17:50:00,2022-11-05T22:00:00,AST-4,4.166666666666667,99,,C,043,COAMO,0,0,0,0,0.00,0.00,Heavy Rain,0,"[[18.0776,-66.3567],[18.0774,-66.3568],[18.0773,-66.3559],[18.0775,-66.356]]",0,1,requires_crosswalk_or_marine_review|timezone_not_normalized_to_utc
1063968,175386,2022,2022-11-11T19:00:00,2022-11-11T20:30:00,EST-5,1.5,39,39157,C,157,TUSCARAWAS,0,0,0,0,0.00,0.00,Heavy Rain,0,"[[40.2556,-81.4143],[40.2586,-81.4133],[40.2574,-81.4029],[40.2535,-81.4023]]",0,1,county_code_unverified|timezone_not_normalized_to_utc
1063974,175385,2022,2022-11-11T20:00:00,2022-11-11T23:15:00,EST-5,3.25,42,42085,C,085,MERCER,0,0,0,0,0.00,0.00,Heavy Rain,0,"[[41.2398,-80.2468],[41.2381,-80.2235],[41.2203,-80.2157],[41.2208,-80.2553]]",0,1,county_code_unverified|timezone_not_normalized_to_utc
1064018,175023,2022,2022-11-08T06:00:00,2022-11-08T06:00:00,PST-8,0.0,06,06059,C,059,ORANGE,0,0,0,0,0.00,0.00,Heavy Rain,0,"[[33.5595,-117.7054],[33.6166,-117.6734],[33.6132,-117.6247],[33.556,-117.6511]]",0,1,county_code_unverified|timezone_not_normalized_to_utc
1064022,175023,2022,2022-11-08T06:30:00,2022-11-08T18:30:00,PST-8,12.0,06,06071,C,071,SAN BERNARDINO,0,0,0,0,0.00,0.00,Heavy Rain,0,"[[34.1007,-117.6871],[34.0467,-117.6666],[34.0549,-117.6252],[34.1106,-117.6504]]",0,1,county_code_unverified|timezone_not_normalized_to_utc
1064035,175023,2022,2022-11-08T09:00:00,2022-11-08T19:17:00,PST-8,10.283333333333333,06,06065,C,065,RIVERSIDE,0,0,0,0,0.00,0.00,Heavy Rain,0,"[[33.9911,-117.5978],[33.9424,-117.3948],[33.8966,-117.4487],[33.9528,-117.6181]]",0,1,county_code_unverified|timezone_not_normalized_to_utc
1064042,175023,2022,2022-11-08T11:42:00,2022-11-08T11:42:00,PST-8,0.0,06,06065,C,065,RIVERSIDE,0,0,0,0,0.00,0.00,Heavy Rain,0,"[[33.6421,-117.08],[33.6487,-117.0954],[33.6352,-117.1011],[33.6315,-117.0854]]",0,1,county_code_unverified|timezone_not_normalized_to_utc
1064081,175023,2022,2022-11-08T09:15:00,2022-11-08T15:49:00,PST-8,6.566666666666666,06,06071,C,071,SAN BERNARDINO,0,0,0,0,0.00,0.00,Heavy Rain,0,"[[34.1576,-117.3],[34.1893,-117.3629],[34.2072,-117.3386],[34.1841,-117.2969]]",0,1,county_code_unverified|timezone_not_normalized_to_utc
1064085,175023,2022,2022-11-08T15:49:00,2022-11-08T15:49:00,PST-8,0.0,06,06071,C,071,SAN BERNARDINO,0,0,0,0,0.00,0.00,Heavy Rain,0,"[[34.3688,-117.238],[34.3716,-117.1767],[34.333,-117.1805],[34.3361,-117.2419]]",0,1,county_code_unverified|timezone_not_normalized_to_utc
1064417,175321,2022,2022-12-23T12:17:00,2022-12-23T12:17:00,EST-5,0.0,25,25011,C,011,FRANKLIN,0,0,0,0,1000.00,0.00,Heavy Rain,0,"[[42.5305,-72.5325],[42.5293,-72.5329],[42.5294,-72.5316],[42.5306,-72.5314]]",0,1,county_code_unverified|timezone_not_normalized_to_utc
1064422,175321,2022,2022-12-23T12:19:00,2022-12-23T12:19:00,EST-5,0.0,25,25027,C,027,WORCESTER,0,0,0,0,1000.00,0.00,Heavy Rain,0,"[[42.5847,-71.7771],[42.5841,-71.7764],[42.5844,-71.7761],[42.5848,-71.7766]]",0,1,county_code_unverified|timezone_not_normalized_to_utc
1065911,174199,2022,2022-11-11T13:30:00,2022-11-11T19:00:00,EST-5,5.5,37,37189,C,189,WATAUGA,0,0,0,0,1000.00,0.00,Heavy Rain,0,"[[36.2092,-81.7783],[36.2094,-81.7772],[36.2097,-81.777],[36.2101,-81.7771],[36.2111,-81.7778],[36.2117,-81.7779],[36.2119,-81.7785],[36.2104,-81.7795]]",0,1,county_code_unverified|timezone_not_normalized_to_utc
1065914,174199,2022,2022-11-11T11:00:00,2022-11-11T21:00:00,EST-5,10.0,37,37189,C,189,WATAUGA,0,0,0,0,0.00,0.00,Heavy Rain,0,"[[36.2071,-81.7685],[36.2088,-81.7693],[36.2089,-81.769],[36.2083,-81.7685],[36.2072,-81.7681]]",0,1,county_code_unverified|timezone_not_normalized_to_utc
1065978,175616,2022,2022-12-19T07:37:00,2022-12-19T11:30:00,CST-6,3.8833333333333333,48,48453,C,453,TRAVIS,0,0,0,0,0.00,0.00,Heavy Rain,0,"[[30.1526,-97.7928],[30.1516,-97.7986],[30.1538,-97.7987],[30.1549,-97.7926]]",0,1,county_code_unverified|timezone_not_normalized_to_utc
1065979,175616,2022,2022-12-19T07:55:00,2022-12-19T11:30:00,CST-6,3.5833333333333335,48,48453,C,453,TRAVIS,0,0,0,0,0.00,0.00,Heavy Rain,0,"[[30.36,-97.41],[30.36,-97.3977],[30.3408,-97.41],[30.3439,-97.4262]]",0,1,county_code_unverified|timezone_not_normalized_to_utc
1065980,175616,2022,2022-12-19T08:24:00,2022-12-19T11:30:00,CST-6,3.1,48,48453,C,453,TRAVIS,0,0,0,0,0.00,0.00,Heavy Rain,0,"[[30.21,-97.69],[30.215,-97.686],[30.2162,-97.6886],[30.2119,-97.6925]]",0,1,county_code_unverified|timezone_not_normalized_to_utc
1066685,175700,2022,2022-11-04T00:00:00,2022-11-04T23:59:00,PST-8,23.983333333333334,53,53011,C,011,CLARK,0,0,0,0,0.00,0.00,Heavy Rain,0,"[[45.686,-122.6862],[45.686,-122.6857],[45.6858,-122.6856],[45.6858,-122.6862]]",0,1,county_code_unverified|timezone_not_normalized_to_utc
1066686,175700,2022,2022-11-04T00:00:00,2022-11-04T23:59:00,PST-8,23.983333333333334,53,53011,C,011,CLARK,0,0,0,0,0.00,0.00,Heavy Rain,0,"[[45.6904,-122.6866],[45.6905,-122.6869],[45.6902,-122.687],[45.6901,-122.6868]]",0,1,county_code_unverified|timezone_not_normalized_to_utc
1066687,175700,2022,2022-11-04T00:00:00,2022-11-04T23:59:00,PST-8,23.983333333333334,53,53011,C,011,CLARK,0,0,0,0,0.00,0.00,Heavy Rain,0,"[[45.8109,-122.6395],[45.8103,-122.6394],[45.8103,-122.639],[45.8108,-122.6389]]",0,1,county_code_unverified|timezone_not_normalized_to_utc
1067109,175787,2022,2022-11-20T11:30:00,2022-11-20T13:30:00,EST-5,2.0,12,12086,C,086,MIAMI-DADE,0,0,0,0,0.00,0.00,Heavy Rain,0,"[[25.8088,-80.2374],[25.8115,-80.2181],[25.7944,-80.2175],[25.7952,-80.2383]]",0,1,county_code_unverified|timezone_not_normalized_to_utc
1067112,175787,2022,2022-11-20T13:15:00,2022-11-20T19:00:00,EST-5,5.75,12,12086,C,086,MIAMI-DADE,0,0,0,0,0.00,0.00,Heavy Rain,0,"[[25.8329,-80.3839],[25.8292,-80.3252],[25.7857,-80.3238],[25.8072,-80.3825]]",0,1,county_code_unverified|timezone_not_normalized_to_utc
1067114,175787,2022,2022-11-20T11:30:00,2022-11-20T13:30:00,EST-5,2.0,12,12086,C,086,MIAMI-DADE,0,0,0,0,0.00,0.00,Heavy Rain,0,"[[25.7722,-80.198],[25.7674,-80.1989],[25.7682,-80.1937],[25.7723,-80.1932]]",0,1,county_code_unverified|timezone_not_normalized_to_utc
1067115,175787,2022,2022-11-20T18:00:00,2022-11-20T23:00:00,EST-5,5.0,12,12086,C,086,MIAMI-DADE,0,0,0,0,0.00,0.00,Heavy Rain,0,"[[25.8039,-80.1891],[25.8043,-80.1856],[25.7899,-80.1861],[25.7864,-80.1908]]",0,1,county_code_unverified|timezone_not_normalized_to_utc
1067116,175787,2022,2022-11-20T12:00:00,2022-11-20T23:00:00,EST-5,11.0,12,12086,C,086,MIAMI-DADE,0,0,0,0,0.00,0.00,Heavy Rain,0,"[[25.6561,-80.2833],[25.6548,-80.2796],[25.65,-80.2819],[25.6498,-80.2864]]",0,1,county_code_unverified|timezone_not_normalized_to_utc
1067478,175408,2022,2022-11-05T19:56:00,2022-11-05T19:56:00,AST-4,0.0,99,,C,021,BAYAMON,0,0,0,0,400.00,0.00,Heavy Rain,0,"[[18.309,-66.1494],[18.3098,-66.1475],[18.3105,-66.1483],[18.3101,-66.1498]]",0,1,requires_crosswalk_or_marine_review|timezone_not_normalized_to_utc
1067485,175408,2022,2022-11-05T20:12:00,2022-11-05T20:12:00,AST-4,0.0,99,,C,091,MANATI,0,0,0,0,10000.00,0.00,Heavy Rain,0,"[[18.45,-66.45],[18.4483,-66.4624],[18.4449,-66.4601],[18.4488,-66.4499]]",0,1,requires_crosswalk_or_marine_review|timezone_not_normalized_to_utc
1067492,175408,2022,2022-11-05T21:18:00,2022-11-05T21:18:00,AST-4,0.0,99,,C,035,CAYEY,0,0,0,0,10000.00,0.00,Heavy Rain,0,"[[18.13,-66.11],[18.1274,-66.1122],[18.1263,-66.1093],[18.1299,-66.1075]]",0,1,requires_crosswalk_or_marine_review|timezone_not_normalized_to_utc
1067493,175408,2022,2022-11-05T22:01:00,2022-11-05T22:01:00,AST-4,0.0,99,,C,023,CABO ROJO,0,0,0,0,500.00,0.00,Heavy Rain,0,"[[18.1284,-67.1359],[18.13,-67.1351],[18.1307,-67.1363],[18.1293,-67.1377]]",0,1,requires_crosswalk_or_marine_review|timezone_not_normalized_to_utc
1067494,175408,2022,2022-11-05T22:45:00,2022-11-05T22:45:00,AST-4,0.0,99,,C,051,DORAD,0,0,0,0,1000.00,0.00,Heavy Rain,0,"[[18.4093,-66.266],[18.4062,-66.2653],[18.4076,-66.2577],[18.4115,-66.2595]]",0,1,requires_crosswalk_or_marine_review|timezone_not_normalized_to_utc
1067495,175408,2022,2022-11-05T23:30:00,2022-11-05T23:30:00,AST-4,0.0,99,,C,067,HORMIGUEROS,0,0,0,0,500.00,0.00,Heavy Rain,0,"[[18.12,-67.13],[18.1271,-67.1269],[18.123,-67.1186],[18.1184,-67.1233]]",0,1,requires_crosswalk_or_marine_review|timezone_not_normalized_to_utc
1067552,175408,2022,2022-11-05T20:39:00,2022-11-05T20:39:00,AST-4,0.0,99,,C,077,JUNCOS,0,0,0,0,400.00,0.00,Heavy Rain,0,"[[18.23,-65.91],[18.2315,-65.9064],[18.2327,-65.907],[18.2306,-65.9109]]",0,1,requires_crosswalk_or_marine_review|timezone_not_normalized_to_utc
1067553,175408,2022,2022-11-05T19:51:00,2022-11-05T19:51:00,AST-4,0.0,99,,C,091,MANATI,0,0,0,0,400.00,0.00,Heavy Rain,0,"[[18.4405,-66.4871],[18.4327,-66.4889],[18.4329,-66.4868],[18.4405,-66.4841]]",0,1,requires_crosswalk_or_marine_review|timezone_not_normalized_to_utc
1067554,175408,2022,2022-11-05T19:49:00,2022-11-05T19:49:00,AST-4,0.0,99,,C,035,CAYEY,0,0,0,0,400.00,0.00,Heavy Rain,0,"[[18.1456,-66.1122],[18.1378,-66.1074],[18.1405,-66.1015],[18.1484,-66.1099]]",0,1,requires_crosswalk_or_marine_review|timezone_not_normalized_to_utc
1067557,175408,2022,2022-11-05T19:43:00,2022-11-05T19:43:00,AST-4,0.0,99,,C,145,VEGA BAJA,0,0,0,0,10000.00,0.00,Heavy Rain,0,"[[18.4561,-66.4143],[18.4568,-66.4145],[18.457,-66.418],[18.4565,-66.4182],[18.4558,-66.4161]]",0,1,requires_crosswalk_or_marine_review|timezone_not_normalized_to_utc
1067561,175408,2022,2022-11-05T19:31:00,2022-11-05T19:31:00,AST-4,0.0,99,,C,053,FAJARDO,0,0,0,0,10000.00,0.00,Heavy Rain,0,"[[18.3352,-65.6325],[18.3339,-65.6306],[18.3329,-65.6324],[18.3334,-65.6328]]",0,1,requires_crosswalk_or_marine_review|timezone_not_normalized_to_utc
1067563,175408,2022,2022-11-05T19:29:00,2022-11-05T19:29:00,AST-4,0.0,99,,C,053,FAJARDO,0,0,0,0,10000.00,0.00,Heavy Rain,0,"[[18.3641,-65.6349],[18.364,-65.6316],[18.3631,-65.6317],[18.3636,-65.6351]]",0,1,requires_crosswalk_or_marine_review|timezone_not_normalized_to_utc
1067568,175408,2022,2022-11-05T19:10:00,2022-11-05T19:10:00,AST-4,0.0,99,,C,145,VEGA BAJA,0,0,0,0,400.00,0.00,Heavy Rain,0,"[[18.4469,-66.3943],[18.4464,-66.3945],[18.4464,-66.3935],[18.4468,-66.3937]]",0,1,requires_crosswalk_or_marine_review|timezone_not_normalized_to_utc
1067571,175845,2022,2022-11-15T10:50:00,2022-11-15T10:50:00,AST-4,0.0,99,,C,063,GURABO,0,0,0,0,400.00,0.00,Heavy Rain,0,"[[18.2639,-65.9849],[18.2648,-65.9847],[18.2642,-65.983],[18.2638,-65.9839]]",0,1,requires_crosswalk_or_marine_review|timezone_not_normalized_to_utc
1067572,175845,2022,2022-11-15T08:41:00,2022-11-15T08:41:00,AST-4,0.0,99,,C,085,LAS PIEDRAS,0,0,0,0,400.00,0.00,Heavy Rain,0,"[[18.1753,-65.8758],[18.1771,-65.8791],[18.178,-65.875],[18.1756,-65.8739]]",0,1,requires_crosswalk_or_marine_review|timezone_not_normalized_to_utc
1067826,175891,2022,2022-11-11T16:00:00,2022-11-12T07:00:00,EST-5,15.0,37,37027,C,027,CALDWELL,0,0,0,0,500.00,0.00,Heavy Rain,0,"[[35.933,-81.675],[35.92,-81.67],[35.92,-81.685],[35.877,-81.706],[35.881,-81.712],[35.933,-81.693]]",0,1,county_code_unverified|timezone_not_normalized_to_utc
1067832,175891,2022,2022-11-11T16:00:00,2022-11-12T07:00:00,EST-5,15.0,37,37023,C,023,BURKE,0,0,0,0,1000.00,0.00,Heavy Rain,0,"[[35.887,-81.725],[35.872,-81.709],[35.795,-81.679],[35.791,-81.693],[35.863,-81.742]]",0,1,county_code_unverified|timezone_not_normalized_to_utc
1067883,175864,2022,2022-11-08T12:00:00,2022-11-10T20:00:00,EST-5,56.0,12,12069,C,069,LAKE,0,0,0,0,1400000.00,0.00,Heavy Rain / Tropical System,0,"[[29.1755,-81.5519],[29.1861,-81.5286],[29.1496,-81.4978],[29.1445,-81.5326]]",0,1,county_code_unverified|timezone_not_normalized_to_utc
1067895,175864,2022,2022-11-08T12:00:00,2022-11-10T20:00:00,EST-5,56.0,12,12127,C,127,VOLUSIA,0,0,0,0,0.00,0.00,Heavy Rain / Tropical System,0,"[[29.1757,-81.5361],[29.1808,-81.5271],[29.1628,-81.5097],[29.1585,-81.5245]]",0,1,county_code_unverified|timezone_not_normalized_to_utc
1067898,175864,2022,2022-11-08T12:00:00,2022-11-10T20:00:00,EST-5,56.0,12,12117,C,117,SEMINOLE,0,0,0,0,0.00,0.00,Heavy Rain / Tropical System,0,"[[28.8257,-81.315],[28.8418,-81.3025],[28.8343,-81.2396],[28.8095,-81.2527]]",0,1,county_code_unverified|timezone_not_normalized_to_utc
1067972,175858,2022,2022-12-27T02:06:00,2022-12-27T02:06:00,PST-8,0.0,06,06045,C,045,MENDOCINO,0,0,0,0,0.00,0.00,Heavy Rain,0,"[[39.5504,-123.4253],[39.5521,-123.4237],[39.5489,-123.4222],[39.5486,-123.4256]]",0,1,county_code_unverified|timezone_not_normalized_to_utc
1067978,175858,2022,2022-12-27T04:27:00,2022-12-27T04:27:00,PST-8,0.0,06,06023,C,023,HUMBOLDT,0,0,0,0,0.00,0.00,Heavy Rain,0,"[[40.84,-124.07],[40.8438,-124.061],[40.8335,-124.0689],[40.8363,-124.0746]]",0,1,county_code_unverified|timezone_not_normalized_to_utc
1067979,175858,2022,2022-12-27T04:46:00,2022-12-27T04:46:00,PST-8,0.0,06,06045,C,045,MENDOCINO,0,0,0,0,0.00,0.00,Heavy Rain,0,"[[39.26,-123.22],[39.2652,-123.2226],[39.2596,-123.2267],[39.2575,-123.2217]]",0,1,county_code_unverified|timezone_not_normalized_to_utc
1067982,175858,2022,2022-12-27T06:15:00,2022-12-27T06:15:00,PST-8,0.0,06,06033,C,033,LAKE,0,0,0,0,0.00,0.00,Heavy Rain,0,"[[39.02,-122.7],[39.0198,-122.693],[39.0207,-122.6949],[39.0212,-122.7014]]",0,1,county_code_unverified|timezone_not_normalized_to_utc
1068239,175957,2022,2022-12-14T18:10:00,2022-12-14T21:00:00,EST-5,2.8333333333333335,47,47065,C,065,HAMILTON,0,0,0,0,0.00,0.00,Heavy Rain,0,"[[35.28,-85.17],[35.08,-85.07],[34.9911,-85.17],[34.9965,-85.3071]]",0,1,county_code_unverified|timezone_not_normalized_to_utc
1068251,175956,2022,2022-12-13T01:15:00,2022-12-25T05:45:00,CST-6,292.5,05,05147,C,147,WOODRUFF,0,0,0,0,0.00,0.00,Heavy Rain,0,"[[35.2757,-91.2453],[35.2797,-91.2192],[35.2462,-91.2376],[35.2456,-91.2579]]",0,1,county_code_unverified|timezone_not_normalized_to_utc
1068252,175956,2022,2022-12-15T12:30:00,2022-12-19T21:00:00,CST-6,104.5,05,05147,C,147,WOODRUFF,0,0,0,0,0.00,0.00,Heavy Rain,0,"[[35.2941,-91.4208],[35.3002,-91.3611],[35.2531,-91.355],[35.2375,-91.4171]]",0,1,county_code_unverified|timezone_not_normalized_to_utc
1068269,175962,2022,2022-12-31T23:00:00,2022-12-31T23:59:00,PST-8,0.9833333333333333,06,06059,C,059,ORANGE,0,0,0,0,0.00,0.00,Heavy Rain,0,"[[33.78,-117.87],[33.78,-117.872],[33.7807,-117.872],[33.7808,-117.8687],[33.78,-117.8688]]",0,1,county_code_unverified|timezone_not_normalized_to_utc
1068322,175858,2022,2022-12-30T11:45:00,2022-12-30T11:45:00,PST-8,0.0,06,06023,C,023,HUMBOLDT,0,0,0,0,0.00,0.00,Heavy Rain,0,"[[40.9,-124.01],[40.9002,-124.01],[40.9001,-124.0104],[40.8999,-124.0103]]",0,1,county_code_unverified|timezone_not_normalized_to_utc
1068323,175858,2022,2022-12-30T12:05:00,2022-12-30T12:05:00,PST-8,0.0,06,06045,C,045,MENDOCINO,0,0,0,0,0.00,0.00,Heavy Rain,0,"[[39.68,-123.48],[39.6834,-123.4813],[39.6832,-123.4833],[39.6792,-123.4814]]",0,1,county_code_unverified|timezone_not_normalized_to_utc
1068324,175858,2022,2022-12-30T11:48:00,2022-12-30T11:48:00,PST-8,0.0,06,06045,C,045,MENDOCINO,0,0,0,0,0.00,0.00,Heavy Rain,0,"[[39.6,-123.45],[39.6014,-123.4614],[39.598,-123.4601],[39.5973,-123.4512]]",0,1,county_code_unverified|timezone_not_normalized_to_utc
1068325,175858,2022,2022-12-30T11:49:00,2022-12-30T11:49:00,PST-8,0.0,06,06045,C,045,MENDOCINO,0,0,0,0,0.00,0.00,Heavy Rain,0,"[[39.49,-123.36],[39.4856,-123.3646],[39.4893,-123.3654],[39.4923,-123.3618]]",0,1,county_code_unverified|timezone_not_normalized_to_utc
1068327,175858,2022,2022-12-30T11:49:00,2022-12-30T11:49:00,PST-8,0.0,06,06045,C,045,MENDOCINO,0,0,0,0,0.00,0.00,Heavy Rain,0,"[[39.49,-123.36],[39.4893,-123.3532],[39.484,-123.3537],[39.4868,-123.3649]]",0,1,county_code_unverified|timezone_not_normalized_to_utc
1068329,175858,2022,2022-12-30T13:00:00,2022-12-30T13:00:00,PST-8,0.0,06,06023,C,023,HUMBOLDT,0,0,0,0,0.00,0.00,Heavy Rain,0,"[[40.84,-124.07],[40.8446,-124.06],[40.835,-124.0672],[40.8379,-124.0728]]",0,1,county_code_unverified|timezone_not_normalized_to_utc
1068333,175858,2022,2022-12-29T15:00:00,2022-12-30T13:19:00,PST-8,22.316666666666666,06,06023,C,023,HUMBOLDT,0,0,0,0,0.00,0.00,Heavy Rain,0,"[[40.76,-124.07],[40.7576,-124.0614],[40.7618,-124.0527],[40.7714,-124.0718]]",0,1,county_code_unverified|timezone_not_normalized_to_utc
1068334,175858,2022,2022-12-29T15:00:00,2022-12-30T13:57:00,PST-8,22.95,06,06023,C,023,HUMBOLDT,0,0,0,0,0.00,0.00,Heavy Rain,0,"[[40.8,-124.18],[40.8012,-124.1785],[40.8016,-124.1791],[40.8002,-124.1805]]",0,1,county_code_unverified|timezone_not_normalized_to_utc
1068337,175858,2022,2022-12-30T13:56:00,2022-12-30T13:56:00,PST-8,0.0,06,06023,C,023,HUMBOLDT,0,0,0,0,0.00,0.00,Heavy Rain,0,"[[40.67,-124.2],[40.6718,-124.2049],[40.6676,-124.2063],[40.6668,-124.2001]]",0,1,county_code_unverified|timezone_not_normalized_to_utc
1068340,175858,2022,2022-12-30T15:32:00,2022-12-30T15:32:00,PST-8,0.0,06,06023,C,023,HUMBOLDT,0,0,0,0,0.00,0.00,Heavy Rain,0,"[[41.01,-124.09],[41.0068,-124.0825],[41.0071,-124.0958],[41.0116,-124.0987]]",0,1,county_code_unverified|timezone_not_normalized_to_utc
1068343,175858,2022,2022-12-30T15:59:00,2022-12-30T15:59:00,PST-8,0.0,06,06045,C,045,MENDOCINO,0,0,0,0,0.00,0.00,Heavy Rain,0,"[[39.4654,-123.3296],[39.462,-123.377],[39.6366,-123.4965],[39.6623,-123.4576]]",0,1,county_code_unverified|timezone_not_normalized_to_utc
1068347,175858,2022,2022-12-30T15:29:00,2022-12-30T15:29:00,PST-8,0.0,06,06023,C,023,HUMBOLDT,0,0,0,0,0.00,0.00,Heavy Rain,0,"[[41.3344,-124.0343],[41.3312,-124.0219],[41.3027,-124.0386],[41.3045,-124.055]]",0,1,county_code_unverified|timezone_not_normalized_to_utc
1068348,175858,2022,2022-12-30T16:39:00,2022-12-30T16:39:00,PST-8,0.0,06,06045,C,045,MENDOCINO,0,0,0,0,0.00,0.00,Heavy Rain,0,"[[39.58,-123.39],[39.5823,-123.3715],[39.5689,-123.3813],[39.5747,-123.3949]]",0,1,county_code_unverified|timezone_not_normalized_to_utc
1068354,175858,2022,2022-12-30T18:19:00,2022-12-30T18:19:00,PST-8,0.0,06,06023,C,023,HUMBOLDT,0,0,0,0,0.00,0.00,Heavy Rain,0,"[[40.67,-124.2],[40.6687,-124.2024],[40.6716,-124.2048],[40.6728,-124.2003]]",0,1,county_code_unverified|timezone_not_normalized_to_utc
1068355,175858,2022,2022-12-30T15:30:00,2022-12-30T15:30:00,PST-8,0.0,06,06045,C,045,MENDOCINO,0,0,0,0,0.00,0.00,Heavy Rain,0,"[[39.41,-123.34],[39.3991,-123.3366],[39.4011,-123.3509],[39.4114,-123.3579]]",0,1,county_code_unverified|timezone_not_normalized_to_utc
1068356,175858,2022,2022-12-30T15:30:00,2022-12-30T15:30:00,PST-8,0.0,06,06045,C,045,MENDOCINO,0,0,0,0,0.00,0.00,Heavy Rain,0,"[[39.4,-123.35],[39.3983,-123.3392],[39.4099,-123.338],[39.4102,-123.3518]]",0,1,county_code_unverified|timezone_not_normalized_to_utc
1068357,175858,2022,2022-12-30T15:30:00,2022-12-30T15:30:00,PST-8,0.0,06,06045,C,045,MENDOCINO,0,0,0,0,0.00,0.00,Heavy Rain,0,"[[39.41,-123.35],[39.4022,-123.3449],[39.4016,-123.3539],[39.4112,-123.3579]]",0,1,county_code_unverified|timezone_not_normalized_to_utc
1068358,175858,2022,2022-12-30T15:30:00,2022-12-30T15:30:00,PST-8,0.0,06,06045,C,045,MENDOCINO,0,0,0,0,0.00,0.00,Heavy Rain,0,"[[39.4,-123.35],[39.3869,-123.3473],[39.3877,-123.3333],[39.4048,-123.3431]]",0,1,county_code_unverified|timezone_not_normalized_to_utc
1068359,175858,2022,2022-12-30T15:30:00,2022-12-30T15:30:00,PST-8,0.0,06,06045,C,045,MENDOCINO,0,0,0,0,0.00,0.00,Heavy Rain,0,"[[39.49,-123.36],[39.489,-123.3494],[39.4808,-123.3545],[39.4838,-123.3626]]",0,1,county_code_unverified|timezone_not_normalized_to_utc
1068569,176003,2022,2022-12-23T08:15:00,2022-12-23T15:15:00,EST-5,7.0,34,34003,C,003,BERGEN,0,0,0,0,0.00,0.00,Heavy Rain,0,"[[40.8754,-74.0911],[40.8734,-74.0874],[40.8857,-74.0809],[40.8862,-74.0829]]",0,1,county_code_unverified|timezone_not_normalized_to_utc
1068638,175940,2022,2022-12-13T04:15:00,2022-12-13T07:15:00,CST-6,3.0,40,40031,C,031,COMANCHE,0,0,0,0,0.00,0.00,Heavy Rain,0,"[[34.6047,-98.4216],[34.5443,-98.4204],[34.5475,-98.3677],[34.604,-98.3723]]",0,1,county_code_unverified|timezone_not_normalized_to_utc
1068662,169508,2022,2022-05-11T10:00:00,2022-05-11T22:00:00,EST-5,12.0,26,26073,C,073,ISABELLA,0,0,0,0,100000.00,0.00,Heavy Rain,0,"[[43.7,-84.7542],[43.7035,-84.7543],[43.7039,-84.7492],[43.7002,-84.7501]]",0,1,county_code_unverified|timezone_not_normalized_to_utc
1068663,169508,2022,2022-05-11T11:30:00,2022-05-11T23:30:00,EST-5,12.0,26,26107,C,107,MECOSTA,0,0,0,0,2500000.00,0.00,Heavy Rain,0,"[[43.674,-85.4964],[43.7081,-85.4922],[43.7084,-85.4747],[43.6732,-85.4693]]",0,1,county_code_unverified|timezone_not_normalized_to_utc
1068866,175536,2022,2022-12-24T09:45:00,2022-12-24T16:00:00,EST-5,6.25,23,23025,C,025,SOMERSET,0,0,0,0,0.00,0.00,Heavy Rain / Snow Melt,0,"[[44.7833,-69.661],[44.7591,-69.6599],[44.7562,-69.686],[44.7759,-69.6906]]",0,1,county_code_unverified|timezone_not_normalized_to_utc
1068867,175536,2022,2022-12-24T17:00:00,2022-12-24T22:00:00,EST-5,5.0,23,23011,C,011,KENNEBEC,0,0,0,0,0.00,0.00,Heavy Rain / Snow Melt,0,"[[44.3234,-69.7784],[44.3017,-69.7785],[44.3008,-69.7734],[44.324,-69.7672]]",0,1,county_code_unverified|timezone_not_normalized_to_utc
1068872,175536,2022,2022-12-24T19:40:00,2022-12-24T21:00:00,EST-5,1.3333333333333333,23,23011,C,011,KENNEBEC,0,0,0,0,0.00,0.00,Heavy Rain / Snow Melt,0,"[[44.3,-69.7852],[44.2996,-69.7788],[44.2774,-69.7927],[44.2806,-69.7986]]",0,1,county_code_unverified|timezone_not_normalized_to_utc
1068873,175536,2022,2022-12-23T22:30:00,2022-12-24T02:00:00,EST-5,3.5,23,23017,C,017,OXFORD,0,0,0,0,0.00,0.00,Heavy Rain / Snow Melt,0,"[[44.67,-70.58],[44.7323,-70.6338],[44.7281,-70.6683],[44.6661,-70.6025]]",0,1,county_code_unverified|timezone_not_normalized_to_utc
1068875,175536,2022,2022-12-23T12:15:00,2022-12-23T17:00:00,EST-5,4.75,23,23017,C,017,OXFORD,0,0,0,0,0.00,0.00,Heavy Rain / Snow Melt,0,"[[44.1425,-70.4306],[44.142,-70.4315],[44.1424,-70.4324],[44.1426,-70.4318]]",0,1,county_code_unverified|timezone_not_normalized_to_utc
1068879,175535,2022,2022-12-23T15:00:00,2022-12-25T00:00:00,EST-5,33.0,33,33013,C,013,MERRIMACK,0,0,0,0,0.00,0.00,Heavy Rain / Snow Melt,0,"[[43.25,-71.38],[43.2391,-71.3683],[43.2462,-71.3564],[43.2613,-71.3655]]",0,1,county_code_unverified|timezone_not_normalized_to_utc
1068881,175535,2022,2022-12-23T15:00:00,2022-12-23T23:00:00,EST-5,8.0,33,33011,C,011,HILLSBOROUGH,0,0,0,0,0.00,0.00,Heavy Rain / Snow Melt,0,"[[42.83,-71.63],[42.8386,-71.6629],[42.8405,-71.6537],[42.8335,-71.6328]]",0,1,county_code_unverified|timezone_not_normalized_to_utc
1068884,175535,2022,2022-12-24T00:00:00,2022-12-24T06:00:00,EST-5,6.0,33,33003,C,003,CARROLL,0,0,0,0,0.00,0.00,Heavy Rain / Snow Melt,0,"[[44.0036,-71.1125],[44.004,-71.1241],[44.0083,-71.1252],[44.0098,-71.1145]]",0,1,county_code_unverified|timezone_not_normalized_to_utc
1068886,175535,2022,2022-12-23T23:00:00,2022-12-24T05:00:00,EST-5,6.0,33,33013,C,013,MERRIMACK,0,0,0,0,0.00,0.00,Heavy Rain / Snow Melt,0,"[[43.15,-71.47],[43.1254,-71.4549],[43.1469,-71.4169],[43.1563,-71.4206]]",0,1,county_code_unverified|timezone_not_normalized_to_utc
1068888,175535,2022,2022-12-23T21:00:00,2022-12-24T02:00:00,EST-5,5.0,33,33009,C,009,GRAFTON,0,0,0,0,0.00,0.00,Heavy Rain / Snow Melt,0,"[[44.2842,-71.6402],[44.2905,-71.641],[44.2898,-71.6477],[44.2853,-71.6459]]",0,1,county_code_unverified|timezone_not_normalized_to_utc
1068890,175535,2022,2022-12-23T21:30:00,2022-12-24T00:00:00,EST-5,2.5,33,33009,C,009,GRAFTON,0,0,0,0,0.00,0.00,Heavy Rain / Snow Melt,0,"[[44.0153,-71.6793],[44.0176,-71.6768],[44.0224,-71.6806],[44.0214,-71.6813]]",0,1,county_code_unverified|timezone_not_normalized_to_utc
1069226,176128,2022,2022-12-27T08:44:00,2022-12-27T12:00:00,PST-8,3.2666666666666666,06,06005,C,005,AMADOR,0,0,0,0,0.00,0.00,Heavy Rain,0,"[[38.4306,-120.5727],[38.433,-120.5719],[38.433,-120.5704],[38.4308,-120.5717]]",0,1,county_code_unverified|timezone_not_normalized_to_utc
1069228,176128,2022,2022-12-27T10:37:00,2022-12-27T16:37:00,PST-8,6.0,06,06067,C,067,SACRAMENTO,0,0,0,0,0.00,0.00,Heavy Rain,0,"[[38.57,-121.51],[38.5702,-121.5101],[38.5701,-121.5103],[38.5699,-121.5101]]",0,1,county_code_unverified|timezone_not_normalized_to_utc
1069229,176128,2022,2022-12-31T00:56:00,2022-12-31T06:56:00,PST-8,6.0,06,06067,C,067,SACRAMENTO,0,0,0,0,0.00,0.00,Heavy Rain,0,"[[38.55,-121.12],[38.5444,-121.1132],[38.5473,-121.1089],[38.554,-121.1122]]",0,1,county_code_unverified|timezone_not_normalized_to_utc
1069231,176128,2022,2022-12-31T05:40:00,2022-12-31T11:40:00,PST-8,6.0,06,06005,C,005,AMADOR,0,0,0,0,0.00,0.00,Heavy Rain,0,"[[38.48,-120.84],[38.484,-120.8389],[38.4851,-120.8436],[38.4799,-120.8435]]",0,1,county_code_unverified|timezone_not_normalized_to_utc
1069232,176128,2022,2022-12-31T06:19:00,2022-12-31T12:19:00,PST-8,6.0,06,06067,C,067,SACRAMENTO,0,0,0,0,0.00,0.00,Heavy Rain,0,"[[38.64,-121.12],[38.642,-121.1146],[38.6433,-121.1156],[38.6421,-121.1204]]",0,1,county_code_unverified|timezone_not_normalized_to_utc
1069233,176128,2022,2022-12-31T06:44:00,2022-12-31T23:59:00,PST-8,17.25,06,06017,C,017,EL DORADO,0,0,0,0,0.00,0.00,Heavy Rain,0,"[[38.66,-120.98],[38.6599,-120.9783],[38.661,-120.9784],[38.6608,-120.9802]]",0,1,county_code_unverified|timezone_not_normalized_to_utc
1069234,176128,2022,2022-12-31T06:55:00,2022-12-31T12:55:00,PST-8,6.0,06,06017,C,017,EL DORADO,0,0,0,0,0.00,0.00,Heavy Rain,0,"[[38.77,-120.81],[38.773,-120.806],[38.7742,-120.8173],[38.7714,-120.8158]]",0,1,county_code_unverified|timezone_not_normalized_to_utc
1069235,176128,2022,2022-12-31T08:25:00,2022-12-31T14:25:00,PST-8,6.0,06,06077,C,077,SAN JOAQUIN,0,0,0,0,0.00,0.00,Heavy Rain,0,"[[38.02,-121.28],[38.021,-121.28],[38.0211,-121.2794],[38.0201,-121.2794]]",0,1,county_code_unverified|timezone_not_normalized_to_utc
1069236,176128,2022,2022-12-31T08:42:00,2022-12-31T14:42:00,PST-8,6.0,06,06017,C,017,EL DORADO,0,0,0,0,0.00,0.00,Heavy Rain,0,"[[38.78,-120.74],[38.7743,-120.7456],[38.7749,-120.7539],[38.7791,-120.7551]]",0,1,county_code_unverified|timezone_not_normalized_to_utc
1069237,176128,2022,2022-12-31T08:43:00,2022-12-31T20:43:00,PST-8,12.0,06,06017,C,017,EL DORADO,0,0,0,0,0.00,0.00,Heavy Rain,0,"[[38.79,-120.91],[38.7896,-120.9153],[38.7877,-120.9161],[38.7881,-120.9124]]",0,1,county_code_unverified|timezone_not_normalized_to_utc
1069238,176128,2022,2022-12-31T08:47:00,2022-12-31T12:47:00,PST-8,4.0,06,06009,C,009,CALAVERAS,0,0,0,0,0.00,0.00,Heavy Rain,0,"[[38.17,-120.83],[38.1738,-120.8333],[38.1757,-120.8325],[38.174,-120.8278]]",0,1,county_code_unverified|timezone_not_normalized_to_utc
1069239,176128,2022,2022-12-31T09:03:00,2022-12-31T15:03:00,PST-8,6.0,06,06017,C,017,EL DORADO,0,0,0,0,0.00,0.00,Heavy Rain,0,"[[38.74,-120.87],[38.7429,-120.8715],[38.7434,-120.8701],[38.7411,-120.8689]]",0,1,county_code_unverified|timezone_not_normalized_to_utc
1069240,176128,2022,2022-12-31T09:05:00,2022-12-31T15:05:00,PST-8,6.0,06,06061,C,061,PLACER,0,0,0,0,0.00,0.00,Heavy Rain,0,"[[38.84,-121.31],[38.8402,-121.3056],[38.8381,-121.3056],[38.8381,-121.3097]]",0,1,county_code_unverified|timezone_not_normalized_to_utc
1069241,176128,2022,2022-12-31T09:16:00,2022-12-31T21:16:00,PST-8,12.0,06,06017,C,017,EL DORADO,0,0,0,0,0.00,0.00,Heavy Rain,0,"[[38.77,-120.45],[38.7722,-120.4499],[38.7697,-120.4455],[38.7677,-120.4468]]",0,1,county_code_unverified|timezone_not_normalized_to_utc
1069242,176128,2022,2022-12-31T09:30:00,2022-12-31T15:30:00,PST-8,6.0,06,06017,C,017,EL DORADO,0,0,0,0,0.00,0.00,Heavy Rain,0,"[[38.65,-120.7],[38.6543,-120.7037],[38.6555,-120.7015],[38.6529,-120.6987]]",0,1,county_code_unverified|timezone_not_normalized_to_utc
1069243,176128,2022,2022-12-31T09:40:00,2022-12-31T15:40:00,PST-8,6.0,06,06017,C,017,EL DORADO,0,0,0,0,0.00,0.00,Heavy Rain,0,"[[38.76,-120.58],[38.762,-120.5558],[38.7663,-120.5608],[38.7654,-120.5784]]",0,1,county_code_unverified|timezone_not_normalized_to_utc
1069430,175535,2022,2022-12-24T03:15:00,2022-12-24T08:00:00,EST-5,4.75,33,33009,C,009,GRAFTON,0,0,0,0,0.00,0.00,Heavy Rain / Snow Melt,0,"[[43.7606,-71.6861],[43.7609,-71.6761],[43.7565,-71.6783],[43.7561,-71.6842]]",0,1,county_code_unverified|timezone_not_normalized_to_utc
1069433,175535,2022,2022-12-23T21:45:00,2022-12-25T00:00:00,EST-5,26.25,33,33011,C,011,HILLSBOROUGH,0,0,0,0,0.00,0.00,Heavy Rain / Snow Melt,0,"[[43.03,-71.65],[43.0334,-71.6475],[43.0353,-71.6441],[43.0285,-71.6411]]",0,1,county_code_unverified|timezone_not_normalized_to_utc
1069437,175535,2022,2022-12-23T23:20:00,2022-12-24T03:00:00,EST-5,3.6666666666666665,33,33009,C,009,GRAFTON,0,0,0,0,0.00,0.00,Heavy Rain / Snow Melt,0,"[[43.7866,-71.7761],[43.8021,-71.8226],[43.8029,-71.7834],[43.7962,-71.773]]",0,1,county_code_unverified|timezone_not_normalized_to_utc
1069440,175535,2022,2022-12-24T00:15:00,2022-12-24T06:00:00,EST-5,5.75,33,33013,C,013,MERRIMACK,0,0,0,0,0.00,0.00,Heavy Rain / Snow Melt,0,"[[43.25,-71.73],[43.2425,-71.723],[43.2003,-71.7007],[43.1977,-71.7301]]",0,1,county_code_unverified|timezone_not_normalized_to_utc
1069454,175535,2022,2022-12-23T09:30:00,2022-12-23T11:00:00,EST-5,1.5,33,33011,C,011,HILLSBOROUGH,0,0,0,0,0.00,0.00,Heavy Rain / Snow Melt,0,"[[42.9527,-71.6031],[42.9585,-71.6042],[42.9583,-71.5996],[42.9539,-71.5977]]",0,1,county_code_unverified|timezone_not_normalized_to_utc
1069457,175535,2022,2022-12-23T09:45:00,2022-12-23T10:45:00,EST-5,1.0,33,33001,C,001,BELKNAP,0,0,0,0,0.00,0.00,Heavy Rain / Snow Melt,0,"[[43.5488,-71.188],[43.5386,-71.1934],[43.5479,-71.2055],[43.5564,-71.1894]]",0,1,county_code_unverified|timezone_not_normalized_to_utc
1069460,175535,2022,2022-12-23T10:00:00,2022-12-23T11:00:00,EST-5,1.0,33,33017,C,017,STRAFFORD,0,0,0,0,15000.00,0.00,Heavy Rain / Snow Melt,0,"[[43.42,-71.0],[43.4464,-70.9931],[43.4487,-71.0057],[43.4259,-71.013]]",0,1,county_code_unverified|timezone_not_normalized_to_utc
1069464,175535,2022,2022-12-23T09:45:00,2022-12-23T11:46:00,EST-5,2.0166666666666666,33,33017,C,017,STRAFFORD,0,0,0,0,100000.00,0.00,Heavy Rain / Snow Melt,0,"[[43.3527,-71.0391],[43.3599,-71.1038],[43.4062,-71.0895],[43.401,-71.043]]",0,1,county_code_unverified|timezone_not_normalized_to_utc
1069505,176094,2022,2022-12-27T15:30:00,2022-12-31T23:59:00,EST-5,104.48333333333333,23,23019,C,019,PENOBSCOT,0,0,0,0,0.00,0.00,Ice Jam,0,"[[45.2984,-68.6443],[45.2975,-68.6198],[45.285,-68.6293],[45.2856,-68.65]]",0,1,county_code_unverified|timezone_not_normalized_to_utc
1069669,176180,2022,2022-12-30T15:30:00,2022-12-30T16:30:00,CST-6,1.0,22,22097,C,097,ST. LANDRY,0,0,0,0,0.00,0.00,Heavy Rain,0,"[[30.52,-92.19],[30.5266,-92.1774],[30.5143,-92.1703],[30.5103,-92.1921]]",0,1,county_code_unverified|timezone_not_normalized_to_utc
1069733,175535,2022,2022-12-23T10:30:00,2022-12-23T11:30:00,EST-5,1.0,33,33011,C,011,HILLSBOROUGH,0,0,0,0,0.00,0.00,Heavy Rain / Snow Melt,0,"[[43.0545,-71.7597],[43.0671,-71.7568],[43.0748,-71.8221],[43.0487,-71.8094]]",0,1,county_code_unverified|timezone_not_normalized_to_utc
1069739,175535,2022,2022-12-23T10:00:00,2022-12-23T11:30:00,EST-5,1.5,33,33003,C,003,CARROLL,0,0,0,0,0.00,0.00,Heavy Rain / Snow Melt,0,"[[43.5389,-71.0478],[43.5488,-71.0708],[43.5549,-71.0655],[43.5545,-71.0444]]",0,1,county_code_unverified|timezone_not_normalized_to_utc
1069744,175535,2022,2022-12-23T10:00:00,2022-12-23T11:30:00,EST-5,1.5,33,33013,C,013,MERRIMACK,0,0,0,0,25000.00,0.00,Heavy Rain / Snow Melt,0,"[[43.2965,-71.2998],[43.2878,-71.2891],[43.2836,-71.295],[43.2899,-71.3113]]",0,1,county_code_unverified|timezone_not_normalized_to_utc
1069750,175535,2022,2022-12-23T13:00:00,2022-12-23T15:00:00,EST-5,2.0,33,33017,C,017,STRAFFORD,0,0,0,0,2000.00,0.00,Heavy Rain / Snow Melt,0,"[[43.3472,-71.1226],[43.3514,-71.1185],[43.3457,-71.1154],[43.3422,-71.1174]]",0,1,county_code_unverified|timezone_not_normalized_to_utc
1069753,175535,2022,2022-12-23T14:00:00,2022-12-23T16:00:00,EST-5,2.0,33,33011,C,011,HILLSBOROUGH,0,0,0,0,0.00,0.00,Heavy Rain / Snow Melt,0,"[[43.0406,-71.6488],[43.0446,-71.6432],[43.033,-71.6402],[43.0324,-71.6503]]",0,1,county_code_unverified|timezone_not_normalized_to_utc
1069757,175535,2022,2022-12-23T18:00:00,2022-12-23T19:00:00,EST-5,1.0,33,33011,C,011,HILLSBOROUGH,0,0,0,0,0.00,0.00,Heavy Rain / Snow Melt,0,"[[42.827,-71.6023],[42.824,-71.6088],[42.8338,-71.6149],[42.8343,-71.6108]]",0,1,county_code_unverified|timezone_not_normalized_to_utc
1069763,175535,2022,2022-12-23T16:10:00,2022-12-23T17:30:00,EST-5,1.3333333333333333,33,33009,C,009,GRAFTON,0,0,0,0,0.00,0.00,Heavy Rain / Snow Melt,0,"[[44.1766,-71.9128],[44.1807,-71.9042],[44.1698,-71.892],[44.1666,-71.8968]]",0,1,county_code_unverified|timezone_not_normalized_to_utc
1069767,175535,2022,2022-12-23T16:10:00,2022-12-23T17:30:00,EST-5,1.3333333333333333,33,33009,C,009,GRAFTON,0,0,0,0,0.00,0.00,Heavy Rain / Snow Melt,0,"[[43.7773,-71.716],[43.7702,-71.7169],[43.7728,-71.7447],[43.7793,-71.7454]]",0,1,county_code_unverified|timezone_not_normalized_to_utc
1069769,175535,2022,2022-12-23T14:45:00,2022-12-23T15:30:00,EST-5,0.75,33,33009,C,009,GRAFTON,0,0,0,0,0.00,0.00,Heavy Rain / Snow Melt,0,"[[43.7145,-71.8],[43.7314,-71.7997],[43.7354,-71.8273],[43.7176,-71.8287]]",0,1,county_code_unverified|timezone_not_normalized_to_utc
1069770,175535,2022,2022-12-23T17:45:00,2022-12-23T19:00:00,EST-5,1.25,33,33009,C,009,GRAFTON,0,0,0,0,40000.00,0.00,Heavy Rain / Snow Melt,0,"[[43.8959,-72.0419],[43.936,-71.9496],[43.8149,-71.8569],[43.7726,-71.9047]]",0,1,county_code_unverified|timezone_not_normalized_to_utc
1069776,175536,2022,2022-12-23T13:30:00,2022-12-23T15:30:00,EST-5,2.0,23,23017,C,017,OXFORD,0,0,0,0,10000.00,0.00,Heavy Rain / Snow Melt,0,"[[44.2159,-70.6038],[44.2202,-70.5873],[44.2107,-70.5836],[44.2103,-70.5946]]",0,1,county_code_unverified|timezone_not_normalized_to_utc
1069777,175536,2022,2022-12-23T14:00:00,2022-12-23T15:30:00,EST-5,1.5,23,23017,C,017,OXFORD,0,0,0,0,0.00,0.00,Heavy Rain / Snow Melt,0,"[[43.9234,-70.8],[43.9357,-70.78],[43.9054,-70.7939],[43.9013,-70.8084]]",0,1,county_code_unverified|timezone_not_normalized_to_utc
1069778,175536,2022,2022-12-23T18:30:00,2022-12-23T19:50:00,EST-5,1.3333333333333333,23,23001,C,001,ANDROSCOGGIN,0,0,0,0,0.00,0.00,Heavy Rain / Snow Melt,0,"[[44.17,-70.05],[44.1739,-70.0304],[44.1839,-70.0296],[44.1809,-70.0442]]",0,1,county_code_unverified|timezone_not_normalized_to_utc
1069779,175536,2022,2022-12-23T19:30:00,2022-12-23T20:50:00,EST-5,1.3333333333333333,23,23011,C,011,KENNEBEC,0,0,0,0,15000.00,0.00,Heavy Rain / Snow Melt,0,"[[44.2578,-70.0068],[44.26,-69.9969],[44.2495,-69.9906],[44.2455,-69.9979]]",0,1,county_code_unverified|timezone_not_normalized_to_utc
1069780,175536,2022,2022-12-23T19:30:00,2022-12-23T20:50:00,EST-5,1.3333333333333333,23,23011,C,011,KENNEBEC,0,0,0,0,0.00,0.00,Heavy Rain / Snow Melt,0,"[[44.1349,-69.817],[44.1519,-69.8175],[44.1557,-69.8323],[44.1388,-69.8375]]",0,1,county_code_unverified|timezone_not_normalized_to_utc
1069781,175535,2022,2022-12-23T16:30:00,2022-12-23T17:30:00,EST-5,1.0,33,33003,C,003,CARROLL,0,0,0,0,0.00,0.00,Heavy Rain / Snow Melt,0,"[[43.9,-71.08],[43.9174,-71.0983],[43.9208,-71.08],[43.9119,-71.0691]]",0,1,county_code_unverified|timezone_not_normalized_to_utc
1069784,175535,2022,2022-12-23T16:45:00,2022-12-23T18:30:00,EST-5,1.75,33,33003,C,003,CARROLL,0,0,0,0,0.00,0.00,Heavy Rain / Snow Melt,0,"[[43.8524,-71.117],[43.8593,-71.0585],[43.9081,-71.037],[43.9108,-71.1004]]",0,1,county_code_unverified|timezone_not_normalized_to_utc
1069787,175535,2022,2022-12-23T23:30:00,2022-12-24T00:00:00,EST-5,0.5,33,33015,C,015,ROCKINGHAM,0,0,0,0,0.00,0.00,Heavy Rain / Snow Melt,0,"[[43.1566,-71.2343],[43.1514,-71.247],[43.1593,-71.2434],[43.1604,-71.239]]",0,1,county_code_unverified|timezone_not_normalized_to_utc
1069788,175535,2022,2022-12-24T02:00:00,2022-12-24T03:30:00,EST-5,1.5,33,33013,C,013,MERRIMACK,0,0,0,0,0.00,0.00,Heavy Rain / Snow Melt,0,"[[43.3971,-71.7775],[43.4138,-71.74],[43.4327,-71.7804],[43.4222,-71.7954]]",0,1,county_code_unverified|timezone_not_normalized_to_utc
1069792,175536,2022,2022-12-23T20:00:00,2022-12-23T22:00:00,EST-5,2.0,23,23025,C,025,SOMERSET,0,0,0,0,75000.00,0.00,Heavy Rain / Snow Melt,0,"[[44.7638,-69.7166],[44.764,-69.71],[44.7612,-69.7105],[44.761,-69.7172]]",0,1,county_code_unverified|timezone_not_normalized_to_utc
1069795,175536,2022,2022-12-24T02:00:00,2022-12-24T12:00:00,EST-5,10.0,23,23017,C,017,OXFORD,0,0,0,0,50000.00,0.00,Ice Jam,0,"[[44.5299,-70.5433],[44.5101,-70.5846],[44.5044,-70.5777],[44.5317,-70.5308]]",0,1,county_code_unverified|timezone_not_normalized_to_utc
1070649,176128,2022,2022-12-31T09:47:00,2022-12-31T15:47:00,PST-8,6.0,06,06017,C,017,EL DORADO,0,0,0,0,100000.00,0.00,Heavy Rain,0,"[[38.73,-120.74],[38.73,-120.7399],[38.7299,-120.74]]",0,1,county_code_unverified|timezone_not_normalized_to_utc
1070651,176128,2022,2022-12-31T09:50:00,2022-12-31T15:50:00,PST-8,6.0,06,06067,C,067,SACRAMENTO,0,0,0,0,0.00,0.00,Heavy Rain,0,"[[38.4204,-121.3565],[38.4158,-121.3632],[38.4154,-121.3624],[38.4159,-121.3615]]",0,1,county_code_unverified|timezone_not_normalized_to_utc
1070656,176128,2022,2022-12-31T11:00:00,2022-12-31T17:00:00,PST-8,6.0,06,06017,C,017,EL DORADO,0,0,0,0,0.00,0.00,Heavy Rain,0,"[[38.68,-120.99],[38.6813,-120.9924],[38.6833,-120.99],[38.681,-120.9886]]",0,1,county_code_unverified|timezone_not_normalized_to_utc
1070657,176128,2022,2022-12-31T13:45:00,2022-12-31T23:00:00,PST-8,9.25,06,06017,C,017,EL DORADO,0,0,0,0,0.00,0.00,Heavy Rain,0,"[[38.6812,-120.9936],[38.6829,-120.9905],[38.6787,-120.9849],[38.6761,-120.9882]]",0,1,county_code_unverified|timezone_not_normalized_to_utc
1070658,176128,2022,2022-12-31T10:53:00,2022-12-31T19:53:00,PST-8,9.0,06,06067,C,067,SACRAMENTO,0,0,0,0,0.00,0.00,Heavy Rain,0,"[[38.58,-121.45],[38.5778,-121.4352],[38.5594,-121.4226],[38.5626,-121.5121],[38.5969,-121.5012]]",0,1,county_code_unverified|timezone_not_normalized_to_utc
1070659,176128,2022,2022-12-31T14:00:00,2022-12-31T20:00:00,PST-8,6.0,06,06009,C,009,CALAVERAS,0,0,0,0,100000.00,0.00,Heavy Rain,0,"[[38.3515,-120.9533],[38.3511,-120.9485],[38.3487,-120.9494],[38.3502,-120.9549]]",0,1,county_code_unverified|timezone_not_normalized_to_utc
1070660,176128,2022,2022-12-31T14:15:00,2022-12-31T20:15:00,PST-8,6.0,06,06005,C,005,AMADOR,0,0,0,0,50000.00,0.00,Heavy Rain,0,"[[38.35,-120.77],[38.3505,-120.7682],[38.3511,-120.7682],[38.3505,-120.7701]]",0,1,county_code_unverified|timezone_not_normalized_to_utc
1071058,176361,2022,2022-12-23T07:00:00,2022-12-23T10:00:00,EST-5,3.0,36,36093,C,093,SCHENECTADY,0,0,0,0,0.00,0.00,Heavy Rain,0,"[[42.8186,-73.8946],[42.8186,-73.8931],[42.8171,-73.8934],[42.8174,-73.8948]]",0,1,county_code_unverified|timezone_not_normalized_to_utc
1071059,176361,2022,2022-12-23T10:30:00,2022-12-23T13:30:00,EST-5,3.0,36,36083,C,083,RENSSELAER,0,0,0,0,30000.00,0.00,Heavy Rain,0,"[[42.7013,-73.6566],[42.7025,-73.6557],[42.7009,-73.6516],[42.7,-73.6543]]",0,1,county_code_unverified|timezone_not_normalized_to_utc
1071060,176361,2022,2022-12-23T14:06:00,2022-12-23T17:00:00,EST-5,2.9,36,36021,C,021,COLUMBIA,0,0,0,0,0.00,0.00,Heavy Rain,0,"[[42.1325,-73.9041],[42.1332,-73.875],[42.2104,-73.8144],[42.2086,-73.8506]]",0,1,county_code_unverified|timezone_not_normalized_to_utc
1071061,176361,2022,2022-12-23T14:00:00,2022-12-23T18:00:00,EST-5,4.0,36,36111,C,111,ULSTER,0,0,0,0,0.00,0.00,Heavy Rain,0,"[[42.0699,-73.9453],[42.072,-73.9433],[42.0714,-73.9405],[42.0688,-73.9423]]",0,1,county_code_unverified|timezone_not_normalized_to_utc
1071062,176361,2022,2022-12-23T15:00:00,2022-12-23T23:00:00,EST-5,8.0,36,36001,C,001,ALBANY,0,0,0,0,0.00,0.00,Heavy Rain / Snow Melt,0,"[[42.4659,-73.858],[42.4705,-73.8597],[42.4675,-73.8487],[42.4639,-73.851]]",0,1,county_code_unverified|timezone_not_normalized_to_utc
1071063,176361,2022,2022-12-23T16:00:00,2022-12-23T19:00:00,EST-5,3.0,36,36113,C,113,WARREN,0,0,0,0,0.00,0.00,Heavy Rain,0,"[[43.6594,-73.6098],[43.6662,-73.5221],[43.6572,-73.5186],[43.6446,-73.6036]]",0,1,county_code_unverified|timezone_not_normalized_to_utc
1071064,176362,2022,2022-12-23T14:15:00,2022-12-23T18:00:00,EST-5,3.75,50,50025,C,025,WINDHAM,0,0,0,0,20000.00,0.00,Heavy Rain,0,"[[43.0427,-72.6823],[43.0443,-72.6784],[43.0366,-72.6703],[43.0357,-72.674]]",0,1,county_code_unverified|timezone_not_normalized_to_utc
1071073,176362,2022,2022-12-23T12:00:00,2022-12-23T19:00:00,EST-5,7.0,50,50025,C,025,WINDHAM,0,0,0,0,0.00,0.00,Heavy Rain,0,"[[42.8664,-72.6169],[42.8682,-72.6161],[42.867,-72.6116],[42.8651,-72.6122]]",0,1,county_code_unverified|timezone_not_normalized_to_utc
1071295,175955,2022,2022-12-30T09:13:00,2022-12-30T09:13:00,CST-6,0.0,22,22103,C,103,ST. TAMMANY,0,0,0,0,0.00,0.00,Heavy Rain,0,"[[30.4007,-90.1555],[30.4035,-90.1707],[30.4133,-90.1675],[30.412,-90.1592]]",0,1,county_code_unverified|timezone_not_normalized_to_utc
1071515,176093,2022,2022-12-23T22:30:00,2022-12-23T23:30:00,EST-5,1.0,23,23019,C,019,PENOBSCOT,0,0,0,0,0.00,0.00,Heavy Rain,0,"[[44.7697,-68.7987],[44.7712,-68.7796],[44.7589,-68.7947],[44.7631,-68.809]]",0,1,county_code_unverified|timezone_not_normalized_to_utc
1071542,176477,2022,2022-12-04T07:30:00,2022-12-05T07:30:00,MST-7,24.0,04,04021,C,021,PINAL,0,0,0,0,10000.00,0.00,Heavy Rain,0,"[[32.7657,-111.6921],[32.7492,-111.6937],[32.7525,-111.6574],[32.7678,-111.6574]]",0,1,county_code_unverified|timezone_not_normalized_to_utc
1072114,176548,2022,2022-12-02T08:00:00,2022-12-06T12:00:00,AKST-9,100.0,02,02223,C,223,DELTANA AND TANANA,0,0,0,0,0.00,0.00,Ice Jam,0,"[[64.397,-146.9228],[64.3997,-146.9274],[64.3988,-146.9312],[64.3959,-146.9263]]",0,1,county_code_unverified|timezone_not_normalized_to_utc
1073122,176128,2022,2022-12-31T14:45:00,2022-12-31T20:45:00,PST-8,6.0,06,06077,C,077,SAN JOAQUIN,0,0,0,0,0.00,0.00,Heavy Rain,0,"[[37.66,-121.49],[37.6546,-121.4785],[37.6502,-121.4849],[37.6546,-121.4918]]",0,1,county_code_unverified|timezone_not_normalized_to_utc
1073123,176128,2022,2022-12-31T15:30:00,2022-12-31T21:30:00,PST-8,6.0,06,06067,C,067,SACRAMENTO,0,0,0,0,0.00,0.00,Dam / Levee Break,0,"[[38.42,-121.21],[38.3769,-121.2766],[38.412,-121.3087],[38.4601,-121.2436]]",0,1,county_code_unverified|timezone_not_normalized_to_utc
1073329,176678,2022,2022-12-10T11:15:00,2022-12-10T17:15:00,PST-8,6.0,06,06067,C,067,SACRAMENTO,0,0,0,0,0.00,0.00,Heavy Rain,0,"[[38.6458,-121.3639],[38.6445,-121.37],[38.6415,-121.368],[38.6427,-121.363]]",0,1,county_code_unverified|timezone_not_normalized_to_utc
1073339,176678,2022,2022-12-10T11:45:00,2022-12-10T17:45:00,PST-8,6.0,06,06067,C,067,SACRAMENTO,0,0,0,0,0.00,0.00,Heavy Rain,0,"[[38.5973,-121.4533],[38.599,-121.4206],[38.5866,-121.4246],[38.5874,-121.4559]]",0,1,county_code_unverified|timezone_not_normalized_to_utc
1073340,176678,2022,2022-12-10T14:50:00,2022-12-10T20:50:00,PST-8,6.0,06,06099,C,099,STANISLAUS,0,0,0,0,0.00,0.00,Heavy Rain,0,"[[37.64,-121.01],[37.6439,-121.016],[37.6485,-121.009],[37.6434,-121.0048]]",0,1,county_code_unverified|timezone_not_normalized_to_utc
1073341,176678,2022,2022-12-10T14:55:00,2022-12-10T20:55:00,PST-8,6.0,06,06067,C,067,SACRAMENTO,0,0,0,0,0.00,0.00,Heavy Rain,0,"[[38.5876,-121.2838],[38.5866,-121.2885],[38.5942,-121.2921],[38.5958,-121.2852]]",0,1,county_code_unverified|timezone_not_normalized_to_utc
1073347,176678,2022,2022-12-10T15:11:00,2022-12-10T21:11:00,PST-8,6.0,06,06077,C,077,SAN JOAQUIN,0,0,0,0,0.00,0.00,Heavy Rain,0,"[[37.975,-121.2412],[37.9682,-121.2397],[37.966,-121.2475],[37.9733,-121.2509]]",0,1,county_code_unverified|timezone_not_normalized_to_utc
1073348,176678,2022,2022-12-10T15:50:00,2022-12-10T21:50:00,PST-8,6.0,06,06099,C,099,STANISLAUS,0,0,0,0,0.00,0.00,Heavy Rain,0,"[[37.8155,-120.6795],[37.8237,-120.6668],[37.8135,-120.6485],[37.8041,-120.6665]]",0,1,county_code_unverified|timezone_not_normalized_to_utc
1073358,176678,2022,2022-12-10T16:00:00,2022-12-10T22:00:00,PST-8,6.0,06,06009,C,009,CALAVERAS,0,0,0,0,0.00,0.00,Heavy Rain,0,"[[38.2895,-120.4837],[38.1806,-120.2795],[38.0306,-120.6073],[38.2004,-120.739]]",0,1,county_code_unverified|timezone_not_normalized_to_utc
1073361,176678,2022,2022-12-10T17:30:00,2022-12-10T23:30:00,PST-8,6.0,06,06099,C,099,STANISLAUS,0,0,0,0,0.00,0.00,Heavy Rain,0,"[[37.599,-120.7616],[37.6018,-120.7363],[37.588,-120.7321],[37.5869,-120.756]]",0,1,county_code_unverified|timezone_not_normalized_to_utc
1073363,176678,2022,2022-12-10T17:45:00,2022-12-10T23:45:00,PST-8,6.0,06,06099,C,099,STANISLAUS,0,0,0,0,0.00,0.00,Heavy Rain,0,"[[37.6235,-120.9901],[37.623,-121.002],[37.6331,-121.0029],[37.634,-120.9941]]",0,1,county_code_unverified|timezone_not_normalized_to_utc
1073365,176678,2022,2022-12-10T18:30:00,2022-12-11T00:30:00,PST-8,6.0,06,06109,C,109,TUOLUMNE,0,0,0,0,0.00,0.00,Heavy Rain,0,"[[37.98,-120.29],[37.985,-120.2865],[37.988,-120.2929],[37.9842,-120.2953]]",0,1,county_code_unverified|timezone_not_normalized_to_utc
1073411,176419,2022,2022-12-26T15:00:00,2022-12-27T20:45:00,PST-8,29.75,53,53063,C,063,SPOKANE,0,0,0,0,1000.00,0.00,Heavy Rain / Snow Melt,0,"[[47.6532,-117.4276],[47.652,-117.4275],[47.6521,-117.4259],[47.6532,-117.4262]]",0,1,county_code_unverified|timezone_not_normalized_to_utc
1073416,176419,2022,2022-12-26T15:00:00,2022-12-27T20:00:00,PST-8,29.0,53,53075,C,075,WHITMAN,0,0,0,0,0.00,0.00,Heavy Rain / Snow Melt,0,"[[47.2,-117.35],[47.2008,-117.3489],[47.2012,-117.3498],[47.2006,-117.3511]]",0,1,county_code_unverified|timezone_not_normalized_to_utc
1073417,176418,2022,2022-12-26T15:00:00,2022-12-27T16:00:00,PST-8,25.0,16,16061,C,061,LEWIS,0,0,0,0,1000.00,0.00,Heavy Rain / Snow Melt,0,"[[46.19,-116.64],[46.19,-116.6395],[46.1908,-116.6395],[46.1908,-116.6402]]",0,1,county_code_unverified|timezone_not_normalized_to_utc
1073418,176418,2022,2022-12-26T23:00:00,2022-12-28T04:00:00,PST-8,29.0,16,16057,C,057,LATAH,0,0,0,0,10000.00,0.00,Heavy Rain / Snow Melt,0,"[[46.72,-116.99],[46.73,-116.98],[46.74,-116.97],[46.7401,-116.9713]]",0,1,county_code_unverified|timezone_not_normalized_to_utc
1073444,176128,2022,2022-12-31T15:40:00,2022-12-31T23:59:00,PST-8,8.316666666666666,06,06099,C,099,STANISLAUS,0,0,0,0,0.00,0.00,Heavy Rain,0,"[[37.65,-121.02],[37.6487,-121.0122],[37.6432,-121.0092],[37.6435,-121.0158]]",0,1,county_code_unverified|timezone_not_normalized_to_utc
1073453,176128,2022,2022-12-31T15:50:00,2022-12-31T23:59:00,PST-8,8.15,06,06099,C,099,STANISLAUS,0,0,0,0,0.00,0.00,Heavy Rain,0,"[[37.94,-120.84],[37.9397,-120.8472],[37.9442,-120.8466],[37.9442,-120.8416]]",0,1,county_code_unverified|timezone_not_normalized_to_utc
1073494,176128,2022,2022-12-31T09:47:00,2022-12-31T09:47:00,PST-8,0.0,06,06061,C,061,PLACER,0,0,0,0,25000.00,0.00,Heavy Rain,0,"[[38.7278,-120.742],[38.7279,-120.7425],[38.7282,-120.7424],[38.7281,-120.7421]]",0,1,county_code_unverified|timezone_not_normalized_to_utc
1075925,176266,2022,2022-12-31T07:20:00,2022-12-31T07:20:00,PST-8,0.0,32,32005,C,005,DOUGLAS,0,0,0,0,5000000.00,0.00,Heavy Rain,0,"[[38.728,-119.5539],[38.7273,-119.5573],[38.7034,-119.5539],[38.7039,-119.5502]]",0,1,county_code_unverified|timezone_not_normalized_to_utc
1079962,177436,2022,2022-12-31T05:58:00,2022-12-31T21:00:00,PST-8,15.033333333333333,06,06081,C,081,SAN MATEO,0,0,0,0,0.00,0.00,Heavy Rain,0,"[[37.6642,-122.3988],[37.6639,-122.3993],[37.6636,-122.399],[37.6638,-122.3986]]",0,1,county_code_unverified|timezone_not_normalized_to_utc
1079966,177436,2022,2022-12-31T18:00:00,2022-12-31T19:00:00,PST-8,1.0,06,06087,C,087,SANTA CRUZ,0,0,0,0,0.00,0.00,Heavy Rain,0,"[[36.9911,-121.9565],[36.9907,-121.9566],[36.9901,-121.9566],[36.99,-121.9568],[36.9893,-121.957],[36.989,-121.9567],[36.9891,-121.9559],[36.9911,-121.956]]",0,1,county_code_unverified|timezone_not_normalized_to_utc
1079967,177359,2022,2022-12-27T11:00:00,2022-12-27T12:00:00,PST-8,1.0,06,06053,C,053,MONTEREY,0,0,0,0,0.00,0.00,Heavy Rain,0,"[[36.7393,-121.6411],[36.7315,-121.6454],[36.7268,-121.6317],[36.7342,-121.6287]]",0,1,county_code_unverified|timezone_not_normalized_to_utc
1079968,177359,2022,2022-12-27T05:00:00,2022-12-27T08:00:00,PST-8,3.0,06,06087,C,087,SANTA CRUZ,0,0,0,0,0.00,0.00,Heavy Rain,0,"[[36.9734,-121.9052],[36.969,-121.9066],[36.9669,-121.9026],[36.9725,-121.9007]]",0,1,county_code_unverified|timezone_not_normalized_to_utc
1080033,177359,2022,2022-12-27T06:00:00,2022-12-27T07:00:00,PST-8,1.0,06,06013,C,013,CONTRA COSTA,0,0,0,0,10.00,0.00,Heavy Rain,0,"[[37.7764,-121.9717],[37.776,-121.9714],[37.7763,-121.9707],[37.7767,-121.971]]",0,1,county_code_unverified|timezone_not_normalized_to_utc
1080214,177436,2022,2022-12-31T00:00:00,2022-12-31T23:59:00,PST-8,23.983333333333334,06,06085,C,085,SANTA CLARA,0,0,1,0,0.00,0.00,Heavy Rain,1,"[[37.368,-121.8806],[37.4109,-121.8283],[37.3791,-121.8031],[37.3618,-121.8721]]",0,1,county_code_unverified|timezone_not_normalized_to_utc
1080235,174378,2022,2022-04-17T17:10:00,2022-04-17T17:50:00,CST-6,0.6666666666666666,28,28049,C,049,HINDS,0,0,0,0,1000.00,0.00,Heavy Rain,0,"[[32.0939,-90.3173],[32.0939,-90.3128],[32.0929,-90.3128],[32.0929,-90.3173]]",0,1,county_code_unverified|timezone_not_normalized_to_utc
1080479,177359,2022,2022-12-27T07:39:00,2022-12-27T14:59:00,PST-8,7.333333333333333,06,06053,C,053,MONTEREY,0,0,0,0,0.00,0.00,Heavy Rain,0,"[[36.5708,-121.5191],[36.57,-121.5182],[36.57,-121.5186],[36.5706,-121.5193]]",0,1,county_code_unverified|timezone_not_normalized_to_utc
1080480,177359,2022,2022-12-27T07:12:00,2022-12-27T07:12:00,PST-8,0.0,06,06075,C,075,SAN FRANCISCO,0,0,0,0,0.00,0.00,Heavy Rain,0,"[[37.7694,-122.4166],[37.7694,-122.4152],[37.7696,-122.4153],[37.7696,-122.4165]]",0,1,county_code_unverified|timezone_not_normalized_to_utc
1080481,177436,2022,2022-12-31T10:36:00,2022-12-31T10:36:00,PST-8,0.0,06,06075,C,075,SAN FRANCISCO,0,0,0,0,0.00,0.00,Heavy Rain,0,"[[37.7327,-122.4056],[37.7328,-122.4054],[37.7325,-122.4051],[37.7325,-122.4055]]",0,1,county_code_unverified|timezone_not_normalized_to_utc
1080482,177436,2022,2022-12-31T12:54:00,2022-12-31T12:54:00,PST-8,0.0,06,06075,C,075,SAN FRANCISCO,0,0,0,0,0.00,0.00,Heavy Rain,0,"[[37.7705,-122.4097],[37.7701,-122.4085],[37.77,-122.4087],[37.7703,-122.4098]]",0,1,county_code_unverified|timezone_not_normalized_to_utc
1080483,177436,2022,2022-12-31T13:15:00,2022-12-31T13:15:00,PST-8,0.0,06,06075,C,075,SAN FRANCISCO,0,0,0,0,0.00,0.00,Heavy Rain,0,"[[37.7895,-122.4013],[37.7892,-122.4017],[37.7891,-122.4015],[37.7894,-122.4012]]",0,1,county_code_unverified|timezone_not_normalized_to_utc
1080484,177436,2022,2022-12-31T14:30:00,2022-12-31T14:30:00,PST-8,0.0,06,06075,C,075,SAN FRANCISCO,0,0,0,0,0.00,0.00,Heavy Rain,0,"[[37.7317,-122.4363],[37.7323,-122.4328],[37.7322,-122.4329],[37.7316,-122.4351],[37.7315,-122.4363]]",0,1,county_code_unverified|timezone_not_normalized_to_utc
1080485,177436,2022,2022-12-31T15:04:00,2022-12-31T15:04:00,PST-8,0.0,06,06075,C,075,SAN FRANCISCO,0,0,0,0,0.00,0.00,Heavy Rain,0,"[[37.736,-122.4083],[37.736,-122.408],[37.7363,-122.4078],[37.7364,-122.408]]",0,1,county_code_unverified|timezone_not_normalized_to_utc
1080486,177436,2022,2022-12-31T07:18:00,2022-12-31T07:18:00,PST-8,0.0,06,06001,C,001,ALAMEDA,0,0,0,0,0.00,0.00,Heavy Rain,0,"[[37.8168,-122.2699],[37.8168,-122.2695],[37.8205,-122.2686],[37.8207,-122.2691]]",0,1,county_code_unverified|timezone_not_normalized_to_utc
1085402,178461,2022,2022-08-23T08:00:00,2022-08-23T09:00:00,CST-6,1.0,28,28163,C,163,YAZOO,0,0,0,0,2000.00,0.00,Heavy Rain,0,"[[32.85,-90.41],[32.8501,-90.4079],[32.8486,-90.4082],[32.8487,-90.4097]]",0,1,county_code_unverified|timezone_not_normalized_to_utc
1089386,178464,2022,2022-08-23T06:00:00,2022-08-23T09:30:00,CST-6,3.5,22,22041,C,041,FRANKLIN,0,0,0,0,10000.00,0.00,Heavy Rain,0,"[[32.23,-91.75],[31.9,-91.75],[31.99,-91.85],[32.15,-91.85]]",0,1,county_code_unverified|timezone_not_normalized_to_utc
1093144,179523,2022,2022-12-20T01:54:00,2022-12-20T21:00:00,AKST-9,19.1,02,02185,C,185,EASTERN ALEUTIANS,0,0,0,0,0.00,0.00,Heavy Rain,0,"[[53.868,-166.512],[53.8557,-166.524],[53.8663,-166.5435],[53.8756,-166.5366]]",0,1,county_code_unverified|timezone_not_normalized_to_utc
1095496,173225,2022,2022-08-24T11:31:00,2022-08-24T12:30:00,CST-6,0.9833333333333333,28,28121,C,121,RANKIN,0,0,0,0,1000.00,0.00,Heavy Rain,0,"[[32.227,-90.02],[32.227,-90.024],[32.224,-90.024],[32.224,-90.02]]",0,1,county_code_unverified|timezone_not_normalized_to_utc
1095499,173225,2022,2022-08-24T11:35:00,2022-08-24T12:30:00,CST-6,0.9166666666666666,28,28121,C,121,RANKIN,0,0,0,0,1000.00,0.00,Heavy Rain,0,"[[32.239,-90.083],[32.234,-90.083],[32.234,-90.089],[32.239,-90.089]]",0,1,county_code_unverified|timezone_not_normalized_to_utc
1095508,173225,2022,2022-08-25T23:45:00,2022-08-26T06:00:00,CST-6,6.25,28,28127,C,127,SIMPSON,0,0,0,0,5000.00,0.00,Heavy Rain,0,"[[32.0111,-89.813],[32.009,-89.818],[32.007,-89.816],[32.01,-89.811]]",0,1,county_code_unverified|timezone_not_normalized_to_utc
